"knockout","k","retained_nodes","efficiency_sum_before","efficiency_sum_after","D_E","LCC_after","D_LCC","components_after","disconnected_pair_fraction","in_strict","in_relax1"
"ABCG2+ABL1+NANOG",3,1223,262043.916668235,261603.891668232,0.00167920326332394,1222,0.000817661488143884,2,0.00163532297628777,FALSE,FALSE
"ABCG2+ABL1+NTRK1",3,1223,262040.183334902,261592.475001565,0.00170854838994183,1222,0.000817661488143884,2,0.00163532297628777,FALSE,FALSE
"ABCG2+ABL1+NTRK2",3,1223,262038.716668235,261554.284525374,0.00184870445490282,1222,0.000817661488143884,2,0.00163532297628777,FALSE,FALSE
"ABCG2+ABL1+POU5F1",3,1223,262039.916668236,261600.141668232,0.00167827484299254,1222,0.000817661488143884,2,0.00163532297628777,FALSE,FALSE
"ABCG2+ACE2+ITGA5",3,1223,262103.766668235,261350.932144417,0.00287227663069523,1221,0.00163532297628777,3,0.00326930771773415,FALSE,FALSE
"ABCG2+ADIPOQ+CALR",3,1223,262038.450001568,261616.091668231,0.00161181816383926,1222,0.000817661488143884,2,0.00163532297628777,FALSE,FALSE
"ABCG2+ADIPOQ+NR1I2",3,1223,262089.016668235,261642.298811089,0.00170445088781368,1222,0.000817661488143884,2,0.00163532297628777,FALSE,FALSE
"ABCG2+ADIPOQ+POU5F1",3,1223,262038.100001569,261625.615477756,0.00157413950036533,1222,0.000817661488143884,2,0.00163532297628777,FALSE,FALSE
"ABCG2+ADIPOQ+RXRA",3,1223,262054.916668235,261605.632144421,0.00171446706486722,1222,0.000817661488143884,2,0.00163532297628777,FALSE,FALSE
"ABCG2+C3+F2",3,1223,262113.233334901,261657.182144421,0.00173990143373381,1222,0.000817661488143884,2,0.00163532297628777,FALSE,FALSE
"ABCG2+C3+MPO",3,1223,262114.150001568,261627.967858706,0.00185484890021748,1222,0.000817661488143884,2,0.00163532297628777,FALSE,FALSE
"ABCG2+C3+NR1I2",3,1223,262143.783334902,261691.898811089,0.0017238040821137,1222,0.000817661488143884,2,0.00163532297628777,TRUE,TRUE
"ABCG2+CALR+THBS1",3,1223,262057.133334903,261622.125001565,0.0016599751657268,1222,0.000817661488143884,2,0.00163532297628777,FALSE,FALSE
"ABCG2+CALR+VWF",3,1223,262064.683334902,261635.191668231,0.00163887655980688,1222,0.000817661488143884,2,0.00163532297628777,FALSE,FALSE
"ABCG2+CD274+NANOG",3,1223,262055.733334902,261644.182144422,0.00157047199556348,1222,0.000817661488143884,2,0.00163532297628777,FALSE,FALSE
"ABCG2+CD274+POU5F1",3,1223,262051.733334903,261640.515477756,0.00156922395403936,1222,0.000817661488143884,2,0.00163532297628777,FALSE,FALSE
"ABCG2+COL1A1+COL1A2",3,1223,262122.033334902,261654.865477756,0.00178225329325543,1222,0.000817661488143884,2,0.00163532297628777,TRUE,TRUE
"ABCG2+COL1A1+ITGA5",3,1223,262104.416668235,261317.815477751,0.00300109857164477,1221,0.00163532297628777,3,0.00326930771773415,FALSE,FALSE
"ABCG2+COL1A1+NANOG",3,1223,262084.216668235,261631.665477756,0.00172673958101055,1222,0.000817661488143884,2,0.00163532297628777,FALSE,FALSE
"ABCG2+COL1A1+POU5F1",3,1223,262080.216668236,261627.99881109,0.00172549406016065,1222,0.000817661488143884,2,0.00163532297628777,FALSE,FALSE
"ABCG2+COL1A1+THBS1",3,1223,262080.516668236,261602.498811089,0.00182393511438317,1222,0.000817661488143884,2,0.00163532297628777,FALSE,FALSE
"ABCG2+COL1A1+VIM",3,1223,262076.95000157,261612.74881109,0.00177124005173823,1222,0.000817661488143884,2,0.00163532297628777,FALSE,FALSE
"ABCG2+COL1A1+VWF",3,1223,262088.066668236,261622.715477756,0.00177555276131358,1222,0.000817661488143884,2,0.00163532297628777,FALSE,FALSE
"ABCG2+COL1A2+ITGA5",3,1223,262122.500001569,261380.582144417,0.00283042416102086,1221,0.00163532297628777,3,0.00326930771773415,TRUE,TRUE
"ABCG2+COL1A2+NANOG",3,1223,262102.300001568,261694.682144423,0.00155518611299266,1222,0.000817661488143884,2,0.00163532297628777,FALSE,FALSE
"ABCG2+COL1A2+POU5F1",3,1223,262098.30000157,261691.015477756,0.00155393805992232,1222,0.000817661488143884,2,0.00163532297628777,FALSE,FALSE
"ABCG2+CYP7A1+HNF4A",3,1223,262084.350001569,261573.486906326,0.00194923159372029,1222,0.000817661488143884,2,0.00163532297628777,FALSE,FALSE
"ABCG2+CYP7A1+NANOG",3,1223,262097.850001569,261614.803572993,0.00184300034728657,1222,0.000817661488143884,2,0.00163532297628777,FALSE,FALSE
"ABCG2+CYP7A1+NR1H4",3,1223,262131.233334902,261591.196430135,0.00206017763658628,1222,0.000817661488143884,2,0.00163532297628777,TRUE,TRUE
"ABCG2+CYP7A1+RXRA",3,1223,262110.666668236,261587.803572992,0.00199481807394897,1222,0.000817661488143884,2,0.00163532297628777,FALSE,FALSE
"ABCG2+F2+NANOG",3,1223,262080.850001568,261641.165477755,0.00167766749768539,1222,0.000817661488143884,2,0.00163532297628777,FALSE,FALSE
"ABCG2+F2+NR1I2",3,1223,262127.766668236,261653.965477755,0.00180752003690043,1222,0.000817661488143884,2,0.00163532297628777,FALSE,FALSE
"ABCG2+F2+POU5F1",3,1223,262076.850001569,261637.498811088,0.00167642121186262,1222,0.000817661488143884,2,0.00163532297628777,FALSE,FALSE
"ABCG2+F2+VWF",3,1223,262084.700001569,261629.515477754,0.00173678403894484,1222,0.000817661488143884,2,0.00163532297628777,FALSE,FALSE
"ABCG2+HNF4A+NR1H4",3,1223,262084.366668235,261607.558334898,0.00181929330390285,1222,0.000817661488143884,2,0.00163532297628777,FALSE,FALSE
"ABCG2+HNF4A+POU5F1",3,1223,262046.983334903,261610.598811089,0.00166529115603631,1222,0.000817661488143884,2,0.00163532297628777,FALSE,FALSE
"ABCG2+ITGA5+NANOG",3,1223,262084.683334901,261344.948811083,0.00282250192725964,1221,0.00163532297628777,3,0.00326930771773415,FALSE,FALSE
"ABCG2+ITGA5+POU5F1",3,1223,262080.683334903,261341.282144417,0.00282127313267333,1221,0.00163532297628777,3,0.00326930771773415,FALSE,FALSE
"ABCG2+ITGA5+SPP1",3,1223,262079.083334902,261304.598811083,0.00295515580245498,1221,0.00163532297628777,3,0.00326930771773415,FALSE,FALSE
"ABCG2+ITGA5+THBS1",3,1223,262080.983334903,261321.31547775,0.00289859969039219,1221,0.00163532297628777,3,0.00326930771773415,TRUE,TRUE
"ABCG2+ITGA5+VWF",3,1223,262088.533334902,261334.732144417,0.00287613189670632,1221,0.00163532297628777,3,0.00326930771773415,FALSE,FALSE
"ABCG2+MAOB+NR1I2",3,1223,262150.016668235,261696.248811089,0.00173094727558587,1222,0.000817661488143884,2,0.00163532297628777,FALSE,FALSE
"ABCG2+MDH2+NANOG",3,1223,262138.600001569,261698.032144422,0.00168066762065489,1222,0.000817661488143884,2,0.00163532297628777,FALSE,TRUE
"ABCG2+MDH2+POU5F1",3,1223,262134.60000157,261694.365477756,0.00167942165517809,1222,0.000817661488143884,2,0.00163532297628777,FALSE,TRUE
"ABCG2+MPO+POU5F1",3,1223,262077.766668236,261604.35119204,0.00180639312603281,1222,0.000817661488143884,2,0.00163532297628777,FALSE,FALSE
"ABCG2+NANOG+NR1H4",3,1223,262097.866668235,261650.941668232,0.00170518366167782,1222,0.000817661488143884,2,0.00163532297628777,FALSE,FALSE
"ABCG2+NANOG+NTRK1",3,1223,262060.750001568,261647.215477755,0.00157801015150139,1222,0.000817661488143884,2,0.00163532297628777,FALSE,FALSE
"ABCG2+NANOG+NTRK2",3,1223,262059.283334901,261606.958334897,0.00172604074256688,1222,0.000817661488143884,2,0.00163532297628777,FALSE,FALSE
"ABCG2+NANOG+RXRA",3,1223,262077.300001568,261633.948811088,0.00169168100586425,1222,0.000817661488143884,2,0.00163532297628777,FALSE,FALSE
"ABCG2+NANOG+SPP1",3,1223,262058.883334902,261618.115477755,0.00168194205644867,1222,0.000817661488143884,2,0.00163532297628777,FALSE,FALSE
"ABCG2+NANOG+THBS1",3,1223,262060.783334902,261635.415477756,0.00162316486936176,1222,0.000817661488143884,2,0.00163532297628777,FALSE,FALSE
"ABCG2+NANOG+TJP1",3,1223,262044.600001569,261553.277382518,0.00187495799970261,1222,0.000817661488143884,2,0.00163532297628777,FALSE,FALSE
"ABCG2+NANOG+VIM",3,1223,262057.216668236,261637.865477756,0.00160022759842915,1222,0.000817661488143884,2,0.00163532297628777,FALSE,FALSE
"ABCG2+NR1H4+NR1I2",3,1223,262144.783334902,261654.625001565,0.00186980006659576,1222,0.000817661488143884,2,0.00163532297628777,TRUE,TRUE
"ABCG2+NR1H4+RXRA",3,1223,262110.683334902,261623.94166823,0.00185700811763523,1222,0.000817661488143884,2,0.00163532297628777,FALSE,FALSE
"ABCG2+NR1I2+VWF",3,1223,262115.250001569,261659.632144422,0.00173823483045932,1222,0.000817661488143884,2,0.00163532297628777,FALSE,FALSE
"ABCG2+NTRK1+NTRK2",3,1223,262055.550001568,261589.358334897,0.00177898032179857,1222,0.000817661488143884,2,0.00163532297628777,FALSE,FALSE
"ABCG2+NTRK1+POU5F1",3,1223,262056.750001569,261643.548811089,0.00157676224893055,1222,0.000817661488143884,2,0.00163532297628777,FALSE,FALSE
"ABCG2+NTRK2+POU5F1",3,1223,262055.283334902,261603.291668231,0.00172479509254397,1222,0.000817661488143884,2,0.00163532297628777,FALSE,FALSE
"ABCG2+POU5F1+RASA1",3,1223,262082.650001571,261662.765477757,0.00160210728871713,1222,0.000817661488143884,2,0.00163532297628777,FALSE,TRUE
"ABCG2+POU5F1+RXRA",3,1223,262073.300001571,261630.365477756,0.00169011693984955,1222,0.000817661488143884,2,0.00163532297628777,FALSE,FALSE
"ABCG2+POU5F1+SPP1",3,1223,262054.883334905,261614.44881109,0.00168069573140361,1222,0.000817661488143884,2,0.00163532297628777,FALSE,FALSE
"ABCG2+POU5F1+TFRC",3,1223,262071.183334904,261602.851192042,0.00178704173767874,1222,0.000817661488143884,2,0.00163532297628777,FALSE,TRUE
"ABCG2+POU5F1+THBS1",3,1223,262056.783334905,261631.748811091,0.00162191765618525,1222,0.000817661488143884,2,0.00163532297628777,FALSE,FALSE
"ABCG2+POU5F1+TJP1",3,1223,262040.600001572,261549.610715852,0.00187371455307495,1222,0.000817661488143884,2,0.00163532297628777,FALSE,FALSE
"ABCG2+POU5F1+VIM",3,1223,262053.216668238,261634.198811091,0.00159898001816106,1222,0.000817661488143884,2,0.00163532297628777,FALSE,FALSE
"ABCG2+SPP1+THBS1",3,1223,262055.183334905,261594.54881109,0.00175777680850542,1222,0.000817661488143884,2,0.00163532297628777,FALSE,FALSE
"ABCG2+SPP1+VWF",3,1223,262062.733334904,261607.932144423,0.00173546686586723,1222,0.000817661488143884,2,0.00163532297628777,FALSE,FALSE
"ABCG2+THBS1+VWF",3,1223,262064.633334904,261623.59881109,0.0016829227133851,1222,0.000817661488143884,2,0.00163532297628777,FALSE,FALSE
"ABCG5+ACACA+ACLY",3,1223,262174.033334902,262105.233334901,0.000262421106795641,1223,0,1,0,TRUE,TRUE
"ABCG5+ACACA+ADIPOQ",3,1223,262123.433334902,262084.666668235,0.00014789470050236,1223,0,1,0,FALSE,FALSE
"ABCG5+ACACA+APOB",3,1223,262126.483334902,262025.728572996,0.000384374598951798,1223,0,1,0,FALSE,FALSE
"ABCG5+ACACA+CYP7A1",3,1223,262179.183334902,262070.954763472,0.000412803831536634,1223,0,1,0,FALSE,FALSE
"ABCG5+ACACA+DGAT1",3,1223,262208.133334901,262033.70238252,0.000665238526977419,1223,0,1,0,FALSE,FALSE
"ABCG5+ACACA+FASN",3,1223,262161.150001568,262034.64285871,0.000482554882208164,1223,0,1,0,FALSE,TRUE
"ABCG5+ACACA+NR1H4",3,1223,262179.200001568,262104.576192044,0.000284629022911598,1223,0,1,0,FALSE,TRUE
"ABCG5+ACLY+APOB",3,1223,262107.600001569,261991.345239662,0.000443538309861435,1223,0,1,0,FALSE,FALSE
"ABCG5+ACLY+CYP7A1",3,1223,262160.300001569,262037.171430139,0.000469669020936259,1223,0,1,0,TRUE,TRUE
"ABCG5+ACLY+FASN",3,1223,262142.266668235,262000.876192043,0.000539365429274796,1223,0,1,0,TRUE,TRUE
"ABCG5+ACLY+NR1H4",3,1223,262160.316668235,262070.709525377,0.000341802847955042,1223,0,1,0,TRUE,TRUE
"ABCG5+ADIPOQ+CEBPA",3,1223,262048.866668235,262009.783334901,0.000149145210322055,1223,0,1,0,FALSE,FALSE
"ABCG5+ADIPOQ+CYP7A1",3,1223,262109.700001569,262015.421430139,0.000359691272124985,1223,0,1,0,FALSE,FALSE
"ABCG5+ADIPOQ+FASN",3,1223,262091.666668235,261983.276192043,0.000413559414421449,1223,0,1,0,FALSE,FALSE
"ABCG5+ADIPOQ+LPL",3,1223,262078.933334902,261932.809525376,0.000557556487529642,1223,0,1,0,FALSE,FALSE
"ABCG5+ADIPOQ+NR1H4",3,1223,262109.716668236,262048.709525378,0.000232754220764742,1223,0,1,0,FALSE,FALSE
"ABCG5+ADIPOQ+RXRA",3,1223,262089.150001569,262034.100001568,0.000210043033071483,1223,0,1,0,FALSE,FALSE
"ABCG5+APOB+CEBPA",3,1223,262051.916668235,261951.978572995,0.000381367541631983,1223,0,1,0,FALSE,FALSE
"ABCG5+APOB+COL1A2",3,1223,262117.200001569,262035.378572996,0.000312155892752797,1223,0,1,0,FALSE,FALSE
"ABCG5+APOB+CYP11B2",3,1223,262142.950001569,262035.254763472,0.000410826375823237,1223,0,1,0,FALSE,FALSE
"ABCG5+APOB+CYP51A1",3,1223,262175.183334902,262086.445239664,0.000338468706723938,1223,0,1,0,FALSE,FALSE
"ABCG5+APOB+DGAT1",3,1223,262141.700001569,261909.447620614,0.000885980295977196,1223,0,1,0,FALSE,FALSE
"ABCG5+APOB+FABP4",3,1223,262102.616668235,262000.528572995,0.000389496665608946,1223,0,1,0,FALSE,FALSE
"ABCG5+APOB+HNF4A",3,1223,262065.883334902,261955.428572995,0.0004214770747758,1223,0,1,0,FALSE,FALSE
"ABCG5+APOB+NCOA2",3,1223,262114.900001569,262025.811906329,0.000339881842806311,1223,0,1,0,FALSE,FALSE
"ABCG5+APOB+NR1I2",3,1223,262126.300001569,262013.878572996,0.000428882674393893,1223,0,1,0,FALSE,FALSE
"ABCG5+APOB+RXRA",3,1223,262092.200001569,261974.928572995,0.00044744341332259,1223,0,1,0,FALSE,FALSE
"ABCG5+APOB+SQLE",3,1223,262171.600001568,262065.907144424,0.000403143807885864,1223,0,1,0,FALSE,FALSE
"ABCG5+APOB+THBS1",3,1223,262075.683334903,261976.378572996,0.000378916352111514,1223,0,1,0,FALSE,FALSE
"ABCG5+C3+CYP7A1",3,1223,262164.466668235,262065.338096806,0.000378115969297488,1223,0,1,0,FALSE,FALSE
"ABCG5+C3+F2",3,1223,262147.466668235,262085.7333349,0.000235490863669585,1223,0,1,0,FALSE,FALSE
"ABCG5+C3+MPO",3,1223,262148.383334902,262056.285715852,0.000351318661125144,1223,0,1,0,FALSE,FALSE
"ABCG5+C3+PLG",3,1223,262155.683334902,262008.895239662,0.000559927190489362,1223,0,1,0,FALSE,FALSE
"ABCG5+CALR+CYP7A1",3,1223,262128.433334902,262029.997620615,0.000375524749585354,1223,0,1,0,FALSE,FALSE
"ABCG5+CALR+THBS1",3,1223,262091.366668237,262050.659525379,0.000155316611056056,1223,0,1,0,FALSE,FALSE
"ABCG5+CANX+CYP7A1",3,1223,262167.316668235,262074.930953949,0.000352392187786044,1223,0,1,0,TRUE,TRUE
"ABCG5+CEBPA+CYP7A1",3,1223,262104.616668236,261997.371430139,0.000409169588312497,1223,0,1,0,FALSE,FALSE
"ABCG5+CEBPA+FABP4",3,1223,262094.483334902,262040.050001568,0.000207685917847811,1223,0,1,0,FALSE,FALSE
"ABCG5+CEBPA+HNF4A",3,1223,262057.750001569,261995.316668234,0.00023824265198813,1223,0,1,0,FALSE,FALSE
"ABCG5+CEBPA+LPL",3,1223,262073.850001568,261923.159525376,0.000574992416037312,1223,0,1,0,FALSE,FALSE
"ABCG5+CEBPA+NR1H4",3,1223,262104.633334902,262030.659525377,0.000282230071951384,1223,0,1,0,FALSE,FALSE
"ABCG5+CEBPA+RXRA",3,1223,262084.066668236,262014.683334901,0.000264736938102472,1223,0,1,0,FALSE,FALSE
"ABCG5+COL1A2+CYP7A1",3,1223,262169.900001569,262081.188096806,0.000338375628789134,1223,0,1,0,FALSE,FALSE
"ABCG5+CYP11B2+CYP7A1",3,1223,262195.650001568,262080.247620615,0.000440138426981096,1223,0,1,0,TRUE,TRUE
"ABCG5+CYP51A1+CYP7A1",3,1223,262227.883334901,262130.638096807,0.000370842478142897,1223,0,1,0,FALSE,TRUE
"ABCG5+CYP51A1+NR1H4",3,1223,262227.900001567,262165.209525378,0.000239068673426712,1223,0,1,0,FALSE,TRUE
"ABCG5+CYP7A1+DGAT1",3,1223,262194.400001568,261947.32381109,0.000942339693283611,1223,0,1,0,FALSE,FALSE
"ABCG5+CYP7A1+F2",3,1223,262148.450001569,262027.204763471,0.000462506027010923,1223,0,1,0,FALSE,FALSE
"ABCG5+CYP7A1+FABP4",3,1223,262155.316668235,262046.088096805,0.000416655945865707,1223,0,1,0,FALSE,TRUE
"ABCG5+CYP7A1+FASN",3,1223,262147.416668235,261969.430953947,0.000678952768447205,1223,0,1,0,FALSE,FALSE
"ABCG5+CYP7A1+GCK",3,1223,262171.883334902,262029.0333349,0.000544871548330716,1223,0,1,0,FALSE,TRUE
"ABCG5+CYP7A1+LPL",3,1223,262134.683334902,261920.56428728,0.000816828375772682,1223,0,1,0,FALSE,FALSE
"ABCG5+CYP7A1+MPO",3,1223,262149.366668236,261993.840477756,0.00059327318793756,1223,0,1,0,FALSE,FALSE
"ABCG5+CYP7A1+NCOA2",3,1223,262167.600001569,262070.871430139,0.000368957000899783,1223,0,1,0,FALSE,TRUE
"ABCG5+CYP7A1+PLA2G7",3,1223,262201.633334901,262078.523811092,0.00046952233761377,1223,0,1,0,FALSE,TRUE
"ABCG5+CYP7A1+PLG",3,1223,262156.666668236,261944.857144423,0.000807950171571092,1223,0,1,0,FALSE,FALSE
"ABCG5+CYP7A1+TFRC",3,1223,262142.783334903,261993.007144424,0.000571353476046754,1223,0,1,0,FALSE,TRUE
"ABCG5+CYP7A1+THBS1",3,1223,262128.383334904,262021.888096807,0.000406271296310212,1223,0,1,0,FALSE,FALSE
"ABCG5+DGAT1+FASN",3,1223,262176.366668235,261926.361906328,0.000953574744682051,1223,0,1,0,FALSE,FALSE
"ABCG5+DGAT1+LPL",3,1223,262163.633334902,261862.54523966,0.00114847391841233,1223,0,1,0,FALSE,FALSE
"ABCG5+DGAT1+NR1H4",3,1223,262194.416668235,261988.295239662,0.000786139656182905,1223,0,1,0,FALSE,FALSE
"ABCG5+F2+PLG",3,1223,262139.666668235,261966.019049185,0.000662424047675914,1223,0,1,0,FALSE,FALSE
"ABCG5+FABP4+FASN",3,1223,262137.283334902,262014.359525376,0.000468929135000851,1223,0,1,0,FALSE,TRUE
"ABCG5+FABP4+LPL",3,1223,262124.550001568,261964.542858709,0.000610424101285978,1223,0,1,0,FALSE,TRUE
"ABCG5+FABP4+NR1H4",3,1223,262155.333334902,262079.376192044,0.000289740978723696,1223,0,1,0,FALSE,TRUE
"ABCG5+FABP4+RXRA",3,1223,262134.766668236,262064.816668234,0.00026684747273753,1223,0,1,0,FALSE,FALSE
"ABCG5+FASN+NR1H4",3,1223,262147.433334902,262003.469049186,0.00054917297447743,1223,0,1,0,FALSE,TRUE
"ABCG5+FASN+SQLE",3,1223,262206.266668233,262085.461906328,0.000460724159800474,1223,0,1,0,FALSE,TRUE
"ABCG5+GCK+HNF4A",3,1223,262125.016668235,262033.795239662,0.000348007335325695,1223,0,1,0,FALSE,FALSE
"ABCG5+GCK+NR1H4",3,1223,262171.900001568,262062.454763472,0.000417456020631701,1223,0,1,0,FALSE,TRUE
"ABCG5+HNF4A+NCOA2",3,1223,262120.733334902,262071.616668235,0.000187381845162427,1223,0,1,0,FALSE,FALSE
"ABCG5+HNF4A+NR1I2",3,1223,262132.133334903,262062.300001568,0.000266405085277754,1223,0,1,0,FALSE,FALSE
"ABCG5+KCNJ11+NR1H4",3,1223,262164.450001568,261475.780953937,0.00262685901016502,1221,0.00163532297628777,2,0.00326796948289265,FALSE,TRUE
"ABCG5+LPL+NR1H4",3,1223,262134.700001568,261953.852382518,0.000689903393365832,1223,0,1,0,FALSE,TRUE
"ABCG5+NCOA2+RXRA",3,1223,262147.05000157,262085.250001568,0.00023574554816197,1223,0,1,0,FALSE,TRUE
"ABCG5+NR1H4+NR1I2",3,1223,262179.016668235,262084.559525377,0.000360277279465082,1223,0,1,0,TRUE,TRUE
"ABCG5+NR1H4+SQLE",3,1223,262224.316668233,262144.604763473,0.000303983649470818,1223,0,1,0,FALSE,TRUE
"ABCG5+NR1I2+RXRA",3,1223,262158.45000157,262081.300001567,0.000294287672214066,1223,0,1,0,FALSE,FALSE
"ABCG5+PLG+THBS1",3,1223,262119.600001571,261966.369049188,0.000584584107340302,1223,0,1,0,FALSE,FALSE
"ABL1+ACACA+CDK5",3,1223,262046.616668236,261901.621430137,0.000553318489444732,1223,0,1,0,FALSE,FALSE
"ABL1+ACACA+RARA",3,1223,262066.666668236,261965.992858709,0.000384153432433698,1223,0,1,0,FALSE,FALSE
"ABL1+ACTG1+CDK5",3,1223,262025.150001569,261900.354763471,0.000476271984187648,1223,0,1,0,FALSE,FALSE
"ABL1+ACTG1+ITGA5",3,1223,262054.033334902,261684.709525373,0.00140934220637545,1222,0.000817661488143884,2,0.00163532297628777,FALSE,FALSE
"ABL1+ACTG1+RARA",3,1223,262045.200001569,261964.726192043,0.000307098964323127,1223,0,1,0,FALSE,FALSE
"ABL1+ACTG1+TJP1",3,1223,262013.95000157,261893.77143014,0.000458672415835859,1223,0,1,0,FALSE,FALSE
"ABL1+ACTG1+YWHAZ",3,1223,262010.166668237,261889.576192044,0.000460251133481915,1223,0,1,0,FALSE,FALSE
"ABL1+ALDH1A1+NANOG",3,1223,262034.750001568,261803.388096801,0.00088294359723684,1223,0,1,0,FALSE,FALSE
"ABL1+ALDH1A1+NTRK1",3,1223,262031.016668235,261788.571430134,0.000925253968723116,1223,0,1,0,FALSE,FALSE
"ABL1+ALDH1A1+POU5F1",3,1223,262030.750001569,261800.404763468,0.000879077123962069,1223,0,1,0,FALSE,FALSE
"ABL1+ALDH1A1+RARA",3,1223,262046.116668236,261762.921430133,0.00108070763155543,1223,0,1,0,FALSE,FALSE
"ABL1+APOB+CALR",3,1223,261985.216668235,261874.188096805,0.000423797086118283,1223,0,1,0,FALSE,FALSE
"ABL1+APOB+CANX",3,1223,262024.100001568,261921.628572995,0.000391076349741892,1223,0,1,0,FALSE,FALSE
"ABL1+APOB+F2",3,1223,262005.233334901,261869.811906328,0.000516865357420349,1223,0,1,0,FALSE,FALSE
"ABL1+APOB+NTRK1",3,1223,261985.133334901,261876.678572995,0.000413972962990283,1223,0,1,0,FALSE,FALSE
"ABL1+APOB+NTRK2",3,1223,261983.666668234,261838.338096804,0.000554723785947786,1223,0,1,0,FALSE,FALSE
"ABL1+APOB+TFRC",3,1223,261999.566668235,261838.81428728,0.000613559720723744,1223,0,1,0,FALSE,FALSE
"ABL1+ATF4+BGLAP",3,1223,262021.450001569,261939.376192043,0.000313233170509575,1223,0,1,0,FALSE,FALSE
"ABL1+ATF4+CDK5",3,1223,261995.966668235,261855.471430137,0.000536249622026919,1223,0,1,0,FALSE,FALSE
"ABL1+ATF4+EIF2AK2",3,1223,262025.233334902,261946.00238252,0.000302379092936511,1223,0,1,0,FALSE,FALSE
"ABL1+ATF4+NTRK2",3,1223,261999.450001568,261904.685715852,0.00036169650629192,1223,0,1,0,FALSE,FALSE
"ABL1+ATF4+RARA",3,1223,262016.016668235,261920.092858709,0.000366099029922462,1223,0,1,0,FALSE,FALSE
"ABL1+ATF4+YWHAZ",3,1223,261980.983334903,261844.859525377,0.000519594238457821,1223,0,1,0,FALSE,FALSE
"ABL1+BAX+CDK5",3,1223,262005.350001569,261857.388096803,0.000564728562849948,1223,0,1,0,FALSE,FALSE
"ABL1+BAX+HK2",3,1223,262043.300001569,261911.911906328,0.000501398414840426,1223,0,1,0,FALSE,FALSE
"ABL1+BAX+RARA",3,1223,262025.400001569,261922.326192042,0.000393373350545123,1223,0,1,0,FALSE,FALSE
"ABL1+BAX+YWHAZ",3,1223,261990.366668236,261846.876192043,0.000547693711100639,1223,0,1,0,FALSE,FALSE
"ABL1+BGLAP+CDK5",3,1223,262016.316668235,261855.421430136,0.000614065719819479,1223,0,1,0,FALSE,FALSE
"ABL1+BGLAP+COL1A1",3,1223,262044.733334902,261926.026192043,0.000453003353083625,1223,0,1,0,FALSE,FALSE
"ABL1+BGLAP+COL1A2",3,1223,262062.816668235,261990.926192044,0.0002743253587284,1223,0,1,0,FALSE,FALSE
"ABL1+BGLAP+CTSK",3,1223,262059.883334902,261936.235715852,0.000471829634799636,1223,0,1,0,FALSE,FALSE
"ABL1+BGLAP+FGF23",3,1223,262078.466668235,261992.959525376,0.000326265427090799,1223,0,1,0,FALSE,FALSE
"ABL1+BGLAP+NTRK1",3,1223,262021.266668235,261942.759525376,0.00029962126302574,1223,0,1,0,FALSE,FALSE
"ABL1+BGLAP+NTRK2",3,1223,262019.800001568,261904.635715851,0.000439525126406437,1223,0,1,0,FALSE,FALSE
"ABL1+BGLAP+RARA",3,1223,262036.366668235,261919.776192042,0.000444940058038745,1223,0,1,0,FALSE,FALSE
"ABL1+BGLAP+SOX9",3,1223,262034.500001569,261938.159525376,0.000367663327507262,1223,0,1,0,FALSE,FALSE
"ABL1+BGLAP+SPP1",3,1223,262019.400001569,261909.94285871,0.000417744422201105,1223,0,1,0,FALSE,FALSE
"ABL1+BGLAP+TNFSF11",3,1223,262021.783334902,261931.64285871,0.000344019016453645,1223,0,1,0,FALSE,FALSE
"ABL1+BGLAP+YWHAZ",3,1223,262001.333334903,261844.726192043,0.000597734144581974,1223,0,1,0,FALSE,FALSE
"ABL1+BTK+NTRK1",3,1223,262038.550001568,261965.519049186,0.000278703085410448,1223,0,1,0,FALSE,FALSE
"ABL1+BTK+NTRK2",3,1223,262037.083334902,261927.361906329,0.000418724812445537,1223,0,1,0,FALSE,FALSE
"ABL1+BTK+PRDX1",3,1223,262068.866668236,262003.185715854,0.000250624781252706,1223,0,1,0,FALSE,FALSE
"ABL1+BTK+RAC2",3,1223,262057.533334902,261975.419049187,0.000313344496036372,1223,0,1,0,FALSE,FALSE
"ABL1+BTK+SYK",3,1223,262047.150001569,261965.869049187,0.00031017682268808,1223,0,1,0,FALSE,FALSE
"ABL1+BTK+YWHAZ",3,1223,262018.616668237,261867.40238252,0.000577112754962861,1223,0,1,0,FALSE,FALSE
"ABL1+CALM1+CDK5",3,1223,261978.050001568,261838.238096803,0.00053367793509429,1223,0,1,0,FALSE,FALSE
"ABL1+CALM1+DLG1",3,1223,262024.966668235,261960.709525377,0.000245232901563419,1223,0,1,0,FALSE,FALSE
"ABL1+CALM1+ITPR1",3,1223,261977.166668234,261875.435715852,0.000388319919923164,1223,0,1,0,FALSE,FALSE
"ABL1+CALM1+NOS1",3,1223,261978.700001567,261828.476192043,0.000573419936521602,1223,0,1,0,FALSE,FALSE
"ABL1+CALM1+NOS2",3,1223,261980.616668234,261924.609525377,0.000213783537003076,1223,0,1,0,FALSE,FALSE
"ABL1+CALM1+NTRK1",3,1223,261983.000001568,261925.74285871,0.000218552894109103,1223,0,1,0,FALSE,FALSE
"ABL1+CALM1+NTRK2",3,1223,261981.533334901,261886.969049185,0.000360957829782738,1223,0,1,0,FALSE,FALSE
"ABL1+CALM1+PRDX1",3,1223,262013.316668235,261963.492858711,0.000190157546791636,1223,0,1,0,FALSE,FALSE
"ABL1+CALM1+RAC2",3,1223,262001.983334902,261935.642858711,0.000253206007629347,1223,0,1,0,FALSE,FALSE
"ABL1+CALM1+RARA",3,1223,261998.100001568,261902.942858709,0.000363197835629325,1223,0,1,0,FALSE,FALSE
"ABL1+CALM1+YWHAZ",3,1223,261963.066668236,261827.54285871,0.000517339376309267,1223,0,1,0,FALSE,FALSE
"ABL1+CALR+CDK5",3,1223,261995.866668235,261860.330953946,0.000517320047878966,1223,0,1,0,FALSE,FALSE
"ABL1+CALR+ITPR1",3,1223,261994.983334901,261896.895239661,0.000374389211546089,1223,0,1,0,FALSE,FALSE
"ABL1+CALR+ITPR3",3,1223,262006.683334901,261956.25238252,0.000192479641128895,1223,0,1,0,FALSE,FALSE
"ABL1+CALR+NTRK2",3,1223,261999.350001568,261909.328572995,0.000343594091254174,1223,0,1,0,FALSE,FALSE
"ABL1+CALR+THBS1",3,1223,262000.850001569,261937.519049187,0.000241720408088231,1223,0,1,0,FALSE,FALSE
"ABL1+CALR+YWHAZ",3,1223,261980.883334903,261849.55238252,0.000501299754056328,1223,0,1,0,FALSE,FALSE
"ABL1+CAMP+CDK5",3,1223,262037.866668235,261573.538096798,0.00177199035139919,1222,0.000817661488143884,2,0.00163532297628777,FALSE,FALSE
"ABL1+CAMP+RAC2",3,1223,262061.800001569,261670.542858705,0.00149299570887995,1222,0.000817661488143884,2,0.00163532297628777,FALSE,FALSE
"ABL1+CAMP+RARA",3,1223,262057.916668236,261637.80952537,0.00160310800072971,1222,0.000817661488143884,2,0.00163532297628777,FALSE,FALSE
"ABL1+CANX+CFTR",3,1223,262065.350001569,261610.395239658,0.00173603554193003,1222,0.000817661488143884,2,0.00163532297628777,FALSE,FALSE
"ABL1+CANX+ITPR1",3,1223,262033.866668235,261943.828572995,0.000343612435998231,1223,0,1,0,FALSE,FALSE
"ABL1+CANX+ITPR3",3,1223,262045.566668235,262000.85238252,0.000170635535962305,1223,0,1,0,FALSE,FALSE
"ABL1+CANX+YWHAZ",3,1223,262019.766668237,261894.569049187,0.000477817458744201,1223,0,1,0,FALSE,FALSE
"ABL1+CD274+CDK5",3,1223,261990.766668235,261860.571430137,0.000496945902918711,1223,0,1,0,FALSE,FALSE
"ABL1+CD274+IDO1",3,1223,262021.616668235,261862.819049185,0.000606047779832974,1223,0,1,0,FALSE,FALSE
"ABL1+CD274+NTRK2",3,1223,261994.250001568,261909.869049186,0.000322071772116517,1223,0,1,0,FALSE,FALSE
"ABL1+CD274+RARA",3,1223,262010.816668235,261925.192858709,0.00032679494157839,1223,0,1,0,FALSE,FALSE
"ABL1+CD274+YWHAZ",3,1223,261975.783334903,261849.659525377,0.000481433084846161,1223,0,1,0,FALSE,FALSE
"ABL1+CDK5+CEBPA",3,1223,261972.050001568,261827.45476347,0.000551949103339444,1223,0,1,0,FALSE,FALSE
"ABL1+CDK5+DLG1",3,1223,262037.750001569,261896.571430137,0.000538771880888023,1223,0,1,0,FALSE,FALSE
"ABL1+CDK5+EGR1",3,1223,261983.983334902,261844.80476347,0.000531248397936723,1223,0,1,0,FALSE,FALSE
"ABL1+CDK5+EIF2AK2",3,1223,262020.100001569,261865.36428728,0.00059054902386646,1223,0,1,0,FALSE,FALSE
"ABL1+CDK5+ESRRA",3,1223,262038.283334902,261896.021430137,0.000542905040266328,1223,0,1,0,FALSE,FALSE
"ABL1+CDK5+FABP4",3,1223,262022.750001568,261876.20476347,0.00055928440602182,1223,0,1,0,FALSE,FALSE
"ABL1+CDK5+GJA1",3,1223,262006.183334902,261848.321430137,0.000602512134469158,1223,0,1,0,FALSE,FALSE
"ABL1+CDK5+GSR",3,1223,262039.216668235,261828.521430135,0.000804059944838897,1223,0,1,0,FALSE,FALSE
"ABL1+CDK5+HNF4A",3,1223,261986.016668235,261831.45476347,0.000589962421394641,1223,0,1,0,FALSE,FALSE
"ABL1+CDK5+ITPR3",3,1223,262001.650001568,261872.438096803,0.000493172103168571,1223,0,1,0,FALSE,FALSE
"ABL1+CDK5+KEAP1",3,1223,262004.483334901,261856.807144422,0.000563639936996041,1223,0,1,0,FALSE,FALSE
"ABL1+CDK5+MAP3K5",3,1223,261984.950001568,261841.954763469,0.000545814704613679,1223,0,1,0,FALSE,FALSE
"ABL1+CDK5+NANOG",3,1223,261999.516668235,261872.771430137,0.000483761343188838,1223,0,1,0,FALSE,FALSE
"ABL1+CDK5+NCOA2",3,1223,262035.033334902,261901.70476347,0.000508819640392733,1223,0,1,0,FALSE,FALSE
"ABL1+CDK5+NFATC1",3,1223,262009.650001568,261871.15476347,0.000528588310001243,1223,0,1,0,FALSE,FALSE
"ABL1+CDK5+NOS2",3,1223,261993.400001568,261862.888096803,0.000498149589890584,1223,0,1,0,FALSE,FALSE
"ABL1+CDK5+NRP1",3,1223,262033.416668235,261796.317858709,0.000904841880632223,1223,0,1,0,FALSE,FALSE
"ABL1+CDK5+POU5F1",3,1223,261995.516668236,261870.354763471,0.000477725368572934,1223,0,1,0,FALSE,FALSE
"ABL1+CDK5+PRKCZ",3,1223,262014.383334902,261554.561906323,0.00175494727704117,1222,0.000817661488143884,2,0.00163532297628777,FALSE,FALSE
"ABL1+CDK5+RASA1",3,1223,262021.683334902,261559.895239656,0.00176240412384321,1222,0.000817661488143884,2,0.00163532297628777,FALSE,FALSE
"ABL1+CDK5+RXRA",3,1223,262012.333334902,261850.821430136,0.000616428634141908,1223,0,1,0,FALSE,FALSE
"ABL1+CDK5+SIRT3",3,1223,262031.016668235,261888.038096803,0.000545655141325541,1223,0,1,0,FALSE,FALSE
"ABL1+CDK5+SOD2",3,1223,262005.750001569,261803.207144422,0.000773047374517888,1223,0,1,0,FALSE,FALSE
"ABL1+CDK5+SOX9",3,1223,262009.016668235,261858.05476347,0.0005761706474261,1223,0,1,0,FALSE,FALSE
"ABL1+CDK5+STAT4",3,1223,262022.066668235,261812.48571585,0.000799859931837288,1223,0,1,0,FALSE,FALSE
"ABL1+CDK5+THBS1",3,1223,261995.816668236,261851.971430138,0.00054903639274706,1223,0,1,0,FALSE,FALSE
"ABL1+CDK5+TNFSF11",3,1223,261996.300001569,261852.15476347,0.000550180434218728,1223,0,1,0,FALSE,FALSE
"ABL1+CDK5+VIM",3,1223,261992.250001569,261854.171430138,0.000527033037927116,1223,0,1,0,FALSE,FALSE
"ABL1+CDK5+XIAP",3,1223,261994.600001569,261854.097620614,0.000536279682690211,1223,0,1,0,FALSE,FALSE
"ABL1+CEBPA+FABP4",3,1223,262003.966668235,261926.876192043,0.00029423400405737,1223,0,1,0,FALSE,FALSE
"ABL1+CEBPA+HNF4A",3,1223,261967.233334901,261882.226192043,0.000324495326289531,1223,0,1,0,FALSE,FALSE
"ABL1+CEBPA+NTRK1",3,1223,261977.000001568,261914.959525376,0.000236816499886716,1223,0,1,0,FALSE,FALSE
"ABL1+CEBPA+NTRK2",3,1223,261975.533334901,261876.752382519,0.000377061747427354,1223,0,1,0,FALSE,FALSE
"ABL1+CEBPA+PRDX1",3,1223,262007.316668235,261952.709525377,0.000208418389044951,1223,0,1,0,FALSE,FALSE
"ABL1+CEBPA+RXRA",3,1223,261993.550001569,261901.59285871,0.000350990102078619,1223,0,1,0,FALSE,FALSE
"ABL1+CEBPA+YWHAZ",3,1223,261957.066668236,261816.759525376,0.000535611215396248,1223,0,1,0,FALSE,FALSE
"ABL1+CFTR+PRDX1",3,1223,262056.700001569,261601.911906324,0.00173545685052856,1222,0.000817661488143884,2,0.00163532297628777,FALSE,FALSE
"ABL1+CNR1+NTRK1",3,1223,262076.183334902,261973.278572996,0.000392652092977341,1223,0,1,0,FALSE,FALSE
"ABL1+COL1A1+COL1A2",3,1223,262065.750001569,261969.309525378,0.000368001069160795,1223,0,1,0,FALSE,FALSE
"ABL1+COL1A1+ITGA5",3,1223,262048.133334902,261632.276192039,0.0015869494568449,1222,0.000817661488143884,2,0.00163532297628777,FALSE,FALSE
"ABL1+COL1A1+NTRK1",3,1223,262024.200001568,261934.926192044,0.000340708261007738,1223,0,1,0,FALSE,FALSE
"ABL1+COL1A1+NTRK2",3,1223,262022.733334902,261896.985715852,0.000479911103317798,1223,0,1,0,FALSE,FALSE
"ABL1+COL1A1+SOX9",3,1223,262037.433334902,261932.392858711,0.000400860574974016,1223,0,1,0,FALSE,FALSE
"ABL1+COL1A1+THBS1",3,1223,262024.233334903,261917.342858711,0.000407941184793592,1223,0,1,0,FALSE,FALSE
"ABL1+COL1A1+VIM",3,1223,262020.666668236,261927.426192045,0.000355851610396973,1223,0,1,0,FALSE,FALSE
"ABL1+COL1A1+VWF",3,1223,262031.783334902,261937.259525378,0.000360734138131646,1223,0,1,0,FALSE,FALSE
"ABL1+COL1A2+ITGA5",3,1223,262066.216668235,261695.459525372,0.00141474604234249,1222,0.000817661488143884,2,0.00163532297628777,FALSE,FALSE
"ABL1+CTSK+NFATC1",3,1223,262053.216668235,261953.919049186,0.000378921580552416,1223,0,1,0,FALSE,FALSE
"ABL1+CTSK+NTRK1",3,1223,262039.350001568,261943.969049186,0.000363994767891063,1223,0,1,0,FALSE,FALSE
"ABL1+CTSK+RARA",3,1223,262054.450001569,261921.302382518,0.000508091425464041,1223,0,1,0,FALSE,FALSE
"ABL1+CTSK+SPP1",3,1223,262037.483334902,261917.75238252,0.000456922997652098,1223,0,1,0,FALSE,FALSE
"ABL1+CTSK+TNFSF11",3,1223,262039.866668236,261930.35238252,0.000417929863529287,1223,0,1,0,FALSE,FALSE
"ABL1+CYP19A1+NTRK1",3,1223,262021.433334901,261859.67619204,0.000617343172284568,1223,0,1,0,FALSE,FALSE
"ABL1+CYP19A1+NTRK2",3,1223,262019.966668235,261821.585715848,0.000757121508367042,1223,0,1,0,FALSE,FALSE
"ABL1+CYP19A1+RAC2",3,1223,262040.416668235,261870.409525374,0.000648782142171012,1223,0,1,0,FALSE,FALSE
"ABL1+CYP19A1+RARA",3,1223,262036.533334902,261836.792858705,0.00076226193979323,1223,0,1,0,FALSE,FALSE
"ABL1+DLG1+GRIN2A",3,1223,262049.550001568,261904.290477756,0.000554320829062593,1223,0,1,0,FALSE,FALSE
"ABL1+DLG1+GRIN2B",3,1223,262020.700001568,261880.885715851,0.000533600153409086,1223,0,1,0,FALSE,FALSE
"ABL1+DLG1+NTRK2",3,1223,262041.233334902,261945.619049185,0.000364882596908478,1223,0,1,0,FALSE,FALSE
"ABL1+DLG1+RARA",3,1223,262057.800001569,261960.976192042,0.000369475014772358,1223,0,1,0,FALSE,FALSE
"ABL1+DLG1+YWHAZ",3,1223,262022.766668236,261885.976192043,0.000522055689788581,1223,0,1,0,FALSE,FALSE
"ABL1+DUOX2+NCF2",3,1223,262127.516668236,261780.683334896,0.00132314736639638,1222,0.000817661488143884,2,0.00163532297628777,FALSE,FALSE
"ABL1+EGR1+NTRK2",3,1223,261987.466668234,261894.102382518,0.000356369283245339,1223,0,1,0,FALSE,FALSE
"ABL1+EGR1+RARA",3,1223,262004.033334902,261909.342858709,0.000361408467601576,1223,0,1,0,FALSE,FALSE
"ABL1+EGR1+YWHAZ",3,1223,261969.000001569,261829.076192042,0.000534123539525533,1223,0,1,0,FALSE,FALSE
"ABL1+EIF2AK2+NTRK1",3,1223,262025.050001568,261952.869049186,0.000275473480042088,1223,0,1,0,FALSE,FALSE
"ABL1+EIF2AK2+PRDX1",3,1223,262055.366668236,261990.535715854,0.000247394103033094,1223,0,1,0,FALSE,FALSE
"ABL1+EIF2AK2+RARA",3,1223,262040.150001569,261930.302382519,0.000419201481337117,1223,0,1,0,FALSE,FALSE
"ABL1+EIF2AK2+YWHAZ",3,1223,262005.116668237,261854.535715853,0.000574725235516715,1223,0,1,0,FALSE,FALSE
"ABL1+EPOR+NTRK2",3,1223,262039.483334902,261949.919049186,0.000341796910054093,1223,0,1,0,FALSE,FALSE
"ABL1+EPOR+RARA",3,1223,262056.050001569,261965.509525376,0.000345500423259204,1223,0,1,0,FALSE,FALSE
"ABL1+EPOR+YWHAZ",3,1223,262021.016668237,261889.926192044,0.000500305196354245,1223,0,1,0,FALSE,FALSE
"ABL1+ESRRA+NTRK2",3,1223,262041.766668235,261945.235715852,0.000368380024338144,1223,0,1,0,FALSE,FALSE
"ABL1+ESRRA+RARA",3,1223,262058.333334902,261960.392858709,0.000373735400615138,1223,0,1,0,FALSE,FALSE
"ABL1+F2+PLG",3,1223,262049.150001568,261852.811906326,0.000749241488629759,1223,0,1,0,FALSE,FALSE
"ABL1+F2+VWF",3,1223,262028.416668235,261944.89285871,0.000318758593390034,1223,0,1,0,FALSE,FALSE
"ABL1+F2+YWHAZ",3,1223,262000.900001569,261847.059525376,0.000587175373033544,1223,0,1,0,FALSE,FALSE
"ABL1+FABP4+NTRK2",3,1223,262026.233334901,261925.469049185,0.000384558005638858,1223,0,1,0,FALSE,FALSE
"ABL1+FABP4+RARA",3,1223,262042.800001568,261940.542858708,0.000390230690785809,1223,0,1,0,FALSE,FALSE
"ABL1+FABP4+RXRA",3,1223,262044.250001568,261951.809525376,0.000352766665141724,1223,0,1,0,FALSE,FALSE
"ABL1+FGF23+NTRK2",3,1223,262056.466668235,261961.519049185,0.000362317405316781,1223,0,1,0,FALSE,FALSE
"ABL1+FGF23+YWHAZ",3,1223,262038.00000157,261902.009525376,0.000518972348256819,1223,0,1,0,FALSE,FALSE
"ABL1+GJA1+ITPR1",3,1223,262005.300001568,261888.669049185,0.000445147301913362,1223,0,1,0,FALSE,FALSE
"ABL1+GJA1+NTRK1",3,1223,262011.133334901,261935.659525376,0.00028805573474755,1223,0,1,0,FALSE,FALSE
"ABL1+GJA1+NTRK2",3,1223,262009.666668235,261897.369049185,0.00042860105307374,1223,0,1,0,FALSE,FALSE
"ABL1+GJA1+RAC2",3,1223,262030.116668235,261945.692858711,0.000322191245030412,1223,0,1,0,FALSE,FALSE
"ABL1+GJA1+RARA",3,1223,262026.233334902,261912.776192042,0.0004329991749904,1223,0,1,0,FALSE,FALSE
"ABL1+GJA1+TJP1",3,1223,261994.983334903,261842.154763473,0.0005833263274162,1223,0,1,0,FALSE,FALSE
"ABL1+GJA1+YWHAZ",3,1223,261991.20000157,261837.54285871,0.000586497343646797,1223,0,1,0,FALSE,FALSE
"ABL1+GRIN2A+NTRK1",3,1223,262007.583334901,261871.340477756,0.000519995854360911,1223,0,1,0,FALSE,FALSE
"ABL1+GRIN2A+NTRK2",3,1223,262006.116668234,261832.533334898,0.00066251633948089,1223,0,1,0,FALSE,FALSE
"ABL1+GRIN2A+PRDX1",3,1223,262037.900001568,261909.423811089,0.000490296214699981,1223,0,1,0,FALSE,FALSE
"ABL1+GRIN2A+RAC2",3,1223,262026.566668235,261881.573811089,0.000553351742112129,1223,0,1,0,FALSE,FALSE
"ABL1+GRIN2B+NTRK1",3,1223,261978.733334901,261853.085715851,0.000479609995249208,1223,0,1,0,FALSE,FALSE
"ABL1+GRIN2B+PRDX1",3,1223,262009.050001568,261890.835715851,0.000451183979013337,1223,0,1,0,FALSE,FALSE
"ABL1+GRIN2B+RAC2",3,1223,261997.716668235,261863.069049184,0.00051392668899175,1223,0,1,0,FALSE,FALSE
"ABL1+GRIN2B+RARA",3,1223,261993.833334902,261830.085715849,0.00062500562310186,1223,0,1,0,FALSE,FALSE
"ABL1+GRIN2B+RASA1",3,1223,262004.633334902,261552.526192037,0.00172556926612277,1222,0.000817661488143884,2,0.00163532297628777,FALSE,FALSE
"ABL1+GSR+GSTP1",3,1223,262057.883334901,261458.500001558,0.00228721733426207,1222,0.000817661488143884,2,0.00163532297628777,FALSE,FALSE
"ABL1+GSR+KEAP1",3,1223,262052.866668234,261913.79523966,0.000530699894042086,1223,0,1,0,FALSE,FALSE
"ABL1+GSR+NQO1",3,1223,262047.233334901,261794.708334896,0.000963662148962041,1223,0,1,0,FALSE,FALSE
"ABL1+GSR+NTRK2",3,1223,262042.700001568,261878.202382517,0.000627751198754911,1223,0,1,0,FALSE,FALSE
"ABL1+GSR+SOD2",3,1223,262054.133334902,261858.078572993,0.000748146039193154,1223,0,1,0,FALSE,FALSE
"ABL1+GSTP1+NTRK2",3,1223,262012.983334901,261461.626192035,0.00210431229723274,1222,0.000817661488143884,2,0.00163532297628777,FALSE,FALSE
"ABL1+GSTP1+RAC2",3,1223,262033.433334902,261510.550001559,0.00199548327359456,1222,0.000817661488143884,2,0.00163532297628777,FALSE,FALSE
"ABL1+GSTP1+RARA",3,1223,262029.550001568,261476.766668224,0.00210962211453203,1222,0.000817661488143884,2,0.00163532297628777,FALSE,FALSE
"ABL1+HDAC6+NTRK1",3,1223,261994.433334901,261326.586906319,0.0025490863301223,1221,0.00163532297628777,2,0.00326796948289265,FALSE,FALSE
"ABL1+HDAC6+NTRK2",3,1223,261992.966668234,261288.463096794,0.0026890171152274,1221,0.00163532297628777,2,0.00326796948289265,FALSE,FALSE
"ABL1+HDAC6+PRDX1",3,1223,262024.750001568,261364.336906319,0.00252042257552176,1221,0.00163532297628777,2,0.00326796948289265,FALSE,FALSE
"ABL1+HDAC6+RAC2",3,1223,262013.416668235,261336.486906319,0.00258356908025581,1221,0.00163532297628777,2,0.00326796948289265,FALSE,FALSE
"ABL1+HDAC6+RARA",3,1223,262009.533334902,261303.786906317,0.00269359064764452,1221,0.00163532297628777,2,0.00326796948289265,FALSE,FALSE
"ABL1+HK2+PRDX1",3,1223,262064.050001569,261952.378572995,0.000426122654262118,1223,0,1,0,FALSE,FALSE
"ABL1+HK2+RAC2",3,1223,262052.716668235,261924.695239662,0.000488533109678113,1223,0,1,0,FALSE,FALSE
"ABL1+HK2+RARA",3,1223,262048.833334902,261892.011906327,0.000598443528938786,1223,0,1,0,FALSE,FALSE
"ABL1+HNF4A+NANOG",3,1223,261994.700001568,261928.04285871,0.000254421722491904,1223,0,1,0,FALSE,FALSE
"ABL1+HNF4A+NCOA2",3,1223,262030.216668235,261958.69285871,0.000272960158696045,1223,0,1,0,FALSE,FALSE
"ABL1+HNF4A+NTRK1",3,1223,261990.966668234,261918.79285871,0.000275482053609055,1223,0,1,0,FALSE,FALSE
"ABL1+HNF4A+NTRK2",3,1223,261989.500001568,261880.585715852,0.00041572004112933,1223,0,1,0,FALSE,FALSE
"ABL1+HNF4A+PRDX1",3,1223,262021.283334902,261956.54285871,0.000247080982763603,1223,0,1,0,FALSE,FALSE
"ABL1+HNF4A+RAC2",3,1223,262009.950001568,261928.69285871,0.000310129988795094,1223,0,1,0,FALSE,FALSE
"ABL1+HNF4A+RARA",3,1223,262006.066668235,261895.826192042,0.000420755433624409,1223,0,1,0,FALSE,FALSE
"ABL1+HNF4A+SOX2",3,1223,261972.000001569,261541.076192039,0.00164492315792419,1222,0.000817661488143884,2,0.00163532297628777,FALSE,FALSE
"ABL1+HNF4A+YWHAZ",3,1223,261971.033334903,261820.676192043,0.000573945679970156,1223,0,1,0,FALSE,FALSE
"ABL1+IDO1+RARA",3,1223,262041.733334902,261840.452382516,0.000768125557039756,1223,0,1,0,FALSE,FALSE
"ABL1+IDO1+TPH1",3,1223,262100.150001567,261933.069049183,0.000637469884633424,1223,0,1,0,FALSE,FALSE
"ABL1+ITGA5+NTRK1",3,1223,262024.666668235,261648.542858705,0.00143545191493843,1222,0.000817661488143884,2,0.00163532297628777,FALSE,FALSE
"ABL1+ITGA5+NTRK2",3,1223,262023.200001568,261610.385715847,0.00157548753590842,1222,0.000817661488143884,2,0.00163532297628777,FALSE,FALSE
"ABL1+ITGA5+RAC2",3,1223,262043.650001569,261658.442858705,0.00147001136208069,1222,0.000817661488143884,2,0.00163532297628777,FALSE,FALSE
"ABL1+ITGA5+SPP1",3,1223,262022.800001569,261619.609525372,0.00153876103985906,1222,0.000817661488143884,2,0.00163532297628777,FALSE,FALSE
"ABL1+ITGA5+THBS1",3,1223,262024.700001569,261636.409525372,0.00148188501387236,1222,0.000817661488143884,2,0.00163532297628777,FALSE,FALSE
"ABL1+ITGA5+VWF",3,1223,262032.250001569,261649.526192038,0.00146059811159827,1222,0.000817661488143884,2,0.00163532297628777,FALSE,FALSE
"ABL1+ITGA5+YWHAZ",3,1223,262004.733334903,261550.476192038,0.00173377456614332,1222,0.000817661488143884,2,0.00163532297628777,FALSE,FALSE
"ABL1+ITPR1+ITPR3",3,1223,262000.766668234,261845.697620612,0.000591864862052094,1223,0,1,0,FALSE,FALSE
"ABL1+ITPR1+NTRK2",3,1223,261993.433334901,261861.79523966,0.000502448071178829,1223,0,1,0,FALSE,FALSE
"ABL1+ITPR1+PRDX1",3,1223,262025.216668235,261937.919049185,0.000333164953202902,1223,0,1,0,FALSE,FALSE
"ABL1+ITPR1+PRKCG",3,1223,261999.066668235,261904.519049186,0.00036087006053731,1223,0,1,0,FALSE,FALSE
"ABL1+ITPR1+RAC2",3,1223,262013.883334901,261909.985715852,0.000396534785588432,1223,0,1,0,FALSE,FALSE
"ABL1+ITPR1+RARA",3,1223,262010.000001568,261877.28571585,0.000506523742288434,1223,0,1,0,FALSE,FALSE
"ABL1+ITPR3+NOS1",3,1223,262002.300001567,261865.376192042,0.000522605372260121,1223,0,1,0,FALSE,FALSE
"ABL1+ITPR3+NTRK1",3,1223,262006.600001568,261959.94285871,0.000178076212040579,1223,0,1,0,FALSE,FALSE
"ABL1+ITPR3+NTRK2",3,1223,262005.133334901,261921.652382518,0.000318623346496905,1223,0,1,0,FALSE,FALSE
"ABL1+ITPR3+PRDX1",3,1223,262036.916668235,261997.692858711,0.000149688105107515,1223,0,1,0,FALSE,FALSE
"ABL1+ITPR3+PRKCG",3,1223,262010.766668235,261964.542858711,0.000176419504099634,1223,0,1,0,FALSE,FALSE
"ABL1+ITPR3+RAC2",3,1223,262025.583334902,261969.84285871,0.000212729136909728,1223,0,1,0,FALSE,FALSE
"ABL1+ITPR3+RARA",3,1223,262021.700001568,261937.142858709,0.000322710458175668,1223,0,1,0,FALSE,FALSE
"ABL1+ITPR3+YWHAZ",3,1223,261986.666668236,261861.826192043,0.000476514617253621,1223,0,1,0,FALSE,FALSE
"ABL1+KCNH2+PRDX1",3,1223,262072.950001569,261917.688096805,0.000592437734466267,1223,0,1,0,FALSE,FALSE
"ABL1+KEAP1+NQO1",3,1223,262012.500001567,261821.277382516,0.000729822504844546,1223,0,1,0,FALSE,FALSE
"ABL1+KEAP1+NTRK2",3,1223,262007.966668234,261906.238096803,0.00038826518416335,1223,0,1,0,FALSE,FALSE
"ABL1+KEAP1+PRDX1",3,1223,262039.750001568,261982.061906329,0.000220150168968147,1223,0,1,0,FALSE,FALSE
"ABL1+KEAP1+RAC2",3,1223,262028.416668235,261954.211906329,0.000283193566749773,1223,0,1,0,FALSE,FALSE
"ABL1+KEAP1+RARA",3,1223,262024.533334901,261921.19523966,0.000394383281312805,1223,0,1,0,FALSE,FALSE
"ABL1+KEAP1+YWHAZ",3,1223,261989.500001569,261846.195239661,0.000546986661324023,1223,0,1,0,FALSE,FALSE
"ABL1+MAOA+NTRK1",3,1223,262030.400001568,261953.959525375,0.000291723693860324,1223,0,1,0,FALSE,FALSE
"ABL1+MAOA+NTRK2",3,1223,262028.933334901,261915.752382518,0.000431940667555253,1223,0,1,0,FALSE,FALSE
"ABL1+MAOA+TPH1",3,1223,262103.916668234,262015.776192041,0.000336280652775356,1223,0,1,0,FALSE,FALSE
"ABL1+MAOB+NTRK1",3,1223,262043.083334901,261987.209525376,0.000213223752422387,1223,0,1,0,FALSE,FALSE
"ABL1+MAOB+NTRK2",3,1223,262041.616668235,261949.002382518,0.000353433499967859,1223,0,1,0,FALSE,FALSE
"ABL1+MAOB+TPH1",3,1223,262116.600001567,262047.676192042,0.000262950952075069,1223,0,1,0,FALSE,FALSE
"ABL1+MAP3K5+RARA",3,1223,262005.000001568,261906.792858708,0.00037482926989707,1223,0,1,0,FALSE,FALSE
"ABL1+MT-CYB+NCF2",3,1223,262067.700001569,261980.59285871,0.000332384123865603,1223,0,1,0,FALSE,FALSE
"ABL1+MT-CYB+RARA",3,1223,262055.533334902,261922.626192042,0.000507171671474516,1223,0,1,0,FALSE,FALSE
"ABL1+MT-CYB+YWHAZ",3,1223,262020.50000157,261846.209525376,0.000665178778732511,1223,0,1,0,FALSE,FALSE
"ABL1+NANOG+NTRK2",3,1223,262003.000001568,261922.069049185,0.000308893227871754,1223,0,1,0,FALSE,FALSE
"ABL1+NANOG+RARA",3,1223,262019.566668235,261937.309525375,0.000313935115249131,1223,0,1,0,FALSE,FALSE
"ABL1+NANOG+SOX2",3,1223,261985.500001569,261578.726192039,0.00155265772162028,1222,0.000817661488143884,2,0.00163532297628777,FALSE,FALSE
"ABL1+NANOG+YWHAZ",3,1223,261984.533334902,261862.159525376,0.000467103183415252,1223,0,1,0,FALSE,FALSE
"ABL1+NCF2+RARA",3,1223,262043.100001569,261960.859525376,0.000313843318875517,1223,0,1,0,FALSE,FALSE
"ABL1+NCF2+YWHAZ",3,1223,262008.066668236,261885.54285871,0.000467633730077077,1223,0,1,0,FALSE,FALSE
"ABL1+NCOA2+NTRK2",3,1223,262038.516668235,261950.835715852,0.000334610932382851,1223,0,1,0,FALSE,FALSE
"ABL1+NCOA2+RXRA",3,1223,262056.533334902,261972.326192043,0.000321331972866656,1223,0,1,0,FALSE,FALSE
"ABL1+NFATC1+NTRK2",3,1223,262013.133334901,261920.202382518,0.000354680512384409,1223,0,1,0,FALSE,FALSE
"ABL1+NFATC1+RARA",3,1223,262029.700001568,261935.776192042,0.000358447189481637,1223,0,1,0,FALSE,FALSE
"ABL1+NFATC1+TNFSF11",3,1223,262015.116668235,261941.559525377,0.000280736255960923,1223,0,1,0,FALSE,FALSE
"ABL1+NFATC1+YWHAZ",3,1223,261994.666668236,261860.292858709,0.0005128875760535,1223,0,1,0,FALSE,FALSE
"ABL1+NOS1+NOS2",3,1223,261994.050001567,261853.592858708,0.000536108140080316,1223,0,1,0,FALSE,FALSE
"ABL1+NOS1+NTRK2",3,1223,261994.966668234,261815.985715851,0.000683146530100487,1223,0,1,0,FALSE,FALSE
"ABL1+NOS1+RAC2",3,1223,262015.416668235,261864.226192042,0.000577028932552626,1223,0,1,0,FALSE,FALSE
"ABL1+NOS1+RARA",3,1223,262011.533334901,261831.442858707,0.000687337972882007,1223,0,1,0,FALSE,FALSE
"ABL1+NOS2+NTRK2",3,1223,261996.883334901,261912.102382518,0.000323595270689037,1223,0,1,0,FALSE,FALSE
"ABL1+NOS2+RARA",3,1223,262013.450001568,261927.509525375,0.000328000246522686,1223,0,1,0,FALSE,FALSE
"ABL1+NOS2+YWHAZ",3,1223,261978.416668235,261852.192858709,0.000481809956451529,1223,0,1,0,FALSE,FALSE
"ABL1+NQO1+PRDX1",3,1223,262034.116668235,261863.841668231,0.000649819963021381,1223,0,1,0,FALSE,FALSE
"ABL1+NQO1+RAC2",3,1223,262022.783334901,261836.158334897,0.000712247223804696,1223,0,1,0,FALSE,FALSE
"ABL1+NQO1+RARA",3,1223,262018.900001568,261803.158334896,0.000823382079196966,1223,0,1,0,FALSE,FALSE
"ABL1+NRP1+NTRK2",3,1223,262036.900001568,261931.185715851,0.000403432820782479,1223,0,1,0,FALSE,FALSE
"ABL1+NRP1+RAC2",3,1223,262057.350001569,261979.459525377,0.000297226832949748,1223,0,1,0,FALSE,FALSE
"ABL1+NRP1+RARA",3,1223,262053.466668235,261946.592858708,0.000407832076736225,1223,0,1,0,FALSE,FALSE
"ABL1+NRP1+YWHAZ",3,1223,262018.433334903,261871.192858709,0.000561947013879238,1223,0,1,0,FALSE,FALSE
"ABL1+NTRK1+PLD2",3,1223,262060.300001567,261983.142858709,0.000294425148935962,1223,0,1,0,FALSE,FALSE
"ABL1+NTRK1+PRKCZ",3,1223,262019.333334902,261642.066668229,0.00143984286148102,1222,0.000817661488143884,2,0.00163532297628777,FALSE,FALSE
"ABL1+NTRK1+RXRA",3,1223,262017.283334901,261938.159525376,0.000301979352348658,1223,0,1,0,FALSE,FALSE
"ABL1+NTRK1+SOX2",3,1223,261981.766668235,261571.059525372,0.00156769361504305,1222,0.000817661488143884,2,0.00163532297628777,FALSE,FALSE
"ABL1+NTRK1+SOX9",3,1223,262013.966668235,261945.39285871,0.000261718145780132,1223,0,1,0,FALSE,FALSE
"ABL1+NTRK1+SPP1",3,1223,261998.866668235,261922.009525377,0.000293349142444277,1223,0,1,0,FALSE,FALSE
"ABL1+NTRK1+STAT4",3,1223,262027.016668234,261900.207144423,0.000483955911966483,1223,0,1,0,FALSE,FALSE
"ABL1+NTRK1+TAC1",3,1223,262009.350001568,261583.559525371,0.00162509649443787,1222,0.000817661488143884,2,0.00163532297628777,FALSE,FALSE
"ABL1+NTRK1+TFRC",3,1223,262015.166668234,261910.645239661,0.000398913657946753,1223,0,1,0,FALSE,FALSE
"ABL1+NTRK1+TH",3,1223,261999.150001568,261859.759525374,0.000532026444333589,1223,0,1,0,FALSE,FALSE
"ABL1+NTRK1+THBS1",3,1223,262000.766668235,261939.392858711,0.000234250495924626,1223,0,1,0,FALSE,FALSE
"ABL1+NTRK1+TJP1",3,1223,261984.583334902,261857.104763472,0.000486588064867566,1223,0,1,0,FALSE,FALSE
"ABL1+NTRK1+TNFSF11",3,1223,262001.250001568,261939.709525377,0.000234886193066886,1223,0,1,0,FALSE,FALSE
"ABL1+NTRK2+PLD2",3,1223,262058.833334901,261945.252382518,0.000433417759429733,1223,0,1,0,FALSE,FALSE
"ABL1+NTRK2+POU5F1",3,1223,261999.000001569,261919.65238252,0.000302854663752572,1223,0,1,0,FALSE,FALSE
"ABL1+NTRK2+PRKCG",3,1223,262003.433334902,261918.002382519,0.000326068064433471,1223,0,1,0,FALSE,FALSE
"ABL1+NTRK2+PRKCZ",3,1223,262017.866668235,261603.909525372,0.00157988135743348,1222,0.000817661488143884,2,0.00163532297628777,FALSE,FALSE
"ABL1+NTRK2+RASA1",3,1223,262025.166668235,261609.242858705,0.00158734298242569,1222,0.000817661488143884,2,0.00163532297628777,FALSE,FALSE
"ABL1+NTRK2+SIRT3",3,1223,262034.500001568,261937.169049185,0.000371443273241345,1223,0,1,0,FALSE,FALSE
"ABL1+NTRK2+SOX2",3,1223,261980.300001569,261532.902382514,0.00170775290757386,1222,0.000817661488143884,2,0.00163532297628777,FALSE,FALSE
"ABL1+NTRK2+SOX9",3,1223,262012.500001568,261907.052382519,0.000402452627446648,1223,0,1,0,FALSE,FALSE
"ABL1+NTRK2+SPP1",3,1223,261997.400001568,261883.802382519,0.000433583001392845,1223,0,1,0,FALSE,FALSE
"ABL1+NTRK2+SYK",3,1223,262007.866668235,261915.419049186,0.000352842913553197,1223,0,1,0,FALSE,FALSE
"ABL1+NTRK2+TFRC",3,1223,262013.700001568,261872.621430137,0.000538439674834579,1223,0,1,0,FALSE,FALSE
"ABL1+NTRK2+TH",3,1223,261997.683334901,261821.552382516,0.000672261487747239,1223,0,1,0,FALSE,FALSE
"ABL1+NTRK2+THBS1",3,1223,261999.300001569,261901.185715853,0.000374483007074322,1223,0,1,0,FALSE,FALSE
"ABL1+NTRK2+TJP1",3,1223,261983.116668236,261818.914287281,0.000626767033856779,1223,0,1,0,FALSE,FALSE
"ABL1+NTRK2+TNFSF11",3,1223,261999.783334902,261901.502382519,0.000375118449076228,1223,0,1,0,FALSE,FALSE
"ABL1+NTRK2+VWF",3,1223,262006.850001568,261913.585715852,0.000355961249545178,1223,0,1,0,FALSE,FALSE
"ABL1+PLA2G4A+PLD2",3,1223,262100.766668234,261988.459525376,0.00042848841797194,1223,0,1,0,FALSE,FALSE
"ABL1+PLA2G4A+PRKCG",3,1223,262045.366668236,261966.742858711,0.000300038922744217,1223,0,1,0,FALSE,FALSE
"ABL1+PLA2G4A+RAC2",3,1223,262060.183334902,261966.99285871,0.000355607154838178,1223,0,1,0,FALSE,FALSE
"ABL1+PLG+THBS1",3,1223,262029.083334904,261853.11190633,0.000671572126018316,1223,0,1,0,FALSE,FALSE
"ABL1+PLG+VWF",3,1223,262036.633334903,261863.361906329,0.000661248873368159,1223,0,1,0,FALSE,FALSE
"ABL1+POU5F1+RARA",3,1223,262015.566668237,261934.892858711,0.00030789700990641,1223,0,1,0,FALSE,FALSE
"ABL1+POU5F1+SOX2",3,1223,261981.500001571,261577.059525373,0.00154377494668745,1222,0.000817661488143884,2,0.00163532297628777,FALSE,FALSE
"ABL1+POU5F1+YWHAZ",3,1223,261980.533334905,261859.742858712,0.000461066609244165,1223,0,1,0,FALSE,FALSE
"ABL1+PRDX1+PRKCZ",3,1223,262049.650001571,261679.816668231,0.00141131015949747,1222,0.000817661488143884,2,0.00163532297628777,FALSE,FALSE
"ABL1+PRDX1+SOX2",3,1223,262012.083334904,261608.809525373,0.00153914202886551,1222,0.000817661488143884,2,0.00163532297628777,FALSE,FALSE
"ABL1+PRDX1+STAT4",3,1223,262057.333334903,261938.007144426,0.000455343832432842,1223,0,1,0,FALSE,FALSE
"ABL1+PRDX1+THBS1",3,1223,262031.083334904,261977.226192046,0.000205537229294617,1223,0,1,0,FALSE,FALSE
"ABL1+PRDX1+TYMS",3,1223,262079.216668237,262007.561906331,0.000273408791497065,1223,0,1,0,FALSE,FALSE
"ABL1+PRKCG+RARA",3,1223,262020.000001571,261933.492858711,0.00033015473192477,1223,0,1,0,FALSE,FALSE
"ABL1+PRKCG+SLC6A3",3,1223,262052.350001569,261971.069049187,0.000310170667737086,1223,0,1,0,FALSE,FALSE
"ABL1+PRKCG+YWHAZ",3,1223,261984.966668238,261858.092858712,0.000484278968902685,1223,0,1,0,FALSE,FALSE
"ABL1+PRKCZ+RARA",3,1223,262034.433334904,261619.233334895,0.00158452457840863,1222,0.000817661488143884,2,0.00163532297628777,FALSE,FALSE
"ABL1+PRKCZ+TJP1",3,1223,262003.183334905,261550.045239659,0.0017295137008565,1222,0.000817661488143884,2,0.00163532297628777,FALSE,FALSE
"ABL1+PRKCZ+YWHAZ",3,1223,261999.400001572,261544.000001563,0.00173817191950021,1222,0.000817661488143884,2,0.00163532297628777,FALSE,FALSE
"ABL1+RAC2+RXRA",3,1223,262036.266668237,261948.192858711,0.000336113052766818,1223,0,1,0,FALSE,FALSE
"ABL1+RAC2+SOD2",3,1223,262029.683334904,261900.96190633,0.000491247506523407,1223,0,1,0,FALSE,FALSE
"ABL1+RAC2+SOX2",3,1223,262000.750001571,261580.959525373,0.00160224913934659,1222,0.000817661488143884,2,0.00163532297628777,FALSE,FALSE
"ABL1+RAC2+SPP1",3,1223,262017.850001571,261931.992858712,0.000327676694003243,1223,0,1,0,FALSE,FALSE
"ABL1+RAC2+TJP1",3,1223,262003.566668238,261866.754763475,0.00052217573410529,1223,0,1,0,FALSE,FALSE
"ABL1+RAC2+TNFSF11",3,1223,262020.233334904,261949.609525379,0.000269535709612745,1223,0,1,0,FALSE,FALSE
"ABL1+RARA+RASA1",3,1223,262041.733334904,261624.700001562,0.0015914767775117,1222,0.000817661488143884,2,0.00163532297628777,FALSE,FALSE
"ABL1+RARA+SIRT3",3,1223,262051.066668237,261952.409525377,0.000376480600190021,1223,0,1,0,FALSE,FALSE
"ABL1+RARA+SOD2",3,1223,262025.800001571,261868.228572995,0.000601358448573341,1223,0,1,0,FALSE,FALSE
"ABL1+RARA+SOX2",3,1223,261996.866668238,261548.042858704,0.00171308846262475,1222,0.000817661488143884,2,0.00163532297628777,FALSE,FALSE
"ABL1+RARA+SOX9",3,1223,262029.066668237,261922.426192044,0.000406979567378007,1223,0,1,0,FALSE,FALSE
"ABL1+RARA+STAT4",3,1223,262042.116668237,261877.407144424,0.000628561263003258,1223,0,1,0,FALSE,FALSE
"ABL1+RARA+SYK",3,1223,262024.433334904,261930.826192044,0.0003572458555412,1223,0,1,0,FALSE,FALSE
"ABL1+RARA+TH",3,1223,262014.25000157,261837.192858708,0.000675753867818263,1223,0,1,0,FALSE,FALSE
"ABL1+RARA+TJP1",3,1223,261999.683334905,261834.138096806,0.000631852817496004,1223,0,1,0,FALSE,FALSE
"ABL1+RARA+TNFSF11",3,1223,262016.350001571,261916.826192044,0.00037983816477849,1223,0,1,0,FALSE,FALSE
"ABL1+RARA+VIM",3,1223,262012.300001571,261918.792858711,0.00035688073750384,1223,0,1,0,FALSE,FALSE
"ABL1+RARA+XIAP",3,1223,262014.650001571,261918.852382521,0.00036561932338286,1223,0,1,0,FALSE,FALSE
"ABL1+RASA1+YWHAZ",3,1223,262006.700001571,261549.333334896,0.00174562966012703,1222,0.000817661488143884,2,0.00163532297628777,FALSE,FALSE
"ABL1+RXRA+YWHAZ",3,1223,261997.350001571,261839.959525377,0.000600733084486493,1223,0,1,0,FALSE,FALSE
"ABL1+SIRT3+SOD2",3,1223,262045.933334903,261916.128572997,0.000495351178531611,1223,0,1,0,FALSE,FALSE
"ABL1+SIRT3+YWHAZ",3,1223,262016.033334904,261876.409525378,0.000532882693280889,1223,0,1,0,FALSE,FALSE
"ABL1+SOD2+STAT4",3,1223,262036.983334904,261843.376192043,0.000738854265517119,1223,0,1,0,FALSE,FALSE
"ABL1+SOD2+YWHAZ",3,1223,261990.766668238,261792.995239663,0.000754879384072149,1223,0,1,0,FALSE,FALSE
"ABL1+SOX9+YWHAZ",3,1223,261994.033334904,261847.276192045,0.000560154523336798,1223,0,1,0,FALSE,FALSE
"ABL1+SPP1+THBS1",3,1223,261998.900001571,261909.942858713,0.000339532505128526,1223,0,1,0,FALSE,FALSE
"ABL1+SPP1+TNFSF11",3,1223,261999.383334904,261910.026192046,0.000341058599914401,1223,0,1,0,FALSE,FALSE
"ABL1+SPP1+VWF",3,1223,262006.450001571,261923.026192046,0.000318403648172039,1223,0,1,0,FALSE,FALSE
"ABL1+SYK+YWHAZ",3,1223,261989.400001571,261855.426192045,0.000511371107095537,1223,0,1,0,FALSE,FALSE
"ABL1+TFRC+YWHAZ",3,1223,261995.233334904,261812.445239663,0.000697677178758238,1223,0,1,0,FALSE,FALSE
"ABL1+THBS1+VWF",3,1223,262008.350001571,261938.776192046,0.000265540428479483,1223,0,1,0,FALSE,FALSE
"ABL1+THBS1+YWHAZ",3,1223,261980.833334905,261841.142858712,0.000533208763460857,1223,0,1,0,FALSE,FALSE
"ABL1+TNFSF11+YWHAZ",3,1223,261981.316668238,261841.509525378,0.000533653104113796,1223,0,1,0,FALSE,FALSE
"ABL1+VWF+YWHAZ",3,1223,261988.383334905,261853.592858712,0.000514490278069268,1223,0,1,0,FALSE,FALSE
"ABL1+XIAP+YWHAZ",3,1223,261979.616668239,261843.452382522,0.000519751450316686,1223,0,1,0,FALSE,FALSE
"ACACA+ACLY+ALDH1B1",3,1223,262208.450001568,262151.716668235,0.000216367296067443,1223,0,1,0,FALSE,TRUE
"ACACA+ACLY+ALDH2",3,1223,262189.233334902,262118.933334901,0.000268126952072234,1223,0,1,0,FALSE,TRUE
"ACACA+ACLY+ALDH3A1",3,1223,262188.216668235,262110.485715853,0.000296470044951924,1223,0,1,0,FALSE,TRUE
"ACACA+ACLY+APOB",3,1223,262084.750001568,261960.519049185,0.000474010610623354,1223,0,1,0,FALSE,FALSE
"ACACA+ACLY+CEBPA",3,1223,262076.616668235,261999.300001567,0.000295015509782393,1223,0,1,0,FALSE,FALSE
"ACACA+ACLY+CYP51A1",3,1223,262199.883334901,262134.200001568,0.00025050862913345,1223,0,1,0,TRUE,TRUE
"ACACA+ACLY+CYP7A1",3,1223,262137.450001569,262004.788096805,0.000506077650345271,1223,0,1,0,FALSE,FALSE
"ACACA+ACLY+EGR1",3,1223,262088.550001568,262016.8333349,0.00027363525292412,1223,0,1,0,FALSE,FALSE
"ACACA+ACLY+FABP4",3,1223,262127.316668235,262047.866668233,0.000303096987416929,1223,0,1,0,TRUE,TRUE
"ACACA+ACLY+GSR",3,1223,262143.783334902,262000.383334899,0.000547028040027042,1223,0,1,0,FALSE,FALSE
"ACACA+ACLY+HNF4A",3,1223,262090.583334902,262003.2333349,0.000333281718443601,1223,0,1,0,FALSE,FALSE
"ACACA+ACLY+ITPR1",3,1223,262094.516668235,261984.609525375,0.000419341633914772,1223,0,1,0,FALSE,FALSE
"ACACA+ACLY+KEAP1",3,1223,262109.050001568,262028.669049185,0.00030666988561634,1223,0,1,0,TRUE,TRUE
"ACACA+ACLY+LPL",3,1223,262106.683334902,261922.026192041,0.000704511386397155,1223,0,1,0,TRUE,TRUE
"ACACA+ACLY+MGLL",3,1223,262193.866668235,262075.783334901,0.000450366497257937,1223,0,1,0,TRUE,TRUE
"ACACA+ACLY+NR1H4",3,1223,262137.466668236,262041.226192043,0.000367137431423137,1223,0,1,0,TRUE,TRUE
"ACACA+ACLY+RARA",3,1223,262115.450001569,262010.416668232,0.000400714011082659,1223,0,1,0,TRUE,TRUE
"ACACA+ACLY+RXRA",3,1223,262116.900001569,262022.516668233,0.000360081068163098,1223,0,1,0,FALSE,FALSE
"ACACA+ACLY+SIRT3",3,1223,262135.583334902,262053.700001567,0.000312370157053321,1223,0,1,0,TRUE,TRUE
"ACACA+ACLY+SOD2",3,1223,262110.316668236,261975.585715852,0.00051402384345911,1223,0,1,0,FALSE,FALSE
"ACACA+ACLY+SQLE",3,1223,262196.300001568,262112.828572995,0.000318354715805214,1223,0,1,0,TRUE,TRUE
"ACACA+ACTG1+ADIPOQ",3,1223,262079.116668236,262051.566668235,0.000105120928179714,1223,0,1,0,FALSE,FALSE
"ACACA+ACTG1+FASN",3,1223,262116.833334902,262001.709525376,0.000439207997673829,1223,0,1,0,FALSE,FALSE
"ACACA+ADIPOQ+BGLAP",3,1223,262070.283334902,262006.800001567,0.000242237816997726,1223,0,1,0,FALSE,FALSE
"ACACA+ADIPOQ+CDK5",3,1223,262044.800001569,261926.578572994,0.000451149683466712,1223,0,1,0,FALSE,FALSE
"ACACA+ADIPOQ+CYP51A1",3,1223,262149.283334903,262113.466668235,0.00013662698677519,1223,0,1,0,FALSE,FALSE
"ACACA+ADIPOQ+CYP7A1",3,1223,262086.850001569,261984.388096805,0.000390946378131085,1223,0,1,0,FALSE,FALSE
"ACACA+ADIPOQ+EGR1",3,1223,262037.950001568,261996.266668234,0.000159073650721875,1223,0,1,0,FALSE,FALSE
"ACACA+ADIPOQ+ESRRA",3,1223,262092.250001568,262047.016668234,0.00017258554319699,1223,0,1,0,FALSE,FALSE
"ACACA+ADIPOQ+HNF4A",3,1223,262039.983334902,261982.666668234,0.000218732522947351,1223,0,1,0,FALSE,FALSE
"ACACA+ADIPOQ+ITPR1",3,1223,262043.916668234,261964.042858709,0.000304810775771158,1223,0,1,0,FALSE,FALSE
"ACACA+ADIPOQ+KCNJ11",3,1223,262085.833334902,261424.20476346,0.00252447285312174,1221,0.00163532297628777,2,0.00326796948289265,FALSE,FALSE
"ACACA+ADIPOQ+KEAP1",3,1223,262058.450001568,262008.185715852,0.000191805628536157,1223,0,1,0,FALSE,FALSE
"ACACA+ADIPOQ+MGLL",3,1223,262143.266668236,262055.933334901,0.000333151159838452,1223,0,1,0,FALSE,FALSE
"ACACA+ADIPOQ+NCOA2",3,1223,262089.000001569,262052.833334901,0.000137993836702099,1223,0,1,0,FALSE,FALSE
"ACACA+ADIPOQ+NR1H4",3,1223,262086.866668235,262020.576192043,0.000252933224141882,1223,0,1,0,FALSE,FALSE
"ACACA+ADIPOQ+PTGS1",3,1223,262090.233334901,262033.366668234,0.000216973619902805,1223,0,1,0,FALSE,FALSE
"ACACA+ADIPOQ+RARA",3,1223,262064.850001569,261989.933334899,0.000285870717377734,1223,0,1,0,FALSE,FALSE
"ACACA+ADIPOQ+SIRT3",3,1223,262084.983334902,262038.150001567,0.00017869521839331,1223,0,1,0,FALSE,FALSE
"ACACA+ADIPOQ+SOD2",3,1223,262059.716668236,261955.235715852,0.000398691388785344,1223,0,1,0,FALSE,FALSE
"ACACA+ADIPOQ+SQLE",3,1223,262145.700001568,262092.878572996,0.000201496452440608,1223,0,1,0,FALSE,FALSE
"ACACA+ADIPOQ+TRPV1",3,1223,262074.683334902,261610.683334895,0.00177048768733512,1222,0.000817661488143884,2,0.00163532297628777,FALSE,FALSE
"ACACA+ALDH1B1+ALDH2",3,1223,262265.3833349,262210.333334901,0.000209901891356168,1223,0,1,0,TRUE,TRUE
"ACACA+ALDH1B1+CS",3,1223,262225.733334901,262154.40238252,0.000272021176080051,1223,0,1,0,FALSE,FALSE
"ACACA+ALDH1B1+DGAT1",3,1223,262242.550001567,262079.85238252,0.000620408926948146,1223,0,1,0,FALSE,FALSE
"ACACA+ALDH1B1+FASN",3,1223,262195.566668234,262081.809525377,0.000433863715938898,1223,0,1,0,TRUE,TRUE
"ACACA+ALDH2+CS",3,1223,262206.516668234,262121.40238252,0.000324607819803369,1223,0,1,0,FALSE,FALSE
"ACACA+ALDH2+DGAT1",3,1223,262223.333334901,262047.069049187,0.000672191461652982,1223,0,1,0,FALSE,FALSE
"ACACA+ALDH2+FASN",3,1223,262176.350001568,262048.259525377,0.000488566097554655,1223,0,1,0,FALSE,FALSE
"ACACA+ALDH2+MDH2",3,1223,262235.133334901,262172.450001568,0.000239034840737951,1223,0,1,0,FALSE,TRUE
"ACACA+ALDH3A1+CS",3,1223,262205.500001568,262110.254763472,0.000363246530277972,1223,0,1,0,FALSE,FALSE
"ACACA+ALDH3A1+DGAT1",3,1223,262222.316668234,262038.704763472,0.000700214638840846,1223,0,1,0,FALSE,FALSE
"ACACA+ALDH3A1+FASN",3,1223,262175.333334901,262040.011906329,0.000516148589767673,1223,0,1,0,FALSE,FALSE
"ACACA+APOB+CALR",3,1223,262052.883334902,261955.278572995,0.000372462079655911,1223,0,1,0,FALSE,FALSE
"ACACA+APOB+CS",3,1223,262102.033334902,261963.888096804,0.000527066640193863,1223,0,1,0,FALSE,FALSE
"ACACA+APOB+CYP7A1",3,1223,262089.900001569,261929.566668232,0.000611749378115478,1223,0,1,0,FALSE,FALSE
"ACACA+APOB+DGAT1",3,1223,262118.850001569,261889.421430137,0.000875284518569885,1223,0,1,0,FALSE,FALSE
"ACACA+BGLAP+FASN",3,1223,262108.000001568,261957.292858708,0.000574981087411053,1223,0,1,0,FALSE,FALSE
"ACACA+CALR+FASN",3,1223,262087.550001568,261961.685715852,0.000480237560753105,1223,0,1,0,FALSE,FALSE
"ACACA+CALR+ITPR1",3,1223,262062.650001568,261978.152382518,0.000322432895528468,1223,0,1,0,FALSE,FALSE
"ACACA+CEBPA+CS",3,1223,262093.900001569,262001.635715853,0.000352027596657756,1223,0,1,0,FALSE,FALSE
"ACACA+CEBPA+DGAT1",3,1223,262110.716668236,261927.185715852,0.000700203924190235,1223,0,1,0,FALSE,FALSE
"ACACA+CEBPA+FABP4",3,1223,262071.633334902,262007.950001567,0.000242999719292092,1223,0,1,0,FALSE,FALSE
"ACACA+CEBPA+FASN",3,1223,262063.733334902,261928.442858709,0.000516250281834885,1223,0,1,0,FALSE,FALSE
"ACACA+CEBPA+HNF4A",3,1223,262034.900001568,261963.300001567,0.000273246044710795,1223,0,1,0,FALSE,FALSE
"ACACA+CEBPA+LPL",3,1223,262051.000001568,261890.559525375,0.000612249051489822,1223,0,1,0,FALSE,FALSE
"ACACA+CEBPA+RARA",3,1223,262059.766668236,261970.300001566,0.000341397948289801,1223,0,1,0,FALSE,FALSE
"ACACA+CEBPA+RXRA",3,1223,262061.216668235,261982.5833349,0.000300057117704866,1223,0,1,0,FALSE,FALSE
"ACACA+CFTR+CS",3,1223,262143.283334902,261652.0380968,0.00187395698967707,1222,0.000817661488143884,2,0.00163532297628777,FALSE,FALSE
"ACACA+CS+ESRRA",3,1223,262160.133334902,262070.10238252,0.000343419692525493,1223,0,1,0,TRUE,TRUE
"ACACA+CS+FABP4",3,1223,262144.600001568,262050.585715852,0.000358635217797887,1223,0,1,0,TRUE,TRUE
"ACACA+CS+HNF4A",3,1223,262107.866668235,262005.752382519,0.000389588786533723,1223,0,1,0,FALSE,FALSE
"ACACA+CS+ITPR1",3,1223,262111.800001568,261987.311906328,0.00047494273527604,1223,0,1,0,FALSE,FALSE
"ACACA+CS+KEAP1",3,1223,262126.333334902,262031.454763471,0.000361957420392689,1223,0,1,0,FALSE,FALSE
"ACACA+CS+LPL",3,1223,262123.966668235,261896.39523966,0.000868182453775734,1223,0,1,0,FALSE,FALSE
"ACACA+CS+MGLL",3,1223,262211.150001568,262073.921430139,0.000523351396108707,1223,0,1,0,TRUE,TRUE
"ACACA+CS+NCOA2",3,1223,262156.883334902,262075.919049186,0.000308839061122335,1223,0,1,0,FALSE,FALSE
"ACACA+CS+NR1H4",3,1223,262154.750001569,262043.778572996,0.00042330504624688,1223,0,1,0,FALSE,FALSE
"ACACA+CS+RARA",3,1223,262132.733334903,262012.719049185,0.000457837844939357,1223,0,1,0,FALSE,FALSE
"ACACA+CS+RXRA",3,1223,262134.183334903,262025.035715852,0.000416380716402709,1223,0,1,0,FALSE,FALSE
"ACACA+CS+SIRT3",3,1223,262152.866668236,262056.319049186,0.000368287481563812,1223,0,1,0,TRUE,TRUE
"ACACA+CS+SQLE",3,1223,262213.5833349,262116.197620614,0.000371398434235171,1223,0,1,0,TRUE,TRUE
"ACACA+CYP51A1+DGAT1",3,1223,262233.983334901,262062.502382521,0.000653923454921213,1223,0,1,0,TRUE,TRUE
"ACACA+CYP51A1+FASN",3,1223,262187.000001568,262063.326192044,0.000471700769006933,1223,0,1,0,FALSE,TRUE
"ACACA+CYP51A1+SQLE",3,1223,262263.8833349,262208.078572995,0.000212780963946058,1223,0,1,0,FALSE,TRUE
"ACACA+CYP7A1+DGAT1",3,1223,262171.550001569,261925.590477757,0.000938162526829545,1223,0,1,0,FALSE,FALSE
"ACACA+CYP7A1+FASN",3,1223,262124.566668235,261933.347620613,0.000729496857363676,1223,0,1,0,FALSE,FALSE
"ACACA+CYP7A1+HNF4A",3,1223,262095.733334902,261972.504763471,0.000470166262773186,1223,0,1,0,FALSE,FALSE
"ACACA+CYP7A1+NR1H4",3,1223,262142.616668236,261994.164287281,0.000566303880085939,1223,0,1,0,FALSE,FALSE
"ACACA+CYP7A1+RXRA",3,1223,262122.050001569,261986.338096804,0.000517743184003883,1223,0,1,0,FALSE,FALSE
"ACACA+CYP7A1+SQLE",3,1223,262201.450001567,262080.716668233,0.000460460204677382,1223,0,1,0,FALSE,FALSE
"ACACA+DGAT1+FABP4",3,1223,262161.416668235,261977.269049186,0.000702420750505195,1223,0,1,0,FALSE,FALSE
"ACACA+DGAT1+HNF4A",3,1223,262124.683334902,261931.019049186,0.000738825063145376,1223,0,1,0,FALSE,FALSE
"ACACA+DGAT1+MGLL",3,1223,262227.966668234,262003.785715853,0.000854908632474172,1223,0,1,0,TRUE,TRUE
"ACACA+DGAT1+NCOA2",3,1223,262173.700001569,262002.369049186,0.000653501676108448,1223,0,1,0,FALSE,FALSE
"ACACA+DGAT1+NR1H4",3,1223,262171.566668235,261969.611906329,0.000770315272831223,1223,0,1,0,FALSE,FALSE
"ACACA+DGAT1+RXRA",3,1223,262151.00000157,261950.569049185,0.000764562989969741,1223,0,1,0,FALSE,FALSE
"ACACA+DGAT1+SQLE",3,1223,262230.400001567,262042.047620614,0.000718270577902413,1223,0,1,0,TRUE,TRUE
"ACACA+DGAT1+TRPV1",3,1223,262159.383334903,261561.552382513,0.00228041027860326,1222,0.000817661488143884,2,0.00163532297628777,FALSE,FALSE
"ACACA+EGR1+FASN",3,1223,262075.666668235,261946.409525375,0.000493205433769406,1223,0,1,0,FALSE,FALSE
"ACACA+ESRRA+FASN",3,1223,262129.966668235,261994.126192042,0.000518218034814333,1223,0,1,0,TRUE,TRUE
"ACACA+ESRRA+NCOA2",3,1223,262150.150001569,262103.550001568,0.000177760722244957,1223,0,1,0,TRUE,TRUE
"ACACA+FABP4+LPL",3,1223,262101.700001568,261932.026192041,0.000647358676138632,1223,0,1,0,FALSE,TRUE
"ACACA+FABP4+RXRA",3,1223,262111.916668236,262032.900001566,0.000301461557618676,1223,0,1,0,FALSE,FALSE
"ACACA+FASN+GOT1",3,1223,262164.733334901,262034.769049186,0.000495735196959668,1223,0,1,0,TRUE,TRUE
"ACACA+FASN+GSR",3,1223,262130.900001568,261931.17619204,0.00076192394535135,1223,0,1,0,FALSE,FALSE
"ACACA+FASN+HNF4A",3,1223,262077.700001568,261932.726192042,0.000553171099736627,1223,0,1,0,FALSE,FALSE
"ACACA+FASN+MDH2",3,1223,262165.316668235,262015.492858709,0.000571486005204624,1223,0,1,0,TRUE,TRUE
"ACACA+FASN+MGLL",3,1223,262180.983334901,262005.709525376,0.000668522206667577,1223,0,1,0,FALSE,TRUE
"ACACA+FASN+NCOA2",3,1223,262126.716668235,262002.242858709,0.000474861208763167,1223,0,1,0,FALSE,TRUE
"ACACA+FASN+NR1H4",3,1223,262124.583334902,261970.502382518,0.000587815726489027,1223,0,1,0,FALSE,TRUE
"ACACA+FASN+PLA2G2A",3,1223,262152.766668235,262023.085715853,0.000494677031376844,1223,0,1,0,TRUE,TRUE
"ACACA+FASN+RARA",3,1223,262102.566668235,261939.992858707,0.000620267903495009,1223,0,1,0,FALSE,FALSE
"ACACA+FASN+RXRA",3,1223,262104.016668235,261952.009525375,0.000579949688649495,1223,0,1,0,FALSE,FALSE
"ACACA+FASN+SIRT3",3,1223,262122.700001568,261986.359525375,0.000520139904679251,1223,0,1,0,TRUE,TRUE
"ACACA+FASN+SOD2",3,1223,262097.433334902,261905.428572994,0.000732570172341629,1223,0,1,0,FALSE,FALSE
"ACACA+GOT1+MDH2",3,1223,262223.516668234,262153.409525378,0.000267356428390042,1223,0,1,0,TRUE,TRUE
"ACACA+GSR+KEAP1",3,1223,262120.533334901,261995.185715851,0.000478206027799244,1223,0,1,0,FALSE,FALSE
"ACACA+GSR+SOD2",3,1223,262121.800001569,261939.719049184,0.000694642537874102,1223,0,1,0,FALSE,FALSE
"ACACA+HNF4A+NCOA2",3,1223,262097.883334902,262039.783334901,0.000221672908083281,1223,0,1,0,FALSE,FALSE
"ACACA+HNF4A+NR1H4",3,1223,262095.750001569,262006.626192043,0.000340042940508822,1223,0,1,0,FALSE,FALSE
"ACACA+LPL+MGLL",3,1223,262168.250001568,261961.192858708,0.000789787256307406,1223,0,1,0,FALSE,TRUE
"ACACA+MGLL+TRPV1",3,1223,262186.850001568,261693.533334896,0.00188154618231173,1222,0.000817661488143884,2,0.00163532297628777,TRUE,TRUE
"ACACA+NCOA2+NR1H4",3,1223,262144.766668235,262076.059525377,0.000262096183462068,1223,0,1,0,FALSE,TRUE
"ACACA+NCOA2+RARA",3,1223,262122.750001569,262045.166668233,0.000295980922433103,1223,0,1,0,FALSE,FALSE
"ACACA+NCOA2+RXRA",3,1223,262124.200001569,262053.3333349,0.000270355299771263,1223,0,1,0,FALSE,FALSE
"ACACA+NR1H4+RXRA",3,1223,262122.066668236,262022.842858709,0.000378540466994814,1223,0,1,0,FALSE,FALSE
"ACACA+PLA2G2A+PLA2G4A",3,1223,262174.166668235,262068.49285871,0.000403067208596064,1223,0,1,0,TRUE,TRUE
"ACACA+PLA2G2A+PTGS1",3,1223,262174.183334902,262108.476192044,0.000250624001271627,1223,0,1,0,TRUE,TRUE
"ACACA+PLA2G4A+PTGS1",3,1223,262149.350001568,262058.016668233,0.000348401906525742,1223,0,1,0,TRUE,TRUE
"ACACA+RARA+RXRA",3,1223,262100.050001571,261965.800001566,0.000512208982807238,1223,0,1,0,FALSE,FALSE
"ACACA+SIRT3+SOD2",3,1223,262113.60000157,261996.45238252,0.000446934531628584,1223,0,1,0,FALSE,FALSE
"ACE2+ACTG1+TJP1",3,1223,262053.60000157,261951.678572997,0.000388933518074452,1223,0,1,0,FALSE,FALSE
"ACE2+ADIPOQ+APOB",3,1223,262006.133334901,261915.652382519,0.000345339062221894,1223,0,1,0,FALSE,FALSE
"ACE2+ADIPOQ+CEBPA",3,1223,261998.000001568,261954.516668234,0.000165968188054033,1223,0,1,0,FALSE,FALSE
"ACE2+ADIPOQ+FURIN",3,1223,262063.916668235,262018.5833349,0.000172985788775448,1223,0,1,0,FALSE,FALSE
"ACE2+ADIPOQ+LPL",3,1223,262028.066668234,261878.059525375,0.000572485019510682,1223,0,1,0,FALSE,FALSE
"ACE2+ADIPOQ+NRP1",3,1223,262059.366668235,262011.950001567,0.000180938644821493,1223,0,1,0,FALSE,FALSE
"ACE2+AGTR1+APOB",3,1223,262047.666668235,261945.011906328,0.000391740797435758,1223,0,1,0,FALSE,FALSE
"ACE2+AGTR1+C3",3,1223,262099.383334901,262051.559525377,0.000182464410699135,1223,0,1,0,FALSE,FALSE
"ACE2+AGTR1+CAMP",3,1223,262105.350001568,261729.192858705,0.00143513721815047,1222,0.000817661488143884,2,0.00163532297628777,TRUE,TRUE
"ACE2+AGTR1+GRIN2A",3,1223,262070.116668235,261939.723811089,0.000497549506230044,1223,0,1,0,FALSE,FALSE
"ACE2+AGTR1+GRIN2B",3,1223,262041.266668235,261918.63571585,0.000467983359811242,1223,0,1,0,FALSE,FALSE
"ACE2+AGTR1+GRM5",3,1223,262120.050001568,262028.504763471,0.000349249277557862,1223,0,1,0,FALSE,TRUE
"ACE2+AGTR1+MPO",3,1223,262084.283334901,261980.578572994,0.000395692410806281,1223,0,1,0,FALSE,FALSE
"ACE2+AGTR1+NPY",3,1223,262060.916668234,261498.111906321,0.00214761044519163,1222,0.000817661488143884,2,0.00163532297628777,FALSE,FALSE
"ACE2+AGTR1+PLG",3,1223,262091.583334902,261931.195239661,0.000611954390904668,1223,0,1,0,FALSE,FALSE
"ACE2+AGTR1+SPP1",3,1223,262061.400001569,261990.559525377,0.000270320147079173,1223,0,1,0,FALSE,FALSE
"ACE2+AGTR1+STAT4",3,1223,262089.550001568,261968.240477756,0.000462855248563709,1223,0,1,0,TRUE,TRUE
"ACE2+AGTR1+TAC1",3,1223,262071.883334902,261651.842858704,0.0016027681827322,1222,0.000817661488143884,2,0.00163532297628777,FALSE,FALSE
"ACE2+AGTR1+TFRC",3,1223,262077.700001568,261978.795239662,0.000377387171461407,1223,0,1,0,FALSE,TRUE
"ACE2+AGTR1+THBS1",3,1223,262063.300001569,262007.942858711,0.000211235769594365,1223,0,1,0,FALSE,FALSE
"ACE2+AGTR1+TJP1",3,1223,262047.116668236,261925.521430139,0.000464020515253516,1223,0,1,0,FALSE,FALSE
"ACE2+AGTR1+TNFSF11",3,1223,262063.783334902,262008.34285871,0.000211553368750117,1223,0,1,0,FALSE,FALSE
"ACE2+APOB+C3",3,1223,262060.900001568,261966.452382519,0.000360403322466785,1223,0,1,0,FALSE,FALSE
"ACE2+APOB+CALR",3,1223,262024.866668234,261931.845239662,0.000355009926178873,1223,0,1,0,FALSE,FALSE
"ACE2+APOB+CANX",3,1223,262063.750001568,261979.369049186,0.000321986357830539,1223,0,1,0,FALSE,FALSE
"ACE2+APOB+EPOR",3,1223,262065.000001568,261973.102382519,0.00035066727357147,1223,0,1,0,FALSE,FALSE
"ACE2+APOB+F2",3,1223,262044.883334901,261927.552382518,0.000447751358050197,1223,0,1,0,FALSE,FALSE
"ACE2+APOB+FURIN",3,1223,262066.966668235,261962.085715852,0.00040020668654428,1223,0,1,0,FALSE,FALSE
"ACE2+APOB+ITGA5",3,1223,262048.716668235,261634.96904918,0.00157889580347836,1222,0.000817661488143884,2,0.00163532297628777,FALSE,FALSE
"ACE2+APOB+MPO",3,1223,262045.800001568,261897.238096803,0.000566931066110166,1223,0,1,0,FALSE,FALSE
"ACE2+APOB+NRP1",3,1223,262062.416668235,261955.452382518,0.000408163395103411,1223,0,1,0,FALSE,FALSE
"ACE2+APOB+PLA2G7",3,1223,262098.066668235,261982.854763472,0.000439575561270167,1223,0,1,0,FALSE,FALSE
"ACE2+APOB+TFRC",3,1223,262039.216668234,261896.421430137,0.000544938425297348,1223,0,1,0,FALSE,FALSE
"ACE2+ATF4+BGLAP",3,1223,262061.100001568,261997.200001567,0.00024383626566904,1223,0,1,0,FALSE,FALSE
"ACE2+ATF4+EIF2AK2",3,1223,262064.883334902,262003.726192044,0.000233366417049186,1223,0,1,0,FALSE,FALSE
"ACE2+ATF4+FURIN",3,1223,262082.750001568,262028.3833349,0.000207440843274398,1223,0,1,0,FALSE,FALSE
"ACE2+ATF4+ITGA5",3,1223,262064.500001568,261701.216668229,0.00138623634005064,1222,0.000817661488143884,2,0.00163532297628777,FALSE,FALSE
"ACE2+ATF4+NRP1",3,1223,262078.200001568,262021.8333349,0.000215075754746552,1223,0,1,0,FALSE,FALSE
"ACE2+BGLAP+COL1A1",3,1223,262084.383334902,261983.850001567,0.000383591467966404,1223,0,1,0,FALSE,FALSE
"ACE2+BGLAP+COL1A2",3,1223,262102.466668235,262048.666668234,0.000205263234203779,1223,0,1,0,FALSE,FALSE
"ACE2+BGLAP+CTSK",3,1223,262099.533334902,261994.059525376,0.000402418913850511,1223,0,1,0,FALSE,FALSE
"ACE2+BGLAP+FGF23",3,1223,262118.116668235,262050.8333349,0.000256690892602829,1223,0,1,0,TRUE,TRUE
"ACE2+BGLAP+ITGA5",3,1223,262084.850001568,261701.000001562,0.00146460201726473,1222,0.000817661488143884,2,0.00163532297628777,FALSE,FALSE
"ACE2+BGLAP+NRP1",3,1223,262098.550001568,262021.516668233,0.000293909803525949,1223,0,1,0,FALSE,FALSE
"ACE2+BGLAP+SPP1",3,1223,262059.050001569,261967.816668234,0.000348140365062588,1223,0,1,0,FALSE,FALSE
"ACE2+BGLAP+TNFSF11",3,1223,262061.433334902,261989.516668234,0.000274426747017054,1223,0,1,0,FALSE,FALSE
"ACE2+BTK+EPOR",3,1223,262118.416668235,262062.209525377,0.000214434161370014,1223,0,1,0,FALSE,FALSE
"ACE2+BTK+SYK",3,1223,262086.800001569,262023.909525378,0.000239960487100732,1223,0,1,0,FALSE,FALSE
"ACE2+C3+EPOR",3,1223,262116.716668235,262079.483334901,0.000142048678951623,1223,0,1,0,FALSE,FALSE
"ACE2+C3+F2",3,1223,262096.600001568,262030.516668233,0.000252133500908802,1223,0,1,0,FALSE,FALSE
"ACE2+C3+FURIN",3,1223,262118.683334901,262068.216668233,0.000192533649359783,1223,0,1,0,FALSE,TRUE
"ACE2+C3+ITGA5",3,1223,262100.433334901,261741.300001562,0.00137021266531223,1222,0.000817661488143884,2,0.00163532297628777,FALSE,FALSE
"ACE2+C3+MPO",3,1223,262097.516668235,262001.102382518,0.000367856540351763,1223,0,1,0,FALSE,FALSE
"ACE2+C3+NRP1",3,1223,262114.133334902,262061.816668234,0.000199594985598073,1223,0,1,0,FALSE,FALSE
"ACE2+C3+PLG",3,1223,262104.816668235,261953.678572994,0.000576632269341126,1223,0,1,0,FALSE,FALSE
"ACE2+CALR+ITGA5",3,1223,262064.400001568,261705.742858705,0.00136858399256456,1222,0.000817661488143884,2,0.00163532297628777,FALSE,FALSE
"ACE2+CALR+ITPR1",3,1223,262034.633334901,261954.469049185,0.000305930115786168,1223,0,1,0,FALSE,FALSE
"ACE2+CALR+ITPR3",3,1223,262046.333334901,262013.99285871,0.000123415106708991,1223,0,1,0,FALSE,FALSE
"ACE2+CALR+THBS1",3,1223,262040.500001569,261995.309525377,0.000172456075267724,1223,0,1,0,FALSE,FALSE
"ACE2+CAMP+MPO",3,1223,262103.483334901,261683.61904918,0.00160190273085936,1222,0.000817661488143884,2,0.00163532297628777,FALSE,TRUE
"ACE2+CANX+ITPR1",3,1223,262073.516668235,262001.569049186,0.000274532199833866,1223,0,1,0,FALSE,FALSE
"ACE2+CANX+ITPR3",3,1223,262085.216668235,262058.676192044,0.000101266590036175,1223,0,1,0,FALSE,FALSE
"ACE2+CD274+FURIN",3,1223,262077.550001568,262033.566668234,0.00016782564296014,1223,0,1,0,FALSE,FALSE
"ACE2+CD274+IDO1",3,1223,262061.266668235,261920.759525375,0.000536161427615367,1223,0,1,0,FALSE,FALSE
"ACE2+CD274+ITGA5",3,1223,262059.300001568,261706.316668229,0.00134695976573673,1222,0.000817661488143884,2,0.00163532297628777,FALSE,FALSE
"ACE2+CD274+NRP1",3,1223,262073.000001568,262026.933334901,0.000175777995701676,1223,0,1,0,FALSE,FALSE
"ACE2+CEBPA+EPOR",3,1223,262056.866668235,262011.383334901,0.000173562837380903,1223,0,1,0,FALSE,FALSE
"ACE2+CEBPA+FURIN",3,1223,262058.833334901,262000.450001567,0.000222787122234114,1223,0,1,0,FALSE,FALSE
"ACE2+CEBPA+ITGA5",3,1223,262040.583334901,261673.200001562,0.0014020092943765,1222,0.000817661488143884,2,0.00163532297628777,FALSE,FALSE
"ACE2+CEBPA+LPL",3,1223,262022.983334901,261868.326192042,0.000590242660741147,1223,0,1,0,FALSE,FALSE
"ACE2+CEBPA+NRP1",3,1223,262054.283334901,261993.816668233,0.000230740997241186,1223,0,1,0,FALSE,FALSE
"ACE2+COL1A1+COL1A2",3,1223,262105.400001568,262027.216668235,0.00029828967023604,1223,0,1,0,FALSE,FALSE
"ACE2+COL1A1+FURIN",3,1223,262106.033334901,262020.3333349,0.000326966910721427,1223,0,1,0,FALSE,FALSE
"ACE2+COL1A1+NRP1",3,1223,262101.483334902,262013.950001567,0.000333967332884377,1223,0,1,0,FALSE,FALSE
"ACE2+COL1A1+SPP1",3,1223,262061.983334902,261965.016668235,0.000370014244088224,1223,0,1,0,FALSE,FALSE
"ACE2+COL1A1+THBS1",3,1223,262063.883334903,261975.300001569,0.000338021905982755,1223,0,1,0,FALSE,FALSE
"ACE2+COL1A1+VWF",3,1223,262071.433334902,261995.216668235,0.000290824015793945,1223,0,1,0,FALSE,FALSE
"ACE2+COL1A2+FURIN",3,1223,262124.116668235,262083.850001567,0.000153616794897005,1223,0,1,0,FALSE,TRUE
"ACE2+COL1A2+NRP1",3,1223,262119.566668235,262077.383334901,0.000160931646082996,1223,0,1,0,TRUE,TRUE
"ACE2+CRH+NPY",3,1223,262069.366668234,261520.402382512,0.00209472893646967,1222,0.000817661488143884,2,0.00163532297628777,FALSE,FALSE
"ACE2+CRH+TAC1",3,1223,262080.333334902,261675.200001561,0.00154583645474349,1222,0.000817661488143884,2,0.00163532297628777,TRUE,TRUE
"ACE2+CTSK+FURIN",3,1223,262121.183334901,262028.959525376,0.000351836537405781,1223,0,1,0,FALSE,TRUE
"ACE2+CTSK+ITGA5",3,1223,262102.933334902,261702.259525372,0.00152868876525736,1222,0.000817661488143884,2,0.00163532297628777,FALSE,FALSE
"ACE2+CTSK+NFATC1",3,1223,262092.866668235,262011.74285871,0.00030952314939392,1223,0,1,0,FALSE,FALSE
"ACE2+CTSK+SPP1",3,1223,262077.133334902,261975.709525377,0.000386999843270397,1223,0,1,0,FALSE,FALSE
"ACE2+CTSK+TNFSF11",3,1223,262079.516668236,261988.309525377,0.000348013244294121,1223,0,1,0,FALSE,FALSE
"ACE2+CYP11B2+FURIN",3,1223,262149.866668235,262084.409525376,0.000249693595845368,1223,0,1,0,TRUE,TRUE
"ACE2+EGR1+NRP1",3,1223,262066.216668235,262011.166668233,0.000210061413871698,1223,0,1,0,FALSE,FALSE
"ACE2+EIF2AK2+EIF2S1",3,1223,262123.166668235,261744.083334897,0.00144620308901788,1222,0.000817661488143884,2,0.00163532297628777,TRUE,TRUE
"ACE2+EIF2AK2+EPOR",3,1223,262104.916668235,262049.109525377,0.000212919099600417,1223,0,1,0,FALSE,TRUE
"ACE2+EIF2AK2+FURIN",3,1223,262106.883334902,262038.176192043,0.000262134065249775,1223,0,1,0,FALSE,TRUE
"ACE2+EIF2AK2+NRP1",3,1223,262102.333334902,262031.54285871,0.000270087165159527,1223,0,1,0,TRUE,TRUE
"ACE2+EPOR+F2",3,1223,262100.700001568,262041.600001567,0.000225485853341034,1223,0,1,0,FALSE,FALSE
"ACE2+EPOR+IDO1",3,1223,262106.500001568,261960.092858709,0.000558578832874468,1223,0,1,0,FALSE,FALSE
"ACE2+EPOR+LPL",3,1223,262086.933334901,261935.692858709,0.000577062252849148,1223,0,1,0,FALSE,FALSE
"ACE2+EPOR+MPO",3,1223,262101.616668235,262008.502382519,0.00035526024944077,1223,0,1,0,FALSE,FALSE
"ACE2+EPOR+NPY",3,1223,262078.250001568,261526.202382512,0.00210642286817919,1222,0.000817661488143884,2,0.00163532297628777,FALSE,FALSE
"ACE2+EPOR+PTGS1",3,1223,262121.083334902,262066.166668234,0.000209508773459488,1223,0,1,0,FALSE,FALSE
"ACE2+EPOR+SPP1",3,1223,262078.733334903,262018.566668235,0.000229574776641317,1223,0,1,0,FALSE,FALSE
"ACE2+EPOR+STAT4",3,1223,262106.883334902,261996.847620614,0.000419812379162887,1223,0,1,0,FALSE,TRUE
"ACE2+EPOR+TAC1",3,1223,262089.216668236,261680.150001562,0.00156079167191114,1222,0.000817661488143884,2,0.00163532297628777,FALSE,FALSE
"ACE2+EPOR+TFRC",3,1223,262095.033334902,261997.319049186,0.000372820058711087,1223,0,1,0,TRUE,TRUE
"ACE2+EPOR+THBS1",3,1223,262080.633334903,262035.950001569,0.000170494602235283,1223,0,1,0,FALSE,FALSE
"ACE2+EPOR+TJP1",3,1223,262064.45000157,261953.528572997,0.000423260112435098,1223,0,1,0,FALSE,FALSE
"ACE2+EPOR+TNFSF11",3,1223,262081.116668236,262036.183334902,0.000171448190947499,1223,0,1,0,FALSE,FALSE
"ACE2+F2+ITGA5",3,1223,262084.416668235,261703.500001561,0.00145341211627859,1222,0.000817661488143884,2,0.00163532297628777,FALSE,FALSE
"ACE2+F2+NRP1",3,1223,262098.116668235,262024.283334899,0.000281701121220834,1223,0,1,0,FALSE,FALSE
"ACE2+F2+PLG",3,1223,262088.800001568,261910.58571585,0.000679976731995047,1223,0,1,0,FALSE,FALSE
"ACE2+F2+VWF",3,1223,262068.066668235,262002.766668233,0.000249171907252377,1223,0,1,0,FALSE,FALSE
"ACE2+FGF23+FURIN",3,1223,262139.766668235,262085.350001566,0.000207586461832721,1223,0,1,0,TRUE,TRUE
"ACE2+FGF23+ITGA5",3,1223,262121.516668235,261758.016668229,0.00138676139458815,1222,0.000817661488143884,2,0.00163532297628777,FALSE,FALSE
"ACE2+FGF23+NRP1",3,1223,262135.216668235,262079.066668233,0.000214202428484356,1223,0,1,0,TRUE,TRUE
"ACE2+FURIN+GRM5",3,1223,262139.350001568,262046.311906328,0.000354918463172926,1223,0,1,0,TRUE,TRUE
"ACE2+FURIN+IDO1",3,1223,262108.466668235,261949.192858707,0.00060766373384169,1223,0,1,0,FALSE,FALSE
"ACE2+FURIN+MAP3K5",3,1223,262071.733334901,262015.083334899,0.000216162190712632,1223,0,1,0,FALSE,FALSE
"ACE2+FURIN+MPO",3,1223,262103.583334901,261997.485715851,0.00040479270714433,1223,0,1,0,FALSE,TRUE
"ACE2+FURIN+NOS2",3,1223,262080.183334901,262035.8833349,0.000169032238292455,1223,0,1,0,FALSE,TRUE
"ACE2+FURIN+NPPA",3,1223,262118.466668235,262061.300001567,0.000218094769875221,1223,0,1,0,TRUE,TRUE
"ACE2+FURIN+NPY",3,1223,262080.216668234,261515.819049178,0.00215353003836494,1222,0.000817661488143884,2,0.00163532297628777,FALSE,FALSE
"ACE2+FURIN+NQO1",3,1223,262085.633334901,261911.365477754,0.00066492716494948,1223,0,1,0,TRUE,TRUE
"ACE2+FURIN+NTRK1",3,1223,262082.566668234,262036.4333349,0.000176025952130621,1223,0,1,0,FALSE,FALSE
"ACE2+FURIN+PLG",3,1223,262110.883334901,261947.702382517,0.000622564581477913,1223,0,1,0,FALSE,FALSE
"ACE2+FURIN+SPP1",3,1223,262080.700001569,262007.500001567,0.00027930328330783,1223,0,1,0,FALSE,FALSE
"ACE2+FURIN+STAT4",3,1223,262108.850001568,261985.830953947,0.000469343357238694,1223,0,1,0,FALSE,TRUE
"ACE2+FURIN+SYK",3,1223,262091.166668235,262039.116668234,0.000198595018149006,1223,0,1,0,FALSE,FALSE
"ACE2+FURIN+TAC1",3,1223,262091.183334902,261668.866668227,0.00161133488467924,1222,0.000817661488143884,2,0.00163532297628777,FALSE,FALSE
"ACE2+FURIN+TFRC",3,1223,262097.000001568,261995.919049185,0.000385662378365903,1223,0,1,0,TRUE,TRUE
"ACE2+FURIN+THBS1",3,1223,262082.600001569,262024.933334901,0.000220032412177273,1223,0,1,0,FALSE,FALSE
"ACE2+FURIN+TJP1",3,1223,262066.416668236,261942.595239663,0.000472481099057842,1223,0,1,0,FALSE,FALSE
"ACE2+FURIN+TNFSF11",3,1223,262083.083334902,262025.250001567,0.000220667937049335,1223,0,1,0,FALSE,FALSE
"ACE2+FURIN+VWF",3,1223,262090.150001568,262037.066668234,0.000202538452263257,1223,0,1,0,FALSE,FALSE
"ACE2+FURIN+XIAP",3,1223,262081.383334902,262027.309525377,0.000206324496753951,1223,0,1,0,FALSE,FALSE
"ACE2+GRIN2A+GRM5",3,1223,262104.016668234,261938.926192041,0.000629866258029743,1223,0,1,0,FALSE,FALSE
"ACE2+GRIN2A+ITGA5",3,1223,262071.166668234,261630.388096798,0.00168190410658264,1222,0.000817661488143884,2,0.00163532297628777,FALSE,FALSE
"ACE2+GRIN2B+GRM5",3,1223,262075.166668234,261917.104763469,0.000603116681274773,1223,0,1,0,FALSE,FALSE
"ACE2+GRIN2B+ITGA5",3,1223,262042.316668235,261608.542858702,0.00165535786375104,1222,0.000817661488143884,2,0.00163532297628777,FALSE,FALSE
"ACE2+GRM5+ITPR1",3,1223,262091.333334901,261975.738096804,0.000441049448779651,1223,0,1,0,FALSE,FALSE
"ACE2+HDAC6+ITGA5",3,1223,262058.016668235,261085.444049171,0.0037112874142502,1220,0.00245298446443176,3,0.00490061598949754,FALSE,FALSE
"ACE2+HDAC6+NRP1",3,1223,262071.716668235,261405.610715842,0.00254169339927701,1221,0.00163532297628777,2,0.00326796948289265,FALSE,FALSE
"ACE2+IDO1+NRP1",3,1223,262103.916668235,261942.909525374,0.000614287435712679,1223,0,1,0,FALSE,FALSE
"ACE2+ITGA5+LPL",3,1223,262070.650001568,261597.342858703,0.00180602880506398,1222,0.000817661488143884,2,0.00163532297628777,FALSE,FALSE
"ACE2+ITGA5+MPO",3,1223,262085.333334901,261670.285715846,0.00158363542810158,1222,0.000817661488143884,2,0.00163532297628777,FALSE,FALSE
"ACE2+ITGA5+NFATC1",3,1223,262078.183334901,261716.650001562,0.00137948656671372,1222,0.000817661488143884,2,0.00163532297628777,FALSE,FALSE
"ACE2+ITGA5+NTRK1",3,1223,262064.316668234,261709.183334895,0.00135513807394394,1222,0.000817661488143884,2,0.00163532297628777,FALSE,FALSE
"ACE2+ITGA5+PLG",3,1223,262092.633334901,261621.069049179,0.00179922754684825,1222,0.000817661488143884,2,0.00163532297628777,FALSE,FALSE
"ACE2+ITGA5+SYK",3,1223,262072.916668235,261711.86666823,0.00137767001869493,1222,0.000817661488143884,2,0.00163532297628777,FALSE,FALSE
"ACE2+ITGA5+TFRC",3,1223,262078.750001568,261668.852382514,0.00156402462638383,1222,0.000817661488143884,2,0.00163532297628777,FALSE,FALSE
"ACE2+ITGA5+TJP1",3,1223,262048.166668236,261615.261906325,0.00165200454334624,1222,0.000817661488143884,2,0.00163532297628777,FALSE,FALSE
"ACE2+ITGA5+TNFSF11",3,1223,262064.833334902,261698.000001562,0.00139978084305104,1222,0.000817661488143884,2,0.00163532297628777,FALSE,FALSE
"ACE2+ITPR1+ITPR3",3,1223,262040.416668234,261903.521430136,0.000522420319118977,1223,0,1,0,FALSE,FALSE
"ACE2+ITPR1+NRP1",3,1223,262072.183334901,261978.776192042,0.000356417616210858,1223,0,1,0,FALSE,FALSE
"ACE2+ITPR3+NRP1",3,1223,262083.883334901,262038.800001567,0.000172018716911637,1223,0,1,0,FALSE,FALSE
"ACE2+MAP3K5+NRP1",3,1223,262067.183334901,262008.450001566,0.000224115559176119,1223,0,1,0,FALSE,FALSE
"ACE2+MPO+NRP1",3,1223,262099.033334901,261991.335715851,0.000410904297051373,1223,0,1,0,FALSE,FALSE
"ACE2+NFATC1+TNFSF11",3,1223,262054.766668235,261999.4333349,0.000211151791047914,1223,0,1,0,FALSE,FALSE
"ACE2+NOS2+NRP1",3,1223,262075.633334901,262029.250001567,0.000176984532076485,1223,0,1,0,TRUE,TRUE
"ACE2+NQO1+NRP1",3,1223,262081.083334901,261904.865477754,0.000672379154210812,1223,0,1,0,FALSE,TRUE
"ACE2+NRP1+PLG",3,1223,262106.333334901,261941.685715851,0.000628171082155404,1223,0,1,0,FALSE,FALSE
"ACE2+NRP1+SPP1",3,1223,262076.150001569,262001.0833349,0.000286430744148358,1223,0,1,0,FALSE,FALSE
"ACE2+NRP1+STAT4",3,1223,262104.300001568,261979.280953947,0.000476982054933739,1223,0,1,0,TRUE,TRUE
"ACE2+NRP1+TAC1",3,1223,262086.633334902,261662.450001561,0.00161848518538854,1222,0.000817661488143884,2,0.00163532297628777,FALSE,FALSE
"ACE2+NRP1+THBS1",3,1223,262078.050001569,262018.200001568,0.000228367083778935,1223,0,1,0,FALSE,FALSE
"ACE2+NRP1+TJP1",3,1223,262061.866668236,261935.961906329,0.000480439079166839,1223,0,1,0,FALSE,FALSE
"ACE2+NRP1+TNFSF11",3,1223,262078.533334902,262018.700001567,0.000228303068448898,1223,0,1,0,FALSE,FALSE
"ACE2+NRP1+VWF",3,1223,262085.600001569,262030.700001567,0.000209473546051275,1223,0,1,0,FALSE,FALSE
"ACE2+NRP1+XIAP",3,1223,262076.833334903,262020.676192044,0.000214277401568985,1223,0,1,0,FALSE,FALSE
"ACE2+PLG+THBS1",3,1223,262068.733334904,261911.019049187,0.000601805044462389,1223,0,1,0,FALSE,FALSE
"ACE2+PLG+VWF",3,1223,262076.283334903,261921.269049186,0.000591485363514055,1223,0,1,0,FALSE,FALSE
"ACE2+SOD2+STAT4",3,1223,262076.633334903,261901.500001567,0.000668252377588496,1223,0,1,0,FALSE,FALSE
"ACE2+SPP1+THBS1",3,1223,262038.550001571,261967.95000157,0.000269426006214712,1223,0,1,0,FALSE,FALSE
"ACE2+SPP1+TNFSF11",3,1223,262039.033334904,261968.033334903,0.000270951999394198,1223,0,1,0,FALSE,FALSE
"ACE2+SPP1+VWF",3,1223,262046.10000157,261981.033334903,0.00024830236613882,1223,0,1,0,FALSE,FALSE
"ACE2+THBS1+VWF",3,1223,262048.000001571,261996.783334903,0.000195447653358327,1223,0,1,0,FALSE,FALSE
"ACLY+ADIPOQ+APOB",3,1223,262015.266668234,261904.535715852,0.000422612597314465,1223,0,1,0,FALSE,FALSE
"ACLY+ADIPOQ+CEBPA",3,1223,262007.133334901,261943.916668233,0.000241278418122159,1223,0,1,0,FALSE,FALSE
"ACLY+ADIPOQ+CS",3,1223,262080.100001569,261970.485715852,0.000418247267593985,1223,0,1,0,FALSE,FALSE
"ACLY+ADIPOQ+FABP4",3,1223,262057.833334901,261992.3833349,0.000249754030125171,1223,0,1,0,TRUE,TRUE
"ACLY+ADIPOQ+LPL",3,1223,262037.200001568,261866.892858709,0.0006499349819723,1223,0,1,0,FALSE,FALSE
"ACLY+ADIPOQ+RXRA",3,1223,262047.416668235,261968.316668233,0.000301853767564197,1223,0,1,0,FALSE,FALSE
"ACLY+ALDH1A1+CS",3,1223,262129.033334902,261823.997620609,0.00116368534386313,1223,0,1,0,FALSE,FALSE
"ACLY+ALDH1A1+GOT1",3,1223,262157.066668235,261907.271430135,0.000952845716788664,1223,0,1,0,FALSE,FALSE
"ACLY+ALDH1A1+POU5F1",3,1223,262079.533334903,261846.245239659,0.000890142363562885,1223,0,1,0,FALSE,FALSE
"ACLY+ALDH1B1+ALDH2",3,1223,262246.500001567,262176.200001568,0.000268068401287458,1223,0,1,0,TRUE,TRUE
"ACLY+ALDH1B1+CS",3,1223,262206.850001568,262104.785715854,0.000389251027245741,1223,0,1,0,TRUE,TRUE
"ACLY+ALDH1B1+FASN",3,1223,262176.683334902,262047.74285871,0.000491807564849345,1223,0,1,0,FALSE,TRUE
"ACLY+ALDH1B1+GATM",3,1223,262231.8333349,262079.92143014,0.000579303827561661,1223,0,1,0,TRUE,TRUE
"ACLY+ALDH1B1+GLUL",3,1223,262237.566668233,262166.292858711,0.000271790996339227,1223,0,1,0,TRUE,TRUE
"ACLY+ALDH1B1+GOT1",3,1223,262234.8833349,262187.776192044,0.000179637210186989,1223,0,1,0,TRUE,TRUE
"ACLY+ALDH1B1+MDH2",3,1223,262235.466668234,262168.200001568,0.000256512467669778,1223,0,1,0,TRUE,TRUE
"ACLY+ALDH2+CS",3,1223,262187.633334902,262071.369049187,0.000443439243247634,1223,0,1,0,TRUE,TRUE
"ACLY+ALDH2+FASN",3,1223,262157.466668235,262014.226192043,0.000546390984062839,1223,0,1,0,FALSE,FALSE
"ACLY+ALDH2+GATM",3,1223,262212.616668234,262047.97143014,0.000627907383655368,1223,0,1,0,TRUE,TRUE
"ACLY+ALDH2+GLUL",3,1223,262218.350001567,262134.176192045,0.000321006556260772,1223,0,1,0,TRUE,TRUE
"ACLY+ALDH2+GOT1",3,1223,262215.666668234,262154.992858712,0.000231388956629996,1223,0,1,0,TRUE,TRUE
"ACLY+ALDH3A1+CS",3,1223,262186.616668235,262061.021430139,0.000479029935594566,1223,0,1,0,TRUE,TRUE
"ACLY+ALDH3A1+FASN",3,1223,262156.450001569,262006.211906328,0.00057308563355718,1223,0,1,0,FALSE,FALSE
"ACLY+ALDH3A1+GOT1",3,1223,262214.650001567,262146.678572997,0.000259220560597906,1223,0,1,0,TRUE,TRUE
"ACLY+APOB+CS",3,1223,262083.150001569,261913.888096804,0.000645832838791827,1223,0,1,0,FALSE,FALSE
"ACLY+APOB+CYP7A1",3,1223,262071.016668235,261895.216668232,0.000670810539212363,1223,0,1,0,FALSE,FALSE
"ACLY+APOB+GOT1",3,1223,262111.183334902,261997.211906329,0.000434820930274027,1223,0,1,0,FALSE,FALSE
"ACLY+APOB+MDH2",3,1223,262111.766668236,261977.469049186,0.00051236776111574,1223,0,1,0,FALSE,FALSE
"ACLY+BAX+CS",3,1223,262108.316668235,261981.935715852,0.000482170707095109,1223,0,1,0,TRUE,TRUE
"ACLY+BAX+HK2",3,1223,262092.083334902,261959.502382519,0.000505856379545699,1223,0,1,0,FALSE,TRUE
"ACLY+CALM1+FASN",3,1223,262050.850001568,261906.292858709,0.000551637756025292,1223,0,1,0,FALSE,FALSE
"ACLY+CALM1+FKBP1A",3,1223,262048.866668235,261901.816668232,0.000561154878754522,1223,0,1,0,FALSE,FALSE
"ACLY+CALM1+ITPR1",3,1223,262025.950001568,261922.742858709,0.00039388138029206,1223,0,1,0,FALSE,FALSE
"ACLY+CALM1+NOS1",3,1223,262027.483334901,261875.950001566,0.000578310837498597,1223,0,1,0,FALSE,FALSE
"ACLY+CALM1+NOS2",3,1223,262029.400001568,261972.0833349,0.000218741357524199,1223,0,1,0,FALSE,FALSE
"ACLY+CEBPA+CS",3,1223,262075.016668235,261952.252382519,0.000468431853129059,1223,0,1,0,FALSE,FALSE
"ACLY+CEBPA+FABP4",3,1223,262052.750001568,261973.850001566,0.000301084419076392,1223,0,1,0,FALSE,FALSE
"ACLY+CEBPA+FASN",3,1223,262044.850001568,261894.826192042,0.00057251195558794,1223,0,1,0,FALSE,FALSE
"ACLY+CEBPA+HNF4A",3,1223,262016.016668235,261929.5333349,0.00033006888065279,1223,0,1,0,FALSE,FALSE
"ACLY+CEBPA+LPL",3,1223,262032.116668234,261857.159525375,0.000667693506749223,1223,0,1,0,FALSE,FALSE
"ACLY+CEBPA+RARA",3,1223,262040.883334902,261936.450001566,0.000398538319696939,1223,0,1,0,FALSE,FALSE
"ACLY+CEBPA+RXRA",3,1223,262042.333334902,261948.816668233,0.000356876179045784,1223,0,1,0,FALSE,FALSE
"ACLY+CS+DGAT1",3,1223,262164.800001569,261909.488096803,0.000973860353349232,1223,0,1,0,TRUE,TRUE
"ACLY+CS+FABP4",3,1223,262125.716668235,262000.769049185,0.000476670586305517,1223,0,1,0,TRUE,TRUE
"ACLY+CS+GATM",3,1223,262172.966668235,261952.290477757,0.000841719851141676,1223,0,1,0,FALSE,TRUE
"ACLY+CS+GLUL",3,1223,262178.700001568,262036.728572995,0.000541506341177889,1223,0,1,0,FALSE,TRUE
"ACLY+CS+HNF4A",3,1223,262088.983334902,261956.352382519,0.000506053137739104,1223,0,1,0,FALSE,FALSE
"ACLY+CS+HPRT1",3,1223,262155.316668235,261942.355953946,0.000812345585800012,1223,0,1,0,TRUE,TRUE
"ACLY+CS+ITPR1",3,1223,262092.916668235,261937.661906327,0.000592365348448087,1223,0,1,0,FALSE,FALSE
"ACLY+CS+ITPR3",3,1223,262104.616668235,261997.685715852,0.00040797050331387,1223,0,1,0,TRUE,TRUE
"ACLY+CS+KEAP1",3,1223,262107.450001568,261981.971430137,0.000478729511238618,1223,0,1,0,FALSE,TRUE
"ACLY+CS+LPL",3,1223,262105.083334902,261847.378572993,0.000983211613562074,1223,0,1,0,TRUE,TRUE
"ACLY+CS+MGLL",3,1223,262192.266668235,262022.454763472,0.000647661759519913,1223,0,1,0,TRUE,TRUE
"ACLY+CS+MT-CYB",3,1223,262138.450001569,261979.635715852,0.000605841248075167,1223,0,1,0,FALSE,TRUE
"ACLY+CS+NQO1",3,1223,262101.816668235,261864.101192039,0.000906958521758483,1223,0,1,0,FALSE,TRUE
"ACLY+CS+NR1H4",3,1223,262135.866668236,261994.295239662,0.000540068897756485,1223,0,1,0,TRUE,TRUE
"ACLY+CS+RARA",3,1223,262113.850001569,261963.152382518,0.000574931920044985,1223,0,1,0,TRUE,TRUE
"ACLY+CS+RXRA",3,1223,262115.300001569,261975.552382518,0.000533153230849681,1223,0,1,0,FALSE,FALSE
"ACLY+CS+SIRT3",3,1223,262133.983334902,262000.335715852,0.000509844688392991,1223,0,1,0,FALSE,TRUE
"ACLY+CS+SQLE",3,1223,262194.700001568,262066.214287281,0.000490039326829006,1223,0,1,0,TRUE,TRUE
"ACLY+CS+TH",3,1223,262097.166668236,261895.28571585,0.000770252326463994,1223,0,1,0,FALSE,FALSE
"ACLY+CS+XIAP",3,1223,262097.566668237,261979.395239663,0.000450868087315537,1223,0,1,0,FALSE,FALSE
"ACLY+CS+YWHAZ",3,1223,262078.816668237,261887.285715852,0.000730814320744622,1223,0,1,0,FALSE,FALSE
"ACLY+CYP51A1+FASN",3,1223,262168.116668235,262029.726192044,0.000527869208317044,1223,0,1,0,TRUE,TRUE
"ACLY+CYP51A1+SQLE",3,1223,262245.000001567,262173.628572996,0.000272155536120144,1223,0,1,0,TRUE,TRUE
"ACLY+CYP7A1+FASN",3,1223,262105.683334902,261899.830953946,0.000785379310881074,1223,0,1,0,FALSE,FALSE
"ACLY+CYP7A1+HNF4A",3,1223,262076.850001569,261938.721430138,0.000527053692190638,1223,0,1,0,FALSE,FALSE
"ACLY+CYP7A1+NR1H4",3,1223,262123.733334902,261960.380953947,0.000623188060375979,1223,0,1,0,FALSE,FALSE
"ACLY+CYP7A1+RXRA",3,1223,262103.166668236,261952.554763471,0.000574628329294113,1223,0,1,0,FALSE,FALSE
"ACLY+CYP7A1+SQLE",3,1223,262182.566668235,262046.1833349,0.000520184599106854,1223,0,1,0,FALSE,FALSE
"ACLY+DGAT1+LPL",3,1223,262121.900001569,261796.211906327,0.00124250623561073,1223,0,1,0,FALSE,FALSE
"ACLY+EGR1+FASN",3,1223,262056.783334901,261912.559525375,0.000550353277220084,1223,0,1,0,FALSE,FALSE
"ACLY+FABP4+GOT1",3,1223,262153.750001568,262084.14285871,0.000265520301951039,1223,0,1,0,TRUE,TRUE
"ACLY+FABP4+LPL",3,1223,262082.816668234,261898.292858708,0.000704066797939995,1223,0,1,0,TRUE,TRUE
"ACLY+FABP4+MDH2",3,1223,262154.333334902,262064.4833349,0.000342737039127461,1223,0,1,0,TRUE,TRUE
"ACLY+FABP4+RXRA",3,1223,262093.033334902,261998.700001566,0.000359923085843206,1223,0,1,0,FALSE,FALSE
"ACLY+FASN+GSR",3,1223,262112.016668234,261896.642858707,0.000821686133528621,1223,0,1,0,FALSE,FALSE
"ACLY+FASN+HNF4A",3,1223,262058.816668235,261898.959525375,0.000610004825985833,1223,0,1,0,FALSE,FALSE
"ACLY+FASN+MGLL",3,1223,262162.100001568,261970.859525376,0.000729474154317455,1223,0,1,0,TRUE,TRUE
"ACLY+FASN+NR1H4",3,1223,262105.700001568,261936.735715851,0.000644641782746369,1223,0,1,0,TRUE,TRUE
"ACLY+FASN+RARA",3,1223,262083.683334902,261906.142858707,0.000677419036300031,1223,0,1,0,FALSE,FALSE
"ACLY+FASN+RXRA",3,1223,262085.133334902,261918.242858708,0.000636779637480211,1223,0,1,0,FALSE,FALSE
"ACLY+FASN+SIRT3",3,1223,262103.816668235,261947.792858708,0.000595274847615901,1223,0,1,0,TRUE,TRUE
"ACLY+FASN+SOD2",3,1223,262078.550001569,261871.361906327,0.000790557240341494,1223,0,1,0,FALSE,FALSE
"ACLY+GATM+GLUL",3,1223,262203.6833349,262009.764287282,0.000739574079020144,1223,0,1,0,FALSE,TRUE
"ACLY+GATM+GOT1",3,1223,262201.000001567,262035.330953949,0.000631839877105134,1223,0,1,0,FALSE,TRUE
"ACLY+GATM+MDH2",3,1223,262201.583334901,262015.838096806,0.000708406241229809,1223,0,1,0,FALSE,TRUE
"ACLY+GATM+NOS1",3,1223,262119.433334901,261890.371430138,0.000873883717239399,1223,0,1,0,FALSE,FALSE
"ACLY+GATM+NOS2",3,1223,262121.350001568,261969.571430138,0.000579039332082365,1223,0,1,0,TRUE,TRUE
"ACLY+GLUL+GOT1",3,1223,262206.7333349,262121.035715854,0.000326832259251231,1223,0,1,0,FALSE,TRUE
"ACLY+GLUL+MDH2",3,1223,262207.316668234,262101.19285871,0.000404732449392431,1223,0,1,0,FALSE,TRUE
"ACLY+GOT1+GSR",3,1223,262170.216668234,262036.409525376,0.000510382699297929,1223,0,1,0,FALSE,TRUE
"ACLY+GOT1+HPRT1",3,1223,262183.350001568,262026.179763471,0.000599466892523659,1223,0,1,0,TRUE,TRUE
"ACLY+GOT1+KEAP1",3,1223,262135.483334902,262065.028572996,0.000268772319602317,1223,0,1,0,FALSE,TRUE
"ACLY+GOT1+MT-CYB",3,1223,262166.483334902,262063.19285871,0.000393988105869103,1223,0,1,0,FALSE,TRUE
"ACLY+GOT1+NQO1",3,1223,262129.850001568,261945.708334898,0.000702482630915657,1223,0,1,0,FALSE,TRUE
"ACLY+GOT1+SIRT3",3,1223,262162.016668235,262091.69285871,0.000268245607882411,1223,0,1,0,FALSE,TRUE
"ACLY+GOT1+SOD2",3,1223,262136.75000157,262011.695239662,0.00047705925211361,1223,0,1,0,FALSE,FALSE
"ACLY+GOT1+YWHAZ",3,1223,262106.85000157,261972.109525377,0.000514066977617578,1223,0,1,0,FALSE,FALSE
"ACLY+GSR+KEAP1",3,1223,262101.650001568,261960.552382517,0.000538331670364989,1223,0,1,0,FALSE,FALSE
"ACLY+GSR+MDH2",3,1223,262170.800001568,262016.950001566,0.000586831180290015,1223,0,1,0,FALSE,TRUE
"ACLY+GSR+NQO1",3,1223,262096.016668234,261841.565477753,0.000970831963478136,1223,0,1,0,FALSE,TRUE
"ACLY+GSR+SOD2",3,1223,262102.916668235,261904.702382517,0.00075624601297164,1223,0,1,0,FALSE,FALSE
"ACLY+HK2+MDH2",3,1223,262160.366668235,262015.535715852,0.000552451746325455,1223,0,1,0,TRUE,TRUE
"ACLY+HNF4A+NR1H4",3,1223,262076.866668235,261972.759525376,0.000397238963447233,1223,0,1,0,FALSE,FALSE
"ACLY+HNF4A+SOX2",3,1223,262020.783334903,261588.516668229,0.00164974190662204,1222,0.000817661488143884,2,0.00163532297628777,FALSE,FALSE
"ACLY+HPRT1+MDH2",3,1223,262183.933334901,262004.686906327,0.000683666715553088,1223,0,1,0,TRUE,TRUE
"ACLY+HPRT1+PNP",3,1223,262180.6333349,261994.663096803,0.000709321034632393,1223,0,1,0,TRUE,TRUE
"ACLY+ITPR1+ITPR3",3,1223,262049.550001567,261892.871430136,0.000597896739111814,1223,0,1,0,TRUE,TRUE
"ACLY+ITPR3+NOS1",3,1223,262051.083334901,261912.766668232,0.000527823296544105,1223,0,1,0,FALSE,FALSE
"ACLY+KEAP1+NQO1",3,1223,262061.283334901,261868.467858706,0.000735764832337615,1223,0,1,0,FALSE,TRUE
"ACLY+LPL+MGLL",3,1223,262149.366668235,261926.942858708,0.00084846212811307,1223,0,1,0,TRUE,TRUE
"ACLY+MAP3K5+MDH2",3,1223,262116.533334901,262030.7333349,0.00032733532261453,1223,0,1,0,TRUE,TRUE
"ACLY+MAP3K5+YWHAZ",3,1223,262018.750001569,261878.850001566,0.000533931254928621,1223,0,1,0,FALSE,FALSE
"ACLY+MDH2+MGLL",3,1223,262220.883334901,262092.400001568,0.000489981315365262,1223,0,1,0,TRUE,TRUE
"ACLY+MDH2+MT-CYB",3,1223,262167.066668235,262043.316668234,0.000472027251837814,1223,0,1,0,FALSE,TRUE
"ACLY+MDH2+NQO1",3,1223,262130.433334902,261923.265477754,0.000790323559580419,1223,0,1,0,FALSE,TRUE
"ACLY+MDH2+PNP",3,1223,262201.916668234,262106.616668234,0.000363460348463018,1223,0,1,0,TRUE,TRUE
"ACLY+MDH2+POU5F1",3,1223,262127.10000157,262058.916668235,0.000260115544461148,1223,0,1,0,TRUE,TRUE
"ACLY+MDH2+SIRT3",3,1223,262162.600001569,262071.316668234,0.000348193576561573,1223,0,1,0,FALSE,TRUE
"ACLY+MDH2+SOD2",3,1223,262137.333334903,261991.785715852,0.000555234224744461,1223,0,1,0,FALSE,TRUE
"ACLY+MDH2+SOX2",3,1223,262108.40000157,261672.250001563,0.00166400618982476,1222,0.000817661488143884,2,0.00163532297628777,FALSE,FALSE
"ACLY+MDH2+TH",3,1223,262125.783334903,261959.866668231,0.000632965840140831,1223,0,1,0,FALSE,FALSE
"ACLY+MDH2+YWHAZ",3,1223,262107.433334904,261951.9333349,0.000593268180246187,1223,0,1,0,FALSE,FALSE
"ACLY+MT-CYB+NCF2",3,1223,262116.483334902,262025.300001567,0.000347873327822823,1223,0,1,0,FALSE,FALSE
"ACLY+MT-CYB+RAC2",3,1223,262108.200001569,262004.933334901,0.00039398487597031,1223,0,1,0,FALSE,FALSE
"ACLY+NCF2+RAC2",3,1223,262095.766668235,262035.583334901,0.000229623446800553,1223,0,1,0,FALSE,FALSE
"ACLY+NOS1+NOS2",3,1223,262042.8333349,261901.066668232,0.000541005700726349,1223,0,1,0,FALSE,FALSE
"ACLY+NR1H4+RXRA",3,1223,262103.183334902,261988.976192042,0.000435733520694592,1223,0,1,0,FALSE,FALSE
"ACLY+PNP+SIRT3",3,1223,262159.300001569,262074.783334901,0.00032238668117901,1223,0,1,0,TRUE,TRUE
"ACLY+POU5F1+SOX2",3,1223,262030.283334905,261624.583334897,0.00154829432248893,1222,0.000817661488143884,2,0.00163532297628777,FALSE,FALSE
"ACLY+PRKCZ+RAC2",3,1223,262087.100001571,261696.640477754,0.0014898082500594,1222,0.000817661488143884,2,0.00163532297628777,FALSE,FALSE
"ACLY+PRKCZ+TJP1",3,1223,262051.966668238,261598.019049183,0.00173228090911526,1222,0.000817661488143884,2,0.00163532297628777,FALSE,FALSE
"ACLY+RARA+RXRA",3,1223,262081.166668237,261931.800001565,0.000569925220383238,1223,0,1,0,FALSE,FALSE
"ACLY+SIRT3+SOD2",3,1223,262094.716668237,261958.435715853,0.000519968330976339,1223,0,1,0,FALSE,TRUE
"ACLY+VIM+YWHAZ",3,1223,262026.050001572,261891.800001569,0.000512353638128626,1223,0,1,0,FALSE,FALSE
"ACTG1+ADIPOQ+APOB",3,1223,262012.683334902,261937.735715853,0.00028604576730662,1223,0,1,0,FALSE,FALSE
"ACTG1+ADIPOQ+CEBPA",3,1223,262004.550001568,261976.600001568,0.000106677536707678,1223,0,1,0,FALSE,FALSE
"ACTG1+ADIPOQ+FASN",3,1223,262047.350001568,261950.259525376,0.000370507376591389,1223,0,1,0,FALSE,FALSE
"ACTG1+ADIPOQ+LPL",3,1223,262034.616668235,261899.809525376,0.000514463106335739,1223,0,1,0,FALSE,FALSE
"ACTG1+ADIPOQ+RXRA",3,1223,262044.833334902,262001.000001567,0.000167274175097321,1223,0,1,0,FALSE,FALSE
"ACTG1+ADIPOQ+TJP1",3,1223,262012.133334903,261919.161906331,0.00035483634818323,1223,0,1,0,FALSE,FALSE
"ACTG1+APOB+F2",3,1223,262051.433334902,261949.719049185,0.000388146267401912,1223,0,1,0,FALSE,FALSE
"ACTG1+APOB+ITGA5",3,1223,262055.266668235,261653.735715848,0.00153223767448896,1222,0.000817661488143884,2,0.00163532297628777,FALSE,FALSE
"ACTG1+APOB+TFRC",3,1223,262045.766668235,261918.854763471,0.000484311982511199,1223,0,1,0,FALSE,FALSE
"ACTG1+APOB+TJP1",3,1223,262015.183334903,261862.480953949,0.000582799740879936,1223,0,1,0,FALSE,FALSE
"ACTG1+BAX+HK2",3,1223,262089.500001569,261991.70238252,0.000373145887372806,1223,0,1,0,TRUE,TRUE
"ACTG1+BAX+ITGA5",3,1223,262080.433334902,261722.000001563,0.00136764629384345,1222,0.000817661488143884,2,0.00163532297628777,FALSE,FALSE
"ACTG1+BAX+TJP1",3,1223,262040.35000157,261931.061906331,0.000417065903167257,1223,0,1,0,FALSE,FALSE
"ACTG1+BGLAP+COL1A1",3,1223,262090.933334902,262005.850001568,0.000324632875511877,1223,0,1,0,FALSE,FALSE
"ACTG1+BGLAP+COL1A2",3,1223,262109.016668236,262070.750001568,0.000145995231884632,1223,0,1,0,FALSE,FALSE
"ACTG1+BGLAP+ITGA5",3,1223,262091.400001569,261719.766668229,0.00141795317716531,1222,0.000817661488143884,2,0.00163532297628777,FALSE,FALSE
"ACTG1+BGLAP+SPP1",3,1223,262065.60000157,261989.900001568,0.000288858972720685,1223,0,1,0,FALSE,FALSE
"ACTG1+BGLAP+TJP1",3,1223,262051.316668237,261928.828572997,0.000467420262555196,1223,0,1,0,FALSE,FALSE
"ACTG1+CDK5+TJP1",3,1223,262025.833334904,261848.773811091,0.000675733081579977,1223,0,1,0,FALSE,FALSE
"ACTG1+CEBPA+FABP4",3,1223,262050.166668235,262006.783334901,0.000165553542231023,1223,0,1,0,FALSE,FALSE
"ACTG1+CEBPA+ITGA5",3,1223,262047.133334902,261691.966668229,0.00135535413859522,1222,0.000817661488143884,2,0.00163532297628777,FALSE,FALSE
"ACTG1+CEBPA+LPL",3,1223,262029.533334901,261890.076192043,0.000532219178059568,1223,0,1,0,FALSE,FALSE
"ACTG1+CEBPA+RARA",3,1223,262038.300001569,261969.216668233,0.000263638305298186,1223,0,1,0,FALSE,FALSE
"ACTG1+CEBPA+RXRA",3,1223,262039.750001569,261981.500001567,0.000222294518297916,1223,0,1,0,FALSE,FALSE
"ACTG1+CEBPA+TJP1",3,1223,262007.05000157,261901.028572997,0.000404651052602789,1223,0,1,0,FALSE,FALSE
"ACTG1+CFTR+ITGA5",3,1223,262096.516668236,261341.369049177,0.00288118143902993,1221,0.00163532297628777,3,0.00326930771773415,FALSE,FALSE
"ACTG1+COL1A1+COL1A2",3,1223,262111.950001569,262049.133334902,0.000239655867145139,1223,0,1,0,TRUE,TRUE
"ACTG1+COL1A1+SPP1",3,1223,262068.533334903,261987.016668236,0.000311050951558478,1223,0,1,0,FALSE,FALSE
"ACTG1+COL1A1+THBS1",3,1223,262070.433334903,261997.30000157,0.000279059840528229,1223,0,1,0,FALSE,FALSE
"ACTG1+COL1A1+TJP1",3,1223,262054.25000157,261920.911906331,0.000508818671089206,1223,0,1,0,FALSE,FALSE
"ACTG1+COL1A1+VIM",3,1223,262066.866668237,262007.333334903,0.000227168486007012,1223,0,1,0,FALSE,FALSE
"ACTG1+COL1A1+VWF",3,1223,262077.983334903,262017.216668236,0.000231864828527883,1223,0,1,0,FALSE,FALSE
"ACTG1+COL1A2+TJP1",3,1223,262072.333334904,261984.428572998,0.000335421754701137,1223,0,1,0,FALSE,FALSE
"ACTG1+EGR1+TJP1",3,1223,262018.983334903,261918.378572997,0.000383959820870583,1223,0,1,0,FALSE,FALSE
"ACTG1+EIF2S1+TJP1",3,1223,262089.250001571,261974.738096807,0.000436919502661337,1223,0,1,0,FALSE,FALSE
"ACTG1+ESRRA+ITGA5",3,1223,262113.366668236,261760.36666823,0.00134674551127634,1222,0.000817661488143884,2,0.00163532297628777,FALSE,TRUE
"ACTG1+F2+ITGA5",3,1223,262090.966668235,261722.350001562,0.00140644552293845,1222,0.000817661488143884,2,0.00163532297628777,FALSE,FALSE
"ACTG1+F2+PLG",3,1223,262095.350001568,261932.669049184,0.000620693775692516,1223,0,1,0,FALSE,FALSE
"ACTG1+F2+TJP1",3,1223,262050.883334903,261931.328572997,0.00045622728069139,1223,0,1,0,FALSE,FALSE
"ACTG1+F2+VWF",3,1223,262074.616668236,262024.933334901,0.000189577052391532,1223,0,1,0,FALSE,FALSE
"ACTG1+FABP4+FASN",3,1223,262092.966668235,261981.259525376,0.000426211905946938,1223,0,1,0,FALSE,FALSE
"ACTG1+FABP4+LPL",3,1223,262080.233334901,261931.459525375,0.000567665129235007,1223,0,1,0,FALSE,FALSE
"ACTG1+FABP4+RXRA",3,1223,262090.450001569,262031.633334901,0.000224413620061648,1223,0,1,0,FALSE,FALSE
"ACTG1+FKBP1A+TJP1",3,1223,262047.866668237,261865.561906329,0.000695692600843678,1223,0,1,0,FALSE,FALSE
"ACTG1+GCK+HK2",3,1223,262123.466668235,261961.614287282,0.000617466200226291,1223,0,1,0,TRUE,TRUE
"ACTG1+GCK+PYGM",3,1223,262169.650001568,262105.061906329,0.000246359924722772,1223,0,1,0,TRUE,TRUE
"ACTG1+GJA1+ITGA5",3,1223,262081.266668236,261712.66666823,0.00140643398397655,1222,0.000817661488143884,2,0.00163532297628777,FALSE,FALSE
"ACTG1+GJA1+ITPR1",3,1223,262051.500001568,261968.576192043,0.000316440888622149,1223,0,1,0,FALSE,FALSE
"ACTG1+GRIN2B+ITGA5",3,1223,262048.866668235,261630.15952537,0.00159782084993787,1222,0.000817661488143884,2,0.00163532297628777,FALSE,FALSE
"ACTG1+GRIN2B+RASA1",3,1223,262050.833334902,261955.109525376,0.000365287178476392,1223,0,1,0,FALSE,FALSE
"ACTG1+GRIN2B+TJP1",3,1223,262008.783334903,261839.054763471,0.000647797258059635,1223,0,1,0,FALSE,FALSE
"ACTG1+HDAC6+ITGA5",3,1223,262064.566668235,261104.210715838,0.00366457764438233,1220,0.00245298446443176,3,0.00490061598949754,FALSE,FALSE
"ACTG1+HDAC6+TJP1",3,1223,262024.483334903,261312.405953939,0.0027175986453688,1221,0.00163532297628777,2,0.00326796948289265,FALSE,FALSE
"ACTG1+HK2+TJP1",3,1223,262063.783334904,261900.164287282,0.000624348185542467,1223,0,1,0,FALSE,FALSE
"ACTG1+HPRT1+ITGA5",3,1223,262127.433334902,261684.50357299,0.00168974973842695,1222,0.000817661488143884,2,0.00163532297628777,FALSE,FALSE
"ACTG1+HPRT1+TJP1",3,1223,262087.35000157,261892.498811091,0.000743458966937061,1223,0,1,0,FALSE,FALSE
"ACTG1+ITGA5+LPL",3,1223,262077.200001568,261615.776192037,0.0017606407941182,1222,0.000817661488143884,2,0.00163532297628777,FALSE,FALSE
"ACTG1+ITGA5+PLD2",3,1223,262130.433334901,261760.300001562,0.00141201969046567,1222,0.000817661488143884,2,0.00163532297628777,FALSE,TRUE
"ACTG1+ITGA5+PLG",3,1223,262099.183334902,261639.752382513,0.00175288967536191,1222,0.000817661488143884,2,0.00163532297628777,FALSE,FALSE
"ACTG1+ITGA5+PRKCG",3,1223,262075.033334903,261733.300001564,0.00130395226508373,1222,0.000817661488143884,2,0.00163532297628777,FALSE,FALSE
"ACTG1+ITGA5+PRKCZ",3,1223,262089.466668236,261419.323811082,0.00255692403694407,1221,0.00163532297628777,3,0.00326930771773415,FALSE,FALSE
"ACTG1+ITGA5+RAC2",3,1223,262089.850001569,261735.86666823,0.0013506182453723,1222,0.000817661488143884,2,0.00163532297628777,FALSE,FALSE
"ACTG1+ITGA5+RASA1",3,1223,262096.766668236,261747.333334897,0.00133322260240332,1222,0.000817661488143884,2,0.00163532297628777,FALSE,TRUE
"ACTG1+ITGA5+SOX2",3,1223,262051.90000157,261348.316668225,0.0026849007137163,1221,0.00163532297628777,3,0.00326930771773415,FALSE,FALSE
"ACTG1+ITGA5+SYK",3,1223,262079.466668236,261730.633334897,0.00133102122716278,1222,0.000817661488143884,2,0.00163532297628777,FALSE,FALSE
"ACTG1+ITGA5+TFRC",3,1223,262085.300001569,261687.835715848,0.00151654551292413,1222,0.000817661488143884,2,0.00163532297628777,FALSE,TRUE
"ACTG1+ITGA5+TRPV4",3,1223,262117.766668235,261755.359525372,0.00138261189796307,1222,0.000817661488143884,2,0.00163532297628777,FALSE,FALSE
"ACTG1+ITGA5+VIM",3,1223,262067.333334903,261718.683334897,0.00133038328573476,1222,0.000817661488143884,2,0.00163532297628777,FALSE,FALSE
"ACTG1+ITGA5+YWHAZ",3,1223,262050.933334903,261629.583334896,0.00160789352911361,1222,0.000817661488143884,2,0.00163532297628777,FALSE,FALSE
"ACTG1+ITPR1+ITPR3",3,1223,262046.966668234,261925.60476347,0.000463130355245922,1223,0,1,0,TRUE,TRUE
"ACTG1+ITPR1+PRKCG",3,1223,262045.266668236,261984.426192044,0.000232175444209504,1223,0,1,0,FALSE,FALSE
"ACTG1+ITPR1+TJP1",3,1223,262024.950001569,261886.071430139,0.000530020410002385,1223,0,1,0,FALSE,FALSE
"ACTG1+ITPR3+PRKCG",3,1223,262056.966668236,262044.533334902,4.74451547367583e-05,1223,0,1,0,FALSE,FALSE
"ACTG1+ITPR3+TJP1",3,1223,262036.65000157,261946.011906331,0.00034589854220235,1223,0,1,0,FALSE,FALSE
"ACTG1+KCNJ11+TJP1",3,1223,262066.866668237,261346.857144413,0.00274742676545525,1221,0.00163532297628777,2,0.00326796948289265,FALSE,FALSE
"ACTG1+KCNJ11+XIAP",3,1223,262081.833334903,261433.221430128,0.00247484496167405,1221,0.00163532297628777,2,0.00326796948289265,FALSE,FALSE
"ACTG1+LPL+TJP1",3,1223,262037.116668236,261824.804763472,0.000810235998105813,1223,0,1,0,FALSE,FALSE
"ACTG1+NCOA2+RARA",3,1223,262101.283334903,262043.983334901,0.00021861777734633,1223,0,1,0,FALSE,FALSE
"ACTG1+NCOA2+RXRA",3,1223,262102.733334903,262052.150001568,0.000192990483888322,1223,0,1,0,FALSE,FALSE
"ACTG1+PLA2G4A+PLD2",3,1223,262146.966668235,262068.0333349,0.000301103363268274,1223,0,1,0,TRUE,TRUE
"ACTG1+PLA2G4A+PRKCG",3,1223,262091.566668236,262046.650001569,0.000171377764032976,1223,0,1,0,FALSE,FALSE
"ACTG1+PLD2+RAC2",3,1223,262125.483334903,262076.683334903,0.000186170376796801,1223,0,1,0,FALSE,FALSE
"ACTG1+PLD2+TJP1",3,1223,262090.350001571,261969.361906332,0.000461627432061129,1223,0,1,0,TRUE,TRUE
"ACTG1+PLG+THBS1",3,1223,262075.283334904,261933.019049188,0.000542837477483848,1223,0,1,0,FALSE,FALSE
"ACTG1+PLG+TJP1",3,1223,262059.100001571,261848.280953949,0.000804471386876116,1223,0,1,0,FALSE,FALSE
"ACTG1+PLG+VWF",3,1223,262082.833334904,261943.269049187,0.000532519753165372,1223,0,1,0,FALSE,FALSE
"ACTG1+PRKCG+SLC6A3",3,1223,262098.55000157,262051.342858712,0.000180112186266013,1223,0,1,0,FALSE,FALSE
"ACTG1+PRKCG+TJP1",3,1223,262034.950001572,261942.361906333,0.000353342541666524,1223,0,1,0,FALSE,FALSE
"ACTG1+PRKCG+TRPV4",3,1223,262098.000001571,262064.526192047,0.000127714860563732,1223,0,1,0,FALSE,FALSE
"ACTG1+PRKCZ+RAC2",3,1223,262084.516668238,261728.840477755,0.00135710493318675,1222,0.000817661488143884,2,0.00163532297628777,FALSE,FALSE
"ACTG1+RAC2+TJP1",3,1223,262049.766668238,261944.678572999,0.00040102342610393,1223,0,1,0,FALSE,FALSE
"ACTG1+RARA+RXRA",3,1223,262078.583334904,261964.616668233,0.000434856847975729,1223,0,1,0,FALSE,FALSE
"ACTG1+RARA+TJP1",3,1223,262045.883334905,261912.128572998,0.000510424969113576,1223,0,1,0,FALSE,FALSE
"ACTG1+RASA1+TJP1",3,1223,262056.683334905,261956.395239666,0.000382696193673704,1223,0,1,0,TRUE,TRUE
"ACTG1+RXRA+TJP1",3,1223,262047.333334905,261924.145239665,0.000470098640853789,1223,0,1,0,FALSE,FALSE
"ACTG1+SLC6A3+TJP1",3,1223,262078.233334904,261949.221430141,0.000492264859700775,1223,0,1,0,FALSE,FALSE
"ACTG1+SOX2+TJP1",3,1223,262011.816668239,261557.178572993,0.00173518164572628,1222,0.000817661488143884,2,0.00163532297628777,FALSE,FALSE
"ACTG1+SPP1+THBS1",3,1223,262045.100001572,261990.033334904,0.000210141943761788,1223,0,1,0,FALSE,FALSE
"ACTG1+SPP1+TJP1",3,1223,262028.916668239,261908.128572999,0.000460972387228864,1223,0,1,0,FALSE,FALSE
"ACTG1+SPP1+VWF",3,1223,262052.650001571,262003.116668237,0.000189020539704488,1223,0,1,0,FALSE,FALSE
"ACTG1+STAT4+TJP1",3,1223,262057.066668238,261886.342858712,0.000651475694574688,1223,0,1,0,FALSE,FALSE
"ACTG1+SYK+TJP1",3,1223,262039.383334905,261939.695239666,0.000380431727362129,1223,0,1,0,FALSE,FALSE
"ACTG1+TFRC+TJP1",3,1223,262045.216668238,261896.764287284,0.000566514370465176,1223,0,1,0,FALSE,FALSE
"ACTG1+TH+TJP1",3,1223,262029.200001571,261846.228572997,0.000698286406911053,1223,0,1,0,FALSE,FALSE
"ACTG1+THBS1+TJP1",3,1223,262030.816668239,261925.511906333,0.000401879302766028,1223,0,1,0,FALSE,FALSE
"ACTG1+THBS1+VWF",3,1223,262054.550001571,262018.866668237,0.000136167577832969,1223,0,1,0,FALSE,FALSE
"ACTG1+TJP1+TRPV4",3,1223,262077.683334905,261964.321430142,0.000432550773955764,1223,0,1,0,FALSE,FALSE
"ACTG1+TJP1+VIM",3,1223,262027.250001572,261927.745239666,0.000379749670712748,1223,0,1,0,FALSE,FALSE
"ACTG1+TJP1+VWF",3,1223,262038.366668238,261937.828572999,0.000383677003171434,1223,0,1,0,FALSE,FALSE
"ACTG1+TJP1+XIAP",3,1223,262029.600001572,261927.721430143,0.000388805583143914,1223,0,1,0,FALSE,FALSE
"ACTG1+TJP1+YWHAZ",3,1223,262010.850001573,261838.511906332,0.000657751750508417,1223,0,1,0,FALSE,FALSE
"ACTG1+VIM+YWHAZ",3,1223,262023.466668239,261925.70000157,0.000373121796730214,1223,0,1,0,FALSE,FALSE
"ADIPOQ+AGTR1+APOB",3,1223,262006.200001568,261911.245239661,0.00036241417915206,1223,0,1,0,FALSE,FALSE
"ADIPOQ+AGTR1+F2",3,1223,262041.900001568,261983.126192042,0.000224291647728747,1223,0,1,0,FALSE,FALSE
"ADIPOQ+AGTR1+NPPA",3,1223,262057.700001568,262011.84285871,0.000174988725222036,1223,0,1,0,FALSE,FALSE
"ADIPOQ+APOB+BGLAP",3,1223,262003.850001568,261892.802382518,0.000423839646054636,1223,0,1,0,FALSE,FALSE
"ADIPOQ+APOB+CD274",3,1223,261978.300001568,261898.119049186,0.000306059518599189,1223,0,1,0,FALSE,FALSE
"ADIPOQ+APOB+COL1A1",3,1223,262006.783334901,261884.919049186,0.000465118819306887,1223,0,1,0,FALSE,FALSE
"ADIPOQ+APOB+COL1A2",3,1223,262024.866668234,261948.402382519,0.000291820721779246,1223,0,1,0,FALSE,FALSE
"ADIPOQ+APOB+CS",3,1223,262032.550001568,261905.088096804,0.00048643538660853,1223,0,1,0,FALSE,FALSE
"ADIPOQ+APOB+CYP51A1",3,1223,262082.850001569,261999.635715854,0.000317511373653767,1223,0,1,0,FALSE,FALSE
"ADIPOQ+APOB+DGAT1",3,1223,262049.366668235,261822.171430137,0.000866994036226698,1223,0,1,0,FALSE,FALSE
"ADIPOQ+APOB+EGR1",3,1223,261971.516668234,261882.352382519,0.000340358703302734,1223,0,1,0,FALSE,FALSE
"ADIPOQ+APOB+EPOR",3,1223,262023.533334901,261938.169049186,0.000325788621460821,1223,0,1,0,FALSE,FALSE
"ADIPOQ+APOB+FURIN",3,1223,262025.500001568,261927.452382518,0.000374191134255297,1223,0,1,0,FALSE,FALSE
"ADIPOQ+APOB+HNF4A",3,1223,261973.550001567,261868.702382519,0.000400222156199614,1223,0,1,0,FALSE,FALSE
"ADIPOQ+APOB+ITPR3",3,1223,261989.183334901,261909.671430138,0.000303493082236317,1223,0,1,0,FALSE,FALSE
"ADIPOQ+APOB+MAP3K5",3,1223,261972.4833349,261879.719049185,0.000354099348658932,1223,0,1,0,FALSE,FALSE
"ADIPOQ+APOB+MB",3,1223,262023.750001568,261938.385715852,0.000325788352067424,1223,0,1,0,FALSE,FALSE
"ADIPOQ+APOB+MGLL",3,1223,262076.833334902,261941.752382519,0.000515425002140857,1223,0,1,0,FALSE,FALSE
"ADIPOQ+APOB+NCOA2",3,1223,262022.566668235,261939.002382519,0.000318920186066496,1223,0,1,0,FALSE,FALSE
"ADIPOQ+APOB+NOS2",3,1223,261980.9333349,261900.385715852,0.00030745603515181,1223,0,1,0,FALSE,FALSE
"ADIPOQ+APOB+NPPA",3,1223,262019.216668234,261925.819049185,0.000356453317571392,1223,0,1,0,FALSE,FALSE
"ADIPOQ+APOB+NR1H4",3,1223,262020.433334901,261906.078572995,0.000436434519441309,1223,0,1,0,FALSE,FALSE
"ADIPOQ+APOB+NR1I2",3,1223,262033.966668235,261927.202382519,0.000407444451091421,1223,0,1,0,FALSE,FALSE
"ADIPOQ+APOB+NRP1",3,1223,262020.950001568,261919.769049185,0.000386155963415069,1223,0,1,0,FALSE,FALSE
"ADIPOQ+APOB+NTRK1",3,1223,261983.316668234,261901.069049185,0.000313942200956152,1223,0,1,0,FALSE,FALSE
"ADIPOQ+APOB+NTRK2",3,1223,261981.850001567,261860.661906327,0.000462582027110803,1223,0,1,0,FALSE,FALSE
"ADIPOQ+APOB+POU5F1",3,1223,261983.050001568,261907.90238252,0.000286841530580673,1223,0,1,0,FALSE,FALSE
"ADIPOQ+APOB+PTGS1",3,1223,262023.800001567,261919.619049185,0.000397601104867862,1223,0,1,0,FALSE,FALSE
"ADIPOQ+APOB+SOD2",3,1223,261993.283334902,261841.321430137,0.000580022139614167,1223,0,1,0,FALSE,FALSE
"ADIPOQ+APOB+SOX9",3,1223,261996.550001568,261895.252382519,0.000386637224988218,1223,0,1,0,FALSE,FALSE
"ADIPOQ+APOB+SPP1",3,1223,261981.450001568,261872.102382519,0.000417386876241599,1223,0,1,0,FALSE,FALSE
"ADIPOQ+APOB+SQLE",3,1223,262079.266668234,261978.96428728,0.000382717725935011,1223,0,1,0,FALSE,FALSE
"ADIPOQ+APOB+STAT4",3,1223,262009.600001568,261850.150001566,0.000608565487681623,1223,0,1,0,FALSE,FALSE
"ADIPOQ+APOB+SYK",3,1223,261991.916668235,261903.75238252,0.000336515289618422,1223,0,1,0,FALSE,FALSE
"ADIPOQ+APOB+THBS1",3,1223,261983.350001568,261889.485715853,0.000358283401273196,1223,0,1,0,FALSE,FALSE
"ADIPOQ+APOB+TJP1",3,1223,261967.166668236,261806.964287282,0.000611536105809107,1223,0,1,0,FALSE,FALSE
"ADIPOQ+APOB+TNFSF11",3,1223,261983.833334902,261889.802382519,0.00035891891184836,1223,0,1,0,FALSE,FALSE
"ADIPOQ+APOB+VIM",3,1223,261979.783334902,261891.719049186,0.000336149166147548,1223,0,1,0,FALSE,FALSE
"ADIPOQ+APOB+VWF",3,1223,261990.900001568,261901.885715852,0.000339760982976722,1223,0,1,0,FALSE,FALSE
"ADIPOQ+ATF4+BGLAP",3,1223,262019.633334901,261964.6833349,0.000209717108988761,1223,0,1,0,FALSE,FALSE
"ADIPOQ+ATF4+CEBPA",3,1223,261975.366668234,261931.8833349,0.000165982526857178,1223,0,1,0,FALSE,FALSE
"ADIPOQ+ATF4+EIF2AK2",3,1223,262023.416668235,261971.39285871,0.000198546413088918,1223,0,1,0,FALSE,FALSE
"ADIPOQ+ATF4+RXRA",3,1223,262015.650001568,261956.2833349,0.000226576796721223,1223,0,1,0,FALSE,FALSE
"ADIPOQ+BAX+CEBPA",3,1223,261984.750001568,261934.066668234,0.000193459097652893,1223,0,1,0,FALSE,FALSE
"ADIPOQ+BAX+HK2",3,1223,262041.483334902,261937.185715852,0.000398019495700286,1223,0,1,0,FALSE,FALSE
"ADIPOQ+BGLAP+CEBPA",3,1223,261995.716668235,261931.666668233,0.000244469645595435,1223,0,1,0,FALSE,FALSE
"ADIPOQ+BGLAP+COL1A1",3,1223,262042.916668235,261951.333334901,0.000349497458274284,1223,0,1,0,FALSE,FALSE
"ADIPOQ+BGLAP+COL1A2",3,1223,262061.000001568,262016.150001567,0.000171143359754544,1223,0,1,0,FALSE,FALSE
"ADIPOQ+BGLAP+FABP4",3,1223,262046.416668235,261980.716668233,0.000250718940700945,1223,0,1,0,FALSE,FALSE
"ADIPOQ+BGLAP+FASN",3,1223,262038.516668234,261905.676192042,0.000506950191452082,1223,0,1,0,FALSE,FALSE
"ADIPOQ+BGLAP+FURIN",3,1223,262061.633334901,261993.833334899,0.000258717764745287,1223,0,1,0,FALSE,FALSE
"ADIPOQ+BGLAP+LPL",3,1223,262025.783334901,261854.959525375,0.000651935116277036,1223,0,1,0,FALSE,FALSE
"ADIPOQ+BGLAP+RXRA",3,1223,262036.000001568,261956.150001566,0.00030472912119528,1223,0,1,0,FALSE,FALSE
"ADIPOQ+BGLAP+SOX9",3,1223,262032.683334901,261963.3833349,0.000264470825239616,1223,0,1,0,FALSE,FALSE
"ADIPOQ+BGLAP+SPP1",3,1223,262017.583334902,261935.300001567,0.000314037448508886,1223,0,1,0,FALSE,FALSE
"ADIPOQ+BGLAP+TNFSF11",3,1223,262019.966668235,261957.000001567,0.000240312474918181,1223,0,1,0,FALSE,FALSE
"ADIPOQ+C3+CALR",3,1223,262035.116668235,262006.59285871,0.000108854911841427,1223,0,1,0,FALSE,FALSE
"ADIPOQ+C3+F2",3,1223,262055.133334901,261998.000001566,0.000218020279196374,1223,0,1,0,FALSE,FALSE
"ADIPOQ+C3+LPL",3,1223,262041.366668234,261895.342858709,0.000557254800576445,1223,0,1,0,FALSE,FALSE
"ADIPOQ+C3+MPO",3,1223,262056.050001568,261968.635715852,0.000333570950624917,1223,0,1,0,FALSE,FALSE
"ADIPOQ+C3+PLG",3,1223,262063.350001568,261920.945239661,0.000543398235220205,1223,0,1,0,FALSE,FALSE
"ADIPOQ+CALM1+CALR",3,1223,261981.266668234,261949.276192043,0.00012210978516769,1223,0,1,0,FALSE,FALSE
"ADIPOQ+CALM1+CEBPA",3,1223,261957.450001568,261914.650001567,0.000163385313149966,1223,0,1,0,FALSE,FALSE
"ADIPOQ+CALM1+FASN",3,1223,262000.250001567,261888.609525376,0.000426108281160298,1223,0,1,0,FALSE,FALSE
"ADIPOQ+CALM1+FKBP1A",3,1223,261998.266668235,261878.633334899,0.000456618796974784,1223,0,1,0,FALSE,FALSE
"ADIPOQ+CALM1+ITPR1",3,1223,261975.350001567,261900.742858709,0.000284786881123988,1223,0,1,0,FALSE,FALSE
"ADIPOQ+CALM1+NOS1",3,1223,261976.8833349,261853.866668233,0.000469570693037769,1223,0,1,0,FALSE,FALSE
"ADIPOQ+CALM1+NOS2",3,1223,261978.800001567,261950.000001567,0.000109932559428372,1223,0,1,0,FALSE,FALSE
"ADIPOQ+CALR+CDK5",3,1223,261994.050001568,261886.238096803,0.000411505164961024,1223,0,1,0,FALSE,FALSE
"ADIPOQ+CALR+COL1A1",3,1223,262022.466668235,261957.692858711,0.000247207082459955,1223,0,1,0,FALSE,FALSE
"ADIPOQ+CALR+CYP19A1",3,1223,262019.700001568,261882.509525373,0.000523588402680519,1223,0,1,0,FALSE,FALSE
"ADIPOQ+CALR+CYP7A1",3,1223,262036.100001568,261944.380953948,0.000350024472277832,1223,0,1,0,FALSE,FALSE
"ADIPOQ+CALR+EIF2AK2",3,1223,262023.316668235,261976.319049186,0.000179364262868131,1223,0,1,0,FALSE,FALSE
"ADIPOQ+CALR+F2",3,1223,262019.100001568,261968.792858709,0.000191997998840843,1223,0,1,0,FALSE,FALSE
"ADIPOQ+CALR+FKBP1A",3,1223,262016.083334901,261903.026192042,0.00043148932470316,1223,0,1,0,FALSE,FALSE
"ADIPOQ+CALR+GRIN2B",3,1223,261977.000001567,261876.969049184,0.000381831047697734,1223,0,1,0,FALSE,FALSE
"ADIPOQ+CALR+HDAC6",3,1223,261992.700001568,261350.286906319,0.00245202669862499,1221,0.00163532297628777,2,0.00326796948289265,FALSE,FALSE
"ADIPOQ+CALR+KEAP1",3,1223,262007.700001567,261967.845239662,0.000152112941357752,1223,0,1,0,FALSE,FALSE
"ADIPOQ+CALR+MPO",3,1223,262020.016668234,261935.578572994,0.000322258185895485,1223,0,1,0,FALSE,FALSE
"ADIPOQ+CALR+NOS1",3,1223,261994.700001567,261877.942858709,0.00044564696483429,1223,0,1,0,FALSE,FALSE
"ADIPOQ+CALR+NTRK2",3,1223,261997.533334901,261934.152382519,0.000241914309556668,1223,0,1,0,FALSE,FALSE
"ADIPOQ+CALR+PLG",3,1223,262027.316668234,261885.878572994,0.000539783779182512,1223,0,1,0,FALSE,FALSE
"ADIPOQ+CALR+SPP1",3,1223,261997.133334902,261945.59285871,0.000196721527198962,1223,0,1,0,FALSE,FALSE
"ADIPOQ+CALR+STAT4",3,1223,262025.283334901,261923.82381109,0.000387212724359376,1223,0,1,0,FALSE,FALSE
"ADIPOQ+CALR+TAC1",3,1223,262007.616668235,261606.959525371,0.00152918128090562,1222,0.000817661488143884,2,0.00163532297628777,FALSE,FALSE
"ADIPOQ+CALR+TFRC",3,1223,262013.433334901,261934.061906329,0.000302928852014883,1223,0,1,0,FALSE,FALSE
"ADIPOQ+CALR+TJP1",3,1223,261982.850001569,261880.638096806,0.000390147312170908,1223,0,1,0,FALSE,FALSE
"ADIPOQ+CALR+TNFSF11",3,1223,261999.516668235,261963.292858711,0.000138259070036062,1223,0,1,0,FALSE,FALSE
"ADIPOQ+CALR+TRPV1",3,1223,262023.933334901,261570.026192038,0.00173231176666166,1222,0.000817661488143884,2,0.00163532297628777,FALSE,FALSE
"ADIPOQ+CALR+YWHAZ",3,1223,261979.066668236,261875.976192043,0.00039350654044068,1223,0,1,0,FALSE,FALSE
"ADIPOQ+CANX+ITPR1",3,1223,262032.050001568,261969.052382519,0.000240419517568702,1223,0,1,0,FALSE,FALSE
"ADIPOQ+CANX+ITPR3",3,1223,262043.750001568,262026.159525377,6.71280127482188e-05,1223,0,1,0,FALSE,FALSE
"ADIPOQ+CANX+LPL",3,1223,262044.216668234,261904.969049185,0.000531389781540326,1223,0,1,0,FALSE,FALSE
"ADIPOQ+CD274+CEBPA",3,1223,261970.166668234,261936.983334901,0.000126668367454563,1223,0,1,0,FALSE,FALSE
"ADIPOQ+CD274+IDO1",3,1223,262019.800001568,261888.076192042,0.000502724639607433,1223,0,1,0,FALSE,FALSE
"ADIPOQ+CD274+LPL",3,1223,262000.233334901,261860.609525376,0.000532914828921371,1223,0,1,0,FALSE,FALSE
"ADIPOQ+CDK5+CEBPA",3,1223,261970.233334901,261851.44523966,0.000453441193408399,1223,0,1,0,FALSE,FALSE
"ADIPOQ+CDK5+FABP4",3,1223,262020.933334901,261900.19523966,0.000460795607833742,1223,0,1,0,FALSE,FALSE
"ADIPOQ+CDK5+RXRA",3,1223,262010.516668235,261876.011906327,0.000513356347747962,1223,0,1,0,FALSE,FALSE
"ADIPOQ+CEBPA+COL1A1",3,1223,261998.650001568,261923.733334901,0.000285942949196483,1223,0,1,0,FALSE,FALSE
"ADIPOQ+CEBPA+COL1A2",3,1223,262016.733334901,261987.266668234,0.000112461010760234,1223,0,1,0,FALSE,FALSE
"ADIPOQ+CEBPA+CRH",3,1223,262006.516668234,261973.8833349,0.000124551609436363,1223,0,1,0,FALSE,FALSE
"ADIPOQ+CEBPA+CS",3,1223,262024.416668235,261943.435715852,0.000309058802275386,1223,0,1,0,FALSE,FALSE
"ADIPOQ+CEBPA+CYP51A1",3,1223,262074.716668236,262038.666668235,0.000137556191831645,1223,0,1,0,FALSE,FALSE
"ADIPOQ+CEBPA+CYP7A1",3,1223,262012.283334901,261909.671430138,0.000391630130685439,1223,0,1,0,FALSE,FALSE
"ADIPOQ+CEBPA+DGAT1",3,1223,262041.233334902,261860.435715852,0.000689958663181889,1223,0,1,0,FALSE,FALSE
"ADIPOQ+CEBPA+EGR1",3,1223,261963.383334901,261921.216668234,0.000160963971874151,1223,0,1,0,FALSE,FALSE
"ADIPOQ+CEBPA+EIF2AK2",3,1223,261999.500001568,261941.69285871,0.000220638370904247,1223,0,1,0,FALSE,FALSE
"ADIPOQ+CEBPA+EPOR",3,1223,262015.400001568,261976.950001568,0.000146747099598943,1223,0,1,0,FALSE,FALSE
"ADIPOQ+CEBPA+ESRRA",3,1223,262017.683334901,261972.050001567,0.000174161273213125,1223,0,1,0,FALSE,FALSE
"ADIPOQ+CEBPA+F2",3,1223,261995.283334901,261934.166668233,0.000233273919629351,1223,0,1,0,FALSE,FALSE
"ADIPOQ+CEBPA+FKBP1A",3,1223,261992.266668234,261868.100001566,0.000473932563918478,1223,0,1,0,FALSE,FALSE
"ADIPOQ+CEBPA+FURIN",3,1223,262017.366668234,261966.316668233,0.000194834413650757,1223,0,1,0,FALSE,FALSE
"ADIPOQ+CEBPA+GCK",3,1223,262018.716668234,261935.245239662,0.000318570480895897,1223,0,1,0,FALSE,FALSE
"ADIPOQ+CEBPA+GRIN2B",3,1223,261953.183334901,261842.392858708,0.00042293998791032,1223,0,1,0,FALSE,FALSE
"ADIPOQ+CEBPA+HCRT",3,1223,262022.733334901,261951.121430138,0.000273304166594879,1223,0,1,0,FALSE,FALSE
"ADIPOQ+CEBPA+HDAC6",3,1223,261968.883334901,261315.660715843,0.00249351224749461,1221,0.00163532297628777,2,0.00326796948289265,FALSE,FALSE
"ADIPOQ+CEBPA+HK2",3,1223,262008.183334901,261902.985715852,0.000401505089307919,1223,0,1,0,FALSE,FALSE
"ADIPOQ+CEBPA+IDO1",3,1223,262001.083334901,261851.926192041,0.000569299718004568,1223,0,1,0,FALSE,FALSE
"ADIPOQ+CEBPA+KCNJ11",3,1223,262011.266668235,261348.85476346,0.00252818099464958,1221,0.00163532297628777,2,0.00326796948289265,FALSE,FALSE
"ADIPOQ+CEBPA+KEAP1",3,1223,261983.883334901,261933.219049185,0.000193387032325187,1223,0,1,0,FALSE,FALSE
"ADIPOQ+CEBPA+MAP3K5",3,1223,261964.350001567,261918.583334899,0.000174705705822564,1223,0,1,0,FALSE,FALSE
"ADIPOQ+CEBPA+MB",3,1223,262015.616668235,261977.333334901,0.000146110883850414,1223,0,1,0,FALSE,FALSE
"ADIPOQ+CEBPA+MGLL",3,1223,262068.700001569,261981.416668234,0.000333055162000995,1223,0,1,0,FALSE,FALSE
"ADIPOQ+CEBPA+MPO",3,1223,261996.200001568,261900.902382518,0.000363736645984991,1223,0,1,0,FALSE,FALSE
"ADIPOQ+CEBPA+NCOA2",3,1223,262014.433334901,261977.866668234,0.000139559741811901,1223,0,1,0,FALSE,FALSE
"ADIPOQ+CEBPA+NOS2",3,1223,261972.800001567,261939.300001567,0.000127875871083316,1223,0,1,0,FALSE,FALSE
"ADIPOQ+CEBPA+NPPA",3,1223,262011.083334901,261964.766668234,0.000176773692463383,1223,0,1,0,FALSE,FALSE
"ADIPOQ+CEBPA+NPY",3,1223,261972.8333349,261418.669049178,0.00211535020126907,1222,0.000817661488143884,2,0.00163532297628777,FALSE,FALSE
"ADIPOQ+CEBPA+NQO1",3,1223,261978.250001567,261814.882144421,0.000623593207242368,1223,0,1,0,FALSE,FALSE
"ADIPOQ+CEBPA+NR1H4",3,1223,262012.300001568,261945.526192043,0.000254849904085974,1223,0,1,0,FALSE,FALSE
"ADIPOQ+CEBPA+NR1I2",3,1223,262025.833334902,261966.2333349,0.000227458488511911,1223,0,1,0,FALSE,FALSE
"ADIPOQ+CEBPA+NRP1",3,1223,262012.816668235,261958.6333349,0.000206796499589212,1223,0,1,0,FALSE,FALSE
"ADIPOQ+CEBPA+NTRK1",3,1223,261975.183334901,261939.9333349,0.000134554729771419,1223,0,1,0,FALSE,FALSE
"ADIPOQ+CEBPA+NTRK2",3,1223,261973.716668234,261899.659525376,0.000282689209437859,1223,0,1,0,FALSE,FALSE
"ADIPOQ+CEBPA+PNP",3,1223,262049.733334901,261995.1833349,0.000208166592296055,1223,0,1,0,FALSE,FALSE
"ADIPOQ+CEBPA+POU5F1",3,1223,261974.916668235,261946.766668235,0.000107453035421923,1223,0,1,0,FALSE,FALSE
"ADIPOQ+CEBPA+PRKCZ",3,1223,261993.783334902,261630.973811087,0.00138480203307367,1222,0.000817661488143884,2,0.00163532297628777,FALSE,FALSE
"ADIPOQ+CEBPA+PTGS1",3,1223,262015.666668234,261958.650001567,0.000217607852966539,1223,0,1,0,FALSE,FALSE
"ADIPOQ+CEBPA+RASA1",3,1223,262001.083334901,261959.316668234,0.000159414099115573,1223,0,1,0,FALSE,FALSE
"ADIPOQ+CEBPA+SIRT3",3,1223,262010.416668234,261964.0333349,0.000177028585061301,1223,0,1,0,FALSE,FALSE
"ADIPOQ+CEBPA+SOD2",3,1223,261985.150001568,261880.102382519,0.000400967837485777,1223,0,1,0,FALSE,FALSE
"ADIPOQ+CEBPA+SOX2",3,1223,261956.216668235,261559.966668229,0.00151265736330242,1222,0.000817661488143884,2,0.00163532297628777,FALSE,FALSE
"ADIPOQ+CEBPA+SOX9",3,1223,261988.416668235,261934.216668234,0.000206879375394209,1223,0,1,0,FALSE,FALSE
"ADIPOQ+CEBPA+SPP1",3,1223,261973.316668235,261910.966668234,0.000238001338433991,1223,0,1,0,FALSE,FALSE
"ADIPOQ+CEBPA+SQLE",3,1223,262071.133334901,262017.995239662,0.000202762107229137,1223,0,1,0,FALSE,FALSE
"ADIPOQ+CEBPA+STAT4",3,1223,262001.466668234,261889.11428728,0.000428823480963181,1223,0,1,0,FALSE,FALSE
"ADIPOQ+CEBPA+SYK",3,1223,261983.783334902,261942.533334901,0.000157452493720678,1223,0,1,0,FALSE,FALSE
"ADIPOQ+CEBPA+TAC1",3,1223,261983.800001568,261572.416668228,0.00157026248698422,1222,0.000817661488143884,2,0.00163532297628777,FALSE,FALSE
"ADIPOQ+CEBPA+TFRC",3,1223,261989.616668234,261899.385715852,0.000344406597214797,1223,0,1,0,FALSE,FALSE
"ADIPOQ+CEBPA+TH",3,1223,261973.600001568,261848.983334898,0.00047568406384868,1223,0,1,0,FALSE,FALSE
"ADIPOQ+CEBPA+THBS1",3,1223,261975.216668235,261928.350001568,0.000178897329538796,1223,0,1,0,FALSE,FALSE
"ADIPOQ+CEBPA+TJP1",3,1223,261959.033334902,261846.01190633,0.000431446959983872,1223,0,1,0,FALSE,FALSE
"ADIPOQ+CEBPA+TNFSF11",3,1223,261975.700001568,261928.666668234,0.000179533190803327,1223,0,1,0,FALSE,FALSE
"ADIPOQ+CEBPA+VIM",3,1223,261971.650001569,261930.583334901,0.000156759964931696,1223,0,1,0,FALSE,FALSE
"ADIPOQ+CEBPA+VWF",3,1223,261982.766668235,261940.750001567,0.000160379505879771,1223,0,1,0,FALSE,FALSE
"ADIPOQ+CEBPA+XIAP",3,1223,261974.000001569,261930.559525378,0.000165819799639477,1223,0,1,0,FALSE,FALSE
"ADIPOQ+CEBPA+YWHAZ",3,1223,261955.250001569,261841.266668233,0.000435125210641596,1223,0,1,0,FALSE,FALSE
"ADIPOQ+COL1A1+COL1A2",3,1223,262063.933334902,261994.616668235,0.000264502885935824,1223,0,1,0,FALSE,FALSE
"ADIPOQ+COL1A1+FABP4",3,1223,262049.350001568,261972.583334901,0.000292947365321594,1223,0,1,0,FALSE,FALSE
"ADIPOQ+COL1A1+FASN",3,1223,262041.450001568,261897.859525376,0.000547968560664858,1223,0,1,0,FALSE,FALSE
"ADIPOQ+COL1A1+LPL",3,1223,262028.716668234,261847.076192042,0.000693208280762136,1223,0,1,0,FALSE,FALSE
"ADIPOQ+COL1A1+RXRA",3,1223,262038.933334902,261948.316668234,0.00034581375185172,1223,0,1,0,FALSE,FALSE
"ADIPOQ+COL1A1+SOX9",3,1223,262035.616668235,261957.700001568,0.000297351435113558,1223,0,1,0,FALSE,FALSE
"ADIPOQ+COL1A1+SPP1",3,1223,262020.516668235,261932.500001568,0.000335915171019496,1223,0,1,0,FALSE,FALSE
"ADIPOQ+COL1A1+THBS1",3,1223,262022.416668235,261942.783334902,0.000303918017191984,1223,0,1,0,FALSE,FALSE
"ADIPOQ+COL1A1+VIM",3,1223,262018.850001569,261952.816668235,0.000252017491616519,1223,0,1,0,FALSE,FALSE
"ADIPOQ+COL1A1+VWF",3,1223,262029.966668235,261962.700001568,0.000256713640512829,1223,0,1,0,FALSE,FALSE
"ADIPOQ+COL1A2+FASN",3,1223,262059.533334901,261960.926192043,0.000376277640441458,1223,0,1,0,FALSE,FALSE
"ADIPOQ+COL1A2+LPL",3,1223,262046.800001568,261910.376192042,0.000520608568868042,1223,0,1,0,FALSE,FALSE
"ADIPOQ+CRH+HCRT",3,1223,262077.800001568,262021.438096805,0.000215057913193428,1223,0,1,0,TRUE,TRUE
"ADIPOQ+CRH+NPY",3,1223,262027.900001567,261487.702382512,0.00206160343632,1222,0.000817661488143884,2,0.00163532297628777,FALSE,FALSE
"ADIPOQ+CRH+TAC1",3,1223,262038.866668235,261642.683334895,0.00151192583900672,1222,0.000817661488143884,2,0.00163532297628777,FALSE,FALSE
"ADIPOQ+CS+FABP4",3,1223,262075.116668235,261992.285715852,0.000316058057840851,1223,0,1,0,FALSE,FALSE
"ADIPOQ+CS+LPL",3,1223,262054.483334901,261838.44523966,0.000824401446949841,1223,0,1,0,FALSE,FALSE
"ADIPOQ+CS+RXRA",3,1223,262064.700001569,261968.019049185,0.00036892016506862,1223,0,1,0,FALSE,FALSE
"ADIPOQ+CS+SOD2",3,1223,262058.116668236,261922.838096805,0.00051621591863249,1223,0,1,0,FALSE,FALSE
"ADIPOQ+CYP19A1+RXRA",3,1223,262036.166668235,261871.283334896,0.000629238839183643,1223,0,1,0,FALSE,FALSE
"ADIPOQ+CYP51A1+FASN",3,1223,262117.516668235,262011.959525377,0.000402709228288445,1223,0,1,0,FALSE,FALSE
"ADIPOQ+CYP51A1+LPL",3,1223,262104.783334902,261961.709525377,0.000545864931212114,1223,0,1,0,FALSE,FALSE
"ADIPOQ+CYP51A1+RXRA",3,1223,262115.00000157,262062.900001568,0.00019876771646421,1223,0,1,0,FALSE,FALSE
"ADIPOQ+CYP7A1+FABP4",3,1223,262062.983334902,261958.471430138,0.000398804529483376,1223,0,1,0,FALSE,FALSE
"ADIPOQ+CYP7A1+FASN",3,1223,262055.083334901,261882.397620613,0.000658967237309738,1223,0,1,0,FALSE,FALSE
"ADIPOQ+CYP7A1+HNF4A",3,1223,262026.250001568,261916.971430138,0.00041705199929265,1223,0,1,0,FALSE,FALSE
"ADIPOQ+CYP7A1+LPL",3,1223,262042.350001568,261832.697620613,0.000800070602913872,1223,0,1,0,FALSE,FALSE
"ADIPOQ+CYP7A1+NR1H4",3,1223,262073.133334902,261938.380953947,0.000514178539554599,1223,0,1,0,FALSE,FALSE
"ADIPOQ+CYP7A1+NR1I2",3,1223,262086.666668235,261963.754763471,0.000468974276054523,1223,0,1,0,FALSE,FALSE
"ADIPOQ+CYP7A1+SQLE",3,1223,262131.966668235,262025.100001566,0.000407682695196865,1223,0,1,0,FALSE,FALSE
"ADIPOQ+DGAT1+FABP4",3,1223,262091.933334902,261910.519049185,0.000692178059082282,1223,0,1,0,FALSE,FALSE
"ADIPOQ+DGAT1+RXRA",3,1223,262081.516668236,261885.102382518,0.000749439671345997,1223,0,1,0,FALSE,FALSE
"ADIPOQ+DRD1+NPPA",3,1223,262091.200001568,262040.019049187,0.000195279171453677,1223,0,1,0,FALSE,FALSE
"ADIPOQ+EGR1+FASN",3,1223,262006.183334901,261894.959525375,0.00042450833835117,1223,0,1,0,FALSE,FALSE
"ADIPOQ+EGR1+LPL",3,1223,261993.450001567,261844.326192042,0.000569189075239174,1223,0,1,0,FALSE,FALSE
"ADIPOQ+EGR1+RXRA",3,1223,262003.666668235,261945.450001566,0.000222197908176125,1223,0,1,0,FALSE,FALSE
"ADIPOQ+EPOR+LPL",3,1223,262045.466668234,261900.576192042,0.000552921132483064,1223,0,1,0,FALSE,FALSE
"ADIPOQ+ESRRA+FASN",3,1223,262060.483334901,261942.759525376,0.000449223812867161,1223,0,1,0,FALSE,FALSE
"ADIPOQ+ESRRA+LPL",3,1223,262047.750001568,261895.159525375,0.000582300272341629,1223,0,1,0,FALSE,FALSE
"ADIPOQ+ESRRA+RXRA",3,1223,262057.966668235,261996.450001567,0.000234744501189765,1223,0,1,0,FALSE,FALSE
"ADIPOQ+F2+FURIN",3,1223,262061.200001568,261997.900001566,0.000241546631097322,1223,0,1,0,FALSE,FALSE
"ADIPOQ+F2+LPL",3,1223,262025.350001567,261857.576192041,0.00064029609930849,1223,0,1,0,FALSE,FALSE
"ADIPOQ+F2+PLG",3,1223,262047.333334901,261877.852382517,0.000646757019913013,1223,0,1,0,FALSE,FALSE
"ADIPOQ+F2+VWF",3,1223,262026.600001568,261970.250001567,0.000215054502103129,1223,0,1,0,FALSE,FALSE
"ADIPOQ+FABP4+GCK",3,1223,262069.416668234,261984.128572995,0.000325440855800441,1223,0,1,0,FALSE,FALSE
"ADIPOQ+FABP4+HCRT",3,1223,262073.433334901,261999.838096804,0.000280819147366329,1223,0,1,0,TRUE,TRUE
"ADIPOQ+FABP4+HNF4A",3,1223,262016.116668234,261956.416668233,0.000227848579546386,1223,0,1,0,FALSE,FALSE
"ADIPOQ+FABP4+KCNJ11",3,1223,262061.966668234,261397.471430126,0.00253564165207365,1221,0.00163532297628777,2,0.00326796948289265,FALSE,TRUE
"ADIPOQ+FABP4+MGLL",3,1223,262119.400001569,262029.800001568,0.000341828952761358,1223,0,1,0,FALSE,TRUE
"ADIPOQ+FABP4+NPPA",3,1223,262061.783334901,262013.4833349,0.000184307682662532,1223,0,1,0,FALSE,FALSE
"ADIPOQ+FABP4+NPY",3,1223,262023.5333349,261467.385715845,0.00212251018821485,1222,0.000817661488143884,2,0.00163532297628777,FALSE,FALSE
"ADIPOQ+FABP4+NR1H4",3,1223,262063.000001568,261994.326192043,0.000262050764604282,1223,0,1,0,FALSE,FALSE
"ADIPOQ+FABP4+NR1I2",3,1223,262076.533334901,262015.116668233,0.000234346302915855,1223,0,1,0,FALSE,FALSE
"ADIPOQ+FABP4+NTRK2",3,1223,262024.416668234,261948.376192042,0.000290203780086262,1223,0,1,0,FALSE,FALSE
"ADIPOQ+FABP4+RARA",3,1223,262040.983334901,261963.516668232,0.000295628056662389,1223,0,1,0,FALSE,FALSE
"ADIPOQ+FABP4+SOD2",3,1223,262035.850001568,261928.902382519,0.000408141172473009,1223,0,1,0,FALSE,FALSE
"ADIPOQ+FABP4+SOX9",3,1223,262039.116668234,261983.016668233,0.000214090173689563,1223,0,1,0,FALSE,FALSE
"ADIPOQ+FABP4+TAC1",3,1223,262034.500001568,261621.000001561,0.00157803647994592,1222,0.000817661488143884,2,0.00163532297628777,FALSE,FALSE
"ADIPOQ+FABP4+TFRC",3,1223,262040.316668234,261948.185715852,0.000351590753491116,1223,0,1,0,FALSE,FALSE
"ADIPOQ+FABP4+TH",3,1223,262024.300001568,261897.100001564,0.000485451158547479,1223,0,1,0,FALSE,FALSE
"ADIPOQ+FABP4+THBS1",3,1223,262025.916668235,261977.066668234,0.000186431940099485,1223,0,1,0,FALSE,FALSE
"ADIPOQ+FABP4+TRPV1",3,1223,262050.816668234,261584.333334895,0.00178012547058792,1222,0.000817661488143884,2,0.00163532297628777,FALSE,FALSE
"ADIPOQ+FASN+HNF4A",3,1223,262008.216668234,261881.359525375,0.000484172383873882,1223,0,1,0,FALSE,FALSE
"ADIPOQ+FASN+MB",3,1223,262058.416668234,261950.909525376,0.000410241137169365,1223,0,1,0,FALSE,FALSE
"ADIPOQ+FASN+MGLL",3,1223,262111.500001568,261954.292858709,0.000599772016329103,1223,0,1,0,FALSE,FALSE
"ADIPOQ+FASN+NCOA2",3,1223,262057.233334901,261950.876192042,0.000405854635284308,1223,0,1,0,FALSE,FALSE
"ADIPOQ+FASN+NPPA",3,1223,262053.883334901,261938.426192042,0.000440585506269131,1223,0,1,0,FALSE,FALSE
"ADIPOQ+FASN+NR1H4",3,1223,262055.100001568,261919.052382518,0.000519156540165544,1223,0,1,0,FALSE,FALSE
"ADIPOQ+FASN+NTRK1",3,1223,262017.9833349,261913.676192042,0.000398091541393364,1223,0,1,0,FALSE,FALSE
"ADIPOQ+FASN+NTRK2",3,1223,262016.516668234,261873.319049184,0.000546521344802042,1223,0,1,0,FALSE,FALSE
"ADIPOQ+FASN+RARA",3,1223,262033.083334901,261888.626192041,0.00055129352760297,1223,0,1,0,FALSE,FALSE
"ADIPOQ+FASN+SIRT3",3,1223,262053.216668234,261936.592858708,0.000445038649051321,1223,0,1,0,FALSE,FALSE
"ADIPOQ+FASN+SOD2",3,1223,262027.950001568,261853.978572994,0.000663942257202454,1223,0,1,0,FALSE,FALSE
"ADIPOQ+FASN+SOX9",3,1223,262031.216668234,261907.959525375,0.000470391064187892,1223,0,1,0,FALSE,FALSE
"ADIPOQ+FASN+TFRC",3,1223,262032.416668234,261873.028572994,0.00060827624790516,1223,0,1,0,FALSE,FALSE
"ADIPOQ+FASN+THBS1",3,1223,262018.016668235,261902.009525376,0.000442744908666581,1223,0,1,0,FALSE,FALSE
"ADIPOQ+FASN+VWF",3,1223,262025.566668234,261914.659525376,0.000423268401892885,1223,0,1,0,FALSE,FALSE
"ADIPOQ+FURIN+NRP1",3,1223,262078.733334901,262023.016668233,0.000212595146348749,1223,0,1,0,FALSE,FALSE
"ADIPOQ+GCK+HK2",3,1223,262075.450001568,261906.964287281,0.000642890107738991,1223,0,1,0,FALSE,FALSE
"ADIPOQ+GCK+HNF4A",3,1223,262032.683334901,261945.795239662,0.00033159258659532,1223,0,1,0,FALSE,FALSE
"ADIPOQ+GRIN2B+NTRK2",3,1223,261975.450001567,261838.102382516,0.000524276679551461,1223,0,1,0,FALSE,FALSE
"ADIPOQ+GRIN2B+RASA1",3,1223,262002.816668234,261900.926192041,0.000388890766476524,1223,0,1,0,FALSE,FALSE
"ADIPOQ+GRIN2B+RXRA",3,1223,261993.466668234,261867.192858707,0.000481973123731771,1223,0,1,0,FALSE,FALSE
"ADIPOQ+HDAC6+RXRA",3,1223,262009.166668235,261340.060715842,0.00255375016416992,1221,0.00163532297628777,2,0.00326796948289265,FALSE,FALSE
"ADIPOQ+HK2+LPL",3,1223,262038.250001567,261826.228572994,0.000809123967866143,1223,0,1,0,FALSE,FALSE
"ADIPOQ+HNF4A+LPL",3,1223,261995.483334901,261830.509525375,0.000629681883922206,1223,0,1,0,FALSE,FALSE
"ADIPOQ+HNF4A+NCOA2",3,1223,262028.400001568,261984.000001567,0.000169447281288759,1223,0,1,0,FALSE,FALSE
"ADIPOQ+HNF4A+NR1H4",3,1223,262026.266668235,261950.759525376,0.000288166311791516,1223,0,1,0,FALSE,FALSE
"ADIPOQ+HNF4A+NR1I2",3,1223,262039.800001568,261974.6833349,0.000248499146571657,1223,0,1,0,FALSE,FALSE
"ADIPOQ+HNF4A+RXRA",3,1223,262005.700001568,261931.516668233,0.000283136333807166,1223,0,1,0,FALSE,FALSE
"ADIPOQ+HNF4A+SOX2",3,1223,261970.183334902,261566.466668229,0.00154107868893127,1222,0.000817661488143884,2,0.00163532297628777,FALSE,FALSE
"ADIPOQ+IDO1+RXRA",3,1223,262041.366668235,261876.459525374,0.000629317214137948,1223,0,1,0,FALSE,FALSE
"ADIPOQ+ITPR1+ITPR3",3,1223,261998.950001567,261871.004763469,0.000488342560520771,1223,0,1,0,FALSE,FALSE
"ADIPOQ+ITPR3+NOS1",3,1223,262000.4833349,261890.766668232,0.000418765130778764,1223,0,1,0,FALSE,FALSE
"ADIPOQ+KCNJ11+RXRA",3,1223,262051.550001568,261373.554763459,0.00258725902634549,1221,0.00163532297628777,2,0.00326796948289265,FALSE,FALSE
"ADIPOQ+KCNJ11+XIAP",3,1223,262033.816668236,261378.45476346,0.00250105850118176,1221,0.00163532297628777,2,0.00326796948289265,FALSE,FALSE
"ADIPOQ+KEAP1+NQO1",3,1223,262010.6833349,261846.551192039,0.000626433017050454,1223,0,1,0,FALSE,FALSE
"ADIPOQ+KEAP1+RXRA",3,1223,262024.166668234,261957.702382518,0.000253657082708192,1223,0,1,0,FALSE,FALSE
"ADIPOQ+LPL+MB",3,1223,262045.683334901,261900.359525375,0.000554574330995927,1223,0,1,0,FALSE,FALSE
"ADIPOQ+LPL+MPO",3,1223,262026.266668234,261822.911906326,0.000776085407364402,1223,0,1,0,FALSE,FALSE
"ADIPOQ+LPL+NCOA2",3,1223,262044.500001568,261900.892858709,0.000548025785155337,1223,0,1,0,FALSE,FALSE
"ADIPOQ+LPL+NOS2",3,1223,262002.866668233,261862.842858708,0.000534436173564745,1223,0,1,0,FALSE,FALSE
"ADIPOQ+LPL+NPPA",3,1223,262041.150001567,261887.976192042,0.000584541052139453,1223,0,1,0,FALSE,FALSE
"ADIPOQ+LPL+NR1H4",3,1223,262042.366668234,261868.552382518,0.000663306044462741,1223,0,1,0,FALSE,FALSE
"ADIPOQ+LPL+NR1I2",3,1223,262055.900001568,261889.292858708,0.000635769478415815,1223,0,1,0,FALSE,FALSE
"ADIPOQ+LPL+NTRK1",3,1223,262005.250001567,261863.142858708,0.000542382806671626,1223,0,1,0,FALSE,FALSE
"ADIPOQ+LPL+NTRK2",3,1223,262003.7833349,261822.602382517,0.000691520366908893,1223,0,1,0,FALSE,FALSE
"ADIPOQ+LPL+PLA2G7",3,1223,262078.533334901,261908.095239661,0.000650332146900467,1223,0,1,0,FALSE,TRUE
"ADIPOQ+LPL+POU5F1",3,1223,262004.983334901,261870.309525376,0.000514012397059949,1223,0,1,0,FALSE,FALSE
"ADIPOQ+LPL+PTGS1",3,1223,262045.7333349,261881.859525375,0.00062536339531305,1223,0,1,0,FALSE,FALSE
"ADIPOQ+LPL+RARA",3,1223,262020.350001568,261837.992858707,0.00069596557236784,1223,0,1,0,FALSE,FALSE
"ADIPOQ+LPL+RASA1",3,1223,262031.150001568,261882.942858709,0.000565608870769951,1223,0,1,0,FALSE,FALSE
"ADIPOQ+LPL+SIRT3",3,1223,262040.483334901,261887.142858708,0.000585178573329403,1223,0,1,0,FALSE,FALSE
"ADIPOQ+LPL+SOD2",3,1223,262015.216668234,261801.728572993,0.000814792735917558,1223,0,1,0,FALSE,FALSE
"ADIPOQ+LPL+SOX9",3,1223,262018.483334901,261857.509525375,0.000614360511812517,1223,0,1,0,FALSE,FALSE
"ADIPOQ+LPL+SPP1",3,1223,262003.383334901,261834.509525375,0.00064454820154014,1223,0,1,0,FALSE,FALSE
"ADIPOQ+LPL+SQLE",3,1223,262101.200001567,261940.588096803,0.000612785842884822,1223,0,1,0,FALSE,FALSE
"ADIPOQ+LPL+STAT4",3,1223,262031.533334901,261812.257144422,0.000836831306859409,1223,0,1,0,FALSE,FALSE
"ADIPOQ+LPL+TFRC",3,1223,262019.683334901,261821.09523966,0.000757912889265855,1223,0,1,0,FALSE,FALSE
"ADIPOQ+LPL+THBS1",3,1223,262005.283334901,261851.459525376,0.000587101937670198,1223,0,1,0,FALSE,FALSE
"ADIPOQ+LPL+TJP1",3,1223,261989.100001569,261769.438096804,0.000838439098279076,1223,0,1,0,FALSE,FALSE
"ADIPOQ+LPL+TNFSF11",3,1223,262005.766668235,261851.992858709,0.000586910019124587,1223,0,1,0,FALSE,FALSE
"ADIPOQ+LPL+VIM",3,1223,262001.716668235,261854.126192042,0.000563318737256235,1223,0,1,0,FALSE,FALSE
"ADIPOQ+LPL+VWF",3,1223,262012.833334901,261863.809525375,0.000568765306756092,1223,0,1,0,FALSE,FALSE
"ADIPOQ+MAP3K5+YWHAZ",3,1223,261968.150001568,261858.066668232,0.000420216477976632,1223,0,1,0,FALSE,FALSE
"ADIPOQ+MB+MT-CYB",3,1223,262079.050001568,262011.600001567,0.000257365096525963,1223,0,1,0,FALSE,FALSE
"ADIPOQ+MGLL+TRPV1",3,1223,262117.366668235,261636.933334896,0.00183289394154429,1222,0.000817661488143884,2,0.00163532297628777,FALSE,FALSE
"ADIPOQ+MT-CYB+NCF2",3,1223,262065.883334902,262006.166668234,0.000227868908030948,1223,0,1,0,FALSE,FALSE
"ADIPOQ+MT-CYB+PTGS1",3,1223,262079.100001568,261988.300001566,0.000346460286230421,1223,0,1,0,FALSE,FALSE
"ADIPOQ+MT-CYB+RAC2",3,1223,262057.600001569,261985.800001568,0.00027398556653413,1223,0,1,0,FALSE,FALSE
"ADIPOQ+NCOA2+NR1H4",3,1223,262075.283334902,262020.19285871,0.000210208591554739,1223,0,1,0,FALSE,FALSE
"ADIPOQ+NCOA2+RARA",3,1223,262053.266668235,261989.3833349,0.000243779954158696,1223,0,1,0,FALSE,FALSE
"ADIPOQ+NOS1+NOS2",3,1223,261992.2333349,261878.983334899,0.000432264722352471,1223,0,1,0,FALSE,FALSE
"ADIPOQ+NQO1+RXRA",3,1223,262018.533334901,261839.065477753,0.000684943369704261,1223,0,1,0,FALSE,FALSE
"ADIPOQ+NRP1+NTRK1",3,1223,262036.550001568,261995.8833349,0.00015519463474678,1223,0,1,0,FALSE,FALSE
"ADIPOQ+NTRK1+NTRK2",3,1223,261997.450001567,261929.876192042,0.000257917813798469,1223,0,1,0,FALSE,FALSE
"ADIPOQ+NTRK1+RXRA",3,1223,262015.466668234,261964.3333349,0.000195153873872034,1223,0,1,0,FALSE,FALSE
"ADIPOQ+NTRK2+TAC1",3,1223,262006.066668234,261569.376192036,0.00166671894949255,1222,0.000817661488143884,2,0.00163532297628777,FALSE,FALSE
"ADIPOQ+PLG+RXRA",3,1223,262043.783334903,261876.485715852,0.000638433840793651,1223,0,1,0,FALSE,FALSE
"ADIPOQ+PLG+THBS1",3,1223,262027.266668237,261878.285715854,0.00056857041741254,1223,0,1,0,FALSE,FALSE
"ADIPOQ+PLG+VWF",3,1223,262034.816668236,261888.535715853,0.00055825006097654,1223,0,1,0,FALSE,FALSE
"ADIPOQ+POU5F1+RXRA",3,1223,262015.20000157,261971.166668236,0.00016805640792672,1223,0,1,0,FALSE,FALSE
"ADIPOQ+POU5F1+SOX2",3,1223,261979.683334904,261602.450001564,0.0014399335419385,1222,0.000817661488143884,2,0.00163532297628777,FALSE,FALSE
"ADIPOQ+PRKCZ+RAC2",3,1223,262036.50000157,261674.240477754,0.00138247734118602,1222,0.000817661488143884,2,0.00163532297628777,FALSE,FALSE
"ADIPOQ+PRKCZ+RXRA",3,1223,262034.066668237,261655.373811087,0.00144520467115339,1222,0.000817661488143884,2,0.00163532297628777,FALSE,FALSE
"ADIPOQ+PRKCZ+TJP1",3,1223,262001.366668238,261575.43571585,0.00162568217793901,1222,0.000817661488143884,2,0.00163532297628777,FALSE,FALSE
"ADIPOQ+RAC2+RXRA",3,1223,262034.45000157,261972.300001569,0.000237182553671222,1223,0,1,0,FALSE,FALSE
"ADIPOQ+RXRA+SIRT3",3,1223,262050.700001569,261988.433334901,0.000237613052236685,1223,0,1,0,FALSE,FALSE
"ADIPOQ+RXRA+SOD2",3,1223,262025.433334903,261904.585715853,0.00046120568340291,1223,0,1,0,FALSE,FALSE
"ADIPOQ+RXRA+SOX2",3,1223,261996.500001571,261584.366668229,0.00157304900385746,1222,0.000817661488143884,2,0.00163532297628777,FALSE,FALSE
"ADIPOQ+RXRA+SOX9",3,1223,262028.70000157,261958.616668235,0.000267464340106494,1223,0,1,0,FALSE,FALSE
"ADIPOQ+RXRA+SQLE",3,1223,262111.416668236,262042.228572997,0.000263964447330123,1223,0,1,0,FALSE,FALSE
"ADIPOQ+RXRA+TJP1",3,1223,261999.316668238,261870.411906331,0.000492004191254614,1223,0,1,0,FALSE,FALSE
"ADIPOQ+RXRA+TRPV1",3,1223,262040.400001569,261560.033334895,0.00183317788658444,1222,0.000817661488143884,2,0.00163532297628777,FALSE,FALSE
"ADIPOQ+RXRA+VIM",3,1223,262011.933334904,261954.983334902,0.000217356512264621,1223,0,1,0,FALSE,FALSE
"ADIPOQ+RXRA+YWHAZ",3,1223,261995.533334904,261865.666668234,0.000495682750834003,1223,0,1,0,FALSE,FALSE
"ADIPOQ+SIRT3+SOD2",3,1223,262044.116668236,261941.35238252,0.000392164063909073,1223,0,1,0,FALSE,FALSE
"ADIPOQ+SOD2+STAT4",3,1223,262035.166668236,261868.850001567,0.000634711244234865,1223,0,1,0,FALSE,FALSE
"ADIPOQ+SPP1+THBS1",3,1223,261997.083334904,261935.433334903,0.000235307963035836,1223,0,1,0,FALSE,FALSE
"ADIPOQ+SPP1+TNFSF11",3,1223,261997.566668237,261935.516668236,0.000236834260677443,1223,0,1,0,FALSE,FALSE
"ADIPOQ+SPP1+VWF",3,1223,262004.633334904,261948.516668236,0.000214181962942095,1223,0,1,0,FALSE,FALSE
"ADIPOQ+THBS1+VWF",3,1223,262006.533334904,261964.266668237,0.000161319132500615,1223,0,1,0,FALSE,FALSE
"ADIPOQ+VIM+YWHAZ",3,1223,261975.450001571,261871.016668236,0.000398637862192075,1223,0,1,0,FALSE,FALSE
"AGTR1+APOB+C3",3,1223,262060.966668235,261962.128572995,0.000377156874969087,1223,0,1,0,FALSE,FALSE
"AGTR1+APOB+CALR",3,1223,262024.933334901,261927.521430138,0.000371765783980349,1223,0,1,0,FALSE,FALSE
"AGTR1+APOB+CYP11B2",3,1223,262092.150001568,261981.061906328,0.000423851287570054,1223,0,1,0,FALSE,FALSE
"AGTR1+APOB+MPO",3,1223,262045.866668234,261893.047620612,0.000583176714690881,1223,0,1,0,FALSE,FALSE
"AGTR1+APOB+NPPA",3,1223,262060.750001568,261955.345239661,0.000402214989867256,1223,0,1,0,FALSE,FALSE
"AGTR1+APOB+PLA2G7",3,1223,262098.133334902,261978.364287281,0.000456962612044864,1223,0,1,0,FALSE,FALSE
"AGTR1+APOB+TFRC",3,1223,262039.283334901,261892.230953947,0.000561184487619992,1223,0,1,0,FALSE,FALSE
"AGTR1+ATF4+NPPA",3,1223,262076.533334902,262021.726192043,0.000209126479814081,1223,0,1,0,FALSE,FALSE
"AGTR1+C3+CYP11B2",3,1223,262143.866668235,262087.826192043,0.000213777560024164,1223,0,1,0,FALSE,FALSE
"AGTR1+C3+MPO",3,1223,262097.583334901,261996.995239661,0.000383781086267243,1223,0,1,0,FALSE,FALSE
"AGTR1+C3+NPPA",3,1223,262112.466668235,262061.89285871,0.000192946982520148,1223,0,1,0,FALSE,FALSE
"AGTR1+C3+PLG",3,1223,262104.883334901,261949.35476347,0.000593382959723443,1223,0,1,0,FALSE,FALSE
"AGTR1+CALM1+NOS1",3,1223,262018.416668234,261881.892858709,0.000521046616728027,1223,0,1,0,FALSE,FALSE
"AGTR1+CALM1+NOS2",3,1223,262020.333334901,261978.109525376,0.000161147072011425,1223,0,1,0,FALSE,FALSE
"AGTR1+CALR+F2",3,1223,262060.633334901,261997.619049185,0.000240456893177865,1223,0,1,0,FALSE,FALSE
"AGTR1+CALR+THBS1",3,1223,262040.566668236,261991.069049187,0.000188892962941112,1223,0,1,0,FALSE,FALSE
"AGTR1+CAMP+MPO",3,1223,262103.550001568,261679.561906322,0.00161763583607821,1222,0.000817661488143884,2,0.00163532297628777,FALSE,FALSE
"AGTR1+CNR1+DRD2",3,1223,262151.650001569,262015.995239662,0.000517466748370166,1223,0,1,0,FALSE,TRUE
"AGTR1+CNR1+HTR2A",3,1223,262177.300001568,262088.46190633,0.000338847395398689,1223,0,1,0,FALSE,TRUE
"AGTR1+CNR1+NPPA",3,1223,262151.800001569,262052.028572996,0.000380586471546818,1223,0,1,0,FALSE,TRUE
"AGTR1+CNR1+NTRK2",3,1223,262114.433334902,261989.571430138,0.000476364094777026,1223,0,1,0,FALSE,FALSE
"AGTR1+CRH+CYP11B2",3,1223,262139.083334902,262089.359525377,0.000189684837882287,1223,0,1,0,TRUE,TRUE
"AGTR1+CRH+HCRT",3,1223,262119.333334901,262049.414287281,0.000266745099381072,1223,0,1,0,FALSE,TRUE
"AGTR1+CRH+NPPA",3,1223,262107.683334901,262063.809525377,0.000167388490738607,1223,0,1,0,FALSE,TRUE
"AGTR1+CRH+NPY",3,1223,262069.433334901,261515.561906321,0.00211345299423704,1222,0.000817661488143884,2,0.00163532297628777,FALSE,FALSE
"AGTR1+CRH+OPRM1",3,1223,262118.033334902,262070.39285871,0.00018175199769821,1223,0,1,0,FALSE,TRUE
"AGTR1+CRH+TAC1",3,1223,262080.400001569,261670.792858704,0.00156290643200241,1222,0.000817661488143884,2,0.00163532297628777,FALSE,TRUE
"AGTR1+CYP11B2+DRD1",3,1223,262164.133334902,262090.445239663,0.000281076188041629,1223,0,1,0,TRUE,TRUE
"AGTR1+CYP11B2+FGF23",3,1223,262164.950001568,262104.24285871,0.000231560866003733,1223,0,1,0,FALSE,TRUE
"AGTR1+CYP11B2+FURIN",3,1223,262149.933334902,262082.476192043,0.000257322754199207,1223,0,1,0,FALSE,TRUE
"AGTR1+CYP11B2+GRM5",3,1223,262164.533334901,262067.221430138,0.000371186382554622,1223,0,1,0,FALSE,TRUE
"AGTR1+CYP11B2+HCRT",3,1223,262155.300001568,262066.380953948,0.000339184626898081,1223,0,1,0,TRUE,TRUE
"AGTR1+CYP11B2+MAP3K5",3,1223,262096.916668235,262034.226192043,0.000239188148371539,1223,0,1,0,FALSE,FALSE
"AGTR1+CYP11B2+NPY",3,1223,262105.400001568,261533.895239655,0.00218043871629414,1222,0.000817661488143884,2,0.00163532297628777,FALSE,FALSE
"AGTR1+CYP11B2+OPRM1",3,1223,262154.000001569,262086.659525377,0.000256873731437457,1223,0,1,0,TRUE,TRUE
"AGTR1+CYP11B2+TAC1",3,1223,262116.366668236,261687.809525371,0.00163498810971674,1222,0.000817661488143884,2,0.00163532297628777,FALSE,FALSE
"AGTR1+CYP11B2+TH",3,1223,262106.166668236,261964.376192041,0.000540965815481464,1223,0,1,0,FALSE,FALSE
"AGTR1+CYP19A1+NPPA",3,1223,262097.050001568,261937.542858706,0.000608580458501429,1223,0,1,0,FALSE,FALSE
"AGTR1+DRD1+GRIN2A",3,1223,262103.683334901,261963.000001565,0.000536746876450556,1223,0,1,0,FALSE,FALSE
"AGTR1+DRD2+HTR2A",3,1223,262137.600001568,262048.176192043,0.000341133090121071,1223,0,1,0,FALSE,TRUE
"AGTR1+DRD2+NPPA",3,1223,262112.100001568,262015.89285871,0.000367045790170994,1223,0,1,0,FALSE,TRUE
"AGTR1+DRD2+NPY",3,1223,262073.850001568,261467.128572987,0.0023150780918304,1222,0.000817661488143884,2,0.00163532297628777,FALSE,FALSE
"AGTR1+DRD2+TH",3,1223,262074.616668235,261903.776192041,0.000651877233921128,1223,0,1,0,FALSE,FALSE
"AGTR1+DUOX2+GATM",3,1223,262214.1833349,261793.519049182,0.00160427739021451,1222,0.000817661488143884,2,0.00163532297628777,FALSE,FALSE
"AGTR1+DUOX2+NCF2",3,1223,262167.233334902,261833.91666823,0.0012713894960571,1222,0.000817661488143884,2,0.00163532297628777,TRUE,TRUE
"AGTR1+DUOX2+RAC2",3,1223,262158.95000157,261814.81666823,0.00131268962336573,1222,0.000817661488143884,2,0.00163532297628777,TRUE,TRUE
"AGTR1+EPOR+F2",3,1223,262100.766668235,262038.076192043,0.000239184634935552,1223,0,1,0,FALSE,FALSE
"AGTR1+F2+GJA1",3,1223,262070.950001568,261985.909525376,0.000324494096700989,1223,0,1,0,FALSE,FALSE
"AGTR1+F2+GRM5",3,1223,262117.333334901,262012.521430137,0.000399866363014367,1223,0,1,0,FALSE,FALSE
"AGTR1+F2+HNF4A",3,1223,262050.783334901,261968.992858709,0.000312116892579262,1223,0,1,0,FALSE,FALSE
"AGTR1+F2+ITGA5",3,1223,262084.483334901,261698.576192037,0.00147245322559131,1222,0.000817661488143884,2,0.00163532297628777,FALSE,FALSE
"AGTR1+F2+MAP3K5",3,1223,262049.716668234,261979.709525375,0.000267152141009919,1223,0,1,0,FALSE,FALSE
"AGTR1+F2+MPO",3,1223,262081.566668234,261962.111906327,0.000455792307053171,1223,0,1,0,FALSE,FALSE
"AGTR1+F2+NOS2",3,1223,262058.166668234,262000.426192042,0.000220334580394832,1223,0,1,0,FALSE,FALSE
"AGTR1+F2+NPY",3,1223,262058.200001567,261480.21190632,0.00220557149230027,1222,0.000817661488143884,2,0.00163532297628777,FALSE,FALSE
"AGTR1+F2+NRP1",3,1223,262098.183334901,262020.009525376,0.00029826154661261,1223,0,1,0,FALSE,FALSE
"AGTR1+F2+PLA2G7",3,1223,262133.833334902,262046.095239662,0.000334707252870214,1223,0,1,0,FALSE,FALSE
"AGTR1+F2+SPP1",3,1223,262058.683334902,261972.176192043,0.000330105996711794,1223,0,1,0,FALSE,FALSE
"AGTR1+F2+STAT4",3,1223,262086.833334901,261949.723811089,0.000523145409739856,1223,0,1,0,FALSE,FALSE
"AGTR1+F2+SYK",3,1223,262069.150001569,262003.659525377,0.00024989769376349,1223,0,1,0,FALSE,FALSE
"AGTR1+F2+TAC1",3,1223,262069.166668235,261633.45952537,0.00166256545325127,1222,0.000817661488143884,2,0.00163532297628777,FALSE,FALSE
"AGTR1+F2+TFRC",3,1223,262074.983334901,261960.495239661,0.000436852437358359,1223,0,1,0,FALSE,FALSE
"AGTR1+F2+THBS1",3,1223,262060.583334902,261989.559525377,0.000271020573264669,1223,0,1,0,FALSE,FALSE
"AGTR1+F2+TJP1",3,1223,262044.400001569,261907.054763472,0.00052412964404791,1223,0,1,0,FALSE,FALSE
"AGTR1+F2+TNFSF11",3,1223,262061.066668235,261989.959525376,0.000271338065448434,1223,0,1,0,FALSE,FALSE
"AGTR1+FGF23+NPPA",3,1223,262133.550001568,262078.609525377,0.000209589639293739,1223,0,1,0,TRUE,TRUE
"AGTR1+FURIN+NPPA",3,1223,262118.533334902,262056.276192043,0.000237515226666485,1223,0,1,0,TRUE,TRUE
"AGTR1+FURIN+NRP1",3,1223,262120.266668235,262051.292858709,0.000263138025924481,1223,0,1,0,FALSE,TRUE
"AGTR1+GATM+NOS1",3,1223,262110.366668234,261897.814287281,0.000810927029158082,1223,0,1,0,FALSE,FALSE
"AGTR1+GATM+NOS2",3,1223,262112.283334901,261977.014287282,0.000516072905468401,1223,0,1,0,FALSE,FALSE
"AGTR1+GJA1+NPPA",3,1223,262086.750001568,262014.409525377,0.000276017296528819,1223,0,1,0,FALSE,FALSE
"AGTR1+GJA1+TJP1",3,1223,262034.70000157,261895.654763473,0.000530636736646994,1223,0,1,0,FALSE,FALSE
"AGTR1+GRIN2A+GRM5",3,1223,262104.083334901,261936.53571585,0.000639240781443728,1223,0,1,0,FALSE,FALSE
"AGTR1+GRIN2A+HTR3A",3,1223,262150.233334902,262014.640477757,0.000517233402467343,1223,0,1,0,FALSE,FALSE
"AGTR1+GRIN2A+NPPA",3,1223,262083.200001568,261949.873811089,0.000508717042825291,1223,0,1,0,FALSE,FALSE
"AGTR1+GRIN2B+GRM5",3,1223,262075.233334901,261917.914287279,0.000600282009179609,1223,0,1,0,FALSE,FALSE
"AGTR1+GRIN2B+HTR3A",3,1223,262121.383334902,262007.702382518,0.000433695835637682,1223,0,1,0,FALSE,FALSE
"AGTR1+GRIN2B+NPPA",3,1223,262054.350001568,261932.23571585,0.000465988394074524,1223,0,1,0,FALSE,FALSE
"AGTR1+GRIN2B+NTRK2",3,1223,262016.983334901,261866.128572992,0.000575744213175522,1223,0,1,0,FALSE,FALSE
"AGTR1+GRIN2B+RASA1",3,1223,262044.350001568,261928.952382518,0.000440374383381625,1223,0,1,0,FALSE,FALSE
"AGTR1+GRM5+HTR2A",3,1223,262158.633334901,262074.454763472,0.000321097842014617,1223,0,1,0,TRUE,TRUE
"AGTR1+GRM5+NPPA",3,1223,262133.133334901,262040.804763472,0.000352220149567262,1223,0,1,0,TRUE,TRUE
"AGTR1+GRM5+OPRM1",3,1223,262143.483334902,262050.604763472,0.000354304330774324,1223,0,1,0,FALSE,FALSE
"AGTR1+HCRT+NPPA",3,1223,262123.900001568,262040.964287281,0.000316398902528991,1223,0,1,0,FALSE,TRUE
"AGTR1+ITGA5+SPP1",3,1223,262062.516668235,261673.242858705,0.00148542345727043,1222,0.000817661488143884,2,0.00163532297628777,FALSE,FALSE
"AGTR1+ITGA5+THBS1",3,1223,262064.416668236,261690.042858706,0.00142855643772422,1222,0.000817661488143884,2,0.00163532297628777,FALSE,FALSE
"AGTR1+ITGA5+VWF",3,1223,262071.966668235,261703.076192039,0.00140759227660336,1222,0.000817661488143884,2,0.00163532297628777,FALSE,FALSE
"AGTR1+MAP3K5+NPPA",3,1223,262065.516668234,262008.509525376,0.000217530118357234,1223,0,1,0,FALSE,FALSE
"AGTR1+MT-CYB+NCF2",3,1223,262107.416668235,262034.49285871,0.000278221083752306,1223,0,1,0,FALSE,FALSE
"AGTR1+MT-CYB+RAC2",3,1223,262099.133334902,262014.076192044,0.000324522793251014,1223,0,1,0,FALSE,FALSE
"AGTR1+NOS1+NOS2",3,1223,262033.766668234,261907.009525375,0.000483743543706616,1223,0,1,0,FALSE,FALSE
"AGTR1+NOS1+NPPA",3,1223,262072.050001568,261932.942858708,0.000530797324088561,1223,0,1,0,FALSE,FALSE
"AGTR1+NPPA+NPY",3,1223,262074.000001567,261507.478572988,0.00216168497667146,1222,0.000817661488143884,2,0.00163532297628777,FALSE,FALSE
"AGTR1+NPPA+NTRK1",3,1223,262076.350001568,262029.776192043,0.00017771084466156,1223,0,1,0,FALSE,FALSE
"AGTR1+NPPA+NTRK2",3,1223,262074.883334901,261989.419049185,0.00032610635795538,1223,0,1,0,FALSE,FALSE
"AGTR1+NPPA+TAC1",3,1223,262084.966668235,261662.176192038,0.00161318095262131,1222,0.000817661488143884,2,0.00163532297628777,FALSE,FALSE
"AGTR1+NPPA+TH",3,1223,262074.766668235,261938.909525374,0.000518390780569256,1223,0,1,0,FALSE,FALSE
"AGTR1+NPPA+TRPV1",3,1223,262101.283334901,261624.959525371,0.00181732726932748,1222,0.000817661488143884,2,0.00163532297628777,TRUE,TRUE
"AGTR1+NPPA+VWF",3,1223,262083.933334902,262030.59285871,0.000203524403471045,1223,0,1,0,FALSE,FALSE
"AGTR1+NPY+OPRM1",3,1223,262084.350001568,261515.811906321,0.00216929433307633,1222,0.000817661488143884,2,0.00163532297628777,FALSE,FALSE
"AGTR1+NRP1+NTRK1",3,1223,262078.083334901,262024.076192043,0.000206072717608086,1223,0,1,0,FALSE,FALSE
"AGTR1+NTRK1+NTRK2",3,1223,262038.983334901,261957.985715851,0.000309105225560269,1223,0,1,0,FALSE,FALSE
"AGTR1+NTRK2+TAC1",3,1223,262047.600001568,261597.485715846,0.00171768138963813,1222,0.000817661488143884,2,0.00163532297628777,FALSE,FALSE
"AGTR1+OPRM1+TRPV1",3,1223,262111.633334902,261636.792858705,0.00181159634219807,1222,0.000817661488143884,2,0.00163532297628777,TRUE,TRUE
"AGTR1+PLD2+RAC2",3,1223,262119.000001569,262050.392858711,0.000261740441774405,1223,0,1,0,FALSE,FALSE
"AGTR1+PLG+THBS1",3,1223,262068.80000157,261906.695239663,0.000618558034784389,1223,0,1,0,FALSE,FALSE
"AGTR1+PLG+VWF",3,1223,262076.35000157,261916.861906329,0.000608555847330772,1223,0,1,0,FALSE,FALSE
"AGTR1+SPP1+THBS1",3,1223,262038.616668238,261963.709525379,0.000285862991534547,1223,0,1,0,FALSE,FALSE
"AGTR1+SPP1+TNFSF11",3,1223,262039.100001571,261963.876192046,0.000287070935309996,1223,0,1,0,FALSE,FALSE
"AGTR1+SPP1+VWF",3,1223,262046.166668237,261976.709525379,0.000265056893376636,1223,0,1,0,FALSE,FALSE
"AGTR1+THBS1+VWF",3,1223,262048.066668237,261992.459525379,0.000212202072562673,1223,0,1,0,FALSE,FALSE
"AKR1B1+ALDH1B1+ALDH3A1",3,1223,262305.666668232,262281.302382518,9.28850909840406e-05,1223,0,1,0,TRUE,TRUE
"AKR1B1+ALDH1B1+CHAT",3,1223,262286.016668233,262190.157144426,0.000365477065931374,1223,0,1,0,FALSE,TRUE
"AKR1B1+ALDH1B1+COMT",3,1223,262274.050001566,262202.566668234,0.000272552062743903,1223,0,1,0,FALSE,TRUE
"AKR1B1+ALDH1B1+CS",3,1223,262267.0333349,262210.219049187,0.000216627629446964,1223,0,1,0,FALSE,TRUE
"AKR1B1+ALDH1B1+DRD2",3,1223,262253.550001567,262193.583334901,0.000228659122689101,1223,0,1,0,FALSE,TRUE
"AKR1B1+ALDH1B1+GOT1",3,1223,262295.066668232,262276.009525376,7.26553613785708e-05,1223,0,1,0,FALSE,TRUE
"AKR1B1+ALDH1B1+IDO1",3,1223,262243.700001567,262118.992858711,0.000475539137280268,1223,0,1,0,FALSE,TRUE
"AKR1B1+ALDH1B1+MDH2",3,1223,262295.650001566,262256.966668233,0.000147479888943036,1223,0,1,0,FALSE,TRUE
"AKR1B1+ALDH1B1+NPY",3,1223,262215.450001567,261686.285715848,0.00201805151342693,1222,0.000817661488143884,2,0.00163532297628777,FALSE,FALSE
"AKR1B1+ALDH1B1+SLC6A3",3,1223,262265.250001566,262218.94285871,0.000176566063770811,1223,0,1,0,FALSE,TRUE
"AKR1B1+ALDH2+ALDH3A1",3,1223,262286.450001566,262244.585715852,0.000159612842040913,1223,0,1,0,TRUE,TRUE
"AKR1B1+ALDH2+CHAT",3,1223,262266.800001566,262157.573811093,0.000416469757029247,1223,0,1,0,FALSE,TRUE
"AKR1B1+ALDH2+COMT",3,1223,262254.8333349,262168.916668235,0.000327607562356502,1223,0,1,0,FALSE,TRUE
"AKR1B1+ALDH2+CS",3,1223,262247.816668234,262177.469049187,0.000268248635737711,1223,0,1,0,FALSE,TRUE
"AKR1B1+ALDH2+CYP7A1",3,1223,262235.683334901,262144.37143014,0.000348205490569797,1223,0,1,0,FALSE,FALSE
"AKR1B1+ALDH2+DRD2",3,1223,262234.3333349,262160.700001569,0.000280792115949557,1223,0,1,0,FALSE,TRUE
"AKR1B1+ALDH2+GOT1",3,1223,262275.850001566,262243.476192043,0.000123434199232886,1223,0,1,0,FALSE,TRUE
"AKR1B1+ALDH2+HTR2A",3,1223,262259.9833349,262231.4333349,0.000108861442133512,1223,0,1,0,FALSE,TRUE
"AKR1B1+ALDH2+IDO1",3,1223,262224.483334901,262086.009525377,0.000528073533646256,1223,0,1,0,FALSE,FALSE
"AKR1B1+ALDH2+NPY",3,1223,262196.233334901,261653.285715847,0.00207076818819218,1222,0.000817661488143884,2,0.00163532297628777,FALSE,FALSE
"AKR1B1+ALDH2+SLC6A3",3,1223,262246.0333349,262185.909525377,0.00022926489586117,1223,0,1,0,FALSE,TRUE
"AKR1B1+ALDH3A1+COMT",3,1223,262253.816668233,262163.385715854,0.000344822254746968,1223,0,1,0,FALSE,TRUE
"AKR1B1+ALDH3A1+GCK",3,1223,262241.100001567,262166.364287282,0.000284988563134636,1223,0,1,0,TRUE,TRUE
"AKR1B1+ALDH3A1+HK2",3,1223,262230.566668234,262132.971430139,0.000372173386704255,1223,0,1,0,TRUE,TRUE
"AKR1B1+ALDH3A1+MAOA",3,1223,262227.2333349,262168.619049187,0.000223524784089602,1223,0,1,0,FALSE,FALSE
"AKR1B1+ALDH3A1+MAOB",3,1223,262239.916668233,262201.45238252,0.000146675937830576,1223,0,1,0,FALSE,TRUE
"AKR1B1+ALDH3A1+MGLL",3,1223,262291.083334899,262209.269049187,0.00031192171945793,1223,0,1,0,TRUE,TRUE
"AKR1B1+ALDH3A1+TH",3,1223,262195.983334902,262082.919049186,0.000431220510238695,1223,0,1,0,FALSE,FALSE
"AKR1B1+ALDH3A1+TPH1",3,1223,262271.083334899,262230.102382518,0.0001562541773934,1223,0,1,0,FALSE,TRUE
"AKR1B1+BAX+GCK",3,1223,262162.800001569,262083.678572996,0.000301802653052685,1223,0,1,0,TRUE,TRUE
"AKR1B1+BAX+TH",3,1223,262117.683334903,262003.400001566,0.000436000089282906,1223,0,1,0,FALSE,FALSE
"AKR1B1+CNR1+DRD2",3,1223,262220.900001567,262102.552382521,0.000451327941615398,1223,0,1,0,TRUE,TRUE
"AKR1B1+CNR1+HTR2A",3,1223,262246.550001566,262175.069049187,0.000272571564348567,1223,0,1,0,TRUE,TRUE
"AKR1B1+CNR1+TPH1",3,1223,262258.666668232,262176.769049187,0.000312278027209012,1223,0,1,0,TRUE,TRUE
"AKR1B1+COMT+DRD2",3,1223,262201.700001568,262076.766668234,0.000476477968421318,1223,0,1,0,FALSE,FALSE
"AKR1B1+COMT+HTR2A",3,1223,262227.350001567,262148.916668235,0.000299104320474086,1223,0,1,0,TRUE,TRUE
"AKR1B1+COMT+MAOA",3,1223,262195.616668234,262077.6333349,0.000449982096699997,1223,0,1,0,FALSE,FALSE
"AKR1B1+COMT+MAOB",3,1223,262208.300001567,262121.550001568,0.000330843836747197,1223,0,1,0,FALSE,FALSE
"AKR1B1+COMT+SLC6A3",3,1223,262213.400001567,262098.809525377,0.000437012281559346,1223,0,1,0,TRUE,TRUE
"AKR1B1+COMT+TPH1",3,1223,262239.466668232,262151.066668234,0.000337096475681031,1223,0,1,0,TRUE,TRUE
"AKR1B1+CS+GOT1",3,1223,262236.200001567,262166.61190633,0.000265364184031003,1223,0,1,0,TRUE,TRUE
"AKR1B1+CS+MDH2",3,1223,262236.783334901,262144.752382521,0.000350946008448427,1223,0,1,0,TRUE,TRUE
"AKR1B1+CS+MGLL",3,1223,262252.450001567,262133.27143014,0.00045444216603463,1223,0,1,0,TRUE,TRUE
"AKR1B1+CS+TH",3,1223,262157.35000157,262012.085715852,0.000554111054743012,1223,0,1,0,FALSE,FALSE
"AKR1B1+CYP11B2+CYP19A1",3,1223,262197.700001568,262043.294049184,0.000588891330408625,1223,0,1,0,TRUE,TRUE
"AKR1B1+CYP11B2+TH",3,1223,262175.416668236,262056.559525376,0.00045334968613886,1223,0,1,0,FALSE,FALSE
"AKR1B1+CYP19A1+HK2",3,1223,262163.400001569,261965.769049183,0.000753846465159524,1223,0,1,0,TRUE,TRUE
"AKR1B1+CYP7A1+GCK",3,1223,262190.333334901,262060.250001567,0.000496140844246096,1223,0,1,0,FALSE,FALSE
"AKR1B1+CYP7A1+HNF4A",3,1223,262137.033334903,262032.471430139,0.000398882612781204,1223,0,1,0,FALSE,FALSE
"AKR1B1+DRD2+HTR2A",3,1223,262206.850001567,262134.950001568,0.000274210990287904,1223,0,1,0,TRUE,TRUE
"AKR1B1+DRD2+MAOA",3,1223,262175.116668235,262088.366668234,0.00033088571143991,1223,0,1,0,FALSE,FALSE
"AKR1B1+DRD2+MGLL",3,1223,262238.966668234,262121.966668235,0.000446157950837134,1223,0,1,0,TRUE,TRUE
"AKR1B1+DRD2+NPY",3,1223,262143.100001569,261554.402382513,0.00224571090771553,1222,0.000817661488143884,2,0.00163532297628777,FALSE,FALSE
"AKR1B1+DRD2+SLC6A3",3,1223,262192.900001567,262090.076192043,0.000392168550419902,1223,0,1,0,TRUE,TRUE
"AKR1B1+DRD2+TPH1",3,1223,262218.966668233,262141.916668234,0.000293838393834345,1223,0,1,0,TRUE,TRUE
"AKR1B1+EGR1+HK2",3,1223,262130.900001569,262039.569049187,0.000348417345615859,1223,0,1,0,FALSE,FALSE
"AKR1B1+EGR1+TH",3,1223,262096.316668236,261989.8333349,0.00040627558101558,1223,0,1,0,FALSE,FALSE
"AKR1B1+GATM+GLUL",3,1223,262263.866668232,262103.447620617,0.000611670412906551,1223,0,1,0,TRUE,TRUE
"AKR1B1+GATM+TH",3,1223,262182.333334902,261973.554763472,0.000796310601004713,1223,0,1,0,FALSE,FALSE
"AKR1B1+GCK+MDH2",3,1223,262231.0833349,262140.778572997,0.000344370929469262,1223,0,1,0,TRUE,TRUE
"AKR1B1+GLUL+TH",3,1223,262188.066668236,262057.94285871,0.000496299511948295,1223,0,1,0,FALSE,FALSE
"AKR1B1+GOT1+MDH2",3,1223,262264.816668233,262212.126192043,0.000200905622260272,1223,0,1,0,TRUE,TRUE
"AKR1B1+GOT1+TPH1",3,1223,262260.483334899,262224.809525376,0.000136024341409247,1223,0,1,0,FALSE,TRUE
"AKR1B1+HCRT+MGLL",3,1223,262250.766668233,262146.338096807,0.000398201205484172,1223,0,1,0,TRUE,TRUE
"AKR1B1+HK2+HNF4A",3,1223,262132.933334902,262024.619049186,0.000413203653344962,1223,0,1,0,FALSE,FALSE
"AKR1B1+HK2+KCNJ11",3,1223,262178.783334902,261466.823811079,0.00271554972819155,1221,0.00163532297628777,2,0.00326796948289265,FALSE,TRUE
"AKR1B1+HK2+LPL",3,1223,262149.033334902,261945.495239661,0.000776421307573494,1223,0,1,0,FALSE,TRUE
"AKR1B1+HK2+MDH2",3,1223,262220.550001567,262108.50238252,0.000427302967088039,1223,0,1,0,TRUE,TRUE
"AKR1B1+HK2+PYGM",3,1223,262221.8833349,262131.585715853,0.000344355771908722,1223,0,1,0,FALSE,TRUE
"AKR1B1+HK2+TYMS",3,1223,262190.866668235,262076.988096806,0.000434334623766963,1223,0,1,0,TRUE,TRUE
"AKR1B1+HK2+YWHAZ",3,1223,262122.766668238,261959.719049186,0.000622027690015736,1223,0,1,0,FALSE,FALSE
"AKR1B1+HTR2A+MAOA",3,1223,262200.766668234,262155.266668234,0.000173531147821149,1223,0,1,0,TRUE,TRUE
"AKR1B1+HTR2A+MGLL",3,1223,262264.616668233,262192.666668235,0.000274341239440923,1223,0,1,0,TRUE,TRUE
"AKR1B1+HTR2A+SLC6A3",3,1223,262218.550001566,262160.39285871,0.000221788820263913,1223,0,1,0,TRUE,TRUE
"AKR1B1+HTR2A+TH",3,1223,262169.516668236,262066.700001567,0.000392176283406043,1223,0,1,0,TRUE,TRUE
"AKR1B1+IDO1+MAOB",3,1223,262177.950001568,262041.726192043,0.000519585302746761,1223,0,1,0,FALSE,FALSE
"AKR1B1+MAOA+MAOB",3,1223,262181.716668234,262023.609525375,0.000603044120956242,1223,0,1,0,TRUE,TRUE
"AKR1B1+MAOB+SLC6A3",3,1223,262199.500001567,262139.94285871,0.000227144379971733,1223,0,1,0,TRUE,TRUE
"AKR1B1+MDH2+MGLL",3,1223,262281.066668233,262185.333334902,0.000365002836641204,1223,0,1,0,TRUE,TRUE
"AKR1B1+MDH2+TH",3,1223,262185.966668236,262059.700001567,0.000481592009953569,1223,0,1,0,FALSE,TRUE
"AKR1B1+MGLL+TAC1",3,1223,262211.833334902,261767.36666823,0.00169506715627177,1222,0.000817661488143884,2,0.00163532297628777,TRUE,TRUE
"AKR1B1+NPY+TPH1",3,1223,262180.866668233,261633.002382511,0.00208964251542887,1222,0.000817661488143884,2,0.00163532297628777,TRUE,TRUE
"AKR1B1+SLC6A3+TPH1",3,1223,262230.666668233,262167.176192044,0.000242116900344813,1223,0,1,0,TRUE,TRUE
"AKR1B1+TPH1+TYMS",3,1223,262231.3833349,262174.535715854,0.00021678419388016,1223,0,1,0,FALSE,TRUE
"AKR1B10+ALDH1B1+CHAT",3,1223,262284.600001566,262187.173811093,0.000371452195335631,1223,0,1,0,FALSE,TRUE
"AKR1B10+ALDH1B1+COMT",3,1223,262272.6333349,262199.666668234,0.000278209227312143,1223,0,1,0,FALSE,TRUE
"AKR1B10+ALDH1B1+CS",3,1223,262265.616668233,262207.235715853,0.000222602387311532,1223,0,1,0,FALSE,TRUE
"AKR1B10+ALDH1B1+DRD2",3,1223,262252.1333349,262190.683334902,0.000234316492366715,1223,0,1,0,FALSE,TRUE
"AKR1B10+ALDH1B1+GOT1",3,1223,262293.650001566,262273.109525376,7.83109930024839e-05,1223,0,1,0,FALSE,TRUE
"AKR1B10+ALDH1B1+GSTP1",3,1223,262230.100001567,261752.907144419,0.00181974859920875,1222,0.000817661488143884,2,0.00163532297628777,FALSE,FALSE
"AKR1B10+ALDH1B1+IDO1",3,1223,262242.2833349,262116.092858711,0.000481198053130405,1223,0,1,0,FALSE,TRUE
"AKR1B10+ALDH1B1+MDH2",3,1223,262294.233334899,262254.066668233,0.000153135912121183,1223,0,1,0,FALSE,TRUE
"AKR1B10+ALDH1B1+NPY",3,1223,262214.033334901,261683.252382514,0.00202422786315382,1222,0.000817661488143884,2,0.00163532297628777,FALSE,FALSE
"AKR1B10+ALDH1B1+SLC6A3",3,1223,262263.8333349,262216.04285871,0.000182222899673845,1223,0,1,0,FALSE,TRUE
"AKR1B10+ALDH2+CHAT",3,1223,262265.3833349,262154.59047776,0.000422445599687071,1223,0,1,0,FALSE,TRUE
"AKR1B10+ALDH2+COMT",3,1223,262253.416668233,262166.016668235,0.000333265438859476,1223,0,1,0,FALSE,TRUE
"AKR1B10+ALDH2+CS",3,1223,262246.400001567,262174.485715854,0.000274224110274446,1223,0,1,0,FALSE,TRUE
"AKR1B10+ALDH2+CYP7A1",3,1223,262234.266668234,262141.47143014,0.000353863891522477,1223,0,1,0,FALSE,FALSE
"AKR1B10+ALDH2+DRD2",3,1223,262232.916668234,262157.800001569,0.000286450181843478,1223,0,1,0,FALSE,TRUE
"AKR1B10+ALDH2+GOT1",3,1223,262274.4333349,262240.576192043,0.000129090519521702,1223,0,1,0,FALSE,TRUE
"AKR1B10+ALDH2+GSTP1",3,1223,262210.883334901,261719.990477752,0.00187212998524555,1222,0.000817661488143884,2,0.00163532297628777,FALSE,FALSE
"AKR1B10+ALDH2+HTR2A",3,1223,262258.566668233,262228.5333349,0.000114518025910559,1223,0,1,0,FALSE,TRUE
"AKR1B10+ALDH2+IDO1",3,1223,262223.066668234,262083.109525377,0.000533733148020854,1223,0,1,0,FALSE,FALSE
"AKR1B10+ALDH2+NPY",3,1223,262194.816668234,261650.252382514,0.00207694527542657,1222,0.000817661488143884,2,0.00163532297628777,FALSE,FALSE
"AKR1B10+ALDH2+SLC6A3",3,1223,262244.616668233,262183.009525377,0.000234922430967455,1223,0,1,0,FALSE,TRUE
"AKR1B10+ALDH3A1+CHAT",3,1223,262264.366668233,262152.592858712,0.000426187556247903,1223,0,1,0,FALSE,FALSE
"AKR1B10+ALDH3A1+CS",3,1223,262245.3833349,262169.788096806,0.000288261463873618,1223,0,1,0,FALSE,FALSE
"AKR1B10+ALDH3A1+CYP7A1",3,1223,262233.250001567,262139.473811092,0.000357606026216928,1223,0,1,0,FALSE,FALSE
"AKR1B10+ALDH3A1+DRD2",3,1223,262231.900001567,262155.902382521,0.00028981073258294,1223,0,1,0,FALSE,FALSE
"AKR1B10+ALDH3A1+GATM",3,1223,262270.366668232,262133.273811093,0.00052271577182228,1223,0,1,0,FALSE,FALSE
"AKR1B10+ALDH3A1+GLUL",3,1223,262276.100001566,262218.261906329,0.000220523697114228,1223,0,1,0,FALSE,FALSE
"AKR1B10+ALDH3A1+GOT1",3,1223,262273.416668233,262238.578572995,0.000132831209811779,1223,0,1,0,FALSE,FALSE
"AKR1B10+ALDH3A1+HTR2A",3,1223,262257.550001566,262226.452382519,0.000118576639822954,1223,0,1,0,FALSE,FALSE
"AKR1B10+ALDH3A1+IDO1",3,1223,262222.050001567,262081.395239663,0.000536395630739817,1223,0,1,0,FALSE,FALSE
"AKR1B10+ALDH3A1+NPY",3,1223,262193.800001568,261647.588096799,0.00208323730296134,1222,0.000817661488143884,2,0.00163532297628777,FALSE,FALSE
"AKR1B10+ALDH3A1+SLC6A3",3,1223,262243.600001566,262181.028572996,0.000238600402716727,1223,0,1,0,FALSE,FALSE
"AKR1B10+BAX+GCK",3,1223,262161.383334902,262081.328572996,0.00030536443196616,1223,0,1,0,TRUE,TRUE
"AKR1B10+BAX+TH",3,1223,262116.266668236,261998.966668233,0.000447511333403039,1223,0,1,0,FALSE,FALSE
"AKR1B10+CNR1+DRD2",3,1223,262219.483334901,262099.652382521,0.000456987218705462,1223,0,1,0,TRUE,TRUE
"AKR1B10+CNR1+HTR2A",3,1223,262245.1333349,262172.169049188,0.000278229322254187,1223,0,1,0,TRUE,TRUE
"AKR1B10+CNR1+TPH1",3,1223,262257.250001566,262173.535715853,0.000319206754862966,1223,0,1,0,TRUE,TRUE
"AKR1B10+COMT+DRD2",3,1223,262200.283334901,262073.866668234,0.000482137795805859,1223,0,1,0,FALSE,FALSE
"AKR1B10+COMT+HTR2A",3,1223,262225.9333349,262146.016668235,0.000304762635980005,1223,0,1,0,TRUE,TRUE
"AKR1B10+COMT+MAOA",3,1223,262194.200001568,262075.0333349,0.000454497722171432,1223,0,1,0,FALSE,FALSE
"AKR1B10+COMT+MAOB",3,1223,262206.883334901,262118.816668235,0.000335867104425347,1223,0,1,0,FALSE,FALSE
"AKR1B10+COMT+SLC6A3",3,1223,262211.9833349,262095.909525377,0.000442671643176795,1223,0,1,0,TRUE,TRUE
"AKR1B10+COMT+TPH1",3,1223,262238.050001566,262147.833334901,0.000344025844703388,1223,0,1,0,TRUE,TRUE
"AKR1B10+CS+GOT1",3,1223,262234.7833349,262163.628572997,0.000271339907691459,1223,0,1,0,TRUE,TRUE
"AKR1B10+CS+MDH2",3,1223,262235.366668234,262141.769049188,0.000356922181152131,1223,0,1,0,TRUE,TRUE
"AKR1B10+CS+MGLL",3,1223,262251.0333349,262130.288096807,0.000460418540807361,1223,0,1,0,TRUE,TRUE
"AKR1B10+CS+TH",3,1223,262155.933334903,262007.485715852,0.000566256949301125,1223,0,1,0,FALSE,FALSE
"AKR1B10+CYP11B2+CYP19A1",3,1223,262196.283334901,262040.394049184,0.00059455185151569,1223,0,1,0,TRUE,TRUE
"AKR1B10+CYP11B2+TH",3,1223,262174.000001569,262052.042858709,0.000465176344180751,1223,0,1,0,FALSE,FALSE
"AKR1B10+CYP19A1+HK2",3,1223,262161.983334902,261962.78571585,0.000759826487876203,1223,0,1,0,TRUE,TRUE
"AKR1B10+CYP7A1+GCK",3,1223,262188.916668235,262057.816668234,0.000500021136158657,1223,0,1,0,FALSE,FALSE
"AKR1B10+CYP7A1+HNF4A",3,1223,262135.616668236,262029.571430139,0.000404543417046876,1223,0,1,0,FALSE,FALSE
"AKR1B10+DRD2+HTR2A",3,1223,262205.433334901,262132.050001568,0.000279869613681316,1223,0,1,0,TRUE,TRUE
"AKR1B10+DRD2+MAOA",3,1223,262173.700001568,262085.550001568,0.000336227470566386,1223,0,1,0,FALSE,FALSE
"AKR1B10+DRD2+MGLL",3,1223,262237.550001567,262119.066668235,0.000451816810106087,1223,0,1,0,TRUE,TRUE
"AKR1B10+DRD2+NPY",3,1223,262141.683334902,261551.369049179,0.00225189019240513,1222,0.000817661488143884,2,0.00163532297628777,FALSE,FALSE
"AKR1B10+DRD2+SLC6A3",3,1223,262191.483334901,262087.176192043,0.000397828112228105,1223,0,1,0,TRUE,TRUE
"AKR1B10+DRD2+TPH1",3,1223,262217.550001566,262138.683334901,0.000300768070882307,1223,0,1,0,TRUE,TRUE
"AKR1B10+EGR1+HK2",3,1223,262129.483334902,262036.50238252,0.000354713827683373,1223,0,1,0,FALSE,FALSE
"AKR1B10+EGR1+TH",3,1223,262094.900001569,261985.233334899,0.000418423504879972,1223,0,1,0,FALSE,FALSE
"AKR1B10+GATM+GLUL",3,1223,262262.450001566,262100.547620617,0.000617329628957441,1223,0,1,0,TRUE,TRUE
"AKR1B10+GATM+TH",3,1223,262180.916668236,261969.038096805,0.000808138800197256,1223,0,1,0,FALSE,FALSE
"AKR1B10+GCK+MDH2",3,1223,262229.666668234,262138.345239663,0.0003482497984717,1223,0,1,0,TRUE,TRUE
"AKR1B10+GLUL+TH",3,1223,262186.650001569,262053.426192043,0.000508125831445883,1223,0,1,0,FALSE,FALSE
"AKR1B10+GOT1+MDH2",3,1223,262263.400001567,262209.226192044,0.000206562598985105,1223,0,1,0,TRUE,TRUE
"AKR1B10+GOT1+TPH1",3,1223,262259.066668232,262221.576192042,0.000142952068983626,1223,0,1,0,FALSE,TRUE
"AKR1B10+HCRT+MGLL",3,1223,262249.350001566,262143.304763473,0.000404367973047215,1223,0,1,0,TRUE,TRUE
"AKR1B10+HK2+HNF4A",3,1223,262131.516668236,262021.635715853,0.000419182530125406,1223,0,1,0,FALSE,FALSE
"AKR1B10+HK2+KCNJ11",3,1223,262177.366668235,261463.690477746,0.00272211213179341,1221,0.00163532297628777,2,0.00326796948289265,FALSE,TRUE
"AKR1B10+HK2+LPL",3,1223,262147.616668235,261942.511906328,0.000782401780013542,1223,0,1,0,FALSE,TRUE
"AKR1B10+HK2+MDH2",3,1223,262219.133334901,262105.519049187,0.000433279922288365,1223,0,1,0,TRUE,TRUE
"AKR1B10+HK2+PYGM",3,1223,262220.466668233,262128.602382519,0.00035033224858827,1223,0,1,0,FALSE,TRUE
"AKR1B10+HK2+TYMS",3,1223,262189.450001569,262074.004763472,0.000440312293631617,1223,0,1,0,TRUE,TRUE
"AKR1B10+HK2+YWHAZ",3,1223,262121.350001571,261956.569049186,0.000628643765124504,1223,0,1,0,FALSE,FALSE
"AKR1B10+HTR2A+MAOA",3,1223,262199.350001567,262152.450001568,0.000178871534194158,1223,0,1,0,TRUE,TRUE
"AKR1B10+HTR2A+MGLL",3,1223,262263.200001566,262189.766668235,0.000279998617156774,1223,0,1,0,TRUE,TRUE
"AKR1B10+HTR2A+SLC6A3",3,1223,262217.1333349,262157.49285871,0.000227446907952955,1223,0,1,0,TRUE,TRUE
"AKR1B10+HTR2A+TH",3,1223,262168.100001569,262062.1833349,0.000404002877042231,1223,0,1,0,TRUE,TRUE
"AKR1B10+IDO1+MAOB",3,1223,262176.533334901,262038.992858709,0.000524610171788953,1223,0,1,0,FALSE,FALSE
"AKR1B10+MAOA+MAOB",3,1223,262180.300001568,262020.909525375,0.00060794222979943,1223,0,1,0,TRUE,TRUE
"AKR1B10+MAOB+SLC6A3",3,1223,262198.0833349,262137.209525377,0.000232167255951099,1223,0,1,0,TRUE,TRUE
"AKR1B10+MDH2+MGLL",3,1223,262279.650001566,262182.433334902,0.000370660349225838,1223,0,1,0,TRUE,TRUE
"AKR1B10+MDH2+TH",3,1223,262184.550001569,262055.050001567,0.00049392689234351,1223,0,1,0,FALSE,TRUE
"AKR1B10+MGLL+TAC1",3,1223,262210.416668235,261764.333334897,0.00170124184617304,1222,0.000817661488143884,2,0.00163532297628777,TRUE,TRUE
"AKR1B10+NPY+TPH1",3,1223,262179.450001567,261629.635715845,0.00209709146051951,1222,0.000817661488143884,2,0.00163532297628777,TRUE,TRUE
"AKR1B10+SLC6A3+TPH1",3,1223,262229.250001566,262163.94285871,0.0002490459887875,1223,0,1,0,TRUE,TRUE
"AKR1B10+TPH1+TYMS",3,1223,262229.966668234,262171.302382521,0.000223713126528691,1223,0,1,0,FALSE,TRUE
"ALAS2+ALDH1B1+ALDH2",3,1223,262350.116668231,262283.892858709,0.000252425309974935,1223,0,1,0,TRUE,TRUE
"ALAS2+ALDH1B1+GLUL",3,1223,262341.183334897,262273.635715852,0.000257480042541336,1223,0,1,0,TRUE,TRUE
"ALAS2+ALDH2+GLUL",3,1223,262321.966668231,262241.735715853,0.00030584915704035,1223,0,1,0,TRUE,TRUE
"ALAS2+APOB+TFRC",3,1223,262151.966668237,261993.347620615,0.000605065259046356,1223,0,1,0,FALSE,FALSE
"ALAS2+ESRRA+GATM",3,1223,262269.850001566,262103.483334903,0.000634333937589937,1223,0,1,0,FALSE,TRUE
"ALAS2+GATM+PLG",3,1223,262255.666668234,261979.471430139,0.00105315260334782,1223,0,1,0,FALSE,FALSE
"ALAS2+GATM+TYMS",3,1223,262275.516668233,262095.602382522,0.000685974382956589,1223,0,1,0,TRUE,TRUE
"ALAS2+GLUL+PLG",3,1223,262261.400001567,262091.578572997,0.000647527347026666,1223,0,1,0,FALSE,FALSE
"ALAS2+NOS1+NOS2",3,1223,262146.450001569,262008.376192043,0.000526704861058769,1223,0,1,0,FALSE,TRUE
"ALDH1A1+ALDH1B1+ALDH2",3,1223,262244.833334901,262004.228572994,0.000917481419356547,1223,0,1,0,FALSE,TRUE
"ALDH1A1+ALDH1B1+MAOB",3,1223,262198.300001568,261982.745239659,0.000822105871423728,1223,0,1,0,FALSE,FALSE
"ALDH1A1+ALDH1B1+MDH2",3,1223,262233.800001567,262017.24523966,0.000825807969475734,1223,0,1,0,FALSE,FALSE
"ALDH1A1+ALDH2+MAOB",3,1223,262179.083334902,261944.311906325,0.000895462084885335,1223,0,1,0,FALSE,FALSE
"ALDH1A1+ALDH3A1+COMT",3,1223,262191.966668235,261902.39762061,0.00110441616996892,1223,0,1,0,FALSE,FALSE
"ALDH1A1+ALDH3A1+MAOB",3,1223,262178.066668235,261941.464287277,0.000902449178775022,1223,0,1,0,FALSE,FALSE
"ALDH1A1+BGLAP+COL1A1",3,1223,262091.850001569,261806.478572991,0.00108882221471573,1223,0,1,0,FALSE,FALSE
"ALDH1A1+BGLAP+COL1A2",3,1223,262109.933334902,261871.295239658,0.000910450406087171,1223,0,1,0,FALSE,FALSE
"ALDH1A1+BGLAP+NANOG",3,1223,262072.116668235,261837.895239657,0.000893728915366543,1223,0,1,0,FALSE,FALSE
"ALDH1A1+BGLAP+POU5F1",3,1223,262068.116668236,261834.995239658,0.000889545174520001,1223,0,1,0,FALSE,FALSE
"ALDH1A1+BGLAP+SOX9",3,1223,262081.616668236,261818.778572991,0.00100288642365054,1223,0,1,0,FALSE,FALSE
"ALDH1A1+BGLAP+SPP1",3,1223,262066.516668236,261787.961906324,0.00106291626054844,1223,0,1,0,FALSE,FALSE
"ALDH1A1+CEBPA+HNF4A",3,1223,262014.350001568,261760.645239658,0.000968285751940301,1223,0,1,0,FALSE,FALSE
"ALDH1A1+CEBPA+NANOG",3,1223,262027.850001568,261809.678572991,0.000832626869913144,1223,0,1,0,FALSE,FALSE
"ALDH1A1+CEBPA+POU5F1",3,1223,262023.850001569,261806.778572992,0.000828441489489462,1223,0,1,0,FALSE,FALSE
"ALDH1A1+CEBPA+RARA",3,1223,262039.216668235,261766.061906323,0.00104241939578864,1223,0,1,0,FALSE,FALSE
"ALDH1A1+CEBPA+RXRA",3,1223,262040.666668235,261779.711906324,0.000995855968577652,1223,0,1,0,FALSE,FALSE
"ALDH1A1+COL1A1+COL1A2",3,1223,262112.866668235,261849.778572992,0.00100372064365817,1223,0,1,0,FALSE,FALSE
"ALDH1A1+COL1A1+ITGA5",3,1223,262095.250001569,261513.645239653,0.00221905876551454,1222,0.000817661488143884,2,0.00163532297628777,FALSE,FALSE
"ALDH1A1+COL1A1+NANOG",3,1223,262075.050001568,261830.278572992,0.000933974556430184,1223,0,1,0,FALSE,FALSE
"ALDH1A1+COL1A1+POU5F1",3,1223,262071.050001569,261827.378572993,0.000929791476682928,1223,0,1,0,FALSE,FALSE
"ALDH1A1+COL1A1+SOX9",3,1223,262084.550001569,261813.228572992,0.00103524388818643,1223,0,1,0,FALSE,FALSE
"ALDH1A1+COL1A1+THBS1",3,1223,262071.35000157,261797.711906326,0.00104413586316143,1223,0,1,0,FALSE,FALSE
"ALDH1A1+COL1A1+VIM",3,1223,262067.783334903,261808.878572993,0.000987930521697988,1223,0,1,0,FALSE,FALSE
"ALDH1A1+COL1A2+ITGA5",3,1223,262113.333334902,261576.745239653,0.002047160624841,1222,0.000817661488143884,2,0.00163532297628777,FALSE,FALSE
"ALDH1A1+COL1A2+NANOG",3,1223,262093.133334902,261893.628572992,0.000761197973298655,1223,0,1,0,FALSE,FALSE
"ALDH1A1+COL1A2+POU5F1",3,1223,262089.133334903,261890.728572993,0.000757012545257396,1223,0,1,0,FALSE,FALSE
"ALDH1A1+COMT+MAOB",3,1223,262146.450001569,261860.72857299,0.00108993056582163,1223,0,1,0,FALSE,FALSE
"ALDH1A1+CS+GOT1",3,1223,262174.350001568,261906.240477753,0.00102263827034721,1223,0,1,0,FALSE,FALSE
"ALDH1A1+CYP7A1+HNF4A",3,1223,262075.183334902,261769.750001562,0.00116544164713839,1223,0,1,0,FALSE,FALSE
"ALDH1A1+CYP7A1+NANOG",3,1223,262088.683334902,261815.483334895,0.00104239525541594,1223,0,1,0,FALSE,FALSE
"ALDH1A1+CYP7A1+NR1I2",3,1223,262135.600001569,261815.900001562,0.00121959779597181,1223,0,1,0,FALSE,FALSE
"ALDH1A1+CYP7A1+RXRA",3,1223,262101.500001569,261783.283334895,0.00121409708327813,1223,0,1,0,FALSE,FALSE
"ALDH1A1+DLG1+NANOG",3,1223,262093.550001568,261880.495239658,0.000812895860692553,1223,0,1,0,FALSE,FALSE
"ALDH1A1+DLG1+POU5F1",3,1223,262089.550001569,261877.595239659,0.000808711228316383,1223,0,1,0,FALSE,FALSE
"ALDH1A1+EGR1+NANOG",3,1223,262039.783334901,261827.695239658,0.000809373647559397,1223,0,1,0,FALSE,FALSE
"ALDH1A1+EGR1+POU5F1",3,1223,262035.783334902,261824.795239658,0.000805188102779408,1223,0,1,0,FALSE,FALSE
"ALDH1A1+GJA1+NANOG",3,1223,262061.983334902,261831.878572991,0.000878054721949018,1223,0,1,0,FALSE,FALSE
"ALDH1A1+GJA1+POU5F1",3,1223,262057.983334903,261828.978572992,0.000873870580076819,1223,0,1,0,FALSE,FALSE
"ALDH1A1+GJA1+TJP1",3,1223,262042.10000157,261723.80714442,0.00121466305279783,1223,0,1,0,FALSE,FALSE
"ALDH1A1+HNF4A+NR1I2",3,1223,262088.733334902,261827.278572991,0.000997581080974919,1223,0,1,0,FALSE,FALSE
"ALDH1A1+HNF4A+POU5F1",3,1223,262037.816668236,261809.461906325,0.000871457275954612,1223,0,1,0,FALSE,FALSE
"ALDH1A1+ITGA5+NANOG",3,1223,262075.516668235,261544.511906319,0.00202615173163201,1222,0.000817661488143884,2,0.00163532297628777,FALSE,FALSE
"ALDH1A1+ITGA5+POU5F1",3,1223,262071.516668236,261541.61190632,0.00202198532924402,1222,0.000817661488143884,2,0.00163532297628777,FALSE,FALSE
"ALDH1A1+ITGA5+SPP1",3,1223,262069.916668236,261497.961906319,0.00218245103897408,1222,0.000817661488143884,2,0.00163532297628777,FALSE,FALSE
"ALDH1A1+ITGA5+THBS1",3,1223,262071.816668236,261517.528572986,0.00211502366906957,1222,0.000817661488143884,2,0.00163532297628777,FALSE,FALSE
"ALDH1A1+MAOB+MDH2",3,1223,262168.050001568,261937.045239658,0.00088113239545673,1223,0,1,0,FALSE,FALSE
"ALDH1A1+NANOG+NR1I2",3,1223,262102.233334902,261870.295239657,0.000884914608675014,1223,0,1,0,FALSE,FALSE
"ALDH1A1+NANOG+NTRK1",3,1223,262051.583334901,261846.161906324,0.000783896918167049,1223,0,1,0,FALSE,FALSE
"ALDH1A1+NANOG+RARA",3,1223,262066.683334902,261818.37857299,0.000947486947796339,1223,0,1,0,FALSE,FALSE
"ALDH1A1+NANOG+RXRA",3,1223,262068.133334902,261831.17857299,0.000904172357378941,1223,0,1,0,FALSE,FALSE
"ALDH1A1+NANOG+SOX9",3,1223,262064.816668235,261840.828572991,0.000854704947010898,1223,0,1,0,FALSE,FALSE
"ALDH1A1+NANOG+SPP1",3,1223,262049.716668235,261814.261906324,0.000898511797320922,1223,0,1,0,FALSE,FALSE
"ALDH1A1+NANOG+THBS1",3,1223,262051.616668236,261834.411906325,0.00082886251446157,1223,0,1,0,FALSE,FALSE
"ALDH1A1+NANOG+TJP1",3,1223,262035.433334903,261752.40714442,0.00108010655994251,1223,0,1,0,FALSE,FALSE
"ALDH1A1+NANOG+VIM",3,1223,262048.050001569,261837.728572992,0.000802606348628276,1223,0,1,0,FALSE,FALSE
"ALDH1A1+NR1I2+POU5F1",3,1223,262098.233334903,261868.028572992,0.000878314817243542,1223,0,1,0,FALSE,FALSE
"ALDH1A1+NR1I2+RXRA",3,1223,262115.050001569,261845.395239657,0.00102876489507508,1223,0,1,0,FALSE,FALSE
"ALDH1A1+NTRK1+POU5F1",3,1223,262047.583334902,261843.261906325,0.000779711172974262,1223,0,1,0,FALSE,FALSE
"ALDH1A1+POU5F1+RARA",3,1223,262062.683334904,261815.478572992,0.000943303940744933,1223,0,1,0,FALSE,FALSE
"ALDH1A1+POU5F1+RXRA",3,1223,262064.133334904,261828.278572993,0.000899988712342426,1223,0,1,0,FALSE,FALSE
"ALDH1A1+POU5F1+SOX9",3,1223,262060.816668237,261837.928572994,0.000850520493973383,1223,0,1,0,FALSE,FALSE
"ALDH1A1+POU5F1+SPP1",3,1223,262045.716668238,261811.361906327,0.000894327771850278,1223,0,1,0,FALSE,FALSE
"ALDH1A1+POU5F1+THBS1",3,1223,262047.616668238,261831.511906328,0.000824677456173428,1223,0,1,0,FALSE,FALSE
"ALDH1A1+POU5F1+TJP1",3,1223,262031.433334905,261749.507144423,0.00107592507850718,1223,0,1,0,FALSE,FALSE
"ALDH1A1+POU5F1+VIM",3,1223,262044.050001571,261834.828572995,0.000798420832587521,1223,0,1,0,FALSE,FALSE
"ALDH1A1+RARA+RXRA",3,1223,262079.50000157,261759.961906323,0.0012192410899966,1223,0,1,0,FALSE,FALSE
"ALDH1A1+SPP1+THBS1",3,1223,262046.016668238,261787.29523966,0.000987312960781361,1223,0,1,0,FALSE,FALSE
"ALDH1B1+ALDH2+ALDH3A1",3,1223,262302.416668232,262219.695239662,0.000315366627653857,1223,0,1,0,FALSE,TRUE
"ALDH1B1+ALDH2+CHAT",3,1223,262282.766668233,262156.007144426,0.000483293376138949,1223,0,1,0,TRUE,TRUE
"ALDH1B1+ALDH2+COMT",3,1223,262270.800001566,262167.550001568,0.000393677069644216,1223,0,1,0,TRUE,TRUE
"ALDH1B1+ALDH2+CS",3,1223,262263.7833349,262175.385715854,0.000337056142185821,1223,0,1,0,TRUE,TRUE
"ALDH1B1+ALDH2+DGAT1",3,1223,262280.600001566,262093.185715854,0.000714556416718914,1223,0,1,0,FALSE,TRUE
"ALDH1B1+ALDH2+DRD2",3,1223,262250.300001567,262159.716668235,0.000345407930251618,1223,0,1,0,TRUE,TRUE
"ALDH1B1+ALDH2+DUOX2",3,1223,262314.066668232,261970.573811088,0.00130947173937868,1222,0.000817661488143884,2,0.00163532297628777,TRUE,TRUE
"ALDH1B1+ALDH2+FASN",3,1223,262233.616668234,262109.526192045,0.000473205829845447,1223,0,1,0,TRUE,TRUE
"ALDH1B1+ALDH2+GABRA1",3,1223,262323.416668232,262155.232541248,0.000641132725089921,1223,0,1,0,TRUE,TRUE
"ALDH1B1+ALDH2+GCK",3,1223,262258.0833349,262169.11190633,0.000339251425306775,1223,0,1,0,TRUE,TRUE
"ALDH1B1+ALDH2+GOT1",3,1223,262291.816668232,262242.026192043,0.000189828553637361,1223,0,1,0,TRUE,TRUE
"ALDH1B1+ALDH2+GSTP1",3,1223,262228.266668234,261720.940477752,0.00193467392713875,1222,0.000817661488143884,2,0.00163532297628777,FALSE,TRUE
"ALDH1B1+ALDH2+HK2",3,1223,262247.550001567,262136.202382521,0.000424589739905223,1223,0,1,0,TRUE,TRUE
"ALDH1B1+ALDH2+HTR2A",3,1223,262275.950001566,262229.900001567,0.00017557843179572,1223,0,1,0,TRUE,TRUE
"ALDH1B1+ALDH2+IDO1",3,1223,262240.450001567,262083.659525377,0.00059788822124307,1223,0,1,0,TRUE,TRUE
"ALDH1B1+ALDH2+MGLL",3,1223,262308.066668232,262213.433334901,0.00036077172361848,1223,0,1,0,TRUE,TRUE
"ALDH1B1+ALDH2+NOS1",3,1223,262210.250001567,262074.916668235,0.000516125259525713,1223,0,1,0,TRUE,TRUE
"ALDH1B1+ALDH2+NOS2",3,1223,262212.166668234,262171.083334902,0.000156679737077448,1223,0,1,0,TRUE,TRUE
"ALDH1B1+ALDH2+NPY",3,1223,262212.200001567,261651.919049181,0.0021367463160874,1222,0.000817661488143884,2,0.00163532297628777,TRUE,TRUE
"ALDH1B1+ALDH2+PLG",3,1223,262242.866668234,262087.002382521,0.00059435090720994,1223,0,1,0,TRUE,TRUE
"ALDH1B1+ALDH2+SIRT3",3,1223,262249.783334901,262197.066668235,0.000201017007508519,1223,0,1,0,TRUE,TRUE
"ALDH1B1+ALDH2+SLC6A3",3,1223,262262.000001566,262184.942858711,0.000293817414856457,1223,0,1,0,TRUE,TRUE
"ALDH1B1+ALDH2+TH",3,1223,262212.966668235,262078.750001567,0.000511861287308957,1223,0,1,0,TRUE,TRUE
"ALDH1B1+ALDH2+TPH1",3,1223,262288.066668232,262233.050001566,0.000209756651777138,1223,0,1,0,TRUE,TRUE
"ALDH1B1+ALDH3A1+COMT",3,1223,262269.7833349,262183.019049187,0.0003308207472833,1223,0,1,0,TRUE,TRUE
"ALDH1B1+ALDH3A1+GATM",3,1223,262287.750001565,262151.657144427,0.000518868521833582,1223,0,1,0,TRUE,TRUE
"ALDH1B1+ALDH3A1+GLUL",3,1223,262293.483334899,262237.361906328,0.000213964250489695,1223,0,1,0,TRUE,TRUE
"ALDH1B1+ALDH3A1+GSTP1",3,1223,262227.250001567,261748.733334895,0.00182481670638412,1222,0.000817661488143884,2,0.00163532297628777,FALSE,TRUE
"ALDH1B1+CHAT+GATM",3,1223,262268.100001566,262060.478572998,0.000791638131234396,1223,0,1,0,FALSE,TRUE
"ALDH1B1+CHAT+GLUL",3,1223,262273.833334899,262146.233334902,0.00048651441272074,1223,0,1,0,FALSE,TRUE
"ALDH1B1+CHAT+MAOB",3,1223,262236.2333349,262129.773811093,0.000405968017666902,1223,0,1,0,TRUE,TRUE
"ALDH1B1+COMT+DRD2",3,1223,262217.666668234,262096.866668235,0.000460685969539187,1223,0,1,0,TRUE,TRUE
"ALDH1B1+COMT+HTR2A",3,1223,262243.316668233,262168.466668234,0.000285421954502429,1223,0,1,0,TRUE,TRUE
"ALDH1B1+COMT+SLC6A3",3,1223,262229.366668233,262118.926192044,0.000421159832678653,1223,0,1,0,TRUE,TRUE
"ALDH1B1+COMT+TH",3,1223,262180.333334903,262018.000001566,0.000619166705876695,1223,0,1,0,FALSE,FALSE
"ALDH1B1+CS+FASN",3,1223,262193.966668235,262057.345239663,0.000521070070024332,1223,0,1,0,FALSE,FALSE
"ALDH1B1+CS+GATM",3,1223,262249.116668233,262080.673811093,0.000642300951401054,1223,0,1,0,TRUE,TRUE
"ALDH1B1+CS+GLUL",3,1223,262254.850001566,262165.378572997,0.000341162150363616,1223,0,1,0,TRUE,TRUE
"ALDH1B1+CS+GOT1",3,1223,262252.166668233,262186.16190633,0.00025168433398326,1223,0,1,0,TRUE,TRUE
"ALDH1B1+CS+MDH2",3,1223,262252.750001567,262164.385715854,0.000336943218755659,1223,0,1,0,TRUE,TRUE
"ALDH1B1+DGAT1+FASN",3,1223,262210.783334901,261972.895239662,0.000907239939614057,1223,0,1,0,FALSE,FALSE
"ALDH1B1+DGAT1+MAOA",3,1223,262221.383334901,262036.919049186,0.000703467746864583,1223,0,1,0,FALSE,FALSE
"ALDH1B1+DGAT1+MAOB",3,1223,262234.066668234,262067.30238252,0.000635936771421042,1223,0,1,0,FALSE,FALSE
"ALDH1B1+DRD2+HTR2A",3,1223,262222.816668233,262154.883334902,0.000259067209310904,1223,0,1,0,TRUE,TRUE
"ALDH1B1+DRD2+MAOB",3,1223,262203.766668234,262133.366668235,0.000268493473202014,1223,0,1,0,FALSE,FALSE
"ALDH1B1+DRD2+NPY",3,1223,262159.066668235,261574.91904918,0.00222821825878206,1222,0.000817661488143884,2,0.00163532297628777,FALSE,FALSE
"ALDH1B1+DRD2+SLC6A3",3,1223,262208.866668234,262110.576192044,0.000374855653963446,1223,0,1,0,TRUE,TRUE
"ALDH1B1+DRD2+TH",3,1223,262159.833334903,262010.350001566,0.00057019922325674,1223,0,1,0,FALSE,FALSE
"ALDH1B1+DUOX2+GLUL",3,1223,262305.133334899,261958.816668231,0.00132028169736809,1222,0.000817661488143884,2,0.00163532297628777,FALSE,TRUE
"ALDH1B1+GABRA1+GATM",3,1223,262308.750001565,262059.070636486,0.000951852978893108,1223,0,1,0,FALSE,TRUE
"ALDH1B1+GABRA1+GLUL",3,1223,262314.483334898,262144.992065057,0.000646137672941971,1223,0,1,0,FALSE,TRUE
"ALDH1B1+GATM+GOT1",3,1223,262277.150001565,262146.514287284,0.000498082712431458,1223,0,1,0,TRUE,TRUE
"ALDH1B1+GATM+IDO1",3,1223,262225.7833349,261989.764287282,0.000900060415938597,1223,0,1,0,FALSE,FALSE
"ALDH1B1+GATM+MDH2",3,1223,262277.733334899,262127.554763474,0.000572593675853827,1223,0,1,0,TRUE,TRUE
"ALDH1B1+GATM+NPY",3,1223,262197.5333349,261556.023811085,0.00244666498443258,1222,0.000817661488143884,2,0.00163532297628777,FALSE,FALSE
"ALDH1B1+GATM+PLG",3,1223,262228.200001567,261983.807144425,0.000931985412480185,1223,0,1,0,FALSE,FALSE
"ALDH1B1+GATM+SIRT3",3,1223,262235.116668234,262101.388096807,0.000509956763706354,1223,0,1,0,TRUE,TRUE
"ALDH1B1+GATM+TH",3,1223,262198.300001569,261985.638096805,0.000811072782554989,1223,0,1,0,FALSE,FALSE
"ALDH1B1+GCK+HK2",3,1223,262202.200001567,262042.597620616,0.000608699625521569,1223,0,1,0,TRUE,TRUE
"ALDH1B1+GLUL+GOT1",3,1223,262282.883334899,262232.069049186,0.000193738474531413,1223,0,1,0,TRUE,TRUE
"ALDH1B1+GLUL+IDO1",3,1223,262231.516668233,262074.635715853,0.000598253613347199,1223,0,1,0,FALSE,FALSE
"ALDH1B1+GLUL+MDH2",3,1223,262283.466668232,262212.809525377,0.000269392286724179,1223,0,1,0,TRUE,TRUE
"ALDH1B1+GLUL+NOS1",3,1223,262201.316668234,262065.042858711,0.000519729691883186,1223,0,1,0,FALSE,FALSE
"ALDH1B1+GLUL+NOS2",3,1223,262203.233334901,262161.542858711,0.000159000618181637,1223,0,1,0,FALSE,TRUE
"ALDH1B1+GLUL+NPY",3,1223,262203.266668234,261642.411906323,0.00213900753044527,1222,0.000817661488143884,2,0.00163532297628777,FALSE,FALSE
"ALDH1B1+GLUL+SIRT3",3,1223,262240.850001567,262186.809525378,0.000206071922772555,1223,0,1,0,TRUE,TRUE
"ALDH1B1+GLUL+TH",3,1223,262204.033334902,262070.659525376,0.000508664217819699,1223,0,1,0,FALSE,FALSE
"ALDH1B1+GOT1+MAOA",3,1223,262232.600001567,262186.126192044,0.000177223615685396,1223,0,1,0,FALSE,FALSE
"ALDH1B1+GOT1+MAOB",3,1223,262245.2833349,262215.876192043,0.000112136021982567,1223,0,1,0,FALSE,FALSE
"ALDH1B1+GOT1+MDH2",3,1223,262280.783334899,262231.676192043,0.000187231188773951,1223,0,1,0,TRUE,TRUE
"ALDH1B1+GOT1+TH",3,1223,262201.350001569,262094.559525377,0.000407284234772542,1223,0,1,0,FALSE,FALSE
"ALDH1B1+GSTP1+MAOB",3,1223,262181.733334902,261695.557144418,0.00185434806727225,1222,0.000817661488143884,2,0.00163532297628777,FALSE,FALSE
"ALDH1B1+HTR2A+MAOB",3,1223,262229.416668233,262199.166668234,0.000115357004503491,1223,0,1,0,TRUE,TRUE
"ALDH1B1+HTR2A+SLC6A3",3,1223,262234.516668233,262180.34285871,0.000206585350436828,1223,0,1,0,TRUE,TRUE
"ALDH1B1+IDO1+TPH1",3,1223,262225.083334899,262092.542858709,0.000505445453595432,1223,0,1,0,FALSE,TRUE
"ALDH1B1+MAOA+MDH2",3,1223,262233.1833349,262167.166668234,0.000251747951294123,1223,0,1,0,FALSE,FALSE
"ALDH1B1+MAOB+MDH2",3,1223,262245.866668233,262196.916668234,0.000186656898052862,1223,0,1,0,FALSE,TRUE
"ALDH1B1+MAOB+NOS1",3,1223,262163.716668235,262050.100001567,0.000433380591759458,1223,0,1,0,FALSE,FALSE
"ALDH1B1+MAOB+NPY",3,1223,262165.666668235,261625.052382513,0.00206210940048646,1222,0.000817661488143884,2,0.00163532297628777,FALSE,FALSE
"ALDH1B1+NOS1+NOS2",3,1223,262118.983334901,262013.850001567,0.000401090115629166,1223,0,1,0,FALSE,FALSE
"ALDH2+ALDH3A1+COMT",3,1223,262250.566668233,262145.785715854,0.000399545189590289,1223,0,1,0,TRUE,TRUE
"ALDH2+ALDH3A1+GATM",3,1223,262268.533334899,262115.473811093,0.000583598504401817,1223,0,1,0,TRUE,TRUE
"ALDH2+ALDH3A1+GLUL",3,1223,262274.266668233,262201.061906329,0.000279115304880118,1223,0,1,0,TRUE,TRUE
"ALDH2+ALDH3A1+GSTP1",3,1223,262208.033334901,261711.516668228,0.00189359822564539,1222,0.000817661488143884,2,0.00163532297628777,FALSE,TRUE
"ALDH2+CHAT+GATM",3,1223,262248.883334899,262028.478572998,0.000840441183577734,1223,0,1,0,FALSE,TRUE
"ALDH2+CHAT+GLUL",3,1223,262254.616668233,262114.066668235,0.000535929554961401,1223,0,1,0,FALSE,TRUE
"ALDH2+CHAT+MAOB",3,1223,262217.016668234,262096.223811092,0.000460659871264091,1223,0,1,0,TRUE,TRUE
"ALDH2+CHAT+MDH2",3,1223,262252.516668234,262118.790477759,0.000509913850106125,1223,0,1,0,FALSE,TRUE
"ALDH2+COMT+DRD1",3,1223,262219.0833349,262115.05238252,0.000396732957254842,1223,0,1,0,TRUE,TRUE
"ALDH2+COMT+DRD2",3,1223,262198.450001568,262062.466668234,0.000518627525573301,1223,0,1,0,FALSE,FALSE
"ALDH2+COMT+HTR2A",3,1223,262224.100001567,262134.650001568,0.000341120438580478,1223,0,1,0,TRUE,TRUE
"ALDH2+COMT+SLC6A3",3,1223,262210.150001567,262084.39285871,0.000479604404544753,1223,0,1,0,TRUE,TRUE
"ALDH2+COMT+TH",3,1223,262161.116668236,261983.750001566,0.000676555962702552,1223,0,1,0,FALSE,FALSE
"ALDH2+CRH+MAOA",3,1223,262167.450001568,262115.116668234,0.000199617966812338,1223,0,1,0,FALSE,FALSE
"ALDH2+CRH+MAOB",3,1223,262180.133334901,262146.766668235,0.000127266190011244,1223,0,1,0,FALSE,FALSE
"ALDH2+CRH+NPY",3,1223,262135.433334902,261589.802382513,0.00208148492344962,1222,0.000817661488143884,2,0.00163532297628777,FALSE,FALSE
"ALDH2+CS+FASN",3,1223,262174.750001568,262023.745239662,0.000575969889949679,1223,0,1,0,FALSE,FALSE
"ALDH2+CS+GATM",3,1223,262229.900001567,262048.507144426,0.000691732167612535,1223,0,1,0,TRUE,TRUE
"ALDH2+CS+GLUL",3,1223,262235.6333349,262133.045239664,0.000391205779061043,1223,0,1,0,TRUE,TRUE
"ALDH2+CS+GOT1",3,1223,262232.950001567,262153.16190633,0.000304264186617886,1223,0,1,0,TRUE,TRUE
"ALDH2+CYP7A1+MAOA",3,1223,262173.216668235,262051.204763472,0.000465386610859264,1223,0,1,0,FALSE,FALSE
"ALDH2+CYP7A1+MAOB",3,1223,262185.900001568,262083.021430139,0.000392387887481638,1223,0,1,0,FALSE,FALSE
"ALDH2+DGAT1+FASN",3,1223,262191.566668235,261939.511906328,0.000961338173876891,1223,0,1,0,FALSE,FALSE
"ALDH2+DGAT1+MAOA",3,1223,262202.166668234,262001.519049186,0.000765240125962019,1223,0,1,0,FALSE,FALSE
"ALDH2+DGAT1+MAOB",3,1223,262214.850001567,262033.80238252,0.000690455247087107,1223,0,1,0,FALSE,FALSE
"ALDH2+DRD1+MAOA",3,1223,262192.500001568,262116.369049187,0.000290362815031808,1223,0,1,0,FALSE,FALSE
"ALDH2+DRD1+MAOB",3,1223,262205.183334901,262148.019049188,0.000218013560929875,1223,0,1,0,FALSE,FALSE
"ALDH2+DRD1+SLC6A3",3,1223,262210.2833349,262122.128572996,0.000336198721052061,1223,0,1,0,TRUE,TRUE
"ALDH2+DRD2+HTR2A",3,1223,262203.600001567,262121.833334901,0.000311844180116649,1223,0,1,0,TRUE,TRUE
"ALDH2+DRD2+MAOB",3,1223,262184.550001568,262099.516668235,0.000324326255428553,1223,0,1,0,FALSE,FALSE
"ALDH2+DRD2+NPY",3,1223,262139.850001569,261541.319049179,0.00228325053358203,1222,0.000817661488143884,2,0.00163532297628777,FALSE,FALSE
"ALDH2+DRD2+SLC6A3",3,1223,262189.650001567,262076.94285871,0.000429868771924968,1223,0,1,0,TRUE,TRUE
"ALDH2+DRD2+TH",3,1223,262140.616668236,261977.000001566,0.000624156106558749,1223,0,1,0,FALSE,FALSE
"ALDH2+DUOX2+GLUL",3,1223,262285.916668232,261926.533334897,0.00137019683672002,1222,0.000817661488143884,2,0.00163532297628777,FALSE,TRUE
"ALDH2+FASN+MDH2",3,1223,262203.366668234,262071.259525377,0.000503834655275592,1223,0,1,0,FALSE,FALSE
"ALDH2+GABRA1+GATM",3,1223,262289.533334899,262027.070636486,0.0010006602058259,1223,0,1,0,FALSE,TRUE
"ALDH2+GABRA1+GLUL",3,1223,262295.266668232,262112.87539839,0.000695366226614813,1223,0,1,0,FALSE,TRUE
"ALDH2+GATM+GOT1",3,1223,262257.933334899,262114.564287284,0.000546671918719932,1223,0,1,0,TRUE,TRUE
"ALDH2+GATM+IDO1",3,1223,262206.566668234,261957.364287281,0.000950404805337812,1223,0,1,0,FALSE,FALSE
"ALDH2+GATM+NPY",3,1223,262178.316668234,261523.473811085,0.00249770028838048,1222,0.000817661488143884,2,0.00163532297628777,FALSE,FALSE
"ALDH2+GATM+PLG",3,1223,262208.983334901,261950.707144424,0.000985001303890343,1223,0,1,0,FALSE,FALSE
"ALDH2+GATM+SIRT3",3,1223,262215.900001567,262069.27143014,0.000559190237610085,1223,0,1,0,TRUE,TRUE
"ALDH2+GATM+TH",3,1223,262179.083334902,261953.338096805,0.000861034508269354,1223,0,1,0,FALSE,FALSE
"ALDH2+GCK+HK2",3,1223,262182.983334901,262008.814287282,0.000664303401403554,1223,0,1,0,TRUE,TRUE
"ALDH2+GCK+MDH2",3,1223,262227.8333349,262130.41190633,0.000371514447309207,1223,0,1,0,FALSE,TRUE
"ALDH2+GLUL+GOT1",3,1223,262263.666668233,262199.95238252,0.000242939811381571,1223,0,1,0,TRUE,TRUE
"ALDH2+GLUL+IDO1",3,1223,262212.300001567,262042.152382519,0.000648892592173156,1223,0,1,0,FALSE,FALSE
"ALDH2+GLUL+NOS1",3,1223,262182.100001568,262032.609525377,0.000570178041102487,1223,0,1,0,FALSE,FALSE
"ALDH2+GLUL+NOS2",3,1223,262184.016668234,262128.976192045,0.000209930707787409,1223,0,1,0,FALSE,TRUE
"ALDH2+GLUL+NPY",3,1223,262184.050001568,261609.828572989,0.00219014630590486,1222,0.000817661488143884,2,0.00163532297628777,FALSE,FALSE
"ALDH2+GLUL+SIRT3",3,1223,262221.633334901,262154.526192045,0.000255917644941706,1223,0,1,0,TRUE,TRUE
"ALDH2+GLUL+TH",3,1223,262184.816668236,262038.192858709,0.000559238370053783,1223,0,1,0,FALSE,FALSE
"ALDH2+GOT1+MAOA",3,1223,262213.3833349,262150.726192044,0.000238954785828249,1223,0,1,0,FALSE,FALSE
"ALDH2+GOT1+MAOB",3,1223,262226.066668234,262182.376192044,0.000166613780028246,1223,0,1,0,FALSE,FALSE
"ALDH2+GOT1+TH",3,1223,262182.133334903,262061.426192043,0.000460394235579864,1223,0,1,0,FALSE,FALSE
"ALDH2+GSTP1+MAOB",3,1223,262162.516668235,261661.673811084,0.00191042893361149,1222,0.000817661488143884,2,0.00163532297628777,FALSE,FALSE
"ALDH2+GSTP1+MDH2",3,1223,262198.016668235,261683.190477751,0.0019635014674243,1222,0.000817661488143884,2,0.00163532297628777,FALSE,FALSE
"ALDH2+HK2+MDH2",3,1223,262217.300001568,262097.769049187,0.000455846934508064,1223,0,1,0,FALSE,TRUE
"ALDH2+HTR2A+HTR3A",3,1223,262270.783334899,262220.716668233,0.000190896851068434,1223,0,1,0,FALSE,TRUE
"ALDH2+HTR2A+MAOB",3,1223,262210.200001567,262165.750001568,0.00016952048394292,1223,0,1,0,TRUE,TRUE
"ALDH2+HTR2A+SLC6A3",3,1223,262215.300001566,262147.14285871,0.00025992816916276,1223,0,1,0,TRUE,TRUE
"ALDH2+HTR2A+TPH1",3,1223,262241.366668232,262198.666668233,0.00016282709528892,1223,0,1,0,TRUE,TRUE
"ALDH2+HTR3A+MAOA",3,1223,262239.050001566,262169.733334901,0.000264326257531589,1223,0,1,0,FALSE,FALSE
"ALDH2+HTR3A+MAOB",3,1223,262251.7333349,262201.300001567,0.000192308865574531,1223,0,1,0,FALSE,FALSE
"ALDH2+IDO1+TPH1",3,1223,262205.866668233,262057.676192042,0.000565168423094509,1223,0,1,0,FALSE,FALSE
"ALDH2+MAOA+PTGS1",3,1223,262176.600001568,262099.633334901,0.000293568025013569,1223,0,1,0,FALSE,FALSE
"ALDH2+MAOB+NOS1",3,1223,262144.500001568,262016.200001567,0.00048942472567981,1223,0,1,0,FALSE,FALSE
"ALDH2+MAOB+NPY",3,1223,262146.450001568,261590.752382513,0.00211979837625909,1222,0.000817661488143884,2,0.00163532297628777,FALSE,FALSE
"ALDH2+MAOB+PTGS1",3,1223,262189.283334901,262131.200001568,0.000221532064904828,1223,0,1,0,FALSE,FALSE
"ALDH2+MDH2+MGLL",3,1223,262277.816668233,262175.450001568,0.000390298607654826,1223,0,1,0,FALSE,TRUE
"ALDH2+MDH2+SIRT3",3,1223,262219.533334901,262158.566668235,0.000232502384130195,1223,0,1,0,TRUE,TRUE
"ALDH2+MDH2+TH",3,1223,262182.716668236,262043.300001566,0.000531753841142679,1223,0,1,0,FALSE,FALSE
"ALDH2+NOS1+NOS2",3,1223,262099.766668235,261980.066668233,0.00045669632416323,1223,0,1,0,FALSE,FALSE
"ALDH2+PLA2G2A+PLA2G4A",3,1223,262212.216668234,262115.009525378,0.000370719351262094,1223,0,1,0,FALSE,TRUE
"ALDH2+PLA2G2A+PTGS1",3,1223,262212.233334901,262154.659525378,0.000219569502117212,1223,0,1,0,FALSE,TRUE
"ALDH2+PLA2G4A+PTGS1",3,1223,262187.400001568,262104.000001568,0.00031809308914077,1223,0,1,0,FALSE,TRUE
"ALDH3A1+CHAT+COMT",3,1223,262229.900001567,262050.676192044,0.00068346061803759,1223,0,1,0,TRUE,TRUE
"ALDH3A1+CHAT+MAOB",3,1223,262216.000001567,262088.709525377,0.000485441301022127,1223,0,1,0,TRUE,TRUE
"ALDH3A1+COMT+CYP7A1",3,1223,262198.783334901,262037.373811091,0.000615599819943635,1223,0,1,0,FALSE,FALSE
"ALDH3A1+COMT+DGAT1",3,1223,262227.7333349,261987.971430138,0.000914327030605455,1223,0,1,0,FALSE,FALSE
"ALDH3A1+COMT+GOT1",3,1223,262238.950001567,262135.395239663,0.000394887036814673,1223,0,1,0,FALSE,FALSE
"ALDH3A1+COMT+IDO1",3,1223,262187.583334901,261978.278572994,0.000798301579520655,1223,0,1,0,FALSE,FALSE
"ALDH3A1+COMT+NOS1",3,1223,262157.383334902,261968.828572994,0.000719242614908633,1223,0,1,0,FALSE,FALSE
"ALDH3A1+COMT+NPY",3,1223,262159.333334901,261545.438096798,0.0023416875161163,1222,0.000817661488143884,2,0.00163532297628777,FALSE,FALSE
"ALDH3A1+COMT+NQO1",3,1223,262164.750001568,261942.10119204,0.00084927058091,1223,0,1,0,FALSE,FALSE
"ALDH3A1+COMT+TPH1",3,1223,262235.200001566,262129.269049186,0.000403953978639571,1223,0,1,0,TRUE,TRUE
"ALDH3A1+CS+FASN",3,1223,262173.733334901,262012.897620614,0.000613469977489789,1223,0,1,0,FALSE,FALSE
"ALDH3A1+CS+GOT1",3,1223,262231.9333349,262142.147620616,0.000342390467639397,1223,0,1,0,TRUE,TRUE
"ALDH3A1+CS+GSR",3,1223,262198.100001567,262044.888096804,0.0005843364416529,1223,0,1,0,FALSE,FALSE
"ALDH3A1+CS+GSTP1",3,1223,262168.383334902,261633.702382512,0.00203945626695323,1222,0.000817661488143884,2,0.00163532297628777,FALSE,FALSE
"ALDH3A1+CYP7A1+GSTP1",3,1223,262156.250001569,261602.638096798,0.00211176313655492,1222,0.000817661488143884,2,0.00163532297628777,FALSE,FALSE
"ALDH3A1+CYP7A1+MAOA",3,1223,262172.200001568,262042.423811091,0.000495003629206958,1223,0,1,0,FALSE,FALSE
"ALDH3A1+CYP7A1+MAOB",3,1223,262184.883334902,262075.507144425,0.000417171993616794,1223,0,1,0,FALSE,FALSE
"ALDH3A1+DGAT1+FASN",3,1223,262190.550001568,261931.447620613,0.000988221661509692,1223,0,1,0,FALSE,FALSE
"ALDH3A1+DGAT1+GSTP1",3,1223,262185.200001568,261550.252382512,0.00242175233023179,1222,0.000817661488143884,2,0.00163532297628777,FALSE,FALSE
"ALDH3A1+DGAT1+MAOA",3,1223,262201.150001568,261992.738096804,0.000794855036913567,1223,0,1,0,FALSE,FALSE
"ALDH3A1+DGAT1+MAOB",3,1223,262213.833334901,262026.288096805,0.000715237772585975,1223,0,1,0,FALSE,FALSE
"ALDH3A1+DRD1+MAOA",3,1223,262191.483334901,262107.421430139,0.000320612644212792,1223,0,1,0,FALSE,FALSE
"ALDH3A1+DRD1+MAOB",3,1223,262204.166668234,262140.338096806,0.000243430805233924,1223,0,1,0,FALSE,FALSE
"ALDH3A1+DRD1+SLC6A3",3,1223,262209.266668233,262113.747620615,0.000364285552651555,1223,0,1,0,TRUE,TRUE
"ALDH3A1+DRD2+HTR2A",3,1223,262202.583334901,262113.619049186,0.000339295992368149,1223,0,1,0,TRUE,TRUE
"ALDH3A1+DRD2+MAOB",3,1223,262183.533334901,262092.10238252,0.000348728813050814,1223,0,1,0,FALSE,FALSE
"ALDH3A1+DRD2+NPY",3,1223,262138.833334902,261532.521430131,0.00231294195162635,1222,0.000817661488143884,2,0.00163532297628777,FALSE,FALSE
"ALDH3A1+DRD2+SLC6A3",3,1223,262188.633334901,262068.828572995,0.000456941097643493,1223,0,1,0,TRUE,TRUE
"ALDH3A1+DRD2+TH",3,1223,262139.60000157,261967.885715851,0.000655049010975461,1223,0,1,0,FALSE,FALSE
"ALDH3A1+GATM+GLUL",3,1223,262259.600001566,262081.533334902,0.000678971014455687,1223,0,1,0,TRUE,TRUE
"ALDH3A1+GATM+MAOA",3,1223,262209.316668233,262036.157144425,0.000660386617870823,1223,0,1,0,FALSE,FALSE
"ALDH3A1+GATM+MAOB",3,1223,262222.000001566,262069.373811092,0.000582049524729178,1223,0,1,0,FALSE,FALSE
"ALDH3A1+GATM+NOS1",3,1223,262175.350001568,261962.740477758,0.000810943987712087,1223,0,1,0,FALSE,FALSE
"ALDH3A1+GCK+HK2",3,1223,262181.966668235,262001.616668234,0.000687881025123849,1223,0,1,0,TRUE,TRUE
"ALDH3A1+GLUL+MAOA",3,1223,262215.050001567,262121.228572996,0.00035780337005864,1223,0,1,0,FALSE,FALSE
"ALDH3A1+GLUL+MAOB",3,1223,262227.7333349,262154.46190633,0.000279419066923747,1223,0,1,0,FALSE,FALSE
"ALDH3A1+GOT1+MAOA",3,1223,262212.366668234,262141.945239663,0.000268566389394875,1223,0,1,0,FALSE,FALSE
"ALDH3A1+GOT1+MAOB",3,1223,262225.050001567,262174.86190633,0.00019139321448125,1223,0,1,0,FALSE,FALSE
"ALDH3A1+GOT1+TH",3,1223,262181.116668236,262052.345239662,0.000491154474473676,1223,0,1,0,FALSE,FALSE
"ALDH3A1+GSR+MAOA",3,1223,262178.533334901,262032.535715851,0.000556863360217763,1223,0,1,0,FALSE,FALSE
"ALDH3A1+GSR+MAOB",3,1223,262191.216668234,262066.135715852,0.00047706004027015,1223,0,1,0,FALSE,FALSE
"ALDH3A1+GSR+NQO1",3,1223,262151.933334902,261908.901192039,0.000927065994787868,1223,0,1,0,TRUE,TRUE
"ALDH3A1+GSR+PRDX1",3,1223,262179.183334902,262067.952382519,0.000424255468981949,1223,0,1,0,TRUE,TRUE
"ALDH3A1+GSTP1+MAP3K5",3,1223,262108.316668235,261601.15000156,0.00193495068421246,1222,0.000817661488143884,2,0.00163532297628777,FALSE,FALSE
"ALDH3A1+GSTP1+OPRM1",3,1223,262165.400001569,261662.566668227,0.00191800036670953,1222,0.000817661488143884,2,0.00163532297628777,FALSE,FALSE
"ALDH3A1+GSTP1+PLA2G2A",3,1223,262184.450001568,261690.292858704,0.00188476907330448,1222,0.000817661488143884,2,0.00163532297628777,FALSE,TRUE
"ALDH3A1+GSTP1+PTGS1",3,1223,262159.633334902,261651.266668226,0.00193914928934269,1222,0.000817661488143884,2,0.00163532297628777,FALSE,FALSE
"ALDH3A1+GSTP1+SPP1",3,1223,262117.283334903,261597.033334894,0.00198479853518319,1222,0.000817661488143884,2,0.00163532297628777,FALSE,FALSE
"ALDH3A1+GSTP1+STAT4",3,1223,262145.433334902,261578.940477749,0.00216098693746658,1222,0.000817661488143884,2,0.00163532297628777,FALSE,FALSE
"ALDH3A1+HTR2A+MAOB",3,1223,262209.1833349,262158.15238252,0.000194619241519756,1223,0,1,0,TRUE,TRUE
"ALDH3A1+HTR2A+SLC6A3",3,1223,262214.2833349,262138.845239662,0.000287696361456202,1223,0,1,0,TRUE,TRUE
"ALDH3A1+HTR2A+TPH1",3,1223,262240.350001565,262191.869049185,0.000184872207423248,1223,0,1,0,TRUE,TRUE
"ALDH3A1+IDO1+TPH1",3,1223,262204.850001566,262051.278572994,0.000585692555158501,1223,0,1,0,FALSE,FALSE
"ALDH3A1+MAOA+OPRM1",3,1223,262181.350001568,262102.652382519,0.000300164825026261,1223,0,1,0,FALSE,FALSE
"ALDH3A1+MAOA+PTGS1",3,1223,262175.583334901,262091.069049186,0.000322357576705623,1223,0,1,0,FALSE,FALSE
"ALDH3A1+MAOA+STAT4",3,1223,262161.383334902,262022.166668233,0.000531034223645865,1223,0,1,0,FALSE,FALSE
"ALDH3A1+MAOB+NOS1",3,1223,262143.483334902,262008.902382519,0.000513386602905563,1223,0,1,0,FALSE,FALSE
"ALDH3A1+MAOB+NPY",3,1223,262145.433334902,261582.904763465,0.00214586447026988,1222,0.000817661488143884,2,0.00163532297628777,FALSE,FALSE
"ALDH3A1+MAOB+OPRM1",3,1223,262194.033334901,262135.435715854,0.000223489521489539,1223,0,1,0,FALSE,FALSE
"ALDH3A1+MAOB+PTGS1",3,1223,262188.266668234,262123.90238252,0.000245488810511452,1223,0,1,0,FALSE,FALSE
"ALDH3A1+MAP3K5+PRDX1",3,1223,262124.916668235,262085.819049187,0.000149156438637887,1223,0,1,0,FALSE,FALSE
"ALDH3A1+NPY+OPRM1",3,1223,262149.333334902,261581.071430131,0.00216770303224201,1222,0.000817661488143884,2,0.00163532297628777,FALSE,FALSE
"ALDH3A1+OPRM1+SLC6A3",3,1223,262199.1333349,262113.428572995,0.000326868974794059,1223,0,1,0,TRUE,TRUE
"ALDH3A1+PLA2G2A+PLA2G4A",3,1223,262211.200001567,262106.36190633,0.000399823101518759,1223,0,1,0,FALSE,TRUE
"ALDH3A1+PLA2G2A+PTGS1",3,1223,262211.216668234,262146.311906331,0.000247528548657616,1223,0,1,0,FALSE,TRUE
"ALDH3A1+PLA2G4A+PTGS1",3,1223,262186.383334901,262095.90238252,0.000345101645747636,1223,0,1,0,FALSE,TRUE
"APOB+BGLAP+COL1A1",3,1223,262045.966668235,261894.702382519,0.000577243327342769,1223,0,1,0,FALSE,FALSE
"APOB+BGLAP+COL1A2",3,1223,262064.050001568,261959.652382519,0.000398366807843109,1223,0,1,0,FALSE,FALSE
"APOB+BGLAP+F2",3,1223,262042.600001568,261902.385715851,0.000535082027565137,1223,0,1,0,FALSE,FALSE
"APOB+BGLAP+FURIN",3,1223,262064.683334901,261937.335715851,0.000485939644480182,1223,0,1,0,FALSE,FALSE
"APOB+BGLAP+SOX9",3,1223,262035.733334902,261906.785715852,0.000492099369077681,1223,0,1,0,FALSE,FALSE
"APOB+BGLAP+SPP1",3,1223,262020.633334902,261878.802382519,0.000541296884059461,1223,0,1,0,FALSE,FALSE
"APOB+BGLAP+TNFSF11",3,1223,262023.016668235,261900.502382519,0.000467570701514708,1223,0,1,0,FALSE,FALSE
"APOB+C3+CAMP",3,1223,262080.166668235,261661.61904918,0.00159702134036044,1222,0.000817661488143884,2,0.00163532297628777,FALSE,FALSE
"APOB+C3+CD274",3,1223,262033.066668235,261948.919049186,0.000321133588668032,1223,0,1,0,FALSE,FALSE
"APOB+C3+CYP11B2",3,1223,262105.383334902,261999.545239662,0.00040379977661309,1223,0,1,0,FALSE,FALSE
"APOB+C3+EGR1",3,1223,262026.283334901,261933.152382519,0.000355425994663761,1223,0,1,0,FALSE,FALSE
"APOB+C3+EPOR",3,1223,262078.300001568,261988.969049186,0.000340855967020715,1223,0,1,0,FALSE,FALSE
"APOB+C3+FURIN",3,1223,262080.266668235,261977.919049185,0.000390520127099503,1223,0,1,0,FALSE,FALSE
"APOB+C3+GLUL",3,1223,262118.033334901,262001.954763472,0.000442848475372348,1223,0,1,0,FALSE,FALSE
"APOB+C3+GRM5",3,1223,262094.866668234,261962.980953947,0.000503198387529324,1223,0,1,0,FALSE,FALSE
"APOB+C3+HNF4A",3,1223,262028.316668234,261919.419049185,0.000415594850334711,1223,0,1,0,FALSE,FALSE
"APOB+C3+ITGA5",3,1223,262062.016668235,261649.51904918,0.00157404580907428,1222,0.000817661488143884,2,0.00163532297628777,FALSE,FALSE
"APOB+C3+MAP3K5",3,1223,262027.250001567,261930.519049185,0.000369163712483078,1223,0,1,0,FALSE,FALSE
"APOB+C3+MB",3,1223,262078.516668235,261989.185715852,0.000340855685227126,1223,0,1,0,FALSE,FALSE
"APOB+C3+NOS2",3,1223,262035.700001567,261951.185715852,0.000322529661854754,1223,0,1,0,FALSE,FALSE
"APOB+C3+NPPA",3,1223,262073.983334901,261976.619049185,0.000371514503182291,1223,0,1,0,FALSE,FALSE
"APOB+C3+NR1I2",3,1223,262088.733334902,261977.635715852,0.000423893151132226,1223,0,1,0,FALSE,FALSE
"APOB+C3+NRP1",3,1223,262075.716668235,261970.469049185,0.000401592411489182,1223,0,1,0,FALSE,FALSE
"APOB+C3+NTRK1",3,1223,262038.083334901,261951.869049185,0.000329014334932931,1223,0,1,0,FALSE,FALSE
"APOB+C3+OPRM1",3,1223,262084.333334901,261983.619049186,0.000384281976851697,1223,0,1,0,FALSE,FALSE
"APOB+C3+SPP1",3,1223,262036.216668235,261922.902382519,0.000432437497215998,1223,0,1,0,FALSE,FALSE
"APOB+C3+STAT4",3,1223,262064.366668234,261901.033334899,0.000623256551099738,1223,0,1,0,FALSE,FALSE
"APOB+C3+THBS1",3,1223,262038.116668235,261940.369049186,0.000373028246011486,1223,0,1,0,FALSE,FALSE
"APOB+C3+TJP1",3,1223,262021.933334902,261856.047620615,0.000633098581391045,1223,0,1,0,FALSE,FALSE
"APOB+C3+TNFSF11",3,1223,262038.600001568,261940.685715853,0.000373663596566542,1223,0,1,0,FALSE,FALSE
"APOB+C3+VWF",3,1223,262045.666668235,261952.685715853,0.000354827284741788,1223,0,1,0,FALSE,FALSE
"APOB+CALR+CAMP",3,1223,262044.133334901,261627.011906323,0.00159179838628665,1222,0.000817661488143884,2,0.00163532297628777,FALSE,FALSE
"APOB+CALR+CEBPA",3,1223,261978.316668234,261881.361906328,0.000370086971849926,1223,0,1,0,FALSE,FALSE
"APOB+CALR+COL1A1",3,1223,262025.516668235,261900.345239662,0.000477707019393536,1223,0,1,0,FALSE,FALSE
"APOB+CALR+COL1A2",3,1223,262043.600001568,261964.678572995,0.000301176707128925,1223,0,1,0,FALSE,FALSE
"APOB+CALR+EGR1",3,1223,261990.250001567,261898.578572995,0.000349903969984577,1223,0,1,0,FALSE,FALSE
"APOB+CALR+EPOR",3,1223,262042.266668235,261954.445239662,0.000335142226059348,1223,0,1,0,FALSE,FALSE
"APOB+CALR+FABP4",3,1223,262029.016668234,261929.911906328,0.000378220561854659,1223,0,1,0,FALSE,FALSE
"APOB+CALR+GJA1",3,1223,262012.450001568,261901.978572995,0.000421626638628436,1223,0,1,0,FALSE,FALSE
"APOB+CALR+GRM5",3,1223,262058.833334901,261928.507144423,0.000497316533159209,1223,0,1,0,FALSE,FALSE
"APOB+CALR+ITGA5",3,1223,262025.983334901,261614.995239656,0.00156850129904706,1222,0.000817661488143884,2,0.00163532297628777,FALSE,FALSE
"APOB+CALR+MAP3K5",3,1223,261991.216668234,261895.995239661,0.000363452751522608,1223,0,1,0,FALSE,FALSE
"APOB+CALR+NCOA2",3,1223,262041.300001568,261955.361906329,0.000327956300167354,1223,0,1,0,FALSE,FALSE
"APOB+CALR+NOS2",3,1223,261999.666668234,261916.661906328,0.000316812471410466,1223,0,1,0,FALSE,FALSE
"APOB+CALR+NTRK1",3,1223,262002.050001567,261917.345239661,0.00032329808833742,1223,0,1,0,FALSE,FALSE
"APOB+CALR+NTRK2",3,1223,262000.583334901,261876.80476347,0.000472436243672103,1223,0,1,0,FALSE,FALSE
"APOB+CALR+RXRA",3,1223,262018.600001568,261904.561906328,0.000435229007557325,1223,0,1,0,FALSE,FALSE
"APOB+CALR+SPP1",3,1223,262000.183334902,261888.378572995,0.00042673543385896,1223,0,1,0,FALSE,FALSE
"APOB+CALR+STAT4",3,1223,262028.333334901,261866.509525375,0.000617581341173179,1223,0,1,0,FALSE,FALSE
"APOB+CALR+SYK",3,1223,262010.650001568,261920.028572996,0.000345869255971132,1223,0,1,0,FALSE,FALSE
"APOB+CALR+TJP1",3,1223,261985.900001569,261823.240477758,0.000620871290441638,1223,0,1,0,FALSE,FALSE
"APOB+CALR+TNFSF11",3,1223,262002.566668235,261906.078572995,0.000368271564918921,1223,0,1,0,FALSE,FALSE
"APOB+CALR+VIM",3,1223,261998.516668235,261907.995239663,0.000345503591867358,1223,0,1,0,FALSE,FALSE
"APOB+CAMP+TFRC",3,1223,262058.483334901,261591.688096799,0.00178126360254593,1222,0.000817661488143884,2,0.00163532297628777,FALSE,FALSE
"APOB+CANX+COL1A1",3,1223,262064.400001568,261948.80238252,0.000441103862439562,1223,0,1,0,FALSE,FALSE
"APOB+CANX+GJA1",3,1223,262051.333334902,261949.419049186,0.000388909624762346,1223,0,1,0,FALSE,FALSE
"APOB+CANX+GRM5",3,1223,262097.716668235,261976.197620614,0.000463640237561735,1223,0,1,0,FALSE,FALSE
"APOB+CANX+MAP3K5",3,1223,262030.100001567,261943.435715852,0.000330741719043792,1223,0,1,0,FALSE,FALSE
"APOB+CANX+NOS2",3,1223,262038.550001568,261964.102382519,0.00028410941461976,1223,0,1,0,FALSE,FALSE
"APOB+CANX+SPP1",3,1223,262039.066668236,261935.819049186,0.000394016130350838,1223,0,1,0,FALSE,FALSE
"APOB+CANX+THBS1",3,1223,262040.966668236,261953.20238252,0.000334925820307697,1223,0,1,0,FALSE,FALSE
"APOB+CANX+TJP1",3,1223,262024.783334903,261870.680953949,0.000588121394445751,1223,0,1,0,FALSE,FALSE
"APOB+CANX+VIM",3,1223,262037.400001569,261955.435715853,0.000312796134120941,1223,0,1,0,FALSE,FALSE
"APOB+CANX+VWF",3,1223,262048.516668235,261965.60238252,0.000316408147505332,1223,0,1,0,FALSE,FALSE
"APOB+CD274+F2",3,1223,262017.050001568,261910.019049185,0.000408488502493531,1223,0,1,0,FALSE,FALSE
"APOB+CD274+MPO",3,1223,262017.966668234,261879.75476347,0.000527490181386314,1223,0,1,0,FALSE,FALSE
"APOB+CD274+TFRC",3,1223,262011.383334901,261879.071430138,0.00050498532956722,1223,0,1,0,FALSE,FALSE
"APOB+CEBPA+CYP7A1",3,1223,262015.333334902,261855.983334899,0.000608170514199924,1223,0,1,0,FALSE,FALSE
"APOB+CEBPA+F2",3,1223,261998.333334901,261876.985715851,0.000463161797654044,1223,0,1,0,FALSE,FALSE
"APOB+CEBPA+FABP4",3,1223,262005.200001568,261895.769049185,0.000417667101195507,1223,0,1,0,FALSE,FALSE
"APOB+CEBPA+HNF4A",3,1223,261968.466668234,261851.069049185,0.000448136451467573,1223,0,1,0,FALSE,FALSE
"APOB+CEBPA+MPO",3,1223,261999.250001568,261846.671430137,0.000582362626725175,1223,0,1,0,FALSE,FALSE
"APOB+CEBPA+RXRA",3,1223,261994.783334901,261870.485715851,0.000474427839623259,1223,0,1,0,FALSE,FALSE
"APOB+CEBPA+TFRC",3,1223,261992.666668234,261845.988096804,0.000559857546000186,1223,0,1,0,FALSE,FALSE
"APOB+COL1A1+COL1A2",3,1223,262066.983334902,261937.985715853,0.000492231479933714,1223,0,1,0,FALSE,FALSE
"APOB+COL1A1+F2",3,1223,262045.533334901,261896.685715852,0.000568021966088295,1223,0,1,0,FALSE,FALSE
"APOB+COL1A1+ITGA5",3,1223,262049.366668235,261601.169049181,0.00171035566600464,1222,0.000817661488143884,2,0.00163532297628777,FALSE,FALSE
"APOB+COL1A1+MPO",3,1223,262046.450001568,261866.55476347,0.000686501336295664,1223,0,1,0,FALSE,FALSE
"APOB+COL1A1+SOX9",3,1223,262038.666668235,261900.969049186,0.000525485878858034,1223,0,1,0,FALSE,FALSE
"APOB+COL1A1+THBS1",3,1223,262025.466668235,261886.15238252,0.000531682234886754,1223,0,1,0,FALSE,FALSE
"APOB+COL1A1+VIM",3,1223,262021.900001569,261896.185715853,0.000479785413794231,1223,0,1,0,FALSE,FALSE
"APOB+COL1A1+VWF",3,1223,262033.016668235,261906.069049186,0.00048447184504774,1223,0,1,0,FALSE,FALSE
"APOB+COL1A2+CYP7A1",3,1223,262080.616668235,261939.6333349,0.000537938803440885,1223,0,1,0,FALSE,FALSE
"APOB+COL1A2+F2",3,1223,262063.616668235,261960.302382518,0.000394233610257144,1223,0,1,0,FALSE,FALSE
"APOB+COL1A2+ITGA5",3,1223,262067.450001568,261664.402382514,0.00153795375599519,1222,0.000817661488143884,2,0.00163532297628777,FALSE,FALSE
"APOB+COL1A2+MPO",3,1223,262064.533334901,261930.121430137,0.000512896205578595,1223,0,1,0,FALSE,FALSE
"APOB+COL1A2+TFRC",3,1223,262057.950001568,261929.788096804,0.000489059403704251,1223,0,1,0,FALSE,FALSE
"APOB+CS+GOT1",3,1223,262128.466668235,261996.197620615,0.000504596274117697,1223,0,1,0,FALSE,FALSE
"APOB+CS+MDH2",3,1223,262129.050001569,261974.171430138,0.00059084855886915,1223,0,1,0,FALSE,FALSE
"APOB+CS+SOD2",3,1223,262061.166668235,261866.673811089,0.000742165882946288,1223,0,1,0,FALSE,FALSE
"APOB+CYP11B2+CYP7A1",3,1223,262106.366668235,261939.159525375,0.000637936212635415,1223,0,1,0,FALSE,FALSE
"APOB+CYP11B2+F2",3,1223,262089.366668235,261960.645239661,0.00049113563900105,1223,0,1,0,FALSE,FALSE
"APOB+CYP51A1+CYP7A1",3,1223,262138.600001569,261989.250001567,0.000569736772840779,1223,0,1,0,FALSE,FALSE
"APOB+CYP51A1+SQLE",3,1223,262197.450001568,262095.714287282,0.000388011837206714,1223,0,1,0,FALSE,FALSE
"APOB+CYP7A1+FABP4",3,1223,262066.033334902,261904.616668232,0.000615938909042879,1223,0,1,0,FALSE,FALSE
"APOB+CYP7A1+NANOG",3,1223,262042.800001568,261901.216668232,0.000540306138290481,1223,0,1,0,FALSE,FALSE
"APOB+CYP7A1+NCOA2",3,1223,262078.316668235,261929.4833349,0.000567896402982826,1223,0,1,0,FALSE,FALSE
"APOB+CYP7A1+PLA2G2A",3,1223,262104.366668236,261949.99285871,0.000588978396233175,1223,0,1,0,FALSE,FALSE
"APOB+CYP7A1+PTGS1",3,1223,262079.550001568,261910.766668232,0.000644015656066421,1223,0,1,0,FALSE,FALSE
"APOB+CYP7A1+THBS1",3,1223,262039.100001569,261880.416668233,0.00060557120420135,1223,0,1,0,FALSE,FALSE
"APOB+DGAT1+TFRC",3,1223,262082.450001569,261804.823811088,0.00105930858963976,1223,0,1,0,FALSE,FALSE
"APOB+EGR1+F2",3,1223,262010.266668234,261894.252382518,0.000442785266363099,1223,0,1,0,FALSE,FALSE
"APOB+EGR1+MPO",3,1223,262011.183334901,261864.15476347,0.000561153800993197,1223,0,1,0,FALSE,FALSE
"APOB+EPOR+F2",3,1223,262062.283334901,261949.985715852,0.000428514998879859,1223,0,1,0,FALSE,FALSE
"APOB+EPOR+MPO",3,1223,262063.200001568,261919.888096804,0.000546860088572632,1223,0,1,0,FALSE,FALSE
"APOB+EPOR+TFRC",3,1223,262056.616668235,261909.454763471,0.000561565308424994,1223,0,1,0,FALSE,FALSE
"APOB+F2+GJA1",3,1223,262032.466668234,261897.819049185,0.000513858533493949,1223,0,1,0,FALSE,FALSE
"APOB+F2+GLUL",3,1223,262102.016668235,261962.911906328,0.000530727552864207,1223,0,1,0,FALSE,FALSE
"APOB+F2+GOT1",3,1223,262099.333334902,261983.228572995,0.00044297999704701,1223,0,1,0,FALSE,FALSE
"APOB+F2+GRM5",3,1223,262078.850001567,261924.564287279,0.00058869960047192,1223,0,1,0,FALSE,FALSE
"APOB+F2+HNF4A",3,1223,262012.300001567,261880.685715851,0.000502321019722696,1223,0,1,0,FALSE,FALSE
"APOB+F2+ITGA5",3,1223,262046.000001568,261610.619049179,0.00166146765219011,1222,0.000817661488143884,2,0.00163532297628777,FALSE,FALSE
"APOB+F2+MAP3K5",3,1223,262011.2333349,261891.619049183,0.000456523501660699,1223,0,1,0,FALSE,FALSE
"APOB+F2+MB",3,1223,262062.500001568,261950.285715851,0.000428196654293611,1223,0,1,0,FALSE,FALSE
"APOB+F2+NANOG",3,1223,262025.800001567,261922.135715851,0.000395626254038994,1223,0,1,0,FALSE,FALSE
"APOB+F2+NOS2",3,1223,262019.6833349,261912.285715851,0.000409883783090481,1223,0,1,0,FALSE,FALSE
"APOB+F2+NPPA",3,1223,262057.966668234,261937.802382518,0.000458540861185242,1223,0,1,0,FALSE,FALSE
"APOB+F2+NR1I2",3,1223,262072.716668235,261938.752382518,0.000511172194574194,1223,0,1,0,FALSE,FALSE
"APOB+F2+NRP1",3,1223,262059.700001568,261931.835715851,0.00048792044605217,1223,0,1,0,FALSE,FALSE
"APOB+F2+POU5F1",3,1223,262021.800001568,261919.802382519,0.000389271499733335,1223,0,1,0,FALSE,FALSE
"APOB+F2+PTGS1",3,1223,262062.550001567,261931.519049184,0.000499998768928367,1223,0,1,0,FALSE,FALSE
"APOB+F2+SPP1",3,1223,262020.200001568,261884.002382518,0.000519798164604568,1223,0,1,0,FALSE,FALSE
"APOB+F2+STAT4",3,1223,262048.350001568,261862.000001564,0.00071112830896336,1223,0,1,0,FALSE,FALSE
"APOB+F2+SYK",3,1223,262030.666668235,261915.652382519,0.000438934446790329,1223,0,1,0,FALSE,FALSE
"APOB+F2+THBS1",3,1223,262022.100001568,261901.385715852,0.000460702687733683,1223,0,1,0,FALSE,FALSE
"APOB+F2+TJP1",3,1223,262005.916668235,261818.780953947,0.00071424232196049,1223,0,1,0,FALSE,FALSE
"APOB+F2+TNFSF11",3,1223,262022.583334901,261901.702382518,0.000461337915399374,1223,0,1,0,FALSE,FALSE
"APOB+F2+VIM",3,1223,262018.533334902,261903.619049185,0.000438573120205676,1223,0,1,0,FALSE,FALSE
"APOB+FABP4+RXRA",3,1223,262045.483334901,261920.535715851,0.000476816533755864,1223,0,1,0,FALSE,FALSE
"APOB+FABP4+TFRC",3,1223,262043.366668234,261894.621430137,0.000567635960370794,1223,0,1,0,FALSE,FALSE
"APOB+FURIN+MPO",3,1223,262065.166668234,261909.088096802,0.000595571603109635,1223,0,1,0,FALSE,FALSE
"APOB+FURIN+NRP1",3,1223,262081.783334901,261966.519049184,0.000439802737336348,1223,0,1,0,FALSE,FALSE
"APOB+FURIN+TFRC",3,1223,262058.583334901,261908.488096803,0.000572754519954533,1223,0,1,0,FALSE,FALSE
"APOB+GJA1+TFRC",3,1223,262026.800001568,261866.90476347,0.000610224748371024,1223,0,1,0,FALSE,FALSE
"APOB+GJA1+TJP1",3,1223,261996.216668236,261810.864287281,0.000707462051596108,1223,0,1,0,FALSE,FALSE
"APOB+GOT1+MDH2",3,1223,262157.083334902,262041.795239663,0.000439767233343491,1223,0,1,0,FALSE,FALSE
"APOB+GOT1+MPO",3,1223,262100.250001568,261953.147620613,0.000561244718210729,1223,0,1,0,FALSE,FALSE
"APOB+GOT1+TFRC",3,1223,262093.666668235,261952.680953947,0.000537921103093031,1223,0,1,0,FALSE,FALSE
"APOB+GRM5+OPRM1",3,1223,262105.000001568,261966.630953947,0.000527914567138521,1223,0,1,0,FALSE,FALSE
"APOB+GRM5+PLA2G7",3,1223,262132.033334902,261980.016668233,0.000579924035740254,1223,0,1,0,FALSE,FALSE
"APOB+HNF4A+MPO",3,1223,262013.216668234,261850.20476347,0.000622151457996822,1223,0,1,0,FALSE,FALSE
"APOB+HNF4A+NANOG",3,1223,261995.933334901,261896.719049185,0.000378686357657809,1223,0,1,0,FALSE,FALSE
"APOB+HNF4A+NCOA2",3,1223,262031.450001568,261927.369049185,0.000397207863338744,1223,0,1,0,FALSE,FALSE
"APOB+HNF4A+NR1H4",3,1223,262029.316668235,261893.545239661,0.000518153580293612,1223,0,1,0,FALSE,FALSE
"APOB+HNF4A+NR1I2",3,1223,262042.850001568,261917.885715852,0.000476884928232502,1223,0,1,0,FALSE,FALSE
"APOB+HNF4A+PLA2G7",3,1223,262065.483334902,261935.738096805,0.000495087092150182,1223,0,1,0,FALSE,FALSE
"APOB+ITGA5+MPO",3,1223,262046.916668234,261580.404763464,0.001780260995632,1222,0.000817661488143884,2,0.00163532297628777,FALSE,FALSE
"APOB+ITGA5+SPP1",3,1223,262024.033334902,261588.685715847,0.00166147972578679,1222,0.000817661488143884,2,0.00163532297628777,FALSE,FALSE
"APOB+ITGA5+TFRC",3,1223,262040.333334901,261579.804763465,0.00175747208673971,1222,0.000817661488143884,2,0.00163532297628777,FALSE,FALSE
"APOB+ITGA5+THBS1",3,1223,262025.933334902,261605.485715847,0.00160460307765453,1222,0.000817661488143884,2,0.00163532297628777,FALSE,FALSE
"APOB+ITGA5+VWF",3,1223,262033.483334901,261618.602382514,0.00158331273968326,1222,0.000817661488143884,2,0.00163532297628777,FALSE,FALSE
"APOB+ITPR3+TFRC",3,1223,262022.266668234,261890.890477756,0.000501393229471292,1223,0,1,0,FALSE,FALSE
"APOB+MAP3K5+PLA2G7",3,1223,262064.416668234,261946.754763471,0.00044898085081424,1223,0,1,0,FALSE,FALSE
"APOB+MB+MPO",3,1223,262063.416668234,261919.938096803,0.000547495614823146,1223,0,1,0,FALSE,FALSE
"APOB+MB+PLA2G7",3,1223,262115.683334902,262005.671430139,0.000419707448878426,1223,0,1,0,FALSE,FALSE
"APOB+MB+TFRC",3,1223,262056.833334901,261919.338096804,0.000524677171542587,1223,0,1,0,FALSE,FALSE
"APOB+MGLL+MPO",3,1223,262116.500001568,261922.821430137,0.000738902630816551,1223,0,1,0,FALSE,FALSE
"APOB+MPO+NOS2",3,1223,262020.600001567,261882.021430136,0.000528884261123852,1223,0,1,0,FALSE,FALSE
"APOB+MPO+NRP1",3,1223,262060.616668234,261901.888096802,0.000605694107913224,1223,0,1,0,FALSE,FALSE
"APOB+MPO+OPRM1",3,1223,262069.233334901,261914.371430136,0.000590919822194946,1223,0,1,0,FALSE,FALSE
"APOB+MPO+POU5F1",3,1223,262022.716668235,261889.45476347,0.000508589127152792,1223,0,1,0,FALSE,FALSE
"APOB+MPO+PTGS1",3,1223,262063.466668234,261901.254763469,0.000618979466413538,1223,0,1,0,FALSE,FALSE
"APOB+MPO+SOD2",3,1223,262032.950001568,261823.007144421,0.000801207852468178,1223,0,1,0,FALSE,FALSE
"APOB+MPO+SPP1",3,1223,262021.116668235,261853.688096803,0.000638988847772359,1223,0,1,0,FALSE,FALSE
"APOB+MPO+STAT4",3,1223,262049.266668234,261831.83571585,0.000829733107629793,1223,0,1,0,FALSE,FALSE
"APOB+MPO+SYK",3,1223,262031.583334901,261885.121430137,0.000558947524189723,1223,0,1,0,FALSE,FALSE
"APOB+MPO+THBS1",3,1223,262023.016668235,261871.20476347,0.000579383852209236,1223,0,1,0,FALSE,FALSE
"APOB+MPO+TJP1",3,1223,262006.833334902,261788.300001566,0.000834074938256713,1223,0,1,0,FALSE,FALSE
"APOB+MPO+TNFSF11",3,1223,262023.500001568,261871.388096803,0.000580527718941681,1223,0,1,0,FALSE,FALSE
"APOB+MPO+VIM",3,1223,262019.450001568,261873.35476347,0.000557574020162654,1223,0,1,0,FALSE,FALSE
"APOB+MPO+VWF",3,1223,262030.566668235,261883.521430136,0.000561175896262145,1223,0,1,0,FALSE,FALSE
"APOB+NANOG+POU5F1",3,1223,262005.433334902,261929.085715853,0.00029139708317194,1223,0,1,0,FALSE,FALSE
"APOB+NCOA2+NR1H4",3,1223,262078.333334902,261963.111906329,0.000439644998909028,1223,0,1,0,FALSE,FALSE
"APOB+NCOA2+RXRA",3,1223,262057.766668235,261941.052382518,0.000445376174881829,1223,0,1,0,FALSE,FALSE
"APOB+NOS2+TFRC",3,1223,262014.016668234,261881.338096803,0.000506379670514145,1223,0,1,0,FALSE,FALSE
"APOB+NR1H4+RXRA",3,1223,262055.633334902,261909.895239661,0.000556134181839085,1223,0,1,0,FALSE,FALSE
"APOB+NR1I2+RXRA",3,1223,262069.166668235,261937.019049185,0.000504247106711597,1223,0,1,0,FALSE,FALSE
"APOB+NRP1+NTRK1",3,1223,262039.600001568,261939.385715851,0.000382439469896245,1223,0,1,0,FALSE,FALSE
"APOB+NTRK1+NTRK2",3,1223,262000.500001567,261873.24523966,0.000485704271199094,1223,0,1,0,FALSE,FALSE
"APOB+NTRK1+PLA2G7",3,1223,262075.250001568,261968.104763471,0.000408833867739822,1223,0,1,0,FALSE,FALSE
"APOB+NTRK1+TFRC",3,1223,262016.400001567,261882.10476347,0.000512545161663436,1223,0,1,0,FALSE,FALSE
"APOB+NTRK2+TFRC",3,1223,262014.933334901,261841.880953945,0.000660467625843819,1223,0,1,0,FALSE,FALSE
"APOB+PLA2G2A+PTGS1",3,1223,262107.750001568,261996.561906329,0.00042420758347983,1223,0,1,0,FALSE,FALSE
"APOB+PLA2G7+PTGS1",3,1223,262115.733334901,261986.738096805,0.000492130847910777,1223,0,1,0,FALSE,FALSE
"APOB+PLA2G7+SOD2",3,1223,262085.216668236,261908.67381109,0.000673608604826903,1223,0,1,0,FALSE,FALSE
"APOB+PLA2G7+VWF",3,1223,262082.833334902,261969.088096805,0.000434004916115338,1223,0,1,0,FALSE,FALSE
"APOB+POU5F1+TFRC",3,1223,262016.133334903,261888.938096806,0.000485448115267073,1223,0,1,0,FALSE,FALSE
"APOB+SOD2+STAT4",3,1223,262038.216668237,261812.252382518,0.000862333321418163,1223,0,1,0,FALSE,FALSE
"APOB+SPP1+TFRC",3,1223,262014.533334903,261853.054763472,0.000616296238898029,1223,0,1,0,FALSE,FALSE
"APOB+SPP1+THBS1",3,1223,262000.133334904,261878.935715855,0.000462586096833584,1223,0,1,0,FALSE,FALSE
"APOB+SPP1+TNFSF11",3,1223,262000.616668237,261879.019049188,0.000464111957429125,1223,0,1,0,FALSE,FALSE
"APOB+SPP1+VWF",3,1223,262007.683334904,261892.019049188,0.000441453793429858,1223,0,1,0,FALSE,FALSE
"APOB+STAT4+TFRC",3,1223,262042.683334903,261830.502382519,0.000809719049139734,1223,0,1,0,FALSE,FALSE
"APOB+SYK+TFRC",3,1223,262025.00000157,261884.788096806,0.000535108881834945,1223,0,1,0,FALSE,FALSE
"APOB+SYK+VWF",3,1223,262018.15000157,261924.885715855,0.000355945898079413,1223,0,1,0,FALSE,FALSE
"APOB+TFRC+THBS1",3,1223,262016.433334903,261870.288096806,0.000557771267386209,1223,0,1,0,FALSE,FALSE
"APOB+TFRC+TJP1",3,1223,262000.250001571,261787.916668235,0.000810431796666622,1223,0,1,0,FALSE,FALSE
"APOB+TFRC+TNFSF11",3,1223,262016.916668237,261870.838096806,0.000557515801988262,1223,0,1,0,FALSE,FALSE
"APOB+TFRC+VIM",3,1223,262012.866668237,261872.754763473,0.00053475200109665,1223,0,1,0,FALSE,FALSE
"APOB+TFRC+VWF",3,1223,262023.983334903,261882.838096806,0.000538672972988041,1223,0,1,0,FALSE,FALSE
"APOB+THBS1+VWF",3,1223,262009.583334904,261907.769049188,0.00038858993026003,1223,0,1,0,FALSE,FALSE
"ATF4+BAX+BGLAP",3,1223,262047.850001569,261976.500001567,0.000272278517077562,1223,0,1,0,FALSE,FALSE
"ATF4+BAX+EIF2AK2",3,1223,262051.633334902,261983.04285871,0.00026174412774671,1223,0,1,0,FALSE,FALSE
"ATF4+BAX+HK2",3,1223,262060.316668235,261947.119049185,0.000431952538594738,1223,0,1,0,FALSE,FALSE
"ATF4+BGLAP+CDK5",3,1223,262033.333334902,261894.211906327,0.000530930270605801,1223,0,1,0,FALSE,FALSE
"ATF4+BGLAP+CEBPA",3,1223,262014.550001568,261946.550001567,0.000259527572042062,1223,0,1,0,FALSE,FALSE
"ATF4+BGLAP+EGR1",3,1223,262026.483334901,261963.900001567,0.000238843541837452,1223,0,1,0,FALSE,FALSE
"ATF4+BGLAP+ESRRA",3,1223,262080.783334902,262015.0333349,0.000250876844783199,1223,0,1,0,FALSE,FALSE
"ATF4+BGLAP+FABP4",3,1223,262065.250001568,261995.600001567,0.00026577350488588,1223,0,1,0,FALSE,FALSE
"ATF4+BGLAP+GJA1",3,1223,262048.683334902,261967.250001567,0.000310756506381238,1223,0,1,0,FALSE,FALSE
"ATF4+BGLAP+GRIN2B",3,1223,262016.283334901,261885.492858708,0.000499169267380029,1223,0,1,0,FALSE,FALSE
"ATF4+BGLAP+HCRT",3,1223,262085.833334901,261994.204763471,0.00034961283585766,1223,0,1,0,FALSE,FALSE
"ATF4+BGLAP+HDAC6",3,1223,262031.983334902,261358.344049176,0.0025708284811361,1221,0.00163532297628777,2,0.00326796948289265,FALSE,FALSE
"ATF4+BGLAP+HNF4A",3,1223,262028.516668235,261950.300001567,0.0002985044057916,1223,0,1,0,FALSE,FALSE
"ATF4+BGLAP+ITGA5",3,1223,262062.216668235,261680.133334895,0.00145798710778544,1222,0.000817661488143884,2,0.00163532297628777,FALSE,FALSE
"ATF4+BGLAP+NFATC1",3,1223,262052.150001568,261990.166668233,0.000236530527737755,1223,0,1,0,FALSE,FALSE
"ATF4+BGLAP+NPPA",3,1223,262074.183334902,262007.5333349,0.000254317304945406,1223,0,1,0,FALSE,FALSE
"ATF4+BGLAP+NPY",3,1223,262035.933334901,261461.102382511,0.00219371040098815,1222,0.000817661488143884,2,0.00163532297628777,FALSE,FALSE
"ATF4+BGLAP+NQO1",3,1223,262041.350001568,261849.986906326,0.000730278237541571,1223,0,1,0,FALSE,FALSE
"ATF4+BGLAP+NRP1",3,1223,262075.916668235,262001.216668233,0.00028503191346807,1223,0,1,0,FALSE,FALSE
"ATF4+BGLAP+NTRK2",3,1223,262036.816668235,261942.259525375,0.000360854417564838,1223,0,1,0,FALSE,FALSE
"ATF4+BGLAP+PLG",3,1223,262066.600001568,261894.102382518,0.000658220540311505,1223,0,1,0,FALSE,FALSE
"ATF4+BGLAP+POU5F1",3,1223,262038.016668236,261989.450001568,0.000185342063283245,1223,0,1,0,FALSE,FALSE
"ATF4+BGLAP+RARA",3,1223,262053.383334902,261957.633334899,0.000365383567213162,1223,0,1,0,FALSE,FALSE
"ATF4+BGLAP+RXRA",3,1223,262054.833334902,261969.750001566,0.000324677596107881,1223,0,1,0,FALSE,FALSE
"ATF4+BGLAP+SOX2",3,1223,262019.316668236,261602.650001562,0.00159021354597755,1222,0.000817661488143884,2,0.00163532297628777,FALSE,FALSE
"ATF4+BGLAP+SYK",3,1223,262046.883334902,261985.216668234,0.000235326846414474,1223,0,1,0,FALSE,FALSE
"ATF4+BGLAP+TH",3,1223,262036.700001568,261892.166668231,0.000551576681191324,1223,0,1,0,FALSE,FALSE
"ATF4+BGLAP+THBS1",3,1223,262038.316668236,261970.900001568,0.000257277895558627,1223,0,1,0,FALSE,FALSE
"ATF4+BGLAP+TJP1",3,1223,262022.133334903,261888.695239663,0.000509262685337908,1223,0,1,0,FALSE,FALSE
"ATF4+BGLAP+VIM",3,1223,262034.750001569,261973.266668234,0.000234638090308548,1223,0,1,0,FALSE,FALSE
"ATF4+BGLAP+VWF",3,1223,262045.866668235,261983.183334901,0.00023920748734485,1223,0,1,0,FALSE,FALSE
"ATF4+BGLAP+YWHAZ",3,1223,262018.35000157,261884.116668233,0.00051230508601996,1223,0,1,0,FALSE,FALSE
"ATF4+C3+MPO",3,1223,262074.883334901,261978.685715852,0.000367061573492422,1223,0,1,0,FALSE,FALSE
"ATF4+C3+PLG",3,1223,262082.183334901,261931.045239661,0.000576682067118472,1223,0,1,0,FALSE,FALSE
"ATF4+CALM1+EIF2S1",3,1223,262058.483334902,261999.109525377,0.000226567019580459,1223,0,1,0,FALSE,FALSE
"ATF4+CALM1+FKBP1A",3,1223,262017.100001568,261888.516668232,0.000490744051953373,1223,0,1,0,FALSE,FALSE
"ATF4+CALM1+ITPR1",3,1223,261994.183334901,261910.626192042,0.000318927473102804,1223,0,1,0,FALSE,FALSE
"ATF4+CALM1+NOS1",3,1223,261995.716668234,261863.750001566,0.000503697802185177,1223,0,1,0,FALSE,FALSE
"ATF4+CALM1+NOS2",3,1223,261997.633334901,261959.8833349,0.000144085271000072,1223,0,1,0,FALSE,FALSE
"ATF4+CALM1+SCN5A",3,1223,262038.516668234,261962.800001567,0.000288952431995226,1223,0,1,0,FALSE,FALSE
"ATF4+CALR+EIF2AK2",3,1223,262042.150001569,261985.55238252,0.000215986699271031,1223,0,1,0,FALSE,FALSE
"ATF4+CALR+ITPR1",3,1223,262012.000001568,261931.752382518,0.000306274594479627,1223,0,1,0,FALSE,FALSE
"ATF4+CALR+ITPR3",3,1223,262023.700001568,261991.19285871,0.000124061841953793,1223,0,1,0,FALSE,FALSE
"ATF4+CALR+THBS1",3,1223,262017.866668236,261972.509525378,0.000173107061112288,1223,0,1,0,FALSE,FALSE
"ATF4+CAMP+MPO",3,1223,262080.850001568,261661.202382513,0.00160121435447425,1222,0.000817661488143884,2,0.00163532297628777,FALSE,FALSE
"ATF4+CANX+CFTR",3,1223,262082.366668235,261645.319049181,0.0016675964301216,1222,0.000817661488143884,2,0.00163532297628777,FALSE,FALSE
"ATF4+CANX+EIF2AK2",3,1223,262081.033334902,262030.735715854,0.000191916287906602,1223,0,1,0,TRUE,TRUE
"ATF4+CANX+ITPR1",3,1223,262050.883334901,261978.935715852,0.000274555911179086,1223,0,1,0,FALSE,FALSE
"ATF4+CANX+ITPR3",3,1223,262062.583334902,262036.042858711,0.000101275336040985,1223,0,1,0,FALSE,FALSE
"ATF4+CD274+EIF2AK2",3,1223,262037.050001569,261986.292858711,0.000193702161040754,1223,0,1,0,FALSE,FALSE
"ATF4+CDK5+EIF2AK2",3,1223,262037.116668235,261900.838096803,0.000520073542117805,1223,0,1,0,FALSE,FALSE
"ATF4+CDK5+PRDX1",3,1223,262043.116668235,261935.578572994,0.000410383209481835,1223,0,1,0,FALSE,FALSE
"ATF4+CEBPA+EIF2AK2",3,1223,262018.333334902,261953.176192043,0.000248673984102332,1223,0,1,0,FALSE,FALSE
"ATF4+CEBPA+EIF2S1",3,1223,262052.483334902,261988.159525377,0.000245461552993209,1223,0,1,0,FALSE,FALSE
"ATF4+CEBPA+FABP4",3,1223,262020.983334901,261962.150001567,0.000224536724447555,1223,0,1,0,FALSE,FALSE
"ATF4+CEBPA+HNF4A",3,1223,261984.250001568,261917.500001567,0.000254786308721666,1223,0,1,0,FALSE,FALSE
"ATF4+CEBPA+RARA",3,1223,262009.116668235,261924.583334899,0.000322635083888745,1223,0,1,0,FALSE,FALSE
"ATF4+CEBPA+RXRA",3,1223,262010.566668235,261936.7833349,0.000281604418758019,1223,0,1,0,FALSE,FALSE
"ATF4+CFTR+EIF2S1",3,1223,262101.866668235,261637.461906324,0.00177184835733801,1222,0.000817661488143884,2,0.00163532297628777,FALSE,FALSE
"ATF4+CFTR+TJP1",3,1223,262027.25000157,261511.214287277,0.00196939713060251,1222,0.000817661488143884,2,0.00163532297628777,FALSE,FALSE
"ATF4+COL1A1+COL1A2",3,1223,262082.766668235,262004.583334902,0.000298315430379059,1223,0,1,0,FALSE,FALSE
"ATF4+COL1A1+ITGA5",3,1223,262065.150001568,261667.550001563,0.00151717998369294,1222,0.000817661488143884,2,0.00163532297628777,FALSE,FALSE
"ATF4+COL1A1+SOX9",3,1223,262054.450001569,261967.533334901,0.000331674072572063,1223,0,1,0,FALSE,FALSE
"ATF4+COL1A1+SPP1",3,1223,262039.350001569,261942.166668235,0.000370873051447229,1223,0,1,0,FALSE,FALSE
"ATF4+COL1A1+THBS1",3,1223,262041.250001569,261952.666668235,0.000338051102006243,1223,0,1,0,FALSE,FALSE
"ATF4+COL1A1+VIM",3,1223,262037.683334903,261962.700001569,0.000286154771252045,1223,0,1,0,FALSE,FALSE
"ATF4+COL1A1+VWF",3,1223,262048.800001569,261972.583334901,0.000290849134462312,1223,0,1,0,FALSE,FALSE
"ATF4+COL1A2+ITGA5",3,1223,262083.233334902,261730.650001563,0.0013453105292266,1222,0.000817661488143884,2,0.00163532297628777,FALSE,FALSE
"ATF4+CRH+EIF2AK2",3,1223,262073.400001568,262023.276192044,0.000191258668466032,1223,0,1,0,FALSE,FALSE
"ATF4+CRH+HCRT",3,1223,262096.633334901,262031.321430138,0.000249190170555691,1223,0,1,0,TRUE,TRUE
"ATF4+CRH+NPY",3,1223,262046.733334901,261497.419049179,0.00209624550068332,1222,0.000817661488143884,2,0.00163532297628777,FALSE,FALSE
"ATF4+CRH+OPRM1",3,1223,262095.333334902,262052.166668234,0.000164698341318159,1223,0,1,0,TRUE,TRUE
"ATF4+CTSK+NFATC1",3,1223,262070.233334901,261988.976192043,0.000310058650401346,1223,0,1,0,FALSE,FALSE
"ATF4+CTSK+SPP1",3,1223,262054.500001569,261952.726192044,0.000388368868020961,1223,0,1,0,FALSE,FALSE
"ATF4+CTSK+TNFSF11",3,1223,262056.883334902,261965.54285871,0.000348552096894217,1223,0,1,0,FALSE,FALSE
"ATF4+EGR1+EIF2AK2",3,1223,262030.266668235,261970.526192043,0.000227990746837325,1223,0,1,0,FALSE,FALSE
"ATF4+EIF2AK2+FURIN",3,1223,262084.250001568,262015.709525377,0.000261520775061697,1223,0,1,0,FALSE,FALSE
"ATF4+EIF2AK2+GRIN2B",3,1223,262020.066668235,261892.169049184,0.000488121465950897,1223,0,1,0,FALSE,FALSE
"ATF4+EIF2AK2+GSR",3,1223,262085.500001568,261954.976192042,0.000498019957325346,1223,0,1,0,FALSE,FALSE
"ATF4+EIF2AK2+GSTP1",3,1223,262055.783334902,261539.20000156,0.00197127240150097,1222,0.000817661488143884,2,0.00163532297628777,FALSE,FALSE
"ATF4+EIF2AK2+HDAC6",3,1223,262035.766668235,261364.970239653,0.00255994224418976,1221,0.00163532297628777,2,0.00326796948289265,FALSE,FALSE
"ATF4+EIF2AK2+HK2",3,1223,262075.066668235,261953.211906328,0.000464961293174415,1223,0,1,0,FALSE,FALSE
"ATF4+EIF2AK2+HNF4A",3,1223,262032.300001568,261957.09285871,0.000287014779696948,1223,0,1,0,FALSE,FALSE
"ATF4+EIF2AK2+ITPR1",3,1223,262036.233334901,261938.302382519,0.000373730575869313,1223,0,1,0,FALSE,FALSE
"ATF4+EIF2AK2+ITPR3",3,1223,262047.933334902,261998.159525377,0.000189941622096845,1223,0,1,0,FALSE,FALSE
"ATF4+EIF2AK2+KEAP1",3,1223,262050.766668235,261982.478572995,0.000260591091214457,1223,0,1,0,FALSE,FALSE
"ATF4+EIF2AK2+MAP3K5",3,1223,262031.233334901,261967.842858709,0.000241919542891988,1223,0,1,0,FALSE,FALSE
"ATF4+EIF2AK2+MPO",3,1223,262063.083334902,261950.695239661,0.000428858936597498,1223,0,1,0,FALSE,FALSE
"ATF4+EIF2AK2+NFATC1",3,1223,262055.933334902,261996.709525377,0.000225996827361019,1223,0,1,0,FALSE,FALSE
"ATF4+EIF2AK2+NOS2",3,1223,262039.683334901,261988.559525377,0.000195099493611517,1223,0,1,0,FALSE,FALSE
"ATF4+EIF2AK2+NQO1",3,1223,262045.133334901,261863.825001564,0.000691897350009851,1223,0,1,0,FALSE,FALSE
"ATF4+EIF2AK2+NRP1",3,1223,262079.700001569,262008.026192043,0.000273480965999662,1223,0,1,0,FALSE,FALSE
"ATF4+EIF2AK2+POU5F1",3,1223,262041.800001569,261996.159525378,0.000174172502979131,1223,0,1,0,FALSE,FALSE
"ATF4+EIF2AK2+PRDX1",3,1223,262072.383334902,262026.076192044,0.000176696003862831,1223,0,1,0,FALSE,FALSE
"ATF4+EIF2AK2+PRKCZ",3,1223,262060.666668236,261680.41666823,0.0014509998957134,1222,0.000817661488143884,2,0.00163532297628777,FALSE,FALSE
"ATF4+EIF2AK2+RARA",3,1223,262057.166668236,261964.842858709,0.000352304081969845,1223,0,1,0,FALSE,FALSE
"ATF4+EIF2AK2+SIRT3",3,1223,262077.300001568,262013.59285871,0.000243085314362901,1223,0,1,0,FALSE,TRUE
"ATF4+EIF2AK2+SOD2",3,1223,262052.033334902,261929.628572995,0.000467100981241253,1223,0,1,0,FALSE,FALSE
"ATF4+EIF2AK2+SOX2",3,1223,262023.10000157,261609.409525373,0.00157883208081455,1222,0.000817661488143884,2,0.00163532297628777,FALSE,FALSE
"ATF4+EIF2AK2+SPP1",3,1223,262040.200001569,261960.142858711,0.000305514737273693,1223,0,1,0,FALSE,FALSE
"ATF4+EIF2AK2+SYK",3,1223,262050.666668236,261991.926192044,0.00022415694238942,1223,0,1,0,FALSE,FALSE
"ATF4+EIF2AK2+THBS1",3,1223,262042.100001569,261977.876192044,0.00024508966125858,1223,0,1,0,FALSE,FALSE
"ATF4+EIF2AK2+TJP1",3,1223,262025.916668237,261895.288096806,0.000498533019524072,1223,0,1,0,FALSE,FALSE
"ATF4+EIF2AK2+TNFSF11",3,1223,262042.583334903,261978.059525377,0.000246234061288653,1223,0,1,0,FALSE,FALSE
"ATF4+EIF2AK2+VIM",3,1223,262038.533334903,261979.892858711,0.000223785698406087,1223,0,1,0,FALSE,FALSE
"ATF4+EIF2AK2+VWF",3,1223,262049.650001569,261990.142858711,0.00022708346627387,1223,0,1,0,FALSE,FALSE
"ATF4+EIF2AK2+XIAP",3,1223,262040.883334903,261979.952382521,0.000232524603056228,1223,0,1,0,FALSE,FALSE
"ATF4+EIF2AK2+YWHAZ",3,1223,262022.133334903,261890.609525377,0.000501956868500186,1223,0,1,0,FALSE,FALSE
"ATF4+EIF2S1+FKBP1A",3,1223,262093.300001569,261953.476192042,0.000533488683327255,1223,0,1,0,FALSE,FALSE
"ATF4+EIF2S1+HDAC6",3,1223,262069.916668235,261399.953572986,0.0025564288483283,1221,0.00163532297628777,2,0.00326796948289265,FALSE,FALSE
"ATF4+EIF2S1+ITPR1",3,1223,262070.383334902,261973.419049185,0.000369993299061844,1223,0,1,0,FALSE,FALSE
"ATF4+EIF2S1+ITPR3",3,1223,262082.083334902,262033.226192044,0.00018641924024887,1223,0,1,0,FALSE,FALSE
"ATF4+EIF2S1+KEAP1",3,1223,262084.916668235,262017.595239662,0.00025686876386799,1223,0,1,0,FALSE,FALSE
"ATF4+EIF2S1+TJP1",3,1223,262060.066668237,261930.354763473,0.000494970128081085,1223,0,1,0,FALSE,FALSE
"ATF4+EIF2S1+YWHAZ",3,1223,262056.283334903,261925.726192043,0.000498202680731419,1223,0,1,0,FALSE,FALSE
"ATF4+FABP4+RXRA",3,1223,262061.266668235,261987.000001566,0.000283394290247263,1223,0,1,0,FALSE,FALSE
"ATF4+FURIN+NRP1",3,1223,262097.566668235,262032.816668233,0.000247045406887914,1223,0,1,0,FALSE,FALSE
"ATF4+GJA1+ITPR1",3,1223,262022.316668234,261923.859525375,0.000375758615185573,1223,0,1,0,FALSE,FALSE
"ATF4+GJA1+SCN5A",3,1223,262066.650001568,261976.0833349,0.000345586386774066,1223,0,1,0,FALSE,FALSE
"ATF4+GJA1+TJP1",3,1223,262012.00000157,261877.428572997,0.000513607882738465,1223,0,1,0,FALSE,FALSE
"ATF4+GRIN2B+NTRK2",3,1223,261994.283334901,261847.98571585,0.000558400042890206,1223,0,1,0,FALSE,FALSE
"ATF4+GRIN2B+RASA1",3,1223,262021.650001568,261910.809525375,0.000423020296958954,1223,0,1,0,FALSE,FALSE
"ATF4+GSR+GSTP1",3,1223,262074.900001568,261495.057144415,0.00221250816903718,1222,0.000817661488143884,2,0.00163532297628777,FALSE,FALSE
"ATF4+GSR+KEAP1",3,1223,262069.883334901,261949.202382517,0.000460491495047233,1223,0,1,0,FALSE,FALSE
"ATF4+GSR+NQO1",3,1223,262064.250001568,261829.398811086,0.00089615882547811,1223,0,1,0,FALSE,FALSE
"ATF4+GSR+PRDX1",3,1223,262091.500001568,261989.066668233,0.000390830428819933,1223,0,1,0,FALSE,FALSE
"ATF4+GSR+SOD2",3,1223,262071.150001569,261893.569049184,0.000677605880631038,1223,0,1,0,FALSE,FALSE
"ATF4+GSTP1+PRDX1",3,1223,262061.783334902,261577.823811083,0.00184673826782289,1222,0.000817661488143884,2,0.00163532297628777,FALSE,FALSE
"ATF4+HNF4A+SOX2",3,1223,261989.016668236,261576.350001563,0.00157512964444484,1222,0.000817661488143884,2,0.00163532297628777,FALSE,FALSE
"ATF4+ITGA5+SPP1",3,1223,262039.816668236,261654.716668229,0.00146962398654948,1222,0.000817661488143884,2,0.00163532297628777,FALSE,FALSE
"ATF4+ITGA5+THBS1",3,1223,262041.716668236,261671.733334896,0.00141192531496004,1222,0.000817661488143884,2,0.00163532297628777,FALSE,FALSE
"ATF4+ITGA5+VWF",3,1223,262049.266668235,261684.850001562,0.00139064181062643,1222,0.000817661488143884,2,0.00163532297628777,FALSE,FALSE
"ATF4+ITPR1+ITPR3",3,1223,262017.783334901,261880.721430136,0.000523101535399584,1223,0,1,0,FALSE,FALSE
"ATF4+ITPR1+PRKCG",3,1223,262016.083334902,261939.709525376,0.000291485196455499,1223,0,1,0,FALSE,FALSE
"ATF4+ITPR3+NOS1",3,1223,262019.316668234,261900.650001566,0.000452892817892958,1223,0,1,0,FALSE,FALSE
"ATF4+ITPR3+PRKCG",3,1223,262027.783334902,261999.816668235,0.000106731684370365,1223,0,1,0,FALSE,FALSE
"ATF4+KEAP1+NQO1",3,1223,262029.516668234,261855.834525373,0.000662834267946888,1223,0,1,0,FALSE,FALSE
"ATF4+MAP3K5+YWHAZ",3,1223,261986.983334902,261868.033334899,0.000454030190693011,1223,0,1,0,FALSE,FALSE
"ATF4+MT-CYB+NCF2",3,1223,262084.716668235,262016.133334901,0.000261683833404858,1223,0,1,0,FALSE,FALSE
"ATF4+MT-CYB+RAC2",3,1223,262076.433334902,261995.766668234,0.000307798246647173,1223,0,1,0,FALSE,FALSE
"ATF4+NFATC1+TNFSF11",3,1223,262032.133334902,261976.800001567,0.000211170029531749,1223,0,1,0,FALSE,FALSE
"ATF4+NOS1+NOS2",3,1223,262011.066668234,261888.866668232,0.000466392513703062,1223,0,1,0,FALSE,FALSE
"ATF4+NPY+OPRM1",3,1223,262061.650001568,261497.669049178,0.00215209265600635,1222,0.000817661488143884,2,0.00163532297628777,FALSE,FALSE
"ATF4+OPRM1+TRPV1",3,1223,262088.933334902,261618.900001562,0.00179341160024993,1222,0.000817661488143884,2,0.00163532297628777,FALSE,FALSE
"ATF4+PLA2G2A+PLA2G4A",3,1223,262123.516668235,262023.29285871,0.000382353368364008,1223,0,1,0,TRUE,TRUE
"ATF4+PLA2G4A+PRKCG",3,1223,262062.383334902,262001.933334901,0.000230670267254873,1223,0,1,0,FALSE,FALSE
"ATF4+PLG+THBS1",3,1223,262046.10000157,261888.385715854,0.000601857023308949,1223,0,1,0,FALSE,FALSE
"ATF4+PLG+VWF",3,1223,262053.65000157,261898.635715853,0.000591536449561669,1223,0,1,0,FALSE,FALSE
"ATF4+POU5F1+SOX2",3,1223,261998.516668238,261612.333334897,0.00147399053342612,1222,0.000817661488143884,2,0.00163532297628777,FALSE,FALSE
"ATF4+PRDX1+SOD2",3,1223,262058.033334904,261963.135715854,0.000362124441833589,1223,0,1,0,FALSE,FALSE
"ATF4+PRKCZ+RAC2",3,1223,262055.333334904,261684.123811088,0.00141653107796802,1222,0.000817661488143884,2,0.00163532297628777,FALSE,FALSE
"ATF4+PRKCZ+TJP1",3,1223,262020.200001572,261585.319049183,0.00165972299992856,1222,0.000817661488143884,2,0.00163532297628777,FALSE,FALSE
"ATF4+RARA+RXRA",3,1223,262049.40000157,261920.066668232,0.000493545619021263,1223,0,1,0,FALSE,FALSE
"ATF4+SIRT3+SOD2",3,1223,262062.95000157,261951.269049187,0.000426160784584129,1223,0,1,0,FALSE,FALSE
"ATF4+SPP1+THBS1",3,1223,262015.916668238,261945.10000157,0.000270276201416952,1223,0,1,0,FALSE,FALSE
"ATF4+SPP1+TNFSF11",3,1223,262016.400001571,261945.183334903,0.000271802324845805,1223,0,1,0,FALSE,FALSE
"ATF4+SPP1+VWF",3,1223,262023.466668237,261958.183334903,0.000249150712204105,1223,0,1,0,FALSE,FALSE
"ATF4+THBS1+VWF",3,1223,262025.366668237,261974.15000157,0.000195464535814427,1223,0,1,0,FALSE,FALSE
"ATF4+VIM+YWHAZ",3,1223,261994.283334905,261880.983334903,0.000432452183918852,1223,0,1,0,FALSE,FALSE
"BAX+BGLAP+COL1A1",3,1223,262071.133334902,261963.5833349,0.000410384763224303,1223,0,1,0,FALSE,FALSE
"BAX+BGLAP+CTSK",3,1223,262086.283334902,261973.476192043,0.000430419865639631,1223,0,1,0,FALSE,FALSE
"BAX+BGLAP+SOX9",3,1223,262060.900001569,261975.450001567,0.000326069245742522,1223,0,1,0,TRUE,TRUE
"BAX+BGLAP+SPP1",3,1223,262045.800001569,261947.2333349,0.000376142898181886,1223,0,1,0,FALSE,FALSE
"BAX+BGLAP+TNFSF11",3,1223,262048.183334903,261969.066668234,0.000301916485975884,1223,0,1,0,FALSE,FALSE
"BAX+CALM1+FKBP1A",3,1223,262026.483334902,261890.133334899,0.000520367247872411,1223,0,1,0,FALSE,FALSE
"BAX+CALM1+HK2",3,1223,262042.400001568,261930.052382519,0.000428738322687416,1223,0,1,0,FALSE,FALSE
"BAX+CALM1+ITPR1",3,1223,262003.566668234,261912.642858709,0.000347032716698115,1223,0,1,0,FALSE,FALSE
"BAX+CALM1+NOS1",3,1223,262005.100001567,261865.850001566,0.000531478204052305,1223,0,1,0,FALSE,FALSE
"BAX+CALM1+NOS2",3,1223,262007.016668234,261961.900001567,0.000172196406191927,1223,0,1,0,FALSE,FALSE
"BAX+CALM1+SCN5A",3,1223,262047.900001568,261964.900001567,0.000316735986056971,1223,0,1,0,FALSE,FALSE
"BAX+CANX+CFTR",3,1223,262091.750001569,261647.235715848,0.00169602547855074,1222,0.000817661488143884,2,0.00163532297628777,FALSE,FALSE
"BAX+CANX+ITPR1",3,1223,262060.266668235,261980.952382519,0.000302656662623857,1223,0,1,0,FALSE,FALSE
"BAX+CANX+ITPR3",3,1223,262071.966668235,262038.059525377,0.000129381037159093,1223,0,1,0,TRUE,TRUE
"BAX+CD274+HK2",3,1223,262055.116668235,261952.469049186,0.000391702403504057,1223,0,1,0,FALSE,FALSE
"BAX+CDK5+HK2",3,1223,262055.183334902,261866.747620612,0.000719068830816405,1223,0,1,0,FALSE,FALSE
"BAX+CDK5+PRDX1",3,1223,262052.500001569,261937.495239661,0.00043886153311723,1223,0,1,0,FALSE,FALSE
"BAX+CEBPA+HK2",3,1223,262036.400001568,261919.002382519,0.000448020271416993,1223,0,1,0,FALSE,FALSE
"BAX+CEBPA+HNF4A",3,1223,261993.633334901,261919.6833349,0.000282258767359989,1223,0,1,0,FALSE,FALSE
"BAX+CEBPA+RARA",3,1223,262018.500001568,261926.900001566,0.000349593635572187,1223,0,1,0,FALSE,FALSE
"BAX+CFTR+TJP1",3,1223,262036.633334903,261513.130953944,0.00199782135153059,1222,0.000817661488143884,2,0.00163532297628777,FALSE,FALSE
"BAX+COL1A1+ITGA5",3,1223,262074.533334902,261669.833334896,0.00154421719217135,1222,0.000817661488143884,2,0.00163532297628777,FALSE,FALSE
"BAX+COL1A1+SOX9",3,1223,262063.833334902,261969.950001568,0.000358246050742195,1223,0,1,0,FALSE,FALSE
"BAX+COL1A1+SPP1",3,1223,262048.733334903,261944.616668235,0.000397317954347942,1223,0,1,0,FALSE,FALSE
"BAX+COL1A1+THBS1",3,1223,262050.633334903,261955.166668235,0.000364306185613117,1223,0,1,0,FALSE,FALSE
"BAX+COL1A1+VIM",3,1223,262047.066668236,261964.983334902,0.00031323889398216,1223,0,1,0,FALSE,FALSE
"BAX+CS+GSR",3,1223,262119.800001569,261956.535715851,0.000622861324159563,1223,0,1,0,FALSE,FALSE
"BAX+CS+SOD2",3,1223,262086.333334903,261933.871430138,0.000581723979365734,1223,0,1,0,FALSE,FALSE
"BAX+CTSK+NFATC1",3,1223,262079.616668235,261991.026192043,0.000338028868165696,1223,0,1,0,FALSE,FALSE
"BAX+CTSK+SPP1",3,1223,262063.883334903,261954.99285871,0.000415511190655415,1223,0,1,0,FALSE,FALSE
"BAX+CTSK+TNFSF11",3,1223,262066.266668236,261967.726192044,0.000376013584063917,1223,0,1,0,FALSE,FALSE
"BAX+CYP19A1+HK2",3,1223,262080.833334902,261863.152382515,0.000830587073524791,1223,0,1,0,FALSE,FALSE
"BAX+EGR1+HK2",3,1223,262048.333334902,261936.569049185,0.000426502562691611,1223,0,1,0,FALSE,FALSE
"BAX+EIF2AK2+EIF2S1",3,1223,262109.916668236,261723.250001563,0.00147520807906543,1222,0.000817661488143884,2,0.00163532297628777,TRUE,TRUE
"BAX+EIF2AK2+HK2",3,1223,262084.450001569,261957.278572995,0.000485230728388686,1223,0,1,0,FALSE,TRUE
"BAX+FKBP1A+HK2",3,1223,262077.216668235,261884.319049184,0.00073603353051388,1223,0,1,0,FALSE,FALSE
"BAX+GCK+HNF4A",3,1223,262060.900001568,261957.295239662,0.000395346127201823,1223,0,1,0,FALSE,FALSE
"BAX+GJA1+ITPR1",3,1223,262031.700001568,261925.959525375,0.000403540778432743,1223,0,1,0,FALSE,FALSE
"BAX+GJA1+SCN5A",3,1223,262076.033334902,261978.266668233,0.000373046956733569,1223,0,1,0,FALSE,FALSE
"BAX+GJA1+TJP1",3,1223,262021.383334903,261879.528572997,0.000541386203298133,1223,0,1,0,FALSE,FALSE
"BAX+GRIN2B+RASA1",3,1223,262031.033334902,261912.742858708,0.000451436895424484,1223,0,1,0,FALSE,FALSE
"BAX+GSR+KEAP1",3,1223,262079.266668235,261940.069049184,0.000531127932478004,1223,0,1,0,FALSE,FALSE
"BAX+GSR+NQO1",3,1223,262073.633334901,261821.098811086,0.000963601414616155,1223,0,1,0,TRUE,TRUE
"BAX+GSR+PRDX1",3,1223,262100.883334902,261979.933334899,0.00046146353443699,1223,0,1,0,TRUE,TRUE
"BAX+GSR+SOD2",3,1223,262080.533334902,261884.43571585,0.000748234203267972,1223,0,1,0,FALSE,FALSE
"BAX+HDAC6+HK2",3,1223,262053.833334902,261331.203572985,0.00275756226390833,1221,0.00163532297628777,2,0.00326796948289265,FALSE,FALSE
"BAX+HK2+HNF4A",3,1223,262050.366668235,261921.369049185,0.000492262692436296,1223,0,1,0,FALSE,FALSE
"BAX+HK2+ITPR1",3,1223,262054.300001568,261904.34523966,0.000572227824183646,1223,0,1,0,FALSE,FALSE
"BAX+HK2+ITPR3",3,1223,262066.000001568,261964.285715852,0.000388124692694669,1223,0,1,0,FALSE,TRUE
"BAX+HK2+KCNJ11",3,1223,262096.216668235,261364.123811078,0.00279322176589769,1221,0.00163532297628777,2,0.00326796948289265,TRUE,TRUE
"BAX+HK2+KEAP1",3,1223,262068.833334902,261948.371430137,0.000459657500022637,1223,0,1,0,FALSE,TRUE
"BAX+HK2+MAP3K5",3,1223,262049.300001568,261933.985715851,0.000440048058575337,1223,0,1,0,FALSE,FALSE
"BAX+HK2+MT-CYB",3,1223,262099.833334902,261949.835715852,0.000572291928392143,1223,0,1,0,FALSE,FALSE
"BAX+HK2+NANOG",3,1223,262063.866668235,261964.369049185,0.00037966935432443,1223,0,1,0,FALSE,FALSE
"BAX+HK2+NCF2",3,1223,262087.400001568,261988.219049186,0.000378427014737337,1223,0,1,0,FALSE,FALSE
"BAX+HK2+NOS1",3,1223,262055.833334901,261858.719049184,0.000752184308240311,1223,0,1,0,FALSE,FALSE
"BAX+HK2+NOS2",3,1223,262057.750001568,261954.702382518,0.000393224848526885,1223,0,1,0,FALSE,TRUE
"BAX+HK2+NQO1",3,1223,262063.200001568,261830.634525372,0.000887440419693908,1223,0,1,0,FALSE,TRUE
"BAX+HK2+NRP1",3,1223,262097.766668235,261974.285715852,0.000471125542019335,1223,0,1,0,FALSE,TRUE
"BAX+HK2+POU5F1",3,1223,262059.866668236,261962.035715853,0.000373315279545761,1223,0,1,0,FALSE,FALSE
"BAX+HK2+PRDX1",3,1223,262090.450001569,261992.169049186,0.000374988681893562,1223,0,1,0,FALSE,TRUE
"BAX+HK2+PRKCZ",3,1223,262078.733334903,261646.692858705,0.00164851405797073,1222,0.000817661488143884,2,0.00163532297628777,FALSE,TRUE
"BAX+HK2+RAC2",3,1223,262079.116668236,261963.419049186,0.000441460657073955,1223,0,1,0,FALSE,FALSE
"BAX+HK2+RARA",3,1223,262075.233334902,261931.019049184,0.000550278192575027,1223,0,1,0,FALSE,FALSE
"BAX+HK2+RASA1",3,1223,262086.033334902,261974.802382519,0.000424406256860133,1223,0,1,0,FALSE,TRUE
"BAX+HK2+SIRT3",3,1223,262095.366668235,261979.302382519,0.000442832268238824,1223,0,1,0,FALSE,TRUE
"BAX+HK2+SOD2",3,1223,262070.100001569,261895.30476347,0.000666978942266305,1223,0,1,0,FALSE,FALSE
"BAX+HK2+SOX2",3,1223,262041.166668236,261575.202382514,0.00177821023943081,1222,0.000817661488143884,2,0.00163532297628777,FALSE,FALSE
"BAX+HK2+TH",3,1223,262058.550001569,261862.18571585,0.000749314554773783,1223,0,1,0,FALSE,FALSE
"BAX+HK2+THBS1",3,1223,262060.166668236,261943.969049186,0.000443400538613359,1223,0,1,0,FALSE,FALSE
"BAX+HK2+TJP1",3,1223,262043.983334903,261861.080953948,0.000697983516459777,1223,0,1,0,FALSE,FALSE
"BAX+HK2+TNFSF11",3,1223,262060.650001569,261944.019049186,0.000445053282065455,1223,0,1,0,FALSE,FALSE
"BAX+HK2+TYMS",3,1223,262108.300001569,261973.988096804,0.000512429040834039,1223,0,1,0,TRUE,TRUE
"BAX+HK2+VIM",3,1223,262056.600001569,261945.90238252,0.000422418741024666,1223,0,1,0,FALSE,FALSE
"BAX+HK2+XIAP",3,1223,262058.95000157,261945.745239663,0.000431982047956025,1223,0,1,0,FALSE,FALSE
"BAX+HK2+YWHAZ",3,1223,262040.20000157,261856.035715852,0.000702809285434314,1223,0,1,0,FALSE,FALSE
"BAX+HNF4A+NANOG",3,1223,262021.100001568,261965.416668233,0.000212514691886101,1223,0,1,0,FALSE,FALSE
"BAX+HNF4A+SOX2",3,1223,261998.400001569,261578.450001562,0.00160287238396939,1222,0.000817661488143884,2,0.00163532297628777,FALSE,FALSE
"BAX+ITGA5+SPP1",3,1223,262049.200001569,261656.900001562,0.00149704711941312,1222,0.000817661488143884,2,0.00163532297628777,FALSE,FALSE
"BAX+ITGA5+THBS1",3,1223,262051.100001569,261673.833334896,0.00143966831915909,1222,0.000817661488143884,2,0.00163532297628777,FALSE,FALSE
"BAX+ITPR1+ITPR3",3,1223,262027.166668234,261882.821430136,0.00055087890287675,1223,0,1,0,TRUE,TRUE
"BAX+ITPR1+PRKCG",3,1223,262025.466668235,261941.726192043,0.000319589073753179,1223,0,1,0,FALSE,FALSE
"BAX+ITPR3+NOS1",3,1223,262028.700001567,261902.750001566,0.000480672537019666,1223,0,1,0,FALSE,FALSE
"BAX+ITPR3+PRKCG",3,1223,262037.166668235,262001.833334901,0.000134840922695778,1223,0,1,0,FALSE,FALSE
"BAX+KCNJ11+XIAP",3,1223,262062.033334903,261390.521430127,0.00256241583807604,1221,0.00163532297628777,2,0.00326796948289265,FALSE,FALSE
"BAX+KEAP1+NQO1",3,1223,262038.900001567,261858.234525372,0.000689460519769813,1223,0,1,0,TRUE,TRUE
"BAX+MAP3K5+YWHAZ",3,1223,261996.366668235,261870.050001566,0.000482131367987804,1223,0,1,0,FALSE,FALSE
"BAX+MB+MT-CYB",3,1223,262107.266668235,262023.416668234,0.000319907193216618,1223,0,1,0,FALSE,TRUE
"BAX+MT-CYB+NCF2",3,1223,262094.100001568,262018.066668234,0.000290099370165886,1223,0,1,0,FALSE,FALSE
"BAX+MT-CYB+RAC2",3,1223,262085.816668236,261997.700001567,0.000336213030481147,1223,0,1,0,FALSE,FALSE
"BAX+NANOG+SOX2",3,1223,262011.900001569,261616.016668229,0.00151093646257061,1222,0.000817661488143884,2,0.00163532297628777,FALSE,FALSE
"BAX+NFATC1+TNFSF11",3,1223,262041.516668235,261978.850001567,0.000239147855137456,1223,0,1,0,FALSE,FALSE
"BAX+NOS1+NOS2",3,1223,262020.450001567,261890.966668232,0.000494172624061484,1223,0,1,0,FALSE,FALSE
"BAX+POU5F1+SOX2",3,1223,262007.900001572,261614.433334897,0.00150173588915392,1222,0.000817661488143884,2,0.00163532297628777,FALSE,FALSE
"BAX+PRDX1+SOD2",3,1223,262067.416668237,261964.902382521,0.000391175244216613,1223,0,1,0,TRUE,TRUE
"BAX+PRKCZ+RAC2",3,1223,262064.716668237,261686.357144421,0.00144376369557386,1222,0.000817661488143884,2,0.00163532297628777,FALSE,FALSE
"BAX+PRKCZ+TJP1",3,1223,262029.583334905,261587.469049183,0.00168726859042112,1222,0.000817661488143884,2,0.00163532297628777,FALSE,FALSE
"BAX+SIRT3+SOD2",3,1223,262072.333334904,261953.169049187,0.000454699983780782,1223,0,1,0,TRUE,TRUE
"BAX+SPP1+THBS1",3,1223,262025.300001571,261947.366668236,0.000297426749761742,1223,0,1,0,FALSE,FALSE
"BAX+SPP1+TNFSF11",3,1223,262025.783334904,261947.450001569,0.000298952768457261,1223,0,1,0,FALSE,FALSE
"BAX+VIM+YWHAZ",3,1223,262003.666668239,261883.000001569,0.000460553351042226,1223,0,1,0,FALSE,FALSE
"BGLAP+CDK5+FURIN",3,1223,262075.333334902,261923.195239659,0.000580512836925839,1223,0,1,0,FALSE,FALSE
"BGLAP+CDK5+SOX9",3,1223,262046.383334902,261893.078572993,0.000585029108044588,1223,0,1,0,FALSE,FALSE
"BGLAP+CDK5+TNFSF11",3,1223,262033.666668236,261886.478572994,0.000561714443466754,1223,0,1,0,FALSE,FALSE
"BGLAP+CEBPA+COL1A1",3,1223,262037.833334902,261933.016668234,0.000400005851575069,1223,0,1,0,FALSE,FALSE
"BGLAP+CEBPA+COL1A2",3,1223,262055.916668235,261998.016668234,0.000220945211760304,1223,0,1,0,FALSE,FALSE
"BGLAP+CEBPA+CTSK",3,1223,262052.983334902,261943.276192043,0.000418644891818531,1223,0,1,0,FALSE,FALSE
"BGLAP+CEBPA+FABP4",3,1223,262041.333334901,261962.1833349,0.000302051584742502,1223,0,1,0,FALSE,FALSE
"BGLAP+CEBPA+FURIN",3,1223,262056.550001568,261975.783334899,0.000308203197624368,1223,0,1,0,FALSE,FALSE
"BGLAP+CEBPA+HNF4A",3,1223,262004.600001568,261917.200001566,0.000333581929482407,1223,0,1,0,FALSE,FALSE
"BGLAP+CEBPA+LPL",3,1223,262020.700001568,261845.226192042,0.000669694453625191,1223,0,1,0,FALSE,FALSE
"BGLAP+CEBPA+RARA",3,1223,262029.466668235,261924.183334899,0.000401799594050178,1223,0,1,0,FALSE,FALSE
"BGLAP+CEBPA+RXRA",3,1223,262030.916668235,261936.650001566,0.000359753985780364,1223,0,1,0,FALSE,FALSE
"BGLAP+CEBPA+SOX9",3,1223,262027.600001568,261945.250001567,0.000314279869758738,1223,0,1,0,FALSE,FALSE
"BGLAP+CEBPA+SPP1",3,1223,262012.500001569,261917.166668234,0.000363850325212245,1223,0,1,0,FALSE,FALSE
"BGLAP+CEBPA+TNFSF11",3,1223,262014.883334902,261938.866668234,0.000290123468181913,1223,0,1,0,FALSE,FALSE
"BGLAP+COL1A1+EGR1",3,1223,262049.766668235,261950.466668234,0.000378935655100165,1223,0,1,0,FALSE,FALSE
"BGLAP+COL1A1+ESRRA",3,1223,262104.066668235,262001.850001567,0.000389985046653663,1223,0,1,0,FALSE,FALSE
"BGLAP+COL1A1+F2",3,1223,262081.666668235,261961.000001566,0.00046041628246074,1223,0,1,0,FALSE,FALSE
"BGLAP+COL1A1+FABP4",3,1223,262088.533334902,261982.116668234,0.000406033279342077,1223,0,1,0,FALSE,FALSE
"BGLAP+COL1A1+FASN",3,1223,262080.633334902,261906.992858709,0.000662546003431297,1223,0,1,0,FALSE,FALSE
"BGLAP+COL1A1+GCK",3,1223,262105.100001568,261965.978572995,0.000530784897250114,1223,0,1,0,FALSE,FALSE
"BGLAP+COL1A1+GJA1",3,1223,262071.966668235,261953.233334901,0.00045305621522207,1223,0,1,0,FALSE,FALSE
"BGLAP+COL1A1+HDAC6",3,1223,262055.266668235,261345.244049176,0.0027094384634454,1221,0.00163532297628777,2,0.00326796948289265,FALSE,FALSE
"BGLAP+COL1A1+HNF4A",3,1223,262051.800001568,261936.650001567,0.000439416939707171,1223,0,1,0,FALSE,FALSE
"BGLAP+COL1A1+LPL",3,1223,262067.900001568,261856.792858709,0.000805543688709665,1223,0,1,0,FALSE,FALSE
"BGLAP+COL1A1+NANOG",3,1223,262065.300001568,261978.4333349,0.000331469548495389,1223,0,1,0,FALSE,FALSE
"BGLAP+COL1A1+NFATC1",3,1223,262075.433334902,261976.9833349,0.000375655202581981,1223,0,1,0,FALSE,FALSE
"BGLAP+COL1A1+NRP1",3,1223,262099.200001569,261987.950001567,0.00042445760994736,1223,0,1,0,FALSE,FALSE
"BGLAP+COL1A1+NTRK1",3,1223,262061.566668235,261969.100001567,0.000352843294969096,1223,0,1,0,FALSE,FALSE
"BGLAP+COL1A1+NTRK2",3,1223,262060.100001568,261929.176192042,0.000499594595000041,1223,0,1,0,FALSE,FALSE
"BGLAP+COL1A1+PLG",3,1223,262089.883334902,261879.969049185,0.000800924793609825,1223,0,1,0,FALSE,FALSE
"BGLAP+COL1A1+POU5F1",3,1223,262061.300001569,261976.100001568,0.000325114772767421,1223,0,1,0,FALSE,FALSE
"BGLAP+COL1A1+RXRA",3,1223,262078.116668236,261956.400001567,0.00046442895811516,1223,0,1,0,FALSE,FALSE
"BGLAP+COL1A1+SOX2",3,1223,262042.60000157,261589.350001562,0.00172968059393597,1222,0.000817661488143884,2,0.00163532297628777,FALSE,FALSE
"BGLAP+COL1A1+SYK",3,1223,262070.166668236,261971.783334901,0.00037540836710015,1223,0,1,0,FALSE,FALSE
"BGLAP+COL1A1+TJP1",3,1223,262045.416668237,261875.26190633,0.000649333096797378,1223,0,1,0,FALSE,FALSE
"BGLAP+COL1A1+YWHAZ",3,1223,262041.633334903,261870.950001567,0.000651359599480705,1223,0,1,0,FALSE,FALSE
"BGLAP+COL1A2+EGR1",3,1223,262067.850001568,262015.366668234,0.000200266203329469,1223,0,1,0,FALSE,FALSE
"BGLAP+COL1A2+F2",3,1223,262099.750001568,262026.0833349,0.000281063475520149,1223,0,1,0,FALSE,FALSE
"BGLAP+COL1A2+FABP4",3,1223,262106.616668235,262047.066668234,0.000227197621938124,1223,0,1,0,FALSE,FALSE
"BGLAP+COL1A2+FASN",3,1223,262098.716668235,261971.526192042,0.000485276989561578,1223,0,1,0,FALSE,FALSE
"BGLAP+COL1A2+GJA1",3,1223,262090.050001569,262018.800001567,0.000271853128345434,1223,0,1,0,FALSE,FALSE
"BGLAP+COL1A2+HNF4A",3,1223,262069.883334902,262001.6833349,0.000260235930712782,1223,0,1,0,FALSE,FALSE
"BGLAP+COL1A2+LPL",3,1223,262085.983334901,261921.559525375,0.000627365902724608,1223,0,1,0,FALSE,FALSE
"BGLAP+COL1A2+NANOG",3,1223,262083.383334902,262043.250001567,0.000153131926273531,1223,0,1,0,FALSE,FALSE
"BGLAP+COL1A2+NRP1",3,1223,262117.283334902,262052.850001567,0.000245818713346169,1223,0,1,0,TRUE,TRUE
"BGLAP+COL1A2+NTRK1",3,1223,262079.650001568,262034.000001567,0.000174183688053775,1223,0,1,0,FALSE,FALSE
"BGLAP+COL1A2+PLG",3,1223,262107.966668235,261945.652382518,0.000619264983741319,1223,0,1,0,FALSE,FALSE
"BGLAP+COL1A2+POU5F1",3,1223,262079.383334903,262040.916668235,0.000146774867134547,1223,0,1,0,FALSE,FALSE
"BGLAP+COL1A2+SOX2",3,1223,262060.683334903,261654.116668229,0.00155142183672874,1222,0.000817661488143884,2,0.00163532297628777,FALSE,FALSE
"BGLAP+COL1A2+SYK",3,1223,262088.250001569,262036.683334901,0.000196753065684674,1223,0,1,0,FALSE,FALSE
"BGLAP+COL1A2+THBS1",3,1223,262079.683334903,262020.633334902,0.000225313153808027,1223,0,1,0,FALSE,FALSE
"BGLAP+COL1A2+TJP1",3,1223,262063.50000157,261940.16190633,0.000470642020881318,1223,0,1,0,FALSE,FALSE
"BGLAP+COL1A2+VIM",3,1223,262076.116668236,262024.733334902,0.000196062632443983,1223,0,1,0,FALSE,FALSE
"BGLAP+COL1A2+VWF",3,1223,262087.233334902,262034.650001568,0.00020063294448025,1223,0,1,0,FALSE,FALSE
"BGLAP+CTSK+EGR1",3,1223,262064.916668235,261960.709525376,0.000397638662144484,1223,0,1,0,FALSE,FALSE
"BGLAP+CTSK+ESRRA",3,1223,262119.216668235,262011.84285871,0.000409637305078814,1223,0,1,0,TRUE,TRUE
"BGLAP+CTSK+HCRT",3,1223,262124.266668235,261990.980953947,0.000508482926749876,1223,0,1,0,TRUE,TRUE
"BGLAP+CTSK+HDAC6",3,1223,262070.416668235,261355.153572985,0.002729278276973,1221,0.00163532297628777,2,0.00326796948289265,FALSE,FALSE
"BGLAP+CTSK+HNF4A",3,1223,262066.950001568,261946.842858709,0.000458307096176891,1223,0,1,0,FALSE,FALSE
"BGLAP+CTSK+ITGA5",3,1223,262100.650001568,261676.909525371,0.00161670898639454,1222,0.000817661488143884,2,0.00163532297628777,FALSE,TRUE
"BGLAP+CTSK+NPY",3,1223,262074.366668234,261457.145239654,0.00235513849151681,1222,0.000817661488143884,2,0.00163532297628777,FALSE,FALSE
"BGLAP+CTSK+NTRK1",3,1223,262076.716668235,261979.259525376,0.000371864941296041,1223,0,1,0,FALSE,FALSE
"BGLAP+CTSK+PLG",3,1223,262105.033334902,261890.84523966,0.000817184212436928,1223,0,1,0,FALSE,FALSE
"BGLAP+CTSK+RARA",3,1223,262091.816668236,261954.576192042,0.000523635105966425,1223,0,1,0,FALSE,FALSE
"BGLAP+CTSK+SYK",3,1223,262085.316668236,261981.94285871,0.000394428084867782,1223,0,1,0,FALSE,FALSE
"BGLAP+CTSK+TAC1",3,1223,262085.333334902,261611.826192037,0.00180669073251782,1222,0.000817661488143884,2,0.00163532297628777,FALSE,FALSE
"BGLAP+CTSK+TH",3,1223,262075.133334902,261888.809525374,0.000710955698684956,1223,0,1,0,FALSE,FALSE
"BGLAP+CTSK+THBS1",3,1223,262076.750001569,261967.626192044,0.000416381115550979,1223,0,1,0,FALSE,FALSE
"BGLAP+CTSK+VIM",3,1223,262073.183334903,261969.99285871,0.000393746795758543,1223,0,1,0,FALSE,FALSE
"BGLAP+CTSK+VWF",3,1223,262084.300001569,261979.909525377,0.000398308773901013,1223,0,1,0,FALSE,FALSE
"BGLAP+DLG1+GRIN2B",3,1223,262058.066668235,261917.176192041,0.000537630754837926,1223,0,1,0,FALSE,FALSE
"BGLAP+DLG1+SOX9",3,1223,262093.300001569,262014.450001567,0.000300847064772181,1223,0,1,0,FALSE,TRUE
"BGLAP+EGR1+SOX9",3,1223,262039.533334902,261962.600001567,0.000293594376222006,1223,0,1,0,FALSE,FALSE
"BGLAP+EGR1+SPP1",3,1223,262024.433334902,261934.516668233,0.000343161382029056,1223,0,1,0,FALSE,FALSE
"BGLAP+EGR1+TNFSF11",3,1223,262026.816668235,261956.216668234,0.00026943807087898,1223,0,1,0,FALSE,FALSE
"BGLAP+EIF2AK2+EIF2S1",3,1223,262120.883334902,261721.233334896,0.00152467821304947,1222,0.000817661488143884,2,0.00163532297628777,TRUE,TRUE
"BGLAP+EIF2AK2+FURIN",3,1223,262104.600001568,262013.509525376,0.000347534824616469,1223,0,1,0,FALSE,FALSE
"BGLAP+EIF2AK2+SPP1",3,1223,262060.550001569,261954.89285871,0.000403178360339873,1223,0,1,0,FALSE,FALSE
"BGLAP+EIF2AK2+TNFSF11",3,1223,262062.933334903,261976.59285871,0.000329464663674228,1223,0,1,0,FALSE,FALSE
"BGLAP+ESRRA+NCOA2",3,1223,262119.850001569,262057.900001567,0.000236342268627454,1223,0,1,0,FALSE,TRUE
"BGLAP+ESRRA+SOX9",3,1223,262093.833334902,262013.950001567,0.000304789060920907,1223,0,1,0,FALSE,TRUE
"BGLAP+ESRRA+SPP1",3,1223,262078.733334903,261985.7333349,0.000354855194921289,1223,0,1,0,FALSE,FALSE
"BGLAP+ESRRA+TNFSF11",3,1223,262081.116668236,262007.350001567,0.00028146501971027,1223,0,1,0,FALSE,FALSE
"BGLAP+F2+PLG",3,1223,262086.516668235,261885.069049183,0.000768630227958811,1223,0,1,0,FALSE,FALSE
"BGLAP+F2+SPP1",3,1223,262056.333334902,261945.150001566,0.00042427264367606,1223,0,1,0,FALSE,FALSE
"BGLAP+F2+TNFSF11",3,1223,262058.716668235,261966.850001566,0.00035055756907143,1223,0,1,0,FALSE,FALSE
"BGLAP+F2+VWF",3,1223,262065.783334902,261977.166668233,0.000338146649826898,1223,0,1,0,FALSE,FALSE
"BGLAP+FABP4+FASN",3,1223,262084.133334901,261937.009525375,0.000561360993717952,1223,0,1,0,FALSE,FALSE
"BGLAP+FABP4+LPL",3,1223,262071.400001568,261886.942858707,0.000703843085736233,1223,0,1,0,FALSE,FALSE
"BGLAP+FABP4+RXRA",3,1223,262081.616668235,261987.116668232,0.000360574698844429,1223,0,1,0,FALSE,FALSE
"BGLAP+FABP4+SOX9",3,1223,262078.300001568,261994.300001566,0.000320514899561197,1223,0,1,0,FALSE,TRUE
"BGLAP+FASN+SOX9",3,1223,262070.400001568,261918.842858708,0.000578306984913457,1223,0,1,0,FALSE,FALSE
"BGLAP+FGF23+HDAC6",3,1223,262089.000001568,261412.060715842,0.00258286034790567,1221,0.00163532297628777,2,0.00326796948289265,FALSE,FALSE
"BGLAP+FGF23+ITGA5",3,1223,262119.233334902,261733.766668228,0.00147057757559232,1222,0.000817661488143884,2,0.00163532297628777,TRUE,TRUE
"BGLAP+FGF23+NANOG",3,1223,262099.033334901,262045.5833349,0.000203930549919962,1223,0,1,0,FALSE,FALSE
"BGLAP+FGF23+NCOA2",3,1223,262134.550001569,262074.116668234,0.000230543182249354,1223,0,1,0,FALSE,TRUE
"BGLAP+FGF23+NPPA",3,1223,262131.200001569,262061.166668233,0.000267169010536361,1223,0,1,0,FALSE,TRUE
"BGLAP+FGF23+NRP1",3,1223,262132.933334902,262055.2833349,0.000296223748059488,1223,0,1,0,TRUE,TRUE
"BGLAP+FGF23+NTRK1",3,1223,262095.300001568,262036.166668233,0.000225617679273871,1223,0,1,0,FALSE,FALSE
"BGLAP+FGF23+NTRK2",3,1223,262093.833334902,261995.976192042,0.000373366826736832,1223,0,1,0,FALSE,FALSE
"BGLAP+FGF23+POU5F1",3,1223,262095.033334903,262043.250001568,0.000197574645639076,1223,0,1,0,FALSE,FALSE
"BGLAP+FGF23+RXRA",3,1223,262111.850001569,262023.3833349,0.000337514945123352,1223,0,1,0,FALSE,FALSE
"BGLAP+FGF23+SOX2",3,1223,262076.333334903,261656.550001562,0.00160175979265009,1222,0.000817661488143884,2,0.00163532297628777,FALSE,FALSE
"BGLAP+FGF23+THBS1",3,1223,262095.333334903,262024.616668234,0.000269812765334776,1223,0,1,0,FALSE,FALSE
"BGLAP+FGF23+TJP1",3,1223,262079.15000157,261942.328572996,0.000522061478653191,1223,0,1,0,FALSE,FALSE
"BGLAP+FGF23+VWF",3,1223,262102.883334902,262036.900001567,0.000251745927002611,1223,0,1,0,FALSE,FALSE
"BGLAP+FGF23+YWHAZ",3,1223,262075.366668237,261938.150001566,0.000523577123690666,1223,0,1,0,FALSE,FALSE
"BGLAP+FURIN+HNF4A",3,1223,262070.516668235,261979.283334899,0.000348125132486277,1223,0,1,0,FALSE,FALSE
"BGLAP+FURIN+ITGA5",3,1223,262104.216668235,261709.283334894,0.00150677977775848,1222,0.000817661488143884,2,0.00163532297628777,FALSE,TRUE
"BGLAP+FURIN+NANOG",3,1223,262084.016668235,262021.016668233,0.000240380931286865,1223,0,1,0,FALSE,FALSE
"BGLAP+FURIN+NPPA",3,1223,262116.183334902,262036.850001566,0.000302664766159366,1223,0,1,0,TRUE,TRUE
"BGLAP+FURIN+NPY",3,1223,262077.933334901,261490.969049177,0.00223965550344007,1222,0.000817661488143884,2,0.00163532297628777,FALSE,FALSE
"BGLAP+FURIN+NQO1",3,1223,262083.350001568,261878.853572991,0.000780272491843537,1223,0,1,0,FALSE,FALSE
"BGLAP+FURIN+NTRK1",3,1223,262080.283334901,262011.683334899,0.00026175185378019,1223,0,1,0,FALSE,FALSE
"BGLAP+FURIN+PLG",3,1223,262108.600001568,261922.68571585,0.000709302501777143,1223,0,1,0,FALSE,FALSE
"BGLAP+FURIN+POU5F1",3,1223,262080.016668236,262018.600001567,0.000234343188196928,1223,0,1,0,FALSE,FALSE
"BGLAP+FURIN+SOX2",3,1223,262061.316668236,261631.800001561,0.00163899301177151,1222,0.000817661488143884,2,0.00163532297628777,FALSE,FALSE
"BGLAP+FURIN+SYK",3,1223,262088.883334902,262014.366668233,0.000284318303472753,1223,0,1,0,FALSE,FALSE
"BGLAP+FURIN+TAC1",3,1223,262088.900001569,261644.333334893,0.00169624378091771,1222,0.000817661488143884,2,0.00163532297628777,FALSE,FALSE
"BGLAP+FURIN+THBS1",3,1223,262080.316668236,262000.050001567,0.000306267436217311,1223,0,1,0,FALSE,FALSE
"BGLAP+FURIN+TJP1",3,1223,262064.133334903,261917.845239662,0.00055821486664176,1223,0,1,0,FALSE,FALSE
"BGLAP+FURIN+VWF",3,1223,262087.866668235,262012.066668233,0.000289215983044211,1223,0,1,0,FALSE,FALSE
"BGLAP+GCK+HNF4A",3,1223,262071.866668235,261955.578572994,0.000443725977605891,1223,0,1,0,FALSE,FALSE
"BGLAP+GCK+SOX9",3,1223,262094.866668235,261976.911906328,0.00045004605930199,1223,0,1,0,FALSE,TRUE
"BGLAP+GCK+TNFSF11",3,1223,262082.150001569,261970.395239662,0.000426411191707055,1223,0,1,0,FALSE,FALSE
"BGLAP+GJA1+SOX9",3,1223,262061.733334902,261955.585715852,0.00040504814533171,1223,0,1,0,FALSE,FALSE
"BGLAP+GJA1+SPP1",3,1223,262046.633334903,261937.950001567,0.000414748062023795,1223,0,1,0,FALSE,FALSE
"BGLAP+GJA1+TJP1",3,1223,262032.35000157,261877.211906329,0.000592057031276849,1223,0,1,0,FALSE,FALSE
"BGLAP+GJA1+TNFSF11",3,1223,262049.016668236,261959.566668234,0.000341348352073223,1223,0,1,0,FALSE,FALSE
"BGLAP+GRIN2B+NTRK2",3,1223,262014.633334901,261848.102382516,0.000635578823463878,1223,0,1,0,FALSE,FALSE
"BGLAP+GRIN2B+SOX9",3,1223,262029.333334901,261884.192858707,0.000553909267894115,1223,0,1,0,FALSE,FALSE
"BGLAP+GRIN2B+TNFSF11",3,1223,262016.616668235,261877.726192041,0.000530082702236423,1223,0,1,0,FALSE,FALSE
"BGLAP+HCRT+SOX9",3,1223,262098.883334902,261992.904763471,0.000404345757152647,1223,0,1,0,FALSE,TRUE
"BGLAP+HCRT+TNFSF11",3,1223,262086.166668235,261986.521430138,0.000380200295819977,1223,0,1,0,TRUE,TRUE
"BGLAP+HDAC6+SOX9",3,1223,262045.033334902,261357.044049175,0.00262546203212188,1221,0.00163532297628777,2,0.00326796948289265,FALSE,FALSE
"BGLAP+HDAC6+SPP1",3,1223,262029.933334902,261328.960715842,0.0026751623760648,1221,0.00163532297628777,2,0.00326796948289265,FALSE,FALSE
"BGLAP+HDAC6+TNFSF11",3,1223,262032.316668236,261350.577382509,0.00260173742840308,1221,0.00163532297628777,2,0.00326796948289265,FALSE,FALSE
"BGLAP+HNF4A+NANOG",3,1223,262032.066668235,261962.9333349,0.000263835393178868,1223,0,1,0,FALSE,FALSE
"BGLAP+HNF4A+NCOA2",3,1223,262067.583334902,261993.750001567,0.000281733942044005,1223,0,1,0,FALSE,FALSE
"BGLAP+HNF4A+NR1H4",3,1223,262065.450001568,261960.892858709,0.000398973397136237,1223,0,1,0,FALSE,FALSE
"BGLAP+HNF4A+SOX2",3,1223,262009.366668236,261576.050001562,0.00165382128197933,1222,0.000817661488143884,2,0.00163532297628777,FALSE,FALSE
"BGLAP+HNF4A+SOX9",3,1223,262041.566668235,261949.000001566,0.000353251844146696,1223,0,1,0,FALSE,FALSE
"BGLAP+HNF4A+SPP1",3,1223,262026.466668235,261920.8333349,0.000403139937269481,1223,0,1,0,FALSE,FALSE
"BGLAP+HNF4A+TNFSF11",3,1223,262028.850001569,261942.616668233,0.000329098621525081,1223,0,1,0,FALSE,FALSE
"BGLAP+ITGA5+SOX9",3,1223,262075.266668235,261678.833334895,0.00151266976994868,1222,0.000817661488143884,2,0.00163532297628777,TRUE,TRUE
"BGLAP+ITGA5+THBS1",3,1223,262062.066668236,261671.383334896,0.00149080459567097,1222,0.000817661488143884,2,0.00163532297628777,FALSE,FALSE
"BGLAP+ITGA5+TNFSF11",3,1223,262062.550001569,261672.450001562,0.00148857591443208,1222,0.000817661488143884,2,0.00163532297628777,FALSE,FALSE
"BGLAP+ITGA5+VWF",3,1223,262069.616668235,261684.383334895,0.0014699656459134,1222,0.000817661488143884,2,0.00163532297628777,FALSE,FALSE
"BGLAP+KCNJ11+SOX9",3,1223,262087.416668235,261390.788096792,0.00265800083155032,1221,0.00163532297628777,2,0.00326796948289265,FALSE,TRUE
"BGLAP+LPL+SOX9",3,1223,262057.666668235,261868.976192041,0.000720034176418971,1223,0,1,0,FALSE,FALSE
"BGLAP+LPL+SPP1",3,1223,262042.566668235,261841.142858708,0.000768668281982743,1223,0,1,0,FALSE,FALSE
"BGLAP+LPL+TNFSF11",3,1223,262044.950001568,261862.626192041,0.000695773032550306,1223,0,1,0,FALSE,FALSE
"BGLAP+MB+SOX9",3,1223,262091.766668235,262018.716668234,0.000278719171267205,1223,0,1,0,FALSE,TRUE
"BGLAP+MB+SPP1",3,1223,262076.666668236,261990.6333349,0.000328275441034864,1223,0,1,0,FALSE,FALSE
"BGLAP+NANOG+POU5F1",3,1223,262041.566668235,261995.250001567,0.000176753128356633,1223,0,1,0,FALSE,FALSE
"BGLAP+NANOG+SOX2",3,1223,262022.866668236,261613.700001562,0.00156156854505285,1222,0.000817661488143884,2,0.00163532297628777,FALSE,FALSE
"BGLAP+NANOG+SOX9",3,1223,262055.066668235,261990.4833349,0.000246449473983001,1223,0,1,0,FALSE,FALSE
"BGLAP+NANOG+SPP1",3,1223,262039.966668235,261962.400001567,0.000296010824817339,1223,0,1,0,FALSE,FALSE
"BGLAP+NCOA2+NR1H4",3,1223,262114.466668235,262030.576192043,0.000320052827523676,1223,0,1,0,FALSE,FALSE
"BGLAP+NCOA2+RARA",3,1223,262092.450001569,261999.116668233,0.000356108439353409,1223,0,1,0,FALSE,FALSE
"BGLAP+NCOA2+RXRA",3,1223,262093.900001569,262007.466668233,0.000329780026681714,1223,0,1,0,FALSE,FALSE
"BGLAP+NFATC1+SOX9",3,1223,262065.200001568,261988.7833349,0.000291594102032389,1223,0,1,0,FALSE,TRUE
"BGLAP+NFATC1+SPP1",3,1223,262050.100001569,261960.7833349,0.000340838132357635,1223,0,1,0,FALSE,FALSE
"BGLAP+NPPA+SOX9",3,1223,262087.233334902,262006.2333349,0.00030905740417464,1223,0,1,0,FALSE,TRUE
"BGLAP+NPY+SOX9",3,1223,262048.983334901,261459.885715844,0.00224804390217559,1222,0.000817661488143884,2,0.00163532297628777,FALSE,FALSE
"BGLAP+NPY+SPP1",3,1223,262033.883334901,261431.902382511,0.00229734011773342,1222,0.000817661488143884,2,0.00163532297628777,FALSE,FALSE
"BGLAP+NPY+TNFSF11",3,1223,262036.266668235,261453.069049177,0.00222563703289114,1222,0.000817661488143884,2,0.00163532297628777,FALSE,FALSE
"BGLAP+NQO1+SPP1",3,1223,262039.300001568,261820.520239659,0.000834912022388168,1223,0,1,0,FALSE,FALSE
"BGLAP+NQO1+TNFSF11",3,1223,262041.683334902,261842.353572992,0.000760679596362723,1223,0,1,0,FALSE,FALSE
"BGLAP+NR1H4+RXRA",3,1223,262091.766668235,261977.276192042,0.000436833547458937,1223,0,1,0,FALSE,FALSE
"BGLAP+NR1H4+SOX9",3,1223,262088.450001569,261987.709525376,0.00038437587078699,1223,0,1,0,FALSE,TRUE
"BGLAP+NRP1+NTRK1",3,1223,262075.733334901,262005.366668233,0.000268497452141414,1223,0,1,0,FALSE,FALSE
"BGLAP+NRP1+SPP1",3,1223,262073.866668236,261972.000001566,0.00038869448512513,1223,0,1,0,FALSE,FALSE
"BGLAP+NRP1+TNFSF11",3,1223,262076.250001569,261993.616668233,0.000315302639347204,1223,0,1,0,FALSE,FALSE
"BGLAP+NTRK1+NTRK2",3,1223,262036.633334901,261939.459525375,0.000370840551145113,1223,0,1,0,FALSE,FALSE
"BGLAP+NTRK1+SOX9",3,1223,262051.333334901,261981.2333349,0.000267504840023691,1223,0,1,0,FALSE,FALSE
"BGLAP+NTRK1+SPP1",3,1223,262036.233334902,261953.150001567,0.000317068110306518,1223,0,1,0,FALSE,FALSE
"BGLAP+NTRK1+TNFSF11",3,1223,262038.616668235,261974.850001567,0.000243348356357531,1223,0,1,0,FALSE,FALSE
"BGLAP+NTRK2+SOX9",3,1223,262049.866668235,261940.909525375,0.00041578782025331,1223,0,1,0,FALSE,FALSE
"BGLAP+NTRK2+SPP1",3,1223,262034.766668235,261912.959525375,0.000464851074568284,1223,0,1,0,FALSE,FALSE
"BGLAP+NTRK2+TAC1",3,1223,262045.250001568,261578.942858703,0.00177949091946061,1222,0.000817661488143884,2,0.00163532297628777,FALSE,FALSE
"BGLAP+NTRK2+TNFSF11",3,1223,262037.150001569,261934.659525376,0.000391129563851678,1223,0,1,0,FALSE,FALSE
"BGLAP+PLG+SOX9",3,1223,262079.65000157,261889.602382519,0.000725152140006791,1223,0,1,0,FALSE,FALSE
"BGLAP+PLG+SPP1",3,1223,262064.55000157,261864.502382519,0.000763352460490974,1223,0,1,0,FALSE,FALSE
"BGLAP+PLG+THBS1",3,1223,262066.45000157,261887.769049186,0.000681815441781808,1223,0,1,0,FALSE,FALSE
"BGLAP+PLG+TNFSF11",3,1223,262066.933334904,261886.335715853,0.000689127837505965,1223,0,1,0,FALSE,FALSE
"BGLAP+PLG+VWF",3,1223,262074.00000157,261897.819049186,0.000672256509165137,1223,0,1,0,FALSE,FALSE
"BGLAP+POU5F1+SOX2",3,1223,262018.866668238,261612.11666823,0.00155236912967383,1222,0.000817661488143884,2,0.00163532297628777,FALSE,FALSE
"BGLAP+POU5F1+SOX9",3,1223,262051.066668237,261988.150001569,0.000240093152331311,1223,0,1,0,FALSE,FALSE
"BGLAP+POU5F1+SPP1",3,1223,262035.966668238,261960.066668236,0.00028965489343602,1223,0,1,0,FALSE,FALSE
"BGLAP+POU5F1+TNFSF11",3,1223,262038.350001571,261981.85000157,0.000215617294190729,1223,0,1,0,FALSE,FALSE
"BGLAP+RARA+RXRA",3,1223,262069.75000157,261919.516668232,0.000573257055946796,1223,0,1,0,FALSE,FALSE
"BGLAP+RARA+SOX9",3,1223,262066.433334904,261956.250001567,0.000420440465933036,1223,0,1,0,FALSE,TRUE
"BGLAP+RARA+TNFSF11",3,1223,262053.716668237,261949.950001567,0.000395974794745957,1223,0,1,0,FALSE,FALSE
"BGLAP+RXRA+SOX9",3,1223,262067.883334904,261968.450001568,0.000379418233438344,1223,0,1,0,FALSE,FALSE
"BGLAP+SOX2+SOX9",3,1223,262032.366668238,261601.350001563,0.00164489857552874,1222,0.000817661488143884,2,0.00163532297628777,FALSE,FALSE
"BGLAP+SOX2+SPP1",3,1223,262017.266668238,261573.266668229,0.00169454481246467,1222,0.000817661488143884,2,0.00163532297628777,FALSE,FALSE
"BGLAP+SOX2+TNFSF11",3,1223,262019.650001571,261595.100001563,0.00162029832497634,1222,0.000817661488143884,2,0.00163532297628777,FALSE,FALSE
"BGLAP+SOX9+SYK",3,1223,262059.933334904,261983.916668236,0.000290073593856022,1223,0,1,0,FALSE,FALSE
"BGLAP+SOX9+TAC1",3,1223,262059.95000157,261613.616668229,0.00170317262648656,1222,0.000817661488143884,2,0.00163532297628777,FALSE,FALSE
"BGLAP+SOX9+TH",3,1223,262049.75000157,261890.616668233,0.000607263824279669,1223,0,1,0,FALSE,FALSE
"BGLAP+SOX9+THBS1",3,1223,262051.366668237,261969.600001569,0.000312025339565425,1223,0,1,0,FALSE,FALSE
"BGLAP+SOX9+TJP1",3,1223,262035.183334905,261887.064287283,0.000565263968510643,1223,0,1,0,FALSE,FALSE
"BGLAP+SOX9+VIM",3,1223,262047.800001571,261971.966668236,0.000289387406933184,1223,0,1,0,TRUE,TRUE
"BGLAP+SOX9+VWF",3,1223,262058.916668237,261981.883334902,0.000293954253930084,1223,0,1,0,FALSE,FALSE
"BGLAP+SOX9+YWHAZ",3,1223,262031.400001571,261882.816668235,0.000567044000588157,1223,0,1,0,FALSE,FALSE
"BGLAP+SPP1+SYK",3,1223,262044.833334904,261955.833334903,0.000339636538027044,1223,0,1,0,FALSE,FALSE
"BGLAP+SPP1+TAC1",3,1223,262044.850001571,261585.100001563,0.0017544706564746,1222,0.000817661488143884,2,0.00163532297628777,FALSE,FALSE
"BGLAP+SPP1+TJP1",3,1223,262020.083334905,261859.311906331,0.000613584373104437,1223,0,1,0,FALSE,FALSE
"BGLAP+SPP1+VIM",3,1223,262032.700001571,261943.883334903,0.000338952606556697,1223,0,1,0,FALSE,FALSE
"BGLAP+SPP1+YWHAZ",3,1223,262016.300001572,261854.566668235,0.000617264396664985,1223,0,1,0,FALSE,FALSE
"BGLAP+SYK+TNFSF11",3,1223,262047.216668238,261977.450001569,0.000266237007037429,1223,0,1,0,FALSE,FALSE
"BGLAP+SYK+VWF",3,1223,262054.283334904,261990.716668236,0.00024257060735311,1223,0,1,0,FALSE,FALSE
"BGLAP+TAC1+TNFSF11",3,1223,262047.233334904,261607.200001563,0.00167921381096525,1222,0.000817661488143884,2,0.00163532297628777,FALSE,FALSE
"BGLAP+TH+TNFSF11",3,1223,262037.033334904,261884.2333349,0.000583123683166265,1223,0,1,0,FALSE,FALSE
"BGLAP+THBS1+TNFSF11",3,1223,262038.650001571,261963.216668236,0.000287871019540531,1223,0,1,0,FALSE,FALSE
"BGLAP+THBS1+VWF",3,1223,262045.716668237,261973.550001569,0.00027539723825909,1223,0,1,0,FALSE,FALSE
"BGLAP+TJP1+TNFSF11",3,1223,262022.466668238,261881.011906331,0.000539857378284103,1223,0,1,0,FALSE,FALSE
"BGLAP+TNFSF11+VIM",3,1223,262035.083334905,261965.583334903,0.000265231659506093,1223,0,1,0,FALSE,FALSE
"BGLAP+TNFSF11+VWF",3,1223,262046.200001571,261975.500001569,0.000269799752873001,1223,0,1,0,FALSE,FALSE
"BGLAP+TNFSF11+YWHAZ",3,1223,262018.683334905,261876.350001568,0.000543218260335876,1223,0,1,0,FALSE,FALSE
"BGLAP+VIM+YWHAZ",3,1223,262014.633334905,261880.766668235,0.000510912940113184,1223,0,1,0,FALSE,FALSE
"BTK+CALM1+ITPR1",3,1223,262031.816668235,261933.302382519,0.00037596306802945,1223,0,1,0,FALSE,FALSE
"BTK+CALM1+NOS2",3,1223,262035.266668235,261982.559525377,0.000201145225708577,1223,0,1,0,FALSE,FALSE
"BTK+CALM1+SYK",3,1223,262046.250001569,261984.042858711,0.000237389937300714,1223,0,1,0,FALSE,FALSE
"BTK+CALR+ITPR1",3,1223,262049.633334901,261954.678572995,0.00036235411092933,1223,0,1,0,FALSE,FALSE
"BTK+CALR+ITPR3",3,1223,262061.333334902,262014.119049187,0.0001801650213481,1223,0,1,0,FALSE,FALSE
"BTK+CALR+SYK",3,1223,262064.066668236,262005.885715854,0.000222010415701801,1223,0,1,0,FALSE,FALSE
"BTK+CALR+VWF",3,1223,262063.050001569,262008.20238252,0.000209291691629421,1223,0,1,0,FALSE,FALSE
"BTK+CAMP+MPO",3,1223,262118.483334902,261683.945239656,0.00165779265054811,1222,0.000817661488143884,2,0.00163532297628777,FALSE,FALSE
"BTK+CAMP+SYK",3,1223,262106.066668236,261718.909525373,0.0014771010369371,1222,0.000817661488143884,2,0.00163532297628777,FALSE,FALSE
"BTK+CANX+CFTR",3,1223,262120.000001569,261666.361906325,0.0017306504472816,1222,0.000817661488143884,2,0.00163532297628777,FALSE,FALSE
"BTK+CANX+ITPR1",3,1223,262088.516668235,262001.528572996,0.000331903497128083,1223,0,1,0,FALSE,FALSE
"BTK+CANX+ITPR3",3,1223,262100.216668235,262058.635715854,0.000158645242304023,1223,0,1,0,FALSE,FALSE
"BTK+CTSK+NFATC1",3,1223,262107.866668235,262011.669049187,0.000367015382907177,1223,0,1,0,FALSE,FALSE
"BTK+CTSK+SPP1",3,1223,262092.133334903,261975.769049187,0.000443982366945872,1223,0,1,0,FALSE,FALSE
"BTK+CTSK+SYK",3,1223,262102.600001569,262002.152382521,0.000383237781875878,1223,0,1,0,FALSE,FALSE
"BTK+CTSK+TNFSF11",3,1223,262094.516668236,261988.235715854,0.000405506203385975,1223,0,1,0,FALSE,FALSE
"BTK+EIF2AK2+EIF2S1",3,1223,262138.166668236,261743.792858706,0.00150445017046419,1222,0.000817661488143884,2,0.00163532297628777,TRUE,TRUE
"BTK+EIF2AK2+SYK",3,1223,262088.300001569,262011.002382521,0.0002949296822784,1223,0,1,0,FALSE,FALSE
"BTK+EPOR+SYK",3,1223,262104.200001569,262046.476192045,0.000220232295109923,1223,0,1,0,FALSE,FALSE
"BTK+GSTP1+PRDX1",3,1223,262099.416668235,261601.533334893,0.00189959725844346,1222,0.000817661488143884,2,0.00163532297628777,FALSE,FALSE
"BTK+HDAC6+SYK",3,1223,262057.683334902,261384.970239653,0.00256704205993497,1221,0.00163532297628777,2,0.00326796948289265,FALSE,FALSE
"BTK+ITPR1+ITPR3",3,1223,262055.416668234,261903.697620613,0.00057895787673623,1223,0,1,0,TRUE,TRUE
"BTK+ITPR1+PRKCG",3,1223,262053.716668235,261962.385715853,0.000348519965843397,1223,0,1,0,FALSE,FALSE
"BTK+ITPR1+SYK",3,1223,262058.150001568,261958.302382519,0.000381013218052728,1223,0,1,0,FALSE,FALSE
"BTK+ITPR3+PRKCG",3,1223,262065.416668235,262022.492858711,0.000163790438547085,1223,0,1,0,FALSE,FALSE
"BTK+ITPR3+SYK",3,1223,262069.850001569,262018.242858711,0.000196921327871635,1223,0,1,0,FALSE,FALSE
"BTK+KEAP1+SYK",3,1223,262072.683334902,262002.528572996,0.000267692004420228,1223,0,1,0,FALSE,FALSE
"BTK+MAP3K5+PRDX1",3,1223,262074.866668235,262024.626192043,0.000191702763526536,1223,0,1,0,FALSE,FALSE
"BTK+MAP3K5+SYK",3,1223,262053.150001568,261987.976192043,0.000248704545334211,1223,0,1,0,FALSE,FALSE
"BTK+MAP3K5+YWHAZ",3,1223,262024.616668235,261890.709525376,0.000511047948709042,1223,0,1,0,FALSE,FALSE
"BTK+MPO+SYK",3,1223,262085.000001569,261970.261906329,0.000437789630231777,1223,0,1,0,FALSE,FALSE
"BTK+NCF2+RAC2",3,1223,262101.633334902,262046.059525378,0.000212031526920065,1223,0,1,0,FALSE,FALSE
"BTK+NCF2+SYK",3,1223,262091.250001569,262041.876192045,0.000188384043816159,1223,0,1,0,FALSE,FALSE
"BTK+NFATC1+SYK",3,1223,262077.850001568,262016.709525378,0.000233291276582448,1223,0,1,0,FALSE,FALSE
"BTK+NFATC1+TNFSF11",3,1223,262069.766668235,261999.476192044,0.000268212839218629,1223,0,1,0,FALSE,FALSE
"BTK+NOS2+SYK",3,1223,262061.600001568,262008.692858711,0.000201888192917554,1223,0,1,0,FALSE,FALSE
"BTK+NTRK1+NTRK2",3,1223,262053.916668234,261962.485715852,0.000348901300712523,1223,0,1,0,FALSE,FALSE
"BTK+NTRK1+SYK",3,1223,262063.983334902,262009.326192044,0.000208564115381393,1223,0,1,0,FALSE,FALSE
"BTK+NTRK2+SYK",3,1223,262062.516668235,261969.10238252,0.000356458019648009,1223,0,1,0,FALSE,FALSE
"BTK+NTRK2+TAC1",3,1223,262062.533334902,261602.302382513,0.00175618752719742,1222,0.000817661488143884,2,0.00163532297628777,FALSE,FALSE
"BTK+PLA2G4A+PRKCG",3,1223,262100.016668236,262025.009525378,0.000286177558520118,1223,0,1,0,FALSE,FALSE
"BTK+PRKCG+SLC6A3",3,1223,262107.00000157,262030.019049188,0.000293700482556725,1223,0,1,0,FALSE,FALSE
"BTK+PRKCG+SYK",3,1223,262068.150001571,262014.592858714,0.000204363417901532,1223,0,1,0,FALSE,FALSE
"BTK+PRKCG+TRPV4",3,1223,262106.45000157,262042.635715856,0.000243467055902502,1223,0,1,0,FALSE,FALSE
"BTK+PRKCZ+RAC2",3,1223,262092.966668237,261706.716668231,0.0014737137166112,1222,0.000817661488143884,2,0.00163532297628777,FALSE,FALSE
"BTK+PRKCZ+SYK",3,1223,262082.583334904,261700.283334898,0.00145870051775898,1222,0.000817661488143884,2,0.00163532297628777,FALSE,FALSE
"BTK+RASA1+SYK",3,1223,262089.883334904,262028.626192046,0.0002337257053876,1223,0,1,0,FALSE,FALSE
"BTK+SPP1+SYK",3,1223,262062.116668238,261980.492858713,0.00031146741300303,1223,0,1,0,FALSE,FALSE
"BTK+SPP1+TNFSF11",3,1223,262054.033334904,261968.209525379,0.000327504249535759,1223,0,1,0,FALSE,FALSE
"BTK+SPP1+VWF",3,1223,262061.100001571,261981.209525379,0.000304854387740416,1223,0,1,0,FALSE,FALSE
"BTK+STAT4+SYK",3,1223,262090.266668237,261958.523811093,0.00050266215078909,1223,0,1,0,FALSE,FALSE
"BTK+SYK+TAC1",3,1223,262072.600001571,261642.12619204,0.00164257465117623,1222,0.000817661488143884,2,0.00163532297628777,FALSE,FALSE
"BTK+SYK+TNFSF11",3,1223,262064.500001571,261998.05952538,0.000253527189645109,1223,0,1,0,FALSE,FALSE
"BTK+SYK+TRPV4",3,1223,262110.883334904,262036.885715855,0.000282314179810728,1223,0,1,0,FALSE,FALSE
"BTK+SYK+VIM",3,1223,262060.450001571,261999.842858714,0.000231271612550765,1223,0,1,0,FALSE,FALSE
"BTK+SYK+XIAP",3,1223,262062.800001571,261999.86904919,0.000240136915201083,1223,0,1,0,FALSE,FALSE
"BTK+SYK+YWHAZ",3,1223,262044.050001572,261910.742858712,0.000508720357734971,1223,0,1,0,FALSE,FALSE
"BTK+VIM+YWHAZ",3,1223,262031.916668239,261903.526192046,0.000489980296389803,1223,0,1,0,FALSE,FALSE
"C3+CALR+F2",3,1223,262073.866668235,262012.492858709,0.000234185156671507,1223,0,1,0,FALSE,FALSE
"C3+CALR+MPO",3,1223,262074.783334901,261983.128572994,0.000349727511897657,1223,0,1,0,FALSE,FALSE
"C3+CALR+PLG",3,1223,262082.083334901,261935.438096804,0.00055953934825137,1223,0,1,0,FALSE,FALSE
"C3+CALR+THBS1",3,1223,262053.800001569,262012.926192044,0.000155974878152665,1223,0,1,0,FALSE,FALSE
"C3+CALR+VWF",3,1223,262061.350001568,262025.609525377,0.000136382095990428,1223,0,1,0,FALSE,FALSE
"C3+CAMP+PLG",3,1223,262124.083334902,261648.678572989,0.00181366304028341,1222,0.000817661488143884,2,0.00163532297628777,FALSE,FALSE
"C3+CANX+F2",3,1223,262112.750001568,262057.59285871,0.000210432887594481,1223,0,1,0,FALSE,FALSE
"C3+CANX+MPO",3,1223,262113.666668235,262028.061906328,0.000326594042175388,1223,0,1,0,FALSE,FALSE
"C3+CANX+PLG",3,1223,262120.966668235,261980.371430138,0.000536375399055711,1223,0,1,0,FALSE,FALSE
"C3+CD274+F2",3,1223,262068.766668235,262012.9833349,0.000212857617654105,1223,0,1,0,FALSE,FALSE
"C3+CD274+IDO1",3,1223,262074.566668235,261938.259525375,0.00052010824473514,1223,0,1,0,FALSE,FALSE
"C3+CD274+MPO",3,1223,262069.683334901,261983.619049185,0.000328402295988517,1223,0,1,0,FALSE,FALSE
"C3+CYP11B2+F2",3,1223,262141.083334902,262063.959525376,0.000294207258718204,1223,0,1,0,FALSE,FALSE
"C3+CYP7A1+F2",3,1223,262110.883334902,261985.204763471,0.000479486276311447,1223,0,1,0,FALSE,FALSE
"C3+CYP7A1+HNF4A",3,1223,262081.016668235,261966.854763471,0.000435597763680406,1223,0,1,0,FALSE,FALSE
"C3+CYP7A1+MPO",3,1223,262111.800001568,261955.773811089,0.000595265800617639,1223,0,1,0,FALSE,FALSE
"C3+CYP7A1+NR1I2",3,1223,262141.433334902,262013.438096805,0.000488267865439651,1223,0,1,0,FALSE,FALSE
"C3+CYP7A1+PLG",3,1223,262119.100001568,261908.500001565,0.000803451560768109,1223,0,1,0,FALSE,FALSE
"C3+EGR1+F2",3,1223,262061.983334901,261997.216668233,0.000247142549422708,1223,0,1,0,FALSE,FALSE
"C3+EGR1+MPO",3,1223,262062.900001568,261968.019049185,0.000362054119001254,1223,0,1,0,FALSE,FALSE
"C3+EGR1+PLG",3,1223,262070.200001568,261920.245239661,0.000572193106679664,1223,0,1,0,FALSE,FALSE
"C3+EPOR+F2",3,1223,262114.000001568,262052.866668234,0.00023323185077484,1223,0,1,0,FALSE,FALSE
"C3+EPOR+MPO",3,1223,262114.916668235,262023.669049185,0.000348120664818485,1223,0,1,0,FALSE,FALSE
"C3+F2+GLUL",3,1223,262153.733334901,262065.385715852,0.000337006907836113,1223,0,1,0,FALSE,FALSE
"C3+F2+GRM5",3,1223,262130.566668234,262027.561906328,0.000392952120065293,1223,0,1,0,FALSE,FALSE
"C3+F2+HNF4A",3,1223,262064.016668234,261983.700001566,0.000306477278679496,1223,0,1,0,FALSE,FALSE
"C3+F2+IDO1",3,1223,262099.683334901,261928.226192041,0.000654167684137952,1223,0,1,0,FALSE,FALSE
"C3+F2+ITGA5",3,1223,262097.716668235,261713.450001561,0.00146611985620515,1222,0.000817661488143884,2,0.00163532297628777,FALSE,FALSE
"C3+F2+LPL",3,1223,262080.116668234,261903.792858707,0.000672785909012319,1223,0,1,0,FALSE,FALSE
"C3+F2+MAP3K5",3,1223,262062.950001567,261994.583334899,0.000260878795220298,1223,0,1,0,FALSE,FALSE
"C3+F2+MB",3,1223,262114.216668235,262053.250001567,0.000232595802864277,1223,0,1,0,TRUE,TRUE
"C3+F2+NOS2",3,1223,262071.400001567,262015.300001566,0.00021406380093747,1223,0,1,0,FALSE,FALSE
"C3+F2+NPPA",3,1223,262109.683334901,262040.850001566,0.000262612706478316,1223,0,1,0,FALSE,FALSE
"C3+F2+NPY",3,1223,262071.4333349,261495.602382511,0.00219722899616392,1222,0.000817661488143884,2,0.00163532297628777,FALSE,FALSE
"C3+F2+NR1I2",3,1223,262124.433334902,262041.4333349,0.000316643507612735,1223,0,1,0,FALSE,FALSE
"C3+F2+NRP1",3,1223,262111.416668235,262034.700001566,0.000292687238288791,1223,0,1,0,FALSE,FALSE
"C3+F2+PLA2G7",3,1223,262147.066668235,262061.052382519,0.000328114622104914,1223,0,1,0,TRUE,TRUE
"C3+F2+SPP1",3,1223,262071.916668235,261986.966668233,0.000324147665579644,1223,0,1,0,FALSE,FALSE
"C3+F2+STAT4",3,1223,262100.066668235,261965.147620613,0.000514761592153912,1223,0,1,0,FALSE,FALSE
"C3+F2+TAC1",3,1223,262082.400001568,261648.333334894,0.00165622211438754,1222,0.000817661488143884,2,0.00163532297628777,FALSE,FALSE
"C3+F2+TFRC",3,1223,262088.216668235,261975.335715851,0.000430698311500777,1223,0,1,0,FALSE,FALSE
"C3+F2+THBS1",3,1223,262073.816668235,262004.433334901,0.000264747292259115,1223,0,1,0,FALSE,FALSE
"C3+F2+TJP1",3,1223,262057.633334903,261920.111906329,0.00052477551149166,1223,0,1,0,FALSE,FALSE
"C3+F2+TNFSF11",3,1223,262074.300001569,262004.750001567,0.000265382755964105,1223,0,1,0,FALSE,FALSE
"C3+FURIN+MPO",3,1223,262116.883334901,262012.619049184,0.000397777832508495,1223,0,1,0,FALSE,FALSE
"C3+FURIN+NRP1",3,1223,262133.500001568,262072.450001566,0.000232896596587207,1223,0,1,0,TRUE,TRUE
"C3+FURIN+PLG",3,1223,262124.183334901,261964.578572994,0.000608889877603991,1223,0,1,0,FALSE,FALSE
"C3+GRIN2A+GRM5",3,1223,262117.316668234,261958.509525375,0.000605862843699789,1223,0,1,0,FALSE,FALSE
"C3+GRIN2B+GRM5",3,1223,262088.466668234,261939.788096803,0.000567283914937766,1223,0,1,0,FALSE,FALSE
"C3+GRIN2B+MPO",3,1223,262052.700001568,261889.811906325,0.00062158525838929,1223,0,1,0,FALSE,FALSE
"C3+GRM5+OPRM1",3,1223,262156.716668235,262072.578572996,0.000320945792685046,1223,0,1,0,FALSE,FALSE
"C3+HNF4A+MPO",3,1223,262064.933334901,261954.119049185,0.000422850490931381,1223,0,1,0,FALSE,FALSE
"C3+HNF4A+NR1I2",3,1223,262094.566668235,262024.2833349,0.000268160207318457,1223,0,1,0,FALSE,FALSE
"C3+IDO1+MPO",3,1223,262100.600001568,261898.995239659,0.000769188479184946,1223,0,1,0,FALSE,FALSE
"C3+ITGA5+MPO",3,1223,262098.633334901,261684.135715846,0.00158145662104658,1222,0.000817661488143884,2,0.00163532297628777,FALSE,FALSE
"C3+ITGA5+PLG",3,1223,262105.933334901,261636.661906322,0.00179038842275869,1222,0.000817661488143884,2,0.00163532297628777,FALSE,FALSE
"C3+ITGA5+SPP1",3,1223,262075.750001569,261695.016668229,0.00145276063633248,1222,0.000817661488143884,2,0.00163532297628777,FALSE,FALSE
"C3+ITGA5+THBS1",3,1223,262077.650001569,261711.900001563,0.00139557875310503,1222,0.000817661488143884,2,0.00163532297628777,FALSE,FALSE
"C3+ITGA5+VWF",3,1223,262085.200001568,261724.933334896,0.00137461660051907,1222,0.000817661488143884,2,0.00163532297628777,FALSE,FALSE
"C3+LPL+MPO",3,1223,262081.033334901,261872.89523966,0.000794174582542717,1223,0,1,0,FALSE,FALSE
"C3+MB+MPO",3,1223,262115.133334901,262023.802382518,0.000348438303507392,1223,0,1,0,TRUE,TRUE
"C3+MB+PLG",3,1223,262122.433334901,261976.278572994,0.000557582043046678,1223,0,1,0,FALSE,FALSE
"C3+MPO+NOS2",3,1223,262072.316668234,261985.935715851,0.000329607314045743,1223,0,1,0,FALSE,FALSE
"C3+MPO+NPY",3,1223,262072.350001567,261466.338096796,0.00231238398391642,1222,0.000817661488143884,2,0.00163532297628777,FALSE,FALSE
"C3+MPO+NRP1",3,1223,262112.333334901,262005.652382518,0.000407004703007141,1223,0,1,0,FALSE,FALSE
"C3+MPO+OPRM1",3,1223,262120.950001568,262017.902382518,0.000393130038057077,1223,0,1,0,FALSE,FALSE
"C3+MPO+PLA2G7",3,1223,262147.983334902,262031.771430138,0.000443306499197216,1223,0,1,0,TRUE,TRUE
"C3+MPO+SPP1",3,1223,262072.833334902,261957.552382518,0.000439881352510052,1223,0,1,0,FALSE,FALSE
"C3+MPO+STAT4",3,1223,262100.983334901,261935.883334898,0.000629909883978597,1223,0,1,0,FALSE,FALSE
"C3+MPO+TAC1",3,1223,262083.316668235,261619.019049179,0.00177156495483322,1222,0.000817661488143884,2,0.00163532297628777,FALSE,FALSE
"C3+MPO+TFRC",3,1223,262089.133334901,261945.838096803,0.000546742385976406,1223,0,1,0,FALSE,FALSE
"C3+MPO+THBS1",3,1223,262074.733334902,261975.152382519,0.000379971587171624,1223,0,1,0,FALSE,FALSE
"C3+MPO+TJP1",3,1223,262058.550001569,261890.397620614,0.000641659586966603,1223,0,1,0,FALSE,FALSE
"C3+MPO+TNFSF11",3,1223,262075.216668235,261975.335715852,0.000381115595945891,1223,0,1,0,FALSE,FALSE
"C3+MPO+VWF",3,1223,262082.283334901,261987.385715852,0.000362090935114079,1223,0,1,0,FALSE,FALSE
"C3+NPY+OPRM1",3,1223,262097.583334901,261538.269049178,0.00213399253287883,1222,0.000817661488143884,2,0.00163532297628777,FALSE,FALSE
"C3+NR1I2+PLG",3,1223,262132.650001569,261964.011906327,0.000643331134981828,1223,0,1,0,FALSE,FALSE
"C3+NRP1+NTRK1",3,1223,262091.316668234,262045.750001567,0.000173857979145819,1223,0,1,0,FALSE,FALSE
"C3+NRP1+PLG",3,1223,262119.633334901,261957.74523966,0.000617611482136904,1223,0,1,0,FALSE,FALSE
"C3+OPRM1+PLG",3,1223,262128.250001568,261970.645239661,0.000601250578319945,1223,0,1,0,FALSE,FALSE
"C3+PLA2G7+PLG",3,1223,262155.283334902,261984.26428728,0.00065235781421602,1223,0,1,0,FALSE,FALSE
"C3+PLG+SPP1",3,1223,262080.133334903,261909.911906329,0.000649501457466783,1223,0,1,0,FALSE,FALSE
"C3+PLG+TFRC",3,1223,262096.433334903,261898.330953947,0.000755837759540468,1223,0,1,0,FALSE,FALSE
"C3+PLG+TJP1",3,1223,262065.850001571,261843.107144425,0.000849949953969142,1223,0,1,0,FALSE,FALSE
"C3+PLG+TNFSF11",3,1223,262082.516668237,261927.828572996,0.000590226685881712,1223,0,1,0,FALSE,FALSE
"C3+SPP1+THBS1",3,1223,262051.850001571,261985.483334903,0.00025325776813756,1223,0,1,0,FALSE,FALSE
"C3+SPP1+TNFSF11",3,1223,262052.333334904,261985.566668236,0.000254783713689144,1223,0,1,0,FALSE,FALSE
"C3+SPP1+VWF",3,1223,262059.40000157,261998.483334903,0.00023245366000002,1223,0,1,0,FALSE,FALSE
"C3+THBS1+VWF",3,1223,262061.300001571,262014.316668237,0.000179283752823167,1223,0,1,0,FALSE,FALSE
"CALM1+CALR+FKBP1A",3,1223,262017.000001568,261893.126192042,0.000472770123791322,1223,0,1,0,FALSE,FALSE
"CALM1+CALR+ITPR3",3,1223,262005.783334901,261974.209525377,0.000120508063304658,1223,0,1,0,FALSE,FALSE
"CALM1+CALR+NOS1",3,1223,261995.616668234,261868.442858709,0.000485404340508366,1223,0,1,0,FALSE,FALSE
"CALM1+CALR+NOS2",3,1223,261997.533334901,261964.49285871,0.000126109875044467,1223,0,1,0,FALSE,FALSE
"CALM1+CALR+SCN5A",3,1223,262038.416668234,261967.576192043,0.00027034385679825,1223,0,1,0,FALSE,FALSE
"CALM1+CALR+THBS1",3,1223,261999.950001569,261955.609525378,0.000169238491041113,1223,0,1,0,FALSE,FALSE
"CALM1+CALR+VWF",3,1223,262007.500001568,261968.376192044,0.000149323242747523,1223,0,1,0,FALSE,FALSE
"CALM1+CANX+CFTR",3,1223,262064.450001569,261627.919049181,0.00166573891416599,1222,0.000817661488143884,2,0.00163532297628777,FALSE,FALSE
"CALM1+CANX+FKBP1A",3,1223,262055.883334902,261938.059525375,0.000449613296320206,1223,0,1,0,FALSE,FALSE
"CALM1+CANX+ITPR3",3,1223,262044.666668235,262018.809525377,9.86745625709551e-05,1223,0,1,0,FALSE,FALSE
"CALM1+CANX+NOS1",3,1223,262034.500001568,261913.376192042,0.000462243748531321,1223,0,1,0,FALSE,FALSE
"CALM1+CANX+NOS2",3,1223,262036.416668234,262009.426192044,0.000103002767836813,1223,0,1,0,FALSE,FALSE
"CALM1+CD274+DLG1",3,1223,262036.783334902,262001.083334901,0.00013624041459448,1223,0,1,0,FALSE,FALSE
"CALM1+CD274+FKBP1A",3,1223,262011.900001568,261894.116668233,0.000449534289606368,1223,0,1,0,FALSE,FALSE
"CALM1+CD274+ITPR1",3,1223,261988.983334901,261915.726192043,0.000279619173011669,1223,0,1,0,FALSE,FALSE
"CALM1+CD274+NOS1",3,1223,261990.516668234,261868.466668233,0.000465856556767896,1223,0,1,0,FALSE,FALSE
"CALM1+CD274+NOS2",3,1223,261992.433334901,261964.983334901,0.000104774018282905,1223,0,1,0,FALSE,FALSE
"CALM1+CDK5+DLG1",3,1223,262036.850001568,261915.711906327,0.000462294121000517,1223,0,1,0,FALSE,FALSE
"CALM1+CDK5+NOS2",3,1223,261992.500001568,261879.44523966,0.00043151907748018,1223,0,1,0,FALSE,FALSE
"CALM1+CDK5+PRDX1",3,1223,262025.200001569,261918.345239661,0.000407803378861704,1223,0,1,0,FALSE,FALSE
"CALM1+CEBPA+DLG1",3,1223,262018.066668235,261967.966668234,0.000191208188954017,1223,0,1,0,FALSE,FALSE
"CALM1+CEBPA+FKBP1A",3,1223,261993.183334901,261860.200001566,0.000507583180764049,1223,0,1,0,FALSE,FALSE
"CALM1+CEBPA+HNF4A",3,1223,261966.333334901,261900.266668234,0.000252195256644105,1223,0,1,0,FALSE,FALSE
"CALM1+CEBPA+NOS2",3,1223,261973.716668234,261931.866668234,0.000159748850123598,1223,0,1,0,FALSE,FALSE
"CALM1+CEBPA+RARA",3,1223,261991.200001568,261907.433334899,0.000319730840839694,1223,0,1,0,FALSE,FALSE
"CALM1+CFTR+NOS2",3,1223,262023.100001568,261580.552382514,0.00168896413732689,1222,0.000817661488143884,2,0.00163532297628777,FALSE,FALSE
"CALM1+CFTR+TJP1",3,1223,262009.333334903,261493.730953944,0.00196787791639486,1222,0.000817661488143884,2,0.00163532297628777,FALSE,FALSE
"CALM1+CHAT+NOS2",3,1223,262065.666668235,261951.857144424,0.000434278649536934,1223,0,1,0,FALSE,FALSE
"CALM1+CNR1+DRD2",3,1223,262111.033334902,261980.535715853,0.000497871521806581,1223,0,1,0,FALSE,FALSE
"CALM1+CNR1+HTR2A",3,1223,262136.683334902,262053.135715854,0.000318717769620669,1223,0,1,0,FALSE,FALSE
"CALM1+CNR1+NTRK2",3,1223,262073.816668235,261953.545239662,0.000458921956043579,1223,0,1,0,FALSE,FALSE
"CALM1+CRH+NOS2",3,1223,262028.783334901,262001.8833349,0.000102660477440231,1223,0,1,0,FALSE,FALSE
"CALM1+CRH+TAC1",3,1223,262039.783334901,261635.416668228,0.00154314990467086,1222,0.000817661488143884,2,0.00163532297628777,FALSE,FALSE
"CALM1+CYP19A1+NOS2",3,1223,262018.150001567,261876.183334897,0.000541819971898394,1223,0,1,0,FALSE,FALSE
"CALM1+DLG1+DRD1",3,1223,262098.183334902,262039.40238252,0.00022427073562159,1223,0,1,0,FALSE,FALSE
"CALM1+DLG1+EGR1",3,1223,262030.000001568,261985.316668234,0.000170527547738164,1223,0,1,0,FALSE,FALSE
"CALM1+DLG1+GJA1",3,1223,262052.200001568,261988.416668234,0.000243399343084594,1223,0,1,0,FALSE,FALSE
"CALM1+DLG1+GRM5",3,1223,262098.583334901,262015.145239662,0.000318346227504263,1223,0,1,0,FALSE,FALSE
"CALM1+DLG1+GSR",3,1223,262085.233334901,261969.883334899,0.000440123995292141,1223,0,1,0,FALSE,FALSE
"CALM1+DLG1+HDAC6",3,1223,262035.500001568,261379.760715843,0.00250248262438224,1221,0.00163532297628777,2,0.00326796948289265,FALSE,FALSE
"CALM1+DLG1+HNF4A",3,1223,262032.033334901,261971.8833349,0.000229552086573159,1223,0,1,0,FALSE,FALSE
"CALM1+DLG1+HTR2A",3,1223,262103.200001568,262061.633334901,0.000158588932401393,1223,0,1,0,FALSE,FALSE
"CALM1+DLG1+HTR3A",3,1223,262144.733334902,262092.900001568,0.000197727921804169,1223,0,1,0,FALSE,FALSE
"CALM1+DLG1+KCNH2",3,1223,262083.700001568,261931.245239662,0.000581702570230602,1223,0,1,0,FALSE,FALSE
"CALM1+DLG1+MAP3K5",3,1223,262030.966668234,261982.6833349,0.000184265752816604,1223,0,1,0,FALSE,FALSE
"CALM1+DLG1+NANOG",3,1223,262045.533334901,262013.200001567,0.000123388225406917,1223,0,1,0,FALSE,FALSE
"CALM1+DLG1+NCF2",3,1223,262069.066668235,262036.666668234,0.000123631531231072,1223,0,1,0,FALSE,FALSE
"CALM1+DLG1+NTRK1",3,1223,262041.800001568,262004.0333349,0.000144124588776329,1223,0,1,0,FALSE,FALSE
"CALM1+DLG1+NTRK2",3,1223,262040.333334901,261963.109525376,0.000294701996989,1223,0,1,0,FALSE,FALSE
"CALM1+DLG1+POU5F1",3,1223,262041.533334902,262010.866668235,0.000117029794006407,1223,0,1,0,FALSE,FALSE
"CALM1+DLG1+PRDX1",3,1223,262072.116668235,262040.866668235,0.000119241987274088,1223,0,1,0,FALSE,FALSE
"CALM1+DLG1+PRKCG",3,1223,262045.966668236,262009.300001568,0.0001399245603112,1223,0,1,0,FALSE,FALSE
"CALM1+DLG1+PRKCZ",3,1223,262060.400001569,261695.073811087,0.00139405339562892,1222,0.000817661488143884,2,0.00163532297628777,FALSE,FALSE
"CALM1+DLG1+RARA",3,1223,262056.900001569,261979.266668233,0.000296246095162433,1223,0,1,0,FALSE,FALSE
"CALM1+DLG1+RASA1",3,1223,262067.700001568,262023.333334901,0.000169294677165976,1223,0,1,0,FALSE,FALSE
"CALM1+DLG1+SOX2",3,1223,262022.833334903,261624.066668229,0.0015218775463105,1222,0.000817661488143884,2,0.00163532297628777,FALSE,FALSE
"CALM1+DLG1+TJP1",3,1223,262025.650001569,261910.078572997,0.000441069141788653,1223,0,1,0,FALSE,FALSE
"CALM1+DLG1+VIM",3,1223,262038.266668236,261994.683334901,0.000166324307851684,1223,0,1,0,FALSE,FALSE
"CALM1+DLG1+XIAP",3,1223,262040.616668236,261994.659525378,0.000175381753570347,1223,0,1,0,FALSE,FALSE
"CALM1+DLG1+YWHAZ",3,1223,262021.866668236,261905.6333349,0.000443601653609349,1223,0,1,0,FALSE,FALSE
"CALM1+DRD1+GRIN2A",3,1223,262063.066668235,261926.883334899,0.00051965862670833,1223,0,1,0,FALSE,FALSE
"CALM1+DRD1+NOS1",3,1223,262051.916668234,261906.869049185,0.000553507186261126,1223,0,1,0,FALSE,FALSE
"CALM1+DRD1+SLC6A3",3,1223,262103.666668234,262013.145239661,0.000345364983723173,1223,0,1,0,FALSE,FALSE
"CALM1+DRD2+FKBP1A",3,1223,262052.666668235,261883.233334899,0.000646562141460194,1223,0,1,0,FALSE,FALSE
"CALM1+DRD2+HTR2A",3,1223,262096.983334902,262012.850001567,0.000321000769501145,1223,0,1,0,FALSE,FALSE
"CALM1+DRD2+ITPR1",3,1223,262029.750001568,261905.259525375,0.000475100541796891,1223,0,1,0,FALSE,FALSE
"CALM1+DRD2+MAOA",3,1223,262065.250001568,261966.4333349,0.00037706894243994,1223,0,1,0,FALSE,FALSE
"CALM1+DRD2+NOS1",3,1223,262031.283334901,261858.133334899,0.000660798961857889,1223,0,1,0,FALSE,FALSE
"CALM1+DRD2+NOS2",3,1223,262033.200001568,261954.600001567,0.000299961989551734,1223,0,1,0,FALSE,FALSE
"CALM1+DRD2+SCN5A",3,1223,262074.083334901,261957.600001566,0.000444467197414866,1223,0,1,0,FALSE,FALSE
"CALM1+DRD2+SLC6A3",3,1223,262083.0333349,261968.059525375,0.000438692303207588,1223,0,1,0,FALSE,FALSE
"CALM1+DRD2+TH",3,1223,262034.000001568,261868.400001564,0.000631979056163634,1223,0,1,0,FALSE,FALSE
"CALM1+EGR1+FKBP1A",3,1223,262005.116668235,261878.433334899,0.000483514730348245,1223,0,1,0,FALSE,FALSE
"CALM1+EGR1+ITPR1",3,1223,261982.200001567,261899.959525375,0.000313916274431336,1223,0,1,0,FALSE,FALSE
"CALM1+EGR1+NOS1",3,1223,261983.7333349,261853.083334899,0.000498695084377387,1223,0,1,0,FALSE,FALSE
"CALM1+EGR1+NOS2",3,1223,261985.650001567,261949.216668233,0.00013906614096415,1223,0,1,0,FALSE,FALSE
"CALM1+EIF2S1+FKBP1A",3,1223,262075.383334902,261935.026192042,0.000535560192926443,1223,0,1,0,FALSE,FALSE
"CALM1+EIF2S1+ITPR1",3,1223,262052.466668235,261956.569049185,0.00036594816400326,1223,0,1,0,FALSE,FALSE
"CALM1+EIF2S1+NOS2",3,1223,262055.916668235,262005.609525377,0.000191971024725457,1223,0,1,0,FALSE,FALSE
"CALM1+ESRRA+ITPR1",3,1223,262036.500001568,261950.876192042,0.000326762910987766,1223,0,1,0,FALSE,FALSE
"CALM1+ESRRA+NCOA2",3,1223,262081.583334902,262040.500001568,0.000156757803471796,1223,0,1,0,FALSE,FALSE
"CALM1+FKBP1A+GABRG2",3,1223,262156.89047776,262029.823811092,0.000484697031754577,1223,0,1,0,FALSE,FALSE
"CALM1+FKBP1A+GJA1",3,1223,262027.316668235,261880.900001565,0.000558783979209498,1223,0,1,0,FALSE,FALSE
"CALM1+FKBP1A+GRM5",3,1223,262073.700001568,261907.678572994,0.000633491375033657,1223,0,1,0,FALSE,FALSE
"CALM1+FKBP1A+HK2",3,1223,262049.916668235,261861.18571585,0.00072020993093258,1223,0,1,0,FALSE,FALSE
"CALM1+FKBP1A+HTR2A",3,1223,262078.316668235,261954.166668232,0.00047371336011659,1223,0,1,0,FALSE,FALSE
"CALM1+FKBP1A+HTR3A",3,1223,262119.850001569,261985.3833349,0.000512996885464467,1223,0,1,0,FALSE,FALSE
"CALM1+FKBP1A+ITPR3",3,1223,262022.783334901,261905.483334899,0.0004476709945197,1223,0,1,0,FALSE,FALSE
"CALM1+FKBP1A+KEAP1",3,1223,262025.616668234,261890.302382517,0.00051641624753207,1223,0,1,0,FALSE,FALSE
"CALM1+FKBP1A+MAP3K5",3,1223,262006.0833349,261875.216668231,0.000499479496824828,1223,0,1,0,FALSE,FALSE
"CALM1+FKBP1A+MT-CYB",3,1223,262056.616668235,261892.300001565,0.000627027352940179,1223,0,1,0,FALSE,FALSE
"CALM1+FKBP1A+NCF2",3,1223,262044.183334901,261929.200001566,0.000438793686897809,1223,0,1,0,FALSE,FALSE
"CALM1+FKBP1A+NFATC1",3,1223,262030.783334901,261903.950001565,0.000484039820518811,1223,0,1,0,FALSE,FALSE
"CALM1+FKBP1A+NRP1",3,1223,262054.550001568,261916.066668232,0.000528452313976691,1223,0,1,0,FALSE,FALSE
"CALM1+FKBP1A+NTRK2",3,1223,262015.450001568,261855.642858707,0.000609914960585045,1223,0,1,0,FALSE,FALSE
"CALM1+FKBP1A+POU5F1",3,1223,262016.650001569,261903.9833349,0.000429998119081731,1223,0,1,0,FALSE,FALSE
"CALM1+FKBP1A+PRKCG",3,1223,262021.083334902,261901.8333349,0.000455116048237336,1223,0,1,0,FALSE,FALSE
"CALM1+FKBP1A+PRKCZ",3,1223,262035.516668235,261587.607144419,0.00170934661648825,1222,0.000817661488143884,2,0.00163532297628777,FALSE,FALSE
"CALM1+FKBP1A+PYGM",3,1223,262096.100001567,261970.750001565,0.000478259691776728,1223,0,1,0,FALSE,FALSE
"CALM1+FKBP1A+RAC2",3,1223,262035.900001568,261904.900001566,0.000499931497941475,1223,0,1,0,FALSE,FALSE
"CALM1+FKBP1A+RARA",3,1223,262032.016668235,261872.866668231,0.000607368527051344,1223,0,1,0,FALSE,FALSE
"CALM1+FKBP1A+RASA1",3,1223,262042.816668235,261915.783334899,0.000484780826854436,1223,0,1,0,FALSE,FALSE
"CALM1+FKBP1A+SPP1",3,1223,262015.050001569,261867.850001566,0.000561799789752904,1223,0,1,0,FALSE,FALSE
"CALM1+FKBP1A+SYK",3,1223,262025.516668235,261899.666668233,0.000480296734464702,1223,0,1,0,FALSE,FALSE
"CALM1+FKBP1A+THBS1",3,1223,262016.950001569,261885.7333349,0.000500794573283558,1223,0,1,0,FALSE,FALSE
"CALM1+FKBP1A+TJP1",3,1223,262000.766668236,261802.645239661,0.000756186445917018,1223,0,1,0,FALSE,FALSE
"CALM1+FKBP1A+TNFSF11",3,1223,262017.433334902,261885.883334899,0.000502065829469212,1223,0,1,0,FALSE,FALSE
"CALM1+FKBP1A+VIM",3,1223,262013.383334902,261887.6333349,0.000479937316185675,1223,0,1,0,FALSE,FALSE
"CALM1+FKBP1A+XIAP",3,1223,262015.733334902,261887.942858709,0.000487720621072274,1223,0,1,0,FALSE,FALSE
"CALM1+GABRG2+NOS1",3,1223,262135.507144427,262005.457144425,0.000496117452451594,1223,0,1,0,FALSE,FALSE
"CALM1+GABRG2+SCN5A",3,1223,262178.307144427,262103.757144426,0.000284348468080009,1223,0,1,0,FALSE,FALSE
"CALM1+GATM+ITPR1",3,1223,262068.216668234,261884.36428728,0.000701543984582664,1223,0,1,0,FALSE,FALSE
"CALM1+GJA1+NOS1",3,1223,262005.933334901,261856.216668233,0.00057142471837357,1223,0,1,0,FALSE,FALSE
"CALM1+GJA1+NOS2",3,1223,262007.850001567,261952.566668233,0.000210998767150139,1223,0,1,0,FALSE,FALSE
"CALM1+GJA1+TJP1",3,1223,261994.083334903,261860.195239663,0.000511034804813737,1223,0,1,0,FALSE,FALSE
"CALM1+GRIN2A+GRM5",3,1223,262063.466668234,261900.169049184,0.000623122410484012,1223,0,1,0,FALSE,FALSE
"CALM1+GRIN2A+HTR3A",3,1223,262109.616668235,261978.107144423,0.000501734829433609,1223,0,1,0,FALSE,FALSE
"CALM1+GRIN2A+NOS2",3,1223,262004.300001567,261887.040477755,0.000447548089137495,1223,0,1,0,FALSE,FALSE
"CALM1+GRIN2B+GRM5",3,1223,262034.616668234,261882.40476347,0.000580884719354913,1223,0,1,0,FALSE,FALSE
"CALM1+GRIN2B+HTR3A",3,1223,262080.766668235,261971.942858709,0.000415230048775528,1223,0,1,0,FALSE,FALSE
"CALM1+GRIN2B+NOS2",3,1223,261975.450001567,261870.176192041,0.00040184608720184,1223,0,1,0,FALSE,FALSE
"CALM1+GRIN2B+NTRK2",3,1223,261976.366668234,261829.969049183,0.000558819945908895,1223,0,1,0,FALSE,FALSE
"CALM1+GRIN2B+RASA1",3,1223,262003.733334901,261893.276192041,0.000421586140983199,1223,0,1,0,FALSE,FALSE
"CALM1+GRM5+HTR2A",3,1223,262118.016668234,262039.211906329,0.000300646109363423,1223,0,1,0,FALSE,FALSE
"CALM1+GRM5+NOS1",3,1223,262052.316668234,261882.911906328,0.000646453975527539,1223,0,1,0,FALSE,FALSE
"CALM1+GSR+GSTP1",3,1223,262056.983334901,261476.823811081,0.00221386782537369,1222,0.000817661488143884,2,0.00163532297628777,FALSE,FALSE
"CALM1+GSR+ITPR1",3,1223,262037.433334901,261884.02619204,0.000585439801129906,1223,0,1,0,FALSE,FALSE
"CALM1+GSR+KEAP1",3,1223,262051.966668234,261931.885715851,0.000458233356956828,1223,0,1,0,FALSE,FALSE
"CALM1+GSR+NOS1",3,1223,262038.966668234,261834.666668231,0.000779655036044713,1223,0,1,0,FALSE,FALSE
"CALM1+GSR+NOS2",3,1223,262040.883334901,261933.366668232,0.000410304931430683,1223,0,1,0,FALSE,FALSE
"CALM1+GSR+NQO1",3,1223,262046.333334901,261812.63214442,0.000891831560880019,1223,0,1,0,FALSE,FALSE
"CALM1+GSR+PRDX1",3,1223,262073.583334901,261971.750001566,0.00038856771460738,1223,0,1,0,FALSE,FALSE
"CALM1+GSTP1+PRDX1",3,1223,262043.866668235,261560.007144417,0.00184648291894862,1222,0.000817661488143884,2,0.00163532297628777,FALSE,FALSE
"CALM1+HDAC6+NOS2",3,1223,261991.150001567,261343.660715843,0.00247141663266393,1221,0.00163532297628777,2,0.00326796948289265,FALSE,FALSE
"CALM1+HK2+ITPR1",3,1223,262027.000001568,261882.411906327,0.00055180609341754,1223,0,1,0,FALSE,FALSE
"CALM1+HK2+NOS1",3,1223,262028.533334901,261835.502382517,0.000736679131568163,1223,0,1,0,FALSE,FALSE
"CALM1+HK2+NOS2",3,1223,262030.450001568,261931.635715852,0.000377109934037501,1223,0,1,0,FALSE,FALSE
"CALM1+HNF4A+NANOG",3,1223,261993.800001567,261946.000001567,0.000182447065542934,1223,0,1,0,FALSE,FALSE
"CALM1+HNF4A+NCOA2",3,1223,262029.316668235,261976.733334901,0.000200677290628559,1223,0,1,0,FALSE,FALSE
"CALM1+HNF4A+NR1H4",3,1223,262027.183334901,261943.626192043,0.000318887307015014,1223,0,1,0,FALSE,FALSE
"CALM1+HNF4A+SOX2",3,1223,261971.100001569,261559.116668229,0.00157262894012777,1222,0.000817661488143884,2,0.00163532297628777,FALSE,FALSE
"CALM1+HTR2A+HTR3A",3,1223,262164.166668235,262111.766668235,0.000199874760407726,1223,0,1,0,FALSE,FALSE
"CALM1+HTR2A+ITPR1",3,1223,262055.400001568,261976.309525375,0.000301808229068112,1223,0,1,0,FALSE,FALSE
"CALM1+HTR2A+MAOA",3,1223,262090.900001568,262033.416668233,0.000219325941244741,1223,0,1,0,FALSE,FALSE
"CALM1+HTR2A+NOS1",3,1223,262056.933334901,261928.566668233,0.000489842665236329,1223,0,1,0,FALSE,FALSE
"CALM1+HTR2A+SLC6A3",3,1223,262108.683334901,262038.459525376,0.000267918668818923,1223,0,1,0,FALSE,FALSE
"CALM1+HTR3A+NOS1",3,1223,262098.466668235,261960.450001567,0.000526583266292513,1223,0,1,0,FALSE,FALSE
"CALM1+ITGA5+SPP1",3,1223,262021.900001569,261637.783334896,0.00146597161027662,1222,0.000817661488143884,2,0.00163532297628777,FALSE,FALSE
"CALM1+ITGA5+THBS1",3,1223,262023.800001569,261654.583334896,0.00140909591674665,1222,0.000817661488143884,2,0.00163532297628777,FALSE,FALSE
"CALM1+ITGA5+VWF",3,1223,262031.350001568,261667.700001562,0.00138781103865526,1222,0.000817661488143884,2,0.00163532297628777,FALSE,FALSE
"CALM1+ITPR1+KEAP1",3,1223,262002.700001567,261911.961906327,0.000346325038785955,1223,0,1,0,FALSE,FALSE
"CALM1+ITPR1+MAP3K5",3,1223,261983.166668233,261897.242858708,0.000327974543624987,1223,0,1,0,FALSE,FALSE
"CALM1+ITPR1+MT-CYB",3,1223,262033.700001568,261912.892858708,0.00046103666382924,1223,0,1,0,FALSE,FALSE
"CALM1+ITPR1+NCF2",3,1223,262021.266668234,261951.309525376,0.000266990323907867,1223,0,1,0,FALSE,FALSE
"CALM1+ITPR1+NCOA2",3,1223,262033.250001568,261956.776192042,0.000291847731251349,1223,0,1,0,FALSE,FALSE
"CALM1+ITPR1+NFATC1",3,1223,262007.866668234,261926.059525375,0.000312231628382009,1223,0,1,0,FALSE,FALSE
"CALM1+ITPR1+NRP1",3,1223,262031.633334901,261937.376192041,0.000359716655809361,1223,0,1,0,FALSE,FALSE
"CALM1+ITPR1+NTRK2",3,1223,261992.5333349,261877.752382517,0.000438107723613967,1223,0,1,0,FALSE,FALSE
"CALM1+ITPR1+POU5F1",3,1223,261993.733334901,261925.509525376,0.000260402448015618,1223,0,1,0,FALSE,FALSE
"CALM1+ITPR1+PRDX1",3,1223,262024.316668234,261955.592858709,0.000262280273827353,1223,0,1,0,FALSE,FALSE
"CALM1+ITPR1+PRKCZ",3,1223,262012.600001568,261609.716668228,0.00153764869833417,1222,0.000817661488143884,2,0.00163532297628777,FALSE,FALSE
"CALM1+ITPR1+PYGM",3,1223,262073.1833349,261992.776192041,0.000306811791407346,1223,0,1,0,FALSE,FALSE
"CALM1+ITPR1+RAC2",3,1223,262012.983334901,261926.509525376,0.000330036353254792,1223,0,1,0,FALSE,FALSE
"CALM1+ITPR1+RARA",3,1223,262009.100001568,261894.042858707,0.000439134147858566,1223,0,1,0,FALSE,FALSE
"CALM1+ITPR1+RASA1",3,1223,262019.900001568,261937.926192042,0.000312853373063415,1223,0,1,0,FALSE,FALSE
"CALM1+ITPR1+SYK",3,1223,262002.600001568,261921.276192043,0.000310393139322573,1223,0,1,0,FALSE,FALSE
"CALM1+ITPR1+THBS1",3,1223,261994.033334901,261907.39285871,0.000330696371551364,1223,0,1,0,FALSE,FALSE
"CALM1+ITPR1+TJP1",3,1223,261977.850001569,261824.754763471,0.000584382374679615,1223,0,1,0,FALSE,FALSE
"CALM1+ITPR1+TNFSF11",3,1223,261994.516668235,261907.409525376,0.000332476969238438,1223,0,1,0,FALSE,FALSE
"CALM1+ITPR1+VIM",3,1223,261990.466668235,261909.326192043,0.000309707743277654,1223,0,1,0,FALSE,FALSE
"CALM1+ITPR1+VWF",3,1223,262001.583334901,261919.792858709,0.000312175503487278,1223,0,1,0,FALSE,FALSE
"CALM1+ITPR1+XIAP",3,1223,261992.816668235,261909.302382519,0.000318765555398781,1223,0,1,0,FALSE,FALSE
"CALM1+ITPR3+NOS2",3,1223,262003.316668234,261976.850001567,0.000101016532933484,1223,0,1,0,FALSE,FALSE
"CALM1+ITPR3+PRKCG",3,1223,262009.866668235,261982.583334901,0.000104130938580416,1223,0,1,0,FALSE,FALSE
"CALM1+ITPR3+SCN5A",3,1223,262044.200001567,261979.766668233,0.000245887271436818,1223,0,1,0,FALSE,FALSE
"CALM1+KCNH2+NOS2",3,1223,262039.350001567,261895.845239661,0.000547645847485567,1223,0,1,0,FALSE,FALSE
"CALM1+KEAP1+NOS1",3,1223,262004.2333349,261865.085715851,0.000531089201414647,1223,0,1,0,FALSE,FALSE
"CALM1+KEAP1+NOS2",3,1223,262006.150001567,261961.219049185,0.000171488159272148,1223,0,1,0,FALSE,FALSE
"CALM1+KEAP1+NQO1",3,1223,262011.600001567,261839.151192039,0.000658172422620451,1223,0,1,0,FALSE,FALSE
"CALM1+MAOA+MAOB",3,1223,262071.850001568,261902.176192041,0.000647432410332716,1223,0,1,0,FALSE,FALSE
"CALM1+MAOB+NOS1",3,1223,262037.883334901,261907.816668232,0.000496365888065564,1223,0,1,0,FALSE,FALSE
"CALM1+MAOB+SLC6A3",3,1223,262089.6333349,262018.259525375,0.000272325954357222,1223,0,1,0,FALSE,FALSE
"CALM1+MAOB+TH",3,1223,262040.600001568,261913.883334898,0.000483576463606528,1223,0,1,0,FALSE,FALSE
"CALM1+MAP3K5+NOS1",3,1223,261984.700001566,261850.233334899,0.000513261525069919,1223,0,1,0,FALSE,FALSE
"CALM1+MAP3K5+NOS2",3,1223,261986.616668233,261946.583334899,0.000152806787777737,1223,0,1,0,FALSE,FALSE
"CALM1+MAP3K5+PRDX1",3,1223,262019.316668234,261984.800001567,0.000131733290149039,1223,0,1,0,FALSE,FALSE
"CALM1+MAP3K5+SCN5A",3,1223,262027.500001567,261949.500001566,0.000297678678767732,1223,0,1,0,FALSE,FALSE
"CALM1+MAP3K5+YWHAZ",3,1223,261969.066668235,261850.716668232,0.000451770896113035,1223,0,1,0,FALSE,FALSE
"CALM1+MT-CYB+NCF2",3,1223,262066.800001568,261998.6333349,0.000260111798470408,1223,0,1,0,FALSE,FALSE
"CALM1+MT-CYB+NOS1",3,1223,262035.233334901,261866.100001566,0.00064546027334933,1223,0,1,0,FALSE,FALSE
"CALM1+MT-CYB+NOS2",3,1223,262037.150001568,261962.2333349,0.000285900936823458,1223,0,1,0,FALSE,FALSE
"CALM1+MT-CYB+RAC2",3,1223,262058.516668235,261978.266668234,0.000306229314816719,1223,0,1,0,FALSE,FALSE
"CALM1+NANOG+NOS2",3,1223,262001.1833349,261977.1833349,9.16026397086434e-05,1223,0,1,0,FALSE,FALSE
"CALM1+NANOG+POU5F1",3,1223,262003.300001568,261978.233334901,9.56730952125229e-05,1223,0,1,0,FALSE,FALSE
"CALM1+NANOG+SOX2",3,1223,261984.600001569,261596.683334896,0.0014806849970197,1222,0.000817661488143884,2,0.00163532297628777,FALSE,FALSE
"CALM1+NCF2+NOS1",3,1223,262022.800001567,261904.516668233,0.000451423820117647,1223,0,1,0,FALSE,FALSE
"CALM1+NCF2+NOS2",3,1223,262024.716668234,262000.566668234,9.21668776413531e-05,1223,0,1,0,FALSE,FALSE
"CALM1+NCF2+RAC2",3,1223,262046.083334902,262006.150001568,0.000152390498745714,1223,0,1,0,FALSE,FALSE
"CALM1+NCOA2+NR1H4",3,1223,262076.200001568,262013.14285871,0.000240606139960908,1223,0,1,0,FALSE,FALSE
"CALM1+NCOA2+RARA",3,1223,262054.183334902,261982.2833349,0.000274370739239416,1223,0,1,0,FALSE,FALSE
"CALM1+NFATC1+NOS1",3,1223,262009.400001567,261879.183334899,0.000496992347096215,1223,0,1,0,FALSE,FALSE
"CALM1+NFATC1+NOS2",3,1223,262011.316668234,261975.316668233,0.000137398645441045,1223,0,1,0,FALSE,FALSE
"CALM1+NFATC1+SCN5A",3,1223,262052.200001567,261978.2333349,0.000282259285239062,1223,0,1,0,FALSE,FALSE
"CALM1+NFATC1+TNFSF11",3,1223,262014.216668235,261959.650001567,0.000208258419568286,1223,0,1,0,FALSE,FALSE
"CALM1+NOS1+NRP1",3,1223,262033.166668234,261890.583334899,0.00054414231277844,1223,0,1,0,FALSE,FALSE
"CALM1+NOS1+NTRK2",3,1223,261994.066668234,261830.826192041,0.000623069362861717,1223,0,1,0,FALSE,FALSE
"CALM1+NOS1+POU5F1",3,1223,261995.266668235,261878.6333349,0.000445173436978252,1223,0,1,0,FALSE,FALSE
"CALM1+NOS1+PRKCG",3,1223,261999.700001568,261877.066668233,0.000468066693718017,1223,0,1,0,FALSE,FALSE
"CALM1+NOS1+PRKCZ",3,1223,262014.133334901,261562.840477752,0.00172239890804737,1222,0.000817661488143884,2,0.00163532297628777,FALSE,FALSE
"CALM1+NOS1+PYGM",3,1223,262074.716668233,261946.066668232,0.000490890543114242,1223,0,1,0,FALSE,FALSE
"CALM1+NOS1+RAC2",3,1223,262014.516668234,261879.633334899,0.000514793359734589,1223,0,1,0,FALSE,FALSE
"CALM1+NOS1+RARA",3,1223,262010.633334901,261847.083334898,0.000624211307463374,1223,0,1,0,FALSE,FALSE
"CALM1+NOS1+RASA1",3,1223,262021.433334901,261891.100001566,0.000497414778921068,1223,0,1,0,FALSE,FALSE
"CALM1+NOS1+SYK",3,1223,262004.133334901,261874.400001566,0.000495157582758532,1223,0,1,0,FALSE,FALSE
"CALM1+NOS1+TJP1",3,1223,261979.383334902,261777.878572995,0.000769162669755907,1223,0,1,0,FALSE,FALSE
"CALM1+NOS1+TNFSF11",3,1223,261996.050001568,261860.533334899,0.000517246983944064,1223,0,1,0,FALSE,FALSE
"CALM1+NOS1+VIM",3,1223,261992.000001568,261862.316668233,0.000494989668899382,1223,0,1,0,FALSE,FALSE
"CALM1+NOS1+VWF",3,1223,262003.116668234,261872.783334899,0.00049744955324349,1223,0,1,0,FALSE,FALSE
"CALM1+NOS1+XIAP",3,1223,261994.350001568,261862.426192043,0.000503536849266517,1223,0,1,0,FALSE,FALSE
"CALM1+NOS2+NQO1",3,1223,262000.516668233,261842.83214442,0.000601848140676098,1223,0,1,0,FALSE,FALSE
"CALM1+NOS2+NRP1",3,1223,262035.083334901,261986.6333349,0.000184898905079667,1223,0,1,0,FALSE,FALSE
"CALM1+NOS2+NTRK1",3,1223,261997.450001567,261967.9333349,0.000112660129580777,1223,0,1,0,FALSE,FALSE
"CALM1+NOS2+NTRK2",3,1223,261995.9833349,261927.009525375,0.000263262851006529,1223,0,1,0,FALSE,FALSE
"CALM1+NOS2+POU5F1",3,1223,261997.183334901,261974.766668235,8.55607162696392e-05,1223,0,1,0,FALSE,FALSE
"CALM1+NOS2+PRDX1",3,1223,262027.766668234,262004.766668234,8.77769569712639e-05,1223,0,1,0,FALSE,FALSE
"CALM1+NOS2+PRKCZ",3,1223,262016.050001568,261658.973811086,0.00136280273853218,1222,0.000817661488143884,2,0.00163532297628777,FALSE,FALSE
"CALM1+NOS2+PYGM",3,1223,262076.6333349,262042.116668233,0.000131704479823358,1223,0,1,0,FALSE,FALSE
"CALM1+NOS2+RAC2",3,1223,262016.433334901,261975.766668234,0.000155206550021658,1223,0,1,0,FALSE,FALSE
"CALM1+NOS2+RARA",3,1223,262012.550001568,261943.216668232,0.000264618367841196,1223,0,1,0,FALSE,FALSE
"CALM1+NOS2+RASA1",3,1223,262023.350001568,261987.233334901,0.000137837588393364,1223,0,1,0,FALSE,FALSE
"CALM1+NOS2+SOX2",3,1223,261978.483334902,261587.966668229,0.00149064404718025,1222,0.000817661488143884,2,0.00163532297628777,FALSE,FALSE
"CALM1+NOS2+SPP1",3,1223,261995.583334901,261939.050001567,0.000215779718935272,1223,0,1,0,FALSE,FALSE
"CALM1+NOS2+SYK",3,1223,262006.050001568,261970.533334901,0.000135556666216674,1223,0,1,0,FALSE,FALSE
"CALM1+NOS2+TAC1",3,1223,262006.066668234,261600.500001561,0.00154792853398644,1222,0.000817661488143884,2,0.00163532297628777,FALSE,FALSE
"CALM1+NOS2+TFRC",3,1223,262011.883334901,261927.735715852,0.000321159551917027,1223,0,1,0,FALSE,FALSE
"CALM1+NOS2+THBS1",3,1223,261997.483334901,261956.516668234,0.000156362825114109,1223,0,1,0,FALSE,FALSE
"CALM1+NOS2+TJP1",3,1223,261981.300001569,261874.011906329,0.000409525776223552,1223,0,1,0,FALSE,FALSE
"CALM1+NOS2+TNFSF11",3,1223,261997.966668235,261956.666668234,0.000157634811162266,1223,0,1,0,FALSE,FALSE
"CALM1+NOS2+TRPV1",3,1223,262022.3833349,261563.133334895,0.001752712856667,1222,0.000817661488143884,2,0.00163532297628777,FALSE,FALSE
"CALM1+NOS2+TRPV4",3,1223,262044.350001567,261994.926192043,0.000188608567686877,1223,0,1,0,FALSE,FALSE
"CALM1+NOS2+VIM",3,1223,261993.916668235,261958.583334901,0.000134863182256639,1223,0,1,0,FALSE,FALSE
"CALM1+NOS2+VWF",3,1223,262005.033334901,261968.8333349,0.000138165284611746,1223,0,1,0,FALSE,FALSE
"CALM1+NOS2+XIAP",3,1223,261996.266668235,261958.559525377,0.000143922443388123,1223,0,1,0,FALSE,FALSE
"CALM1+NOS2+YWHAZ",3,1223,261977.516668235,261869.266668233,0.000413203397676365,1223,0,1,0,FALSE,FALSE
"CALM1+NRP1+NTRK1",3,1223,262037.466668234,261988.5333349,0.00018674174329647,1223,0,1,0,FALSE,FALSE
"CALM1+NTRK1+NTRK2",3,1223,261998.366668234,261921.959525375,0.000291632134315489,1223,0,1,0,FALSE,FALSE
"CALM1+NTRK1+SCN5A",3,1223,262038.333334901,261970.850001566,0.000257532294895446,1223,0,1,0,FALSE,FALSE
"CALM1+NTRK2+SCN5A",3,1223,262036.866668234,261929.842858708,0.000408430351371947,1223,0,1,0,FALSE,FALSE
"CALM1+NTRK2+TAC1",3,1223,262006.983334901,261561.542858703,0.00170010917468078,1222,0.000817661488143884,2,0.00163532297628777,FALSE,FALSE
"CALM1+POU5F1+SOX2",3,1223,261980.600001571,261595.100001564,0.00147148300295874,1222,0.000817661488143884,2,0.00163532297628777,FALSE,FALSE
"CALM1+PRKCG+SLC6A3",3,1223,262051.450001569,261989.259525378,0.00023732162592871,1223,0,1,0,FALSE,FALSE
"CALM1+PRKCG+TRPV4",3,1223,262050.90000157,262002.242858712,0.000185678213115548,1223,0,1,0,FALSE,FALSE
"CALM1+PRKCZ+RAC2",3,1223,262037.416668237,261666.890477754,0.00141402016244041,1222,0.000817661488143884,2,0.00163532297628777,FALSE,FALSE
"CALM1+PRKCZ+TJP1",3,1223,262002.283334905,261568.08571585,0.00165722837804427,1222,0.000817661488143884,2,0.00163532297628777,FALSE,FALSE
"CALM1+PYGM+SCN5A",3,1223,262117.516668235,262045.033334901,0.000276529910155476,1223,0,1,0,FALSE,FALSE
"CALM1+RAC2+SYK",3,1223,262027.416668237,261980.766668237,0.000178034804882099,1223,0,1,0,FALSE,FALSE
"CALM1+SCN5A+TFRC",3,1223,262052.766668236,261931.085715853,0.000464337598605757,1223,0,1,0,FALSE,FALSE
"CALM1+SCN5A+TJP1",3,1223,262022.183334904,261876.811906331,0.000554805805839553,1223,0,1,0,FALSE,FALSE
"CALM1+SCN5A+VIM",3,1223,262034.80000157,261961.750001569,0.000278779765132464,1223,0,1,0,FALSE,FALSE
"CALM1+SPP1+THBS1",3,1223,261998.000001571,261928.25000157,0.00026622340628768,1223,0,1,0,FALSE,FALSE
"CALM1+SPP1+TNFSF11",3,1223,261998.483334904,261928.250001569,0.000268067709555564,1223,0,1,0,FALSE,FALSE
"CALM1+SPP1+VWF",3,1223,262005.55000157,261941.333334903,0.000245096589241434,1223,0,1,0,FALSE,FALSE
"CALM1+SYK+VWF",3,1223,262016.016668237,261974.033334903,0.00016023193493131,1223,0,1,0,FALSE,FALSE
"CALM1+THBS1+VWF",3,1223,262007.45000157,261957.083334903,0.000192233719563673,1223,0,1,0,FALSE,FALSE
"CALM1+VIM+YWHAZ",3,1223,261976.366668238,261863.666668236,0.000430191476565533,1223,0,1,0,FALSE,FALSE
"CALR+CAMP+MPO",3,1223,262080.750001568,261665.561906322,0.00158419912657892,1222,0.000817661488143884,2,0.00163532297628777,FALSE,FALSE
"CALR+CAMP+THBS1",3,1223,262059.766668236,261690.342858706,0.00140969296518434,1222,0.000817661488143884,2,0.00163532297628777,FALSE,FALSE
"CALR+CAMP+VWF",3,1223,262067.316668235,261703.109525372,0.00138974652579238,1222,0.000817661488143884,2,0.00163532297628777,FALSE,FALSE
"CALR+CDK5+ITPR3",3,1223,262018.566668235,261911.171430137,0.00040987644296997,1223,0,1,0,FALSE,FALSE
"CALR+CDK5+THBS1",3,1223,262012.733334902,261892.571430137,0.000458610935565873,1223,0,1,0,FALSE,FALSE
"CALR+CEBPA+FABP4",3,1223,262020.883334901,261966.676192043,0.000206881001881931,1223,0,1,0,FALSE,FALSE
"CALR+CEBPA+LPL",3,1223,262000.250001567,261850.052382518,0.000573272808129799,1223,0,1,0,FALSE,FALSE
"CALR+CEBPA+RXRA",3,1223,262010.466668235,261941.559525376,0.000262993855684845,1223,0,1,0,FALSE,FALSE
"CALR+CEBPA+THBS1",3,1223,261993.950001569,261944.742858711,0.000187817859372941,1223,0,1,0,FALSE,FALSE
"CALR+CEBPA+VWF",3,1223,262001.500001568,261957.509525377,0.000167901619612887,1223,0,1,0,FALSE,FALSE
"CALR+CFTR+ITPR3",3,1223,262049.166668235,261612.22857299,0.00166738975284597,1222,0.000817661488143884,2,0.00163532297628777,FALSE,FALSE
"CALR+CFTR+TJP1",3,1223,262027.15000157,261515.773811087,0.00195161528292043,1222,0.000817661488143884,2,0.00163532297628777,FALSE,FALSE
"CALR+COL1A1+COL1A2",3,1223,262082.666668235,262008.342858711,0.000283589183782462,1223,0,1,0,TRUE,TRUE
"CALR+COL1A1+ITGA5",3,1223,262065.050001568,261671.309525372,0.00150245321226106,1222,0.000817661488143884,2,0.00163532297628777,FALSE,FALSE
"CALR+COL1A1+SPP1",3,1223,262039.250001569,261946.142858711,0.000355317544442735,1223,0,1,0,FALSE,FALSE
"CALR+COL1A1+VIM",3,1223,262037.583334903,261966.459525378,0.00027142598637675,1223,0,1,0,FALSE,FALSE
"CALR+COL1A2+ITGA5",3,1223,262083.133334902,261735.259525372,0.00132734146262281,1222,0.000817661488143884,2,0.00163532297628777,FALSE,FALSE
"CALR+COL1A2+THBS1",3,1223,262059.233334903,262026.409525378,0.000125253398274294,1223,0,1,0,FALSE,FALSE
"CALR+CTSK+ITPR1",3,1223,262050.433334901,261932.995239661,0.00044815073856419,1223,0,1,0,FALSE,FALSE
"CALR+CTSK+ITPR3",3,1223,262062.133334901,261992.30238252,0.000266467159879991,1223,0,1,0,FALSE,FALSE
"CALR+CTSK+NFATC1",3,1223,262070.133334901,261993.585715853,0.000292088297412896,1223,0,1,0,FALSE,FALSE
"CALR+CTSK+SPP1",3,1223,262054.400001569,261957.55238252,0.000369570665665231,1223,0,1,0,FALSE,FALSE
"CALR+CTSK+THBS1",3,1223,262056.300001569,261973.619049187,0.000315508355958505,1223,0,1,0,FALSE,FALSE
"CALR+CTSK+TNFSF11",3,1223,262056.783334902,261970.15238252,0.000330580843128203,1223,0,1,0,FALSE,FALSE
"CALR+CTSK+VWF",3,1223,262063.850001569,261986.385715853,0.000295593175918318,1223,0,1,0,FALSE,FALSE
"CALR+CYP19A1+ITPR3",3,1223,262044.216668235,261907.309525373,0.00052245817367047,1223,0,1,0,FALSE,FALSE
"CALR+CYP7A1+RXRA",3,1223,262071.300001569,261945.547620614,0.000479840337169413,1223,0,1,0,FALSE,FALSE
"CALR+CYP7A1+THBS1",3,1223,262054.783334903,261950.664287282,0.000397317867263824,1223,0,1,0,FALSE,FALSE
"CALR+DRD2+ITPR1",3,1223,262047.566668234,261926.719049184,0.000461166728569329,1223,0,1,0,FALSE,FALSE
"CALR+DRD2+ITPR3",3,1223,262059.266668235,261986.24285871,0.000278653796346839,1223,0,1,0,FALSE,FALSE
"CALR+DRD2+VWF",3,1223,262060.983334902,261980.459525377,0.000307271263736308,1223,0,1,0,FALSE,FALSE
"CALR+EGR1+ITPR1",3,1223,262000.016668234,261921.285715851,0.000300499799136267,1223,0,1,0,FALSE,FALSE
"CALR+EGR1+ITPR3",3,1223,262011.716668234,261980.726192043,0.000118278970822838,1223,0,1,0,FALSE,FALSE
"CALR+EGR1+THBS1",3,1223,262005.883334902,261962.042858711,0.000167326304406412,1223,0,1,0,FALSE,FALSE
"CALR+EIF2AK2+EIF2S1",3,1223,262100.433334902,261725.892858706,0.00142899602045721,1222,0.000817661488143884,2,0.00163532297628777,TRUE,TRUE
"CALR+EIF2AK2+ITPR1",3,1223,262036.133334901,261941.811906328,0.000359955809807522,1223,0,1,0,FALSE,FALSE
"CALR+EIF2AK2+ITPR3",3,1223,262047.833334902,262001.169049186,0.000178075449513648,1223,0,1,0,FALSE,FALSE
"CALR+EIF2AK2+THBS1",3,1223,262042.000001569,261982.70238252,0.000226290514682592,1223,0,1,0,FALSE,FALSE
"CALR+EIF2AK2+VWF",3,1223,262049.550001569,261995.335715853,0.000206885627985542,1223,0,1,0,FALSE,FALSE
"CALR+EIF2S1+ITPR1",3,1223,262070.283334901,261977.778572995,0.000352976921800585,1223,0,1,0,FALSE,FALSE
"CALR+EIF2S1+ITPR3",3,1223,262081.983334902,262037.085715853,0.000171311352567205,1223,0,1,0,FALSE,FALSE
"CALR+EPOR+THBS1",3,1223,262057.900001569,262017.909525378,0.000152601681502329,1223,0,1,0,FALSE,FALSE
"CALR+ESRRA+ITPR1",3,1223,262054.316668234,261972.335715852,0.000312839541912857,1223,0,1,0,FALSE,FALSE
"CALR+ESRRA+ITPR3",3,1223,262066.016668235,262031.69285871,0.000130973904823306,1223,0,1,0,FALSE,FALSE
"CALR+F2+PLG",3,1223,262066.066668234,261892.34523966,0.00066289173101719,1223,0,1,0,FALSE,FALSE
"CALR+F2+THBS1",3,1223,262037.783334902,261975.04285871,0.00023943293746953,1223,0,1,0,FALSE,FALSE
"CALR+FABP4+FASN",3,1223,262063.683334901,261941.235715851,0.000467243753470736,1223,0,1,0,FALSE,FALSE
"CALR+FABP4+LPL",3,1223,262050.950001567,261891.435715851,0.000608714777472374,1223,0,1,0,FALSE,FALSE
"CALR+FABP4+RXRA",3,1223,262061.166668235,261991.692858709,0.000265105320292336,1223,0,1,0,FALSE,FALSE
"CALR+FABP4+THBS1",3,1223,262044.650001569,261993.376192044,0.00019566821732353,1223,0,1,0,FALSE,FALSE
"CALR+FASN+THBS1",3,1223,262036.750001569,261917.985715852,0.000453235226415494,1223,0,1,0,FALSE,FALSE
"CALR+FASN+VWF",3,1223,262044.300001568,261931.002382519,0.000432360555252309,1223,0,1,0,FALSE,FALSE
"CALR+FKBP1A+ITPR3",3,1223,262040.600001568,261927.959525375,0.000429858869931965,1223,0,1,0,FALSE,FALSE
"CALR+FKBP1A+THBS1",3,1223,262034.766668236,261909.942858709,0.000476363541806135,1223,0,1,0,FALSE,FALSE
"CALR+GJA1+ITPR3",3,1223,262033.916668235,261983.959525377,0.000190651437390721,1223,0,1,0,FALSE,FALSE
"CALR+GJA1+SCN5A",3,1223,262066.550001568,261980.859525376,0.000326979830852947,1223,0,1,0,FALSE,FALSE
"CALR+GJA1+THBS1",3,1223,262028.083334902,261965.442858711,0.000239060162537719,1223,0,1,0,FALSE,FALSE
"CALR+GJA1+TJP1",3,1223,262011.900001569,261882.038096806,0.000495633613444846,1223,0,1,0,FALSE,FALSE
"CALR+GJA1+VWF",3,1223,262035.633334902,261978.209525377,0.000219145040672331,1223,0,1,0,FALSE,FALSE
"CALR+GRIN2A+GRM5",3,1223,262081.283334901,261922.769049184,0.000604828714588002,1223,0,1,0,FALSE,FALSE
"CALR+GRIN2A+ITPR3",3,1223,262030.366668234,261919.357144422,0.00042365136996636,1223,0,1,0,FALSE,FALSE
"CALR+GRIN2B+GRM5",3,1223,262052.433334901,261904.414287279,0.000564845156132976,1223,0,1,0,FALSE,FALSE
"CALR+GRIN2B+ITPR3",3,1223,262001.516668234,261901.985715851,0.000379886932141638,1223,0,1,0,FALSE,FALSE
"CALR+GRIN2B+NTRK2",3,1223,261994.183334901,261852.411906326,0.000541124336312815,1223,0,1,0,FALSE,FALSE
"CALR+GRM5+ITPR3",3,1223,262080.300001568,262010.604763472,0.00026593085438209,1223,0,1,0,FALSE,FALSE
"CALR+HDAC6+ITPR3",3,1223,262017.216668234,261375.220239652,0.00245020703885646,1221,0.00163532297628777,2,0.00326796948289265,FALSE,FALSE
"CALR+HDAC6+THBS1",3,1223,262011.383334902,261356.536906319,0.00249930526012998,1221,0.00163532297628777,2,0.00326796948289265,FALSE,FALSE
"CALR+ITGA5+SPP1",3,1223,262039.716668235,261659.542858705,0.00145082514347128,1222,0.000817661488143884,2,0.00163532297628777,FALSE,FALSE
"CALR+ITPR1+KEAP1",3,1223,262020.516668234,261933.338096803,0.000332716584713011,1223,0,1,0,FALSE,FALSE
"CALR+ITPR1+MAP3K5",3,1223,262000.9833349,261918.619049184,0.000314366322857307,1223,0,1,0,FALSE,FALSE
"CALR+ITPR1+NCOA2",3,1223,262051.066668234,261978.152382519,0.000278244567529784,1223,0,1,0,FALSE,FALSE
"CALR+ITPR1+NFATC1",3,1223,262025.6833349,261947.435715851,0.000298625760854487,1223,0,1,0,FALSE,FALSE
"CALR+ITPR1+NOS2",3,1223,262009.4333349,261939.419049184,0.000267220476853014,1223,0,1,0,FALSE,FALSE
"CALR+ITPR1+NTRK2",3,1223,262010.350001567,261899.561906327,0.000422838621603638,1223,0,1,0,FALSE,FALSE
"CALR+ITPR1+PYGM",3,1223,262091.000001567,262014.235715851,0.000292891727360467,1223,0,1,0,FALSE,FALSE
"CALR+ITPR1+SYK",3,1223,262020.416668235,261942.652382519,0.00029678712332637,1223,0,1,0,FALSE,FALSE
"CALR+ITPR1+TJP1",3,1223,261995.666668235,261846.130953947,0.000570756441087839,1223,0,1,0,FALSE,FALSE
"CALR+ITPR1+TNFSF11",3,1223,262012.333334901,261928.785715852,0.000318869031797564,1223,0,1,0,FALSE,FALSE
"CALR+ITPR1+VIM",3,1223,262008.283334902,261930.702382519,0.00029610114380807,1223,0,1,0,FALSE,FALSE
"CALR+ITPR3+KCNH2",3,1223,262065.416668235,261927.254763471,0.000527203881076743,1223,0,1,0,FALSE,FALSE
"CALR+ITPR3+KEAP1",3,1223,262032.216668234,261992.778572995,0.000150508573871333,1223,0,1,0,FALSE,FALSE
"CALR+ITPR3+MAP3K5",3,1223,262012.6833349,261978.142858709,0.000131827496866022,1223,0,1,0,FALSE,FALSE
"CALR+ITPR3+NFATC1",3,1223,262037.383334901,262006.876192043,0.00011642286481961,1223,0,1,0,FALSE,FALSE
"CALR+ITPR3+NOS2",3,1223,262021.1333349,261998.859525376,8.50076833138758e-05,1223,0,1,0,FALSE,FALSE
"CALR+ITPR3+NTRK1",3,1223,262023.516668234,261999.49285871,9.16856999315652e-05,1223,0,1,0,FALSE,FALSE
"CALR+ITPR3+NTRK2",3,1223,262022.050001567,261959.002382518,0.000240619516748808,1223,0,1,0,FALSE,FALSE
"CALR+ITPR3+PYGM",3,1223,262102.700001567,262073.759525376,0.000110416551187487,1223,0,1,0,FALSE,TRUE
"CALR+ITPR3+SCN5A",3,1223,262062.016668234,262002.226192043,0.000228153919257346,1223,0,1,0,FALSE,FALSE
"CALR+ITPR3+SYK",3,1223,262032.116668235,262002.092858711,0.000114580647235019,1223,0,1,0,FALSE,FALSE
"CALR+ITPR3+TAC1",3,1223,262032.133334901,261631.976192037,0.00152713004230054,1222,0.000817661488143884,2,0.00163532297628777,FALSE,FALSE
"CALR+ITPR3+TFRC",3,1223,262037.950001568,261959.261906328,0.00030029274476806,1223,0,1,0,FALSE,FALSE
"CALR+ITPR3+TJP1",3,1223,262007.366668236,261905.571430139,0.000388520519063684,1223,0,1,0,FALSE,FALSE
"CALR+ITPR3+TNFSF11",3,1223,262024.033334902,261988.226192044,0.000136655948701381,1223,0,1,0,FALSE,FALSE
"CALR+ITPR3+TRPV1",3,1223,262048.450001568,261594.959525371,0.00173055965869462,1222,0.000817661488143884,2,0.00163532297628777,FALSE,FALSE
"CALR+ITPR3+TRPV4",3,1223,262070.416668234,262026.569049186,0.000167312356753824,1223,0,1,0,FALSE,FALSE
"CALR+ITPR3+VIM",3,1223,262019.983334902,261990.142858711,0.000113886260930451,1223,0,1,0,FALSE,FALSE
"CALR+ITPR3+YWHAZ",3,1223,262003.583334902,261900.992858709,0.000391561347699909,1223,0,1,0,FALSE,FALSE
"CALR+KEAP1+THBS1",3,1223,262026.383334902,261974.178572996,0.000199234753544331,1223,0,1,0,FALSE,FALSE
"CALR+LPL+THBS1",3,1223,262024.016668235,261868.285715852,0.000594338466997746,1223,0,1,0,FALSE,FALSE
"CALR+LPL+VWF",3,1223,262031.566668234,261881.002382518,0.000574603616010805,1223,0,1,0,FALSE,FALSE
"CALR+MAP3K5+YWHAZ",3,1223,261986.883334902,261872.642858709,0.000436054182327061,1223,0,1,0,FALSE,FALSE
"CALR+MPO+THBS1",3,1223,262038.700001569,261941.911906328,0.000369365651866738,1223,0,1,0,FALSE,FALSE
"CALR+MPO+VWF",3,1223,262046.250001568,261954.595239661,0.000349765592548845,1223,0,1,0,FALSE,FALSE
"CALR+NCOA2+RXRA",3,1223,262073.450001569,262012.29285871,0.00023335878876074,1223,0,1,0,FALSE,FALSE
"CALR+NFATC1+TNFSF11",3,1223,262032.033334902,261981.409525377,0.000193197025877723,1223,0,1,0,FALSE,FALSE
"CALR+NOS1+NOS2",3,1223,262010.966668233,261893.559525375,0.000448100109516347,1223,0,1,0,FALSE,FALSE
"CALR+NOS1+VWF",3,1223,262020.933334901,261897.042858709,0.00047282663493875,1223,0,1,0,FALSE,FALSE
"CALR+NOS2+THBS1",3,1223,262015.300001568,261980.259525377,0.000133734465853075,1223,0,1,0,FALSE,FALSE
"CALR+NTRK1+NTRK2",3,1223,262016.183334901,261944.235715851,0.000274592271871765,1223,0,1,0,FALSE,FALSE
"CALR+NTRK1+THBS1",3,1223,262017.683334902,261980.809525377,0.000140730232612962,1223,0,1,0,FALSE,FALSE
"CALR+NTRK2+TAC1",3,1223,262024.800001568,261583.735715846,0.00168329213768803,1222,0.000817661488143884,2,0.00163532297628777,FALSE,FALSE
"CALR+NTRK2+THBS1",3,1223,262016.216668235,261940.402382519,0.000289349593242005,1223,0,1,0,FALSE,FALSE
"CALR+NTRK2+VWF",3,1223,262023.766668235,261953.169049186,0.000269432120401758,1223,0,1,0,FALSE,FALSE
"CALR+PRKCG+THBS1",3,1223,262021.850001571,261986.076192047,0.000136529871551105,1223,0,1,0,FALSE,FALSE
"CALR+PRKCG+TRPV4",3,1223,262068.716668237,262024.169049189,0.000169984497251696,1223,0,1,0,FALSE,FALSE
"CALR+SIRT3+THBS1",3,1223,262052.916668237,262005.076192046,0.000182560365285966,1223,0,1,0,FALSE,FALSE
"CALR+SPP1+TNFSF11",3,1223,262016.300001571,261950.009525379,0.000253001344540094,1223,0,1,0,FALSE,FALSE
"CALR+STAT4+THBS1",3,1223,262043.966668237,261930.207144426,0.000434123804710085,1223,0,1,0,FALSE,FALSE
"CALR+STAT4+VWF",3,1223,262051.516668236,261942.840477758,0.000414713075733042,1223,0,1,0,FALSE,FALSE
"CALR+SYK+THBS1",3,1223,262026.283334904,261983.40952538,0.000163624079915214,1223,0,1,0,FALSE,FALSE
"CALR+TAC1+VWF",3,1223,262033.85000157,261625.976192039,0.00155656915901592,1222,0.000817661488143884,2,0.00163532297628777,FALSE,FALSE
"CALR+TFRC+THBS1",3,1223,262032.116668237,261940.161906331,0.000350929355818486,1223,0,1,0,FALSE,FALSE
"CALR+TFRC+VWF",3,1223,262039.666668236,261953.078572997,0.000330438884847184,1223,0,1,0,FALSE,FALSE
"CALR+THBS1+TJP1",3,1223,262001.533334905,261886.888096808,0.000437574683771036,1223,0,1,0,FALSE,FALSE
"CALR+THBS1+TNFSF11",3,1223,262018.200001571,261969.542858713,0.000185701385849391,1223,0,1,0,FALSE,FALSE
"CALR+THBS1+VIM",3,1223,262014.150001571,261971.10952538,0.000164267754970249,1223,0,1,0,FALSE,FALSE
"CALR+THBS1+YWHAZ",3,1223,261997.750001572,261882.176192045,0.000441125198691328,1223,0,1,0,FALSE,FALSE
"CALR+TJP1+VWF",3,1223,262009.083334904,261899.571430141,0.000417969878636515,1223,0,1,0,FALSE,FALSE
"CALR+TNFSF11+VWF",3,1223,262025.75000157,261982.309525379,0.000165787050284472,1223,0,1,0,FALSE,FALSE
"CALR+VIM+YWHAZ",3,1223,261994.183334905,261885.592858712,0.000414476668186281,1223,0,1,0,FALSE,FALSE
"CALR+VWF+YWHAZ",3,1223,262005.300001571,261894.992858712,0.000421011112595071,1223,0,1,0,FALSE,FALSE
"CAMP+CEBPA+HNF4A",3,1223,262026.150001568,261635.166668228,0.00149215386837354,1222,0.000817661488143884,2,0.00163532297628777,FALSE,FALSE
"CAMP+CEBPA+MPO",3,1223,262056.933334901,261632.969049179,0.00161783273705696,1222,0.000817661488143884,2,0.00163532297628777,FALSE,FALSE
"CAMP+CEBPA+RARA",3,1223,262051.016668235,261642.166668227,0.00156019238240812,1222,0.000817661488143884,2,0.00163532297628777,FALSE,FALSE
"CAMP+CEBPA+RXRA",3,1223,262052.466668235,261654.283334895,0.00151947943250919,1222,0.000817661488143884,2,0.00163532297628777,FALSE,FALSE
"CAMP+COL1A1+COL1A2",3,1223,262124.666668235,261722.000001563,0.00153616472570373,1222,0.000817661488143884,2,0.00163532297628777,FALSE,TRUE
"CAMP+COL1A1+MPO",3,1223,262104.133334902,261652.902382514,0.00172157129552597,1222,0.000817661488143884,2,0.00163532297628777,FALSE,FALSE
"CAMP+COL1A1+SOX9",3,1223,262096.350001569,261685.383334896,0.00156799843519484,1222,0.000817661488143884,2,0.00163532297628777,FALSE,FALSE
"CAMP+COL1A1+SPP1",3,1223,262081.250001569,261659.883334896,0.00160777112697075,1222,0.000817661488143884,2,0.00163532297628777,FALSE,FALSE
"CAMP+COL1A1+THBS1",3,1223,262083.150001569,261670.16666823,0.00157577216748483,1222,0.000817661488143884,2,0.00163532297628777,FALSE,FALSE
"CAMP+COL1A1+VIM",3,1223,262079.583334903,261680.200001564,0.00152390097792876,1222,0.000817661488143884,2,0.00163532297628777,FALSE,FALSE
"CAMP+COL1A1+VWF",3,1223,262090.700001569,261690.083334896,0.00152854209123054,1222,0.000817661488143884,2,0.00163532297628777,FALSE,FALSE
"CAMP+COL1A2+MPO",3,1223,262122.216668235,261716.502382514,0.00154780579409963,1222,0.000817661488143884,2,0.00163532297628777,FALSE,FALSE
"CAMP+CTSK+MPO",3,1223,262119.283334902,261661.695239656,0.00174572465415013,1222,0.000817661488143884,2,0.00163532297628777,FALSE,FALSE
"CAMP+CTSK+NFATC1",3,1223,262112.133334901,261706.426192038,0.00154783808632342,1222,0.000817661488143884,2,0.00163532297628777,TRUE,TRUE
"CAMP+CTSK+SPP1",3,1223,262096.400001569,261670.259525372,0.00162589213814057,1222,0.000817661488143884,2,0.00163532297628777,FALSE,FALSE
"CAMP+CTSK+TNFSF11",3,1223,262098.783334903,261682.992858705,0.00158638842541325,1222,0.000817661488143884,2,0.00163532297628777,FALSE,TRUE
"CAMP+EGR1+MPO",3,1223,262068.866668235,261650.669049179,0.00159575467460871,1222,0.000817661488143884,2,0.00163532297628777,FALSE,FALSE
"CAMP+FGF23+MPO",3,1223,262137.866668235,261718.135715846,0.00160118397896214,1222,0.000817661488143884,2,0.00163532297628777,TRUE,TRUE
"CAMP+HNF4A+MPO",3,1223,262070.900001568,261636.719049179,0.00165673087850005,1222,0.000817661488143884,2,0.00163532297628777,FALSE,FALSE
"CAMP+HNF4A+NCOA2",3,1223,262089.133334902,261711.550001562,0.00144066764056583,1222,0.000817661488143884,2,0.00163532297628777,FALSE,FALSE
"CAMP+MB+MPO",3,1223,262121.100001568,261706.235715847,0.00158271991731751,1222,0.000817661488143884,2,0.00163532297628777,TRUE,TRUE
"CAMP+MPO+NCF2",3,1223,262107.933334901,261701.535715847,0.00155049720885547,1222,0.000817661488143884,2,0.00163532297628777,FALSE,FALSE
"CAMP+MPO+NOS2",3,1223,262078.283334901,261668.452382513,0.00156377303442767,1222,0.000817661488143884,2,0.00163532297628777,FALSE,TRUE
"CAMP+MPO+OPRM1",3,1223,262126.916668235,261700.252382513,0.00162770115768729,1222,0.000817661488143884,2,0.00163532297628777,TRUE,TRUE
"CAMP+MPO+PLG",3,1223,262108.983334901,261580.57143013,0.00201600074155406,1222,0.000817661488143884,2,0.00163532297628777,FALSE,FALSE
"CAMP+MPO+RAC2",3,1223,262099.650001568,261676.652382513,0.00161388090007952,1222,0.000817661488143884,2,0.00163532297628777,FALSE,FALSE
"CAMP+MPO+SPP1",3,1223,262078.800001569,261640.06904918,0.00167404212926103,1222,0.000817661488143884,2,0.00163532297628777,FALSE,FALSE
"CAMP+MPO+SYK",3,1223,262089.266668235,261671.46904918,0.00159410426976325,1222,0.000817661488143884,2,0.00163532297628777,FALSE,FALSE
"CAMP+MPO+TAC1",3,1223,262089.283334902,261301.83571584,0.00300450140136033,1221,0.00163532297628777,3,0.00326930771773415,FALSE,FALSE
"CAMP+MPO+TFRC",3,1223,262095.100001568,261628.271430131,0.00178114192685808,1222,0.000817661488143884,2,0.00163532297628777,TRUE,TRUE
"CAMP+MPO+THBS1",3,1223,262080.700001569,261657.585715847,0.00161444274881473,1222,0.000817661488143884,2,0.00163532297628777,FALSE,FALSE
"CAMP+MPO+TNFSF11",3,1223,262081.183334902,261657.902382513,0.00161507570670516,1222,0.000817661488143884,2,0.00163532297628777,FALSE,FALSE
"CAMP+MPO+VIM",3,1223,262077.133334902,261659.735715847,0.00159265180347445,1222,0.000817661488143884,2,0.00163532297628777,FALSE,FALSE
"CAMP+MPO+VWF",3,1223,262088.250001568,261669.902382513,0.00159620898324386,1222,0.000817661488143884,2,0.00163532297628777,FALSE,FALSE
"CAMP+NCF2+RAC2",3,1223,262105.900001569,261740.166668229,0.00139536474889368,1222,0.000817661488143884,2,0.00163532297628777,TRUE,TRUE
"CAMP+NCOA2+RARA",3,1223,262114.000001569,261716.933334894,0.00151486248987909,1222,0.000817661488143884,2,0.00163532297628777,TRUE,TRUE
"CAMP+NCOA2+RXRA",3,1223,262115.450001569,261724.933334895,0.00148986512115723,1222,0.000817661488143884,2,0.00163532297628777,TRUE,TRUE
"CAMP+NFATC1+TNFSF11",3,1223,262074.033334902,261694.733334895,0.00144730095988466,1222,0.000817661488143884,2,0.00163532297628777,FALSE,FALSE
"CAMP+PLG+THBS1",3,1223,262088.00000157,261606.019049182,0.00183900427484551,1222,0.000817661488143884,2,0.00163532297628777,FALSE,FALSE
"CAMP+PLG+VWF",3,1223,262095.55000157,261616.269049181,0.00182864971338048,1222,0.000817661488143884,2,0.00163532297628777,FALSE,FALSE
"CAMP+PRKCZ+RAC2",3,1223,262097.233334904,261401.690477749,0.00265375886767139,1221,0.00163532297628777,3,0.00326930771773415,TRUE,TRUE
"CAMP+RAC2+SYK",3,1223,262087.233334904,261715.233334898,0.00141937474508946,1222,0.000817661488143884,2,0.00163532297628777,FALSE,FALSE
"CAMP+RARA+RXRA",3,1223,262091.30000157,261637.40000156,0.0017318392484118,1222,0.000817661488143884,2,0.00163532297628777,FALSE,FALSE
"CAMP+SPP1+THBS1",3,1223,262057.816668238,261662.983334898,0.00150666497324825,1222,0.000817661488143884,2,0.00163532297628777,FALSE,FALSE
"CAMP+SPP1+TNFSF11",3,1223,262058.300001571,261663.200001564,0.00150767977966904,1222,0.000817661488143884,2,0.00163532297628777,FALSE,FALSE
"CAMP+SPP1+VWF",3,1223,262065.366668237,261676.066668231,0.00148550724178453,1222,0.000817661488143884,2,0.00163532297628777,FALSE,FALSE
"CAMP+SYK+VWF",3,1223,262075.833334904,261708.766668231,0.00140061241817602,1222,0.000817661488143884,2,0.00163532297628777,FALSE,FALSE
"CAMP+THBS1+VWF",3,1223,262067.266668237,261691.816668231,0.00143264744498361,1222,0.000817661488143884,2,0.00163532297628777,FALSE,FALSE
"CANX+CFTR+EIF2S1",3,1223,262140.650001569,261691.328572991,0.0017140471291851,1222,0.000817661488143884,2,0.00163532297628777,FALSE,TRUE
"CANX+CFTR+GJA1",3,1223,262092.583334902,261637.402382515,0.00173671817262189,1222,0.000817661488143884,2,0.00163532297628777,FALSE,FALSE
"CANX+CFTR+KEAP1",3,1223,262090.883334902,261646.821430133,0.00169430504074786,1222,0.000817661488143884,2,0.00163532297628777,FALSE,FALSE
"CANX+CFTR+MAP3K5",3,1223,262071.350001568,261632.019049181,0.00167637917072805,1222,0.000817661488143884,2,0.00163532297628777,FALSE,FALSE
"CANX+CFTR+NOS2",3,1223,262079.800001568,261652.819049181,0.00162920206892825,1222,0.000817661488143884,2,0.00163532297628777,FALSE,FALSE
"CANX+CFTR+TFRC",3,1223,262096.616668236,261613.621430133,0.00184281370832695,1222,0.000817661488143884,2,0.00163532297628777,TRUE,TRUE
"CANX+CFTR+VIM",3,1223,262078.65000157,261644.102382516,0.00165808095795428,1222,0.000817661488143884,2,0.00163532297628777,FALSE,FALSE
"CANX+COL1A1+SPP1",3,1223,262078.133334903,261992.092858711,0.000328300858588926,1223,0,1,0,FALSE,FALSE
"CANX+COL1A1+THBS1",3,1223,262080.033334903,262002.459525379,0.000295992825310121,1223,0,1,0,FALSE,FALSE
"CANX+COL1A1+VIM",3,1223,262076.466668236,262012.409525379,0.000244421575396836,1223,0,1,0,FALSE,FALSE
"CANX+COL1A1+VWF",3,1223,262087.583334902,262022.292858712,0.000249117014091138,1223,0,1,0,FALSE,FALSE
"CANX+DUOX2+RAC2",3,1223,262175.033334903,261846.050001564,0.00125482327265936,1222,0.000817661488143884,2,0.00163532297628777,TRUE,TRUE
"CANX+EIF2AK2+EIF2S1",3,1223,262139.316668236,261770.82619204,0.00140570472556056,1222,0.000817661488143884,2,0.00163532297628777,TRUE,TRUE
"CANX+EIF2AK2+ITPR1",3,1223,262075.016668235,261988.745239662,0.000329186008151239,1223,0,1,0,FALSE,FALSE
"CANX+EIF2AK2+ITPR3",3,1223,262086.716668235,262045.769049187,0.000156236911083352,1223,0,1,0,FALSE,TRUE
"CANX+EIF2S1+ITPR1",3,1223,262109.166668235,262024.711906329,0.000322212164419522,1223,0,1,0,FALSE,FALSE
"CANX+EIF2S1+ITPR3",3,1223,262120.866668235,262081.685715854,0.000149476662731129,1223,0,1,0,TRUE,TRUE
"CANX+F2+PLG",3,1223,262104.950001568,261937.44523966,0.000639075156371072,1223,0,1,0,FALSE,FALSE
"CANX+F2+VWF",3,1223,262084.216668235,262029.84285871,0.000207466936454348,1223,0,1,0,FALSE,FALSE
"CANX+FKBP1A+ITPR3",3,1223,262079.483334902,261972.559525375,0.000407982373002547,1223,0,1,0,FALSE,FALSE
"CANX+GJA1+ITPR3",3,1223,262072.800001568,262028.559525377,0.000168809873404174,1223,0,1,0,FALSE,FALSE
"CANX+GJA1+TJP1",3,1223,262050.783334903,261926.97143014,0.000472472942792512,1223,0,1,0,FALSE,FALSE
"CANX+GRM5+ITPR3",3,1223,262119.183334901,262055.454763472,0.000243128223651246,1223,0,1,0,TRUE,TRUE
"CANX+HDAC6+ITPR3",3,1223,262056.100001568,261419.820239652,0.00242802881486837,1221,0.00163532297628777,2,0.00326796948289265,FALSE,FALSE
"CANX+ITPR1+KEAP1",3,1223,262059.400001567,261980.35476347,0.000301630997004976,1223,0,1,0,FALSE,FALSE
"CANX+ITPR1+MAP3K5",3,1223,262039.866668234,261965.552382518,0.000283599158634851,1223,0,1,0,FALSE,FALSE
"CANX+ITPR1+NOS2",3,1223,262048.316668234,261986.352382518,0.00023646130035615,1223,0,1,0,FALSE,FALSE
"CANX+ITPR1+RAC2",3,1223,262069.683334902,261994.819049186,0.000285665570938898,1223,0,1,0,FALSE,FALSE
"CANX+ITPR1+THBS1",3,1223,262050.733334902,261975.619049186,0.000286640242367908,1223,0,1,0,FALSE,FALSE
"CANX+ITPR1+TJP1",3,1223,262034.550001569,261893.064287281,0.000539950606845863,1223,0,1,0,FALSE,FALSE
"CANX+ITPR1+VIM",3,1223,262047.166668235,261977.635715853,0.000265337546925482,1223,0,1,0,FALSE,FALSE
"CANX+ITPR1+VWF",3,1223,262058.283334901,261988.019049186,0.00026812465082815,1223,0,1,0,FALSE,FALSE
"CANX+ITPR3+KCNH2",3,1223,262104.300001568,261972.104763472,0.000504361195507785,1223,0,1,0,TRUE,TRUE
"CANX+ITPR3+KEAP1",3,1223,262071.100001568,262037.461906329,0.000128354844309841,1223,0,1,0,FALSE,TRUE
"CANX+ITPR3+MAP3K5",3,1223,262051.566668234,262022.74285871,0.000109992891440314,1223,0,1,0,FALSE,FALSE
"CANX+ITPR3+NOS2",3,1223,262060.016668234,262043.459525377,6.31807288568043e-05,1223,0,1,0,FALSE,TRUE
"CANX+ITPR3+RAC2",3,1223,262081.383334902,262051.926192044,0.00011239692984899,1223,0,1,0,FALSE,FALSE
"CANX+ITPR3+TFRC",3,1223,262076.833334901,262003.861906329,0.000278435249861708,1223,0,1,0,FALSE,TRUE
"CANX+ITPR3+THBS1",3,1223,262062.433334902,262032.592858711,0.000113867813143376,1223,0,1,0,FALSE,FALSE
"CANX+ITPR3+TJP1",3,1223,262046.250001569,261950.17143014,0.00036664738163239,1223,0,1,0,FALSE,FALSE
"CANX+ITPR3+VIM",3,1223,262058.866668236,262034.742858711,9.20549257918957e-05,1223,0,1,0,FALSE,FALSE
"CANX+ITPR3+VWF",3,1223,262069.983334902,262044.992858711,9.53580256420894e-05,1223,0,1,0,FALSE,FALSE
"CANX+ITPR3+YWHAZ",3,1223,262042.466668236,261945.676192043,0.000369369428639521,1223,0,1,0,FALSE,FALSE
"CANX+MAP3K5+YWHAZ",3,1223,262025.766668235,261917.659525376,0.000412582106844361,1223,0,1,0,FALSE,FALSE
"CANX+NOS1+NOS2",3,1223,262049.850001567,261938.492858709,0.000424946409463445,1223,0,1,0,FALSE,FALSE
"CANX+PLG+THBS1",3,1223,262084.883334904,261937.71190633,0.00056154108051143,1223,0,1,0,FALSE,FALSE
"CANX+PLG+VWF",3,1223,262092.433334903,261947.96190633,0.000551223195326078,1223,0,1,0,FALSE,FALSE
"CANX+SPP1+THBS1",3,1223,262054.700001571,261994.85952538,0.000228351089261891,1223,0,1,0,FALSE,FALSE
"CANX+SPP1+VWF",3,1223,262062.250001571,262007.942858713,0.000207229934329978,1223,0,1,0,FALSE,FALSE
"CANX+THBS1+VWF",3,1223,262064.150001571,262023.692858713,0.000154378776560993,1223,0,1,0,FALSE,FALSE
"CANX+VIM+YWHAZ",3,1223,262033.066668239,261930.609525379,0.000391008448521579,1223,0,1,0,FALSE,FALSE
"CD274+CDK5+PRDX1",3,1223,262037.916668235,261940.678572995,0.000371084064768379,1223,0,1,0,FALSE,FALSE
"CD274+CEBPA+HNF4A",3,1223,261979.050001568,261922.600001567,0.000215475245063934,1223,0,1,0,FALSE,FALSE
"CD274+CEBPA+IDO1",3,1223,262014.716668235,261869.809525375,0.000553049632868174,1223,0,1,0,FALSE,FALSE
"CD274+CEBPA+LPL",3,1223,261995.150001568,261850.876192042,0.000550673588897488,1223,0,1,0,FALSE,FALSE
"CD274+CEBPA+RARA",3,1223,262003.916668235,261929.6833349,0.000283329097822249,1223,0,1,0,FALSE,FALSE
"CD274+COL1A1+COL1A2",3,1223,262077.566668235,262009.516668235,0.000259655951728721,1223,0,1,0,FALSE,FALSE
"CD274+COL1A1+ITGA5",3,1223,262059.950001569,261672.56666823,0.00147822409848042,1222,0.000817661488143884,2,0.00163532297628777,FALSE,FALSE
"CD274+COL1A1+SOX9",3,1223,262049.250001569,261972.733334901,0.000291993457973483,1223,0,1,0,FALSE,FALSE
"CD274+COL1A1+SPP1",3,1223,262034.150001569,261947.400001568,0.000331063718223001,1223,0,1,0,FALSE,FALSE
"CD274+COL1A1+THBS1",3,1223,262036.050001569,261957.683334902,0.000299068264335123,1223,0,1,0,FALSE,FALSE
"CD274+COL1A1+VIM",3,1223,262032.483334903,261967.716668236,0.000247170373088412,1223,0,1,0,FALSE,FALSE
"CD274+COL1A1+VWF",3,1223,262043.600001569,261977.600001568,0.000251866483287677,1223,0,1,0,FALSE,FALSE
"CD274+COL1A2+ITGA5",3,1223,262078.033334902,261735.750001563,0.0013060359503746,1222,0.000817661488143884,2,0.00163532297628777,FALSE,FALSE
"CD274+CRH+IDO1",3,1223,262069.783334901,261940.176192042,0.000494552028128425,1223,0,1,0,FALSE,FALSE
"CD274+CRH+NPY",3,1223,262041.533334901,261503.152382512,0.00205456343327248,1222,0.000817661488143884,2,0.00163532297628777,FALSE,FALSE
"CD274+DLG1+GRIN2B",3,1223,262032.516668235,261921.742858708,0.000422748332669198,1223,0,1,0,FALSE,FALSE
"CD274+EGR1+IDO1",3,1223,262026.650001568,261884.909525375,0.000540939160929121,1223,0,1,0,FALSE,FALSE
"CD274+EIF2AK2+EIF2S1",3,1223,262095.333334902,261726.383334897,0.00140769389256379,1222,0.000817661488143884,2,0.00163532297628777,FALSE,FALSE
"CD274+EIF2AK2+IDO1",3,1223,262062.766668235,261908.052382518,0.00059037110721194,1223,0,1,0,FALSE,FALSE
"CD274+EPOR+IDO1",3,1223,262078.666668235,261943.376192042,0.000516220865714012,1223,0,1,0,FALSE,FALSE
"CD274+F2+FURIN",3,1223,262074.833334901,262012.8833349,0.000236382865204443,1223,0,1,0,FALSE,FALSE
"CD274+F2+IDO1",3,1223,262058.550001568,261900.192858708,0.000604281535020013,1223,0,1,0,FALSE,FALSE
"CD274+F2+VWF",3,1223,262040.233334902,261985.2333349,0.000209891432705778,1223,0,1,0,FALSE,FALSE
"CD274+FURIN+IDO1",3,1223,262080.633334901,261932.776192041,0.000564166611544681,1223,0,1,0,FALSE,FALSE
"CD274+FURIN+NRP1",3,1223,262092.366668235,262038.000001567,0.000207433231877108,1223,0,1,0,FALSE,FALSE
"CD274+GATM+GLUL",3,1223,262166.716668235,262003.930953949,0.000620924411588897,1223,0,1,0,FALSE,FALSE
"CD274+GATM+IDO1",3,1223,262112.666668235,261871.480953947,0.000920160468983244,1223,0,1,0,FALSE,FALSE
"CD274+GATM+NOS1",3,1223,262082.466668235,261884.421430138,0.000755660005088421,1223,0,1,0,FALSE,FALSE
"CD274+GATM+NOS2",3,1223,262084.383334901,261963.588096806,0.000460902082597747,1223,0,1,0,FALSE,FALSE
"CD274+GLUL+IDO1",3,1223,262118.400001568,261955.369049185,0.000621974467959752,1223,0,1,0,FALSE,FALSE
"CD274+GRIN2B+NTRK2",3,1223,261989.083334901,261853.169049183,0.000518778431480849,1223,0,1,0,FALSE,FALSE
"CD274+GRIN2B+RASA1",3,1223,262016.450001568,261915.909525375,0.000383718183314063,1223,0,1,0,FALSE,FALSE
"CD274+GSTP1+PRDX1",3,1223,262056.583334902,261582.34047775,0.001809696406465,1222,0.000817661488143884,2,0.00163532297628777,FALSE,FALSE
"CD274+HNF4A+NANOG",3,1223,262006.516668234,261968.333334901,0.000145734288671151,1223,0,1,0,FALSE,FALSE
"CD274+HNF4A+SOX2",3,1223,261983.816668236,261581.450001563,0.00153584550293917,1222,0.000817661488143884,2,0.00163532297628777,FALSE,FALSE
"CD274+IDO1+MPO",3,1223,262059.466668234,261867.111906326,0.00073401188040978,1223,0,1,0,FALSE,FALSE
"CD274+IDO1+NFATC1",3,1223,262052.316668234,261913.526192042,0.000529628884634592,1223,0,1,0,FALSE,FALSE
"CD274+IDO1+NOS2",3,1223,262036.066668234,261905.459525375,0.000498431931603593,1223,0,1,0,FALSE,FALSE
"CD274+IDO1+NRP1",3,1223,262076.083334901,261925.442858708,0.000574796731836691,1223,0,1,0,FALSE,FALSE
"CD274+IDO1+PNP",3,1223,262113.000001568,261961.292858708,0.000578785267645987,1223,0,1,0,FALSE,FALSE
"CD274+IDO1+PTGS1",3,1223,262078.933334901,261924.476192042,0.000589353523742342,1223,0,1,0,FALSE,FALSE
"CD274+IDO1+RARA",3,1223,262053.550001568,261881.259525374,0.000657462858997926,1223,0,1,0,FALSE,FALSE
"CD274+IDO1+SOD2",3,1223,262048.416668235,261843.628572993,0.000781489534817936,1223,0,1,0,FALSE,FALSE
"CD274+IDO1+SPP1",3,1223,262036.583334902,261877.176192042,0.000608339266339519,1223,0,1,0,FALSE,FALSE
"CD274+IDO1+STAT4",3,1223,262064.733334901,261855.266668231,0.000799293609653917,1223,0,1,0,FALSE,FALSE
"CD274+IDO1+SYK",3,1223,262047.050001569,261908.659525376,0.000528113085767945,1223,0,1,0,FALSE,FALSE
"CD274+IDO1+TFRC",3,1223,262052.883334901,261865.511906327,0.000715013802520148,1223,0,1,0,FALSE,FALSE
"CD274+IDO1+THBS1",3,1223,262038.483334902,261894.776192043,0.000548419991714955,1223,0,1,0,FALSE,FALSE
"CD274+IDO1+TJP1",3,1223,262022.300001569,261812.180953947,0.000801912843375718,1223,0,1,0,FALSE,FALSE
"CD274+IDO1+TNFSF11",3,1223,262038.966668235,261894.876192042,0.000549881866904078,1223,0,1,0,FALSE,FALSE
"CD274+IDO1+VWF",3,1223,262046.033334902,261906.959525375,0.000530722819026774,1223,0,1,0,FALSE,FALSE
"CD274+IDO1+XIAP",3,1223,262037.266668236,261896.585715852,0.000536873835435547,1223,0,1,0,FALSE,FALSE
"CD274+ITGA5+SPP1",3,1223,262034.616668236,261660.033334896,0.00142951850447237,1222,0.000817661488143884,2,0.00163532297628777,FALSE,FALSE
"CD274+ITGA5+THBS1",3,1223,262036.516668236,261676.833334897,0.00137264583544516,1222,0.000817661488143884,2,0.00163532297628777,FALSE,FALSE
"CD274+ITGA5+VWF",3,1223,262044.066668235,261689.950001563,0.00135136304047978,1222,0.000817661488143884,2,0.00163532297628777,FALSE,FALSE
"CD274+ITPR1+ITPR3",3,1223,262012.583334901,261885.988096803,0.000483164726236773,1223,0,1,0,FALSE,FALSE
"CD274+ITPR1+PRKCG",3,1223,262010.883334902,261944.809525377,0.000252179637287964,1223,0,1,0,FALSE,FALSE
"CD274+ITPR3+NOS1",3,1223,262014.116668234,261905.366668233,0.00041505397260333,1223,0,1,0,FALSE,FALSE
"CD274+ITPR3+PRKCG",3,1223,262022.583334902,262004.916668235,6.74242137529424e-05,1223,0,1,0,FALSE,FALSE
"CD274+KEAP1+NQO1",3,1223,262024.316668234,261861.534525373,0.000621248229671689,1223,0,1,0,FALSE,FALSE
"CD274+MAOA+MAOB",3,1223,262084.566668235,261924.759525374,0.000609754114451633,1223,0,1,0,FALSE,FALSE
"CD274+MAOA+TPH1",3,1223,262115.7333349,262056.066668232,0.00022763481576904,1223,0,1,0,FALSE,FALSE
"CD274+MAOB+SLC6A3",3,1223,262102.350001567,262040.759525376,0.000234986356250744,1223,0,1,0,FALSE,FALSE
"CD274+MAOB+TPH1",3,1223,262128.416668234,262087.8833349,0.000154631588018317,1223,0,1,0,FALSE,FALSE
"CD274+MAP3K5+YWHAZ",3,1223,261981.783334902,261872.833334899,0.000415868609700554,1223,0,1,0,FALSE,FALSE
"CD274+MT-CYB+NCF2",3,1223,262079.516668235,262021.150001568,0.000222705945926438,1223,0,1,0,FALSE,FALSE
"CD274+MT-CYB+PTGS1",3,1223,262092.733334902,262003.2833349,0.000341291415688061,1223,0,1,0,FALSE,FALSE
"CD274+MT-CYB+RAC2",3,1223,262071.233334902,262000.783334901,0.000268820042186868,1223,0,1,0,FALSE,FALSE
"CD274+NANOG+SOX2",3,1223,261997.316668235,261619.016668229,0.00144390791790072,1222,0.000817661488143884,2,0.00163532297628777,FALSE,FALSE
"CD274+NFATC1+TNFSF11",3,1223,262026.933334902,261981.983334901,0.000171547250615856,1223,0,1,0,FALSE,FALSE
"CD274+NOS1+NOS2",3,1223,262005.866668234,261893.583334899,0.000428552744876853,1223,0,1,0,FALSE,FALSE
"CD274+NRP1+NTRK1",3,1223,262050.183334901,262010.866668234,0.000150034875638139,1223,0,1,0,FALSE,FALSE
"CD274+NTRK1+NTRK2",3,1223,262011.083334901,261944.859525376,0.000252751939659346,1223,0,1,0,FALSE,FALSE
"CD274+POU5F1+SOX2",3,1223,261993.316668238,261617.433334898,0.00143470580898941,1222,0.000817661488143884,2,0.00163532297628777,FALSE,FALSE
"CD274+PRDX1+SOD2",3,1223,262052.833334904,261968.152382521,0.000323144578537105,1223,0,1,0,FALSE,FALSE
"CD274+PRKCG+SLC6A3",3,1223,262064.166668236,262011.676192045,0.000200296274223799,1223,0,1,0,FALSE,FALSE
"CD274+PRKCZ+RAC2",3,1223,262050.133334904,261689.223811088,0.00137725373089059,1222,0.000817661488143884,2,0.00163532297628777,FALSE,FALSE
"CD274+PRKCZ+TJP1",3,1223,262015.000001572,261590.33571585,0.00162076326057303,1222,0.000817661488143884,2,0.00163532297628777,FALSE,FALSE
"CD274+SIRT3+SOD2",3,1223,262057.75000157,261956.335715854,0.000386992125650076,1223,0,1,0,FALSE,FALSE
"CD274+SOD2+STAT4",3,1223,262048.80000157,261883.750001567,0.000629844517516465,1223,0,1,0,FALSE,FALSE
"CD274+SPP1+THBS1",3,1223,262010.716668238,261950.416668237,0.000230143258136972,1223,0,1,0,FALSE,FALSE
"CD274+SPP1+TNFSF11",3,1223,262011.200001571,261950.50000157,0.000231669485887487,1223,0,1,0,FALSE,FALSE
"CD274+SPP1+VWF",3,1223,262018.266668237,261963.50000157,0.000209018506091008,1223,0,1,0,FALSE,FALSE
"CD274+THBS1+VWF",3,1223,262020.166668237,261979.25000157,0.000156158463630374,1223,0,1,0,FALSE,FALSE
"CD274+TPH1+YWHAZ",3,1223,262066.133334903,261970.116668235,0.000366383345480004,1223,0,1,0,FALSE,FALSE
"CD274+VIM+YWHAZ",3,1223,261989.083334905,261885.783334903,0.000394291237967526,1223,0,1,0,FALSE,FALSE
"CDK5+CEBPA+FABP4",3,1223,262015.850001568,261881.661906327,0.000512137320092143,1223,0,1,0,FALSE,FALSE
"CDK5+CEBPA+HNF4A",3,1223,261979.116668235,261837.228572993,0.00054160078500054,1223,0,1,0,FALSE,FALSE
"CDK5+CEBPA+PRDX1",3,1223,262019.200001569,261907.561906328,0.000426068376822575,1223,0,1,0,FALSE,FALSE
"CDK5+CEBPA+RARA",3,1223,262003.983334902,261843.861906326,0.000611141199221676,1223,0,1,0,FALSE,FALSE
"CDK5+CEBPA+RXRA",3,1223,262005.433334902,261856.511906326,0.000568390611904057,1223,0,1,0,FALSE,FALSE
"CDK5+COMT+DRD1",3,1223,262125.250001569,261944.297620613,0.000690327928938861,1223,0,1,0,FALSE,FALSE
"CDK5+COMT+DRD2",3,1223,262104.616668235,261892.211906326,0.000810381612536326,1223,0,1,0,FALSE,FALSE
"CDK5+COMT+HTR2A",3,1223,262130.266668235,261964.44523966,0.000632591690698958,1223,0,1,0,FALSE,FALSE
"CDK5+COMT+MAOB",3,1223,262111.216668235,261937.24523966,0.000663731338120144,1223,0,1,0,FALSE,FALSE
"CDK5+DLG1+PRDX1",3,1223,262084.900001569,261976.678572994,0.000412925081048177,1223,0,1,0,FALSE,FALSE
"CDK5+DRD2+HTR2A",3,1223,262109.766668235,261950.14523966,0.000608986954602209,1223,0,1,0,FALSE,FALSE
"CDK5+EGR1+PRDX1",3,1223,262031.133334902,261924.911906327,0.000405377129131024,1223,0,1,0,FALSE,FALSE
"CDK5+EIF2AK2+PRDX1",3,1223,262067.250001569,261945.388096804,0.00046500241737335,1223,0,1,0,FALSE,FALSE
"CDK5+ESRRA+NCOA2",3,1223,262094.366668235,261977.545239661,0.00044572277557664,1223,0,1,0,FALSE,FALSE
"CDK5+FABP4+RXRA",3,1223,262056.133334902,261906.678572993,0.000570315832745916,1223,0,1,0,FALSE,FALSE
"CDK5+FURIN+NRP1",3,1223,262092.433334902,261866.558334898,0.000861814273419359,1223,0,1,0,FALSE,FALSE
"CDK5+GJA1+TJP1",3,1223,262006.866668236,261797.157144423,0.000800397052489465,1223,0,1,0,FALSE,FALSE
"CDK5+GRM5+HTR2A",3,1223,262130.800001568,261976.523811089,0.000588546597646289,1223,0,1,0,FALSE,FALSE
"CDK5+GSR+KEAP1",3,1223,262064.750001568,261868.380953944,0.000749314998002681,1223,0,1,0,FALSE,FALSE
"CDK5+GSR+SOD2",3,1223,262066.016668235,261812.264287277,0.000968276559412562,1223,0,1,0,FALSE,FALSE
"CDK5+HK2+PRDX1",3,1223,262075.933334902,261907.330953946,0.000643334085701941,1223,0,1,0,FALSE,FALSE
"CDK5+HNF4A+NANOG",3,1223,262006.583334901,261882.961906327,0.000471825657969993,1223,0,1,0,FALSE,FALSE
"CDK5+HNF4A+NCOA2",3,1223,262042.100001569,261913.778572994,0.000489697756863805,1223,0,1,0,FALSE,FALSE
"CDK5+HNF4A+PRDX1",3,1223,262033.166668235,261911.561906327,0.000464081564383712,1223,0,1,0,FALSE,FALSE
"CDK5+HTR2A+HTR3A",3,1223,262176.950001568,262049.311906328,0.000486839499961533,1223,0,1,0,FALSE,FALSE
"CDK5+ITPR3+PRDX1",3,1223,262048.800001568,261952.545239661,0.000367316171289489,1223,0,1,0,FALSE,FALSE
"CDK5+KEAP1+PRDX1",3,1223,262051.633334902,261936.914287279,0.000437772686865179,1223,0,1,0,FALSE,FALSE
"CDK5+NANOG+POU5F1",3,1223,262016.083334902,261915.028572994,0.000385681522376613,1223,0,1,0,FALSE,FALSE
"CDK5+NANOG+PRDX1",3,1223,262046.666668235,261952.795239661,0.000358224089502146,1223,0,1,0,FALSE,FALSE
"CDK5+NCOA2+RARA",3,1223,262066.966668236,261918.795239659,0.0005653952898379,1223,0,1,0,FALSE,FALSE
"CDK5+NCOA2+RXRA",3,1223,262068.416668236,261927.328572993,0.000538363596177649,1223,0,1,0,FALSE,FALSE
"CDK5+NFATC1+TNFSF11",3,1223,262027.000001568,261896.611906327,0.000497613204901826,1223,0,1,0,FALSE,FALSE
"CDK5+NOS2+PRDX1",3,1223,262040.550001568,261942.99523966,0.000372288799985299,1223,0,1,0,FALSE,FALSE
"CDK5+NRP1+NTRK1",3,1223,262050.250001568,261839.508334899,0.000804203265091896,1223,0,1,0,FALSE,FALSE
"CDK5+NTRK1+NTRK2",3,1223,262011.150001567,261858.588096802,0.000582272566510667,1223,0,1,0,FALSE,FALSE
"CDK5+NTRK1+PRDX1",3,1223,262042.933334901,261943.211906327,0.000380553779128379,1223,0,1,0,FALSE,FALSE
"CDK5+NTRK2+PRDX1",3,1223,262041.466668235,261903.038096803,0.000528269716974283,1223,0,1,0,FALSE,FALSE
"CDK5+POU5F1+PRDX1",3,1223,262042.666668238,261950.46190633,0.000351869270297955,1223,0,1,0,FALSE,FALSE
"CDK5+PRDX1+PRKCZ",3,1223,262061.533334904,261634.669049181,0.00162887044233906,1222,0.000817661488143884,2,0.00163532297628777,FALSE,FALSE
"CDK5+PRDX1+RAC2",3,1223,262061.916668237,261951.595239663,0.000420974668798979,1223,0,1,0,FALSE,FALSE
"CDK5+PRDX1+RARA",3,1223,262058.033334904,261918.628572994,0.000531961413795634,1223,0,1,0,FALSE,FALSE
"CDK5+PRDX1+RRM1",3,1223,262137.60000157,262015.664287281,0.0004651591923025,1223,0,1,0,TRUE,TRUE
"CDK5+PRDX1+SIRT3",3,1223,262078.166668237,261967.978572996,0.000420439812449214,1223,0,1,0,TRUE,TRUE
"CDK5+PRDX1+STAT4",3,1223,262069.216668237,261892.642858709,0.000673767838026307,1223,0,1,0,FALSE,FALSE
"CDK5+PRDX1+THBS1",3,1223,262042.966668238,261932.21190633,0.000422658784991703,1223,0,1,0,FALSE,FALSE
"CDK5+PRDX1+VIM",3,1223,262039.400001571,261934.278572997,0.000401166498525618,1223,0,1,0,FALSE,FALSE
"CDK5+PRDX1+XIAP",3,1223,262041.750001571,261934.204763473,0.000410412608286337,1223,0,1,0,FALSE,FALSE
"CDK5+PRKCZ+RAC2",3,1223,262050.200001571,261603.819049181,0.0017034177130465,1222,0.000817661488143884,2,0.00163532297628777,FALSE,FALSE
"CDK5+PRKCZ+TJP1",3,1223,262015.066668238,261504.880953943,0.0019471617444865,1222,0.000817661488143884,2,0.00163532297628777,FALSE,FALSE
"CDK5+RARA+RXRA",3,1223,262044.266668237,261839.378572992,0.000781883526206784,1223,0,1,0,FALSE,FALSE
"CDK5+SIRT3+SOD2",3,1223,262057.816668237,261870.56428728,0.000714546062153043,1223,0,1,0,FALSE,FALSE
"CDK5+SOD2+STAT4",3,1223,262048.866668237,261797.59523966,0.000958872410980027,1223,0,1,0,FALSE,FALSE
"CEBPA+COL1A1+COL1A2",3,1223,262058.850001568,261976.300001568,0.000315005579853311,1223,0,1,0,FALSE,FALSE
"CEBPA+COL1A1+FABP4",3,1223,262044.266668235,261953.866668234,0.000344979881262586,1223,0,1,0,FALSE,FALSE
"CEBPA+COL1A1+HNF4A",3,1223,262007.533334901,261909.050001567,0.000375879777503196,1223,0,1,0,FALSE,FALSE
"CEBPA+COL1A1+ITGA5",3,1223,262041.233334902,261639.350001562,0.00153366448564007,1222,0.000817661488143884,2,0.00163532297628777,FALSE,FALSE
"CEBPA+COL1A1+LPL",3,1223,262023.633334901,261837.159525376,0.000711667902440594,1223,0,1,0,FALSE,FALSE
"CEBPA+COL1A1+RXRA",3,1223,262033.850001568,261928.6333349,0.000401538452636352,1223,0,1,0,FALSE,FALSE
"CEBPA+COL1A1+SOX9",3,1223,262030.533334902,261939.383334901,0.000347860223923413,1223,0,1,0,FALSE,FALSE
"CEBPA+COL1A1+SPP1",3,1223,262015.433334902,261914.183334901,0.000386427618832119,1223,0,1,0,FALSE,FALSE
"CEBPA+COL1A1+THBS1",3,1223,262017.333334902,261924.466668235,0.000354429477948059,1223,0,1,0,FALSE,FALSE
"CEBPA+COL1A1+VIM",3,1223,262013.766668236,261934.500001568,0.000302528633037813,1223,0,1,0,FALSE,FALSE
"CEBPA+COL1A1+VWF",3,1223,262024.883334902,261944.383334901,0.000307222730054679,1223,0,1,0,FALSE,FALSE
"CEBPA+COL1A2+FABP4",3,1223,262062.350001568,262017.533334901,0.000171015281924758,1223,0,1,0,FALSE,FALSE
"CEBPA+COL1A2+HNF4A",3,1223,262025.616668235,261972.800001567,0.00020157062251791,1223,0,1,0,FALSE,FALSE
"CEBPA+COL1A2+ITGA5",3,1223,262059.316668235,261702.633334896,0.00136107862095469,1222,0.000817661488143884,2,0.00163532297628777,FALSE,FALSE
"CEBPA+COL1A2+LPL",3,1223,262041.716668234,261900.642858709,0.000538363934258657,1223,0,1,0,FALSE,FALSE
"CEBPA+CRH+HCRT",3,1223,262072.716668234,262003.304763471,0.000264857424479237,1223,0,1,0,FALSE,FALSE
"CEBPA+CRH+NPY",3,1223,262022.816668234,261469.569049178,0.00211144825511811,1222,0.000817661488143884,2,0.00163532297628777,FALSE,FALSE
"CEBPA+CRH+RARA",3,1223,262040.266668235,261966.750001566,0.000280554846031067,1223,0,1,0,FALSE,FALSE
"CEBPA+CRH+TAC1",3,1223,262033.783334901,261624.633334895,0.00156143988305391,1222,0.000817661488143884,2,0.00163532297628777,FALSE,FALSE
"CEBPA+CS+FABP4",3,1223,262070.033334902,261973.385715852,0.000368785464784915,1223,0,1,0,FALSE,FALSE
"CEBPA+CS+FASN",3,1223,262062.133334902,261904.078572994,0.000603119420176546,1223,0,1,0,FALSE,FALSE
"CEBPA+CS+HNF4A",3,1223,262033.300001568,261929.052382519,0.000397841110457708,1223,0,1,0,FALSE,FALSE
"CEBPA+CS+LPL",3,1223,262049.400001568,261828.89523966,0.000841462571203988,1223,0,1,0,FALSE,FALSE
"CEBPA+CS+RARA",3,1223,262058.166668236,261935.752382518,0.000467126391342831,1223,0,1,0,FALSE,FALSE
"CEBPA+CS+RXRA",3,1223,262059.616668235,261948.335715852,0.000424639835005292,1223,0,1,0,FALSE,FALSE
"CEBPA+CS+SOD2",3,1223,262053.033334902,261904.438096804,0.000567042618080049,1223,0,1,0,FALSE,FALSE
"CEBPA+CTSK+HNF4A",3,1223,262022.683334901,261918.176192043,0.000398847693368842,1223,0,1,0,FALSE,FALSE
"CEBPA+CTSK+NFATC1",3,1223,262046.316668234,261960.959525376,0.00032573303812633,1223,0,1,0,FALSE,FALSE
"CEBPA+CTSK+RARA",3,1223,262047.550001568,261925.659525375,0.000465146406415262,1223,0,1,0,FALSE,FALSE
"CEBPA+CTSK+SPP1",3,1223,262030.583334902,261924.926192044,0.000403224469120556,1223,0,1,0,FALSE,FALSE
"CEBPA+CTSK+TNFSF11",3,1223,262032.966668235,261937.526192043,0.000364230796626175,1223,0,1,0,FALSE,FALSE
"CEBPA+CYP51A1+FABP4",3,1223,262120.333334902,262068.933334902,0.000196093142972975,1223,0,1,0,FALSE,FALSE
"CEBPA+CYP51A1+HNF4A",3,1223,262083.600001569,262024.283334902,0.000226327273690319,1223,0,1,0,FALSE,FALSE
"CEBPA+CYP51A1+LPL",3,1223,262099.700001569,261952.14285871,0.000562980968150883,1223,0,1,0,FALSE,FALSE
"CEBPA+CYP51A1+RXRA",3,1223,262109.916668237,262043.566668235,0.000253138075983372,1223,0,1,0,FALSE,FALSE
"CEBPA+CYP51A1+SQLE",3,1223,262189.316668235,262134.411906331,0.000209408844731862,1223,0,1,0,TRUE,TRUE
"CEBPA+CYP7A1+FABP4",3,1223,262057.900001568,261939.938096804,0.000450136800925982,1223,0,1,0,FALSE,FALSE
"CEBPA+CYP7A1+LPL",3,1223,262037.266668235,261822.96428728,0.000817831691193094,1223,0,1,0,FALSE,FALSE
"CEBPA+CYP7A1+NR1H4",3,1223,262068.050001569,261920.247620614,0.000563984739666457,1223,0,1,0,FALSE,FALSE
"CEBPA+CYP7A1+NR1I2",3,1223,262081.583334902,261945.621430138,0.000518777027498807,1223,0,1,0,FALSE,FALSE
"CEBPA+CYP7A1+RARA",3,1223,262046.033334902,261902.288096803,0.00054854956691941,1223,0,1,0,FALSE,FALSE
"CEBPA+CYP7A1+SQLE",3,1223,262126.883334902,262007.1333349,0.000456839826875499,1223,0,1,0,FALSE,FALSE
"CEBPA+DGAT1+FABP4",3,1223,262086.850001569,261891.769049185,0.00074433704851129,1223,0,1,0,FALSE,FALSE
"CEBPA+DGAT1+FASN",3,1223,262078.950001569,261819.628572994,0.00098947827963014,1223,0,1,0,FALSE,FALSE
"CEBPA+DGAT1+HNF4A",3,1223,262050.116668235,261845.835715852,0.000779549175482619,1223,0,1,0,FALSE,FALSE
"CEBPA+DGAT1+RXRA",3,1223,262076.433334903,261865.385715851,0.00080529033597454,1223,0,1,0,FALSE,FALSE
"CEBPA+DLG1+GRIN2A",3,1223,262042.650001568,261911.364287279,0.000501008955174687,1223,0,1,0,FALSE,FALSE
"CEBPA+DLG1+GRIN2B",3,1223,262013.800001568,261888.542858708,0.00047805551791269,1223,0,1,0,FALSE,FALSE
"CEBPA+DLG1+HNF4A",3,1223,262026.033334901,261958.516668233,0.000257671597774678,1223,0,1,0,FALSE,FALSE
"CEBPA+DLG1+RARA",3,1223,262050.900001568,261965.466668232,0.000326018087843272,1223,0,1,0,FALSE,FALSE
"CEBPA+DLG1+RXRA",3,1223,262052.350001568,261977.8833349,0.000284167139383174,1223,0,1,0,FALSE,FALSE
"CEBPA+EGR1+FABP4",3,1223,262009.000001568,261951.400001566,0.00021983977649942,1223,0,1,0,FALSE,FALSE
"CEBPA+EGR1+HNF4A",3,1223,261972.266668234,261906.8333349,0.000249771986044589,1223,0,1,0,FALSE,FALSE
"CEBPA+EGR1+LPL",3,1223,261988.366668234,261834.592858709,0.000586948998846148,1223,0,1,0,FALSE,FALSE
"CEBPA+EGR1+RARA",3,1223,261997.133334902,261913.833334899,0.000317942410064886,1223,0,1,0,FALSE,FALSE
"CEBPA+EGR1+RXRA",3,1223,261998.583334901,261925.950001566,0.0002772279621156,1223,0,1,0,FALSE,FALSE
"CEBPA+EIF2AK2+EIF2S1",3,1223,262076.616668235,261693.26666823,0.00146274018979287,1222,0.000817661488143884,2,0.00163532297628777,FALSE,FALSE
"CEBPA+EIF2AK2+HNF4A",3,1223,262008.383334902,261927.309525376,0.00030943212004575,1223,0,1,0,FALSE,FALSE
"CEBPA+EIF2AK2+RARA",3,1223,262033.250001569,261934.709525375,0.000376060962463898,1223,0,1,0,FALSE,FALSE
"CEBPA+EPOR+LPL",3,1223,262040.383334901,261890.842858709,0.000570677215050552,1223,0,1,0,FALSE,FALSE
"CEBPA+EPOR+RARA",3,1223,262049.150001569,261969.916668233,0.000302360581346695,1223,0,1,0,FALSE,FALSE
"CEBPA+ESRRA+FABP4",3,1223,262063.300001568,262002.316668233,0.000232704592112665,1223,0,1,0,FALSE,FALSE
"CEBPA+ESRRA+HNF4A",3,1223,262026.566668235,261957.666668233,0.000262950436199616,1223,0,1,0,FALSE,FALSE
"CEBPA+ESRRA+LPL",3,1223,262042.666668234,261885.426192042,0.000600056770112323,1223,0,1,0,FALSE,FALSE
"CEBPA+ESRRA+NCOA2",3,1223,262075.583334902,262029.633334901,0.00017533109882284,1223,0,1,0,FALSE,FALSE
"CEBPA+ESRRA+RARA",3,1223,262051.433334902,261964.666668232,0.000331105484008276,1223,0,1,0,FALSE,FALSE
"CEBPA+ESRRA+RXRA",3,1223,262052.883334902,261976.950001566,0.000289763395727394,1223,0,1,0,FALSE,FALSE
"CEBPA+F2+FURIN",3,1223,262056.116668234,261979.766668232,0.000291349810768615,1223,0,1,0,FALSE,FALSE
"CEBPA+F2+HNF4A",3,1223,262004.166668234,261919.866668233,0.000321750608296312,1223,0,1,0,FALSE,FALSE
"CEBPA+F2+LPL",3,1223,262020.266668234,261847.842858708,0.000658055240224553,1223,0,1,0,FALSE,FALSE
"CEBPA+F2+VWF",3,1223,262021.516668235,261952.116668233,0.000264863744336541,1223,0,1,0,FALSE,FALSE
"CEBPA+FABP4+GCK",3,1223,262064.333334901,261965.595239661,0.000376770444048491,1223,0,1,0,FALSE,FALSE
"CEBPA+FABP4+HCRT",3,1223,262068.350001568,261981.304763471,0.000332147083370593,1223,0,1,0,FALSE,FALSE
"CEBPA+FABP4+KCNJ11",3,1223,262056.883334901,261378.888096793,0.0025872063709238,1221,0.00163532297628777,2,0.00326796948289265,FALSE,FALSE
"CEBPA+FABP4+MB",3,1223,262061.233334901,262007.4333349,0.000205295530805727,1223,0,1,0,FALSE,FALSE
"CEBPA+FABP4+MGLL",3,1223,262114.316668235,262011.850001567,0.000390923578576174,1223,0,1,0,FALSE,FALSE
"CEBPA+FABP4+NCOA2",3,1223,262060.050001568,262008.1333349,0.00019810980982149,1223,0,1,0,FALSE,FALSE
"CEBPA+FABP4+NPPA",3,1223,262056.700001568,261995.0333349,0.000235318031049814,1223,0,1,0,FALSE,FALSE
"CEBPA+FABP4+NPY",3,1223,262018.450001567,261448.852382511,0.00217388362938709,1222,0.000817661488143884,2,0.00163532297628777,FALSE,FALSE
"CEBPA+FABP4+NR1H4",3,1223,262057.916668235,261975.792858709,0.000313380380067452,1223,0,1,0,FALSE,FALSE
"CEBPA+FABP4+NR1I2",3,1223,262071.450001568,261996.5833349,0.000285672730348963,1223,0,1,0,FALSE,FALSE
"CEBPA+FABP4+NTRK1",3,1223,262020.800001567,261970.116668233,0.000193432480681044,1223,0,1,0,FALSE,FALSE
"CEBPA+FABP4+NTRK2",3,1223,262019.333334901,261929.842858708,0.000341541500214149,1223,0,1,0,FALSE,FALSE
"CEBPA+FABP4+SIRT3",3,1223,262056.033334901,261994.3833349,0.000235255030065606,1223,0,1,0,FALSE,FALSE
"CEBPA+FABP4+SOD2",3,1223,262030.766668235,261910.285715852,0.000459796969321968,1223,0,1,0,FALSE,FALSE
"CEBPA+FABP4+SOX9",3,1223,262034.033334901,261964.4833349,0.000265423537225473,1223,0,1,0,FALSE,FALSE
"CEBPA+FABP4+SQLE",3,1223,262116.750001568,262048.345239662,0.0002609705862201,1223,0,1,0,FALSE,FALSE
"CEBPA+FABP4+TAC1",3,1223,262029.416668235,261602.550001561,0.0016290791778325,1222,0.000817661488143884,2,0.00163532297628777,FALSE,FALSE
"CEBPA+FABP4+TFRC",3,1223,262035.233334901,261929.602382518,0.00040311736341081,1223,0,1,0,FALSE,FALSE
"CEBPA+FABP4+TH",3,1223,262019.216668234,261878.566668231,0.000536792689452392,1223,0,1,0,FALSE,FALSE
"CEBPA+FABP4+THBS1",3,1223,262020.833334902,261958.533334901,0.000237767353107321,1223,0,1,0,FALSE,FALSE
"CEBPA+FABP4+VWF",3,1223,262028.383334901,261970.9333349,0.000219251056964853,1223,0,1,0,FALSE,FALSE
"CEBPA+FASN+HNF4A",3,1223,262003.133334901,261862.342858709,0.000537361803274128,1223,0,1,0,FALSE,FALSE
"CEBPA+FASN+RARA",3,1223,262028.000001568,261869.342858707,0.000605496904376057,1223,0,1,0,FALSE,FALSE
"CEBPA+FASN+RXRA",3,1223,262029.450001568,261881.626192041,0.000564149600457697,1223,0,1,0,FALSE,FALSE
"CEBPA+FASN+SQLE",3,1223,262108.850001568,261979.361906327,0.000494024124860548,1223,0,1,0,FALSE,FALSE
"CEBPA+FKBP1A+RARA",3,1223,262026.016668235,261861.816668231,0.000626655330230541,1223,0,1,0,FALSE,FALSE
"CEBPA+FURIN+HNF4A",3,1223,262026.250001568,261951.766668233,0.000284259051658409,1223,0,1,0,FALSE,FALSE
"CEBPA+FURIN+NRP1",3,1223,262073.650001568,262004.8833349,0.00026239443251197,1223,0,1,0,FALSE,FALSE
"CEBPA+GCK+HK2",3,1223,262070.366668235,261888.697620614,0.000693207133376728,1223,0,1,0,FALSE,FALSE
"CEBPA+GJA1+HNF4A",3,1223,261994.466668235,261910.1833349,0.000321698906111667,1223,0,1,0,FALSE,FALSE
"CEBPA+GJA1+RARA",3,1223,262019.333334902,261917.266668232,0.000389538685447888,1223,0,1,0,FALSE,FALSE
"CEBPA+GJA1+RXRA",3,1223,262020.783334902,261929.466668233,0.000348509249939011,1223,0,1,0,FALSE,FALSE
"CEBPA+GJA1+TJP1",3,1223,261988.083334903,261849.41190633,0.00052930433631837,1223,0,1,0,FALSE,FALSE
"CEBPA+GRIN2A+HNF4A",3,1223,261990.916668234,261845.764287279,0.000554035929187013,1223,0,1,0,FALSE,FALSE
"CEBPA+GRIN2B+HNF4A",3,1223,261962.066668234,261828.009525374,0.00051174257618547,1223,0,1,0,FALSE,FALSE
"CEBPA+GRIN2B+NTRK2",3,1223,261970.366668234,261819.969049183,0.000574101647311642,1223,0,1,0,FALSE,FALSE
"CEBPA+GRIN2B+RARA",3,1223,261986.933334901,261834.97619204,0.000580018021996254,1223,0,1,0,FALSE,FALSE
"CEBPA+GRIN2B+RASA1",3,1223,261997.733334901,261882.709525375,0.000439025971952445,1223,0,1,0,FALSE,FALSE
"CEBPA+GRIN2B+RXRA",3,1223,261988.383334901,261847.609525374,0.000537328440810003,1223,0,1,0,FALSE,FALSE
"CEBPA+GSTP1+HNF4A",3,1223,261997.783334901,261474.69047775,0.00199655451467207,1222,0.000817661488143884,2,0.00163532297628777,FALSE,FALSE
"CEBPA+GSTP1+PRDX1",3,1223,262037.866668235,261549.173811083,0.00186497036999023,1222,0.000817661488143884,2,0.00163532297628777,FALSE,FALSE
"CEBPA+GSTP1+RARA",3,1223,262022.650001568,261481.607144414,0.00206487056424476,1222,0.000817661488143884,2,0.00163532297628777,FALSE,FALSE
"CEBPA+GSTP1+RXRA",3,1223,262024.100001568,261492.057144415,0.00203051115202657,1222,0.000817661488143884,2,0.00163532297628777,FALSE,FALSE
"CEBPA+HCRT+RARA",3,1223,262056.483334902,261943.938096803,0.00042946939020938,1223,0,1,0,FALSE,FALSE
"CEBPA+HDAC6+HNF4A",3,1223,261977.766668234,261301.277382509,0.00258223930346635,1221,0.00163532297628777,2,0.00326796948289265,FALSE,FALSE
"CEBPA+HDAC6+RARA",3,1223,262002.633334902,261308.444049174,0.00264955079607954,1221,0.00163532297628777,2,0.00326796948289265,FALSE,FALSE
"CEBPA+HDAC6+RXRA",3,1223,262004.083334901,261320.560715841,0.0026088242990715,1221,0.00163532297628777,2,0.00326796948289265,FALSE,FALSE
"CEBPA+HK2+HNF4A",3,1223,262017.066668235,261887.085715851,0.000496078190768356,1223,0,1,0,FALSE,FALSE
"CEBPA+HK2+LPL",3,1223,262033.166668234,261816.44523966,0.000827076325221388,1223,0,1,0,FALSE,FALSE
"CEBPA+HK2+RARA",3,1223,262041.933334902,261896.252382517,0.000555945189880447,1223,0,1,0,FALSE,FALSE
"CEBPA+HNF4A+ITGA5",3,1223,262008.000001568,261623.066668228,0.00146916633590344,1222,0.000817661488143884,2,0.00163532297628777,FALSE,FALSE
"CEBPA+HNF4A+KCNJ11",3,1223,262020.150001568,261334.171430126,0.00261803747321498,1221,0.00163532297628777,2,0.00326796948289265,FALSE,FALSE
"CEBPA+HNF4A+KEAP1",3,1223,261992.766668234,261918.835715852,0.000282186998223355,1223,0,1,0,FALSE,FALSE
"CEBPA+HNF4A+MAP3K5",3,1223,261973.2333349,261904.200001566,0.000263512926323317,1223,0,1,0,FALSE,FALSE
"CEBPA+HNF4A+MPO",3,1223,262005.083334901,261886.385715851,0.000453035557703818,1223,0,1,0,FALSE,FALSE
"CEBPA+HNF4A+NFATC1",3,1223,261997.933334901,261932.9333349,0.000248093560028084,1223,0,1,0,FALSE,FALSE
"CEBPA+HNF4A+NPY",3,1223,261981.716668234,261404.452382511,0.00220345256555976,1222,0.000817661488143884,2,0.00163532297628777,FALSE,FALSE
"CEBPA+HNF4A+NQO1",3,1223,261987.133334901,261800.582144421,0.000712062413544268,1223,0,1,0,FALSE,FALSE
"CEBPA+HNF4A+NTRK1",3,1223,261984.066668234,261925.550001566,0.000223359639430321,1223,0,1,0,FALSE,FALSE
"CEBPA+HNF4A+NTRK2",3,1223,261982.600001567,261885.276192042,0.000371489593297025,1223,0,1,0,FALSE,FALSE
"CEBPA+HNF4A+POU5F1",3,1223,261983.800001569,261932.383334901,0.000196258954436201,1223,0,1,0,FALSE,FALSE
"CEBPA+HNF4A+PRDX1",3,1223,262014.383334901,261962.383334901,0.000198462387213216,1223,0,1,0,FALSE,FALSE
"CEBPA+HNF4A+PRKCZ",3,1223,262002.666668235,261616.590477753,0.00147355824805706,1222,0.000817661488143884,2,0.00163532297628777,FALSE,FALSE
"CEBPA+HNF4A+RASA1",3,1223,262009.966668235,261944.850001567,0.000248527441515267,1223,0,1,0,FALSE,FALSE
"CEBPA+HNF4A+SIRT3",3,1223,262019.300001568,261949.7333349,0.000265502070524559,1223,0,1,0,FALSE,FALSE
"CEBPA+HNF4A+SOD2",3,1223,261994.033334902,261865.635715852,0.000490078409097983,1223,0,1,0,FALSE,FALSE
"CEBPA+HNF4A+SOX9",3,1223,261997.300001568,261919.8333349,0.000295677347314283,1223,0,1,0,FALSE,FALSE
"CEBPA+HNF4A+SPP1",3,1223,261982.200001568,261896.500001567,0.00032712146092706,1223,0,1,0,FALSE,FALSE
"CEBPA+HNF4A+SQLE",3,1223,262080.016668234,262003.745239662,0.000291023442162253,1223,0,1,0,FALSE,FALSE
"CEBPA+HNF4A+SYK",3,1223,261992.666668235,261928.150001567,0.00024625371193765,1223,0,1,0,FALSE,FALSE
"CEBPA+HNF4A+THBS1",3,1223,261984.100001569,261913.966668234,0.000267700724333797,1223,0,1,0,FALSE,FALSE
"CEBPA+HNF4A+TJP1",3,1223,261967.916668236,261831.628572996,0.000520247276739716,1223,0,1,0,FALSE,FALSE
"CEBPA+HNF4A+TNFSF11",3,1223,261984.583334902,261914.2833349,0.000268336400204849,1223,0,1,0,FALSE,FALSE
"CEBPA+HNF4A+TYMS",3,1223,262032.233334901,261944.335715852,0.000335445826378677,1223,0,1,0,FALSE,FALSE
"CEBPA+HNF4A+VIM",3,1223,261980.533334902,261916.200001568,0.000245565319359708,1223,0,1,0,FALSE,FALSE
"CEBPA+HNF4A+XIAP",3,1223,261982.883334902,261916.176192044,0.000254624050277319,1223,0,1,0,FALSE,FALSE
"CEBPA+HNF4A+YWHAZ",3,1223,261964.133334902,261826.966668233,0.000523608575430434,1223,0,1,0,FALSE,FALSE
"CEBPA+IDO1+RARA",3,1223,262034.833334901,261844.67619204,0.000725694139368738,1223,0,1,0,FALSE,FALSE
"CEBPA+IDO1+RXRA",3,1223,262036.283334901,261856.82619204,0.000684856083962959,1223,0,1,0,FALSE,FALSE
"CEBPA+ITGA5+LPL",3,1223,262024.100001568,261551.176192036,0.00180488668610401,1222,0.000817661488143884,2,0.00163532297628777,FALSE,FALSE
"CEBPA+ITGA5+SPP1",3,1223,262015.900001569,261626.916668229,0.00148457911652533,1222,0.000817661488143884,2,0.00163532297628777,FALSE,FALSE
"CEBPA+ITGA5+THBS1",3,1223,262017.800001569,261643.716668229,0.001427701985656,1222,0.000817661488143884,2,0.00163532297628777,FALSE,FALSE
"CEBPA+ITGA5+VWF",3,1223,262025.350001568,261656.833334895,0.00140641608405689,1222,0.000817661488143884,2,0.00163532297628777,FALSE,FALSE
"CEBPA+KCNJ11+RARA",3,1223,262045.016668235,261341.721430125,0.00268387182878926,1221,0.00163532297628777,2,0.00326796948289265,FALSE,FALSE
"CEBPA+KCNJ11+RXRA",3,1223,262046.466668235,261354.004763459,0.00264251570944796,1221,0.00163532297628777,2,0.00326796948289265,FALSE,FALSE
"CEBPA+KCNJ11+XIAP",3,1223,262028.733334902,261360.271430127,0.0025511015386277,1221,0.00163532297628777,2,0.00326796948289265,FALSE,FALSE
"CEBPA+KEAP1+NQO1",3,1223,262005.600001567,261828.417858706,0.000676253266571725,1223,0,1,0,FALSE,FALSE
"CEBPA+KEAP1+RARA",3,1223,262017.633334901,261925.685715851,0.000350921492878742,1223,0,1,0,FALSE,FALSE
"CEBPA+KEAP1+RXRA",3,1223,262019.083334901,261938.202382518,0.000308683441502478,1223,0,1,0,FALSE,FALSE
"CEBPA+LPL+MB",3,1223,262040.600001568,261890.709525375,0.000572012414075229,1223,0,1,0,FALSE,FALSE
"CEBPA+LPL+MPO",3,1223,262021.183334901,261813.128572993,0.000794037944792936,1223,0,1,0,FALSE,FALSE
"CEBPA+LPL+NANOG",3,1223,262003.900001567,261862.909525375,0.000538123578279981,1223,0,1,0,FALSE,FALSE
"CEBPA+LPL+NCOA2",3,1223,262039.416668235,261891.159525375,0.000565781838260393,1223,0,1,0,FALSE,FALSE
"CEBPA+LPL+NOS2",3,1223,261997.7833349,261853.109525375,0.000552194784565474,1223,0,1,0,FALSE,FALSE
"CEBPA+LPL+NPPA",3,1223,262036.066668234,261878.326192042,0.000601980018240411,1223,0,1,0,FALSE,FALSE
"CEBPA+LPL+NR1H4",3,1223,262037.283334901,261858.819049185,0.00068106447847871,1223,0,1,0,FALSE,FALSE
"CEBPA+LPL+NR1I2",3,1223,262050.816668235,261879.559525375,0.000653526461154907,1223,0,1,0,FALSE,FALSE
"CEBPA+LPL+NTRK1",3,1223,262000.166668234,261853.409525375,0.00056014141030869,1223,0,1,0,FALSE,FALSE
"CEBPA+LPL+NTRK2",3,1223,261998.700001567,261812.869049184,0.000709281963545139,1223,0,1,0,FALSE,FALSE
"CEBPA+LPL+POU5F1",3,1223,261999.900001568,261860.576192042,0.000531770468328085,1223,0,1,0,FALSE,FALSE
"CEBPA+LPL+PTGS1",3,1223,262040.650001567,261872.292858708,0.000642484831487433,1223,0,1,0,FALSE,FALSE
"CEBPA+LPL+RASA1",3,1223,262026.066668234,261873.126192042,0.000583684204159884,1223,0,1,0,FALSE,FALSE
"CEBPA+LPL+SIRT3",3,1223,262035.400001567,261877.492858708,0.000602617596165977,1223,0,1,0,FALSE,FALSE
"CEBPA+LPL+SOD2",3,1223,262010.133334901,261791.911906327,0.000832874002990258,1223,0,1,0,FALSE,FALSE
"CEBPA+LPL+SOX9",3,1223,262013.400001568,261847.776192041,0.000632119614970783,1223,0,1,0,FALSE,FALSE
"CEBPA+LPL+SPP1",3,1223,261998.300001568,261824.776192042,0.000662308913932375,1223,0,1,0,FALSE,FALSE
"CEBPA+LPL+SQLE",3,1223,262096.116668234,261931.021430137,0.000629903411756838,1223,0,1,0,FALSE,FALSE
"CEBPA+LPL+STAT4",3,1223,262026.450001567,261802.523811088,0.000854593841491669,1223,0,1,0,FALSE,FALSE
"CEBPA+LPL+TFRC",3,1223,262014.600001567,261811.311906326,0.000775865525202812,1223,0,1,0,FALSE,FALSE
"CEBPA+LPL+THBS1",3,1223,262000.200001568,261841.726192042,0.000604861406689694,1223,0,1,0,FALSE,FALSE
"CEBPA+LPL+TJP1",3,1223,261984.016668235,261759.704763471,0.000856204541090255,1223,0,1,0,FALSE,FALSE
"CEBPA+LPL+TNFSF11",3,1223,262000.683334901,261842.259525375,0.000604669451658046,1223,0,1,0,FALSE,FALSE
"CEBPA+LPL+VIM",3,1223,261996.633334902,261844.392858709,0.000581077986594014,1223,0,1,0,FALSE,FALSE
"CEBPA+LPL+VWF",3,1223,262007.750001568,261854.076192042,0.000586523908262193,1223,0,1,0,FALSE,FALSE
"CEBPA+MAP3K5+PRDX1",3,1223,262013.316668234,261974.016668233,0.000149992376344055,1223,0,1,0,FALSE,FALSE
"CEBPA+MAP3K5+RARA",3,1223,261998.100001567,261911.283334898,0.000331363726183254,1223,0,1,0,FALSE,FALSE
"CEBPA+MAP3K5+YWHAZ",3,1223,261963.066668235,261839.933334899,0.000470040814921635,1223,0,1,0,FALSE,FALSE
"CEBPA+NANOG+POU5F1",3,1223,261997.300001568,261967.450001568,0.000113932471824896,1223,0,1,0,FALSE,FALSE
"CEBPA+NANOG+RARA",3,1223,262012.666668235,261941.716668232,0.000270788435172031,1223,0,1,0,FALSE,FALSE
"CEBPA+NANOG+RXRA",3,1223,262014.116668235,261953.916668233,0.000229758612883657,1223,0,1,0,FALSE,FALSE
"CEBPA+NANOG+SOX2",3,1223,261978.600001569,261585.900001562,0.0014989773974049,1222,0.000817661488143884,2,0.00163532297628777,FALSE,FALSE
"CEBPA+NCOA2+NR1H4",3,1223,262070.200001568,262002.059525377,0.000260008487005026,1223,0,1,0,FALSE,FALSE
"CEBPA+NFATC1+RARA",3,1223,262022.800001568,261940.183334899,0.000315303350199247,1223,0,1,0,FALSE,FALSE
"CEBPA+NFATC1+TNFSF11",3,1223,262008.216668235,261948.7833349,0.000226837669789148,1223,0,1,0,FALSE,FALSE
"CEBPA+NOS2+RARA",3,1223,262006.550001568,261932.000001565,0.000284534871367925,1223,0,1,0,FALSE,FALSE
"CEBPA+NPY+RARA",3,1223,262006.583334901,261411.652382509,0.00227067177022378,1222,0.000817661488143884,2,0.00163532297628777,FALSE,FALSE
"CEBPA+NQO1+RARA",3,1223,262012.000001568,261807.532144419,0.000780375926091814,1223,0,1,0,FALSE,FALSE
"CEBPA+NQO1+RXRA",3,1223,262013.450001568,261819.565477753,0.000739979278976732,1223,0,1,0,FALSE,FALSE
"CEBPA+NR1H4+RARA",3,1223,262046.050001569,261938.226192042,0.00041146893657118,1223,0,1,0,FALSE,FALSE
"CEBPA+NR1I2+RARA",3,1223,262059.583334902,261959.100001566,0.000383436972837048,1223,0,1,0,FALSE,FALSE
"CEBPA+NRP1+NTRK1",3,1223,262031.466668234,261977.750001566,0.000205000824332946,1223,0,1,0,FALSE,FALSE
"CEBPA+NRP1+RARA",3,1223,262046.566668235,261951.416668232,0.000363103402624465,1223,0,1,0,FALSE,FALSE
"CEBPA+NTRK1+NTRK2",3,1223,261992.366668234,261911.742858708,0.000307733429606327,1223,0,1,0,FALSE,FALSE
"CEBPA+NTRK1+RARA",3,1223,262008.933334901,261932.550001565,0.000291529500019427,1223,0,1,0,FALSE,FALSE
"CEBPA+NTRK1+RXRA",3,1223,262010.383334901,261944.833334899,0.000250180924769028,1223,0,1,0,FALSE,FALSE
"CEBPA+NTRK2+RARA",3,1223,262007.466668235,261892.409525374,0.000439136885385327,1223,0,1,0,FALSE,FALSE
"CEBPA+NTRK2+TAC1",3,1223,262000.983334901,261551.326192036,0.0017162421955117,1222,0.000817661488143884,2,0.00163532297628777,FALSE,FALSE
"CEBPA+PNP+SIRT3",3,1223,262103.616668235,262039.650001568,0.000244051064538842,1223,0,1,0,FALSE,FALSE
"CEBPA+POU5F1+RARA",3,1223,262008.666668237,261939.383334902,0.00026443145647248,1223,0,1,0,FALSE,FALSE
"CEBPA+POU5F1+RXRA",3,1223,262010.116668237,261951.666668236,0.000223082989102341,1223,0,1,0,FALSE,FALSE
"CEBPA+POU5F1+SOX2",3,1223,261974.600001571,261584.31666823,0.00148977547189078,1222,0.000817661488143884,2,0.00163532297628777,FALSE,FALSE
"CEBPA+PRDX1+RARA",3,1223,262039.25000157,261969.550001568,0.000265990686516449,1223,0,1,0,FALSE,FALSE
"CEBPA+PRDX1+SOD2",3,1223,262034.116668237,261935.035715854,0.000378122336291642,1223,0,1,0,FALSE,FALSE
"CEBPA+PRKCG+RARA",3,1223,262013.10000157,261937.983334902,0.00028669050008745,1223,0,1,0,FALSE,FALSE
"CEBPA+PRKCZ+RARA",3,1223,262027.533334904,261623.723811086,0.00154109577218298,1222,0.000817661488143884,2,0.00163532297628777,FALSE,FALSE
"CEBPA+PRKCZ+RXRA",3,1223,262028.983334904,261635.873811086,0.00150025206682913,1222,0.000817661488143884,2,0.00163532297628777,FALSE,FALSE
"CEBPA+PRKCZ+TJP1",3,1223,261996.283334905,261557.302382516,0.00167552358682654,1222,0.000817661488143884,2,0.00163532297628777,FALSE,FALSE
"CEBPA+RARA+RASA1",3,1223,262034.833334903,261951.966668234,0.000316242942262068,1223,0,1,0,FALSE,FALSE
"CEBPA+RARA+SIRT3",3,1223,262044.166668236,261956.7333349,0.000333658766182632,1223,0,1,0,FALSE,FALSE
"CEBPA+RARA+SOD2",3,1223,262018.90000157,261872.719049186,0.000557902320724724,1223,0,1,0,FALSE,FALSE
"CEBPA+RARA+SOX2",3,1223,261989.966668237,261552.533334895,0.00166965681512765,1222,0.000817661488143884,2,0.00163532297628777,FALSE,FALSE
"CEBPA+RARA+SOX9",3,1223,262022.166668237,261926.833334901,0.000363836901847603,1223,0,1,0,FALSE,FALSE
"CEBPA+RARA+STAT4",3,1223,262035.216668236,261881.897620614,0.000585108557437097,1223,0,1,0,FALSE,FALSE
"CEBPA+RARA+SYK",3,1223,262017.533334904,261935.316668235,0.000313783072538931,1223,0,1,0,FALSE,FALSE
"CEBPA+RARA+TH",3,1223,262007.35000157,261841.633334898,0.000632488617859583,1223,0,1,0,FALSE,FALSE
"CEBPA+RARA+TJP1",3,1223,261992.783334904,261838.628572997,0.000588393160855349,1223,0,1,0,FALSE,FALSE
"CEBPA+RARA+TNFSF11",3,1223,262009.45000157,261921.366668234,0.000336183803047785,1223,0,1,0,FALSE,FALSE
"CEBPA+RARA+VIM",3,1223,262005.400001571,261923.283334902,0.000313415932147287,1223,0,1,0,FALSE,FALSE
"CEBPA+RARA+XIAP",3,1223,262007.750001571,261923.342858711,0.000322155138002378,1223,0,1,0,FALSE,FALSE
"CEBPA+RARA+YWHAZ",3,1223,261989.000001571,261833.8833349,0.000592073204103261,1223,0,1,0,FALSE,FALSE
"CEBPA+RXRA+SIRT3",3,1223,262045.616668236,261969.016668234,0.000292315517334996,1223,0,1,0,FALSE,FALSE
"CEBPA+RXRA+SOD2",3,1223,262020.35000157,261885.00238252,0.000516553844194134,1223,0,1,0,FALSE,FALSE
"CEBPA+RXRA+SOX2",3,1223,261991.416668237,261564.866668229,0.00162810677324099,1222,0.000817661488143884,2,0.00163532297628777,FALSE,FALSE
"CEBPA+RXRA+SOX9",3,1223,262023.616668237,261939.116668235,0.000322490014740939,1223,0,1,0,FALSE,FALSE
"CEBPA+RXRA+SQLE",3,1223,262106.333334903,262022.895239663,0.000318336814598918,1223,0,1,0,FALSE,FALSE
"CEBPA+RXRA+TJP1",3,1223,261994.233334904,261850.911906331,0.000547040393787834,1223,0,1,0,FALSE,FALSE
"CEBPA+RXRA+VIM",3,1223,262006.850001571,261935.483334902,0.000272384736001885,1223,0,1,0,FALSE,FALSE
"CEBPA+RXRA+YWHAZ",3,1223,261990.450001571,261846.166668234,0.000550719819503831,1223,0,1,0,FALSE,FALSE
"CEBPA+SIRT3+SOD2",3,1223,262039.033334903,261923.219049187,0.000441973412290353,1223,0,1,0,FALSE,FALSE
"CEBPA+SOD2+STAT4",3,1223,262030.083334903,261850.6333349,0.000684845028933623,1223,0,1,0,FALSE,FALSE
"CEBPA+SPP1+THBS1",3,1223,261992.000001571,261917.30000157,0.00028512320987184,1223,0,1,0,FALSE,FALSE
"CEBPA+SPP1+TNFSF11",3,1223,261992.483334904,261917.383334903,0.000286649445226383,1223,0,1,0,FALSE,FALSE
"CEBPA+SPP1+VWF",3,1223,261999.55000157,261930.383334902,0.000263995364371605,1223,0,1,0,FALSE,FALSE
"CEBPA+SYK+VWF",3,1223,262010.016668237,261963.166668236,0.000178809957712134,1223,0,1,0,FALSE,FALSE
"CEBPA+THBS1+VWF",3,1223,262001.45000157,261946.133334903,0.000211131147049293,1223,0,1,0,FALSE,FALSE
"CEBPA+VIM+YWHAZ",3,1223,261970.366668238,261852.883334902,0.000448460392027838,1223,0,1,0,FALSE,FALSE
"CFTR+ITGA5+TJP1",3,1223,262051.00000157,261217.080953938,0.00318227767734647,1221,0.00163532297628777,3,0.00326930771773415,FALSE,FALSE
"CFTR+ITPR3+TJP1",3,1223,262032.933334903,261528.180953943,0.00192629367055208,1222,0.000817661488143884,2,0.00163532297628777,FALSE,FALSE
"CFTR+KEAP1+TJP1",3,1223,262035.766668236,261512.633334895,0.00199641957276464,1222,0.000817661488143884,2,0.00163532297628777,FALSE,FALSE
"CFTR+MAP3K5+PRDX1",3,1223,262062.700001568,261622.952382514,0.00167802445388565,1222,0.000817661488143884,2,0.00163532297628777,FALSE,FALSE
"CFTR+MAP3K5+TJP1",3,1223,262016.233334902,261497.914287276,0.00197819440814484,1222,0.000817661488143884,2,0.00163532297628777,FALSE,FALSE
"CFTR+NANOG+POU5F1",3,1223,262046.683334902,261616.469049182,0.00164174673094686,1222,0.000817661488143884,2,0.00163532297628777,FALSE,FALSE
"CFTR+NANOG+TJP1",3,1223,262030.800001569,261528.514287277,0.00191689570191578,1222,0.000817661488143884,2,0.00163532297628777,FALSE,FALSE
"CFTR+NOS2+TJP1",3,1223,262024.683334902,261518.714287277,0.00193099764948168,1222,0.000817661488143884,2,0.00163532297628777,FALSE,FALSE
"CFTR+POU5F1+TJP1",3,1223,262026.800001572,261526.180953946,0.00191056429198333,1222,0.000817661488143884,2,0.00163532297628777,FALSE,FALSE
"CFTR+SOX9+TJP1",3,1223,262040.300001571,261513.166668231,0.00201164986201441,1222,0.000817661488143884,2,0.00163532297628777,FALSE,FALSE
"CFTR+TFRC+TJP1",3,1223,262041.500001571,261479.51666823,0.00214463485111138,1222,0.000817661488143884,2,0.00163532297628777,FALSE,FALSE
"CFTR+TJP1+VIM",3,1223,262023.533334905,261509.997620613,0.00195988393773838,1222,0.000817661488143884,2,0.00163532297628777,FALSE,FALSE
"CHAT+COMT+DRD2",3,1223,262177.783334901,261963.573811091,0.000817039190300517,1223,0,1,0,FALSE,TRUE
"CHAT+COMT+MAOB",3,1223,262184.383334901,262008.923811091,0.000669221871946846,1223,0,1,0,FALSE,FALSE
"CHAT+GATM+GLUL",3,1223,262239.950001566,261990.238096806,0.000952226786034349,1223,0,1,0,TRUE,TRUE
"CHAT+GATM+NOS2",3,1223,262157.616668235,261950.045239663,0.000791781033143923,1223,0,1,0,FALSE,TRUE
"CHAT+GOT1+MDH2",3,1223,262240.900001567,262100.100001568,0.000536910909006316,1223,0,1,0,TRUE,TRUE
"CHAT+GSR+PRDX1",3,1223,262159.533334902,261981.090477757,0.000680665146430504,1223,0,1,0,TRUE,TRUE
"CHAT+GSR+SOD2",3,1223,262139.183334903,261885.542858708,0.000967579409412389,1223,0,1,0,FALSE,FALSE
"CHAT+MAP3K5+PRDX1",3,1223,262105.266668235,261993.907144424,0.000424865647402961,1223,0,1,0,FALSE,FALSE
"CHAT+NTRK1+NTRK2",3,1223,262084.316668235,261931.700001566,0.000582318959825745,1223,0,1,0,FALSE,FALSE
"CHAT+PRDX1+SOD2",3,1223,262126.066668238,261955.209525378,0.000651812866347745,1223,0,1,0,TRUE,TRUE
"CHAT+SOD2+STAT4",3,1223,262122.033334904,261870.740477758,0.00095868650929265,1223,0,1,0,FALSE,FALSE
"CNR1+COMT+DRD1",3,1223,262205.650001567,262054.688096806,0.000575738565361195,1223,0,1,0,FALSE,TRUE
"CNR1+COMT+MAOB",3,1223,262191.616668234,262047.369049186,0.000550161064954091,1223,0,1,0,FALSE,FALSE
"CNR1+COMT+NTRK2",3,1223,262147.800001569,261976.045239662,0.000655182923167796,1223,0,1,0,FALSE,FALSE
"CNR1+COMT+OPRM1",3,1223,262195.516668234,262042.485715853,0.00058365205601496,1223,0,1,0,FALSE,TRUE
"CNR1+CRH+DRD2",3,1223,262160.100001568,262039.435715853,0.000460269452575823,1223,0,1,0,FALSE,TRUE
"CNR1+CRH+HTR2A",3,1223,262185.750001567,262112.369049187,0.000279881543447491,1223,0,1,0,FALSE,TRUE
"CNR1+CRH+NTRK2",3,1223,262122.883334902,262013.345239662,0.000417888334836802,1223,0,1,0,TRUE,TRUE
"CNR1+CRH+OPRM1",3,1223,262170.600001568,262081.469049187,0.000339973102935653,1223,0,1,0,FALSE,TRUE
"CNR1+DRD1+DRD2",3,1223,262185.150001568,261732.804763468,0.00172528931595484,1222,0.000817661488143884,2,0.00163532297628777,FALSE,TRUE
"CNR1+DRD1+HTR2A",3,1223,262210.800001567,262113.838096806,0.00036978608341065,1223,0,1,0,FALSE,TRUE
"CNR1+DRD1+NPPA",3,1223,262185.300001568,262080.254763473,0.000400652660901835,1223,0,1,0,FALSE,TRUE
"CNR1+DRD1+NTRK2",3,1223,262147.933334902,262014.814287281,0.000507801247665696,1223,0,1,0,TRUE,TRUE
"CNR1+DRD2+GRM5",3,1223,262185.550001567,262016.164287282,0.000646052821312582,1223,0,1,0,TRUE,TRUE
"CNR1+DRD2+HTR3A",3,1223,262231.700001567,262094.485715854,0.000523255905796161,1223,0,1,0,TRUE,TRUE
"CNR1+DRD2+MAOB",3,1223,262171.116668235,262042.00238252,0.00049248096951271,1223,0,1,0,FALSE,TRUE
"CNR1+DRD2+MAP3K5",3,1223,262117.933334901,261984.469049186,0.000509176476473083,1223,0,1,0,FALSE,FALSE
"CNR1+DRD2+NPPA",3,1223,262164.666668235,262030.369049187,0.000512264374734506,1223,0,1,0,FALSE,TRUE
"CNR1+DRD2+NTRK1",3,1223,262128.766668235,262005.819049186,0.00046903520209407,1223,0,1,0,FALSE,FALSE
"CNR1+DRD2+OPRM1",3,1223,262175.016668235,262031.869049186,0.000546000228655474,1223,0,1,0,FALSE,TRUE
"CNR1+DRD2+PRKCG",3,1223,262132.933334903,262011.085715854,0.000464831402521071,1223,0,1,0,FALSE,FALSE
"CNR1+DRD2+TPH1",3,1223,262202.2833349,262068.435715852,0.000510474650887938,1223,0,1,0,FALSE,TRUE
"CNR1+GRM5+NTRK2",3,1223,262148.333334902,261989.957144424,0.000604147233984831,1223,0,1,0,FALSE,TRUE
"CNR1+GRM5+OPRM1",3,1223,262196.050001567,262061.547620615,0.000512984009298667,1223,0,1,0,FALSE,FALSE
"CNR1+HTR2A+MAOB",3,1223,262196.766668234,262110.019049187,0.000330849308895931,1223,0,1,0,FALSE,TRUE
"CNR1+HTR2A+NTRK1",3,1223,262154.416668235,262078.419049187,0.00028989639012722,1223,0,1,0,TRUE,TRUE
"CNR1+HTR2A+OPRM1",3,1223,262200.666668234,262107.75238252,0.000354363270293034,1223,0,1,0,FALSE,TRUE
"CNR1+HTR2A+PRKCG",3,1223,262158.583334903,262083.685715855,0.000285695849037482,1223,0,1,0,TRUE,TRUE
"CNR1+HTR3A+NTRK2",3,1223,262194.483334901,262068.045239663,0.000482230188942556,1223,0,1,0,FALSE,FALSE
"CNR1+MAOB+NTRK2",3,1223,262133.900001568,262015.495239662,0.000451695724611678,1223,0,1,0,FALSE,FALSE
"CNR1+MAOB+TPH1",3,1223,262208.883334899,262112.435715852,0.000367827427584455,1223,0,1,0,FALSE,TRUE
"CNR1+MGLL+OPRM1",3,1223,262232.7833349,262102.86190633,0.000495443120869354,1223,0,1,0,TRUE,TRUE
"CNR1+MGLL+TPH1",3,1223,262260.050001565,262134.745239663,0.000477788217846609,1223,0,1,0,TRUE,TRUE
"CNR1+NPPA+NTRK2",3,1223,262127.450001568,262004.328572995,0.000469700630637226,1223,0,1,0,FALSE,FALSE
"CNR1+NTRK2+PRKCG",3,1223,262095.716668236,261984.578572996,0.000424036289690233,1223,0,1,0,FALSE,FALSE
"COL1A1+COL1A2+CTSK",3,1223,262121.200001568,262005.192858711,0.000442570623271799,1223,0,1,0,FALSE,TRUE
"COL1A1+COL1A2+DGAT1",3,1223,262148.633334902,261933.269049186,0.000821535031391818,1223,0,1,0,FALSE,FALSE
"COL1A1+COL1A2+EGR1",3,1223,262070.783334902,261993.750001568,0.000293940943562832,1223,0,1,0,FALSE,FALSE
"COL1A1+COL1A2+F2",3,1223,262102.683334902,262006.600001567,0.000366586606865726,1223,0,1,0,FALSE,FALSE
"COL1A1+COL1A2+FABP4",3,1223,262109.550001568,262025.150001568,0.000322002765636875,1223,0,1,0,TRUE,TRUE
"COL1A1+COL1A2+FASN",3,1223,262101.650001568,261949.926192043,0.000578873919810374,1223,0,1,0,FALSE,FALSE
"COL1A1+COL1A2+FGF23",3,1223,262139.783334902,262061.383334901,0.000299077076371779,1223,0,1,0,TRUE,TRUE
"COL1A1+COL1A2+FKBP1A",3,1223,262099.666668235,261942.0833349,0.000601234390484096,1223,0,1,0,FALSE,FALSE
"COL1A1+COL1A2+FURIN",3,1223,262124.766668235,262038.633334901,0.000328596700071682,1223,0,1,0,FALSE,TRUE
"COL1A1+COL1A2+GJA1",3,1223,262092.983334902,261996.433334902,0.000368380712721716,1223,0,1,0,FALSE,FALSE
"COL1A1+COL1A2+HNF4A",3,1223,262072.816668235,261979.933334901,0.000354418037378457,1223,0,1,0,FALSE,FALSE
"COL1A1+COL1A2+LPL",3,1223,262088.916668235,261899.826192043,0.000721474523211474,1223,0,1,0,FALSE,FALSE
"COL1A1+COL1A2+MPO",3,1223,262103.600001568,261973.652382519,0.000495787234698675,1223,0,1,0,FALSE,FALSE
"COL1A1+COL1A2+NANOG",3,1223,262086.316668235,262021.800001568,0.000246165719320679,1223,0,1,0,FALSE,FALSE
"COL1A1+COL1A2+NCF2",3,1223,262109.850001569,262045.100001568,0.000247033829517296,1223,0,1,0,FALSE,FALSE
"COL1A1+COL1A2+NRP1",3,1223,262120.216668235,262031.500001568,0.000338457932757996,1223,0,1,0,TRUE,TRUE
"COL1A1+COL1A2+NTRK1",3,1223,262082.583334902,262012.466668235,0.000267536536669444,1223,0,1,0,FALSE,FALSE
"COL1A1+COL1A2+PLG",3,1223,262110.900001569,261923.602382519,0.000714573941978824,1223,0,1,0,FALSE,FALSE
"COL1A1+COL1A2+POU5F1",3,1223,262082.316668236,262019.466668236,0.000239810151249742,1223,0,1,0,FALSE,FALSE
"COL1A1+COL1A2+PRKCG",3,1223,262086.750001569,262017.900001569,0.000262699278005152,1223,0,1,0,FALSE,FALSE
"COL1A1+COL1A2+SOX2",3,1223,262063.616668236,261632.76666823,0.00164406645029103,1222,0.000817661488143884,2,0.00163532297628777,FALSE,FALSE
"COL1A1+COL1A2+SYK",3,1223,262091.183334903,262015.066668236,0.000290420554015736,1223,0,1,0,FALSE,FALSE
"COL1A1+COL1A2+TJP1",3,1223,262066.433334903,261918.545239664,0.00056431528966594,1223,0,1,0,FALSE,FALSE
"COL1A1+COL1A2+TNFSF11",3,1223,262083.100001569,262000.483334902,0.000315230805293276,1223,0,1,0,FALSE,FALSE
"COL1A1+CTSK+ITGA5",3,1223,262103.583334902,261668.292858705,0.00166075744046679,1222,0.000817661488143884,2,0.00163532297628777,FALSE,FALSE
"COL1A1+CTSK+NFATC1",3,1223,262093.516668235,261981.009525377,0.000429263357170973,1223,0,1,0,FALSE,FALSE
"COL1A1+CTSK+SOX9",3,1223,262092.883334902,261968.49285871,0.000474604554724811,1223,0,1,0,FALSE,FALSE
"COL1A1+CTSK+THBS1",3,1223,262079.683334903,261953.359525378,0.000482005350118775,1223,0,1,0,FALSE,FALSE
"COL1A1+CTSK+TNFSF11",3,1223,262080.166668236,261956.559525377,0.000471638676172503,1223,0,1,0,FALSE,FALSE
"COL1A1+CTSK+VIM",3,1223,262076.116668236,261963.392858711,0.000430118589049289,1223,0,1,0,FALSE,FALSE
"COL1A1+CTSK+VWF",3,1223,262087.233334902,261973.276192044,0.000434806157507461,1223,0,1,0,FALSE,FALSE
"COL1A1+DGAT1+THBS1",3,1223,262107.116668237,261881.75238252,0.000859817499736848,1223,0,1,0,FALSE,FALSE
"COL1A1+DGAT1+VWF",3,1223,262114.666668236,261902.469049186,0.000809560265159326,1223,0,1,0,FALSE,FALSE
"COL1A1+EGR1+SOX9",3,1223,262042.466668235,261956.833334901,0.000326791815170036,1223,0,1,0,FALSE,FALSE
"COL1A1+EGR1+SPP1",3,1223,262027.366668235,261931.633334901,0.000365356239508507,1223,0,1,0,FALSE,FALSE
"COL1A1+EGR1+THBS1",3,1223,262029.266668236,261941.916668235,0.000333359708674208,1223,0,1,0,FALSE,FALSE
"COL1A1+EGR1+VIM",3,1223,262025.700001569,261951.783334902,0.000282097010586568,1223,0,1,0,FALSE,FALSE
"COL1A1+EGR1+VWF",3,1223,262036.816668235,261961.783334901,0.00028634653056725,1223,0,1,0,FALSE,FALSE
"COL1A1+ESRRA+ITGA5",3,1223,262107.466668235,261708.016668229,0.00152399321195751,1222,0.000817661488143884,2,0.00163532297628777,FALSE,FALSE
"COL1A1+ESRRA+SOX9",3,1223,262096.766668235,262008.133334901,0.000338170266122595,1223,0,1,0,FALSE,FALSE
"COL1A1+ESRRA+SPP1",3,1223,262081.666668236,261982.800001568,0.000377236103252354,1223,0,1,0,FALSE,FALSE
"COL1A1+F2+FURIN",3,1223,262103.316668235,261999.516668233,0.000396027037433022,1223,0,1,0,FALSE,FALSE
"COL1A1+F2+ITGA5",3,1223,262085.066668235,261669.700001562,0.00158485438317202,1222,0.000817661488143884,2,0.00163532297628777,FALSE,FALSE
"COL1A1+F2+PLG",3,1223,262089.450001568,261879.069049184,0.000802706680420262,1223,0,1,0,FALSE,FALSE
"COL1A1+F2+SPP1",3,1223,262059.266668236,261944.5333349,0.000437814448593254,1223,0,1,0,FALSE,FALSE
"COL1A1+F2+THBS1",3,1223,262061.166668236,261954.816668234,0.000405821287272623,1223,0,1,0,FALSE,FALSE
"COL1A1+F2+VIM",3,1223,262057.600001569,261964.850001568,0.000353929823064925,1223,0,1,0,FALSE,FALSE
"COL1A1+FABP4+FASN",3,1223,262087.066668234,261928.809525375,0.000603834232916656,1223,0,1,0,FALSE,FALSE
"COL1A1+FABP4+LPL",3,1223,262074.333334901,261878.676192042,0.000746571174557897,1223,0,1,0,FALSE,FALSE
"COL1A1+FABP4+RXRA",3,1223,262084.550001569,261978.900001567,0.000403114185865361,1223,0,1,0,FALSE,FALSE
"COL1A1+FABP4+SOX9",3,1223,262081.233334902,261988.233334901,0.000354851809943324,1223,0,1,0,FALSE,FALSE
"COL1A1+FABP4+THBS1",3,1223,262068.033334902,261973.183334901,0.000361928918968024,1223,0,1,0,FALSE,FALSE
"COL1A1+FABP4+VWF",3,1223,262075.583334902,261993.150001568,0.000314540302782995,1223,0,1,0,FALSE,FALSE
"COL1A1+FASN+SOX9",3,1223,262073.333334902,261913.092858709,0.000611433731747435,1223,0,1,0,FALSE,FALSE
"COL1A1+FASN+THBS1",3,1223,262060.133334902,261898.09285871,0.000618333182274777,1223,0,1,0,FALSE,FALSE
"COL1A1+FASN+VWF",3,1223,262067.683334902,261918.259525376,0.000570172589096196,1223,0,1,0,FALSE,FALSE
"COL1A1+FGF23+ITGA5",3,1223,262122.166668235,261724.350001563,0.00151767655413937,1222,0.000817661488143884,2,0.00163532297628777,FALSE,FALSE
"COL1A1+FGF23+SOX9",3,1223,262111.466668235,262024.516668235,0.000331729096426647,1223,0,1,0,FALSE,FALSE
"COL1A1+FGF23+SPP1",3,1223,262096.366668236,261998.666668235,0.000372763656525055,1223,0,1,0,FALSE,FALSE
"COL1A1+FGF23+THBS1",3,1223,262098.266668236,262009.466668235,0.000338804224574329,1223,0,1,0,FALSE,FALSE
"COL1A1+FGF23+VWF",3,1223,262105.816668236,262029.383334902,0.000291612503322658,1223,0,1,0,FALSE,FALSE
"COL1A1+FKBP1A+THBS1",3,1223,262058.150001569,261890.300001567,0.000640506696706789,1223,0,1,0,FALSE,FALSE
"COL1A1+FKBP1A+VIM",3,1223,262054.583334903,261900.0833349,0.000589571829030522,1223,0,1,0,FALSE,FALSE
"COL1A1+FURIN+ITGA5",3,1223,262107.150001568,261701.816668229,0.00154644134407322,1222,0.000817661488143884,2,0.00163532297628777,FALSE,FALSE
"COL1A1+FURIN+NRP1",3,1223,262120.850001568,262024.850001567,0.000366243280536804,1223,0,1,0,FALSE,FALSE
"COL1A1+FURIN+SOX9",3,1223,262096.450001569,262001.983334901,0.000360427112489736,1223,0,1,0,FALSE,FALSE
"COL1A1+FURIN+SPP1",3,1223,262081.350001569,261976.600001567,0.000399685059623511,1223,0,1,0,FALSE,FALSE
"COL1A1+FURIN+THBS1",3,1223,262083.250001569,261986.933334901,0.000367504091418058,1223,0,1,0,FALSE,FALSE
"COL1A1+FURIN+VWF",3,1223,262090.800001569,262006.583334901,0.000321326298623026,1223,0,1,0,FALSE,FALSE
"COL1A1+GCK+HNF4A",3,1223,262074.800001568,261948.611906329,0.000481496485883026,1223,0,1,0,FALSE,FALSE
"COL1A1+GCK+SOX9",3,1223,262097.800001569,261972.228572996,0.000479101421576478,1223,0,1,0,FALSE,FALSE
"COL1A1+GJA1+ITGA5",3,1223,262075.366668235,261659.566668229,0.00158656651058742,1222,0.000817661488143884,2,0.00163532297628777,FALSE,FALSE
"COL1A1+GJA1+SOX9",3,1223,262064.666668235,261949.935715854,0.00043779634179808,1223,0,1,0,FALSE,FALSE
"COL1A1+GJA1+SPP1",3,1223,262049.566668236,261934.483334901,0.000439166279867398,1223,0,1,0,FALSE,FALSE
"COL1A1+GJA1+THBS1",3,1223,262051.466668236,261944.766668235,0.000407171924497685,1223,0,1,0,FALSE,FALSE
"COL1A1+GJA1+TJP1",3,1223,262035.283334903,261868.71190633,0.000635683204387005,1223,0,1,0,FALSE,FALSE
"COL1A1+GJA1+VIM",3,1223,262047.900001569,261954.300001569,0.000357186605960735,1223,0,1,0,FALSE,FALSE
"COL1A1+GJA1+VWF",3,1223,262059.016668236,261964.733334902,0.00035977900906714,1223,0,1,0,FALSE,FALSE
"COL1A1+HDAC6+ITGA5",3,1223,262058.666668235,261052.027382505,0.00384127454561511,1220,0.00245298446443176,3,0.00490061598949754,FALSE,FALSE
"COL1A1+HDAC6+SOX9",3,1223,262047.966668235,261351.610715842,0.00265736063991051,1221,0.00163532297628777,2,0.00326796948289265,FALSE,FALSE
"COL1A1+HDAC6+THBS1",3,1223,262034.766668236,261336.860715843,0.00266340975003576,1221,0.00163532297628777,2,0.00326796948289265,FALSE,FALSE
"COL1A1+HDAC6+VIM",3,1223,262031.200001569,261346.72738251,0.00261217984367956,1221,0.00163532297628777,2,0.00326796948289265,FALSE,FALSE
"COL1A1+HNF4A+ITGA5",3,1223,262055.200001568,261643.066668229,0.00157269664306137,1222,0.000817661488143884,2,0.00163532297628777,FALSE,FALSE
"COL1A1+HNF4A+NANOG",3,1223,262035.000001568,261954.966668234,0.000305429936204638,1223,0,1,0,FALSE,FALSE
"COL1A1+HNF4A+SOX2",3,1223,262012.300001569,261568.133334896,0.00169521303645015,1222,0.000817661488143884,2,0.00163532297628777,FALSE,FALSE
"COL1A1+HNF4A+SOX9",3,1223,262044.500001568,261943.100001567,0.000386957177122227,1223,0,1,0,FALSE,FALSE
"COL1A1+HNF4A+SPP1",3,1223,262029.400001569,261917.816668234,0.000425842799830378,1223,0,1,0,FALSE,FALSE
"COL1A1+HNF4A+THBS1",3,1223,262031.300001569,261928.183334902,0.000393528050530056,1223,0,1,0,FALSE,FALSE
"COL1A1+HNF4A+VIM",3,1223,262027.733334902,261938.216668235,0.000341630504253176,1223,0,1,0,FALSE,FALSE
"COL1A1+ITGA5+LPL",3,1223,262071.300001568,261563.292858703,0.0019384310409466,1222,0.000817661488143884,2,0.00163532297628777,FALSE,FALSE
"COL1A1+ITGA5+MPO",3,1223,262085.983334901,261636.66904918,0.0017143773963183,1222,0.000817661488143884,2,0.00163532297628777,FALSE,FALSE
"COL1A1+ITGA5+NANOG",3,1223,262068.700001568,261684.766668229,0.00146501025622847,1222,0.000817661488143884,2,0.00163532297628777,FALSE,FALSE
"COL1A1+ITGA5+NCF2",3,1223,262092.233334902,261708.150001563,0.00146545103016438,1222,0.000817661488143884,2,0.00163532297628777,FALSE,FALSE
"COL1A1+ITGA5+NFATC1",3,1223,262078.833334901,261683.150001562,0.00150978744946262,1222,0.000817661488143884,2,0.00163532297628777,FALSE,FALSE
"COL1A1+ITGA5+NRP1",3,1223,262102.600001568,261694.650001562,0.00155645155753437,1222,0.000817661488143884,2,0.00163532297628777,FALSE,FALSE
"COL1A1+ITGA5+NTRK1",3,1223,262064.966668235,261675.516668229,0.00148608188632349,1222,0.000817661488143884,2,0.00163532297628777,FALSE,FALSE
"COL1A1+ITGA5+NTRK2",3,1223,262063.500001568,261635.559525371,0.00163296482033692,1222,0.000817661488143884,2,0.00163532297628777,FALSE,FALSE
"COL1A1+ITGA5+PLG",3,1223,262093.283334901,261586.61904918,0.00193314486840312,1222,0.000817661488143884,2,0.00163532297628777,FALSE,FALSE
"COL1A1+ITGA5+POU5F1",3,1223,262064.700001569,261682.433334897,0.00145867286463908,1222,0.000817661488143884,2,0.00163532297628777,FALSE,FALSE
"COL1A1+ITGA5+PRKCG",3,1223,262069.133334902,261680.86666823,0.00148154291095381,1222,0.000817661488143884,2,0.00163532297628777,FALSE,FALSE
"COL1A1+ITGA5+SOX2",3,1223,262046.000001569,261295.933334891,0.00286234732327018,1221,0.00163532297628777,3,0.00326930771773415,FALSE,FALSE
"COL1A1+ITGA5+SYK",3,1223,262073.566668235,261678.11666823,0.00150892745511433,1222,0.000817661488143884,2,0.00163532297628777,FALSE,FALSE
"COL1A1+ITGA5+TJP1",3,1223,262048.816668236,261581.511906325,0.00178327369630071,1222,0.000817661488143884,2,0.00163532297628777,FALSE,FALSE
"COL1A1+ITGA5+TNFSF11",3,1223,262065.483334902,261663.450001563,0.00153409494536694,1222,0.000817661488143884,2,0.00163532297628777,FALSE,FALSE
"COL1A1+ITGA5+YWHAZ",3,1223,262045.033334903,261577.333334896,0.00178480772581413,1222,0.000817661488143884,2,0.00163532297628777,FALSE,FALSE
"COL1A1+LPL+SOX9",3,1223,262060.600001568,261863.159525375,0.000753415340541741,1223,0,1,0,FALSE,FALSE
"COL1A1+LPL+THBS1",3,1223,262047.400001569,261848.059525376,0.000760703888653014,1223,0,1,0,FALSE,FALSE
"COL1A1+LPL+VIM",3,1223,262043.833334902,261858.526192043,0.000707160861222911,1223,0,1,0,FALSE,FALSE
"COL1A1+LPL+VWF",3,1223,262054.950001568,261867.926192042,0.000713681651595244,1223,0,1,0,FALSE,FALSE
"COL1A1+MPO+SPP1",3,1223,262060.183334902,261911.402382519,0.000567735817361137,1223,0,1,0,FALSE,FALSE
"COL1A1+MPO+THBS1",3,1223,262062.083334902,261921.819049186,0.000535233040702465,1223,0,1,0,FALSE,FALSE
"COL1A1+MPO+VIM",3,1223,262058.516668236,261931.769049186,0.00048366151446233,1223,0,1,0,FALSE,FALSE
"COL1A1+MPO+VWF",3,1223,262069.633334902,261941.652382519,0.000488347126502919,1223,0,1,0,FALSE,FALSE
"COL1A1+NANOG+POU5F1",3,1223,262044.500001569,261987.500001568,0.000217520306665331,1223,0,1,0,FALSE,FALSE
"COL1A1+NANOG+SOX2",3,1223,262025.800001569,261606.000001563,0.00160213230912232,1222,0.000817661488143884,2,0.00163532297628777,FALSE,FALSE
"COL1A1+NANOG+SOX9",3,1223,262058.000001568,261984.800001568,0.000279327477124114,1223,0,1,0,FALSE,FALSE
"COL1A1+NANOG+SPP1",3,1223,262042.900001569,261959.600001568,0.000317886880355611,1223,0,1,0,FALSE,FALSE
"COL1A1+NANOG+THBS1",3,1223,262044.800001569,261969.883334902,0.00028589259037648,1223,0,1,0,FALSE,FALSE
"COL1A1+NANOG+VIM",3,1223,262041.233334902,261979.916668235,0.000233996252752777,1223,0,1,0,FALSE,FALSE
"COL1A1+NCF2+SPP1",3,1223,262066.433334902,261982.983334902,0.000318430708346251,1223,0,1,0,FALSE,FALSE
"COL1A1+NCF2+THBS1",3,1223,262068.333334902,261993.266668235,0.000286439287462414,1223,0,1,0,FALSE,FALSE
"COL1A1+NCF2+VIM",3,1223,262064.766668236,262003.300001569,0.000234547617553926,1223,0,1,0,FALSE,FALSE
"COL1A1+NCF2+VWF",3,1223,262075.883334902,262013.183334902,0.000239243684700186,1223,0,1,0,FALSE,FALSE
"COL1A1+NFATC1+SOX9",3,1223,262068.133334901,261983.100001567,0.00032447032858185,1223,0,1,0,FALSE,FALSE
"COL1A1+NFATC1+SPP1",3,1223,262053.033334902,261957.983334901,0.000362712840188517,1223,0,1,0,FALSE,FALSE
"COL1A1+NFATC1+TNFSF11",3,1223,262055.416668235,261968.200001568,0.000332817645124051,1223,0,1,0,FALSE,FALSE
"COL1A1+NFATC1+VIM",3,1223,262051.366668235,261978.300001568,0.000278825741670929,1223,0,1,0,FALSE,FALSE
"COL1A1+NRP1+NTRK1",3,1223,262078.666668235,261997.800001567,0.000308558753352672,1223,0,1,0,FALSE,FALSE
"COL1A1+NRP1+SPP1",3,1223,262076.800001569,261969.383334901,0.000409867133097874,1223,0,1,0,FALSE,FALSE
"COL1A1+NRP1+THBS1",3,1223,262078.700001569,261979.400001568,0.00037889382082712,1223,0,1,0,FALSE,FALSE
"COL1A1+NRP1+VIM",3,1223,262075.133334903,261989.533334902,0.000326623891827138,1223,0,1,0,FALSE,FALSE
"COL1A1+NRP1+VWF",3,1223,262086.250001569,261999.416668234,0.00033131586771018,1223,0,1,0,FALSE,FALSE
"COL1A1+NTRK1+NTRK2",3,1223,262039.566668234,261931.892858709,0.000410906684414791,1223,0,1,0,FALSE,FALSE
"COL1A1+NTRK1+SOX9",3,1223,262054.266668235,261975.550001567,0.000300383075872879,1223,0,1,0,FALSE,FALSE
"COL1A1+NTRK1+SPP1",3,1223,262039.166668235,261950.350001568,0.000338944241797257,1223,0,1,0,FALSE,FALSE
"COL1A1+NTRK1+THBS1",3,1223,262041.066668235,261960.633334901,0.000306949343309326,1223,0,1,0,FALSE,FALSE
"COL1A1+NTRK1+VIM",3,1223,262037.500001569,261970.666668235,0.000255052552911028,1223,0,1,0,FALSE,FALSE
"COL1A1+NTRK1+VWF",3,1223,262048.616668235,261980.550001568,0.000259748238828683,1223,0,1,0,FALSE,FALSE
"COL1A1+NTRK2+SOX9",3,1223,262052.800001568,261935.409525376,0.000447964975727522,1223,0,1,0,FALSE,FALSE
"COL1A1+NTRK2+SPP1",3,1223,262037.700001569,261910.34285871,0.000486026029300923,1223,0,1,0,FALSE,FALSE
"COL1A1+NTRK2+THBS1",3,1223,262039.600001569,261920.759525377,0.000453521056325901,1223,0,1,0,FALSE,FALSE
"COL1A1+NTRK2+VWF",3,1223,262047.150001568,261940.54285871,0.000406824278980977,1223,0,1,0,FALSE,FALSE
"COL1A1+PLG+SOX9",3,1223,262082.583334903,261883.50238252,0.000759611531029769,1223,0,1,0,FALSE,FALSE
"COL1A1+PLG+VIM",3,1223,262065.816668237,261881.502382521,0.000703312961834013,1223,0,1,0,FALSE,FALSE
"COL1A1+POU5F1+SOX2",3,1223,262021.800001571,261604.416668231,0.00159293361597268,1222,0.000817661488143884,2,0.00163532297628777,FALSE,FALSE
"COL1A1+POU5F1+SOX9",3,1223,262054.000001571,261982.466668237,0.000272971728473403,1223,0,1,0,FALSE,FALSE
"COL1A1+POU5F1+SPP1",3,1223,262038.900001571,261957.266668237,0.000311531354060368,1223,0,1,0,FALSE,FALSE
"COL1A1+POU5F1+THBS1",3,1223,262040.800001571,261967.550001571,0.000279536621777376,1223,0,1,0,FALSE,FALSE
"COL1A1+POU5F1+VIM",3,1223,262037.233334905,261977.583334904,0.000227639405442792,1223,0,1,0,FALSE,FALSE
"COL1A1+PRKCG+SPP1",3,1223,262043.333334904,261955.783334904,0.000334105046239874,1223,0,1,0,FALSE,FALSE
"COL1A1+PRKCG+THBS1",3,1223,262045.233334905,261965.983334904,0.000302428702830482,1223,0,1,0,FALSE,FALSE
"COL1A1+PRKCG+VIM",3,1223,262041.666668238,261976.016668238,0.000250532676100756,1223,0,1,0,FALSE,FALSE
"COL1A1+PRKCG+VWF",3,1223,262052.783334904,261985.983334904,0.000254910477004322,1223,0,1,0,FALSE,FALSE
"COL1A1+RXRA+SOX9",3,1223,262070.816668237,261962.683334902,0.000412611120572892,1223,0,1,0,FALSE,FALSE
"COL1A1+RXRA+VIM",3,1223,262054.050001571,261957.80000157,0.000367290640998608,1223,0,1,0,FALSE,FALSE
"COL1A1+SOX2+SOX9",3,1223,262035.300001571,261595.71666823,0.00167757295806348,1222,0.000817661488143884,2,0.00163532297628777,FALSE,FALSE
"COL1A1+SOX2+THBS1",3,1223,262022.100001571,261580.800001564,0.00168420908009093,1222,0.000817661488143884,2,0.00163532297628777,FALSE,FALSE
"COL1A1+SOX2+VIM",3,1223,262018.533334905,261589.983334898,0.00163557132601533,1222,0.000817661488143884,2,0.00163532297628777,FALSE,FALSE
"COL1A1+SOX2+VWF",3,1223,262029.650001571,261600.716668231,0.0016369648753024,1222,0.000817661488143884,2,0.00163532297628777,FALSE,FALSE
"COL1A1+SOX9+SYK",3,1223,262062.866668237,261978.15000157,0.000323268487993911,1223,0,1,0,FALSE,FALSE
"COL1A1+SOX9+TJP1",3,1223,262038.116668238,261881.297620618,0.00059845891740562,1223,0,1,0,FALSE,FALSE
"COL1A1+SOX9+TNFSF11",3,1223,262054.783334904,261963.566668236,0.000348082433401009,1223,0,1,0,FALSE,FALSE
"COL1A1+SOX9+YWHAZ",3,1223,262034.333334904,261877.316668236,0.000599221730490207,1223,0,1,0,FALSE,FALSE
"COL1A1+SPP1+SYK",3,1223,262047.766668238,261952.95000157,0.000361829707128947,1223,0,1,0,FALSE,FALSE
"COL1A1+SYK+THBS1",3,1223,262049.666668238,261963.233334904,0.000329835692724267,1223,0,1,0,FALSE,FALSE
"COL1A1+SYK+VIM",3,1223,262046.100001571,261973.266668237,0.000277940917011166,1223,0,1,0,FALSE,FALSE
"COL1A1+THBS1+TJP1",3,1223,262024.916668238,261866.711906333,0.000603777548782491,1223,0,1,0,FALSE,FALSE
"COL1A1+THBS1+TNFSF11",3,1223,262041.583334904,261948.65000157,0.000354651090683333,1223,0,1,0,FALSE,FALSE
"COL1A1+THBS1+YWHAZ",3,1223,262021.133334905,261862.40000157,0.000605803552236495,1223,0,1,0,FALSE,FALSE
"COL1A1+TJP1+VIM",3,1223,262021.350001572,261876.745239666,0.000551881600125093,1223,0,1,0,FALSE,FALSE
"COL1A1+TJP1+VWF",3,1223,262032.466668238,261886.545239666,0.000556883009299569,1223,0,1,0,FALSE,FALSE
"COL1A1+TNFSF11+VIM",3,1223,262038.016668238,261958.683334904,0.000302755051892145,1223,0,1,0,FALSE,FALSE
"COL1A1+TNFSF11+VWF",3,1223,262049.133334904,261968.566668237,0.000307448704912838,1223,0,1,0,FALSE,FALSE
"COL1A1+VWF+YWHAZ",3,1223,262028.683334905,261882.233334903,0.000558908277284664,1223,0,1,0,FALSE,FALSE
"COL1A2+CTSK+ITGA5",3,1223,262121.666668235,261731.559525372,0.00148826744397601,1222,0.000817661488143884,2,0.00163532297628777,FALSE,TRUE
"COL1A2+CTSK+SPP1",3,1223,262095.866668236,262008.409525378,0.000333683792767325,1223,0,1,0,FALSE,FALSE
"COL1A2+CTSK+TNFSF11",3,1223,262098.250001569,262020.926192044,0.000295018412082682,1223,0,1,0,FALSE,FALSE
"COL1A2+CYP7A1+HNF4A",3,1223,262086.450001569,261982.571430139,0.000396352315922943,1223,0,1,0,FALSE,FALSE
"COL1A2+DGAT1+FASN",3,1223,262144.233334902,261903.595239661,0.000917960666843243,1223,0,1,0,FALSE,FALSE
"COL1A2+DGAT1+LPL",3,1223,262131.500001569,261839.69523966,0.0011131999088495,1223,0,1,0,FALSE,FALSE
"COL1A2+F2+FURIN",3,1223,262121.400001568,262063.166668233,0.000222161690478395,1223,0,1,0,FALSE,FALSE
"COL1A2+F2+ITGA5",3,1223,262103.150001568,261732.933334895,0.00141248461405707,1222,0.000817661488143884,2,0.00163532297628777,FALSE,FALSE
"COL1A2+F2+PLG",3,1223,262107.533334901,261943.419049184,0.00062613341794926,1223,0,1,0,FALSE,FALSE
"COL1A2+F2+VWF",3,1223,262086.800001569,262035.516668234,0.000195673087443726,1223,0,1,0,FALSE,FALSE
"COL1A2+FABP4+FASN",3,1223,262105.150001568,261992.009525376,0.000431660637692732,1223,0,1,0,FALSE,FALSE
"COL1A2+FABP4+LPL",3,1223,262092.416668234,261942.109525375,0.000573489095068047,1223,0,1,0,TRUE,TRUE
"COL1A2+FGF23+ITGA5",3,1223,262140.250001568,261787.450001563,0.00134584444778552,1222,0.000817661488143884,2,0.00163532297628777,TRUE,TRUE
"COL1A2+FURIN+ITGA5",3,1223,262125.233334902,261765.083334895,0.00137396158097514,1222,0.000817661488143884,2,0.00163532297628777,FALSE,TRUE
"COL1A2+FURIN+NRP1",3,1223,262138.933334902,262088.450001567,0.000192582355823756,1223,0,1,0,TRUE,TRUE
"COL1A2+GJA1+ITGA5",3,1223,262093.450001569,261723.416668229,0.00141183739363548,1222,0.000817661488143884,2,0.00163532297628777,FALSE,FALSE
"COL1A2+GJA1+TJP1",3,1223,262053.366668237,261932.895239664,0.00045972097250413,1223,0,1,0,FALSE,FALSE
"COL1A2+HNF4A+ITGA5",3,1223,262073.283334902,261706.383334896,0.00139999009184433,1222,0.000817661488143884,2,0.00163532297628777,FALSE,FALSE
"COL1A2+HNF4A+NANOG",3,1223,262053.083334901,262018.533334901,0.000131843516438801,1223,0,1,0,FALSE,FALSE
"COL1A2+HNF4A+SOX2",3,1223,262030.383334903,261631.650001563,0.00152170648405459,1222,0.000817661488143884,2,0.00163532297628777,FALSE,FALSE
"COL1A2+ITGA5+LPL",3,1223,262089.383334901,261626.342858703,0.00176672732907279,1222,0.000817661488143884,2,0.00163532297628777,FALSE,FALSE
"COL1A2+ITGA5+MPO",3,1223,262104.066668235,261699.852382514,0.00154219005778633,1222,0.000817661488143884,2,0.00163532297628777,FALSE,FALSE
"COL1A2+ITGA5+NANOG",3,1223,262086.783334901,261747.866668229,0.00129314672933778,1222,0.000817661488143884,2,0.00163532297628777,FALSE,FALSE
"COL1A2+ITGA5+NCF2",3,1223,262110.316668235,261771.333334896,0.0012932849711822,1222,0.000817661488143884,2,0.00163532297628777,FALSE,FALSE
"COL1A2+ITGA5+NRP1",3,1223,262120.683334902,261757.833334895,0.00138428602958729,1222,0.000817661488143884,2,0.00163532297628777,TRUE,TRUE
"COL1A2+ITGA5+NTRK1",3,1223,262083.050001568,261738.700001562,0.00131389649198432,1222,0.000817661488143884,2,0.00163532297628777,FALSE,FALSE
"COL1A2+ITGA5+PLG",3,1223,262111.366668235,261650.585715846,0.00175795868086748,1222,0.000817661488143884,2,0.00163532297628777,FALSE,FALSE
"COL1A2+ITGA5+POU5F1",3,1223,262082.783334902,261745.533334897,0.00128680715197749,1222,0.000817661488143884,2,0.00163532297628777,FALSE,FALSE
"COL1A2+ITGA5+PRKCG",3,1223,262087.216668236,261743.96666823,0.00130967852751129,1222,0.000817661488143884,2,0.00163532297628777,FALSE,FALSE
"COL1A2+ITGA5+SOX2",3,1223,262064.083334903,261358.983334891,0.00269056328146478,1221,0.00163532297628777,3,0.00326930771773415,FALSE,FALSE
"COL1A2+ITGA5+SOX9",3,1223,262096.283334902,261732.983334896,0.00138613182675984,1222,0.000817661488143884,2,0.00163532297628777,TRUE,TRUE
"COL1A2+ITGA5+SYK",3,1223,262091.650001569,261741.300001563,0.00133674613442858,1222,0.000817661488143884,2,0.00163532297628777,FALSE,FALSE
"COL1A2+ITGA5+TFRC",3,1223,262097.483334902,261698.769049181,0.0015212442357232,1222,0.000817661488143884,2,0.00163532297628777,TRUE,TRUE
"COL1A2+ITGA5+TJP1",3,1223,262066.90000157,261644.695239658,0.00161105718390497,1222,0.000817661488143884,2,0.00163532297628777,FALSE,FALSE
"COL1A2+ITGA5+TNFSF11",3,1223,262083.566668236,261727.433334896,0.00135885411613834,1222,0.000817661488143884,2,0.00163532297628777,FALSE,FALSE
"COL1A2+ITGA5+VIM",3,1223,262079.516668236,261729.350001563,0.00133610848769905,1222,0.000817661488143884,2,0.00163532297628777,FALSE,FALSE
"COL1A2+NANOG+SOX2",3,1223,262043.883334902,261669.300001563,0.00142946795236065,1222,0.000817661488143884,2,0.00163532297628777,FALSE,FALSE
"COL1A2+NRP1+NTRK1",3,1223,262096.750001568,262061.316668234,0.000135191807353552,1223,0,1,0,FALSE,FALSE
"COL1A2+PLG+THBS1",3,1223,262087.466668237,261942.119049187,0.000554576763617698,1223,0,1,0,FALSE,FALSE
"COL1A2+PLG+VWF",3,1223,262095.016668237,261954.10238252,0.0005376458030667,1223,0,1,0,FALSE,FALSE
"COL1A2+POU5F1+SOX2",3,1223,262039.883334905,261667.716668231,0.0014202672583159,1222,0.000817661488143884,2,0.00163532297628777,FALSE,FALSE
"COL1A2+SPP1+THBS1",3,1223,262057.283334905,261999.05000157,0.000222216046023127,1223,0,1,0,FALSE,FALSE
"COL1A2+SPP1+TNFSF11",3,1223,262057.766668238,262000.866668237,0.000217127699455588,1223,0,1,0,FALSE,FALSE
"COL1A2+SPP1+VWF",3,1223,262064.833334904,262013.866668237,0.000194481136667535,1223,0,1,0,FALSE,FALSE
"COL1A2+THBS1+VWF",3,1223,262066.733334904,262027.80000157,0.000148562668898511,1223,0,1,0,FALSE,FALSE
"COMT+CRH+DRD1",3,1223,262161.533334901,262066.285715853,0.000363316531746372,1223,0,1,0,FALSE,TRUE
"COMT+CRH+DRD2",3,1223,262140.900001568,262013.816668233,0.000484790177092354,1223,0,1,0,FALSE,FALSE
"COMT+CRH+HCRT",3,1223,262152.700001568,262036.704763471,0.00044247203288772,1223,0,1,0,FALSE,TRUE
"COMT+CRH+HTR2A",3,1223,262166.550001568,262086.466668234,0.000305467395949499,1223,0,1,0,FALSE,TRUE
"COMT+CRH+MAOA",3,1223,262134.816668235,262015.566668233,0.000454918585474418,1223,0,1,0,FALSE,FALSE
"COMT+CRH+MAOB",3,1223,262147.500001568,262059.350001567,0.00033626107439888,1223,0,1,0,FALSE,FALSE
"COMT+CRH+NPY",3,1223,262102.800001568,261502.219049178,0.00229139464510031,1222,0.000817661488143884,2,0.00163532297628777,FALSE,FALSE
"COMT+CRH+SLC6A3",3,1223,262152.600001568,262036.442858709,0.000443089799064822,1223,0,1,0,FALSE,TRUE
"COMT+CRH+TAC1",3,1223,262113.766668236,261657.900001561,0.00173919390983934,1222,0.000817661488143884,2,0.00163532297628777,FALSE,FALSE
"COMT+CRH+TH",3,1223,262103.566668235,261936.000001564,0.000639314713648864,1223,0,1,0,FALSE,FALSE
"COMT+CYP19A1+MAOB",3,1223,262136.866668235,261927.066668229,0.000800345264946656,1223,0,1,0,FALSE,FALSE
"COMT+CYP19A1+OPRM1",3,1223,262140.766668235,261922.700001563,0.000831868577497064,1223,0,1,0,FALSE,FALSE
"COMT+CYP7A1+MAOA",3,1223,262140.583334902,261951.70476347,0.000720523960957231,1223,0,1,0,FALSE,FALSE
"COMT+CYP7A1+MAOB",3,1223,262153.266668235,261995.654763471,0.000601220449272799,1223,0,1,0,FALSE,FALSE
"COMT+CYP7A1+NR1I2",3,1223,262161.566668236,261978.654763471,0.000697706788562957,1223,0,1,0,FALSE,FALSE
"COMT+CYP7A1+RXRA",3,1223,262127.466668236,261945.971430137,0.000692393057491469,1223,0,1,0,FALSE,FALSE
"COMT+DGAT1+MAOA",3,1223,262169.533334902,261902.08571585,0.00102013233822051,1223,0,1,0,FALSE,FALSE
"COMT+DGAT1+MAOB",3,1223,262182.216668235,261946.552382518,0.000898856866463404,1223,0,1,0,FALSE,FALSE
"COMT+DRD1+GRIN2B",3,1223,262108.200001568,261934.861906327,0.000661322672242726,1223,0,1,0,FALSE,FALSE
"COMT+DRD1+GRM5",3,1223,262186.983334901,262043.714287281,0.000546438445559239,1223,0,1,0,TRUE,TRUE
"COMT+DRD1+HCRT",3,1223,262177.750001567,262044.02381109,0.000510059265044993,1223,0,1,0,FALSE,TRUE
"COMT+DRD1+HTR3A",3,1223,262233.1333349,262121.45238252,0.00042588421592471,1223,0,1,0,FALSE,FALSE
"COMT+DRD1+NOS1",3,1223,262125.900001568,261933.578572994,0.000733698686673057,1223,0,1,0,FALSE,FALSE
"COMT+DRD1+NPY",3,1223,262127.850001568,261508.488096797,0.00236282373188101,1222,0.000817661488143884,2,0.00163532297628777,FALSE,FALSE
"COMT+DRD1+NTRK1",3,1223,262130.200001568,262032.252382519,0.000373660185085334,1223,0,1,0,FALSE,FALSE
"COMT+DRD1+NTRK2",3,1223,262128.733334902,261992.111906328,0.000521199743483081,1223,0,1,0,FALSE,FALSE
"COMT+DRD1+PRKCG",3,1223,262134.366668236,262037.602382521,0.000369140021378,1223,0,1,0,FALSE,FALSE
"COMT+DRD1+TAC1",3,1223,262138.816668236,261665.26904918,0.0018064765267285,1222,0.000817661488143884,2,0.00163532297628777,FALSE,FALSE
"COMT+DRD1+TPH1",3,1223,262203.716668233,262094.702382519,0.000415761786672464,1223,0,1,0,FALSE,TRUE
"COMT+DRD2+GOT1",3,1223,262186.833334901,262049.09285871,0.000525352377306887,1223,0,1,0,FALSE,FALSE
"COMT+DRD2+GRIN2A",3,1223,262116.416668235,261899.747620612,0.000826613801518383,1223,0,1,0,FALSE,FALSE
"COMT+DRD2+GRIN2B",3,1223,262087.566668235,261882.642858707,0.000781890618211656,1223,0,1,0,FALSE,FALSE
"COMT+DRD2+GRM5",3,1223,262166.350001568,261991.828572995,0.00066568966067404,1223,0,1,0,FALSE,FALSE
"COMT+DRD2+HCRT",3,1223,262157.116668235,261992.021430138,0.000629756842748797,1223,0,1,0,FALSE,TRUE
"COMT+DRD2+HTR3A",3,1223,262212.500001567,262069.416668234,0.000545677011325796,1223,0,1,0,FALSE,FALSE
"COMT+DRD2+IDO1",3,1223,262135.466668235,261891.059525374,0.000932369610138983,1223,0,1,0,FALSE,FALSE
"COMT+DRD2+NOS1",3,1223,262105.266668235,261881.159525374,0.000855027240425077,1223,0,1,0,FALSE,FALSE
"COMT+DRD2+NPPA",3,1223,262145.466668235,262005.066668233,0.00053558049958391,1223,0,1,0,FALSE,FALSE
"COMT+DRD2+NTRK1",3,1223,262109.566668235,261980.0333349,0.00049419536639439,1223,0,1,0,FALSE,FALSE
"COMT+DRD2+NTRK2",3,1223,262108.100001568,261939.759525375,0.000642255909649836,1223,0,1,0,FALSE,FALSE
"COMT+DRD2+PRKCG",3,1223,262113.733334903,261985.383334901,0.000489672930787721,1223,0,1,0,FALSE,FALSE
"COMT+DRD2+TAC1",3,1223,262118.183334902,261610.883334894,0.00193538652509362,1222,0.000817661488143884,2,0.00163532297628777,FALSE,FALSE
"COMT+DRD2+TPH1",3,1223,262183.0833349,262042.650001566,0.000535630794893716,1223,0,1,0,FALSE,TRUE
"COMT+DRD2+TRPV1",3,1223,262134.500001569,261574.450001561,0.00213649862953769,1222,0.000817661488143884,2,0.00163532297628777,FALSE,FALSE
"COMT+DRD2+YWHAZ",3,1223,262089.633334903,261881.2333349,0.000795147817760244,1223,0,1,0,FALSE,FALSE
"COMT+GOT1+MAOA",3,1223,262180.750001568,262049.892858709,0.000499110414695192,1223,0,1,0,FALSE,FALSE
"COMT+GOT1+MAOB",3,1223,262193.433334901,262093.726192044,0.000380280854440418,1223,0,1,0,FALSE,FALSE
"COMT+GOT1+SLC6A3",3,1223,262198.5333349,262070.902382519,0.000486772182735185,1223,0,1,0,FALSE,FALSE
"COMT+GRIN2A+GRM5",3,1223,262137.450001568,261923.592858707,0.000815820642411924,1223,0,1,0,FALSE,FALSE
"COMT+GRIN2A+HTR2A",3,1223,262142.066668235,261972.464287279,0.000646986510448699,1223,0,1,0,FALSE,FALSE
"COMT+GRIN2A+HTR3A",3,1223,262183.600001568,262001.397620613,0.000694941945084349,1223,0,1,0,FALSE,FALSE
"COMT+GRIN2A+MAOB",3,1223,262123.016668235,261945.347620612,0.0006778078853239,1223,0,1,0,FALSE,FALSE
"COMT+GRIN2A+OPRM1",3,1223,262126.916668235,261940.980953946,0.000709334686618712,1223,0,1,0,FALSE,FALSE
"COMT+GRIN2B+GRM5",3,1223,262108.600001568,261905.104763469,0.000776377570586573,1223,0,1,0,FALSE,FALSE
"COMT+GRIN2B+HTR2A",3,1223,262113.216668235,261954.876192041,0.000604091919540695,1223,0,1,0,FALSE,FALSE
"COMT+GRIN2B+HTR3A",3,1223,262154.750001569,261994.609525375,0.000610862386406397,1223,0,1,0,FALSE,FALSE
"COMT+GRIN2B+MAOB",3,1223,262094.166668235,261927.67619204,0.000635231521215585,1223,0,1,0,FALSE,FALSE
"COMT+GRIN2B+NTRK2",3,1223,262050.350001568,261852.602382516,0.000754616885843107,1223,0,1,0,FALSE,FALSE
"COMT+GRIN2B+OPRM1",3,1223,262098.066668235,261923.476192041,0.000666126532002598,1223,0,1,0,FALSE,FALSE
"COMT+GRM5+MAOA",3,1223,262160.266668234,261993.245239661,0.000637096653494762,1223,0,1,0,FALSE,FALSE
"COMT+GRM5+MAOB",3,1223,262172.950001567,262037.028572995,0.000518441847535467,1223,0,1,0,FALSE,FALSE
"COMT+GRM5+SLC6A3",3,1223,262178.050001567,262013.788096803,0.000626528058937148,1223,0,1,0,TRUE,TRUE
"COMT+GSTP1+MAOB",3,1223,262129.883334902,261574.023811082,0.00212054999890698,1222,0.000817661488143884,2,0.00163532297628777,FALSE,FALSE
"COMT+GSTP1+OPRM1",3,1223,262133.783334902,261569.373811083,0.0021531353823947,1222,0.000817661488143884,2,0.00163532297628777,FALSE,FALSE
"COMT+HCRT+HTR2A",3,1223,262182.766668234,262064.254763471,0.000452020192893032,1223,0,1,0,FALSE,TRUE
"COMT+HCRT+MAOB",3,1223,262163.716668234,262037.138096804,0.000482822615726075,1223,0,1,0,FALSE,FALSE
"COMT+HCRT+OPRM1",3,1223,262167.616668234,262032.654763471,0.000514792431187905,1223,0,1,0,FALSE,TRUE
"COMT+HTR2A+IDO1",3,1223,262161.116668235,261963.776192041,0.000752745024515278,1223,0,1,0,FALSE,FALSE
"COMT+HTR2A+NOS1",3,1223,262130.916668235,261953.642858708,0.00067627966887629,1223,0,1,0,FALSE,FALSE
"COMT+HTR2A+NPY",3,1223,262132.866668234,261531.052382511,0.00229583681501722,1222,0.000817661488143884,2,0.00163532297628777,FALSE,FALSE
"COMT+HTR2A+NTRK1",3,1223,262135.216668235,262052.266668233,0.00031643974074036,1223,0,1,0,FALSE,FALSE
"COMT+HTR2A+NTRK2",3,1223,262133.750001568,262012.042858709,0.0004642940592684,1223,0,1,0,FALSE,FALSE
"COMT+HTR2A+PRKCG",3,1223,262139.383334903,262057.616668235,0.000311920573047741,1223,0,1,0,FALSE,FALSE
"COMT+HTR2A+TAC1",3,1223,262143.833334902,261685.500001561,0.0017484040250364,1222,0.000817661488143884,2,0.00163532297628777,FALSE,FALSE
"COMT+HTR2A+TRPV1",3,1223,262160.150001568,261646.033334894,0.00196107862568284,1222,0.000817661488143884,2,0.00163532297628777,FALSE,FALSE
"COMT+HTR2A+YWHAZ",3,1223,262115.283334903,261953.6833349,0.00061652261534495,1223,0,1,0,FALSE,FALSE
"COMT+HTR3A+MAOA",3,1223,262206.416668233,262070.566668233,0.000518103262789671,1223,0,1,0,FALSE,FALSE
"COMT+HTR3A+MAOB",3,1223,262219.100001567,262114.266668234,0.000399792895833584,1223,0,1,0,FALSE,FALSE
"COMT+HTR3A+SLC6A3",3,1223,262224.200001566,262090.659525376,0.00050926068680679,1223,0,1,0,FALSE,FALSE
"COMT+IDO1+TPH1",3,1223,262173.2333349,261971.57619204,0.000769175175875492,1223,0,1,0,FALSE,FALSE
"COMT+MAOA+NR1I2",3,1223,262154.133334902,262008.083334899,0.000557115000037745,1223,0,1,0,FALSE,FALSE
"COMT+MAOA+NTRK1",3,1223,262103.483334901,261981.366668232,0.000465910124944235,1223,0,1,0,FALSE,FALSE
"COMT+MAOA+NTRK2",3,1223,262102.016668234,261941.226192041,0.000613465238602395,1223,0,1,0,FALSE,FALSE
"COMT+MAOA+PRKCG",3,1223,262107.650001569,261986.716668233,0.000461388034019405,1223,0,1,0,FALSE,FALSE
"COMT+MAOB+NOS1",3,1223,262111.866668234,261926.442858708,0.000707422414268022,1223,0,1,0,FALSE,FALSE
"COMT+MAOB+NPY",3,1223,262113.816668234,261503.302382511,0.00232919536056275,1222,0.000817661488143884,2,0.00163532297628777,FALSE,FALSE
"COMT+MAOB+NR1I2",3,1223,262166.816668235,262051.700001566,0.000439097015142775,1223,0,1,0,FALSE,FALSE
"COMT+MAOB+NTRK1",3,1223,262116.166668235,262025.150001566,0.000347237897704411,1223,0,1,0,FALSE,FALSE
"COMT+MAOB+NTRK2",3,1223,262114.700001568,261985.009525375,0.000494785207362014,1223,0,1,0,FALSE,FALSE
"COMT+MAOB+PRKCG",3,1223,262120.333334903,262030.500001568,0.000342717912006463,1223,0,1,0,FALSE,FALSE
"COMT+MAOB+TAC1",3,1223,262124.783334902,261658.383334894,0.00177930523804049,1222,0.000817661488143884,2,0.00163532297628777,FALSE,FALSE
"COMT+MAOB+TRPV1",3,1223,262141.100001568,261620.816668227,0.00198474536552129,1222,0.000817661488143884,2,0.00163532297628777,FALSE,FALSE
"COMT+MAOB+YWHAZ",3,1223,262096.233334903,261926.050001566,0.000649316211726925,1223,0,1,0,FALSE,FALSE
"COMT+NPPA+SLC6A3",3,1223,262157.166668234,262027.826192042,0.000493369980444136,1223,0,1,0,FALSE,FALSE
"COMT+NPPA+TH",3,1223,262108.133334902,261927.383334897,0.000689600882294972,1223,0,1,0,FALSE,FALSE
"COMT+NQO1+OPRM1",3,1223,262123.133334901,261896.28214442,0.000865437504865674,1223,0,1,0,FALSE,FALSE
"COMT+NR1I2+RXRA",3,1223,262141.016668236,262008.666668233,0.00050488092891865,1223,0,1,0,FALSE,FALSE
"COMT+NTRK1+NTRK2",3,1223,262072.350001568,261944.226192041,0.000488887169995178,1223,0,1,0,FALSE,FALSE
"COMT+NTRK1+TH",3,1223,262072.233334901,261901.800001564,0.000650329610156208,1223,0,1,0,FALSE,FALSE
"COMT+NTRK2+TAC1",3,1223,262080.966668235,261584.476192036,0.00189441638021504,1222,0.000817661488143884,2,0.00163532297628777,FALSE,FALSE
"COMT+NTRK2+TH",3,1223,262070.766668235,261861.659525373,0.000797903350764906,1223,0,1,0,FALSE,FALSE
"COMT+OPRM1+PRKCG",3,1223,262124.233334903,262026.133334901,0.00037425002165381,1223,0,1,0,FALSE,FALSE
"COMT+OPRM1+TAC1",3,1223,262128.683334902,261648.300001561,0.00183262406551521,1222,0.000817661488143884,2,0.00163532297628777,FALSE,FALSE
"COMT+PRKCG+TH",3,1223,262076.400001571,261907.316668233,0.000645168101119808,1223,0,1,0,FALSE,FALSE
"COMT+SLC6A3+TPH1",3,1223,262194.7833349,262064.609525376,0.000496477496113812,1223,0,1,0,FALSE,TRUE
"COMT+TH+TPH1",3,1223,262145.750001569,261956.216668231,0.000723007461827851,1223,0,1,0,FALSE,FALSE
"COMT+TPH1+YWHAZ",3,1223,262127.40000157,261969.266668234,0.000603268995667983,1223,0,1,0,FALSE,FALSE
"CRH+CTSK+HCRT",3,1223,262135.066668235,262032.230953948,0.000392300486896979,1223,0,1,0,TRUE,TRUE
"CRH+CTSK+NFATC1",3,1223,262101.383334901,262030.976192043,0.00026862560571761,1223,0,1,0,FALSE,TRUE
"CRH+CTSK+NPY",3,1223,262085.166668234,261497.678572988,0.00224159231411081,1222,0.000817661488143884,2,0.00163532297628777,FALSE,FALSE
"CRH+CTSK+SPP1",3,1223,262085.650001569,261995.026192044,0.000345779364588128,1223,0,1,0,FALSE,FALSE
"CRH+CTSK+TAC1",3,1223,262096.133334902,261653.609525371,0.00168840266317649,1222,0.000817661488143884,2,0.00163532297628777,TRUE,TRUE
"CRH+CTSK+TNFSF11",3,1223,262088.033334902,262007.54285871,0.000307112366664253,1223,0,1,0,TRUE,TRUE
"CRH+CYP11B2+HCRT",3,1223,262163.750001568,262086.580953948,0.000294354378205353,1223,0,1,0,TRUE,TRUE
"CRH+CYP11B2+NPY",3,1223,262113.850001568,261552.745239655,0.00214069100854275,1222,0.000817661488143884,2,0.00163532297628777,FALSE,FALSE
"CRH+CYP11B2+OPRM1",3,1223,262162.450001568,262107.509525377,0.000209566534759897,1223,0,1,0,TRUE,TRUE
"CRH+CYP11B2+TAC1",3,1223,262124.816668236,261707.909525371,0.0015904909278085,1222,0.000817661488143884,2,0.00163532297628777,TRUE,TRUE
"CRH+DRD1+GRIN2A",3,1223,262112.133334901,261986.62381109,0.000478839045773283,1223,0,1,0,FALSE,FALSE
"CRH+DRD1+HCRT",3,1223,262152.833334901,262074.190477758,0.000299988583541633,1223,0,1,0,FALSE,TRUE
"CRH+DRD1+NPPA",3,1223,262141.183334902,262091.65238252,0.000188947618804169,1223,0,1,0,FALSE,TRUE
"CRH+DRD1+NPY",3,1223,262102.933334901,261537.988096798,0.00215543271841723,1222,0.000817661488143884,2,0.00163532297628777,FALSE,TRUE
"CRH+DRD1+OPRM1",3,1223,262151.533334902,262095.25238252,0.000214688625566062,1223,0,1,0,FALSE,TRUE
"CRH+DRD1+SLC6A3",3,1223,262152.733334901,262072.211906328,0.00030715464053388,1223,0,1,0,FALSE,TRUE
"CRH+DRD1+TAC1",3,1223,262113.900001569,261695.519049181,0.00159617995224737,1222,0.000817661488143884,2,0.00163532297628777,FALSE,TRUE
"CRH+DRD2+HCRT",3,1223,262132.200001568,262025.621430138,0.000406583286712947,1223,0,1,0,FALSE,TRUE
"CRH+DRD2+HTR2A",3,1223,262146.050001568,262071.750001567,0.000283429790380874,1223,0,1,0,FALSE,TRUE
"CRH+DRD2+MAOA",3,1223,262114.316668235,262025.3333349,0.000339482919002432,1223,0,1,0,FALSE,FALSE
"CRH+DRD2+OPRM1",3,1223,262130.900001569,262041.7333349,0.000340160838221415,1223,0,1,0,FALSE,TRUE
"CRH+DRD2+SLC6A3",3,1223,262132.100001567,262026.959525375,0.00040109729480442,1223,0,1,0,FALSE,TRUE
"CRH+DRD2+TAC1",3,1223,262093.266668235,261644.483334894,0.00171230394067678,1222,0.000817661488143884,2,0.00163532297628777,FALSE,TRUE
"CRH+DRD2+TH",3,1223,262083.066668235,261927.216668231,0.000594658792668734,1223,0,1,0,FALSE,FALSE
"CRH+EGR1+HCRT",3,1223,262084.650001568,262020.654763471,0.000244177742175222,1223,0,1,0,TRUE,TRUE
"CRH+EGR1+NPY",3,1223,262034.750001567,261486.002382512,0.00209417880281904,1222,0.000817661488143884,2,0.00163532297628777,FALSE,FALSE
"CRH+EGR1+TAC1",3,1223,262045.716668235,261641.983334895,0.0015406980830418,1222,0.000817661488143884,2,0.00163532297628777,FALSE,FALSE
"CRH+EPOR+NPY",3,1223,262086.766668234,261542.569049179,0.00207640250583219,1222,0.000817661488143884,2,0.00163532297628777,FALSE,FALSE
"CRH+EPOR+TAC1",3,1223,262097.733334902,261698.016668229,0.00152506723956458,1222,0.000817661488143884,2,0.00163532297628777,FALSE,FALSE
"CRH+GABBR1+OPRM1",3,1223,262192.300001568,262000.383334898,0.000731969118349607,1223,0,1,0,TRUE,TRUE
"CRH+GRIN2A+GRM5",3,1223,262112.533334901,261959.992858708,0.00058196559413648,1223,0,1,0,FALSE,FALSE
"CRH+GRIN2A+HTR3A",3,1223,262158.683334902,262037.930953947,0.00046060797765024,1223,0,1,0,FALSE,FALSE
"CRH+GRIN2A+OPRM1",3,1223,262102.000001568,261979.997620613,0.000465476726442704,1223,0,1,0,FALSE,FALSE
"CRH+GRIN2B+GRM5",3,1223,262083.683334901,261941.771430136,0.000541475543074821,1223,0,1,0,FALSE,FALSE
"CRH+GRIN2B+HTR3A",3,1223,262129.833334902,262031.309525376,0.000375858818787767,1223,0,1,0,FALSE,FALSE
"CRH+GRIN2B+NTRK2",3,1223,262025.433334901,261889.98571585,0.000516925465315121,1223,0,1,0,FALSE,FALSE
"CRH+GRIN2B+OPRM1",3,1223,262073.150001568,261962.759525375,0.000421220091385677,1223,0,1,0,FALSE,FALSE
"CRH+GRM5+HTR2A",3,1223,262167.083334901,262098.361906329,0.000262128363703651,1223,0,1,0,TRUE,TRUE
"CRH+GRM5+NPY",3,1223,262103.3333349,261507.323811083,0.00227394866075936,1222,0.000817661488143884,2,0.00163532297628777,TRUE,TRUE
"CRH+GRM5+TAC1",3,1223,262114.300001568,261671.645239656,0.00168878524334359,1222,0.000817661488143884,2,0.00163532297628777,TRUE,TRUE
"CRH+HCRT+HTR2A",3,1223,262157.850001568,262096.971430138,0.000232221050900483,1223,0,1,0,FALSE,TRUE
"CRH+HCRT+MAOB",3,1223,262138.800001568,262075.471430138,0.00024158412043318,1223,0,1,0,FALSE,TRUE
"CRH+HCRT+NFATC1",3,1223,262110.316668234,262046.754763471,0.00024250058361186,1223,0,1,0,TRUE,TRUE
"CRH+HCRT+NPPA",3,1223,262132.350001568,262064.338096805,0.00025945635768565,1223,0,1,0,FALSE,TRUE
"CRH+HCRT+NR1H4",3,1223,262133.566668235,262045.480953948,0.000336033707573291,1223,0,1,0,TRUE,TRUE
"CRH+HCRT+NTRK1",3,1223,262096.450001567,262039.371430138,0.000217776972672112,1223,0,1,0,TRUE,TRUE
"CRH+HCRT+NTRK2",3,1223,262094.983334901,261999.147620613,0.0003656526083331,1223,0,1,0,TRUE,TRUE
"CRH+HCRT+PRKCG",3,1223,262100.616668235,262044.638096806,0.000213576649079061,1223,0,1,0,TRUE,TRUE
"CRH+HCRT+RARA",3,1223,262111.550001568,262014.85476347,0.000368908726446682,1223,0,1,0,TRUE,TRUE
"CRH+HCRT+TNFSF11",3,1223,262096.966668235,262028.104763472,0.000262734459077318,1223,0,1,0,TRUE,TRUE
"CRH+HTR2A+MAOA",3,1223,262139.966668235,262092.650001567,0.000180501536141686,1223,0,1,0,FALSE,FALSE
"CRH+HTR2A+NPY",3,1223,262107.950001567,261563.235715845,0.00207820589081253,1222,0.000817661488143884,2,0.00163532297628777,FALSE,TRUE
"CRH+HTR2A+OPRM1",3,1223,262156.550001568,262116.633334901,0.000152262709693263,1223,0,1,0,FALSE,TRUE
"CRH+HTR2A+SLC6A3",3,1223,262157.750001567,262097.692858709,0.0002290878025063,1223,0,1,0,FALSE,TRUE
"CRH+HTR2A+TAC1",3,1223,262118.916668235,261718.300001562,0.00152837754621304,1222,0.000817661488143884,2,0.00163532297628777,FALSE,TRUE
"CRH+HTR3A+NPY",3,1223,262149.483334901,261592.135715846,0.00212606796689052,1222,0.000817661488143884,2,0.00163532297628777,TRUE,TRUE
"CRH+IDO1+MAOB",3,1223,262117.150001568,261978.992858708,0.000527081661229056,1223,0,1,0,FALSE,FALSE
"CRH+IDO1+TPH1",3,1223,262148.316668233,262010.176192041,0.000526955419544506,1223,0,1,0,TRUE,TRUE
"CRH+MAOA+MAOB",3,1223,262120.916668234,261961.626192041,0.000607698455423744,1223,0,1,0,FALSE,TRUE
"CRH+MAOA+OPRM1",3,1223,262124.816668235,262063.066668233,0.000235574795191762,1223,0,1,0,FALSE,FALSE
"CRH+MAOA+TPH1",3,1223,262152.0833349,262092.800001566,0.000226140996402946,1223,0,1,0,FALSE,FALSE
"CRH+MAOB+NPY",3,1223,262088.900001567,261541.102382512,0.00209012140175413,1222,0.000817661488143884,2,0.00163532297628777,FALSE,FALSE
"CRH+MAOB+OPRM1",3,1223,262137.500001568,262096.183334901,0.000157614483495716,1223,0,1,0,FALSE,FALSE
"CRH+MAOB+SLC6A3",3,1223,262138.700001567,262077.492858709,0.000233491441201772,1223,0,1,0,FALSE,FALSE
"CRH+MAOB+TAC1",3,1223,262099.866668235,261696.800001561,0.00153783621410108,1222,0.000817661488143884,2,0.00163532297628777,FALSE,FALSE
"CRH+MAOB+TH",3,1223,262089.666668235,261973.033334898,0.000445013093493096,1223,0,1,0,FALSE,FALSE
"CRH+MAOB+TPH1",3,1223,262164.766668233,262124.616668233,0.000153147963055877,1223,0,1,0,FALSE,TRUE
"CRH+MPO+NPY",3,1223,262067.566668234,261467.504763463,0.00228972212166434,1222,0.000817661488143884,2,0.00163532297628777,FALSE,FALSE
"CRH+MPO+OPRM1",3,1223,262116.166668235,262021.319049185,0.000361853373086696,1223,0,1,0,FALSE,FALSE
"CRH+MPO+TAC1",3,1223,262078.533334901,261621.769049179,0.00174285272399188,1222,0.000817661488143884,2,0.00163532297628777,FALSE,FALSE
"CRH+NCOA2+NR1H4",3,1223,262125.266668235,262072.326192044,0.000201966322682434,1223,0,1,0,TRUE,TRUE
"CRH+NCOA2+RARA",3,1223,262103.250001569,262041.516668233,0.000235530590846356,1223,0,1,0,TRUE,TRUE
"CRH+NFATC1+NPY",3,1223,262060.416668233,261513.185715845,0.00208818622570328,1222,0.000817661488143884,2,0.00163532297628777,FALSE,FALSE
"CRH+NFATC1+TAC1",3,1223,262071.383334901,261667.316668228,0.00154181910871609,1222,0.000817661488143884,2,0.00163532297628777,FALSE,FALSE
"CRH+NFATC1+TNFSF11",3,1223,262063.283334902,262018.800001567,0.000169742715455001,1223,0,1,0,FALSE,FALSE
"CRH+NOS2+NPY",3,1223,262044.166668233,261505.002382511,0.00205753210451942,1222,0.000817661488143884,2,0.00163532297628777,FALSE,FALSE
"CRH+NOS2+TAC1",3,1223,262055.133334901,261660.066668228,0.00150757079873065,1222,0.000817661488143884,2,0.00163532297628777,TRUE,TRUE
"CRH+NPPA+NPY",3,1223,262082.450001567,261529.685715845,0.00210912362013838,1222,0.000817661488143884,2,0.00163532297628777,FALSE,FALSE
"CRH+NPPA+TAC1",3,1223,262093.416668235,261685.450001561,0.00155656968366313,1222,0.000817661488143884,2,0.00163532297628777,FALSE,TRUE
"CRH+NPY+NR1H4",3,1223,262083.666668234,261511.645239655,0.00218259091019002,1222,0.000817661488143884,2,0.00163532297628777,FALSE,FALSE
"CRH+NPY+NTRK1",3,1223,262046.550001567,261505.635715845,0.00206419159389359,1222,0.000817661488143884,2,0.00163532297628777,FALSE,FALSE
"CRH+NPY+NTRK2",3,1223,262045.0833349,261465.41190632,0.00221210572319419,1222,0.000817661488143884,2,0.00163532297628777,FALSE,FALSE
"CRH+NPY+PRKCG",3,1223,262050.716668235,261510.902382512,0.00205996111205475,1222,0.000817661488143884,2,0.00163532297628777,FALSE,FALSE
"CRH+NPY+PTGS1",3,1223,262087.0333349,261525.052382511,0.0021442531713175,1222,0.000817661488143884,2,0.00163532297628777,FALSE,FALSE
"CRH+NPY+RARA",3,1223,262061.650001568,261481.285715843,0.00221460975202215,1222,0.000817661488143884,2,0.00163532297628777,FALSE,FALSE
"CRH+NPY+SIRT3",3,1223,262081.7833349,261530.285715844,0.00210429588824745,1222,0.000817661488143884,2,0.00163532297628777,TRUE,TRUE
"CRH+NPY+SOD2",3,1223,262056.516668234,261446.438096796,0.00232804197809977,1222,0.000817661488143884,2,0.00163532297628777,FALSE,FALSE
"CRH+NPY+SPP1",3,1223,262044.683334901,261476.669049178,0.00216762377505431,1222,0.000817661488143884,2,0.00163532297628777,FALSE,FALSE
"CRH+NPY+TNFSF11",3,1223,262047.066668234,261493.935715845,0.00211080764773464,1222,0.000817661488143884,2,0.00163532297628777,FALSE,FALSE
"CRH+NPY+TPH1",3,1223,262120.066668233,261567.10238251,0.00210958395040695,1222,0.000817661488143884,2,0.00163532297628777,FALSE,TRUE
"CRH+NR1H4+TAC1",3,1223,262094.633334902,261666.809525371,0.00163232571414063,1222,0.000817661488143884,2,0.00163532297628777,TRUE,TRUE
"CRH+NTRK1+NTRK2",3,1223,262047.433334901,261981.759525375,0.000250618022429872,1223,0,1,0,FALSE,FALSE
"CRH+NTRK1+TAC1",3,1223,262057.516668235,261660.616668228,0.00151455300749559,1222,0.000817661488143884,2,0.00163532297628777,FALSE,FALSE
"CRH+OPRM1+PRKCG",3,1223,262099.316668236,262065.483334902,0.00012908592728933,1223,0,1,0,FALSE,FALSE
"CRH+OPRM1+SPP1",3,1223,262093.283334902,262030.950001568,0.000237828808664631,1223,0,1,0,FALSE,FALSE
"CRH+OPRM1+TH",3,1223,262093.566668235,261969.216668232,0.000474448883213907,1223,0,1,0,FALSE,TRUE
"CRH+PRKCG+SLC6A3",3,1223,262100.516668236,262048.492858711,0.000198488008287478,1223,0,1,0,FALSE,FALSE
"CRH+SIRT3+SOD2",3,1223,262094.10000157,261993.70238252,0.00038305943952488,1223,0,1,0,TRUE,TRUE
"CRH+SPP1+TAC1",3,1223,262055.65000157,261631.11666823,0.00162001213611596,1222,0.000817661488143884,2,0.00163532297628777,FALSE,FALSE
"CRH+SPP1+TNFSF11",3,1223,262047.550001571,261987.483334903,0.000229220485623904,1223,0,1,0,FALSE,FALSE
"CRH+TAC1+TNFSF11",3,1223,262058.033334904,261649.31666823,0.00155964181472446,1222,0.000817661488143884,2,0.00163532297628777,FALSE,FALSE
"CS+DGAT1+LPL",3,1223,262139.183334902,261767.397620612,0.00141827600727507,1223,0,1,0,FALSE,FALSE
"CS+ESRRA+FASN",3,1223,262128.366668235,261969.795239661,0.000604938071332772,1223,0,1,0,FALSE,FALSE
"CS+ESRRA+GSR",3,1223,262152.733334902,262005.669049185,0.000560987039295968,1223,0,1,0,FALSE,FALSE
"CS+ESRRA+NCOA2",3,1223,262148.550001569,262069.385715853,0.000301982542780133,1223,0,1,0,TRUE,TRUE
"CS+ESRRA+SOD2",3,1223,262119.266668236,261972.888096804,0.000558442625344213,1223,0,1,0,FALSE,TRUE
"CS+FABP4+GOT1",3,1223,262171.033334901,262082.478572996,0.000337774775417299,1223,0,1,0,TRUE,TRUE
"CS+FABP4+LPL",3,1223,262100.100001568,261870.04523966,0.00087773626147758,1223,0,1,0,FALSE,FALSE
"CS+FABP4+MDH2",3,1223,262171.616668235,262060.535715853,0.000423695569314542,1223,0,1,0,TRUE,TRUE
"CS+FABP4+RXRA",3,1223,262110.316668235,261998.602382518,0.000426210944831196,1223,0,1,0,FALSE,FALSE
"CS+FABP4+SOD2",3,1223,262103.733334902,261953.288096804,0.00057399120639845,1223,0,1,0,FALSE,FALSE
"CS+FASN+HNF4A",3,1223,262076.100001568,261908.395239661,0.000639908644498255,1223,0,1,0,FALSE,FALSE
"CS+FASN+MB",3,1223,262126.300001568,261977.978572994,0.000565839553578251,1223,0,1,0,FALSE,FALSE
"CS+FASN+MGLL",3,1223,262179.383334901,261976.430953947,0.000774097407555852,1223,0,1,0,FALSE,FALSE
"CS+FASN+NCOA2",3,1223,262125.116668235,261977.911906328,0.000561582055845333,1223,0,1,0,FALSE,FALSE
"CS+FASN+NR1H4",3,1223,262122.983334902,261946.288096804,0.000674092885140976,1223,0,1,0,FALSE,FALSE
"CS+FASN+RARA",3,1223,262100.966668235,261915.361906326,0.000708142225755215,1223,0,1,0,FALSE,FALSE
"CS+FASN+RXRA",3,1223,262102.416668235,261927.678572994,0.000666678687906708,1223,0,1,0,FALSE,FALSE
"CS+FASN+SIRT3",3,1223,262121.100001568,261958.378572994,0.000620787218477581,1223,0,1,0,FALSE,FALSE
"CS+GATM+GLUL",3,1223,262220.966668233,262009.650001568,0.00080587250268449,1223,0,1,0,FALSE,TRUE
"CS+GATM+GOT1",3,1223,262218.2833349,262034.433334901,0.000701133413201771,1223,0,1,0,FALSE,TRUE
"CS+GATM+MDH2",3,1223,262218.866668234,262012.973811092,0.000785194672519363,1223,0,1,0,FALSE,TRUE
"CS+GLUL+GOT1",3,1223,262224.016668233,262118.471430139,0.000402500272229545,1223,0,1,0,FALSE,TRUE
"CS+GLUL+GSR",3,1223,262190.183334901,262022.145239661,0.000640901551317463,1223,0,1,0,FALSE,FALSE
"CS+GLUL+MDH2",3,1223,262224.600001567,262096.511906329,0.000488467120311586,1223,0,1,0,FALSE,TRUE
"CS+GLUL+SOD2",3,1223,262156.716668236,261989.230953947,0.000638876304286273,1223,0,1,0,FALSE,FALSE
"CS+GOT1+HPRT1",3,1223,262200.6333349,262023.532144423,0.000675441505327168,1223,0,1,0,TRUE,TRUE
"CS+GOT1+KEAP1",3,1223,262152.766668235,262063.514287281,0.000340459427867756,1223,0,1,0,FALSE,FALSE
"CS+GOT1+MT-CYB",3,1223,262183.766668235,262064.011906329,0.000456758873470742,1223,0,1,0,FALSE,TRUE
"CS+GOT1+NQO1",3,1223,262147.133334902,261944.277382517,0.00077382479756527,1223,0,1,0,FALSE,TRUE
"CS+GOT1+SIRT3",3,1223,262179.300001569,262089.228572996,0.000343548970387797,1223,0,1,0,FALSE,TRUE
"CS+GOT1+YWHAZ",3,1223,262124.133334904,261970.545239663,0.00058593649233063,1223,0,1,0,FALSE,FALSE
"CS+GSR+HPRT1",3,1223,262166.800001568,261927.105953945,0.00091428070839461,1223,0,1,0,FALSE,FALSE
"CS+GSR+ITPR1",3,1223,262104.400001568,261922.711906326,0.00069318979475641,1223,0,1,0,FALSE,FALSE
"CS+GSR+ITPR3",3,1223,262116.100001568,261982.652382518,0.000509116452783953,1223,0,1,0,FALSE,FALSE
"CS+GSR+MB",3,1223,262150.666668235,262010.819049185,0.000533462763332992,1223,0,1,0,FALSE,FALSE
"CS+GSR+MT-CYB",3,1223,262149.933334902,261967.369049184,0.000696411719032008,1223,0,1,0,FALSE,FALSE
"CS+GSR+SIRT3",3,1223,262145.466668235,261992.735715851,0.000582619086743841,1223,0,1,0,FALSE,TRUE
"CS+GSR+STAT4",3,1223,262136.516668235,261921.666668231,0.000819611104683537,1223,0,1,0,FALSE,FALSE
"CS+GSR+XIAP",3,1223,262109.05000157,261964.361906328,0.000552014877930551,1223,0,1,0,FALSE,FALSE
"CS+GSTP1+MDH2",3,1223,262158.366668235,261596.576192035,0.00214294315050789,1222,0.000817661488143884,2,0.00163532297628777,FALSE,FALSE
"CS+GSTP1+PRDX1",3,1223,262110.833334902,261589.159525368,0.00199027946650032,1222,0.000817661488143884,2,0.00163532297628777,FALSE,FALSE
"CS+GSTP1+SOD2",3,1223,262090.483334902,261489.66190632,0.00229241985797246,1222,0.000817661488143884,2,0.00163532297628777,FALSE,FALSE
"CS+HNF4A+NCOA2",3,1223,262096.283334902,262005.619049186,0.000345919768728775,1223,0,1,0,FALSE,FALSE
"CS+HNF4A+NR1H4",3,1223,262094.150001569,261972.495239662,0.000464164354320729,1223,0,1,0,FALSE,FALSE
"CS+HNF4A+NR1I2",3,1223,262107.683334902,261996.419049186,0.000424498375251603,1223,0,1,0,FALSE,FALSE
"CS+HNF4A+SOD2",3,1223,262067.000001569,261908.454763471,0.000604979787982685,1223,0,1,0,FALSE,FALSE
"CS+HPRT1+MDH2",3,1223,262201.216668234,261999.53928728,0.000769170271278652,1223,0,1,0,TRUE,TRUE
"CS+ITPR1+ITPR3",3,1223,262066.833334901,261893.107144421,0.000662907962327153,1223,0,1,0,FALSE,FALSE
"CS+ITPR1+SOD2",3,1223,262070.933334902,261890.014287279,0.000690343813869232,1223,0,1,0,FALSE,FALSE
"CS+ITPR3+SOD2",3,1223,262082.633334902,261949.871430137,0.000506565059558595,1223,0,1,0,FALSE,FALSE
"CS+KEAP1+NQO1",3,1223,262078.566668234,261868.786906325,0.00080044608216745,1223,0,1,0,FALSE,FALSE
"CS+KEAP1+SOD2",3,1223,262085.466668235,261933.673811089,0.000579173118890108,1223,0,1,0,FALSE,FALSE
"CS+LPL+MGLL",3,1223,262166.650001568,261880.528572993,0.00109137233348933,1223,0,1,0,FALSE,FALSE
"CS+LPL+SOD2",3,1223,262083.100001569,261799.097620611,0.00108363485076068,1223,0,1,0,FALSE,FALSE
"CS+MB+MT-CYB",3,1223,262146.933334902,262033.035715853,0.000434480074210319,1223,0,1,0,TRUE,TRUE
"CS+MB+SOD2",3,1223,262117.200001569,261978.121430138,0.00053059689112589,1223,0,1,0,FALSE,FALSE
"CS+MDH2+MGLL",3,1223,262238.166668234,262083.004763473,0.000591683150978017,1223,0,1,0,TRUE,TRUE
"CS+MDH2+MT-CYB",3,1223,262184.350001568,262042.019049186,0.000542865935291292,1223,0,1,0,FALSE,TRUE
"CS+MDH2+NQO1",3,1223,262147.716668235,261919.634525373,0.000870051991147092,1223,0,1,0,FALSE,TRUE
"CS+MDH2+PRDX1",3,1223,262174.966668236,262085.035715854,0.000343018837859255,1223,0,1,0,FALSE,TRUE
"CS+MDH2+SIRT3",3,1223,262179.883334902,262066.702382519,0.000431691977824888,1223,0,1,0,FALSE,TRUE
"CS+MDH2+STAT4",3,1223,262170.933334902,261997.616668233,0.000661082693130144,1223,0,1,0,TRUE,TRUE
"CS+MDH2+TH",3,1223,262143.066668236,261956.069049184,0.000713341845844151,1223,0,1,0,FALSE,FALSE
"CS+MDH2+YWHAZ",3,1223,262124.716668237,261947.902382519,0.000674542591654781,1223,0,1,0,FALSE,FALSE
"CS+MGLL+SOD2",3,1223,262170.283334903,261977.073811091,0.000736961952188309,1223,0,1,0,FALSE,FALSE
"CS+MT-CYB+SOD2",3,1223,262116.466668236,261934.088096804,0.000695792117719196,1223,0,1,0,FALSE,FALSE
"CS+NCOA2+NR1H4",3,1223,262143.166668235,262041.928572996,0.0003861939127624,1223,0,1,0,FALSE,FALSE
"CS+NCOA2+RARA",3,1223,262121.150001569,262010.702382518,0.000421360958663741,1223,0,1,0,FALSE,FALSE
"CS+NCOA2+RXRA",3,1223,262122.600001569,262019.169049186,0.000394589983400029,1223,0,1,0,FALSE,FALSE
"CS+NCOA2+SOD2",3,1223,262116.016668236,261978.788096805,0.000523541343164124,1223,0,1,0,FALSE,FALSE
"CS+NQO1+SOD2",3,1223,262079.833334902,261812.403572991,0.00102041335461633,1223,0,1,0,FALSE,FALSE
"CS+NR1H4+RXRA",3,1223,262120.466668236,261988.711906328,0.000502649654116949,1223,0,1,0,FALSE,FALSE
"CS+NR1H4+SOD2",3,1223,262113.883334903,261946.747620614,0.000637645408790743,1223,0,1,0,FALSE,FALSE
"CS+NR1I2+RXRA",3,1223,262134.000001569,262015.419049185,0.000452367691270439,1223,0,1,0,FALSE,FALSE
"CS+NR1I2+SOD2",3,1223,262127.416668236,261967.354763471,0.000610626338899856,1223,0,1,0,FALSE,FALSE
"CS+RARA+RXRA",3,1223,262098.450001571,261931.502382518,0.000636965304647519,1223,0,1,0,FALSE,FALSE
"CS+RARA+SOD2",3,1223,262091.866668237,261915.504763471,0.000672901097650169,1223,0,1,0,FALSE,FALSE
"CS+RXRA+SOD2",3,1223,262093.316668237,261927.821430139,0.000631436315135847,1223,0,1,0,FALSE,FALSE
"CS+SOD2+XIAP",3,1223,262075.583334905,261931.58095395,0.000549468894135652,1223,0,1,0,FALSE,FALSE
"CS+SOD2+YWHAZ",3,1223,262056.833334905,261840.921430139,0.00082391251553493,1223,0,1,0,FALSE,FALSE
"CTSK+EGR1+NFATC1",3,1223,262058.250001568,261978.39285871,0.000304730504983475,1223,0,1,0,FALSE,FALSE
"CTSK+EGR1+SPP1",3,1223,262042.516668235,261942.359525377,0.00038221714602682,1223,0,1,0,FALSE,FALSE
"CTSK+EGR1+TNFSF11",3,1223,262044.900001569,261954.959525377,0.000343225440339823,1223,0,1,0,FALSE,FALSE
"CTSK+ESRRA+NFATC1",3,1223,262112.550001568,262029.309525377,0.000317575317133612,1223,0,1,0,FALSE,TRUE
"CTSK+ESRRA+SPP1",3,1223,262096.816668236,261993.276192044,0.000395046675913391,1223,0,1,0,FALSE,FALSE
"CTSK+ESRRA+TNFSF11",3,1223,262099.200001569,262005.79285871,0.000356380877386542,1223,0,1,0,TRUE,TRUE
"CTSK+FGF23+SPP1",3,1223,262111.516668236,262007.576192043,0.000396550588518729,1223,0,1,0,FALSE,FALSE
"CTSK+FGF23+TNFSF11",3,1223,262113.900001569,262020.44285871,0.000356551647426206,1223,0,1,0,TRUE,TRUE
"CTSK+FURIN+SPP1",3,1223,262096.500001569,261986.826192043,0.000418448203335253,1223,0,1,0,FALSE,FALSE
"CTSK+FURIN+TNFSF11",3,1223,262098.883334902,261999.476192043,0.000379273431441396,1223,0,1,0,FALSE,TRUE
"CTSK+GABBR1+NFATC1",3,1223,262167.200001568,261936.892858707,0.000878474282291375,1223,0,1,0,FALSE,FALSE
"CTSK+GABBR1+TNFSF11",3,1223,262153.85000157,261917.72619204,0.00090070700669953,1223,0,1,0,FALSE,FALSE
"CTSK+HCRT+NFATC1",3,1223,262117.600001568,262008.264287281,0.000417124658116719,1223,0,1,0,FALSE,TRUE
"CTSK+HCRT+TNFSF11",3,1223,262104.250001569,261984.830953948,0.000455616601486963,1223,0,1,0,TRUE,TRUE
"CTSK+HDAC6+NFATC1",3,1223,262063.750001568,261372.836906319,0.00263643138452008,1221,0.00163532297628777,2,0.00326796948289265,FALSE,FALSE
"CTSK+HDAC6+SPP1",3,1223,262048.016668236,261336.803572985,0.00271405639429345,1221,0.00163532297628777,2,0.00326796948289265,FALSE,FALSE
"CTSK+HDAC6+TNFSF11",3,1223,262050.400001569,261349.320239652,0.00267536230401744,1221,0.00163532297628777,2,0.00326796948289265,FALSE,FALSE
"CTSK+HNF4A+NFATC1",3,1223,262060.283334901,261964.609525376,0.000365083210273509,1223,0,1,0,FALSE,FALSE
"CTSK+HNF4A+SPP1",3,1223,262044.550001569,261928.49285871,0.000442890885760661,1223,0,1,0,FALSE,FALSE
"CTSK+HNF4A+TNFSF11",3,1223,262046.933334902,261941.176192043,0.000403580921604529,1223,0,1,0,FALSE,FALSE
"CTSK+ITGA5+NFATC1",3,1223,262093.983334901,261694.592858705,0.00152384450461074,1222,0.000817661488143884,2,0.00163532297628777,FALSE,FALSE
"CTSK+ITGA5+THBS1",3,1223,262080.150001569,261672.642858706,0.00155489510693951,1222,0.000817661488143884,2,0.00163532297628777,FALSE,FALSE
"CTSK+ITGA5+TNFSF11",3,1223,262080.633334902,261671.159525372,0.00156239629124832,1222,0.000817661488143884,2,0.00163532297628777,FALSE,FALSE
"CTSK+ITGA5+VWF",3,1223,262087.700001568,261685.759525372,0.00153361060513069,1222,0.000817661488143884,2,0.00163532297628777,FALSE,FALSE
"CTSK+ITPR1+ITPR3",3,1223,262056.216668234,261882.030953946,0.000664688350091591,1223,0,1,0,TRUE,TRUE
"CTSK+ITPR1+NFATC1",3,1223,262064.216668234,261946.135715851,0.000450580219932384,1223,0,1,0,FALSE,FALSE
"CTSK+ITPR1+PRKCG",3,1223,262054.516668235,261940.702382519,0.000434315298828314,1223,0,1,0,FALSE,FALSE
"CTSK+ITPR1+TNFSF11",3,1223,262050.866668235,261922.702382518,0.000489081709006078,1223,0,1,0,FALSE,FALSE
"CTSK+ITPR3+NFATC1",3,1223,262075.916668234,262005.94285871,0.000266998243920957,1223,0,1,0,FALSE,FALSE
"CTSK+ITPR3+PRKCG",3,1223,262066.216668235,262000.676192044,0.000250091282365195,1223,0,1,0,FALSE,FALSE
"CTSK+ITPR3+TNFSF11",3,1223,262062.566668235,261982.509525377,0.000305488662025177,1223,0,1,0,FALSE,FALSE
"CTSK+KEAP1+NFATC1",3,1223,262078.750001567,261990.311906328,0.000337448554065367,1223,0,1,0,FALSE,FALSE
"CTSK+KEAP1+SPP1",3,1223,262063.016668235,261954.361906328,0.00041461310828228,1223,0,1,0,FALSE,FALSE
"CTSK+KEAP1+TNFSF11",3,1223,262065.400001568,261966.878572995,0.000375942144871355,1223,0,1,0,FALSE,FALSE
"CTSK+MAP3K5+NFATC1",3,1223,262059.216668234,261975.592858709,0.000319102722613818,1223,0,1,0,FALSE,FALSE
"CTSK+MAP3K5+SPP1",3,1223,262043.483334901,261938.742858709,0.000399706471838956,1223,0,1,0,FALSE,FALSE
"CTSK+MAP3K5+TNFSF11",3,1223,262045.866668235,261952.159525376,0.000357598248162061,1223,0,1,0,FALSE,FALSE
"CTSK+MPO+SPP1",3,1223,262075.333334902,261922.161906328,0.000584455723570465,1223,0,1,0,FALSE,FALSE
"CTSK+MPO+TNFSF11",3,1223,262077.716668235,261934.711906328,0.000545657844266745,1223,0,1,0,FALSE,FALSE
"CTSK+NCF2+NFATC1",3,1223,262097.316668234,262029.709525377,0.000257946718863811,1223,0,1,0,FALSE,FALSE
"CTSK+NCF2+SPP1",3,1223,262081.583334902,261993.676192044,0.00033541900098355,1223,0,1,0,FALSE,FALSE
"CTSK+NCF2+TNFSF11",3,1223,262083.966668235,262006.276192044,0.0002964335330361,1223,0,1,0,FALSE,FALSE
"CTSK+NFATC1+NOS2",3,1223,262067.666668234,261996.392858709,0.000271967200038858,1223,0,1,0,FALSE,FALSE
"CTSK+NFATC1+NPY",3,1223,262067.700001567,261475.078572988,0.00226132952888025,1222,0.000817661488143884,2,0.00163532297628777,FALSE,FALSE
"CTSK+NFATC1+NTRK1",3,1223,262070.050001567,261997.026192043,0.000278642330644674,1223,0,1,0,FALSE,FALSE
"CTSK+NFATC1+PRKCG",3,1223,262074.216668235,262002.292858711,0.000274440616245597,1223,0,1,0,FALSE,FALSE
"CTSK+NFATC1+RARA",3,1223,262085.150001568,261972.609525375,0.000429404245880893,1223,0,1,0,FALSE,FALSE
"CTSK+NFATC1+SOX9",3,1223,262083.283334901,261991.526192043,0.000350106812195938,1223,0,1,0,FALSE,TRUE
"CTSK+NFATC1+SYK",3,1223,262078.650001568,261999.626192044,0.000301527077936403,1223,0,1,0,FALSE,FALSE
"CTSK+NFATC1+TAC1",3,1223,262078.666668235,261629.059525371,0.00171554269784702,1222,0.000817661488143884,2,0.00163532297628777,FALSE,FALSE
"CTSK+NFATC1+TH",3,1223,262068.466668234,261906.409525374,0.000618377116945679,1223,0,1,0,FALSE,FALSE
"CTSK+NFATC1+VIM",3,1223,262066.516668235,261987.676192044,0.00030084147030196,1223,0,1,0,FALSE,FALSE
"CTSK+NFATC1+XIAP",3,1223,262068.866668235,261987.569049187,0.000310214716009449,1223,0,1,0,FALSE,FALSE
"CTSK+NOS2+SPP1",3,1223,262051.933334902,261960.359525377,0.000349449089574239,1223,0,1,0,FALSE,FALSE
"CTSK+NOS2+TNFSF11",3,1223,262054.316668235,261972.959525377,0.000310459083035286,1223,0,1,0,FALSE,TRUE
"CTSK+NPY+SPP1",3,1223,262051.966668235,261438.878572987,0.00233956685401804,1222,0.000817661488143884,2,0.00163532297628777,FALSE,FALSE
"CTSK+NPY+TNFSF11",3,1223,262054.350001568,261450.661906321,0.00230367515457663,1222,0.000817661488143884,2,0.00163532297628777,FALSE,FALSE
"CTSK+NTRK1+SPP1",3,1223,262054.316668235,261960.99285871,0.000356123916261941,1223,0,1,0,FALSE,FALSE
"CTSK+NTRK1+TNFSF11",3,1223,262056.700001568,261973.59285871,0.00031713420362034,1223,0,1,0,FALSE,FALSE
"CTSK+PLG+SPP1",3,1223,262082.633334903,261872.545239662,0.00080161013558111,1223,0,1,0,FALSE,FALSE
"CTSK+PLG+THBS1",3,1223,262084.533334904,261889.26190633,0.000745070401863113,1223,0,1,0,FALSE,FALSE
"CTSK+PLG+TNFSF11",3,1223,262085.016668237,261885.278572996,0.000762111843630398,1223,0,1,0,FALSE,FALSE
"CTSK+PLG+VWF",3,1223,262092.083334903,261899.511906329,0.000734747216030174,1223,0,1,0,FALSE,FALSE
"CTSK+PRKCG+SPP1",3,1223,262058.483334904,261966.342858713,0.000351602722487909,1223,0,1,0,FALSE,FALSE
"CTSK+PRKCG+TNFSF11",3,1223,262060.866668238,261978.859525379,0.000312931663169813,1223,0,1,0,FALSE,FALSE
"CTSK+RARA+TNFSF11",3,1223,262071.800001571,261949.009525377,0.000468537538921066,1223,0,1,0,FALSE,FALSE
"CTSK+SOX9+SPP1",3,1223,262067.55000157,261955.492858712,0.000427588775710475,1223,0,1,0,FALSE,FALSE
"CTSK+SOX9+TNFSF11",3,1223,262069.933334904,261968.092858712,0.000388600381951432,1223,0,1,0,TRUE,TRUE
"CTSK+SPP1+SYK",3,1223,262062.916668237,261963.592858713,0.000379007494794359,1223,0,1,0,FALSE,FALSE
"CTSK+SPP1+TAC1",3,1223,262062.933334904,261592.959525373,0.00179336239410344,1222,0.000817661488143884,2,0.00163532297628777,FALSE,FALSE
"CTSK+SPP1+VIM",3,1223,262050.783334904,261951.642858713,0.000378325433452731,1223,0,1,0,FALSE,FALSE
"CTSK+SPP1+XIAP",3,1223,262053.133334905,261951.535715856,0.000387698547068993,1223,0,1,0,FALSE,FALSE
"CTSK+SYK+TNFSF11",3,1223,262065.300001571,261976.109525379,0.000340336840439992,1223,0,1,0,FALSE,FALSE
"CTSK+SYK+VWF",3,1223,262072.366668237,261992.042858713,0.00030649476915745,1223,0,1,0,FALSE,FALSE
"CTSK+TAC1+TNFSF11",3,1223,262065.316668237,261606.059525373,0.00175245297127957,1222,0.000817661488143884,2,0.00163532297628777,FALSE,FALSE
"CTSK+TH+TNFSF11",3,1223,262055.116668237,261882.809525376,0.000657522528281884,1223,0,1,0,FALSE,FALSE
"CTSK+THBS1+TNFSF11",3,1223,262056.733334904,261962.009525379,0.000361462986734118,1223,0,1,0,FALSE,FALSE
"CTSK+THBS1+VWF",3,1223,262063.800001571,261975.009525379,0.000338812442583936,1223,0,1,0,FALSE,FALSE
"CTSK+TNFSF11+VIM",3,1223,262053.166668238,261964.242858713,0.000339334993183393,1223,0,1,0,FALSE,FALSE
"CTSK+TNFSF11+VWF",3,1223,262064.283334904,261974.409525379,0.000342945663488914,1223,0,1,0,FALSE,FALSE
"CTSK+TNFSF11+XIAP",3,1223,262055.516668238,261964.135715856,0.000348708371202822,1223,0,1,0,FALSE,FALSE
"CYP11B2+CYP19A1+CYP51A1",3,1223,262205.100001568,262045.377382517,0.000609151458340063,1223,0,1,0,TRUE,TRUE
"CYP11B2+CYP19A1+CYP7A1",3,1223,262142.666668235,261914.38214442,0.000870840778102844,1223,0,1,0,FALSE,FALSE
"CYP11B2+CYP19A1+MAP3K5",3,1223,262094.733334901,261925.427382515,0.000645972355994728,1223,0,1,0,FALSE,FALSE
"CYP11B2+CYP19A1+NPPA",3,1223,262141.466668235,261971.394049183,0.000648781824616251,1223,0,1,0,TRUE,TRUE
"CYP11B2+CYP19A1+OPRM1",3,1223,262151.816668235,261977.727382516,0.000664078120578004,1223,0,1,0,TRUE,TRUE
"CYP11B2+CYP19A1+SQLE",3,1223,262201.516668234,262024.405953944,0.000675475552314952,1223,0,1,0,TRUE,TRUE
"CYP11B2+CYP51A1+SQLE",3,1223,262280.350001566,262217.938096805,0.00023795875200272,1223,0,1,0,TRUE,TRUE
"CYP11B2+CYP7A1+SQLE",3,1223,262217.916668233,262090.176192043,0.000487153882594571,1223,0,1,0,FALSE,FALSE
"CYP11B2+DRD1+NPPA",3,1223,262177.150001568,262105.16190633,0.000274578067683717,1223,0,1,0,TRUE,TRUE
"CYP11B2+F2+FURIN",3,1223,262147.150001568,262064.026192042,0.000317088358677275,1223,0,1,0,FALSE,FALSE
"CYP11B2+GRM5+OPRM1",3,1223,262187.900001567,262088.588096805,0.000378781418827412,1223,0,1,0,FALSE,FALSE
"CYP11B2+NPY+OPRM1",3,1223,262128.766668235,261552.995239655,0.00219652133528925,1222,0.000817661488143884,2,0.00163532297628777,FALSE,FALSE
"CYP19A1+CYP51A1+SQLE",3,1223,262233.750001567,262077.828572994,0.000594589478174701,1223,0,1,0,TRUE,TRUE
"CYP19A1+CYP7A1+HNF4A",3,1223,262065.600001569,261841.288096801,0.000855937997074507,1223,0,1,0,FALSE,FALSE
"CYP19A1+CYP7A1+NR1H4",3,1223,262112.483334902,261862.39762061,0.000954116000543292,1223,0,1,0,FALSE,FALSE
"CYP19A1+CYP7A1+NR1I2",3,1223,262126.016668236,261886.688096801,0.000913028681690076,1223,0,1,0,FALSE,FALSE
"CYP19A1+CYP7A1+RXRA",3,1223,262091.916668236,261854.121430134,0.000907297108299954,1223,0,1,0,FALSE,FALSE
"CYP19A1+CYP7A1+SQLE",3,1223,262171.316668235,261949.200001563,0.000847219556642465,1223,0,1,0,FALSE,FALSE
"CYP19A1+ESRRA+NCOA2",3,1223,262120.016668235,261973.900001564,0.000557441848693552,1223,0,1,0,FALSE,FALSE
"CYP19A1+HNF4A+NANOG",3,1223,262032.233334901,261878.26666823,0.000587586743476476,1223,0,1,0,FALSE,FALSE
"CYP19A1+HNF4A+NCOA2",3,1223,262067.750001568,261908.91666823,0.000606077372500402,1223,0,1,0,FALSE,FALSE
"CYP19A1+HNF4A+NR1H4",3,1223,262065.616668235,261875.376192039,0.000725926882793937,1223,0,1,0,FALSE,FALSE
"CYP19A1+HNF4A+NR1I2",3,1223,262079.150001569,261898.850001563,0.000687960106725005,1223,0,1,0,FALSE,FALSE
"CYP19A1+MT-CYB+NCF2",3,1223,262105.233334902,261933.66666823,0.000654571694309825,1223,0,1,0,FALSE,FALSE
"CYP19A1+MT-CYB+RAC2",3,1223,262096.950001569,261913.21666823,0.000701012863130179,1223,0,1,0,FALSE,FALSE
"CYP19A1+NANOG+POU5F1",3,1223,262041.733334902,261911.333334897,0.000497630657319004,1223,0,1,0,FALSE,FALSE
"CYP19A1+NCF2+RAC2",3,1223,262084.516668235,261941.266668231,0.000546579408143844,1223,0,1,0,FALSE,FALSE
"CYP19A1+NCOA2+NR1H4",3,1223,262114.633334902,261945.642858707,0.000644719732145638,1223,0,1,0,FALSE,FALSE
"CYP19A1+NCOA2+RARA",3,1223,262092.616668235,261915.350001563,0.000676351241505335,1223,0,1,0,FALSE,FALSE
"CYP19A1+NCOA2+RXRA",3,1223,262094.066668235,261922.300001563,0.000655362667517312,1223,0,1,0,FALSE,FALSE
"CYP19A1+NR1H4+RXRA",3,1223,262091.933334902,261891.426192039,0.000765025997984004,1223,0,1,0,FALSE,FALSE
"CYP19A1+NR1I2+RXRA",3,1223,262105.466668236,261917.683334896,0.000716441880158181,1223,0,1,0,FALSE,FALSE
"CYP19A1+NRP1+NTRK1",3,1223,262075.900001568,261922.733334896,0.000584436289909895,1223,0,1,0,FALSE,FALSE
"CYP19A1+NTRK1+NTRK2",3,1223,262036.800001567,261856.009525371,0.00068994307744108,1223,0,1,0,FALSE,FALSE
"CYP19A1+PRKCZ+RAC2",3,1223,262075.850001571,261602.507144417,0.00180612924521772,1222,0.000817661488143884,2,0.00163532297628777,FALSE,FALSE
"CYP19A1+PRKCZ+TJP1",3,1223,262040.716668238,261502.952382513,0.00205221651262022,1222,0.000817661488143884,2,0.00163532297628777,FALSE,FALSE
"CYP19A1+RARA+RXRA",3,1223,262069.916668237,261835.766668229,0.000893463862563948,1223,0,1,0,FALSE,FALSE
"CYP51A1+CYP7A1+HNF4A",3,1223,262144.433334903,262032.188096806,0.000428180895045038,1223,0,1,0,FALSE,FALSE
"CYP51A1+CYP7A1+NR1H4",3,1223,262191.316668235,262053.764287282,0.000524625997158079,1223,0,1,0,FALSE,TRUE
"CYP51A1+CYP7A1+RXRA",3,1223,262170.75000157,262045.938096806,0.000476071052027405,1223,0,1,0,FALSE,FALSE
"CYP51A1+DGAT1+FASN",3,1223,262202.216668234,261955.045239662,0.000942674824466749,1223,0,1,0,TRUE,TRUE
"CYP51A1+DGAT1+LPL",3,1223,262189.483334902,261891.495239661,0.00113653717704498,1223,0,1,0,FALSE,FALSE
"CYP51A1+DGAT1+SQLE",3,1223,262279.100001566,262091.930953949,0.000713625476129298,1223,0,1,0,TRUE,TRUE
"CYP51A1+DRD2+SQLE",3,1223,262248.800001567,262159.228572997,0.000341551338154167,1223,0,1,0,TRUE,TRUE
"CYP51A1+FABP4+FASN",3,1223,262163.133334902,262043.04285871,0.000458075377204548,1223,0,1,0,FALSE,TRUE
"CYP51A1+FABP4+LPL",3,1223,262150.400001569,261993.44285871,0.000598729366265482,1223,0,1,0,FALSE,TRUE
"CYP51A1+FABP4+RXRA",3,1223,262160.616668236,262093.616668235,0.000255568516938087,1223,0,1,0,FALSE,FALSE
"CYP51A1+HNF4A+NR1H4",3,1223,262144.450001569,262067.259525378,0.000294457792986869,1223,0,1,0,FALSE,FALSE
"CYP51A1+HNF4A+SQLE",3,1223,262203.283334901,262138.045239664,0.000248807316245547,1223,0,1,0,TRUE,TRUE
"CYP51A1+ITPR1+ITPR3",3,1223,262117.133334902,261988.088096805,0.000492318973794426,1223,0,1,0,TRUE,TRUE
"CYP51A1+ITPR1+SQLE",3,1223,262207.216668234,262119.538096805,0.000334386568540568,1223,0,1,0,TRUE,TRUE
"CYP51A1+ITPR3+SQLE",3,1223,262218.916668233,262179.31190633,0.000151037012916189,1223,0,1,0,TRUE,TRUE
"CYP51A1+KCNH2+SQLE",3,1223,262254.950001566,262099.680953949,0.000592053830124395,1223,0,1,0,TRUE,TRUE
"CYP51A1+LPL+SQLE",3,1223,262219.3833349,262057.188096805,0.000618547858790119,1223,0,1,0,FALSE,TRUE
"CYP51A1+NR1H4+RXRA",3,1223,262170.766668236,262083.476192044,0.000332952744126702,1223,0,1,0,FALSE,FALSE
"CYP51A1+NR1H4+SQLE",3,1223,262250.166668233,262175.721430139,0.000283871080196785,1223,0,1,0,FALSE,TRUE
"CYP51A1+OPRM1+SQLE",3,1223,262259.300001566,262202.361906329,0.00021710610543535,1223,0,1,0,TRUE,TRUE
"CYP51A1+RXRA+SQLE",3,1223,262229.600001569,262157.195239665,0.000276112086139757,1223,0,1,0,FALSE,TRUE
"CYP7A1+DGAT1+HNF4A",3,1223,262110.950001569,261847.940477756,0.00100342821927746,1223,0,1,0,FALSE,FALSE
"CYP7A1+DGAT1+NR1H4",3,1223,262157.833334902,261870.300001565,0.00109679474261581,1223,0,1,0,FALSE,FALSE
"CYP7A1+DGAT1+RXRA",3,1223,262137.266668236,261862.140477755,0.00104955008487673,1223,0,1,0,FALSE,FALSE
"CYP7A1+DGAT1+SQLE",3,1223,262216.666668234,261956.685715851,0.000991473790305064,1223,0,1,0,FALSE,FALSE
"CYP7A1+F2+HNF4A",3,1223,262065.000001568,261928.671430137,0.000520208999410521,1223,0,1,0,FALSE,FALSE
"CYP7A1+F2+NR1I2",3,1223,262125.416668236,261975.188096804,0.000573117148811919,1223,0,1,0,FALSE,FALSE
"CYP7A1+F2+PLG",3,1223,262103.083334902,261865.023811088,0.00090826678108813,1223,0,1,0,FALSE,FALSE
"CYP7A1+FABP4+FASN",3,1223,262100.700001568,261913.480953946,0.000714301974855558,1223,0,1,0,FALSE,FALSE
"CYP7A1+FABP4+HNF4A",3,1223,262071.866668235,261947.554763471,0.000474342806591976,1223,0,1,0,FALSE,FALSE
"CYP7A1+FABP4+LPL",3,1223,262087.966668235,261864.430953946,0.000852903386334924,1223,0,1,0,FALSE,FALSE
"CYP7A1+FABP4+NR1H4",3,1223,262118.750001569,261969.130953947,0.000570806352544695,1223,0,1,0,FALSE,FALSE
"CYP7A1+FABP4+NR1I2",3,1223,262132.283334902,261994.504763471,0.000525607031986675,1223,0,1,0,FALSE,FALSE
"CYP7A1+FABP4+SQLE",3,1223,262177.583334901,262055.850001566,0.000464316330125114,1223,0,1,0,FALSE,FALSE
"CYP7A1+FASN+HNF4A",3,1223,262063.966668235,261871.06428728,0.000736088915266553,1223,0,1,0,FALSE,FALSE
"CYP7A1+FASN+NR1H4",3,1223,262110.850001568,261892.573811089,0.000832762895845329,1223,0,1,0,FALSE,FALSE
"CYP7A1+FASN+RXRA",3,1223,262090.283334902,261884.764287279,0.000784153632129692,1223,0,1,0,FALSE,FALSE
"CYP7A1+GCK+NR1H4",3,1223,262135.316668235,261951.392858708,0.000701636894504198,1223,0,1,0,FALSE,FALSE
"CYP7A1+GCK+NR1I2",3,1223,262148.850001569,261977.566668232,0.000653381974917822,1223,0,1,0,FALSE,FALSE
"CYP7A1+GSTP1+HNF4A",3,1223,262058.616668235,261484.245239654,0.00219176700191481,1222,0.000817661488143884,2,0.00163532297628777,FALSE,FALSE
"CYP7A1+GSTP1+NR1I2",3,1223,262119.033334902,261530.028572987,0.00224708886806668,1222,0.000817661488143884,2,0.00163532297628777,FALSE,FALSE
"CYP7A1+GSTP1+RXRA",3,1223,262084.933334902,261496.295239653,0.00224598220034722,1222,0.000817661488143884,2,0.00163532297628777,FALSE,FALSE
"CYP7A1+HNF4A+LPL",3,1223,262051.233334901,261821.730953946,0.000875792027514977,1223,0,1,0,FALSE,FALSE
"CYP7A1+HNF4A+MPO",3,1223,262065.916668235,261895.257144422,0.000651208390554658,1223,0,1,0,FALSE,FALSE
"CYP7A1+HNF4A+NQO1",3,1223,262047.966668235,261809.953572992,0.000908280641399806,1223,0,1,0,FALSE,FALSE
"CYP7A1+HNF4A+PLA2G7",3,1223,262118.183334902,261979.773811091,0.000528042435098075,1223,0,1,0,FALSE,FALSE
"CYP7A1+HNF4A+RARA",3,1223,262060.000001569,261909.938096803,0.000572624226378604,1223,0,1,0,FALSE,FALSE
"CYP7A1+HNF4A+THBS1",3,1223,262044.933334903,261923.354763472,0.000463960779105155,1223,0,1,0,FALSE,FALSE
"CYP7A1+HNF4A+TRPV1",3,1223,262069.833334902,261531.088096799,0.00205573160118044,1222,0.000817661488143884,2,0.00163532297628777,FALSE,FALSE
"CYP7A1+IDO1+NR1I2",3,1223,262131.216668236,261893.447620612,0.00090706116824113,1223,0,1,0,FALSE,FALSE
"CYP7A1+IDO1+RXRA",3,1223,262097.116668235,261860.364287278,0.000903300211641977,1223,0,1,0,FALSE,FALSE
"CYP7A1+IDO1+SQLE",3,1223,262176.516668234,261938.878572993,0.000906404960525853,1223,0,1,0,FALSE,FALSE
"CYP7A1+KCNH2+NR1I2",3,1223,262147.216668235,261910.550001565,0.000902800608291843,1223,0,1,0,FALSE,FALSE
"CYP7A1+KCNH2+SQLE",3,1223,262192.516668234,261972.535715851,0.000839005457433428,1223,0,1,0,FALSE,FALSE
"CYP7A1+LPL+NR1H4",3,1223,262098.116668235,261843.123811088,0.00097289084098684,1223,0,1,0,FALSE,FALSE
"CYP7A1+LPL+NR1I2",3,1223,262111.650001569,261868.847620612,0.000926331893125854,1223,0,1,0,FALSE,FALSE
"CYP7A1+LPL+RXRA",3,1223,262077.550001568,261835.864287279,0.0009221915966795,1223,0,1,0,FALSE,FALSE
"CYP7A1+LPL+SQLE",3,1223,262156.950001568,261929.892858707,0.000866111475813058,1223,0,1,0,FALSE,FALSE
"CYP7A1+MAOA+NR1I2",3,1223,262134.983334902,261984.788096804,0.000572969071841234,1223,0,1,0,FALSE,FALSE
"CYP7A1+MAOB+NR1I2",3,1223,262147.666668235,262018.121430138,0.000494168953491747,1223,0,1,0,FALSE,FALSE
"CYP7A1+NANOG+NR1H4",3,1223,262095.516668235,261965.647620613,0.000495502743703247,1223,0,1,0,FALSE,FALSE
"CYP7A1+NANOG+NR1I2",3,1223,262109.050001569,261990.304763471,0.000453037535701806,1223,0,1,0,FALSE,FALSE
"CYP7A1+NANOG+RXRA",3,1223,262074.950001568,261957.90476347,0.000446609788906982,1223,0,1,0,FALSE,FALSE
"CYP7A1+NANOG+SOX2",3,1223,262039.433334903,261591.921430133,0.00170780366555412,1222,0.000817661488143884,2,0.00163532297628777,FALSE,FALSE
"CYP7A1+NCOA2+NR1I2",3,1223,262144.566668236,262019.204763471,0.00047821668157233,1223,0,1,0,FALSE,FALSE
"CYP7A1+NCOA2+RARA",3,1223,262109.016668236,261976.638096804,0.000505051574016702,1223,0,1,0,FALSE,FALSE
"CYP7A1+NQO1+NR1I2",3,1223,262108.383334902,261856.353572991,0.000961547886045078,1223,0,1,0,FALSE,FALSE
"CYP7A1+NQO1+RXRA",3,1223,262074.283334902,261823.486906324,0.0009569669537427,1223,0,1,0,FALSE,FALSE
"CYP7A1+NR1H4+RARA",3,1223,262106.883334902,261931.464287279,0.00066926532180922,1223,0,1,0,FALSE,FALSE
"CYP7A1+NR1H4+SOX2",3,1223,262072.816668236,261576.614287276,0.00189337599858241,1222,0.000817661488143884,2,0.00163532297628777,FALSE,FALSE
"CYP7A1+NR1I2+PLA2G4A",3,1223,262145.783334902,261988.788096804,0.000598885231343327,1223,0,1,0,FALSE,FALSE
"CYP7A1+NR1I2+PLG",3,1223,262133.633334902,261892.223811088,0.000920940669622006,1223,0,1,0,FALSE,FALSE
"CYP7A1+NR1I2+PTGS1",3,1223,262145.800001569,262000.488096804,0.000554317119571768,1223,0,1,0,FALSE,FALSE
"CYP7A1+NR1I2+RARA",3,1223,262120.416668236,261956.971430136,0.000623550199474576,1223,0,1,0,FALSE,FALSE
"CYP7A1+NR1I2+SOX2",3,1223,262086.35000157,261601.854763466,0.00184860920113106,1222,0.000817661488143884,2,0.00163532297628777,FALSE,FALSE
"CYP7A1+PLA2G2A+PLA2G4A",3,1223,262160.433334902,262000.614287281,0.00060962306778356,1223,0,1,0,TRUE,TRUE
"CYP7A1+PLA2G2A+PLA2G7",3,1223,262193.250001568,262069.140477759,0.000473351330779526,1223,0,1,0,TRUE,TRUE
"CYP7A1+PLA2G2A+PTGS1",3,1223,262160.450001569,262040.747620615,0.000456599692871817,1223,0,1,0,FALSE,FALSE
"CYP7A1+PLA2G4A+PLA2G7",3,1223,262168.416668235,262018.923811091,0.000570216882125996,1223,0,1,0,FALSE,FALSE
"CYP7A1+PLA2G4A+PTGS1",3,1223,262135.616668235,261990.321430137,0.000554275073126442,1223,0,1,0,FALSE,FALSE
"CYP7A1+PLG+RXRA",3,1223,262099.533334903,261860.77381109,0.000910949824198259,1223,0,1,0,FALSE,FALSE
"CYP7A1+PLG+THBS1",3,1223,262083.016668237,261865.873811091,0.000828527006086599,1223,0,1,0,FALSE,FALSE
"CYP7A1+PTGS1+SQLE",3,1223,262191.100001568,262062.166668234,0.000491753279700968,1223,0,1,0,FALSE,FALSE
"CYP7A1+RXRA+SOX2",3,1223,262052.250001571,261568.904763466,0.00184446131678706,1222,0.000817661488143884,2,0.00163532297628777,FALSE,FALSE
"CYP7A1+RXRA+TRPV1",3,1223,262096.15000157,261545.338096799,0.00210156427237862,1222,0.000817661488143884,2,0.00163532297628777,FALSE,FALSE
"DGAT1+FABP4+RXRA",3,1223,262127.133334902,261916.885715851,0.000802082624475786,1223,0,1,0,FALSE,FALSE
"DGAT1+FASN+HNF4A",3,1223,262092.916668235,261823.761906327,0.0010269440522469,1223,0,1,0,FALSE,FALSE
"DGAT1+FASN+MGLL",3,1223,262196.200001568,261895.511906327,0.00114680569450953,1223,0,1,0,FALSE,FALSE
"DGAT1+FASN+NCOA2",3,1223,262141.933334902,261894.461906327,0.000944036024403738,1223,0,1,0,FALSE,FALSE
"DGAT1+FASN+NR1H4",3,1223,262139.800001569,261862.138096803,0.00105921307929646,1223,0,1,0,FALSE,FALSE
"DGAT1+FASN+RXRA",3,1223,262119.233334902,261843.311906326,0.0010526561712616,1223,0,1,0,FALSE,FALSE
"DGAT1+FASN+TFRC",3,1223,262117.116668235,261817.347620611,0.00114364544915768,1223,0,1,0,FALSE,FALSE
"DGAT1+FASN+THBS1",3,1223,262102.716668236,261844.678572994,0.000984492257547709,1223,0,1,0,FALSE,FALSE
"DGAT1+FASN+VWF",3,1223,262110.266668236,261858.128572994,0.000961954289112832,1223,0,1,0,FALSE,FALSE
"DGAT1+HNF4A+LPL",3,1223,262080.183334902,261759.478572993,0.00122368947483087,1223,0,1,0,FALSE,FALSE
"DGAT1+HNF4A+NCOA2",3,1223,262113.100001569,261923.402382519,0.000723724297066464,1223,0,1,0,FALSE,FALSE
"DGAT1+HNF4A+NR1H4",3,1223,262110.966668236,261889.661906328,0.000844317064337408,1223,0,1,0,FALSE,FALSE
"DGAT1+LPL+NCOA2",3,1223,262129.200001569,261831.128572993,0.00113711646231474,1223,0,1,0,FALSE,FALSE
"DGAT1+LPL+NR1H4",3,1223,262127.066668235,261798.288096803,0.00125427173779258,1223,0,1,0,FALSE,FALSE
"DGAT1+LPL+PLD2",3,1223,262149.516668235,261805.600001564,0.00131191035956113,1223,0,1,0,FALSE,FALSE
"DGAT1+LPL+RXRA",3,1223,262106.500001569,261779.328572992,0.00124823851592537,1223,0,1,0,FALSE,FALSE
"DGAT1+LPL+SQLE",3,1223,262185.900001567,261870.590477755,0.00120261815685296,1223,0,1,0,FALSE,FALSE
"DGAT1+LPL+TFRC",3,1223,262104.383334902,261751.980953944,0.0013445115891374,1223,0,1,0,FALSE,FALSE
"DGAT1+LPL+THBS1",3,1223,262089.983334903,261780.778572994,0.00117976565900901,1223,0,1,0,FALSE,FALSE
"DGAT1+LPL+VWF",3,1223,262097.533334902,261793.978572993,0.00115817481395686,1223,0,1,0,FALSE,FALSE
"DGAT1+MGLL+TRPV1",3,1223,262202.066668235,261577.352382513,0.00238256812259152,1222,0.000817661488143884,2,0.00163532297628777,FALSE,FALSE
"DGAT1+NCOA2+NR1H4",3,1223,262159.983334902,261960.278572995,0.000761766763052063,1223,0,1,0,FALSE,FALSE
"DGAT1+NCOA2+RXRA",3,1223,262139.416668236,261937.219049185,0.000771336190571237,1223,0,1,0,FALSE,FALSE
"DGAT1+NR1H4+RXRA",3,1223,262137.283334903,261906.145239661,0.000881744451996958,1223,0,1,0,FALSE,FALSE
"DGAT1+THBS1+VWF",3,1223,262091.233334905,261903.819049188,0.000715072699426722,1223,0,1,0,FALSE,FALSE
"DLG1+DRD1+GRIN2B",3,1223,262093.916668235,261959.978572994,0.0005110309195413,1223,0,1,0,FALSE,FALSE
"DLG1+EGR1+GRIN2A",3,1223,262054.583334901,261928.980953946,0.000479298546725238,1223,0,1,0,FALSE,FALSE
"DLG1+EGR1+GRIN2B",3,1223,262025.733334901,261905.892858708,0.000457361476173146,1223,0,1,0,FALSE,FALSE
"DLG1+GJA1+GRIN2A",3,1223,262076.783334901,261931.730953946,0.000553472837652724,1223,0,1,0,FALSE,FALSE
"DLG1+GJA1+GRIN2B",3,1223,262047.933334901,261909.076192041,0.000529892150238243,1223,0,1,0,FALSE,FALSE
"DLG1+GJA1+ITPR1",3,1223,262064.100001568,261964.626192042,0.00037957816246148,1223,0,1,0,FALSE,FALSE
"DLG1+GJA1+TJP1",3,1223,262053.783334903,261918.078572996,0.000517850802150832,1223,0,1,0,FALSE,FALSE
"DLG1+GRIN2A+GSR",3,1223,262109.816668234,261913.364287278,0.000749504095091003,1223,0,1,0,FALSE,FALSE
"DLG1+GRIN2A+HNF4A",3,1223,262056.616668234,261915.547620613,0.000538315152715962,1223,0,1,0,FALSE,FALSE
"DLG1+GRIN2A+HTR2A",3,1223,262127.783334901,262004.947620613,0.000468610052415608,1223,0,1,0,FALSE,FALSE
"DLG1+GRIN2A+MAP3K5",3,1223,262055.550001567,261925.997620612,0.000494369918723314,1223,0,1,0,FALSE,FALSE
"DLG1+GRIN2A+NOS2",3,1223,262064.000001567,261946.714287279,0.000447546073812477,1223,0,1,0,FALSE,FALSE
"DLG1+GRIN2A+NTRK1",3,1223,262066.383334901,261947.614287279,0.000453202147144061,1223,0,1,0,FALSE,FALSE
"DLG1+GRIN2A+NTRK2",3,1223,262064.916668234,261906.573811088,0.000604212342344423,1223,0,1,0,FALSE,FALSE
"DLG1+GRIN2A+PRDX1",3,1223,262096.700001568,261984.780953947,0.000427014333339581,1223,0,1,0,FALSE,FALSE
"DLG1+GRIN2A+PRKCG",3,1223,262070.550001569,261952.61428728,0.000450015136334914,1223,0,1,0,FALSE,FALSE
"DLG1+GRIN2A+RASA1",3,1223,262092.283334902,261966.86428728,0.000478530104075614,1223,0,1,0,FALSE,FALSE
"DLG1+GRIN2A+SOX9",3,1223,262079.616668235,261941.547620613,0.000526821007208689,1223,0,1,0,FALSE,FALSE
"DLG1+GRIN2A+TJP1",3,1223,262050.233334903,261853.866668233,0.000749347421565072,1223,0,1,0,FALSE,FALSE
"DLG1+GRIN2B+GSR",3,1223,262080.966668234,261889.459525373,0.00073071747748843,1223,0,1,0,FALSE,FALSE
"DLG1+GRIN2B+HNF4A",3,1223,262027.766668234,261892.459525374,0.000516384750290699,1223,0,1,0,FALSE,FALSE
"DLG1+GRIN2B+HTR2A",3,1223,262098.933334901,261982.209525375,0.000445342558405559,1223,0,1,0,FALSE,FALSE
"DLG1+GRIN2B+MAP3K5",3,1223,262026.700001567,261903.259525374,0.000471098846768769,1223,0,1,0,FALSE,FALSE
"DLG1+GRIN2B+NANOG",3,1223,262041.266668234,261934.026192041,0.0004092503350972,1223,0,1,0,FALSE,FALSE
"DLG1+GRIN2B+NOS2",3,1223,262035.150001567,261923.976192041,0.000424270597001453,1223,0,1,0,FALSE,FALSE
"DLG1+GRIN2B+NTRK1",3,1223,262037.533334901,261924.609525374,0.000430945170676655,1223,0,1,0,FALSE,FALSE
"DLG1+GRIN2B+POU5F1",3,1223,262037.266668235,261931.526192042,0.000403532205695778,1223,0,1,0,FALSE,FALSE
"DLG1+GRIN2B+PRDX1",3,1223,262067.850001568,261961.442858708,0.000406028983941376,1223,0,1,0,FALSE,FALSE
"DLG1+GRIN2B+PRKCG",3,1223,262041.700001569,261929.876192042,0.000426740513154389,1223,0,1,0,FALSE,FALSE
"DLG1+GRIN2B+RARA",3,1223,262052.633334902,261899.492858707,0.000584388236233524,1223,0,1,0,FALSE,FALSE
"DLG1+GRIN2B+RXRA",3,1223,262054.083334901,261912.392858707,0.000540691731992782,1223,0,1,0,FALSE,FALSE
"DLG1+GRIN2B+SOX9",3,1223,262050.766668235,261918.976192041,0.000502919636027555,1223,0,1,0,FALSE,FALSE
"DLG1+GRIN2B+TJP1",3,1223,262021.383334902,261830.238096804,0.000729502438564178,1223,0,1,0,FALSE,FALSE
"DLG1+GRIN2B+VIM",3,1223,262034.000001569,261915.342858709,0.000452831093901152,1223,0,1,0,FALSE,FALSE
"DLG1+GRM5+HTR2A",3,1223,262177.716668234,262097.378572996,0.000306426100047386,1223,0,1,0,TRUE,TRUE
"DLG1+GRM5+ITPR1",3,1223,262110.483334901,261996.171430137,0.000436121071196172,1223,0,1,0,FALSE,FALSE
"DLG1+GSR+PRDX1",3,1223,262133.283334902,262030.416668233,0.000392421234573836,1223,0,1,0,TRUE,TRUE
"DLG1+HNF4A+NANOG",3,1223,262053.500001568,262004.250001567,0.000187938722439163,1223,0,1,0,FALSE,FALSE
"DLG1+HNF4A+SOX2",3,1223,262030.800001569,261617.366668229,0.00157780433955756,1222,0.000817661488143884,2,0.00163532297628777,FALSE,FALSE
"DLG1+ITPR1+PRKCG",3,1223,262057.866668235,261980.726192043,0.000294364283632942,1223,0,1,0,FALSE,FALSE
"DLG1+MAP3K5+SCN5A",3,1223,262087.200001567,262013.050001566,0.000282921104125089,1223,0,1,0,FALSE,FALSE
"DLG1+MAP3K5+YWHAZ",3,1223,262028.766668235,261909.150001566,0.000456502040559803,1223,0,1,0,FALSE,FALSE
"DLG1+NANOG+SOX2",3,1223,262044.300001569,261654.850001562,0.00148619908925418,1222,0.000817661488143884,2,0.00163532297628777,FALSE,FALSE
"DLG1+NOS1+NOS2",3,1223,262052.850001567,261929.800001565,0.000469561769700588,1223,0,1,0,FALSE,FALSE
"DLG1+NOS2+SCN5A",3,1223,262095.650001567,262033.850001566,0.000235791780599293,1223,0,1,0,FALSE,FALSE
"DLG1+NTRK1+NTRK2",3,1223,262058.066668234,261980.609525375,0.00029557244256484,1223,0,1,0,FALSE,FALSE
"DLG1+NTRK1+SCN5A",3,1223,262098.033334901,262034.400001566,0.000242784474667745,1223,0,1,0,FALSE,FALSE
"DLG1+NTRK2+SCN5A",3,1223,262096.566668234,261993.959525375,0.000391486024268417,1223,0,1,0,FALSE,FALSE
"DLG1+PLA2G4A+PRKCG",3,1223,262104.166668236,262043.166668234,0.000232731897308991,1223,0,1,0,FALSE,FALSE
"DLG1+POU5F1+SOX2",3,1223,262040.300001571,261653.266668231,0.00147699927583023,1222,0.000817661488143884,2,0.00163532297628777,FALSE,FALSE
"DLG1+PRKCZ+TJP1",3,1223,262061.983334905,261626.219049183,0.00166282907645188,1222,0.000817661488143884,2,0.00163532297628777,FALSE,FALSE
"DLG1+RARA+RXRA",3,1223,262091.183334904,261961.250001565,0.000495756216156495,1223,0,1,0,FALSE,FALSE
"DLG1+SCN5A+SOX9",3,1223,262111.266668236,262028.333334901,0.000316405068690795,1223,0,1,0,FALSE,FALSE
"DLG1+SCN5A+TJP1",3,1223,262081.883334904,261940.328572997,0.000540116547185332,1223,0,1,0,FALSE,FALSE
"DLG1+SCN5A+VIM",3,1223,262094.50000157,262025.300001569,0.000264026906329318,1223,0,1,0,FALSE,FALSE
"DLG1+VIM+YWHAZ",3,1223,262036.066668238,261922.100001569,0.000434927405674079,1223,0,1,0,FALSE,FALSE
"DRD1+DRD2+GRIN2A",3,1223,262116.550001568,261630.807144418,0.00185315599929514,1222,0.000817661488143884,2,0.00163532297628777,FALSE,FALSE
"DRD1+DRD2+HTR2A",3,1223,262171.100001568,261764.719049182,0.00155006006529079,1222,0.000817661488143884,2,0.00163532297628777,FALSE,TRUE
"DRD1+DRD2+MAOA",3,1223,262139.366668235,261718.302382515,0.00160626116966733,1222,0.000817661488143884,2,0.00163532297628777,FALSE,FALSE
"DRD1+DRD2+NPPA",3,1223,262145.600001568,261735.752382515,0.00156343504926515,1222,0.000817661488143884,2,0.00163532297628777,FALSE,TRUE
"DRD1+DRD2+NPY",3,1223,262107.350001568,261181.321430126,0.00353301260508643,1221,0.00163532297628777,3,0.00326930771773415,FALSE,TRUE
"DRD1+DRD2+TH",3,1223,262108.116668235,261619.735715846,0.00186328053704443,1222,0.000817661488143884,2,0.00163532297628777,FALSE,TRUE
"DRD1+GCK+NPPA",3,1223,262153.383334901,262053.530953948,0.000380892970685109,1223,0,1,0,TRUE,TRUE
"DRD1+GRIN2A+GSR",3,1223,262124.233334901,261919.040477754,0.000782807657790041,1223,0,1,0,FALSE,FALSE
"DRD1+GRIN2A+HTR2A",3,1223,262142.200001568,262010.440477756,0.000502626146462348,1223,0,1,0,FALSE,FALSE
"DRD1+GRIN2A+MAP3K5",3,1223,262069.966668234,261931.490477755,0.000528393971424901,1223,0,1,0,FALSE,FALSE
"DRD1+GRIN2A+NTRK1",3,1223,262080.800001568,261953.107144422,0.00048722705800941,1223,0,1,0,FALSE,FALSE
"DRD1+GRIN2A+NTRK2",3,1223,262079.333334901,261912.150001564,0.000637911166857519,1223,0,1,0,FALSE,FALSE
"DRD1+GRIN2A+OPRM1",3,1223,262127.050001568,261984.090477756,0.000545382568534758,1223,0,1,0,FALSE,FALSE
"DRD1+GRIN2A+PRKCG",3,1223,262084.966668236,261958.107144424,0.000484039681575954,1223,0,1,0,FALSE,FALSE
"DRD1+GRIN2A+RASA1",3,1223,262106.700001568,261972.707144423,0.000511214925618342,1223,0,1,0,FALSE,FALSE
"DRD1+GRIN2B+GRM5",3,1223,262108.733334901,261942.690477755,0.000633488457379094,1223,0,1,0,FALSE,FALSE
"DRD1+GRIN2B+HTR3A",3,1223,262154.883334902,262032.561906328,0.000466599847456672,1223,0,1,0,FALSE,FALSE
"DRD1+GRIN2B+NPPA",3,1223,262087.850001568,261960.328572994,0.000486559863701053,1223,0,1,0,FALSE,FALSE
"DRD1+GRIN2B+NTRK2",3,1223,262050.483334901,261891.238096802,0.000607689160014191,1223,0,1,0,FALSE,FALSE
"DRD1+GRIN2B+RASA1",3,1223,262077.850001568,261954.328572994,0.00047131578870041,1223,0,1,0,FALSE,FALSE
"DRD1+GRM5+HTR2A",3,1223,262192.1333349,262099.280953948,0.000354138698864914,1223,0,1,0,TRUE,TRUE
"DRD1+GRM5+NPPA",3,1223,262166.633334901,262068.480953948,0.000374389294717892,1223,0,1,0,TRUE,TRUE
"DRD1+GRM5+OPRM1",3,1223,262176.983334901,262075.297620615,0.000387851416217,1223,0,1,0,FALSE,FALSE
"DRD1+GRM5+SLC6A3",3,1223,262178.1833349,262049.040477756,0.000492576672479039,1223,0,1,0,TRUE,TRUE
"DRD1+HCRT+NPPA",3,1223,262157.400001568,262068.890477757,0.000337619780368059,1223,0,1,0,FALSE,TRUE
"DRD1+HTR2A+HTR3A",3,1223,262238.2833349,262172.169049187,0.000252115308536083,1223,0,1,0,TRUE,TRUE
"DRD1+HTR2A+MAOA",3,1223,262165.016668234,262093.902382519,0.00027125772392822,1223,0,1,0,FALSE,TRUE
"DRD1+HTR2A+TPH1",3,1223,262208.866668232,262151.969049186,0.000216993497472395,1223,0,1,0,FALSE,TRUE
"DRD1+HTR3A+SLC6A3",3,1223,262224.333334899,262126.128572996,0.000374506670127395,1223,0,1,0,TRUE,TRUE
"DRD1+KCNJ11+NPPA",3,1223,262145.933334901,261467.197620603,0.00258915217819289,1221,0.00163532297628777,2,0.00326796948289265,TRUE,TRUE
"DRD1+MAOA+TPH1",3,1223,262177.1333349,262094.052382518,0.000316888629168455,1223,0,1,0,FALSE,TRUE
"DRD1+MAOB+TPH1",3,1223,262189.816668233,262125.869049185,0.000243898179799418,1223,0,1,0,FALSE,TRUE
"DRD1+MAP3K5+NPPA",3,1223,262099.016668234,262036.519049186,0.000238450414057012,1223,0,1,0,FALSE,FALSE
"DRD1+NOS1+NPPA",3,1223,262105.550001568,261961.035715851,0.000551359121221839,1223,0,1,0,FALSE,FALSE
"DRD1+NPPA+NPY",3,1223,262107.500001567,261533.054763464,0.00219163983518134,1222,0.000817661488143884,2,0.00163532297628777,FALSE,FALSE
"DRD1+NPPA+NR1H4",3,1223,262146.966668235,262064.278572996,0.000315426481144576,1223,0,1,0,TRUE,TRUE
"DRD1+NPPA+NTRK1",3,1223,262109.850001568,262057.785715853,0.000198635364961008,1223,0,1,0,FALSE,FALSE
"DRD1+NPPA+NTRK2",3,1223,262108.383334901,262017.428572995,0.000347012028951488,1223,0,1,0,FALSE,FALSE
"DRD1+NPPA+TAC1",3,1223,262118.466668235,261690.052382514,0.00163443000093344,1222,0.000817661488143884,2,0.00163532297628777,FALSE,TRUE
"DRD1+NPPA+TH",3,1223,262108.266668235,261966.152382517,0.00054219688498991,1223,0,1,0,FALSE,FALSE
"DRD1+NPY+OPRM1",3,1223,262117.850001568,261538.404763464,0.00221062868515076,1222,0.000817661488143884,2,0.00163532297628777,FALSE,TRUE
"DRD1+NTRK1+NTRK2",3,1223,262072.483334901,261983.011906328,0.000341399552652666,1223,0,1,0,FALSE,FALSE
"DRD1+NTRK2+TAC1",3,1223,262081.100001568,261622.378572989,0.0017503033548637,1222,0.000817661488143884,2,0.00163532297628777,FALSE,FALSE
"DRD1+RASA1+SLC6A3",3,1223,262147.300001569,262058.46190633,0.000338886172920994,1223,0,1,0,TRUE,TRUE
"DRD1+SLC6A3+TPH1",3,1223,262194.916668233,262101.011906328,0.000358148674649228,1223,0,1,0,FALSE,TRUE
"DRD2+EPOR+MAOA",3,1223,262123.200001568,262030.4333349,0.000353904830506457,1223,0,1,0,FALSE,FALSE
"DRD2+EPOR+NPY",3,1223,262091.183334901,261494.352382512,0.0022771882090622,1222,0.000817661488143884,2,0.00163532297628777,FALSE,FALSE
"DRD2+FKBP1A+HTR2A",3,1223,262131.800001568,261966.683334899,0.000629899411932588,1223,0,1,0,FALSE,FALSE
"DRD2+GJA1+ITPR1",3,1223,262057.883334901,261918.576192042,0.00053158920879115,1223,0,1,0,FALSE,FALSE
"DRD2+GJA1+SCN5A",3,1223,262102.216668235,261970.966668233,0.00050075883245182,1223,0,1,0,FALSE,FALSE
"DRD2+GOT1+MAOA",3,1223,262160.250001568,262061.826192043,0.000375433764364885,1223,0,1,0,FALSE,FALSE
"DRD2+GOT1+NPY",3,1223,262128.233334901,261527.928572988,0.00229011867312379,1222,0.000817661488143884,2,0.00163532297628777,FALSE,FALSE
"DRD2+GOT1+SLC6A3",3,1223,262178.033334901,262063.452382519,0.000437034906869971,1223,0,1,0,TRUE,TRUE
"DRD2+GRIN2A+GRM5",3,1223,262116.950001568,261912.142858707,0.000781357874257926,1223,0,1,0,FALSE,FALSE
"DRD2+GRIN2A+HTR2A",3,1223,262121.566668235,261957.430953946,0.000626181646839696,1223,0,1,0,FALSE,FALSE
"DRD2+GRIN2A+HTR3A",3,1223,262163.100001568,261990.26428728,0.000659267891961135,1223,0,1,0,FALSE,FALSE
"DRD2+GRIN2B+GRM5",3,1223,262088.100001568,261894.404763469,0.000739046290532452,1223,0,1,0,FALSE,FALSE
"DRD2+GRIN2B+HTR2A",3,1223,262092.716668235,261940.592858707,0.000580419827994727,1223,0,1,0,FALSE,FALSE
"DRD2+GRIN2B+HTR3A",3,1223,262134.250001569,261984.126192042,0.000572698186239506,1223,0,1,0,FALSE,FALSE
"DRD2+GRIN2B+NTRK2",3,1223,262029.850001568,261842.485715849,0.000715049395011325,1223,0,1,0,FALSE,FALSE
"DRD2+GRM5+ITPR1",3,1223,262104.266668234,261949.70476347,0.000589696256108163,1223,0,1,0,FALSE,FALSE
"DRD2+GRM5+MAOA",3,1223,262139.766668235,262002.745239661,0.000522703709990524,1223,0,1,0,FALSE,FALSE
"DRD2+GRM5+NPY",3,1223,262107.750001567,261458.907144416,0.002475481389419,1222,0.000817661488143884,2,0.00163532297628777,FALSE,FALSE
"DRD2+GRM5+OPRM1",3,1223,262156.350001568,262021.845239662,0.000513070775914781,1223,0,1,0,FALSE,FALSE
"DRD2+GRM5+SLC6A3",3,1223,262157.550001567,262004.288096803,0.000584617550640654,1223,0,1,0,TRUE,TRUE
"DRD2+HCRT+HTR2A",3,1223,262162.266668234,262049.321430138,0.000430821870483933,1223,0,1,0,FALSE,TRUE
"DRD2+HTR2A+IDO1",3,1223,262140.616668235,261950.092858708,0.000726800035601216,1223,0,1,0,FALSE,FALSE
"DRD2+HTR2A+ITPR1",3,1223,262108.883334901,261987.142858709,0.000464465281159288,1223,0,1,0,FALSE,FALSE
"DRD2+HTR2A+KCNH2",3,1223,262156.616668235,261964.145239661,0.000734184896873713,1223,0,1,0,TRUE,TRUE
"DRD2+HTR2A+MAOB",3,1223,262157.066668235,262069.816668234,0.000332815747101756,1223,0,1,0,FALSE,TRUE
"DRD2+HTR2A+MGLL",3,1223,262208.2333349,262080.100001567,0.000488670137101521,1223,0,1,0,TRUE,TRUE
"DRD2+HTR2A+NOS1",3,1223,262110.416668234,261940.350001565,0.00064883597085097,1223,0,1,0,FALSE,FALSE
"DRD2+HTR2A+NTRK1",3,1223,262114.716668235,262038.1333349,0.000292174870255013,1223,0,1,0,FALSE,FALSE
"DRD2+HTR2A+NTRK2",3,1223,262113.250001568,261997.642858709,0.000441057988707083,1223,0,1,0,FALSE,FALSE
"DRD2+HTR2A+OPRM1",3,1223,262160.966668235,262063.3833349,0.000372226783318164,1223,0,1,0,FALSE,TRUE
"DRD2+HTR2A+PRKCG",3,1223,262118.883334903,262043.400001568,0.000287973656740048,1223,0,1,0,FALSE,FALSE
"DRD2+HTR2A+TAC1",3,1223,262123.333334902,261668.316668228,0.00173588768647659,1222,0.000817661488143884,2,0.00163532297628777,FALSE,TRUE
"DRD2+HTR2A+TRPV1",3,1223,262139.650001568,261630.383334894,0.00194273039836157,1222,0.000817661488143884,2,0.00163532297628777,TRUE,TRUE
"DRD2+HTR2A+YWHAZ",3,1223,262094.783334903,261939.250001567,0.000593423994775688,1223,0,1,0,FALSE,FALSE
"DRD2+HTR3A+MAOA",3,1223,262185.916668234,262080.3833349,0.000402513356457024,1223,0,1,0,FALSE,FALSE
"DRD2+HTR3A+NPY",3,1223,262153.900001568,261543.885715846,0.00232693194996836,1222,0.000817661488143884,2,0.00163532297628777,FALSE,FALSE
"DRD2+HTR3A+SLC6A3",3,1223,262203.700001566,262081.226192043,0.000467094131483048,1223,0,1,0,TRUE,TRUE
"DRD2+IDO1+MAOB",3,1223,262121.566668235,261931.226192041,0.000726153435648302,1223,0,1,0,FALSE,FALSE
"DRD2+IDO1+TPH1",3,1223,262152.7333349,261962.492858707,0.000725685648108487,1223,0,1,0,FALSE,FALSE
"DRD2+ITPR1+ITPR3",3,1223,262053.350001567,261874.238096802,0.000683494047162392,1223,0,1,0,TRUE,TRUE
"DRD2+ITPR1+PRKCG",3,1223,262051.650001568,261934.342858709,0.000447648938132983,1223,0,1,0,FALSE,FALSE
"DRD2+ITPR3+NOS1",3,1223,262054.883334901,261895.116668232,0.000609668725252255,1223,0,1,0,FALSE,FALSE
"DRD2+ITPR3+PRKCG",3,1223,262063.350001569,261994.533334901,0.000262595539083255,1223,0,1,0,FALSE,FALSE
"DRD2+ITPR3+SLC6A3",3,1223,262106.6333349,262002.509525375,0.000397257437557141,1223,0,1,0,FALSE,FALSE
"DRD2+MAOA+NTRK1",3,1223,262082.983334901,261991.716668233,0.000348235759174309,1223,0,1,0,FALSE,FALSE
"DRD2+MAOA+NTRK2",3,1223,262081.516668234,261951.309525375,0.000496819251181391,1223,0,1,0,FALSE,FALSE
"DRD2+MAOA+OPRM1",3,1223,262129.233334902,262018.150001566,0.000423773159225038,1223,0,1,0,FALSE,FALSE
"DRD2+MAOA+PRKCG",3,1223,262087.150001569,261996.9833349,0.000344033145721512,1223,0,1,0,FALSE,FALSE
"DRD2+MAOB+NPY",3,1223,262093.316668234,261492.702382511,0.00229160473589274,1222,0.000817661488143884,2,0.00163532297628777,FALSE,FALSE
"DRD2+MAOB+TPH1",3,1223,262169.1833349,262077.500001566,0.000349710565398897,1223,0,1,0,FALSE,TRUE
"DRD2+MAP3K5+NPY",3,1223,262040.1333349,261435.769049177,0.00230638062204935,1222,0.000817661488143884,2,0.00163532297628777,FALSE,FALSE
"DRD2+MAP3K5+TH",3,1223,262040.900001567,261872.41666823,0.000642965786395777,1223,0,1,0,FALSE,FALSE
"DRD2+MAP3K5+YWHAZ",3,1223,262022.550001569,261862.366668232,0.000611334151719101,1223,0,1,0,FALSE,FALSE
"DRD2+MGLL+TH",3,1223,262145.250001569,261933.950001565,0.000806041688732773,1223,0,1,0,FALSE,FALSE
"DRD2+MGLL+TRPV1",3,1223,262171.766668235,261641.233334895,0.00202360971237403,1222,0.000817661488143884,2,0.00163532297628777,FALSE,TRUE
"DRD2+NFATC1+NPY",3,1223,262064.8333349,261464.835715844,0.0022895006988185,1222,0.000817661488143884,2,0.00163532297628777,FALSE,FALSE
"DRD2+NFATC1+TH",3,1223,262065.600001568,261901.233334897,0.000627196651027173,1223,0,1,0,FALSE,FALSE
"DRD2+NOS1+NOS2",3,1223,262046.6333349,261883.333334898,0.000623171524564481,1223,0,1,0,FALSE,FALSE
"DRD2+NOS2+NPY",3,1223,262048.5833349,261456.652382511,0.00225885957808358,1222,0.000817661488143884,2,0.00163532297628777,FALSE,FALSE
"DRD2+NPPA+NPY",3,1223,262086.866668234,261480.702382511,0.00231283731775078,1222,0.000817661488143884,2,0.00163532297628777,FALSE,FALSE
"DRD2+NPPA+SLC6A3",3,1223,262136.666668234,262017.709525375,0.000453798182340592,1223,0,1,0,FALSE,TRUE
"DRD2+NPPA+TH",3,1223,262087.633334902,261917.966668231,0.000647366167230601,1223,0,1,0,FALSE,FALSE
"DRD2+NPY+NTRK1",3,1223,262050.966668234,261457.202382511,0.00226583512845613,1222,0.000817661488143884,2,0.00163532297628777,FALSE,FALSE
"DRD2+NPY+NTRK2",3,1223,262049.500001567,261416.845239653,0.00241425670306672,1222,0.000817661488143884,2,0.00163532297628777,FALSE,FALSE
"DRD2+NPY+PRKCG",3,1223,262055.133334901,261462.469049178,0.00226160151179311,1222,0.000817661488143884,2,0.00163532297628777,FALSE,FALSE
"DRD2+NPY+PYGM",3,1223,262130.150001567,261530.05238251,0.00228931169899138,1222,0.000817661488143884,2,0.00163532297628777,FALSE,FALSE
"DRD2+NPY+SPP1",3,1223,262049.100001568,261428.369049177,0.00236875819221261,1222,0.000817661488143884,2,0.00163532297628777,FALSE,FALSE
"DRD2+NPY+TPH1",3,1223,262124.4833349,261518.835715843,0.00231053433602046,1222,0.000817661488143884,2,0.00163532297628777,FALSE,FALSE
"DRD2+NPY+VWF",3,1223,262058.550001568,261458.619049177,0.00228930119771564,1222,0.000817661488143884,2,0.00163532297628777,FALSE,FALSE
"DRD2+NTRK1+NTRK2",3,1223,262051.850001567,261934.126192042,0.000449238612607483,1223,0,1,0,FALSE,FALSE
"DRD2+NTRK1+TH",3,1223,262051.733334901,261893.600001564,0.000603443187818908,1223,0,1,0,FALSE,FALSE
"DRD2+NTRK2+TAC1",3,1223,262060.466668235,261571.409525369,0.00186619961829093,1222,0.000817661488143884,2,0.00163532297628777,FALSE,FALSE
"DRD2+NTRK2+TH",3,1223,262050.266668235,261853.192858706,0.00075204582706212,1223,0,1,0,FALSE,FALSE
"DRD2+OPRM1+TH",3,1223,262097.983334902,261919.983334898,0.000679135328473301,1223,0,1,0,FALSE,FALSE
"DRD2+OPRM1+TRPV1",3,1223,262124.500001568,261607.550001561,0.00197215445333887,1222,0.000817661488143884,2,0.00163532297628777,TRUE,TRUE
"DRD2+PRKCG+TH",3,1223,262055.90000157,261899.0333349,0.000598600018809958,1223,0,1,0,FALSE,FALSE
"DRD2+PRKCG+TRPV4",3,1223,262104.383334904,262014.192858712,0.000344101365433835,1223,0,1,0,FALSE,FALSE
"DRD2+SLC6A3+TPH1",3,1223,262174.2833349,262056.092858709,0.000450808808125647,1223,0,1,0,FALSE,TRUE
"DRD2+SPP1+VWF",3,1223,262059.033334904,261953.466668235,0.000402835442552818,1223,0,1,0,FALSE,FALSE
"DRD2+TH+TPH1",3,1223,262125.250001569,261948.500001565,0.000674295971116012,1223,0,1,0,FALSE,TRUE
"DRD2+TH+XIAP",3,1223,262050.550001571,261884.259525377,0.000634574039982128,1223,0,1,0,FALSE,FALSE
"DRD2+TPH1+YWHAZ",3,1223,262106.90000157,261959.650001568,0.000561793680370126,1223,0,1,0,FALSE,FALSE
"DUOX2+MB+MT-CYB",3,1223,262197.216668235,261826.640477753,0.00141334906293311,1222,0.000817661488143884,2,0.00163532297628777,FALSE,TRUE
"DUOX2+MB+RAC2",3,1223,262176.500001569,261842.007144421,0.00127583081300764,1222,0.000817661488143884,2,0.00163532297628777,TRUE,TRUE
"DUOX2+MPO+NCF2",3,1223,262165.366668235,261785.109525371,0.00145044766094193,1222,0.000817661488143884,2,0.00163532297628777,FALSE,FALSE
"DUOX2+MPO+RAC2",3,1223,262157.083334903,261765.926192038,0.00149207161557052,1222,0.000817661488143884,2,0.00163532297628777,FALSE,FALSE
"DUOX2+NCF2+NOS1",3,1223,262140.050001568,261728.057144419,0.00157165170735052,1222,0.000817661488143884,2,0.00163532297628777,FALSE,FALSE
"DUOX2+NCF2+NOS2",3,1223,262141.966668235,261822.840477753,0.0012173792488781,1222,0.000817661488143884,2,0.00163532297628777,TRUE,TRUE
"DUOX2+NCF2+PLA2G4A",3,1223,262184.816668235,261831.207144419,0.00134870328613568,1222,0.000817661488143884,2,0.00163532297628777,TRUE,TRUE
"DUOX2+NCF2+PLD2",3,1223,262203.916668234,261855.990477753,0.00132692979914972,1222,0.000817661488143884,2,0.00163532297628777,TRUE,TRUE
"DUOX2+NCF2+PRKCG",3,1223,262148.516668237,261829.090477755,0.00121849322110223,1222,0.000817661488143884,2,0.00163532297628777,FALSE,FALSE
"DUOX2+NCF2+PRKCZ",3,1223,262162.95000157,261514.897620606,0.00247194495240344,1221,0.00163532297628777,3,0.00326930771773415,FALSE,TRUE
"DUOX2+NCF2+SYK",3,1223,262152.95000157,261826.473811088,0.00124536531242669,1222,0.000817661488143884,2,0.00163532297628777,FALSE,FALSE
"DUOX2+NCF2+XIAP",3,1223,262143.166668237,261814.807144421,0.00125259615953033,1222,0.000817661488143884,2,0.00163532297628777,FALSE,FALSE
"DUOX2+NOS1+NOS2",3,1223,262110.400001568,261693.090477751,0.00159211356670419,1222,0.000817661488143884,2,0.00163532297628777,FALSE,TRUE
"DUOX2+NOS1+RAC2",3,1223,262131.766668236,261708.790477752,0.00161360141832367,1222,0.000817661488143884,2,0.00163532297628777,FALSE,FALSE
"DUOX2+NOS2+RAC2",3,1223,262133.683334902,261803.65714442,0.00125899955428654,1222,0.000817661488143884,2,0.00163532297628777,TRUE,TRUE
"DUOX2+PLA2G4A+PLD2",3,1223,262217.116668233,261828.240477752,0.00148303129643934,1222,0.000817661488143884,2,0.00163532297628777,TRUE,TRUE
"DUOX2+PLA2G4A+PRKCG",3,1223,262161.716668237,261806.357144421,0.00135549739425089,1222,0.000817661488143884,2,0.00163532297628777,FALSE,FALSE
"DUOX2+PLA2G4A+RAC2",3,1223,262176.533334903,261811.523811087,0.00139222805021022,1222,0.000817661488143884,2,0.00163532297628777,TRUE,TRUE
"DUOX2+PRKCG+RAC2",3,1223,262140.233334905,261809.907144423,0.00126011252175962,1222,0.000817661488143884,2,0.00163532297628777,FALSE,FALSE
"DUOX2+RAC2+XIAP",3,1223,262134.883334906,261795.62381109,0.001294217387246,1222,0.000817661488143884,2,0.00163532297628777,FALSE,FALSE
"EGR1+EIF2AK2+EIF2S1",3,1223,262088.550001569,261710.61666823,0.00144200627359103,1222,0.000817661488143884,2,0.00163532297628777,FALSE,FALSE
"EGR1+F2+PLG",3,1223,262054.183334901,261877.152382517,0.000675550949544856,1223,0,1,0,FALSE,FALSE
"EGR1+F2+VWF",3,1223,262033.450001568,261969.416668233,0.000244370836373298,1223,0,1,0,FALSE,FALSE
"EGR1+FABP4+FASN",3,1223,262051.800001567,261925.959525375,0.000480212218316844,1223,0,1,0,FALSE,FALSE
"EGR1+FABP4+LPL",3,1223,262039.066668234,261875.976192041,0.000622389929358036,1223,0,1,0,FALSE,FALSE
"EGR1+FABP4+RXRA",3,1223,262049.283334901,261976.083334899,0.000279336768528093,1223,0,1,0,FALSE,FALSE
"EGR1+GJA1+ITPR1",3,1223,262010.333334901,261913.192858708,0.000370750553826737,1223,0,1,0,FALSE,FALSE
"EGR1+GJA1+TJP1",3,1223,262000.016668236,261866.76190633,0.000508605929116612,1223,0,1,0,FALSE,FALSE
"EGR1+GRIN2B+NTRK2",3,1223,261982.300001567,261837.319049183,0.000553399799847143,1223,0,1,0,FALSE,FALSE
"EGR1+GRIN2B+RASA1",3,1223,262009.666668234,261900.059525374,0.000418332438851476,1223,0,1,0,FALSE,FALSE
"EGR1+GSTP1+PRDX1",3,1223,262049.800001568,261566.823811083,0.00184307025031971,1222,0.000817661488143884,2,0.00163532297628777,FALSE,FALSE
"EGR1+HK2+TPH1",3,1223,262112.2833349,262013.235715851,0.000377882401347951,1223,0,1,0,FALSE,FALSE
"EGR1+HNF4A+NANOG",3,1223,261999.733334901,261952.566668233,0.000180025628526592,1223,0,1,0,FALSE,FALSE
"EGR1+HNF4A+NCOA2",3,1223,262035.250001568,261983.300001567,0.000198255769025768,1223,0,1,0,FALSE,FALSE
"EGR1+HNF4A+SOX2",3,1223,261977.033334902,261565.683334896,0.00157017580804686,1222,0.000817661488143884,2,0.00163532297628777,FALSE,FALSE
"EGR1+HTR2A+MAOA",3,1223,262096.833334901,262039.9833349,0.000216904566445852,1223,0,1,0,FALSE,FALSE
"EGR1+IDO1+MAOB",3,1223,262074.016668234,261923.809525374,0.000573147787673922,1223,0,1,0,FALSE,FALSE
"EGR1+ITPR1+ITPR3",3,1223,262005.800001567,261869.938096803,0.000518545409161186,1223,0,1,0,FALSE,FALSE
"EGR1+ITPR1+PRKCG",3,1223,262004.100001568,261929.042858709,0.000286473161519862,1223,0,1,0,FALSE,FALSE
"EGR1+ITPR3+NOS1",3,1223,262007.3333349,261889.983334899,0.000447888227049886,1223,0,1,0,FALSE,FALSE
"EGR1+ITPR3+PRKCG",3,1223,262015.800001568,261989.150001568,0.00010171142351012,1223,0,1,0,FALSE,FALSE
"EGR1+KCNJ11+XIAP",3,1223,262040.666668236,261377.921430127,0.00252916940921943,1221,0.00163532297628777,2,0.00326796948289265,FALSE,FALSE
"EGR1+KEAP1+NQO1",3,1223,262017.5333349,261845.767858706,0.000655549550476087,1223,0,1,0,FALSE,FALSE
"EGR1+MAOA+MAOB",3,1223,262077.783334901,261908.692858707,0.000645191950428226,1223,0,1,0,FALSE,FALSE
"EGR1+MAOB+TH",3,1223,262046.533334901,261919.400001564,0.000485155562712225,1223,0,1,0,FALSE,FALSE
"EGR1+MAP3K5+YWHAZ",3,1223,261975.000001568,261852.250001565,0.000468556159947675,1223,0,1,0,FALSE,FALSE
"EGR1+MT-CYB+NCF2",3,1223,262072.733334901,262005.3833349,0.000256989726264645,1223,0,1,0,FALSE,FALSE
"EGR1+MT-CYB+PTGS1",3,1223,262085.950001568,261987.516668233,0.00037557653637843,1223,0,1,0,FALSE,FALSE
"EGR1+MT-CYB+RAC2",3,1223,262064.450001569,261985.016668234,0.000303106099793671,1223,0,1,0,FALSE,FALSE
"EGR1+NANOG+SOX2",3,1223,261990.533334902,261603.250001562,0.00147823407361136,1222,0.000817661488143884,2,0.00163532297628777,FALSE,FALSE
"EGR1+NCOA2+RARA",3,1223,262060.116668235,261988.683334899,0.000272583765297707,1223,0,1,0,FALSE,FALSE
"EGR1+NCOA2+RXRA",3,1223,262061.566668235,261996.6833349,0.000247588130377063,1223,0,1,0,FALSE,FALSE
"EGR1+NFATC1+TNFSF11",3,1223,262020.150001568,261966.1333349,0.000206154628441646,1223,0,1,0,FALSE,FALSE
"EGR1+NOS1+NOS2",3,1223,261999.0833349,261878.200001565,0.000461388382722361,1223,0,1,0,FALSE,FALSE
"EGR1+NPY+TPH1",3,1223,262076.933334899,261527.669049176,0.00209581315964535,1222,0.000817661488143884,2,0.00163532297628777,FALSE,FALSE
"EGR1+NRP1+NTRK1",3,1223,262043.400001568,261995.100001566,0.000184320612543698,1223,0,1,0,FALSE,FALSE
"EGR1+NTRK1+NTRK2",3,1223,262004.300001567,261929.092858708,0.000287045452529777,1223,0,1,0,FALSE,FALSE
"EGR1+NTRK2+TAC1",3,1223,262012.916668234,261568.676192036,0.00169549074849862,1222,0.000817661488143884,2,0.00163532297628777,FALSE,FALSE
"EGR1+PLA2G2A+PLA2G4A",3,1223,262111.533334902,262012.809525376,0.000376648094302601,1223,0,1,0,TRUE,TRUE
"EGR1+PLA2G2A+PTGS1",3,1223,262111.550001568,262052.359525377,0.00022582170144958,1223,0,1,0,FALSE,FALSE
"EGR1+PLA2G4A+PRKCG",3,1223,262050.400001569,261991.350001568,0.000225338331865998,1223,0,1,0,FALSE,FALSE
"EGR1+PLA2G4A+PTGS1",3,1223,262086.716668234,262001.700001566,0.00032438372973953,1223,0,1,0,FALSE,FALSE
"EGR1+PLG+THBS1",3,1223,262034.116668237,261877.585715853,0.000597368596019221,1223,0,1,0,FALSE,FALSE
"EGR1+PLG+VWF",3,1223,262041.666668236,261887.785715853,0.000587238488976793,1223,0,1,0,FALSE,FALSE
"EGR1+POU5F1+SOX2",3,1223,261986.533334904,261601.66666823,0.00146903225053141,1222,0.000817661488143884,2,0.00163532297628777,FALSE,FALSE
"EGR1+PRKCG+TRPV4",3,1223,262056.833334903,262008.809525379,0.00018325723055268,1223,0,1,0,FALSE,FALSE
"EGR1+PRKCZ+RAC2",3,1223,262043.35000157,261673.457144421,0.00141157124249558,1222,0.000817661488143884,2,0.00163532297628777,FALSE,FALSE
"EGR1+PRKCZ+TJP1",3,1223,262008.216668238,261574.652382516,0.00165477362212185,1222,0.000817661488143884,2,0.00163532297628777,FALSE,FALSE
"EGR1+RARA+RXRA",3,1223,262037.416668237,261909.016668232,0.000490006357248607,1223,0,1,0,FALSE,FALSE
"EGR1+SPP1+THBS1",3,1223,262003.933334904,261934.65000157,0.000264436233657017,1223,0,1,0,FALSE,FALSE
"EGR1+SPP1+TNFSF11",3,1223,262004.416668237,261934.733334902,0.00026596243765975,1223,0,1,0,FALSE,FALSE
"EGR1+SPP1+VWF",3,1223,262011.483334904,261947.683334902,0.000243500777863281,1223,0,1,0,FALSE,FALSE
"EGR1+TH+TPH1",3,1223,262077.700001568,261951.283334899,0.000482363309312395,1223,0,1,0,FALSE,FALSE
"EGR1+THBS1+VWF",3,1223,262013.383334904,261963.433334903,0.000190639116845248,1223,0,1,0,FALSE,FALSE
"EGR1+TPH1+TYMS",3,1223,262127.450001568,262069.50238252,0.000221066580581297,1223,0,1,0,FALSE,FALSE
"EGR1+VIM+YWHAZ",3,1223,261982.300001571,261865.200001569,0.000446976761415252,1223,0,1,0,FALSE,FALSE
"EIF2AK2+EIF2S1+HDAC6",3,1223,262094.050001569,261105.510715838,0.00377169678489331,1220,0.00245298446443176,3,0.00490061598949754,FALSE,FALSE
"EIF2AK2+EIF2S1+ITPR1",3,1223,262094.516668235,261678.659525372,0.00158666861157519,1222,0.000817661488143884,2,0.00163532297628777,FALSE,FALSE
"EIF2AK2+EIF2S1+ITPR3",3,1223,262106.216668235,261738.333334897,0.0014035658444691,1222,0.000817661488143884,2,0.00163532297628777,FALSE,TRUE
"EIF2AK2+EIF2S1+KEAP1",3,1223,262109.050001569,261722.702382515,0.00147399572449325,1222,0.000817661488143884,2,0.00163532297628777,FALSE,TRUE
"EIF2AK2+EIF2S1+MAP3K5",3,1223,262089.516668235,261708.066668229,0.00145541876246946,1222,0.000817661488143884,2,0.00163532297628777,TRUE,TRUE
"EIF2AK2+EIF2S1+NOS2",3,1223,262097.966668235,261728.650001563,0.00140907871726959,1222,0.000817661488143884,2,0.00163532297628777,TRUE,TRUE
"EIF2AK2+EIF2S1+PRDX1",3,1223,262130.666668236,261766.16666823,0.00139052787924032,1222,0.000817661488143884,2,0.00163532297628777,FALSE,TRUE
"EIF2AK2+EIF2S1+TJP1",3,1223,262084.20000157,261635.511906325,0.00171199978954162,1222,0.000817661488143884,2,0.00163532297628777,FALSE,FALSE
"EIF2AK2+EIF2S1+VIM",3,1223,262096.816668237,261719.983334897,0.00143776386958783,1222,0.000817661488143884,2,0.00163532297628777,TRUE,TRUE
"EIF2AK2+EIF2S1+YWHAZ",3,1223,262080.416668237,261630.750001562,0.00171575836299032,1222,0.000817661488143884,2,0.00163532297628777,FALSE,FALSE
"EIF2AK2+F2+FURIN",3,1223,262104.166668235,262017.676192042,0.000329985124967291,1223,0,1,0,FALSE,FALSE
"EIF2AK2+F2+VWF",3,1223,262069.566668235,261990.026192043,0.00030350901557763,1223,0,1,0,FALSE,FALSE
"EIF2AK2+FURIN+NRP1",3,1223,262121.700001569,262042.792858709,0.000301032470257034,1223,0,1,0,TRUE,TRUE
"EIF2AK2+GSR+GSTP1",3,1223,262099.033334901,261504.266668224,0.00226924403004936,1222,0.000817661488143884,2,0.00163532297628777,FALSE,FALSE
"EIF2AK2+GSR+KEAP1",3,1223,262094.016668235,261959.09523966,0.000514782558905913,1223,0,1,0,FALSE,FALSE
"EIF2AK2+GSR+NQO1",3,1223,262088.383334901,261840.208334896,0.000946913391763005,1223,0,1,0,TRUE,TRUE
"EIF2AK2+GSR+PRDX1",3,1223,262115.633334902,261999.009525376,0.000444932673578369,1223,0,1,0,TRUE,TRUE
"EIF2AK2+GSR+SOD2",3,1223,262095.283334902,261903.64523966,0.000731177199389976,1223,0,1,0,FALSE,FALSE
"EIF2AK2+GSTP1+PRDX1",3,1223,262085.916668235,261587.150001559,0.00190306550239971,1222,0.000817661488143884,2,0.00163532297628777,FALSE,FALSE
"EIF2AK2+HNF4A+NANOG",3,1223,262035.850001568,261973.126192043,0.000239371099506114,1223,0,1,0,FALSE,FALSE
"EIF2AK2+HNF4A+SOX2",3,1223,262013.150001569,261586.292858705,0.00162914396800806,1222,0.000817661488143884,2,0.00163532297628777,FALSE,FALSE
"EIF2AK2+ITPR1+ITPR3",3,1223,262041.916668234,261890.647620612,0.000577270421256215,1223,0,1,0,TRUE,TRUE
"EIF2AK2+KEAP1+NQO1",3,1223,262053.650001567,261866.377382515,0.00071463465229693,1223,0,1,0,TRUE,TRUE
"EIF2AK2+MAP3K5+PRDX1",3,1223,262061.366668234,262011.709525376,0.00018948669729324,1223,0,1,0,FALSE,TRUE
"EIF2AK2+MAP3K5+YWHAZ",3,1223,262011.116668235,261877.576192042,0.000509674848500508,1223,0,1,0,FALSE,FALSE
"EIF2AK2+NANOG+POU5F1",3,1223,262045.350001569,262005.359525377,0.000152608989974934,1223,0,1,0,TRUE,TRUE
"EIF2AK2+NANOG+SOX2",3,1223,262026.650001569,261623.859525372,0.00153721186831413,1222,0.000817661488143884,2,0.00163532297628777,FALSE,FALSE
"EIF2AK2+NFATC1+TNFSF11",3,1223,262056.266668235,261986.776192043,0.000265173876875413,1223,0,1,0,FALSE,FALSE
"EIF2AK2+NRP1+NTRK1",3,1223,262079.516668235,262015.659525376,0.000243655603727744,1223,0,1,0,FALSE,FALSE
"EIF2AK2+POU5F1+SOX2",3,1223,262022.650001572,261622.27619204,0.00152801221393928,1222,0.000817661488143884,2,0.00163532297628777,FALSE,FALSE
"EIF2AK2+PRDX1+SOD2",3,1223,262082.166668237,261972.995239664,0.000416554204970332,1223,0,1,0,TRUE,TRUE
"EIF2AK2+PRKCZ+TJP1",3,1223,262044.333334905,261595.145239659,0.00171416832231874,1222,0.000817661488143884,2,0.00163532297628777,FALSE,FALSE
"EIF2AK2+SIRT3+SOD2",3,1223,262087.083334904,261961.395239663,0.000479566156565636,1223,0,1,0,TRUE,TRUE
"EIF2AK2+SOD2+STAT4",3,1223,262078.133334904,261888.776192043,0.000722521716904678,1223,0,1,0,FALSE,FALSE
"EIF2AK2+SPP1+THBS1",3,1223,262040.050001571,261955.342858713,0.000323260291157368,1223,0,1,0,FALSE,FALSE
"EIF2AK2+SPP1+TNFSF11",3,1223,262040.533334904,261955.292858712,0.000325295003437698,1223,0,1,0,FALSE,FALSE
"EIF2AK2+SPP1+VWF",3,1223,262047.600001571,261968.292858712,0.000302644034358535,1223,0,1,0,FALSE,FALSE
"EIF2AK2+SYK+VWF",3,1223,262058.066668237,262001.076192046,0.00021747270334338,1223,0,1,0,FALSE,FALSE
"EIF2AK2+THBS1+VWF",3,1223,262049.500001571,261984.176192046,0.000249280420394848,1223,0,1,0,FALSE,FALSE
"EIF2AK2+VIM+YWHAZ",3,1223,262018.416668239,261890.576192046,0.000487906452602105,1223,0,1,0,FALSE,FALSE
"EIF2S1+ITPR1+ITPR3",3,1223,262076.066668234,261926.830953946,0.000569436637941845,1223,0,1,0,TRUE,TRUE
"EIF2S1+ITPR1+PRKCG",3,1223,262074.366668235,261985.569049186,0.00033882603696922,1223,0,1,0,FALSE,FALSE
"EIF2S1+ITPR3+PRKCG",3,1223,262086.066668236,262045.542858711,0.000154620236167746,1223,0,1,0,FALSE,FALSE
"EIF2S1+MAP3K5+YWHAZ",3,1223,262045.266668236,261913.676192042,0.000502166964763462,1223,0,1,0,FALSE,FALSE
"EIF2S1+VIM+YWHAZ",3,1223,262052.566668239,261926.542858712,0.000480910418580338,1223,0,1,0,FALSE,FALSE
"EPOR+F2+FURIN",3,1223,262120.066668235,262052.766668233,0.000256752567085794,1223,0,1,0,FALSE,FALSE
"EPOR+F2+VWF",3,1223,262085.466668235,262025.116668234,0.000230268395911226,1223,0,1,0,FALSE,FALSE
"EPOR+FURIN+NRP1",3,1223,262137.600001568,262078.316668233,0.000226153490893832,1223,0,1,0,TRUE,TRUE
"EPOR+ITGA5+SPP1",3,1223,262079.850001569,261700.083334896,0.00144904946591895,1222,0.000817661488143884,2,0.00163532297628777,FALSE,FALSE
"EPOR+ITGA5+THBS1",3,1223,262081.750001569,261716.883334896,0.00139218647109318,1222,0.000817661488143884,2,0.00163532297628777,FALSE,FALSE
"EPOR+ITGA5+VWF",3,1223,262089.300001569,261729.916668229,0.00137122474415041,1222,0.000817661488143884,2,0.00163532297628777,FALSE,FALSE
"EPOR+MAP3K5+YWHAZ",3,1223,262027.016668235,261913.100001566,0.000434751607362727,1223,0,1,0,FALSE,FALSE
"EPOR+NANOG+SOX2",3,1223,262042.550001569,261658.983334896,0.0014637571900844,1222,0.000817661488143884,2,0.00163532297628777,FALSE,FALSE
"EPOR+NFATC1+TNFSF11",3,1223,262072.166668235,262021.950001568,0.000191613887525532,1223,0,1,0,FALSE,FALSE
"EPOR+NRP1+NTRK1",3,1223,262095.416668235,262051.1833349,0.000168768053622093,1223,0,1,0,FALSE,FALSE
"EPOR+NTRK1+NTRK2",3,1223,262056.316668234,261984.826192042,0.000272805773586127,1223,0,1,0,FALSE,FALSE
"EPOR+NTRK2+TAC1",3,1223,262064.933334902,261624.626192037,0.00168014521157578,1222,0.000817661488143884,2,0.00163532297628777,FALSE,FALSE
"EPOR+POU5F1+SOX2",3,1223,262038.550001571,261657.400001564,0.0014545569726464,1222,0.000817661488143884,2,0.00163532297628777,FALSE,FALSE
"EPOR+PRKCG+TRPV4",3,1223,262108.85000157,262064.959525379,0.000167451332493074,1223,0,1,0,FALSE,FALSE
"EPOR+PRKCZ+RAC2",3,1223,262095.366668237,261729.273811088,0.00139679255609448,1222,0.000817661488143884,2,0.00163532297628777,FALSE,FALSE
"EPOR+PRKCZ+TJP1",3,1223,262060.233334905,261630.38571585,0.00164026267390738,1222,0.000817661488143884,2,0.00163532297628777,FALSE,FALSE
"EPOR+SPP1+THBS1",3,1223,262055.950001571,261990.55000157,0.000249565026096965,1223,0,1,0,FALSE,FALSE
"EPOR+SPP1+TNFSF11",3,1223,262056.433334904,261990.55000157,0.000251408952248067,1223,0,1,0,FALSE,FALSE
"EPOR+SPP1+VWF",3,1223,262063.500001571,262003.55000157,0.000228761349827966,1223,0,1,0,FALSE,FALSE
"EPOR+THBS1+VWF",3,1223,262065.400001571,262019.30000157,0.000175910288043646,1223,0,1,0,FALSE,FALSE
"EPOR+VIM+YWHAZ",3,1223,262034.316668238,261925.966668236,0.00041349545883862,1223,0,1,0,FALSE,FALSE
"ESRRA+FABP4+FASN",3,1223,262106.100001568,261973.842858709,0.000504593913908669,1223,0,1,0,TRUE,TRUE
"ESRRA+FABP4+LPL",3,1223,262093.366668235,261926.892858708,0.000635169869587004,1223,0,1,0,TRUE,TRUE
"ESRRA+FABP4+RXRA",3,1223,262103.583334902,262027.166668233,0.000291551400009804,1223,0,1,0,FALSE,FALSE
"ESRRA+FASN+NCOA2",3,1223,262118.383334902,261999.509525376,0.000453511913255267,1223,0,1,0,FALSE,FALSE
"ESRRA+GRIN2B+NTRK2",3,1223,262036.600001568,261888.319049183,0.000565878783283513,1223,0,1,0,FALSE,FALSE
"ESRRA+GSR+SOD2",3,1223,262113.466668236,261933.652382518,0.000686016968161729,1223,0,1,0,FALSE,TRUE
"ESRRA+HDAC6+NCOA2",3,1223,262093.016668235,261441.344049177,0.00248641733130872,1221,0.00163532297628777,2,0.00326796948289265,FALSE,FALSE
"ESRRA+HNF4A+NANOG",3,1223,262054.033334901,262003.4833349,0.000192899148918402,1223,0,1,0,FALSE,FALSE
"ESRRA+HNF4A+NR1H4",3,1223,262087.416668235,262000.976192044,0.000329815438262937,1223,0,1,0,FALSE,FALSE
"ESRRA+HNF4A+NR1I2",3,1223,262100.950001569,262024.816668234,0.000290473320812223,1223,0,1,0,FALSE,FALSE
"ESRRA+HNF4A+SOX2",3,1223,262031.333334903,261616.650001563,0.00158257154998398,1222,0.000817661488143884,2,0.00163532297628777,FALSE,FALSE
"ESRRA+ITGA5+SPP1",3,1223,262082.133334902,261695.316668229,0.00147593680557678,1222,0.000817661488143884,2,0.00163532297628777,FALSE,FALSE
"ESRRA+ITPR1+ITPR3",3,1223,262060.100001568,261921.05476347,0.000530585305038467,1223,0,1,0,TRUE,TRUE
"ESRRA+ITPR1+NCOA2",3,1223,262093.483334901,262014.84285871,0.000300047430371597,1223,0,1,0,FALSE,FALSE
"ESRRA+ITPR1+PRKCG",3,1223,262058.400001569,261980.04285871,0.000299006415585668,1223,0,1,0,FALSE,FALSE
"ESRRA+ITPR3+PRKCG",3,1223,262070.100001569,262040.066668235,0.000114600381094676,1223,0,1,0,FALSE,FALSE
"ESRRA+KCNJ11+NCOA2",3,1223,262135.400001569,261475.438096794,0.0025176374681587,1221,0.00163532297628777,2,0.00326796948289265,TRUE,TRUE
"ESRRA+KCNJ11+XIAP",3,1223,262094.966668236,261429.104763461,0.00254053678802035,1221,0.00163532297628777,2,0.00326796948289265,FALSE,FALSE
"ESRRA+LPL+NCOA2",3,1223,262105.650001568,261952.909525376,0.000582743928608798,1223,0,1,0,FALSE,FALSE
"ESRRA+MB+MT-CYB",3,1223,262140.200001569,262061.566668234,0.000299966709928823,1223,0,1,0,TRUE,TRUE
"ESRRA+NANOG+SOX2",3,1223,262044.833334902,261654.300001563,0.00149033021704559,1222,0.000817661488143884,2,0.00163532297628777,FALSE,FALSE
"ESRRA+NCOA2+NR1I2",3,1223,262149.966668236,262092.166668235,0.00022048448350287,1223,0,1,0,FALSE,TRUE
"ESRRA+NCOA2+NTRK2",3,1223,262097.850001568,262025.509525376,0.000276005607033558,1223,0,1,0,FALSE,FALSE
"ESRRA+NCOA2+SOD2",3,1223,262109.283334903,262005.95238252,0.000394228510597339,1223,0,1,0,FALSE,FALSE
"ESRRA+NCOA2+SOX2",3,1223,262080.35000157,261685.86666823,0.00150519996381837,1222,0.000817661488143884,2,0.00163532297628777,FALSE,FALSE
"ESRRA+NFATC1+TNFSF11",3,1223,262074.450001569,262017.050001568,0.000219021732186242,1223,0,1,0,FALSE,FALSE
"ESRRA+NR1H4+RXRA",3,1223,262113.733334902,262017.19285871,0.000368315215552584,1223,0,1,0,FALSE,FALSE
"ESRRA+NR1I2+RXRA",3,1223,262127.266668236,262043.816668234,0.000318356808366338,1223,0,1,0,FALSE,FALSE
"ESRRA+NTRK1+NTRK2",3,1223,262058.600001568,261980.092858709,0.000299578578448534,1223,0,1,0,FALSE,FALSE
"ESRRA+POU5F1+SOX2",3,1223,262040.833334905,261652.716668231,0.0014811304854071,1222,0.000817661488143884,2,0.00163532297628777,FALSE,FALSE
"ESRRA+RARA+RXRA",3,1223,262091.716668237,261959.900001566,0.000502940987021527,1223,0,1,0,TRUE,TRUE
"ESRRA+SIRT3+SOD2",3,1223,262105.266668237,261991.485715854,0.000434104029381932,1223,0,1,0,FALSE,TRUE
"ESRRA+SPP1+TNFSF11",3,1223,262058.716668238,261985.65000157,0.00027881792140716,1223,0,1,0,FALSE,FALSE
"F2+FURIN+GRM5",3,1223,262136.633334901,262027.861906328,0.000414941731682217,1223,0,1,0,FALSE,FALSE
"F2+FURIN+HNF4A",3,1223,262070.083334901,261983.516668232,0.000330318766519566,1223,0,1,0,FALSE,FALSE
"F2+FURIN+IDO1",3,1223,262105.750001568,261928.292858707,0.000677044066602406,1223,0,1,0,FALSE,FALSE
"F2+FURIN+ITGA5",3,1223,262103.783334901,261713.350001561,0.00148961349726773,1222,0.000817661488143884,2,0.00163532297628777,FALSE,FALSE
"F2+FURIN+MAP3K5",3,1223,262069.016668234,261994.483334898,0.000284403453270077,1223,0,1,0,FALSE,FALSE
"F2+FURIN+MPO",3,1223,262100.866668235,261976.719049184,0.000473663519808154,1223,0,1,0,FALSE,FALSE
"F2+FURIN+NANOG",3,1223,262083.583334901,262025.000001566,0.000223529198546735,1223,0,1,0,FALSE,FALSE
"F2+FURIN+NOS2",3,1223,262077.466668234,262015.200001566,0.000237588784186671,1223,0,1,0,FALSE,FALSE
"F2+FURIN+NPPA",3,1223,262115.750001568,262040.700001566,0.000286323885540951,1223,0,1,0,FALSE,FALSE
"F2+FURIN+NPY",3,1223,262077.500001567,261495.619049177,0.00222026290843969,1222,0.000817661488143884,2,0.00163532297628777,FALSE,FALSE
"F2+FURIN+NQO1",3,1223,262082.916668234,261877.025001563,0.000785597433396346,1223,0,1,0,FALSE,FALSE
"F2+FURIN+NR1I2",3,1223,262130.500001569,262041.566668233,0.000339271215427317,1223,0,1,0,FALSE,FALSE
"F2+FURIN+POU5F1",3,1223,262079.583334902,262022.666668234,0.000217173218700295,1223,0,1,0,FALSE,FALSE
"F2+FURIN+SPP1",3,1223,262077.983334902,261986.816668233,0.000347860837103031,1223,0,1,0,FALSE,FALSE
"F2+FURIN+STAT4",3,1223,262106.133334902,261964.964287279,0.00053859497992681,1223,0,1,0,FALSE,FALSE
"F2+FURIN+SYK",3,1223,262088.450001569,262018.4333349,0.000267148997478039,1223,0,1,0,FALSE,FALSE
"F2+FURIN+TAC1",3,1223,262088.466668235,261648.183334894,0.00167990350334202,1222,0.000817661488143884,2,0.00163532297628777,FALSE,FALSE
"F2+FURIN+TFRC",3,1223,262094.283334901,261975.319049184,0.000453898819170573,1223,0,1,0,FALSE,FALSE
"F2+FURIN+THBS1",3,1223,262079.883334902,262004.250001567,0.000288588854562177,1223,0,1,0,FALSE,FALSE
"F2+FURIN+TJP1",3,1223,262063.700001569,261921.828572995,0.000541362380876098,1223,0,1,0,FALSE,FALSE
"F2+FURIN+TNFSF11",3,1223,262080.366668235,262004.566668233,0.00028922425958855,1223,0,1,0,FALSE,FALSE
"F2+FURIN+XIAP",3,1223,262078.666668236,262006.626192043,0.000274881115309156,1223,0,1,0,FALSE,FALSE
"F2+GJA1+PLG",3,1223,262076.383334902,261880.819049184,0.000746211021493082,1223,0,1,0,FALSE,FALSE
"F2+GJA1+TJP1",3,1223,262031.916668236,261879.845239663,0.000580354601482092,1223,0,1,0,FALSE,FALSE
"F2+GJA1+VWF",3,1223,262055.650001569,261973.0333349,0.000315263825328316,1223,0,1,0,FALSE,FALSE
"F2+GLUL+VWF",3,1223,262125.200001569,262037.59285871,0.000334218697242372,1223,0,1,0,FALSE,FALSE
"F2+HNF4A+NANOG",3,1223,262031.633334901,261965.600001566,0.000252005196831662,1223,0,1,0,FALSE,FALSE
"F2+HNF4A+NR1I2",3,1223,262078.550001568,261986.716668233,0.000350403851574144,1223,0,1,0,FALSE,FALSE
"F2+IDO1+MAOB",3,1223,262105.916668234,261939.342858707,0.00063552098191666,1223,0,1,0,FALSE,FALSE
"F2+IDO1+VWF",3,1223,262071.150001568,261900.392858708,0.000651567877118397,1223,0,1,0,FALSE,FALSE
"F2+ITGA5+PLG",3,1223,262089.916668235,261593.569049179,0.00189380661936822,1222,0.000817661488143884,2,0.00163532297628777,FALSE,FALSE
"F2+ITGA5+SPP1",3,1223,262059.733334902,261657.216668228,0.00153597296903052,1222,0.000817661488143884,2,0.00163532297628777,FALSE,FALSE
"F2+ITGA5+THBS1",3,1223,262061.633334902,261674.016668229,0.0014791049790106,1222,0.000817661488143884,2,0.00163532297628777,FALSE,FALSE
"F2+LPL+VWF",3,1223,262051.583334901,261875.726192041,0.000671078345041987,1223,0,1,0,FALSE,FALSE
"F2+MAOA+MAOB",3,1223,262109.683334901,261922.02619204,0.000715948912963893,1223,0,1,0,FALSE,FALSE
"F2+MAP3K5+YWHAZ",3,1223,262006.900001568,261870.150001565,0.000521932819335547,1223,0,1,0,FALSE,FALSE
"F2+MB+PLG",3,1223,262106.416668235,261933.185715851,0.000660918395612109,1223,0,1,0,FALSE,FALSE
"F2+MB+VWF",3,1223,262085.683334902,262025.500001567,0.000229632281202541,1223,0,1,0,FALSE,FALSE
"F2+MPO+PLG",3,1223,262087.000001568,261856.654763468,0.000878888453445859,1223,0,1,0,FALSE,FALSE
"F2+MPO+VWF",3,1223,262066.266668235,261949.069049184,0.000447206046548687,1223,0,1,0,FALSE,FALSE
"F2+NANOG+PLG",3,1223,262069.716668234,261905.119049184,0.00062806806197635,1223,0,1,0,FALSE,FALSE
"F2+NANOG+POU5F1",3,1223,262041.133334902,261997.750001567,0.000165559249352909,1223,0,1,0,FALSE,FALSE
"F2+NOS2+VWF",3,1223,262042.866668234,261987.550001567,0.00021109777713535,1223,0,1,0,FALSE,FALSE
"F2+NPPA+VWF",3,1223,262081.150001568,262013.016668234,0.000259970369232532,1223,0,1,0,FALSE,FALSE
"F2+NPY+VWF",3,1223,262042.900001567,261467.969049177,0.00219403369595894,1222,0.000817661488143884,2,0.00163532297628777,FALSE,FALSE
"F2+NQO1+VWF",3,1223,262048.316668234,261849.14166823,0.000760069755596393,1223,0,1,0,FALSE,FALSE
"F2+NR1I2+PLG",3,1223,262116.633334902,261921.019049184,0.000746287189902439,1223,0,1,0,FALSE,FALSE
"F2+NR1I2+VWF",3,1223,262095.900001569,262012.766668233,0.000317186698971961,1223,0,1,0,FALSE,FALSE
"F2+NRP1+PLG",3,1223,262103.616668235,261914.919049183,0.000719935197575405,1223,0,1,0,FALSE,FALSE
"F2+NRP1+VWF",3,1223,262082.883334902,262007.050001567,0.000289348668521705,1223,0,1,0,FALSE,FALSE
"F2+PLA2G7+PLG",3,1223,262139.266668235,261941.088096803,0.00075600490514327,1223,0,1,0,FALSE,FALSE
"F2+PLA2G7+VWF",3,1223,262118.533334902,262033.30238252,0.000325161869701107,1223,0,1,0,FALSE,FALSE
"F2+PLG+POU5F1",3,1223,262065.716668237,261902.785715853,0.000621717920432308,1223,0,1,0,FALSE,FALSE
"F2+PLG+SPP1",3,1223,262064.116668237,261866.819049186,0.000752860107516184,1223,0,1,0,FALSE,FALSE
"F2+PLG+SYK",3,1223,262074.583334903,261898.519049186,0.000671809846939597,1223,0,1,0,FALSE,FALSE
"F2+PLG+TFRC",3,1223,262080.416668236,261855.138096804,0.000859578042098907,1223,0,1,0,FALSE,FALSE
"F2+PLG+TJP1",3,1223,262049.833334904,261801.514287281,0.000947602387157964,1223,0,1,0,FALSE,FALSE
"F2+PLG+TNFSF11",3,1223,262066.50000157,261884.652382519,0.000693898758710509,1223,0,1,0,FALSE,FALSE
"F2+PLG+VIM",3,1223,262062.45000157,261886.25238252,0.000672349735910016,1223,0,1,0,FALSE,FALSE
"F2+PTGS1+VWF",3,1223,262085.733334903,262006.816668235,0.000301110120202841,1223,0,1,0,FALSE,FALSE
"F2+SPP1+THBS1",3,1223,262035.833334904,261947.600001569,0.000336722394842282,1223,0,1,0,FALSE,FALSE
"F2+SPP1+TNFSF11",3,1223,262036.316668237,261947.683334902,0.000338248279712849,1223,0,1,0,FALSE,FALSE
"F2+STAT4+VWF",3,1223,262071.533334903,261937.314287282,0.000512146610940345,1223,0,1,0,FALSE,FALSE
"F2+TAC1+VWF",3,1223,262053.866668237,261620.583334896,0.0016534132422833,1222,0.000817661488143884,2,0.00163532297628777,FALSE,FALSE
"F2+TFRC+VWF",3,1223,262059.683334903,261947.585715853,0.000427756065424445,1223,0,1,0,FALSE,FALSE
"F2+TJP1+VWF",3,1223,262029.100001571,261894.095239665,0.000515228125066103,1223,0,1,0,FALSE,FALSE
"F2+TNFSF11+VWF",3,1223,262045.766668237,261976.916668236,0.000262740363551561,1223,0,1,0,FALSE,FALSE
"F2+VIM+VWF",3,1223,262041.716668237,261978.833334903,0.000239974512967756,1223,0,1,0,FALSE,FALSE
"F2+VIM+YWHAZ",3,1223,262014.200001572,261883.100001569,0.000500354560944105,1223,0,1,0,FALSE,FALSE
"F2+VWF+XIAP",3,1223,262044.066668237,261978.892858712,0.000248713166276393,1223,0,1,0,FALSE,FALSE
"F2+VWF+YWHAZ",3,1223,262025.316668238,261889.433334902,0.000518588566418066,1223,0,1,0,FALSE,FALSE
"FABP4+FASN+GOT1",3,1223,262140.866668235,262014.485715852,0.000482110836012795,1223,0,1,0,FALSE,FALSE
"FABP4+FASN+HNF4A",3,1223,262053.833334901,261912.359525375,0.000539865445681964,1223,0,1,0,FALSE,FALSE
"FABP4+FASN+MB",3,1223,262104.033334901,261981.826192042,0.000466254339181016,1223,0,1,0,FALSE,TRUE
"FABP4+FASN+MDH2",3,1223,262141.450001569,261995.226192042,0.000557804992401767,1223,0,1,0,TRUE,TRUE
"FABP4+FASN+MGLL",3,1223,262157.116668235,261985.542858709,0.000654469394942958,1223,0,1,0,FALSE,TRUE
"FABP4+FASN+NCOA2",3,1223,262102.850001568,261981.959525376,0.000461232970918379,1223,0,1,0,FALSE,FALSE
"FABP4+FASN+NPPA",3,1223,262099.500001568,261969.509525375,0.000495958505039917,1223,0,1,0,FALSE,FALSE
"FABP4+FASN+NR1H4",3,1223,262100.716668235,261950.135715851,0.000574515607196457,1223,0,1,0,FALSE,FALSE
"FABP4+FASN+NTRK1",3,1223,262063.600001568,261944.676192042,0.000453797511463128,1223,0,1,0,FALSE,FALSE
"FABP4+FASN+NTRK2",3,1223,262062.133334901,261904.319049184,0.000602201789739132,1223,0,1,0,FALSE,FALSE
"FABP4+FASN+RARA",3,1223,262078.700001568,261919.459525374,0.000607605563494151,1223,0,1,0,FALSE,FALSE
"FABP4+FASN+SIRT3",3,1223,262098.833334901,261967.759525375,0.000500093067406171,1223,0,1,0,TRUE,TRUE
"FABP4+FASN+SOD2",3,1223,262073.566668235,261884.978572994,0.000719599834653195,1223,0,1,0,FALSE,FALSE
"FABP4+FASN+SOX9",3,1223,262076.833334901,261939.042858709,0.000525763664187329,1223,0,1,0,FALSE,FALSE
"FABP4+FASN+TFRC",3,1223,262078.033334901,261904.061906327,0.000663815377277333,1223,0,1,0,FALSE,FALSE
"FABP4+FASN+THBS1",3,1223,262063.633334902,261933.009525376,0.000498443098966628,1223,0,1,0,FALSE,FALSE
"FABP4+FASN+VWF",3,1223,262071.183334902,261945.659525376,0.000478968377707778,1223,0,1,0,FALSE,FALSE
"FABP4+GCK+HNF4A",3,1223,262078.300001568,261976.461906328,0.00038857889126731,1223,0,1,0,FALSE,FALSE
"FABP4+GOT1+MDH2",3,1223,262199.650001568,262128.209525377,0.000272465947951495,1223,0,1,0,TRUE,TRUE
"FABP4+GOT1+TH",3,1223,262120.216668236,261990.492858708,0.000494901962070027,1223,0,1,0,FALSE,FALSE
"FABP4+HNF4A+LPL",3,1223,262041.100001568,261862.159525375,0.000682871794507434,1223,0,1,0,FALSE,FALSE
"FABP4+HNF4A+NCOA2",3,1223,262074.016668235,262014.583334901,0.00022678071672233,1223,0,1,0,FALSE,FALSE
"FABP4+HNF4A+NR1H4",3,1223,262071.883334901,261981.34285871,0.00034547954950237,1223,0,1,0,FALSE,FALSE
"FABP4+HNF4A+NR1I2",3,1223,262085.416668235,262005.350001567,0.000305498366472423,1223,0,1,0,FALSE,FALSE
"FABP4+HNF4A+RXRA",3,1223,262051.316668235,261962.150001566,0.000340264142926205,1223,0,1,0,FALSE,FALSE
"FABP4+KCNJ11+RXRA",3,1223,262097.166668235,261404.038096792,0.00264454812791137,1221,0.00163532297628777,2,0.00326796948289265,FALSE,FALSE
"FABP4+LPL+MB",3,1223,262091.300001568,261931.926192042,0.00060808508151633,1223,0,1,0,FALSE,TRUE
"FABP4+LPL+NCOA2",3,1223,262090.116668235,261932.626192042,0.000600902003458748,1223,0,1,0,FALSE,FALSE
"FABP4+LPL+NPPA",3,1223,262086.766668234,261919.709525375,0.000637411590761361,1223,0,1,0,FALSE,FALSE
"FABP4+LPL+NR1H4",3,1223,262087.983334901,261900.285715851,0.000716162628525918,1223,0,1,0,FALSE,TRUE
"FABP4+LPL+NR1I2",3,1223,262101.516668235,261921.109525375,0.000688310182838658,1223,0,1,0,TRUE,TRUE
"FABP4+LPL+NTRK1",3,1223,262050.866668234,261894.792858708,0.000595585931503773,1223,0,1,0,FALSE,FALSE
"FABP4+LPL+NTRK2",3,1223,262049.400001567,261854.252382517,0.000744697828155672,1223,0,1,0,FALSE,FALSE
"FABP4+LPL+RARA",3,1223,262065.966668235,261869.47619204,0.000749774870398956,1223,0,1,0,FALSE,FALSE
"FABP4+LPL+SIRT3",3,1223,262086.100001568,261918.959525375,0.000637731173808831,1223,0,1,0,TRUE,TRUE
"FABP4+LPL+SOD2",3,1223,262060.833334902,261833.378572993,0.000867946419210064,1223,0,1,0,FALSE,FALSE
"FABP4+LPL+SOX9",3,1223,262064.100001568,261889.242858708,0.00066723043277872,1223,0,1,0,TRUE,TRUE
"FABP4+LPL+SQLE",3,1223,262146.816668234,261972.40476347,0.000665321467493873,1223,0,1,0,FALSE,TRUE
"FABP4+LPL+TFRC",3,1223,262065.300001568,261852.778572993,0.000810948372689912,1223,0,1,0,FALSE,TRUE
"FABP4+LPL+THBS1",3,1223,262050.900001568,261883.109525376,0.000640297271224499,1223,0,1,0,FALSE,FALSE
"FABP4+LPL+VWF",3,1223,262058.450001568,261895.459525375,0.00062196229960132,1223,0,1,0,FALSE,FALSE
"FABP4+MGLL+TRPV1",3,1223,262162.983334902,261668.083334895,0.0018877569735859,1222,0.000817661488143884,2,0.00163532297628777,TRUE,TRUE
"FABP4+NCOA2+NR1H4",3,1223,262120.900001569,262050.859525377,0.000267206759137273,1223,0,1,0,FALSE,TRUE
"FABP4+NCOA2+RARA",3,1223,262098.883334902,262019.800001566,0.000301730905258979,1223,0,1,0,FALSE,TRUE
"FABP4+NTRK1+NTRK2",3,1223,262043.066668234,261960.376192042,0.00031556063376792,1223,0,1,0,FALSE,FALSE
"FABP4+NTRK1+RXRA",3,1223,262061.083334901,261994.966668233,0.000252294868918312,1223,0,1,0,FALSE,FALSE
"FABP4+NTRK2+TAC1",3,1223,262051.683334901,261599.826192036,0.00172430543896762,1222,0.000817661488143884,2,0.00163532297628777,FALSE,FALSE
"FABP4+RXRA+SIRT3",3,1223,262096.316668236,262019.233334901,0.000294103077506103,1223,0,1,0,FALSE,FALSE
"FABP4+RXRA+SOD2",3,1223,262071.05000157,261935.219049186,0.000518298195787414,1223,0,1,0,FALSE,FALSE
"FABP4+RXRA+SOX9",3,1223,262074.316668237,261989.333334901,0.000324271887515382,1223,0,1,0,FALSE,FALSE
"FABP4+RXRA+SQLE",3,1223,262157.033334903,262073.028572996,0.000320436803994961,1223,0,1,0,FALSE,FALSE
"FABP4+RXRA+TRPV1",3,1223,262086.016668236,261591.066668228,0.00188850212727998,1222,0.000817661488143884,2,0.00163532297628777,FALSE,FALSE
"FABP4+SIRT3+SOD2",3,1223,262089.733334903,261972.019049187,0.000449137340172379,1223,0,1,0,FALSE,FALSE
"FABP4+THBS1+VWF",3,1223,262052.150001571,261994.766668236,0.000218976769829959,1223,0,1,0,FALSE,FALSE
"FASN+GOT1+MDH2",3,1223,262191.750001568,262052.519049186,0.000531027205778467,1223,0,1,0,TRUE,TRUE
"FASN+GSR+SOD2",3,1223,262090.033334902,261839.461906326,0.000956050962288013,1223,0,1,0,FALSE,FALSE
"FASN+HNF4A+NCOA2",3,1223,262066.116668235,261938.376192043,0.000487436063144497,1223,0,1,0,FALSE,FALSE
"FASN+HNF4A+NR1H4",3,1223,262063.983334901,261905.652382518,0.000604169067295435,1223,0,1,0,FALSE,FALSE
"FASN+HNF4A+SQLE",3,1223,262122.816668235,261983.461906327,0.00053163918989696,1223,0,1,0,FALSE,FALSE
"FASN+NCOA2+NR1H4",3,1223,262113.000001568,261974.435715852,0.000528643316872301,1223,0,1,0,FALSE,FALSE
"FASN+NCOA2+RARA",3,1223,262090.983334902,261943.759525375,0.000561727868902517,1223,0,1,0,FALSE,FALSE
"FASN+NCOA2+RXRA",3,1223,262092.433334902,261951.842858709,0.000536415624076914,1223,0,1,0,FALSE,FALSE
"FASN+NR1H4+RXRA",3,1223,262090.300001568,261921.869049184,0.000642644738790499,1223,0,1,0,FALSE,FALSE
"FASN+NR1H4+SQLE",3,1223,262169.700001568,262021.138096804,0.000566663137512746,1223,0,1,0,FALSE,TRUE
"FASN+NTRK1+NTRK2",3,1223,262035.166668234,261884.98571585,0.00057313281378657,1223,0,1,0,FALSE,FALSE
"FASN+RARA+RXRA",3,1223,262068.283334903,261865.042858707,0.000775524888436019,1223,0,1,0,FALSE,FALSE
"FASN+RXRA+SQLE",3,1223,262149.133334903,262002.611906329,0.000558923948022261,1223,0,1,0,FALSE,FALSE
"FASN+SIRT3+SOD2",3,1223,262081.833334903,261895.495239662,0.0007109920320304,1223,0,1,0,FALSE,FALSE
"FASN+THBS1+VWF",3,1223,262044.25000157,261919.542858712,0.000475901084866281,1223,0,1,0,FALSE,FALSE
"FGF23+FURIN+NRP1",3,1223,262154.583334902,262090.216668233,0.000245529434769076,1223,0,1,0,TRUE,TRUE
"FGF23+ITGA5+SPP1",3,1223,262096.833334902,261711.216668229,0.00147127556547222,1222,0.000817661488143884,2,0.00163532297628777,FALSE,FALSE
"FGF23+ITGA5+THBS1",3,1223,262098.733334903,261728.533334896,0.00141244482678693,1222,0.000817661488143884,2,0.00163532297628777,TRUE,TRUE
"FGF23+ITGA5+VWF",3,1223,262106.283334902,261741.650001563,0.00139116593734478,1222,0.000817661488143884,2,0.00163532297628777,FALSE,FALSE
"FGF23+NANOG+SOX2",3,1223,262059.533334902,261671.150001563,0.00148204237562888,1222,0.000817661488143884,2,0.00163532297628777,FALSE,FALSE
"FGF23+NCOA2+RXRA",3,1223,262130.566668236,262064.000001567,0.000253944694488029,1223,0,1,0,TRUE,TRUE
"FGF23+NRP1+NTRK1",3,1223,262112.400001568,262063.000001567,0.000188468763786531,1223,0,1,0,FALSE,TRUE
"FGF23+NTRK1+NTRK2",3,1223,262073.300001568,261996.559525376,0.000292820658158166,1223,0,1,0,FALSE,TRUE
"FGF23+POU5F1+SOX2",3,1223,262055.533334905,261669.566668231,0.00147284303354411,1222,0.000817661488143884,2,0.00163532297628777,FALSE,FALSE
"FGF23+PRKCZ+TJP1",3,1223,262077.216668239,261642.38571585,0.00165917113252534,1222,0.000817661488143884,2,0.00163532297628777,FALSE,FALSE
"FGF23+SPP1+THBS1",3,1223,262072.933334905,262001.766668237,0.000271552906141559,1223,0,1,0,FALSE,FALSE
"FGF23+SPP1+TNFSF11",3,1223,262073.416668238,262001.433334903,0.000274668580469539,1223,0,1,0,FALSE,FALSE
"FGF23+SPP1+VWF",3,1223,262080.483334904,262014.683334903,0.000251067913047742,1223,0,1,0,FALSE,FALSE
"FGF23+THBS1+VWF",3,1223,262082.383334904,262030.95000157,0.00019624872408408,1223,0,1,0,FALSE,FALSE
"FKBP1A+FURIN+NRP1",3,1223,262114.466668235,261971.333334898,0.000546071856148855,1223,0,1,0,FALSE,FALSE
"FKBP1A+GJA1+TJP1",3,1223,262028.90000157,261813.645239662,0.000821492445707617,1223,0,1,0,FALSE,FALSE
"FKBP1A+GRM5+HTR2A",3,1223,262152.833334901,261992.961906328,0.00060984055194091,1223,0,1,0,FALSE,FALSE
"FKBP1A+HTR2A+HTR3A",3,1223,262198.983334901,262065.6833349,0.000508392512836964,1223,0,1,0,TRUE,TRUE
"FKBP1A+ITPR3+PRKCG",3,1223,262044.683334902,261936.3333349,0.000413479100676795,1223,0,1,0,FALSE,FALSE
"FKBP1A+MT-CYB+NCF2",3,1223,262101.616668235,261954.000001565,0.000563203953284019,1223,0,1,0,FALSE,FALSE
"FKBP1A+MT-CYB+RAC2",3,1223,262093.333334902,261934.133334899,0.000607417205074845,1223,0,1,0,FALSE,FALSE
"FKBP1A+NCF2+RAC2",3,1223,262080.900001569,261960.400001566,0.000459781693368799,1223,0,1,0,FALSE,FALSE
"FKBP1A+NFATC1+TNFSF11",3,1223,262049.033334902,261913.983334899,0.000515361565292971,1223,0,1,0,FALSE,FALSE
"FKBP1A+PLD2+RAC2",3,1223,262113.20000157,261969.066668234,0.00054988964056335,1223,0,1,0,FALSE,FALSE
"FKBP1A+PRKCZ+RAC2",3,1223,262072.233334904,261621.140477753,0.00172125391313382,1222,0.000817661488143884,2,0.00163532297628777,FALSE,FALSE
"FKBP1A+PRKCZ+TJP1",3,1223,262037.100001572,261521.835715848,0.00196637913379605,1222,0.000817661488143884,2,0.00163532297628777,FALSE,FALSE
"FKBP1A+RAC2+SYK",3,1223,262062.233334904,261935.516668235,0.000483536544187313,1223,0,1,0,FALSE,FALSE
"FKBP1A+SPP1+THBS1",3,1223,262032.816668238,261882.666668235,0.000573019829775312,1223,0,1,0,FALSE,FALSE
"FKBP1A+SPP1+TNFSF11",3,1223,262033.300001571,261882.666668235,0.000574863322087005,1223,0,1,0,FALSE,FALSE
"FURIN+HNF4A+NANOG",3,1223,262053.716668235,261997.500001567,0.000214523447264026,1223,0,1,0,FALSE,FALSE
"FURIN+HNF4A+NR1I2",3,1223,262100.633334902,262018.650001567,0.000312793343122841,1223,0,1,0,FALSE,FALSE
"FURIN+HNF4A+SOX2",3,1223,262031.016668236,261610.616668229,0.00160439021819947,1222,0.000817661488143884,2,0.00163532297628777,FALSE,FALSE
"FURIN+IDO1+NRP1",3,1223,262123.283334901,261954.192858708,0.000645079956433925,1223,0,1,0,FALSE,FALSE
"FURIN+ITGA5+NRP1",3,1223,262121.316668235,261738.733334895,0.00145956589186791,1222,0.000817661488143884,2,0.00163532297628777,TRUE,TRUE
"FURIN+ITGA5+SPP1",3,1223,262081.816668236,261689.316668229,0.00149762392903319,1222,0.000817661488143884,2,0.00163532297628777,FALSE,FALSE
"FURIN+ITGA5+THBS1",3,1223,262083.716668236,261706.166668229,0.00144057023002475,1222,0.000817661488143884,2,0.00163532297628777,FALSE,FALSE
"FURIN+ITGA5+VWF",3,1223,262091.266668235,261719.016668229,0.00142030676847282,1222,0.000817661488143884,2,0.00163532297628777,FALSE,FALSE
"FURIN+MAP3K5+NRP1",3,1223,262086.550001567,262019.600001566,0.00025544996491178,1223,0,1,0,FALSE,FALSE
"FURIN+MPO+NRP1",3,1223,262118.400001568,262002.452382517,0.000442348263418046,1223,0,1,0,FALSE,FALSE
"FURIN+NANOG+NRP1",3,1223,262101.116668235,262050.116668233,0.000194581391525062,1223,0,1,0,FALSE,FALSE
"FURIN+NANOG+POU5F1",3,1223,262063.216668235,262029.900001568,0.000127132174790767,1223,0,1,0,TRUE,TRUE
"FURIN+NANOG+SOX2",3,1223,262044.516668236,261648.350001562,0.00151182963761487,1222,0.000817661488143884,2,0.00163532297628777,FALSE,FALSE
"FURIN+NOS2+NRP1",3,1223,262095.000001568,262040.316668233,0.000208639361050311,1223,0,1,0,TRUE,TRUE
"FURIN+NQO1+NRP1",3,1223,262100.450001568,261915.83214442,0.00070437825324754,1223,0,1,0,FALSE,TRUE
"FURIN+NRP1+PLG",3,1223,262125.700001568,261952.18571585,0.000661950681359658,1223,0,1,0,FALSE,FALSE
"FURIN+NRP1+POU5F1",3,1223,262097.116668236,262047.783334901,0.000188225395083119,1223,0,1,0,FALSE,TRUE
"FURIN+NRP1+SOX2",3,1223,262078.416668236,261660.983334895,0.00159278027793275,1222,0.000817661488143884,2,0.00163532297628777,FALSE,FALSE
"FURIN+NRP1+SPP1",3,1223,262095.516668236,262012.100001567,0.000318268193707616,1223,0,1,0,FALSE,FALSE
"FURIN+NRP1+STAT4",3,1223,262123.666668235,261990.21428728,0.000509119922866064,1223,0,1,0,TRUE,TRUE
"FURIN+NRP1+TAC1",3,1223,262106.000001569,261673.466668227,0.00165022293781414,1222,0.000817661488143884,2,0.00163532297628777,FALSE,TRUE
"FURIN+NRP1+THBS1",3,1223,262097.416668236,262029.266668234,0.000260017824166847,1223,0,1,0,FALSE,FALSE
"FURIN+NRP1+TJP1",3,1223,262081.233334903,261947.028572996,0.000512073146938685,1223,0,1,0,FALSE,FALSE
"FURIN+NRP1+TNFSF11",3,1223,262097.900001569,262029.766668234,0.000259953755199827,1223,0,1,0,FALSE,FALSE
"FURIN+NRP1+VWF",3,1223,262104.966668235,262041.500001567,0.000242142174851856,1223,0,1,0,FALSE,FALSE
"FURIN+NRP1+XIAP",3,1223,262096.200001569,262031.74285871,0.00024592932998857,1223,0,1,0,FALSE,FALSE
"FURIN+PLG+THBS1",3,1223,262088.10000157,261922.25238252,0.000632793396760478,1223,0,1,0,FALSE,FALSE
"FURIN+PLG+VWF",3,1223,262095.65000157,261932.235715853,0.000623491025952383,1223,0,1,0,FALSE,FALSE
"FURIN+POU5F1+SOX2",3,1223,262040.516668238,261646.76666823,0.00150263022304364,1222,0.000817661488143884,2,0.00163532297628777,FALSE,FALSE
"FURIN+SPP1+THBS1",3,1223,262057.916668238,261979.700001569,0.000298470916897942,1223,0,1,0,FALSE,FALSE
"FURIN+SPP1+TNFSF11",3,1223,262058.400001571,261979.783334902,0.000299996743733821,1223,0,1,0,FALSE,FALSE
"FURIN+SPP1+VWF",3,1223,262065.466668237,261992.516668236,0.000278365558534444,1223,0,1,0,FALSE,FALSE
"FURIN+SYK+VWF",3,1223,262075.933334904,262025.350001569,0.000193010219178613,1223,0,1,0,FALSE,FALSE
"FURIN+THBS1+VWF",3,1223,262067.366668237,262008.316668236,0.000225323743097139,1223,0,1,0,FALSE,FALSE
"GABBR1+NFATC1+TNFSF11",3,1223,262129.10000157,261924.692858707,0.000779795691747132,1223,0,1,0,FALSE,FALSE
"GABRA1+GATM+GLUL",3,1223,262280.600001565,261988.196826962,0.00111484865675227,1223,0,1,0,TRUE,TRUE
"GATM+GLUL+GOT1",3,1223,262249.000001566,262076.390477759,0.00065818944516638,1223,0,1,0,FALSE,TRUE
"GATM+GLUL+GRIN2B",3,1223,262149.733334902,261908.690477756,0.000919485418043542,1223,0,1,0,FALSE,FALSE
"GATM+GLUL+IDO1",3,1223,262197.6333349,261919.040477756,0.0010625300221071,1223,0,1,0,FALSE,FALSE
"GATM+GLUL+MAOA",3,1223,262201.400001567,262008.597620615,0.000735321706713088,1223,0,1,0,FALSE,FALSE
"GATM+GLUL+MAOB",3,1223,262214.0833349,262042.714287282,0.000653546313904685,1223,0,1,0,FALSE,FALSE
"GATM+GLUL+MDH2",3,1223,262249.583334899,262057.164287283,0.000733724893552723,1223,0,1,0,FALSE,TRUE
"GATM+GLUL+NPY",3,1223,262169.383334901,261485.416668227,0.00260887315663405,1222,0.000817661488143884,2,0.00163532297628777,FALSE,FALSE
"GATM+GLUL+SIRT3",3,1223,262206.966668234,262030.797620616,0.000671870201836344,1223,0,1,0,FALSE,TRUE
"GATM+GLUL+TH",3,1223,262170.150001569,261914.86428728,0.000973740581401761,1223,0,1,0,FALSE,FALSE
"GATM+GLUL+TYMS",3,1223,262219.900001567,262025.583334901,0.000741044698226556,1223,0,1,0,TRUE,TRUE
"GATM+GLUL+VWF",3,1223,262179.316668235,262007.897620616,0.000653823687534749,1223,0,1,0,FALSE,FALSE
"GATM+GOT1+MDH2",3,1223,262246.900001566,262080.08095395,0.000636114469286686,1223,0,1,0,FALSE,TRUE
"GATM+GOT1+TH",3,1223,262167.466668236,261942.764287281,0.000857094832591887,1223,0,1,0,FALSE,FALSE
"GATM+GRIN2A+NOS2",3,1223,262096.250001568,261886.102382518,0.000801795596267807,1223,0,1,0,FALSE,FALSE
"GATM+GRIN2B+NOS2",3,1223,262067.400001568,261868.66428728,0.00075833817669313,1223,0,1,0,FALSE,FALSE
"GATM+IDO1+NOS2",3,1223,262115.300001568,261879.080953946,0.00090120282036088,1223,0,1,0,FALSE,FALSE
"GATM+ITPR1+ITPR3",3,1223,262091.816668234,261855.609525375,0.000901238145707972,1223,0,1,0,TRUE,TRUE
"GATM+ITPR1+NOS2",3,1223,262083.566668234,261915.96428728,0.000639499771329377,1223,0,1,0,FALSE,FALSE
"GATM+ITPR3+NOS2",3,1223,262095.266668234,261975.638096806,0.00045643163628728,1223,0,1,0,FALSE,FALSE
"GATM+NCF2+NOS1",3,1223,262114.750001568,261920.738096805,0.000740179271717434,1223,0,1,0,FALSE,FALSE
"GATM+NCF2+NOS2",3,1223,262116.666668234,261999.771430139,0.00044596644532735,1223,0,1,0,FALSE,FALSE
"GATM+NCF2+RAC2",3,1223,262138.033334902,261998.238096807,0.000533288650704122,1223,0,1,0,FALSE,FALSE
"GATM+NOS1+RAC2",3,1223,262106.466668235,261896.321430139,0.000801755259102754,1223,0,1,0,FALSE,FALSE
"GATM+NOS1+VWF",3,1223,262095.066668235,261888.338096805,0.000788754149620319,1223,0,1,0,FALSE,FALSE
"GATM+NOS2+NPY",3,1223,262087.050001567,261444.49047775,0.00245170268356643,1222,0.000817661488143884,2,0.00163532297628777,FALSE,FALSE
"GATM+NOS2+RAC2",3,1223,262108.383334901,261975.438096806,0.000507214749882134,1223,0,1,0,FALSE,FALSE
"GATM+NOS2+VWF",3,1223,262096.983334901,261967.371430139,0.000494518872795946,1223,0,1,0,FALSE,FALSE
"GATM+PLG+VWF",3,1223,262127.683334903,261865.873811092,0.000998786242187633,1223,0,1,0,FALSE,FALSE
"GCK+HK2+MDH2",3,1223,262171.950001568,261974.314287281,0.000753840043856702,1223,0,1,0,TRUE,TRUE
"GCK+HK2+MGLL",3,1223,262187.616668235,261965.514287282,0.000847112399035121,1223,0,1,0,FALSE,TRUE
"GCK+HK2+NANOG",3,1223,262097.833334901,261934.364287281,0.000623694769013361,1223,0,1,0,FALSE,FALSE
"GCK+HK2+POU5F1",3,1223,262093.833334903,261932.030953948,0.000617345241951894,1223,0,1,0,TRUE,TRUE
"GCK+HK2+SIRT3",3,1223,262129.333334902,261949.380953947,0.000686502264607758,1223,0,1,0,TRUE,TRUE
"GCK+HK2+SOD2",3,1223,262104.066668236,261865.783334899,0.000909117269203619,1223,0,1,0,TRUE,TRUE
"GCK+HK2+TNFSF11",3,1223,262094.616668236,261913.930953948,0.000689391169436893,1223,0,1,0,FALSE,FALSE
"GCK+HK2+TPH1",3,1223,262167.616668234,261987.430953946,0.000687292033155096,1223,0,1,0,TRUE,TRUE
"GCK+HK2+XIAP",3,1223,262092.916668236,261915.440477758,0.00067714989300105,1223,0,1,0,FALSE,FALSE
"GCK+HNF4A+NTRK1",3,1223,262051.333334901,261963.811906328,0.00033398581666888,1223,0,1,0,FALSE,FALSE
"GCK+HNF4A+NTRK2",3,1223,262049.866668235,261923.588096803,0.000481887562228445,1223,0,1,0,FALSE,FALSE
"GCK+HNF4A+POU5F1",3,1223,262051.066668236,261970.645239663,0.000306892200804487,1223,0,1,0,FALSE,FALSE
"GCK+HNF4A+SIRT3",3,1223,262086.566668235,261987.995239662,0.000376102559647817,1223,0,1,0,FALSE,FALSE
"GCK+HNF4A+SOD2",3,1223,262061.300001569,261904.16428728,0.000599614343238186,1223,0,1,0,FALSE,FALSE
"GCK+HNF4A+SOX9",3,1223,262064.566668235,261958.095239662,0.000406279375831153,1223,0,1,0,FALSE,FALSE
"GCK+HNF4A+TNFSF11",3,1223,262051.850001569,261952.411906329,0.000379459619306077,1223,0,1,0,FALSE,FALSE
"GCK+HNF4A+XIAP",3,1223,262050.150001569,261954.188096806,0.000366196717548228,1223,0,1,0,FALSE,FALSE
"GCK+NANOG+POU5F1",3,1223,262064.566668235,261998.995239663,0.000250210966733166,1223,0,1,0,TRUE,TRUE
"GCK+NCOA2+NR1H4",3,1223,262137.466668235,262033.754763472,0.000395639379907498,1223,0,1,0,FALSE,TRUE
"GCK+NTRK1+NTRK2",3,1223,262059.633334901,261943.338096803,0.000443773948003545,1223,0,1,0,FALSE,FALSE
"GCK+NTRK2+PYGM",3,1223,262138.816668234,262028.15476347,0.000422150012617806,1223,0,1,0,TRUE,TRUE
"GCK+SIRT3+SOD2",3,1223,262106.30000157,261955.030953948,0.000577128621558343,1223,0,1,0,TRUE,TRUE
"GJA1+GRIN2A+GRM5",3,1223,262091.600001568,261910.759525375,0.000689989592158158,1223,0,1,0,FALSE,FALSE
"GJA1+GRIN2A+TJP1",3,1223,262018.666668236,261805.7333349,0.000812664746539293,1223,0,1,0,FALSE,FALSE
"GJA1+GRIN2B+GRM5",3,1223,262062.750001568,261892.621430136,0.000649190208950157,1223,0,1,0,FALSE,FALSE
"GJA1+GRIN2B+NTRK2",3,1223,262004.500001568,261840.669049183,0.00062529823870805,1223,0,1,0,FALSE,FALSE
"GJA1+GRIN2B+RASA1",3,1223,262031.866668235,261903.492858708,0.000489916784392808,1223,0,1,0,FALSE,FALSE
"GJA1+GRIN2B+TJP1",3,1223,261989.816668236,261787.854763471,0.000770876926949104,1223,0,1,0,FALSE,FALSE
"GJA1+GRM5+TJP1",3,1223,262068.60000157,261896.740477758,0.000655780676548701,1223,0,1,0,FALSE,FALSE
"GJA1+HDAC6+TJP1",3,1223,262005.516668236,261260.955953938,0.00284177495102444,1221,0.00163532297628777,2,0.00326796948289265,FALSE,FALSE
"GJA1+HNF4A+NANOG",3,1223,262021.933334901,261955.916668234,0.000251950918105814,1223,0,1,0,FALSE,FALSE
"GJA1+HNF4A+SOX2",3,1223,261999.233334903,261569.033334896,0.00164198953764338,1222,0.000817661488143884,2,0.00163532297628777,FALSE,FALSE
"GJA1+HNF4A+TJP1",3,1223,262002.05000157,261853.245239663,0.000567952662604898,1223,0,1,0,FALSE,FALSE
"GJA1+ITGA5+SPP1",3,1223,262050.033334902,261647.700001563,0.00153533021240149,1222,0.000817661488143884,2,0.00163532297628777,FALSE,FALSE
"GJA1+ITGA5+THBS1",3,1223,262051.933334903,261664.41666823,0.00147877812516495,1222,0.000817661488143884,2,0.00163532297628777,FALSE,FALSE
"GJA1+ITGA5+TJP1",3,1223,262035.75000157,261582.911906325,0.00172815386924186,1222,0.000817661488143884,2,0.00163532297628777,FALSE,FALSE
"GJA1+ITGA5+VWF",3,1223,262059.483334902,261677.533334896,0.0014574935245445,1222,0.000817661488143884,2,0.00163532297628777,FALSE,FALSE
"GJA1+ITPR1+MB",3,1223,262062.566668235,261969.309525376,0.000355858312938051,1223,0,1,0,FALSE,FALSE
"GJA1+ITPR1+NCF2",3,1223,262049.400001568,261964.542858709,0.000323821168290883,1223,0,1,0,FALSE,FALSE
"GJA1+ITPR1+NFATC1",3,1223,262036.000001568,261939.292858709,0.000369060521677067,1223,0,1,0,FALSE,FALSE
"GJA1+ITPR1+NOS2",3,1223,262019.750001567,261931.276192042,0.000337660842454679,1223,0,1,0,FALSE,FALSE
"GJA1+ITPR1+NPPA",3,1223,262058.033334901,261956.659525376,0.000386837252174366,1223,0,1,0,FALSE,FALSE
"GJA1+ITPR1+NTRK2",3,1223,262020.666668234,261891.469049184,0.000493081788902283,1223,0,1,0,FALSE,FALSE
"GJA1+ITPR1+PLD2",3,1223,262081.700001567,261964.026192042,0.000448996666019941,1223,0,1,0,FALSE,FALSE
"GJA1+ITPR1+POU5F1",3,1223,262021.866668235,261938.74285871,0.00031723997154165,1223,0,1,0,FALSE,FALSE
"GJA1+ITPR1+PRKCZ",3,1223,262040.733334902,261622.950001562,0.0015943450013397,1222,0.000817661488143884,2,0.00163532297628777,FALSE,FALSE
"GJA1+ITPR1+PYGM",3,1223,262101.316668234,262006.009525375,0.000363627104473574,1223,0,1,0,FALSE,FALSE
"GJA1+ITPR1+RAC2",3,1223,262041.116668235,261939.876192043,0.000386353399341011,1223,0,1,0,FALSE,FALSE
"GJA1+ITPR1+RARA",3,1223,262037.233334902,261907.192858708,0.000496267169892817,1223,0,1,0,FALSE,FALSE
"GJA1+ITPR1+RASA1",3,1223,262048.033334901,261951.159525376,0.000369679590006222,1223,0,1,0,FALSE,FALSE
"GJA1+ITPR1+SOX9",3,1223,262035.366668235,261915.911906328,0.000455872668737478,1223,0,1,0,FALSE,FALSE
"GJA1+ITPR1+SYK",3,1223,262030.733334902,261934.509525376,0.000367223372237824,1223,0,1,0,FALSE,FALSE
"GJA1+ITPR1+THBS1",3,1223,262022.166668235,261920.54285871,0.000387844321789954,1223,0,1,0,FALSE,FALSE
"GJA1+ITPR1+TNFSF11",3,1223,262022.650001568,261920.64285871,0.000389306584214433,1223,0,1,0,FALSE,FALSE
"GJA1+ITPR1+VIM",3,1223,262018.600001569,261922.14285871,0.00036813089932608,1223,0,1,0,FALSE,FALSE
"GJA1+ITPR1+VWF",3,1223,262029.716668235,261932.942858709,0.000369323795620713,1223,0,1,0,FALSE,FALSE
"GJA1+ITPR1+XIAP",3,1223,262020.950001569,261922.269049186,0.000376614741614545,1223,0,1,0,FALSE,FALSE
"GJA1+ITPR3+NOS1",3,1223,262029.533334901,261892.950001566,0.000521251675705159,1223,0,1,0,FALSE,FALSE
"GJA1+ITPR3+PRKCG",3,1223,262038.000001569,261992.333334902,0.000174274977930544,1223,0,1,0,FALSE,FALSE
"GJA1+ITPR3+SCN5A",3,1223,262072.333334901,261992.8833349,0.000303160577806771,1223,0,1,0,FALSE,FALSE
"GJA1+ITPR3+TJP1",3,1223,262017.683334903,261894.228572997,0.000471169580368747,1223,0,1,0,FALSE,FALSE
"GJA1+KCNH2+TJP1",3,1223,262053.716668236,261811.416668234,0.00092461958976553,1223,0,1,0,FALSE,FALSE
"GJA1+MB+PYGM",3,1223,262147.583334901,262094.766668234,0.000201476839860271,1223,0,1,0,FALSE,FALSE
"GJA1+MB+SCN5A",3,1223,262106.900001568,262021.366668234,0.000326329956723992,1223,0,1,0,FALSE,FALSE
"GJA1+MB+TJP1",3,1223,262052.25000157,261922.795239664,0.00049400362677865,1223,0,1,0,FALSE,FALSE
"GJA1+NANOG+POU5F1",3,1223,262031.433334902,261988.150001568,0.0001651837444967,1223,0,1,0,FALSE,FALSE
"GJA1+NANOG+SOX2",3,1223,262012.733334902,261606.600001563,0.00155005189316737,1222,0.000817661488143884,2,0.00163532297628777,FALSE,FALSE
"GJA1+NANOG+TJP1",3,1223,262015.550001569,261894.645239663,0.000461441169828936,1223,0,1,0,FALSE,FALSE
"GJA1+NCF2+RAC2",3,1223,262074.216668235,262016.200001568,0.000221374950213571,1223,0,1,0,FALSE,FALSE
"GJA1+NCF2+TJP1",3,1223,262039.083334903,261918.11190633,0.000461654143470214,1223,0,1,0,FALSE,FALSE
"GJA1+NFATC1+SCN5A",3,1223,262080.333334901,261991.516668233,0.000338891001616104,1223,0,1,0,FALSE,FALSE
"GJA1+NFATC1+TNFSF11",3,1223,262042.350001569,261969.566668234,0.000277754085681869,1223,0,1,0,FALSE,FALSE
"GJA1+NOS1+NOS2",3,1223,262021.2833349,261881.333334899,0.00053411691684091,1223,0,1,0,FALSE,FALSE
"GJA1+NOS1+TJP1",3,1223,262007.516668236,261788.561906329,0.00083568122278066,1223,0,1,0,FALSE,FALSE
"GJA1+NOS2+SCN5A",3,1223,262064.083334901,261983.5833349,0.00030717677514791,1223,0,1,0,FALSE,FALSE
"GJA1+NOS2+TJP1",3,1223,262009.433334902,261884.845239663,0.000475509960285114,1223,0,1,0,FALSE,FALSE
"GJA1+NPPA+SCN5A",3,1223,262102.366668235,262008.4833349,0.000358193382715366,1223,0,1,0,FALSE,FALSE
"GJA1+NTRK1+NTRK2",3,1223,262026.500001568,261932.359525376,0.000359278455391299,1223,0,1,0,FALSE,FALSE
"GJA1+NTRK1+SCN5A",3,1223,262066.466668234,261984.1333349,0.000314169662304131,1223,0,1,0,FALSE,FALSE
"GJA1+NTRK1+TJP1",3,1223,262011.816668236,261885.478572996,0.000482184722987,1223,0,1,0,FALSE,FALSE
"GJA1+NTRK2+SCN5A",3,1223,262065.000001568,261943.692858709,0.000462889523050958,1223,0,1,0,FALSE,FALSE
"GJA1+NTRK2+TAC1",3,1223,262035.116668235,261571.942858704,0.00176760205052162,1222,0.000817661488143884,2,0.00163532297628777,FALSE,FALSE
"GJA1+NTRK2+TJP1",3,1223,262010.350001569,261845.138096805,0.0006305548798482,1223,0,1,0,FALSE,FALSE
"GJA1+PLA2G2A+PLA2G4A",3,1223,262133.733334902,262016.159525377,0.000448526055878307,1223,0,1,0,TRUE,TRUE
"GJA1+PLA2G2A+PLD2",3,1223,262152.833334902,262070.092858711,0.000315619233020148,1223,0,1,0,TRUE,TRUE
"GJA1+PLA2G4A+PLD2",3,1223,262128.000001568,262016.166668233,0.000426636350691512,1223,0,1,0,TRUE,TRUE
"GJA1+PLA2G4A+PRKCG",3,1223,262072.600001569,261994.616668235,0.000297563855717886,1223,0,1,0,FALSE,FALSE
"GJA1+PLD2+RAC2",3,1223,262106.516668236,262024.950001569,0.000311196637551081,1223,0,1,0,FALSE,FALSE
"GJA1+PLD2+SCN5A",3,1223,262126.033334902,262017.083334901,0.000415639753956865,1223,0,1,0,FALSE,FALSE
"GJA1+PLD2+TJP1",3,1223,262071.383334904,261917.911906331,0.000585609258896613,1223,0,1,0,FALSE,FALSE
"GJA1+PLG+THBS1",3,1223,262056.316668237,261881.035715854,0.000668867496162351,1223,0,1,0,FALSE,FALSE
"GJA1+PLG+TJP1",3,1223,262040.133334904,261796.714287282,0.000928938039085669,1223,0,1,0,FALSE,FALSE
"GJA1+PLG+VWF",3,1223,262063.866668237,261891.285715853,0.000658545394210508,1223,0,1,0,FALSE,FALSE
"GJA1+POU5F1+SOX2",3,1223,262008.733334905,261605.016668231,0.00154085194617504,1222,0.000817661488143884,2,0.00163532297628777,FALSE,FALSE
"GJA1+POU5F1+TJP1",3,1223,262011.550001572,261892.311906333,0.000455087171685631,1223,0,1,0,FALSE,FALSE
"GJA1+PRKCG+TJP1",3,1223,262015.983334905,261890.745239666,0.000477978837951865,1223,0,1,0,FALSE,FALSE
"GJA1+PRKCG+TRPV4",3,1223,262079.033334904,262012.026192046,0.000255675328183713,1223,0,1,0,FALSE,FALSE
"GJA1+PRKCZ+RAC2",3,1223,262065.550001571,261676.940477755,0.00148287145644999,1222,0.000817661488143884,2,0.00163532297628777,FALSE,FALSE
"GJA1+PYGM+SCN5A",3,1223,262145.650001569,262058.316668235,0.00033314813094909,1223,0,1,0,FALSE,FALSE
"GJA1+RAC2+SYK",3,1223,262055.550001571,261990.816668237,0.00024702141715216,1223,0,1,0,FALSE,FALSE
"GJA1+RAC2+TJP1",3,1223,262030.800001571,261893.195239666,0.000525147280034055,1223,0,1,0,FALSE,FALSE
"GJA1+RARA+RXRA",3,1223,262059.616668237,261912.833334899,0.000560114279354318,1223,0,1,0,FALSE,FALSE
"GJA1+RARA+TJP1",3,1223,262026.916668238,261860.595239664,0.000634749401661638,1223,0,1,0,FALSE,FALSE
"GJA1+RASA1+TJP1",3,1223,262037.716668238,261904.778572999,0.000507324277319809,1223,0,1,0,FALSE,FALSE
"GJA1+RRM1+TYMS",3,1223,262170.80000157,262059.547620616,0.000424350770385495,1223,0,1,0,FALSE,TRUE
"GJA1+RXRA+TJP1",3,1223,262028.366668238,261872.528572998,0.000594737498164188,1223,0,1,0,FALSE,FALSE
"GJA1+SCN5A+SOX9",3,1223,262079.70000157,261967.252382521,0.000429058866627918,1223,0,1,0,FALSE,FALSE
"GJA1+SCN5A+TFRC",3,1223,262080.90000157,261944.319049187,0.00052114042794349,1223,0,1,0,FALSE,FALSE
"GJA1+SCN5A+VIM",3,1223,262062.933334904,261974.45000157,0.000337641543610823,1223,0,1,0,FALSE,FALSE
"GJA1+SOX2+TJP1",3,1223,261992.850001572,261505.561906326,0.00185992898372389,1222,0.000817661488143884,2,0.00163532297628777,FALSE,FALSE
"GJA1+SOX9+TJP1",3,1223,262025.050001571,261869.530953951,0.000593527403657368,1223,0,1,0,FALSE,FALSE
"GJA1+SPP1+THBS1",3,1223,262026.133334905,261938.083334903,0.00033603518427916,1223,0,1,0,FALSE,FALSE
"GJA1+SPP1+TJP1",3,1223,262009.950001572,261856.595239665,0.00058530129067802,1223,0,1,0,FALSE,FALSE
"GJA1+SPP1+TNFSF11",3,1223,262026.616668238,261938.166668236,0.000337561126903863,1223,0,1,0,FALSE,FALSE
"GJA1+SPP1+VWF",3,1223,262033.683334904,261951.166668236,0.000314908624027277,1223,0,1,0,FALSE,FALSE
"GJA1+SYK+TJP1",3,1223,262020.416668238,261888.078572999,0.000505067875709697,1223,0,1,0,FALSE,FALSE
"GJA1+SYK+VWF",3,1223,262044.150001571,261983.866668237,0.000230050292416961,1223,0,1,0,FALSE,FALSE
"GJA1+TFRC+TJP1",3,1223,262026.250001571,261845.23095395,0.000690843179337874,1223,0,1,0,FALSE,FALSE
"GJA1+THBS1+TJP1",3,1223,262011.850001572,261873.895239666,0.000526521078742292,1223,0,1,0,FALSE,FALSE
"GJA1+THBS1+VWF",3,1223,262035.583334904,261966.833334904,0.000262368946712388,1223,0,1,0,FALSE,FALSE
"GJA1+TJP1+TNFSF11",3,1223,262012.333334905,261874.211906332,0.000527156209843116,1223,0,1,0,FALSE,FALSE
"GJA1+TJP1+TRPV1",3,1223,262036.750001571,261481.078572992,0.00212058586658537,1222,0.000817661488143884,2,0.00163532297628777,FALSE,FALSE
"GJA1+TJP1+TRPV4",3,1223,262058.716668238,261912.238096808,0.000558953250219152,1223,0,1,0,FALSE,FALSE
"GJA1+TJP1+VIM",3,1223,262008.283334905,261875.711906333,0.000505981821969037,1223,0,1,0,FALSE,FALSE
"GJA1+TJP1+VWF",3,1223,262019.400001571,261886.211906332,0.000508313870036248,1223,0,1,0,FALSE,FALSE
"GJA1+TJP1+XIAP",3,1223,262010.633334905,261875.838096809,0.000514464761909861,1223,0,1,0,FALSE,FALSE
"GJA1+TJP1+YWHAZ",3,1223,261991.883334906,261786.895239665,0.00078242154921615,1223,0,1,0,FALSE,FALSE
"GJA1+VIM+YWHAZ",3,1223,262004.500001572,261873.25000157,0.000500945594451574,1223,0,1,0,FALSE,FALSE
"GLUL+GOT1+MDH2",3,1223,262252.6333349,262164.702382521,0.000335291017905415,1223,0,1,0,FALSE,TRUE
"GLUL+GOT1+TH",3,1223,262173.200001569,262027.202382519,0.0005568746883724,1223,0,1,0,TRUE,TRUE
"GLUL+GSR+KEAP1",3,1223,262149.650001568,262006.661906327,0.000545444539940987,1223,0,1,0,FALSE,FALSE
"GLUL+GSR+NQO1",3,1223,262144.016668235,261887.125001563,0.000979963876104994,1223,0,1,0,FALSE,TRUE
"GLUL+GSR+SOD2",3,1223,262150.916668236,261950.811906327,0.000763318947924585,1223,0,1,0,FALSE,FALSE
"GLUL+IDO1+MAOB",3,1223,262165.766668234,261994.319049185,0.000653966462625943,1223,0,1,0,FALSE,FALSE
"GLUL+KEAP1+NQO1",3,1223,262109.283334901,261913.727382516,0.000746085563612775,1223,0,1,0,FALSE,TRUE
"GLUL+MAOA+MAOB",3,1223,262169.533334901,261976.385715851,0.000736727935520487,1223,0,1,0,TRUE,TRUE
"GLUL+MAOB+TH",3,1223,262138.283334902,261987.842858708,0.000573897388356448,1223,0,1,0,FALSE,FALSE
"GLUL+NOS1+NOS2",3,1223,262090.833334901,261944.909525375,0.000556768077955017,1223,0,1,0,FALSE,FALSE
"GLUL+PLG+VIM",3,1223,262122.300001571,261970.819049188,0.000577901812940818,1223,0,1,0,FALSE,FALSE
"GLUL+SIRT3+SOD2",3,1223,262142.716668237,262008.595239664,0.000511635151562828,1223,0,1,0,FALSE,TRUE
"GLUL+THBS1+VWF",3,1223,262105.133334905,262031.792858713,0.000279813200368628,1223,0,1,0,FALSE,FALSE
"GOT1+GSR+KEAP1",3,1223,262146.966668235,262027.145239661,0.000457077303226416,1223,0,1,0,FALSE,FALSE
"GOT1+GSR+MDH2",3,1223,262216.116668234,262081.026192043,0.000515187540365614,1223,0,1,0,FALSE,TRUE
"GOT1+GSR+NQO1",3,1223,262141.333334902,261906.79166823,0.000894714556029297,1223,0,1,0,FALSE,TRUE
"GOT1+GSR+SOD2",3,1223,262148.233334903,261971.345239661,0.00067476363655572,1223,0,1,0,FALSE,FALSE
"GOT1+HPRT1+MDH2",3,1223,262229.250001567,262067.779763472,0.000615759828829665,1223,0,1,0,TRUE,TRUE
"GOT1+IDO1+MAOB",3,1223,262163.083334901,262014.152382519,0.000568085141844588,1223,0,1,0,FALSE,FALSE
"GOT1+IDO1+TPH1",3,1223,262194.250001566,262045.419049184,0.000567636217732037,1223,0,1,0,FALSE,FALSE
"GOT1+KEAP1+NQO1",3,1223,262106.600001568,261933.66071585,0.000659805154532234,1223,0,1,0,FALSE,TRUE
"GOT1+MAOA+MAOB",3,1223,262166.850001568,261997.269049185,0.000646843612692849,1223,0,1,0,TRUE,TRUE
"GOT1+MAOA+MDH2",3,1223,262202.350001567,262118.49285871,0.000319818425946417,1223,0,1,0,FALSE,FALSE
"GOT1+MAOA+TPH1",3,1223,262198.016668233,262128.659525376,0.00026452199653626,1223,0,1,0,FALSE,FALSE
"GOT1+MAOB+MDH2",3,1223,262215.0333349,262151.742858711,0.000241368602648451,1223,0,1,0,FALSE,FALSE
"GOT1+MAOB+SLC6A3",3,1223,262184.6333349,262113.352382519,0.000271873112754117,1223,0,1,0,FALSE,FALSE
"GOT1+MAOB+TPH1",3,1223,262210.700001566,262160.476192043,0.000191539893385606,1223,0,1,0,FALSE,FALSE
"GOT1+MDH2+MT-CYB",3,1223,262212.383334901,262109.742858711,0.000391440232091367,1223,0,1,0,FALSE,TRUE
"GOT1+MDH2+NQO1",3,1223,262175.750001568,261985.758334899,0.00072467292138334,1223,0,1,0,FALSE,TRUE
"GOT1+MDH2+SIRT3",3,1223,262207.916668235,262139.492858711,0.000260952492940003,1223,0,1,0,FALSE,TRUE
"GOT1+MDH2+SOD2",3,1223,262182.65000157,262055.395239663,0.000485366830740186,1223,0,1,0,FALSE,TRUE
"GOT1+MDH2+YWHAZ",3,1223,262152.750001571,262016.959525378,0.000517982268705808,1223,0,1,0,FALSE,FALSE
"GOT1+SIRT3+SOD2",3,1223,262140.033334904,262029.345239664,0.00042224796354795,1223,0,1,0,FALSE,TRUE
"GOT1+TH+TPH1",3,1223,262166.766668236,262033.176192042,0.000509562969749688,1223,0,1,0,TRUE,TRUE
"GOT1+TPH1+YWHAZ",3,1223,262148.416668237,262043.259525378,0.000401135906885508,1223,0,1,0,FALSE,FALSE
"GRIN2A+GRM5+GSR",3,1223,262124.633334901,261891.32619204,0.000890061875882253,1223,0,1,0,FALSE,FALSE
"GRIN2A+GRM5+ITPR3",3,1223,262087.066668234,261935.042858708,0.000580050787926667,1223,0,1,0,FALSE,FALSE
"GRIN2A+GRM5+MAOB",3,1223,262123.550001568,261962.226192041,0.000615449506637611,1223,0,1,0,FALSE,FALSE
"GRIN2A+GRM5+MAP3K5",3,1223,262070.366668234,261904.459525374,0.000633063344661955,1223,0,1,0,FALSE,FALSE
"GRIN2A+GRM5+NPPA",3,1223,262117.100001568,261950.876192041,0.00063415858608773,1223,0,1,0,FALSE,FALSE
"GRIN2A+GRM5+NTRK1",3,1223,262081.200001568,261925.176192041,0.00059532621769709,1223,0,1,0,FALSE,FALSE
"GRIN2A+GRM5+NTRK2",3,1223,262079.733334901,261885.102382516,0.000742640225964153,1223,0,1,0,FALSE,FALSE
"GRIN2A+GRM5+PLA2G7",3,1223,262154.483334902,261972.211906328,0.00069528251531481,1223,0,1,0,FALSE,FALSE
"GRIN2A+GRM5+PRKCG",3,1223,262085.366668235,261931.309525376,0.000587812836779555,1223,0,1,0,FALSE,FALSE
"GRIN2A+GRM5+PYGM",3,1223,262160.3833349,261998.092858707,0.000619050346694072,1223,0,1,0,TRUE,TRUE
"GRIN2A+GRM5+RASA1",3,1223,262107.100001568,261945.909525375,0.000614979434712115,1223,0,1,0,FALSE,FALSE
"GRIN2A+GRM5+TJP1",3,1223,262065.050001569,261832.828572995,0.000886121322066113,1223,0,1,0,FALSE,FALSE
"GRIN2A+GSR+HTR3A",3,1223,262170.783334901,261970.914287279,0.000762362018681406,1223,0,1,0,FALSE,FALSE
"GRIN2A+GSR+PRDX1",3,1223,262098.166668235,261917.580953945,0.000689000295520548,1223,0,1,0,FALSE,FALSE
"GRIN2A+HTR3A+MAOB",3,1223,262169.700001568,262039.997620614,0.000494726816079094,1223,0,1,0,FALSE,FALSE
"GRIN2A+HTR3A+NTRK2",3,1223,262125.883334902,261963.457144422,0.000619649568417535,1223,0,1,0,FALSE,FALSE
"GRIN2A+HTR3A+PRKCG",3,1223,262131.516668236,262008.914287281,0.00046771323995376,1223,0,1,0,FALSE,FALSE
"GRIN2A+HTR3A+RASA1",3,1223,262153.250001569,262024.064287281,0.000492787002592809,1223,0,1,0,FALSE,FALSE
"GRIN2A+ITPR3+PRKCG",3,1223,262034.450001568,261927.647620614,0.00040758908209948,1223,0,1,0,FALSE,FALSE
"GRIN2A+MAP3K5+PRDX1",3,1223,262043.900001567,261930.464287279,0.000432888207996696,1223,0,1,0,FALSE,FALSE
"GRIN2A+NFATC1+TNFSF11",3,1223,262038.800001568,261904.56428728,0.000512274191027062,1223,0,1,0,FALSE,FALSE
"GRIN2A+NTRK1+NTRK2",3,1223,262022.950001567,261867.440477754,0.000593495813294154,1223,0,1,0,FALSE,FALSE
"GRIN2A+PLD2+RAC2",3,1223,262102.966668236,261961.580953948,0.000539428134237574,1223,0,1,0,FALSE,FALSE
"GRIN2A+RAC2+SYK",3,1223,262052.00000157,261926.697620616,0.000478158460739508,1223,0,1,0,FALSE,FALSE
"GRIN2B+GRM5+GSR",3,1223,262095.783334901,261871.938096802,0.000854058906446631,1223,0,1,0,FALSE,FALSE
"GRIN2B+GRM5+ITPR3",3,1223,262058.216668234,261916.90476347,0.000539238595764213,1223,0,1,0,FALSE,FALSE
"GRIN2B+GRM5+MAOB",3,1223,262094.700001568,261943.921430136,0.00057528279446617,1223,0,1,0,FALSE,FALSE
"GRIN2B+GRM5+MAP3K5",3,1223,262041.516668234,261886.238096802,0.000592572403814939,1223,0,1,0,FALSE,FALSE
"GRIN2B+GRM5+NPPA",3,1223,262088.250001568,261932.738096803,0.000593357026741792,1223,0,1,0,FALSE,FALSE
"GRIN2B+GRM5+NTRK1",3,1223,262052.350001567,261906.688096803,0.000555850404561631,1223,0,1,0,FALSE,FALSE
"GRIN2B+GRM5+PLA2G7",3,1223,262125.633334902,261953.507144423,0.000656655315580235,1223,0,1,0,FALSE,FALSE
"GRIN2B+GRM5+PRKCG",3,1223,262056.516668235,261913.088096804,0.000547319231954058,1223,0,1,0,FALSE,FALSE
"GRIN2B+GRM5+PYGM",3,1223,262131.533334901,261979.654763469,0.000579398325334712,1223,0,1,0,FALSE,FALSE
"GRIN2B+GRM5+TJP1",3,1223,262036.200001569,261813.966668232,0.00084810164906779,1223,0,1,0,FALSE,FALSE
"GRIN2B+GSR+HTR3A",3,1223,262141.933334902,261963.442858707,0.00068089249943426,1223,0,1,0,FALSE,FALSE
"GRIN2B+GSR+NTRK2",3,1223,262037.533334901,261820.469049182,0.000828370970206604,1223,0,1,0,FALSE,FALSE
"GRIN2B+GSR+PRDX1",3,1223,262069.316668235,261898.492858707,0.000651826820857626,1223,0,1,0,FALSE,FALSE
"GRIN2B+GSR+RASA1",3,1223,262064.900001568,261883.209525373,0.000693303361853581,1223,0,1,0,FALSE,FALSE
"GRIN2B+GSR+SOD2",3,1223,262048.966668235,261803.878572991,0.0009352759461706,1223,0,1,0,FALSE,FALSE
"GRIN2B+HNF4A+NANOG",3,1223,261989.533334901,261873.992858708,0.000441011801969204,1223,0,1,0,FALSE,FALSE
"GRIN2B+HNF4A+NTRK2",3,1223,261984.333334901,261823.802382516,0.00061275019899476,1223,0,1,0,FALSE,FALSE
"GRIN2B+HNF4A+RASA1",3,1223,262011.700001568,261886.542858708,0.000477677687139133,1223,0,1,0,FALSE,FALSE
"GRIN2B+HTR2A+NTRK2",3,1223,262055.500001568,261913.552382516,0.000541670062450872,1223,0,1,0,FALSE,FALSE
"GRIN2B+HTR2A+RASA1",3,1223,262082.866668235,261976.542858708,0.000405687753947226,1223,0,1,0,FALSE,FALSE
"GRIN2B+HTR3A+MAOB",3,1223,262140.850001569,262033.376192042,0.000409984973826605,1223,0,1,0,FALSE,FALSE
"GRIN2B+HTR3A+PRKCG",3,1223,262102.666668236,262002.29285871,0.000382956079015284,1223,0,1,0,FALSE,FALSE
"GRIN2B+ITGA5+NTRK2",3,1223,262018.033334901,261553.602382511,0.00177251522148592,1222,0.000817661488143884,2,0.00163532297628777,FALSE,FALSE
"GRIN2B+ITGA5+RASA1",3,1223,262045.400001568,261616.292858703,0.00163752976721832,1222,0.000817661488143884,2,0.00163532297628777,FALSE,FALSE
"GRIN2B+ITPR3+NTRK2",3,1223,261999.966668234,261864.952382516,0.000515321766772714,1223,0,1,0,FALSE,FALSE
"GRIN2B+ITPR3+PRKCG",3,1223,262005.600001568,261910.409525375,0.000363314662711001,1223,0,1,0,FALSE,FALSE
"GRIN2B+ITPR3+RASA1",3,1223,262027.333334901,261927.776192042,0.000379949456389195,1223,0,1,0,FALSE,FALSE
"GRIN2B+MAOB+NTRK2",3,1223,262036.450001568,261892.052382516,0.000551059286029498,1223,0,1,0,FALSE,FALSE
"GRIN2B+MAP3K5+PRDX1",3,1223,262015.050001567,261912.542858707,0.000391226163762304,1223,0,1,0,FALSE,FALSE
"GRIN2B+MAP3K5+RASA1",3,1223,262010.633334901,261897.426192041,0.000432070795826855,1223,0,1,0,FALSE,FALSE
"GRIN2B+NANOG+NTRK2",3,1223,261997.833334901,261865.452382516,0.000505274989107685,1223,0,1,0,FALSE,FALSE
"GRIN2B+NANOG+POU5F1",3,1223,261999.033334902,261906.309525375,0.00035390897571741,1223,0,1,0,FALSE,FALSE
"GRIN2B+NFATC1+NTRK2",3,1223,262007.966668234,261863.419049183,0.000551691694300027,1223,0,1,0,FALSE,FALSE
"GRIN2B+NFATC1+TNFSF11",3,1223,262009.950001568,261887.476192041,0.00046743953627093,1223,0,1,0,FALSE,FALSE
"GRIN2B+NOS2+NTRK2",3,1223,261991.716668234,261855.319049183,0.000520618059172251,1223,0,1,0,FALSE,FALSE
"GRIN2B+NOS2+RASA1",3,1223,262019.083334901,261918.142858708,0.000385240933249542,1223,0,1,0,FALSE,FALSE
"GRIN2B+NPPA+NTRK2",3,1223,262030.000001568,261880.78571585,0.000569454969725824,1223,0,1,0,FALSE,FALSE
"GRIN2B+NTRK1+RASA1",3,1223,262021.466668234,261918.692858708,0.000392234311308193,1223,0,1,0,FALSE,FALSE
"GRIN2B+NTRK2+PLD2",3,1223,262053.666668234,261888.469049182,0.000630396136607536,1223,0,1,0,FALSE,FALSE
"GRIN2B+NTRK2+POU5F1",3,1223,261993.833334902,261862.952382517,0.000499557377814819,1223,0,1,0,FALSE,FALSE
"GRIN2B+NTRK2+PRDX1",3,1223,262024.416668235,261892.869049184,0.000502043361927051,1223,0,1,0,FALSE,FALSE
"GRIN2B+NTRK2+PRKCG",3,1223,261998.266668235,261861.219049184,0.000523085976079196,1223,0,1,0,FALSE,FALSE
"GRIN2B+NTRK2+PYGM",3,1223,262073.2833349,261929.819049182,0.000547420492056805,1223,0,1,0,FALSE,FALSE
"GRIN2B+NTRK2+RAC2",3,1223,262013.083334901,261863.952382517,0.000569173685857405,1223,0,1,0,FALSE,FALSE
"GRIN2B+NTRK2+RARA",3,1223,262009.200001568,261831.169049182,0.000679483592122887,1223,0,1,0,FALSE,FALSE
"GRIN2B+NTRK2+SIRT3",3,1223,262029.333334901,261880.302382516,0.000568756751345822,1223,0,1,0,FALSE,FALSE
"GRIN2B+NTRK2+SOX9",3,1223,262007.333334901,261850.269049183,0.000599465227630103,1223,0,1,0,FALSE,FALSE
"GRIN2B+NTRK2+SYK",3,1223,262002.700001568,261858.63571585,0.000549858019467053,1223,0,1,0,FALSE,FALSE
"GRIN2B+NTRK2+TFRC",3,1223,262008.533334901,261816.454763468,0.000733100441379864,1223,0,1,0,FALSE,FALSE
"GRIN2B+NTRK2+TJP1",3,1223,261977.950001569,261761.964287279,0.000824442340619069,1223,0,1,0,FALSE,FALSE
"GRIN2B+NTRK2+TNFSF11",3,1223,261994.616668235,261844.769049183,0.000571949229176028,1223,0,1,0,FALSE,FALSE
"GRIN2B+PLD2+RAC2",3,1223,262074.116668236,261942.726192043,0.000501348541640412,1223,0,1,0,FALSE,FALSE
"GRIN2B+PLD2+RASA1",3,1223,262081.033334903,261950.709525376,0.000497265322363494,1223,0,1,0,FALSE,FALSE
"GRIN2B+POU5F1+RASA1",3,1223,262021.200001571,261925.692858711,0.000364501585593202,1223,0,1,0,FALSE,FALSE
"GRIN2B+PRDX1+SOD2",3,1223,262035.85000157,261873.645239662,0.000619017443252767,1223,0,1,0,FALSE,FALSE
"GRIN2B+PRKCG+RASA1",3,1223,262025.633334904,261924.042858711,0.000387711976496119,1223,0,1,0,FALSE,FALSE
"GRIN2B+RAC2+RASA1",3,1223,262040.45000157,261926.34285871,0.000435456216240526,1223,0,1,0,FALSE,FALSE
"GRIN2B+RAC2+SYK",3,1223,262023.15000157,261908.592858711,0.000437202372611023,1223,0,1,0,FALSE,FALSE
"GRIN2B+RARA+RASA1",3,1223,262036.566668237,261893.892858709,0.00054448053316436,1223,0,1,0,FALSE,FALSE
"GRIN2B+RARA+RXRA",3,1223,262027.216668237,261831.259525373,0.000747850339195111,1223,0,1,0,FALSE,FALSE
"GRIN2B+RASA1+SYK",3,1223,262030.066668237,261921.376192044,0.000414801543864418,1223,0,1,0,FALSE,FALSE
"GRIN2B+RASA1+TFRC",3,1223,262035.90000157,261879.095239662,0.000598409461860516,1223,0,1,0,FALSE,FALSE
"GRIN2B+RASA1+TJP1",3,1223,262005.316668238,261824.688096806,0.0006894080384654,1223,0,1,0,FALSE,FALSE
"GRIN2B+RASA1+TNFSF11",3,1223,262021.983334904,261907.59285871,0.000436568240334001,1223,0,1,0,FALSE,FALSE
"GRIN2B+RASA1+VIM",3,1223,262017.933334904,261909.509525378,0.000413803010146929,1223,0,1,0,FALSE,FALSE
"GRIN2B+SIRT3+SOD2",3,1223,262040.766668237,261861.911906328,0.000682545560306891,1223,0,1,0,FALSE,FALSE
"GRM5+GSR+HTR2A",3,1223,262179.1833349,262029.945239661,0.00056922175643781,1223,0,1,0,FALSE,TRUE
"GRM5+GSR+ITPR1",3,1223,262111.950001567,261928.238096802,0.000700890992432646,1223,0,1,0,FALSE,FALSE
"GRM5+GSR+OPRM1",3,1223,262164.033334901,262006.045239661,0.000602630701207474,1223,0,1,0,FALSE,FALSE
"GRM5+HTR2A+MAOB",3,1223,262178.100001567,262096.095239663,0.000312782653868693,1223,0,1,0,FALSE,FALSE
"GRM5+HTR2A+NOS1",3,1223,262131.450001568,261966.961906328,0.00062750232846498,1223,0,1,0,FALSE,FALSE
"GRM5+HTR2A+NPY",3,1223,262133.400001567,261534.14047775,0.00228608610659253,1222,0.000817661488143884,2,0.00163532297628777,FALSE,FALSE
"GRM5+HTR2A+NTRK1",3,1223,262135.750001568,262063.278572996,0.000276465261116465,1223,0,1,0,FALSE,FALSE
"GRM5+HTR2A+NTRK2",3,1223,262134.283334901,262023.804763471,0.000421457926161661,1223,0,1,0,FALSE,TRUE
"GRM5+HTR2A+PRKCG",3,1223,262139.916668236,262069.678572997,0.000267941243483949,1223,0,1,0,FALSE,FALSE
"GRM5+HTR2A+RASA1",3,1223,262161.650001568,262084.228572996,0.00029531942819061,1223,0,1,0,FALSE,TRUE
"GRM5+HTR2A+TAC1",3,1223,262144.366668235,261696.97857299,0.00170664775646878,1222,0.000817661488143884,2,0.00163532297628777,FALSE,FALSE
"GRM5+HTR2A+TJP1",3,1223,262119.60000157,261970.723811092,0.000567970462632017,1223,0,1,0,FALSE,FALSE
"GRM5+HTR2A+TRPV1",3,1223,262160.683334901,261658.32857299,0.00191620938548387,1222,0.000817661488143884,2,0.00163532297628777,TRUE,TRUE
"GRM5+ITPR1+MAP3K5",3,1223,262057.6833349,261941.45476347,0.000443522853255773,1223,0,1,0,FALSE,FALSE
"GRM5+ITPR1+NPPA",3,1223,262104.416668234,261987.954763471,0.00044433400338606,1223,0,1,0,FALSE,FALSE
"GRM5+ITPR1+NTRK2",3,1223,262067.050001567,261922.514287279,0.000551521888338291,1223,0,1,0,FALSE,FALSE
"GRM5+ITPR1+PYGM",3,1223,262147.700001567,262035.171430137,0.000429256375049203,1223,0,1,0,FALSE,FALSE
"GRM5+ITPR1+RASA1",3,1223,262094.416668235,261982.721430138,0.000426164126334894,1223,0,1,0,FALSE,FALSE
"GRM5+ITPR1+TJP1",3,1223,262052.366668236,261869.4333349,0.000698079302474564,1223,0,1,0,FALSE,FALSE
"GRM5+ITPR3+NOS1",3,1223,262075.916668234,261919.811906328,0.000595647108253439,1223,0,1,0,FALSE,FALSE
"GRM5+ITPR3+OPRM1",3,1223,262126.466668235,262049.511906329,0.000293578755642288,1223,0,1,0,FALSE,FALSE
"GRM5+ITPR3+PRKCG",3,1223,262084.383334902,262018.895239663,0.000249874084084278,1223,0,1,0,FALSE,FALSE
"GRM5+MAOA+MAOB",3,1223,262146.366668235,261938.888096803,0.00079146079371184,1223,0,1,0,TRUE,TRUE
"GRM5+MAOA+OPRM1",3,1223,262150.266668235,262043.361906329,0.000407799554296817,1223,0,1,0,FALSE,FALSE
"GRM5+MAOA+TPH1",3,1223,262177.533334899,262070.128572994,0.000409664247502106,1223,0,1,0,FALSE,FALSE
"GRM5+MAOB+OPRM1",3,1223,262162.950001568,262076.478572996,0.000329838478592026,1223,0,1,0,FALSE,FALSE
"GRM5+MAOB+SLC6A3",3,1223,262164.150001567,262054.571430137,0.000417976948522525,1223,0,1,0,FALSE,FALSE
"GRM5+MAOB+TPH1",3,1223,262190.216668232,262101.945239661,0.000336669421509783,1223,0,1,0,FALSE,FALSE
"GRM5+MAP3K5+OPRM1",3,1223,262109.766668234,262017.595239662,0.000351652018709459,1223,0,1,0,FALSE,FALSE
"GRM5+NTRK1+NTRK2",3,1223,262072.883334901,261957.371430137,0.000440762521072946,1223,0,1,0,FALSE,FALSE
"GRM5+NTRK2+TAC1",3,1223,262081.500001568,261598.088096798,0.0018445098366987,1222,0.000817661488143884,2,0.00163532297628777,FALSE,FALSE
"GRM5+OPRM1+PRKCG",3,1223,262124.766668236,262045.695239664,0.000301655694641689,1223,0,1,0,FALSE,FALSE
"GRM5+OPRM1+TAC1",3,1223,262129.216668235,261667.32857299,0.00176206262360268,1222,0.000817661488143884,2,0.00163532297628777,FALSE,FALSE
"GRM5+PRKCG+SLC6A3",3,1223,262125.966668236,262025.57143014,0.000383003787729819,1223,0,1,0,FALSE,FALSE
"GSR+GSTP1+MAOB",3,1223,262117.066668235,261538.340477748,0.00220789206075978,1222,0.000817661488143884,2,0.00163532297628777,FALSE,FALSE
"GSR+GSTP1+MAP3K5",3,1223,262063.883334901,261466.273811081,0.00228039635303778,1222,0.000817661488143884,2,0.00163532297628777,FALSE,FALSE
"GSR+GSTP1+MDH2",3,1223,262152.566668235,261552.440477749,0.00228922492773576,1222,0.000817661488143884,2,0.00163532297628777,FALSE,FALSE
"GSR+GSTP1+NTRK2",3,1223,262073.250001568,261462.350001557,0.00233102768026627,1222,0.000817661488143884,2,0.00163532297628777,FALSE,FALSE
"GSR+GSTP1+OPRM1",3,1223,262120.966668235,261532.373811082,0.00224550086410336,1222,0.000817661488143884,2,0.00163532297628777,FALSE,FALSE
"GSR+GSTP1+RASA1",3,1223,262100.616668235,261522.407144415,0.00220605937967755,1222,0.000817661488143884,2,0.00163532297628777,FALSE,FALSE
"GSR+GSTP1+SPP1",3,1223,262072.850001569,261464.573811082,0.00232101948173424,1222,0.000817661488143884,2,0.00163532297628777,FALSE,FALSE
"GSR+GSTP1+STAT4",3,1223,262101.000001568,261444.130953937,0.0025061676515068,1222,0.000817661488143884,2,0.00163532297628777,FALSE,FALSE
"GSR+GSTP1+TJP1",3,1223,262058.566668236,261408.50238251,0.00248060688872276,1222,0.000817661488143884,2,0.00163532297628777,FALSE,FALSE
"GSR+GSTP1+XIAP",3,1223,262073.533334902,261492.733334891,0.00221617189885659,1222,0.000817661488143884,2,0.00163532297628777,FALSE,FALSE
"GSR+HPRT1+NQO1",3,1223,262120.633334901,261789.21904918,0.00126435787028534,1223,0,1,0,TRUE,TRUE
"GSR+HPRT1+PNP",3,1223,262192.116668233,261955.663096802,0.000901833260420815,1223,0,1,0,TRUE,TRUE
"GSR+HPRT1+RRM1",3,1223,262212.2333349,261997.772620612,0.000817889812233852,1223,0,1,0,FALSE,FALSE
"GSR+HTR2A+HTR3A",3,1223,262225.3333349,262104.2333349,0.000461816554714556,1223,0,1,0,FALSE,TRUE
"GSR+HTR2A+MAOA",3,1223,262152.066668235,262023.866668232,0.000489029141109487,1223,0,1,0,FALSE,FALSE
"GSR+ITPR1+ITPR3",3,1223,262061.033334901,261854.288096802,0.000788920181943875,1223,0,1,0,FALSE,FALSE
"GSR+ITPR1+KEAP1",3,1223,262063.866668234,261906.145239659,0.000601843476477848,1223,0,1,0,FALSE,FALSE
"GSR+ITPR1+PRDX1",3,1223,262085.483334901,261946.092858708,0.000531851190000543,1223,0,1,0,FALSE,FALSE
"GSR+ITPR1+PRKCG",3,1223,262059.333334902,261912.692858708,0.000559569752114575,1223,0,1,0,FALSE,FALSE
"GSR+ITPR1+SOD2",3,1223,262065.133334901,261850.595239659,0.000818644176401984,1223,0,1,0,FALSE,FALSE
"GSR+ITPR3+KEAP1",3,1223,262075.566668234,261966.085715851,0.000417745743242603,1223,0,1,0,FALSE,FALSE
"GSR+ITPR3+NOS1",3,1223,262062.566668234,261871.566668231,0.000728833585166955,1223,0,1,0,FALSE,FALSE
"GSR+ITPR3+NQO1",3,1223,262069.933334901,261846.965477753,0.000850795260296855,1223,0,1,0,FALSE,FALSE
"GSR+ITPR3+PRDX1",3,1223,262097.183334902,262005.950001566,0.000348089713039013,1223,0,1,0,FALSE,FALSE
"GSR+ITPR3+PRKCG",3,1223,262071.033334902,261972.800001567,0.000374834761726062,1223,0,1,0,FALSE,FALSE
"GSR+ITPR3+SOD2",3,1223,262076.833334902,261910.452382517,0.000634855627135056,1223,0,1,0,FALSE,FALSE
"GSR+KEAP1+MAP3K5",3,1223,262058.866668234,261935.152382516,0.000472085861051186,1223,0,1,0,FALSE,FALSE
"GSR+KEAP1+MT-CYB",3,1223,262109.400001568,261951.33571585,0.000603046993799539,1223,0,1,0,FALSE,FALSE
"GSR+KEAP1+NOS1",3,1223,262065.400001567,261857.98571585,0.00079146001614927,1223,0,1,0,FALSE,FALSE
"GSR+KEAP1+NOS2",3,1223,262067.316668234,261956.619049184,0.000422401467139899,1223,0,1,0,FALSE,FALSE
"GSR+KEAP1+NTRK2",3,1223,262068.233334901,261917.111906326,0.000576649167477461,1223,0,1,0,FALSE,FALSE
"GSR+KEAP1+RASA1",3,1223,262095.600001568,261976.552382518,0.000454214489100324,1223,0,1,0,FALSE,FALSE
"GSR+KEAP1+RRM1",3,1223,262164.366668234,262029.388096803,0.000514862386320591,1223,0,1,0,TRUE,TRUE
"GSR+KEAP1+SIRT3",3,1223,262104.933334901,261981.352382517,0.000471494186741639,1223,0,1,0,FALSE,TRUE
"GSR+KEAP1+SPP1",3,1223,262067.833334902,261928.502382518,0.00053165987832593,1223,0,1,0,FALSE,FALSE
"GSR+KEAP1+TJP1",3,1223,262053.550001569,261863.497620613,0.00072524253517825,1223,0,1,0,FALSE,FALSE
"GSR+KEAP1+XIAP",3,1223,262068.516668235,261947.795239661,0.000460648345359527,1223,0,1,0,FALSE,FALSE
"GSR+MAOA+MAOB",3,1223,262133.016668235,261881.709525373,0.000958700838436854,1223,0,1,0,FALSE,FALSE
"GSR+MAP3K5+NQO1",3,1223,262053.2333349,261812.982144419,0.000916803000000632,1223,0,1,0,FALSE,FALSE
"GSR+MAP3K5+SOD2",3,1223,262060.133334901,261879.169049183,0.000690544889125899,1223,0,1,0,FALSE,FALSE
"GSR+MB+MT-CYB",3,1223,262141.133334902,261994.483334899,0.000559431471655047,1223,0,1,0,FALSE,FALSE
"GSR+MB+SOD2",3,1223,262111.400001569,261938.935715851,0.000657980865070851,1223,0,1,0,FALSE,FALSE
"GSR+MDH2+NQO1",3,1223,262141.916668235,261884.998811087,0.000980071636057733,1223,0,1,0,FALSE,TRUE
"GSR+MDH2+PRDX1",3,1223,262169.166668236,262047.8333349,0.000462805504085728,1223,0,1,0,FALSE,TRUE
"GSR+MDH2+SOD2",3,1223,262148.816668236,261952.002382518,0.000750773122762727,1223,0,1,0,FALSE,TRUE
"GSR+MT-CYB+NQO1",3,1223,262103.766668234,261832.098811086,0.0010364897101699,1223,0,1,0,FALSE,FALSE
"GSR+MT-CYB+SOD2",3,1223,262110.666668236,261894.88571585,0.000823243689881958,1223,0,1,0,FALSE,FALSE
"GSR+NOS1+NOS2",3,1223,262054.316668234,261859.866668231,0.000742021739900789,1223,0,1,0,FALSE,FALSE
"GSR+NOS2+NQO1",3,1223,262061.6833349,261837.415477753,0.000855782708458652,1223,0,1,0,FALSE,FALSE
"GSR+NOS2+PRDX1",3,1223,262088.933334901,261996.483334899,0.000352742860317279,1223,0,1,0,TRUE,TRUE
"GSR+NOS2+SOD2",3,1223,262068.583334901,261900.902382517,0.000639836146136386,1223,0,1,0,FALSE,FALSE
"GSR+NQO1+OPRM1",3,1223,262110.316668234,261868.948811086,0.000920863628017798,1223,0,1,0,TRUE,TRUE
"GSR+NQO1+PNP",3,1223,262138.616668234,261890.898811086,0.000944988038375616,1223,0,1,0,TRUE,TRUE
"GSR+NQO1+RASA1",3,1223,262089.966668235,261857.465477753,0.000887104506276271,1223,0,1,0,TRUE,TRUE
"GSR+NQO1+RRM1",3,1223,262158.733334901,261909.051192039,0.000952408259248583,1223,0,1,0,TRUE,TRUE
"GSR+NQO1+SIRT3",3,1223,262099.300001567,261862.448811086,0.000903669679697794,1223,0,1,0,FALSE,TRUE
"GSR+NQO1+SPP1",3,1223,262062.200001568,261809.13214442,0.000965678595184372,1223,0,1,0,FALSE,FALSE
"GSR+NQO1+STAT4",3,1223,262090.350001568,261785.9630968,0.00116138157992529,1223,0,1,0,FALSE,FALSE
"GSR+NQO1+TJP1",3,1223,262047.916668236,261744.344049182,0.00115846224962557,1223,0,1,0,FALSE,FALSE
"GSR+NQO1+XIAP",3,1223,262062.883334902,261828.59166823,0.00089402842436237,1223,0,1,0,FALSE,FALSE
"GSR+NTRK2+PRDX1",3,1223,262089.850001568,261956.842858708,0.000507486813622671,1223,0,1,0,FALSE,FALSE
"GSR+PNP+SIRT3",3,1223,262170.783334902,262041.016668233,0.000494969977270499,1223,0,1,0,TRUE,TRUE
"GSR+PNP+SOD2",3,1223,262145.516668236,261956.952382519,0.000719311503450504,1223,0,1,0,TRUE,TRUE
"GSR+PRDX1+RRM1",3,1223,262185.983334902,262069.30238252,0.000445031236597782,1223,0,1,0,TRUE,TRUE
"GSR+PRDX1+SIRT3",3,1223,262126.55000157,262021.216668234,0.000401841527822522,1223,0,1,0,FALSE,TRUE
"GSR+PRDX1+STAT4",3,1223,262117.60000157,261945.030953948,0.000658364976717118,1223,0,1,0,TRUE,TRUE
"GSR+PRDX1+XIAP",3,1223,262090.133334904,261987.659525378,0.00039098690294781,1223,0,1,0,FALSE,FALSE
"GSR+RRM1+SOD2",3,1223,262165.633334903,261973.288096805,0.000733678307303531,1223,0,1,0,FALSE,FALSE
"GSR+SOD2+TJP1",3,1223,262054.816668238,261807.964287282,0.000941987573801595,1223,0,1,0,FALSE,FALSE
"GSR+SOD2+XIAP",3,1223,262069.783334904,261892.16190633,0.000677763862412806,1223,0,1,0,FALSE,FALSE
"GSTP1+HNF4A+NR1I2",3,1223,262072.166668235,261541.223811083,0.00202594141874013,1222,0.000817661488143884,2,0.00163532297628777,FALSE,FALSE
"GSTP1+HNF4A+PRDX1",3,1223,262051.833334902,261553.057144416,0.00190334936465697,1222,0.000817661488143884,2,0.00163532297628777,FALSE,FALSE
"GSTP1+ITGA5+SPP1",3,1223,262053.350001569,261204.973811078,0.00323741784062503,1221,0.00163532297628777,3,0.00326930771773415,FALSE,FALSE
"GSTP1+ITGA5+THBS1",3,1223,262055.250001569,261229.190477745,0.00315223420946142,1221,0.00163532297628777,3,0.00326930771773415,FALSE,FALSE
"GSTP1+KEAP1+PRDX1",3,1223,262070.300001568,261578.392858702,0.00187700453986328,1222,0.000817661488143884,2,0.00163532297628777,FALSE,FALSE
"GSTP1+MDH2+PRDX1",3,1223,262139.450001569,261635.507144417,0.00192242280644739,1222,0.000817661488143884,2,0.00163532297628777,FALSE,FALSE
"GSTP1+NFATC1+TNFSF11",3,1223,262045.666668235,261535.090477749,0.00194842447492971,1222,0.000817661488143884,2,0.00163532297628777,FALSE,FALSE
"GSTP1+NR1I2+RXRA",3,1223,262098.483334902,261558.390477749,0.00206064854050869,1222,0.000817661488143884,2,0.00163532297628777,FALSE,FALSE
"GSTP1+NTRK2+PRDX1",3,1223,262060.133334901,261545.116668225,0.00196526140822073,1222,0.000817661488143884,2,0.00163532297628777,FALSE,FALSE
"GSTP1+PLA2G2A+PTGS1",3,1223,262137.066668235,261620.066668226,0.00197225064955497,1222,0.000817661488143884,2,0.00163532297628777,FALSE,FALSE
"GSTP1+PRDX1+PRKCZ",3,1223,262080.200001571,261278.097620603,0.00306052262232304,1221,0.00163532297628777,3,0.00326930771773415,FALSE,FALSE
"GSTP1+PRDX1+RAC2",3,1223,262080.583334904,261594.040477751,0.00185646281369523,1222,0.000817661488143884,2,0.00163532297628777,FALSE,FALSE
"GSTP1+PRDX1+RARA",3,1223,262076.70000157,261560.490477749,0.00196968873546666,1222,0.000817661488143884,2,0.00163532297628777,FALSE,FALSE
"GSTP1+PRDX1+STAT4",3,1223,262087.883334903,261531.014287273,0.00212474167269716,1222,0.000817661488143884,2,0.00163532297628777,FALSE,FALSE
"GSTP1+PRDX1+THBS1",3,1223,262061.633334904,261573.840477751,0.00186136692710648,1222,0.000817661488143884,2,0.00163532297628777,FALSE,FALSE
"GSTP1+PRDX1+XIAP",3,1223,262060.416668238,261575.916668227,0.00184881030935524,1222,0.000817661488143884,2,0.00163532297628777,FALSE,FALSE
"GSTP1+PRKCZ+RAC2",3,1223,262068.866668237,261244.047620603,0.00314733702679226,1221,0.00163532297628777,3,0.00326930771773415,FALSE,FALSE
"GSTP1+PRKCZ+TJP1",3,1223,262033.733334905,261144.392858698,0.00339399231117332,1221,0.00163532297628777,3,0.00326930771773415,FALSE,FALSE
"GSTP1+RARA+RXRA",3,1223,262062.933334904,261475.02381108,0.00224339060981404,1222,0.000817661488143884,2,0.00163532297628777,FALSE,FALSE
"GSTP1+SOD2+STAT4",3,1223,262067.533334904,261432.38333489,0.00242361192907259,1222,0.000817661488143884,2,0.00163532297628777,FALSE,FALSE
"GSTP1+SPP1+THBS1",3,1223,262029.450001571,261494.723811084,0.00204071027315234,1222,0.000817661488143884,2,0.00163532297628777,FALSE,FALSE
"GSTP1+SPP1+TNFSF11",3,1223,262029.933334904,261493.773811084,0.00204617662187079,1222,0.000817661488143884,2,0.00163532297628777,FALSE,FALSE
"HCRT+NFATC1+TNFSF11",3,1223,262079.500001568,261996.038096805,0.00031846025638349,1223,0,1,0,FALSE,FALSE
"HCRT+NTRK1+NTRK2",3,1223,262063.650001567,261959.047620613,0.000399148760057644,1223,0,1,0,TRUE,TRUE
"HDAC6+HNF4A+NANOG",3,1223,262005.233334901,261347.010715843,0.00251224989165466,1221,0.00163532297628777,2,0.00326796948289265,FALSE,FALSE
"HDAC6+HNF4A+NCOA2",3,1223,262040.750001569,261377.660715843,0.00253048155953495,1221,0.00163532297628777,2,0.00326796948289265,FALSE,FALSE
"HDAC6+HPRT1+PNP",3,1223,262142.383334901,261367.090477745,0.00295752578157449,1221,0.00163532297628777,2,0.00326796948289265,TRUE,TRUE
"HDAC6+ITGA5+SPP1",3,1223,262033.333334902,261039.160715837,0.00379406927512715,1220,0.00245298446443176,3,0.00490061598949754,FALSE,FALSE
"HDAC6+ITGA5+THBS1",3,1223,262035.233334902,261055.960715838,0.00373717918236294,1220,0.00245298446443176,3,0.00490061598949754,FALSE,FALSE
"HDAC6+ITPR3+PRKCG",3,1223,262021.300001569,261383.594049176,0.00243379432278445,1221,0.00163532297628777,2,0.00326796948289265,FALSE,FALSE
"HDAC6+MAP3K5+PRDX1",3,1223,262030.750001568,261385.810715842,0.0024613114518881,1221,0.00163532297628777,2,0.00326796948289265,FALSE,FALSE
"HDAC6+MT-CYB+NCF2",3,1223,262078.233334902,261399.744049176,0.00258888072119623,1221,0.00163532297628777,2,0.00326796948289265,FALSE,FALSE
"HDAC6+MT-CYB+RAC2",3,1223,262069.950001569,261379.377382509,0.00263506983175943,1221,0.00163532297628777,2,0.00326796948289265,FALSE,FALSE
"HDAC6+NANOG+POU5F1",3,1223,262014.733334902,261379.244049176,0.00242539523498342,1221,0.00163532297628777,2,0.00326796948289265,FALSE,FALSE
"HDAC6+NCF2+RAC2",3,1223,262057.516668235,261407.160715843,0.00248172981512262,1221,0.00163532297628777,2,0.00326796948289265,FALSE,FALSE
"HDAC6+NCOA2+RARA",3,1223,262065.616668236,261383.210715841,0.0026039507245178,1221,0.00163532297628777,2,0.00326796948289265,FALSE,FALSE
"HDAC6+NCOA2+RXRA",3,1223,262067.066668236,261391.210715842,0.0025789427148788,1221,0.00163532297628777,2,0.00326796948289265,FALSE,FALSE
"HDAC6+NFATC1+TNFSF11",3,1223,262025.650001568,261360.494049176,0.00253851465453447,1221,0.00163532297628777,2,0.00326796948289265,FALSE,FALSE
"HDAC6+NRP1+NTRK1",3,1223,262048.900001568,261389.544049175,0.00251615615401835,1221,0.00163532297628777,2,0.00326796948289265,FALSE,FALSE
"HDAC6+NTRK1+NTRK2",3,1223,262009.800001568,261323.620239651,0.00261890876567361,1221,0.00163532297628777,2,0.00326796948289265,FALSE,FALSE
"HDAC6+PLA2G2A+PLD2",3,1223,262136.133334902,261461.186906319,0.0025747935624002,1221,0.00163532297628777,2,0.00326796948289265,TRUE,TRUE
"HDAC6+PLD2+RAC2",3,1223,262089.816668236,261415.994049176,0.00257096070204565,1221,0.00163532297628777,2,0.00326796948289265,FALSE,FALSE
"HDAC6+PRDX1+SOD2",3,1223,262051.550001571,261346.829763462,0.00268924277725058,1221,0.00163532297628777,2,0.00326796948289265,FALSE,FALSE
"HDAC6+PRKCZ+RAC2",3,1223,262048.850001571,261068.351192029,0.00374166423373312,1220,0.00245298446443176,3,0.00490061598949754,FALSE,FALSE
"HDAC6+PRKCZ+TJP1",3,1223,262013.716668238,260969.296430124,0.00398612809815724,1220,0.00245298446443176,3,0.00490061598949754,FALSE,FALSE
"HDAC6+RAC2+SYK",3,1223,262038.850001571,261381.77738251,0.00250753893575761,1221,0.00163532297628777,2,0.00326796948289265,FALSE,FALSE
"HDAC6+RARA+RXRA",3,1223,262042.916668237,261304.01071584,0.00281978983363629,1221,0.00163532297628777,2,0.00326796948289265,FALSE,FALSE
"HDAC6+SPP1+THBS1",3,1223,262009.433334904,261329.094049177,0.00259662133942284,1221,0.00163532297628777,2,0.00326796948289265,FALSE,FALSE
"HDAC6+SPP1+TNFSF11",3,1223,262009.916668238,261329.094049176,0.00259846126329333,1221,0.00163532297628777,2,0.00326796948289265,FALSE,FALSE
"HK2+HNF4A+NANOG",3,1223,262044.533334901,261932.952382518,0.000425809120926601,1223,0,1,0,FALSE,FALSE
"HK2+HNF4A+SOX2",3,1223,262021.833334903,261546.335715847,0.00181472518149828,1222,0.000817661488143884,2,0.00163532297628777,FALSE,FALSE
"HK2+ITPR1+ITPR3",3,1223,262050.600001568,261852.723811088,0.000755106801810679,1223,0,1,0,TRUE,TRUE
"HK2+ITPR3+NOS1",3,1223,262052.133334901,261872.435715851,0.000685732326477506,1223,0,1,0,FALSE,FALSE
"HK2+KCNJ11+XIAP",3,1223,262085.466668236,261359.473811078,0.00277006148561676,1221,0.00163532297628777,2,0.00326796948289265,FALSE,FALSE
"HK2+KEAP1+NQO1",3,1223,262062.333334901,261828.503572991,0.000892267724759699,1223,0,1,0,TRUE,TRUE
"HK2+LPL+MGLL",3,1223,262150.416668235,261886.811906327,0.00100554775101391,1223,0,1,0,FALSE,TRUE
"HK2+MAP3K5+PRDX1",3,1223,262070.050001568,261973.785715852,0.000367322728085262,1223,0,1,0,FALSE,FALSE
"HK2+MAP3K5+YWHAZ",3,1223,262019.800001569,261839.069049184,0.000689760668405981,1223,0,1,0,FALSE,FALSE
"HK2+MT-CYB+NCF2",3,1223,262117.533334902,261988.069049186,0.000493916923714366,1223,0,1,0,FALSE,FALSE
"HK2+MT-CYB+RAC2",3,1223,262109.250001569,261967.702382519,0.000540032902497933,1223,0,1,0,FALSE,FALSE
"HK2+NANOG+POU5F1",3,1223,262054.033334902,261966.785715853,0.000332937516507537,1223,0,1,0,TRUE,TRUE
"HK2+NANOG+SOX2",3,1223,262035.333334902,261585.285715848,0.00171750738088261,1222,0.000817661488143884,2,0.00163532297628777,FALSE,FALSE
"HK2+NCF2+RAC2",3,1223,262096.816668235,261995.469049186,0.000386680083861668,1223,0,1,0,FALSE,FALSE
"HK2+NOS1+NOS2",3,1223,262043.8833349,261860.619049184,0.000699364867381758,1223,0,1,0,FALSE,FALSE
"HK2+POU5F1+SOX2",3,1223,262031.333334905,261583.702382516,0.00170831078364597,1222,0.000817661488143884,2,0.00163532297628777,FALSE,FALSE
"HK2+PRDX1+SOD2",3,1223,262090.850001571,261934.854763473,0.000595195284753491,1223,0,1,0,TRUE,TRUE
"HK2+PRKCZ+RAC2",3,1223,262088.150001571,261656.226192039,0.00164800968501944,1222,0.000817661488143884,2,0.00163532297628777,TRUE,TRUE
"HK2+PRKCZ+TJP1",3,1223,262053.016668238,261556.921430135,0.00189311019736049,1222,0.000817661488143884,2,0.00163532297628777,FALSE,FALSE
"HK2+SIRT3+SOD2",3,1223,262095.766668237,261922.821430139,0.000659855137291276,1223,0,1,0,TRUE,TRUE
"HK2+TPH1+YWHAZ",3,1223,262104.15000157,261935.419049186,0.0006437553635944,1223,0,1,0,FALSE,FALSE
"HK2+VIM+YWHAZ",3,1223,262027.100001572,261851.852382521,0.000668814863233447,1223,0,1,0,FALSE,FALSE
"HNF4A+ITGA5+NANOG",3,1223,262035.466668235,261668.800001562,0.00139930167215463,1222,0.000817661488143884,2,0.00163532297628777,FALSE,FALSE
"HNF4A+ITGA5+SOX2",3,1223,262012.766668236,261282.166668224,0.00278841374526262,1221,0.00163532297628777,3,0.00326930771773415,FALSE,FALSE
"HNF4A+ITGA5+SPP1",3,1223,262029.866668236,261630.666668229,0.00152349045199551,1222,0.000817661488143884,2,0.00163532297628777,FALSE,FALSE
"HNF4A+ITGA5+THBS1",3,1223,262031.766668236,261647.550001563,0.00146629804301346,1222,0.000817661488143884,2,0.00163532297628777,FALSE,FALSE
"HNF4A+KCNJ11+NCOA2",3,1223,262083.133334902,261410.85476346,0.00256513482148679,1221,0.00163532297628777,2,0.00326796948289265,FALSE,FALSE
"HNF4A+KCNJ11+NR1H4",3,1223,262081.000001568,261377.697620603,0.00268353059154081,1221,0.00163532297628777,2,0.00326796948289265,FALSE,FALSE
"HNF4A+KCNJ11+XIAP",3,1223,262042.700001569,261363.85476346,0.00259059015231089,1221,0.00163532297628777,2,0.00326796948289265,FALSE,FALSE
"HNF4A+KEAP1+NANOG",3,1223,262020.233334901,261964.569049185,0.000212442699584425,1223,0,1,0,FALSE,FALSE
"HNF4A+KEAP1+NCOA2",3,1223,262055.750001568,261995.302382519,0.000230667020465813,1223,0,1,0,FALSE,FALSE
"HNF4A+KEAP1+NQO1",3,1223,262019.566668234,261832.334525373,0.000714573133762775,1223,0,1,0,FALSE,FALSE
"HNF4A+KEAP1+SOX2",3,1223,261997.533334902,261577.685715848,0.00160248691546905,1222,0.000817661488143884,2,0.00163532297628777,FALSE,FALSE
"HNF4A+LPL+NANOG",3,1223,262017.866668234,261858.709525375,0.00060742858829721,1223,0,1,0,FALSE,FALSE
"HNF4A+LPL+NCOA2",3,1223,262053.383334901,261888.842858709,0.000627889150289773,1223,0,1,0,FALSE,FALSE
"HNF4A+LPL+NR1H4",3,1223,262051.250001568,261855.602382518,0.000746600594535574,1223,0,1,0,FALSE,FALSE
"HNF4A+LPL+NR1I2",3,1223,262064.783334902,261879.559525375,0.000706786341795995,1223,0,1,0,FALSE,FALSE
"HNF4A+MAP3K5+NANOG",3,1223,262000.700001567,261949.933334899,0.000193765385616107,1223,0,1,0,FALSE,FALSE
"HNF4A+MAP3K5+PRDX1",3,1223,262027.283334901,261977.850001567,0.000188657198994635,1223,0,1,0,FALSE,FALSE
"HNF4A+MAP3K5+SOX2",3,1223,261978.000001568,261563.050001562,0.00158391162618232,1222,0.000817661488143884,2,0.00163532297628777,FALSE,FALSE
"HNF4A+MAP3K5+YWHAZ",3,1223,261977.033334902,261843.850001566,0.000508377897255774,1223,0,1,0,FALSE,FALSE
"HNF4A+NANOG+NPY",3,1223,262009.1833349,261450.269049178,0.00213318586245026,1222,0.000817661488143884,2,0.00163532297628777,FALSE,FALSE
"HNF4A+NANOG+NQO1",3,1223,262014.600001567,261846.315477754,0.000642271552090401,1223,0,1,0,FALSE,FALSE
"HNF4A+NANOG+NTRK1",3,1223,262011.533334901,261971.2833349,0.000153619191828436,1223,0,1,0,FALSE,FALSE
"HNF4A+NANOG+NTRK2",3,1223,262010.066668234,261931.009525376,0.000301733226756862,1223,0,1,0,FALSE,FALSE
"HNF4A+NANOG+PRDX1",3,1223,262041.850001568,262008.116668234,0.000128732617837968,1223,0,1,0,FALSE,FALSE
"HNF4A+NANOG+PRKCZ",3,1223,262030.133334902,261662.323811087,0.00140369170192023,1222,0.000817661488143884,2,0.00163532297628777,FALSE,FALSE
"HNF4A+NANOG+RARA",3,1223,262026.633334902,261946.316668232,0.000306521003788252,1223,0,1,0,FALSE,FALSE
"HNF4A+NANOG+RXRA",3,1223,262028.083334901,261957.666668233,0.000268737097841254,1223,0,1,0,FALSE,FALSE
"HNF4A+NANOG+SIRT3",3,1223,262046.766668234,261995.466668234,0.000195766582633317,1223,0,1,0,FALSE,FALSE
"HNF4A+NANOG+SLC6A3",3,1223,262058.9833349,261983.959525375,0.000286285967266431,1223,0,1,0,FALSE,FALSE
"HNF4A+NANOG+SOD2",3,1223,262021.500001568,261911.535715852,0.000419676575073691,1223,0,1,0,FALSE,FALSE
"HNF4A+NANOG+SOX9",3,1223,262024.766668235,261965.566668234,0.00022593284121053,1223,0,1,0,FALSE,FALSE
"HNF4A+NANOG+SPP1",3,1223,262009.666668235,261942.233334901,0.000257369639036886,1223,0,1,0,FALSE,FALSE
"HNF4A+NANOG+SYK",3,1223,262020.133334902,261973.883334901,0.000176513153442692,1223,0,1,0,FALSE,FALSE
"HNF4A+NANOG+THBS1",3,1223,262011.566668235,261959.700001568,0.000197955637328828,1223,0,1,0,FALSE,FALSE
"HNF4A+NANOG+TJP1",3,1223,261995.383334902,261877.36190633,0.000450471405528008,1223,0,1,0,FALSE,FALSE
"HNF4A+NANOG+TYMS",3,1223,262059.700001568,261990.152382519,0.000265388455563009,1223,0,1,0,FALSE,FALSE
"HNF4A+NANOG+VIM",3,1223,262008.000001569,261961.933334901,0.000175821603413118,1223,0,1,0,FALSE,FALSE
"HNF4A+NANOG+XIAP",3,1223,262010.350001569,261961.909525378,0.000184880010239197,1223,0,1,0,FALSE,FALSE
"HNF4A+NANOG+YWHAZ",3,1223,261991.600001569,261872.7833349,0.000453513267861805,1223,0,1,0,FALSE,FALSE
"HNF4A+NCOA2+NTRK1",3,1223,262047.050001568,262001.933334901,0.000172170099480784,1223,0,1,0,FALSE,FALSE
"HNF4A+NCOA2+NTRK2",3,1223,262045.583334902,261961.659525376,0.000320264163423012,1223,0,1,0,FALSE,FALSE
"HNF4A+NCOA2+SIRT3",3,1223,262082.283334902,262026.116668234,0.000214309284675696,1223,0,1,0,FALSE,FALSE
"HNF4A+NCOA2+SOD2",3,1223,262057.016668236,261942.102382519,0.000438508715307595,1223,0,1,0,FALSE,FALSE
"HNF4A+NCOA2+TRPV1",3,1223,262071.983334902,261597.550001562,0.00181031687287714,1222,0.000817661488143884,2,0.00163532297628777,FALSE,FALSE
"HNF4A+NFATC1+TNFSF11",3,1223,262022.183334902,261952.616668234,0.000265499148898729,1223,0,1,0,FALSE,FALSE
"HNF4A+NPY+NR1H4",3,1223,262042.566668234,261447.761906321,0.00226987839981774,1222,0.000817661488143884,2,0.00163532297628777,FALSE,FALSE
"HNF4A+NPY+NR1I2",3,1223,262056.100001568,261472.435715845,0.00222724937797458,1222,0.000817661488143884,2,0.00163532297628777,FALSE,FALSE
"HNF4A+NQO1+NR1I2",3,1223,262061.516668235,261867.432144421,0.000740606733418248,1223,0,1,0,FALSE,FALSE
"HNF4A+NR1H4+NTRK1",3,1223,262044.916668235,261968.859525376,0.000290244679520657,1223,0,1,0,FALSE,FALSE
"HNF4A+NR1H4+NTRK2",3,1223,262043.450001568,261928.502382518,0.000438658623403976,1223,0,1,0,FALSE,FALSE
"HNF4A+NR1H4+RARA",3,1223,262060.016668235,261943.809525375,0.000443437134506786,1223,0,1,0,FALSE,FALSE
"HNF4A+NR1H4+SIRT3",3,1223,262080.150001568,261993.04285871,0.000332368334107103,1223,0,1,0,FALSE,FALSE
"HNF4A+NR1H4+SOD2",3,1223,262054.883334902,261909.128572995,0.000556199373399902,1223,0,1,0,FALSE,FALSE
"HNF4A+NR1H4+SOX9",3,1223,262058.150001569,261963.226192043,0.000362224222084762,1223,0,1,0,FALSE,FALSE
"HNF4A+NR1H4+SQLE",3,1223,262140.866668235,262046.704763472,0.00035920345408269,1223,0,1,0,FALSE,FALSE
"HNF4A+NR1I2+POU5F1",3,1223,262058.183334903,261999.450001568,0.000224123256093334,1223,0,1,0,FALSE,FALSE
"HNF4A+NR1I2+RARA",3,1223,262073.550001569,261967.900001566,0.000403131105763399,1223,0,1,0,FALSE,FALSE
"HNF4A+NR1I2+SIRT3",3,1223,262093.683334902,262016.966668233,0.000292707041590901,1223,0,1,0,FALSE,FALSE
"HNF4A+NR1I2+SOD2",3,1223,262068.416668236,261932.869049185,0.000517222261170791,1223,0,1,0,FALSE,FALSE
"HNF4A+NR1I2+SQLE",3,1223,262154.400001569,262070.728572995,0.000319168507463496,1223,0,1,0,FALSE,FALSE
"HNF4A+NR1I2+YWHAZ",3,1223,262038.516668237,261894.0333349,0.000551382045562709,1223,0,1,0,FALSE,FALSE
"HNF4A+NTRK1+NTRK2",3,1223,262006.333334901,261915.576192042,0.000346392935253514,1223,0,1,0,FALSE,FALSE
"HNF4A+NTRK1+SOX2",3,1223,261988.833334902,261584.400001562,0.00154370447087959,1222,0.000817661488143884,2,0.00163532297628777,FALSE,FALSE
"HNF4A+NTRK2+SOX2",3,1223,261987.366668235,261544.176192038,0.0016916482723337,1222,0.000817661488143884,2,0.00163532297628777,FALSE,FALSE
"HNF4A+PLD2+RAC2",3,1223,262086.350001569,262007.866668235,0.000299456012621824,1223,0,1,0,FALSE,FALSE
"HNF4A+PRDX1+SOD2",3,1223,262048.083334904,261938.869049188,0.000416771931037729,1223,0,1,0,FALSE,FALSE
"HNF4A+PRDX1+SOX2",3,1223,262019.150001571,261621.233334897,0.00151865490240599,1222,0.000817661488143884,2,0.00163532297628777,FALSE,FALSE
"HNF4A+PRKCZ+RAC2",3,1223,262045.383334904,261659.940477754,0.00147090115553383,1222,0.000817661488143884,2,0.00163532297628777,FALSE,FALSE
"HNF4A+PRKCZ+SOX2",3,1223,262007.433334905,261275.690477749,0.00279283243166795,1221,0.00163532297628777,3,0.00326930771773415,FALSE,FALSE
"HNF4A+PRKCZ+TJP1",3,1223,262010.250001572,261561.13571585,0.00171410960341911,1222,0.000817661488143884,2,0.00163532297628777,FALSE,FALSE
"HNF4A+RAC2+SOX2",3,1223,262007.816668238,261592.233334897,0.00158614860665462,1222,0.000817661488143884,2,0.00163532297628777,FALSE,FALSE
"HNF4A+RAC2+SYK",3,1223,262035.383334904,261973.816668237,0.000234955546398519,1223,0,1,0,FALSE,FALSE
"HNF4A+RARA+RXRA",3,1223,262039.45000157,261895.133334899,0.000550744045106244,1223,0,1,0,FALSE,FALSE
"HNF4A+RARA+SOX2",3,1223,262003.933334904,261559.383334895,0.0016967302526758,1222,0.000817661488143884,2,0.00163532297628777,FALSE,FALSE
"HNF4A+RASA1+SOX2",3,1223,262014.733334904,261603.700001563,0.00156874129980933,1222,0.000817661488143884,2,0.00163532297628777,FALSE,FALSE
"HNF4A+RXRA+SOX2",3,1223,262005.383334904,261570.866668229,0.00165842648400827,1222,0.000817661488143884,2,0.00163532297628777,FALSE,FALSE
"HNF4A+SIRT3+SOD2",3,1223,262053.00000157,261927.05238252,0.000480618878810901,1223,0,1,0,FALSE,FALSE
"HNF4A+SIRT3+SOX2",3,1223,262024.066668237,261608.583334896,0.00158566859382125,1222,0.000817661488143884,2,0.00163532297628777,FALSE,FALSE
"HNF4A+SOX2+SOX9",3,1223,262002.066668237,261578.683334896,0.00161595417442784,1222,0.000817661488143884,2,0.00163532297628777,FALSE,FALSE
"HNF4A+SOX2+SPP1",3,1223,261986.966668238,261555.350001563,0.00164747381201413,1222,0.000817661488143884,2,0.00163532297628777,FALSE,FALSE
"HNF4A+SOX2+SYK",3,1223,261997.433334904,261587.000001564,0.00156655478687928,1222,0.000817661488143884,2,0.00163532297628777,FALSE,FALSE
"HNF4A+SOX2+THBS1",3,1223,261988.866668238,261572.81666823,0.00158804458104911,1222,0.000817661488143884,2,0.00163532297628777,FALSE,FALSE
"HNF4A+SOX2+TJP1",3,1223,261972.683334905,261490.528572992,0.00184047724279945,1222,0.000817661488143884,2,0.00163532297628777,FALSE,FALSE
"HNF4A+SOX2+TNFSF11",3,1223,261989.350001571,261573.26666823,0.00158816888296742,1222,0.000817661488143884,2,0.00163532297628777,FALSE,FALSE
"HNF4A+SOX2+VIM",3,1223,261985.300001572,261574.200001564,0.0015691720108163,1222,0.000817661488143884,2,0.00163532297628777,FALSE,FALSE
"HNF4A+SOX2+XIAP",3,1223,261987.650001572,261575.02619204,0.00157497427656994,1222,0.000817661488143884,2,0.00163532297628777,FALSE,FALSE
"HNF4A+SPP1+THBS1",3,1223,262005.966668238,261921.05000157,0.000324102033811391,1223,0,1,0,FALSE,FALSE
"HNF4A+SPP1+TNFSF11",3,1223,262006.450001571,261921.133334903,0.000325628115901977,1223,0,1,0,FALSE,FALSE
"HNF4A+VIM+YWHAZ",3,1223,261984.333334905,261856.800001569,0.000486797556603746,1223,0,1,0,FALSE,FALSE
"HPRT1+MDH2+PNP",3,1223,262226.533334899,262038.846430137,0.000715743377970535,1223,0,1,0,TRUE,TRUE
"HPRT1+MT-CYB+PTGS1",3,1223,262154.316668235,261951.086906327,0.000775229507913644,1223,0,1,0,FALSE,FALSE
"HPRT1+NOS1+PNP",3,1223,262144.3833349,261893.896430135,0.000955530313405784,1223,0,1,0,FALSE,FALSE
"HPRT1+NQO1+PNP",3,1223,262151.750001567,261860.061906323,0.00111266888449957,1223,0,1,0,TRUE,TRUE
"HPRT1+NQO1+RRM1",3,1223,262171.866668234,261903.488096801,0.00102367418306215,1223,0,1,0,FALSE,FALSE
"HPRT1+PNP+TFRC",3,1223,262163.116668236,261952.415477756,0.000803702645730042,1223,0,1,0,TRUE,TRUE
"HPRT1+PNP+TYMS",3,1223,262196.850001568,262004.425001567,0.000733895163119169,1223,0,1,0,TRUE,TRUE
"HPRT1+RRM1+SOX2",3,1223,262149.833334904,261652.539287276,0.0018969840312385,1222,0.000817661488143884,2,0.00163532297628777,FALSE,FALSE
"HPRT1+VIM+YWHAZ",3,1223,262050.666668239,261843.503572997,0.000790545957680799,1223,0,1,0,FALSE,FALSE
"HTR2A+HTR3A+MAOB",3,1223,262224.250001566,262168.400001568,0.000212985641101171,1223,0,1,0,TRUE,TRUE
"HTR2A+HTR3A+NOS1",3,1223,262177.600001568,262039.516668234,0.000526678607680853,1223,0,1,0,TRUE,TRUE
"HTR2A+HTR3A+NPY",3,1223,262179.550001567,261613.71904918,0.0021581811105571,1222,0.000817661488143884,2,0.00163532297628777,FALSE,FALSE
"HTR2A+HTR3A+NTRK2",3,1223,262180.433334901,262096.776192043,0.000319082327363884,1223,0,1,0,FALSE,TRUE
"HTR2A+HTR3A+TRPV1",3,1223,262206.833334901,261730.683334896,0.00181593284182913,1222,0.000817661488143884,2,0.00163532297628777,TRUE,TRUE
"HTR2A+IDO1+MAOB",3,1223,262147.216668235,261998.142858708,0.000568664475713243,1223,0,1,0,FALSE,FALSE
"HTR2A+ITPR1+PRKCG",3,1223,262077.300001569,262005.39285871,0.000274373792992111,1223,0,1,0,FALSE,FALSE
"HTR2A+MAOA+NTRK1",3,1223,262108.633334901,262058.700001567,0.000190506251927292,1223,0,1,0,FALSE,FALSE
"HTR2A+MAOA+NTRK2",3,1223,262107.166668234,262018.342858709,0.000338883559174774,1223,0,1,0,FALSE,FALSE
"HTR2A+MAOA+OPRM1",3,1223,262154.883334902,262088.766668234,0.000252204596866146,1223,0,1,0,FALSE,FALSE
"HTR2A+MAOA+PRKCG",3,1223,262112.800001569,262063.966668234,0.00018630655707863,1223,0,1,0,FALSE,FALSE
"HTR2A+MAOB+TH",3,1223,262119.733334902,261992.183334898,0.000486609681692562,1223,0,1,0,FALSE,FALSE
"HTR2A+MGLL+TPH1",3,1223,262246.000001565,262158.500001567,0.00033365618540504,1223,0,1,0,TRUE,TRUE
"HTR2A+MGLL+TRPV1",3,1223,262197.416668235,261711.283334896,0.00185407369575175,1222,0.000817661488143884,2,0.00163532297628777,FALSE,TRUE
"HTR2A+NPY+OPRM1",3,1223,262122.866668234,261562.302382512,0.00213855545243891,1222,0.000817661488143884,2,0.00163532297628777,FALSE,TRUE
"HTR2A+NPY+TPH1",3,1223,262150.1333349,261594.30238251,0.00212027720649455,1222,0.000817661488143884,2,0.00163532297628777,FALSE,TRUE
"HTR2A+NTRK1+NTRK2",3,1223,262077.500001568,262005.326192042,0.000275391094332389,1223,0,1,0,FALSE,FALSE
"HTR2A+NTRK2+TAC1",3,1223,262086.116668235,261644.90952537,0.00168344339819926,1222,0.000817661488143884,2,0.00163532297628777,FALSE,FALSE
"HTR2A+OPRM1+TRPV1",3,1223,262150.150001569,261681.383334895,0.00178816097061352,1222,0.000817661488143884,2,0.00163532297628777,TRUE,TRUE
"HTR2A+RASA1+SLC6A3",3,1223,262152.316668236,262083.459525378,0.000262660821514826,1223,0,1,0,TRUE,TRUE
"HTR2A+SLC6A3+TJP1",3,1223,262110.266668237,261969.72143014,0.000536206535834416,1223,0,1,0,FALSE,FALSE
"HTR2A+TH+TPH1",3,1223,262150.900001569,262017.883334899,0.000507404959010582,1223,0,1,0,FALSE,TRUE
"HTR3A+MAOA+MAOB",3,1223,262192.516668234,262015.992858708,0.000673260288922561,1223,0,1,0,TRUE,TRUE
"HTR3A+MAOA+TPH1",3,1223,262223.683334899,262147.416668233,0.000290845837019438,1223,0,1,0,FALSE,FALSE
"HTR3A+MAOB+SLC6A3",3,1223,262210.300001566,262131.159525376,0.000301820623329063,1223,0,1,0,FALSE,FALSE
"HTR3A+MAOB+TPH1",3,1223,262236.366668232,262179.150001566,0.000218187383361323,1223,0,1,0,TRUE,TRUE
"HTR3A+PRKCG+SLC6A3",3,1223,262172.116668237,262102.326192045,0.000266200986886678,1223,0,1,0,FALSE,FALSE
"IDO1+MAOB+NR1I2",3,1223,262136.466668235,261971.159525375,0.000630614828076026,1223,0,1,0,FALSE,FALSE
"IDO1+MAOB+PTGS1",3,1223,262126.300001568,261963.376192041,0.00062154697764194,1223,0,1,0,FALSE,FALSE
"IDO1+NFATC1+TNFSF11",3,1223,262057.850001568,261897.459525375,0.000612042250184963,1223,0,1,0,FALSE,FALSE
"IDO1+NR1I2+RXRA",3,1223,262110.666668236,261923.692858707,0.000713339185714479,1223,0,1,0,FALSE,FALSE
"IDO1+RARA+RXRA",3,1223,262075.116668237,261840.47619204,0.000895317644726501,1223,0,1,0,FALSE,FALSE
"IDO1+SOD2+STAT4",3,1223,262079.716668237,261796.135715851,0.00108204082326924,1223,0,1,0,FALSE,FALSE
"IDO1+SPP1+THBS1",3,1223,262041.633334904,261865.976192044,0.000670340589106422,1223,0,1,0,FALSE,FALSE
"IDO1+SPP1+TNFSF11",3,1223,262042.116668237,261865.84285871,0.000672692663943764,1223,0,1,0,FALSE,FALSE
"IDO1+SPP1+VWF",3,1223,262049.183334904,261878.84285871,0.000650032463470063,1223,0,1,0,FALSE,FALSE
"IDO1+SYK+VWF",3,1223,262059.65000157,261911.626192044,0.000564847772349886,1223,0,1,0,FALSE,FALSE
"IDO1+THBS1+VWF",3,1223,262051.083334904,261894.809525377,0.000596348649040457,1223,0,1,0,FALSE,FALSE
"ITGA5+KEAP1+SPP1",3,1223,262048.333334902,261656.352382514,0.00149583455616498,1222,0.000817661488143884,2,0.00163532297628777,FALSE,FALSE
"ITGA5+KEAP1+THBS1",3,1223,262050.233334902,261673.152382514,0.00143896438323521,1222,0.000817661488143884,2,0.00163532297628777,FALSE,FALSE
"ITGA5+LPL+SPP1",3,1223,262045.966668235,261551.05952537,0.00188862720978888,1222,0.000817661488143884,2,0.00163532297628777,FALSE,FALSE
"ITGA5+LPL+THBS1",3,1223,262047.866668235,261567.426192037,0.00183340731716897,1222,0.000817661488143884,2,0.00163532297628777,FALSE,FALSE
"ITGA5+LPL+VWF",3,1223,262055.416668235,261580.492858703,0.00181230296846913,1222,0.000817661488143884,2,0.00163532297628777,FALSE,FALSE
"ITGA5+MPO+SPP1",3,1223,262060.650001569,261624.002382513,0.00166620825771779,1222,0.000817661488143884,2,0.00163532297628777,FALSE,FALSE
"ITGA5+MPO+THBS1",3,1223,262062.550001569,261640.935715847,0.00160883073800189,1222,0.000817661488143884,2,0.00163532297628777,FALSE,FALSE
"ITGA5+MPO+VWF",3,1223,262070.100001568,261653.96904918,0.00158786123402055,1222,0.000817661488143884,2,0.00163532297628777,FALSE,FALSE
"ITGA5+NANOG+POU5F1",3,1223,262044.966668235,261701.033334896,0.00131249738436912,1222,0.000817661488143884,2,0.00163532297628777,FALSE,FALSE
"ITGA5+NANOG+SOX2",3,1223,262026.266668235,261319.73333489,0.00269642178369678,1221,0.00163532297628777,3,0.00326930771773415,FALSE,FALSE
"ITGA5+NANOG+SPP1",3,1223,262043.366668235,261672.150001562,0.00141662302462697,1222,0.000817661488143884,2,0.00163532297628777,FALSE,FALSE
"ITGA5+NANOG+THBS1",3,1223,262045.266668235,261688.950001563,0.00135975234814534,1222,0.000817661488143884,2,0.00163532297628777,FALSE,FALSE
"ITGA5+NCF2+RAC2",3,1223,262087.750001568,261728.950001563,0.00136900713598243,1222,0.000817661488143884,2,0.00163532297628777,FALSE,FALSE
"ITGA5+NCF2+SPP1",3,1223,262066.900001569,261695.616668229,0.00141675020133125,1222,0.000817661488143884,2,0.00163532297628777,FALSE,FALSE
"ITGA5+NCF2+THBS1",3,1223,262068.800001569,261712.41666823,0.00135988463081804,1222,0.000817661488143884,2,0.00163532297628777,FALSE,FALSE
"ITGA5+NCF2+VWF",3,1223,262076.350001568,261725.533334896,0.00133860482515968,1222,0.000817661488143884,2,0.00163532297628777,FALSE,FALSE
"ITGA5+NFATC1+SPP1",3,1223,262053.500001568,261670.366668229,0.00146204242010672,1222,0.000817661488143884,2,0.00163532297628777,FALSE,FALSE
"ITGA5+NFATC1+TNFSF11",3,1223,262055.883334902,261682.366668229,0.00142533211588214,1222,0.000817661488143884,2,0.00163532297628777,FALSE,FALSE
"ITGA5+NRP1+NTRK1",3,1223,262079.133334901,261711.600001561,0.00140237541487165,1222,0.000817661488143884,2,0.00163532297628777,FALSE,FALSE
"ITGA5+NRP1+SPP1",3,1223,262077.266668236,261682.116668229,0.00150776145153875,1222,0.000817661488143884,2,0.00163532297628777,FALSE,FALSE
"ITGA5+NRP1+THBS1",3,1223,262079.166668236,261698.650001562,0.00145191497481734,1222,0.000817661488143884,2,0.00163532297628777,TRUE,TRUE
"ITGA5+NRP1+VWF",3,1223,262086.716668235,261711.866668229,0.00143025180662282,1222,0.000817661488143884,2,0.00163532297628777,FALSE,FALSE
"ITGA5+NTRK1+NTRK2",3,1223,262040.033334901,261645.376192037,0.00150609484299513,1222,0.000817661488143884,2,0.00163532297628777,FALSE,FALSE
"ITGA5+NTRK1+SPP1",3,1223,262039.633334902,261662.983334895,0.00143737798444066,1222,0.000817661488143884,2,0.00163532297628777,FALSE,FALSE
"ITGA5+NTRK1+THBS1",3,1223,262041.533334902,261679.783334896,0.00138050634722731,1222,0.000817661488143884,2,0.00163532297628777,FALSE,FALSE
"ITGA5+NTRK1+VWF",3,1223,262049.083334901,261692.900001562,0.0013592237332275,1222,0.000817661488143884,2,0.00163532297628777,FALSE,FALSE
"ITGA5+NTRK2+SPP1",3,1223,262038.166668235,261622.759525371,0.001585292509661,1222,0.000817661488143884,2,0.00163532297628777,FALSE,FALSE
"ITGA5+NTRK2+THBS1",3,1223,262040.066668235,261639.559525371,0.00152841948163251,1222,0.000817661488143884,2,0.00163532297628777,FALSE,FALSE
"ITGA5+NTRK2+VWF",3,1223,262047.616668235,261652.676192038,0.00150713248690715,1222,0.000817661488143884,2,0.00163532297628777,FALSE,FALSE
"ITGA5+PLD2+RAC2",3,1223,262120.050001569,261737.933334897,0.00145779259034351,1222,0.000817661488143884,2,0.00163532297628777,FALSE,FALSE
"ITGA5+PLG+SPP1",3,1223,262067.95000157,261574.569049181,0.00188264513988079,1222,0.000817661488143884,2,0.00163532297628777,FALSE,FALSE
"ITGA5+POU5F1+SOX2",3,1223,262022.266668238,261318.150001559,0.00268723981222019,1221,0.00163532297628777,3,0.00326930771773415,FALSE,FALSE
"ITGA5+POU5F1+SPP1",3,1223,262039.366668238,261669.816668231,0.00141028428172818,1222,0.000817661488143884,2,0.00163532297628777,FALSE,FALSE
"ITGA5+POU5F1+THBS1",3,1223,262041.266668238,261686.616668232,0.00135341278308942,1222,0.000817661488143884,2,0.00163532297628777,FALSE,FALSE
"ITGA5+PRKCG+SPP1",3,1223,262043.800001571,261668.333334898,0.00143283934468463,1222,0.000817661488143884,2,0.00163532297628777,FALSE,FALSE
"ITGA5+PRKCG+THBS1",3,1223,262045.700001571,261685.050001565,0.00137628665535683,1222,0.000817661488143884,2,0.00163532297628777,FALSE,FALSE
"ITGA5+PRKCG+TRPV4",3,1223,262092.566668237,261725.042858707,0.00140226719972159,1222,0.000817661488143884,2,0.00163532297628777,FALSE,FALSE
"ITGA5+PRKCG+VWF",3,1223,262053.250001571,261698.250001565,0.00135468649979964,1222,0.000817661488143884,2,0.00163532297628777,FALSE,FALSE
"ITGA5+PRKCZ+RAC2",3,1223,262079.083334904,261389.940477749,0.0026295225410029,1221,0.00163532297628777,3,0.00326930771773415,FALSE,FALSE
"ITGA5+PRKCZ+SPP1",3,1223,262058.233334904,261354.407144416,0.00268576255564157,1221,0.00163532297628777,3,0.00326930771773415,FALSE,FALSE
"ITGA5+PRKCZ+THBS1",3,1223,262060.133334904,261371.207144416,0.0026288859038609,1221,0.00163532297628777,3,0.00326930771773415,FALSE,FALSE
"ITGA5+PRKCZ+TJP1",3,1223,262043.950001572,261291.052382511,0.00287317306526547,1221,0.00163532297628777,3,0.00326930771773415,FALSE,FALSE
"ITGA5+RAC2+SPP1",3,1223,262058.616668237,261670.900001564,0.00147950359962346,1222,0.000817661488143884,2,0.00163532297628777,FALSE,FALSE
"ITGA5+RAC2+SYK",3,1223,262069.083334904,261703.566668231,0.00139473402211765,1222,0.000817661488143884,2,0.00163532297628777,FALSE,FALSE
"ITGA5+RAC2+VWF",3,1223,262068.066668237,261700.816668231,0.00140135349062076,1222,0.000817661488143884,2,0.00163532297628777,FALSE,FALSE
"ITGA5+RASA1+SPP1",3,1223,262065.533334904,261682.366668231,0.00146210248176093,1222,0.000817661488143884,2,0.00163532297628777,FALSE,FALSE
"ITGA5+RASA1+THBS1",3,1223,262067.433334904,261699.166668231,0.00140523628589106,1222,0.000817661488143884,2,0.00163532297628777,FALSE,FALSE
"ITGA5+RASA1+VWF",3,1223,262074.983334903,261712.283334898,0.00138395506274747,1222,0.000817661488143884,2,0.00163532297628777,FALSE,FALSE
"ITGA5+SOX2+SPP1",3,1223,262020.666668238,261283.266668225,0.00281428182513088,1221,0.00163532297628777,3,0.00326930771773415,FALSE,FALSE
"ITGA5+SOX2+THBS1",3,1223,262022.566668238,261300.066668225,0.00275739608690828,1221,0.00163532297628777,3,0.00326930771773415,FALSE,FALSE
"ITGA5+SOX2+VWF",3,1223,262030.116668238,261313.183334892,0.00273607225941008,1221,0.00163532297628777,3,0.00326930771773415,FALSE,FALSE
"ITGA5+SOX9+SPP1",3,1223,262052.866668237,261657.26666823,0.00150961905143931,1222,0.000817661488143884,2,0.00163532297628777,FALSE,FALSE
"ITGA5+SOX9+THBS1",3,1223,262054.766668237,261674.066668231,0.00145274976237397,1222,0.000817661488143884,2,0.00163532297628777,FALSE,FALSE
"ITGA5+SOX9+VWF",3,1223,262062.316668237,261687.183334897,0.00143146614175149,1222,0.000817661488143884,2,0.00163532297628777,FALSE,FALSE
"ITGA5+SPP1+SYK",3,1223,262048.233334904,261665.583334898,0.00146022736019447,1222,0.000817661488143884,2,0.00163532297628777,FALSE,FALSE
"ITGA5+SPP1+TFRC",3,1223,262054.066668237,261622.619049182,0.00164640688290119,1222,0.000817661488143884,2,0.00163532297628777,FALSE,FALSE
"ITGA5+SPP1+TJP1",3,1223,262023.483334905,261568.978572993,0.00173459552604582,1222,0.000817661488143884,2,0.00163532297628777,FALSE,FALSE
"ITGA5+SPP1+VIM",3,1223,262036.100001571,261653.633334898,0.00145959532549467,1222,0.000817661488143884,2,0.00163532297628777,FALSE,FALSE
"ITGA5+SPP1+YWHAZ",3,1223,262019.700001571,261564.36666823,0.00173778282067538,1222,0.000817661488143884,2,0.00163532297628777,FALSE,FALSE
"ITGA5+SYK+THBS1",3,1223,262050.133334904,261682.383334898,0.0014033574237331,1222,0.000817661488143884,2,0.00163532297628777,FALSE,FALSE
"ITGA5+TFRC+THBS1",3,1223,262055.966668237,261639.269049183,0.00159010925930159,1222,0.000817661488143884,2,0.00163532297628777,FALSE,FALSE
"ITGA5+TFRC+VWF",3,1223,262063.516668237,261652.535715849,0.00156824939851508,1222,0.000817661488143884,2,0.00163532297628777,FALSE,FALSE
"ITGA5+THBS1+TJP1",3,1223,262025.383334905,261585.778572994,0.00167771822834961,1222,0.000817661488143884,2,0.00163532297628777,FALSE,FALSE
"ITGA5+THBS1+TNFSF11",3,1223,262042.050001571,261668.516668231,0.00142547096291357,1222,0.000817661488143884,2,0.00163532297628777,FALSE,FALSE
"ITGA5+THBS1+VIM",3,1223,262038.000001571,261670.083334899,0.00140405844446423,1222,0.000817661488143884,2,0.00163532297628777,FALSE,FALSE
"ITGA5+THBS1+YWHAZ",3,1223,262021.600001572,261581.200001564,0.00168077746264017,1222,0.000817661488143884,2,0.00163532297628777,FALSE,FALSE
"ITGA5+TJP1+VWF",3,1223,262032.933334904,261598.811906327,0.00165674376519331,1222,0.000817661488143884,2,0.00163532297628777,FALSE,FALSE
"ITGA5+TNFSF11+VWF",3,1223,262049.60000157,261681.633334898,0.00140418709538448,1222,0.000817661488143884,2,0.00163532297628777,FALSE,FALSE
"ITGA5+VIM+VWF",3,1223,262045.550001571,261683.550001565,0.00138143921926481,1222,0.000817661488143884,2,0.00163532297628777,FALSE,FALSE
"ITGA5+VIM+YWHAZ",3,1223,262018.033334905,261586.600001564,0.00164657877875718,1222,0.000817661488143884,2,0.00163532297628777,FALSE,FALSE
"ITGA5+VWF+YWHAZ",3,1223,262029.150001571,261594.36666823,0.00165929375925644,1222,0.000817661488143884,2,0.00163532297628777,FALSE,FALSE
"ITPR1+ITPR3+KEAP1",3,1223,262026.300001567,261882.140477755,0.000550171962934609,1223,0,1,0,TRUE,TRUE
"ITPR1+ITPR3+MAP3K5",3,1223,262006.766668233,261867.421430135,0.000531838318031719,1223,0,1,0,FALSE,FALSE
"ITPR1+ITPR3+MB",3,1223,262058.033334901,261926.338096803,0.000502542266771822,1223,0,1,0,TRUE,TRUE
"ITPR1+ITPR3+MT-CYB",3,1223,262057.300001568,261883.121430136,0.000664658345449043,1223,0,1,0,TRUE,TRUE
"ITPR1+ITPR3+NCF2",3,1223,262044.866668234,261921.571430136,0.000470511938147178,1223,0,1,0,FALSE,FALSE
"ITPR1+ITPR3+NFATC1",3,1223,262031.466668234,261896.404763469,0.000515441547848439,1223,0,1,0,FALSE,FALSE
"ITPR1+ITPR3+NOS2",3,1223,262015.216668233,261888.304763469,0.000484368451489137,1223,0,1,0,TRUE,TRUE
"ITPR1+ITPR3+NPPA",3,1223,262053.500001567,261913.771430136,0.000533206278223064,1223,0,1,0,TRUE,TRUE
"ITPR1+ITPR3+NRP1",3,1223,262055.233334901,261907.638096802,0.000563221868230435,1223,0,1,0,TRUE,TRUE
"ITPR1+ITPR3+NTRK2",3,1223,262016.1333349,261848.580953945,0.000639473527156875,1223,0,1,0,FALSE,FALSE
"ITPR1+ITPR3+OPRM1",3,1223,262063.850001568,261919.521430136,0.000550738193881184,1223,0,1,0,TRUE,TRUE
"ITPR1+ITPR3+PLD2",3,1223,262077.166668233,261921.238096802,0.000594971982540771,1223,0,1,0,TRUE,TRUE
"ITPR1+ITPR3+POU5F1",3,1223,262017.333334901,261895.688096804,0.000464264087223554,1223,0,1,0,FALSE,FALSE
"ITPR1+ITPR3+PRDX1",3,1223,262047.916668234,261925.85476347,0.000465799943445644,1223,0,1,0,TRUE,TRUE
"ITPR1+ITPR3+PRKCZ",3,1223,262036.200001568,261580.028572989,0.00174087179014126,1222,0.000817661488143884,2,0.00163532297628777,TRUE,TRUE
"ITPR1+ITPR3+PYGM",3,1223,262096.7833349,261963.121430135,0.000509971557314692,1223,0,1,0,TRUE,TRUE
"ITPR1+ITPR3+RAC2",3,1223,262036.583334901,261896.771430137,0.000533558722926597,1223,0,1,0,FALSE,FALSE
"ITPR1+ITPR3+RARA",3,1223,262032.700001568,261864.171430135,0.000643158550179712,1223,0,1,0,FALSE,FALSE
"ITPR1+ITPR3+RASA1",3,1223,262043.500001567,261908.188096803,0.000516371918263259,1223,0,1,0,TRUE,TRUE
"ITPR1+ITPR3+SOD2",3,1223,262027.566668234,261829.090477754,0.000757463014306681,1223,0,1,0,FALSE,FALSE
"ITPR1+ITPR3+SOX9",3,1223,262030.833334901,261883.221430136,0.000563337920526208,1223,0,1,0,TRUE,TRUE
"ITPR1+ITPR3+SQLE",3,1223,262113.550001567,261967.683334898,0.000556501816363686,1223,0,1,0,TRUE,TRUE
"ITPR1+ITPR3+SYK",3,1223,262026.200001568,261891.538096804,0.000513925343203714,1223,0,1,0,FALSE,FALSE
"ITPR1+ITPR3+THBS1",3,1223,262017.633334901,261877.70476347,0.000534042574349192,1223,0,1,0,FALSE,FALSE
"ITPR1+ITPR3+TJP1",3,1223,262001.450001568,261795.033334899,0.00078784551256661,1223,0,1,0,FALSE,FALSE
"ITPR1+ITPR3+TNFSF11",3,1223,262018.116668234,261877.621430136,0.000536204289552478,1223,0,1,0,FALSE,FALSE
"ITPR1+ITPR3+VIM",3,1223,262014.066668235,261879.588096804,0.000513249434051732,1223,0,1,0,FALSE,FALSE
"ITPR1+ITPR3+VWF",3,1223,262025.183334901,261890.188096803,0.000515199479605544,1223,0,1,0,FALSE,FALSE
"ITPR1+ITPR3+XIAP",3,1223,262016.416668235,261879.480953947,0.000522622651013105,1223,0,1,0,FALSE,FALSE
"ITPR1+MAP3K5+PRDX1",3,1223,262031.216668234,261959.059525375,0.000275376131806504,1223,0,1,0,FALSE,FALSE
"ITPR1+MB+MT-CYB",3,1223,262091.866668235,261978.509525375,0.000432509197253239,1223,0,1,0,FALSE,FALSE
"ITPR1+MB+PYGM",3,1223,262131.350001567,262059.109525375,0.000275588845789265,1223,0,1,0,FALSE,FALSE
"ITPR1+MT-CYB+NCF2",3,1223,262078.700001568,261972.992858709,0.000403341221009157,1223,0,1,0,FALSE,FALSE
"ITPR1+MT-CYB+PRKCG",3,1223,262055.600001569,261942.159525376,0.000432887052183029,1223,0,1,0,FALSE,FALSE
"ITPR1+MT-CYB+RAC2",3,1223,262070.416668235,261952.626192042,0.000449461170360488,1223,0,1,0,FALSE,FALSE
"ITPR1+NCF2+PRKCG",3,1223,262043.166668235,261980.39285871,0.000239555224138321,1223,0,1,0,FALSE,FALSE
"ITPR1+NCF2+RAC2",3,1223,262057.983334901,261980.409525376,0.000296017730648912,1223,0,1,0,FALSE,FALSE
"ITPR1+NCOA2+RARA",3,1223,262066.083334902,261956.542858708,0.00041798799295123,1223,0,1,0,FALSE,FALSE
"ITPR1+NFATC1+PRKCG",3,1223,262029.766668235,261955.142858709,0.000284791344410951,1223,0,1,0,FALSE,FALSE
"ITPR1+NFATC1+TNFSF11",3,1223,262026.116668234,261933.826192042,0.000352218616090472,1223,0,1,0,FALSE,FALSE
"ITPR1+NTRK2+PRKCG",3,1223,262014.433334901,261907.319049185,0.000408810630594392,1223,0,1,0,FALSE,FALSE
"ITPR1+OPRM1+PRKCG",3,1223,262062.150001569,261978.226192043,0.000320243917426022,1223,0,1,0,FALSE,FALSE
"ITPR1+PLD2+PRKCG",3,1223,262075.466668236,261979.792858711,0.000365062059190402,1223,0,1,0,FALSE,FALSE
"ITPR1+PLD2+RAC2",3,1223,262090.283334902,261989.076192044,0.000386153738973993,1223,0,1,0,FALSE,FALSE
"ITPR1+PRDX1+SOD2",3,1223,262052.016668236,261920.328572996,0.000502526547648485,1223,0,1,0,FALSE,FALSE
"ITPR1+PRKCG+PRKCZ",3,1223,262034.50000157,261638.800001563,0.0015101064936297,1222,0.000817661488143884,2,0.00163532297628777,FALSE,FALSE
"ITPR1+PRKCG+RAC2",3,1223,262034.883334903,261955.592858712,0.000302595117041449,1223,0,1,0,FALSE,FALSE
"ITPR1+PRKCG+RARA",3,1223,262031.00000157,261923.126192043,0.000411683386798201,1223,0,1,0,FALSE,FALSE
"ITPR1+PRKCG+RASA1",3,1223,262041.80000157,261967.009525378,0.000285414297227282,1223,0,1,0,FALSE,FALSE
"ITPR1+PRKCG+SYK",3,1223,262024.50000157,261950.359525379,0.000282952457465457,1223,0,1,0,FALSE,FALSE
"ITPR1+PRKCG+THBS1",3,1223,262015.933334904,261936.392858712,0.000303571142332371,1223,0,1,0,FALSE,FALSE
"ITPR1+PRKCG+TJP1",3,1223,261999.750001571,261853.838096807,0.00055691619844267,1223,0,1,0,FALSE,FALSE
"ITPR1+PRKCG+TNFSF11",3,1223,262016.416668237,261936.492858712,0.000305033595000004,1223,0,1,0,FALSE,FALSE
"ITPR1+PRKCG+VIM",3,1223,262012.366668237,261938.409525379,0.000282265847978524,1223,0,1,0,FALSE,FALSE
"ITPR1+PRKCG+VWF",3,1223,262023.483334903,261948.876192045,0.000284734566187939,1223,0,1,0,FALSE,FALSE
"ITPR1+PRKCG+XIAP",3,1223,262014.716668237,261938.385715855,0.000291323149145151,1223,0,1,0,FALSE,FALSE
"ITPR1+PRKCZ+RAC2",3,1223,262049.316668237,261641.150001563,0.00155759485223472,1222,0.000817661488143884,2,0.00163532297628777,FALSE,FALSE
"ITPR1+PRKCZ+TJP1",3,1223,262014.183334904,261542.345239658,0.0018008112738056,1222,0.000817661488143884,2,0.00163532297628777,FALSE,FALSE
"ITPR1+RAC2+SYK",3,1223,262039.316668236,261955.026192045,0.000321671103647447,1223,0,1,0,FALSE,FALSE
"ITPR1+SYK+VWF",3,1223,262027.916668236,261948.426192045,0.000303366439738717,1223,0,1,0,FALSE,FALSE
"ITPR1+THBS1+VWF",3,1223,262019.35000157,261931.609525378,0.000334862582444306,1223,0,1,0,FALSE,FALSE
"ITPR3+KCNH2+PRKCG",3,1223,262069.500001569,261935.628572996,0.000510824146159772,1223,0,1,0,FALSE,FALSE
"ITPR3+KEAP1+NOS1",3,1223,262027.8333349,261901.985715851,0.000480283401376735,1223,0,1,0,FALSE,FALSE
"ITPR3+KEAP1+NQO1",3,1223,262035.200001567,261873.484525373,0.000617151726918452,1223,0,1,0,FALSE,FALSE
"ITPR3+MAP3K5+NOS1",3,1223,262008.300001566,261887.133334898,0.000462453543141561,1223,0,1,0,FALSE,FALSE
"ITPR3+MAP3K5+PRDX1",3,1223,262042.916668234,262019.000001567,9.12700368749242e-05,1223,0,1,0,FALSE,FALSE
"ITPR3+MAP3K5+YWHAZ",3,1223,261992.666668235,261885.000001566,0.000410952978334156,1223,0,1,0,FALSE,FALSE
"ITPR3+MB+MT-CYB",3,1223,262103.566668235,262038.366668234,0.000248756630174318,1223,0,1,0,FALSE,FALSE
"ITPR3+MB+NOS1",3,1223,262059.566668234,261946.016668232,0.000433298434571072,1223,0,1,0,FALSE,FALSE
"ITPR3+MB+PYGM",3,1223,262143.050001567,262119.050001567,9.15530661610431e-05,1223,0,1,0,FALSE,FALSE
"ITPR3+MT-CYB+NCF2",3,1223,262090.400001568,262032.933334901,0.00021926276836981,1223,0,1,0,FALSE,FALSE
"ITPR3+MT-CYB+NOS1",3,1223,262058.833334901,261903.100001565,0.000594268589819369,1223,0,1,0,FALSE,FALSE
"ITPR3+MT-CYB+PRKCG",3,1223,262067.300001569,262002.266668234,0.000248155085866064,1223,0,1,0,FALSE,FALSE
"ITPR3+MT-CYB+RAC2",3,1223,262082.116668235,262012.566668234,0.000265374840852317,1223,0,1,0,FALSE,FALSE
"ITPR3+NCF2+NOS1",3,1223,262046.400001567,261941.416668232,0.000400628794496427,1223,0,1,0,FALSE,FALSE
"ITPR3+NCF2+PRKCG",3,1223,262054.866668235,262040.500001568,5.48231248267417e-05,1223,0,1,0,FALSE,FALSE
"ITPR3+NCF2+RAC2",3,1223,262069.683334901,262040.350001568,0.000111929517982778,1223,0,1,0,FALSE,FALSE
"ITPR3+NFATC1+NOS1",3,1223,262033.000001567,261916.083334899,0.000446190619760034,1223,0,1,0,FALSE,FALSE
"ITPR3+NFATC1+PRKCG",3,1223,262041.466668235,262015.250001568,0.000100047778698653,1223,0,1,0,FALSE,FALSE
"ITPR3+NFATC1+TNFSF11",3,1223,262037.816668235,261993.766668234,0.000168105506911709,1223,0,1,0,FALSE,FALSE
"ITPR3+NOS1+NPPA",3,1223,262055.033334901,261933.400001565,0.000464151868358131,1223,0,1,0,FALSE,FALSE
"ITPR3+NOS1+NRP1",3,1223,262056.766668234,261927.483334898,0.000493340946617127,1223,0,1,0,FALSE,FALSE
"ITPR3+NOS1+NTRK2",3,1223,262017.666668233,261868.209525374,0.000570408647477594,1223,0,1,0,FALSE,FALSE
"ITPR3+NOS1+POU5F1",3,1223,262018.866668235,261915.5333349,0.000394373636710132,1223,0,1,0,FALSE,FALSE
"ITPR3+NOS1+PRKCZ",3,1223,262037.733334901,261599.740477752,0.00167148773413217,1222,0.000817661488143884,2,0.00163532297628777,FALSE,FALSE
"ITPR3+NOS1+PYGM",3,1223,262098.316668233,261982.966668231,0.000440102025331734,1223,0,1,0,FALSE,FALSE
"ITPR3+NOS1+RAC2",3,1223,262038.116668234,261916.533334899,0.00046399102115624,1223,0,1,0,FALSE,FALSE
"ITPR3+NOS1+RARA",3,1223,262034.233334901,261883.983334898,0.000573398361316979,1223,0,1,0,FALSE,FALSE
"ITPR3+NOS1+RASA1",3,1223,262045.033334901,261928.000001566,0.000446615346398227,1223,0,1,0,FALSE,FALSE
"ITPR3+NOS1+SYK",3,1223,262027.733334901,261911.300001566,0.000444354999575181,1223,0,1,0,FALSE,FALSE
"ITPR3+NOS1+TJP1",3,1223,262002.983334902,261814.778572995,0.000718330606435003,1223,0,1,0,FALSE,FALSE
"ITPR3+NOS1+TNFSF11",3,1223,262019.650001568,261897.433334899,0.00046644084391323,1223,0,1,0,FALSE,FALSE
"ITPR3+NOS1+VIM",3,1223,262015.600001568,261899.216668233,0.000444184748290888,1223,0,1,0,FALSE,FALSE
"ITPR3+NOS1+VWF",3,1223,262026.716668234,261909.683334899,0.000446646566514608,1223,0,1,0,FALSE,FALSE
"ITPR3+NOS1+XIAP",3,1223,262017.950001568,261899.326192043,0.000452731614473789,1223,0,1,0,FALSE,FALSE
"ITPR3+NRP1+NTRK1",3,1223,262061.066668234,262022.7333349,0.000146276338647611,1223,0,1,0,FALSE,FALSE
"ITPR3+NTRK1+NTRK2",3,1223,262021.966668234,261956.642858709,0.000249306614845235,1223,0,1,0,FALSE,FALSE
"ITPR3+NTRK2+PRKCG",3,1223,262026.133334902,261967.426192043,0.000224050716282398,1223,0,1,0,FALSE,FALSE
"ITPR3+NTRK2+TAC1",3,1223,262030.583334901,261596.226192037,0.00165765819140795,1222,0.000817661488143884,2,0.00163532297628777,FALSE,FALSE
"ITPR3+OPRM1+PRKCG",3,1223,262073.850001569,262039.200001568,0.000132214641027084,1223,0,1,0,FALSE,FALSE
"ITPR3+OPRM1+SLC6A3",3,1223,262117.1333349,262048.226192042,0.000262886832240516,1223,0,1,0,FALSE,FALSE
"ITPR3+OPRM1+TRPV1",3,1223,262094.616668235,261635.700001562,0.00175095800328418,1222,0.000817661488143884,2,0.00163532297628777,FALSE,FALSE
"ITPR3+PLA2G4A+PLD2",3,1223,262123.466668234,262040.450001566,0.000316708258604526,1223,0,1,0,TRUE,TRUE
"ITPR3+PLD2+PRKCG",3,1223,262087.166668236,262039.900001569,0.000180347123699409,1223,0,1,0,FALSE,FALSE
"ITPR3+PLD2+RAC2",3,1223,262101.983334902,262049.016668235,0.000202084188731466,1223,0,1,0,FALSE,FALSE
"ITPR3+POU5F1+SOX2",3,1223,262004.200001571,261629.300001564,0.00143089309257183,1222,0.000817661488143884,2,0.00163532297628777,FALSE,FALSE
"ITPR3+PRDX1+SOD2",3,1223,262063.716668237,261980.102382521,0.00031906090159628,1223,0,1,0,FALSE,FALSE
"ITPR3+PRKCG+PRKCZ",3,1223,262046.200001571,261698.907144421,0.00132531155630999,1222,0.000817661488143884,2,0.00163532297628777,FALSE,FALSE
"ITPR3+PRKCG+RAC2",3,1223,262046.583334904,262015.70000157,0.000117854363680947,1223,0,1,0,FALSE,FALSE
"ITPR3+PRKCG+RARA",3,1223,262042.70000157,261983.233334902,0.000226935024972841,1223,0,1,0,FALSE,FALSE
"ITPR3+PRKCG+RASA1",3,1223,262053.50000157,262027.166668237,0.000100488386277964,1223,0,1,0,FALSE,FALSE
"ITPR3+PRKCG+SYK",3,1223,262036.200001571,262010.466668237,9.82052606984807e-05,1223,0,1,0,FALSE,FALSE
"ITPR3+PRKCG+THBS1",3,1223,262027.633334904,261996.366668237,0.000119325837008799,1223,0,1,0,FALSE,FALSE
"ITPR3+PRKCG+TJP1",3,1223,262011.450001571,261913.945239666,0.000372139316450193,1223,0,1,0,FALSE,FALSE
"ITPR3+PRKCG+TNFSF11",3,1223,262028.116668237,261996.60000157,0.000120279712986893,1223,0,1,0,FALSE,FALSE
"ITPR3+PRKCG+TRPV1",3,1223,262052.533334903,261602.900001563,0.00171581372489771,1222,0.000817661488143884,2,0.00163532297628777,FALSE,FALSE
"ITPR3+PRKCG+VIM",3,1223,262024.066668238,261998.516668237,9.75101269335976e-05,1223,0,1,0,FALSE,FALSE
"ITPR3+PRKCG+VWF",3,1223,262035.183334904,262008.85000157,0.000100495410572887,1223,0,1,0,FALSE,FALSE
"ITPR3+PRKCG+XIAP",3,1223,262026.416668238,261998.492858713,0.00010656868066683,1223,0,1,0,FALSE,FALSE
"ITPR3+PRKCG+YWHAZ",3,1223,262007.666668238,261909.283334903,0.000375497918005063,1223,0,1,0,FALSE,FALSE
"ITPR3+PRKCZ+RAC2",3,1223,262061.016668237,261701.090477754,0.00137344422706798,1222,0.000817661488143884,2,0.00163532297628777,FALSE,FALSE
"ITPR3+PRKCZ+TJP1",3,1223,262025.883334905,261602.28571585,0.00161662509697025,1222,0.000817661488143884,2,0.00163532297628777,FALSE,FALSE
"ITPR3+RAC2+SYK",3,1223,262051.016668237,262014.966668236,0.000137568632469942,1223,0,1,0,FALSE,FALSE
"ITPR3+SYK+VWF",3,1223,262039.616668237,262008.233334903,0.000119765605418043,1223,0,1,0,FALSE,FALSE
"ITPR3+THBS1+VWF",3,1223,262031.05000157,261991.283334903,0.000151763184809695,1223,0,1,0,FALSE,FALSE
"ITPR3+VIM+YWHAZ",3,1223,261999.966668238,261897.950001569,0.000389376639875594,1223,0,1,0,FALSE,FALSE
"KCNJ11+MB+PYGM",3,1223,262173.266668234,261518.954763459,0.00249572320278924,1221,0.00163532297628777,2,0.00326796948289265,FALSE,FALSE
"KCNJ11+MB+XIAP",3,1223,262092.900001569,261433.70476346,0.00251512054735192,1221,0.00163532297628777,2,0.00326796948289265,FALSE,FALSE
"KCNJ11+NCOA2+NR1H4",3,1223,262130.016668235,261447.597620603,0.00260336094395386,1221,0.00163532297628777,2,0.00326796948289265,FALSE,TRUE
"KCNJ11+NCOA2+RARA",3,1223,262108.000001569,261416.704763458,0.00263744425239432,1221,0.00163532297628777,2,0.00326796948289265,FALSE,TRUE
"KCNJ11+NCOA2+RXRA",3,1223,262109.450001569,261424.871430126,0.00261180423460139,1221,0.00163532297628777,2,0.00326796948289265,FALSE,TRUE
"KCNJ11+NR1H4+RXRA",3,1223,262107.316668235,261394.464287268,0.00271969661140581,1221,0.00163532297628777,2,0.00326796948289265,FALSE,FALSE
"KCNJ11+NTRK1+NTRK2",3,1223,262052.183334901,261356.647620601,0.00265418782415072,1221,0.00163532297628777,2,0.00326796948289265,FALSE,FALSE
"KCNJ11+NTRK1+XIAP",3,1223,262052.466668235,261396.388096793,0.00250361532476195,1221,0.00163532297628777,2,0.00326796948289265,FALSE,FALSE
"KCNJ11+PRKCG+XIAP",3,1223,262056.633334905,261401.821430128,0.00249874195681732,1221,0.00163532297628777,2,0.00326796948289265,FALSE,FALSE
"KCNJ11+RARA+RXRA",3,1223,262085.30000157,261337.321430123,0.00285395087569695,1221,0.00163532297628777,2,0.00326796948289265,FALSE,FALSE
"KCNJ11+RARA+XIAP",3,1223,262067.566668238,261371.838096793,0.00265476792985042,1221,0.00163532297628777,2,0.00326796948289265,FALSE,FALSE
"KCNJ11+SOX9+XIAP",3,1223,262065.700001571,261390.454763461,0.00257662577783357,1221,0.00163532297628777,2,0.00326796948289265,FALSE,FALSE
"KCNJ11+TJP1+XIAP",3,1223,262036.316668238,261303.090477747,0.00279818538061538,1221,0.00163532297628777,2,0.00326796948289265,FALSE,FALSE
"KCNJ11+VIM+XIAP",3,1223,262048.933334905,261387.204763462,0.00252520994083749,1221,0.00163532297628777,2,0.00326796948289265,FALSE,FALSE
"KEAP1+MAP3K5+NQO1",3,1223,262018.500001566,261840.584525372,0.0006790187570479,1223,0,1,0,FALSE,FALSE
"KEAP1+MAP3K5+PRDX1",3,1223,262045.750001567,262003.369049185,0.00016173111901896,1223,0,1,0,FALSE,FALSE
"KEAP1+MAP3K5+YWHAZ",3,1223,261995.500001568,261869.369049184,0.000481424117524942,1223,0,1,0,FALSE,FALSE
"KEAP1+MT-CYB+NCF2",3,1223,262093.233334901,262017.469049186,0.00028907379542642,1223,0,1,0,FALSE,FALSE
"KEAP1+MT-CYB+NQO1",3,1223,262069.033334901,261859.101192039,0.000801056653625287,1223,0,1,0,FALSE,FALSE
"KEAP1+MT-CYB+RAC2",3,1223,262084.950001568,261997.102382519,0.000335187575817075,1223,0,1,0,FALSE,FALSE
"KEAP1+NANOG+NQO1",3,1223,262033.066668234,261873.651192039,0.000608379233282941,1223,0,1,0,FALSE,FALSE
"KEAP1+NANOG+POU5F1",3,1223,262029.733334901,261996.80238252,0.000125676395433594,1223,0,1,0,FALSE,FALSE
"KEAP1+NANOG+SOX2",3,1223,262011.033334902,261615.252382514,0.0015105507098303,1222,0.000817661488143884,2,0.00163532297628777,FALSE,FALSE
"KEAP1+NCF2+NQO1",3,1223,262056.600001567,261897.284525373,0.000607943002364331,1223,0,1,0,FALSE,FALSE
"KEAP1+NCF2+RAC2",3,1223,262072.516668235,262024.719049186,0.000182383180259094,1223,0,1,0,FALSE,FALSE
"KEAP1+NCOA2+RARA",3,1223,262080.616668235,262000.535715851,0.000305558470526046,1223,0,1,0,FALSE,FALSE
"KEAP1+NCOA2+RXRA",3,1223,262082.066668235,262008.935715852,0.000279038368830808,1223,0,1,0,FALSE,FALSE
"KEAP1+NFATC1+TNFSF11",3,1223,262040.650001568,261978.135715852,0.000238567129624445,1223,0,1,0,FALSE,FALSE
"KEAP1+NOS1+NOS2",3,1223,262019.5833349,261890.202382517,0.000493783520819302,1223,0,1,0,FALSE,FALSE
"KEAP1+NOS2+NQO1",3,1223,262026.950001567,261863.851192039,0.000622450513302897,1223,0,1,0,TRUE,TRUE
"KEAP1+NQO1+NRP1",3,1223,262066.966668234,261883.217858705,0.000701152121019399,1223,0,1,0,TRUE,TRUE
"KEAP1+NQO1+POU5F1",3,1223,262029.066668235,261871.317858707,0.000602027902985802,1223,0,1,0,FALSE,FALSE
"KEAP1+NQO1+PRDX1",3,1223,262059.650001567,261901.317858707,0.000604183600413033,1223,0,1,0,FALSE,TRUE
"KEAP1+NQO1+PRKCZ",3,1223,262047.933334901,261555.841668226,0.00187786890899266,1222,0.000817661488143884,2,0.00163532297628777,TRUE,TRUE
"KEAP1+NQO1+RAC2",3,1223,262048.316668234,261872.484525373,0.000670991308384106,1223,0,1,0,FALSE,FALSE
"KEAP1+NQO1+RARA",3,1223,262044.433334901,261839.401192038,0.000782432735751959,1223,0,1,0,FALSE,FALSE
"KEAP1+NQO1+RASA1",3,1223,262055.233334901,261883.90119204,0.000653801645861707,1223,0,1,0,TRUE,TRUE
"KEAP1+NQO1+RRM1",3,1223,262124.000001567,261935.503572992,0.000719111674530204,1223,0,1,0,TRUE,TRUE
"KEAP1+NQO1+RXRA",3,1223,262045.883334901,261851.401192039,0.000742168281321676,1223,0,1,0,FALSE,FALSE
"KEAP1+NQO1+SIRT3",3,1223,262064.566668234,261888.967858706,0.000670059335988737,1223,0,1,0,FALSE,TRUE
"KEAP1+NQO1+SOD2",3,1223,262039.300001568,261800.553572991,0.000911109244206454,1223,0,1,0,FALSE,FALSE
"KEAP1+NQO1+SPP1",3,1223,262027.466668234,261835.517858706,0.000732552247171281,1223,0,1,0,FALSE,FALSE
"KEAP1+NQO1+SYK",3,1223,262037.933334901,261867.084525373,0.000652000293825061,1223,0,1,0,FALSE,FALSE
"KEAP1+NQO1+TFRC",3,1223,262043.766668234,261823.920239658,0.000838968357734338,1223,0,1,0,TRUE,TRUE
"KEAP1+NQO1+THBS1",3,1223,262029.366668235,261853.334525373,0.000671803107794355,1223,0,1,0,FALSE,FALSE
"KEAP1+NQO1+TJP1",3,1223,262013.183334902,261770.613096802,0.000925794019264514,1223,0,1,0,FALSE,FALSE
"KEAP1+NQO1+TNFSF11",3,1223,262029.850001568,261853.217858706,0.000674091684059519,1223,0,1,0,FALSE,FALSE
"KEAP1+NQO1+VIM",3,1223,262025.800001568,261855.217858707,0.00065101277378099,1223,0,1,0,FALSE,FALSE
"KEAP1+NQO1+XIAP",3,1223,262028.150001568,261855.11071585,0.000660384335489095,1223,0,1,0,FALSE,FALSE
"KEAP1+POU5F1+SOX2",3,1223,262007.033334904,261613.669049182,0.001501350100091,1222,0.000817661488143884,2,0.00163532297628777,FALSE,FALSE
"KEAP1+PRDX1+SOD2",3,1223,262066.55000157,261963.904763473,0.000391676229174354,1223,0,1,0,FALSE,TRUE
"KEAP1+PRKCZ+RAC2",3,1223,262063.85000157,261685.459525373,0.00144388658029393,1222,0.000817661488143884,2,0.00163532297628777,FALSE,FALSE
"KEAP1+PRKCZ+TJP1",3,1223,262028.716668238,261586.654763468,0.00168707426571701,1222,0.000817661488143884,2,0.00163532297628777,FALSE,FALSE
"KEAP1+RAC2+SYK",3,1223,262053.85000157,261999.335715855,0.000208027036102454,1223,0,1,0,FALSE,FALSE
"KEAP1+RARA+RXRA",3,1223,262057.916668237,261921.302382517,0.000521313332014661,1223,0,1,0,FALSE,FALSE
"KEAP1+RRM1+TYMS",3,1223,262169.100001569,262067.350001568,0.000388108285838129,1223,0,1,0,TRUE,TRUE
"KEAP1+SIRT3+SOD2",3,1223,262071.466668236,261952.088096805,0.000455519148836681,1223,0,1,0,FALSE,TRUE
"KEAP1+SPP1+THBS1",3,1223,262024.433334904,261946.819049188,0.000296210108072348,1223,0,1,0,FALSE,FALSE
"KEAP1+SPP1+TNFSF11",3,1223,262024.916668237,261946.819049188,0.000298054169971418,1223,0,1,0,FALSE,FALSE
"KEAP1+VIM+YWHAZ",3,1223,262002.800001571,261882.319049188,0.000459846048908252,1223,0,1,0,FALSE,FALSE
"LPL+MGLL+MPO",3,1223,262138.433334902,261882.804763469,0.00097516632025374,1223,0,1,0,FALSE,FALSE
"LPL+MGLL+NTRK2",3,1223,262115.950001568,261883.969049184,0.000885031805134773,1223,0,1,0,FALSE,FALSE
"LPL+MGLL+SOD2",3,1223,262127.383334902,261862.928572994,0.00100887880748812,1223,0,1,0,FALSE,FALSE
"LPL+NANOG+POU5F1",3,1223,262027.366668235,261891.676192042,0.000517848490094397,1223,0,1,0,FALSE,FALSE
"LPL+NCOA2+NR1H4",3,1223,262100.266668235,261925.252382518,0.000667737915498123,1223,0,1,0,FALSE,FALSE
"LPL+NCOA2+RARA",3,1223,262078.250001568,261894.442858707,0.000701344513937996,1223,0,1,0,FALSE,FALSE
"LPL+NCOA2+RXRA",3,1223,262079.700001568,261902.609525375,0.000675712297413922,1223,0,1,0,FALSE,FALSE
"LPL+NR1H4+RXRA",3,1223,262077.566668235,261872.03571585,0.000784237105821095,1223,0,1,0,FALSE,FALSE
"LPL+NR1I2+RXRA",3,1223,262091.100001569,261898.776192041,0.000733805190357484,1223,0,1,0,FALSE,FALSE
"LPL+NTRK1+NTRK2",3,1223,262022.4333349,261835.03571585,0.000715196850381128,1223,0,1,0,FALSE,FALSE
"LPL+RARA+RXRA",3,1223,262055.55000157,261814.842858707,0.00091853480249382,1223,0,1,0,FALSE,FALSE
"LPL+SIRT3+SOD2",3,1223,262069.10000157,261845.095239661,0.00085475457391504,1223,0,1,0,FALSE,FALSE
"LPL+SOD2+STAT4",3,1223,262060.15000157,261772.959525375,0.00109589525989895,1223,0,1,0,FALSE,FALSE
"LPL+SPP1+THBS1",3,1223,262022.066668237,261841.092858711,0.000690681559104234,1223,0,1,0,FALSE,FALSE
"LPL+SPP1+TNFSF11",3,1223,262022.55000157,261841.392858711,0.000691379970382822,1223,0,1,0,FALSE,FALSE
"LPL+SPP1+VWF",3,1223,262029.616668237,261854.126192044,0.000669735270478977,1223,0,1,0,FALSE,FALSE
"LPL+THBS1+VWF",3,1223,262031.516668237,261869.442858711,0.000618527922085943,1223,0,1,0,FALSE,FALSE
"MAOA+MAOB+MDH2",3,1223,262167.433334901,261976.726192041,0.000727424991099346,1223,0,1,0,TRUE,TRUE
"MAOA+MAOB+NR1I2",3,1223,262140.233334902,261954.009525374,0.000710397664481666,1223,0,1,0,TRUE,TRUE
"MAOA+MAOB+NTRK1",3,1223,262089.583334901,261927.62619204,0.000617945745113535,1223,0,1,0,FALSE,FALSE
"MAOA+MAOB+NTRK2",3,1223,262088.116668234,261887.269049183,0.000766336229222842,1223,0,1,0,FALSE,FALSE
"MAOA+MAOB+OPRM1",3,1223,262135.833334902,261957.992858708,0.000678428713585033,1223,0,1,0,FALSE,TRUE
"MAOA+MAOB+PRKCG",3,1223,262093.750001569,261932.726192042,0.000614374854516542,1223,0,1,0,FALSE,FALSE
"MAOA+MAOB+PTGS1",3,1223,262130.066668234,261946.092858707,0.000701841692047678,1223,0,1,0,FALSE,FALSE
"MAOA+NTRK1+NTRK2",3,1223,262045.766668234,261950.659525374,0.00036294096282774,1223,0,1,0,FALSE,FALSE
"MAOB+MDH2+TH",3,1223,262136.183334902,261989.716668232,0.000558742653560484,1223,0,1,0,FALSE,FALSE
"MAOB+NPY+OPRM1",3,1223,262103.816668234,261541.352382512,0.00214595992104294,1222,0.000817661488143884,2,0.00163532297628777,FALSE,FALSE
"MAOB+NPY+TPH1",3,1223,262131.0833349,261567.35238251,0.00215056888796961,1222,0.000817661488143884,2,0.00163532297628777,FALSE,FALSE
"MAOB+NTRK1+NTRK2",3,1223,262058.450001567,261983.909525375,0.000284442177658328,1223,0,1,0,FALSE,FALSE
"MAOB+NTRK1+TH",3,1223,262058.333334901,261939.083334898,0.000455051356260339,1223,0,1,0,FALSE,FALSE
"MAOB+NTRK2+TAC1",3,1223,262067.066668235,261623.492858703,0.00169259653710363,1222,0.000817661488143884,2,0.00163532297628777,FALSE,FALSE
"MAOB+NTRK2+TH",3,1223,262056.866668235,261898.809525373,0.000603140626959431,1223,0,1,0,FALSE,FALSE
"MAOB+OPRM1+TH",3,1223,262104.583334902,261970.150001565,0.000512899590028315,1223,0,1,0,FALSE,FALSE
"MAOB+OPRM1+TRPV1",3,1223,262131.100001568,261662.833334895,0.00178638348013838,1222,0.000817661488143884,2,0.00163532297628777,FALSE,FALSE
"MAOB+PRKCG+TH",3,1223,262062.50000157,261944.516668234,0.000450210668583861,1223,0,1,0,FALSE,FALSE
"MAP3K5+MDH2+PRDX1",3,1223,262114.900001568,262060.766668234,0.000206525204535457,1223,0,1,0,TRUE,TRUE
"MAP3K5+MDH2+YWHAZ",3,1223,262064.650001569,261926.500001566,0.00052715999659747,1223,0,1,0,FALSE,FALSE
"MAP3K5+MT-CYB+NCF2",3,1223,262073.700001568,262002.750001566,0.00027072537229389,1223,0,1,0,FALSE,FALSE
"MAP3K5+MT-CYB+RAC2",3,1223,262065.416668235,261982.3833349,0.000316842009870366,1223,0,1,0,FALSE,FALSE
"MAP3K5+MT-CYB+YWHAZ",3,1223,262026.500001569,261869.650001565,0.000598603576364987,1223,0,1,0,FALSE,FALSE
"MAP3K5+NANOG+SOX2",3,1223,261991.500001568,261600.616668228,0.00149196952319841,1222,0.000817661488143884,2,0.00163532297628777,FALSE,FALSE
"MAP3K5+NANOG+YWHAZ",3,1223,261990.533334901,261885.250001566,0.000401859303828744,1223,0,1,0,FALSE,FALSE
"MAP3K5+NCF2+YWHAZ",3,1223,262014.066668235,261908.716668233,0.000402077649272692,1223,0,1,0,FALSE,FALSE
"MAP3K5+NFATC1+TNFSF11",3,1223,262021.116668234,261963.500001566,0.000219893218533329,1223,0,1,0,FALSE,FALSE
"MAP3K5+NFATC1+YWHAZ",3,1223,262000.666668235,261883.383334899,0.000447645171392952,1223,0,1,0,FALSE,FALSE
"MAP3K5+NOS1+NOS2",3,1223,262000.050001566,261875.350001564,0.000475954107645005,1223,0,1,0,FALSE,FALSE
"MAP3K5+NOS2+YWHAZ",3,1223,261984.416668234,261875.366668232,0.000416246131694109,1223,0,1,0,FALSE,FALSE
"MAP3K5+NPY+OPRM1",3,1223,262050.6333349,261483.252382511,0.00216515772226389,1222,0.000817661488143884,2,0.00163532297628777,FALSE,FALSE
"MAP3K5+NQO1+PRDX1",3,1223,262040.116668234,261882.48214442,0.000601566377765095,1223,0,1,0,FALSE,FALSE
"MAP3K5+NRP1+NTRK1",3,1223,262044.366668234,261992.466668232,0.000198058064217688,1223,0,1,0,FALSE,FALSE
"MAP3K5+NRP1+YWHAZ",3,1223,262024.433334902,261894.700001565,0.000495119221079476,1223,0,1,0,FALSE,FALSE
"MAP3K5+NTRK1+YWHAZ",3,1223,261986.800001568,261876.000001566,0.000422922070889675,1223,0,1,0,FALSE,FALSE
"MAP3K5+OPRM1+TRPV1",3,1223,262077.916668234,261604.183334894,0.00180760492666598,1222,0.000817661488143884,2,0.00163532297628777,FALSE,FALSE
"MAP3K5+PLA2G4A+PLA2G7",3,1223,262120.483334901,262027.919049186,0.000353136407113652,1223,0,1,0,FALSE,FALSE
"MAP3K5+POU5F1+SOX2",3,1223,261987.50000157,261599.033334896,0.00148276794378244,1222,0.000817661488143884,2,0.00163532297628777,FALSE,FALSE
"MAP3K5+POU5F1+YWHAZ",3,1223,261986.533334904,261882.916668235,0.0003955037892589,1223,0,1,0,FALSE,FALSE
"MAP3K5+PRDX1+PRKCZ",3,1223,262055.65000157,261701.123811087,0.00135286604383711,1222,0.000817661488143884,2,0.00163532297628777,FALSE,FALSE
"MAP3K5+PRDX1+RARA",3,1223,262052.150001569,261985.366668234,0.000254847492513366,1223,0,1,0,FALSE,FALSE
"MAP3K5+PRDX1+RRM1",3,1223,262131.716668236,262081.902382521,0.000190035324027948,1223,0,1,0,FALSE,FALSE
"MAP3K5+PRDX1+SOX2",3,1223,262018.083334903,261630.116668229,0.00148068660657352,1222,0.000817661488143884,2,0.00163532297628777,FALSE,FALSE
"MAP3K5+PRDX1+STAT4",3,1223,262063.333334902,261959.314287282,0.000396923317341091,1223,0,1,0,FALSE,FALSE
"MAP3K5+PRKCZ+RAC2",3,1223,262044.316668236,261670.823811087,0.00142530416953257,1222,0.000817661488143884,2,0.00163532297628777,FALSE,FALSE
"MAP3K5+PRKCZ+TJP1",3,1223,262009.183334904,261572.019049182,0.00166850749335434,1222,0.000817661488143884,2,0.00163532297628777,FALSE,FALSE
"MAP3K5+PRKCZ+YWHAZ",3,1223,262005.400001571,261567.173811086,0.00167258457452457,1222,0.000817661488143884,2,0.00163532297628777,FALSE,FALSE
"MAP3K5+RAC2+YWHAZ",3,1223,262005.783334904,261883.550001568,0.00046652914214218,1223,0,1,0,FALSE,FALSE
"MAP3K5+RARA+YWHAZ",3,1223,262001.90000157,261851.116668233,0.00057550473235668,1223,0,1,0,FALSE,FALSE
"MAP3K5+RASA1+YWHAZ",3,1223,262012.70000157,261895.283334901,0.000448133493789249,1223,0,1,0,FALSE,FALSE
"MAP3K5+SOD2+STAT4",3,1223,262042.983334903,261865.0833349,0.000678896254877492,1223,0,1,0,FALSE,FALSE
"MAP3K5+SOD2+YWHAZ",3,1223,261996.766668237,261815.902382519,0.000690330220551649,1223,0,1,0,FALSE,FALSE
"MAP3K5+SOX9+YWHAZ",3,1223,262000.033334903,261870.366668234,0.000494910878517052,1223,0,1,0,FALSE,FALSE
"MAP3K5+SPP1+TNFSF11",3,1223,262005.383334903,261931.116668235,0.000283454735634847,1223,0,1,0,FALSE,FALSE
"MAP3K5+SPP1+YWHAZ",3,1223,261984.933334904,261846.050001568,0.000530119543777907,1223,0,1,0,FALSE,FALSE
"MAP3K5+SYK+YWHAZ",3,1223,261995.40000157,261878.600001568,0.000445809353910254,1223,0,1,0,FALSE,FALSE
"MAP3K5+TJP1+YWHAZ",3,1223,261970.650001571,261782.078572997,0.000719818913199943,1223,0,1,0,FALSE,FALSE
"MAP3K5+TNFSF11+YWHAZ",3,1223,261987.316668237,261864.733334901,0.000467897968859154,1223,0,1,0,FALSE,FALSE
"MAP3K5+XIAP+YWHAZ",3,1223,261985.616668237,261866.626192045,0.000454187056930788,1223,0,1,0,FALSE,FALSE
"MB+MPO+MT-CYB",3,1223,262118.716668235,261990.469049185,0.000489273031245352,1223,0,1,0,FALSE,FALSE
"MB+MT-CYB+NOS1",3,1223,262093.400001568,261932.833334899,0.000612631476672454,1223,0,1,0,FALSE,FALSE
"MB+MT-CYB+SOD2",3,1223,262107.666668236,261969.135715852,0.000528526899440607,1223,0,1,0,FALSE,FALSE
"MB+MT-CYB+TJP1",3,1223,262081.55000157,261935.628572996,0.00055677871476556,1223,0,1,0,FALSE,FALSE
"MB+MT-CYB+XIAP",3,1223,262096.516668236,262020.159525378,0.000291332154388035,1223,0,1,0,FALSE,FALSE
"MB+NOS1+PYGM",3,1223,262132.8833349,262013.516668232,0.000455367007564433,1223,0,1,0,FALSE,FALSE
"MB+NPY+PYGM",3,1223,262134.8333349,261587.452382511,0.00208816564142045,1222,0.000817661488143884,2,0.00163532297628777,FALSE,FALSE
"MB+NTRK1+NTRK2",3,1223,262056.533334901,261985.126192042,0.000272487550491252,1223,0,1,0,FALSE,FALSE
"MB+NTRK2+PYGM",3,1223,262135.716668234,262069.676192042,0.000251932384610964,1223,0,1,0,FALSE,FALSE
"MB+NTRK2+TAC1",3,1223,262065.150001568,261624.70952537,0.00168065260182648,1222,0.000817661488143884,2,0.00163532297628777,FALSE,FALSE
"MB+PLG+VWF",3,1223,262093.90000157,261943.869049187,0.000572432064929518,1223,0,1,0,FALSE,FALSE
"MB+PYGM+SCN5A",3,1223,262175.683334902,262112.700001568,0.000240233314290017,1223,0,1,0,FALSE,FALSE
"MB+PYGM+TAC1",3,1223,262145.800001569,261742.616668229,0.00153801179854041,1222,0.000817661488143884,2,0.00163532297628777,FALSE,FALSE
"MB+PYGM+TFRC",3,1223,262151.616668236,262069.635715853,0.000312723428618877,1223,0,1,0,FALSE,FALSE
"MB+SPP1+VWF",3,1223,262063.716668237,262003.766668236,0.000228761160696145,1223,0,1,0,FALSE,FALSE
"MDH2+NANOG+POU5F1",3,1223,262098.883334903,262053.933334902,0.00017150015837275,1223,0,1,0,TRUE,TRUE
"MDH2+NANOG+SOX2",3,1223,262080.183334903,261672.466668229,0.00155569437370506,1222,0.000817661488143884,2,0.00163532297628777,FALSE,FALSE
"MDH2+PNP+SIRT3",3,1223,262205.200001568,262125.766668235,0.000302943394457356,1223,0,1,0,TRUE,TRUE
"MDH2+POU5F1+SOX2",3,1223,262076.183334906,261671.066668231,0.00154579733846583,1222,0.000817661488143884,2,0.00163532297628777,FALSE,FALSE
"MDH2+PRDX1+SOD2",3,1223,262135.700001571,262021.452382521,0.000435833879358749,1223,0,1,0,FALSE,TRUE
"MDH2+SIRT3+SOD2",3,1223,262140.616668238,262009.302382521,0.000500930711867631,1223,0,1,0,FALSE,TRUE
"MDH2+SOD2+STAT4",3,1223,262131.666668238,261937.383334901,0.000741166970806284,1223,0,1,0,FALSE,FALSE
"MGLL+NTRK2+TAC1",3,1223,262118.233334902,261628.526192037,0.00186826813470675,1222,0.000817661488143884,2,0.00163532297628777,FALSE,FALSE
"MGLL+NTRK2+TRPV1",3,1223,262134.550001569,261613.692858704,0.00198698394721841,1222,0.000817661488143884,2,0.00163532297628777,FALSE,FALSE
"MPO+MT-CYB+NCF2",3,1223,262105.550001568,261985.119049185,0.000459475018300015,1223,0,1,0,FALSE,FALSE
"MPO+MT-CYB+PTGS1",3,1223,262118.766668235,261967.085715851,0.000578672615898612,1223,0,1,0,FALSE,FALSE
"MPO+MT-CYB+RAC2",3,1223,262097.266668235,261964.752382518,0.000505592017045697,1223,0,1,0,FALSE,FALSE
"MPO+NCF2+RAC2",3,1223,262084.833334902,261992.619049185,0.000351848996917647,1223,0,1,0,FALSE,FALSE
"MPO+NOS1+NOS2",3,1223,262031.900001567,261857.93571585,0.00066390498910851,1223,0,1,0,FALSE,FALSE
"MPO+NPY+OPRM1",3,1223,262082.483334901,261467.67143013,0.00234587179176493,1222,0.000817661488143884,2,0.00163532297628777,FALSE,FALSE
"MPO+PLG+THBS1",3,1223,262066.933334903,261857.304763471,0.000799904699019582,1223,0,1,0,FALSE,FALSE
"MPO+PLG+VWF",3,1223,262074.483334903,261867.471430137,0.000789897215979551,1223,0,1,0,FALSE,FALSE
"MPO+RAC2+SYK",3,1223,262066.166668237,261966.885715854,0.000378839258973862,1223,0,1,0,FALSE,FALSE
"MPO+SOD2+STAT4",3,1223,262074.833334903,261847.902382518,0.000865901351524423,1223,0,1,0,FALSE,FALSE
"MPO+SPP1+THBS1",3,1223,262036.750001571,261914.419049187,0.000466846548748179,1223,0,1,0,FALSE,FALSE
"MPO+SPP1+TNFSF11",3,1223,262037.233334904,261914.369049187,0.000468881021804868,1223,0,1,0,FALSE,FALSE
"MPO+SPP1+VWF",3,1223,262044.30000157,261927.419049187,0.000446035087894314,1223,0,1,0,FALSE,FALSE
"MPO+SYK+VWF",3,1223,262054.766668237,261959.985715854,0.000361683756368358,1223,0,1,0,FALSE,FALSE
"MPO+THBS1+VWF",3,1223,262046.20000157,261943.302382521,0.000392669762236508,1223,0,1,0,FALSE,FALSE
"MT-CYB+NCF2+NOS1",3,1223,262080.233334901,261927.483334899,0.000582836782685003,1223,0,1,0,FALSE,FALSE
"MT-CYB+NCF2+NOS2",3,1223,262082.150001568,262023.466668234,0.000223911980780978,1223,0,1,0,FALSE,FALSE
"MT-CYB+NCF2+NQO1",3,1223,262087.600001568,261899.265477754,0.000718593797694567,1223,0,1,0,FALSE,FALSE
"MT-CYB+NCF2+NRP1",3,1223,262122.166668235,262043.316668234,0.000300813933456712,1223,0,1,0,TRUE,TRUE
"MT-CYB+NCF2+PLA2G2A",3,1223,262149.833334902,262082.109525378,0.000258340082322284,1223,0,1,0,FALSE,TRUE
"MT-CYB+NCF2+PLA2G4A",3,1223,262125.000001568,262030.316668233,0.000361214433321821,1223,0,1,0,FALSE,TRUE
"MT-CYB+NCF2+PLD2",3,1223,262144.100001568,262057.316668233,0.000331052018085032,1223,0,1,0,FALSE,TRUE
"MT-CYB+NCF2+POU5F1",3,1223,262084.266668236,262031.016668235,0.000203178926678205,1223,0,1,0,FALSE,FALSE
"MT-CYB+NCF2+PRKCG",3,1223,262088.700001569,262029.366668235,0.000226386461277928,1223,0,1,0,FALSE,FALSE
"MT-CYB+NCF2+PRKCZ",3,1223,262103.133334902,261715.323811087,0.00147960659180768,1222,0.000817661488143884,2,0.00163532297628777,TRUE,TRUE
"MT-CYB+NCF2+RARA",3,1223,262099.633334902,261999.566668233,0.000381788655696491,1223,0,1,0,FALSE,FALSE
"MT-CYB+NCF2+RASA1",3,1223,262110.433334902,262043.483334901,0.000255426688473226,1223,0,1,0,FALSE,FALSE
"MT-CYB+NCF2+SOX2",3,1223,262065.566668236,261644.183334896,0.00160793094147216,1222,0.000817661488143884,2,0.00163532297628777,FALSE,FALSE
"MT-CYB+NCF2+SYK",3,1223,262093.133334902,262026.783334901,0.000253154285870583,1223,0,1,0,FALSE,FALSE
"MT-CYB+NCF2+TJP1",3,1223,262068.383334903,261930.195239663,0.000527297850589359,1223,0,1,0,FALSE,FALSE
"MT-CYB+NCF2+TNFSF11",3,1223,262085.050001569,262012.966668234,0.000275037944111323,1223,0,1,0,FALSE,FALSE
"MT-CYB+NCF2+VIM",3,1223,262081.000001569,262014.750001568,0.000252784444506826,1223,0,1,0,FALSE,FALSE
"MT-CYB+NCF2+XIAP",3,1223,262083.350001569,262014.726192044,0.0002618396381322,1223,0,1,0,FALSE,FALSE
"MT-CYB+NCF2+YWHAZ",3,1223,262064.60000157,261924.600001567,0.000534219425294524,1223,0,1,0,FALSE,FALSE
"MT-CYB+NOS1+NOS2",3,1223,262050.583334901,261891.400001565,0.00060745269600182,1223,0,1,0,FALSE,FALSE
"MT-CYB+NOS1+RAC2",3,1223,262071.950001568,261907.033334899,0.000629280114366026,1223,0,1,0,FALSE,FALSE
"MT-CYB+NOS2+PTGS1",3,1223,262095.366668234,262005.600001566,0.000342496198269981,1223,0,1,0,FALSE,FALSE
"MT-CYB+NOS2+RAC2",3,1223,262073.866668235,262003.100001567,0.000270025651803341,1223,0,1,0,FALSE,FALSE
"MT-CYB+NQO1+RAC2",3,1223,262079.316668235,261878.898811088,0.000764722144788177,1223,0,1,0,FALSE,FALSE
"MT-CYB+NRP1+RAC2",3,1223,262113.883334902,262022.700001567,0.00034787677850201,1223,0,1,0,FALSE,FALSE
"MT-CYB+PLA2G2A+PLA2G4A",3,1223,262163.033334902,262025.026192043,0.000526417249233191,1223,0,1,0,TRUE,TRUE
"MT-CYB+PLA2G2A+PLD2",3,1223,262182.133334901,262080.49285871,0.000387671253178512,1223,0,1,0,TRUE,TRUE
"MT-CYB+PLA2G2A+RAC2",3,1223,262141.55000157,262061.742858711,0.000304442934962679,1223,0,1,0,FALSE,FALSE
"MT-CYB+PLA2G4A+PLD2",3,1223,262157.300001568,262026.566668232,0.000498682788290017,1223,0,1,0,TRUE,TRUE
"MT-CYB+PLA2G4A+PRKCG",3,1223,262101.900001569,262004.083334901,0.00037320090647186,1223,0,1,0,FALSE,FALSE
"MT-CYB+PLA2G4A+RAC2",3,1223,262116.716668236,262009.0833349,0.00041063131990704,1223,0,1,0,FALSE,FALSE
"MT-CYB+PLD2+PTGS1",3,1223,262157.316668236,262039.416668234,0.000449729961764067,1223,0,1,0,TRUE,TRUE
"MT-CYB+POU5F1+RAC2",3,1223,262075.983334904,262010.65000157,0.000249291569960008,1223,0,1,0,FALSE,FALSE
"MT-CYB+POU5F1+SOX2",3,1223,262038.033334905,261615.000001564,0.00161439668874552,1222,0.000817661488143884,2,0.00163532297628777,FALSE,FALSE
"MT-CYB+PRKCG+PTGS1",3,1223,262101.916668237,262011.500001569,0.000344967590536482,1223,0,1,0,FALSE,FALSE
"MT-CYB+PRKCG+RAC2",3,1223,262080.416668238,262009.00000157,0.000272499058020625,1223,0,1,0,FALSE,FALSE
"MT-CYB+PRKCZ+TJP1",3,1223,262059.716668239,261588.052382516,0.00179983513574344,1222,0.000817661488143884,2,0.00163532297628777,FALSE,FALSE
"MT-CYB+PTGS1+SOD2",3,1223,262107.716668237,261945.30238252,0.000619647096932519,1223,0,1,0,FALSE,FALSE
"MT-CYB+PTGS1+TJP1",3,1223,262081.600001571,261912.245239664,0.000646190964592286,1223,0,1,0,FALSE,FALSE
"MT-CYB+PTGS1+TNFSF11",3,1223,262098.266668237,261995.233334902,0.000393109556369398,1223,0,1,0,FALSE,FALSE
"MT-CYB+RAC2+RARA",3,1223,262091.350001571,261979.033334901,0.000428540150863244,1223,0,1,0,FALSE,FALSE
"MT-CYB+RAC2+RASA1",3,1223,262102.150001571,262022.850001569,0.000302553794391369,1223,0,1,0,FALSE,FALSE
"MT-CYB+RAC2+SOD2",3,1223,262086.216668237,261943.252382521,0.000545485708993265,1223,0,1,0,FALSE,FALSE
"MT-CYB+RAC2+SOX2",3,1223,262057.283334905,261623.81666823,0.00165409127790062,1222,0.000817661488143884,2,0.00163532297628777,FALSE,FALSE
"MT-CYB+RAC2+TJP1",3,1223,262060.100001572,261909.578572998,0.000574377513296587,1223,0,1,0,FALSE,FALSE
"MT-CYB+RAC2+TNFSF11",3,1223,262076.766668238,261992.600001569,0.000321152720777595,1223,0,1,0,FALSE,FALSE
"MT-CYB+RAC2+VIM",3,1223,262072.716668238,261994.383334903,0.000298899230452121,1223,0,1,0,FALSE,FALSE
"MT-CYB+RAC2+XIAP",3,1223,262075.066668238,261994.35952538,0.000307954296775881,1223,0,1,0,FALSE,FALSE
"MT-CYB+RAC2+YWHAZ",3,1223,262056.316668238,261904.233334902,0.000580345993066,1223,0,1,0,FALSE,FALSE
"MT-CYB+SIRT3+SOD2",3,1223,262102.466668237,261953.035715853,0.000570124174271602,1223,0,1,0,FALSE,FALSE
"MT-CYB+VIM+YWHAZ",3,1223,262033.800001572,261882.516668236,0.000577342821175941,1223,0,1,0,FALSE,FALSE
"NANOG+NCOA2+NR1H4",3,1223,262097.666668235,262047.376192044,0.00019187685579336,1223,0,1,0,FALSE,FALSE
"NANOG+NCOA2+RARA",3,1223,262075.650001568,262016.4833349,0.000225761785455858,1223,0,1,0,FALSE,FALSE
"NANOG+NCOA2+RXRA",3,1223,262077.100001568,262024.566668234,0.000200449918494883,1223,0,1,0,FALSE,FALSE
"NANOG+NCOA2+SOX2",3,1223,262041.583334902,261659.900001563,0.00145657543540245,1222,0.000817661488143884,2,0.00163532297628777,FALSE,FALSE
"NANOG+NOS2+SOX2",3,1223,261999.950001568,261621.416668229,0.00144478399074921,1222,0.000817661488143884,2,0.00163532297628777,FALSE,FALSE
"NANOG+NPY+POU5F1",3,1223,262018.683334901,261482.419049178,0.00204666430232037,1222,0.000817661488143884,2,0.00163532297628777,FALSE,FALSE
"NANOG+NQO1+POU5F1",3,1223,262024.100001568,261878.465477755,0.00055580583546444,1223,0,1,0,TRUE,TRUE
"NANOG+NR1H4+RXRA",3,1223,262074.966668235,261993.992858709,0.000308971934844471,1223,0,1,0,FALSE,FALSE
"NANOG+NR1H4+SOX2",3,1223,262039.450001569,261627.776192038,0.00157103752709009,1222,0.000817661488143884,2,0.00163532297628777,FALSE,FALSE
"NANOG+NR1I2+POU5F1",3,1223,262071.683334902,262028.100001568,0.0001663030999004,1223,0,1,0,TRUE,TRUE
"NANOG+NR1I2+RXRA",3,1223,262088.500001569,262020.066668233,0.00026110773015664,1223,0,1,0,FALSE,FALSE
"NANOG+NR1I2+SOX2",3,1223,262052.983334903,261647.633334896,0.00154682459573119,1222,0.000817661488143884,2,0.00163532297628777,FALSE,FALSE
"NANOG+NRP1+NTRK1",3,1223,262058.933334901,262022.9833349,0.000137182883038989,1223,0,1,0,FALSE,FALSE
"NANOG+NRP1+POU5F1",3,1223,262058.666668235,262022.216668234,0.000139090992351321,1223,0,1,0,TRUE,TRUE
"NANOG+NRP1+SOX2",3,1223,262039.966668236,261640.666668229,0.00152381335215368,1222,0.000817661488143884,2,0.00163532297628777,FALSE,FALSE
"NANOG+NTRK1+NTRK2",3,1223,262019.8333349,261956.976192042,0.000239894599040391,1223,0,1,0,FALSE,FALSE
"NANOG+NTRK1+SOX2",3,1223,262002.333334902,261621.966668229,0.00145176824126425,1222,0.000817661488143884,2,0.00163532297628777,FALSE,FALSE
"NANOG+NTRK2+POU5F1",3,1223,262019.566668235,261963.24285871,0.000214960318579926,1223,0,1,0,FALSE,FALSE
"NANOG+NTRK2+SOX2",3,1223,262000.866668235,261581.742858704,0.0015997039050315,1222,0.000817661488143884,2,0.00163532297628777,FALSE,FALSE
"NANOG+PLG+POU5F1",3,1223,262049.35000157,261914.835715853,0.000513316616567505,1223,0,1,0,FALSE,FALSE
"NANOG+PLG+THBS1",3,1223,262049.65000157,261905.385715853,0.00055052271855982,1223,0,1,0,FALSE,FALSE
"NANOG+POU5F1+PRKCZ",3,1223,262039.633334904,261694.557144421,0.00131688548824094,1222,0.000817661488143884,2,0.00163532297628777,TRUE,TRUE
"NANOG+POU5F1+RARA",3,1223,262036.133334904,261978.550001568,0.000219753408061685,1223,0,1,0,TRUE,TRUE
"NANOG+POU5F1+RXRA",3,1223,262037.583334904,261990.300001569,0.000180444853494555,1223,0,1,0,FALSE,FALSE
"NANOG+POU5F1+SLC6A3",3,1223,262068.483334902,262016.109525378,0.000199847798782238,1223,0,1,0,FALSE,FALSE
"NANOG+POU5F1+SOD2",3,1223,262031.000001571,261943.852382521,0.000332585148508646,1223,0,1,0,FALSE,FALSE
"NANOG+POU5F1+SOX9",3,1223,262034.266668237,261997.800001569,0.000139167549081387,1223,0,1,0,FALSE,TRUE
"NANOG+POU5F1+SPP1",3,1223,262019.166668237,261974.55000157,0.000170280163985681,1223,0,1,0,FALSE,FALSE
"NANOG+POU5F1+STAT4",3,1223,262047.316668237,261952.697620616,0.000361076193504895,1223,0,1,0,FALSE,FALSE
"NANOG+POU5F1+THBS1",3,1223,262021.066668237,261991.933334904,0.000111186988528855,1223,0,1,0,FALSE,FALSE
"NANOG+POU5F1+TJP1",3,1223,262004.883334905,261909.595239665,0.000363688241327154,1223,0,1,0,FALSE,FALSE
"NANOG+POU5F1+TYMS",3,1223,262069.20000157,262022.302382522,0.000178951280990658,1223,0,1,0,FALSE,TRUE
"NANOG+POU5F1+YWHAZ",3,1223,262001.100001571,261905.016668236,0.00036672874020327,1223,0,1,0,FALSE,FALSE
"NANOG+PRDX1+SOD2",3,1223,262061.583334903,261980.435715854,0.000309650953094764,1223,0,1,0,FALSE,FALSE
"NANOG+PRDX1+SOX2",3,1223,262032.650001571,261658.800001564,0.0014267306001936,1222,0.000817661488143884,2,0.00163532297628777,FALSE,FALSE
"NANOG+PRKCZ+SOX2",3,1223,262020.933334904,261313.257144415,0.00270083836998003,1221,0.00163532297628777,3,0.00326930771773415,FALSE,FALSE
"NANOG+PRKCZ+TJP1",3,1223,262023.750001571,261602.53571585,0.00160754239155481,1222,0.000817661488143884,2,0.00163532297628777,FALSE,FALSE
"NANOG+RARA+RXRA",3,1223,262052.95000157,261937.116668232,0.000442022626866434,1223,0,1,0,FALSE,FALSE
"NANOG+RARA+SOX2",3,1223,262017.433334904,261596.950001562,0.00160479143693015,1222,0.000817661488143884,2,0.00163532297628777,FALSE,FALSE
"NANOG+RXRA+SOX2",3,1223,262018.883334904,261608.933334896,0.00156458189116182,1222,0.000817661488143884,2,0.00163532297628777,FALSE,FALSE
"NANOG+SIRT3+SOD2",3,1223,262066.50000157,261968.619049187,0.000373496621591252,1223,0,1,0,FALSE,FALSE
"NANOG+SIRT3+SOX2",3,1223,262037.566668237,261646.150001563,0.00149374256390367,1222,0.000817661488143884,2,0.00163532297628777,FALSE,FALSE
"NANOG+SOD2+STAT4",3,1223,262057.55000157,261896.0333349,0.000616340443801766,1223,0,1,0,FALSE,FALSE
"NANOG+SOX2+SOX9",3,1223,262015.566668237,261616.250001563,0.0015240188655653,1222,0.000817661488143884,2,0.00163532297628777,FALSE,FALSE
"NANOG+SOX2+SPP1",3,1223,262000.466668238,261593.000001563,0.00155521351490751,1222,0.000817661488143884,2,0.00163532297628777,FALSE,FALSE
"NANOG+SOX2+STAT4",3,1223,262028.616668237,261571.114287276,0.00174600158859839,1222,0.000817661488143884,2,0.00163532297628777,FALSE,FALSE
"NANOG+SOX2+SYK",3,1223,262010.933334904,261624.56666823,0.00147462039753843,1222,0.000817661488143884,2,0.00163532297628777,FALSE,FALSE
"NANOG+SOX2+THBS1",3,1223,262002.366668238,261610.383334897,0.00149610607844997,1222,0.000817661488143884,2,0.00163532297628777,FALSE,FALSE
"NANOG+SOX2+TJP1",3,1223,261986.183334905,261528.095239659,0.00174852005329074,1222,0.000817661488143884,2,0.00163532297628777,FALSE,FALSE
"NANOG+SOX2+VIM",3,1223,261998.800001571,261611.76666823,0.001477233229077,1222,0.000817661488143884,2,0.00163532297628777,FALSE,FALSE
"NANOG+SOX2+XIAP",3,1223,262001.150001571,261612.592858707,0.00148303602049848,1222,0.000817661488143884,2,0.00163532297628777,FALSE,FALSE
"NANOG+SPP1+THBS1",3,1223,262019.466668237,261962.533334903,0.000217286654531024,1223,0,1,0,FALSE,FALSE
"NANOG+VIM+YWHAZ",3,1223,261997.833334905,261898.200001569,0.000380283043059038,1223,0,1,0,FALSE,FALSE
"NCF2+NFATC1+TNFSF11",3,1223,262059.216668235,262017.483334901,0.000159251538125127,1223,0,1,0,FALSE,FALSE
"NCF2+NOS1+NOS2",3,1223,262038.150001567,261929.633334899,0.000414125449547664,1223,0,1,0,FALSE,FALSE
"NCF2+NOS1+RAC2",3,1223,262059.516668234,261934.816668233,0.000475846103919153,1223,0,1,0,FALSE,FALSE
"NCF2+NQO1+RAC2",3,1223,262066.883334901,261906.715477755,0.000611171679184341,1223,0,1,0,FALSE,FALSE
"NCF2+NRP1+RAC2",3,1223,262101.450001569,262050.216668234,0.000195471384588197,1223,0,1,0,FALSE,TRUE
"NCF2+PLA2G2A+PLA2G4A",3,1223,262150.600001568,262063.809525377,0.000331071056831944,1223,0,1,0,TRUE,TRUE
"NCF2+PLA2G2A+PLD2",3,1223,262169.700001568,262117.792858711,0.000197990625372402,1223,0,1,0,TRUE,TRUE
"NCF2+PLA2G2A+PTGS1",3,1223,262150.616668235,262103.626192044,0.000179249916662072,1223,0,1,0,TRUE,TRUE
"NCF2+PLA2G2A+RAC2",3,1223,262129.116668236,262089.609525378,0.000150716346812296,1223,0,1,0,TRUE,TRUE
"NCF2+PLA2G4A+PLD2",3,1223,262144.866668234,262064.166668233,0.000307845051580768,1223,0,1,0,TRUE,TRUE
"NCF2+PLA2G4A+PRKCG",3,1223,262089.466668236,262042.616668235,0.000178755753126425,1223,0,1,0,FALSE,FALSE
"NCF2+PLA2G4A+PTGS1",3,1223,262125.783334901,262052.966668233,0.000277792843349056,1223,0,1,0,TRUE,TRUE
"NCF2+PLA2G4A+RAC2",3,1223,262104.283334902,262037.250001568,0.000255750621399153,1223,0,1,0,TRUE,TRUE
"NCF2+PLG+THBS1",3,1223,262073.183334904,261928.85238252,0.000550727665251438,1223,0,1,0,FALSE,FALSE
"NCF2+PLG+VWF",3,1223,262080.733334903,261939.10238252,0.000540409630959249,1223,0,1,0,FALSE,FALSE
"NCF2+POU5F1+SOX2",3,1223,262025.600001571,261653.016668231,0.00142193485422049,1222,0.000817661488143884,2,0.00163532297628777,FALSE,FALSE
"NCF2+PRKCG+SLC6A3",3,1223,262096.450001569,262047.559525378,0.000186536201429055,1223,0,1,0,FALSE,FALSE
"NCF2+PRKCG+TRPV4",3,1223,262095.90000157,262060.409525379,0.000135410268495839,1223,0,1,0,FALSE,FALSE
"NCF2+PRKCZ+TJP1",3,1223,262047.283334905,261626.002382517,0.00160765243213667,1222,0.000817661488143884,2,0.00163532297628777,FALSE,FALSE
"NCF2+PTGS1+RAC2",3,1223,262104.30000157,262049.766668236,0.000208059666832905,1223,0,1,0,FALSE,FALSE
"NCF2+RAC2+RARA",3,1223,262078.916668237,262006.633334901,0.000275807509640291,1223,0,1,0,FALSE,FALSE
"NCF2+RAC2+SOX2",3,1223,262044.850001571,261651.46666823,0.0015012061230667,1222,0.000817661488143884,2,0.00163532297628777,FALSE,FALSE
"NCF2+RAC2+SPP1",3,1223,262061.950001571,262002.55000157,0.000226663962473728,1223,0,1,0,FALSE,FALSE
"NCF2+RAC2+TJP1",3,1223,262047.666668238,261937.178572999,0.000421633577752933,1223,0,1,0,FALSE,FALSE
"NCF2+RAC2+TNFSF11",3,1223,262064.333334904,262020.166668236,0.000168533680662719,1223,0,1,0,FALSE,FALSE
"NCF2+RAC2+TRPV4",3,1223,262110.716668237,262058.759525379,0.000198225938710328,1223,0,1,0,FALSE,FALSE
"NCF2+RAC2+YWHAZ",3,1223,262043.883334904,261932.566668236,0.000424801621972448,1223,0,1,0,FALSE,FALSE
"NCF2+SPP1+THBS1",3,1223,262043.000001571,261986.00000157,0.000217521551808875,1223,0,1,0,FALSE,FALSE
"NCF2+SPP1+TNFSF11",3,1223,262043.483334904,261986.083334903,0.000219047614810841,1223,0,1,0,FALSE,FALSE
"NCF2+SPP1+VWF",3,1223,262050.55000157,261999.083334903,0.000196399765874933,1223,0,1,0,FALSE,FALSE
"NCF2+THBS1+VWF",3,1223,262052.450001571,262014.833334903,0.00014354632695468,1223,0,1,0,FALSE,FALSE
"NCF2+VIM+YWHAZ",3,1223,262021.366668238,261921.666668236,0.000380503320281944,1223,0,1,0,FALSE,FALSE
"NCOA2+NR1H4+NR1I2",3,1223,262144.583334902,262056.29285871,0.000336800688646388,1223,0,1,0,TRUE,TRUE
"NCOA2+NR1H4+NTRK1",3,1223,262093.933334901,262038.29285871,0.000212292117880208,1223,0,1,0,FALSE,FALSE
"NCOA2+NR1H4+NTRK2",3,1223,262092.466668235,261997.935715852,0.000360677869090331,1223,0,1,0,FALSE,FALSE
"NCOA2+NR1H4+SIRT3",3,1223,262129.166668235,262062.476192044,0.000254418373350829,1223,0,1,0,TRUE,TRUE
"NCOA2+NR1H4+SOD2",3,1223,262103.900001569,261978.645239662,0.000477882099069848,1223,0,1,0,FALSE,FALSE
"NCOA2+NR1H4+SOX2",3,1223,262074.966668236,261658.292858706,0.00158990312897045,1222,0.000817661488143884,2,0.00163532297628777,FALSE,FALSE
"NCOA2+NR1I2+RARA",3,1223,262122.566668236,262033.950001566,0.000338073397480709,1223,0,1,0,TRUE,TRUE
"NCOA2+NTRK1+NTRK2",3,1223,262055.350001568,261985.742858709,0.000265620003019107,1223,0,1,0,FALSE,FALSE
"NCOA2+NTRK1+RARA",3,1223,262071.916668235,262007.316668233,0.000246497224210773,1223,0,1,0,FALSE,FALSE
"NCOA2+NTRK1+RXRA",3,1223,262073.366668235,262015.4833349,0.000220866904831918,1223,0,1,0,FALSE,FALSE
"NCOA2+NTRK2+RARA",3,1223,262070.450001569,261967.176192042,0.000394068883105225,1223,0,1,0,FALSE,FALSE
"NCOA2+RARA+SIRT3",3,1223,262107.15000157,262031.500001568,0.00028862242026606,1223,0,1,0,TRUE,TRUE
"NCOA2+RARA+SOD2",3,1223,262081.883334904,261947.569049186,0.000512489776129499,1223,0,1,0,FALSE,FALSE
"NCOA2+RARA+SOX2",3,1223,262052.950001571,261627.300001562,0.00162429005285536,1222,0.000817661488143884,2,0.00163532297628777,FALSE,FALSE
"NCOA2+RXRA+SIRT3",3,1223,262108.60000157,262039.666668235,0.000262995313143666,1223,0,1,0,TRUE,TRUE
"NCOA2+RXRA+SOD2",3,1223,262083.333334904,261955.735715854,0.000486858959807823,1223,0,1,0,FALSE,FALSE
"NCOA2+RXRA+SOX2",3,1223,262054.400001571,261635.51666823,0.0015984594547509,1222,0.000817661488143884,2,0.00163532297628777,FALSE,FALSE
"NCOA2+RXRA+TRPV1",3,1223,262098.30000157,261611.516668229,0.00185725482896426,1222,0.000817661488143884,2,0.00163532297628777,FALSE,FALSE
"NCOA2+SIRT3+SOD2",3,1223,262102.016668237,261997.302382521,0.000399517283565354,1223,0,1,0,FALSE,FALSE
"NFATC1+NOS1+NOS2",3,1223,262024.750001566,261904.300001565,0.000459689399572749,1223,0,1,0,FALSE,FALSE
"NFATC1+NOS1+TNFSF11",3,1223,262027.650001568,261888.150001565,0.000532386563026344,1223,0,1,0,FALSE,FALSE
"NFATC1+NOS2+TNFSF11",3,1223,262029.566668234,261984.216668233,0.000173072071894653,1223,0,1,0,FALSE,FALSE
"NFATC1+NPY+TNFSF11",3,1223,262029.600001567,261463.185715844,0.00216164237063177,1222,0.000817661488143884,2,0.00163532297628777,FALSE,FALSE
"NFATC1+NTRK1+NTRK2",3,1223,262029.966668234,261955.109525375,0.000285681610429855,1223,0,1,0,FALSE,FALSE
"NFATC1+NTRK1+TNFSF11",3,1223,262031.950001568,261984.850001567,0.000179749072587665,1223,0,1,0,FALSE,FALSE
"NFATC1+NTRK2+TAC1",3,1223,262038.583334901,261593.926192036,0.00169691477188449,1222,0.000817661488143884,2,0.00163532297628777,FALSE,FALSE
"NFATC1+NTRK2+TNFSF11",3,1223,262030.483334901,261944.492858709,0.000328169742306317,1223,0,1,0,FALSE,FALSE
"NFATC1+PLA2G2A+PLA2G4A",3,1223,262137.200001568,262038.94285871,0.000374830977282192,1223,0,1,0,TRUE,TRUE
"NFATC1+PLA2G4A+PRKCG",3,1223,262076.066668235,262017.450001568,0.000223662799174629,1223,0,1,0,FALSE,FALSE
"NFATC1+PRKCG+TNFSF11",3,1223,262036.116668237,261990.116668236,0.000175548319773289,1223,0,1,0,FALSE,FALSE
"NFATC1+PRKCG+TRPV4",3,1223,262082.50000157,262034.909525379,0.000181585860142719,1223,0,1,0,FALSE,FALSE
"NFATC1+PRKCZ+RAC2",3,1223,262069.016668237,261699.557144421,0.0014097794867669,1222,0.000817661488143884,2,0.00163532297628777,FALSE,FALSE
"NFATC1+PRKCZ+TNFSF11",3,1223,262050.55000157,261676.023811087,0.00142921352571479,1222,0.000817661488143884,2,0.00163532297628777,FALSE,FALSE
"NFATC1+RAC2+TNFSF11",3,1223,262050.933334903,261992.766668236,0.000221967027277836,1223,0,1,0,FALSE,FALSE
"NFATC1+RARA+TNFSF11",3,1223,262047.05000157,261960.216668234,0.000331365429740993,1223,0,1,0,FALSE,FALSE
"NFATC1+SIRT3+SOD2",3,1223,262076.633334903,261967.00238252,0.000418316394666274,1223,0,1,0,FALSE,FALSE
"NFATC1+SOD2+STAT4",3,1223,262067.683334903,261893.8833349,0.000663187455207326,1223,0,1,0,FALSE,FALSE
"NFATC1+SOD2+TNFSF11",3,1223,262041.916668237,261925.319049187,0.000444957892738684,1223,0,1,0,FALSE,FALSE
"NFATC1+SOX9+TNFSF11",3,1223,262045.183334903,261979.050001569,0.000252373779563331,1223,0,1,0,FALSE,FALSE
"NFATC1+STAT4+TNFSF11",3,1223,262058.233334903,261933.747620615,0.000475030731542647,1223,0,1,0,FALSE,FALSE
"NFATC1+SYK+TNFSF11",3,1223,262040.55000157,261987.366668236,0.000202958409810883,1223,0,1,0,FALSE,FALSE
"NFATC1+TAC1+TNFSF11",3,1223,262040.566668237,261616.266668229,0.00161921493836659,1222,0.000817661488143884,2,0.00163532297628777,FALSE,FALSE
"NFATC1+TFRC+TNFSF11",3,1223,262046.383334903,261944.65238252,0.000388217349493902,1223,0,1,0,FALSE,FALSE
"NFATC1+TH+TNFSF11",3,1223,262030.366668237,261894.066668233,0.00052016871836913,1223,0,1,0,FALSE,FALSE
"NFATC1+TNFSF11+TRPV1",3,1223,262056.883334903,261580.216668229,0.00181894350802114,1222,0.000817661488143884,2,0.00163532297628777,FALSE,FALSE
"NFATC1+TNFSF11+TRPV4",3,1223,262078.85000157,262012.092858711,0.000254721595649099,1223,0,1,0,FALSE,FALSE
"NFATC1+TNFSF11+VIM",3,1223,262028.416668237,261975.50000157,0.000201950106559656,1223,0,1,0,FALSE,FALSE
"NFATC1+TNFSF11+XIAP",3,1223,262030.766668237,261975.476192046,0.000211007573249766,1223,0,1,0,FALSE,FALSE
"NFATC1+TNFSF11+YWHAZ",3,1223,262012.016668238,261886.266668235,0.00047993981956107,1223,0,1,0,FALSE,FALSE
"NFATC1+VIM+YWHAZ",3,1223,262007.966668238,261896.333334902,0.000426068469425278,1223,0,1,0,FALSE,FALSE
"NOS1+NOS2+NRP1",3,1223,262048.516668234,261915.700001565,0.000506839986570418,1223,0,1,0,FALSE,FALSE
"NOS1+NOS2+NTRK2",3,1223,262009.416668233,261856.42619204,0.000583912128572117,1223,0,1,0,FALSE,FALSE
"NOS1+NOS2+PLA2G2A",3,1223,262076.183334901,261955.092858709,0.000462043038978677,1223,0,1,0,FALSE,TRUE
"NOS1+NOS2+POU5F1",3,1223,262010.616668234,261903.750001566,0.00040787151309718,1223,0,1,0,FALSE,FALSE
"NOS1+NOS2+PRKCZ",3,1223,262029.483334901,261587.957144418,0.00168502484858934,1222,0.000817661488143884,2,0.00163532297628777,FALSE,FALSE
"NOS1+NOS2+PYGM",3,1223,262090.066668233,261971.183334898,0.000453597249396975,1223,0,1,0,FALSE,TRUE
"NOS1+NOS2+RAC2",3,1223,262029.866668234,261904.750001566,0.000477490097823607,1223,0,1,0,FALSE,FALSE
"NOS1+NOS2+RARA",3,1223,262025.9833349,261872.116668231,0.00058721911740045,1223,0,1,0,FALSE,FALSE
"NOS1+NOS2+RASA1",3,1223,262036.7833349,261916.216668232,0.000460113519688665,1223,0,1,0,FALSE,FALSE
"NOS1+NOS2+SYK",3,1223,262019.483334901,261899.516668233,0.00045785399292142,1223,0,1,0,FALSE,FALSE
"NOS1+NOS2+TJP1",3,1223,261994.733334901,261802.995239661,0.000731839502265741,1223,0,1,0,FALSE,FALSE
"NOS1+NOS2+TNFSF11",3,1223,262011.400001567,261885.650001566,0.000479940949138391,1223,0,1,0,FALSE,FALSE
"NOS1+NOS2+VIM",3,1223,262007.350001568,261887.433334899,0.00045768436140281,1223,0,1,0,FALSE,FALSE
"NOS1+NOS2+VWF",3,1223,262018.466668234,261897.816668232,0.000460463728132465,1223,0,1,0,FALSE,FALSE
"NOS1+NOS2+XIAP",3,1223,262009.700001568,261887.542858709,0.000466231375624293,1223,0,1,0,FALSE,FALSE
"NOS1+PRKCZ+RAC2",3,1223,262050.85000157,261595.473811086,0.00173773979546787,1222,0.000817661488143884,2,0.00163532297628777,FALSE,FALSE
"NOS1+PRKCZ+TJP1",3,1223,262015.716668237,261496.669049181,0.00198097894911109,1222,0.000817661488143884,2,0.00163532297628777,FALSE,FALSE
"NOS1+RAC2+SYK",3,1223,262040.85000157,261909.350001568,0.000501830153582961,1223,0,1,0,FALSE,FALSE
"NOS1+SYK+VWF",3,1223,262029.45000157,261902.616668235,0.000484042283545039,1223,0,1,0,FALSE,FALSE
"NOS2+NRP1+NTRK1",3,1223,262052.816668234,262013.1833349,0.000151241775754207,1223,0,1,0,FALSE,FALSE
"NOS2+NTRK1+NTRK2",3,1223,262013.716668233,261947.092858708,0.000254276037042422,1223,0,1,0,FALSE,FALSE
"NOS2+NTRK2+TAC1",3,1223,262022.333334901,261586.676192036,0.00166267179335289,1222,0.000817661488143884,2,0.00163532297628777,FALSE,FALSE
"NOS2+PLA2G2A+PLA2G4A",3,1223,262120.950001568,262030.409525376,0.000345414878861527,1223,0,1,0,TRUE,TRUE
"NOS2+PLA2G2A+PTGS1",3,1223,262120.966668235,262070.226192044,0.000193576564422537,1223,0,1,0,TRUE,TRUE
"NOS2+PLA2G4A+PTGS1",3,1223,262096.133334901,262019.700001566,0.000291623277161479,1223,0,1,0,TRUE,TRUE
"NOS2+POU5F1+SOX2",3,1223,261995.950001571,261619.750001564,0.00143590005877858,1222,0.000817661488143884,2,0.00163532297628777,FALSE,FALSE
"NOS2+PRDX1+SOD2",3,1223,262055.466668237,261970.469049187,0.000324349726909867,1223,0,1,0,TRUE,TRUE
"NOS2+PRKCZ+RAC2",3,1223,262052.766668237,261691.540477754,0.00137844829907807,1222,0.000817661488143884,2,0.00163532297628777,FALSE,FALSE
"NOS2+PRKCZ+TJP1",3,1223,262017.633334904,261592.735715849,0.00162163749686184,1222,0.000817661488143884,2,0.00163532297628777,FALSE,FALSE
"NOS2+SOD2+STAT4",3,1223,262051.433334903,261885.800001567,0.000632064214373007,1223,0,1,0,FALSE,FALSE
"NOS2+SPP1+THBS1",3,1223,262013.35000157,261952.816668236,0.000231031484975386,1223,0,1,0,FALSE,FALSE
"NOS2+SPP1+TNFSF11",3,1223,262013.833334904,261952.816668236,0.000232875745112993,1223,0,1,0,FALSE,FALSE
"NOS2+SPP1+VWF",3,1223,262020.90000157,261965.816668236,0.00021022496042844,1223,0,1,0,FALSE,FALSE
"NOS2+THBS1+VWF",3,1223,262022.80000157,261981.65000157,0.000157047401982524,1223,0,1,0,FALSE,FALSE
"NOS2+VIM+YWHAZ",3,1223,261991.716668238,261888.316668236,0.000394668966320677,1223,0,1,0,FALSE,FALSE
"NPPA+NTRK1+NTRK2",3,1223,262052.000001567,261972.476192042,0.000303465760707833,1223,0,1,0,FALSE,FALSE
"NPPA+NTRK2+TAC1",3,1223,262060.616668235,261611.976192037,0.00171197214561325,1222,0.000817661488143884,2,0.00163532297628777,FALSE,FALSE
"NPY+NTRK1+NTRK2",3,1223,262013.750001566,261426.595239653,0.00224093110346202,1222,0.000817661488143884,2,0.00163532297628777,FALSE,FALSE
"NPY+OPRM1+PRKCG",3,1223,262065.633334902,261511.152382512,0.00211580948380585,1222,0.000817661488143884,2,0.00163532297628777,FALSE,FALSE
"NPY+OPRM1+SPP1",3,1223,262059.600001568,261476.452382511,0.00222524806972679,1222,0.000817661488143884,2,0.00163532297628777,FALSE,FALSE
"NPY+OPRM1+THBS1",3,1223,262061.500001568,261495.335715845,0.00216042526551874,1222,0.000817661488143884,2,0.00163532297628777,FALSE,FALSE
"NPY+OPRM1+VWF",3,1223,262069.050001568,261507.085715845,0.00214433671476943,1222,0.000817661488143884,2,0.00163532297628777,FALSE,FALSE
"NPY+SIRT3+SOD2",3,1223,262060.416668236,261438.738096796,0.0023722719338678,1222,0.000817661488143884,2,0.00163532297628777,FALSE,FALSE
"NPY+SOD2+STAT4",3,1223,262051.466668236,261366.078572986,0.00261547131929529,1222,0.000817661488143884,2,0.00163532297628777,FALSE,FALSE
"NPY+SPP1+THBS1",3,1223,262013.383334903,261432.969049179,0.00221520854521695,1222,0.000817661488143884,2,0.00163532297628777,FALSE,FALSE
"NPY+SPP1+TNFSF11",3,1223,262013.866668237,261431.669049178,0.00222201071439987,1222,0.000817661488143884,2,0.00163532297628777,FALSE,FALSE
"NPY+SPP1+VWF",3,1223,262020.933334903,261445.485715845,0.00219618948659528,1222,0.000817661488143884,2,0.00163532297628777,FALSE,FALSE
"NPY+THBS1+VWF",3,1223,262022.833334903,261462.269049179,0.00213937189591373,1222,0.000817661488143884,2,0.00163532297628777,FALSE,FALSE
"NQO1+NR1I2+RXRA",3,1223,262087.833334902,261886.13214442,0.000769593872081198,1223,0,1,0,FALSE,FALSE
"NQO1+PNP+SIRT3",3,1223,262130.416668235,261948.482144422,0.00069406109418968,1223,0,1,0,TRUE,TRUE
"NQO1+PRDX1+SOD2",3,1223,262060.916668237,261842.017858708,0.000835297427451365,1223,0,1,0,FALSE,TRUE
"NQO1+PRKCZ+RAC2",3,1223,262058.216668237,261567.605953941,0.00187214398591662,1222,0.000817661488143884,2,0.00163532297628777,FALSE,FALSE
"NQO1+PRKCZ+TJP1",3,1223,262023.083334904,261468.68452537,0.00211583957595707,1222,0.000817661488143884,2,0.00163532297628777,FALSE,FALSE
"NQO1+RAC2+SYK",3,1223,262048.216668237,261881.165477757,0.000637482645764575,1223,0,1,0,FALSE,FALSE
"NQO1+RARA+RXRA",3,1223,262052.283334903,261803.032144419,0.000951150615104979,1223,0,1,0,FALSE,FALSE
"NQO1+SIRT3+SOD2",3,1223,262065.833334903,261830.867858707,0.000896589506558354,1223,0,1,0,FALSE,TRUE
"NQO1+SOD2+STAT4",3,1223,262056.883334903,261758.032144421,0.00114040580304198,1223,0,1,0,FALSE,FALSE
"NQO1+SPP1+THBS1",3,1223,262018.80000157,261828.582144423,0.000725970262995701,1223,0,1,0,FALSE,FALSE
"NQO1+SPP1+TNFSF11",3,1223,262019.283334904,261828.315477756,0.000728831308584033,1223,0,1,0,FALSE,FALSE
"NQO1+SPP1+VWF",3,1223,262026.35000157,261841.232144423,0.000706485653621747,1223,0,1,0,FALSE,FALSE
"NQO1+SYK+VWF",3,1223,262036.816668236,261874.09881109,0.000620973263281477,1223,0,1,0,FALSE,FALSE
"NQO1+THBS1+VWF",3,1223,262028.25000157,261857.415477757,0.000651969868943891,1223,0,1,0,FALSE,FALSE
"NR1H4+NTRK1+NTRK2",3,1223,262053.216668234,261953.652382518,0.000379939185567113,1223,0,1,0,FALSE,FALSE
"NR1H4+NTRK1+RXRA",3,1223,262071.233334901,261985.076192042,0.000328754673921572,1223,0,1,0,FALSE,FALSE
"NR1H4+NTRK2+TAC1",3,1223,262061.833334902,261593.335715846,0.00178773693633183,1222,0.000817661488143884,2,0.00163532297628777,FALSE,FALSE
"NR1H4+RXRA+SIRT3",3,1223,262106.466668237,262009.259525377,0.000370868922445755,1223,0,1,0,FALSE,FALSE
"NR1H4+RXRA+SOD2",3,1223,262081.20000157,261925.428572996,0.000594363230073891,1223,0,1,0,FALSE,FALSE
"NR1H4+RXRA+SOX2",3,1223,262052.266668238,261605.076192038,0.00170649344836771,1222,0.000817661488143884,2,0.00163532297628777,FALSE,FALSE
"NR1H4+RXRA+SOX9",3,1223,262084.466668237,261979.442858711,0.000400725044338635,1223,0,1,0,FALSE,FALSE
"NR1H4+RXRA+SQLE",3,1223,262167.183334903,262062.788096806,0.00039820101344934,1223,0,1,0,FALSE,FALSE
"NR1H4+SIRT3+SOD2",3,1223,262099.883334903,261965.395239663,0.000513117722637402,1223,0,1,0,FALSE,FALSE
"NR1I2+PLA2G4A+PTGS1",3,1223,262149.166668235,262047.050001566,0.000389536491634201,1223,0,1,0,FALSE,TRUE
"NR1I2+PLG+RXRA",3,1223,262113.083334904,261923.335715852,0.000723915100449668,1223,0,1,0,FALSE,FALSE
"NR1I2+PLG+VWF",3,1223,262104.116668237,261930.369049186,0.000662895422091525,1223,0,1,0,FALSE,FALSE
"NR1I2+POU5F1+RXRA",3,1223,262084.500001571,262018.450001569,0.000252017956047457,1223,0,1,0,FALSE,FALSE
"NR1I2+POU5F1+SOX2",3,1223,262048.983334905,261646.683334897,0.00153520916161631,1222,0.000817661488143884,2,0.00163532297628777,FALSE,FALSE
"NR1I2+RXRA+SIRT3",3,1223,262120.00000157,262035.966668235,0.000320591077885402,1223,0,1,0,FALSE,FALSE
"NR1I2+RXRA+SOD2",3,1223,262094.733334904,261951.95238252,0.000544768491025027,1223,0,1,0,FALSE,FALSE
"NR1I2+RXRA+SOX2",3,1223,262065.800001571,261631.650001562,0.00165664501055263,1222,0.000817661488143884,2,0.00163532297628777,FALSE,FALSE
"NR1I2+RXRA+SQLE",3,1223,262180.716668236,262089.595239663,0.000347551985253713,1223,0,1,0,FALSE,FALSE
"NR1I2+RXRA+YWHAZ",3,1223,262064.833334905,261912.950001568,0.000579563962872953,1223,0,1,0,FALSE,FALSE
"NR1I2+SIRT3+SOD2",3,1223,262113.416668237,261985.919049187,0.00048642156769807,1223,0,1,0,TRUE,TRUE
"NRP1+NTRK1+POU5F1",3,1223,262054.933334902,262020.650001568,0.000130824987333744,1223,0,1,0,FALSE,FALSE
"NRP1+NTRK1+PRKCZ",3,1223,262073.800001569,261704.857144419,0.00140778230081362,1222,0.000817661488143884,2,0.00163532297628777,FALSE,FALSE
"NRP1+NTRK1+RAC2",3,1223,262074.183334902,262021.566668234,0.000200770125459382,1223,0,1,0,FALSE,FALSE
"NRP1+NTRK1+RARA",3,1223,262070.300001568,261989.016668232,0.000310158508368574,1223,0,1,0,FALSE,FALSE
"NRP1+NTRK1+RASA1",3,1223,262081.100001568,262033.116668234,0.000183085820893547,1223,0,1,0,FALSE,FALSE
"NRP1+NTRK1+SOX2",3,1223,262036.233334902,261633.850001562,0.00153560188306545,1222,0.000817661488143884,2,0.00163532297628777,FALSE,FALSE
"NRP1+NTRK1+SPP1",3,1223,262053.333334902,261985.016668233,0.000260697567930346,1223,0,1,0,FALSE,FALSE
"NRP1+NTRK1+STAT4",3,1223,262081.483334901,261963.080953946,0.000451776979618179,1223,0,1,0,FALSE,FALSE
"NRP1+NTRK1+TAC1",3,1223,262063.816668235,261646.383334894,0.00159286901430311,1222,0.000817661488143884,2,0.00163532297628777,FALSE,FALSE
"NRP1+NTRK1+THBS1",3,1223,262055.233334902,262002.133334901,0.00020262903863999,1223,0,1,0,FALSE,FALSE
"NRP1+NTRK1+TJP1",3,1223,262039.050001569,261919.895239662,0.000454721393265745,1223,0,1,0,FALSE,FALSE
"NRP1+NTRK1+TNFSF11",3,1223,262055.716668235,262002.6333349,0.000202565065207438,1223,0,1,0,FALSE,FALSE
"NRP1+NTRK1+VIM",3,1223,262051.666668235,262004.466668234,0.000180117152473902,1223,0,1,0,FALSE,FALSE
"NRP1+NTRK1+VWF",3,1223,262062.783334901,262014.6333349,0.000183734597444585,1223,0,1,0,FALSE,FALSE
"NRP1+NTRK1+XIAP",3,1223,262054.016668235,262004.526192044,0.000188856010760352,1223,0,1,0,FALSE,FALSE
"NRP1+NTRK1+YWHAZ",3,1223,262035.266668236,261915.150001566,0.000458398856752473,1223,0,1,0,FALSE,FALSE
"NRP1+NTRK2+TAC1",3,1223,262062.350001568,261606.176192036,0.00174070716197638,1222,0.000817661488143884,2,0.00163532297628777,FALSE,FALSE
"NRP1+PLG+THBS1",3,1223,262083.55000157,261915.085715853,0.000642788476103329,1223,0,1,0,FALSE,FALSE
"NRP1+PLG+VWF",3,1223,262091.10000157,261925.435715853,0.000632086651230157,1223,0,1,0,FALSE,FALSE
"NRP1+POU5F1+SOX2",3,1223,262035.966668238,261639.083334897,0.0015146139607759,1222,0.000817661488143884,2,0.00163532297628777,FALSE,FALSE
"NRP1+PRKCZ+RAC2",3,1223,262092.783334904,261710.790477754,0.001457471862786,1222,0.000817661488143884,2,0.00163532297628777,FALSE,TRUE
"NRP1+PRKCZ+TJP1",3,1223,262057.650001572,261612.069049183,0.00170031652343017,1222,0.000817661488143884,2,0.00163532297628777,FALSE,FALSE
"NRP1+SPP1+THBS1",3,1223,262053.366668238,261972.133334903,0.000309987749319784,1223,0,1,0,FALSE,FALSE
"NRP1+SPP1+TNFSF11",3,1223,262053.850001571,261972.400001569,0.000310813979651936,1223,0,1,0,FALSE,FALSE
"NRP1+SPP1+VWF",3,1223,262060.916668237,261985.316668235,0.000288482544299251,1223,0,1,0,FALSE,FALSE
"NRP1+THBS1+VWF",3,1223,262062.816668237,262000.800001569,0.000236648096271219,1223,0,1,0,FALSE,FALSE
"NRP1+VIM+YWHAZ",3,1223,262031.733334905,261907.650001569,0.000473543153560296,1223,0,1,0,FALSE,FALSE
"NTRK1+NTRK2+PLD2",3,1223,262075.666668233,261980.159525375,0.000364425831947846,1223,0,1,0,FALSE,FALSE
"NTRK1+NTRK2+POU5F1",3,1223,262015.833334901,261954.64285871,0.000233537322584576,1223,0,1,0,FALSE,FALSE
"NTRK1+NTRK2+PRDX1",3,1223,262046.416668234,261984.642858709,0.000235736135264064,1223,0,1,0,FALSE,FALSE
"NTRK1+NTRK2+PRKCZ",3,1223,262034.700001568,261638.900001561,0.00151048696987188,1222,0.000817661488143884,2,0.00163532297628777,FALSE,FALSE
"NTRK1+NTRK2+RAC2",3,1223,262035.083334901,261955.642858709,0.000303167328515208,1223,0,1,0,FALSE,FALSE
"NTRK1+NTRK2+RARA",3,1223,262031.200001568,261922.976192041,0.000413018791374564,1223,0,1,0,FALSE,FALSE
"NTRK1+NTRK2+RASA1",3,1223,262042.000001568,261966.792858709,0.000287004155280934,1223,0,1,0,FALSE,TRUE
"NTRK1+NTRK2+SCN5A",3,1223,262054.600001567,261950.292858708,0.000398035916402528,1223,0,1,0,FALSE,FALSE
"NTRK1+NTRK2+SOX2",3,1223,261997.133334902,261567.892858704,0.00163834035408628,1222,0.000817661488143884,2,0.00163532297628777,FALSE,FALSE
"NTRK1+NTRK2+SOX9",3,1223,262029.333334901,261941.959525375,0.00033345048973521,1223,0,1,0,FALSE,FALSE
"NTRK1+NTRK2+SPP1",3,1223,262014.233334901,261918.842858709,0.000364066008851305,1223,0,1,0,FALSE,FALSE
"NTRK1+NTRK2+SYK",3,1223,262024.700001568,261950.409525376,0.000283524706607419,1223,0,1,0,FALSE,FALSE
"NTRK1+NTRK2+TFRC",3,1223,262030.533334901,261907.661906327,0.000468920270511597,1223,0,1,0,FALSE,FALSE
"NTRK1+NTRK2+TH",3,1223,262014.516668234,261856.859525373,0.000601711480974432,1223,0,1,0,FALSE,FALSE
"NTRK1+NTRK2+THBS1",3,1223,262016.133334901,261936.226192043,0.000304970315535891,1223,0,1,0,FALSE,FALSE
"NTRK1+NTRK2+TJP1",3,1223,261999.950001569,261853.904763471,0.000557424679266338,1223,0,1,0,FALSE,FALSE
"NTRK1+NTRK2+TNFSF11",3,1223,262016.616668235,261936.542858709,0.000305605844941437,1223,0,1,0,FALSE,FALSE
"NTRK1+NTRK2+TRPV1",3,1223,262041.0333349,261541.842858703,0.00190500880661382,1222,0.000817661488143884,2,0.00163532297628777,FALSE,FALSE
"NTRK1+NTRK2+TRPV4",3,1223,262063.000001567,261974.719049185,0.000336869197033018,1223,0,1,0,FALSE,FALSE
"NTRK1+NTRK2+VWF",3,1223,262023.683334901,261948.626192042,0.000286451750862393,1223,0,1,0,FALSE,FALSE
"NTRK1+NTRK2+YWHAZ",3,1223,261996.166668235,261848.926192042,0.000561994772924068,1223,0,1,0,FALSE,FALSE
"NTRK1+PLD2+RAC2",3,1223,262096.116668236,262040.100001568,0.00021372566438338,1223,0,1,0,FALSE,FALSE
"NTRK1+POU5F1+SOX2",3,1223,261998.333334904,261620.383334897,0.00144256642855822,1222,0.000817661488143884,2,0.00163532297628777,FALSE,FALSE
"NTRK1+PRKCZ+RAC2",3,1223,262055.15000157,261692.173811088,0.00138511374602057,1222,0.000817661488143884,2,0.00163532297628777,FALSE,FALSE
"NTRK1+PRKCZ+TJP1",3,1223,262020.016668238,261593.369049183,0.00162830162550209,1222,0.000817661488143884,2,0.00163532297628777,FALSE,FALSE
"NTRK1+RARA+RXRA",3,1223,262049.216668236,261928.116668232,0.000462126929986928,1223,0,1,0,FALSE,FALSE
"NTRK1+SPP1+THBS1",3,1223,262015.733334904,261953.366668236,0.00023802641877213,1223,0,1,0,FALSE,FALSE
"NTRK1+SPP1+TNFSF11",3,1223,262016.216668237,261953.450001569,0.000239552602758875,1223,0,1,0,FALSE,FALSE
"NTRK1+SPP1+VWF",3,1223,262023.283334903,261966.450001569,0.000216901844031003,1223,0,1,0,FALSE,FALSE
"NTRK1+THBS1+VWF",3,1223,262025.183334904,261982.20000157,0.000164042756451432,1223,0,1,0,FALSE,FALSE
"NTRK1+VIM+YWHAZ",3,1223,261994.100001571,261888.950001569,0.00040134491578836,1223,0,1,0,FALSE,FALSE
"NTRK2+PLD2+RAC2",3,1223,262094.650001569,262000.14285871,0.000360584021299126,1223,0,1,0,FALSE,FALSE
"NTRK2+POU5F1+SOX2",3,1223,261996.866668238,261580.159525373,0.00159050429939978,1222,0.000817661488143884,2,0.00163532297628777,FALSE,FALSE
"NTRK2+PRKCG+TRPV4",3,1223,262067.166668237,261987.085715854,0.000305574152613564,1223,0,1,0,FALSE,FALSE
"NTRK2+PRKCZ+RAC2",3,1223,262053.683334904,261651.950001563,0.00153301922044435,1222,0.000817661488143884,2,0.00163532297628777,FALSE,FALSE
"NTRK2+PRKCZ+TJP1",3,1223,262018.550001571,261553.161906325,0.00177616468468944,1222,0.000817661488143884,2,0.00163532297628777,FALSE,FALSE
"NTRK2+PYGM+TAC1",3,1223,262103.900001569,261661.309525371,0.0016886069844646,1222,0.000817661488143884,2,0.00163532297628777,FALSE,FALSE
"NTRK2+RAC2+SYK",3,1223,262043.683334903,261965.776192045,0.000297305937189463,1223,0,1,0,FALSE,FALSE
"NTRK2+SOX9+TAC1",3,1223,262037.95000157,261581.459525372,0.00174207772651025,1222,0.000817661488143884,2,0.00163532297628777,FALSE,FALSE
"NTRK2+SPP1+TAC1",3,1223,262022.85000157,261557.726192038,0.00177512690030235,1222,0.000817661488143884,2,0.00163532297628777,FALSE,FALSE
"NTRK2+SPP1+THBS1",3,1223,262014.266668237,261913.092858712,0.000386138551965787,1223,0,1,0,FALSE,FALSE
"NTRK2+SPP1+TNFSF11",3,1223,262014.75000157,261913.176192045,0.000387664471276028,1223,0,1,0,FALSE,FALSE
"NTRK2+SPP1+VWF",3,1223,262021.816668237,261926.176192044,0.000365009591218324,1223,0,1,0,FALSE,FALSE
"NTRK2+SYK+TAC1",3,1223,262033.316668237,261589.992858706,0.00169186046708858,1222,0.000817661488143884,2,0.00163532297628777,FALSE,FALSE
"NTRK2+SYK+VWF",3,1223,262032.283334903,261958.959525378,0.000279827388411591,1223,0,1,0,FALSE,FALSE
"NTRK2+TAC1+TNFSF11",3,1223,262025.233334903,261576.009525372,0.00171442957540424,1222,0.000817661488143884,2,0.00163532297628777,FALSE,FALSE
"NTRK2+TAC1+VWF",3,1223,262032.30000157,261588.126192038,0.00169511090628383,1222,0.000817661488143884,2,0.00163532297628777,FALSE,FALSE
"NTRK2+THBS1+VWF",3,1223,262023.716668237,261941.926192045,0.000312149133795514,1223,0,1,0,FALSE,FALSE
"OPRM1+PLG+THBS1",3,1223,262092.166668237,261927.985715854,0.000626424492080724,1223,0,1,0,FALSE,FALSE
"OPRM1+PLG+VWF",3,1223,262099.716668237,261938.15238252,0.000616422969740738,1223,0,1,0,FALSE,FALSE
"OPRM1+PRKCG+TRPV1",3,1223,262092.916668237,261631.71666823,0.00175968128353132,1222,0.000817661488143884,2,0.00163532297628777,FALSE,FALSE
"OPRM1+PRKCG+TRPV4",3,1223,262114.883334904,262058.859525379,0.000213737613110609,1223,0,1,0,FALSE,FALSE
"OPRM1+SPP1+THBS1",3,1223,262061.983334905,261984.233334903,0.000296685536040231,1223,0,1,0,FALSE,FALSE
"OPRM1+SPP1+VWF",3,1223,262069.533334904,261997.233334903,0.000275880981209564,1223,0,1,0,FALSE,FALSE
"OPRM1+THBS1+VWF",3,1223,262071.433334904,262013.533334903,0.000220932130084561,1223,0,1,0,FALSE,FALSE
"PLA2G2A+PLA2G4A+PRKCZ",3,1223,262141.933334903,261722.316668229,0.00160072317059456,1222,0.000817661488143884,2,0.00163532297628777,TRUE,TRUE
"PLA2G2A+PLA2G4A+RAC2",3,1223,262142.316668236,262037.809525377,0.000398665672093346,1223,0,1,0,TRUE,TRUE
"PLA2G2A+PLA2G7+PRKCG",3,1223,262160.316668237,262104.635715855,0.000212392756802293,1223,0,1,0,FALSE,TRUE
"PLA2G2A+PLD2+PRKCG",3,1223,262146.60000157,262090.15952538,0.000215301194791406,1223,0,1,0,TRUE,TRUE
"PLA2G2A+PLD2+PRKCZ",3,1223,262161.033334903,261776.216668231,0.00146786370871999,1222,0.000817661488143884,2,0.00163532297628777,TRUE,TRUE
"PLA2G2A+PRKCG+PTGS1",3,1223,262127.516668237,262076.076192047,0.000196242183364115,1223,0,1,0,FALSE,FALSE
"PLA2G2A+PRKCZ+RAC2",3,1223,262120.450001571,261750.400001565,0.00141175554980133,1222,0.000817661488143884,2,0.00163532297628777,TRUE,TRUE
"PLA2G2A+PTGS1+RAC2",3,1223,262142.333334904,262078.609525379,0.00024308858746136,1223,0,1,0,TRUE,TRUE
"PLA2G4A+PLD2+PRKCZ",3,1223,262136.20000157,261722.540477753,0.00157803280819246,1222,0.000817661488143884,2,0.00163532297628777,TRUE,TRUE
"PLA2G4A+PLD2+RASA1",3,1223,262143.50000157,262050.550001568,0.000354576787145122,1223,0,1,0,TRUE,TRUE
"PLA2G4A+PRKCG+PRKCZ",3,1223,262080.800001572,261701.023811088,0.00144908055256798,1222,0.000817661488143884,2,0.00163532297628777,FALSE,FALSE
"PLA2G4A+PRKCG+RAC2",3,1223,262081.183334905,262016.95000157,0.000245089450975011,1223,0,1,0,FALSE,FALSE
"PLA2G4A+PRKCG+RASA1",3,1223,262088.100001571,262029.366668237,0.000224097673011903,1223,0,1,0,FALSE,FALSE
"PLA2G4A+PRKCZ+RAC2",3,1223,262095.616668238,261697.990477754,0.00151710354998846,1222,0.000817661488143884,2,0.00163532297628777,FALSE,FALSE
"PLA2G4A+PTGS1+RAC2",3,1223,262117.50000157,262026.716668236,0.000346345945364868,1223,0,1,0,FALSE,FALSE
"PLA2G7+PLG+VWF",3,1223,262126.75000157,261951.854763472,0.000667216291726835,1223,0,1,0,FALSE,FALSE
"PLD2+PRKCG+RAC2",3,1223,262100.283334905,262045.366668237,0.00020952539985275,1223,0,1,0,FALSE,FALSE
"PLD2+PRKCG+SLC6A3",3,1223,262128.75000157,262047.542858712,0.000309798688079455,1223,0,1,0,FALSE,FALSE
"PLD2+PRKCG+TRPV4",3,1223,262128.200001571,262059.10952538,0.000263575136863814,1223,0,1,0,FALSE,FALSE
"PLD2+PRKCZ+TJP1",3,1223,262079.583334905,261625.769049184,0.00173158961849285,1222,0.000817661488143884,2,0.00163532297628777,FALSE,FALSE
"PLD2+PTGS1+RAC2",3,1223,262136.60000157,262058.516668236,0.000297872686735534,1223,0,1,0,FALSE,FALSE
"PLD2+RAC2+RASA1",3,1223,262122.016668237,262059.05000157,0.000240218915861345,1223,0,1,0,TRUE,TRUE
"PLD2+RAC2+TJP1",3,1223,262079.966668238,261946.245239665,0.000510231401022687,1223,0,1,0,FALSE,FALSE
"PLD2+RAC2+TNFSF11",3,1223,262096.633334904,262029.166668237,0.000257411420396036,1223,0,1,0,FALSE,FALSE
"PLD2+RAC2+TRPV1",3,1223,262121.05000157,261635.750001563,0.0018514346711338,1222,0.000817661488143884,2,0.00163532297628777,FALSE,FALSE
"PLD2+RAC2+TRPV4",3,1223,262143.016668237,262066.726192046,0.000291026162592023,1223,0,1,0,FALSE,FALSE
"PLG+POU5F1+THBS1",3,1223,262045.650001572,261903.052382522,0.000544170907051167,1223,0,1,0,FALSE,FALSE
"PLG+SOX9+THBS1",3,1223,262059.150001572,261887.385715854,0.000655440902240567,1223,0,1,0,FALSE,FALSE
"PLG+SOX9+VWF",3,1223,262066.700001571,261897.635715854,0.000645119298699148,1223,0,1,0,FALSE,FALSE
"PLG+SPP1+TNFSF11",3,1223,262044.533334905,261864.902382521,0.000685497804890134,1223,0,1,0,FALSE,FALSE
"PLG+SYK+THBS1",3,1223,262054.516668239,261898.952382522,0.000593633293158979,1223,0,1,0,FALSE,FALSE
"PLG+TFRC+THBS1",3,1223,262060.350001571,261855.521430139,0.000781608402152578,1223,0,1,0,FALSE,FALSE
"PLG+TFRC+VWF",3,1223,262067.900001571,261865.921430139,0.000770710840324207,1223,0,1,0,FALSE,FALSE
"PLG+THBS1+TJP1",3,1223,262029.766668239,261802.03095395,0.000869121539834761,1223,0,1,0,FALSE,FALSE
"PLG+THBS1+TNFSF11",3,1223,262046.433334905,261885.085715855,0.000615721484919285,1223,0,1,0,FALSE,FALSE
"PLG+THBS1+VIM",3,1223,262042.383334906,261886.285715855,0.000595696074291108,1223,0,1,0,FALSE,FALSE
"PLG+TJP1+VWF",3,1223,262037.316668239,261812.197620616,0.000859110643036898,1223,0,1,0,FALSE,FALSE
"PLG+TNFSF11+VWF",3,1223,262053.983334905,261895.335715854,0.000605400524852806,1223,0,1,0,FALSE,FALSE
"PLG+VIM+VWF",3,1223,262049.933334905,261896.935715855,0.000583849105029066,1223,0,1,0,FALSE,FALSE
"PNP+RRM1+TYMS",3,1223,262234.950001568,262126.83095395,0.000412298389734334,1223,0,1,0,TRUE,TRUE
"PNP+SIRT3+STAT4",3,1223,262153.633334903,262025.080953949,0.000490370395859974,1223,0,1,0,FALSE,TRUE
"PNP+SIRT3+TYMS",3,1223,262175.516668236,262092.652382521,0.000316064164831098,1223,0,1,0,FALSE,TRUE
"PNP+SOD2+STAT4",3,1223,262128.366668237,261942.433334901,0.000709321679679076,1223,0,1,0,FALSE,FALSE
"POU5F1+PRDX1+SOD2",3,1223,262057.583334906,261978.01904919,0.000303613750472387,1223,0,1,0,FALSE,FALSE
"POU5F1+PRDX1+SOX2",3,1223,262028.650001573,261657.216668233,0.00141752946991835,1222,0.000817661488143884,2,0.00163532297628777,FALSE,FALSE
"POU5F1+PRKCZ+RAC2",3,1223,262054.883334906,261699.007144423,0.00135802159438336,1222,0.000817661488143884,2,0.00163532297628777,FALSE,FALSE
"POU5F1+PRKCZ+SOX2",3,1223,262016.933334907,261311.673811085,0.00269165627902523,1221,0.00163532297628777,3,0.00326930771773415,FALSE,FALSE
"POU5F1+PRKCZ+TJP1",3,1223,262019.750001573,261600.202382519,0.00160120608867154,1222,0.000817661488143884,2,0.00163532297628777,FALSE,FALSE
"POU5F1+RAC2+SOX2",3,1223,262017.31666824,261628.216668233,0.00148501635294407,1222,0.000817661488143884,2,0.00163532297628777,FALSE,FALSE
"POU5F1+RARA+RXRA",3,1223,262048.950001572,261934.866668234,0.000435351232420667,1223,0,1,0,FALSE,FALSE
"POU5F1+RARA+SOX2",3,1223,262013.433334906,261595.366668231,0.00159559249063768,1222,0.000817661488143884,2,0.00163532297628777,FALSE,FALSE
"POU5F1+RASA1+SOX2",3,1223,262024.233334906,261639.683334899,0.00146761234681436,1222,0.000817661488143884,2,0.00163532297628777,FALSE,FALSE
"POU5F1+RXRA+SOX2",3,1223,262014.883334906,261607.433334898,0.00155506433383457,1222,0.000817661488143884,2,0.00163532297628777,FALSE,FALSE
"POU5F1+SIRT3+SOD2",3,1223,262062.500001572,261966.202382522,0.000367460506746187,1223,0,1,0,FALSE,FALSE
"POU5F1+SIRT3+SOX2",3,1223,262033.566668239,261644.566668232,0.00148454262922582,1222,0.000817661488143884,2,0.00163532297628777,FALSE,FALSE
"POU5F1+SOD2+STAT4",3,1223,262053.550001572,261893.616668235,0.000610307829585599,1223,0,1,0,FALSE,FALSE
"POU5F1+SOX2+SOX9",3,1223,262011.566668239,261614.666668232,0.00151481862062131,1222,0.000817661488143884,2,0.00163532297628777,FALSE,FALSE
"POU5F1+SOX2+SPP1",3,1223,261996.46666824,261591.416668232,0.00154601321597347,1222,0.000817661488143884,2,0.00163532297628777,FALSE,FALSE
"POU5F1+SOX2+STAT4",3,1223,262024.616668239,261569.530953945,0.00173680519059871,1222,0.000817661488143884,2,0.00163532297628777,FALSE,FALSE
"POU5F1+SOX2+SYK",3,1223,262006.933334906,261622.9833349,0.00146541923574228,1222,0.000817661488143884,2,0.00163532297628777,FALSE,FALSE
"POU5F1+SOX2+TFRC",3,1223,262012.766668239,261580.102382517,0.00165130993891571,1222,0.000817661488143884,2,0.00163532297628777,FALSE,FALSE
"POU5F1+SOX2+THBS1",3,1223,261998.36666824,261608.800001566,0.00148690494382719,1222,0.000817661488143884,2,0.00163532297628777,FALSE,FALSE
"POU5F1+SOX2+TJP1",3,1223,261982.183334907,261526.511906328,0.00173932220419992,1222,0.000817661488143884,2,0.00163532297628777,FALSE,FALSE
"POU5F1+SOX2+TNFSF11",3,1223,261998.850001573,261609.333334899,0.00148671136026579,1222,0.000817661488143884,2,0.00163532297628777,FALSE,FALSE
"POU5F1+SOX2+VIM",3,1223,261994.800001573,261610.1833349,0.00146803168105403,1222,0.000817661488143884,2,0.00163532297628777,FALSE,FALSE
"POU5F1+SOX2+XIAP",3,1223,261997.150001573,261611.009525376,0.0014738346436024,1222,0.000817661488143884,2,0.00163532297628777,FALSE,FALSE
"POU5F1+SPP1+THBS1",3,1223,262015.46666824,261960.200001572,0.000210929024040185,1223,0,1,0,FALSE,FALSE
"POU5F1+SPP1+TNFSF11",3,1223,262015.950001573,261960.366668238,0.000212137212770136,1223,0,1,0,FALSE,FALSE
"POU5F1+VIM+YWHAZ",3,1223,261993.833334907,261895.866668238,0.000373927376159933,1223,0,1,0,FALSE,FALSE
"PRDX1+PRKCZ+RAC2",3,1223,262085.466668239,261729.007144423,0.00136008886088668,1222,0.000817661488143884,2,0.00163532297628777,TRUE,TRUE
"PRDX1+RAC2+SOD2",3,1223,262076.833334905,261978.885715856,0.000373736273454939,1223,0,1,0,FALSE,FALSE
"PRDX1+RARA+SOD2",3,1223,262072.950001572,261946.385715854,0.000482935326660772,1223,0,1,0,FALSE,FALSE
"PRDX1+RRM1+SOD2",3,1223,262152.516668239,262042.671430141,0.000419012716313283,1223,0,1,0,TRUE,TRUE
"PRDX1+RRM1+TYMS",3,1223,262190.716668237,262111.230953951,0.000303159910831297,1223,0,1,0,TRUE,TRUE
"PRDX1+SOD2+XIAP",3,1223,262056.666668239,261961.811906333,0.000361962788860359,1223,0,1,0,FALSE,FALSE
"PRDX1+SOD2+YWHAZ",3,1223,262037.91666824,261872.602382522,0.00063087925526184,1223,0,1,0,FALSE,FALSE
"PRDX1+VIM+YWHAZ",3,1223,262024.41666824,261925.866668238,0.000376109987212048,1223,0,1,0,FALSE,FALSE
"PRKCG+PRKCZ+RAC2",3,1223,262059.316668239,261697.440477757,0.00138089420014986,1222,0.000817661488143884,2,0.00163532297628777,FALSE,FALSE
"PRKCG+PRKCZ+TJP1",3,1223,262024.183334907,261598.635715852,0.00162407764672146,1222,0.000817661488143884,2,0.00163532297628777,FALSE,FALSE
"PRKCG+PRKCZ+TRPV4",3,1223,262087.233334905,261719.100001566,0.00140462138752628,1222,0.000817661488143884,2,0.00163532297628777,FALSE,FALSE
"PRKCG+RAC2+TRPV4",3,1223,262087.616668238,262035.442858714,0.000199070105591725,1223,0,1,0,FALSE,FALSE
"PRKCG+RASA1+SLC6A3",3,1223,262095.083334904,262034.092858713,0.000232703625781427,1223,0,1,0,FALSE,FALSE
"PRKCG+RASA1+TRPV4",3,1223,262094.533334905,262046.909525381,0.000181704703712815,1223,0,1,0,FALSE,FALSE
"PRKCG+SLC6A3+TJP1",3,1223,262053.033334905,261920.354763475,0.000506304276436387,1223,0,1,0,FALSE,FALSE
"PRKCG+SLC6A3+VIM",3,1223,262065.650001571,262005.276192046,0.000230376661438436,1223,0,1,0,FALSE,FALSE
"PRKCG+SPP1+THBS1",3,1223,262019.900001573,261958.716668239,0.00023350643723663,1223,0,1,0,FALSE,FALSE
"PRKCG+SPP1+TNFSF11",3,1223,262020.383334906,261958.800001571,0.000235032605291563,1223,0,1,0,FALSE,FALSE
"PRKCG+SPP1+VWF",3,1223,262027.450001572,261971.883334905,0.000212064295811221,1223,0,1,0,FALSE,FALSE
"PRKCG+SYK+TRPV4",3,1223,262077.233334905,262030.209525381,0.000179427296778001,1223,0,1,0,FALSE,FALSE
"PRKCG+THBS1+VWF",3,1223,262029.350001573,261987.550001572,0.000159524114380138,1223,0,1,0,FALSE,FALSE
"PRKCG+TJP1+TRPV4",3,1223,262052.483334906,261933.504763476,0.000454025735287966,1223,0,1,0,FALSE,FALSE
"PRKCG+TNFSF11+TRPV4",3,1223,262069.150001572,262016.426192047,0.000201182815773748,1223,0,1,0,FALSE,FALSE
"PRKCG+VIM+YWHAZ",3,1223,261998.26666824,261894.216668238,0.000397140031976329,1223,0,1,0,FALSE,FALSE
"PRKCZ+RAC2+RARA",3,1223,262070.250001572,261667.340477755,0.00153741038448751,1222,0.000817661488143884,2,0.00163532297628777,FALSE,FALSE
"PRKCZ+RAC2+RASA1",3,1223,262081.050001572,261711.12381109,0.00141149537702279,1222,0.000817661488143884,2,0.00163532297628777,FALSE,TRUE
"PRKCZ+RAC2+RXRA",3,1223,262071.700001572,261679.357144422,0.00149708212351007,1222,0.000817661488143884,2,0.00163532297628777,FALSE,FALSE
"PRKCZ+RAC2+SOX2",3,1223,262036.183334906,261312.457144417,0.00276193226934496,1221,0.00163532297628777,3,0.00326930771773415,FALSE,FALSE
"PRKCZ+RAC2+SPP1",3,1223,262053.283334906,261663.423811089,0.00148771089167432,1222,0.000817661488143884,2,0.00163532297628777,FALSE,FALSE
"PRKCZ+RAC2+TNFSF11",3,1223,262055.666668239,261680.907144423,0.00143007601621792,1222,0.000817661488143884,2,0.00163532297628777,FALSE,FALSE
"PRKCZ+RAC2+TRPV4",3,1223,262102.050001572,261719.783334899,0.00145846500121183,1222,0.000817661488143884,2,0.00163532297628777,FALSE,FALSE
"PRKCZ+RAC2+VIM",3,1223,262051.616668239,261682.82381109,0.00140732906683882,1222,0.000817661488143884,2,0.00163532297628777,FALSE,FALSE
"PRKCZ+RAC2+XIAP",3,1223,262053.966668239,261682.800001566,0.00141637492228053,1222,0.000817661488143884,2,0.00163532297628777,FALSE,FALSE
"PRKCZ+RAC2+YWHAZ",3,1223,262035.21666824,261593.357144422,0.00168626007387751,1222,0.000817661488143884,2,0.00163532297628777,FALSE,FALSE
"PRKCZ+RARA+RXRA",3,1223,262067.816668239,261619.257144419,0.00171161621263782,1222,0.000817661488143884,2,0.00163532297628777,FALSE,FALSE
"PRKCZ+RARA+TJP1",3,1223,262035.11666824,261568.53571585,0.00178060466979579,1222,0.000817661488143884,2,0.00163532297628777,FALSE,FALSE
"PRKCZ+RASA1+TJP1",3,1223,262045.91666824,261612.669049185,0.00165332711367228,1222,0.000817661488143884,2,0.00163532297628777,FALSE,FALSE
"PRKCZ+RXRA+TJP1",3,1223,262036.56666824,261580.419049184,0.00174077849078724,1222,0.000817661488143884,2,0.00163532297628777,FALSE,FALSE
"PRKCZ+SOX2+TJP1",3,1223,262001.050001574,261213.702382512,0.00300513154071913,1221,0.00163532297628777,3,0.00326930771773415,FALSE,FALSE
"PRKCZ+SOX9+TJP1",3,1223,262033.250001573,261587.321430137,0.00170180147532195,1222,0.000817661488143884,2,0.00163532297628777,FALSE,FALSE
"PRKCZ+SPP1+THBS1",3,1223,262034.333334906,261644.67381109,0.00148705522233405,1222,0.000817661488143884,2,0.00163532297628777,FALSE,FALSE
"PRKCZ+SPP1+TJP1",3,1223,262018.150001573,261564.535715851,0.00173123230478223,1222,0.000817661488143884,2,0.00163532297628777,FALSE,FALSE
"PRKCZ+SPP1+TNFSF11",3,1223,262034.816668239,261644.623811089,0.0014890878323397,1222,0.000817661488143884,2,0.00163532297628777,FALSE,FALSE
"PRKCZ+SYK+TJP1",3,1223,262028.61666824,261595.969049185,0.00165114644559017,1222,0.000817661488143884,2,0.00163532297628777,FALSE,FALSE
"PRKCZ+TFRC+TJP1",3,1223,262034.450001573,261553.221430136,0.00183650879277042,1222,0.000817661488143884,2,0.00163532297628777,FALSE,FALSE
"PRKCZ+THBS1+TJP1",3,1223,262020.050001574,261581.919049185,0.0016721275810212,1222,0.000817661488143884,2,0.00163532297628777,FALSE,FALSE
"PRKCZ+TJP1+TNFSF11",3,1223,262020.533334907,261582.102382518,0.0016732694449868,1222,0.000817661488143884,2,0.00163532297628777,FALSE,FALSE
"PRKCZ+TJP1+TRPV4",3,1223,262066.916668239,261620.795239661,0.00170231875984395,1222,0.000817661488143884,2,0.00163532297628777,FALSE,FALSE
"PRKCZ+TJP1+VIM",3,1223,262016.483334907,261584.019049185,0.00165052320456049,1222,0.000817661488143884,2,0.00163532297628777,FALSE,FALSE
"PRKCZ+TJP1+XIAP",3,1223,262018.833334907,261583.995239662,0.00165956809176948,1222,0.000817661488143884,2,0.00163532297628777,FALSE,FALSE
"PRKCZ+TJP1+YWHAZ",3,1223,262000.083334907,261494.835715851,0.00192842541355476,1222,0.000817661488143884,2,0.00163532297628777,FALSE,FALSE
"PRKCZ+VIM+YWHAZ",3,1223,262012.700001574,261580.123811089,0.0016509741340085,1222,0.000817661488143884,2,0.00163532297628777,FALSE,FALSE
"PTGS1+SOD2+STAT4",3,1223,262094.300001571,261905.466668234,0.000720478596198948,1223,0,1,0,FALSE,FALSE
"PTGS1+SPP1+THBS1",3,1223,262056.216668239,261972.350001571,0.000320033112490958,1223,0,1,0,FALSE,FALSE
"PTGS1+SPP1+TNFSF11",3,1223,262056.700001572,261972.30000157,0.000322067705199158,1223,0,1,0,FALSE,FALSE
"PTGS1+SPP1+VWF",3,1223,262063.766668238,261985.30000157,0.00029941822047963,1223,0,1,0,FALSE,FALSE
"PTGS1+THBS1+VWF",3,1223,262065.666668238,262001.050001571,0.000246566700205064,1223,0,1,0,FALSE,FALSE
"RAC2+RARA+RXRA",3,1223,262068.200001572,261936.083334901,0.000504130858571816,1223,0,1,0,FALSE,FALSE
"RAC2+RARA+SYK",3,1223,262060.250001572,261981.25000157,0.000301457393869442,1223,0,1,0,FALSE,FALSE
"RAC2+SOD2+SYK",3,1223,262055.116668239,261946.169049189,0.000415743147604841,1223,0,1,0,FALSE,FALSE
"RAC2+SOX2+SYK",3,1223,262026.183334906,261626.083334899,0.00152694663912889,1222,0.000817661488143884,2,0.00163532297628777,FALSE,FALSE
"RAC2+SPP1+SYK",3,1223,262043.283334906,261977.166668238,0.000252312006727706,1223,0,1,0,FALSE,FALSE
"RAC2+SPP1+TNFSF11",3,1223,262035.200001572,261961.366668238,0.00028176875982433,1223,0,1,0,FALSE,FALSE
"RAC2+SPP1+VWF",3,1223,262042.266668239,261974.450001571,0.000258800488677324,1223,0,1,0,FALSE,FALSE
"RAC2+SYK+TJP1",3,1223,262029.000001573,261911.878573,0.000446978878567261,1223,0,1,0,FALSE,FALSE
"RAC2+SYK+TNFSF11",3,1223,262045.666668239,261994.700001571,0.000194495361497404,1223,0,1,0,FALSE,FALSE
"RAC2+SYK+TRPV1",3,1223,262070.083334905,261601.416668231,0.00178832570551135,1222,0.000817661488143884,2,0.00163532297628777,FALSE,FALSE
"RAC2+SYK+TRPV4",3,1223,262092.050001572,262033.20952538,0.000224503094202078,1223,0,1,0,FALSE,FALSE
"RAC2+SYK+YWHAZ",3,1223,262025.21666824,261907.100001571,0.000450783585529857,1223,0,1,0,FALSE,FALSE
"RAC2+VIM+YWHAZ",3,1223,262013.083334907,261896.500001571,0.000444952335402093,1223,0,1,0,FALSE,FALSE
"RARA+RXRA+SIRT3",3,1223,262084.450001571,261952.300001567,0.00050422678645734,1223,0,1,0,FALSE,FALSE
"RARA+RXRA+SOD2",3,1223,262059.183334905,261868.469049185,0.000727752728576059,1223,0,1,0,FALSE,FALSE
"RARA+RXRA+SOX2",3,1223,262030.250001572,261548.066668228,0.00184018193831248,1222,0.000817661488143884,2,0.00163532297628777,FALSE,FALSE
"RARA+RXRA+SOX9",3,1223,262062.450001572,261922.400001567,0.000534414602336275,1223,0,1,0,FALSE,FALSE
"RARA+RXRA+TJP1",3,1223,262033.066668239,261834.128572996,0.000759209888175905,1223,0,1,0,FALSE,FALSE
"RARA+RXRA+VIM",3,1223,262045.683334906,261918.766668234,0.000484330308578862,1223,0,1,0,FALSE,FALSE
"RARA+RXRA+YWHAZ",3,1223,262029.283334906,261829.316668233,0.000763146256510194,1223,0,1,0,FALSE,FALSE
"RARA+SIRT3+SOD2",3,1223,262077.866668238,261934.40238252,0.000547410918526614,1223,0,1,0,FALSE,FALSE
"RARA+SOD2+STAT4",3,1223,262068.916668238,261861.9833349,0.000789614182289844,1223,0,1,0,FALSE,FALSE
"RARA+VIM+YWHAZ",3,1223,262009.200001573,261864.066668236,0.000553924569582698,1223,0,1,0,FALSE,FALSE
"RASA1+SPP1+THBS1",3,1223,262041.633334906,261972.833334905,0.00026255369853101,1223,0,1,0,FALSE,FALSE
"RASA1+SPP1+TNFSF11",3,1223,262042.116668239,261972.916668238,0.00026407968643094,1223,0,1,0,FALSE,FALSE
"RASA1+SPP1+VWF",3,1223,262049.183334905,261985.916668237,0.000241430505001805,1223,0,1,0,FALSE,FALSE
"RASA1+THBS1+VWF",3,1223,262051.083334905,262001.666668238,0.000188576463941548,1223,0,1,0,FALSE,FALSE
"RASA1+VIM+YWHAZ",3,1223,262020.000001573,261908.233334904,0.000426557769134028,1223,0,1,0,FALSE,FALSE
"RXRA+SIRT3+SOD2",3,1223,262079.316668238,261946.419049187,0.000507089306933772,1223,0,1,0,FALSE,FALSE
"RXRA+VIM+YWHAZ",3,1223,262010.650001573,261876.00000157,0.00051391040785087,1223,0,1,0,FALSE,FALSE
"SIRT3+SOD2+XIAP",3,1223,262061.583334905,261949.995239665,0.000425808673749195,1223,0,1,0,FALSE,FALSE
"SIRT3+SOD2+YWHAZ",3,1223,262042.833334906,261859.769049187,0.000698604435728001,1223,0,1,0,FALSE,FALSE
"SIRT3+VIM+YWHAZ",3,1223,262029.333334906,261912.45000157,0.000446069651242498,1223,0,1,0,FALSE,FALSE
"SOD2+STAT4+SYK",3,1223,262062.416668239,261889.383334902,0.000660275271580746,1223,0,1,0,FALSE,FALSE
"SOD2+STAT4+TJP1",3,1223,262037.666668239,261792.978572997,0.000933789780504402,1223,0,1,0,FALSE,FALSE
"SOD2+STAT4+TNFSF11",3,1223,262054.333334905,261875.516668235,0.000682364853101025,1223,0,1,0,FALSE,FALSE
"SOD2+STAT4+XIAP",3,1223,262052.633334906,261877.542858712,0.000668150035226911,1223,0,1,0,FALSE,FALSE
"SOX2+SPP1+THBS1",3,1223,261996.76666824,261573.400001565,0.00161592324996329,1222,0.000817661488143884,2,0.00163532297628777,FALSE,FALSE
"SOX2+SPP1+TNFSF11",3,1223,261997.250001573,261573.616668232,0.00161693809129215,1222,0.000817661488143884,2,0.00163532297628777,FALSE,FALSE
"SOX2+SPP1+VWF",3,1223,262004.316668239,261586.483334898,0.00159475744008519,1222,0.000817661488143884,2,0.00163532297628777,FALSE,FALSE
"SOX2+SYK+VWF",3,1223,262014.783334906,261619.266668232,0.0015095204233887,1222,0.000817661488143884,2,0.00163532297628777,FALSE,FALSE
"SOX2+THBS1+VWF",3,1223,262006.21666824,261602.233334899,0.00154188453418302,1222,0.000817661488143884,2,0.00163532297628777,FALSE,FALSE
"SOX9+SPP1+THBS1",3,1223,262028.966668239,261947.650001571,0.000310334646211885,1223,0,1,0,FALSE,FALSE
"SOX9+SPP1+TNFSF11",3,1223,262029.450001572,261947.733334904,0.000311860619743309,1223,0,1,0,FALSE,FALSE
"SOX9+SPP1+VWF",3,1223,262036.516668239,261960.733334904,0.00028920905489993,1223,0,1,0,FALSE,FALSE
"SOX9+SYK+VWF",3,1223,262046.983334905,261993.516668238,0.000204034658163654,1223,0,1,0,FALSE,FALSE
"SOX9+THBS1+VWF",3,1223,262038.416668239,261976.483334904,0.000236352112495175,1223,0,1,0,FALSE,FALSE
"SOX9+VIM+YWHAZ",3,1223,262007.333334906,261883.316668237,0.000473332807486737,1223,0,1,0,FALSE,FALSE
"SPP1+STAT4+THBS1",3,1223,262042.016668239,261901.947620617,0.000534528963724079,1223,0,1,0,FALSE,FALSE
"SPP1+STAT4+TNFSF11",3,1223,262042.500001572,261901.814287283,0.000536881285623236,1223,0,1,0,FALSE,FALSE
"SPP1+STAT4+VWF",3,1223,262049.566668238,261914.897620617,0.000513906774714634,1223,0,1,0,FALSE,FALSE
"SPP1+SYK+THBS1",3,1223,262024.333334906,261955.966668238,0.000260917243057657,1223,0,1,0,FALSE,FALSE
"SPP1+SYK+TNFSF11",3,1223,262024.816668239,261955.966668238,0.000262761370761977,1223,0,1,0,FALSE,FALSE
"SPP1+TAC1+TNFSF11",3,1223,262024.833334906,261585.200001564,0.00167783079086725,1222,0.000817661488143884,2,0.00163532297628777,FALSE,FALSE
"SPP1+TAC1+VWF",3,1223,262031.900001572,261598.233334898,0.00165501477748176,1222,0.000817661488143884,2,0.00163532297628777,FALSE,FALSE
"SPP1+TFRC+THBS1",3,1223,262030.166668239,261912.719049189,0.000448221746919941,1223,0,1,0,FALSE,FALSE
"SPP1+TFRC+TNFSF11",3,1223,262030.650001572,261913.035715855,0.000448856978051748,1223,0,1,0,FALSE,FALSE
"SPP1+TFRC+VWF",3,1223,262037.716668238,261925.952382522,0.000426519842782525,1223,0,1,0,FALSE,FALSE
"SPP1+THBS1+TJP1",3,1223,261999.583334907,261859.445239666,0.000534879076739769,1223,0,1,0,FALSE,FALSE
"SPP1+THBS1+VIM",3,1223,262012.200001573,261943.666668238,0.000261565428381849,1223,0,1,0,FALSE,FALSE
"SPP1+THBS1+XIAP",3,1223,262014.550001573,261944.076192048,0.000268969068796587,1223,0,1,0,FALSE,FALSE
"SPP1+THBS1+YWHAZ",3,1223,261995.800001573,261854.566668237,0.000539067165716389,1223,0,1,0,FALSE,FALSE
"SPP1+TJP1+TNFSF11",3,1223,262000.06666824,261859.528572999,0.000536404807173541,1223,0,1,0,FALSE,FALSE
"SPP1+TJP1+VWF",3,1223,262007.133334906,261872.445239666,0.000514062703278362,1223,0,1,0,FALSE,FALSE
"SPP1+TNFSF11+VIM",3,1223,262012.683334906,261944.100001571,0.000261755776331141,1223,0,1,0,FALSE,FALSE
"SPP1+TNFSF11+XIAP",3,1223,262015.033334906,261944.076192048,0.000270813250505042,1223,0,1,0,FALSE,FALSE
"SPP1+TNFSF11+YWHAZ",3,1223,261996.283334907,261854.70000157,0.000540402068054169,1223,0,1,0,FALSE,FALSE
"SPP1+VIM+VWF",3,1223,262019.750001573,261957.100001571,0.000239104113338828,1223,0,1,0,FALSE,FALSE
"SPP1+VIM+YWHAZ",3,1223,261992.233334907,261859.90000157,0.000505104031718773,1223,0,1,0,FALSE,FALSE
"SPP1+VWF+XIAP",3,1223,262022.100001573,261957.076192048,0.000248161546391179,1223,0,1,0,FALSE,FALSE
"SPP1+VWF+YWHAZ",3,1223,262003.350001573,261867.70000157,0.000517741471634969,1223,0,1,0,FALSE,FALSE
"STAT4+SYK+VWF",3,1223,262060.033334905,261948.414287284,0.000425929304063155,1223,0,1,0,FALSE,FALSE
"STAT4+THBS1+VWF",3,1223,262051.466668239,261931.514287284,0.000457743597010563,1223,0,1,0,FALSE,FALSE
"SYK+TAC1+VWF",3,1223,262042.366668239,261631.716668232,0.00156711300248169,1222,0.000817661488143884,2,0.00163532297628777,FALSE,FALSE
"SYK+TFRC+VWF",3,1223,262048.183334905,261958.819049189,0.000341022343976705,1223,0,1,0,FALSE,FALSE
"SYK+TJP1+VWF",3,1223,262017.600001573,261905.228573,0.000428869772764462,1223,0,1,0,FALSE,FALSE
"SYK+TNFSF11+VWF",3,1223,262034.266668239,261987.883334905,0.000177012472162619,1223,0,1,0,FALSE,FALSE
"SYK+VIM+YWHAZ",3,1223,262002.700001573,261891.550001571,0.000424232269368718,1223,0,1,0,FALSE,FALSE
"SYK+VWF+YWHAZ",3,1223,262013.81666824,261900.566668237,0.000432229114641802,1223,0,1,0,FALSE,FALSE
"TFRC+THBS1+VWF",3,1223,262039.616668239,261941.552382523,0.000374234579346377,1223,0,1,0,FALSE,FALSE
"TFRC+VIM+YWHAZ",3,1223,262008.533334906,261848.619049189,0.00061033999038973,1223,0,1,0,FALSE,FALSE
"THBS1+TJP1+VWF",3,1223,262009.033334906,261888.195239667,0.000461198202603041,1223,0,1,0,FALSE,FALSE
"THBS1+TNFSF11+VWF",3,1223,262025.700001572,261970.933334905,0.000209012576504408,1223,0,1,0,FALSE,FALSE
"THBS1+VIM+VWF",3,1223,262021.650001573,261972.500001572,0.000187579919447622,1223,0,1,0,FALSE,FALSE
"THBS1+VIM+YWHAZ",3,1223,261994.133334907,261877.100001571,0.000446702114456521,1223,0,1,0,FALSE,FALSE
"THBS1+VWF+XIAP",3,1223,262024.000001573,261972.909525382,0.000194983956396722,1223,0,1,0,FALSE,FALSE
"THBS1+VWF+YWHAZ",3,1223,262005.250001573,261883.483334904,0.000464748957009542,1223,0,1,0,FALSE,FALSE
"TJP1+VIM+YWHAZ",3,1223,261977.950001574,261795.028572999,0.000698232154934475,1223,0,1,0,FALSE,FALSE
"TNFSF11+VIM+YWHAZ",3,1223,261994.61666824,261877.683334904,0.000446319603140011,1223,0,1,0,FALSE,FALSE
"VIM+VWF+YWHAZ",3,1223,262001.683334907,261889.766668237,0.000427160105403668,1223,0,1,0,FALSE,FALSE
"VIM+XIAP+YWHAZ",3,1223,261992.916668241,261879.576192048,0.000432608933227607,1223,0,1,0,FALSE,FALSE
