"null_label","iteration","sampled_set","D_E","bliss_expected","Syn_Bliss","Syn_add"
"topology_ARG1",1,"GCLC",8.05799891081538e-05,NA,NA,NA
"topology_ARG1",2,"MECP2",0.000428908523146032,NA,NA,NA
"topology_ARG1",3,"TYMS",0.000142484575824997,NA,NA,NA
"topology_ARG1",4,"DRD2",0.000217393825030943,NA,NA,NA
"topology_ARG1",5,"DRD2",0.000217393825030943,NA,NA,NA
"topology_ARG1",6,"GAD1",0.000786829139807432,NA,NA,NA
"topology_ARG1",7,"TYMS",0.000142484575824997,NA,NA,NA
"topology_ARG1",8,"GSR",0.00032731672891706,NA,NA,NA
"topology_ARG1",9,"TYMS",0.000142484575824997,NA,NA,NA
"topology_ARG1",10,"GABRB3",0.000120726283226125,NA,NA,NA
"topology_ARG1",11,"TAC1",0.001463424927591,NA,NA,NA
"topology_ARG1",12,"TRPV1",0.00166711359586047,NA,NA,NA
"topology_ARG1",13,"MT-CYB",0.000203007681716216,NA,NA,NA
"topology_ARG1",14,"GATM",0.000449150320023683,NA,NA,NA
"topology_ARG1",15,"TAC1",0.001463424927591,NA,NA,NA
"topology_ARG1",16,"STAT4",0.000324242289791776,NA,NA,NA
"topology_ARG1",17,"MT-CYB",0.000203007681716216,NA,NA,NA
"topology_ARG1",18,"NQO1",0.000518240501310552,NA,NA,NA
"topology_ARG1",19,"SCN2A",9.6829057864789e-05,NA,NA,NA
"topology_ARG1",20,"SCN2A",9.6829057864789e-05,NA,NA,NA
"topology_ARG1",21,"DRD2",0.000217393825030943,NA,NA,NA
"topology_ARG1",22,"MT-CYB",0.000203007681716216,NA,NA,NA
"topology_ARG1",23,"AGXT2",0.000181321349120078,NA,NA,NA
"topology_ARG1",24,"KCNQ2",0.000154321192943452,NA,NA,NA
"topology_ARG1",25,"DPP4",0.00143001137023646,NA,NA,NA
"topology_ARG1",26,"DPP4",0.00143001137023646,NA,NA,NA
"topology_ARG1",27,"PTGS1",0.0001138588382259,NA,NA,NA
"topology_ARG1",28,"SCN2A",9.6829057864789e-05,NA,NA,NA
"topology_ARG1",29,"CS",0.000203624857343709,NA,NA,NA
"topology_ARG1",30,"TAC1",0.001463424927591,NA,NA,NA
"topology_ARG1",31,"MT-CYB",0.000203007681716216,NA,NA,NA
"topology_ARG1",32,"GABBR1",0.000629351098106912,NA,NA,NA
"topology_ARG1",33,"SCN2A",9.6829057864789e-05,NA,NA,NA
"topology_ARG1",34,"HK2",0.000296209764147126,NA,NA,NA
"topology_ARG1",35,"TRPV1",0.00166711359586047,NA,NA,NA
"topology_ARG1",36,"GATM",0.000449150320023683,NA,NA,NA
"topology_ARG1",37,"ADCY1",8.87083575196179e-06,NA,NA,NA
"topology_ARG1",38,"HK2",0.000296209764147126,NA,NA,NA
"topology_ARG1",39,"DPP4",0.00143001137023646,NA,NA,NA
"topology_ARG1",40,"CS",0.000203624857343709,NA,NA,NA
"topology_ARG1",41,"KCNH2",0.000463751185241779,NA,NA,NA
"topology_ARG1",42,"PRKAG2",0.00023019859617357,NA,NA,NA
"topology_ARG1",43,"XBP1",0.00130705850242441,NA,NA,NA
"topology_ARG1",44,"NR1H4",0.000150320210463128,NA,NA,NA
"topology_ARG1",45,"SCD",0.000143791042404695,NA,NA,NA
"topology_ARG1",46,"XDH",0.000207347108110545,NA,NA,NA
"topology_ARG1",47,"XBP1",0.00130705850242441,NA,NA,NA
"topology_ARG1",48,"MT-CYB",0.000203007681716216,NA,NA,NA
"topology_ARG1",49,"PCNA",0.000281828068793732,NA,NA,NA
"topology_ARG1",50,"TRPV4",0.000106153420904809,NA,NA,NA
"topology_ARG1",51,"GSR",0.00032731672891706,NA,NA,NA
"topology_ARG1",52,"SLC6A3",0.000164253248760127,NA,NA,NA
"topology_ARG1",53,"NR1H4",0.000150320210463128,NA,NA,NA
"topology_ARG1",54,"PTH",0.00019439506068486,NA,NA,NA
"topology_ARG1",55,"AGXT2",0.000181321349120078,NA,NA,NA
"topology_ARG1",56,"ABCG2",0.00154702083903102,NA,NA,NA
"topology_ARG1",57,"GABRA1",0.000512519672648093,NA,NA,NA
"topology_ARG1",58,"TAC1",0.001463424927591,NA,NA,NA
"topology_ARG1",59,"MT-CYB",0.000203007681716216,NA,NA,NA
"topology_ARG1",60,"SDHA",0.000611111269984921,NA,NA,NA
"topology_ARG1",61,"CS",0.000203624857343709,NA,NA,NA
"topology_ARG1",62,"ACLY",0.000136799781064179,NA,NA,NA
"topology_ARG1",63,"TFRC",0.000239327299633385,NA,NA,NA
"topology_ARG1",64,"GABRB3",0.000120726283226125,NA,NA,NA
"topology_ARG1",65,"SCN2A",9.6829057864789e-05,NA,NA,NA
"topology_ARG1",66,"XBP1",0.00130705850242441,NA,NA,NA
"topology_ARG1",67,"DPP4",0.00143001137023646,NA,NA,NA
"topology_ARG1",68,"NR1H4",0.000150320210463128,NA,NA,NA
"topology_ARG1",69,"SCD",0.000143791042404695,NA,NA,NA
"topology_ARG1",70,"CS",0.000203624857343709,NA,NA,NA
"topology_ARG1",71,"ABCG2",0.00154702083903102,NA,NA,NA
"topology_ARG1",72,"TYMS",0.000142484575824997,NA,NA,NA
"topology_ARG1",73,"ADCY1",8.87083575196179e-06,NA,NA,NA
"topology_ARG1",74,"GABBR1",0.000629351098106912,NA,NA,NA
"topology_ARG1",75,"KCNH2",0.000463751185241779,NA,NA,NA
"topology_ARG1",76,"TFRC",0.000239327299633385,NA,NA,NA
"topology_ARG1",77,"SLC6A3",0.000164253248760127,NA,NA,NA
"topology_ARG1",78,"DRD2",0.000217393825030943,NA,NA,NA
"topology_ARG1",79,"ACLY",0.000136799781064179,NA,NA,NA
"topology_ARG1",80,"CS",0.000203624857343709,NA,NA,NA
"topology_ARG1",81,"KCNQ2",0.000154321192943452,NA,NA,NA
"topology_ARG1",82,"NR1H4",0.000150320210463128,NA,NA,NA
"topology_ARG1",83,"SCD",0.000143791042404695,NA,NA,NA
"topology_ARG1",84,"HK2",0.000296209764147126,NA,NA,NA
"topology_ARG1",85,"CAMP",0.00129691841056656,NA,NA,NA
"topology_ARG1",86,"TRPV4",0.000106153420904809,NA,NA,NA
"topology_ARG1",87,"PRKAG2",0.00023019859617357,NA,NA,NA
"topology_ARG1",88,"KCNQ2",0.000154321192943452,NA,NA,NA
"topology_ARG1",89,"SCN2A",9.6829057864789e-05,NA,NA,NA
"topology_ARG1",90,"KCNQ2",0.000154321192943452,NA,NA,NA
"topology_ARG1",91,"SCD",0.000143791042404695,NA,NA,NA
"topology_ARG1",92,"RARA",0.000182812715244118,NA,NA,NA
"topology_ARG1",93,"PTGS1",0.0001138588382259,NA,NA,NA
"topology_ARG1",94,"GABRG2",6.25131802217682e-05,NA,NA,NA
"topology_ARG1",95,"MECP2",0.000428908523146032,NA,NA,NA
"topology_ARG1",96,"GABRG2",6.25131802217682e-05,NA,NA,NA
"topology_ARG1",97,"ABCG2",0.00154702083903102,NA,NA,NA
"topology_ARG1",98,"DPP4",0.00143001137023646,NA,NA,NA
"topology_ARG1",99,"STAT4",0.000324242289791776,NA,NA,NA
"topology_ARG1",100,"GABRA1",0.000512519672648093,NA,NA,NA
"topology_ARG1",101,"PLA2G4A",0.000158908171599248,NA,NA,NA
"topology_ARG1",102,"PTH",0.00019439506068486,NA,NA,NA
"topology_ARG1",103,"ADCY1",8.87083575196179e-06,NA,NA,NA
"topology_ARG1",104,"GRM5",0.000204723227971049,NA,NA,NA
"topology_ARG1",105,"CFTR",0.00160265872797649,NA,NA,NA
"topology_ARG1",106,"GAD1",0.000786829139807432,NA,NA,NA
"topology_ARG1",107,"KCNQ2",0.000154321192943452,NA,NA,NA
"topology_ARG1",108,"TAC1",0.001463424927591,NA,NA,NA
"topology_ARG1",109,"GABRA1",0.000512519672648093,NA,NA,NA
"topology_ARG1",110,"GAD1",0.000786829139807432,NA,NA,NA
"topology_ARG1",111,"ADRB2",0.000148693401879507,NA,NA,NA
"topology_ARG1",112,"HPRT1",0.00041877379526456,NA,NA,NA
"topology_ARG1",113,"TRPV1",0.00166711359586047,NA,NA,NA
"topology_ARG1",114,"ADCY2",0,NA,NA,NA
"topology_ARG1",115,"GFAP",0.000240332727610593,NA,NA,NA
"topology_ARG1",116,"SLC6A3",0.000164253248760127,NA,NA,NA
"topology_ARG1",117,"ABCG2",0.00154702083903102,NA,NA,NA
"topology_ARG1",118,"STAT4",0.000324242289791776,NA,NA,NA
"topology_ARG1",119,"CAMP",0.00129691841056656,NA,NA,NA
"topology_ARG1",120,"TAC1",0.001463424927591,NA,NA,NA
"topology_ARG1",121,"HPRT1",0.00041877379526456,NA,NA,NA
"topology_ARG1",122,"SCN1B",0.00123489854843939,NA,NA,NA
"topology_ARG1",123,"NQO1",0.000518240501310552,NA,NA,NA
"topology_ARG1",124,"MECP2",0.000428908523146032,NA,NA,NA
"topology_ARG1",125,"MECP2",0.000428908523146032,NA,NA,NA
"topology_ARG1",126,"KCNH2",0.000463751185241779,NA,NA,NA
"topology_ARG1",127,"XBP1",0.00130705850242441,NA,NA,NA
"topology_ARG1",128,"ADRB2",0.000148693401879507,NA,NA,NA
"topology_ARG1",129,"AGXT2",0.000181321349120078,NA,NA,NA
"topology_ARG1",130,"PRKAG2",0.00023019859617357,NA,NA,NA
"topology_ARG1",131,"TRPV1",0.00166711359586047,NA,NA,NA
"topology_ARG1",132,"TAC1",0.001463424927591,NA,NA,NA
"topology_ARG1",133,"ADCY2",0,NA,NA,NA
"topology_ARG1",134,"ACLY",0.000136799781064179,NA,NA,NA
"topology_ARG1",135,"TYMS",0.000142484575824997,NA,NA,NA
"topology_ARG1",136,"XBP1",0.00130705850242441,NA,NA,NA
"topology_ARG1",137,"MECP2",0.000428908523146032,NA,NA,NA
"topology_ARG1",138,"TRPV4",0.000106153420904809,NA,NA,NA
"topology_ARG1",139,"TRPV1",0.00166711359586047,NA,NA,NA
"topology_ARG1",140,"AGXT2",0.000181321349120078,NA,NA,NA
"topology_ARG1",141,"SDHA",0.000611111269984921,NA,NA,NA
"topology_ARG1",142,"SCN2A",9.6829057864789e-05,NA,NA,NA
"topology_ARG1",143,"RARA",0.000182812715244118,NA,NA,NA
"topology_ARG1",144,"SCN1B",0.00123489854843939,NA,NA,NA
"topology_ARG1",145,"SLC6A3",0.000164253248760127,NA,NA,NA
"topology_ARG1",146,"RARA",0.000182812715244118,NA,NA,NA
"topology_ARG1",147,"GCLC",8.05799891081538e-05,NA,NA,NA
"topology_ARG1",148,"HPRT1",0.00041877379526456,NA,NA,NA
"topology_ARG1",149,"PRKAG2",0.00023019859617357,NA,NA,NA
"topology_ARG1",150,"XBP1",0.00130705850242441,NA,NA,NA
"topology_ARG1",151,"ADRB2",0.000148693401879507,NA,NA,NA
"topology_ARG1",152,"GRM5",0.000204723227971049,NA,NA,NA
"topology_ARG1",153,"GRM5",0.000204723227971049,NA,NA,NA
"topology_ARG1",154,"XBP1",0.00130705850242441,NA,NA,NA
"topology_ARG1",155,"TAC1",0.001463424927591,NA,NA,NA
"topology_ARG1",156,"PTH",0.00019439506068486,NA,NA,NA
"topology_ARG1",157,"HK2",0.000296209764147126,NA,NA,NA
"topology_ARG1",158,"PTGS1",0.0001138588382259,NA,NA,NA
"topology_ARG1",159,"NQO1",0.000518240501310552,NA,NA,NA
"topology_ARG1",160,"GATM",0.000449150320023683,NA,NA,NA
"topology_ARG1",161,"PCNA",0.000281828068793732,NA,NA,NA
"topology_ARG1",162,"GABRB3",0.000120726283226125,NA,NA,NA
"topology_ARG1",163,"ADRB2",0.000148693401879507,NA,NA,NA
"topology_ARG1",164,"GABBR1",0.000629351098106912,NA,NA,NA
"topology_ARG1",165,"SCD",0.000143791042404695,NA,NA,NA
"topology_ARG1",166,"GFAP",0.000240332727610593,NA,NA,NA
"topology_ARG1",167,"PTH",0.00019439506068486,NA,NA,NA
"topology_ARG1",168,"PTGS1",0.0001138588382259,NA,NA,NA
"topology_ARG1",169,"HK2",0.000296209764147126,NA,NA,NA
"topology_ARG1",170,"TRPV1",0.00166711359586047,NA,NA,NA
"topology_ARG1",171,"TFRC",0.000239327299633385,NA,NA,NA
"topology_ARG1",172,"PTH",0.00019439506068486,NA,NA,NA
"topology_ARG1",173,"PCNA",0.000281828068793732,NA,NA,NA
"topology_ARG1",174,"GATM",0.000449150320023683,NA,NA,NA
"topology_ARG1",175,"GABRB3",0.000120726283226125,NA,NA,NA
"topology_ARG1",176,"XBP1",0.00130705850242441,NA,NA,NA
"topology_ARG1",177,"PTH",0.00019439506068486,NA,NA,NA
"topology_ARG1",178,"NQO1",0.000518240501310552,NA,NA,NA
"topology_ARG1",179,"GCLC",8.05799891081538e-05,NA,NA,NA
"topology_ARG1",180,"PTH",0.00019439506068486,NA,NA,NA
"topology_ARG1",181,"GCLC",8.05799891081538e-05,NA,NA,NA
"topology_ARG1",182,"RARA",0.000182812715244118,NA,NA,NA
"topology_ARG1",183,"NQO1",0.000518240501310552,NA,NA,NA
"topology_ARG1",184,"SLC6A3",0.000164253248760127,NA,NA,NA
"topology_ARG1",185,"KCNQ2",0.000154321192943452,NA,NA,NA
"topology_ARG1",186,"DRD2",0.000217393825030943,NA,NA,NA
"topology_ARG1",187,"HK2",0.000296209764147126,NA,NA,NA
"topology_ARG1",188,"XBP1",0.00130705850242441,NA,NA,NA
"topology_ARG1",189,"GRM5",0.000204723227971049,NA,NA,NA
"topology_ARG1",190,"KCNQ2",0.000154321192943452,NA,NA,NA
"topology_ARG1",191,"PRKAG2",0.00023019859617357,NA,NA,NA
"topology_ARG1",192,"KCNJ11",0.00241899994818762,NA,NA,NA
"topology_ARG1",193,"ADRB2",0.000148693401879507,NA,NA,NA
"topology_ARG1",194,"GRM5",0.000204723227971049,NA,NA,NA
"topology_ARG1",195,"GRM5",0.000204723227971049,NA,NA,NA
"topology_ARG1",196,"CS",0.000203624857343709,NA,NA,NA
"topology_ARG1",197,"PRKAG2",0.00023019859617357,NA,NA,NA
"topology_ARG1",198,"AGXT2",0.000181321349120078,NA,NA,NA
"topology_ARG1",199,"CFTR",0.00160265872797649,NA,NA,NA
"topology_ARG1",200,"XBP1",0.00130705850242441,NA,NA,NA
"topology_ARG1",201,"SLC6A3",0.000164253248760127,NA,NA,NA
"topology_ARG1",202,"SLC6A3",0.000164253248760127,NA,NA,NA
"topology_ARG1",203,"XDH",0.000207347108110545,NA,NA,NA
"topology_ARG1",204,"ADRB2",0.000148693401879507,NA,NA,NA
"topology_ARG1",205,"PTGS1",0.0001138588382259,NA,NA,NA
"topology_ARG1",206,"GFAP",0.000240332727610593,NA,NA,NA
"topology_ARG1",207,"GABRA1",0.000512519672648093,NA,NA,NA
"topology_ARG1",208,"SCN1B",0.00123489854843939,NA,NA,NA
"topology_ARG1",209,"HPRT1",0.00041877379526456,NA,NA,NA
"topology_ARG1",210,"PRKAG2",0.00023019859617357,NA,NA,NA
"topology_ARG1",211,"HPRT1",0.00041877379526456,NA,NA,NA
"topology_ARG1",212,"HPRT1",0.00041877379526456,NA,NA,NA
"topology_ARG1",213,"CS",0.000203624857343709,NA,NA,NA
"topology_ARG1",214,"AGXT2",0.000181321349120078,NA,NA,NA
"topology_ARG1",215,"HK2",0.000296209764147126,NA,NA,NA
"topology_ARG1",216,"SLC6A3",0.000164253248760127,NA,NA,NA
"topology_ARG1",217,"TYMS",0.000142484575824997,NA,NA,NA
"topology_ARG1",218,"CAMP",0.00129691841056656,NA,NA,NA
"topology_ARG1",219,"TYMS",0.000142484575824997,NA,NA,NA
"topology_ARG1",220,"SCN2A",9.6829057864789e-05,NA,NA,NA
"topology_ARG1",221,"RARA",0.000182812715244118,NA,NA,NA
"topology_ARG1",222,"SDHA",0.000611111269984921,NA,NA,NA
"topology_ARG1",223,"ACLY",0.000136799781064179,NA,NA,NA
"topology_ARG1",224,"DRD2",0.000217393825030943,NA,NA,NA
"topology_ARG1",225,"XBP1",0.00130705850242441,NA,NA,NA
"topology_ARG1",226,"NQO1",0.000518240501310552,NA,NA,NA
"topology_ARG1",227,"KCNQ2",0.000154321192943452,NA,NA,NA
"topology_ARG1",228,"TYMS",0.000142484575824997,NA,NA,NA
"topology_ARG1",229,"KCNQ2",0.000154321192943452,NA,NA,NA
"topology_ARG1",230,"GABRA1",0.000512519672648093,NA,NA,NA
"topology_ARG1",231,"GABBR1",0.000629351098106912,NA,NA,NA
"topology_ARG1",232,"TFRC",0.000239327299633385,NA,NA,NA
"topology_ARG1",233,"STAT4",0.000324242289791776,NA,NA,NA
"topology_ARG1",234,"GAD1",0.000786829139807432,NA,NA,NA
"topology_ARG1",235,"DRD2",0.000217393825030943,NA,NA,NA
"topology_ARG1",236,"TRPV4",0.000106153420904809,NA,NA,NA
"topology_ARG1",237,"DPP4",0.00143001137023646,NA,NA,NA
"topology_ARG1",238,"SLC6A3",0.000164253248760127,NA,NA,NA
"topology_ARG1",239,"GSR",0.00032731672891706,NA,NA,NA
"topology_ARG1",240,"SDHA",0.000611111269984921,NA,NA,NA
"topology_ARG1",241,"KCNH2",0.000463751185241779,NA,NA,NA
"topology_ARG1",242,"GFAP",0.000240332727610593,NA,NA,NA
"topology_ARG1",243,"CS",0.000203624857343709,NA,NA,NA
"topology_ARG1",244,"PTGS1",0.0001138588382259,NA,NA,NA
"topology_ARG1",245,"GSR",0.00032731672891706,NA,NA,NA
"topology_ARG1",246,"ABCG2",0.00154702083903102,NA,NA,NA
"topology_ARG1",247,"PTGS1",0.0001138588382259,NA,NA,NA
"topology_ARG1",248,"ADRB2",0.000148693401879507,NA,NA,NA
"topology_ARG1",249,"PTGS1",0.0001138588382259,NA,NA,NA
"topology_ARG1",250,"PTGS1",0.0001138588382259,NA,NA,NA
"topology_ARG1",251,"TRPV4",0.000106153420904809,NA,NA,NA
"topology_ARG1",252,"CAMP",0.00129691841056656,NA,NA,NA
"topology_ARG1",253,"CFTR",0.00160265872797649,NA,NA,NA
"topology_ARG1",254,"ADCY1",8.87083575196179e-06,NA,NA,NA
"topology_ARG1",255,"SLC6A3",0.000164253248760127,NA,NA,NA
"topology_ARG1",256,"NQO1",0.000518240501310552,NA,NA,NA
"topology_ARG1",257,"GABRB3",0.000120726283226125,NA,NA,NA
"topology_ARG1",258,"PTGS1",0.0001138588382259,NA,NA,NA
"topology_ARG1",259,"KCNQ2",0.000154321192943452,NA,NA,NA
"topology_ARG1",260,"XBP1",0.00130705850242441,NA,NA,NA
"topology_ARG1",261,"ACLY",0.000136799781064179,NA,NA,NA
"topology_ARG1",262,"GRM5",0.000204723227971049,NA,NA,NA
"topology_ARG1",263,"DPP4",0.00143001137023646,NA,NA,NA
"topology_ARG1",264,"CAMP",0.00129691841056656,NA,NA,NA
"topology_ARG1",265,"GRM5",0.000204723227971049,NA,NA,NA
"topology_ARG1",266,"GCK",0.000213793988103061,NA,NA,NA
"topology_ARG1",267,"SCN1B",0.00123489854843939,NA,NA,NA
"topology_ARG1",268,"KCNJ11",0.00241899994818762,NA,NA,NA
"topology_ARG1",269,"ADRB2",0.000148693401879507,NA,NA,NA
"topology_ARG1",270,"XBP1",0.00130705850242441,NA,NA,NA
"topology_ARG1",271,"AGXT2",0.000181321349120078,NA,NA,NA
"topology_ARG1",272,"TFRC",0.000239327299633385,NA,NA,NA
"topology_ARG1",273,"PTH",0.00019439506068486,NA,NA,NA
"topology_ARG1",274,"GCLC",8.05799891081538e-05,NA,NA,NA
"topology_ARG1",275,"GABRA1",0.000512519672648093,NA,NA,NA
"topology_ARG1",276,"HK2",0.000296209764147126,NA,NA,NA
"topology_ARG1",277,"ADCY1",8.87083575196179e-06,NA,NA,NA
"topology_ARG1",278,"PTH",0.00019439506068486,NA,NA,NA
"topology_ARG1",279,"CAMP",0.00129691841056656,NA,NA,NA
"topology_ARG1",280,"GCLC",8.05799891081538e-05,NA,NA,NA
"topology_ARG1",281,"TRPV1",0.00166711359586047,NA,NA,NA
"topology_ARG1",282,"CFTR",0.00160265872797649,NA,NA,NA
"topology_ARG1",283,"PTH",0.00019439506068486,NA,NA,NA
"topology_ARG1",284,"PTH",0.00019439506068486,NA,NA,NA
"topology_ARG1",285,"PLA2G4A",0.000158908171599248,NA,NA,NA
"topology_ARG1",286,"XBP1",0.00130705850242441,NA,NA,NA
"topology_ARG1",287,"TAC1",0.001463424927591,NA,NA,NA
"topology_ARG1",288,"TYMS",0.000142484575824997,NA,NA,NA
"topology_ARG1",289,"ADCY1",8.87083575196179e-06,NA,NA,NA
"topology_ARG1",290,"ADCY2",0,NA,NA,NA
"topology_ARG1",291,"GABRB3",0.000120726283226125,NA,NA,NA
"topology_ARG1",292,"PTH",0.00019439506068486,NA,NA,NA
"topology_ARG1",293,"GFAP",0.000240332727610593,NA,NA,NA
"topology_ARG1",294,"PTGS1",0.0001138588382259,NA,NA,NA
"topology_ARG1",295,"GABRA1",0.000512519672648093,NA,NA,NA
"topology_ARG1",296,"TRPV1",0.00166711359586047,NA,NA,NA
"topology_ARG1",297,"XDH",0.000207347108110545,NA,NA,NA
"topology_ARG1",298,"GFAP",0.000240332727610593,NA,NA,NA
"topology_ARG1",299,"PLA2G4A",0.000158908171599248,NA,NA,NA
"topology_ARG1",300,"TRPV4",0.000106153420904809,NA,NA,NA
"topology_ARG1",301,"ADCY2",0,NA,NA,NA
"topology_ARG1",302,"GCLC",8.05799891081538e-05,NA,NA,NA
"topology_ARG1",303,"RARA",0.000182812715244118,NA,NA,NA
"topology_ARG1",304,"GABRA1",0.000512519672648093,NA,NA,NA
"topology_ARG1",305,"KCNH2",0.000463751185241779,NA,NA,NA
"topology_ARG1",306,"RARA",0.000182812715244118,NA,NA,NA
"topology_ARG1",307,"KCNH2",0.000463751185241779,NA,NA,NA
"topology_ARG1",308,"GABRG2",6.25131802217682e-05,NA,NA,NA
"topology_ARG1",309,"SCN2A",9.6829057864789e-05,NA,NA,NA
"topology_ARG1",310,"GRM5",0.000204723227971049,NA,NA,NA
"topology_ARG1",311,"XBP1",0.00130705850242441,NA,NA,NA
"topology_ARG1",312,"GABRB3",0.000120726283226125,NA,NA,NA
"topology_ARG1",313,"DRD2",0.000217393825030943,NA,NA,NA
"topology_ARG1",314,"CAMP",0.00129691841056656,NA,NA,NA
"topology_ARG1",315,"CS",0.000203624857343709,NA,NA,NA
"topology_ARG1",316,"TFRC",0.000239327299633385,NA,NA,NA
"topology_ARG1",317,"TRPV1",0.00166711359586047,NA,NA,NA
"topology_ARG1",318,"GCLC",8.05799891081538e-05,NA,NA,NA
"topology_ARG1",319,"GCLC",8.05799891081538e-05,NA,NA,NA
"topology_ARG1",320,"SDHA",0.000611111269984921,NA,NA,NA
"topology_ARG1",321,"XDH",0.000207347108110545,NA,NA,NA
"topology_ARG1",322,"DPP4",0.00143001137023646,NA,NA,NA
"topology_ARG1",323,"MECP2",0.000428908523146032,NA,NA,NA
"topology_ARG1",324,"SCD",0.000143791042404695,NA,NA,NA
"topology_ARG1",325,"GABRG2",6.25131802217682e-05,NA,NA,NA
"topology_ARG1",326,"TRPV1",0.00166711359586047,NA,NA,NA
"topology_ARG1",327,"PTGS1",0.0001138588382259,NA,NA,NA
"topology_ARG1",328,"SCD",0.000143791042404695,NA,NA,NA
"topology_ARG1",329,"GCK",0.000213793988103061,NA,NA,NA
"topology_ARG1",330,"SCN1B",0.00123489854843939,NA,NA,NA
"topology_ARG1",331,"GFAP",0.000240332727610593,NA,NA,NA
"topology_ARG1",332,"ADRB2",0.000148693401879507,NA,NA,NA
"topology_ARG1",333,"NQO1",0.000518240501310552,NA,NA,NA
"topology_ARG1",334,"GABRG2",6.25131802217682e-05,NA,NA,NA
"topology_ARG1",335,"TRPV4",0.000106153420904809,NA,NA,NA
"topology_ARG1",336,"KCNH2",0.000463751185241779,NA,NA,NA
"topology_ARG1",337,"RARA",0.000182812715244118,NA,NA,NA
"topology_ARG1",338,"RARA",0.000182812715244118,NA,NA,NA
"topology_ARG1",339,"GABBR1",0.000629351098106912,NA,NA,NA
"topology_ARG1",340,"TRPV4",0.000106153420904809,NA,NA,NA
"topology_ARG1",341,"KCNQ2",0.000154321192943452,NA,NA,NA
"topology_ARG1",342,"CAMP",0.00129691841056656,NA,NA,NA
"topology_ARG1",343,"GFAP",0.000240332727610593,NA,NA,NA
"topology_ARG1",344,"HPRT1",0.00041877379526456,NA,NA,NA
"topology_ARG1",345,"GABRA1",0.000512519672648093,NA,NA,NA
"topology_ARG1",346,"SCD",0.000143791042404695,NA,NA,NA
"topology_ARG1",347,"GCLC",8.05799891081538e-05,NA,NA,NA
"topology_ARG1",348,"ADRB2",0.000148693401879507,NA,NA,NA
"topology_ARG1",349,"GCLC",8.05799891081538e-05,NA,NA,NA
"topology_ARG1",350,"PLA2G4A",0.000158908171599248,NA,NA,NA
"topology_ARG1",351,"GAD1",0.000786829139807432,NA,NA,NA
"topology_ARG1",352,"SCN2A",9.6829057864789e-05,NA,NA,NA
"topology_ARG1",353,"DPP4",0.00143001137023646,NA,NA,NA
"topology_ARG1",354,"MT-CYB",0.000203007681716216,NA,NA,NA
"topology_ARG1",355,"SCN1B",0.00123489854843939,NA,NA,NA
"topology_ARG1",356,"GABBR1",0.000629351098106912,NA,NA,NA
"topology_ARG1",357,"NQO1",0.000518240501310552,NA,NA,NA
"topology_ARG1",358,"GABBR1",0.000629351098106912,NA,NA,NA
"topology_ARG1",359,"AGXT2",0.000181321349120078,NA,NA,NA
"topology_ARG1",360,"CAMP",0.00129691841056656,NA,NA,NA
"topology_ARG1",361,"GATM",0.000449150320023683,NA,NA,NA
"topology_ARG1",362,"PTH",0.00019439506068486,NA,NA,NA
"topology_ARG1",363,"SDHA",0.000611111269984921,NA,NA,NA
"topology_ARG1",364,"GFAP",0.000240332727610593,NA,NA,NA
"topology_ARG1",365,"KCNH2",0.000463751185241779,NA,NA,NA
"topology_ARG1",366,"RARA",0.000182812715244118,NA,NA,NA
"topology_ARG1",367,"NQO1",0.000518240501310552,NA,NA,NA
"topology_ARG1",368,"TRPV4",0.000106153420904809,NA,NA,NA
"topology_ARG1",369,"ABCG2",0.00154702083903102,NA,NA,NA
"topology_ARG1",370,"GCK",0.000213793988103061,NA,NA,NA
"topology_ARG1",371,"ADRB2",0.000148693401879507,NA,NA,NA
"topology_ARG1",372,"SCN1B",0.00123489854843939,NA,NA,NA
"topology_ARG1",373,"ABCG2",0.00154702083903102,NA,NA,NA
"topology_ARG1",374,"KCNJ11",0.00241899994818762,NA,NA,NA
"topology_ARG1",375,"NQO1",0.000518240501310552,NA,NA,NA
"topology_ARG1",376,"CS",0.000203624857343709,NA,NA,NA
"topology_ARG1",377,"GSR",0.00032731672891706,NA,NA,NA
"topology_ARG1",378,"HPRT1",0.00041877379526456,NA,NA,NA
"topology_ARG1",379,"GATM",0.000449150320023683,NA,NA,NA
"topology_ARG1",380,"GFAP",0.000240332727610593,NA,NA,NA
"topology_ARG1",381,"ACLY",0.000136799781064179,NA,NA,NA
"topology_ARG1",382,"GABRB3",0.000120726283226125,NA,NA,NA
"topology_ARG1",383,"ACLY",0.000136799781064179,NA,NA,NA
"topology_ARG1",384,"PTH",0.00019439506068486,NA,NA,NA
"topology_ARG1",385,"GABRG2",6.25131802217682e-05,NA,NA,NA
"topology_ARG1",386,"GCLC",8.05799891081538e-05,NA,NA,NA
"topology_ARG1",387,"GABRA1",0.000512519672648093,NA,NA,NA
"topology_ARG1",388,"XDH",0.000207347108110545,NA,NA,NA
"topology_ARG1",389,"GFAP",0.000240332727610593,NA,NA,NA
"topology_ARG1",390,"TFRC",0.000239327299633385,NA,NA,NA
"topology_ARG1",391,"GFAP",0.000240332727610593,NA,NA,NA
"topology_ARG1",392,"GATM",0.000449150320023683,NA,NA,NA
"topology_ARG1",393,"PLA2G4A",0.000158908171599248,NA,NA,NA
"topology_ARG1",394,"STAT4",0.000324242289791776,NA,NA,NA
"topology_ARG1",395,"GATM",0.000449150320023683,NA,NA,NA
"topology_ARG1",396,"SDHA",0.000611111269984921,NA,NA,NA
"topology_ARG1",397,"CS",0.000203624857343709,NA,NA,NA
"topology_ARG1",398,"STAT4",0.000324242289791776,NA,NA,NA
"topology_ARG1",399,"GATM",0.000449150320023683,NA,NA,NA
"topology_ARG1",400,"PLA2G4A",0.000158908171599248,NA,NA,NA
"topology_ARG1",401,"SCN1B",0.00123489854843939,NA,NA,NA
"topology_ARG1",402,"SCD",0.000143791042404695,NA,NA,NA
"topology_ARG1",403,"GCK",0.000213793988103061,NA,NA,NA
"topology_ARG1",404,"MT-CYB",0.000203007681716216,NA,NA,NA
"topology_ARG1",405,"PTGS1",0.0001138588382259,NA,NA,NA
"topology_ARG1",406,"SCN2A",9.6829057864789e-05,NA,NA,NA
"topology_ARG1",407,"DPP4",0.00143001137023646,NA,NA,NA
"topology_ARG1",408,"TRPV4",0.000106153420904809,NA,NA,NA
"topology_ARG1",409,"GABRB3",0.000120726283226125,NA,NA,NA
"topology_ARG1",410,"NR1H4",0.000150320210463128,NA,NA,NA
"topology_ARG1",411,"MT-CYB",0.000203007681716216,NA,NA,NA
"topology_ARG1",412,"SCD",0.000143791042404695,NA,NA,NA
"topology_ARG1",413,"XBP1",0.00130705850242441,NA,NA,NA
"topology_ARG1",414,"GABBR1",0.000629351098106912,NA,NA,NA
"topology_ARG1",415,"GABBR1",0.000629351098106912,NA,NA,NA
"topology_ARG1",416,"PLA2G4A",0.000158908171599248,NA,NA,NA
"topology_ARG1",417,"TYMS",0.000142484575824997,NA,NA,NA
"topology_ARG1",418,"PLA2G4A",0.000158908171599248,NA,NA,NA
"topology_ARG1",419,"MECP2",0.000428908523146032,NA,NA,NA
"topology_ARG1",420,"TRPV1",0.00166711359586047,NA,NA,NA
"topology_ARG1",421,"ACLY",0.000136799781064179,NA,NA,NA
"topology_ARG1",422,"GFAP",0.000240332727610593,NA,NA,NA
"topology_ARG1",423,"PLA2G4A",0.000158908171599248,NA,NA,NA
"topology_ARG1",424,"PRKAG2",0.00023019859617357,NA,NA,NA
"topology_ARG1",425,"TFRC",0.000239327299633385,NA,NA,NA
"topology_ARG1",426,"PLA2G4A",0.000158908171599248,NA,NA,NA
"topology_ARG1",427,"TAC1",0.001463424927591,NA,NA,NA
"topology_ARG1",428,"TYMS",0.000142484575824997,NA,NA,NA
"topology_ARG1",429,"ACLY",0.000136799781064179,NA,NA,NA
"topology_ARG1",430,"HPRT1",0.00041877379526456,NA,NA,NA
"topology_ARG1",431,"ADRB2",0.000148693401879507,NA,NA,NA
"topology_ARG1",432,"ADRB2",0.000148693401879507,NA,NA,NA
"topology_ARG1",433,"GAD1",0.000786829139807432,NA,NA,NA
"topology_ARG1",434,"KCNJ11",0.00241899994818762,NA,NA,NA
"topology_ARG1",435,"PRKAG2",0.00023019859617357,NA,NA,NA
"topology_ARG1",436,"PRKAG2",0.00023019859617357,NA,NA,NA
"topology_ARG1",437,"STAT4",0.000324242289791776,NA,NA,NA
"topology_ARG1",438,"HK2",0.000296209764147126,NA,NA,NA
"topology_ARG1",439,"ADCY2",0,NA,NA,NA
"topology_ARG1",440,"TYMS",0.000142484575824997,NA,NA,NA
"topology_ARG1",441,"HK2",0.000296209764147126,NA,NA,NA
"topology_ARG1",442,"GCK",0.000213793988103061,NA,NA,NA
"topology_ARG1",443,"ADCY2",0,NA,NA,NA
"topology_ARG1",444,"ACLY",0.000136799781064179,NA,NA,NA
"topology_ARG1",445,"TRPV1",0.00166711359586047,NA,NA,NA
"topology_ARG1",446,"STAT4",0.000324242289791776,NA,NA,NA
"topology_ARG1",447,"NR1H4",0.000150320210463128,NA,NA,NA
"topology_ARG1",448,"SCN2A",9.6829057864789e-05,NA,NA,NA
"topology_ARG1",449,"DPP4",0.00143001137023646,NA,NA,NA
"topology_ARG1",450,"TRPV1",0.00166711359586047,NA,NA,NA
"topology_ARG1",451,"SCN1B",0.00123489854843939,NA,NA,NA
"topology_ARG1",452,"CFTR",0.00160265872797649,NA,NA,NA
"topology_ARG1",453,"GRM5",0.000204723227971049,NA,NA,NA
"topology_ARG1",454,"ABCG2",0.00154702083903102,NA,NA,NA
"topology_ARG1",455,"ADRB2",0.000148693401879507,NA,NA,NA
"topology_ARG1",456,"GCK",0.000213793988103061,NA,NA,NA
"topology_ARG1",457,"ACLY",0.000136799781064179,NA,NA,NA
"topology_ARG1",458,"ADRB2",0.000148693401879507,NA,NA,NA
"topology_ARG1",459,"GAD1",0.000786829139807432,NA,NA,NA
"topology_ARG1",460,"SLC6A3",0.000164253248760127,NA,NA,NA
"topology_ARG1",461,"SCN2A",9.6829057864789e-05,NA,NA,NA
"topology_ARG1",462,"TRPV1",0.00166711359586047,NA,NA,NA
"topology_ARG1",463,"XBP1",0.00130705850242441,NA,NA,NA
"topology_ARG1",464,"ABCG2",0.00154702083903102,NA,NA,NA
"topology_ARG1",465,"KCNJ11",0.00241899994818762,NA,NA,NA
"topology_ARG1",466,"XDH",0.000207347108110545,NA,NA,NA
"topology_ARG1",467,"TFRC",0.000239327299633385,NA,NA,NA
"topology_ARG1",468,"SCN1B",0.00123489854843939,NA,NA,NA
"topology_ARG1",469,"CFTR",0.00160265872797649,NA,NA,NA
"topology_ARG1",470,"CS",0.000203624857343709,NA,NA,NA
"topology_ARG1",471,"MECP2",0.000428908523146032,NA,NA,NA
"topology_ARG1",472,"PCNA",0.000281828068793732,NA,NA,NA
"topology_ARG1",473,"SDHA",0.000611111269984921,NA,NA,NA
"topology_ARG1",474,"NR1H4",0.000150320210463128,NA,NA,NA
"topology_ARG1",475,"KCNH2",0.000463751185241779,NA,NA,NA
"topology_ARG1",476,"CS",0.000203624857343709,NA,NA,NA
"topology_ARG1",477,"GAD1",0.000786829139807432,NA,NA,NA
"topology_ARG1",478,"TAC1",0.001463424927591,NA,NA,NA
"topology_ARG1",479,"NQO1",0.000518240501310552,NA,NA,NA
"topology_ARG1",480,"TRPV1",0.00166711359586047,NA,NA,NA
"topology_ARG1",481,"SLC6A3",0.000164253248760127,NA,NA,NA
"topology_ARG1",482,"SCD",0.000143791042404695,NA,NA,NA
"topology_ARG1",483,"MECP2",0.000428908523146032,NA,NA,NA
"topology_ARG1",484,"AGXT2",0.000181321349120078,NA,NA,NA
"topology_ARG1",485,"PCNA",0.000281828068793732,NA,NA,NA
"topology_ARG1",486,"XDH",0.000207347108110545,NA,NA,NA
"topology_ARG1",487,"PTH",0.00019439506068486,NA,NA,NA
"topology_ARG1",488,"TAC1",0.001463424927591,NA,NA,NA
"topology_ARG1",489,"PRKAG2",0.00023019859617357,NA,NA,NA
"topology_ARG1",490,"SDHA",0.000611111269984921,NA,NA,NA
"topology_ARG1",491,"PTGS1",0.0001138588382259,NA,NA,NA
"topology_ARG1",492,"GATM",0.000449150320023683,NA,NA,NA
"topology_ARG1",493,"XDH",0.000207347108110545,NA,NA,NA
"topology_ARG1",494,"TFRC",0.000239327299633385,NA,NA,NA
"topology_ARG1",495,"CFTR",0.00160265872797649,NA,NA,NA
"topology_ARG1",496,"PTH",0.00019439506068486,NA,NA,NA
"topology_ARG1",497,"NQO1",0.000518240501310552,NA,NA,NA
"topology_ARG1",498,"DRD2",0.000217393825030943,NA,NA,NA
"topology_ARG1",499,"SCN1B",0.00123489854843939,NA,NA,NA
"topology_ARG1",500,"TFRC",0.000239327299633385,NA,NA,NA
"topology_ARG1",501,"TFRC",0.000239327299633385,NA,NA,NA
"topology_ARG1",502,"NR1H4",0.000150320210463128,NA,NA,NA
"topology_ARG1",503,"GABRG2",6.25131802217682e-05,NA,NA,NA
"topology_ARG1",504,"TFRC",0.000239327299633385,NA,NA,NA
"topology_ARG1",505,"GCLC",8.05799891081538e-05,NA,NA,NA
"topology_ARG1",506,"NR1H4",0.000150320210463128,NA,NA,NA
"topology_ARG1",507,"HPRT1",0.00041877379526456,NA,NA,NA
"topology_ARG1",508,"PCNA",0.000281828068793732,NA,NA,NA
"topology_ARG1",509,"GABRB3",0.000120726283226125,NA,NA,NA
"topology_ARG1",510,"NR1H4",0.000150320210463128,NA,NA,NA
"topology_ARG1",511,"CAMP",0.00129691841056656,NA,NA,NA
"topology_ARG1",512,"PTGS1",0.0001138588382259,NA,NA,NA
"topology_ARG1",513,"GFAP",0.000240332727610593,NA,NA,NA
"topology_ARG1",514,"SCD",0.000143791042404695,NA,NA,NA
"topology_ARG1",515,"TRPV4",0.000106153420904809,NA,NA,NA
"topology_ARG1",516,"SCN1B",0.00123489854843939,NA,NA,NA
"topology_ARG1",517,"PTGS1",0.0001138588382259,NA,NA,NA
"topology_ARG1",518,"GABRA1",0.000512519672648093,NA,NA,NA
"topology_ARG1",519,"XDH",0.000207347108110545,NA,NA,NA
"topology_ARG1",520,"KCNJ11",0.00241899994818762,NA,NA,NA
"topology_ARG1",521,"ACLY",0.000136799781064179,NA,NA,NA
"topology_ARG1",522,"HK2",0.000296209764147126,NA,NA,NA
"topology_ARG1",523,"CAMP",0.00129691841056656,NA,NA,NA
"topology_ARG1",524,"GATM",0.000449150320023683,NA,NA,NA
"topology_ARG1",525,"SLC6A3",0.000164253248760127,NA,NA,NA
"topology_ARG1",526,"ACLY",0.000136799781064179,NA,NA,NA
"topology_ARG1",527,"PRKAG2",0.00023019859617357,NA,NA,NA
"topology_ARG1",528,"RARA",0.000182812715244118,NA,NA,NA
"topology_ARG1",529,"PTH",0.00019439506068486,NA,NA,NA
"topology_ARG1",530,"NQO1",0.000518240501310552,NA,NA,NA
"topology_ARG1",531,"ADCY1",8.87083575196179e-06,NA,NA,NA
"topology_ARG1",532,"GSR",0.00032731672891706,NA,NA,NA
"topology_ARG1",533,"TRPV4",0.000106153420904809,NA,NA,NA
"topology_ARG1",534,"PTH",0.00019439506068486,NA,NA,NA
"topology_ARG1",535,"ACLY",0.000136799781064179,NA,NA,NA
"topology_ARG1",536,"HK2",0.000296209764147126,NA,NA,NA
"topology_ARG1",537,"STAT4",0.000324242289791776,NA,NA,NA
"topology_ARG1",538,"HPRT1",0.00041877379526456,NA,NA,NA
"topology_ARG1",539,"CAMP",0.00129691841056656,NA,NA,NA
"topology_ARG1",540,"GCLC",8.05799891081538e-05,NA,NA,NA
"topology_ARG1",541,"XBP1",0.00130705850242441,NA,NA,NA
"topology_ARG1",542,"AGXT2",0.000181321349120078,NA,NA,NA
"topology_ARG1",543,"SCN1B",0.00123489854843939,NA,NA,NA
"topology_ARG1",544,"NQO1",0.000518240501310552,NA,NA,NA
"topology_ARG1",545,"ADCY2",0,NA,NA,NA
"topology_ARG1",546,"MECP2",0.000428908523146032,NA,NA,NA
"topology_ARG1",547,"SDHA",0.000611111269984921,NA,NA,NA
"topology_ARG1",548,"CS",0.000203624857343709,NA,NA,NA
"topology_ARG1",549,"ADCY1",8.87083575196179e-06,NA,NA,NA
"topology_ARG1",550,"GATM",0.000449150320023683,NA,NA,NA
"topology_ARG1",551,"DPP4",0.00143001137023646,NA,NA,NA
"topology_ARG1",552,"CFTR",0.00160265872797649,NA,NA,NA
"topology_ARG1",553,"ADCY1",8.87083575196179e-06,NA,NA,NA
"topology_ARG1",554,"GABRG2",6.25131802217682e-05,NA,NA,NA
"topology_ARG1",555,"TAC1",0.001463424927591,NA,NA,NA
"topology_ARG1",556,"TRPV4",0.000106153420904809,NA,NA,NA
"topology_ARG1",557,"CS",0.000203624857343709,NA,NA,NA
"topology_ARG1",558,"MT-CYB",0.000203007681716216,NA,NA,NA
"topology_ARG1",559,"NQO1",0.000518240501310552,NA,NA,NA
"topology_ARG1",560,"TRPV4",0.000106153420904809,NA,NA,NA
"topology_ARG1",561,"CAMP",0.00129691841056656,NA,NA,NA
"topology_ARG1",562,"KCNQ2",0.000154321192943452,NA,NA,NA
"topology_ARG1",563,"GABRA1",0.000512519672648093,NA,NA,NA
"topology_ARG1",564,"GABRB3",0.000120726283226125,NA,NA,NA
"topology_ARG1",565,"GCK",0.000213793988103061,NA,NA,NA
"topology_ARG1",566,"GRM5",0.000204723227971049,NA,NA,NA
"topology_ARG1",567,"PCNA",0.000281828068793732,NA,NA,NA
"topology_ARG1",568,"GABRA1",0.000512519672648093,NA,NA,NA
"topology_ARG1",569,"ABCG2",0.00154702083903102,NA,NA,NA
"topology_ARG1",570,"GABBR1",0.000629351098106912,NA,NA,NA
"topology_ARG1",571,"KCNQ2",0.000154321192943452,NA,NA,NA
"topology_ARG1",572,"TAC1",0.001463424927591,NA,NA,NA
"topology_ARG1",573,"KCNJ11",0.00241899994818762,NA,NA,NA
"topology_ARG1",574,"GRM5",0.000204723227971049,NA,NA,NA
"topology_ARG1",575,"HK2",0.000296209764147126,NA,NA,NA
"topology_ARG1",576,"NR1H4",0.000150320210463128,NA,NA,NA
"topology_ARG1",577,"GATM",0.000449150320023683,NA,NA,NA
"topology_ARG1",578,"GSR",0.00032731672891706,NA,NA,NA
"topology_ARG1",579,"DPP4",0.00143001137023646,NA,NA,NA
"topology_ARG1",580,"SCN1B",0.00123489854843939,NA,NA,NA
"topology_ARG1",581,"GRM5",0.000204723227971049,NA,NA,NA
"topology_ARG1",582,"TRPV1",0.00166711359586047,NA,NA,NA
"topology_ARG1",583,"GABRB3",0.000120726283226125,NA,NA,NA
"topology_ARG1",584,"NR1H4",0.000150320210463128,NA,NA,NA
"topology_ARG1",585,"SLC6A3",0.000164253248760127,NA,NA,NA
"topology_ARG1",586,"KCNJ11",0.00241899994818762,NA,NA,NA
"topology_ARG1",587,"NR1H4",0.000150320210463128,NA,NA,NA
"topology_ARG1",588,"GABBR1",0.000629351098106912,NA,NA,NA
"topology_ARG1",589,"DRD2",0.000217393825030943,NA,NA,NA
"topology_ARG1",590,"GCLC",8.05799891081538e-05,NA,NA,NA
"topology_ARG1",591,"HPRT1",0.00041877379526456,NA,NA,NA
"topology_ARG1",592,"TAC1",0.001463424927591,NA,NA,NA
"topology_ARG1",593,"GABRG2",6.25131802217682e-05,NA,NA,NA
"topology_ARG1",594,"GABBR1",0.000629351098106912,NA,NA,NA
"topology_ARG1",595,"MT-CYB",0.000203007681716216,NA,NA,NA
"topology_ARG1",596,"ACLY",0.000136799781064179,NA,NA,NA
"topology_ARG1",597,"GCK",0.000213793988103061,NA,NA,NA
"topology_ARG1",598,"CAMP",0.00129691841056656,NA,NA,NA
"topology_ARG1",599,"PTGS1",0.0001138588382259,NA,NA,NA
"topology_ARG1",600,"ADCY2",0,NA,NA,NA
"topology_ARG1",601,"PCNA",0.000281828068793732,NA,NA,NA
"topology_ARG1",602,"PTH",0.00019439506068486,NA,NA,NA
"topology_ARG1",603,"KCNQ2",0.000154321192943452,NA,NA,NA
"topology_ARG1",604,"PTGS1",0.0001138588382259,NA,NA,NA
"topology_ARG1",605,"GABRB3",0.000120726283226125,NA,NA,NA
"topology_ARG1",606,"GCK",0.000213793988103061,NA,NA,NA
"topology_ARG1",607,"SLC6A3",0.000164253248760127,NA,NA,NA
"topology_ARG1",608,"SCN1B",0.00123489854843939,NA,NA,NA
"topology_ARG1",609,"PCNA",0.000281828068793732,NA,NA,NA
"topology_ARG1",610,"RARA",0.000182812715244118,NA,NA,NA
"topology_ARG1",611,"XBP1",0.00130705850242441,NA,NA,NA
"topology_ARG1",612,"GABRA1",0.000512519672648093,NA,NA,NA
"topology_ARG1",613,"NR1H4",0.000150320210463128,NA,NA,NA
"topology_ARG1",614,"NQO1",0.000518240501310552,NA,NA,NA
"topology_ARG1",615,"KCNH2",0.000463751185241779,NA,NA,NA
"topology_ARG1",616,"GABRA1",0.000512519672648093,NA,NA,NA
"topology_ARG1",617,"PRKAG2",0.00023019859617357,NA,NA,NA
"topology_ARG1",618,"ACLY",0.000136799781064179,NA,NA,NA
"topology_ARG1",619,"GABRG2",6.25131802217682e-05,NA,NA,NA
"topology_ARG1",620,"HK2",0.000296209764147126,NA,NA,NA
"topology_ARG1",621,"CAMP",0.00129691841056656,NA,NA,NA
"topology_ARG1",622,"STAT4",0.000324242289791776,NA,NA,NA
"topology_ARG1",623,"GABRG2",6.25131802217682e-05,NA,NA,NA
"topology_ARG1",624,"XBP1",0.00130705850242441,NA,NA,NA
"topology_ARG1",625,"XDH",0.000207347108110545,NA,NA,NA
"topology_ARG1",626,"ABCG2",0.00154702083903102,NA,NA,NA
"topology_ARG1",627,"TFRC",0.000239327299633385,NA,NA,NA
"topology_ARG1",628,"GABRG2",6.25131802217682e-05,NA,NA,NA
"topology_ARG1",629,"DRD2",0.000217393825030943,NA,NA,NA
"topology_ARG1",630,"ACLY",0.000136799781064179,NA,NA,NA
"topology_ARG1",631,"ACLY",0.000136799781064179,NA,NA,NA
"topology_ARG1",632,"GABRA1",0.000512519672648093,NA,NA,NA
"topology_ARG1",633,"DRD2",0.000217393825030943,NA,NA,NA
"topology_ARG1",634,"DPP4",0.00143001137023646,NA,NA,NA
"topology_ARG1",635,"ADRB2",0.000148693401879507,NA,NA,NA
"topology_ARG1",636,"NR1H4",0.000150320210463128,NA,NA,NA
"topology_ARG1",637,"CAMP",0.00129691841056656,NA,NA,NA
"topology_ARG1",638,"MECP2",0.000428908523146032,NA,NA,NA
"topology_ARG1",639,"CS",0.000203624857343709,NA,NA,NA
"topology_ARG1",640,"TFRC",0.000239327299633385,NA,NA,NA
"topology_ARG1",641,"KCNH2",0.000463751185241779,NA,NA,NA
"topology_ARG1",642,"GABRA1",0.000512519672648093,NA,NA,NA
"topology_ARG1",643,"PTH",0.00019439506068486,NA,NA,NA
"topology_ARG1",644,"ABCG2",0.00154702083903102,NA,NA,NA
"topology_ARG1",645,"GAD1",0.000786829139807432,NA,NA,NA
"topology_ARG1",646,"GAD1",0.000786829139807432,NA,NA,NA
"topology_ARG1",647,"ABCG2",0.00154702083903102,NA,NA,NA
"topology_ARG1",648,"GSR",0.00032731672891706,NA,NA,NA
"topology_ARG1",649,"SLC6A3",0.000164253248760127,NA,NA,NA
"topology_ARG1",650,"GCLC",8.05799891081538e-05,NA,NA,NA
"topology_ARG1",651,"RARA",0.000182812715244118,NA,NA,NA
"topology_ARG1",652,"ADCY1",8.87083575196179e-06,NA,NA,NA
"topology_ARG1",653,"XDH",0.000207347108110545,NA,NA,NA
"topology_ARG1",654,"SLC6A3",0.000164253248760127,NA,NA,NA
"topology_ARG1",655,"GABRB3",0.000120726283226125,NA,NA,NA
"topology_ARG1",656,"GABBR1",0.000629351098106912,NA,NA,NA
"topology_ARG1",657,"GFAP",0.000240332727610593,NA,NA,NA
"topology_ARG1",658,"PTGS1",0.0001138588382259,NA,NA,NA
"topology_ARG1",659,"GFAP",0.000240332727610593,NA,NA,NA
"topology_ARG1",660,"TYMS",0.000142484575824997,NA,NA,NA
"topology_ARG1",661,"CS",0.000203624857343709,NA,NA,NA
"topology_ARG1",662,"TYMS",0.000142484575824997,NA,NA,NA
"topology_ARG1",663,"GCLC",8.05799891081538e-05,NA,NA,NA
"topology_ARG1",664,"GABRA1",0.000512519672648093,NA,NA,NA
"topology_ARG1",665,"TRPV1",0.00166711359586047,NA,NA,NA
"topology_ARG1",666,"GFAP",0.000240332727610593,NA,NA,NA
"topology_ARG1",667,"TRPV4",0.000106153420904809,NA,NA,NA
"topology_ARG1",668,"KCNJ11",0.00241899994818762,NA,NA,NA
"topology_ARG1",669,"SCN1B",0.00123489854843939,NA,NA,NA
"topology_ARG1",670,"TYMS",0.000142484575824997,NA,NA,NA
"topology_ARG1",671,"GFAP",0.000240332727610593,NA,NA,NA
"topology_ARG1",672,"GCK",0.000213793988103061,NA,NA,NA
"topology_ARG1",673,"DPP4",0.00143001137023646,NA,NA,NA
"topology_ARG1",674,"NQO1",0.000518240501310552,NA,NA,NA
"topology_ARG1",675,"NQO1",0.000518240501310552,NA,NA,NA
"topology_ARG1",676,"PRKAG2",0.00023019859617357,NA,NA,NA
"topology_ARG1",677,"ADCY1",8.87083575196179e-06,NA,NA,NA
"topology_ARG1",678,"ACLY",0.000136799781064179,NA,NA,NA
"topology_ARG1",679,"ADCY1",8.87083575196179e-06,NA,NA,NA
"topology_ARG1",680,"ADCY1",8.87083575196179e-06,NA,NA,NA
"topology_ARG1",681,"MECP2",0.000428908523146032,NA,NA,NA
"topology_ARG1",682,"GFAP",0.000240332727610593,NA,NA,NA
"topology_ARG1",683,"GABRB3",0.000120726283226125,NA,NA,NA
"topology_ARG1",684,"PTGS1",0.0001138588382259,NA,NA,NA
"topology_ARG1",685,"ACLY",0.000136799781064179,NA,NA,NA
"topology_ARG1",686,"SDHA",0.000611111269984921,NA,NA,NA
"topology_ARG1",687,"NQO1",0.000518240501310552,NA,NA,NA
"topology_ARG1",688,"AGXT2",0.000181321349120078,NA,NA,NA
"topology_ARG1",689,"SLC6A3",0.000164253248760127,NA,NA,NA
"topology_ARG1",690,"SCN1B",0.00123489854843939,NA,NA,NA
"topology_ARG1",691,"GABBR1",0.000629351098106912,NA,NA,NA
"topology_ARG1",692,"NR1H4",0.000150320210463128,NA,NA,NA
"topology_ARG1",693,"GSR",0.00032731672891706,NA,NA,NA
"topology_ARG1",694,"ADRB2",0.000148693401879507,NA,NA,NA
"topology_ARG1",695,"GRM5",0.000204723227971049,NA,NA,NA
"topology_ARG1",696,"GCK",0.000213793988103061,NA,NA,NA
"topology_ARG1",697,"MT-CYB",0.000203007681716216,NA,NA,NA
"topology_ARG1",698,"TYMS",0.000142484575824997,NA,NA,NA
"topology_ARG1",699,"ADCY2",0,NA,NA,NA
"topology_ARG1",700,"CFTR",0.00160265872797649,NA,NA,NA
"topology_ARG1",701,"KCNJ11",0.00241899994818762,NA,NA,NA
"topology_ARG1",702,"DPP4",0.00143001137023646,NA,NA,NA
"topology_ARG1",703,"GFAP",0.000240332727610593,NA,NA,NA
"topology_ARG1",704,"SCN1B",0.00123489854843939,NA,NA,NA
"topology_ARG1",705,"GRM5",0.000204723227971049,NA,NA,NA
"topology_ARG1",706,"HK2",0.000296209764147126,NA,NA,NA
"topology_ARG1",707,"GCLC",8.05799891081538e-05,NA,NA,NA
"topology_ARG1",708,"GCK",0.000213793988103061,NA,NA,NA
"topology_ARG1",709,"MT-CYB",0.000203007681716216,NA,NA,NA
"topology_ARG1",710,"TYMS",0.000142484575824997,NA,NA,NA
"topology_ARG1",711,"RARA",0.000182812715244118,NA,NA,NA
"topology_ARG1",712,"ADCY1",8.87083575196179e-06,NA,NA,NA
"topology_ARG1",713,"HPRT1",0.00041877379526456,NA,NA,NA
"topology_ARG1",714,"DRD2",0.000217393825030943,NA,NA,NA
"topology_ARG1",715,"TRPV1",0.00166711359586047,NA,NA,NA
"topology_ARG1",716,"GRM5",0.000204723227971049,NA,NA,NA
"topology_ARG1",717,"NQO1",0.000518240501310552,NA,NA,NA
"topology_ARG1",718,"AGXT2",0.000181321349120078,NA,NA,NA
"topology_ARG1",719,"MT-CYB",0.000203007681716216,NA,NA,NA
"topology_ARG1",720,"TFRC",0.000239327299633385,NA,NA,NA
"topology_ARG1",721,"GCK",0.000213793988103061,NA,NA,NA
"topology_ARG1",722,"SLC6A3",0.000164253248760127,NA,NA,NA
"topology_ARG1",723,"KCNJ11",0.00241899994818762,NA,NA,NA
"topology_ARG1",724,"KCNQ2",0.000154321192943452,NA,NA,NA
"topology_ARG1",725,"DRD2",0.000217393825030943,NA,NA,NA
"topology_ARG1",726,"GAD1",0.000786829139807432,NA,NA,NA
"topology_ARG1",727,"TAC1",0.001463424927591,NA,NA,NA
"topology_ARG1",728,"GAD1",0.000786829139807432,NA,NA,NA
"topology_ARG1",729,"GCLC",8.05799891081538e-05,NA,NA,NA
"topology_ARG1",730,"STAT4",0.000324242289791776,NA,NA,NA
"topology_ARG1",731,"MT-CYB",0.000203007681716216,NA,NA,NA
"topology_ARG1",732,"SDHA",0.000611111269984921,NA,NA,NA
"topology_ARG1",733,"PTGS1",0.0001138588382259,NA,NA,NA
"topology_ARG1",734,"PLA2G4A",0.000158908171599248,NA,NA,NA
"topology_ARG1",735,"CAMP",0.00129691841056656,NA,NA,NA
"topology_ARG1",736,"TAC1",0.001463424927591,NA,NA,NA
"topology_ARG1",737,"MT-CYB",0.000203007681716216,NA,NA,NA
"topology_ARG1",738,"NQO1",0.000518240501310552,NA,NA,NA
"topology_ARG1",739,"RARA",0.000182812715244118,NA,NA,NA
"topology_ARG1",740,"TAC1",0.001463424927591,NA,NA,NA
"topology_ARG1",741,"ADCY1",8.87083575196179e-06,NA,NA,NA
"topology_ARG1",742,"TAC1",0.001463424927591,NA,NA,NA
"topology_ARG1",743,"GAD1",0.000786829139807432,NA,NA,NA
"topology_ARG1",744,"GCK",0.000213793988103061,NA,NA,NA
"topology_ARG1",745,"PLA2G4A",0.000158908171599248,NA,NA,NA
"topology_ARG1",746,"PCNA",0.000281828068793732,NA,NA,NA
"topology_ARG1",747,"CS",0.000203624857343709,NA,NA,NA
"topology_ARG1",748,"GABRA1",0.000512519672648093,NA,NA,NA
"topology_ARG1",749,"AGXT2",0.000181321349120078,NA,NA,NA
"topology_ARG1",750,"SCD",0.000143791042404695,NA,NA,NA
"topology_ARG1",751,"AGXT2",0.000181321349120078,NA,NA,NA
"topology_ARG1",752,"GCK",0.000213793988103061,NA,NA,NA
"topology_ARG1",753,"GATM",0.000449150320023683,NA,NA,NA
"topology_ARG1",754,"AGXT2",0.000181321349120078,NA,NA,NA
"topology_ARG1",755,"GABBR1",0.000629351098106912,NA,NA,NA
"topology_ARG1",756,"TRPV4",0.000106153420904809,NA,NA,NA
"topology_ARG1",757,"GFAP",0.000240332727610593,NA,NA,NA
"topology_ARG1",758,"SCD",0.000143791042404695,NA,NA,NA
"topology_ARG1",759,"SLC6A3",0.000164253248760127,NA,NA,NA
"topology_ARG1",760,"PRKAG2",0.00023019859617357,NA,NA,NA
"topology_ARG1",761,"GATM",0.000449150320023683,NA,NA,NA
"topology_ARG1",762,"STAT4",0.000324242289791776,NA,NA,NA
"topology_ARG1",763,"ACLY",0.000136799781064179,NA,NA,NA
"topology_ARG1",764,"KCNH2",0.000463751185241779,NA,NA,NA
"topology_ARG1",765,"GCLC",8.05799891081538e-05,NA,NA,NA
"topology_ARG1",766,"DRD2",0.000217393825030943,NA,NA,NA
"topology_ARG1",767,"AGXT2",0.000181321349120078,NA,NA,NA
"topology_ARG1",768,"TAC1",0.001463424927591,NA,NA,NA
"topology_ARG1",769,"KCNH2",0.000463751185241779,NA,NA,NA
"topology_ARG1",770,"GAD1",0.000786829139807432,NA,NA,NA
"topology_ARG1",771,"TAC1",0.001463424927591,NA,NA,NA
"topology_ARG1",772,"GSR",0.00032731672891706,NA,NA,NA
"topology_ARG1",773,"DPP4",0.00143001137023646,NA,NA,NA
"topology_ARG1",774,"TAC1",0.001463424927591,NA,NA,NA
"topology_ARG1",775,"XBP1",0.00130705850242441,NA,NA,NA
"topology_ARG1",776,"PCNA",0.000281828068793732,NA,NA,NA
"topology_ARG1",777,"ADCY1",8.87083575196179e-06,NA,NA,NA
"topology_ARG1",778,"AGXT2",0.000181321349120078,NA,NA,NA
"topology_ARG1",779,"GATM",0.000449150320023683,NA,NA,NA
"topology_ARG1",780,"XBP1",0.00130705850242441,NA,NA,NA
"topology_ARG1",781,"AGXT2",0.000181321349120078,NA,NA,NA
"topology_ARG1",782,"TRPV4",0.000106153420904809,NA,NA,NA
"topology_ARG1",783,"GFAP",0.000240332727610593,NA,NA,NA
"topology_ARG1",784,"MT-CYB",0.000203007681716216,NA,NA,NA
"topology_ARG1",785,"TRPV1",0.00166711359586047,NA,NA,NA
"topology_ARG1",786,"KCNQ2",0.000154321192943452,NA,NA,NA
"topology_ARG1",787,"CFTR",0.00160265872797649,NA,NA,NA
"topology_ARG1",788,"HPRT1",0.00041877379526456,NA,NA,NA
"topology_ARG1",789,"TRPV1",0.00166711359586047,NA,NA,NA
"topology_ARG1",790,"MT-CYB",0.000203007681716216,NA,NA,NA
"topology_ARG1",791,"SCD",0.000143791042404695,NA,NA,NA
"topology_ARG1",792,"HPRT1",0.00041877379526456,NA,NA,NA
"topology_ARG1",793,"PTGS1",0.0001138588382259,NA,NA,NA
"topology_ARG1",794,"TRPV1",0.00166711359586047,NA,NA,NA
"topology_ARG1",795,"CS",0.000203624857343709,NA,NA,NA
"topology_ARG1",796,"NR1H4",0.000150320210463128,NA,NA,NA
"topology_ARG1",797,"GABBR1",0.000629351098106912,NA,NA,NA
"topology_ARG1",798,"GFAP",0.000240332727610593,NA,NA,NA
"topology_ARG1",799,"AGXT2",0.000181321349120078,NA,NA,NA
"topology_ARG1",800,"CFTR",0.00160265872797649,NA,NA,NA
"topology_ARG1",801,"ABCG2",0.00154702083903102,NA,NA,NA
"topology_ARG1",802,"GSR",0.00032731672891706,NA,NA,NA
"topology_ARG1",803,"ADCY1",8.87083575196179e-06,NA,NA,NA
"topology_ARG1",804,"PTGS1",0.0001138588382259,NA,NA,NA
"topology_ARG1",805,"GSR",0.00032731672891706,NA,NA,NA
"topology_ARG1",806,"MT-CYB",0.000203007681716216,NA,NA,NA
"topology_ARG1",807,"SCN2A",9.6829057864789e-05,NA,NA,NA
"topology_ARG1",808,"ADRB2",0.000148693401879507,NA,NA,NA
"topology_ARG1",809,"XDH",0.000207347108110545,NA,NA,NA
"topology_ARG1",810,"ABCG2",0.00154702083903102,NA,NA,NA
"topology_ARG1",811,"MECP2",0.000428908523146032,NA,NA,NA
"topology_ARG1",812,"ADCY2",0,NA,NA,NA
"topology_ARG1",813,"ABCG2",0.00154702083903102,NA,NA,NA
"topology_ARG1",814,"ACLY",0.000136799781064179,NA,NA,NA
"topology_ARG1",815,"GABRG2",6.25131802217682e-05,NA,NA,NA
"topology_ARG1",816,"KCNJ11",0.00241899994818762,NA,NA,NA
"topology_ARG1",817,"GABRB3",0.000120726283226125,NA,NA,NA
"topology_ARG1",818,"TRPV1",0.00166711359586047,NA,NA,NA
"topology_ARG1",819,"DPP4",0.00143001137023646,NA,NA,NA
"topology_ARG1",820,"TAC1",0.001463424927591,NA,NA,NA
"topology_ARG1",821,"TRPV1",0.00166711359586047,NA,NA,NA
"topology_ARG1",822,"GSR",0.00032731672891706,NA,NA,NA
"topology_ARG1",823,"PTH",0.00019439506068486,NA,NA,NA
"topology_ARG1",824,"ACLY",0.000136799781064179,NA,NA,NA
"topology_ARG1",825,"STAT4",0.000324242289791776,NA,NA,NA
"topology_ARG1",826,"GCLC",8.05799891081538e-05,NA,NA,NA
"topology_ARG1",827,"CAMP",0.00129691841056656,NA,NA,NA
"topology_ARG1",828,"SCD",0.000143791042404695,NA,NA,NA
"topology_ARG1",829,"ADRB2",0.000148693401879507,NA,NA,NA
"topology_ARG1",830,"GABRG2",6.25131802217682e-05,NA,NA,NA
"topology_ARG1",831,"DRD2",0.000217393825030943,NA,NA,NA
"topology_ARG1",832,"SCN2A",9.6829057864789e-05,NA,NA,NA
"topology_ARG1",833,"NQO1",0.000518240501310552,NA,NA,NA
"topology_ARG1",834,"SCD",0.000143791042404695,NA,NA,NA
"topology_ARG1",835,"DRD2",0.000217393825030943,NA,NA,NA
"topology_ARG1",836,"AGXT2",0.000181321349120078,NA,NA,NA
"topology_ARG1",837,"XDH",0.000207347108110545,NA,NA,NA
"topology_ARG1",838,"HK2",0.000296209764147126,NA,NA,NA
"topology_ARG1",839,"CFTR",0.00160265872797649,NA,NA,NA
"topology_ARG1",840,"TAC1",0.001463424927591,NA,NA,NA
"topology_ARG1",841,"PRKAG2",0.00023019859617357,NA,NA,NA
"topology_ARG1",842,"GAD1",0.000786829139807432,NA,NA,NA
"topology_ARG1",843,"STAT4",0.000324242289791776,NA,NA,NA
"topology_ARG1",844,"KCNJ11",0.00241899994818762,NA,NA,NA
"topology_ARG1",845,"MT-CYB",0.000203007681716216,NA,NA,NA
"topology_ARG1",846,"CAMP",0.00129691841056656,NA,NA,NA
"topology_ARG1",847,"PTH",0.00019439506068486,NA,NA,NA
"topology_ARG1",848,"RARA",0.000182812715244118,NA,NA,NA
"topology_ARG1",849,"HPRT1",0.00041877379526456,NA,NA,NA
"topology_ARG1",850,"CAMP",0.00129691841056656,NA,NA,NA
"topology_ARG1",851,"GFAP",0.000240332727610593,NA,NA,NA
"topology_ARG1",852,"GABRA1",0.000512519672648093,NA,NA,NA
"topology_ARG1",853,"SCN2A",9.6829057864789e-05,NA,NA,NA
"topology_ARG1",854,"STAT4",0.000324242289791776,NA,NA,NA
"topology_ARG1",855,"ADRB2",0.000148693401879507,NA,NA,NA
"topology_ARG1",856,"CAMP",0.00129691841056656,NA,NA,NA
"topology_ARG1",857,"GRM5",0.000204723227971049,NA,NA,NA
"topology_ARG1",858,"XDH",0.000207347108110545,NA,NA,NA
"topology_ARG1",859,"HK2",0.000296209764147126,NA,NA,NA
"topology_ARG1",860,"SLC6A3",0.000164253248760127,NA,NA,NA
"topology_ARG1",861,"GCK",0.000213793988103061,NA,NA,NA
"topology_ARG1",862,"CFTR",0.00160265872797649,NA,NA,NA
"topology_ARG1",863,"XDH",0.000207347108110545,NA,NA,NA
"topology_ARG1",864,"SLC6A3",0.000164253248760127,NA,NA,NA
"topology_ARG1",865,"TFRC",0.000239327299633385,NA,NA,NA
"topology_ARG1",866,"KCNJ11",0.00241899994818762,NA,NA,NA
"topology_ARG1",867,"HPRT1",0.00041877379526456,NA,NA,NA
"topology_ARG1",868,"SDHA",0.000611111269984921,NA,NA,NA
"topology_ARG1",869,"CFTR",0.00160265872797649,NA,NA,NA
"topology_ARG1",870,"GRM5",0.000204723227971049,NA,NA,NA
"topology_ARG1",871,"ABCG2",0.00154702083903102,NA,NA,NA
"topology_ARG1",872,"PTGS1",0.0001138588382259,NA,NA,NA
"topology_ARG1",873,"TRPV1",0.00166711359586047,NA,NA,NA
"topology_ARG1",874,"MT-CYB",0.000203007681716216,NA,NA,NA
"topology_ARG1",875,"GRM5",0.000204723227971049,NA,NA,NA
"topology_ARG1",876,"ACLY",0.000136799781064179,NA,NA,NA
"topology_ARG1",877,"ACLY",0.000136799781064179,NA,NA,NA
"topology_ARG1",878,"NR1H4",0.000150320210463128,NA,NA,NA
"topology_ARG1",879,"ABCG2",0.00154702083903102,NA,NA,NA
"topology_ARG1",880,"NR1H4",0.000150320210463128,NA,NA,NA
"topology_ARG1",881,"PRKAG2",0.00023019859617357,NA,NA,NA
"topology_ARG1",882,"SLC6A3",0.000164253248760127,NA,NA,NA
"topology_ARG1",883,"PLA2G4A",0.000158908171599248,NA,NA,NA
"topology_ARG1",884,"SLC6A3",0.000164253248760127,NA,NA,NA
"topology_ARG1",885,"ADCY1",8.87083575196179e-06,NA,NA,NA
"topology_ARG1",886,"KCNJ11",0.00241899994818762,NA,NA,NA
"topology_ARG1",887,"CS",0.000203624857343709,NA,NA,NA
"topology_ARG1",888,"TRPV1",0.00166711359586047,NA,NA,NA
"topology_ARG1",889,"DPP4",0.00143001137023646,NA,NA,NA
"topology_ARG1",890,"SCD",0.000143791042404695,NA,NA,NA
"topology_ARG1",891,"ADRB2",0.000148693401879507,NA,NA,NA
"topology_ARG1",892,"KCNQ2",0.000154321192943452,NA,NA,NA
"topology_ARG1",893,"MECP2",0.000428908523146032,NA,NA,NA
"topology_ARG1",894,"ACLY",0.000136799781064179,NA,NA,NA
"topology_ARG1",895,"MECP2",0.000428908523146032,NA,NA,NA
"topology_ARG1",896,"DPP4",0.00143001137023646,NA,NA,NA
"topology_ARG1",897,"TAC1",0.001463424927591,NA,NA,NA
"topology_ARG1",898,"GABBR1",0.000629351098106912,NA,NA,NA
"topology_ARG1",899,"TAC1",0.001463424927591,NA,NA,NA
"topology_ARG1",900,"ACLY",0.000136799781064179,NA,NA,NA
"topology_ARG1",901,"SLC6A3",0.000164253248760127,NA,NA,NA
"topology_ARG1",902,"CS",0.000203624857343709,NA,NA,NA
"topology_ARG1",903,"TRPV1",0.00166711359586047,NA,NA,NA
"topology_ARG1",904,"GABBR1",0.000629351098106912,NA,NA,NA
"topology_ARG1",905,"XDH",0.000207347108110545,NA,NA,NA
"topology_ARG1",906,"NQO1",0.000518240501310552,NA,NA,NA
"topology_ARG1",907,"PLA2G4A",0.000158908171599248,NA,NA,NA
"topology_ARG1",908,"KCNJ11",0.00241899994818762,NA,NA,NA
"topology_ARG1",909,"AGXT2",0.000181321349120078,NA,NA,NA
"topology_ARG1",910,"TRPV4",0.000106153420904809,NA,NA,NA
"topology_ARG1",911,"PCNA",0.000281828068793732,NA,NA,NA
"topology_ARG1",912,"MT-CYB",0.000203007681716216,NA,NA,NA
"topology_ARG1",913,"PLA2G4A",0.000158908171599248,NA,NA,NA
"topology_ARG1",914,"ACLY",0.000136799781064179,NA,NA,NA
"topology_ARG1",915,"NR1H4",0.000150320210463128,NA,NA,NA
"topology_ARG1",916,"GABRG2",6.25131802217682e-05,NA,NA,NA
"topology_ARG1",917,"KCNH2",0.000463751185241779,NA,NA,NA
"topology_ARG1",918,"PTH",0.00019439506068486,NA,NA,NA
"topology_ARG1",919,"STAT4",0.000324242289791776,NA,NA,NA
"topology_ARG1",920,"CFTR",0.00160265872797649,NA,NA,NA
"topology_ARG1",921,"SLC6A3",0.000164253248760127,NA,NA,NA
"topology_ARG1",922,"PTH",0.00019439506068486,NA,NA,NA
"topology_ARG1",923,"NQO1",0.000518240501310552,NA,NA,NA
"topology_ARG1",924,"CAMP",0.00129691841056656,NA,NA,NA
"topology_ARG1",925,"PTH",0.00019439506068486,NA,NA,NA
"topology_ARG1",926,"SLC6A3",0.000164253248760127,NA,NA,NA
"topology_ARG1",927,"CAMP",0.00129691841056656,NA,NA,NA
"topology_ARG1",928,"KCNH2",0.000463751185241779,NA,NA,NA
"topology_ARG1",929,"GCLC",8.05799891081538e-05,NA,NA,NA
"topology_ARG1",930,"MT-CYB",0.000203007681716216,NA,NA,NA
"topology_ARG1",931,"PCNA",0.000281828068793732,NA,NA,NA
"topology_ARG1",932,"DRD2",0.000217393825030943,NA,NA,NA
"topology_ARG1",933,"STAT4",0.000324242289791776,NA,NA,NA
"topology_ARG1",934,"GSR",0.00032731672891706,NA,NA,NA
"topology_ARG1",935,"ADRB2",0.000148693401879507,NA,NA,NA
"topology_ARG1",936,"GABRB3",0.000120726283226125,NA,NA,NA
"topology_ARG1",937,"GRM5",0.000204723227971049,NA,NA,NA
"topology_ARG1",938,"GSR",0.00032731672891706,NA,NA,NA
"topology_ARG1",939,"SDHA",0.000611111269984921,NA,NA,NA
"topology_ARG1",940,"NR1H4",0.000150320210463128,NA,NA,NA
"topology_ARG1",941,"CAMP",0.00129691841056656,NA,NA,NA
"topology_ARG1",942,"GABRB3",0.000120726283226125,NA,NA,NA
"topology_ARG1",943,"GSR",0.00032731672891706,NA,NA,NA
"topology_ARG1",944,"CS",0.000203624857343709,NA,NA,NA
"topology_ARG1",945,"SCD",0.000143791042404695,NA,NA,NA
"topology_ARG1",946,"SCN1B",0.00123489854843939,NA,NA,NA
"topology_ARG1",947,"PTGS1",0.0001138588382259,NA,NA,NA
"topology_ARG1",948,"GAD1",0.000786829139807432,NA,NA,NA
"topology_ARG1",949,"SLC6A3",0.000164253248760127,NA,NA,NA
"topology_ARG1",950,"GAD1",0.000786829139807432,NA,NA,NA
"topology_ARG1",951,"TRPV1",0.00166711359586047,NA,NA,NA
"topology_ARG1",952,"NR1H4",0.000150320210463128,NA,NA,NA
"topology_ARG1",953,"STAT4",0.000324242289791776,NA,NA,NA
"topology_ARG1",954,"PCNA",0.000281828068793732,NA,NA,NA
"topology_ARG1",955,"GCLC",8.05799891081538e-05,NA,NA,NA
"topology_ARG1",956,"CAMP",0.00129691841056656,NA,NA,NA
"topology_ARG1",957,"CAMP",0.00129691841056656,NA,NA,NA
"topology_ARG1",958,"DPP4",0.00143001137023646,NA,NA,NA
"topology_ARG1",959,"TRPV4",0.000106153420904809,NA,NA,NA
"topology_ARG1",960,"DRD2",0.000217393825030943,NA,NA,NA
"topology_ARG1",961,"GABRB3",0.000120726283226125,NA,NA,NA
"topology_ARG1",962,"CFTR",0.00160265872797649,NA,NA,NA
"topology_ARG1",963,"SCD",0.000143791042404695,NA,NA,NA
"topology_ARG1",964,"DPP4",0.00143001137023646,NA,NA,NA
"topology_ARG1",965,"DRD2",0.000217393825030943,NA,NA,NA
"topology_ARG1",966,"TFRC",0.000239327299633385,NA,NA,NA
"topology_ARG1",967,"GAD1",0.000786829139807432,NA,NA,NA
"topology_ARG1",968,"PTGS1",0.0001138588382259,NA,NA,NA
"topology_ARG1",969,"HK2",0.000296209764147126,NA,NA,NA
"topology_ARG1",970,"XDH",0.000207347108110545,NA,NA,NA
"topology_ARG1",971,"SCN1B",0.00123489854843939,NA,NA,NA
"topology_ARG1",972,"NQO1",0.000518240501310552,NA,NA,NA
"topology_ARG1",973,"HPRT1",0.00041877379526456,NA,NA,NA
"topology_ARG1",974,"STAT4",0.000324242289791776,NA,NA,NA
"topology_ARG1",975,"NR1H4",0.000150320210463128,NA,NA,NA
"topology_ARG1",976,"PRKAG2",0.00023019859617357,NA,NA,NA
"topology_ARG1",977,"NR1H4",0.000150320210463128,NA,NA,NA
"topology_ARG1",978,"HPRT1",0.00041877379526456,NA,NA,NA
"topology_ARG1",979,"GATM",0.000449150320023683,NA,NA,NA
"topology_ARG1",980,"ADCY2",0,NA,NA,NA
"topology_ARG1",981,"DRD2",0.000217393825030943,NA,NA,NA
"topology_ARG1",982,"GABRB3",0.000120726283226125,NA,NA,NA
"topology_ARG1",983,"ADRB2",0.000148693401879507,NA,NA,NA
"topology_ARG1",984,"SCD",0.000143791042404695,NA,NA,NA
"topology_ARG1",985,"GRM5",0.000204723227971049,NA,NA,NA
"topology_ARG1",986,"GAD1",0.000786829139807432,NA,NA,NA
"topology_ARG1",987,"SLC6A3",0.000164253248760127,NA,NA,NA
"topology_ARG1",988,"ACLY",0.000136799781064179,NA,NA,NA
"topology_ARG1",989,"PTH",0.00019439506068486,NA,NA,NA
"topology_ARG1",990,"GAD1",0.000786829139807432,NA,NA,NA
"topology_ARG1",991,"TYMS",0.000142484575824997,NA,NA,NA
"topology_ARG1",992,"CS",0.000203624857343709,NA,NA,NA
"topology_ARG1",993,"TRPV1",0.00166711359586047,NA,NA,NA
"topology_ARG1",994,"ABCG2",0.00154702083903102,NA,NA,NA
"topology_ARG1",995,"GABRB3",0.000120726283226125,NA,NA,NA
"topology_ARG1",996,"TAC1",0.001463424927591,NA,NA,NA
"topology_ARG1",997,"TRPV1",0.00166711359586047,NA,NA,NA
"topology_ARG1",998,"PTH",0.00019439506068486,NA,NA,NA
"topology_ARG1",999,"PTH",0.00019439506068486,NA,NA,NA
"topology_ARG1",1000,"TYMS",0.000142484575824997,NA,NA,NA
"topology_ARG1",1001,"PRKAG2",0.00023019859617357,NA,NA,NA
"topology_ARG1",1002,"SCN2A",9.6829057864789e-05,NA,NA,NA
"topology_ARG1",1003,"TRPV4",0.000106153420904809,NA,NA,NA
"topology_ARG1",1004,"SLC6A3",0.000164253248760127,NA,NA,NA
"topology_ARG1",1005,"TYMS",0.000142484575824997,NA,NA,NA
"topology_ARG1",1006,"HPRT1",0.00041877379526456,NA,NA,NA
"topology_ARG1",1007,"SCN2A",9.6829057864789e-05,NA,NA,NA
"topology_ARG1",1008,"PTH",0.00019439506068486,NA,NA,NA
"topology_ARG1",1009,"TRPV1",0.00166711359586047,NA,NA,NA
"topology_ARG1",1010,"PLA2G4A",0.000158908171599248,NA,NA,NA
"topology_ARG1",1011,"GATM",0.000449150320023683,NA,NA,NA
"topology_ARG1",1012,"ADCY1",8.87083575196179e-06,NA,NA,NA
"topology_ARG1",1013,"GAD1",0.000786829139807432,NA,NA,NA
"topology_ARG1",1014,"ABCG2",0.00154702083903102,NA,NA,NA
"topology_ARG1",1015,"GRM5",0.000204723227971049,NA,NA,NA
"topology_ARG1",1016,"GCLC",8.05799891081538e-05,NA,NA,NA
"topology_ARG1",1017,"GABRB3",0.000120726283226125,NA,NA,NA
"topology_ARG1",1018,"TYMS",0.000142484575824997,NA,NA,NA
"topology_ARG1",1019,"HPRT1",0.00041877379526456,NA,NA,NA
"topology_ARG1",1020,"SCD",0.000143791042404695,NA,NA,NA
"topology_ARG1",1021,"PCNA",0.000281828068793732,NA,NA,NA
"topology_ARG1",1022,"PTH",0.00019439506068486,NA,NA,NA
"topology_ARG1",1023,"KCNH2",0.000463751185241779,NA,NA,NA
"topology_ARG1",1024,"XBP1",0.00130705850242441,NA,NA,NA
"topology_ARG1",1025,"GABRB3",0.000120726283226125,NA,NA,NA
"topology_ARG1",1026,"GFAP",0.000240332727610593,NA,NA,NA
"topology_ARG1",1027,"GABRA1",0.000512519672648093,NA,NA,NA
"topology_ARG1",1028,"TRPV1",0.00166711359586047,NA,NA,NA
"topology_ARG1",1029,"NR1H4",0.000150320210463128,NA,NA,NA
"topology_ARG1",1030,"GAD1",0.000786829139807432,NA,NA,NA
"topology_ARG1",1031,"ACLY",0.000136799781064179,NA,NA,NA
"topology_ARG1",1032,"GRM5",0.000204723227971049,NA,NA,NA
"topology_ARG1",1033,"AGXT2",0.000181321349120078,NA,NA,NA
"topology_ARG1",1034,"MECP2",0.000428908523146032,NA,NA,NA
"topology_ARG1",1035,"ADCY1",8.87083575196179e-06,NA,NA,NA
"topology_ARG1",1036,"GABRB3",0.000120726283226125,NA,NA,NA
"topology_ARG1",1037,"AGXT2",0.000181321349120078,NA,NA,NA
"topology_ARG1",1038,"KCNJ11",0.00241899994818762,NA,NA,NA
"topology_ARG1",1039,"CAMP",0.00129691841056656,NA,NA,NA
"topology_ARG1",1040,"GATM",0.000449150320023683,NA,NA,NA
"topology_ARG1",1041,"HK2",0.000296209764147126,NA,NA,NA
"topology_ARG1",1042,"GABRA1",0.000512519672648093,NA,NA,NA
"topology_ARG1",1043,"GRM5",0.000204723227971049,NA,NA,NA
"topology_ARG1",1044,"KCNJ11",0.00241899994818762,NA,NA,NA
"topology_ARG1",1045,"MECP2",0.000428908523146032,NA,NA,NA
"topology_ARG1",1046,"TAC1",0.001463424927591,NA,NA,NA
"topology_ARG1",1047,"TYMS",0.000142484575824997,NA,NA,NA
"topology_ARG1",1048,"SLC6A3",0.000164253248760127,NA,NA,NA
"topology_ARG1",1049,"TRPV4",0.000106153420904809,NA,NA,NA
"topology_ARG1",1050,"GRM5",0.000204723227971049,NA,NA,NA
"topology_ARG1",1051,"KCNQ2",0.000154321192943452,NA,NA,NA
"topology_ARG1",1052,"GFAP",0.000240332727610593,NA,NA,NA
"topology_ARG1",1053,"GABBR1",0.000629351098106912,NA,NA,NA
"topology_ARG1",1054,"XDH",0.000207347108110545,NA,NA,NA
"topology_ARG1",1055,"GCK",0.000213793988103061,NA,NA,NA
"topology_ARG1",1056,"GABRG2",6.25131802217682e-05,NA,NA,NA
"topology_ARG1",1057,"ABCG2",0.00154702083903102,NA,NA,NA
"topology_ARG1",1058,"CS",0.000203624857343709,NA,NA,NA
"topology_ARG1",1059,"GABBR1",0.000629351098106912,NA,NA,NA
"topology_ARG1",1060,"STAT4",0.000324242289791776,NA,NA,NA
"topology_ARG1",1061,"PTGS1",0.0001138588382259,NA,NA,NA
"topology_ARG1",1062,"SLC6A3",0.000164253248760127,NA,NA,NA
"topology_ARG1",1063,"XBP1",0.00130705850242441,NA,NA,NA
"topology_ARG1",1064,"GABRA1",0.000512519672648093,NA,NA,NA
"topology_ARG1",1065,"SCN1B",0.00123489854843939,NA,NA,NA
"topology_ARG1",1066,"CFTR",0.00160265872797649,NA,NA,NA
"topology_ARG1",1067,"GAD1",0.000786829139807432,NA,NA,NA
"topology_ARG1",1068,"KCNH2",0.000463751185241779,NA,NA,NA
"topology_ARG1",1069,"CFTR",0.00160265872797649,NA,NA,NA
"topology_ARG1",1070,"TRPV1",0.00166711359586047,NA,NA,NA
"topology_ARG1",1071,"HPRT1",0.00041877379526456,NA,NA,NA
"topology_ARG1",1072,"PRKAG2",0.00023019859617357,NA,NA,NA
"topology_ARG1",1073,"MECP2",0.000428908523146032,NA,NA,NA
"topology_ARG1",1074,"TYMS",0.000142484575824997,NA,NA,NA
"topology_ARG1",1075,"TRPV4",0.000106153420904809,NA,NA,NA
"topology_ARG1",1076,"MECP2",0.000428908523146032,NA,NA,NA
"topology_ARG1",1077,"XDH",0.000207347108110545,NA,NA,NA
"topology_ARG1",1078,"GABRG2",6.25131802217682e-05,NA,NA,NA
"topology_ARG1",1079,"ABCG2",0.00154702083903102,NA,NA,NA
"topology_ARG1",1080,"XDH",0.000207347108110545,NA,NA,NA
"topology_ARG1",1081,"KCNQ2",0.000154321192943452,NA,NA,NA
"topology_ARG1",1082,"ABCG2",0.00154702083903102,NA,NA,NA
"topology_ARG1",1083,"DRD2",0.000217393825030943,NA,NA,NA
"topology_ARG1",1084,"KCNQ2",0.000154321192943452,NA,NA,NA
"topology_ARG1",1085,"PTGS1",0.0001138588382259,NA,NA,NA
"topology_ARG1",1086,"ADCY1",8.87083575196179e-06,NA,NA,NA
"topology_ARG1",1087,"NR1H4",0.000150320210463128,NA,NA,NA
"topology_ARG1",1088,"KCNJ11",0.00241899994818762,NA,NA,NA
"topology_ARG1",1089,"GABRA1",0.000512519672648093,NA,NA,NA
"topology_ARG1",1090,"GCLC",8.05799891081538e-05,NA,NA,NA
"topology_ARG1",1091,"SCN1B",0.00123489854843939,NA,NA,NA
"topology_ARG1",1092,"GABBR1",0.000629351098106912,NA,NA,NA
"topology_ARG1",1093,"SCD",0.000143791042404695,NA,NA,NA
"topology_ARG1",1094,"GCK",0.000213793988103061,NA,NA,NA
"topology_ARG1",1095,"SCD",0.000143791042404695,NA,NA,NA
"topology_ARG1",1096,"ABCG2",0.00154702083903102,NA,NA,NA
"topology_ARG1",1097,"SLC6A3",0.000164253248760127,NA,NA,NA
"topology_ARG1",1098,"CS",0.000203624857343709,NA,NA,NA
"topology_ARG1",1099,"GRM5",0.000204723227971049,NA,NA,NA
"topology_ARG1",1100,"DRD2",0.000217393825030943,NA,NA,NA
"topology_ARG1",1101,"DRD2",0.000217393825030943,NA,NA,NA
"topology_ARG1",1102,"HK2",0.000296209764147126,NA,NA,NA
"topology_ARG1",1103,"SCN2A",9.6829057864789e-05,NA,NA,NA
"topology_ARG1",1104,"NQO1",0.000518240501310552,NA,NA,NA
"topology_ARG1",1105,"AGXT2",0.000181321349120078,NA,NA,NA
"topology_ARG1",1106,"ADCY2",0,NA,NA,NA
"topology_ARG1",1107,"TAC1",0.001463424927591,NA,NA,NA
"topology_ARG1",1108,"ADRB2",0.000148693401879507,NA,NA,NA
"topology_ARG1",1109,"STAT4",0.000324242289791776,NA,NA,NA
"topology_ARG1",1110,"XDH",0.000207347108110545,NA,NA,NA
"topology_ARG1",1111,"HK2",0.000296209764147126,NA,NA,NA
"topology_ARG1",1112,"GABBR1",0.000629351098106912,NA,NA,NA
"topology_ARG1",1113,"GABBR1",0.000629351098106912,NA,NA,NA
"topology_ARG1",1114,"XBP1",0.00130705850242441,NA,NA,NA
"topology_ARG1",1115,"XBP1",0.00130705850242441,NA,NA,NA
"topology_ARG1",1116,"STAT4",0.000324242289791776,NA,NA,NA
"topology_ARG1",1117,"HPRT1",0.00041877379526456,NA,NA,NA
"topology_ARG1",1118,"KCNJ11",0.00241899994818762,NA,NA,NA
"topology_ARG1",1119,"TRPV4",0.000106153420904809,NA,NA,NA
"topology_ARG1",1120,"PTGS1",0.0001138588382259,NA,NA,NA
"topology_ARG1",1121,"TFRC",0.000239327299633385,NA,NA,NA
"topology_ARG1",1122,"DRD2",0.000217393825030943,NA,NA,NA
"topology_ARG1",1123,"AGXT2",0.000181321349120078,NA,NA,NA
"topology_ARG1",1124,"SCN2A",9.6829057864789e-05,NA,NA,NA
"topology_ARG1",1125,"SCN1B",0.00123489854843939,NA,NA,NA
"topology_ARG1",1126,"GABBR1",0.000629351098106912,NA,NA,NA
"topology_ARG1",1127,"ADCY2",0,NA,NA,NA
"topology_ARG1",1128,"XBP1",0.00130705850242441,NA,NA,NA
"topology_ARG1",1129,"KCNJ11",0.00241899994818762,NA,NA,NA
"topology_ARG1",1130,"GABBR1",0.000629351098106912,NA,NA,NA
"topology_ARG1",1131,"NR1H4",0.000150320210463128,NA,NA,NA
"topology_ARG1",1132,"XBP1",0.00130705850242441,NA,NA,NA
"topology_ARG1",1133,"GFAP",0.000240332727610593,NA,NA,NA
"topology_ARG1",1134,"ADCY1",8.87083575196179e-06,NA,NA,NA
"topology_ARG1",1135,"GABRG2",6.25131802217682e-05,NA,NA,NA
"topology_ARG1",1136,"GSR",0.00032731672891706,NA,NA,NA
"topology_ARG1",1137,"ABCG2",0.00154702083903102,NA,NA,NA
"topology_ARG1",1138,"GATM",0.000449150320023683,NA,NA,NA
"topology_ARG1",1139,"GABRA1",0.000512519672648093,NA,NA,NA
"topology_ARG1",1140,"TAC1",0.001463424927591,NA,NA,NA
"topology_ARG1",1141,"TRPV1",0.00166711359586047,NA,NA,NA
"topology_ARG1",1142,"MT-CYB",0.000203007681716216,NA,NA,NA
"topology_ARG1",1143,"PRKAG2",0.00023019859617357,NA,NA,NA
"topology_ARG1",1144,"ADCY2",0,NA,NA,NA
"topology_ARG1",1145,"MT-CYB",0.000203007681716216,NA,NA,NA
"topology_ARG1",1146,"GCLC",8.05799891081538e-05,NA,NA,NA
"topology_ARG1",1147,"CAMP",0.00129691841056656,NA,NA,NA
"topology_ARG1",1148,"GABRB3",0.000120726283226125,NA,NA,NA
"topology_ARG1",1149,"GCK",0.000213793988103061,NA,NA,NA
"topology_ARG1",1150,"DPP4",0.00143001137023646,NA,NA,NA
"topology_ARG1",1151,"NQO1",0.000518240501310552,NA,NA,NA
"topology_ARG1",1152,"HPRT1",0.00041877379526456,NA,NA,NA
"topology_ARG1",1153,"CS",0.000203624857343709,NA,NA,NA
"topology_ARG1",1154,"TAC1",0.001463424927591,NA,NA,NA
"topology_ARG1",1155,"TRPV1",0.00166711359586047,NA,NA,NA
"topology_ARG1",1156,"GABRA1",0.000512519672648093,NA,NA,NA
"topology_ARG1",1157,"ACLY",0.000136799781064179,NA,NA,NA
"topology_ARG1",1158,"GABRG2",6.25131802217682e-05,NA,NA,NA
"topology_ARG1",1159,"SLC6A3",0.000164253248760127,NA,NA,NA
"topology_ARG1",1160,"GCLC",8.05799891081538e-05,NA,NA,NA
"topology_ARG1",1161,"SDHA",0.000611111269984921,NA,NA,NA
"topology_ARG1",1162,"SLC6A3",0.000164253248760127,NA,NA,NA
"topology_ARG1",1163,"PRKAG2",0.00023019859617357,NA,NA,NA
"topology_ARG1",1164,"MT-CYB",0.000203007681716216,NA,NA,NA
"topology_ARG1",1165,"GABBR1",0.000629351098106912,NA,NA,NA
"topology_ARG1",1166,"MECP2",0.000428908523146032,NA,NA,NA
"topology_ARG1",1167,"GATM",0.000449150320023683,NA,NA,NA
"topology_ARG1",1168,"GCK",0.000213793988103061,NA,NA,NA
"topology_ARG1",1169,"MECP2",0.000428908523146032,NA,NA,NA
"topology_ARG1",1170,"KCNH2",0.000463751185241779,NA,NA,NA
"topology_ARG1",1171,"RARA",0.000182812715244118,NA,NA,NA
"topology_ARG1",1172,"SCD",0.000143791042404695,NA,NA,NA
"topology_ARG1",1173,"KCNH2",0.000463751185241779,NA,NA,NA
"topology_ARG1",1174,"DPP4",0.00143001137023646,NA,NA,NA
"topology_ARG1",1175,"PLA2G4A",0.000158908171599248,NA,NA,NA
"topology_ARG1",1176,"ADCY1",8.87083575196179e-06,NA,NA,NA
"topology_ARG1",1177,"ACLY",0.000136799781064179,NA,NA,NA
"topology_ARG1",1178,"ADCY1",8.87083575196179e-06,NA,NA,NA
"topology_ARG1",1179,"RARA",0.000182812715244118,NA,NA,NA
"topology_ARG1",1180,"ABCG2",0.00154702083903102,NA,NA,NA
"topology_ARG1",1181,"STAT4",0.000324242289791776,NA,NA,NA
"topology_ARG1",1182,"PRKAG2",0.00023019859617357,NA,NA,NA
"topology_ARG1",1183,"SCN2A",9.6829057864789e-05,NA,NA,NA
"topology_ARG1",1184,"GSR",0.00032731672891706,NA,NA,NA
"topology_ARG1",1185,"PRKAG2",0.00023019859617357,NA,NA,NA
"topology_ARG1",1186,"DPP4",0.00143001137023646,NA,NA,NA
"topology_ARG1",1187,"STAT4",0.000324242289791776,NA,NA,NA
"topology_ARG1",1188,"KCNJ11",0.00241899994818762,NA,NA,NA
"topology_ARG1",1189,"SCN2A",9.6829057864789e-05,NA,NA,NA
"topology_ARG1",1190,"STAT4",0.000324242289791776,NA,NA,NA
"topology_ARG1",1191,"NR1H4",0.000150320210463128,NA,NA,NA
"topology_ARG1",1192,"CS",0.000203624857343709,NA,NA,NA
"topology_ARG1",1193,"MT-CYB",0.000203007681716216,NA,NA,NA
"topology_ARG1",1194,"KCNH2",0.000463751185241779,NA,NA,NA
"topology_ARG1",1195,"KCNQ2",0.000154321192943452,NA,NA,NA
"topology_ARG1",1196,"CS",0.000203624857343709,NA,NA,NA
"topology_ARG1",1197,"GABRA1",0.000512519672648093,NA,NA,NA
"topology_ARG1",1198,"SCN2A",9.6829057864789e-05,NA,NA,NA
"topology_ARG1",1199,"TAC1",0.001463424927591,NA,NA,NA
"topology_ARG1",1200,"XDH",0.000207347108110545,NA,NA,NA
"topology_ARG1",1201,"SCD",0.000143791042404695,NA,NA,NA
"topology_ARG1",1202,"STAT4",0.000324242289791776,NA,NA,NA
"topology_ARG1",1203,"PCNA",0.000281828068793732,NA,NA,NA
"topology_ARG1",1204,"GABRG2",6.25131802217682e-05,NA,NA,NA
"topology_ARG1",1205,"TYMS",0.000142484575824997,NA,NA,NA
"topology_ARG1",1206,"XBP1",0.00130705850242441,NA,NA,NA
"topology_ARG1",1207,"KCNJ11",0.00241899994818762,NA,NA,NA
"topology_ARG1",1208,"KCNH2",0.000463751185241779,NA,NA,NA
"topology_ARG1",1209,"STAT4",0.000324242289791776,NA,NA,NA
"topology_ARG1",1210,"XDH",0.000207347108110545,NA,NA,NA
"topology_ARG1",1211,"HK2",0.000296209764147126,NA,NA,NA
"topology_ARG1",1212,"GATM",0.000449150320023683,NA,NA,NA
"topology_ARG1",1213,"SCN1B",0.00123489854843939,NA,NA,NA
"topology_ARG1",1214,"GABRG2",6.25131802217682e-05,NA,NA,NA
"topology_ARG1",1215,"ADRB2",0.000148693401879507,NA,NA,NA
"topology_ARG1",1216,"SCN1B",0.00123489854843939,NA,NA,NA
"topology_ARG1",1217,"DRD2",0.000217393825030943,NA,NA,NA
"topology_ARG1",1218,"SCD",0.000143791042404695,NA,NA,NA
"topology_ARG1",1219,"SLC6A3",0.000164253248760127,NA,NA,NA
"topology_ARG1",1220,"TRPV1",0.00166711359586047,NA,NA,NA
"topology_ARG1",1221,"PTGS1",0.0001138588382259,NA,NA,NA
"topology_ARG1",1222,"ADCY2",0,NA,NA,NA
"topology_ARG1",1223,"DPP4",0.00143001137023646,NA,NA,NA
"topology_ARG1",1224,"GFAP",0.000240332727610593,NA,NA,NA
"topology_ARG1",1225,"ACLY",0.000136799781064179,NA,NA,NA
"topology_ARG1",1226,"NQO1",0.000518240501310552,NA,NA,NA
"topology_ARG1",1227,"CS",0.000203624857343709,NA,NA,NA
"topology_ARG1",1228,"XDH",0.000207347108110545,NA,NA,NA
"topology_ARG1",1229,"CS",0.000203624857343709,NA,NA,NA
"topology_ARG1",1230,"ACLY",0.000136799781064179,NA,NA,NA
"topology_ARG1",1231,"ACLY",0.000136799781064179,NA,NA,NA
"topology_ARG1",1232,"CAMP",0.00129691841056656,NA,NA,NA
"topology_ARG1",1233,"SDHA",0.000611111269984921,NA,NA,NA
"topology_ARG1",1234,"TRPV4",0.000106153420904809,NA,NA,NA
"topology_ARG1",1235,"CAMP",0.00129691841056656,NA,NA,NA
"topology_ARG1",1236,"DPP4",0.00143001137023646,NA,NA,NA
"topology_ARG1",1237,"HK2",0.000296209764147126,NA,NA,NA
"topology_ARG1",1238,"GCLC",8.05799891081538e-05,NA,NA,NA
"topology_ARG1",1239,"DRD2",0.000217393825030943,NA,NA,NA
"topology_ARG1",1240,"STAT4",0.000324242289791776,NA,NA,NA
"topology_ARG1",1241,"NQO1",0.000518240501310552,NA,NA,NA
"topology_ARG1",1242,"STAT4",0.000324242289791776,NA,NA,NA
"topology_ARG1",1243,"CFTR",0.00160265872797649,NA,NA,NA
"topology_ARG1",1244,"PRKAG2",0.00023019859617357,NA,NA,NA
"topology_ARG1",1245,"TRPV4",0.000106153420904809,NA,NA,NA
"topology_ARG1",1246,"GSR",0.00032731672891706,NA,NA,NA
"topology_ARG1",1247,"XDH",0.000207347108110545,NA,NA,NA
"topology_ARG1",1248,"GSR",0.00032731672891706,NA,NA,NA
"topology_ARG1",1249,"STAT4",0.000324242289791776,NA,NA,NA
"topology_ARG1",1250,"TYMS",0.000142484575824997,NA,NA,NA
"topology_ARG1",1251,"GABRB3",0.000120726283226125,NA,NA,NA
"topology_ARG1",1252,"GRM5",0.000204723227971049,NA,NA,NA
"topology_ARG1",1253,"KCNH2",0.000463751185241779,NA,NA,NA
"topology_ARG1",1254,"GATM",0.000449150320023683,NA,NA,NA
"topology_ARG1",1255,"HPRT1",0.00041877379526456,NA,NA,NA
"topology_ARG1",1256,"MECP2",0.000428908523146032,NA,NA,NA
"topology_ARG1",1257,"SCN1B",0.00123489854843939,NA,NA,NA
"topology_ARG1",1258,"GATM",0.000449150320023683,NA,NA,NA
"topology_ARG1",1259,"SDHA",0.000611111269984921,NA,NA,NA
"topology_ARG1",1260,"TAC1",0.001463424927591,NA,NA,NA
"topology_ARG1",1261,"KCNQ2",0.000154321192943452,NA,NA,NA
"topology_ARG1",1262,"MECP2",0.000428908523146032,NA,NA,NA
"topology_ARG1",1263,"KCNH2",0.000463751185241779,NA,NA,NA
"topology_ARG1",1264,"KCNJ11",0.00241899994818762,NA,NA,NA
"topology_ARG1",1265,"PTGS1",0.0001138588382259,NA,NA,NA
"topology_ARG1",1266,"GRM5",0.000204723227971049,NA,NA,NA
"topology_ARG1",1267,"GRM5",0.000204723227971049,NA,NA,NA
"topology_ARG1",1268,"PLA2G4A",0.000158908171599248,NA,NA,NA
"topology_ARG1",1269,"TRPV4",0.000106153420904809,NA,NA,NA
"topology_ARG1",1270,"GFAP",0.000240332727610593,NA,NA,NA
"topology_ARG1",1271,"KCNH2",0.000463751185241779,NA,NA,NA
"topology_ARG1",1272,"GABBR1",0.000629351098106912,NA,NA,NA
"topology_ARG1",1273,"RARA",0.000182812715244118,NA,NA,NA
"topology_ARG1",1274,"HPRT1",0.00041877379526456,NA,NA,NA
"topology_ARG1",1275,"STAT4",0.000324242289791776,NA,NA,NA
"topology_ARG1",1276,"GABRB3",0.000120726283226125,NA,NA,NA
"topology_ARG1",1277,"HPRT1",0.00041877379526456,NA,NA,NA
"topology_ARG1",1278,"SCD",0.000143791042404695,NA,NA,NA
"topology_ARG1",1279,"HK2",0.000296209764147126,NA,NA,NA
"topology_ARG1",1280,"GABRA1",0.000512519672648093,NA,NA,NA
"topology_ARG1",1281,"SCN1B",0.00123489854843939,NA,NA,NA
"topology_ARG1",1282,"GATM",0.000449150320023683,NA,NA,NA
"topology_ARG1",1283,"GABRA1",0.000512519672648093,NA,NA,NA
"topology_ARG1",1284,"GAD1",0.000786829139807432,NA,NA,NA
"topology_ARG1",1285,"SLC6A3",0.000164253248760127,NA,NA,NA
"topology_ARG1",1286,"TRPV4",0.000106153420904809,NA,NA,NA
"topology_ARG1",1287,"GRM5",0.000204723227971049,NA,NA,NA
"topology_ARG1",1288,"ADCY2",0,NA,NA,NA
"topology_ARG1",1289,"SCD",0.000143791042404695,NA,NA,NA
"topology_ARG1",1290,"GCK",0.000213793988103061,NA,NA,NA
"topology_ARG1",1291,"ABCG2",0.00154702083903102,NA,NA,NA
"topology_ARG1",1292,"PLA2G4A",0.000158908171599248,NA,NA,NA
"topology_ARG1",1293,"ADCY2",0,NA,NA,NA
"topology_ARG1",1294,"NR1H4",0.000150320210463128,NA,NA,NA
"topology_ARG1",1295,"TFRC",0.000239327299633385,NA,NA,NA
"topology_ARG1",1296,"ADCY1",8.87083575196179e-06,NA,NA,NA
"topology_ARG1",1297,"CS",0.000203624857343709,NA,NA,NA
"topology_ARG1",1298,"TRPV1",0.00166711359586047,NA,NA,NA
"topology_ARG1",1299,"SCN1B",0.00123489854843939,NA,NA,NA
"topology_ARG1",1300,"ADCY1",8.87083575196179e-06,NA,NA,NA
"topology_ARG1",1301,"TYMS",0.000142484575824997,NA,NA,NA
"topology_ARG1",1302,"TFRC",0.000239327299633385,NA,NA,NA
"topology_ARG1",1303,"CFTR",0.00160265872797649,NA,NA,NA
"topology_ARG1",1304,"ADCY2",0,NA,NA,NA
"topology_ARG1",1305,"GAD1",0.000786829139807432,NA,NA,NA
"topology_ARG1",1306,"GABBR1",0.000629351098106912,NA,NA,NA
"topology_ARG1",1307,"KCNQ2",0.000154321192943452,NA,NA,NA
"topology_ARG1",1308,"PTGS1",0.0001138588382259,NA,NA,NA
"topology_ARG1",1309,"SLC6A3",0.000164253248760127,NA,NA,NA
"topology_ARG1",1310,"KCNH2",0.000463751185241779,NA,NA,NA
"topology_ARG1",1311,"GRM5",0.000204723227971049,NA,NA,NA
"topology_ARG1",1312,"CAMP",0.00129691841056656,NA,NA,NA
"topology_ARG1",1313,"GABRA1",0.000512519672648093,NA,NA,NA
"topology_ARG1",1314,"PTH",0.00019439506068486,NA,NA,NA
"topology_ARG1",1315,"CAMP",0.00129691841056656,NA,NA,NA
"topology_ARG1",1316,"NQO1",0.000518240501310552,NA,NA,NA
"topology_ARG1",1317,"SDHA",0.000611111269984921,NA,NA,NA
"topology_ARG1",1318,"AGXT2",0.000181321349120078,NA,NA,NA
"topology_ARG1",1319,"STAT4",0.000324242289791776,NA,NA,NA
"topology_ARG1",1320,"HK2",0.000296209764147126,NA,NA,NA
"topology_ARG1",1321,"GFAP",0.000240332727610593,NA,NA,NA
"topology_ARG1",1322,"HK2",0.000296209764147126,NA,NA,NA
"topology_ARG1",1323,"PCNA",0.000281828068793732,NA,NA,NA
"topology_ARG1",1324,"KCNH2",0.000463751185241779,NA,NA,NA
"topology_ARG1",1325,"TAC1",0.001463424927591,NA,NA,NA
"topology_ARG1",1326,"SDHA",0.000611111269984921,NA,NA,NA
"topology_ARG1",1327,"STAT4",0.000324242289791776,NA,NA,NA
"topology_ARG1",1328,"ADCY2",0,NA,NA,NA
"topology_ARG1",1329,"GFAP",0.000240332727610593,NA,NA,NA
"topology_ARG1",1330,"NQO1",0.000518240501310552,NA,NA,NA
"topology_ARG1",1331,"MECP2",0.000428908523146032,NA,NA,NA
"topology_ARG1",1332,"RARA",0.000182812715244118,NA,NA,NA
"topology_ARG1",1333,"CS",0.000203624857343709,NA,NA,NA
"topology_ARG1",1334,"SLC6A3",0.000164253248760127,NA,NA,NA
"topology_ARG1",1335,"CFTR",0.00160265872797649,NA,NA,NA
"topology_ARG1",1336,"GABBR1",0.000629351098106912,NA,NA,NA
"topology_ARG1",1337,"MECP2",0.000428908523146032,NA,NA,NA
"topology_ARG1",1338,"CS",0.000203624857343709,NA,NA,NA
"topology_ARG1",1339,"ADCY2",0,NA,NA,NA
"topology_ARG1",1340,"CAMP",0.00129691841056656,NA,NA,NA
"topology_ARG1",1341,"NQO1",0.000518240501310552,NA,NA,NA
"topology_ARG1",1342,"STAT4",0.000324242289791776,NA,NA,NA
"topology_ARG1",1343,"ADCY2",0,NA,NA,NA
"topology_ARG1",1344,"GATM",0.000449150320023683,NA,NA,NA
"topology_ARG1",1345,"NR1H4",0.000150320210463128,NA,NA,NA
"topology_ARG1",1346,"SDHA",0.000611111269984921,NA,NA,NA
"topology_ARG1",1347,"GSR",0.00032731672891706,NA,NA,NA
"topology_ARG1",1348,"RARA",0.000182812715244118,NA,NA,NA
"topology_ARG1",1349,"TFRC",0.000239327299633385,NA,NA,NA
"topology_ARG1",1350,"PTGS1",0.0001138588382259,NA,NA,NA
"topology_ARG1",1351,"MECP2",0.000428908523146032,NA,NA,NA
"topology_ARG1",1352,"RARA",0.000182812715244118,NA,NA,NA
"topology_ARG1",1353,"TRPV4",0.000106153420904809,NA,NA,NA
"topology_ARG1",1354,"TAC1",0.001463424927591,NA,NA,NA
"topology_ARG1",1355,"GAD1",0.000786829139807432,NA,NA,NA
"topology_ARG1",1356,"ADCY1",8.87083575196179e-06,NA,NA,NA
"topology_ARG1",1357,"PCNA",0.000281828068793732,NA,NA,NA
"topology_ARG1",1358,"ADCY2",0,NA,NA,NA
"topology_ARG1",1359,"ADCY1",8.87083575196179e-06,NA,NA,NA
"topology_ARG1",1360,"ACLY",0.000136799781064179,NA,NA,NA
"topology_ARG1",1361,"SLC6A3",0.000164253248760127,NA,NA,NA
"topology_ARG1",1362,"TRPV1",0.00166711359586047,NA,NA,NA
"topology_ARG1",1363,"HK2",0.000296209764147126,NA,NA,NA
"topology_ARG1",1364,"TRPV1",0.00166711359586047,NA,NA,NA
"topology_ARG1",1365,"GATM",0.000449150320023683,NA,NA,NA
"topology_ARG1",1366,"TRPV4",0.000106153420904809,NA,NA,NA
"topology_ARG1",1367,"SLC6A3",0.000164253248760127,NA,NA,NA
"topology_ARG1",1368,"PTH",0.00019439506068486,NA,NA,NA
"topology_ARG1",1369,"KCNJ11",0.00241899994818762,NA,NA,NA
"topology_ARG1",1370,"PLA2G4A",0.000158908171599248,NA,NA,NA
"topology_ARG1",1371,"HK2",0.000296209764147126,NA,NA,NA
"topology_ARG1",1372,"MT-CYB",0.000203007681716216,NA,NA,NA
"topology_ARG1",1373,"NR1H4",0.000150320210463128,NA,NA,NA
"topology_ARG1",1374,"SCN2A",9.6829057864789e-05,NA,NA,NA
"topology_ARG1",1375,"CAMP",0.00129691841056656,NA,NA,NA
"topology_ARG1",1376,"GATM",0.000449150320023683,NA,NA,NA
"topology_ARG1",1377,"TFRC",0.000239327299633385,NA,NA,NA
"topology_ARG1",1378,"MECP2",0.000428908523146032,NA,NA,NA
"topology_ARG1",1379,"KCNH2",0.000463751185241779,NA,NA,NA
"topology_ARG1",1380,"SDHA",0.000611111269984921,NA,NA,NA
"topology_ARG1",1381,"ACLY",0.000136799781064179,NA,NA,NA
"topology_ARG1",1382,"PLA2G4A",0.000158908171599248,NA,NA,NA
"topology_ARG1",1383,"GFAP",0.000240332727610593,NA,NA,NA
"topology_ARG1",1384,"GAD1",0.000786829139807432,NA,NA,NA
"topology_ARG1",1385,"DRD2",0.000217393825030943,NA,NA,NA
"topology_ARG1",1386,"NQO1",0.000518240501310552,NA,NA,NA
"topology_ARG1",1387,"RARA",0.000182812715244118,NA,NA,NA
"topology_ARG1",1388,"PTGS1",0.0001138588382259,NA,NA,NA
"topology_ARG1",1389,"ADCY2",0,NA,NA,NA
"topology_ARG1",1390,"CAMP",0.00129691841056656,NA,NA,NA
"topology_ARG1",1391,"XBP1",0.00130705850242441,NA,NA,NA
"topology_ARG1",1392,"PTH",0.00019439506068486,NA,NA,NA
"topology_ARG1",1393,"PLA2G4A",0.000158908171599248,NA,NA,NA
"topology_ARG1",1394,"NR1H4",0.000150320210463128,NA,NA,NA
"topology_ARG1",1395,"AGXT2",0.000181321349120078,NA,NA,NA
"topology_ARG1",1396,"TYMS",0.000142484575824997,NA,NA,NA
"topology_ARG1",1397,"XDH",0.000207347108110545,NA,NA,NA
"topology_ARG1",1398,"DRD2",0.000217393825030943,NA,NA,NA
"topology_ARG1",1399,"ABCG2",0.00154702083903102,NA,NA,NA
"topology_ARG1",1400,"DPP4",0.00143001137023646,NA,NA,NA
"topology_ARG1",1401,"KCNH2",0.000463751185241779,NA,NA,NA
"topology_ARG1",1402,"GABRB3",0.000120726283226125,NA,NA,NA
"topology_ARG1",1403,"GAD1",0.000786829139807432,NA,NA,NA
"topology_ARG1",1404,"XDH",0.000207347108110545,NA,NA,NA
"topology_ARG1",1405,"SCD",0.000143791042404695,NA,NA,NA
"topology_ARG1",1406,"KCNJ11",0.00241899994818762,NA,NA,NA
"topology_ARG1",1407,"ADRB2",0.000148693401879507,NA,NA,NA
"topology_ARG1",1408,"XDH",0.000207347108110545,NA,NA,NA
"topology_ARG1",1409,"CAMP",0.00129691841056656,NA,NA,NA
"topology_ARG1",1410,"PTGS1",0.0001138588382259,NA,NA,NA
"topology_ARG1",1411,"PRKAG2",0.00023019859617357,NA,NA,NA
"topology_ARG1",1412,"TFRC",0.000239327299633385,NA,NA,NA
"topology_ARG1",1413,"HPRT1",0.00041877379526456,NA,NA,NA
"topology_ARG1",1414,"HPRT1",0.00041877379526456,NA,NA,NA
"topology_ARG1",1415,"GCK",0.000213793988103061,NA,NA,NA
"topology_ARG1",1416,"XBP1",0.00130705850242441,NA,NA,NA
"topology_ARG1",1417,"TFRC",0.000239327299633385,NA,NA,NA
"topology_ARG1",1418,"PTGS1",0.0001138588382259,NA,NA,NA
"topology_ARG1",1419,"XDH",0.000207347108110545,NA,NA,NA
"topology_ARG1",1420,"KCNQ2",0.000154321192943452,NA,NA,NA
"topology_ARG1",1421,"PCNA",0.000281828068793732,NA,NA,NA
"topology_ARG1",1422,"KCNJ11",0.00241899994818762,NA,NA,NA
"topology_ARG1",1423,"KCNJ11",0.00241899994818762,NA,NA,NA
"topology_ARG1",1424,"GCK",0.000213793988103061,NA,NA,NA
"topology_ARG1",1425,"GSR",0.00032731672891706,NA,NA,NA
"topology_ARG1",1426,"RARA",0.000182812715244118,NA,NA,NA
"topology_ARG1",1427,"TFRC",0.000239327299633385,NA,NA,NA
"topology_ARG1",1428,"TRPV4",0.000106153420904809,NA,NA,NA
"topology_ARG1",1429,"TAC1",0.001463424927591,NA,NA,NA
"topology_ARG1",1430,"ADRB2",0.000148693401879507,NA,NA,NA
"topology_ARG1",1431,"CFTR",0.00160265872797649,NA,NA,NA
"topology_ARG1",1432,"MT-CYB",0.000203007681716216,NA,NA,NA
"topology_ARG1",1433,"ADCY1",8.87083575196179e-06,NA,NA,NA
"topology_ARG1",1434,"KCNJ11",0.00241899994818762,NA,NA,NA
"topology_ARG1",1435,"GCK",0.000213793988103061,NA,NA,NA
"topology_ARG1",1436,"TFRC",0.000239327299633385,NA,NA,NA
"topology_ARG1",1437,"CS",0.000203624857343709,NA,NA,NA
"topology_ARG1",1438,"GAD1",0.000786829139807432,NA,NA,NA
"topology_ARG1",1439,"SDHA",0.000611111269984921,NA,NA,NA
"topology_ARG1",1440,"CFTR",0.00160265872797649,NA,NA,NA
"topology_ARG1",1441,"ADCY1",8.87083575196179e-06,NA,NA,NA
"topology_ARG1",1442,"PRKAG2",0.00023019859617357,NA,NA,NA
"topology_ARG1",1443,"CS",0.000203624857343709,NA,NA,NA
"topology_ARG1",1444,"MT-CYB",0.000203007681716216,NA,NA,NA
"topology_ARG1",1445,"TRPV4",0.000106153420904809,NA,NA,NA
"topology_ARG1",1446,"TYMS",0.000142484575824997,NA,NA,NA
"topology_ARG1",1447,"ADCY2",0,NA,NA,NA
"topology_ARG1",1448,"PTH",0.00019439506068486,NA,NA,NA
"topology_ARG1",1449,"PRKAG2",0.00023019859617357,NA,NA,NA
"topology_ARG1",1450,"HPRT1",0.00041877379526456,NA,NA,NA
"topology_ARG1",1451,"SCN2A",9.6829057864789e-05,NA,NA,NA
"topology_ARG1",1452,"PRKAG2",0.00023019859617357,NA,NA,NA
"topology_ARG1",1453,"HK2",0.000296209764147126,NA,NA,NA
"topology_ARG1",1454,"STAT4",0.000324242289791776,NA,NA,NA
"topology_ARG1",1455,"SDHA",0.000611111269984921,NA,NA,NA
"topology_ARG1",1456,"TRPV1",0.00166711359586047,NA,NA,NA
"topology_ARG1",1457,"MECP2",0.000428908523146032,NA,NA,NA
"topology_ARG1",1458,"CAMP",0.00129691841056656,NA,NA,NA
"topology_ARG1",1459,"MECP2",0.000428908523146032,NA,NA,NA
"topology_ARG1",1460,"GSR",0.00032731672891706,NA,NA,NA
"topology_ARG1",1461,"CFTR",0.00160265872797649,NA,NA,NA
"topology_ARG1",1462,"XDH",0.000207347108110545,NA,NA,NA
"topology_ARG1",1463,"TYMS",0.000142484575824997,NA,NA,NA
"topology_ARG1",1464,"GABRB3",0.000120726283226125,NA,NA,NA
"topology_ARG1",1465,"GABRB3",0.000120726283226125,NA,NA,NA
"topology_ARG1",1466,"KCNH2",0.000463751185241779,NA,NA,NA
"topology_ARG1",1467,"KCNH2",0.000463751185241779,NA,NA,NA
"topology_ARG1",1468,"PLA2G4A",0.000158908171599248,NA,NA,NA
"topology_ARG1",1469,"GATM",0.000449150320023683,NA,NA,NA
"topology_ARG1",1470,"DPP4",0.00143001137023646,NA,NA,NA
"topology_ARG1",1471,"AGXT2",0.000181321349120078,NA,NA,NA
"topology_ARG1",1472,"TRPV1",0.00166711359586047,NA,NA,NA
"topology_ARG1",1473,"CS",0.000203624857343709,NA,NA,NA
"topology_ARG1",1474,"ADRB2",0.000148693401879507,NA,NA,NA
"topology_ARG1",1475,"TAC1",0.001463424927591,NA,NA,NA
"topology_ARG1",1476,"XBP1",0.00130705850242441,NA,NA,NA
"topology_ARG1",1477,"GABRB3",0.000120726283226125,NA,NA,NA
"topology_ARG1",1478,"CAMP",0.00129691841056656,NA,NA,NA
"topology_ARG1",1479,"ADRB2",0.000148693401879507,NA,NA,NA
"topology_ARG1",1480,"TAC1",0.001463424927591,NA,NA,NA
"topology_ARG1",1481,"GABRG2",6.25131802217682e-05,NA,NA,NA
"topology_ARG1",1482,"GABBR1",0.000629351098106912,NA,NA,NA
"topology_ARG1",1483,"PLA2G4A",0.000158908171599248,NA,NA,NA
"topology_ARG1",1484,"TAC1",0.001463424927591,NA,NA,NA
"topology_ARG1",1485,"ADCY1",8.87083575196179e-06,NA,NA,NA
"topology_ARG1",1486,"PRKAG2",0.00023019859617357,NA,NA,NA
"topology_ARG1",1487,"SDHA",0.000611111269984921,NA,NA,NA
"topology_ARG1",1488,"XDH",0.000207347108110545,NA,NA,NA
"topology_ARG1",1489,"TFRC",0.000239327299633385,NA,NA,NA
"topology_ARG1",1490,"TAC1",0.001463424927591,NA,NA,NA
"topology_ARG1",1491,"DRD2",0.000217393825030943,NA,NA,NA
"topology_ARG1",1492,"DRD2",0.000217393825030943,NA,NA,NA
"topology_ARG1",1493,"SCN2A",9.6829057864789e-05,NA,NA,NA
"topology_ARG1",1494,"CAMP",0.00129691841056656,NA,NA,NA
"topology_ARG1",1495,"TRPV4",0.000106153420904809,NA,NA,NA
"topology_ARG1",1496,"KCNH2",0.000463751185241779,NA,NA,NA
"topology_ARG1",1497,"KCNQ2",0.000154321192943452,NA,NA,NA
"topology_ARG1",1498,"GCK",0.000213793988103061,NA,NA,NA
"topology_ARG1",1499,"TRPV1",0.00166711359586047,NA,NA,NA
"topology_ARG1",1500,"GABRA1",0.000512519672648093,NA,NA,NA
"topology_ARG1",1501,"CFTR",0.00160265872797649,NA,NA,NA
"topology_ARG1",1502,"HK2",0.000296209764147126,NA,NA,NA
"topology_ARG1",1503,"TFRC",0.000239327299633385,NA,NA,NA
"topology_ARG1",1504,"PRKAG2",0.00023019859617357,NA,NA,NA
"topology_ARG1",1505,"DRD2",0.000217393825030943,NA,NA,NA
"topology_ARG1",1506,"HPRT1",0.00041877379526456,NA,NA,NA
"topology_ARG1",1507,"TYMS",0.000142484575824997,NA,NA,NA
"topology_ARG1",1508,"CAMP",0.00129691841056656,NA,NA,NA
"topology_ARG1",1509,"GCK",0.000213793988103061,NA,NA,NA
"topology_ARG1",1510,"RARA",0.000182812715244118,NA,NA,NA
"topology_ARG1",1511,"ADCY1",8.87083575196179e-06,NA,NA,NA
"topology_ARG1",1512,"NQO1",0.000518240501310552,NA,NA,NA
"topology_ARG1",1513,"PTGS1",0.0001138588382259,NA,NA,NA
"topology_ARG1",1514,"RARA",0.000182812715244118,NA,NA,NA
"topology_ARG1",1515,"CFTR",0.00160265872797649,NA,NA,NA
"topology_ARG1",1516,"ADRB2",0.000148693401879507,NA,NA,NA
"topology_ARG1",1517,"SCN1B",0.00123489854843939,NA,NA,NA
"topology_ARG1",1518,"TRPV1",0.00166711359586047,NA,NA,NA
"topology_ARG1",1519,"SCN2A",9.6829057864789e-05,NA,NA,NA
"topology_ARG1",1520,"NR1H4",0.000150320210463128,NA,NA,NA
"topology_ARG1",1521,"SCD",0.000143791042404695,NA,NA,NA
"topology_ARG1",1522,"GABRA1",0.000512519672648093,NA,NA,NA
"topology_ARG1",1523,"AGXT2",0.000181321349120078,NA,NA,NA
"topology_ARG1",1524,"STAT4",0.000324242289791776,NA,NA,NA
"topology_ARG1",1525,"ADRB2",0.000148693401879507,NA,NA,NA
"topology_ARG1",1526,"HPRT1",0.00041877379526456,NA,NA,NA
"topology_ARG1",1527,"TFRC",0.000239327299633385,NA,NA,NA
"topology_ARG1",1528,"ACLY",0.000136799781064179,NA,NA,NA
"topology_ARG1",1529,"SLC6A3",0.000164253248760127,NA,NA,NA
"topology_ARG1",1530,"XDH",0.000207347108110545,NA,NA,NA
"topology_ARG1",1531,"DPP4",0.00143001137023646,NA,NA,NA
"topology_ARG1",1532,"ADCY1",8.87083575196179e-06,NA,NA,NA
"topology_ARG1",1533,"GABRA1",0.000512519672648093,NA,NA,NA
"topology_ARG1",1534,"STAT4",0.000324242289791776,NA,NA,NA
"topology_ARG1",1535,"PTGS1",0.0001138588382259,NA,NA,NA
"topology_ARG1",1536,"ACLY",0.000136799781064179,NA,NA,NA
"topology_ARG1",1537,"KCNJ11",0.00241899994818762,NA,NA,NA
"topology_ARG1",1538,"KCNJ11",0.00241899994818762,NA,NA,NA
"topology_ARG1",1539,"ADCY2",0,NA,NA,NA
"topology_ARG1",1540,"ADRB2",0.000148693401879507,NA,NA,NA
"topology_ARG1",1541,"PCNA",0.000281828068793732,NA,NA,NA
"topology_ARG1",1542,"KCNJ11",0.00241899994818762,NA,NA,NA
"topology_ARG1",1543,"PTH",0.00019439506068486,NA,NA,NA
"topology_ARG1",1544,"TRPV4",0.000106153420904809,NA,NA,NA
"topology_ARG1",1545,"MT-CYB",0.000203007681716216,NA,NA,NA
"topology_ARG1",1546,"MT-CYB",0.000203007681716216,NA,NA,NA
"topology_ARG1",1547,"DPP4",0.00143001137023646,NA,NA,NA
"topology_ARG1",1548,"SCN1B",0.00123489854843939,NA,NA,NA
"topology_ARG1",1549,"TRPV1",0.00166711359586047,NA,NA,NA
"topology_ARG1",1550,"PRKAG2",0.00023019859617357,NA,NA,NA
"topology_ARG1",1551,"GSR",0.00032731672891706,NA,NA,NA
"topology_ARG1",1552,"CAMP",0.00129691841056656,NA,NA,NA
"topology_ARG1",1553,"GABRG2",6.25131802217682e-05,NA,NA,NA
"topology_ARG1",1554,"DRD2",0.000217393825030943,NA,NA,NA
"topology_ARG1",1555,"GABRB3",0.000120726283226125,NA,NA,NA
"topology_ARG1",1556,"PCNA",0.000281828068793732,NA,NA,NA
"topology_ARG1",1557,"ADCY1",8.87083575196179e-06,NA,NA,NA
"topology_ARG1",1558,"ADCY1",8.87083575196179e-06,NA,NA,NA
"topology_ARG1",1559,"ADCY2",0,NA,NA,NA
"topology_ARG1",1560,"GCLC",8.05799891081538e-05,NA,NA,NA
"topology_ARG1",1561,"SDHA",0.000611111269984921,NA,NA,NA
"topology_ARG1",1562,"GABRG2",6.25131802217682e-05,NA,NA,NA
"topology_ARG1",1563,"TRPV1",0.00166711359586047,NA,NA,NA
"topology_ARG1",1564,"ADRB2",0.000148693401879507,NA,NA,NA
"topology_ARG1",1565,"KCNQ2",0.000154321192943452,NA,NA,NA
"topology_ARG1",1566,"SCN2A",9.6829057864789e-05,NA,NA,NA
"topology_ARG1",1567,"CAMP",0.00129691841056656,NA,NA,NA
"topology_ARG1",1568,"PCNA",0.000281828068793732,NA,NA,NA
"topology_ARG1",1569,"HPRT1",0.00041877379526456,NA,NA,NA
"topology_ARG1",1570,"KCNH2",0.000463751185241779,NA,NA,NA
"topology_ARG1",1571,"TFRC",0.000239327299633385,NA,NA,NA
"topology_ARG1",1572,"KCNJ11",0.00241899994818762,NA,NA,NA
"topology_ARG1",1573,"TRPV1",0.00166711359586047,NA,NA,NA
"topology_ARG1",1574,"PCNA",0.000281828068793732,NA,NA,NA
"topology_ARG1",1575,"GABRA1",0.000512519672648093,NA,NA,NA
"topology_ARG1",1576,"GFAP",0.000240332727610593,NA,NA,NA
"topology_ARG1",1577,"ADCY1",8.87083575196179e-06,NA,NA,NA
"topology_ARG1",1578,"SCD",0.000143791042404695,NA,NA,NA
"topology_ARG1",1579,"HPRT1",0.00041877379526456,NA,NA,NA
"topology_ARG1",1580,"GRM5",0.000204723227971049,NA,NA,NA
"topology_ARG1",1581,"PRKAG2",0.00023019859617357,NA,NA,NA
"topology_ARG1",1582,"GSR",0.00032731672891706,NA,NA,NA
"topology_ARG1",1583,"GRM5",0.000204723227971049,NA,NA,NA
"topology_ARG1",1584,"SCN1B",0.00123489854843939,NA,NA,NA
"topology_ARG1",1585,"KCNQ2",0.000154321192943452,NA,NA,NA
"topology_ARG1",1586,"KCNQ2",0.000154321192943452,NA,NA,NA
"topology_ARG1",1587,"TRPV4",0.000106153420904809,NA,NA,NA
"topology_ARG1",1588,"CAMP",0.00129691841056656,NA,NA,NA
"topology_ARG1",1589,"SLC6A3",0.000164253248760127,NA,NA,NA
"topology_ARG1",1590,"KCNJ11",0.00241899994818762,NA,NA,NA
"topology_ARG1",1591,"GABBR1",0.000629351098106912,NA,NA,NA
"topology_ARG1",1592,"KCNQ2",0.000154321192943452,NA,NA,NA
"topology_ARG1",1593,"GAD1",0.000786829139807432,NA,NA,NA
"topology_ARG1",1594,"CFTR",0.00160265872797649,NA,NA,NA
"topology_ARG1",1595,"SCD",0.000143791042404695,NA,NA,NA
"topology_ARG1",1596,"ADRB2",0.000148693401879507,NA,NA,NA
"topology_ARG1",1597,"STAT4",0.000324242289791776,NA,NA,NA
"topology_ARG1",1598,"ADCY2",0,NA,NA,NA
"topology_ARG1",1599,"GABRA1",0.000512519672648093,NA,NA,NA
"topology_ARG1",1600,"GFAP",0.000240332727610593,NA,NA,NA
"topology_ARG1",1601,"DPP4",0.00143001137023646,NA,NA,NA
"topology_ARG1",1602,"CAMP",0.00129691841056656,NA,NA,NA
"topology_ARG1",1603,"GSR",0.00032731672891706,NA,NA,NA
"topology_ARG1",1604,"HK2",0.000296209764147126,NA,NA,NA
"topology_ARG1",1605,"SCD",0.000143791042404695,NA,NA,NA
"topology_ARG1",1606,"GSR",0.00032731672891706,NA,NA,NA
"topology_ARG1",1607,"SCN2A",9.6829057864789e-05,NA,NA,NA
"topology_ARG1",1608,"PTH",0.00019439506068486,NA,NA,NA
"topology_ARG1",1609,"CFTR",0.00160265872797649,NA,NA,NA
"topology_ARG1",1610,"XDH",0.000207347108110545,NA,NA,NA
"topology_ARG1",1611,"GCLC",8.05799891081538e-05,NA,NA,NA
"topology_ARG1",1612,"GCLC",8.05799891081538e-05,NA,NA,NA
"topology_ARG1",1613,"GFAP",0.000240332727610593,NA,NA,NA
"topology_ARG1",1614,"PLA2G4A",0.000158908171599248,NA,NA,NA
"topology_ARG1",1615,"GATM",0.000449150320023683,NA,NA,NA
"topology_ARG1",1616,"TRPV4",0.000106153420904809,NA,NA,NA
"topology_ARG1",1617,"GSR",0.00032731672891706,NA,NA,NA
"topology_ARG1",1618,"GABBR1",0.000629351098106912,NA,NA,NA
"topology_ARG1",1619,"ADCY1",8.87083575196179e-06,NA,NA,NA
"topology_ARG1",1620,"SCN2A",9.6829057864789e-05,NA,NA,NA
"topology_ARG1",1621,"ACLY",0.000136799781064179,NA,NA,NA
"topology_ARG1",1622,"HPRT1",0.00041877379526456,NA,NA,NA
"topology_ARG1",1623,"SCN1B",0.00123489854843939,NA,NA,NA
"topology_ARG1",1624,"SDHA",0.000611111269984921,NA,NA,NA
"topology_ARG1",1625,"PRKAG2",0.00023019859617357,NA,NA,NA
"topology_ARG1",1626,"PTGS1",0.0001138588382259,NA,NA,NA
"topology_ARG1",1627,"PTH",0.00019439506068486,NA,NA,NA
"topology_ARG1",1628,"ADCY1",8.87083575196179e-06,NA,NA,NA
"topology_ARG1",1629,"PTH",0.00019439506068486,NA,NA,NA
"topology_ARG1",1630,"HPRT1",0.00041877379526456,NA,NA,NA
"topology_ARG1",1631,"AGXT2",0.000181321349120078,NA,NA,NA
"topology_ARG1",1632,"MT-CYB",0.000203007681716216,NA,NA,NA
"topology_ARG1",1633,"TRPV1",0.00166711359586047,NA,NA,NA
"topology_ARG1",1634,"XBP1",0.00130705850242441,NA,NA,NA
"topology_ARG1",1635,"SDHA",0.000611111269984921,NA,NA,NA
"topology_ARG1",1636,"PTGS1",0.0001138588382259,NA,NA,NA
"topology_ARG1",1637,"GABBR1",0.000629351098106912,NA,NA,NA
"topology_ARG1",1638,"GATM",0.000449150320023683,NA,NA,NA
"topology_ARG1",1639,"ADCY1",8.87083575196179e-06,NA,NA,NA
"topology_ARG1",1640,"TFRC",0.000239327299633385,NA,NA,NA
"topology_ARG1",1641,"PTGS1",0.0001138588382259,NA,NA,NA
"topology_ARG1",1642,"TRPV1",0.00166711359586047,NA,NA,NA
"topology_ARG1",1643,"TYMS",0.000142484575824997,NA,NA,NA
"topology_ARG1",1644,"ADCY2",0,NA,NA,NA
"topology_ARG1",1645,"HK2",0.000296209764147126,NA,NA,NA
"topology_ARG1",1646,"GABRG2",6.25131802217682e-05,NA,NA,NA
"topology_ARG1",1647,"PTH",0.00019439506068486,NA,NA,NA
"topology_ARG1",1648,"GABRG2",6.25131802217682e-05,NA,NA,NA
"topology_ARG1",1649,"PLA2G4A",0.000158908171599248,NA,NA,NA
"topology_ARG1",1650,"ADCY1",8.87083575196179e-06,NA,NA,NA
"topology_ARG1",1651,"TAC1",0.001463424927591,NA,NA,NA
"topology_ARG1",1652,"GFAP",0.000240332727610593,NA,NA,NA
"topology_ARG1",1653,"PLA2G4A",0.000158908171599248,NA,NA,NA
"topology_ARG1",1654,"PRKAG2",0.00023019859617357,NA,NA,NA
"topology_ARG1",1655,"SCD",0.000143791042404695,NA,NA,NA
"topology_ARG1",1656,"GAD1",0.000786829139807432,NA,NA,NA
"topology_ARG1",1657,"SLC6A3",0.000164253248760127,NA,NA,NA
"topology_ARG1",1658,"XDH",0.000207347108110545,NA,NA,NA
"topology_ARG1",1659,"MT-CYB",0.000203007681716216,NA,NA,NA
"topology_ARG1",1660,"SDHA",0.000611111269984921,NA,NA,NA
"topology_ARG1",1661,"SCN1B",0.00123489854843939,NA,NA,NA
"topology_ARG1",1662,"SCN1B",0.00123489854843939,NA,NA,NA
"topology_ARG1",1663,"CS",0.000203624857343709,NA,NA,NA
"topology_ARG1",1664,"ABCG2",0.00154702083903102,NA,NA,NA
"topology_ARG1",1665,"PTGS1",0.0001138588382259,NA,NA,NA
"topology_ARG1",1666,"NR1H4",0.000150320210463128,NA,NA,NA
"topology_ARG1",1667,"TRPV1",0.00166711359586047,NA,NA,NA
"topology_ARG1",1668,"CFTR",0.00160265872797649,NA,NA,NA
"topology_ARG1",1669,"ACLY",0.000136799781064179,NA,NA,NA
"topology_ARG1",1670,"PTGS1",0.0001138588382259,NA,NA,NA
"topology_ARG1",1671,"PTGS1",0.0001138588382259,NA,NA,NA
"topology_ARG1",1672,"STAT4",0.000324242289791776,NA,NA,NA
"topology_ARG1",1673,"GATM",0.000449150320023683,NA,NA,NA
"topology_ARG1",1674,"ADCY1",8.87083575196179e-06,NA,NA,NA
"topology_ARG1",1675,"STAT4",0.000324242289791776,NA,NA,NA
"topology_ARG1",1676,"ADCY2",0,NA,NA,NA
"topology_ARG1",1677,"DRD2",0.000217393825030943,NA,NA,NA
"topology_ARG1",1678,"RARA",0.000182812715244118,NA,NA,NA
"topology_ARG1",1679,"TRPV4",0.000106153420904809,NA,NA,NA
"topology_ARG1",1680,"PTGS1",0.0001138588382259,NA,NA,NA
"topology_ARG1",1681,"PTGS1",0.0001138588382259,NA,NA,NA
"topology_ARG1",1682,"PTGS1",0.0001138588382259,NA,NA,NA
"topology_ARG1",1683,"STAT4",0.000324242289791776,NA,NA,NA
"topology_ARG1",1684,"TRPV4",0.000106153420904809,NA,NA,NA
"topology_ARG1",1685,"CFTR",0.00160265872797649,NA,NA,NA
"topology_ARG1",1686,"STAT4",0.000324242289791776,NA,NA,NA
"topology_ARG1",1687,"HK2",0.000296209764147126,NA,NA,NA
"topology_ARG1",1688,"RARA",0.000182812715244118,NA,NA,NA
"topology_ARG1",1689,"AGXT2",0.000181321349120078,NA,NA,NA
"topology_ARG1",1690,"PCNA",0.000281828068793732,NA,NA,NA
"topology_ARG1",1691,"TAC1",0.001463424927591,NA,NA,NA
"topology_ARG1",1692,"TFRC",0.000239327299633385,NA,NA,NA
"topology_ARG1",1693,"PLA2G4A",0.000158908171599248,NA,NA,NA
"topology_ARG1",1694,"SCD",0.000143791042404695,NA,NA,NA
"topology_ARG1",1695,"GABRG2",6.25131802217682e-05,NA,NA,NA
"topology_ARG1",1696,"RARA",0.000182812715244118,NA,NA,NA
"topology_ARG1",1697,"ADRB2",0.000148693401879507,NA,NA,NA
"topology_ARG1",1698,"SDHA",0.000611111269984921,NA,NA,NA
"topology_ARG1",1699,"GCLC",8.05799891081538e-05,NA,NA,NA
"topology_ARG1",1700,"SCN2A",9.6829057864789e-05,NA,NA,NA
"topology_ARG1",1701,"PTGS1",0.0001138588382259,NA,NA,NA
"topology_ARG1",1702,"ADCY1",8.87083575196179e-06,NA,NA,NA
"topology_ARG1",1703,"CFTR",0.00160265872797649,NA,NA,NA
"topology_ARG1",1704,"PLA2G4A",0.000158908171599248,NA,NA,NA
"topology_ARG1",1705,"PCNA",0.000281828068793732,NA,NA,NA
"topology_ARG1",1706,"ADCY1",8.87083575196179e-06,NA,NA,NA
"topology_ARG1",1707,"CAMP",0.00129691841056656,NA,NA,NA
"topology_ARG1",1708,"HK2",0.000296209764147126,NA,NA,NA
"topology_ARG1",1709,"SLC6A3",0.000164253248760127,NA,NA,NA
"topology_ARG1",1710,"SCD",0.000143791042404695,NA,NA,NA
"topology_ARG1",1711,"MT-CYB",0.000203007681716216,NA,NA,NA
"topology_ARG1",1712,"ADCY1",8.87083575196179e-06,NA,NA,NA
"topology_ARG1",1713,"PRKAG2",0.00023019859617357,NA,NA,NA
"topology_ARG1",1714,"TYMS",0.000142484575824997,NA,NA,NA
"topology_ARG1",1715,"PLA2G4A",0.000158908171599248,NA,NA,NA
"topology_ARG1",1716,"PCNA",0.000281828068793732,NA,NA,NA
"topology_ARG1",1717,"RARA",0.000182812715244118,NA,NA,NA
"topology_ARG1",1718,"GSR",0.00032731672891706,NA,NA,NA
"topology_ARG1",1719,"ACLY",0.000136799781064179,NA,NA,NA
"topology_ARG1",1720,"GRM5",0.000204723227971049,NA,NA,NA
"topology_ARG1",1721,"PLA2G4A",0.000158908171599248,NA,NA,NA
"topology_ARG1",1722,"XBP1",0.00130705850242441,NA,NA,NA
"topology_ARG1",1723,"SCN1B",0.00123489854843939,NA,NA,NA
"topology_ARG1",1724,"TAC1",0.001463424927591,NA,NA,NA
"topology_ARG1",1725,"TYMS",0.000142484575824997,NA,NA,NA
"topology_ARG1",1726,"AGXT2",0.000181321349120078,NA,NA,NA
"topology_ARG1",1727,"PCNA",0.000281828068793732,NA,NA,NA
"topology_ARG1",1728,"GATM",0.000449150320023683,NA,NA,NA
"topology_ARG1",1729,"GCLC",8.05799891081538e-05,NA,NA,NA
"topology_ARG1",1730,"SCD",0.000143791042404695,NA,NA,NA
"topology_ARG1",1731,"KCNH2",0.000463751185241779,NA,NA,NA
"topology_ARG1",1732,"NR1H4",0.000150320210463128,NA,NA,NA
"topology_ARG1",1733,"KCNQ2",0.000154321192943452,NA,NA,NA
"topology_ARG1",1734,"TRPV4",0.000106153420904809,NA,NA,NA
"topology_ARG1",1735,"TFRC",0.000239327299633385,NA,NA,NA
"topology_ARG1",1736,"GABRA1",0.000512519672648093,NA,NA,NA
"topology_ARG1",1737,"SCN2A",9.6829057864789e-05,NA,NA,NA
"topology_ARG1",1738,"TAC1",0.001463424927591,NA,NA,NA
"topology_ARG1",1739,"CAMP",0.00129691841056656,NA,NA,NA
"topology_ARG1",1740,"NQO1",0.000518240501310552,NA,NA,NA
"topology_ARG1",1741,"KCNH2",0.000463751185241779,NA,NA,NA
"topology_ARG1",1742,"GABRA1",0.000512519672648093,NA,NA,NA
"topology_ARG1",1743,"SCD",0.000143791042404695,NA,NA,NA
"topology_ARG1",1744,"KCNQ2",0.000154321192943452,NA,NA,NA
"topology_ARG1",1745,"TYMS",0.000142484575824997,NA,NA,NA
"topology_ARG1",1746,"ACLY",0.000136799781064179,NA,NA,NA
"topology_ARG1",1747,"TYMS",0.000142484575824997,NA,NA,NA
"topology_ARG1",1748,"ADCY2",0,NA,NA,NA
"topology_ARG1",1749,"ADCY1",8.87083575196179e-06,NA,NA,NA
"topology_ARG1",1750,"HK2",0.000296209764147126,NA,NA,NA
"topology_ARG1",1751,"PTH",0.00019439506068486,NA,NA,NA
"topology_ARG1",1752,"SCD",0.000143791042404695,NA,NA,NA
"topology_ARG1",1753,"PLA2G4A",0.000158908171599248,NA,NA,NA
"topology_ARG1",1754,"HK2",0.000296209764147126,NA,NA,NA
"topology_ARG1",1755,"GABRG2",6.25131802217682e-05,NA,NA,NA
"topology_ARG1",1756,"GCK",0.000213793988103061,NA,NA,NA
"topology_ARG1",1757,"GABRB3",0.000120726283226125,NA,NA,NA
"topology_ARG1",1758,"GABBR1",0.000629351098106912,NA,NA,NA
"topology_ARG1",1759,"GRM5",0.000204723227971049,NA,NA,NA
"topology_ARG1",1760,"SCN2A",9.6829057864789e-05,NA,NA,NA
"topology_ARG1",1761,"GCK",0.000213793988103061,NA,NA,NA
"topology_ARG1",1762,"GATM",0.000449150320023683,NA,NA,NA
"topology_ARG1",1763,"HK2",0.000296209764147126,NA,NA,NA
"topology_ARG1",1764,"SDHA",0.000611111269984921,NA,NA,NA
"topology_ARG1",1765,"PLA2G4A",0.000158908171599248,NA,NA,NA
"topology_ARG1",1766,"ACLY",0.000136799781064179,NA,NA,NA
"topology_ARG1",1767,"SCN1B",0.00123489854843939,NA,NA,NA
"topology_ARG1",1768,"RARA",0.000182812715244118,NA,NA,NA
"topology_ARG1",1769,"PRKAG2",0.00023019859617357,NA,NA,NA
"topology_ARG1",1770,"ADCY1",8.87083575196179e-06,NA,NA,NA
"topology_ARG1",1771,"TYMS",0.000142484575824997,NA,NA,NA
"topology_ARG1",1772,"SCN2A",9.6829057864789e-05,NA,NA,NA
"topology_ARG1",1773,"XBP1",0.00130705850242441,NA,NA,NA
"topology_ARG1",1774,"SLC6A3",0.000164253248760127,NA,NA,NA
"topology_ARG1",1775,"TFRC",0.000239327299633385,NA,NA,NA
"topology_ARG1",1776,"DPP4",0.00143001137023646,NA,NA,NA
"topology_ARG1",1777,"SCN2A",9.6829057864789e-05,NA,NA,NA
"topology_ARG1",1778,"GAD1",0.000786829139807432,NA,NA,NA
"topology_ARG1",1779,"GABRA1",0.000512519672648093,NA,NA,NA
"topology_ARG1",1780,"GCK",0.000213793988103061,NA,NA,NA
"topology_ARG1",1781,"GSR",0.00032731672891706,NA,NA,NA
"topology_ARG1",1782,"ADRB2",0.000148693401879507,NA,NA,NA
"topology_ARG1",1783,"AGXT2",0.000181321349120078,NA,NA,NA
"topology_ARG1",1784,"ACLY",0.000136799781064179,NA,NA,NA
"topology_ARG1",1785,"TYMS",0.000142484575824997,NA,NA,NA
"topology_ARG1",1786,"SDHA",0.000611111269984921,NA,NA,NA
"topology_ARG1",1787,"PLA2G4A",0.000158908171599248,NA,NA,NA
"topology_ARG1",1788,"SDHA",0.000611111269984921,NA,NA,NA
"topology_ARG1",1789,"NR1H4",0.000150320210463128,NA,NA,NA
"topology_ARG1",1790,"SCD",0.000143791042404695,NA,NA,NA
"topology_ARG1",1791,"PRKAG2",0.00023019859617357,NA,NA,NA
"topology_ARG1",1792,"TAC1",0.001463424927591,NA,NA,NA
"topology_ARG1",1793,"XDH",0.000207347108110545,NA,NA,NA
"topology_ARG1",1794,"HPRT1",0.00041877379526456,NA,NA,NA
"topology_ARG1",1795,"TRPV1",0.00166711359586047,NA,NA,NA
"topology_ARG1",1796,"XDH",0.000207347108110545,NA,NA,NA
"topology_ARG1",1797,"GAD1",0.000786829139807432,NA,NA,NA
"topology_ARG1",1798,"PTGS1",0.0001138588382259,NA,NA,NA
"topology_ARG1",1799,"GATM",0.000449150320023683,NA,NA,NA
"topology_ARG1",1800,"PTH",0.00019439506068486,NA,NA,NA
"topology_ARG1",1801,"SCN2A",9.6829057864789e-05,NA,NA,NA
"topology_ARG1",1802,"XDH",0.000207347108110545,NA,NA,NA
"topology_ARG1",1803,"SLC6A3",0.000164253248760127,NA,NA,NA
"topology_ARG1",1804,"TRPV1",0.00166711359586047,NA,NA,NA
"topology_ARG1",1805,"GRM5",0.000204723227971049,NA,NA,NA
"topology_ARG1",1806,"AGXT2",0.000181321349120078,NA,NA,NA
"topology_ARG1",1807,"PTH",0.00019439506068486,NA,NA,NA
"topology_ARG1",1808,"ADCY2",0,NA,NA,NA
"topology_ARG1",1809,"MT-CYB",0.000203007681716216,NA,NA,NA
"topology_ARG1",1810,"MT-CYB",0.000203007681716216,NA,NA,NA
"topology_ARG1",1811,"ABCG2",0.00154702083903102,NA,NA,NA
"topology_ARG1",1812,"DPP4",0.00143001137023646,NA,NA,NA
"topology_ARG1",1813,"CFTR",0.00160265872797649,NA,NA,NA
"topology_ARG1",1814,"GRM5",0.000204723227971049,NA,NA,NA
"topology_ARG1",1815,"ADRB2",0.000148693401879507,NA,NA,NA
"topology_ARG1",1816,"PLA2G4A",0.000158908171599248,NA,NA,NA
"topology_ARG1",1817,"GSR",0.00032731672891706,NA,NA,NA
"topology_ARG1",1818,"GRM5",0.000204723227971049,NA,NA,NA
"topology_ARG1",1819,"HPRT1",0.00041877379526456,NA,NA,NA
"topology_ARG1",1820,"GABRG2",6.25131802217682e-05,NA,NA,NA
"topology_ARG1",1821,"DPP4",0.00143001137023646,NA,NA,NA
"topology_ARG1",1822,"SCN2A",9.6829057864789e-05,NA,NA,NA
"topology_ARG1",1823,"XDH",0.000207347108110545,NA,NA,NA
"topology_ARG1",1824,"HPRT1",0.00041877379526456,NA,NA,NA
"topology_ARG1",1825,"HPRT1",0.00041877379526456,NA,NA,NA
"topology_ARG1",1826,"GABRG2",6.25131802217682e-05,NA,NA,NA
"topology_ARG1",1827,"GAD1",0.000786829139807432,NA,NA,NA
"topology_ARG1",1828,"HPRT1",0.00041877379526456,NA,NA,NA
"topology_ARG1",1829,"TFRC",0.000239327299633385,NA,NA,NA
"topology_ARG1",1830,"GAD1",0.000786829139807432,NA,NA,NA
"topology_ARG1",1831,"PRKAG2",0.00023019859617357,NA,NA,NA
"topology_ARG1",1832,"TYMS",0.000142484575824997,NA,NA,NA
"topology_ARG1",1833,"TYMS",0.000142484575824997,NA,NA,NA
"topology_ARG1",1834,"HPRT1",0.00041877379526456,NA,NA,NA
"topology_ARG1",1835,"ADCY2",0,NA,NA,NA
"topology_ARG1",1836,"TRPV4",0.000106153420904809,NA,NA,NA
"topology_ARG1",1837,"KCNH2",0.000463751185241779,NA,NA,NA
"topology_ARG1",1838,"TRPV4",0.000106153420904809,NA,NA,NA
"topology_ARG1",1839,"SCN1B",0.00123489854843939,NA,NA,NA
"topology_ARG1",1840,"KCNJ11",0.00241899994818762,NA,NA,NA
"topology_ARG1",1841,"HPRT1",0.00041877379526456,NA,NA,NA
"topology_ARG1",1842,"TRPV4",0.000106153420904809,NA,NA,NA
"topology_ARG1",1843,"KCNJ11",0.00241899994818762,NA,NA,NA
"topology_ARG1",1844,"HPRT1",0.00041877379526456,NA,NA,NA
"topology_ARG1",1845,"GATM",0.000449150320023683,NA,NA,NA
"topology_ARG1",1846,"PCNA",0.000281828068793732,NA,NA,NA
"topology_ARG1",1847,"TYMS",0.000142484575824997,NA,NA,NA
"topology_ARG1",1848,"KCNJ11",0.00241899994818762,NA,NA,NA
"topology_ARG1",1849,"ACLY",0.000136799781064179,NA,NA,NA
"topology_ARG1",1850,"GSR",0.00032731672891706,NA,NA,NA
"topology_ARG1",1851,"MECP2",0.000428908523146032,NA,NA,NA
"topology_ARG1",1852,"SCN1B",0.00123489854843939,NA,NA,NA
"topology_ARG1",1853,"ABCG2",0.00154702083903102,NA,NA,NA
"topology_ARG1",1854,"CFTR",0.00160265872797649,NA,NA,NA
"topology_ARG1",1855,"GABRG2",6.25131802217682e-05,NA,NA,NA
"topology_ARG1",1856,"ADRB2",0.000148693401879507,NA,NA,NA
"topology_ARG1",1857,"KCNH2",0.000463751185241779,NA,NA,NA
"topology_ARG1",1858,"TYMS",0.000142484575824997,NA,NA,NA
"topology_ARG1",1859,"TRPV4",0.000106153420904809,NA,NA,NA
"topology_ARG1",1860,"RARA",0.000182812715244118,NA,NA,NA
"topology_ARG1",1861,"AGXT2",0.000181321349120078,NA,NA,NA
"topology_ARG1",1862,"NQO1",0.000518240501310552,NA,NA,NA
"topology_ARG1",1863,"TRPV4",0.000106153420904809,NA,NA,NA
"topology_ARG1",1864,"PLA2G4A",0.000158908171599248,NA,NA,NA
"topology_ARG1",1865,"TFRC",0.000239327299633385,NA,NA,NA
"topology_ARG1",1866,"GATM",0.000449150320023683,NA,NA,NA
"topology_ARG1",1867,"TAC1",0.001463424927591,NA,NA,NA
"topology_ARG1",1868,"ADCY2",0,NA,NA,NA
"topology_ARG1",1869,"ADCY2",0,NA,NA,NA
"topology_ARG1",1870,"TFRC",0.000239327299633385,NA,NA,NA
"topology_ARG1",1871,"DPP4",0.00143001137023646,NA,NA,NA
"topology_ARG1",1872,"SCN1B",0.00123489854843939,NA,NA,NA
"topology_ARG1",1873,"MT-CYB",0.000203007681716216,NA,NA,NA
"topology_ARG1",1874,"DPP4",0.00143001137023646,NA,NA,NA
"topology_ARG1",1875,"RARA",0.000182812715244118,NA,NA,NA
"topology_ARG1",1876,"GAD1",0.000786829139807432,NA,NA,NA
"topology_ARG1",1877,"TRPV1",0.00166711359586047,NA,NA,NA
"topology_ARG1",1878,"GRM5",0.000204723227971049,NA,NA,NA
"topology_ARG1",1879,"TFRC",0.000239327299633385,NA,NA,NA
"topology_ARG1",1880,"GSR",0.00032731672891706,NA,NA,NA
"topology_ARG1",1881,"GFAP",0.000240332727610593,NA,NA,NA
"topology_ARG1",1882,"SDHA",0.000611111269984921,NA,NA,NA
"topology_ARG1",1883,"XDH",0.000207347108110545,NA,NA,NA
"topology_ARG1",1884,"SCN1B",0.00123489854843939,NA,NA,NA
"topology_ARG1",1885,"TRPV4",0.000106153420904809,NA,NA,NA
"topology_ARG1",1886,"PLA2G4A",0.000158908171599248,NA,NA,NA
"topology_ARG1",1887,"RARA",0.000182812715244118,NA,NA,NA
"topology_ARG1",1888,"KCNJ11",0.00241899994818762,NA,NA,NA
"topology_ARG1",1889,"AGXT2",0.000181321349120078,NA,NA,NA
"topology_ARG1",1890,"GAD1",0.000786829139807432,NA,NA,NA
"topology_ARG1",1891,"GATM",0.000449150320023683,NA,NA,NA
"topology_ARG1",1892,"KCNH2",0.000463751185241779,NA,NA,NA
"topology_ARG1",1893,"NQO1",0.000518240501310552,NA,NA,NA
"topology_ARG1",1894,"PTGS1",0.0001138588382259,NA,NA,NA
"topology_ARG1",1895,"TFRC",0.000239327299633385,NA,NA,NA
"topology_ARG1",1896,"PCNA",0.000281828068793732,NA,NA,NA
"topology_ARG1",1897,"GRM5",0.000204723227971049,NA,NA,NA
"topology_ARG1",1898,"PTH",0.00019439506068486,NA,NA,NA
"topology_ARG1",1899,"DRD2",0.000217393825030943,NA,NA,NA
"topology_ARG1",1900,"TRPV4",0.000106153420904809,NA,NA,NA
"topology_ARG1",1901,"SCD",0.000143791042404695,NA,NA,NA
"topology_ARG1",1902,"ABCG2",0.00154702083903102,NA,NA,NA
"topology_ARG1",1903,"NQO1",0.000518240501310552,NA,NA,NA
"topology_ARG1",1904,"GRM5",0.000204723227971049,NA,NA,NA
"topology_ARG1",1905,"SCN1B",0.00123489854843939,NA,NA,NA
"topology_ARG1",1906,"XDH",0.000207347108110545,NA,NA,NA
"topology_ARG1",1907,"GABRB3",0.000120726283226125,NA,NA,NA
"topology_ARG1",1908,"CAMP",0.00129691841056656,NA,NA,NA
"topology_ARG1",1909,"GABRA1",0.000512519672648093,NA,NA,NA
"topology_ARG1",1910,"KCNH2",0.000463751185241779,NA,NA,NA
"topology_ARG1",1911,"TAC1",0.001463424927591,NA,NA,NA
"topology_ARG1",1912,"RARA",0.000182812715244118,NA,NA,NA
"topology_ARG1",1913,"PTH",0.00019439506068486,NA,NA,NA
"topology_ARG1",1914,"HK2",0.000296209764147126,NA,NA,NA
"topology_ARG1",1915,"DRD2",0.000217393825030943,NA,NA,NA
"topology_ARG1",1916,"GCK",0.000213793988103061,NA,NA,NA
"topology_ARG1",1917,"HK2",0.000296209764147126,NA,NA,NA
"topology_ARG1",1918,"TAC1",0.001463424927591,NA,NA,NA
"topology_ARG1",1919,"KCNJ11",0.00241899994818762,NA,NA,NA
"topology_ARG1",1920,"XDH",0.000207347108110545,NA,NA,NA
"topology_ARG1",1921,"AGXT2",0.000181321349120078,NA,NA,NA
"topology_ARG1",1922,"TRPV4",0.000106153420904809,NA,NA,NA
"topology_ARG1",1923,"NR1H4",0.000150320210463128,NA,NA,NA
"topology_ARG1",1924,"TFRC",0.000239327299633385,NA,NA,NA
"topology_ARG1",1925,"NQO1",0.000518240501310552,NA,NA,NA
"topology_ARG1",1926,"CAMP",0.00129691841056656,NA,NA,NA
"topology_ARG1",1927,"RARA",0.000182812715244118,NA,NA,NA
"topology_ARG1",1928,"GFAP",0.000240332727610593,NA,NA,NA
"topology_ARG1",1929,"GCLC",8.05799891081538e-05,NA,NA,NA
"topology_ARG1",1930,"HPRT1",0.00041877379526456,NA,NA,NA
"topology_ARG1",1931,"ADCY1",8.87083575196179e-06,NA,NA,NA
"topology_ARG1",1932,"XDH",0.000207347108110545,NA,NA,NA
"topology_ARG1",1933,"SCD",0.000143791042404695,NA,NA,NA
"topology_ARG1",1934,"ABCG2",0.00154702083903102,NA,NA,NA
"topology_ARG1",1935,"GABRB3",0.000120726283226125,NA,NA,NA
"topology_ARG1",1936,"KCNJ11",0.00241899994818762,NA,NA,NA
"topology_ARG1",1937,"CAMP",0.00129691841056656,NA,NA,NA
"topology_ARG1",1938,"ACLY",0.000136799781064179,NA,NA,NA
"topology_ARG1",1939,"PCNA",0.000281828068793732,NA,NA,NA
"topology_ARG1",1940,"ADRB2",0.000148693401879507,NA,NA,NA
"topology_ARG1",1941,"ADCY2",0,NA,NA,NA
"topology_ARG1",1942,"CS",0.000203624857343709,NA,NA,NA
"topology_ARG1",1943,"DPP4",0.00143001137023646,NA,NA,NA
"topology_ARG1",1944,"TFRC",0.000239327299633385,NA,NA,NA
"topology_ARG1",1945,"TYMS",0.000142484575824997,NA,NA,NA
"topology_ARG1",1946,"AGXT2",0.000181321349120078,NA,NA,NA
"topology_ARG1",1947,"HPRT1",0.00041877379526456,NA,NA,NA
"topology_ARG1",1948,"AGXT2",0.000181321349120078,NA,NA,NA
"topology_ARG1",1949,"KCNQ2",0.000154321192943452,NA,NA,NA
"topology_ARG1",1950,"KCNQ2",0.000154321192943452,NA,NA,NA
"topology_ARG1",1951,"HPRT1",0.00041877379526456,NA,NA,NA
"topology_ARG1",1952,"KCNH2",0.000463751185241779,NA,NA,NA
"topology_ARG1",1953,"HPRT1",0.00041877379526456,NA,NA,NA
"topology_ARG1",1954,"GABRG2",6.25131802217682e-05,NA,NA,NA
"topology_ARG1",1955,"ADCY1",8.87083575196179e-06,NA,NA,NA
"topology_ARG1",1956,"TRPV4",0.000106153420904809,NA,NA,NA
"topology_ARG1",1957,"GABRG2",6.25131802217682e-05,NA,NA,NA
"topology_ARG1",1958,"TAC1",0.001463424927591,NA,NA,NA
"topology_ARG1",1959,"TYMS",0.000142484575824997,NA,NA,NA
"topology_ARG1",1960,"GABRB3",0.000120726283226125,NA,NA,NA
"topology_ARG1",1961,"GABBR1",0.000629351098106912,NA,NA,NA
"topology_ARG1",1962,"NQO1",0.000518240501310552,NA,NA,NA
"topology_ARG1",1963,"XBP1",0.00130705850242441,NA,NA,NA
"topology_ARG1",1964,"HK2",0.000296209764147126,NA,NA,NA
"topology_ARG1",1965,"TAC1",0.001463424927591,NA,NA,NA
"topology_ARG1",1966,"PLA2G4A",0.000158908171599248,NA,NA,NA
"topology_ARG1",1967,"KCNQ2",0.000154321192943452,NA,NA,NA
"topology_ARG1",1968,"SCN2A",9.6829057864789e-05,NA,NA,NA
"topology_ARG1",1969,"CS",0.000203624857343709,NA,NA,NA
"topology_ARG1",1970,"GAD1",0.000786829139807432,NA,NA,NA
"topology_ARG1",1971,"GCLC",8.05799891081538e-05,NA,NA,NA
"topology_ARG1",1972,"HK2",0.000296209764147126,NA,NA,NA
"topology_ARG1",1973,"PLA2G4A",0.000158908171599248,NA,NA,NA
"topology_ARG1",1974,"XDH",0.000207347108110545,NA,NA,NA
"topology_ARG1",1975,"SCN1B",0.00123489854843939,NA,NA,NA
"topology_ARG1",1976,"MECP2",0.000428908523146032,NA,NA,NA
"topology_ARG1",1977,"TRPV4",0.000106153420904809,NA,NA,NA
"topology_ARG1",1978,"PRKAG2",0.00023019859617357,NA,NA,NA
"topology_ARG1",1979,"PTGS1",0.0001138588382259,NA,NA,NA
"topology_ARG1",1980,"AGXT2",0.000181321349120078,NA,NA,NA
"topology_ARG1",1981,"GAD1",0.000786829139807432,NA,NA,NA
"topology_ARG1",1982,"STAT4",0.000324242289791776,NA,NA,NA
"topology_ARG1",1983,"MT-CYB",0.000203007681716216,NA,NA,NA
"topology_ARG1",1984,"ADRB2",0.000148693401879507,NA,NA,NA
"topology_ARG1",1985,"TRPV4",0.000106153420904809,NA,NA,NA
"topology_ARG1",1986,"CFTR",0.00160265872797649,NA,NA,NA
"topology_ARG1",1987,"ACLY",0.000136799781064179,NA,NA,NA
"topology_ARG1",1988,"GRM5",0.000204723227971049,NA,NA,NA
"topology_ARG1",1989,"KCNQ2",0.000154321192943452,NA,NA,NA
"topology_ARG1",1990,"GATM",0.000449150320023683,NA,NA,NA
"topology_ARG1",1991,"KCNJ11",0.00241899994818762,NA,NA,NA
"topology_ARG1",1992,"PTGS1",0.0001138588382259,NA,NA,NA
"topology_ARG1",1993,"GABRA1",0.000512519672648093,NA,NA,NA
"topology_ARG1",1994,"GATM",0.000449150320023683,NA,NA,NA
"topology_ARG1",1995,"GABRA1",0.000512519672648093,NA,NA,NA
"topology_ARG1",1996,"SCD",0.000143791042404695,NA,NA,NA
"topology_ARG1",1997,"HPRT1",0.00041877379526456,NA,NA,NA
"topology_ARG1",1998,"MT-CYB",0.000203007681716216,NA,NA,NA
"topology_ARG1",1999,"CFTR",0.00160265872797649,NA,NA,NA
"topology_ARG1",2000,"KCNH2",0.000463751185241779,NA,NA,NA
"topology_ARG1",2001,"ADCY1",8.87083575196179e-06,NA,NA,NA
"topology_ARG1",2002,"RARA",0.000182812715244118,NA,NA,NA
"topology_ARG1",2003,"GATM",0.000449150320023683,NA,NA,NA
"topology_ARG1",2004,"GATM",0.000449150320023683,NA,NA,NA
"topology_ARG1",2005,"ADCY2",0,NA,NA,NA
"topology_ARG1",2006,"MT-CYB",0.000203007681716216,NA,NA,NA
"topology_ARG1",2007,"GCK",0.000213793988103061,NA,NA,NA
"topology_ARG1",2008,"GABBR1",0.000629351098106912,NA,NA,NA
"topology_ARG1",2009,"GCLC",8.05799891081538e-05,NA,NA,NA
"topology_ARG1",2010,"XDH",0.000207347108110545,NA,NA,NA
"topology_ARG1",2011,"DRD2",0.000217393825030943,NA,NA,NA
"topology_ARG1",2012,"SLC6A3",0.000164253248760127,NA,NA,NA
"topology_ARG1",2013,"XDH",0.000207347108110545,NA,NA,NA
"topology_ARG1",2014,"XDH",0.000207347108110545,NA,NA,NA
"topology_ARG1",2015,"SCN1B",0.00123489854843939,NA,NA,NA
"topology_ARG1",2016,"SLC6A3",0.000164253248760127,NA,NA,NA
"topology_ARG1",2017,"HPRT1",0.00041877379526456,NA,NA,NA
"topology_ARG1",2018,"HK2",0.000296209764147126,NA,NA,NA
"topology_ARG1",2019,"MT-CYB",0.000203007681716216,NA,NA,NA
"topology_ARG1",2020,"SCN1B",0.00123489854843939,NA,NA,NA
"topology_ARG1",2021,"TFRC",0.000239327299633385,NA,NA,NA
"topology_ARG1",2022,"PRKAG2",0.00023019859617357,NA,NA,NA
"topology_ARG1",2023,"GAD1",0.000786829139807432,NA,NA,NA
"topology_ARG1",2024,"HPRT1",0.00041877379526456,NA,NA,NA
"topology_ARG1",2025,"STAT4",0.000324242289791776,NA,NA,NA
"topology_ARG1",2026,"TFRC",0.000239327299633385,NA,NA,NA
"topology_ARG1",2027,"GFAP",0.000240332727610593,NA,NA,NA
"topology_ARG1",2028,"ADCY1",8.87083575196179e-06,NA,NA,NA
"topology_ARG1",2029,"PCNA",0.000281828068793732,NA,NA,NA
"topology_ARG1",2030,"KCNJ11",0.00241899994818762,NA,NA,NA
"topology_ARG1",2031,"ABCG2",0.00154702083903102,NA,NA,NA
"topology_ARG1",2032,"ACLY",0.000136799781064179,NA,NA,NA
"topology_ARG1",2033,"MT-CYB",0.000203007681716216,NA,NA,NA
"topology_ARG1",2034,"GABRA1",0.000512519672648093,NA,NA,NA
"topology_ARG1",2035,"HK2",0.000296209764147126,NA,NA,NA
"topology_ARG1",2036,"HK2",0.000296209764147126,NA,NA,NA
"topology_ARG1",2037,"SCD",0.000143791042404695,NA,NA,NA
"topology_ARG1",2038,"GSR",0.00032731672891706,NA,NA,NA
"topology_ARG1",2039,"XBP1",0.00130705850242441,NA,NA,NA
"topology_ARG1",2040,"PTGS1",0.0001138588382259,NA,NA,NA
"topology_ARG1",2041,"GABRB3",0.000120726283226125,NA,NA,NA
"topology_ARG1",2042,"GABRB3",0.000120726283226125,NA,NA,NA
"topology_ARG1",2043,"MT-CYB",0.000203007681716216,NA,NA,NA
"topology_ARG1",2044,"GABBR1",0.000629351098106912,NA,NA,NA
"topology_ARG1",2045,"CFTR",0.00160265872797649,NA,NA,NA
"topology_ARG1",2046,"GABBR1",0.000629351098106912,NA,NA,NA
"topology_ARG1",2047,"NQO1",0.000518240501310552,NA,NA,NA
"topology_ARG1",2048,"GABRB3",0.000120726283226125,NA,NA,NA
"topology_ARG1",2049,"STAT4",0.000324242289791776,NA,NA,NA
"topology_ARG1",2050,"GABBR1",0.000629351098106912,NA,NA,NA
"topology_ARG1",2051,"DPP4",0.00143001137023646,NA,NA,NA
"topology_ARG1",2052,"PTGS1",0.0001138588382259,NA,NA,NA
"topology_ARG1",2053,"ABCG2",0.00154702083903102,NA,NA,NA
"topology_ARG1",2054,"GSR",0.00032731672891706,NA,NA,NA
"topology_ARG1",2055,"XBP1",0.00130705850242441,NA,NA,NA
"topology_ARG1",2056,"GSR",0.00032731672891706,NA,NA,NA
"topology_ARG1",2057,"GFAP",0.000240332727610593,NA,NA,NA
"topology_ARG1",2058,"GABRG2",6.25131802217682e-05,NA,NA,NA
"topology_ARG1",2059,"GAD1",0.000786829139807432,NA,NA,NA
"topology_ARG1",2060,"GABRA1",0.000512519672648093,NA,NA,NA
"topology_ARG1",2061,"KCNJ11",0.00241899994818762,NA,NA,NA
"topology_ARG1",2062,"ADCY1",8.87083575196179e-06,NA,NA,NA
"topology_ARG1",2063,"XDH",0.000207347108110545,NA,NA,NA
"topology_ARG1",2064,"RARA",0.000182812715244118,NA,NA,NA
"topology_ARG1",2065,"PCNA",0.000281828068793732,NA,NA,NA
"topology_ARG1",2066,"NR1H4",0.000150320210463128,NA,NA,NA
"topology_ARG1",2067,"DRD2",0.000217393825030943,NA,NA,NA
"topology_ARG1",2068,"SCD",0.000143791042404695,NA,NA,NA
"topology_ARG1",2069,"PRKAG2",0.00023019859617357,NA,NA,NA
"topology_ARG1",2070,"SCN2A",9.6829057864789e-05,NA,NA,NA
"topology_ARG1",2071,"NQO1",0.000518240501310552,NA,NA,NA
"topology_ARG1",2072,"GSR",0.00032731672891706,NA,NA,NA
"topology_ARG1",2073,"SLC6A3",0.000164253248760127,NA,NA,NA
"topology_ARG1",2074,"STAT4",0.000324242289791776,NA,NA,NA
"topology_ARG1",2075,"GABBR1",0.000629351098106912,NA,NA,NA
"topology_ARG1",2076,"TRPV1",0.00166711359586047,NA,NA,NA
"topology_ARG1",2077,"XBP1",0.00130705850242441,NA,NA,NA
"topology_ARG1",2078,"TAC1",0.001463424927591,NA,NA,NA
"topology_ARG1",2079,"MT-CYB",0.000203007681716216,NA,NA,NA
"topology_ARG1",2080,"NQO1",0.000518240501310552,NA,NA,NA
"topology_ARG1",2081,"SCD",0.000143791042404695,NA,NA,NA
"topology_ARG1",2082,"GABRA1",0.000512519672648093,NA,NA,NA
"topology_ARG1",2083,"HPRT1",0.00041877379526456,NA,NA,NA
"topology_ARG1",2084,"PTH",0.00019439506068486,NA,NA,NA
"topology_ARG1",2085,"GATM",0.000449150320023683,NA,NA,NA
"topology_ARG1",2086,"XBP1",0.00130705850242441,NA,NA,NA
"topology_ARG1",2087,"PRKAG2",0.00023019859617357,NA,NA,NA
"topology_ARG1",2088,"AGXT2",0.000181321349120078,NA,NA,NA
"topology_ARG1",2089,"PTH",0.00019439506068486,NA,NA,NA
"topology_ARG1",2090,"ADRB2",0.000148693401879507,NA,NA,NA
"topology_ARG1",2091,"GFAP",0.000240332727610593,NA,NA,NA
"topology_ARG1",2092,"GABRA1",0.000512519672648093,NA,NA,NA
"topology_ARG1",2093,"AGXT2",0.000181321349120078,NA,NA,NA
"topology_ARG1",2094,"XBP1",0.00130705850242441,NA,NA,NA
"topology_ARG1",2095,"ADRB2",0.000148693401879507,NA,NA,NA
"topology_ARG1",2096,"NR1H4",0.000150320210463128,NA,NA,NA
"topology_ARG1",2097,"CS",0.000203624857343709,NA,NA,NA
"topology_ARG1",2098,"PTH",0.00019439506068486,NA,NA,NA
"topology_ARG1",2099,"GABRB3",0.000120726283226125,NA,NA,NA
"topology_ARG1",2100,"GAD1",0.000786829139807432,NA,NA,NA
"topology_ARG1",2101,"SCN2A",9.6829057864789e-05,NA,NA,NA
"topology_ARG1",2102,"ACLY",0.000136799781064179,NA,NA,NA
"topology_ARG1",2103,"ACLY",0.000136799781064179,NA,NA,NA
"topology_ARG1",2104,"SCD",0.000143791042404695,NA,NA,NA
"topology_ARG1",2105,"TAC1",0.001463424927591,NA,NA,NA
"topology_ARG1",2106,"AGXT2",0.000181321349120078,NA,NA,NA
"topology_ARG1",2107,"AGXT2",0.000181321349120078,NA,NA,NA
"topology_ARG1",2108,"GRM5",0.000204723227971049,NA,NA,NA
"topology_ARG1",2109,"CS",0.000203624857343709,NA,NA,NA
"topology_ARG1",2110,"TAC1",0.001463424927591,NA,NA,NA
"topology_ARG1",2111,"PTGS1",0.0001138588382259,NA,NA,NA
"topology_ARG1",2112,"NQO1",0.000518240501310552,NA,NA,NA
"topology_ARG1",2113,"PRKAG2",0.00023019859617357,NA,NA,NA
"topology_ARG1",2114,"NQO1",0.000518240501310552,NA,NA,NA
"topology_ARG1",2115,"GATM",0.000449150320023683,NA,NA,NA
"topology_ARG1",2116,"TRPV4",0.000106153420904809,NA,NA,NA
"topology_ARG1",2117,"TRPV1",0.00166711359586047,NA,NA,NA
"topology_ARG1",2118,"KCNQ2",0.000154321192943452,NA,NA,NA
"topology_ARG1",2119,"TRPV1",0.00166711359586047,NA,NA,NA
"topology_ARG1",2120,"DRD2",0.000217393825030943,NA,NA,NA
"topology_ARG1",2121,"GABBR1",0.000629351098106912,NA,NA,NA
"topology_ARG1",2122,"ACLY",0.000136799781064179,NA,NA,NA
"topology_ARG1",2123,"MT-CYB",0.000203007681716216,NA,NA,NA
"topology_ARG1",2124,"NR1H4",0.000150320210463128,NA,NA,NA
"topology_ARG1",2125,"TRPV1",0.00166711359586047,NA,NA,NA
"topology_ARG1",2126,"KCNH2",0.000463751185241779,NA,NA,NA
"topology_ARG1",2127,"ADRB2",0.000148693401879507,NA,NA,NA
"topology_ARG1",2128,"CFTR",0.00160265872797649,NA,NA,NA
"topology_ARG1",2129,"GCK",0.000213793988103061,NA,NA,NA
"topology_ARG1",2130,"PTH",0.00019439506068486,NA,NA,NA
"topology_ARG1",2131,"GAD1",0.000786829139807432,NA,NA,NA
"topology_ARG1",2132,"AGXT2",0.000181321349120078,NA,NA,NA
"topology_ARG1",2133,"XDH",0.000207347108110545,NA,NA,NA
"topology_ARG1",2134,"ADCY2",0,NA,NA,NA
"topology_ARG1",2135,"NQO1",0.000518240501310552,NA,NA,NA
"topology_ARG1",2136,"CFTR",0.00160265872797649,NA,NA,NA
"topology_ARG1",2137,"TRPV4",0.000106153420904809,NA,NA,NA
"topology_ARG1",2138,"GSR",0.00032731672891706,NA,NA,NA
"topology_ARG1",2139,"RARA",0.000182812715244118,NA,NA,NA
"topology_ARG1",2140,"CAMP",0.00129691841056656,NA,NA,NA
"topology_ARG1",2141,"SCN2A",9.6829057864789e-05,NA,NA,NA
"topology_ARG1",2142,"HPRT1",0.00041877379526456,NA,NA,NA
"topology_ARG1",2143,"TYMS",0.000142484575824997,NA,NA,NA
"topology_ARG1",2144,"KCNH2",0.000463751185241779,NA,NA,NA
"topology_ARG1",2145,"PTGS1",0.0001138588382259,NA,NA,NA
"topology_ARG1",2146,"GABRG2",6.25131802217682e-05,NA,NA,NA
"topology_ARG1",2147,"ADCY1",8.87083575196179e-06,NA,NA,NA
"topology_ARG1",2148,"DRD2",0.000217393825030943,NA,NA,NA
"topology_ARG1",2149,"SLC6A3",0.000164253248760127,NA,NA,NA
"topology_ARG1",2150,"SCD",0.000143791042404695,NA,NA,NA
"topology_ARG1",2151,"NR1H4",0.000150320210463128,NA,NA,NA
"topology_ARG1",2152,"NR1H4",0.000150320210463128,NA,NA,NA
"topology_ARG1",2153,"CS",0.000203624857343709,NA,NA,NA
"topology_ARG1",2154,"ADCY2",0,NA,NA,NA
"topology_ARG1",2155,"GABRA1",0.000512519672648093,NA,NA,NA
"topology_ARG1",2156,"SCN1B",0.00123489854843939,NA,NA,NA
"topology_ARG1",2157,"MT-CYB",0.000203007681716216,NA,NA,NA
"topology_ARG1",2158,"KCNJ11",0.00241899994818762,NA,NA,NA
"topology_ARG1",2159,"ACLY",0.000136799781064179,NA,NA,NA
"topology_ARG1",2160,"STAT4",0.000324242289791776,NA,NA,NA
"topology_ARG1",2161,"NQO1",0.000518240501310552,NA,NA,NA
"topology_ARG1",2162,"SLC6A3",0.000164253248760127,NA,NA,NA
"topology_ARG1",2163,"GATM",0.000449150320023683,NA,NA,NA
"topology_ARG1",2164,"GAD1",0.000786829139807432,NA,NA,NA
"topology_ARG1",2165,"PRKAG2",0.00023019859617357,NA,NA,NA
"topology_ARG1",2166,"GRM5",0.000204723227971049,NA,NA,NA
"topology_ARG1",2167,"GABRB3",0.000120726283226125,NA,NA,NA
"topology_ARG1",2168,"ADRB2",0.000148693401879507,NA,NA,NA
"topology_ARG1",2169,"GSR",0.00032731672891706,NA,NA,NA
"topology_ARG1",2170,"MT-CYB",0.000203007681716216,NA,NA,NA
"topology_ARG1",2171,"PTGS1",0.0001138588382259,NA,NA,NA
"topology_ARG1",2172,"PTH",0.00019439506068486,NA,NA,NA
"topology_ARG1",2173,"PRKAG2",0.00023019859617357,NA,NA,NA
"topology_ARG1",2174,"TRPV4",0.000106153420904809,NA,NA,NA
"topology_ARG1",2175,"PTH",0.00019439506068486,NA,NA,NA
"topology_ARG1",2176,"TAC1",0.001463424927591,NA,NA,NA
"topology_ARG1",2177,"TRPV4",0.000106153420904809,NA,NA,NA
"topology_ARG1",2178,"ADCY2",0,NA,NA,NA
"topology_ARG1",2179,"SCN2A",9.6829057864789e-05,NA,NA,NA
"topology_ARG1",2180,"AGXT2",0.000181321349120078,NA,NA,NA
"topology_ARG1",2181,"CS",0.000203624857343709,NA,NA,NA
"topology_ARG1",2182,"ADCY2",0,NA,NA,NA
"topology_ARG1",2183,"GABRB3",0.000120726283226125,NA,NA,NA
"topology_ARG1",2184,"SDHA",0.000611111269984921,NA,NA,NA
"topology_ARG1",2185,"GAD1",0.000786829139807432,NA,NA,NA
"topology_ARG1",2186,"GCK",0.000213793988103061,NA,NA,NA
"topology_ARG1",2187,"NR1H4",0.000150320210463128,NA,NA,NA
"topology_ARG1",2188,"KCNH2",0.000463751185241779,NA,NA,NA
"topology_ARG1",2189,"KCNH2",0.000463751185241779,NA,NA,NA
"topology_ARG1",2190,"SCN1B",0.00123489854843939,NA,NA,NA
"topology_ARG1",2191,"ADRB2",0.000148693401879507,NA,NA,NA
"topology_ARG1",2192,"KCNJ11",0.00241899994818762,NA,NA,NA
"topology_ARG1",2193,"GCK",0.000213793988103061,NA,NA,NA
"topology_ARG1",2194,"TAC1",0.001463424927591,NA,NA,NA
"topology_ARG1",2195,"ADCY2",0,NA,NA,NA
"topology_ARG1",2196,"XBP1",0.00130705850242441,NA,NA,NA
"topology_ARG1",2197,"KCNJ11",0.00241899994818762,NA,NA,NA
"topology_ARG1",2198,"TRPV1",0.00166711359586047,NA,NA,NA
"topology_ARG1",2199,"AGXT2",0.000181321349120078,NA,NA,NA
"topology_ARG1",2200,"MECP2",0.000428908523146032,NA,NA,NA
"topology_ARG1",2201,"GFAP",0.000240332727610593,NA,NA,NA
"topology_ARG1",2202,"NQO1",0.000518240501310552,NA,NA,NA
"topology_ARG1",2203,"GABRB3",0.000120726283226125,NA,NA,NA
"topology_ARG1",2204,"NR1H4",0.000150320210463128,NA,NA,NA
"topology_ARG1",2205,"PTH",0.00019439506068486,NA,NA,NA
"topology_ARG1",2206,"CAMP",0.00129691841056656,NA,NA,NA
"topology_ARG1",2207,"PRKAG2",0.00023019859617357,NA,NA,NA
"topology_ARG1",2208,"AGXT2",0.000181321349120078,NA,NA,NA
"topology_ARG1",2209,"KCNQ2",0.000154321192943452,NA,NA,NA
"topology_ARG1",2210,"GFAP",0.000240332727610593,NA,NA,NA
"topology_ARG1",2211,"XDH",0.000207347108110545,NA,NA,NA
"topology_ARG1",2212,"ADCY2",0,NA,NA,NA
"topology_ARG1",2213,"SCN1B",0.00123489854843939,NA,NA,NA
"topology_ARG1",2214,"CFTR",0.00160265872797649,NA,NA,NA
"topology_ARG1",2215,"HK2",0.000296209764147126,NA,NA,NA
"topology_ARG1",2216,"ADCY2",0,NA,NA,NA
"topology_ARG1",2217,"PRKAG2",0.00023019859617357,NA,NA,NA
"topology_ARG1",2218,"TFRC",0.000239327299633385,NA,NA,NA
"topology_ARG1",2219,"CAMP",0.00129691841056656,NA,NA,NA
"topology_ARG1",2220,"TRPV4",0.000106153420904809,NA,NA,NA
"topology_ARG1",2221,"GABRA1",0.000512519672648093,NA,NA,NA
"topology_ARG1",2222,"GRM5",0.000204723227971049,NA,NA,NA
"topology_ARG1",2223,"PTH",0.00019439506068486,NA,NA,NA
"topology_ARG1",2224,"GFAP",0.000240332727610593,NA,NA,NA
"topology_ARG1",2225,"ADCY2",0,NA,NA,NA
"topology_ARG1",2226,"ABCG2",0.00154702083903102,NA,NA,NA
"topology_ARG1",2227,"GCLC",8.05799891081538e-05,NA,NA,NA
"topology_ARG1",2228,"GFAP",0.000240332727610593,NA,NA,NA
"topology_ARG1",2229,"SLC6A3",0.000164253248760127,NA,NA,NA
"topology_ARG1",2230,"PRKAG2",0.00023019859617357,NA,NA,NA
"topology_ARG1",2231,"GABRA1",0.000512519672648093,NA,NA,NA
"topology_ARG1",2232,"SCN1B",0.00123489854843939,NA,NA,NA
"topology_ARG1",2233,"PTH",0.00019439506068486,NA,NA,NA
"topology_ARG1",2234,"ADRB2",0.000148693401879507,NA,NA,NA
"topology_ARG1",2235,"MT-CYB",0.000203007681716216,NA,NA,NA
"topology_ARG1",2236,"GRM5",0.000204723227971049,NA,NA,NA
"topology_ARG1",2237,"DRD2",0.000217393825030943,NA,NA,NA
"topology_ARG1",2238,"HPRT1",0.00041877379526456,NA,NA,NA
"topology_ARG1",2239,"KCNH2",0.000463751185241779,NA,NA,NA
"topology_ARG1",2240,"CAMP",0.00129691841056656,NA,NA,NA
"topology_ARG1",2241,"HK2",0.000296209764147126,NA,NA,NA
"topology_ARG1",2242,"ABCG2",0.00154702083903102,NA,NA,NA
"topology_ARG1",2243,"HK2",0.000296209764147126,NA,NA,NA
"topology_ARG1",2244,"GABBR1",0.000629351098106912,NA,NA,NA
"topology_ARG1",2245,"NQO1",0.000518240501310552,NA,NA,NA
"topology_ARG1",2246,"HPRT1",0.00041877379526456,NA,NA,NA
"topology_ARG1",2247,"KCNQ2",0.000154321192943452,NA,NA,NA
"topology_ARG1",2248,"ACLY",0.000136799781064179,NA,NA,NA
"topology_ARG1",2249,"PCNA",0.000281828068793732,NA,NA,NA
"topology_ARG1",2250,"SCN2A",9.6829057864789e-05,NA,NA,NA
"topology_ARG1",2251,"HK2",0.000296209764147126,NA,NA,NA
"topology_ARG1",2252,"ADCY1",8.87083575196179e-06,NA,NA,NA
"topology_ARG1",2253,"SCD",0.000143791042404695,NA,NA,NA
"topology_ARG1",2254,"SCN1B",0.00123489854843939,NA,NA,NA
"topology_ARG1",2255,"XBP1",0.00130705850242441,NA,NA,NA
"topology_ARG1",2256,"AGXT2",0.000181321349120078,NA,NA,NA
"topology_ARG1",2257,"GABBR1",0.000629351098106912,NA,NA,NA
"topology_ARG1",2258,"GAD1",0.000786829139807432,NA,NA,NA
"topology_ARG1",2259,"PRKAG2",0.00023019859617357,NA,NA,NA
"topology_ARG1",2260,"GABRA1",0.000512519672648093,NA,NA,NA
"topology_ARG1",2261,"TRPV1",0.00166711359586047,NA,NA,NA
"topology_ARG1",2262,"NR1H4",0.000150320210463128,NA,NA,NA
"topology_ARG1",2263,"GABBR1",0.000629351098106912,NA,NA,NA
"topology_ARG1",2264,"GAD1",0.000786829139807432,NA,NA,NA
"topology_ARG1",2265,"GABRA1",0.000512519672648093,NA,NA,NA
"topology_ARG1",2266,"XDH",0.000207347108110545,NA,NA,NA
"topology_ARG1",2267,"GCK",0.000213793988103061,NA,NA,NA
"topology_ARG1",2268,"PLA2G4A",0.000158908171599248,NA,NA,NA
"topology_ARG1",2269,"STAT4",0.000324242289791776,NA,NA,NA
"topology_ARG1",2270,"RARA",0.000182812715244118,NA,NA,NA
"topology_ARG1",2271,"GATM",0.000449150320023683,NA,NA,NA
"topology_ARG1",2272,"XDH",0.000207347108110545,NA,NA,NA
"topology_ARG1",2273,"GATM",0.000449150320023683,NA,NA,NA
"topology_ARG1",2274,"MECP2",0.000428908523146032,NA,NA,NA
"topology_ARG1",2275,"GRM5",0.000204723227971049,NA,NA,NA
"topology_ARG1",2276,"GABRA1",0.000512519672648093,NA,NA,NA
"topology_ARG1",2277,"PCNA",0.000281828068793732,NA,NA,NA
"topology_ARG1",2278,"PTH",0.00019439506068486,NA,NA,NA
"topology_ARG1",2279,"SCN2A",9.6829057864789e-05,NA,NA,NA
"topology_ARG1",2280,"GRM5",0.000204723227971049,NA,NA,NA
"topology_ARG1",2281,"SCN2A",9.6829057864789e-05,NA,NA,NA
"topology_ARG1",2282,"DPP4",0.00143001137023646,NA,NA,NA
"topology_ARG1",2283,"KCNJ11",0.00241899994818762,NA,NA,NA
"topology_ARG1",2284,"HK2",0.000296209764147126,NA,NA,NA
"topology_ARG1",2285,"SCN2A",9.6829057864789e-05,NA,NA,NA
"topology_ARG1",2286,"GABRG2",6.25131802217682e-05,NA,NA,NA
"topology_ARG1",2287,"GABBR1",0.000629351098106912,NA,NA,NA
"topology_ARG1",2288,"ABCG2",0.00154702083903102,NA,NA,NA
"topology_ARG1",2289,"GABRB3",0.000120726283226125,NA,NA,NA
"topology_ARG1",2290,"STAT4",0.000324242289791776,NA,NA,NA
"topology_ARG1",2291,"ACLY",0.000136799781064179,NA,NA,NA
"topology_ARG1",2292,"GAD1",0.000786829139807432,NA,NA,NA
"topology_ARG1",2293,"MECP2",0.000428908523146032,NA,NA,NA
"topology_ARG1",2294,"ADCY1",8.87083575196179e-06,NA,NA,NA
"topology_ARG1",2295,"PTGS1",0.0001138588382259,NA,NA,NA
"topology_ARG1",2296,"ABCG2",0.00154702083903102,NA,NA,NA
"topology_ARG1",2297,"RARA",0.000182812715244118,NA,NA,NA
"topology_ARG1",2298,"HPRT1",0.00041877379526456,NA,NA,NA
"topology_ARG1",2299,"HK2",0.000296209764147126,NA,NA,NA
"topology_ARG1",2300,"TAC1",0.001463424927591,NA,NA,NA
"topology_ARG1",2301,"TFRC",0.000239327299633385,NA,NA,NA
"topology_ARG1",2302,"DPP4",0.00143001137023646,NA,NA,NA
"topology_ARG1",2303,"ACLY",0.000136799781064179,NA,NA,NA
"topology_ARG1",2304,"CFTR",0.00160265872797649,NA,NA,NA
"topology_ARG1",2305,"GABRA1",0.000512519672648093,NA,NA,NA
"topology_ARG1",2306,"SCN2A",9.6829057864789e-05,NA,NA,NA
"topology_ARG1",2307,"DRD2",0.000217393825030943,NA,NA,NA
"topology_ARG1",2308,"GCLC",8.05799891081538e-05,NA,NA,NA
"topology_ARG1",2309,"CFTR",0.00160265872797649,NA,NA,NA
"topology_ARG1",2310,"NR1H4",0.000150320210463128,NA,NA,NA
"topology_ARG1",2311,"KCNH2",0.000463751185241779,NA,NA,NA
"topology_ARG1",2312,"TYMS",0.000142484575824997,NA,NA,NA
"topology_ARG1",2313,"ADRB2",0.000148693401879507,NA,NA,NA
"topology_ARG1",2314,"SCN2A",9.6829057864789e-05,NA,NA,NA
"topology_ARG1",2315,"CFTR",0.00160265872797649,NA,NA,NA
"topology_ARG1",2316,"GSR",0.00032731672891706,NA,NA,NA
"topology_ARG1",2317,"GABRG2",6.25131802217682e-05,NA,NA,NA
"topology_ARG1",2318,"MECP2",0.000428908523146032,NA,NA,NA
"topology_ARG1",2319,"DRD2",0.000217393825030943,NA,NA,NA
"topology_ARG1",2320,"DPP4",0.00143001137023646,NA,NA,NA
"topology_ARG1",2321,"ADRB2",0.000148693401879507,NA,NA,NA
"topology_ARG1",2322,"ABCG2",0.00154702083903102,NA,NA,NA
"topology_ARG1",2323,"DPP4",0.00143001137023646,NA,NA,NA
"topology_ARG1",2324,"SDHA",0.000611111269984921,NA,NA,NA
"topology_ARG1",2325,"XDH",0.000207347108110545,NA,NA,NA
"topology_ARG1",2326,"AGXT2",0.000181321349120078,NA,NA,NA
"topology_ARG1",2327,"SCD",0.000143791042404695,NA,NA,NA
"topology_ARG1",2328,"DRD2",0.000217393825030943,NA,NA,NA
"topology_ARG1",2329,"GATM",0.000449150320023683,NA,NA,NA
"topology_ARG1",2330,"ADCY1",8.87083575196179e-06,NA,NA,NA
"topology_ARG1",2331,"SDHA",0.000611111269984921,NA,NA,NA
"topology_ARG1",2332,"STAT4",0.000324242289791776,NA,NA,NA
"topology_ARG1",2333,"PTH",0.00019439506068486,NA,NA,NA
"topology_ARG1",2334,"PTGS1",0.0001138588382259,NA,NA,NA
"topology_ARG1",2335,"CS",0.000203624857343709,NA,NA,NA
"topology_ARG1",2336,"PTGS1",0.0001138588382259,NA,NA,NA
"topology_ARG1",2337,"TRPV1",0.00166711359586047,NA,NA,NA
"topology_ARG1",2338,"TRPV1",0.00166711359586047,NA,NA,NA
"topology_ARG1",2339,"ADCY2",0,NA,NA,NA
"topology_ARG1",2340,"SCN2A",9.6829057864789e-05,NA,NA,NA
"topology_ARG1",2341,"ADRB2",0.000148693401879507,NA,NA,NA
"topology_ARG1",2342,"HPRT1",0.00041877379526456,NA,NA,NA
"topology_ARG1",2343,"SCN1B",0.00123489854843939,NA,NA,NA
"topology_ARG1",2344,"GABRG2",6.25131802217682e-05,NA,NA,NA
"topology_ARG1",2345,"KCNJ11",0.00241899994818762,NA,NA,NA
"topology_ARG1",2346,"KCNH2",0.000463751185241779,NA,NA,NA
"topology_ARG1",2347,"SLC6A3",0.000164253248760127,NA,NA,NA
"topology_ARG1",2348,"RARA",0.000182812715244118,NA,NA,NA
"topology_ARG1",2349,"PTGS1",0.0001138588382259,NA,NA,NA
"topology_ARG1",2350,"CS",0.000203624857343709,NA,NA,NA
"topology_ARG1",2351,"GCLC",8.05799891081538e-05,NA,NA,NA
"topology_ARG1",2352,"XBP1",0.00130705850242441,NA,NA,NA
"topology_ARG1",2353,"ABCG2",0.00154702083903102,NA,NA,NA
"topology_ARG1",2354,"AGXT2",0.000181321349120078,NA,NA,NA
"topology_ARG1",2355,"ADCY2",0,NA,NA,NA
"topology_ARG1",2356,"GABRA1",0.000512519672648093,NA,NA,NA
"topology_ARG1",2357,"MECP2",0.000428908523146032,NA,NA,NA
"topology_ARG1",2358,"GAD1",0.000786829139807432,NA,NA,NA
"topology_ARG1",2359,"GATM",0.000449150320023683,NA,NA,NA
"topology_ARG1",2360,"TRPV4",0.000106153420904809,NA,NA,NA
"topology_ARG1",2361,"GCLC",8.05799891081538e-05,NA,NA,NA
"topology_ARG1",2362,"GAD1",0.000786829139807432,NA,NA,NA
"topology_ARG1",2363,"GABRG2",6.25131802217682e-05,NA,NA,NA
"topology_ARG1",2364,"XBP1",0.00130705850242441,NA,NA,NA
"topology_ARG1",2365,"GAD1",0.000786829139807432,NA,NA,NA
"topology_ARG1",2366,"NQO1",0.000518240501310552,NA,NA,NA
"topology_ARG1",2367,"SLC6A3",0.000164253248760127,NA,NA,NA
"topology_ARG1",2368,"AGXT2",0.000181321349120078,NA,NA,NA
"topology_ARG1",2369,"GABBR1",0.000629351098106912,NA,NA,NA
"topology_ARG1",2370,"GABBR1",0.000629351098106912,NA,NA,NA
"topology_ARG1",2371,"SDHA",0.000611111269984921,NA,NA,NA
"topology_ARG1",2372,"CFTR",0.00160265872797649,NA,NA,NA
"topology_ARG1",2373,"KCNJ11",0.00241899994818762,NA,NA,NA
"topology_ARG1",2374,"ADCY1",8.87083575196179e-06,NA,NA,NA
"topology_ARG1",2375,"ABCG2",0.00154702083903102,NA,NA,NA
"topology_ARG1",2376,"SLC6A3",0.000164253248760127,NA,NA,NA
"topology_ARG1",2377,"TAC1",0.001463424927591,NA,NA,NA
"topology_ARG1",2378,"CFTR",0.00160265872797649,NA,NA,NA
"topology_ARG1",2379,"GCK",0.000213793988103061,NA,NA,NA
"topology_ARG1",2380,"GRM5",0.000204723227971049,NA,NA,NA
"topology_ARG1",2381,"SCD",0.000143791042404695,NA,NA,NA
"topology_ARG1",2382,"NQO1",0.000518240501310552,NA,NA,NA
"topology_ARG1",2383,"DPP4",0.00143001137023646,NA,NA,NA
"topology_ARG1",2384,"RARA",0.000182812715244118,NA,NA,NA
"topology_ARG1",2385,"ABCG2",0.00154702083903102,NA,NA,NA
"topology_ARG1",2386,"TAC1",0.001463424927591,NA,NA,NA
"topology_ARG1",2387,"KCNJ11",0.00241899994818762,NA,NA,NA
"topology_ARG1",2388,"CAMP",0.00129691841056656,NA,NA,NA
"topology_ARG1",2389,"GRM5",0.000204723227971049,NA,NA,NA
"topology_ARG1",2390,"SCN2A",9.6829057864789e-05,NA,NA,NA
"topology_ARG1",2391,"GABBR1",0.000629351098106912,NA,NA,NA
"topology_ARG1",2392,"CAMP",0.00129691841056656,NA,NA,NA
"topology_ARG1",2393,"NR1H4",0.000150320210463128,NA,NA,NA
"topology_ARG1",2394,"KCNJ11",0.00241899994818762,NA,NA,NA
"topology_ARG1",2395,"GFAP",0.000240332727610593,NA,NA,NA
"topology_ARG1",2396,"HPRT1",0.00041877379526456,NA,NA,NA
"topology_ARG1",2397,"KCNQ2",0.000154321192943452,NA,NA,NA
"topology_ARG1",2398,"ADCY2",0,NA,NA,NA
"topology_ARG1",2399,"SCN2A",9.6829057864789e-05,NA,NA,NA
"topology_ARG1",2400,"CS",0.000203624857343709,NA,NA,NA
"topology_ARG1",2401,"GABRG2",6.25131802217682e-05,NA,NA,NA
"topology_ARG1",2402,"GSR",0.00032731672891706,NA,NA,NA
"topology_ARG1",2403,"GFAP",0.000240332727610593,NA,NA,NA
"topology_ARG1",2404,"AGXT2",0.000181321349120078,NA,NA,NA
"topology_ARG1",2405,"GABRG2",6.25131802217682e-05,NA,NA,NA
"topology_ARG1",2406,"HPRT1",0.00041877379526456,NA,NA,NA
"topology_ARG1",2407,"NR1H4",0.000150320210463128,NA,NA,NA
"topology_ARG1",2408,"SCN2A",9.6829057864789e-05,NA,NA,NA
"topology_ARG1",2409,"SLC6A3",0.000164253248760127,NA,NA,NA
"topology_ARG1",2410,"NR1H4",0.000150320210463128,NA,NA,NA
"topology_ARG1",2411,"GSR",0.00032731672891706,NA,NA,NA
"topology_ARG1",2412,"PTGS1",0.0001138588382259,NA,NA,NA
"topology_ARG1",2413,"TYMS",0.000142484575824997,NA,NA,NA
"topology_ARG1",2414,"GCK",0.000213793988103061,NA,NA,NA
"topology_ARG1",2415,"SLC6A3",0.000164253248760127,NA,NA,NA
"topology_ARG1",2416,"CS",0.000203624857343709,NA,NA,NA
"topology_ARG1",2417,"GCLC",8.05799891081538e-05,NA,NA,NA
"topology_ARG1",2418,"RARA",0.000182812715244118,NA,NA,NA
"topology_ARG1",2419,"GCK",0.000213793988103061,NA,NA,NA
"topology_ARG1",2420,"GABRA1",0.000512519672648093,NA,NA,NA
"topology_ARG1",2421,"GAD1",0.000786829139807432,NA,NA,NA
"topology_ARG1",2422,"SDHA",0.000611111269984921,NA,NA,NA
"topology_ARG1",2423,"ABCG2",0.00154702083903102,NA,NA,NA
"topology_ARG1",2424,"CFTR",0.00160265872797649,NA,NA,NA
"topology_ARG1",2425,"PCNA",0.000281828068793732,NA,NA,NA
"topology_ARG1",2426,"CFTR",0.00160265872797649,NA,NA,NA
"topology_ARG1",2427,"KCNQ2",0.000154321192943452,NA,NA,NA
"topology_ARG1",2428,"GFAP",0.000240332727610593,NA,NA,NA
"topology_ARG1",2429,"TRPV4",0.000106153420904809,NA,NA,NA
"topology_ARG1",2430,"HK2",0.000296209764147126,NA,NA,NA
"topology_ARG1",2431,"KCNH2",0.000463751185241779,NA,NA,NA
"topology_ARG1",2432,"CAMP",0.00129691841056656,NA,NA,NA
"topology_ARG1",2433,"AGXT2",0.000181321349120078,NA,NA,NA
"topology_ARG1",2434,"ADCY2",0,NA,NA,NA
"topology_ARG1",2435,"TYMS",0.000142484575824997,NA,NA,NA
"topology_ARG1",2436,"DPP4",0.00143001137023646,NA,NA,NA
"topology_ARG1",2437,"GSR",0.00032731672891706,NA,NA,NA
"topology_ARG1",2438,"ADRB2",0.000148693401879507,NA,NA,NA
"topology_ARG1",2439,"DRD2",0.000217393825030943,NA,NA,NA
"topology_ARG1",2440,"PRKAG2",0.00023019859617357,NA,NA,NA
"topology_ARG1",2441,"CFTR",0.00160265872797649,NA,NA,NA
"topology_ARG1",2442,"SCN1B",0.00123489854843939,NA,NA,NA
"topology_ARG1",2443,"ADCY2",0,NA,NA,NA
"topology_ARG1",2444,"TRPV4",0.000106153420904809,NA,NA,NA
"topology_ARG1",2445,"HK2",0.000296209764147126,NA,NA,NA
"topology_ARG1",2446,"TRPV4",0.000106153420904809,NA,NA,NA
"topology_ARG1",2447,"PTH",0.00019439506068486,NA,NA,NA
"topology_ARG1",2448,"GSR",0.00032731672891706,NA,NA,NA
"topology_ARG1",2449,"STAT4",0.000324242289791776,NA,NA,NA
"topology_ARG1",2450,"SLC6A3",0.000164253248760127,NA,NA,NA
"topology_ARG1",2451,"PCNA",0.000281828068793732,NA,NA,NA
"topology_ARG1",2452,"SCN1B",0.00123489854843939,NA,NA,NA
"topology_ARG1",2453,"TFRC",0.000239327299633385,NA,NA,NA
"topology_ARG1",2454,"GATM",0.000449150320023683,NA,NA,NA
"topology_ARG1",2455,"MT-CYB",0.000203007681716216,NA,NA,NA
"topology_ARG1",2456,"XBP1",0.00130705850242441,NA,NA,NA
"topology_ARG1",2457,"SCN2A",9.6829057864789e-05,NA,NA,NA
"topology_ARG1",2458,"MECP2",0.000428908523146032,NA,NA,NA
"topology_ARG1",2459,"GCK",0.000213793988103061,NA,NA,NA
"topology_ARG1",2460,"GCK",0.000213793988103061,NA,NA,NA
"topology_ARG1",2461,"RARA",0.000182812715244118,NA,NA,NA
"topology_ARG1",2462,"ADCY1",8.87083575196179e-06,NA,NA,NA
"topology_ARG1",2463,"TRPV4",0.000106153420904809,NA,NA,NA
"topology_ARG1",2464,"TAC1",0.001463424927591,NA,NA,NA
"topology_ARG1",2465,"XBP1",0.00130705850242441,NA,NA,NA
"topology_ARG1",2466,"GFAP",0.000240332727610593,NA,NA,NA
"topology_ARG1",2467,"XDH",0.000207347108110545,NA,NA,NA
"topology_ARG1",2468,"GABRG2",6.25131802217682e-05,NA,NA,NA
"topology_ARG1",2469,"ADRB2",0.000148693401879507,NA,NA,NA
"topology_ARG1",2470,"PRKAG2",0.00023019859617357,NA,NA,NA
"topology_ARG1",2471,"XBP1",0.00130705850242441,NA,NA,NA
"topology_ARG1",2472,"NR1H4",0.000150320210463128,NA,NA,NA
"topology_ARG1",2473,"ADCY1",8.87083575196179e-06,NA,NA,NA
"topology_ARG1",2474,"SCD",0.000143791042404695,NA,NA,NA
"topology_ARG1",2475,"STAT4",0.000324242289791776,NA,NA,NA
"topology_ARG1",2476,"PRKAG2",0.00023019859617357,NA,NA,NA
"topology_ARG1",2477,"PCNA",0.000281828068793732,NA,NA,NA
"topology_ARG1",2478,"PRKAG2",0.00023019859617357,NA,NA,NA
"topology_ARG1",2479,"NR1H4",0.000150320210463128,NA,NA,NA
"topology_ARG1",2480,"SLC6A3",0.000164253248760127,NA,NA,NA
"topology_ARG1",2481,"KCNJ11",0.00241899994818762,NA,NA,NA
"topology_ARG1",2482,"GATM",0.000449150320023683,NA,NA,NA
"topology_ARG1",2483,"GAD1",0.000786829139807432,NA,NA,NA
"topology_ARG1",2484,"GCLC",8.05799891081538e-05,NA,NA,NA
"topology_ARG1",2485,"PCNA",0.000281828068793732,NA,NA,NA
"topology_ARG1",2486,"HK2",0.000296209764147126,NA,NA,NA
"topology_ARG1",2487,"ADCY2",0,NA,NA,NA
"topology_ARG1",2488,"GCK",0.000213793988103061,NA,NA,NA
"topology_ARG1",2489,"ADCY1",8.87083575196179e-06,NA,NA,NA
"topology_ARG1",2490,"GABBR1",0.000629351098106912,NA,NA,NA
"topology_ARG1",2491,"RARA",0.000182812715244118,NA,NA,NA
"topology_ARG1",2492,"TRPV4",0.000106153420904809,NA,NA,NA
"topology_ARG1",2493,"PTH",0.00019439506068486,NA,NA,NA
"topology_ARG1",2494,"KCNH2",0.000463751185241779,NA,NA,NA
"topology_ARG1",2495,"PLA2G4A",0.000158908171599248,NA,NA,NA
"topology_ARG1",2496,"GSR",0.00032731672891706,NA,NA,NA
"topology_ARG1",2497,"DRD2",0.000217393825030943,NA,NA,NA
"topology_ARG1",2498,"CFTR",0.00160265872797649,NA,NA,NA
"topology_ARG1",2499,"TRPV1",0.00166711359586047,NA,NA,NA
"topology_ARG1",2500,"GFAP",0.000240332727610593,NA,NA,NA
"topology_ARG1",2501,"KCNH2",0.000463751185241779,NA,NA,NA
"topology_ARG1",2502,"NR1H4",0.000150320210463128,NA,NA,NA
"topology_ARG1",2503,"KCNQ2",0.000154321192943452,NA,NA,NA
"topology_ARG1",2504,"PTH",0.00019439506068486,NA,NA,NA
"topology_ARG1",2505,"GAD1",0.000786829139807432,NA,NA,NA
"topology_ARG1",2506,"SCD",0.000143791042404695,NA,NA,NA
"topology_ARG1",2507,"GATM",0.000449150320023683,NA,NA,NA
"topology_ARG1",2508,"TFRC",0.000239327299633385,NA,NA,NA
"topology_ARG1",2509,"GSR",0.00032731672891706,NA,NA,NA
"topology_ARG1",2510,"SCD",0.000143791042404695,NA,NA,NA
"topology_ARG1",2511,"GATM",0.000449150320023683,NA,NA,NA
"topology_ARG1",2512,"NQO1",0.000518240501310552,NA,NA,NA
"topology_ARG1",2513,"SLC6A3",0.000164253248760127,NA,NA,NA
"topology_ARG1",2514,"PRKAG2",0.00023019859617357,NA,NA,NA
"topology_ARG1",2515,"GSR",0.00032731672891706,NA,NA,NA
"topology_ARG1",2516,"KCNH2",0.000463751185241779,NA,NA,NA
"topology_ARG1",2517,"CFTR",0.00160265872797649,NA,NA,NA
"topology_ARG1",2518,"PRKAG2",0.00023019859617357,NA,NA,NA
"topology_ARG1",2519,"ADCY1",8.87083575196179e-06,NA,NA,NA
"topology_ARG1",2520,"ACLY",0.000136799781064179,NA,NA,NA
"topology_ARG1",2521,"KCNJ11",0.00241899994818762,NA,NA,NA
"topology_ARG1",2522,"GABRB3",0.000120726283226125,NA,NA,NA
"topology_ARG1",2523,"PLA2G4A",0.000158908171599248,NA,NA,NA
"topology_ARG1",2524,"NR1H4",0.000150320210463128,NA,NA,NA
"topology_ARG1",2525,"GATM",0.000449150320023683,NA,NA,NA
"topology_ARG1",2526,"GCK",0.000213793988103061,NA,NA,NA
"topology_ARG1",2527,"GATM",0.000449150320023683,NA,NA,NA
"topology_ARG1",2528,"RARA",0.000182812715244118,NA,NA,NA
"topology_ARG1",2529,"AGXT2",0.000181321349120078,NA,NA,NA
"topology_ARG1",2530,"KCNQ2",0.000154321192943452,NA,NA,NA
"topology_ARG1",2531,"RARA",0.000182812715244118,NA,NA,NA
"topology_ARG1",2532,"XBP1",0.00130705850242441,NA,NA,NA
"topology_ARG1",2533,"PRKAG2",0.00023019859617357,NA,NA,NA
"topology_ARG1",2534,"GFAP",0.000240332727610593,NA,NA,NA
"topology_ARG1",2535,"TYMS",0.000142484575824997,NA,NA,NA
"topology_ARG1",2536,"TRPV1",0.00166711359586047,NA,NA,NA
"topology_ARG1",2537,"KCNQ2",0.000154321192943452,NA,NA,NA
"topology_ARG1",2538,"TAC1",0.001463424927591,NA,NA,NA
"topology_ARG1",2539,"STAT4",0.000324242289791776,NA,NA,NA
"topology_ARG1",2540,"PTGS1",0.0001138588382259,NA,NA,NA
"topology_ARG1",2541,"HPRT1",0.00041877379526456,NA,NA,NA
"topology_ARG1",2542,"GAD1",0.000786829139807432,NA,NA,NA
"topology_ARG1",2543,"PTH",0.00019439506068486,NA,NA,NA
"topology_ARG1",2544,"DPP4",0.00143001137023646,NA,NA,NA
"topology_ARG1",2545,"CS",0.000203624857343709,NA,NA,NA
"topology_ARG1",2546,"NQO1",0.000518240501310552,NA,NA,NA
"topology_ARG1",2547,"SDHA",0.000611111269984921,NA,NA,NA
"topology_ARG1",2548,"ADRB2",0.000148693401879507,NA,NA,NA
"topology_ARG1",2549,"ADCY2",0,NA,NA,NA
"topology_ARG1",2550,"ADRB2",0.000148693401879507,NA,NA,NA
"topology_ARG1",2551,"ADRB2",0.000148693401879507,NA,NA,NA
"topology_ARG1",2552,"GATM",0.000449150320023683,NA,NA,NA
"topology_ARG1",2553,"XDH",0.000207347108110545,NA,NA,NA
"topology_ARG1",2554,"KCNQ2",0.000154321192943452,NA,NA,NA
"topology_ARG1",2555,"SCD",0.000143791042404695,NA,NA,NA
"topology_ARG1",2556,"SCD",0.000143791042404695,NA,NA,NA
"topology_ARG1",2557,"TRPV4",0.000106153420904809,NA,NA,NA
"topology_ARG1",2558,"PRKAG2",0.00023019859617357,NA,NA,NA
"topology_ARG1",2559,"TRPV1",0.00166711359586047,NA,NA,NA
"topology_ARG1",2560,"NR1H4",0.000150320210463128,NA,NA,NA
"topology_ARG1",2561,"CAMP",0.00129691841056656,NA,NA,NA
"topology_ARG1",2562,"RARA",0.000182812715244118,NA,NA,NA
"topology_ARG1",2563,"GABRA1",0.000512519672648093,NA,NA,NA
"topology_ARG1",2564,"KCNJ11",0.00241899994818762,NA,NA,NA
"topology_ARG1",2565,"AGXT2",0.000181321349120078,NA,NA,NA
"topology_ARG1",2566,"ADCY2",0,NA,NA,NA
"topology_ARG1",2567,"GABRG2",6.25131802217682e-05,NA,NA,NA
"topology_ARG1",2568,"SCN2A",9.6829057864789e-05,NA,NA,NA
"topology_ARG1",2569,"PTH",0.00019439506068486,NA,NA,NA
"topology_ARG1",2570,"ADCY1",8.87083575196179e-06,NA,NA,NA
"topology_ARG1",2571,"PTGS1",0.0001138588382259,NA,NA,NA
"topology_ARG1",2572,"GATM",0.000449150320023683,NA,NA,NA
"topology_ARG1",2573,"XBP1",0.00130705850242441,NA,NA,NA
"topology_ARG1",2574,"KCNQ2",0.000154321192943452,NA,NA,NA
"topology_ARG1",2575,"TYMS",0.000142484575824997,NA,NA,NA
"topology_ARG1",2576,"GATM",0.000449150320023683,NA,NA,NA
"topology_ARG1",2577,"TFRC",0.000239327299633385,NA,NA,NA
"topology_ARG1",2578,"CAMP",0.00129691841056656,NA,NA,NA
"topology_ARG1",2579,"HK2",0.000296209764147126,NA,NA,NA
"topology_ARG1",2580,"GCK",0.000213793988103061,NA,NA,NA
"topology_ARG1",2581,"TFRC",0.000239327299633385,NA,NA,NA
"topology_ARG1",2582,"ADCY2",0,NA,NA,NA
"topology_ARG1",2583,"SLC6A3",0.000164253248760127,NA,NA,NA
"topology_ARG1",2584,"TFRC",0.000239327299633385,NA,NA,NA
"topology_ARG1",2585,"MT-CYB",0.000203007681716216,NA,NA,NA
"topology_ARG1",2586,"PRKAG2",0.00023019859617357,NA,NA,NA
"topology_ARG1",2587,"XDH",0.000207347108110545,NA,NA,NA
"topology_ARG1",2588,"GCK",0.000213793988103061,NA,NA,NA
"topology_ARG1",2589,"ADRB2",0.000148693401879507,NA,NA,NA
"topology_ARG1",2590,"GSR",0.00032731672891706,NA,NA,NA
"topology_ARG1",2591,"GABRB3",0.000120726283226125,NA,NA,NA
"topology_ARG1",2592,"DRD2",0.000217393825030943,NA,NA,NA
"topology_ARG1",2593,"PCNA",0.000281828068793732,NA,NA,NA
"topology_ARG1",2594,"HPRT1",0.00041877379526456,NA,NA,NA
"topology_ARG1",2595,"STAT4",0.000324242289791776,NA,NA,NA
"topology_ARG1",2596,"GAD1",0.000786829139807432,NA,NA,NA
"topology_ARG1",2597,"PLA2G4A",0.000158908171599248,NA,NA,NA
"topology_ARG1",2598,"GABRB3",0.000120726283226125,NA,NA,NA
"topology_ARG1",2599,"GFAP",0.000240332727610593,NA,NA,NA
"topology_ARG1",2600,"PRKAG2",0.00023019859617357,NA,NA,NA
"topology_ARG1",2601,"HK2",0.000296209764147126,NA,NA,NA
"topology_ARG1",2602,"GABRA1",0.000512519672648093,NA,NA,NA
"topology_ARG1",2603,"CFTR",0.00160265872797649,NA,NA,NA
"topology_ARG1",2604,"AGXT2",0.000181321349120078,NA,NA,NA
"topology_ARG1",2605,"NR1H4",0.000150320210463128,NA,NA,NA
"topology_ARG1",2606,"NR1H4",0.000150320210463128,NA,NA,NA
"topology_ARG1",2607,"DPP4",0.00143001137023646,NA,NA,NA
"topology_ARG1",2608,"KCNQ2",0.000154321192943452,NA,NA,NA
"topology_ARG1",2609,"SLC6A3",0.000164253248760127,NA,NA,NA
"topology_ARG1",2610,"SLC6A3",0.000164253248760127,NA,NA,NA
"topology_ARG1",2611,"MECP2",0.000428908523146032,NA,NA,NA
"topology_ARG1",2612,"ACLY",0.000136799781064179,NA,NA,NA
"topology_ARG1",2613,"NQO1",0.000518240501310552,NA,NA,NA
"topology_ARG1",2614,"XDH",0.000207347108110545,NA,NA,NA
"topology_ARG1",2615,"ACLY",0.000136799781064179,NA,NA,NA
"topology_ARG1",2616,"ADCY1",8.87083575196179e-06,NA,NA,NA
"topology_ARG1",2617,"SLC6A3",0.000164253248760127,NA,NA,NA
"topology_ARG1",2618,"GCLC",8.05799891081538e-05,NA,NA,NA
"topology_ARG1",2619,"GABRB3",0.000120726283226125,NA,NA,NA
"topology_ARG1",2620,"DPP4",0.00143001137023646,NA,NA,NA
"topology_ARG1",2621,"GABRB3",0.000120726283226125,NA,NA,NA
"topology_ARG1",2622,"MT-CYB",0.000203007681716216,NA,NA,NA
"topology_ARG1",2623,"SDHA",0.000611111269984921,NA,NA,NA
"topology_ARG1",2624,"KCNH2",0.000463751185241779,NA,NA,NA
"topology_ARG1",2625,"SDHA",0.000611111269984921,NA,NA,NA
"topology_ARG1",2626,"SCD",0.000143791042404695,NA,NA,NA
"topology_ARG1",2627,"SCN2A",9.6829057864789e-05,NA,NA,NA
"topology_ARG1",2628,"CAMP",0.00129691841056656,NA,NA,NA
"topology_ARG1",2629,"XBP1",0.00130705850242441,NA,NA,NA
"topology_ARG1",2630,"ADRB2",0.000148693401879507,NA,NA,NA
"topology_ARG1",2631,"PCNA",0.000281828068793732,NA,NA,NA
"topology_ARG1",2632,"CS",0.000203624857343709,NA,NA,NA
"topology_ARG1",2633,"GAD1",0.000786829139807432,NA,NA,NA
"topology_ARG1",2634,"GCLC",8.05799891081538e-05,NA,NA,NA
"topology_ARG1",2635,"GAD1",0.000786829139807432,NA,NA,NA
"topology_ARG1",2636,"NQO1",0.000518240501310552,NA,NA,NA
"topology_ARG1",2637,"GCK",0.000213793988103061,NA,NA,NA
"topology_ARG1",2638,"DPP4",0.00143001137023646,NA,NA,NA
"topology_ARG1",2639,"RARA",0.000182812715244118,NA,NA,NA
"topology_ARG1",2640,"SDHA",0.000611111269984921,NA,NA,NA
"topology_ARG1",2641,"ADCY2",0,NA,NA,NA
"topology_ARG1",2642,"GABRG2",6.25131802217682e-05,NA,NA,NA
"topology_ARG1",2643,"GABRG2",6.25131802217682e-05,NA,NA,NA
"topology_ARG1",2644,"ACLY",0.000136799781064179,NA,NA,NA
"topology_ARG1",2645,"GABRG2",6.25131802217682e-05,NA,NA,NA
"topology_ARG1",2646,"PLA2G4A",0.000158908171599248,NA,NA,NA
"topology_ARG1",2647,"SDHA",0.000611111269984921,NA,NA,NA
"topology_ARG1",2648,"GATM",0.000449150320023683,NA,NA,NA
"topology_ARG1",2649,"SLC6A3",0.000164253248760127,NA,NA,NA
"topology_ARG1",2650,"NR1H4",0.000150320210463128,NA,NA,NA
"topology_ARG1",2651,"ABCG2",0.00154702083903102,NA,NA,NA
"topology_ARG1",2652,"PRKAG2",0.00023019859617357,NA,NA,NA
"topology_ARG1",2653,"STAT4",0.000324242289791776,NA,NA,NA
"topology_ARG1",2654,"XBP1",0.00130705850242441,NA,NA,NA
"topology_ARG1",2655,"KCNH2",0.000463751185241779,NA,NA,NA
"topology_ARG1",2656,"TFRC",0.000239327299633385,NA,NA,NA
"topology_ARG1",2657,"PTH",0.00019439506068486,NA,NA,NA
"topology_ARG1",2658,"XBP1",0.00130705850242441,NA,NA,NA
"topology_ARG1",2659,"CS",0.000203624857343709,NA,NA,NA
"topology_ARG1",2660,"TAC1",0.001463424927591,NA,NA,NA
"topology_ARG1",2661,"SCN1B",0.00123489854843939,NA,NA,NA
"topology_ARG1",2662,"GRM5",0.000204723227971049,NA,NA,NA
"topology_ARG1",2663,"DPP4",0.00143001137023646,NA,NA,NA
"topology_ARG1",2664,"NR1H4",0.000150320210463128,NA,NA,NA
"topology_ARG1",2665,"KCNJ11",0.00241899994818762,NA,NA,NA
"topology_ARG1",2666,"SLC6A3",0.000164253248760127,NA,NA,NA
"topology_ARG1",2667,"GCLC",8.05799891081538e-05,NA,NA,NA
"topology_ARG1",2668,"SLC6A3",0.000164253248760127,NA,NA,NA
"topology_ARG1",2669,"XBP1",0.00130705850242441,NA,NA,NA
"topology_ARG1",2670,"CAMP",0.00129691841056656,NA,NA,NA
"topology_ARG1",2671,"GCK",0.000213793988103061,NA,NA,NA
"topology_ARG1",2672,"GABRA1",0.000512519672648093,NA,NA,NA
"topology_ARG1",2673,"GRM5",0.000204723227971049,NA,NA,NA
"topology_ARG1",2674,"PLA2G4A",0.000158908171599248,NA,NA,NA
"topology_ARG1",2675,"GATM",0.000449150320023683,NA,NA,NA
"topology_ARG1",2676,"PRKAG2",0.00023019859617357,NA,NA,NA
"topology_ARG1",2677,"MECP2",0.000428908523146032,NA,NA,NA
"topology_ARG1",2678,"PLA2G4A",0.000158908171599248,NA,NA,NA
"topology_ARG1",2679,"DPP4",0.00143001137023646,NA,NA,NA
"topology_ARG1",2680,"GSR",0.00032731672891706,NA,NA,NA
"topology_ARG1",2681,"ADCY1",8.87083575196179e-06,NA,NA,NA
"topology_ARG1",2682,"CFTR",0.00160265872797649,NA,NA,NA
"topology_ARG1",2683,"CFTR",0.00160265872797649,NA,NA,NA
"topology_ARG1",2684,"DPP4",0.00143001137023646,NA,NA,NA
"topology_ARG1",2685,"CAMP",0.00129691841056656,NA,NA,NA
"topology_ARG1",2686,"ADCY1",8.87083575196179e-06,NA,NA,NA
"topology_ARG1",2687,"PTGS1",0.0001138588382259,NA,NA,NA
"topology_ARG1",2688,"ACLY",0.000136799781064179,NA,NA,NA
"topology_ARG1",2689,"MT-CYB",0.000203007681716216,NA,NA,NA
"topology_ARG1",2690,"TRPV1",0.00166711359586047,NA,NA,NA
"topology_ARG1",2691,"ADCY2",0,NA,NA,NA
"topology_ARG1",2692,"HK2",0.000296209764147126,NA,NA,NA
"topology_ARG1",2693,"TRPV1",0.00166711359586047,NA,NA,NA
"topology_ARG1",2694,"TRPV1",0.00166711359586047,NA,NA,NA
"topology_ARG1",2695,"DPP4",0.00143001137023646,NA,NA,NA
"topology_ARG1",2696,"PLA2G4A",0.000158908171599248,NA,NA,NA
"topology_ARG1",2697,"KCNQ2",0.000154321192943452,NA,NA,NA
"topology_ARG1",2698,"PTGS1",0.0001138588382259,NA,NA,NA
"topology_ARG1",2699,"TFRC",0.000239327299633385,NA,NA,NA
"topology_ARG1",2700,"RARA",0.000182812715244118,NA,NA,NA
"topology_ARG1",2701,"DRD2",0.000217393825030943,NA,NA,NA
"topology_ARG1",2702,"SLC6A3",0.000164253248760127,NA,NA,NA
"topology_ARG1",2703,"MT-CYB",0.000203007681716216,NA,NA,NA
"topology_ARG1",2704,"PCNA",0.000281828068793732,NA,NA,NA
"topology_ARG1",2705,"KCNH2",0.000463751185241779,NA,NA,NA
"topology_ARG1",2706,"PCNA",0.000281828068793732,NA,NA,NA
"topology_ARG1",2707,"GABRA1",0.000512519672648093,NA,NA,NA
"topology_ARG1",2708,"AGXT2",0.000181321349120078,NA,NA,NA
"topology_ARG1",2709,"TRPV1",0.00166711359586047,NA,NA,NA
"topology_ARG1",2710,"XDH",0.000207347108110545,NA,NA,NA
"topology_ARG1",2711,"SCD",0.000143791042404695,NA,NA,NA
"topology_ARG1",2712,"SCN2A",9.6829057864789e-05,NA,NA,NA
"topology_ARG1",2713,"MECP2",0.000428908523146032,NA,NA,NA
"topology_ARG1",2714,"TFRC",0.000239327299633385,NA,NA,NA
"topology_ARG1",2715,"XDH",0.000207347108110545,NA,NA,NA
"topology_ARG1",2716,"GABBR1",0.000629351098106912,NA,NA,NA
"topology_ARG1",2717,"GATM",0.000449150320023683,NA,NA,NA
"topology_ARG1",2718,"XBP1",0.00130705850242441,NA,NA,NA
"topology_ARG1",2719,"SCN2A",9.6829057864789e-05,NA,NA,NA
"topology_ARG1",2720,"SDHA",0.000611111269984921,NA,NA,NA
"topology_ARG1",2721,"TRPV4",0.000106153420904809,NA,NA,NA
"topology_ARG1",2722,"TFRC",0.000239327299633385,NA,NA,NA
"topology_ARG1",2723,"XDH",0.000207347108110545,NA,NA,NA
"topology_ARG1",2724,"ACLY",0.000136799781064179,NA,NA,NA
"topology_ARG1",2725,"GAD1",0.000786829139807432,NA,NA,NA
"topology_ARG1",2726,"ADCY1",8.87083575196179e-06,NA,NA,NA
"topology_ARG1",2727,"GATM",0.000449150320023683,NA,NA,NA
"topology_ARG1",2728,"GCLC",8.05799891081538e-05,NA,NA,NA
"topology_ARG1",2729,"PTH",0.00019439506068486,NA,NA,NA
"topology_ARG1",2730,"NR1H4",0.000150320210463128,NA,NA,NA
"topology_ARG1",2731,"HK2",0.000296209764147126,NA,NA,NA
"topology_ARG1",2732,"DRD2",0.000217393825030943,NA,NA,NA
"topology_ARG1",2733,"XDH",0.000207347108110545,NA,NA,NA
"topology_ARG1",2734,"HK2",0.000296209764147126,NA,NA,NA
"topology_ARG1",2735,"SLC6A3",0.000164253248760127,NA,NA,NA
"topology_ARG1",2736,"GABBR1",0.000629351098106912,NA,NA,NA
"topology_ARG1",2737,"ADRB2",0.000148693401879507,NA,NA,NA
"topology_ARG1",2738,"KCNQ2",0.000154321192943452,NA,NA,NA
"topology_ARG1",2739,"XDH",0.000207347108110545,NA,NA,NA
"topology_ARG1",2740,"DPP4",0.00143001137023646,NA,NA,NA
"topology_ARG1",2741,"TYMS",0.000142484575824997,NA,NA,NA
"topology_ARG1",2742,"GATM",0.000449150320023683,NA,NA,NA
"topology_ARG1",2743,"GCK",0.000213793988103061,NA,NA,NA
"topology_ARG1",2744,"SDHA",0.000611111269984921,NA,NA,NA
"topology_ARG1",2745,"SCD",0.000143791042404695,NA,NA,NA
"topology_ARG1",2746,"GABRB3",0.000120726283226125,NA,NA,NA
"topology_ARG1",2747,"DRD2",0.000217393825030943,NA,NA,NA
"topology_ARG1",2748,"HPRT1",0.00041877379526456,NA,NA,NA
"topology_ARG1",2749,"TFRC",0.000239327299633385,NA,NA,NA
"topology_ARG1",2750,"MECP2",0.000428908523146032,NA,NA,NA
"topology_ARG1",2751,"PTGS1",0.0001138588382259,NA,NA,NA
"topology_ARG1",2752,"PTGS1",0.0001138588382259,NA,NA,NA
"topology_ARG1",2753,"TYMS",0.000142484575824997,NA,NA,NA
"topology_ARG1",2754,"PTH",0.00019439506068486,NA,NA,NA
"topology_ARG1",2755,"GAD1",0.000786829139807432,NA,NA,NA
"topology_ARG1",2756,"GABRG2",6.25131802217682e-05,NA,NA,NA
"topology_ARG1",2757,"KCNJ11",0.00241899994818762,NA,NA,NA
"topology_ARG1",2758,"GABBR1",0.000629351098106912,NA,NA,NA
"topology_ARG1",2759,"TAC1",0.001463424927591,NA,NA,NA
"topology_ARG1",2760,"NR1H4",0.000150320210463128,NA,NA,NA
"topology_ARG1",2761,"GCK",0.000213793988103061,NA,NA,NA
"topology_ARG1",2762,"KCNJ11",0.00241899994818762,NA,NA,NA
"topology_ARG1",2763,"XBP1",0.00130705850242441,NA,NA,NA
"topology_ARG1",2764,"PLA2G4A",0.000158908171599248,NA,NA,NA
"topology_ARG1",2765,"NR1H4",0.000150320210463128,NA,NA,NA
"topology_ARG1",2766,"XDH",0.000207347108110545,NA,NA,NA
"topology_ARG1",2767,"PCNA",0.000281828068793732,NA,NA,NA
"topology_ARG1",2768,"GAD1",0.000786829139807432,NA,NA,NA
"topology_ARG1",2769,"TRPV1",0.00166711359586047,NA,NA,NA
"topology_ARG1",2770,"ACLY",0.000136799781064179,NA,NA,NA
"topology_ARG1",2771,"SDHA",0.000611111269984921,NA,NA,NA
"topology_ARG1",2772,"ABCG2",0.00154702083903102,NA,NA,NA
"topology_ARG1",2773,"PLA2G4A",0.000158908171599248,NA,NA,NA
"topology_ARG1",2774,"CFTR",0.00160265872797649,NA,NA,NA
"topology_ARG1",2775,"RARA",0.000182812715244118,NA,NA,NA
"topology_ARG1",2776,"ABCG2",0.00154702083903102,NA,NA,NA
"topology_ARG1",2777,"GCLC",8.05799891081538e-05,NA,NA,NA
"topology_ARG1",2778,"SCD",0.000143791042404695,NA,NA,NA
"topology_ARG1",2779,"AGXT2",0.000181321349120078,NA,NA,NA
"topology_ARG1",2780,"ACLY",0.000136799781064179,NA,NA,NA
"topology_ARG1",2781,"HPRT1",0.00041877379526456,NA,NA,NA
"topology_ARG1",2782,"NQO1",0.000518240501310552,NA,NA,NA
"topology_ARG1",2783,"PTH",0.00019439506068486,NA,NA,NA
"topology_ARG1",2784,"MECP2",0.000428908523146032,NA,NA,NA
"topology_ARG1",2785,"CFTR",0.00160265872797649,NA,NA,NA
"topology_ARG1",2786,"PRKAG2",0.00023019859617357,NA,NA,NA
"topology_ARG1",2787,"PRKAG2",0.00023019859617357,NA,NA,NA
"topology_ARG1",2788,"DRD2",0.000217393825030943,NA,NA,NA
"topology_ARG1",2789,"MT-CYB",0.000203007681716216,NA,NA,NA
"topology_ARG1",2790,"ACLY",0.000136799781064179,NA,NA,NA
"topology_ARG1",2791,"CS",0.000203624857343709,NA,NA,NA
"topology_ARG1",2792,"ABCG2",0.00154702083903102,NA,NA,NA
"topology_ARG1",2793,"ABCG2",0.00154702083903102,NA,NA,NA
"topology_ARG1",2794,"HK2",0.000296209764147126,NA,NA,NA
"topology_ARG1",2795,"PTGS1",0.0001138588382259,NA,NA,NA
"topology_ARG1",2796,"KCNH2",0.000463751185241779,NA,NA,NA
"topology_ARG1",2797,"PTH",0.00019439506068486,NA,NA,NA
"topology_ARG1",2798,"TFRC",0.000239327299633385,NA,NA,NA
"topology_ARG1",2799,"SDHA",0.000611111269984921,NA,NA,NA
"topology_ARG1",2800,"TRPV4",0.000106153420904809,NA,NA,NA
"topology_ARG1",2801,"SLC6A3",0.000164253248760127,NA,NA,NA
"topology_ARG1",2802,"SCN2A",9.6829057864789e-05,NA,NA,NA
"topology_ARG1",2803,"HK2",0.000296209764147126,NA,NA,NA
"topology_ARG1",2804,"HK2",0.000296209764147126,NA,NA,NA
"topology_ARG1",2805,"GCLC",8.05799891081538e-05,NA,NA,NA
"topology_ARG1",2806,"TFRC",0.000239327299633385,NA,NA,NA
"topology_ARG1",2807,"STAT4",0.000324242289791776,NA,NA,NA
"topology_ARG1",2808,"ABCG2",0.00154702083903102,NA,NA,NA
"topology_ARG1",2809,"CAMP",0.00129691841056656,NA,NA,NA
"topology_ARG1",2810,"NR1H4",0.000150320210463128,NA,NA,NA
"topology_ARG1",2811,"GABRB3",0.000120726283226125,NA,NA,NA
"topology_ARG1",2812,"GRM5",0.000204723227971049,NA,NA,NA
"topology_ARG1",2813,"PTH",0.00019439506068486,NA,NA,NA
"topology_ARG1",2814,"CAMP",0.00129691841056656,NA,NA,NA
"topology_ARG1",2815,"KCNJ11",0.00241899994818762,NA,NA,NA
"topology_ARG1",2816,"TYMS",0.000142484575824997,NA,NA,NA
"topology_ARG1",2817,"GABRG2",6.25131802217682e-05,NA,NA,NA
"topology_ARG1",2818,"GFAP",0.000240332727610593,NA,NA,NA
"topology_ARG1",2819,"TYMS",0.000142484575824997,NA,NA,NA
"topology_ARG1",2820,"TRPV4",0.000106153420904809,NA,NA,NA
"topology_ARG1",2821,"TRPV4",0.000106153420904809,NA,NA,NA
"topology_ARG1",2822,"GCK",0.000213793988103061,NA,NA,NA
"topology_ARG1",2823,"GFAP",0.000240332727610593,NA,NA,NA
"topology_ARG1",2824,"GCK",0.000213793988103061,NA,NA,NA
"topology_ARG1",2825,"KCNQ2",0.000154321192943452,NA,NA,NA
"topology_ARG1",2826,"TFRC",0.000239327299633385,NA,NA,NA
"topology_ARG1",2827,"PRKAG2",0.00023019859617357,NA,NA,NA
"topology_ARG1",2828,"GABRG2",6.25131802217682e-05,NA,NA,NA
"topology_ARG1",2829,"ADCY1",8.87083575196179e-06,NA,NA,NA
"topology_ARG1",2830,"XBP1",0.00130705850242441,NA,NA,NA
"topology_ARG1",2831,"DPP4",0.00143001137023646,NA,NA,NA
"topology_ARG1",2832,"HPRT1",0.00041877379526456,NA,NA,NA
"topology_ARG1",2833,"PTH",0.00019439506068486,NA,NA,NA
"topology_ARG1",2834,"SCD",0.000143791042404695,NA,NA,NA
"topology_ARG1",2835,"GABRB3",0.000120726283226125,NA,NA,NA
"topology_ARG1",2836,"TYMS",0.000142484575824997,NA,NA,NA
"topology_ARG1",2837,"KCNH2",0.000463751185241779,NA,NA,NA
"topology_ARG1",2838,"ADCY1",8.87083575196179e-06,NA,NA,NA
"topology_ARG1",2839,"MT-CYB",0.000203007681716216,NA,NA,NA
"topology_ARG1",2840,"TFRC",0.000239327299633385,NA,NA,NA
"topology_ARG1",2841,"SDHA",0.000611111269984921,NA,NA,NA
"topology_ARG1",2842,"TRPV4",0.000106153420904809,NA,NA,NA
"topology_ARG1",2843,"GCLC",8.05799891081538e-05,NA,NA,NA
"topology_ARG1",2844,"DPP4",0.00143001137023646,NA,NA,NA
"topology_ARG1",2845,"DPP4",0.00143001137023646,NA,NA,NA
"topology_ARG1",2846,"GABRA1",0.000512519672648093,NA,NA,NA
"topology_ARG1",2847,"MECP2",0.000428908523146032,NA,NA,NA
"topology_ARG1",2848,"DPP4",0.00143001137023646,NA,NA,NA
"topology_ARG1",2849,"DRD2",0.000217393825030943,NA,NA,NA
"topology_ARG1",2850,"KCNQ2",0.000154321192943452,NA,NA,NA
"topology_ARG1",2851,"TYMS",0.000142484575824997,NA,NA,NA
"topology_ARG1",2852,"MECP2",0.000428908523146032,NA,NA,NA
"topology_ARG1",2853,"CS",0.000203624857343709,NA,NA,NA
"topology_ARG1",2854,"ABCG2",0.00154702083903102,NA,NA,NA
"topology_ARG1",2855,"KCNH2",0.000463751185241779,NA,NA,NA
"topology_ARG1",2856,"GCLC",8.05799891081538e-05,NA,NA,NA
"topology_ARG1",2857,"PCNA",0.000281828068793732,NA,NA,NA
"topology_ARG1",2858,"GFAP",0.000240332727610593,NA,NA,NA
"topology_ARG1",2859,"SCD",0.000143791042404695,NA,NA,NA
"topology_ARG1",2860,"KCNQ2",0.000154321192943452,NA,NA,NA
"topology_ARG1",2861,"XBP1",0.00130705850242441,NA,NA,NA
"topology_ARG1",2862,"PTGS1",0.0001138588382259,NA,NA,NA
"topology_ARG1",2863,"PTH",0.00019439506068486,NA,NA,NA
"topology_ARG1",2864,"GCLC",8.05799891081538e-05,NA,NA,NA
"topology_ARG1",2865,"TYMS",0.000142484575824997,NA,NA,NA
"topology_ARG1",2866,"CS",0.000203624857343709,NA,NA,NA
"topology_ARG1",2867,"PTGS1",0.0001138588382259,NA,NA,NA
"topology_ARG1",2868,"STAT4",0.000324242289791776,NA,NA,NA
"topology_ARG1",2869,"STAT4",0.000324242289791776,NA,NA,NA
"topology_ARG1",2870,"GABBR1",0.000629351098106912,NA,NA,NA
"topology_ARG1",2871,"ADCY1",8.87083575196179e-06,NA,NA,NA
"topology_ARG1",2872,"ABCG2",0.00154702083903102,NA,NA,NA
"topology_ARG1",2873,"KCNJ11",0.00241899994818762,NA,NA,NA
"topology_ARG1",2874,"AGXT2",0.000181321349120078,NA,NA,NA
"topology_ARG1",2875,"TAC1",0.001463424927591,NA,NA,NA
"topology_ARG1",2876,"ACLY",0.000136799781064179,NA,NA,NA
"topology_ARG1",2877,"ADRB2",0.000148693401879507,NA,NA,NA
"topology_ARG1",2878,"PLA2G4A",0.000158908171599248,NA,NA,NA
"topology_ARG1",2879,"PLA2G4A",0.000158908171599248,NA,NA,NA
"topology_ARG1",2880,"NQO1",0.000518240501310552,NA,NA,NA
"topology_ARG1",2881,"GSR",0.00032731672891706,NA,NA,NA
"topology_ARG1",2882,"NR1H4",0.000150320210463128,NA,NA,NA
"topology_ARG1",2883,"XDH",0.000207347108110545,NA,NA,NA
"topology_ARG1",2884,"CS",0.000203624857343709,NA,NA,NA
"topology_ARG1",2885,"ADCY2",0,NA,NA,NA
"topology_ARG1",2886,"SCD",0.000143791042404695,NA,NA,NA
"topology_ARG1",2887,"GABRB3",0.000120726283226125,NA,NA,NA
"topology_ARG1",2888,"HPRT1",0.00041877379526456,NA,NA,NA
"topology_ARG1",2889,"NR1H4",0.000150320210463128,NA,NA,NA
"topology_ARG1",2890,"MT-CYB",0.000203007681716216,NA,NA,NA
"topology_ARG1",2891,"KCNQ2",0.000154321192943452,NA,NA,NA
"topology_ARG1",2892,"ACLY",0.000136799781064179,NA,NA,NA
"topology_ARG1",2893,"GRM5",0.000204723227971049,NA,NA,NA
"topology_ARG1",2894,"ADCY2",0,NA,NA,NA
"topology_ARG1",2895,"PLA2G4A",0.000158908171599248,NA,NA,NA
"topology_ARG1",2896,"AGXT2",0.000181321349120078,NA,NA,NA
"topology_ARG1",2897,"TRPV1",0.00166711359586047,NA,NA,NA
"topology_ARG1",2898,"GFAP",0.000240332727610593,NA,NA,NA
"topology_ARG1",2899,"CAMP",0.00129691841056656,NA,NA,NA
"topology_ARG1",2900,"GFAP",0.000240332727610593,NA,NA,NA
"topology_ARG1",2901,"GABRG2",6.25131802217682e-05,NA,NA,NA
"topology_ARG1",2902,"DPP4",0.00143001137023646,NA,NA,NA
"topology_ARG1",2903,"XBP1",0.00130705850242441,NA,NA,NA
"topology_ARG1",2904,"XBP1",0.00130705850242441,NA,NA,NA
"topology_ARG1",2905,"PTH",0.00019439506068486,NA,NA,NA
"topology_ARG1",2906,"HK2",0.000296209764147126,NA,NA,NA
"topology_ARG1",2907,"GAD1",0.000786829139807432,NA,NA,NA
"topology_ARG1",2908,"ACLY",0.000136799781064179,NA,NA,NA
"topology_ARG1",2909,"PRKAG2",0.00023019859617357,NA,NA,NA
"topology_ARG1",2910,"GCLC",8.05799891081538e-05,NA,NA,NA
"topology_ARG1",2911,"NQO1",0.000518240501310552,NA,NA,NA
"topology_ARG1",2912,"GABRA1",0.000512519672648093,NA,NA,NA
"topology_ARG1",2913,"PTH",0.00019439506068486,NA,NA,NA
"topology_ARG1",2914,"SCD",0.000143791042404695,NA,NA,NA
"topology_ARG1",2915,"ACLY",0.000136799781064179,NA,NA,NA
"topology_ARG1",2916,"KCNQ2",0.000154321192943452,NA,NA,NA
"topology_ARG1",2917,"NQO1",0.000518240501310552,NA,NA,NA
"topology_ARG1",2918,"DPP4",0.00143001137023646,NA,NA,NA
"topology_ARG1",2919,"PTH",0.00019439506068486,NA,NA,NA
"topology_ARG1",2920,"ADCY1",8.87083575196179e-06,NA,NA,NA
"topology_ARG1",2921,"GRM5",0.000204723227971049,NA,NA,NA
"topology_ARG1",2922,"MT-CYB",0.000203007681716216,NA,NA,NA
"topology_ARG1",2923,"GABRA1",0.000512519672648093,NA,NA,NA
"topology_ARG1",2924,"KCNQ2",0.000154321192943452,NA,NA,NA
"topology_ARG1",2925,"SDHA",0.000611111269984921,NA,NA,NA
"topology_ARG1",2926,"HK2",0.000296209764147126,NA,NA,NA
"topology_ARG1",2927,"XDH",0.000207347108110545,NA,NA,NA
"topology_ARG1",2928,"KCNJ11",0.00241899994818762,NA,NA,NA
"topology_ARG1",2929,"GABBR1",0.000629351098106912,NA,NA,NA
"topology_ARG1",2930,"CFTR",0.00160265872797649,NA,NA,NA
"topology_ARG1",2931,"PLA2G4A",0.000158908171599248,NA,NA,NA
"topology_ARG1",2932,"CFTR",0.00160265872797649,NA,NA,NA
"topology_ARG1",2933,"GRM5",0.000204723227971049,NA,NA,NA
"topology_ARG1",2934,"SCN1B",0.00123489854843939,NA,NA,NA
"topology_ARG1",2935,"GABRB3",0.000120726283226125,NA,NA,NA
"topology_ARG1",2936,"TRPV4",0.000106153420904809,NA,NA,NA
"topology_ARG1",2937,"KCNJ11",0.00241899994818762,NA,NA,NA
"topology_ARG1",2938,"SDHA",0.000611111269984921,NA,NA,NA
"topology_ARG1",2939,"HK2",0.000296209764147126,NA,NA,NA
"topology_ARG1",2940,"TRPV4",0.000106153420904809,NA,NA,NA
"topology_ARG1",2941,"GABRB3",0.000120726283226125,NA,NA,NA
"topology_ARG1",2942,"ABCG2",0.00154702083903102,NA,NA,NA
"topology_ARG1",2943,"SLC6A3",0.000164253248760127,NA,NA,NA
"topology_ARG1",2944,"CAMP",0.00129691841056656,NA,NA,NA
"topology_ARG1",2945,"KCNQ2",0.000154321192943452,NA,NA,NA
"topology_ARG1",2946,"GABRG2",6.25131802217682e-05,NA,NA,NA
"topology_ARG1",2947,"SCD",0.000143791042404695,NA,NA,NA
"topology_ARG1",2948,"GABRB3",0.000120726283226125,NA,NA,NA
"topology_ARG1",2949,"GSR",0.00032731672891706,NA,NA,NA
"topology_ARG1",2950,"TRPV4",0.000106153420904809,NA,NA,NA
"topology_ARG1",2951,"ADRB2",0.000148693401879507,NA,NA,NA
"topology_ARG1",2952,"GABRA1",0.000512519672648093,NA,NA,NA
"topology_ARG1",2953,"PLA2G4A",0.000158908171599248,NA,NA,NA
"topology_ARG1",2954,"STAT4",0.000324242289791776,NA,NA,NA
"topology_ARG1",2955,"KCNQ2",0.000154321192943452,NA,NA,NA
"topology_ARG1",2956,"ADRB2",0.000148693401879507,NA,NA,NA
"topology_ARG1",2957,"SDHA",0.000611111269984921,NA,NA,NA
"topology_ARG1",2958,"TYMS",0.000142484575824997,NA,NA,NA
"topology_ARG1",2959,"GCK",0.000213793988103061,NA,NA,NA
"topology_ARG1",2960,"PTGS1",0.0001138588382259,NA,NA,NA
"topology_ARG1",2961,"DRD2",0.000217393825030943,NA,NA,NA
"topology_ARG1",2962,"MT-CYB",0.000203007681716216,NA,NA,NA
"topology_ARG1",2963,"PTGS1",0.0001138588382259,NA,NA,NA
"topology_ARG1",2964,"GSR",0.00032731672891706,NA,NA,NA
"topology_ARG1",2965,"AGXT2",0.000181321349120078,NA,NA,NA
"topology_ARG1",2966,"TRPV1",0.00166711359586047,NA,NA,NA
"topology_ARG1",2967,"GRM5",0.000204723227971049,NA,NA,NA
"topology_ARG1",2968,"DRD2",0.000217393825030943,NA,NA,NA
"topology_ARG1",2969,"MECP2",0.000428908523146032,NA,NA,NA
"topology_ARG1",2970,"CS",0.000203624857343709,NA,NA,NA
"topology_ARG1",2971,"GCLC",8.05799891081538e-05,NA,NA,NA
"topology_ARG1",2972,"SLC6A3",0.000164253248760127,NA,NA,NA
"topology_ARG1",2973,"HK2",0.000296209764147126,NA,NA,NA
"topology_ARG1",2974,"SDHA",0.000611111269984921,NA,NA,NA
"topology_ARG1",2975,"SCD",0.000143791042404695,NA,NA,NA
"topology_ARG1",2976,"CAMP",0.00129691841056656,NA,NA,NA
"topology_ARG1",2977,"GAD1",0.000786829139807432,NA,NA,NA
"topology_ARG1",2978,"XBP1",0.00130705850242441,NA,NA,NA
"topology_ARG1",2979,"GFAP",0.000240332727610593,NA,NA,NA
"topology_ARG1",2980,"SDHA",0.000611111269984921,NA,NA,NA
"topology_ARG1",2981,"ABCG2",0.00154702083903102,NA,NA,NA
"topology_ARG1",2982,"GABBR1",0.000629351098106912,NA,NA,NA
"topology_ARG1",2983,"SCD",0.000143791042404695,NA,NA,NA
"topology_ARG1",2984,"TRPV1",0.00166711359586047,NA,NA,NA
"topology_ARG1",2985,"DRD2",0.000217393825030943,NA,NA,NA
"topology_ARG1",2986,"KCNJ11",0.00241899994818762,NA,NA,NA
"topology_ARG1",2987,"TRPV4",0.000106153420904809,NA,NA,NA
"topology_ARG1",2988,"GABRG2",6.25131802217682e-05,NA,NA,NA
"topology_ARG1",2989,"HPRT1",0.00041877379526456,NA,NA,NA
"topology_ARG1",2990,"GFAP",0.000240332727610593,NA,NA,NA
"topology_ARG1",2991,"TYMS",0.000142484575824997,NA,NA,NA
"topology_ARG1",2992,"DPP4",0.00143001137023646,NA,NA,NA
"topology_ARG1",2993,"GFAP",0.000240332727610593,NA,NA,NA
"topology_ARG1",2994,"GCK",0.000213793988103061,NA,NA,NA
"topology_ARG1",2995,"KCNH2",0.000463751185241779,NA,NA,NA
"topology_ARG1",2996,"ABCG2",0.00154702083903102,NA,NA,NA
"topology_ARG1",2997,"ABCG2",0.00154702083903102,NA,NA,NA
"topology_ARG1",2998,"SCD",0.000143791042404695,NA,NA,NA
"topology_ARG1",2999,"AGXT2",0.000181321349120078,NA,NA,NA
"topology_ARG1",3000,"GCK",0.000213793988103061,NA,NA,NA
"topology_ARG1",3001,"XBP1",0.00130705850242441,NA,NA,NA
"topology_ARG1",3002,"GATM",0.000449150320023683,NA,NA,NA
"topology_ARG1",3003,"TRPV1",0.00166711359586047,NA,NA,NA
"topology_ARG1",3004,"GRM5",0.000204723227971049,NA,NA,NA
"topology_ARG1",3005,"KCNH2",0.000463751185241779,NA,NA,NA
"topology_ARG1",3006,"CFTR",0.00160265872797649,NA,NA,NA
"topology_ARG1",3007,"GSR",0.00032731672891706,NA,NA,NA
"topology_ARG1",3008,"DRD2",0.000217393825030943,NA,NA,NA
"topology_ARG1",3009,"TRPV1",0.00166711359586047,NA,NA,NA
"topology_ARG1",3010,"RARA",0.000182812715244118,NA,NA,NA
"topology_ARG1",3011,"MT-CYB",0.000203007681716216,NA,NA,NA
"topology_ARG1",3012,"RARA",0.000182812715244118,NA,NA,NA
"topology_ARG1",3013,"GABRA1",0.000512519672648093,NA,NA,NA
"topology_ARG1",3014,"GABBR1",0.000629351098106912,NA,NA,NA
"topology_ARG1",3015,"PTGS1",0.0001138588382259,NA,NA,NA
"topology_ARG1",3016,"GABRB3",0.000120726283226125,NA,NA,NA
"topology_ARG1",3017,"GCLC",8.05799891081538e-05,NA,NA,NA
"topology_ARG1",3018,"KCNH2",0.000463751185241779,NA,NA,NA
"topology_ARG1",3019,"GAD1",0.000786829139807432,NA,NA,NA
"topology_ARG1",3020,"SCN1B",0.00123489854843939,NA,NA,NA
"topology_ARG1",3021,"NQO1",0.000518240501310552,NA,NA,NA
"topology_ARG1",3022,"GABRA1",0.000512519672648093,NA,NA,NA
"topology_ARG1",3023,"GABRB3",0.000120726283226125,NA,NA,NA
"topology_ARG1",3024,"MECP2",0.000428908523146032,NA,NA,NA
"topology_ARG1",3025,"TFRC",0.000239327299633385,NA,NA,NA
"topology_ARG1",3026,"SCD",0.000143791042404695,NA,NA,NA
"topology_ARG1",3027,"KCNH2",0.000463751185241779,NA,NA,NA
"topology_ARG1",3028,"ABCG2",0.00154702083903102,NA,NA,NA
"topology_ARG1",3029,"PTGS1",0.0001138588382259,NA,NA,NA
"topology_ARG1",3030,"GATM",0.000449150320023683,NA,NA,NA
"topology_ARG1",3031,"NQO1",0.000518240501310552,NA,NA,NA
"topology_ARG1",3032,"GRM5",0.000204723227971049,NA,NA,NA
"topology_ARG1",3033,"GATM",0.000449150320023683,NA,NA,NA
"topology_ARG1",3034,"PLA2G4A",0.000158908171599248,NA,NA,NA
"topology_ARG1",3035,"MECP2",0.000428908523146032,NA,NA,NA
"topology_ARG1",3036,"SCD",0.000143791042404695,NA,NA,NA
"topology_ARG1",3037,"DRD2",0.000217393825030943,NA,NA,NA
"topology_ARG1",3038,"TYMS",0.000142484575824997,NA,NA,NA
"topology_ARG1",3039,"TFRC",0.000239327299633385,NA,NA,NA
"topology_ARG1",3040,"GCK",0.000213793988103061,NA,NA,NA
"topology_ARG1",3041,"GSR",0.00032731672891706,NA,NA,NA
"topology_ARG1",3042,"GCLC",8.05799891081538e-05,NA,NA,NA
"topology_ARG1",3043,"GAD1",0.000786829139807432,NA,NA,NA
"topology_ARG1",3044,"DRD2",0.000217393825030943,NA,NA,NA
"topology_ARG1",3045,"HPRT1",0.00041877379526456,NA,NA,NA
"topology_ARG1",3046,"MECP2",0.000428908523146032,NA,NA,NA
"topology_ARG1",3047,"RARA",0.000182812715244118,NA,NA,NA
"topology_ARG1",3048,"DRD2",0.000217393825030943,NA,NA,NA
"topology_ARG1",3049,"KCNQ2",0.000154321192943452,NA,NA,NA
"topology_ARG1",3050,"GCLC",8.05799891081538e-05,NA,NA,NA
"topology_ARG1",3051,"ACLY",0.000136799781064179,NA,NA,NA
"topology_ARG1",3052,"TRPV1",0.00166711359586047,NA,NA,NA
"topology_ARG1",3053,"SCN2A",9.6829057864789e-05,NA,NA,NA
"topology_ARG1",3054,"AGXT2",0.000181321349120078,NA,NA,NA
"topology_ARG1",3055,"TRPV1",0.00166711359586047,NA,NA,NA
"topology_ARG1",3056,"PTH",0.00019439506068486,NA,NA,NA
"topology_ARG1",3057,"STAT4",0.000324242289791776,NA,NA,NA
"topology_ARG1",3058,"DPP4",0.00143001137023646,NA,NA,NA
"topology_ARG1",3059,"CAMP",0.00129691841056656,NA,NA,NA
"topology_ARG1",3060,"NR1H4",0.000150320210463128,NA,NA,NA
"topology_ARG1",3061,"HK2",0.000296209764147126,NA,NA,NA
"topology_ARG1",3062,"RARA",0.000182812715244118,NA,NA,NA
"topology_ARG1",3063,"ABCG2",0.00154702083903102,NA,NA,NA
"topology_ARG1",3064,"PLA2G4A",0.000158908171599248,NA,NA,NA
"topology_ARG1",3065,"PCNA",0.000281828068793732,NA,NA,NA
"topology_ARG1",3066,"ADRB2",0.000148693401879507,NA,NA,NA
"topology_ARG1",3067,"GABRA1",0.000512519672648093,NA,NA,NA
"topology_ARG1",3068,"GRM5",0.000204723227971049,NA,NA,NA
"topology_ARG1",3069,"ABCG2",0.00154702083903102,NA,NA,NA
"topology_ARG1",3070,"DRD2",0.000217393825030943,NA,NA,NA
"topology_ARG1",3071,"GAD1",0.000786829139807432,NA,NA,NA
"topology_ARG1",3072,"KCNH2",0.000463751185241779,NA,NA,NA
"topology_ARG1",3073,"SDHA",0.000611111269984921,NA,NA,NA
"topology_ARG1",3074,"CAMP",0.00129691841056656,NA,NA,NA
"topology_ARG1",3075,"AGXT2",0.000181321349120078,NA,NA,NA
"topology_ARG1",3076,"XBP1",0.00130705850242441,NA,NA,NA
"topology_ARG1",3077,"GABRA1",0.000512519672648093,NA,NA,NA
"topology_ARG1",3078,"ABCG2",0.00154702083903102,NA,NA,NA
"topology_ARG1",3079,"SCN1B",0.00123489854843939,NA,NA,NA
"topology_ARG1",3080,"ADCY1",8.87083575196179e-06,NA,NA,NA
"topology_ARG1",3081,"ADCY2",0,NA,NA,NA
"topology_ARG1",3082,"GSR",0.00032731672891706,NA,NA,NA
"topology_ARG1",3083,"GATM",0.000449150320023683,NA,NA,NA
"topology_ARG1",3084,"GRM5",0.000204723227971049,NA,NA,NA
"topology_ARG1",3085,"PRKAG2",0.00023019859617357,NA,NA,NA
"topology_ARG1",3086,"ADRB2",0.000148693401879507,NA,NA,NA
"topology_ARG1",3087,"SCN1B",0.00123489854843939,NA,NA,NA
"topology_ARG1",3088,"XDH",0.000207347108110545,NA,NA,NA
"topology_ARG1",3089,"GSR",0.00032731672891706,NA,NA,NA
"topology_ARG1",3090,"ADRB2",0.000148693401879507,NA,NA,NA
"topology_ARG1",3091,"STAT4",0.000324242289791776,NA,NA,NA
"topology_ARG1",3092,"ADCY1",8.87083575196179e-06,NA,NA,NA
"topology_ARG1",3093,"ADCY2",0,NA,NA,NA
"topology_ARG1",3094,"AGXT2",0.000181321349120078,NA,NA,NA
"topology_ARG1",3095,"KCNQ2",0.000154321192943452,NA,NA,NA
"topology_ARG1",3096,"PLA2G4A",0.000158908171599248,NA,NA,NA
"topology_ARG1",3097,"XDH",0.000207347108110545,NA,NA,NA
"topology_ARG1",3098,"SCD",0.000143791042404695,NA,NA,NA
"topology_ARG1",3099,"PTGS1",0.0001138588382259,NA,NA,NA
"topology_ARG1",3100,"STAT4",0.000324242289791776,NA,NA,NA
"topology_ARG1",3101,"GABRA1",0.000512519672648093,NA,NA,NA
"topology_ARG1",3102,"PTGS1",0.0001138588382259,NA,NA,NA
"topology_ARG1",3103,"ADRB2",0.000148693401879507,NA,NA,NA
"topology_ARG1",3104,"CS",0.000203624857343709,NA,NA,NA
"topology_ARG1",3105,"NQO1",0.000518240501310552,NA,NA,NA
"topology_ARG1",3106,"GCLC",8.05799891081538e-05,NA,NA,NA
"topology_ARG1",3107,"GRM5",0.000204723227971049,NA,NA,NA
"topology_ARG1",3108,"CFTR",0.00160265872797649,NA,NA,NA
"topology_ARG1",3109,"HK2",0.000296209764147126,NA,NA,NA
"topology_ARG1",3110,"GRM5",0.000204723227971049,NA,NA,NA
"topology_ARG1",3111,"SLC6A3",0.000164253248760127,NA,NA,NA
"topology_ARG1",3112,"GABRB3",0.000120726283226125,NA,NA,NA
"topology_ARG1",3113,"TAC1",0.001463424927591,NA,NA,NA
"topology_ARG1",3114,"GABRA1",0.000512519672648093,NA,NA,NA
"topology_ARG1",3115,"TRPV4",0.000106153420904809,NA,NA,NA
"topology_ARG1",3116,"MECP2",0.000428908523146032,NA,NA,NA
"topology_ARG1",3117,"ABCG2",0.00154702083903102,NA,NA,NA
"topology_ARG1",3118,"GATM",0.000449150320023683,NA,NA,NA
"topology_ARG1",3119,"STAT4",0.000324242289791776,NA,NA,NA
"topology_ARG1",3120,"ACLY",0.000136799781064179,NA,NA,NA
"topology_ARG1",3121,"GSR",0.00032731672891706,NA,NA,NA
"topology_ARG1",3122,"GABRA1",0.000512519672648093,NA,NA,NA
"topology_ARG1",3123,"GATM",0.000449150320023683,NA,NA,NA
"topology_ARG1",3124,"KCNQ2",0.000154321192943452,NA,NA,NA
"topology_ARG1",3125,"PRKAG2",0.00023019859617357,NA,NA,NA
"topology_ARG1",3126,"SDHA",0.000611111269984921,NA,NA,NA
"topology_ARG1",3127,"SLC6A3",0.000164253248760127,NA,NA,NA
"topology_ARG1",3128,"GABBR1",0.000629351098106912,NA,NA,NA
"topology_ARG1",3129,"TYMS",0.000142484575824997,NA,NA,NA
"topology_ARG1",3130,"TYMS",0.000142484575824997,NA,NA,NA
"topology_ARG1",3131,"GFAP",0.000240332727610593,NA,NA,NA
"topology_ARG1",3132,"DRD2",0.000217393825030943,NA,NA,NA
"topology_ARG1",3133,"TRPV4",0.000106153420904809,NA,NA,NA
"topology_ARG1",3134,"HPRT1",0.00041877379526456,NA,NA,NA
"topology_ARG1",3135,"GAD1",0.000786829139807432,NA,NA,NA
"topology_ARG1",3136,"SCN2A",9.6829057864789e-05,NA,NA,NA
"topology_ARG1",3137,"NQO1",0.000518240501310552,NA,NA,NA
"topology_ARG1",3138,"GCLC",8.05799891081538e-05,NA,NA,NA
"topology_ARG1",3139,"ADRB2",0.000148693401879507,NA,NA,NA
"topology_ARG1",3140,"GCLC",8.05799891081538e-05,NA,NA,NA
"topology_ARG1",3141,"RARA",0.000182812715244118,NA,NA,NA
"topology_ARG1",3142,"DPP4",0.00143001137023646,NA,NA,NA
"topology_ARG1",3143,"GRM5",0.000204723227971049,NA,NA,NA
"topology_ARG1",3144,"DPP4",0.00143001137023646,NA,NA,NA
"topology_ARG1",3145,"XBP1",0.00130705850242441,NA,NA,NA
"topology_ARG1",3146,"NQO1",0.000518240501310552,NA,NA,NA
"topology_ARG1",3147,"HPRT1",0.00041877379526456,NA,NA,NA
"topology_ARG1",3148,"PTGS1",0.0001138588382259,NA,NA,NA
"topology_ARG1",3149,"SCN1B",0.00123489854843939,NA,NA,NA
"topology_ARG1",3150,"GCK",0.000213793988103061,NA,NA,NA
"topology_ARG1",3151,"SCN2A",9.6829057864789e-05,NA,NA,NA
"topology_ARG1",3152,"TRPV4",0.000106153420904809,NA,NA,NA
"topology_ARG1",3153,"GATM",0.000449150320023683,NA,NA,NA
"topology_ARG1",3154,"CS",0.000203624857343709,NA,NA,NA
"topology_ARG1",3155,"GFAP",0.000240332727610593,NA,NA,NA
"topology_ARG1",3156,"GAD1",0.000786829139807432,NA,NA,NA
"topology_ARG1",3157,"DPP4",0.00143001137023646,NA,NA,NA
"topology_ARG1",3158,"PTH",0.00019439506068486,NA,NA,NA
"topology_ARG1",3159,"CFTR",0.00160265872797649,NA,NA,NA
"topology_ARG1",3160,"KCNH2",0.000463751185241779,NA,NA,NA
"topology_ARG1",3161,"GATM",0.000449150320023683,NA,NA,NA
"topology_ARG1",3162,"ADRB2",0.000148693401879507,NA,NA,NA
"topology_ARG1",3163,"KCNH2",0.000463751185241779,NA,NA,NA
"topology_ARG1",3164,"MECP2",0.000428908523146032,NA,NA,NA
"topology_ARG1",3165,"GFAP",0.000240332727610593,NA,NA,NA
"topology_ARG1",3166,"PCNA",0.000281828068793732,NA,NA,NA
"topology_ARG1",3167,"NR1H4",0.000150320210463128,NA,NA,NA
"topology_ARG1",3168,"NQO1",0.000518240501310552,NA,NA,NA
"topology_ARG1",3169,"SDHA",0.000611111269984921,NA,NA,NA
"topology_ARG1",3170,"ADCY1",8.87083575196179e-06,NA,NA,NA
"topology_ARG1",3171,"ADCY2",0,NA,NA,NA
"topology_ARG1",3172,"DPP4",0.00143001137023646,NA,NA,NA
"topology_ARG1",3173,"RARA",0.000182812715244118,NA,NA,NA
"topology_ARG1",3174,"PCNA",0.000281828068793732,NA,NA,NA
"topology_ARG1",3175,"GFAP",0.000240332727610593,NA,NA,NA
"topology_ARG1",3176,"GATM",0.000449150320023683,NA,NA,NA
"topology_ARG1",3177,"KCNH2",0.000463751185241779,NA,NA,NA
"topology_ARG1",3178,"NR1H4",0.000150320210463128,NA,NA,NA
"topology_ARG1",3179,"TFRC",0.000239327299633385,NA,NA,NA
"topology_ARG1",3180,"NR1H4",0.000150320210463128,NA,NA,NA
"topology_ARG1",3181,"ACLY",0.000136799781064179,NA,NA,NA
"topology_ARG1",3182,"STAT4",0.000324242289791776,NA,NA,NA
"topology_ARG1",3183,"TYMS",0.000142484575824997,NA,NA,NA
"topology_ARG1",3184,"AGXT2",0.000181321349120078,NA,NA,NA
"topology_ARG1",3185,"GCLC",8.05799891081538e-05,NA,NA,NA
"topology_ARG1",3186,"TAC1",0.001463424927591,NA,NA,NA
"topology_ARG1",3187,"PTGS1",0.0001138588382259,NA,NA,NA
"topology_ARG1",3188,"GCK",0.000213793988103061,NA,NA,NA
"topology_ARG1",3189,"SCN2A",9.6829057864789e-05,NA,NA,NA
"topology_ARG1",3190,"MECP2",0.000428908523146032,NA,NA,NA
"topology_ARG1",3191,"GCLC",8.05799891081538e-05,NA,NA,NA
"topology_ARG1",3192,"PTGS1",0.0001138588382259,NA,NA,NA
"topology_ARG1",3193,"SLC6A3",0.000164253248760127,NA,NA,NA
"topology_ARG1",3194,"SCN1B",0.00123489854843939,NA,NA,NA
"topology_ARG1",3195,"GATM",0.000449150320023683,NA,NA,NA
"topology_ARG1",3196,"GSR",0.00032731672891706,NA,NA,NA
"topology_ARG1",3197,"HK2",0.000296209764147126,NA,NA,NA
"topology_ARG1",3198,"CS",0.000203624857343709,NA,NA,NA
"topology_ARG1",3199,"GSR",0.00032731672891706,NA,NA,NA
"topology_ARG1",3200,"SLC6A3",0.000164253248760127,NA,NA,NA
"topology_ARG1",3201,"SCD",0.000143791042404695,NA,NA,NA
"topology_ARG1",3202,"ADCY1",8.87083575196179e-06,NA,NA,NA
"topology_ARG1",3203,"ADCY2",0,NA,NA,NA
"topology_ARG1",3204,"DRD2",0.000217393825030943,NA,NA,NA
"topology_ARG1",3205,"ADCY1",8.87083575196179e-06,NA,NA,NA
"topology_ARG1",3206,"KCNJ11",0.00241899994818762,NA,NA,NA
"topology_ARG1",3207,"MT-CYB",0.000203007681716216,NA,NA,NA
"topology_ARG1",3208,"TFRC",0.000239327299633385,NA,NA,NA
"topology_ARG1",3209,"ABCG2",0.00154702083903102,NA,NA,NA
"topology_ARG1",3210,"HK2",0.000296209764147126,NA,NA,NA
"topology_ARG1",3211,"PTH",0.00019439506068486,NA,NA,NA
"topology_ARG1",3212,"AGXT2",0.000181321349120078,NA,NA,NA
"topology_ARG1",3213,"GATM",0.000449150320023683,NA,NA,NA
"topology_ARG1",3214,"KCNJ11",0.00241899994818762,NA,NA,NA
"topology_ARG1",3215,"ACLY",0.000136799781064179,NA,NA,NA
"topology_ARG1",3216,"SCN1B",0.00123489854843939,NA,NA,NA
"topology_ARG1",3217,"TRPV4",0.000106153420904809,NA,NA,NA
"topology_ARG1",3218,"TAC1",0.001463424927591,NA,NA,NA
"topology_ARG1",3219,"DRD2",0.000217393825030943,NA,NA,NA
"topology_ARG1",3220,"SCD",0.000143791042404695,NA,NA,NA
"topology_ARG1",3221,"ADCY1",8.87083575196179e-06,NA,NA,NA
"topology_ARG1",3222,"SDHA",0.000611111269984921,NA,NA,NA
"topology_ARG1",3223,"TRPV1",0.00166711359586047,NA,NA,NA
"topology_ARG1",3224,"HPRT1",0.00041877379526456,NA,NA,NA
"topology_ARG1",3225,"DRD2",0.000217393825030943,NA,NA,NA
"topology_ARG1",3226,"KCNH2",0.000463751185241779,NA,NA,NA
"topology_ARG1",3227,"SCN2A",9.6829057864789e-05,NA,NA,NA
"topology_ARG1",3228,"GCK",0.000213793988103061,NA,NA,NA
"topology_ARG1",3229,"NR1H4",0.000150320210463128,NA,NA,NA
"topology_ARG1",3230,"GABBR1",0.000629351098106912,NA,NA,NA
"topology_ARG1",3231,"CFTR",0.00160265872797649,NA,NA,NA
"topology_ARG1",3232,"XBP1",0.00130705850242441,NA,NA,NA
"topology_ARG1",3233,"XBP1",0.00130705850242441,NA,NA,NA
"topology_ARG1",3234,"ABCG2",0.00154702083903102,NA,NA,NA
"topology_ARG1",3235,"TRPV4",0.000106153420904809,NA,NA,NA
"topology_ARG1",3236,"SCD",0.000143791042404695,NA,NA,NA
"topology_ARG1",3237,"NR1H4",0.000150320210463128,NA,NA,NA
"topology_ARG1",3238,"SLC6A3",0.000164253248760127,NA,NA,NA
"topology_ARG1",3239,"KCNH2",0.000463751185241779,NA,NA,NA
"topology_ARG1",3240,"TRPV1",0.00166711359586047,NA,NA,NA
"topology_ARG1",3241,"CS",0.000203624857343709,NA,NA,NA
"topology_ARG1",3242,"NR1H4",0.000150320210463128,NA,NA,NA
"topology_ARG1",3243,"ABCG2",0.00154702083903102,NA,NA,NA
"topology_ARG1",3244,"TYMS",0.000142484575824997,NA,NA,NA
"topology_ARG1",3245,"DPP4",0.00143001137023646,NA,NA,NA
"topology_ARG1",3246,"CAMP",0.00129691841056656,NA,NA,NA
"topology_ARG1",3247,"GSR",0.00032731672891706,NA,NA,NA
"topology_ARG1",3248,"STAT4",0.000324242289791776,NA,NA,NA
"topology_ARG1",3249,"PTH",0.00019439506068486,NA,NA,NA
"topology_ARG1",3250,"CS",0.000203624857343709,NA,NA,NA
"topology_ARG1",3251,"ADRB2",0.000148693401879507,NA,NA,NA
"topology_ARG1",3252,"MT-CYB",0.000203007681716216,NA,NA,NA
"topology_ARG1",3253,"TYMS",0.000142484575824997,NA,NA,NA
"topology_ARG1",3254,"SCN2A",9.6829057864789e-05,NA,NA,NA
"topology_ARG1",3255,"SLC6A3",0.000164253248760127,NA,NA,NA
"topology_ARG1",3256,"XDH",0.000207347108110545,NA,NA,NA
"topology_ARG1",3257,"GCK",0.000213793988103061,NA,NA,NA
"topology_ARG1",3258,"SDHA",0.000611111269984921,NA,NA,NA
"topology_ARG1",3259,"SCN1B",0.00123489854843939,NA,NA,NA
"topology_ARG1",3260,"PCNA",0.000281828068793732,NA,NA,NA
"topology_ARG1",3261,"GABBR1",0.000629351098106912,NA,NA,NA
"topology_ARG1",3262,"SCN2A",9.6829057864789e-05,NA,NA,NA
"topology_ARG1",3263,"SCN2A",9.6829057864789e-05,NA,NA,NA
"topology_ARG1",3264,"CS",0.000203624857343709,NA,NA,NA
"topology_ARG1",3265,"PTGS1",0.0001138588382259,NA,NA,NA
"topology_ARG1",3266,"GCLC",8.05799891081538e-05,NA,NA,NA
"topology_ARG1",3267,"STAT4",0.000324242289791776,NA,NA,NA
"topology_ARG1",3268,"DPP4",0.00143001137023646,NA,NA,NA
"topology_ARG1",3269,"PTGS1",0.0001138588382259,NA,NA,NA
"topology_ARG1",3270,"STAT4",0.000324242289791776,NA,NA,NA
"topology_ARG1",3271,"MECP2",0.000428908523146032,NA,NA,NA
"topology_ARG1",3272,"TRPV1",0.00166711359586047,NA,NA,NA
"topology_ARG1",3273,"SCN2A",9.6829057864789e-05,NA,NA,NA
"topology_ARG1",3274,"GABRG2",6.25131802217682e-05,NA,NA,NA
"topology_ARG1",3275,"SLC6A3",0.000164253248760127,NA,NA,NA
"topology_ARG1",3276,"KCNH2",0.000463751185241779,NA,NA,NA
"topology_ARG1",3277,"GAD1",0.000786829139807432,NA,NA,NA
"topology_ARG1",3278,"ADCY2",0,NA,NA,NA
"topology_ARG1",3279,"DPP4",0.00143001137023646,NA,NA,NA
"topology_ARG1",3280,"TYMS",0.000142484575824997,NA,NA,NA
"topology_ARG1",3281,"KCNJ11",0.00241899994818762,NA,NA,NA
"topology_ARG1",3282,"HK2",0.000296209764147126,NA,NA,NA
"topology_ARG1",3283,"SLC6A3",0.000164253248760127,NA,NA,NA
"topology_ARG1",3284,"GRM5",0.000204723227971049,NA,NA,NA
"topology_ARG1",3285,"GCLC",8.05799891081538e-05,NA,NA,NA
"topology_ARG1",3286,"HPRT1",0.00041877379526456,NA,NA,NA
"topology_ARG1",3287,"KCNQ2",0.000154321192943452,NA,NA,NA
"topology_ARG1",3288,"KCNH2",0.000463751185241779,NA,NA,NA
"topology_ARG1",3289,"TFRC",0.000239327299633385,NA,NA,NA
"topology_ARG1",3290,"GCLC",8.05799891081538e-05,NA,NA,NA
"topology_ARG1",3291,"MT-CYB",0.000203007681716216,NA,NA,NA
"topology_ARG1",3292,"SCN1B",0.00123489854843939,NA,NA,NA
"topology_ARG1",3293,"ACLY",0.000136799781064179,NA,NA,NA
"topology_ARG1",3294,"ADCY2",0,NA,NA,NA
"topology_ARG1",3295,"ADCY2",0,NA,NA,NA
"topology_ARG1",3296,"TRPV1",0.00166711359586047,NA,NA,NA
"topology_ARG1",3297,"AGXT2",0.000181321349120078,NA,NA,NA
"topology_ARG1",3298,"SDHA",0.000611111269984921,NA,NA,NA
"topology_ARG1",3299,"GABRB3",0.000120726283226125,NA,NA,NA
"topology_ARG1",3300,"TAC1",0.001463424927591,NA,NA,NA
"topology_ARG1",3301,"GABRA1",0.000512519672648093,NA,NA,NA
"topology_ARG1",3302,"SCN1B",0.00123489854843939,NA,NA,NA
"topology_ARG1",3303,"PLA2G4A",0.000158908171599248,NA,NA,NA
"topology_ARG1",3304,"RARA",0.000182812715244118,NA,NA,NA
"topology_ARG1",3305,"ADRB2",0.000148693401879507,NA,NA,NA
"topology_ARG1",3306,"ABCG2",0.00154702083903102,NA,NA,NA
"topology_ARG1",3307,"XBP1",0.00130705850242441,NA,NA,NA
"topology_ARG1",3308,"GATM",0.000449150320023683,NA,NA,NA
"topology_ARG1",3309,"HPRT1",0.00041877379526456,NA,NA,NA
"topology_ARG1",3310,"HK2",0.000296209764147126,NA,NA,NA
"topology_ARG1",3311,"GFAP",0.000240332727610593,NA,NA,NA
"topology_ARG1",3312,"NQO1",0.000518240501310552,NA,NA,NA
"topology_ARG1",3313,"MECP2",0.000428908523146032,NA,NA,NA
"topology_ARG1",3314,"GCLC",8.05799891081538e-05,NA,NA,NA
"topology_ARG1",3315,"GFAP",0.000240332727610593,NA,NA,NA
"topology_ARG1",3316,"CFTR",0.00160265872797649,NA,NA,NA
"topology_ARG1",3317,"NR1H4",0.000150320210463128,NA,NA,NA
"topology_ARG1",3318,"PCNA",0.000281828068793732,NA,NA,NA
"topology_ARG1",3319,"SCD",0.000143791042404695,NA,NA,NA
"topology_ARG1",3320,"GATM",0.000449150320023683,NA,NA,NA
"topology_ARG1",3321,"GRM5",0.000204723227971049,NA,NA,NA
"topology_ARG1",3322,"PLA2G4A",0.000158908171599248,NA,NA,NA
"topology_ARG1",3323,"XBP1",0.00130705850242441,NA,NA,NA
"topology_ARG1",3324,"GRM5",0.000204723227971049,NA,NA,NA
"topology_ARG1",3325,"GCLC",8.05799891081538e-05,NA,NA,NA
"topology_ARG1",3326,"PTGS1",0.0001138588382259,NA,NA,NA
"topology_ARG1",3327,"SCN1B",0.00123489854843939,NA,NA,NA
"topology_ARG1",3328,"HPRT1",0.00041877379526456,NA,NA,NA
"topology_ARG1",3329,"TFRC",0.000239327299633385,NA,NA,NA
"topology_ARG1",3330,"NQO1",0.000518240501310552,NA,NA,NA
"topology_ARG1",3331,"ADRB2",0.000148693401879507,NA,NA,NA
"topology_ARG1",3332,"GRM5",0.000204723227971049,NA,NA,NA
"topology_ARG1",3333,"KCNJ11",0.00241899994818762,NA,NA,NA
"topology_ARG1",3334,"CFTR",0.00160265872797649,NA,NA,NA
"topology_ARG1",3335,"HK2",0.000296209764147126,NA,NA,NA
"topology_ARG1",3336,"PTH",0.00019439506068486,NA,NA,NA
"topology_ARG1",3337,"GFAP",0.000240332727610593,NA,NA,NA
"topology_ARG1",3338,"KCNJ11",0.00241899994818762,NA,NA,NA
"topology_ARG1",3339,"ACLY",0.000136799781064179,NA,NA,NA
"topology_ARG1",3340,"TAC1",0.001463424927591,NA,NA,NA
"topology_ARG1",3341,"GATM",0.000449150320023683,NA,NA,NA
"topology_ARG1",3342,"ACLY",0.000136799781064179,NA,NA,NA
"topology_ARG1",3343,"ADCY1",8.87083575196179e-06,NA,NA,NA
"topology_ARG1",3344,"TRPV4",0.000106153420904809,NA,NA,NA
"topology_ARG1",3345,"GABBR1",0.000629351098106912,NA,NA,NA
"topology_ARG1",3346,"DPP4",0.00143001137023646,NA,NA,NA
"topology_ARG1",3347,"GSR",0.00032731672891706,NA,NA,NA
"topology_ARG1",3348,"GAD1",0.000786829139807432,NA,NA,NA
"topology_ARG1",3349,"SDHA",0.000611111269984921,NA,NA,NA
"topology_ARG1",3350,"GFAP",0.000240332727610593,NA,NA,NA
"topology_ARG1",3351,"HPRT1",0.00041877379526456,NA,NA,NA
"topology_ARG1",3352,"PTH",0.00019439506068486,NA,NA,NA
"topology_ARG1",3353,"XDH",0.000207347108110545,NA,NA,NA
"topology_ARG1",3354,"SDHA",0.000611111269984921,NA,NA,NA
"topology_ARG1",3355,"XDH",0.000207347108110545,NA,NA,NA
"topology_ARG1",3356,"MECP2",0.000428908523146032,NA,NA,NA
"topology_ARG1",3357,"STAT4",0.000324242289791776,NA,NA,NA
"topology_ARG1",3358,"ADCY2",0,NA,NA,NA
"topology_ARG1",3359,"GABBR1",0.000629351098106912,NA,NA,NA
"topology_ARG1",3360,"SDHA",0.000611111269984921,NA,NA,NA
"topology_ARG1",3361,"GCK",0.000213793988103061,NA,NA,NA
"topology_ARG1",3362,"PTH",0.00019439506068486,NA,NA,NA
"topology_ARG1",3363,"STAT4",0.000324242289791776,NA,NA,NA
"topology_ARG1",3364,"XBP1",0.00130705850242441,NA,NA,NA
"topology_ARG1",3365,"ABCG2",0.00154702083903102,NA,NA,NA
"topology_ARG1",3366,"KCNQ2",0.000154321192943452,NA,NA,NA
"topology_ARG1",3367,"AGXT2",0.000181321349120078,NA,NA,NA
"topology_ARG1",3368,"ADRB2",0.000148693401879507,NA,NA,NA
"topology_ARG1",3369,"PTGS1",0.0001138588382259,NA,NA,NA
"topology_ARG1",3370,"MT-CYB",0.000203007681716216,NA,NA,NA
"topology_ARG1",3371,"SCD",0.000143791042404695,NA,NA,NA
"topology_ARG1",3372,"RARA",0.000182812715244118,NA,NA,NA
"topology_ARG1",3373,"ADCY1",8.87083575196179e-06,NA,NA,NA
"topology_ARG1",3374,"GABRA1",0.000512519672648093,NA,NA,NA
"topology_ARG1",3375,"RARA",0.000182812715244118,NA,NA,NA
"topology_ARG1",3376,"GSR",0.00032731672891706,NA,NA,NA
"topology_ARG1",3377,"GABRA1",0.000512519672648093,NA,NA,NA
"topology_ARG1",3378,"TRPV4",0.000106153420904809,NA,NA,NA
"topology_ARG1",3379,"HK2",0.000296209764147126,NA,NA,NA
"topology_ARG1",3380,"GABRB3",0.000120726283226125,NA,NA,NA
"topology_ARG1",3381,"SCD",0.000143791042404695,NA,NA,NA
"topology_ARG1",3382,"KCNJ11",0.00241899994818762,NA,NA,NA
"topology_ARG1",3383,"TAC1",0.001463424927591,NA,NA,NA
"topology_ARG1",3384,"PCNA",0.000281828068793732,NA,NA,NA
"topology_ARG1",3385,"HK2",0.000296209764147126,NA,NA,NA
"topology_ARG1",3386,"ADCY2",0,NA,NA,NA
"topology_ARG1",3387,"TYMS",0.000142484575824997,NA,NA,NA
"topology_ARG1",3388,"GSR",0.00032731672891706,NA,NA,NA
"topology_ARG1",3389,"RARA",0.000182812715244118,NA,NA,NA
"topology_ARG1",3390,"KCNJ11",0.00241899994818762,NA,NA,NA
"topology_ARG1",3391,"GSR",0.00032731672891706,NA,NA,NA
"topology_ARG1",3392,"GABBR1",0.000629351098106912,NA,NA,NA
"topology_ARG1",3393,"XBP1",0.00130705850242441,NA,NA,NA
"topology_ARG1",3394,"PCNA",0.000281828068793732,NA,NA,NA
"topology_ARG1",3395,"GATM",0.000449150320023683,NA,NA,NA
"topology_ARG1",3396,"PLA2G4A",0.000158908171599248,NA,NA,NA
"topology_ARG1",3397,"PLA2G4A",0.000158908171599248,NA,NA,NA
"topology_ARG1",3398,"GSR",0.00032731672891706,NA,NA,NA
"topology_ARG1",3399,"AGXT2",0.000181321349120078,NA,NA,NA
"topology_ARG1",3400,"HPRT1",0.00041877379526456,NA,NA,NA
"topology_ARG1",3401,"SCN1B",0.00123489854843939,NA,NA,NA
"topology_ARG1",3402,"PLA2G4A",0.000158908171599248,NA,NA,NA
"topology_ARG1",3403,"MECP2",0.000428908523146032,NA,NA,NA
"topology_ARG1",3404,"TRPV4",0.000106153420904809,NA,NA,NA
"topology_ARG1",3405,"TFRC",0.000239327299633385,NA,NA,NA
"topology_ARG1",3406,"KCNQ2",0.000154321192943452,NA,NA,NA
"topology_ARG1",3407,"ADCY1",8.87083575196179e-06,NA,NA,NA
"topology_ARG1",3408,"TFRC",0.000239327299633385,NA,NA,NA
"topology_ARG1",3409,"ADCY2",0,NA,NA,NA
"topology_ARG1",3410,"PCNA",0.000281828068793732,NA,NA,NA
"topology_ARG1",3411,"TYMS",0.000142484575824997,NA,NA,NA
"topology_ARG1",3412,"MECP2",0.000428908523146032,NA,NA,NA
"topology_ARG1",3413,"SCN1B",0.00123489854843939,NA,NA,NA
"topology_ARG1",3414,"NQO1",0.000518240501310552,NA,NA,NA
"topology_ARG1",3415,"GABRG2",6.25131802217682e-05,NA,NA,NA
"topology_ARG1",3416,"KCNQ2",0.000154321192943452,NA,NA,NA
"topology_ARG1",3417,"XBP1",0.00130705850242441,NA,NA,NA
"topology_ARG1",3418,"GSR",0.00032731672891706,NA,NA,NA
"topology_ARG1",3419,"GCLC",8.05799891081538e-05,NA,NA,NA
"topology_ARG1",3420,"PRKAG2",0.00023019859617357,NA,NA,NA
"topology_ARG1",3421,"NQO1",0.000518240501310552,NA,NA,NA
"topology_ARG1",3422,"ADRB2",0.000148693401879507,NA,NA,NA
"topology_ARG1",3423,"PRKAG2",0.00023019859617357,NA,NA,NA
"topology_ARG1",3424,"GABRG2",6.25131802217682e-05,NA,NA,NA
"topology_ARG1",3425,"DRD2",0.000217393825030943,NA,NA,NA
"topology_ARG1",3426,"HK2",0.000296209764147126,NA,NA,NA
"topology_ARG1",3427,"PLA2G4A",0.000158908171599248,NA,NA,NA
"topology_ARG1",3428,"SCD",0.000143791042404695,NA,NA,NA
"topology_ARG1",3429,"TYMS",0.000142484575824997,NA,NA,NA
"topology_ARG1",3430,"SCD",0.000143791042404695,NA,NA,NA
"topology_ARG1",3431,"NQO1",0.000518240501310552,NA,NA,NA
"topology_ARG1",3432,"TRPV4",0.000106153420904809,NA,NA,NA
"topology_ARG1",3433,"PRKAG2",0.00023019859617357,NA,NA,NA
"topology_ARG1",3434,"GCK",0.000213793988103061,NA,NA,NA
"topology_ARG1",3435,"NR1H4",0.000150320210463128,NA,NA,NA
"topology_ARG1",3436,"GAD1",0.000786829139807432,NA,NA,NA
"topology_ARG1",3437,"XBP1",0.00130705850242441,NA,NA,NA
"topology_ARG1",3438,"SCD",0.000143791042404695,NA,NA,NA
"topology_ARG1",3439,"XDH",0.000207347108110545,NA,NA,NA
"topology_ARG1",3440,"TFRC",0.000239327299633385,NA,NA,NA
"topology_ARG1",3441,"ABCG2",0.00154702083903102,NA,NA,NA
"topology_ARG1",3442,"PRKAG2",0.00023019859617357,NA,NA,NA
"topology_ARG1",3443,"PRKAG2",0.00023019859617357,NA,NA,NA
"topology_ARG1",3444,"SCN2A",9.6829057864789e-05,NA,NA,NA
"topology_ARG1",3445,"SCN1B",0.00123489854843939,NA,NA,NA
"topology_ARG1",3446,"RARA",0.000182812715244118,NA,NA,NA
"topology_ARG1",3447,"PTGS1",0.0001138588382259,NA,NA,NA
"topology_ARG1",3448,"AGXT2",0.000181321349120078,NA,NA,NA
"topology_ARG1",3449,"PRKAG2",0.00023019859617357,NA,NA,NA
"topology_ARG1",3450,"ADCY2",0,NA,NA,NA
"topology_ARG1",3451,"PRKAG2",0.00023019859617357,NA,NA,NA
"topology_ARG1",3452,"XDH",0.000207347108110545,NA,NA,NA
"topology_ARG1",3453,"GATM",0.000449150320023683,NA,NA,NA
"topology_ARG1",3454,"KCNJ11",0.00241899994818762,NA,NA,NA
"topology_ARG1",3455,"CFTR",0.00160265872797649,NA,NA,NA
"topology_ARG1",3456,"STAT4",0.000324242289791776,NA,NA,NA
"topology_ARG1",3457,"HK2",0.000296209764147126,NA,NA,NA
"topology_ARG1",3458,"TAC1",0.001463424927591,NA,NA,NA
"topology_ARG1",3459,"TRPV4",0.000106153420904809,NA,NA,NA
"topology_ARG1",3460,"TRPV1",0.00166711359586047,NA,NA,NA
"topology_ARG1",3461,"HK2",0.000296209764147126,NA,NA,NA
"topology_ARG1",3462,"TFRC",0.000239327299633385,NA,NA,NA
"topology_ARG1",3463,"ADCY2",0,NA,NA,NA
"topology_ARG1",3464,"GABBR1",0.000629351098106912,NA,NA,NA
"topology_ARG1",3465,"GATM",0.000449150320023683,NA,NA,NA
"topology_ARG1",3466,"XBP1",0.00130705850242441,NA,NA,NA
"topology_ARG1",3467,"MECP2",0.000428908523146032,NA,NA,NA
"topology_ARG1",3468,"GABRG2",6.25131802217682e-05,NA,NA,NA
"topology_ARG1",3469,"ABCG2",0.00154702083903102,NA,NA,NA
"topology_ARG1",3470,"GABRG2",6.25131802217682e-05,NA,NA,NA
"topology_ARG1",3471,"PRKAG2",0.00023019859617357,NA,NA,NA
"topology_ARG1",3472,"CS",0.000203624857343709,NA,NA,NA
"topology_ARG1",3473,"GABRB3",0.000120726283226125,NA,NA,NA
"topology_ARG1",3474,"MT-CYB",0.000203007681716216,NA,NA,NA
"topology_ARG1",3475,"GATM",0.000449150320023683,NA,NA,NA
"topology_ARG1",3476,"PLA2G4A",0.000158908171599248,NA,NA,NA
"topology_ARG1",3477,"CAMP",0.00129691841056656,NA,NA,NA
"topology_ARG1",3478,"HK2",0.000296209764147126,NA,NA,NA
"topology_ARG1",3479,"GCK",0.000213793988103061,NA,NA,NA
"topology_ARG1",3480,"PTGS1",0.0001138588382259,NA,NA,NA
"topology_ARG1",3481,"ADCY2",0,NA,NA,NA
"topology_ARG1",3482,"TRPV4",0.000106153420904809,NA,NA,NA
"topology_ARG1",3483,"AGXT2",0.000181321349120078,NA,NA,NA
"topology_ARG1",3484,"NQO1",0.000518240501310552,NA,NA,NA
"topology_ARG1",3485,"PTH",0.00019439506068486,NA,NA,NA
"topology_ARG1",3486,"PCNA",0.000281828068793732,NA,NA,NA
"topology_ARG1",3487,"KCNH2",0.000463751185241779,NA,NA,NA
"topology_ARG1",3488,"HPRT1",0.00041877379526456,NA,NA,NA
"topology_ARG1",3489,"SLC6A3",0.000164253248760127,NA,NA,NA
"topology_ARG1",3490,"CAMP",0.00129691841056656,NA,NA,NA
"topology_ARG1",3491,"STAT4",0.000324242289791776,NA,NA,NA
"topology_ARG1",3492,"SCN2A",9.6829057864789e-05,NA,NA,NA
"topology_ARG1",3493,"ABCG2",0.00154702083903102,NA,NA,NA
"topology_ARG1",3494,"GABRB3",0.000120726283226125,NA,NA,NA
"topology_ARG1",3495,"AGXT2",0.000181321349120078,NA,NA,NA
"topology_ARG1",3496,"XBP1",0.00130705850242441,NA,NA,NA
"topology_ARG1",3497,"TRPV4",0.000106153420904809,NA,NA,NA
"topology_ARG1",3498,"SCD",0.000143791042404695,NA,NA,NA
"topology_ARG1",3499,"SCN1B",0.00123489854843939,NA,NA,NA
"topology_ARG1",3500,"KCNH2",0.000463751185241779,NA,NA,NA
"topology_ARG1",3501,"KCNQ2",0.000154321192943452,NA,NA,NA
"topology_ARG1",3502,"ACLY",0.000136799781064179,NA,NA,NA
"topology_ARG1",3503,"GABBR1",0.000629351098106912,NA,NA,NA
"topology_ARG1",3504,"GABRG2",6.25131802217682e-05,NA,NA,NA
"topology_ARG1",3505,"ADRB2",0.000148693401879507,NA,NA,NA
"topology_ARG1",3506,"SCN1B",0.00123489854843939,NA,NA,NA
"topology_ARG1",3507,"ABCG2",0.00154702083903102,NA,NA,NA
"topology_ARG1",3508,"KCNQ2",0.000154321192943452,NA,NA,NA
"topology_ARG1",3509,"GSR",0.00032731672891706,NA,NA,NA
"topology_ARG1",3510,"PTH",0.00019439506068486,NA,NA,NA
"topology_ARG1",3511,"KCNH2",0.000463751185241779,NA,NA,NA
"topology_ARG1",3512,"ADCY1",8.87083575196179e-06,NA,NA,NA
"topology_ARG1",3513,"ADCY2",0,NA,NA,NA
"topology_ARG1",3514,"TFRC",0.000239327299633385,NA,NA,NA
"topology_ARG1",3515,"AGXT2",0.000181321349120078,NA,NA,NA
"topology_ARG1",3516,"TRPV4",0.000106153420904809,NA,NA,NA
"topology_ARG1",3517,"KCNJ11",0.00241899994818762,NA,NA,NA
"topology_ARG1",3518,"MECP2",0.000428908523146032,NA,NA,NA
"topology_ARG1",3519,"KCNH2",0.000463751185241779,NA,NA,NA
"topology_ARG1",3520,"SLC6A3",0.000164253248760127,NA,NA,NA
"topology_ARG1",3521,"PRKAG2",0.00023019859617357,NA,NA,NA
"topology_ARG1",3522,"ABCG2",0.00154702083903102,NA,NA,NA
"topology_ARG1",3523,"ADRB2",0.000148693401879507,NA,NA,NA
"topology_ARG1",3524,"PCNA",0.000281828068793732,NA,NA,NA
"topology_ARG1",3525,"HK2",0.000296209764147126,NA,NA,NA
"topology_ARG1",3526,"ADRB2",0.000148693401879507,NA,NA,NA
"topology_ARG1",3527,"GAD1",0.000786829139807432,NA,NA,NA
"topology_ARG1",3528,"CS",0.000203624857343709,NA,NA,NA
"topology_ARG1",3529,"ADCY2",0,NA,NA,NA
"topology_ARG1",3530,"PCNA",0.000281828068793732,NA,NA,NA
"topology_ARG1",3531,"MT-CYB",0.000203007681716216,NA,NA,NA
"topology_ARG1",3532,"ADCY1",8.87083575196179e-06,NA,NA,NA
"topology_ARG1",3533,"HK2",0.000296209764147126,NA,NA,NA
"topology_ARG1",3534,"KCNQ2",0.000154321192943452,NA,NA,NA
"topology_ARG1",3535,"GABRA1",0.000512519672648093,NA,NA,NA
"topology_ARG1",3536,"HK2",0.000296209764147126,NA,NA,NA
"topology_ARG1",3537,"PRKAG2",0.00023019859617357,NA,NA,NA
"topology_ARG1",3538,"DPP4",0.00143001137023646,NA,NA,NA
"topology_ARG1",3539,"GCK",0.000213793988103061,NA,NA,NA
"topology_ARG1",3540,"ABCG2",0.00154702083903102,NA,NA,NA
"topology_ARG1",3541,"MECP2",0.000428908523146032,NA,NA,NA
"topology_ARG1",3542,"KCNJ11",0.00241899994818762,NA,NA,NA
"topology_ARG1",3543,"GABRA1",0.000512519672648093,NA,NA,NA
"topology_ARG1",3544,"MT-CYB",0.000203007681716216,NA,NA,NA
"topology_ARG1",3545,"GAD1",0.000786829139807432,NA,NA,NA
"topology_ARG1",3546,"GABRG2",6.25131802217682e-05,NA,NA,NA
"topology_ARG1",3547,"KCNH2",0.000463751185241779,NA,NA,NA
"topology_ARG1",3548,"NR1H4",0.000150320210463128,NA,NA,NA
"topology_ARG1",3549,"DRD2",0.000217393825030943,NA,NA,NA
"topology_ARG1",3550,"TYMS",0.000142484575824997,NA,NA,NA
"topology_ARG1",3551,"ACLY",0.000136799781064179,NA,NA,NA
"topology_ARG1",3552,"CS",0.000203624857343709,NA,NA,NA
"topology_ARG1",3553,"TRPV4",0.000106153420904809,NA,NA,NA
"topology_ARG1",3554,"DPP4",0.00143001137023646,NA,NA,NA
"topology_ARG1",3555,"CS",0.000203624857343709,NA,NA,NA
"topology_ARG1",3556,"NQO1",0.000518240501310552,NA,NA,NA
"topology_ARG1",3557,"GABRG2",6.25131802217682e-05,NA,NA,NA
"topology_ARG1",3558,"TRPV4",0.000106153420904809,NA,NA,NA
"topology_ARG1",3559,"GSR",0.00032731672891706,NA,NA,NA
"topology_ARG1",3560,"CFTR",0.00160265872797649,NA,NA,NA
"topology_ARG1",3561,"KCNH2",0.000463751185241779,NA,NA,NA
"topology_ARG1",3562,"ADCY1",8.87083575196179e-06,NA,NA,NA
"topology_ARG1",3563,"SDHA",0.000611111269984921,NA,NA,NA
"topology_ARG1",3564,"KCNH2",0.000463751185241779,NA,NA,NA
"topology_ARG1",3565,"GRM5",0.000204723227971049,NA,NA,NA
"topology_ARG1",3566,"KCNQ2",0.000154321192943452,NA,NA,NA
"topology_ARG1",3567,"CS",0.000203624857343709,NA,NA,NA
"topology_ARG1",3568,"GABRB3",0.000120726283226125,NA,NA,NA
"topology_ARG1",3569,"DRD2",0.000217393825030943,NA,NA,NA
"topology_ARG1",3570,"NR1H4",0.000150320210463128,NA,NA,NA
"topology_ARG1",3571,"MT-CYB",0.000203007681716216,NA,NA,NA
"topology_ARG1",3572,"GABRG2",6.25131802217682e-05,NA,NA,NA
"topology_ARG1",3573,"GCK",0.000213793988103061,NA,NA,NA
"topology_ARG1",3574,"DRD2",0.000217393825030943,NA,NA,NA
"topology_ARG1",3575,"GABBR1",0.000629351098106912,NA,NA,NA
"topology_ARG1",3576,"CFTR",0.00160265872797649,NA,NA,NA
"topology_ARG1",3577,"GABRA1",0.000512519672648093,NA,NA,NA
"topology_ARG1",3578,"PTGS1",0.0001138588382259,NA,NA,NA
"topology_ARG1",3579,"GFAP",0.000240332727610593,NA,NA,NA
"topology_ARG1",3580,"XDH",0.000207347108110545,NA,NA,NA
"topology_ARG1",3581,"HK2",0.000296209764147126,NA,NA,NA
"topology_ARG1",3582,"CS",0.000203624857343709,NA,NA,NA
"topology_ARG1",3583,"TYMS",0.000142484575824997,NA,NA,NA
"topology_ARG1",3584,"KCNQ2",0.000154321192943452,NA,NA,NA
"topology_ARG1",3585,"SDHA",0.000611111269984921,NA,NA,NA
"topology_ARG1",3586,"CFTR",0.00160265872797649,NA,NA,NA
"topology_ARG1",3587,"TYMS",0.000142484575824997,NA,NA,NA
"topology_ARG1",3588,"SDHA",0.000611111269984921,NA,NA,NA
"topology_ARG1",3589,"SLC6A3",0.000164253248760127,NA,NA,NA
"topology_ARG1",3590,"PTH",0.00019439506068486,NA,NA,NA
"topology_ARG1",3591,"PLA2G4A",0.000158908171599248,NA,NA,NA
"topology_ARG1",3592,"GABBR1",0.000629351098106912,NA,NA,NA
"topology_ARG1",3593,"GCK",0.000213793988103061,NA,NA,NA
"topology_ARG1",3594,"GCLC",8.05799891081538e-05,NA,NA,NA
"topology_ARG1",3595,"MT-CYB",0.000203007681716216,NA,NA,NA
"topology_ARG1",3596,"SCD",0.000143791042404695,NA,NA,NA
"topology_ARG1",3597,"ABCG2",0.00154702083903102,NA,NA,NA
"topology_ARG1",3598,"GATM",0.000449150320023683,NA,NA,NA
"topology_ARG1",3599,"STAT4",0.000324242289791776,NA,NA,NA
"topology_ARG1",3600,"TRPV4",0.000106153420904809,NA,NA,NA
"topology_ARG1",3601,"PTH",0.00019439506068486,NA,NA,NA
"topology_ARG1",3602,"PRKAG2",0.00023019859617357,NA,NA,NA
"topology_ARG1",3603,"KCNQ2",0.000154321192943452,NA,NA,NA
"topology_ARG1",3604,"GSR",0.00032731672891706,NA,NA,NA
"topology_ARG1",3605,"ADCY2",0,NA,NA,NA
"topology_ARG1",3606,"DPP4",0.00143001137023646,NA,NA,NA
"topology_ARG1",3607,"RARA",0.000182812715244118,NA,NA,NA
"topology_ARG1",3608,"GABRB3",0.000120726283226125,NA,NA,NA
"topology_ARG1",3609,"STAT4",0.000324242289791776,NA,NA,NA
"topology_ARG1",3610,"PLA2G4A",0.000158908171599248,NA,NA,NA
"topology_ARG1",3611,"RARA",0.000182812715244118,NA,NA,NA
"topology_ARG1",3612,"KCNH2",0.000463751185241779,NA,NA,NA
"topology_ARG1",3613,"SCN2A",9.6829057864789e-05,NA,NA,NA
"topology_ARG1",3614,"GATM",0.000449150320023683,NA,NA,NA
"topology_ARG1",3615,"SCN2A",9.6829057864789e-05,NA,NA,NA
"topology_ARG1",3616,"ADCY2",0,NA,NA,NA
"topology_ARG1",3617,"DRD2",0.000217393825030943,NA,NA,NA
"topology_ARG1",3618,"SCD",0.000143791042404695,NA,NA,NA
"topology_ARG1",3619,"MECP2",0.000428908523146032,NA,NA,NA
"topology_ARG1",3620,"GABRB3",0.000120726283226125,NA,NA,NA
"topology_ARG1",3621,"GRM5",0.000204723227971049,NA,NA,NA
"topology_ARG1",3622,"ABCG2",0.00154702083903102,NA,NA,NA
"topology_ARG1",3623,"HK2",0.000296209764147126,NA,NA,NA
"topology_ARG1",3624,"XDH",0.000207347108110545,NA,NA,NA
"topology_ARG1",3625,"GATM",0.000449150320023683,NA,NA,NA
"topology_ARG1",3626,"GABRB3",0.000120726283226125,NA,NA,NA
"topology_ARG1",3627,"ADCY2",0,NA,NA,NA
"topology_ARG1",3628,"NR1H4",0.000150320210463128,NA,NA,NA
"topology_ARG1",3629,"ADCY2",0,NA,NA,NA
"topology_ARG1",3630,"ADRB2",0.000148693401879507,NA,NA,NA
"topology_ARG1",3631,"KCNQ2",0.000154321192943452,NA,NA,NA
"topology_ARG1",3632,"DPP4",0.00143001137023646,NA,NA,NA
"topology_ARG1",3633,"SDHA",0.000611111269984921,NA,NA,NA
"topology_ARG1",3634,"MT-CYB",0.000203007681716216,NA,NA,NA
"topology_ARG1",3635,"GABRB3",0.000120726283226125,NA,NA,NA
"topology_ARG1",3636,"GFAP",0.000240332727610593,NA,NA,NA
"topology_ARG1",3637,"ACLY",0.000136799781064179,NA,NA,NA
"topology_ARG1",3638,"TRPV1",0.00166711359586047,NA,NA,NA
"topology_ARG1",3639,"HK2",0.000296209764147126,NA,NA,NA
"topology_ARG1",3640,"STAT4",0.000324242289791776,NA,NA,NA
"topology_ARG1",3641,"GCK",0.000213793988103061,NA,NA,NA
"topology_ARG1",3642,"TRPV4",0.000106153420904809,NA,NA,NA
"topology_ARG1",3643,"SCN1B",0.00123489854843939,NA,NA,NA
"topology_ARG1",3644,"HPRT1",0.00041877379526456,NA,NA,NA
"topology_ARG1",3645,"MT-CYB",0.000203007681716216,NA,NA,NA
"topology_ARG1",3646,"TYMS",0.000142484575824997,NA,NA,NA
"topology_ARG1",3647,"GRM5",0.000204723227971049,NA,NA,NA
"topology_ARG1",3648,"CS",0.000203624857343709,NA,NA,NA
"topology_ARG1",3649,"HPRT1",0.00041877379526456,NA,NA,NA
"topology_ARG1",3650,"GABBR1",0.000629351098106912,NA,NA,NA
"topology_ARG1",3651,"HPRT1",0.00041877379526456,NA,NA,NA
"topology_ARG1",3652,"PTH",0.00019439506068486,NA,NA,NA
"topology_ARG1",3653,"HPRT1",0.00041877379526456,NA,NA,NA
"topology_ARG1",3654,"PTGS1",0.0001138588382259,NA,NA,NA
"topology_ARG1",3655,"PCNA",0.000281828068793732,NA,NA,NA
"topology_ARG1",3656,"SCN2A",9.6829057864789e-05,NA,NA,NA
"topology_ARG1",3657,"CFTR",0.00160265872797649,NA,NA,NA
"topology_ARG1",3658,"PLA2G4A",0.000158908171599248,NA,NA,NA
"topology_ARG1",3659,"CS",0.000203624857343709,NA,NA,NA
"topology_ARG1",3660,"MECP2",0.000428908523146032,NA,NA,NA
"topology_ARG1",3661,"SDHA",0.000611111269984921,NA,NA,NA
"topology_ARG1",3662,"HK2",0.000296209764147126,NA,NA,NA
"topology_ARG1",3663,"GCLC",8.05799891081538e-05,NA,NA,NA
"topology_ARG1",3664,"NQO1",0.000518240501310552,NA,NA,NA
"topology_ARG1",3665,"GABBR1",0.000629351098106912,NA,NA,NA
"topology_ARG1",3666,"SDHA",0.000611111269984921,NA,NA,NA
"topology_ARG1",3667,"ADCY2",0,NA,NA,NA
"topology_ARG1",3668,"PTH",0.00019439506068486,NA,NA,NA
"topology_ARG1",3669,"PCNA",0.000281828068793732,NA,NA,NA
"topology_ARG1",3670,"RARA",0.000182812715244118,NA,NA,NA
"topology_ARG1",3671,"GCK",0.000213793988103061,NA,NA,NA
"topology_ARG1",3672,"PRKAG2",0.00023019859617357,NA,NA,NA
"topology_ARG1",3673,"CAMP",0.00129691841056656,NA,NA,NA
"topology_ARG1",3674,"XDH",0.000207347108110545,NA,NA,NA
"topology_ARG1",3675,"GFAP",0.000240332727610593,NA,NA,NA
"topology_ARG1",3676,"XDH",0.000207347108110545,NA,NA,NA
"topology_ARG1",3677,"CAMP",0.00129691841056656,NA,NA,NA
"topology_ARG1",3678,"SCD",0.000143791042404695,NA,NA,NA
"topology_ARG1",3679,"PTGS1",0.0001138588382259,NA,NA,NA
"topology_ARG1",3680,"CFTR",0.00160265872797649,NA,NA,NA
"topology_ARG1",3681,"XDH",0.000207347108110545,NA,NA,NA
"topology_ARG1",3682,"TYMS",0.000142484575824997,NA,NA,NA
"topology_ARG1",3683,"GCK",0.000213793988103061,NA,NA,NA
"topology_ARG1",3684,"ACLY",0.000136799781064179,NA,NA,NA
"topology_ARG1",3685,"GAD1",0.000786829139807432,NA,NA,NA
"topology_ARG1",3686,"TRPV1",0.00166711359586047,NA,NA,NA
"topology_ARG1",3687,"TYMS",0.000142484575824997,NA,NA,NA
"topology_ARG1",3688,"PLA2G4A",0.000158908171599248,NA,NA,NA
"topology_ARG1",3689,"SCN1B",0.00123489854843939,NA,NA,NA
"topology_ARG1",3690,"PLA2G4A",0.000158908171599248,NA,NA,NA
"topology_ARG1",3691,"HK2",0.000296209764147126,NA,NA,NA
"topology_ARG1",3692,"XDH",0.000207347108110545,NA,NA,NA
"topology_ARG1",3693,"PLA2G4A",0.000158908171599248,NA,NA,NA
"topology_ARG1",3694,"GABRG2",6.25131802217682e-05,NA,NA,NA
"topology_ARG1",3695,"GAD1",0.000786829139807432,NA,NA,NA
"topology_ARG1",3696,"SDHA",0.000611111269984921,NA,NA,NA
"topology_ARG1",3697,"GATM",0.000449150320023683,NA,NA,NA
"topology_ARG1",3698,"GCLC",8.05799891081538e-05,NA,NA,NA
"topology_ARG1",3699,"TAC1",0.001463424927591,NA,NA,NA
"topology_ARG1",3700,"SCN1B",0.00123489854843939,NA,NA,NA
"topology_ARG1",3701,"ADCY1",8.87083575196179e-06,NA,NA,NA
"topology_ARG1",3702,"KCNJ11",0.00241899994818762,NA,NA,NA
"topology_ARG1",3703,"ADCY1",8.87083575196179e-06,NA,NA,NA
"topology_ARG1",3704,"DPP4",0.00143001137023646,NA,NA,NA
"topology_ARG1",3705,"TYMS",0.000142484575824997,NA,NA,NA
"topology_ARG1",3706,"PTH",0.00019439506068486,NA,NA,NA
"topology_ARG1",3707,"PLA2G4A",0.000158908171599248,NA,NA,NA
"topology_ARG1",3708,"GABRB3",0.000120726283226125,NA,NA,NA
"topology_ARG1",3709,"RARA",0.000182812715244118,NA,NA,NA
"topology_ARG1",3710,"AGXT2",0.000181321349120078,NA,NA,NA
"topology_ARG1",3711,"ADRB2",0.000148693401879507,NA,NA,NA
"topology_ARG1",3712,"TFRC",0.000239327299633385,NA,NA,NA
"topology_ARG1",3713,"ABCG2",0.00154702083903102,NA,NA,NA
"topology_ARG1",3714,"GCLC",8.05799891081538e-05,NA,NA,NA
"topology_ARG1",3715,"ADRB2",0.000148693401879507,NA,NA,NA
"topology_ARG1",3716,"TAC1",0.001463424927591,NA,NA,NA
"topology_ARG1",3717,"GAD1",0.000786829139807432,NA,NA,NA
"topology_ARG1",3718,"GAD1",0.000786829139807432,NA,NA,NA
"topology_ARG1",3719,"TRPV4",0.000106153420904809,NA,NA,NA
"topology_ARG1",3720,"GABRG2",6.25131802217682e-05,NA,NA,NA
"topology_ARG1",3721,"PTGS1",0.0001138588382259,NA,NA,NA
"topology_ARG1",3722,"STAT4",0.000324242289791776,NA,NA,NA
"topology_ARG1",3723,"GABBR1",0.000629351098106912,NA,NA,NA
"topology_ARG1",3724,"CAMP",0.00129691841056656,NA,NA,NA
"topology_ARG1",3725,"ADCY2",0,NA,NA,NA
"topology_ARG1",3726,"HPRT1",0.00041877379526456,NA,NA,NA
"topology_ARG1",3727,"TRPV1",0.00166711359586047,NA,NA,NA
"topology_ARG1",3728,"DRD2",0.000217393825030943,NA,NA,NA
"topology_ARG1",3729,"GABRG2",6.25131802217682e-05,NA,NA,NA
"topology_ARG1",3730,"ADRB2",0.000148693401879507,NA,NA,NA
"topology_ARG1",3731,"GRM5",0.000204723227971049,NA,NA,NA
"topology_ARG1",3732,"XDH",0.000207347108110545,NA,NA,NA
"topology_ARG1",3733,"ACLY",0.000136799781064179,NA,NA,NA
"topology_ARG1",3734,"ACLY",0.000136799781064179,NA,NA,NA
"topology_ARG1",3735,"SCN1B",0.00123489854843939,NA,NA,NA
"topology_ARG1",3736,"SCN2A",9.6829057864789e-05,NA,NA,NA
"topology_ARG1",3737,"RARA",0.000182812715244118,NA,NA,NA
"topology_ARG1",3738,"AGXT2",0.000181321349120078,NA,NA,NA
"topology_ARG1",3739,"DPP4",0.00143001137023646,NA,NA,NA
"topology_ARG1",3740,"TYMS",0.000142484575824997,NA,NA,NA
"topology_ARG1",3741,"SDHA",0.000611111269984921,NA,NA,NA
"topology_ARG1",3742,"DRD2",0.000217393825030943,NA,NA,NA
"topology_ARG1",3743,"PTGS1",0.0001138588382259,NA,NA,NA
"topology_ARG1",3744,"CS",0.000203624857343709,NA,NA,NA
"topology_ARG1",3745,"GCLC",8.05799891081538e-05,NA,NA,NA
"topology_ARG1",3746,"CS",0.000203624857343709,NA,NA,NA
"topology_ARG1",3747,"KCNQ2",0.000154321192943452,NA,NA,NA
"topology_ARG1",3748,"PCNA",0.000281828068793732,NA,NA,NA
"topology_ARG1",3749,"KCNQ2",0.000154321192943452,NA,NA,NA
"topology_ARG1",3750,"GABRA1",0.000512519672648093,NA,NA,NA
"topology_ARG1",3751,"SDHA",0.000611111269984921,NA,NA,NA
"topology_ARG1",3752,"SCN1B",0.00123489854843939,NA,NA,NA
"topology_ARG1",3753,"GABBR1",0.000629351098106912,NA,NA,NA
"topology_ARG1",3754,"GABRA1",0.000512519672648093,NA,NA,NA
"topology_ARG1",3755,"SCD",0.000143791042404695,NA,NA,NA
"topology_ARG1",3756,"ABCG2",0.00154702083903102,NA,NA,NA
"topology_ARG1",3757,"GABRA1",0.000512519672648093,NA,NA,NA
"topology_ARG1",3758,"GAD1",0.000786829139807432,NA,NA,NA
"topology_ARG1",3759,"TRPV1",0.00166711359586047,NA,NA,NA
"topology_ARG1",3760,"MECP2",0.000428908523146032,NA,NA,NA
"topology_ARG1",3761,"ADCY1",8.87083575196179e-06,NA,NA,NA
"topology_ARG1",3762,"SCN2A",9.6829057864789e-05,NA,NA,NA
"topology_ARG1",3763,"ADCY2",0,NA,NA,NA
"topology_ARG1",3764,"SLC6A3",0.000164253248760127,NA,NA,NA
"topology_ARG1",3765,"NR1H4",0.000150320210463128,NA,NA,NA
"topology_ARG1",3766,"CAMP",0.00129691841056656,NA,NA,NA
"topology_ARG1",3767,"GATM",0.000449150320023683,NA,NA,NA
"topology_ARG1",3768,"HK2",0.000296209764147126,NA,NA,NA
"topology_ARG1",3769,"STAT4",0.000324242289791776,NA,NA,NA
"topology_ARG1",3770,"RARA",0.000182812715244118,NA,NA,NA
"topology_ARG1",3771,"GCK",0.000213793988103061,NA,NA,NA
"topology_ARG1",3772,"KCNH2",0.000463751185241779,NA,NA,NA
"topology_ARG1",3773,"XBP1",0.00130705850242441,NA,NA,NA
"topology_ARG1",3774,"GCLC",8.05799891081538e-05,NA,NA,NA
"topology_ARG1",3775,"ADRB2",0.000148693401879507,NA,NA,NA
"topology_ARG1",3776,"GSR",0.00032731672891706,NA,NA,NA
"topology_ARG1",3777,"ABCG2",0.00154702083903102,NA,NA,NA
"topology_ARG1",3778,"GABBR1",0.000629351098106912,NA,NA,NA
"topology_ARG1",3779,"TFRC",0.000239327299633385,NA,NA,NA
"topology_ARG1",3780,"ACLY",0.000136799781064179,NA,NA,NA
"topology_ARG1",3781,"GCK",0.000213793988103061,NA,NA,NA
"topology_ARG1",3782,"GCK",0.000213793988103061,NA,NA,NA
"topology_ARG1",3783,"XDH",0.000207347108110545,NA,NA,NA
"topology_ARG1",3784,"CFTR",0.00160265872797649,NA,NA,NA
"topology_ARG1",3785,"GABRG2",6.25131802217682e-05,NA,NA,NA
"topology_ARG1",3786,"KCNQ2",0.000154321192943452,NA,NA,NA
"topology_ARG1",3787,"TFRC",0.000239327299633385,NA,NA,NA
"topology_ARG1",3788,"ADCY2",0,NA,NA,NA
"topology_ARG1",3789,"XBP1",0.00130705850242441,NA,NA,NA
"topology_ARG1",3790,"SLC6A3",0.000164253248760127,NA,NA,NA
"topology_ARG1",3791,"GABRG2",6.25131802217682e-05,NA,NA,NA
"topology_ARG1",3792,"TYMS",0.000142484575824997,NA,NA,NA
"topology_ARG1",3793,"CS",0.000203624857343709,NA,NA,NA
"topology_ARG1",3794,"GRM5",0.000204723227971049,NA,NA,NA
"topology_ARG1",3795,"KCNJ11",0.00241899994818762,NA,NA,NA
"topology_ARG1",3796,"GSR",0.00032731672891706,NA,NA,NA
"topology_ARG1",3797,"GAD1",0.000786829139807432,NA,NA,NA
"topology_ARG1",3798,"KCNJ11",0.00241899994818762,NA,NA,NA
"topology_ARG1",3799,"GCK",0.000213793988103061,NA,NA,NA
"topology_ARG1",3800,"GATM",0.000449150320023683,NA,NA,NA
"topology_ARG1",3801,"PLA2G4A",0.000158908171599248,NA,NA,NA
"topology_ARG1",3802,"NQO1",0.000518240501310552,NA,NA,NA
"topology_ARG1",3803,"XDH",0.000207347108110545,NA,NA,NA
"topology_ARG1",3804,"CS",0.000203624857343709,NA,NA,NA
"topology_ARG1",3805,"DPP4",0.00143001137023646,NA,NA,NA
"topology_ARG1",3806,"ADCY1",8.87083575196179e-06,NA,NA,NA
"topology_ARG1",3807,"GRM5",0.000204723227971049,NA,NA,NA
"topology_ARG1",3808,"TRPV1",0.00166711359586047,NA,NA,NA
"topology_ARG1",3809,"GRM5",0.000204723227971049,NA,NA,NA
"topology_ARG1",3810,"CAMP",0.00129691841056656,NA,NA,NA
"topology_ARG1",3811,"GAD1",0.000786829139807432,NA,NA,NA
"topology_ARG1",3812,"GABRG2",6.25131802217682e-05,NA,NA,NA
"topology_ARG1",3813,"CFTR",0.00160265872797649,NA,NA,NA
"topology_ARG1",3814,"AGXT2",0.000181321349120078,NA,NA,NA
"topology_ARG1",3815,"KCNH2",0.000463751185241779,NA,NA,NA
"topology_ARG1",3816,"KCNJ11",0.00241899994818762,NA,NA,NA
"topology_ARG1",3817,"GABRG2",6.25131802217682e-05,NA,NA,NA
"topology_ARG1",3818,"HPRT1",0.00041877379526456,NA,NA,NA
"topology_ARG1",3819,"SCN2A",9.6829057864789e-05,NA,NA,NA
"topology_ARG1",3820,"PTGS1",0.0001138588382259,NA,NA,NA
"topology_ARG1",3821,"CAMP",0.00129691841056656,NA,NA,NA
"topology_ARG1",3822,"TRPV1",0.00166711359586047,NA,NA,NA
"topology_ARG1",3823,"PLA2G4A",0.000158908171599248,NA,NA,NA
"topology_ARG1",3824,"HK2",0.000296209764147126,NA,NA,NA
"topology_ARG1",3825,"PRKAG2",0.00023019859617357,NA,NA,NA
"topology_ARG1",3826,"PTH",0.00019439506068486,NA,NA,NA
"topology_ARG1",3827,"SCD",0.000143791042404695,NA,NA,NA
"topology_ARG1",3828,"AGXT2",0.000181321349120078,NA,NA,NA
"topology_ARG1",3829,"ADRB2",0.000148693401879507,NA,NA,NA
"topology_ARG1",3830,"CFTR",0.00160265872797649,NA,NA,NA
"topology_ARG1",3831,"ADCY2",0,NA,NA,NA
"topology_ARG1",3832,"GATM",0.000449150320023683,NA,NA,NA
"topology_ARG1",3833,"NQO1",0.000518240501310552,NA,NA,NA
"topology_ARG1",3834,"KCNQ2",0.000154321192943452,NA,NA,NA
"topology_ARG1",3835,"ABCG2",0.00154702083903102,NA,NA,NA
"topology_ARG1",3836,"TYMS",0.000142484575824997,NA,NA,NA
"topology_ARG1",3837,"KCNQ2",0.000154321192943452,NA,NA,NA
"topology_ARG1",3838,"ACLY",0.000136799781064179,NA,NA,NA
"topology_ARG1",3839,"GABRG2",6.25131802217682e-05,NA,NA,NA
"topology_ARG1",3840,"KCNH2",0.000463751185241779,NA,NA,NA
"topology_ARG1",3841,"AGXT2",0.000181321349120078,NA,NA,NA
"topology_ARG1",3842,"SDHA",0.000611111269984921,NA,NA,NA
"topology_ARG1",3843,"GCK",0.000213793988103061,NA,NA,NA
"topology_ARG1",3844,"GCK",0.000213793988103061,NA,NA,NA
"topology_ARG1",3845,"NR1H4",0.000150320210463128,NA,NA,NA
"topology_ARG1",3846,"SLC6A3",0.000164253248760127,NA,NA,NA
"topology_ARG1",3847,"CS",0.000203624857343709,NA,NA,NA
"topology_ARG1",3848,"ADCY1",8.87083575196179e-06,NA,NA,NA
"topology_ARG1",3849,"NQO1",0.000518240501310552,NA,NA,NA
"topology_ARG1",3850,"ADCY1",8.87083575196179e-06,NA,NA,NA
"topology_ARG1",3851,"TYMS",0.000142484575824997,NA,NA,NA
"topology_ARG1",3852,"SCN1B",0.00123489854843939,NA,NA,NA
"topology_ARG1",3853,"TRPV1",0.00166711359586047,NA,NA,NA
"topology_ARG1",3854,"GABRG2",6.25131802217682e-05,NA,NA,NA
"topology_ARG1",3855,"GCK",0.000213793988103061,NA,NA,NA
"topology_ARG1",3856,"CS",0.000203624857343709,NA,NA,NA
"topology_ARG1",3857,"CFTR",0.00160265872797649,NA,NA,NA
"topology_ARG1",3858,"HK2",0.000296209764147126,NA,NA,NA
"topology_ARG1",3859,"PCNA",0.000281828068793732,NA,NA,NA
"topology_ARG1",3860,"CAMP",0.00129691841056656,NA,NA,NA
"topology_ARG1",3861,"PTH",0.00019439506068486,NA,NA,NA
"topology_ARG1",3862,"PTGS1",0.0001138588382259,NA,NA,NA
"topology_ARG1",3863,"KCNQ2",0.000154321192943452,NA,NA,NA
"topology_ARG1",3864,"PTGS1",0.0001138588382259,NA,NA,NA
"topology_ARG1",3865,"TRPV1",0.00166711359586047,NA,NA,NA
"topology_ARG1",3866,"ADCY2",0,NA,NA,NA
"topology_ARG1",3867,"GABRG2",6.25131802217682e-05,NA,NA,NA
"topology_ARG1",3868,"DRD2",0.000217393825030943,NA,NA,NA
"topology_ARG1",3869,"PLA2G4A",0.000158908171599248,NA,NA,NA
"topology_ARG1",3870,"TRPV1",0.00166711359586047,NA,NA,NA
"topology_ARG1",3871,"GABRB3",0.000120726283226125,NA,NA,NA
"topology_ARG1",3872,"KCNQ2",0.000154321192943452,NA,NA,NA
"topology_ARG1",3873,"CS",0.000203624857343709,NA,NA,NA
"topology_ARG1",3874,"PTH",0.00019439506068486,NA,NA,NA
"topology_ARG1",3875,"DRD2",0.000217393825030943,NA,NA,NA
"topology_ARG1",3876,"KCNJ11",0.00241899994818762,NA,NA,NA
"topology_ARG1",3877,"ACLY",0.000136799781064179,NA,NA,NA
"topology_ARG1",3878,"GFAP",0.000240332727610593,NA,NA,NA
"topology_ARG1",3879,"TRPV4",0.000106153420904809,NA,NA,NA
"topology_ARG1",3880,"SLC6A3",0.000164253248760127,NA,NA,NA
"topology_ARG1",3881,"AGXT2",0.000181321349120078,NA,NA,NA
"topology_ARG1",3882,"HK2",0.000296209764147126,NA,NA,NA
"topology_ARG1",3883,"ADCY2",0,NA,NA,NA
"topology_ARG1",3884,"GSR",0.00032731672891706,NA,NA,NA
"topology_ARG1",3885,"DRD2",0.000217393825030943,NA,NA,NA
"topology_ARG1",3886,"SLC6A3",0.000164253248760127,NA,NA,NA
"topology_ARG1",3887,"XBP1",0.00130705850242441,NA,NA,NA
"topology_ARG1",3888,"CS",0.000203624857343709,NA,NA,NA
"topology_ARG1",3889,"GABRG2",6.25131802217682e-05,NA,NA,NA
"topology_ARG1",3890,"GABRA1",0.000512519672648093,NA,NA,NA
"topology_ARG1",3891,"HPRT1",0.00041877379526456,NA,NA,NA
"topology_ARG1",3892,"TAC1",0.001463424927591,NA,NA,NA
"topology_ARG1",3893,"ADCY1",8.87083575196179e-06,NA,NA,NA
"topology_ARG1",3894,"PLA2G4A",0.000158908171599248,NA,NA,NA
"topology_ARG1",3895,"SCD",0.000143791042404695,NA,NA,NA
"topology_ARG1",3896,"PTGS1",0.0001138588382259,NA,NA,NA
"topology_ARG1",3897,"MECP2",0.000428908523146032,NA,NA,NA
"topology_ARG1",3898,"GFAP",0.000240332727610593,NA,NA,NA
"topology_ARG1",3899,"SCN2A",9.6829057864789e-05,NA,NA,NA
"topology_ARG1",3900,"DPP4",0.00143001137023646,NA,NA,NA
"topology_ARG1",3901,"CFTR",0.00160265872797649,NA,NA,NA
"topology_ARG1",3902,"KCNJ11",0.00241899994818762,NA,NA,NA
"topology_ARG1",3903,"SDHA",0.000611111269984921,NA,NA,NA
"topology_ARG1",3904,"TFRC",0.000239327299633385,NA,NA,NA
"topology_ARG1",3905,"SDHA",0.000611111269984921,NA,NA,NA
"topology_ARG1",3906,"SCN2A",9.6829057864789e-05,NA,NA,NA
"topology_ARG1",3907,"SCD",0.000143791042404695,NA,NA,NA
"topology_ARG1",3908,"TRPV4",0.000106153420904809,NA,NA,NA
"topology_ARG1",3909,"ABCG2",0.00154702083903102,NA,NA,NA
"topology_ARG1",3910,"CS",0.000203624857343709,NA,NA,NA
"topology_ARG1",3911,"GABBR1",0.000629351098106912,NA,NA,NA
"topology_ARG1",3912,"HK2",0.000296209764147126,NA,NA,NA
"topology_ARG1",3913,"MT-CYB",0.000203007681716216,NA,NA,NA
"topology_ARG1",3914,"TRPV1",0.00166711359586047,NA,NA,NA
"topology_ARG1",3915,"SDHA",0.000611111269984921,NA,NA,NA
"topology_ARG1",3916,"DPP4",0.00143001137023646,NA,NA,NA
"topology_ARG1",3917,"ADRB2",0.000148693401879507,NA,NA,NA
"topology_ARG1",3918,"CFTR",0.00160265872797649,NA,NA,NA
"topology_ARG1",3919,"GATM",0.000449150320023683,NA,NA,NA
"topology_ARG1",3920,"HPRT1",0.00041877379526456,NA,NA,NA
"topology_ARG1",3921,"ADRB2",0.000148693401879507,NA,NA,NA
"topology_ARG1",3922,"PTH",0.00019439506068486,NA,NA,NA
"topology_ARG1",3923,"GAD1",0.000786829139807432,NA,NA,NA
"topology_ARG1",3924,"TRPV1",0.00166711359586047,NA,NA,NA
"topology_ARG1",3925,"GABRB3",0.000120726283226125,NA,NA,NA
"topology_ARG1",3926,"GCLC",8.05799891081538e-05,NA,NA,NA
"topology_ARG1",3927,"TRPV4",0.000106153420904809,NA,NA,NA
"topology_ARG1",3928,"PCNA",0.000281828068793732,NA,NA,NA
"topology_ARG1",3929,"TAC1",0.001463424927591,NA,NA,NA
"topology_ARG1",3930,"GABBR1",0.000629351098106912,NA,NA,NA
"topology_ARG1",3931,"GCLC",8.05799891081538e-05,NA,NA,NA
"topology_ARG1",3932,"KCNQ2",0.000154321192943452,NA,NA,NA
"topology_ARG1",3933,"MECP2",0.000428908523146032,NA,NA,NA
"topology_ARG1",3934,"AGXT2",0.000181321349120078,NA,NA,NA
"topology_ARG1",3935,"ADCY1",8.87083575196179e-06,NA,NA,NA
"topology_ARG1",3936,"ADRB2",0.000148693401879507,NA,NA,NA
"topology_ARG1",3937,"GATM",0.000449150320023683,NA,NA,NA
"topology_ARG1",3938,"DRD2",0.000217393825030943,NA,NA,NA
"topology_ARG1",3939,"KCNQ2",0.000154321192943452,NA,NA,NA
"topology_ARG1",3940,"GSR",0.00032731672891706,NA,NA,NA
"topology_ARG1",3941,"STAT4",0.000324242289791776,NA,NA,NA
"topology_ARG1",3942,"RARA",0.000182812715244118,NA,NA,NA
"topology_ARG1",3943,"TFRC",0.000239327299633385,NA,NA,NA
"topology_ARG1",3944,"PTGS1",0.0001138588382259,NA,NA,NA
"topology_ARG1",3945,"KCNQ2",0.000154321192943452,NA,NA,NA
"topology_ARG1",3946,"TRPV4",0.000106153420904809,NA,NA,NA
"topology_ARG1",3947,"GABRB3",0.000120726283226125,NA,NA,NA
"topology_ARG1",3948,"SCN1B",0.00123489854843939,NA,NA,NA
"topology_ARG1",3949,"KCNH2",0.000463751185241779,NA,NA,NA
"topology_ARG1",3950,"DPP4",0.00143001137023646,NA,NA,NA
"topology_ARG1",3951,"TRPV1",0.00166711359586047,NA,NA,NA
"topology_ARG1",3952,"SCN2A",9.6829057864789e-05,NA,NA,NA
"topology_ARG1",3953,"ABCG2",0.00154702083903102,NA,NA,NA
"topology_ARG1",3954,"PRKAG2",0.00023019859617357,NA,NA,NA
"topology_ARG1",3955,"TYMS",0.000142484575824997,NA,NA,NA
"topology_ARG1",3956,"SCN2A",9.6829057864789e-05,NA,NA,NA
"topology_ARG1",3957,"SDHA",0.000611111269984921,NA,NA,NA
"topology_ARG1",3958,"DPP4",0.00143001137023646,NA,NA,NA
"topology_ARG1",3959,"HPRT1",0.00041877379526456,NA,NA,NA
"topology_ARG1",3960,"DRD2",0.000217393825030943,NA,NA,NA
"topology_ARG1",3961,"GABRA1",0.000512519672648093,NA,NA,NA
"topology_ARG1",3962,"XDH",0.000207347108110545,NA,NA,NA
"topology_ARG1",3963,"STAT4",0.000324242289791776,NA,NA,NA
"topology_ARG1",3964,"KCNH2",0.000463751185241779,NA,NA,NA
"topology_ARG1",3965,"ABCG2",0.00154702083903102,NA,NA,NA
"topology_ARG1",3966,"GCLC",8.05799891081538e-05,NA,NA,NA
"topology_ARG1",3967,"CS",0.000203624857343709,NA,NA,NA
"topology_ARG1",3968,"XBP1",0.00130705850242441,NA,NA,NA
"topology_ARG1",3969,"XBP1",0.00130705850242441,NA,NA,NA
"topology_ARG1",3970,"GABBR1",0.000629351098106912,NA,NA,NA
"topology_ARG1",3971,"TFRC",0.000239327299633385,NA,NA,NA
"topology_ARG1",3972,"SCN1B",0.00123489854843939,NA,NA,NA
"topology_ARG1",3973,"TRPV1",0.00166711359586047,NA,NA,NA
"topology_ARG1",3974,"ACLY",0.000136799781064179,NA,NA,NA
"topology_ARG1",3975,"GABBR1",0.000629351098106912,NA,NA,NA
"topology_ARG1",3976,"TAC1",0.001463424927591,NA,NA,NA
"topology_ARG1",3977,"CS",0.000203624857343709,NA,NA,NA
"topology_ARG1",3978,"DPP4",0.00143001137023646,NA,NA,NA
"topology_ARG1",3979,"PTH",0.00019439506068486,NA,NA,NA
"topology_ARG1",3980,"XBP1",0.00130705850242441,NA,NA,NA
"topology_ARG1",3981,"GATM",0.000449150320023683,NA,NA,NA
"topology_ARG1",3982,"GABRA1",0.000512519672648093,NA,NA,NA
"topology_ARG1",3983,"NR1H4",0.000150320210463128,NA,NA,NA
"topology_ARG1",3984,"GRM5",0.000204723227971049,NA,NA,NA
"topology_ARG1",3985,"STAT4",0.000324242289791776,NA,NA,NA
"topology_ARG1",3986,"TRPV1",0.00166711359586047,NA,NA,NA
"topology_ARG1",3987,"DPP4",0.00143001137023646,NA,NA,NA
"topology_ARG1",3988,"TYMS",0.000142484575824997,NA,NA,NA
"topology_ARG1",3989,"PLA2G4A",0.000158908171599248,NA,NA,NA
"topology_ARG1",3990,"SCN1B",0.00123489854843939,NA,NA,NA
"topology_ARG1",3991,"KCNJ11",0.00241899994818762,NA,NA,NA
"topology_ARG1",3992,"CFTR",0.00160265872797649,NA,NA,NA
"topology_ARG1",3993,"TAC1",0.001463424927591,NA,NA,NA
"topology_ARG1",3994,"XDH",0.000207347108110545,NA,NA,NA
"topology_ARG1",3995,"PTGS1",0.0001138588382259,NA,NA,NA
"topology_ARG1",3996,"DRD2",0.000217393825030943,NA,NA,NA
"topology_ARG1",3997,"GCLC",8.05799891081538e-05,NA,NA,NA
"topology_ARG1",3998,"GRM5",0.000204723227971049,NA,NA,NA
"topology_ARG1",3999,"TRPV1",0.00166711359586047,NA,NA,NA
"topology_ARG1",4000,"PTGS1",0.0001138588382259,NA,NA,NA
"topology_ARG1",4001,"PTH",0.00019439506068486,NA,NA,NA
"topology_ARG1",4002,"TRPV1",0.00166711359586047,NA,NA,NA
"topology_ARG1",4003,"TRPV1",0.00166711359586047,NA,NA,NA
"topology_ARG1",4004,"HK2",0.000296209764147126,NA,NA,NA
"topology_ARG1",4005,"GABRA1",0.000512519672648093,NA,NA,NA
"topology_ARG1",4006,"TFRC",0.000239327299633385,NA,NA,NA
"topology_ARG1",4007,"GABRG2",6.25131802217682e-05,NA,NA,NA
"topology_ARG1",4008,"ADCY1",8.87083575196179e-06,NA,NA,NA
"topology_ARG1",4009,"PCNA",0.000281828068793732,NA,NA,NA
"topology_ARG1",4010,"PTGS1",0.0001138588382259,NA,NA,NA
"topology_ARG1",4011,"HPRT1",0.00041877379526456,NA,NA,NA
"topology_ARG1",4012,"KCNQ2",0.000154321192943452,NA,NA,NA
"topology_ARG1",4013,"TAC1",0.001463424927591,NA,NA,NA
"topology_ARG1",4014,"MECP2",0.000428908523146032,NA,NA,NA
"topology_ARG1",4015,"PTGS1",0.0001138588382259,NA,NA,NA
"topology_ARG1",4016,"RARA",0.000182812715244118,NA,NA,NA
"topology_ARG1",4017,"GRM5",0.000204723227971049,NA,NA,NA
"topology_ARG1",4018,"GFAP",0.000240332727610593,NA,NA,NA
"topology_ARG1",4019,"GFAP",0.000240332727610593,NA,NA,NA
"topology_ARG1",4020,"MT-CYB",0.000203007681716216,NA,NA,NA
"topology_ARG1",4021,"DRD2",0.000217393825030943,NA,NA,NA
"topology_ARG1",4022,"GAD1",0.000786829139807432,NA,NA,NA
"topology_ARG1",4023,"GSR",0.00032731672891706,NA,NA,NA
"topology_ARG1",4024,"SCD",0.000143791042404695,NA,NA,NA
"topology_ARG1",4025,"PCNA",0.000281828068793732,NA,NA,NA
"topology_ARG1",4026,"PTGS1",0.0001138588382259,NA,NA,NA
"topology_ARG1",4027,"DRD2",0.000217393825030943,NA,NA,NA
"topology_ARG1",4028,"RARA",0.000182812715244118,NA,NA,NA
"topology_ARG1",4029,"ADCY1",8.87083575196179e-06,NA,NA,NA
"topology_ARG1",4030,"CAMP",0.00129691841056656,NA,NA,NA
"topology_ARG1",4031,"SCN2A",9.6829057864789e-05,NA,NA,NA
"topology_ARG1",4032,"MT-CYB",0.000203007681716216,NA,NA,NA
"topology_ARG1",4033,"TFRC",0.000239327299633385,NA,NA,NA
"topology_ARG1",4034,"GATM",0.000449150320023683,NA,NA,NA
"topology_ARG1",4035,"ACLY",0.000136799781064179,NA,NA,NA
"topology_ARG1",4036,"SLC6A3",0.000164253248760127,NA,NA,NA
"topology_ARG1",4037,"GABRB3",0.000120726283226125,NA,NA,NA
"topology_ARG1",4038,"NQO1",0.000518240501310552,NA,NA,NA
"topology_ARG1",4039,"XDH",0.000207347108110545,NA,NA,NA
"topology_ARG1",4040,"GATM",0.000449150320023683,NA,NA,NA
"topology_ARG1",4041,"PLA2G4A",0.000158908171599248,NA,NA,NA
"topology_ARG1",4042,"GCK",0.000213793988103061,NA,NA,NA
"topology_ARG1",4043,"DPP4",0.00143001137023646,NA,NA,NA
"topology_ARG1",4044,"KCNQ2",0.000154321192943452,NA,NA,NA
"topology_ARG1",4045,"GCK",0.000213793988103061,NA,NA,NA
"topology_ARG1",4046,"MT-CYB",0.000203007681716216,NA,NA,NA
"topology_ARG1",4047,"NR1H4",0.000150320210463128,NA,NA,NA
"topology_ARG1",4048,"SCN1B",0.00123489854843939,NA,NA,NA
"topology_ARG1",4049,"STAT4",0.000324242289791776,NA,NA,NA
"topology_ARG1",4050,"XBP1",0.00130705850242441,NA,NA,NA
"topology_ARG1",4051,"HK2",0.000296209764147126,NA,NA,NA
"topology_ARG1",4052,"TRPV1",0.00166711359586047,NA,NA,NA
"topology_ARG1",4053,"GABRB3",0.000120726283226125,NA,NA,NA
"topology_ARG1",4054,"ABCG2",0.00154702083903102,NA,NA,NA
"topology_ARG1",4055,"XBP1",0.00130705850242441,NA,NA,NA
"topology_ARG1",4056,"TYMS",0.000142484575824997,NA,NA,NA
"topology_ARG1",4057,"TRPV4",0.000106153420904809,NA,NA,NA
"topology_ARG1",4058,"ADCY2",0,NA,NA,NA
"topology_ARG1",4059,"MECP2",0.000428908523146032,NA,NA,NA
"topology_ARG1",4060,"TRPV4",0.000106153420904809,NA,NA,NA
"topology_ARG1",4061,"HK2",0.000296209764147126,NA,NA,NA
"topology_ARG1",4062,"TRPV1",0.00166711359586047,NA,NA,NA
"topology_ARG1",4063,"XDH",0.000207347108110545,NA,NA,NA
"topology_ARG1",4064,"ADCY2",0,NA,NA,NA
"topology_ARG1",4065,"MT-CYB",0.000203007681716216,NA,NA,NA
"topology_ARG1",4066,"SCN1B",0.00123489854843939,NA,NA,NA
"topology_ARG1",4067,"PRKAG2",0.00023019859617357,NA,NA,NA
"topology_ARG1",4068,"ABCG2",0.00154702083903102,NA,NA,NA
"topology_ARG1",4069,"SDHA",0.000611111269984921,NA,NA,NA
"topology_ARG1",4070,"RARA",0.000182812715244118,NA,NA,NA
"topology_ARG1",4071,"XDH",0.000207347108110545,NA,NA,NA
"topology_ARG1",4072,"GRM5",0.000204723227971049,NA,NA,NA
"topology_ARG1",4073,"PTH",0.00019439506068486,NA,NA,NA
"topology_ARG1",4074,"ACLY",0.000136799781064179,NA,NA,NA
"topology_ARG1",4075,"MECP2",0.000428908523146032,NA,NA,NA
"topology_ARG1",4076,"SDHA",0.000611111269984921,NA,NA,NA
"topology_ARG1",4077,"GCK",0.000213793988103061,NA,NA,NA
"topology_ARG1",4078,"GSR",0.00032731672891706,NA,NA,NA
"topology_ARG1",4079,"NQO1",0.000518240501310552,NA,NA,NA
"topology_ARG1",4080,"GCLC",8.05799891081538e-05,NA,NA,NA
"topology_ARG1",4081,"PLA2G4A",0.000158908171599248,NA,NA,NA
"topology_ARG1",4082,"PTH",0.00019439506068486,NA,NA,NA
"topology_ARG1",4083,"TAC1",0.001463424927591,NA,NA,NA
"topology_ARG1",4084,"TRPV4",0.000106153420904809,NA,NA,NA
"topology_ARG1",4085,"KCNH2",0.000463751185241779,NA,NA,NA
"topology_ARG1",4086,"PCNA",0.000281828068793732,NA,NA,NA
"topology_ARG1",4087,"MT-CYB",0.000203007681716216,NA,NA,NA
"topology_ARG1",4088,"SDHA",0.000611111269984921,NA,NA,NA
"topology_ARG1",4089,"SCN2A",9.6829057864789e-05,NA,NA,NA
"topology_ARG1",4090,"ACLY",0.000136799781064179,NA,NA,NA
"topology_ARG1",4091,"TRPV4",0.000106153420904809,NA,NA,NA
"topology_ARG1",4092,"KCNJ11",0.00241899994818762,NA,NA,NA
"topology_ARG1",4093,"ADRB2",0.000148693401879507,NA,NA,NA
"topology_ARG1",4094,"DPP4",0.00143001137023646,NA,NA,NA
"topology_ARG1",4095,"MT-CYB",0.000203007681716216,NA,NA,NA
"topology_ARG1",4096,"KCNJ11",0.00241899994818762,NA,NA,NA
"topology_ARG1",4097,"XBP1",0.00130705850242441,NA,NA,NA
"topology_ARG1",4098,"CFTR",0.00160265872797649,NA,NA,NA
"topology_ARG1",4099,"MECP2",0.000428908523146032,NA,NA,NA
"topology_ARG1",4100,"XBP1",0.00130705850242441,NA,NA,NA
"topology_ARG1",4101,"ADCY1",8.87083575196179e-06,NA,NA,NA
"topology_ARG1",4102,"GABRA1",0.000512519672648093,NA,NA,NA
"topology_ARG1",4103,"SCN1B",0.00123489854843939,NA,NA,NA
"topology_ARG1",4104,"CS",0.000203624857343709,NA,NA,NA
"topology_ARG1",4105,"GAD1",0.000786829139807432,NA,NA,NA
"topology_ARG1",4106,"ADCY1",8.87083575196179e-06,NA,NA,NA
"topology_ARG1",4107,"NQO1",0.000518240501310552,NA,NA,NA
"topology_ARG1",4108,"SCN1B",0.00123489854843939,NA,NA,NA
"topology_ARG1",4109,"GABBR1",0.000629351098106912,NA,NA,NA
"topology_ARG1",4110,"TRPV4",0.000106153420904809,NA,NA,NA
"topology_ARG1",4111,"ACLY",0.000136799781064179,NA,NA,NA
"topology_ARG1",4112,"NR1H4",0.000150320210463128,NA,NA,NA
"topology_ARG1",4113,"TRPV1",0.00166711359586047,NA,NA,NA
"topology_ARG1",4114,"MECP2",0.000428908523146032,NA,NA,NA
"topology_ARG1",4115,"HK2",0.000296209764147126,NA,NA,NA
"topology_ARG1",4116,"TFRC",0.000239327299633385,NA,NA,NA
"topology_ARG1",4117,"MT-CYB",0.000203007681716216,NA,NA,NA
"topology_ARG1",4118,"GABRG2",6.25131802217682e-05,NA,NA,NA
"topology_ARG1",4119,"STAT4",0.000324242289791776,NA,NA,NA
"topology_ARG1",4120,"SCD",0.000143791042404695,NA,NA,NA
"topology_ARG1",4121,"KCNQ2",0.000154321192943452,NA,NA,NA
"topology_ARG1",4122,"CFTR",0.00160265872797649,NA,NA,NA
"topology_ARG1",4123,"MT-CYB",0.000203007681716216,NA,NA,NA
"topology_ARG1",4124,"HK2",0.000296209764147126,NA,NA,NA
"topology_ARG1",4125,"SDHA",0.000611111269984921,NA,NA,NA
"topology_ARG1",4126,"PCNA",0.000281828068793732,NA,NA,NA
"topology_ARG1",4127,"GCK",0.000213793988103061,NA,NA,NA
"topology_ARG1",4128,"NR1H4",0.000150320210463128,NA,NA,NA
"topology_ARG1",4129,"NR1H4",0.000150320210463128,NA,NA,NA
"topology_ARG1",4130,"HK2",0.000296209764147126,NA,NA,NA
"topology_ARG1",4131,"NQO1",0.000518240501310552,NA,NA,NA
"topology_ARG1",4132,"NR1H4",0.000150320210463128,NA,NA,NA
"topology_ARG1",4133,"PCNA",0.000281828068793732,NA,NA,NA
"topology_ARG1",4134,"XBP1",0.00130705850242441,NA,NA,NA
"topology_ARG1",4135,"GATM",0.000449150320023683,NA,NA,NA
"topology_ARG1",4136,"KCNQ2",0.000154321192943452,NA,NA,NA
"topology_ARG1",4137,"DRD2",0.000217393825030943,NA,NA,NA
"topology_ARG1",4138,"GABRG2",6.25131802217682e-05,NA,NA,NA
"topology_ARG1",4139,"STAT4",0.000324242289791776,NA,NA,NA
"topology_ARG1",4140,"CFTR",0.00160265872797649,NA,NA,NA
"topology_ARG1",4141,"KCNQ2",0.000154321192943452,NA,NA,NA
"topology_ARG1",4142,"GABBR1",0.000629351098106912,NA,NA,NA
"topology_ARG1",4143,"ADCY1",8.87083575196179e-06,NA,NA,NA
"topology_ARG1",4144,"GABRA1",0.000512519672648093,NA,NA,NA
"topology_ARG1",4145,"TYMS",0.000142484575824997,NA,NA,NA
"topology_ARG1",4146,"DPP4",0.00143001137023646,NA,NA,NA
"topology_ARG1",4147,"XBP1",0.00130705850242441,NA,NA,NA
"topology_ARG1",4148,"RARA",0.000182812715244118,NA,NA,NA
"topology_ARG1",4149,"MT-CYB",0.000203007681716216,NA,NA,NA
"topology_ARG1",4150,"XDH",0.000207347108110545,NA,NA,NA
"topology_ARG1",4151,"DRD2",0.000217393825030943,NA,NA,NA
"topology_ARG1",4152,"TAC1",0.001463424927591,NA,NA,NA
"topology_ARG1",4153,"SCN1B",0.00123489854843939,NA,NA,NA
"topology_ARG1",4154,"GABRG2",6.25131802217682e-05,NA,NA,NA
"topology_ARG1",4155,"KCNH2",0.000463751185241779,NA,NA,NA
"topology_ARG1",4156,"CS",0.000203624857343709,NA,NA,NA
"topology_ARG1",4157,"GRM5",0.000204723227971049,NA,NA,NA
"topology_ARG1",4158,"GABRA1",0.000512519672648093,NA,NA,NA
"topology_ARG1",4159,"KCNQ2",0.000154321192943452,NA,NA,NA
"topology_ARG1",4160,"XDH",0.000207347108110545,NA,NA,NA
"topology_ARG1",4161,"ADRB2",0.000148693401879507,NA,NA,NA
"topology_ARG1",4162,"TRPV4",0.000106153420904809,NA,NA,NA
"topology_ARG1",4163,"GCLC",8.05799891081538e-05,NA,NA,NA
"topology_ARG1",4164,"HK2",0.000296209764147126,NA,NA,NA
"topology_ARG1",4165,"GSR",0.00032731672891706,NA,NA,NA
"topology_ARG1",4166,"GRM5",0.000204723227971049,NA,NA,NA
"topology_ARG1",4167,"TRPV1",0.00166711359586047,NA,NA,NA
"topology_ARG1",4168,"ADCY2",0,NA,NA,NA
"topology_ARG1",4169,"TFRC",0.000239327299633385,NA,NA,NA
"topology_ARG1",4170,"GCK",0.000213793988103061,NA,NA,NA
"topology_ARG1",4171,"SCN1B",0.00123489854843939,NA,NA,NA
"topology_ARG1",4172,"CS",0.000203624857343709,NA,NA,NA
"topology_ARG1",4173,"SDHA",0.000611111269984921,NA,NA,NA
"topology_ARG1",4174,"GSR",0.00032731672891706,NA,NA,NA
"topology_ARG1",4175,"ADCY1",8.87083575196179e-06,NA,NA,NA
"topology_ARG1",4176,"ADRB2",0.000148693401879507,NA,NA,NA
"topology_ARG1",4177,"KCNQ2",0.000154321192943452,NA,NA,NA
"topology_ARG1",4178,"HPRT1",0.00041877379526456,NA,NA,NA
"topology_ARG1",4179,"TAC1",0.001463424927591,NA,NA,NA
"topology_ARG1",4180,"TRPV4",0.000106153420904809,NA,NA,NA
"topology_ARG1",4181,"PCNA",0.000281828068793732,NA,NA,NA
"topology_ARG1",4182,"TYMS",0.000142484575824997,NA,NA,NA
"topology_ARG1",4183,"SCD",0.000143791042404695,NA,NA,NA
"topology_ARG1",4184,"ACLY",0.000136799781064179,NA,NA,NA
"topology_ARG1",4185,"PTH",0.00019439506068486,NA,NA,NA
"topology_ARG1",4186,"TAC1",0.001463424927591,NA,NA,NA
"topology_ARG1",4187,"ADCY1",8.87083575196179e-06,NA,NA,NA
"topology_ARG1",4188,"MECP2",0.000428908523146032,NA,NA,NA
"topology_ARG1",4189,"ADRB2",0.000148693401879507,NA,NA,NA
"topology_ARG1",4190,"SCD",0.000143791042404695,NA,NA,NA
"topology_ARG1",4191,"GRM5",0.000204723227971049,NA,NA,NA
"topology_ARG1",4192,"ADRB2",0.000148693401879507,NA,NA,NA
"topology_ARG1",4193,"NR1H4",0.000150320210463128,NA,NA,NA
"topology_ARG1",4194,"TFRC",0.000239327299633385,NA,NA,NA
"topology_ARG1",4195,"GABBR1",0.000629351098106912,NA,NA,NA
"topology_ARG1",4196,"MT-CYB",0.000203007681716216,NA,NA,NA
"topology_ARG1",4197,"GCLC",8.05799891081538e-05,NA,NA,NA
"topology_ARG1",4198,"HPRT1",0.00041877379526456,NA,NA,NA
"topology_ARG1",4199,"ADCY2",0,NA,NA,NA
"topology_ARG1",4200,"KCNJ11",0.00241899994818762,NA,NA,NA
"topology_ARG1",4201,"GABRG2",6.25131802217682e-05,NA,NA,NA
"topology_ARG1",4202,"TRPV4",0.000106153420904809,NA,NA,NA
"topology_ARG1",4203,"PLA2G4A",0.000158908171599248,NA,NA,NA
"topology_ARG1",4204,"PTGS1",0.0001138588382259,NA,NA,NA
"topology_ARG1",4205,"CAMP",0.00129691841056656,NA,NA,NA
"topology_ARG1",4206,"TRPV4",0.000106153420904809,NA,NA,NA
"topology_ARG1",4207,"GSR",0.00032731672891706,NA,NA,NA
"topology_ARG1",4208,"GABRG2",6.25131802217682e-05,NA,NA,NA
"topology_ARG1",4209,"SCN2A",9.6829057864789e-05,NA,NA,NA
"topology_ARG1",4210,"KCNQ2",0.000154321192943452,NA,NA,NA
"topology_ARG1",4211,"ADCY2",0,NA,NA,NA
"topology_ARG1",4212,"TRPV1",0.00166711359586047,NA,NA,NA
"topology_ARG1",4213,"KCNJ11",0.00241899994818762,NA,NA,NA
"topology_ARG1",4214,"PTH",0.00019439506068486,NA,NA,NA
"topology_ARG1",4215,"XDH",0.000207347108110545,NA,NA,NA
"topology_ARG1",4216,"MECP2",0.000428908523146032,NA,NA,NA
"topology_ARG1",4217,"KCNQ2",0.000154321192943452,NA,NA,NA
"topology_ARG1",4218,"TYMS",0.000142484575824997,NA,NA,NA
"topology_ARG1",4219,"ABCG2",0.00154702083903102,NA,NA,NA
"topology_ARG1",4220,"GABRB3",0.000120726283226125,NA,NA,NA
"topology_ARG1",4221,"XBP1",0.00130705850242441,NA,NA,NA
"topology_ARG1",4222,"GABRB3",0.000120726283226125,NA,NA,NA
"topology_ARG1",4223,"GABBR1",0.000629351098106912,NA,NA,NA
"topology_ARG1",4224,"MT-CYB",0.000203007681716216,NA,NA,NA
"topology_ARG1",4225,"TRPV4",0.000106153420904809,NA,NA,NA
"topology_ARG1",4226,"GABRB3",0.000120726283226125,NA,NA,NA
"topology_ARG1",4227,"HK2",0.000296209764147126,NA,NA,NA
"topology_ARG1",4228,"DPP4",0.00143001137023646,NA,NA,NA
"topology_ARG1",4229,"GSR",0.00032731672891706,NA,NA,NA
"topology_ARG1",4230,"GAD1",0.000786829139807432,NA,NA,NA
"topology_ARG1",4231,"MECP2",0.000428908523146032,NA,NA,NA
"topology_ARG1",4232,"STAT4",0.000324242289791776,NA,NA,NA
"topology_ARG1",4233,"TRPV4",0.000106153420904809,NA,NA,NA
"topology_ARG1",4234,"MECP2",0.000428908523146032,NA,NA,NA
"topology_ARG1",4235,"NQO1",0.000518240501310552,NA,NA,NA
"topology_ARG1",4236,"PCNA",0.000281828068793732,NA,NA,NA
"topology_ARG1",4237,"GABBR1",0.000629351098106912,NA,NA,NA
"topology_ARG1",4238,"RARA",0.000182812715244118,NA,NA,NA
"topology_ARG1",4239,"CS",0.000203624857343709,NA,NA,NA
"topology_ARG1",4240,"DPP4",0.00143001137023646,NA,NA,NA
"topology_ARG1",4241,"ADRB2",0.000148693401879507,NA,NA,NA
"topology_ARG1",4242,"RARA",0.000182812715244118,NA,NA,NA
"topology_ARG1",4243,"ADRB2",0.000148693401879507,NA,NA,NA
"topology_ARG1",4244,"GATM",0.000449150320023683,NA,NA,NA
"topology_ARG1",4245,"SDHA",0.000611111269984921,NA,NA,NA
"topology_ARG1",4246,"GABRA1",0.000512519672648093,NA,NA,NA
"topology_ARG1",4247,"GABRB3",0.000120726283226125,NA,NA,NA
"topology_ARG1",4248,"STAT4",0.000324242289791776,NA,NA,NA
"topology_ARG1",4249,"ABCG2",0.00154702083903102,NA,NA,NA
"topology_ARG1",4250,"ADCY1",8.87083575196179e-06,NA,NA,NA
"topology_ARG1",4251,"GABRG2",6.25131802217682e-05,NA,NA,NA
"topology_ARG1",4252,"HK2",0.000296209764147126,NA,NA,NA
"topology_ARG1",4253,"KCNJ11",0.00241899994818762,NA,NA,NA
"topology_ARG1",4254,"ACLY",0.000136799781064179,NA,NA,NA
"topology_ARG1",4255,"DPP4",0.00143001137023646,NA,NA,NA
"topology_ARG1",4256,"GFAP",0.000240332727610593,NA,NA,NA
"topology_ARG1",4257,"ADCY2",0,NA,NA,NA
"topology_ARG1",4258,"KCNQ2",0.000154321192943452,NA,NA,NA
"topology_ARG1",4259,"ADCY1",8.87083575196179e-06,NA,NA,NA
"topology_ARG1",4260,"GABRB3",0.000120726283226125,NA,NA,NA
"topology_ARG1",4261,"STAT4",0.000324242289791776,NA,NA,NA
"topology_ARG1",4262,"ADCY1",8.87083575196179e-06,NA,NA,NA
"topology_ARG1",4263,"SCD",0.000143791042404695,NA,NA,NA
"topology_ARG1",4264,"ADCY2",0,NA,NA,NA
"topology_ARG1",4265,"AGXT2",0.000181321349120078,NA,NA,NA
"topology_ARG1",4266,"SCD",0.000143791042404695,NA,NA,NA
"topology_ARG1",4267,"KCNJ11",0.00241899994818762,NA,NA,NA
"topology_ARG1",4268,"GFAP",0.000240332727610593,NA,NA,NA
"topology_ARG1",4269,"DPP4",0.00143001137023646,NA,NA,NA
"topology_ARG1",4270,"CS",0.000203624857343709,NA,NA,NA
"topology_ARG1",4271,"AGXT2",0.000181321349120078,NA,NA,NA
"topology_ARG1",4272,"GABRG2",6.25131802217682e-05,NA,NA,NA
"topology_ARG1",4273,"ADCY1",8.87083575196179e-06,NA,NA,NA
"topology_ARG1",4274,"TRPV4",0.000106153420904809,NA,NA,NA
"topology_ARG1",4275,"GAD1",0.000786829139807432,NA,NA,NA
"topology_ARG1",4276,"GCLC",8.05799891081538e-05,NA,NA,NA
"topology_ARG1",4277,"HK2",0.000296209764147126,NA,NA,NA
"topology_ARG1",4278,"CS",0.000203624857343709,NA,NA,NA
"topology_ARG1",4279,"SCN1B",0.00123489854843939,NA,NA,NA
"topology_ARG1",4280,"HPRT1",0.00041877379526456,NA,NA,NA
"topology_ARG1",4281,"GSR",0.00032731672891706,NA,NA,NA
"topology_ARG1",4282,"ACLY",0.000136799781064179,NA,NA,NA
"topology_ARG1",4283,"GABRG2",6.25131802217682e-05,NA,NA,NA
"topology_ARG1",4284,"CS",0.000203624857343709,NA,NA,NA
"topology_ARG1",4285,"ACLY",0.000136799781064179,NA,NA,NA
"topology_ARG1",4286,"DRD2",0.000217393825030943,NA,NA,NA
"topology_ARG1",4287,"TRPV1",0.00166711359586047,NA,NA,NA
"topology_ARG1",4288,"CAMP",0.00129691841056656,NA,NA,NA
"topology_ARG1",4289,"TRPV4",0.000106153420904809,NA,NA,NA
"topology_ARG1",4290,"SCD",0.000143791042404695,NA,NA,NA
"topology_ARG1",4291,"TAC1",0.001463424927591,NA,NA,NA
"topology_ARG1",4292,"NQO1",0.000518240501310552,NA,NA,NA
"topology_ARG1",4293,"MT-CYB",0.000203007681716216,NA,NA,NA
"topology_ARG1",4294,"GATM",0.000449150320023683,NA,NA,NA
"topology_ARG1",4295,"ADRB2",0.000148693401879507,NA,NA,NA
"topology_ARG1",4296,"SCN1B",0.00123489854843939,NA,NA,NA
"topology_ARG1",4297,"NR1H4",0.000150320210463128,NA,NA,NA
"topology_ARG1",4298,"DRD2",0.000217393825030943,NA,NA,NA
"topology_ARG1",4299,"CS",0.000203624857343709,NA,NA,NA
"topology_ARG1",4300,"TRPV4",0.000106153420904809,NA,NA,NA
"topology_ARG1",4301,"PTGS1",0.0001138588382259,NA,NA,NA
"topology_ARG1",4302,"GFAP",0.000240332727610593,NA,NA,NA
"topology_ARG1",4303,"SCN2A",9.6829057864789e-05,NA,NA,NA
"topology_ARG1",4304,"KCNH2",0.000463751185241779,NA,NA,NA
"topology_ARG1",4305,"TFRC",0.000239327299633385,NA,NA,NA
"topology_ARG1",4306,"SCD",0.000143791042404695,NA,NA,NA
"topology_ARG1",4307,"AGXT2",0.000181321349120078,NA,NA,NA
"topology_ARG1",4308,"CS",0.000203624857343709,NA,NA,NA
"topology_ARG1",4309,"GCLC",8.05799891081538e-05,NA,NA,NA
"topology_ARG1",4310,"GABRA1",0.000512519672648093,NA,NA,NA
"topology_ARG1",4311,"CFTR",0.00160265872797649,NA,NA,NA
"topology_ARG1",4312,"GCK",0.000213793988103061,NA,NA,NA
"topology_ARG1",4313,"GABRB3",0.000120726283226125,NA,NA,NA
"topology_ARG1",4314,"STAT4",0.000324242289791776,NA,NA,NA
"topology_ARG1",4315,"AGXT2",0.000181321349120078,NA,NA,NA
"topology_ARG1",4316,"PTGS1",0.0001138588382259,NA,NA,NA
"topology_ARG1",4317,"GABBR1",0.000629351098106912,NA,NA,NA
"topology_ARG1",4318,"NQO1",0.000518240501310552,NA,NA,NA
"topology_ARG1",4319,"GRM5",0.000204723227971049,NA,NA,NA
"topology_ARG1",4320,"SDHA",0.000611111269984921,NA,NA,NA
"topology_ARG1",4321,"ADRB2",0.000148693401879507,NA,NA,NA
"topology_ARG1",4322,"GABRB3",0.000120726283226125,NA,NA,NA
"topology_ARG1",4323,"HK2",0.000296209764147126,NA,NA,NA
"topology_ARG1",4324,"PRKAG2",0.00023019859617357,NA,NA,NA
"topology_ARG1",4325,"TYMS",0.000142484575824997,NA,NA,NA
"topology_ARG1",4326,"GATM",0.000449150320023683,NA,NA,NA
"topology_ARG1",4327,"ACLY",0.000136799781064179,NA,NA,NA
"topology_ARG1",4328,"DRD2",0.000217393825030943,NA,NA,NA
"topology_ARG1",4329,"GABRB3",0.000120726283226125,NA,NA,NA
"topology_ARG1",4330,"NQO1",0.000518240501310552,NA,NA,NA
"topology_ARG1",4331,"PLA2G4A",0.000158908171599248,NA,NA,NA
"topology_ARG1",4332,"CS",0.000203624857343709,NA,NA,NA
"topology_ARG1",4333,"MECP2",0.000428908523146032,NA,NA,NA
"topology_ARG1",4334,"TYMS",0.000142484575824997,NA,NA,NA
"topology_ARG1",4335,"HK2",0.000296209764147126,NA,NA,NA
"topology_ARG1",4336,"GCLC",8.05799891081538e-05,NA,NA,NA
"topology_ARG1",4337,"HK2",0.000296209764147126,NA,NA,NA
"topology_ARG1",4338,"ADRB2",0.000148693401879507,NA,NA,NA
"topology_ARG1",4339,"KCNH2",0.000463751185241779,NA,NA,NA
"topology_ARG1",4340,"MT-CYB",0.000203007681716216,NA,NA,NA
"topology_ARG1",4341,"SCN2A",9.6829057864789e-05,NA,NA,NA
"topology_ARG1",4342,"ABCG2",0.00154702083903102,NA,NA,NA
"topology_ARG1",4343,"MT-CYB",0.000203007681716216,NA,NA,NA
"topology_ARG1",4344,"ACLY",0.000136799781064179,NA,NA,NA
"topology_ARG1",4345,"MECP2",0.000428908523146032,NA,NA,NA
"topology_ARG1",4346,"PCNA",0.000281828068793732,NA,NA,NA
"topology_ARG1",4347,"TAC1",0.001463424927591,NA,NA,NA
"topology_ARG1",4348,"NQO1",0.000518240501310552,NA,NA,NA
"topology_ARG1",4349,"GRM5",0.000204723227971049,NA,NA,NA
"topology_ARG1",4350,"TRPV1",0.00166711359586047,NA,NA,NA
"topology_ARG1",4351,"GABRG2",6.25131802217682e-05,NA,NA,NA
"topology_ARG1",4352,"DPP4",0.00143001137023646,NA,NA,NA
"topology_ARG1",4353,"TFRC",0.000239327299633385,NA,NA,NA
"topology_ARG1",4354,"RARA",0.000182812715244118,NA,NA,NA
"topology_ARG1",4355,"MECP2",0.000428908523146032,NA,NA,NA
"topology_ARG1",4356,"KCNH2",0.000463751185241779,NA,NA,NA
"topology_ARG1",4357,"KCNQ2",0.000154321192943452,NA,NA,NA
"topology_ARG1",4358,"SDHA",0.000611111269984921,NA,NA,NA
"topology_ARG1",4359,"GSR",0.00032731672891706,NA,NA,NA
"topology_ARG1",4360,"GFAP",0.000240332727610593,NA,NA,NA
"topology_ARG1",4361,"SDHA",0.000611111269984921,NA,NA,NA
"topology_ARG1",4362,"NR1H4",0.000150320210463128,NA,NA,NA
"topology_ARG1",4363,"TFRC",0.000239327299633385,NA,NA,NA
"topology_ARG1",4364,"AGXT2",0.000181321349120078,NA,NA,NA
"topology_ARG1",4365,"SCN2A",9.6829057864789e-05,NA,NA,NA
"topology_ARG1",4366,"HK2",0.000296209764147126,NA,NA,NA
"topology_ARG1",4367,"MT-CYB",0.000203007681716216,NA,NA,NA
"topology_ARG1",4368,"TYMS",0.000142484575824997,NA,NA,NA
"topology_ARG1",4369,"PCNA",0.000281828068793732,NA,NA,NA
"topology_ARG1",4370,"SCN2A",9.6829057864789e-05,NA,NA,NA
"topology_ARG1",4371,"GFAP",0.000240332727610593,NA,NA,NA
"topology_ARG1",4372,"GABRB3",0.000120726283226125,NA,NA,NA
"topology_ARG1",4373,"CAMP",0.00129691841056656,NA,NA,NA
"topology_ARG1",4374,"GAD1",0.000786829139807432,NA,NA,NA
"topology_ARG1",4375,"MECP2",0.000428908523146032,NA,NA,NA
"topology_ARG1",4376,"HPRT1",0.00041877379526456,NA,NA,NA
"topology_ARG1",4377,"ACLY",0.000136799781064179,NA,NA,NA
"topology_ARG1",4378,"XBP1",0.00130705850242441,NA,NA,NA
"topology_ARG1",4379,"ADRB2",0.000148693401879507,NA,NA,NA
"topology_ARG1",4380,"ACLY",0.000136799781064179,NA,NA,NA
"topology_ARG1",4381,"XDH",0.000207347108110545,NA,NA,NA
"topology_ARG1",4382,"CAMP",0.00129691841056656,NA,NA,NA
"topology_ARG1",4383,"ABCG2",0.00154702083903102,NA,NA,NA
"topology_ARG1",4384,"TRPV1",0.00166711359586047,NA,NA,NA
"topology_ARG1",4385,"NR1H4",0.000150320210463128,NA,NA,NA
"topology_ARG1",4386,"ADCY2",0,NA,NA,NA
"topology_ARG1",4387,"NQO1",0.000518240501310552,NA,NA,NA
"topology_ARG1",4388,"GABRA1",0.000512519672648093,NA,NA,NA
"topology_ARG1",4389,"PCNA",0.000281828068793732,NA,NA,NA
"topology_ARG1",4390,"PLA2G4A",0.000158908171599248,NA,NA,NA
"topology_ARG1",4391,"CFTR",0.00160265872797649,NA,NA,NA
"topology_ARG1",4392,"XBP1",0.00130705850242441,NA,NA,NA
"topology_ARG1",4393,"HK2",0.000296209764147126,NA,NA,NA
"topology_ARG1",4394,"STAT4",0.000324242289791776,NA,NA,NA
"topology_ARG1",4395,"ADCY1",8.87083575196179e-06,NA,NA,NA
"topology_ARG1",4396,"GABBR1",0.000629351098106912,NA,NA,NA
"topology_ARG1",4397,"SCD",0.000143791042404695,NA,NA,NA
"topology_ARG1",4398,"SCN2A",9.6829057864789e-05,NA,NA,NA
"topology_ARG1",4399,"DPP4",0.00143001137023646,NA,NA,NA
"topology_ARG1",4400,"HPRT1",0.00041877379526456,NA,NA,NA
"topology_ARG1",4401,"CAMP",0.00129691841056656,NA,NA,NA
"topology_ARG1",4402,"TRPV1",0.00166711359586047,NA,NA,NA
"topology_ARG1",4403,"PTGS1",0.0001138588382259,NA,NA,NA
"topology_ARG1",4404,"PRKAG2",0.00023019859617357,NA,NA,NA
"topology_ARG1",4405,"DPP4",0.00143001137023646,NA,NA,NA
"topology_ARG1",4406,"SLC6A3",0.000164253248760127,NA,NA,NA
"topology_ARG1",4407,"CFTR",0.00160265872797649,NA,NA,NA
"topology_ARG1",4408,"GCLC",8.05799891081538e-05,NA,NA,NA
"topology_ARG1",4409,"TYMS",0.000142484575824997,NA,NA,NA
"topology_ARG1",4410,"GRM5",0.000204723227971049,NA,NA,NA
"topology_ARG1",4411,"RARA",0.000182812715244118,NA,NA,NA
"topology_ARG1",4412,"HK2",0.000296209764147126,NA,NA,NA
"topology_ARG1",4413,"GAD1",0.000786829139807432,NA,NA,NA
"topology_ARG1",4414,"NR1H4",0.000150320210463128,NA,NA,NA
"topology_ARG1",4415,"GATM",0.000449150320023683,NA,NA,NA
"topology_ARG1",4416,"TYMS",0.000142484575824997,NA,NA,NA
"topology_ARG1",4417,"CFTR",0.00160265872797649,NA,NA,NA
"topology_ARG1",4418,"PTGS1",0.0001138588382259,NA,NA,NA
"topology_ARG1",4419,"GSR",0.00032731672891706,NA,NA,NA
"topology_ARG1",4420,"PCNA",0.000281828068793732,NA,NA,NA
"topology_ARG1",4421,"SDHA",0.000611111269984921,NA,NA,NA
"topology_ARG1",4422,"SLC6A3",0.000164253248760127,NA,NA,NA
"topology_ARG1",4423,"TYMS",0.000142484575824997,NA,NA,NA
"topology_ARG1",4424,"SLC6A3",0.000164253248760127,NA,NA,NA
"topology_ARG1",4425,"ADRB2",0.000148693401879507,NA,NA,NA
"topology_ARG1",4426,"TYMS",0.000142484575824997,NA,NA,NA
"topology_ARG1",4427,"NQO1",0.000518240501310552,NA,NA,NA
"topology_ARG1",4428,"GABBR1",0.000629351098106912,NA,NA,NA
"topology_ARG1",4429,"GRM5",0.000204723227971049,NA,NA,NA
"topology_ARG1",4430,"XDH",0.000207347108110545,NA,NA,NA
"topology_ARG1",4431,"TAC1",0.001463424927591,NA,NA,NA
"topology_ARG1",4432,"SCN1B",0.00123489854843939,NA,NA,NA
"topology_ARG1",4433,"GABRA1",0.000512519672648093,NA,NA,NA
"topology_ARG1",4434,"GFAP",0.000240332727610593,NA,NA,NA
"topology_ARG1",4435,"TFRC",0.000239327299633385,NA,NA,NA
"topology_ARG1",4436,"ACLY",0.000136799781064179,NA,NA,NA
"topology_ARG1",4437,"GABRB3",0.000120726283226125,NA,NA,NA
"topology_ARG1",4438,"TRPV1",0.00166711359586047,NA,NA,NA
"topology_ARG1",4439,"GAD1",0.000786829139807432,NA,NA,NA
"topology_ARG1",4440,"SCN2A",9.6829057864789e-05,NA,NA,NA
"topology_ARG1",4441,"GCLC",8.05799891081538e-05,NA,NA,NA
"topology_ARG1",4442,"GABRG2",6.25131802217682e-05,NA,NA,NA
"topology_ARG1",4443,"GABRB3",0.000120726283226125,NA,NA,NA
"topology_ARG1",4444,"MT-CYB",0.000203007681716216,NA,NA,NA
"topology_ARG1",4445,"XBP1",0.00130705850242441,NA,NA,NA
"topology_ARG1",4446,"ABCG2",0.00154702083903102,NA,NA,NA
"topology_ARG1",4447,"KCNH2",0.000463751185241779,NA,NA,NA
"topology_ARG1",4448,"PLA2G4A",0.000158908171599248,NA,NA,NA
"topology_ARG1",4449,"GABBR1",0.000629351098106912,NA,NA,NA
"topology_ARG1",4450,"DPP4",0.00143001137023646,NA,NA,NA
"topology_ARG1",4451,"TAC1",0.001463424927591,NA,NA,NA
"topology_ARG1",4452,"GFAP",0.000240332727610593,NA,NA,NA
"topology_ARG1",4453,"SCN2A",9.6829057864789e-05,NA,NA,NA
"topology_ARG1",4454,"RARA",0.000182812715244118,NA,NA,NA
"topology_ARG1",4455,"GCLC",8.05799891081538e-05,NA,NA,NA
"topology_ARG1",4456,"KCNH2",0.000463751185241779,NA,NA,NA
"topology_ARG1",4457,"GABBR1",0.000629351098106912,NA,NA,NA
"topology_ARG1",4458,"KCNJ11",0.00241899994818762,NA,NA,NA
"topology_ARG1",4459,"CAMP",0.00129691841056656,NA,NA,NA
"topology_ARG1",4460,"TYMS",0.000142484575824997,NA,NA,NA
"topology_ARG1",4461,"PTH",0.00019439506068486,NA,NA,NA
"topology_ARG1",4462,"NQO1",0.000518240501310552,NA,NA,NA
"topology_ARG1",4463,"GSR",0.00032731672891706,NA,NA,NA
"topology_ARG1",4464,"TRPV1",0.00166711359586047,NA,NA,NA
"topology_ARG1",4465,"ADCY2",0,NA,NA,NA
"topology_ARG1",4466,"SLC6A3",0.000164253248760127,NA,NA,NA
"topology_ARG1",4467,"TRPV4",0.000106153420904809,NA,NA,NA
"topology_ARG1",4468,"TRPV4",0.000106153420904809,NA,NA,NA
"topology_ARG1",4469,"SCD",0.000143791042404695,NA,NA,NA
"topology_ARG1",4470,"TAC1",0.001463424927591,NA,NA,NA
"topology_ARG1",4471,"CAMP",0.00129691841056656,NA,NA,NA
"topology_ARG1",4472,"RARA",0.000182812715244118,NA,NA,NA
"topology_ARG1",4473,"TFRC",0.000239327299633385,NA,NA,NA
"topology_ARG1",4474,"MECP2",0.000428908523146032,NA,NA,NA
"topology_ARG1",4475,"GCLC",8.05799891081538e-05,NA,NA,NA
"topology_ARG1",4476,"TRPV1",0.00166711359586047,NA,NA,NA
"topology_ARG1",4477,"ABCG2",0.00154702083903102,NA,NA,NA
"topology_ARG1",4478,"SDHA",0.000611111269984921,NA,NA,NA
"topology_ARG1",4479,"PCNA",0.000281828068793732,NA,NA,NA
"topology_ARG1",4480,"GRM5",0.000204723227971049,NA,NA,NA
"topology_ARG1",4481,"ADRB2",0.000148693401879507,NA,NA,NA
"topology_ARG1",4482,"DPP4",0.00143001137023646,NA,NA,NA
"topology_ARG1",4483,"MT-CYB",0.000203007681716216,NA,NA,NA
"topology_ARG1",4484,"KCNH2",0.000463751185241779,NA,NA,NA
"topology_ARG1",4485,"DRD2",0.000217393825030943,NA,NA,NA
"topology_ARG1",4486,"TFRC",0.000239327299633385,NA,NA,NA
"topology_ARG1",4487,"SCD",0.000143791042404695,NA,NA,NA
"topology_ARG1",4488,"GRM5",0.000204723227971049,NA,NA,NA
"topology_ARG1",4489,"HPRT1",0.00041877379526456,NA,NA,NA
"topology_ARG1",4490,"XBP1",0.00130705850242441,NA,NA,NA
"topology_ARG1",4491,"PRKAG2",0.00023019859617357,NA,NA,NA
"topology_ARG1",4492,"SDHA",0.000611111269984921,NA,NA,NA
"topology_ARG1",4493,"SCN2A",9.6829057864789e-05,NA,NA,NA
"topology_ARG1",4494,"DRD2",0.000217393825030943,NA,NA,NA
"topology_ARG1",4495,"ADCY1",8.87083575196179e-06,NA,NA,NA
"topology_ARG1",4496,"PRKAG2",0.00023019859617357,NA,NA,NA
"topology_ARG1",4497,"PTGS1",0.0001138588382259,NA,NA,NA
"topology_ARG1",4498,"NQO1",0.000518240501310552,NA,NA,NA
"topology_ARG1",4499,"KCNJ11",0.00241899994818762,NA,NA,NA
"topology_ARG1",4500,"PLA2G4A",0.000158908171599248,NA,NA,NA
"topology_ARG1",4501,"PTH",0.00019439506068486,NA,NA,NA
"topology_ARG1",4502,"NQO1",0.000518240501310552,NA,NA,NA
"topology_ARG1",4503,"TFRC",0.000239327299633385,NA,NA,NA
"topology_ARG1",4504,"ADCY1",8.87083575196179e-06,NA,NA,NA
"topology_ARG1",4505,"RARA",0.000182812715244118,NA,NA,NA
"topology_ARG1",4506,"CS",0.000203624857343709,NA,NA,NA
"topology_ARG1",4507,"GCK",0.000213793988103061,NA,NA,NA
"topology_ARG1",4508,"KCNH2",0.000463751185241779,NA,NA,NA
"topology_ARG1",4509,"GABBR1",0.000629351098106912,NA,NA,NA
"topology_ARG1",4510,"CAMP",0.00129691841056656,NA,NA,NA
"topology_ARG1",4511,"ABCG2",0.00154702083903102,NA,NA,NA
"topology_ARG1",4512,"GABRG2",6.25131802217682e-05,NA,NA,NA
"topology_ARG1",4513,"GABBR1",0.000629351098106912,NA,NA,NA
"topology_ARG1",4514,"NQO1",0.000518240501310552,NA,NA,NA
"topology_ARG1",4515,"HK2",0.000296209764147126,NA,NA,NA
"topology_ARG1",4516,"NR1H4",0.000150320210463128,NA,NA,NA
"topology_ARG1",4517,"CFTR",0.00160265872797649,NA,NA,NA
"topology_ARG1",4518,"PCNA",0.000281828068793732,NA,NA,NA
"topology_ARG1",4519,"ACLY",0.000136799781064179,NA,NA,NA
"topology_ARG1",4520,"TAC1",0.001463424927591,NA,NA,NA
"topology_ARG1",4521,"GRM5",0.000204723227971049,NA,NA,NA
"topology_ARG1",4522,"ADCY1",8.87083575196179e-06,NA,NA,NA
"topology_ARG1",4523,"PTH",0.00019439506068486,NA,NA,NA
"topology_ARG1",4524,"DPP4",0.00143001137023646,NA,NA,NA
"topology_ARG1",4525,"CAMP",0.00129691841056656,NA,NA,NA
"topology_ARG1",4526,"PLA2G4A",0.000158908171599248,NA,NA,NA
"topology_ARG1",4527,"KCNH2",0.000463751185241779,NA,NA,NA
"topology_ARG1",4528,"GATM",0.000449150320023683,NA,NA,NA
"topology_ARG1",4529,"ADCY1",8.87083575196179e-06,NA,NA,NA
"topology_ARG1",4530,"ADCY1",8.87083575196179e-06,NA,NA,NA
"topology_ARG1",4531,"XDH",0.000207347108110545,NA,NA,NA
"topology_ARG1",4532,"GCK",0.000213793988103061,NA,NA,NA
"topology_ARG1",4533,"CS",0.000203624857343709,NA,NA,NA
"topology_ARG1",4534,"SDHA",0.000611111269984921,NA,NA,NA
"topology_ARG1",4535,"GFAP",0.000240332727610593,NA,NA,NA
"topology_ARG1",4536,"DRD2",0.000217393825030943,NA,NA,NA
"topology_ARG1",4537,"SLC6A3",0.000164253248760127,NA,NA,NA
"topology_ARG1",4538,"HPRT1",0.00041877379526456,NA,NA,NA
"topology_ARG1",4539,"ABCG2",0.00154702083903102,NA,NA,NA
"topology_ARG1",4540,"GABRG2",6.25131802217682e-05,NA,NA,NA
"topology_ARG1",4541,"ADRB2",0.000148693401879507,NA,NA,NA
"topology_ARG1",4542,"GSR",0.00032731672891706,NA,NA,NA
"topology_ARG1",4543,"PTGS1",0.0001138588382259,NA,NA,NA
"topology_ARG1",4544,"PCNA",0.000281828068793732,NA,NA,NA
"topology_ARG1",4545,"TFRC",0.000239327299633385,NA,NA,NA
"topology_ARG1",4546,"MECP2",0.000428908523146032,NA,NA,NA
"topology_ARG1",4547,"ADCY2",0,NA,NA,NA
"topology_ARG1",4548,"HPRT1",0.00041877379526456,NA,NA,NA
"topology_ARG1",4549,"PTGS1",0.0001138588382259,NA,NA,NA
"topology_ARG1",4550,"TFRC",0.000239327299633385,NA,NA,NA
"topology_ARG1",4551,"DRD2",0.000217393825030943,NA,NA,NA
"topology_ARG1",4552,"GATM",0.000449150320023683,NA,NA,NA
"topology_ARG1",4553,"PTGS1",0.0001138588382259,NA,NA,NA
"topology_ARG1",4554,"CAMP",0.00129691841056656,NA,NA,NA
"topology_ARG1",4555,"DPP4",0.00143001137023646,NA,NA,NA
"topology_ARG1",4556,"PCNA",0.000281828068793732,NA,NA,NA
"topology_ARG1",4557,"KCNH2",0.000463751185241779,NA,NA,NA
"topology_ARG1",4558,"SCN2A",9.6829057864789e-05,NA,NA,NA
"topology_ARG1",4559,"CFTR",0.00160265872797649,NA,NA,NA
"topology_ARG1",4560,"TFRC",0.000239327299633385,NA,NA,NA
"topology_ARG1",4561,"TAC1",0.001463424927591,NA,NA,NA
"topology_ARG1",4562,"CAMP",0.00129691841056656,NA,NA,NA
"topology_ARG1",4563,"NQO1",0.000518240501310552,NA,NA,NA
"topology_ARG1",4564,"ABCG2",0.00154702083903102,NA,NA,NA
"topology_ARG1",4565,"NQO1",0.000518240501310552,NA,NA,NA
"topology_ARG1",4566,"RARA",0.000182812715244118,NA,NA,NA
"topology_ARG1",4567,"KCNJ11",0.00241899994818762,NA,NA,NA
"topology_ARG1",4568,"KCNH2",0.000463751185241779,NA,NA,NA
"topology_ARG1",4569,"GCK",0.000213793988103061,NA,NA,NA
"topology_ARG1",4570,"ADRB2",0.000148693401879507,NA,NA,NA
"topology_ARG1",4571,"PTH",0.00019439506068486,NA,NA,NA
"topology_ARG1",4572,"TAC1",0.001463424927591,NA,NA,NA
"topology_ARG1",4573,"GRM5",0.000204723227971049,NA,NA,NA
"topology_ARG1",4574,"HK2",0.000296209764147126,NA,NA,NA
"topology_ARG1",4575,"GAD1",0.000786829139807432,NA,NA,NA
"topology_ARG1",4576,"CAMP",0.00129691841056656,NA,NA,NA
"topology_ARG1",4577,"ABCG2",0.00154702083903102,NA,NA,NA
"topology_ARG1",4578,"PCNA",0.000281828068793732,NA,NA,NA
"topology_ARG1",4579,"CFTR",0.00160265872797649,NA,NA,NA
"topology_ARG1",4580,"ADCY2",0,NA,NA,NA
"topology_ARG1",4581,"GAD1",0.000786829139807432,NA,NA,NA
"topology_ARG1",4582,"CFTR",0.00160265872797649,NA,NA,NA
"topology_ARG1",4583,"GCLC",8.05799891081538e-05,NA,NA,NA
"topology_ARG1",4584,"GCK",0.000213793988103061,NA,NA,NA
"topology_ARG1",4585,"GRM5",0.000204723227971049,NA,NA,NA
"topology_ARG1",4586,"GABRB3",0.000120726283226125,NA,NA,NA
"topology_ARG1",4587,"GCLC",8.05799891081538e-05,NA,NA,NA
"topology_ARG1",4588,"MT-CYB",0.000203007681716216,NA,NA,NA
"topology_ARG1",4589,"AGXT2",0.000181321349120078,NA,NA,NA
"topology_ARG1",4590,"AGXT2",0.000181321349120078,NA,NA,NA
"topology_ARG1",4591,"HK2",0.000296209764147126,NA,NA,NA
"topology_ARG1",4592,"GATM",0.000449150320023683,NA,NA,NA
"topology_ARG1",4593,"TYMS",0.000142484575824997,NA,NA,NA
"topology_ARG1",4594,"GABRB3",0.000120726283226125,NA,NA,NA
"topology_ARG1",4595,"GSR",0.00032731672891706,NA,NA,NA
"topology_ARG1",4596,"ADCY2",0,NA,NA,NA
"topology_ARG1",4597,"ADCY2",0,NA,NA,NA
"topology_ARG1",4598,"PRKAG2",0.00023019859617357,NA,NA,NA
"topology_ARG1",4599,"XDH",0.000207347108110545,NA,NA,NA
"topology_ARG1",4600,"GCK",0.000213793988103061,NA,NA,NA
"topology_ARG1",4601,"ADCY2",0,NA,NA,NA
"topology_ARG1",4602,"ABCG2",0.00154702083903102,NA,NA,NA
"topology_ARG1",4603,"DRD2",0.000217393825030943,NA,NA,NA
"topology_ARG1",4604,"TRPV1",0.00166711359586047,NA,NA,NA
"topology_ARG1",4605,"KCNH2",0.000463751185241779,NA,NA,NA
"topology_ARG1",4606,"TAC1",0.001463424927591,NA,NA,NA
"topology_ARG1",4607,"NQO1",0.000518240501310552,NA,NA,NA
"topology_ARG1",4608,"TFRC",0.000239327299633385,NA,NA,NA
"topology_ARG1",4609,"GRM5",0.000204723227971049,NA,NA,NA
"topology_ARG1",4610,"CFTR",0.00160265872797649,NA,NA,NA
"topology_ARG1",4611,"SLC6A3",0.000164253248760127,NA,NA,NA
"topology_ARG1",4612,"ADCY1",8.87083575196179e-06,NA,NA,NA
"topology_ARG1",4613,"PRKAG2",0.00023019859617357,NA,NA,NA
"topology_ARG1",4614,"RARA",0.000182812715244118,NA,NA,NA
"topology_ARG1",4615,"DPP4",0.00143001137023646,NA,NA,NA
"topology_ARG1",4616,"GCLC",8.05799891081538e-05,NA,NA,NA
"topology_ARG1",4617,"GCK",0.000213793988103061,NA,NA,NA
"topology_ARG1",4618,"DPP4",0.00143001137023646,NA,NA,NA
"topology_ARG1",4619,"TRPV1",0.00166711359586047,NA,NA,NA
"topology_ARG1",4620,"KCNH2",0.000463751185241779,NA,NA,NA
"topology_ARG1",4621,"GABRG2",6.25131802217682e-05,NA,NA,NA
"topology_ARG1",4622,"GABRB3",0.000120726283226125,NA,NA,NA
"topology_ARG1",4623,"ADCY2",0,NA,NA,NA
"topology_ARG1",4624,"MECP2",0.000428908523146032,NA,NA,NA
"topology_ARG1",4625,"HK2",0.000296209764147126,NA,NA,NA
"topology_ARG1",4626,"DPP4",0.00143001137023646,NA,NA,NA
"topology_ARG1",4627,"GFAP",0.000240332727610593,NA,NA,NA
"topology_ARG1",4628,"GABRA1",0.000512519672648093,NA,NA,NA
"topology_ARG1",4629,"CAMP",0.00129691841056656,NA,NA,NA
"topology_ARG1",4630,"GFAP",0.000240332727610593,NA,NA,NA
"topology_ARG1",4631,"CFTR",0.00160265872797649,NA,NA,NA
"topology_ARG1",4632,"GABRA1",0.000512519672648093,NA,NA,NA
"topology_ARG1",4633,"ADRB2",0.000148693401879507,NA,NA,NA
"topology_ARG1",4634,"ADCY1",8.87083575196179e-06,NA,NA,NA
"topology_ARG1",4635,"ACLY",0.000136799781064179,NA,NA,NA
"topology_ARG1",4636,"CFTR",0.00160265872797649,NA,NA,NA
"topology_ARG1",4637,"KCNJ11",0.00241899994818762,NA,NA,NA
"topology_ARG1",4638,"GRM5",0.000204723227971049,NA,NA,NA
"topology_ARG1",4639,"GFAP",0.000240332727610593,NA,NA,NA
"topology_ARG1",4640,"SDHA",0.000611111269984921,NA,NA,NA
"topology_ARG1",4641,"SDHA",0.000611111269984921,NA,NA,NA
"topology_ARG1",4642,"NR1H4",0.000150320210463128,NA,NA,NA
"topology_ARG1",4643,"MT-CYB",0.000203007681716216,NA,NA,NA
"topology_ARG1",4644,"ABCG2",0.00154702083903102,NA,NA,NA
"topology_ARG1",4645,"HPRT1",0.00041877379526456,NA,NA,NA
"topology_ARG1",4646,"PLA2G4A",0.000158908171599248,NA,NA,NA
"topology_ARG1",4647,"MECP2",0.000428908523146032,NA,NA,NA
"topology_ARG1",4648,"TYMS",0.000142484575824997,NA,NA,NA
"topology_ARG1",4649,"TRPV1",0.00166711359586047,NA,NA,NA
"topology_ARG1",4650,"ADRB2",0.000148693401879507,NA,NA,NA
"topology_ARG1",4651,"RARA",0.000182812715244118,NA,NA,NA
"topology_ARG1",4652,"PTH",0.00019439506068486,NA,NA,NA
"topology_ARG1",4653,"ADRB2",0.000148693401879507,NA,NA,NA
"topology_ARG1",4654,"ADCY2",0,NA,NA,NA
"topology_ARG1",4655,"TRPV1",0.00166711359586047,NA,NA,NA
"topology_ARG1",4656,"TRPV1",0.00166711359586047,NA,NA,NA
"topology_ARG1",4657,"SCN1B",0.00123489854843939,NA,NA,NA
"topology_ARG1",4658,"XBP1",0.00130705850242441,NA,NA,NA
"topology_ARG1",4659,"ADCY2",0,NA,NA,NA
"topology_ARG1",4660,"PRKAG2",0.00023019859617357,NA,NA,NA
"topology_ARG1",4661,"TFRC",0.000239327299633385,NA,NA,NA
"topology_ARG1",4662,"PCNA",0.000281828068793732,NA,NA,NA
"topology_ARG1",4663,"SCD",0.000143791042404695,NA,NA,NA
"topology_ARG1",4664,"CAMP",0.00129691841056656,NA,NA,NA
"topology_ARG1",4665,"SCD",0.000143791042404695,NA,NA,NA
"topology_ARG1",4666,"TRPV1",0.00166711359586047,NA,NA,NA
"topology_ARG1",4667,"XDH",0.000207347108110545,NA,NA,NA
"topology_ARG1",4668,"CS",0.000203624857343709,NA,NA,NA
"topology_ARG1",4669,"HK2",0.000296209764147126,NA,NA,NA
"topology_ARG1",4670,"HK2",0.000296209764147126,NA,NA,NA
"topology_ARG1",4671,"PRKAG2",0.00023019859617357,NA,NA,NA
"topology_ARG1",4672,"GATM",0.000449150320023683,NA,NA,NA
"topology_ARG1",4673,"TFRC",0.000239327299633385,NA,NA,NA
"topology_ARG1",4674,"CAMP",0.00129691841056656,NA,NA,NA
"topology_ARG1",4675,"TAC1",0.001463424927591,NA,NA,NA
"topology_ARG1",4676,"GFAP",0.000240332727610593,NA,NA,NA
"topology_ARG1",4677,"XDH",0.000207347108110545,NA,NA,NA
"topology_ARG1",4678,"HPRT1",0.00041877379526456,NA,NA,NA
"topology_ARG1",4679,"ACLY",0.000136799781064179,NA,NA,NA
"topology_ARG1",4680,"SDHA",0.000611111269984921,NA,NA,NA
"topology_ARG1",4681,"GABBR1",0.000629351098106912,NA,NA,NA
"topology_ARG1",4682,"XBP1",0.00130705850242441,NA,NA,NA
"topology_ARG1",4683,"PRKAG2",0.00023019859617357,NA,NA,NA
"topology_ARG1",4684,"TYMS",0.000142484575824997,NA,NA,NA
"topology_ARG1",4685,"PTGS1",0.0001138588382259,NA,NA,NA
"topology_ARG1",4686,"NR1H4",0.000150320210463128,NA,NA,NA
"topology_ARG1",4687,"TFRC",0.000239327299633385,NA,NA,NA
"topology_ARG1",4688,"SCD",0.000143791042404695,NA,NA,NA
"topology_ARG1",4689,"SDHA",0.000611111269984921,NA,NA,NA
"topology_ARG1",4690,"SCD",0.000143791042404695,NA,NA,NA
"topology_ARG1",4691,"XDH",0.000207347108110545,NA,NA,NA
"topology_ARG1",4692,"TRPV1",0.00166711359586047,NA,NA,NA
"topology_ARG1",4693,"CS",0.000203624857343709,NA,NA,NA
"topology_ARG1",4694,"KCNJ11",0.00241899994818762,NA,NA,NA
"topology_ARG1",4695,"KCNH2",0.000463751185241779,NA,NA,NA
"topology_ARG1",4696,"CFTR",0.00160265872797649,NA,NA,NA
"topology_ARG1",4697,"KCNH2",0.000463751185241779,NA,NA,NA
"topology_ARG1",4698,"GATM",0.000449150320023683,NA,NA,NA
"topology_ARG1",4699,"RARA",0.000182812715244118,NA,NA,NA
"topology_ARG1",4700,"PTH",0.00019439506068486,NA,NA,NA
"topology_ARG1",4701,"TRPV1",0.00166711359586047,NA,NA,NA
"topology_ARG1",4702,"GFAP",0.000240332727610593,NA,NA,NA
"topology_ARG1",4703,"ADRB2",0.000148693401879507,NA,NA,NA
"topology_ARG1",4704,"RARA",0.000182812715244118,NA,NA,NA
"topology_ARG1",4705,"SCN2A",9.6829057864789e-05,NA,NA,NA
"topology_ARG1",4706,"GSR",0.00032731672891706,NA,NA,NA
"topology_ARG1",4707,"GFAP",0.000240332727610593,NA,NA,NA
"topology_ARG1",4708,"GABBR1",0.000629351098106912,NA,NA,NA
"topology_ARG1",4709,"STAT4",0.000324242289791776,NA,NA,NA
"topology_ARG1",4710,"KCNQ2",0.000154321192943452,NA,NA,NA
"topology_ARG1",4711,"SCN1B",0.00123489854843939,NA,NA,NA
"topology_ARG1",4712,"PRKAG2",0.00023019859617357,NA,NA,NA
"topology_ARG1",4713,"SLC6A3",0.000164253248760127,NA,NA,NA
"topology_ARG1",4714,"PLA2G4A",0.000158908171599248,NA,NA,NA
"topology_ARG1",4715,"HPRT1",0.00041877379526456,NA,NA,NA
"topology_ARG1",4716,"TFRC",0.000239327299633385,NA,NA,NA
"topology_ARG1",4717,"NQO1",0.000518240501310552,NA,NA,NA
"topology_ARG1",4718,"NQO1",0.000518240501310552,NA,NA,NA
"topology_ARG1",4719,"NQO1",0.000518240501310552,NA,NA,NA
"topology_ARG1",4720,"GFAP",0.000240332727610593,NA,NA,NA
"topology_ARG1",4721,"KCNJ11",0.00241899994818762,NA,NA,NA
"topology_ARG1",4722,"ADRB2",0.000148693401879507,NA,NA,NA
"topology_ARG1",4723,"NR1H4",0.000150320210463128,NA,NA,NA
"topology_ARG1",4724,"KCNH2",0.000463751185241779,NA,NA,NA
"topology_ARG1",4725,"KCNQ2",0.000154321192943452,NA,NA,NA
"topology_ARG1",4726,"AGXT2",0.000181321349120078,NA,NA,NA
"topology_ARG1",4727,"CAMP",0.00129691841056656,NA,NA,NA
"topology_ARG1",4728,"CS",0.000203624857343709,NA,NA,NA
"topology_ARG1",4729,"GABRG2",6.25131802217682e-05,NA,NA,NA
"topology_ARG1",4730,"PLA2G4A",0.000158908171599248,NA,NA,NA
"topology_ARG1",4731,"GRM5",0.000204723227971049,NA,NA,NA
"topology_ARG1",4732,"GATM",0.000449150320023683,NA,NA,NA
"topology_ARG1",4733,"GCK",0.000213793988103061,NA,NA,NA
"topology_ARG1",4734,"TRPV1",0.00166711359586047,NA,NA,NA
"topology_ARG1",4735,"PTGS1",0.0001138588382259,NA,NA,NA
"topology_ARG1",4736,"NR1H4",0.000150320210463128,NA,NA,NA
"topology_ARG1",4737,"HK2",0.000296209764147126,NA,NA,NA
"topology_ARG1",4738,"MT-CYB",0.000203007681716216,NA,NA,NA
"topology_ARG1",4739,"GABRA1",0.000512519672648093,NA,NA,NA
"topology_ARG1",4740,"HK2",0.000296209764147126,NA,NA,NA
"topology_ARG1",4741,"KCNJ11",0.00241899994818762,NA,NA,NA
"topology_ARG1",4742,"TAC1",0.001463424927591,NA,NA,NA
"topology_ARG1",4743,"TRPV1",0.00166711359586047,NA,NA,NA
"topology_ARG1",4744,"MECP2",0.000428908523146032,NA,NA,NA
"topology_ARG1",4745,"ABCG2",0.00154702083903102,NA,NA,NA
"topology_ARG1",4746,"ADCY1",8.87083575196179e-06,NA,NA,NA
"topology_ARG1",4747,"GFAP",0.000240332727610593,NA,NA,NA
"topology_ARG1",4748,"PRKAG2",0.00023019859617357,NA,NA,NA
"topology_ARG1",4749,"CFTR",0.00160265872797649,NA,NA,NA
"topology_ARG1",4750,"GCLC",8.05799891081538e-05,NA,NA,NA
"topology_ARG1",4751,"GABRB3",0.000120726283226125,NA,NA,NA
"topology_ARG1",4752,"STAT4",0.000324242289791776,NA,NA,NA
"topology_ARG1",4753,"XBP1",0.00130705850242441,NA,NA,NA
"topology_ARG1",4754,"PRKAG2",0.00023019859617357,NA,NA,NA
"topology_ARG1",4755,"GATM",0.000449150320023683,NA,NA,NA
"topology_ARG1",4756,"GFAP",0.000240332727610593,NA,NA,NA
"topology_ARG1",4757,"XDH",0.000207347108110545,NA,NA,NA
"topology_ARG1",4758,"GABRB3",0.000120726283226125,NA,NA,NA
"topology_ARG1",4759,"CFTR",0.00160265872797649,NA,NA,NA
"topology_ARG1",4760,"CAMP",0.00129691841056656,NA,NA,NA
"topology_ARG1",4761,"GCK",0.000213793988103061,NA,NA,NA
"topology_ARG1",4762,"TYMS",0.000142484575824997,NA,NA,NA
"topology_ARG1",4763,"NR1H4",0.000150320210463128,NA,NA,NA
"topology_ARG1",4764,"ACLY",0.000136799781064179,NA,NA,NA
"topology_ARG1",4765,"KCNQ2",0.000154321192943452,NA,NA,NA
"topology_ARG1",4766,"STAT4",0.000324242289791776,NA,NA,NA
"topology_ARG1",4767,"ADRB2",0.000148693401879507,NA,NA,NA
"topology_ARG1",4768,"TAC1",0.001463424927591,NA,NA,NA
"topology_ARG1",4769,"GABRG2",6.25131802217682e-05,NA,NA,NA
"topology_ARG1",4770,"RARA",0.000182812715244118,NA,NA,NA
"topology_ARG1",4771,"ADRB2",0.000148693401879507,NA,NA,NA
"topology_ARG1",4772,"SLC6A3",0.000164253248760127,NA,NA,NA
"topology_ARG1",4773,"XBP1",0.00130705850242441,NA,NA,NA
"topology_ARG1",4774,"TFRC",0.000239327299633385,NA,NA,NA
"topology_ARG1",4775,"SDHA",0.000611111269984921,NA,NA,NA
"topology_ARG1",4776,"MECP2",0.000428908523146032,NA,NA,NA
"topology_ARG1",4777,"ADRB2",0.000148693401879507,NA,NA,NA
"topology_ARG1",4778,"XBP1",0.00130705850242441,NA,NA,NA
"topology_ARG1",4779,"SCD",0.000143791042404695,NA,NA,NA
"topology_ARG1",4780,"PTH",0.00019439506068486,NA,NA,NA
"topology_ARG1",4781,"TFRC",0.000239327299633385,NA,NA,NA
"topology_ARG1",4782,"XBP1",0.00130705850242441,NA,NA,NA
"topology_ARG1",4783,"TAC1",0.001463424927591,NA,NA,NA
"topology_ARG1",4784,"TRPV1",0.00166711359586047,NA,NA,NA
"topology_ARG1",4785,"AGXT2",0.000181321349120078,NA,NA,NA
"topology_ARG1",4786,"GABBR1",0.000629351098106912,NA,NA,NA
"topology_ARG1",4787,"XDH",0.000207347108110545,NA,NA,NA
"topology_ARG1",4788,"SDHA",0.000611111269984921,NA,NA,NA
"topology_ARG1",4789,"MECP2",0.000428908523146032,NA,NA,NA
"topology_ARG1",4790,"HK2",0.000296209764147126,NA,NA,NA
"topology_ARG1",4791,"DRD2",0.000217393825030943,NA,NA,NA
"topology_ARG1",4792,"TFRC",0.000239327299633385,NA,NA,NA
"topology_ARG1",4793,"ABCG2",0.00154702083903102,NA,NA,NA
"topology_ARG1",4794,"XBP1",0.00130705850242441,NA,NA,NA
"topology_ARG1",4795,"MECP2",0.000428908523146032,NA,NA,NA
"topology_ARG1",4796,"CAMP",0.00129691841056656,NA,NA,NA
"topology_ARG1",4797,"GABRB3",0.000120726283226125,NA,NA,NA
"topology_ARG1",4798,"GFAP",0.000240332727610593,NA,NA,NA
"topology_ARG1",4799,"TRPV4",0.000106153420904809,NA,NA,NA
"topology_ARG1",4800,"CAMP",0.00129691841056656,NA,NA,NA
"topology_ARG1",4801,"AGXT2",0.000181321349120078,NA,NA,NA
"topology_ARG1",4802,"TAC1",0.001463424927591,NA,NA,NA
"topology_ARG1",4803,"GAD1",0.000786829139807432,NA,NA,NA
"topology_ARG1",4804,"TYMS",0.000142484575824997,NA,NA,NA
"topology_ARG1",4805,"GABRA1",0.000512519672648093,NA,NA,NA
"topology_ARG1",4806,"GRM5",0.000204723227971049,NA,NA,NA
"topology_ARG1",4807,"MT-CYB",0.000203007681716216,NA,NA,NA
"topology_ARG1",4808,"GATM",0.000449150320023683,NA,NA,NA
"topology_ARG1",4809,"STAT4",0.000324242289791776,NA,NA,NA
"topology_ARG1",4810,"HK2",0.000296209764147126,NA,NA,NA
"topology_ARG1",4811,"KCNH2",0.000463751185241779,NA,NA,NA
"topology_ARG1",4812,"GABRG2",6.25131802217682e-05,NA,NA,NA
"topology_ARG1",4813,"MECP2",0.000428908523146032,NA,NA,NA
"topology_ARG1",4814,"GABRB3",0.000120726283226125,NA,NA,NA
"topology_ARG1",4815,"MT-CYB",0.000203007681716216,NA,NA,NA
"topology_ARG1",4816,"GABRA1",0.000512519672648093,NA,NA,NA
"topology_ARG1",4817,"CAMP",0.00129691841056656,NA,NA,NA
"topology_ARG1",4818,"XBP1",0.00130705850242441,NA,NA,NA
"topology_ARG1",4819,"PTGS1",0.0001138588382259,NA,NA,NA
"topology_ARG1",4820,"GABRG2",6.25131802217682e-05,NA,NA,NA
"topology_ARG1",4821,"TYMS",0.000142484575824997,NA,NA,NA
"topology_ARG1",4822,"SDHA",0.000611111269984921,NA,NA,NA
"topology_ARG1",4823,"CFTR",0.00160265872797649,NA,NA,NA
"topology_ARG1",4824,"GFAP",0.000240332727610593,NA,NA,NA
"topology_ARG1",4825,"STAT4",0.000324242289791776,NA,NA,NA
"topology_ARG1",4826,"STAT4",0.000324242289791776,NA,NA,NA
"topology_ARG1",4827,"GABRG2",6.25131802217682e-05,NA,NA,NA
"topology_ARG1",4828,"ADCY2",0,NA,NA,NA
"topology_ARG1",4829,"ADCY1",8.87083575196179e-06,NA,NA,NA
"topology_ARG1",4830,"SCN1B",0.00123489854843939,NA,NA,NA
"topology_ARG1",4831,"TFRC",0.000239327299633385,NA,NA,NA
"topology_ARG1",4832,"SDHA",0.000611111269984921,NA,NA,NA
"topology_ARG1",4833,"MECP2",0.000428908523146032,NA,NA,NA
"topology_ARG1",4834,"SDHA",0.000611111269984921,NA,NA,NA
"topology_ARG1",4835,"PRKAG2",0.00023019859617357,NA,NA,NA
"topology_ARG1",4836,"KCNH2",0.000463751185241779,NA,NA,NA
"topology_ARG1",4837,"TYMS",0.000142484575824997,NA,NA,NA
"topology_ARG1",4838,"TRPV4",0.000106153420904809,NA,NA,NA
"topology_ARG1",4839,"SLC6A3",0.000164253248760127,NA,NA,NA
"topology_ARG1",4840,"AGXT2",0.000181321349120078,NA,NA,NA
"topology_ARG1",4841,"DPP4",0.00143001137023646,NA,NA,NA
"topology_ARG1",4842,"DRD2",0.000217393825030943,NA,NA,NA
"topology_ARG1",4843,"SCN1B",0.00123489854843939,NA,NA,NA
"topology_ARG1",4844,"GAD1",0.000786829139807432,NA,NA,NA
"topology_ARG1",4845,"ADCY1",8.87083575196179e-06,NA,NA,NA
"topology_ARG1",4846,"SCN2A",9.6829057864789e-05,NA,NA,NA
"topology_ARG1",4847,"KCNJ11",0.00241899994818762,NA,NA,NA
"topology_ARG1",4848,"SCN2A",9.6829057864789e-05,NA,NA,NA
"topology_ARG1",4849,"TFRC",0.000239327299633385,NA,NA,NA
"topology_ARG1",4850,"ACLY",0.000136799781064179,NA,NA,NA
"topology_ARG1",4851,"GCLC",8.05799891081538e-05,NA,NA,NA
"topology_ARG1",4852,"ABCG2",0.00154702083903102,NA,NA,NA
"topology_ARG1",4853,"RARA",0.000182812715244118,NA,NA,NA
"topology_ARG1",4854,"KCNQ2",0.000154321192943452,NA,NA,NA
"topology_ARG1",4855,"ADCY1",8.87083575196179e-06,NA,NA,NA
"topology_ARG1",4856,"ADCY1",8.87083575196179e-06,NA,NA,NA
"topology_ARG1",4857,"HK2",0.000296209764147126,NA,NA,NA
"topology_ARG1",4858,"ACLY",0.000136799781064179,NA,NA,NA
"topology_ARG1",4859,"GAD1",0.000786829139807432,NA,NA,NA
"topology_ARG1",4860,"GAD1",0.000786829139807432,NA,NA,NA
"topology_ARG1",4861,"GABRB3",0.000120726283226125,NA,NA,NA
"topology_ARG1",4862,"ADCY1",8.87083575196179e-06,NA,NA,NA
"topology_ARG1",4863,"SCD",0.000143791042404695,NA,NA,NA
"topology_ARG1",4864,"AGXT2",0.000181321349120078,NA,NA,NA
"topology_ARG1",4865,"ABCG2",0.00154702083903102,NA,NA,NA
"topology_ARG1",4866,"HPRT1",0.00041877379526456,NA,NA,NA
"topology_ARG1",4867,"PTGS1",0.0001138588382259,NA,NA,NA
"topology_ARG1",4868,"GABRA1",0.000512519672648093,NA,NA,NA
"topology_ARG1",4869,"ADCY1",8.87083575196179e-06,NA,NA,NA
"topology_ARG1",4870,"CFTR",0.00160265872797649,NA,NA,NA
"topology_ARG1",4871,"KCNQ2",0.000154321192943452,NA,NA,NA
"topology_ARG1",4872,"HPRT1",0.00041877379526456,NA,NA,NA
"topology_ARG1",4873,"GATM",0.000449150320023683,NA,NA,NA
"topology_ARG1",4874,"GAD1",0.000786829139807432,NA,NA,NA
"topology_ARG1",4875,"AGXT2",0.000181321349120078,NA,NA,NA
"topology_ARG1",4876,"HPRT1",0.00041877379526456,NA,NA,NA
"topology_ARG1",4877,"GABRG2",6.25131802217682e-05,NA,NA,NA
"topology_ARG1",4878,"HK2",0.000296209764147126,NA,NA,NA
"topology_ARG1",4879,"NR1H4",0.000150320210463128,NA,NA,NA
"topology_ARG1",4880,"GCK",0.000213793988103061,NA,NA,NA
"topology_ARG1",4881,"ABCG2",0.00154702083903102,NA,NA,NA
"topology_ARG1",4882,"CS",0.000203624857343709,NA,NA,NA
"topology_ARG1",4883,"GABBR1",0.000629351098106912,NA,NA,NA
"topology_ARG1",4884,"SCN2A",9.6829057864789e-05,NA,NA,NA
"topology_ARG1",4885,"KCNQ2",0.000154321192943452,NA,NA,NA
"topology_ARG1",4886,"PTH",0.00019439506068486,NA,NA,NA
"topology_ARG1",4887,"SDHA",0.000611111269984921,NA,NA,NA
"topology_ARG1",4888,"TYMS",0.000142484575824997,NA,NA,NA
"topology_ARG1",4889,"GCLC",8.05799891081538e-05,NA,NA,NA
"topology_ARG1",4890,"TFRC",0.000239327299633385,NA,NA,NA
"topology_ARG1",4891,"PTH",0.00019439506068486,NA,NA,NA
"topology_ARG1",4892,"NR1H4",0.000150320210463128,NA,NA,NA
"topology_ARG1",4893,"KCNQ2",0.000154321192943452,NA,NA,NA
"topology_ARG1",4894,"SCN2A",9.6829057864789e-05,NA,NA,NA
"topology_ARG1",4895,"HK2",0.000296209764147126,NA,NA,NA
"topology_ARG1",4896,"TRPV1",0.00166711359586047,NA,NA,NA
"topology_ARG1",4897,"TAC1",0.001463424927591,NA,NA,NA
"topology_ARG1",4898,"XBP1",0.00130705850242441,NA,NA,NA
"topology_ARG1",4899,"MECP2",0.000428908523146032,NA,NA,NA
"topology_ARG1",4900,"SLC6A3",0.000164253248760127,NA,NA,NA
"topology_ARG1",4901,"ADRB2",0.000148693401879507,NA,NA,NA
"topology_ARG1",4902,"TFRC",0.000239327299633385,NA,NA,NA
"topology_ARG1",4903,"GSR",0.00032731672891706,NA,NA,NA
"topology_ARG1",4904,"GCK",0.000213793988103061,NA,NA,NA
"topology_ARG1",4905,"SCN2A",9.6829057864789e-05,NA,NA,NA
"topology_ARG1",4906,"CS",0.000203624857343709,NA,NA,NA
"topology_ARG1",4907,"GABRB3",0.000120726283226125,NA,NA,NA
"topology_ARG1",4908,"DPP4",0.00143001137023646,NA,NA,NA
"topology_ARG1",4909,"GABRA1",0.000512519672648093,NA,NA,NA
"topology_ARG1",4910,"SCN2A",9.6829057864789e-05,NA,NA,NA
"topology_ARG1",4911,"GSR",0.00032731672891706,NA,NA,NA
"topology_ARG1",4912,"SCN2A",9.6829057864789e-05,NA,NA,NA
"topology_ARG1",4913,"RARA",0.000182812715244118,NA,NA,NA
"topology_ARG1",4914,"SCD",0.000143791042404695,NA,NA,NA
"topology_ARG1",4915,"GABRA1",0.000512519672648093,NA,NA,NA
"topology_ARG1",4916,"KCNJ11",0.00241899994818762,NA,NA,NA
"topology_ARG1",4917,"DPP4",0.00143001137023646,NA,NA,NA
"topology_ARG1",4918,"PTH",0.00019439506068486,NA,NA,NA
"topology_ARG1",4919,"GCK",0.000213793988103061,NA,NA,NA
"topology_ARG1",4920,"RARA",0.000182812715244118,NA,NA,NA
"topology_ARG1",4921,"SCD",0.000143791042404695,NA,NA,NA
"topology_ARG1",4922,"GAD1",0.000786829139807432,NA,NA,NA
"topology_ARG1",4923,"ABCG2",0.00154702083903102,NA,NA,NA
"topology_ARG1",4924,"PTH",0.00019439506068486,NA,NA,NA
"topology_ARG1",4925,"SCN2A",9.6829057864789e-05,NA,NA,NA
"topology_ARG1",4926,"DRD2",0.000217393825030943,NA,NA,NA
"topology_ARG1",4927,"GAD1",0.000786829139807432,NA,NA,NA
"topology_ARG1",4928,"CFTR",0.00160265872797649,NA,NA,NA
"topology_ARG1",4929,"MECP2",0.000428908523146032,NA,NA,NA
"topology_ARG1",4930,"HK2",0.000296209764147126,NA,NA,NA
"topology_ARG1",4931,"SCN1B",0.00123489854843939,NA,NA,NA
"topology_ARG1",4932,"TRPV1",0.00166711359586047,NA,NA,NA
"topology_ARG1",4933,"STAT4",0.000324242289791776,NA,NA,NA
"topology_ARG1",4934,"GSR",0.00032731672891706,NA,NA,NA
"topology_ARG1",4935,"AGXT2",0.000181321349120078,NA,NA,NA
"topology_ARG1",4936,"SLC6A3",0.000164253248760127,NA,NA,NA
"topology_ARG1",4937,"PRKAG2",0.00023019859617357,NA,NA,NA
"topology_ARG1",4938,"SCD",0.000143791042404695,NA,NA,NA
"topology_ARG1",4939,"GABRB3",0.000120726283226125,NA,NA,NA
"topology_ARG1",4940,"DPP4",0.00143001137023646,NA,NA,NA
"topology_ARG1",4941,"PTGS1",0.0001138588382259,NA,NA,NA
"topology_ARG1",4942,"ABCG2",0.00154702083903102,NA,NA,NA
"topology_ARG1",4943,"SLC6A3",0.000164253248760127,NA,NA,NA
"topology_ARG1",4944,"TRPV1",0.00166711359586047,NA,NA,NA
"topology_ARG1",4945,"GAD1",0.000786829139807432,NA,NA,NA
"topology_ARG1",4946,"GABBR1",0.000629351098106912,NA,NA,NA
"topology_ARG1",4947,"TAC1",0.001463424927591,NA,NA,NA
"topology_ARG1",4948,"KCNQ2",0.000154321192943452,NA,NA,NA
"topology_ARG1",4949,"TAC1",0.001463424927591,NA,NA,NA
"topology_ARG1",4950,"KCNJ11",0.00241899994818762,NA,NA,NA
"topology_ARG1",4951,"HK2",0.000296209764147126,NA,NA,NA
"topology_ARG1",4952,"GCK",0.000213793988103061,NA,NA,NA
"topology_ARG1",4953,"SLC6A3",0.000164253248760127,NA,NA,NA
"topology_ARG1",4954,"KCNJ11",0.00241899994818762,NA,NA,NA
"topology_ARG1",4955,"GATM",0.000449150320023683,NA,NA,NA
"topology_ARG1",4956,"TRPV4",0.000106153420904809,NA,NA,NA
"topology_ARG1",4957,"GABRG2",6.25131802217682e-05,NA,NA,NA
"topology_ARG1",4958,"GABBR1",0.000629351098106912,NA,NA,NA
"topology_ARG1",4959,"PTGS1",0.0001138588382259,NA,NA,NA
"topology_ARG1",4960,"XBP1",0.00130705850242441,NA,NA,NA
"topology_ARG1",4961,"TRPV4",0.000106153420904809,NA,NA,NA
"topology_ARG1",4962,"NR1H4",0.000150320210463128,NA,NA,NA
"topology_ARG1",4963,"NQO1",0.000518240501310552,NA,NA,NA
"topology_ARG1",4964,"STAT4",0.000324242289791776,NA,NA,NA
"topology_ARG1",4965,"GRM5",0.000204723227971049,NA,NA,NA
"topology_ARG1",4966,"TYMS",0.000142484575824997,NA,NA,NA
"topology_ARG1",4967,"SCN1B",0.00123489854843939,NA,NA,NA
"topology_ARG1",4968,"DPP4",0.00143001137023646,NA,NA,NA
"topology_ARG1",4969,"CFTR",0.00160265872797649,NA,NA,NA
"topology_ARG1",4970,"PTH",0.00019439506068486,NA,NA,NA
"topology_ARG1",4971,"GAD1",0.000786829139807432,NA,NA,NA
"topology_ARG1",4972,"ADRB2",0.000148693401879507,NA,NA,NA
"topology_ARG1",4973,"SLC6A3",0.000164253248760127,NA,NA,NA
"topology_ARG1",4974,"SCN1B",0.00123489854843939,NA,NA,NA
"topology_ARG1",4975,"SLC6A3",0.000164253248760127,NA,NA,NA
"topology_ARG1",4976,"DPP4",0.00143001137023646,NA,NA,NA
"topology_ARG1",4977,"GAD1",0.000786829139807432,NA,NA,NA
"topology_ARG1",4978,"KCNQ2",0.000154321192943452,NA,NA,NA
"topology_ARG1",4979,"ADRB2",0.000148693401879507,NA,NA,NA
"topology_ARG1",4980,"XDH",0.000207347108110545,NA,NA,NA
"topology_ARG1",4981,"SCN2A",9.6829057864789e-05,NA,NA,NA
"topology_ARG1",4982,"GFAP",0.000240332727610593,NA,NA,NA
"topology_ARG1",4983,"TRPV1",0.00166711359586047,NA,NA,NA
"topology_ARG1",4984,"GCLC",8.05799891081538e-05,NA,NA,NA
"topology_ARG1",4985,"KCNH2",0.000463751185241779,NA,NA,NA
"topology_ARG1",4986,"RARA",0.000182812715244118,NA,NA,NA
"topology_ARG1",4987,"GABBR1",0.000629351098106912,NA,NA,NA
"topology_ARG1",4988,"TAC1",0.001463424927591,NA,NA,NA
"topology_ARG1",4989,"ABCG2",0.00154702083903102,NA,NA,NA
"topology_ARG1",4990,"CFTR",0.00160265872797649,NA,NA,NA
"topology_ARG1",4991,"TYMS",0.000142484575824997,NA,NA,NA
"topology_ARG1",4992,"CAMP",0.00129691841056656,NA,NA,NA
"topology_ARG1",4993,"DRD2",0.000217393825030943,NA,NA,NA
"topology_ARG1",4994,"PRKAG2",0.00023019859617357,NA,NA,NA
"topology_ARG1",4995,"TRPV1",0.00166711359586047,NA,NA,NA
"topology_ARG1",4996,"XBP1",0.00130705850242441,NA,NA,NA
"topology_ARG1",4997,"KCNH2",0.000463751185241779,NA,NA,NA
"topology_ARG1",4998,"TRPV4",0.000106153420904809,NA,NA,NA
"topology_ARG1",4999,"STAT4",0.000324242289791776,NA,NA,NA
"topology_ARG1",5000,"DPP4",0.00143001137023646,NA,NA,NA
"topology_ARG1",5001,"RARA",0.000182812715244118,NA,NA,NA
"topology_ARG1",5002,"GRM5",0.000204723227971049,NA,NA,NA
"topology_ARG1",5003,"XDH",0.000207347108110545,NA,NA,NA
"topology_ARG1",5004,"STAT4",0.000324242289791776,NA,NA,NA
"topology_ARG1",5005,"SLC6A3",0.000164253248760127,NA,NA,NA
"topology_ARG1",5006,"ADCY1",8.87083575196179e-06,NA,NA,NA
"topology_ARG1",5007,"GFAP",0.000240332727610593,NA,NA,NA
"topology_ARG1",5008,"SCN1B",0.00123489854843939,NA,NA,NA
"topology_ARG1",5009,"ADCY1",8.87083575196179e-06,NA,NA,NA
"topology_ARG1",5010,"GFAP",0.000240332727610593,NA,NA,NA
"topology_ARG1",5011,"GSR",0.00032731672891706,NA,NA,NA
"topology_ARG1",5012,"CAMP",0.00129691841056656,NA,NA,NA
"topology_ARG1",5013,"SCD",0.000143791042404695,NA,NA,NA
"topology_ARG1",5014,"CS",0.000203624857343709,NA,NA,NA
"topology_ARG1",5015,"KCNQ2",0.000154321192943452,NA,NA,NA
"topology_ARG1",5016,"ABCG2",0.00154702083903102,NA,NA,NA
"topology_ARG1",5017,"PRKAG2",0.00023019859617357,NA,NA,NA
"topology_ARG1",5018,"PCNA",0.000281828068793732,NA,NA,NA
"topology_ARG1",5019,"GABBR1",0.000629351098106912,NA,NA,NA
"topology_ARG1",5020,"ADRB2",0.000148693401879507,NA,NA,NA
"topology_ARG1",5021,"HPRT1",0.00041877379526456,NA,NA,NA
"topology_ARG1",5022,"TYMS",0.000142484575824997,NA,NA,NA
"topology_ARG1",5023,"DPP4",0.00143001137023646,NA,NA,NA
"topology_ARG1",5024,"TFRC",0.000239327299633385,NA,NA,NA
"topology_ARG1",5025,"GABRA1",0.000512519672648093,NA,NA,NA
"topology_ARG1",5026,"ABCG2",0.00154702083903102,NA,NA,NA
"topology_ARG1",5027,"STAT4",0.000324242289791776,NA,NA,NA
"topology_ARG1",5028,"ABCG2",0.00154702083903102,NA,NA,NA
"topology_ARG1",5029,"ADCY2",0,NA,NA,NA
"topology_ARG1",5030,"MECP2",0.000428908523146032,NA,NA,NA
"topology_ARG1",5031,"MECP2",0.000428908523146032,NA,NA,NA
"topology_ARG1",5032,"TFRC",0.000239327299633385,NA,NA,NA
"topology_ARG1",5033,"PLA2G4A",0.000158908171599248,NA,NA,NA
"topology_ARG1",5034,"GABBR1",0.000629351098106912,NA,NA,NA
"topology_ARG1",5035,"MECP2",0.000428908523146032,NA,NA,NA
"topology_ARG1",5036,"TRPV1",0.00166711359586047,NA,NA,NA
"topology_ARG1",5037,"GCLC",8.05799891081538e-05,NA,NA,NA
"topology_ARG1",5038,"GABRB3",0.000120726283226125,NA,NA,NA
"topology_ARG1",5039,"HK2",0.000296209764147126,NA,NA,NA
"topology_ARG1",5040,"GABRB3",0.000120726283226125,NA,NA,NA
"topology_ARG1",5041,"ADRB2",0.000148693401879507,NA,NA,NA
"topology_ARG1",5042,"GABBR1",0.000629351098106912,NA,NA,NA
"topology_ARG1",5043,"DPP4",0.00143001137023646,NA,NA,NA
"topology_ARG1",5044,"TAC1",0.001463424927591,NA,NA,NA
"topology_ARG1",5045,"TAC1",0.001463424927591,NA,NA,NA
"topology_ARG1",5046,"PLA2G4A",0.000158908171599248,NA,NA,NA
"topology_ARG1",5047,"SCN2A",9.6829057864789e-05,NA,NA,NA
"topology_ARG1",5048,"TRPV4",0.000106153420904809,NA,NA,NA
"topology_ARG1",5049,"NR1H4",0.000150320210463128,NA,NA,NA
"topology_ARG1",5050,"GABRB3",0.000120726283226125,NA,NA,NA
"topology_ARG1",5051,"TYMS",0.000142484575824997,NA,NA,NA
"topology_ARG1",5052,"SCN2A",9.6829057864789e-05,NA,NA,NA
"topology_ARG1",5053,"PLA2G4A",0.000158908171599248,NA,NA,NA
"topology_ARG1",5054,"XDH",0.000207347108110545,NA,NA,NA
"topology_ARG1",5055,"GAD1",0.000786829139807432,NA,NA,NA
"topology_ARG1",5056,"PRKAG2",0.00023019859617357,NA,NA,NA
"topology_ARG1",5057,"XBP1",0.00130705850242441,NA,NA,NA
"topology_ARG1",5058,"HPRT1",0.00041877379526456,NA,NA,NA
"topology_ARG1",5059,"GABRB3",0.000120726283226125,NA,NA,NA
"topology_ARG1",5060,"SCN2A",9.6829057864789e-05,NA,NA,NA
"topology_ARG1",5061,"HPRT1",0.00041877379526456,NA,NA,NA
"topology_ARG1",5062,"TYMS",0.000142484575824997,NA,NA,NA
"topology_ARG1",5063,"SDHA",0.000611111269984921,NA,NA,NA
"topology_ARG1",5064,"ABCG2",0.00154702083903102,NA,NA,NA
"topology_ARG1",5065,"NQO1",0.000518240501310552,NA,NA,NA
"topology_ARG1",5066,"GRM5",0.000204723227971049,NA,NA,NA
"topology_ARG1",5067,"MECP2",0.000428908523146032,NA,NA,NA
"topology_ARG1",5068,"GSR",0.00032731672891706,NA,NA,NA
"topology_ARG1",5069,"HPRT1",0.00041877379526456,NA,NA,NA
"topology_ARG1",5070,"PRKAG2",0.00023019859617357,NA,NA,NA
"topology_ARG1",5071,"KCNH2",0.000463751185241779,NA,NA,NA
"topology_ARG1",5072,"HPRT1",0.00041877379526456,NA,NA,NA
"topology_ARG1",5073,"GCLC",8.05799891081538e-05,NA,NA,NA
"topology_ARG1",5074,"HPRT1",0.00041877379526456,NA,NA,NA
"topology_ARG1",5075,"TRPV4",0.000106153420904809,NA,NA,NA
"topology_ARG1",5076,"HK2",0.000296209764147126,NA,NA,NA
"topology_ARG1",5077,"ACLY",0.000136799781064179,NA,NA,NA
"topology_ARG1",5078,"GABRA1",0.000512519672648093,NA,NA,NA
"topology_ARG1",5079,"DRD2",0.000217393825030943,NA,NA,NA
"topology_ARG1",5080,"SCD",0.000143791042404695,NA,NA,NA
"topology_ARG1",5081,"NR1H4",0.000150320210463128,NA,NA,NA
"topology_ARG1",5082,"DRD2",0.000217393825030943,NA,NA,NA
"topology_ARG1",5083,"HK2",0.000296209764147126,NA,NA,NA
"topology_ARG1",5084,"GATM",0.000449150320023683,NA,NA,NA
"topology_ARG1",5085,"XDH",0.000207347108110545,NA,NA,NA
"topology_ARG1",5086,"PLA2G4A",0.000158908171599248,NA,NA,NA
"topology_ARG1",5087,"TRPV1",0.00166711359586047,NA,NA,NA
"topology_ARG1",5088,"TRPV4",0.000106153420904809,NA,NA,NA
"topology_ARG1",5089,"PTGS1",0.0001138588382259,NA,NA,NA
"topology_ARG1",5090,"PRKAG2",0.00023019859617357,NA,NA,NA
"topology_ARG1",5091,"GABRG2",6.25131802217682e-05,NA,NA,NA
"topology_ARG1",5092,"TAC1",0.001463424927591,NA,NA,NA
"topology_ARG1",5093,"CS",0.000203624857343709,NA,NA,NA
"topology_ARG1",5094,"HK2",0.000296209764147126,NA,NA,NA
"topology_ARG1",5095,"GATM",0.000449150320023683,NA,NA,NA
"topology_ARG1",5096,"MECP2",0.000428908523146032,NA,NA,NA
"topology_ARG1",5097,"HK2",0.000296209764147126,NA,NA,NA
"topology_ARG1",5098,"PTH",0.00019439506068486,NA,NA,NA
"topology_ARG1",5099,"GABRG2",6.25131802217682e-05,NA,NA,NA
"topology_ARG1",5100,"PLA2G4A",0.000158908171599248,NA,NA,NA
"topology_ARG1",5101,"HK2",0.000296209764147126,NA,NA,NA
"topology_ARG1",5102,"TRPV1",0.00166711359586047,NA,NA,NA
"topology_ARG1",5103,"PRKAG2",0.00023019859617357,NA,NA,NA
"topology_ARG1",5104,"SLC6A3",0.000164253248760127,NA,NA,NA
"topology_ARG1",5105,"GCK",0.000213793988103061,NA,NA,NA
"topology_ARG1",5106,"MECP2",0.000428908523146032,NA,NA,NA
"topology_ARG1",5107,"PLA2G4A",0.000158908171599248,NA,NA,NA
"topology_ARG1",5108,"ABCG2",0.00154702083903102,NA,NA,NA
"topology_ARG1",5109,"GABRA1",0.000512519672648093,NA,NA,NA
"topology_ARG1",5110,"NR1H4",0.000150320210463128,NA,NA,NA
"topology_ARG1",5111,"GCK",0.000213793988103061,NA,NA,NA
"topology_ARG1",5112,"PLA2G4A",0.000158908171599248,NA,NA,NA
"topology_ARG1",5113,"GAD1",0.000786829139807432,NA,NA,NA
"topology_ARG1",5114,"ACLY",0.000136799781064179,NA,NA,NA
"topology_ARG1",5115,"XBP1",0.00130705850242441,NA,NA,NA
"topology_ARG1",5116,"TRPV4",0.000106153420904809,NA,NA,NA
"topology_ARG1",5117,"ABCG2",0.00154702083903102,NA,NA,NA
"topology_ARG1",5118,"NR1H4",0.000150320210463128,NA,NA,NA
"topology_ARG1",5119,"GATM",0.000449150320023683,NA,NA,NA
"topology_ARG1",5120,"SDHA",0.000611111269984921,NA,NA,NA
"topology_ARG1",5121,"TAC1",0.001463424927591,NA,NA,NA
"topology_ARG1",5122,"CS",0.000203624857343709,NA,NA,NA
"topology_ARG1",5123,"GAD1",0.000786829139807432,NA,NA,NA
"topology_ARG1",5124,"STAT4",0.000324242289791776,NA,NA,NA
"topology_ARG1",5125,"GAD1",0.000786829139807432,NA,NA,NA
"topology_ARG1",5126,"HPRT1",0.00041877379526456,NA,NA,NA
"topology_ARG1",5127,"GCK",0.000213793988103061,NA,NA,NA
"topology_ARG1",5128,"ABCG2",0.00154702083903102,NA,NA,NA
"topology_ARG1",5129,"ADCY1",8.87083575196179e-06,NA,NA,NA
"topology_ARG1",5130,"GABRA1",0.000512519672648093,NA,NA,NA
"topology_ARG1",5131,"SCN1B",0.00123489854843939,NA,NA,NA
"topology_ARG1",5132,"GFAP",0.000240332727610593,NA,NA,NA
"topology_ARG1",5133,"KCNJ11",0.00241899994818762,NA,NA,NA
"topology_ARG1",5134,"PLA2G4A",0.000158908171599248,NA,NA,NA
"topology_ARG1",5135,"GABRB3",0.000120726283226125,NA,NA,NA
"topology_ARG1",5136,"ADCY1",8.87083575196179e-06,NA,NA,NA
"topology_ARG1",5137,"HPRT1",0.00041877379526456,NA,NA,NA
"topology_ARG1",5138,"ADRB2",0.000148693401879507,NA,NA,NA
"topology_ARG1",5139,"GAD1",0.000786829139807432,NA,NA,NA
"topology_ARG1",5140,"AGXT2",0.000181321349120078,NA,NA,NA
"topology_ARG1",5141,"KCNQ2",0.000154321192943452,NA,NA,NA
"topology_ARG1",5142,"NR1H4",0.000150320210463128,NA,NA,NA
"topology_ARG1",5143,"XDH",0.000207347108110545,NA,NA,NA
"topology_ARG1",5144,"AGXT2",0.000181321349120078,NA,NA,NA
"topology_ARG1",5145,"NR1H4",0.000150320210463128,NA,NA,NA
"topology_ARG1",5146,"RARA",0.000182812715244118,NA,NA,NA
"topology_ARG1",5147,"PTH",0.00019439506068486,NA,NA,NA
"topology_ARG1",5148,"STAT4",0.000324242289791776,NA,NA,NA
"topology_ARG1",5149,"DRD2",0.000217393825030943,NA,NA,NA
"topology_ARG1",5150,"NR1H4",0.000150320210463128,NA,NA,NA
"topology_ARG1",5151,"GABRG2",6.25131802217682e-05,NA,NA,NA
"topology_ARG1",5152,"XDH",0.000207347108110545,NA,NA,NA
"topology_ARG1",5153,"TFRC",0.000239327299633385,NA,NA,NA
"topology_ARG1",5154,"RARA",0.000182812715244118,NA,NA,NA
"topology_ARG1",5155,"TRPV1",0.00166711359586047,NA,NA,NA
"topology_ARG1",5156,"RARA",0.000182812715244118,NA,NA,NA
"topology_ARG1",5157,"ADCY2",0,NA,NA,NA
"topology_ARG1",5158,"NQO1",0.000518240501310552,NA,NA,NA
"topology_ARG1",5159,"TYMS",0.000142484575824997,NA,NA,NA
"topology_ARG1",5160,"SCD",0.000143791042404695,NA,NA,NA
"topology_ARG1",5161,"CS",0.000203624857343709,NA,NA,NA
"topology_ARG1",5162,"RARA",0.000182812715244118,NA,NA,NA
"topology_ARG1",5163,"TYMS",0.000142484575824997,NA,NA,NA
"topology_ARG1",5164,"GRM5",0.000204723227971049,NA,NA,NA
"topology_ARG1",5165,"NR1H4",0.000150320210463128,NA,NA,NA
"topology_ARG1",5166,"ADRB2",0.000148693401879507,NA,NA,NA
"topology_ARG1",5167,"KCNQ2",0.000154321192943452,NA,NA,NA
"topology_ARG1",5168,"XBP1",0.00130705850242441,NA,NA,NA
"topology_ARG1",5169,"ACLY",0.000136799781064179,NA,NA,NA
"topology_ARG1",5170,"XDH",0.000207347108110545,NA,NA,NA
"topology_ARG1",5171,"AGXT2",0.000181321349120078,NA,NA,NA
"topology_ARG1",5172,"MT-CYB",0.000203007681716216,NA,NA,NA
"topology_ARG1",5173,"ACLY",0.000136799781064179,NA,NA,NA
"topology_ARG1",5174,"TAC1",0.001463424927591,NA,NA,NA
"topology_ARG1",5175,"PRKAG2",0.00023019859617357,NA,NA,NA
"topology_ARG1",5176,"PTH",0.00019439506068486,NA,NA,NA
"topology_ARG1",5177,"DPP4",0.00143001137023646,NA,NA,NA
"topology_ARG1",5178,"CS",0.000203624857343709,NA,NA,NA
"topology_ARG1",5179,"CAMP",0.00129691841056656,NA,NA,NA
"topology_ARG1",5180,"GATM",0.000449150320023683,NA,NA,NA
"topology_ARG1",5181,"GAD1",0.000786829139807432,NA,NA,NA
"topology_ARG1",5182,"CS",0.000203624857343709,NA,NA,NA
"topology_ARG1",5183,"GCLC",8.05799891081538e-05,NA,NA,NA
"topology_ARG1",5184,"NR1H4",0.000150320210463128,NA,NA,NA
"topology_ARG1",5185,"GSR",0.00032731672891706,NA,NA,NA
"topology_ARG1",5186,"XBP1",0.00130705850242441,NA,NA,NA
"topology_ARG1",5187,"GSR",0.00032731672891706,NA,NA,NA
"topology_ARG1",5188,"SCN1B",0.00123489854843939,NA,NA,NA
"topology_ARG1",5189,"HPRT1",0.00041877379526456,NA,NA,NA
"topology_ARG1",5190,"GABRG2",6.25131802217682e-05,NA,NA,NA
"topology_ARG1",5191,"KCNQ2",0.000154321192943452,NA,NA,NA
"topology_ARG1",5192,"ADCY2",0,NA,NA,NA
"topology_ARG1",5193,"NQO1",0.000518240501310552,NA,NA,NA
"topology_ARG1",5194,"SCD",0.000143791042404695,NA,NA,NA
"topology_ARG1",5195,"STAT4",0.000324242289791776,NA,NA,NA
"topology_ARG1",5196,"SCD",0.000143791042404695,NA,NA,NA
"topology_ARG1",5197,"GCLC",8.05799891081538e-05,NA,NA,NA
"topology_ARG1",5198,"CFTR",0.00160265872797649,NA,NA,NA
"topology_ARG1",5199,"XDH",0.000207347108110545,NA,NA,NA
"topology_ARG1",5200,"XDH",0.000207347108110545,NA,NA,NA
"topology_ARG1",5201,"ADCY2",0,NA,NA,NA
"topology_ARG1",5202,"XBP1",0.00130705850242441,NA,NA,NA
"topology_ARG1",5203,"TFRC",0.000239327299633385,NA,NA,NA
"topology_ARG1",5204,"HK2",0.000296209764147126,NA,NA,NA
"topology_ARG1",5205,"TAC1",0.001463424927591,NA,NA,NA
"topology_ARG1",5206,"TYMS",0.000142484575824997,NA,NA,NA
"topology_ARG1",5207,"AGXT2",0.000181321349120078,NA,NA,NA
"topology_ARG1",5208,"ABCG2",0.00154702083903102,NA,NA,NA
"topology_ARG1",5209,"GCLC",8.05799891081538e-05,NA,NA,NA
"topology_ARG1",5210,"ADCY1",8.87083575196179e-06,NA,NA,NA
"topology_ARG1",5211,"CAMP",0.00129691841056656,NA,NA,NA
"topology_ARG1",5212,"STAT4",0.000324242289791776,NA,NA,NA
"topology_ARG1",5213,"CAMP",0.00129691841056656,NA,NA,NA
"topology_ARG1",5214,"MT-CYB",0.000203007681716216,NA,NA,NA
"topology_ARG1",5215,"PTGS1",0.0001138588382259,NA,NA,NA
"topology_ARG1",5216,"TFRC",0.000239327299633385,NA,NA,NA
"topology_ARG1",5217,"SCD",0.000143791042404695,NA,NA,NA
"topology_ARG1",5218,"RARA",0.000182812715244118,NA,NA,NA
"topology_ARG1",5219,"ADCY2",0,NA,NA,NA
"topology_ARG1",5220,"DPP4",0.00143001137023646,NA,NA,NA
"topology_ARG1",5221,"GSR",0.00032731672891706,NA,NA,NA
"topology_ARG1",5222,"SCN2A",9.6829057864789e-05,NA,NA,NA
"topology_ARG1",5223,"RARA",0.000182812715244118,NA,NA,NA
"topology_ARG1",5224,"TRPV1",0.00166711359586047,NA,NA,NA
"topology_ARG1",5225,"TRPV4",0.000106153420904809,NA,NA,NA
"topology_ARG1",5226,"GCK",0.000213793988103061,NA,NA,NA
"topology_ARG1",5227,"SLC6A3",0.000164253248760127,NA,NA,NA
"topology_ARG1",5228,"DPP4",0.00143001137023646,NA,NA,NA
"topology_ARG1",5229,"SLC6A3",0.000164253248760127,NA,NA,NA
"topology_ARG1",5230,"ADCY2",0,NA,NA,NA
"topology_ARG1",5231,"ABCG2",0.00154702083903102,NA,NA,NA
"topology_ARG1",5232,"NR1H4",0.000150320210463128,NA,NA,NA
"topology_ARG1",5233,"SDHA",0.000611111269984921,NA,NA,NA
"topology_ARG1",5234,"DPP4",0.00143001137023646,NA,NA,NA
"topology_ARG1",5235,"NQO1",0.000518240501310552,NA,NA,NA
"topology_ARG1",5236,"ADCY2",0,NA,NA,NA
"topology_ARG1",5237,"PRKAG2",0.00023019859617357,NA,NA,NA
"topology_ARG1",5238,"AGXT2",0.000181321349120078,NA,NA,NA
"topology_ARG1",5239,"PLA2G4A",0.000158908171599248,NA,NA,NA
"topology_ARG1",5240,"KCNH2",0.000463751185241779,NA,NA,NA
"topology_ARG1",5241,"MT-CYB",0.000203007681716216,NA,NA,NA
"topology_ARG1",5242,"PCNA",0.000281828068793732,NA,NA,NA
"topology_ARG1",5243,"ACLY",0.000136799781064179,NA,NA,NA
"topology_ARG1",5244,"DPP4",0.00143001137023646,NA,NA,NA
"topology_ARG1",5245,"SCD",0.000143791042404695,NA,NA,NA
"topology_ARG1",5246,"ADRB2",0.000148693401879507,NA,NA,NA
"topology_ARG1",5247,"SLC6A3",0.000164253248760127,NA,NA,NA
"topology_ARG1",5248,"TYMS",0.000142484575824997,NA,NA,NA
"topology_ARG1",5249,"GSR",0.00032731672891706,NA,NA,NA
"topology_ARG1",5250,"CFTR",0.00160265872797649,NA,NA,NA
"topology_ARG1",5251,"PTH",0.00019439506068486,NA,NA,NA
"topology_ARG1",5252,"ACLY",0.000136799781064179,NA,NA,NA
"topology_ARG1",5253,"CAMP",0.00129691841056656,NA,NA,NA
"topology_ARG1",5254,"PTGS1",0.0001138588382259,NA,NA,NA
"topology_ARG1",5255,"MECP2",0.000428908523146032,NA,NA,NA
"topology_ARG1",5256,"DRD2",0.000217393825030943,NA,NA,NA
"topology_ARG1",5257,"KCNH2",0.000463751185241779,NA,NA,NA
"topology_ARG1",5258,"ADRB2",0.000148693401879507,NA,NA,NA
"topology_ARG1",5259,"HK2",0.000296209764147126,NA,NA,NA
"topology_ARG1",5260,"KCNJ11",0.00241899994818762,NA,NA,NA
"topology_ARG1",5261,"NR1H4",0.000150320210463128,NA,NA,NA
"topology_ARG1",5262,"NR1H4",0.000150320210463128,NA,NA,NA
"topology_ARG1",5263,"DPP4",0.00143001137023646,NA,NA,NA
"topology_ARG1",5264,"ACLY",0.000136799781064179,NA,NA,NA
"topology_ARG1",5265,"GABRG2",6.25131802217682e-05,NA,NA,NA
"topology_ARG1",5266,"KCNJ11",0.00241899994818762,NA,NA,NA
"topology_ARG1",5267,"ABCG2",0.00154702083903102,NA,NA,NA
"topology_ARG1",5268,"XDH",0.000207347108110545,NA,NA,NA
"topology_ARG1",5269,"GABBR1",0.000629351098106912,NA,NA,NA
"topology_ARG1",5270,"PTH",0.00019439506068486,NA,NA,NA
"topology_ARG1",5271,"DRD2",0.000217393825030943,NA,NA,NA
"topology_ARG1",5272,"GFAP",0.000240332727610593,NA,NA,NA
"topology_ARG1",5273,"GATM",0.000449150320023683,NA,NA,NA
"topology_ARG1",5274,"GABRB3",0.000120726283226125,NA,NA,NA
"topology_ARG1",5275,"GCK",0.000213793988103061,NA,NA,NA
"topology_ARG1",5276,"TYMS",0.000142484575824997,NA,NA,NA
"topology_ARG1",5277,"GRM5",0.000204723227971049,NA,NA,NA
"topology_ARG1",5278,"KCNJ11",0.00241899994818762,NA,NA,NA
"topology_ARG1",5279,"RARA",0.000182812715244118,NA,NA,NA
"topology_ARG1",5280,"PTGS1",0.0001138588382259,NA,NA,NA
"topology_ARG1",5281,"SDHA",0.000611111269984921,NA,NA,NA
"topology_ARG1",5282,"GABBR1",0.000629351098106912,NA,NA,NA
"topology_ARG1",5283,"GRM5",0.000204723227971049,NA,NA,NA
"topology_ARG1",5284,"CS",0.000203624857343709,NA,NA,NA
"topology_ARG1",5285,"TRPV4",0.000106153420904809,NA,NA,NA
"topology_ARG1",5286,"SCD",0.000143791042404695,NA,NA,NA
"topology_ARG1",5287,"GCK",0.000213793988103061,NA,NA,NA
"topology_ARG1",5288,"AGXT2",0.000181321349120078,NA,NA,NA
"topology_ARG1",5289,"TYMS",0.000142484575824997,NA,NA,NA
"topology_ARG1",5290,"ADCY2",0,NA,NA,NA
"topology_ARG1",5291,"SCD",0.000143791042404695,NA,NA,NA
"topology_ARG1",5292,"NR1H4",0.000150320210463128,NA,NA,NA
"topology_ARG1",5293,"PCNA",0.000281828068793732,NA,NA,NA
"topology_ARG1",5294,"NQO1",0.000518240501310552,NA,NA,NA
"topology_ARG1",5295,"HPRT1",0.00041877379526456,NA,NA,NA
"topology_ARG1",5296,"KCNJ11",0.00241899994818762,NA,NA,NA
"topology_ARG1",5297,"ADRB2",0.000148693401879507,NA,NA,NA
"topology_ARG1",5298,"HPRT1",0.00041877379526456,NA,NA,NA
"topology_ARG1",5299,"ACLY",0.000136799781064179,NA,NA,NA
"topology_ARG1",5300,"GSR",0.00032731672891706,NA,NA,NA
"topology_ARG1",5301,"GFAP",0.000240332727610593,NA,NA,NA
"topology_ARG1",5302,"MECP2",0.000428908523146032,NA,NA,NA
"topology_ARG1",5303,"ADCY2",0,NA,NA,NA
"topology_ARG1",5304,"KCNH2",0.000463751185241779,NA,NA,NA
"topology_ARG1",5305,"GRM5",0.000204723227971049,NA,NA,NA
"topology_ARG1",5306,"TRPV4",0.000106153420904809,NA,NA,NA
"topology_ARG1",5307,"PTH",0.00019439506068486,NA,NA,NA
"topology_ARG1",5308,"NQO1",0.000518240501310552,NA,NA,NA
"topology_ARG1",5309,"TRPV4",0.000106153420904809,NA,NA,NA
"topology_ARG1",5310,"MECP2",0.000428908523146032,NA,NA,NA
"topology_ARG1",5311,"GABRB3",0.000120726283226125,NA,NA,NA
"topology_ARG1",5312,"PRKAG2",0.00023019859617357,NA,NA,NA
"topology_ARG1",5313,"ACLY",0.000136799781064179,NA,NA,NA
"topology_ARG1",5314,"GSR",0.00032731672891706,NA,NA,NA
"topology_ARG1",5315,"CS",0.000203624857343709,NA,NA,NA
"topology_ARG1",5316,"ABCG2",0.00154702083903102,NA,NA,NA
"topology_ARG1",5317,"CS",0.000203624857343709,NA,NA,NA
"topology_ARG1",5318,"GSR",0.00032731672891706,NA,NA,NA
"topology_ARG1",5319,"GFAP",0.000240332727610593,NA,NA,NA
"topology_ARG1",5320,"GRM5",0.000204723227971049,NA,NA,NA
"topology_ARG1",5321,"ABCG2",0.00154702083903102,NA,NA,NA
"topology_ARG1",5322,"XBP1",0.00130705850242441,NA,NA,NA
"topology_ARG1",5323,"PTGS1",0.0001138588382259,NA,NA,NA
"topology_ARG1",5324,"RARA",0.000182812715244118,NA,NA,NA
"topology_ARG1",5325,"GCLC",8.05799891081538e-05,NA,NA,NA
"topology_ARG1",5326,"KCNJ11",0.00241899994818762,NA,NA,NA
"topology_ARG1",5327,"GATM",0.000449150320023683,NA,NA,NA
"topology_ARG1",5328,"SCN1B",0.00123489854843939,NA,NA,NA
"topology_ARG1",5329,"SCN2A",9.6829057864789e-05,NA,NA,NA
"topology_ARG1",5330,"MT-CYB",0.000203007681716216,NA,NA,NA
"topology_ARG1",5331,"CAMP",0.00129691841056656,NA,NA,NA
"topology_ARG1",5332,"TFRC",0.000239327299633385,NA,NA,NA
"topology_ARG1",5333,"PTGS1",0.0001138588382259,NA,NA,NA
"topology_ARG1",5334,"TFRC",0.000239327299633385,NA,NA,NA
"topology_ARG1",5335,"DRD2",0.000217393825030943,NA,NA,NA
"topology_ARG1",5336,"TRPV4",0.000106153420904809,NA,NA,NA
"topology_ARG1",5337,"XDH",0.000207347108110545,NA,NA,NA
"topology_ARG1",5338,"NR1H4",0.000150320210463128,NA,NA,NA
"topology_ARG1",5339,"ADCY1",8.87083575196179e-06,NA,NA,NA
"topology_ARG1",5340,"TFRC",0.000239327299633385,NA,NA,NA
"topology_ARG1",5341,"ADRB2",0.000148693401879507,NA,NA,NA
"topology_ARG1",5342,"GABRG2",6.25131802217682e-05,NA,NA,NA
"topology_ARG1",5343,"XBP1",0.00130705850242441,NA,NA,NA
"topology_ARG1",5344,"GABBR1",0.000629351098106912,NA,NA,NA
"topology_ARG1",5345,"XBP1",0.00130705850242441,NA,NA,NA
"topology_ARG1",5346,"TRPV1",0.00166711359586047,NA,NA,NA
"topology_ARG1",5347,"DPP4",0.00143001137023646,NA,NA,NA
"topology_ARG1",5348,"PTGS1",0.0001138588382259,NA,NA,NA
"topology_ARG1",5349,"PLA2G4A",0.000158908171599248,NA,NA,NA
"topology_ARG1",5350,"SCN1B",0.00123489854843939,NA,NA,NA
"topology_ARG1",5351,"CAMP",0.00129691841056656,NA,NA,NA
"topology_ARG1",5352,"ADCY1",8.87083575196179e-06,NA,NA,NA
"topology_ARG1",5353,"GATM",0.000449150320023683,NA,NA,NA
"topology_ARG1",5354,"SCN1B",0.00123489854843939,NA,NA,NA
"topology_ARG1",5355,"SCD",0.000143791042404695,NA,NA,NA
"topology_ARG1",5356,"MT-CYB",0.000203007681716216,NA,NA,NA
"topology_ARG1",5357,"MECP2",0.000428908523146032,NA,NA,NA
"topology_ARG1",5358,"CS",0.000203624857343709,NA,NA,NA
"topology_ARG1",5359,"GCLC",8.05799891081538e-05,NA,NA,NA
"topology_ARG1",5360,"GCK",0.000213793988103061,NA,NA,NA
"topology_ARG1",5361,"SLC6A3",0.000164253248760127,NA,NA,NA
"topology_ARG1",5362,"KCNJ11",0.00241899994818762,NA,NA,NA
"topology_ARG1",5363,"TYMS",0.000142484575824997,NA,NA,NA
"topology_ARG1",5364,"ABCG2",0.00154702083903102,NA,NA,NA
"topology_ARG1",5365,"TRPV4",0.000106153420904809,NA,NA,NA
"topology_ARG1",5366,"GATM",0.000449150320023683,NA,NA,NA
"topology_ARG1",5367,"MT-CYB",0.000203007681716216,NA,NA,NA
"topology_ARG1",5368,"KCNH2",0.000463751185241779,NA,NA,NA
"topology_ARG1",5369,"GSR",0.00032731672891706,NA,NA,NA
"topology_ARG1",5370,"NQO1",0.000518240501310552,NA,NA,NA
"topology_ARG1",5371,"KCNH2",0.000463751185241779,NA,NA,NA
"topology_ARG1",5372,"CAMP",0.00129691841056656,NA,NA,NA
"topology_ARG1",5373,"HPRT1",0.00041877379526456,NA,NA,NA
"topology_ARG1",5374,"XDH",0.000207347108110545,NA,NA,NA
"topology_ARG1",5375,"NR1H4",0.000150320210463128,NA,NA,NA
"topology_ARG1",5376,"TRPV4",0.000106153420904809,NA,NA,NA
"topology_ARG1",5377,"GAD1",0.000786829139807432,NA,NA,NA
"topology_ARG1",5378,"TRPV4",0.000106153420904809,NA,NA,NA
"topology_ARG1",5379,"CS",0.000203624857343709,NA,NA,NA
"topology_ARG1",5380,"GATM",0.000449150320023683,NA,NA,NA
"topology_ARG1",5381,"HK2",0.000296209764147126,NA,NA,NA
"topology_ARG1",5382,"KCNJ11",0.00241899994818762,NA,NA,NA
"topology_ARG1",5383,"ADCY2",0,NA,NA,NA
"topology_ARG1",5384,"ADRB2",0.000148693401879507,NA,NA,NA
"topology_ARG1",5385,"GABBR1",0.000629351098106912,NA,NA,NA
"topology_ARG1",5386,"KCNQ2",0.000154321192943452,NA,NA,NA
"topology_ARG1",5387,"HK2",0.000296209764147126,NA,NA,NA
"topology_ARG1",5388,"CAMP",0.00129691841056656,NA,NA,NA
"topology_ARG1",5389,"GSR",0.00032731672891706,NA,NA,NA
"topology_ARG1",5390,"STAT4",0.000324242289791776,NA,NA,NA
"topology_ARG1",5391,"SDHA",0.000611111269984921,NA,NA,NA
"topology_ARG1",5392,"XDH",0.000207347108110545,NA,NA,NA
"topology_ARG1",5393,"NR1H4",0.000150320210463128,NA,NA,NA
"topology_ARG1",5394,"TYMS",0.000142484575824997,NA,NA,NA
"topology_ARG1",5395,"MECP2",0.000428908523146032,NA,NA,NA
"topology_ARG1",5396,"ACLY",0.000136799781064179,NA,NA,NA
"topology_ARG1",5397,"SLC6A3",0.000164253248760127,NA,NA,NA
"topology_ARG1",5398,"ADCY2",0,NA,NA,NA
"topology_ARG1",5399,"KCNJ11",0.00241899994818762,NA,NA,NA
"topology_ARG1",5400,"GFAP",0.000240332727610593,NA,NA,NA
"topology_ARG1",5401,"GABBR1",0.000629351098106912,NA,NA,NA
"topology_ARG1",5402,"CS",0.000203624857343709,NA,NA,NA
"topology_ARG1",5403,"TRPV1",0.00166711359586047,NA,NA,NA
"topology_ARG1",5404,"TYMS",0.000142484575824997,NA,NA,NA
"topology_ARG1",5405,"AGXT2",0.000181321349120078,NA,NA,NA
"topology_ARG1",5406,"NQO1",0.000518240501310552,NA,NA,NA
"topology_ARG1",5407,"HPRT1",0.00041877379526456,NA,NA,NA
"topology_ARG1",5408,"HK2",0.000296209764147126,NA,NA,NA
"topology_ARG1",5409,"NQO1",0.000518240501310552,NA,NA,NA
"topology_ARG1",5410,"GSR",0.00032731672891706,NA,NA,NA
"topology_ARG1",5411,"KCNJ11",0.00241899994818762,NA,NA,NA
"topology_ARG1",5412,"MECP2",0.000428908523146032,NA,NA,NA
"topology_ARG1",5413,"PTH",0.00019439506068486,NA,NA,NA
"topology_ARG1",5414,"GABRA1",0.000512519672648093,NA,NA,NA
"topology_ARG1",5415,"GFAP",0.000240332727610593,NA,NA,NA
"topology_ARG1",5416,"PCNA",0.000281828068793732,NA,NA,NA
"topology_ARG1",5417,"ADCY2",0,NA,NA,NA
"topology_ARG1",5418,"GABBR1",0.000629351098106912,NA,NA,NA
"topology_ARG1",5419,"DRD2",0.000217393825030943,NA,NA,NA
"topology_ARG1",5420,"GRM5",0.000204723227971049,NA,NA,NA
"topology_ARG1",5421,"ADCY2",0,NA,NA,NA
"topology_ARG1",5422,"TFRC",0.000239327299633385,NA,NA,NA
"topology_ARG1",5423,"MT-CYB",0.000203007681716216,NA,NA,NA
"topology_ARG1",5424,"HK2",0.000296209764147126,NA,NA,NA
"topology_ARG1",5425,"DPP4",0.00143001137023646,NA,NA,NA
"topology_ARG1",5426,"GFAP",0.000240332727610593,NA,NA,NA
"topology_ARG1",5427,"SCD",0.000143791042404695,NA,NA,NA
"topology_ARG1",5428,"ACLY",0.000136799781064179,NA,NA,NA
"topology_ARG1",5429,"GRM5",0.000204723227971049,NA,NA,NA
"topology_ARG1",5430,"PCNA",0.000281828068793732,NA,NA,NA
"topology_ARG1",5431,"PCNA",0.000281828068793732,NA,NA,NA
"topology_ARG1",5432,"TAC1",0.001463424927591,NA,NA,NA
"topology_ARG1",5433,"GABRA1",0.000512519672648093,NA,NA,NA
"topology_ARG1",5434,"KCNJ11",0.00241899994818762,NA,NA,NA
"topology_ARG1",5435,"XBP1",0.00130705850242441,NA,NA,NA
"topology_ARG1",5436,"TFRC",0.000239327299633385,NA,NA,NA
"topology_ARG1",5437,"RARA",0.000182812715244118,NA,NA,NA
"topology_ARG1",5438,"TYMS",0.000142484575824997,NA,NA,NA
"topology_ARG1",5439,"DRD2",0.000217393825030943,NA,NA,NA
"topology_ARG1",5440,"TAC1",0.001463424927591,NA,NA,NA
"topology_ARG1",5441,"AGXT2",0.000181321349120078,NA,NA,NA
"topology_ARG1",5442,"SLC6A3",0.000164253248760127,NA,NA,NA
"topology_ARG1",5443,"NR1H4",0.000150320210463128,NA,NA,NA
"topology_ARG1",5444,"SCD",0.000143791042404695,NA,NA,NA
"topology_ARG1",5445,"TYMS",0.000142484575824997,NA,NA,NA
"topology_ARG1",5446,"KCNH2",0.000463751185241779,NA,NA,NA
"topology_ARG1",5447,"GRM5",0.000204723227971049,NA,NA,NA
"topology_ARG1",5448,"ADCY2",0,NA,NA,NA
"topology_ARG1",5449,"GCK",0.000213793988103061,NA,NA,NA
"topology_ARG1",5450,"SCD",0.000143791042404695,NA,NA,NA
"topology_ARG1",5451,"GFAP",0.000240332727610593,NA,NA,NA
"topology_ARG1",5452,"GSR",0.00032731672891706,NA,NA,NA
"topology_ARG1",5453,"GABRG2",6.25131802217682e-05,NA,NA,NA
"topology_ARG1",5454,"ADCY2",0,NA,NA,NA
"topology_ARG1",5455,"GABRG2",6.25131802217682e-05,NA,NA,NA
"topology_ARG1",5456,"PRKAG2",0.00023019859617357,NA,NA,NA
"topology_ARG1",5457,"PTGS1",0.0001138588382259,NA,NA,NA
"topology_ARG1",5458,"KCNH2",0.000463751185241779,NA,NA,NA
"topology_ARG1",5459,"TAC1",0.001463424927591,NA,NA,NA
"topology_ARG1",5460,"HK2",0.000296209764147126,NA,NA,NA
"topology_ARG1",5461,"AGXT2",0.000181321349120078,NA,NA,NA
"topology_ARG1",5462,"GCK",0.000213793988103061,NA,NA,NA
"topology_ARG1",5463,"ABCG2",0.00154702083903102,NA,NA,NA
"topology_ARG1",5464,"MT-CYB",0.000203007681716216,NA,NA,NA
"topology_ARG1",5465,"NR1H4",0.000150320210463128,NA,NA,NA
"topology_ARG1",5466,"CFTR",0.00160265872797649,NA,NA,NA
"topology_ARG1",5467,"STAT4",0.000324242289791776,NA,NA,NA
"topology_ARG1",5468,"TFRC",0.000239327299633385,NA,NA,NA
"topology_ARG1",5469,"GABRA1",0.000512519672648093,NA,NA,NA
"topology_ARG1",5470,"GFAP",0.000240332727610593,NA,NA,NA
"topology_ARG1",5471,"GABRA1",0.000512519672648093,NA,NA,NA
"topology_ARG1",5472,"GABRA1",0.000512519672648093,NA,NA,NA
"topology_ARG1",5473,"TAC1",0.001463424927591,NA,NA,NA
"topology_ARG1",5474,"SLC6A3",0.000164253248760127,NA,NA,NA
"topology_ARG1",5475,"ADCY1",8.87083575196179e-06,NA,NA,NA
"topology_ARG1",5476,"PTGS1",0.0001138588382259,NA,NA,NA
"topology_ARG1",5477,"GABBR1",0.000629351098106912,NA,NA,NA
"topology_ARG1",5478,"GRM5",0.000204723227971049,NA,NA,NA
"topology_ARG1",5479,"TAC1",0.001463424927591,NA,NA,NA
"topology_ARG1",5480,"NR1H4",0.000150320210463128,NA,NA,NA
"topology_ARG1",5481,"GABRG2",6.25131802217682e-05,NA,NA,NA
"topology_ARG1",5482,"PCNA",0.000281828068793732,NA,NA,NA
"topology_ARG1",5483,"SCN2A",9.6829057864789e-05,NA,NA,NA
"topology_ARG1",5484,"SCN1B",0.00123489854843939,NA,NA,NA
"topology_ARG1",5485,"GCK",0.000213793988103061,NA,NA,NA
"topology_ARG1",5486,"TRPV4",0.000106153420904809,NA,NA,NA
"topology_ARG1",5487,"KCNJ11",0.00241899994818762,NA,NA,NA
"topology_ARG1",5488,"KCNQ2",0.000154321192943452,NA,NA,NA
"topology_ARG1",5489,"STAT4",0.000324242289791776,NA,NA,NA
"topology_ARG1",5490,"TRPV4",0.000106153420904809,NA,NA,NA
"topology_ARG1",5491,"GRM5",0.000204723227971049,NA,NA,NA
"topology_ARG1",5492,"HK2",0.000296209764147126,NA,NA,NA
"topology_ARG1",5493,"NR1H4",0.000150320210463128,NA,NA,NA
"topology_ARG1",5494,"SCN1B",0.00123489854843939,NA,NA,NA
"topology_ARG1",5495,"GABRG2",6.25131802217682e-05,NA,NA,NA
"topology_ARG1",5496,"PTH",0.00019439506068486,NA,NA,NA
"topology_ARG1",5497,"SLC6A3",0.000164253248760127,NA,NA,NA
"topology_ARG1",5498,"XBP1",0.00130705850242441,NA,NA,NA
"topology_ARG1",5499,"GABRA1",0.000512519672648093,NA,NA,NA
"topology_ARG1",5500,"GABRB3",0.000120726283226125,NA,NA,NA
"topology_ARG1",5501,"TAC1",0.001463424927591,NA,NA,NA
"topology_ARG1",5502,"CAMP",0.00129691841056656,NA,NA,NA
"topology_ARG1",5503,"GATM",0.000449150320023683,NA,NA,NA
"topology_ARG1",5504,"XBP1",0.00130705850242441,NA,NA,NA
"topology_ARG1",5505,"ADCY1",8.87083575196179e-06,NA,NA,NA
"topology_ARG1",5506,"ADRB2",0.000148693401879507,NA,NA,NA
"topology_ARG1",5507,"TRPV4",0.000106153420904809,NA,NA,NA
"topology_ARG1",5508,"ABCG2",0.00154702083903102,NA,NA,NA
"topology_ARG1",5509,"CAMP",0.00129691841056656,NA,NA,NA
"topology_ARG1",5510,"GSR",0.00032731672891706,NA,NA,NA
"topology_ARG1",5511,"GRM5",0.000204723227971049,NA,NA,NA
"topology_ARG1",5512,"GABBR1",0.000629351098106912,NA,NA,NA
"topology_ARG1",5513,"GFAP",0.000240332727610593,NA,NA,NA
"topology_ARG1",5514,"CS",0.000203624857343709,NA,NA,NA
"topology_ARG1",5515,"RARA",0.000182812715244118,NA,NA,NA
"topology_ARG1",5516,"NQO1",0.000518240501310552,NA,NA,NA
"topology_ARG1",5517,"KCNH2",0.000463751185241779,NA,NA,NA
"topology_ARG1",5518,"TFRC",0.000239327299633385,NA,NA,NA
"topology_ARG1",5519,"CAMP",0.00129691841056656,NA,NA,NA
"topology_ARG1",5520,"DRD2",0.000217393825030943,NA,NA,NA
"topology_ARG1",5521,"GABRG2",6.25131802217682e-05,NA,NA,NA
"topology_ARG1",5522,"XBP1",0.00130705850242441,NA,NA,NA
"topology_ARG1",5523,"SDHA",0.000611111269984921,NA,NA,NA
"topology_ARG1",5524,"GRM5",0.000204723227971049,NA,NA,NA
"topology_ARG1",5525,"HPRT1",0.00041877379526456,NA,NA,NA
"topology_ARG1",5526,"GABRG2",6.25131802217682e-05,NA,NA,NA
"topology_ARG1",5527,"NR1H4",0.000150320210463128,NA,NA,NA
"topology_ARG1",5528,"GABRB3",0.000120726283226125,NA,NA,NA
"topology_ARG1",5529,"ADCY2",0,NA,NA,NA
"topology_ARG1",5530,"GFAP",0.000240332727610593,NA,NA,NA
"topology_ARG1",5531,"GATM",0.000449150320023683,NA,NA,NA
"topology_ARG1",5532,"TAC1",0.001463424927591,NA,NA,NA
"topology_ARG1",5533,"PLA2G4A",0.000158908171599248,NA,NA,NA
"topology_ARG1",5534,"SCD",0.000143791042404695,NA,NA,NA
"topology_ARG1",5535,"CFTR",0.00160265872797649,NA,NA,NA
"topology_ARG1",5536,"HK2",0.000296209764147126,NA,NA,NA
"topology_ARG1",5537,"ADCY2",0,NA,NA,NA
"topology_ARG1",5538,"KCNJ11",0.00241899994818762,NA,NA,NA
"topology_ARG1",5539,"GABRG2",6.25131802217682e-05,NA,NA,NA
"topology_ARG1",5540,"SCD",0.000143791042404695,NA,NA,NA
"topology_ARG1",5541,"GABBR1",0.000629351098106912,NA,NA,NA
"topology_ARG1",5542,"PTGS1",0.0001138588382259,NA,NA,NA
"topology_ARG1",5543,"DPP4",0.00143001137023646,NA,NA,NA
"topology_ARG1",5544,"GATM",0.000449150320023683,NA,NA,NA
"topology_ARG1",5545,"PRKAG2",0.00023019859617357,NA,NA,NA
"topology_ARG1",5546,"GRM5",0.000204723227971049,NA,NA,NA
"topology_ARG1",5547,"PRKAG2",0.00023019859617357,NA,NA,NA
"topology_ARG1",5548,"GFAP",0.000240332727610593,NA,NA,NA
"topology_ARG1",5549,"GABRG2",6.25131802217682e-05,NA,NA,NA
"topology_ARG1",5550,"KCNJ11",0.00241899994818762,NA,NA,NA
"topology_ARG1",5551,"SCN1B",0.00123489854843939,NA,NA,NA
"topology_ARG1",5552,"XDH",0.000207347108110545,NA,NA,NA
"topology_ARG1",5553,"NR1H4",0.000150320210463128,NA,NA,NA
"topology_ARG1",5554,"SCN1B",0.00123489854843939,NA,NA,NA
"topology_ARG1",5555,"TFRC",0.000239327299633385,NA,NA,NA
"topology_ARG1",5556,"HPRT1",0.00041877379526456,NA,NA,NA
"topology_ARG1",5557,"AGXT2",0.000181321349120078,NA,NA,NA
"topology_ARG1",5558,"GSR",0.00032731672891706,NA,NA,NA
"topology_ARG1",5559,"KCNQ2",0.000154321192943452,NA,NA,NA
"topology_ARG1",5560,"NR1H4",0.000150320210463128,NA,NA,NA
"topology_ARG1",5561,"PTH",0.00019439506068486,NA,NA,NA
"topology_ARG1",5562,"ADCY1",8.87083575196179e-06,NA,NA,NA
"topology_ARG1",5563,"SDHA",0.000611111269984921,NA,NA,NA
"topology_ARG1",5564,"PLA2G4A",0.000158908171599248,NA,NA,NA
"topology_ARG1",5565,"NQO1",0.000518240501310552,NA,NA,NA
"topology_ARG1",5566,"CAMP",0.00129691841056656,NA,NA,NA
"topology_ARG1",5567,"GABRB3",0.000120726283226125,NA,NA,NA
"topology_ARG1",5568,"SCN2A",9.6829057864789e-05,NA,NA,NA
"topology_ARG1",5569,"GCLC",8.05799891081538e-05,NA,NA,NA
"topology_ARG1",5570,"TAC1",0.001463424927591,NA,NA,NA
"topology_ARG1",5571,"GAD1",0.000786829139807432,NA,NA,NA
"topology_ARG1",5572,"SLC6A3",0.000164253248760127,NA,NA,NA
"topology_ARG1",5573,"GSR",0.00032731672891706,NA,NA,NA
"topology_ARG1",5574,"STAT4",0.000324242289791776,NA,NA,NA
"topology_ARG1",5575,"SDHA",0.000611111269984921,NA,NA,NA
"topology_ARG1",5576,"GRM5",0.000204723227971049,NA,NA,NA
"topology_ARG1",5577,"NR1H4",0.000150320210463128,NA,NA,NA
"topology_ARG1",5578,"HK2",0.000296209764147126,NA,NA,NA
"topology_ARG1",5579,"TRPV4",0.000106153420904809,NA,NA,NA
"topology_ARG1",5580,"HPRT1",0.00041877379526456,NA,NA,NA
"topology_ARG1",5581,"CAMP",0.00129691841056656,NA,NA,NA
"topology_ARG1",5582,"TYMS",0.000142484575824997,NA,NA,NA
"topology_ARG1",5583,"PTGS1",0.0001138588382259,NA,NA,NA
"topology_ARG1",5584,"SDHA",0.000611111269984921,NA,NA,NA
"topology_ARG1",5585,"KCNQ2",0.000154321192943452,NA,NA,NA
"topology_ARG1",5586,"TRPV1",0.00166711359586047,NA,NA,NA
"topology_ARG1",5587,"GABRB3",0.000120726283226125,NA,NA,NA
"topology_ARG1",5588,"PTH",0.00019439506068486,NA,NA,NA
"topology_ARG1",5589,"TAC1",0.001463424927591,NA,NA,NA
"topology_ARG1",5590,"ABCG2",0.00154702083903102,NA,NA,NA
"topology_ARG1",5591,"TRPV4",0.000106153420904809,NA,NA,NA
"topology_ARG1",5592,"NQO1",0.000518240501310552,NA,NA,NA
"topology_ARG1",5593,"GAD1",0.000786829139807432,NA,NA,NA
"topology_ARG1",5594,"SCN1B",0.00123489854843939,NA,NA,NA
"topology_ARG1",5595,"HPRT1",0.00041877379526456,NA,NA,NA
"topology_ARG1",5596,"DPP4",0.00143001137023646,NA,NA,NA
"topology_ARG1",5597,"ABCG2",0.00154702083903102,NA,NA,NA
"topology_ARG1",5598,"GFAP",0.000240332727610593,NA,NA,NA
"topology_ARG1",5599,"GCLC",8.05799891081538e-05,NA,NA,NA
"topology_ARG1",5600,"SCD",0.000143791042404695,NA,NA,NA
"topology_ARG1",5601,"RARA",0.000182812715244118,NA,NA,NA
"topology_ARG1",5602,"STAT4",0.000324242289791776,NA,NA,NA
"topology_ARG1",5603,"PCNA",0.000281828068793732,NA,NA,NA
"topology_ARG1",5604,"GFAP",0.000240332727610593,NA,NA,NA
"topology_ARG1",5605,"GABRB3",0.000120726283226125,NA,NA,NA
"topology_ARG1",5606,"TAC1",0.001463424927591,NA,NA,NA
"topology_ARG1",5607,"DRD2",0.000217393825030943,NA,NA,NA
"topology_ARG1",5608,"GCLC",8.05799891081538e-05,NA,NA,NA
"topology_ARG1",5609,"GATM",0.000449150320023683,NA,NA,NA
"topology_ARG1",5610,"KCNQ2",0.000154321192943452,NA,NA,NA
"topology_ARG1",5611,"SLC6A3",0.000164253248760127,NA,NA,NA
"topology_ARG1",5612,"PTH",0.00019439506068486,NA,NA,NA
"topology_ARG1",5613,"ABCG2",0.00154702083903102,NA,NA,NA
"topology_ARG1",5614,"PTH",0.00019439506068486,NA,NA,NA
"topology_ARG1",5615,"NR1H4",0.000150320210463128,NA,NA,NA
"topology_ARG1",5616,"GAD1",0.000786829139807432,NA,NA,NA
"topology_ARG1",5617,"NR1H4",0.000150320210463128,NA,NA,NA
"topology_ARG1",5618,"TAC1",0.001463424927591,NA,NA,NA
"topology_ARG1",5619,"SCN1B",0.00123489854843939,NA,NA,NA
"topology_ARG1",5620,"TRPV4",0.000106153420904809,NA,NA,NA
"topology_ARG1",5621,"KCNQ2",0.000154321192943452,NA,NA,NA
"topology_ARG1",5622,"TYMS",0.000142484575824997,NA,NA,NA
"topology_ARG1",5623,"XDH",0.000207347108110545,NA,NA,NA
"topology_ARG1",5624,"CAMP",0.00129691841056656,NA,NA,NA
"topology_ARG1",5625,"PRKAG2",0.00023019859617357,NA,NA,NA
"topology_ARG1",5626,"KCNH2",0.000463751185241779,NA,NA,NA
"topology_ARG1",5627,"GABBR1",0.000629351098106912,NA,NA,NA
"topology_ARG1",5628,"NQO1",0.000518240501310552,NA,NA,NA
"topology_ARG1",5629,"TRPV1",0.00166711359586047,NA,NA,NA
"topology_ARG1",5630,"CFTR",0.00160265872797649,NA,NA,NA
"topology_ARG1",5631,"SCN1B",0.00123489854843939,NA,NA,NA
"topology_ARG1",5632,"KCNQ2",0.000154321192943452,NA,NA,NA
"topology_ARG1",5633,"NR1H4",0.000150320210463128,NA,NA,NA
"topology_ARG1",5634,"AGXT2",0.000181321349120078,NA,NA,NA
"topology_ARG1",5635,"SCN2A",9.6829057864789e-05,NA,NA,NA
"topology_ARG1",5636,"DRD2",0.000217393825030943,NA,NA,NA
"topology_ARG1",5637,"SCN1B",0.00123489854843939,NA,NA,NA
"topology_ARG1",5638,"TYMS",0.000142484575824997,NA,NA,NA
"topology_ARG1",5639,"KCNJ11",0.00241899994818762,NA,NA,NA
"topology_ARG1",5640,"GABBR1",0.000629351098106912,NA,NA,NA
"topology_ARG1",5641,"XDH",0.000207347108110545,NA,NA,NA
"topology_ARG1",5642,"HPRT1",0.00041877379526456,NA,NA,NA
"topology_ARG1",5643,"PRKAG2",0.00023019859617357,NA,NA,NA
"topology_ARG1",5644,"GRM5",0.000204723227971049,NA,NA,NA
"topology_ARG1",5645,"PRKAG2",0.00023019859617357,NA,NA,NA
"topology_ARG1",5646,"MECP2",0.000428908523146032,NA,NA,NA
"topology_ARG1",5647,"ADCY2",0,NA,NA,NA
"topology_ARG1",5648,"GABRA1",0.000512519672648093,NA,NA,NA
"topology_ARG1",5649,"NQO1",0.000518240501310552,NA,NA,NA
"topology_ARG1",5650,"PRKAG2",0.00023019859617357,NA,NA,NA
"topology_ARG1",5651,"SLC6A3",0.000164253248760127,NA,NA,NA
"topology_ARG1",5652,"GFAP",0.000240332727610593,NA,NA,NA
"topology_ARG1",5653,"XDH",0.000207347108110545,NA,NA,NA
"topology_ARG1",5654,"RARA",0.000182812715244118,NA,NA,NA
"topology_ARG1",5655,"SDHA",0.000611111269984921,NA,NA,NA
"topology_ARG1",5656,"GSR",0.00032731672891706,NA,NA,NA
"topology_ARG1",5657,"HK2",0.000296209764147126,NA,NA,NA
"topology_ARG1",5658,"PTH",0.00019439506068486,NA,NA,NA
"topology_ARG1",5659,"GCLC",8.05799891081538e-05,NA,NA,NA
"topology_ARG1",5660,"PRKAG2",0.00023019859617357,NA,NA,NA
"topology_ARG1",5661,"GCLC",8.05799891081538e-05,NA,NA,NA
"topology_ARG1",5662,"PRKAG2",0.00023019859617357,NA,NA,NA
"topology_ARG1",5663,"GCLC",8.05799891081538e-05,NA,NA,NA
"topology_ARG1",5664,"ABCG2",0.00154702083903102,NA,NA,NA
"topology_ARG1",5665,"PLA2G4A",0.000158908171599248,NA,NA,NA
"topology_ARG1",5666,"TRPV4",0.000106153420904809,NA,NA,NA
"topology_ARG1",5667,"GAD1",0.000786829139807432,NA,NA,NA
"topology_ARG1",5668,"GABRG2",6.25131802217682e-05,NA,NA,NA
"topology_ARG1",5669,"KCNJ11",0.00241899994818762,NA,NA,NA
"topology_ARG1",5670,"ABCG2",0.00154702083903102,NA,NA,NA
"topology_ARG1",5671,"TAC1",0.001463424927591,NA,NA,NA
"topology_ARG1",5672,"CAMP",0.00129691841056656,NA,NA,NA
"topology_ARG1",5673,"XDH",0.000207347108110545,NA,NA,NA
"topology_ARG1",5674,"RARA",0.000182812715244118,NA,NA,NA
"topology_ARG1",5675,"TRPV1",0.00166711359586047,NA,NA,NA
"topology_ARG1",5676,"SCN1B",0.00123489854843939,NA,NA,NA
"topology_ARG1",5677,"PTH",0.00019439506068486,NA,NA,NA
"topology_ARG1",5678,"CFTR",0.00160265872797649,NA,NA,NA
"topology_ARG1",5679,"GFAP",0.000240332727610593,NA,NA,NA
"topology_ARG1",5680,"TRPV1",0.00166711359586047,NA,NA,NA
"topology_ARG1",5681,"PLA2G4A",0.000158908171599248,NA,NA,NA
"topology_ARG1",5682,"MT-CYB",0.000203007681716216,NA,NA,NA
"topology_ARG1",5683,"SLC6A3",0.000164253248760127,NA,NA,NA
"topology_ARG1",5684,"RARA",0.000182812715244118,NA,NA,NA
"topology_ARG1",5685,"ACLY",0.000136799781064179,NA,NA,NA
"topology_ARG1",5686,"PTH",0.00019439506068486,NA,NA,NA
"topology_ARG1",5687,"HPRT1",0.00041877379526456,NA,NA,NA
"topology_ARG1",5688,"TFRC",0.000239327299633385,NA,NA,NA
"topology_ARG1",5689,"MT-CYB",0.000203007681716216,NA,NA,NA
"topology_ARG1",5690,"GRM5",0.000204723227971049,NA,NA,NA
"topology_ARG1",5691,"ADRB2",0.000148693401879507,NA,NA,NA
"topology_ARG1",5692,"PLA2G4A",0.000158908171599248,NA,NA,NA
"topology_ARG1",5693,"GFAP",0.000240332727610593,NA,NA,NA
"topology_ARG1",5694,"STAT4",0.000324242289791776,NA,NA,NA
"topology_ARG1",5695,"ABCG2",0.00154702083903102,NA,NA,NA
"topology_ARG1",5696,"SCN2A",9.6829057864789e-05,NA,NA,NA
"topology_ARG1",5697,"ABCG2",0.00154702083903102,NA,NA,NA
"topology_ARG1",5698,"GAD1",0.000786829139807432,NA,NA,NA
"topology_ARG1",5699,"GFAP",0.000240332727610593,NA,NA,NA
"topology_ARG1",5700,"DPP4",0.00143001137023646,NA,NA,NA
"topology_ARG1",5701,"SDHA",0.000611111269984921,NA,NA,NA
"topology_ARG1",5702,"GCLC",8.05799891081538e-05,NA,NA,NA
"topology_ARG1",5703,"GRM5",0.000204723227971049,NA,NA,NA
"topology_ARG1",5704,"ADRB2",0.000148693401879507,NA,NA,NA
"topology_ARG1",5705,"MECP2",0.000428908523146032,NA,NA,NA
"topology_ARG1",5706,"SDHA",0.000611111269984921,NA,NA,NA
"topology_ARG1",5707,"TAC1",0.001463424927591,NA,NA,NA
"topology_ARG1",5708,"GFAP",0.000240332727610593,NA,NA,NA
"topology_ARG1",5709,"ADRB2",0.000148693401879507,NA,NA,NA
"topology_ARG1",5710,"GABRB3",0.000120726283226125,NA,NA,NA
"topology_ARG1",5711,"HPRT1",0.00041877379526456,NA,NA,NA
"topology_ARG1",5712,"GATM",0.000449150320023683,NA,NA,NA
"topology_ARG1",5713,"HPRT1",0.00041877379526456,NA,NA,NA
"topology_ARG1",5714,"HK2",0.000296209764147126,NA,NA,NA
"topology_ARG1",5715,"TRPV4",0.000106153420904809,NA,NA,NA
"topology_ARG1",5716,"SCN1B",0.00123489854843939,NA,NA,NA
"topology_ARG1",5717,"SCN2A",9.6829057864789e-05,NA,NA,NA
"topology_ARG1",5718,"GCK",0.000213793988103061,NA,NA,NA
"topology_ARG1",5719,"GAD1",0.000786829139807432,NA,NA,NA
"topology_ARG1",5720,"GABRB3",0.000120726283226125,NA,NA,NA
"topology_ARG1",5721,"STAT4",0.000324242289791776,NA,NA,NA
"topology_ARG1",5722,"GABRG2",6.25131802217682e-05,NA,NA,NA
"topology_ARG1",5723,"PTGS1",0.0001138588382259,NA,NA,NA
"topology_ARG1",5724,"AGXT2",0.000181321349120078,NA,NA,NA
"topology_ARG1",5725,"SCD",0.000143791042404695,NA,NA,NA
"topology_ARG1",5726,"PTGS1",0.0001138588382259,NA,NA,NA
"topology_ARG1",5727,"STAT4",0.000324242289791776,NA,NA,NA
"topology_ARG1",5728,"ACLY",0.000136799781064179,NA,NA,NA
"topology_ARG1",5729,"GABRA1",0.000512519672648093,NA,NA,NA
"topology_ARG1",5730,"GABRA1",0.000512519672648093,NA,NA,NA
"topology_ARG1",5731,"ADRB2",0.000148693401879507,NA,NA,NA
"topology_ARG1",5732,"DRD2",0.000217393825030943,NA,NA,NA
"topology_ARG1",5733,"SCD",0.000143791042404695,NA,NA,NA
"topology_ARG1",5734,"SCN1B",0.00123489854843939,NA,NA,NA
"topology_ARG1",5735,"KCNJ11",0.00241899994818762,NA,NA,NA
"topology_ARG1",5736,"NR1H4",0.000150320210463128,NA,NA,NA
"topology_ARG1",5737,"DRD2",0.000217393825030943,NA,NA,NA
"topology_ARG1",5738,"GAD1",0.000786829139807432,NA,NA,NA
"topology_ARG1",5739,"PTGS1",0.0001138588382259,NA,NA,NA
"topology_ARG1",5740,"PCNA",0.000281828068793732,NA,NA,NA
"topology_ARG1",5741,"TFRC",0.000239327299633385,NA,NA,NA
"topology_ARG1",5742,"GATM",0.000449150320023683,NA,NA,NA
"topology_ARG1",5743,"ACLY",0.000136799781064179,NA,NA,NA
"topology_ARG1",5744,"KCNH2",0.000463751185241779,NA,NA,NA
"topology_ARG1",5745,"MT-CYB",0.000203007681716216,NA,NA,NA
"topology_ARG1",5746,"MECP2",0.000428908523146032,NA,NA,NA
"topology_ARG1",5747,"GRM5",0.000204723227971049,NA,NA,NA
"topology_ARG1",5748,"STAT4",0.000324242289791776,NA,NA,NA
"topology_ARG1",5749,"KCNQ2",0.000154321192943452,NA,NA,NA
"topology_ARG1",5750,"HPRT1",0.00041877379526456,NA,NA,NA
"topology_ARG1",5751,"SCD",0.000143791042404695,NA,NA,NA
"topology_ARG1",5752,"TRPV4",0.000106153420904809,NA,NA,NA
"topology_ARG1",5753,"PCNA",0.000281828068793732,NA,NA,NA
"topology_ARG1",5754,"GFAP",0.000240332727610593,NA,NA,NA
"topology_ARG1",5755,"XDH",0.000207347108110545,NA,NA,NA
"topology_ARG1",5756,"SDHA",0.000611111269984921,NA,NA,NA
"topology_ARG1",5757,"AGXT2",0.000181321349120078,NA,NA,NA
"topology_ARG1",5758,"AGXT2",0.000181321349120078,NA,NA,NA
"topology_ARG1",5759,"AGXT2",0.000181321349120078,NA,NA,NA
"topology_ARG1",5760,"ADRB2",0.000148693401879507,NA,NA,NA
"topology_ARG1",5761,"GSR",0.00032731672891706,NA,NA,NA
"topology_ARG1",5762,"KCNQ2",0.000154321192943452,NA,NA,NA
"topology_ARG1",5763,"SCN1B",0.00123489854843939,NA,NA,NA
"topology_ARG1",5764,"XBP1",0.00130705850242441,NA,NA,NA
"topology_ARG1",5765,"TRPV4",0.000106153420904809,NA,NA,NA
"topology_ARG1",5766,"HK2",0.000296209764147126,NA,NA,NA
"topology_ARG1",5767,"PTGS1",0.0001138588382259,NA,NA,NA
"topology_ARG1",5768,"CS",0.000203624857343709,NA,NA,NA
"topology_ARG1",5769,"TAC1",0.001463424927591,NA,NA,NA
"topology_ARG1",5770,"ACLY",0.000136799781064179,NA,NA,NA
"topology_ARG1",5771,"GFAP",0.000240332727610593,NA,NA,NA
"topology_ARG1",5772,"ADCY2",0,NA,NA,NA
"topology_ARG1",5773,"KCNH2",0.000463751185241779,NA,NA,NA
"topology_ARG1",5774,"TRPV4",0.000106153420904809,NA,NA,NA
"topology_ARG1",5775,"GABRB3",0.000120726283226125,NA,NA,NA
"topology_ARG1",5776,"SCN2A",9.6829057864789e-05,NA,NA,NA
"topology_ARG1",5777,"NR1H4",0.000150320210463128,NA,NA,NA
"topology_ARG1",5778,"DPP4",0.00143001137023646,NA,NA,NA
"topology_ARG1",5779,"GCLC",8.05799891081538e-05,NA,NA,NA
"topology_ARG1",5780,"SDHA",0.000611111269984921,NA,NA,NA
"topology_ARG1",5781,"NQO1",0.000518240501310552,NA,NA,NA
"topology_ARG1",5782,"GRM5",0.000204723227971049,NA,NA,NA
"topology_ARG1",5783,"SLC6A3",0.000164253248760127,NA,NA,NA
"topology_ARG1",5784,"HK2",0.000296209764147126,NA,NA,NA
"topology_ARG1",5785,"XBP1",0.00130705850242441,NA,NA,NA
"topology_ARG1",5786,"HK2",0.000296209764147126,NA,NA,NA
"topology_ARG1",5787,"ACLY",0.000136799781064179,NA,NA,NA
"topology_ARG1",5788,"STAT4",0.000324242289791776,NA,NA,NA
"topology_ARG1",5789,"TFRC",0.000239327299633385,NA,NA,NA
"topology_ARG1",5790,"CFTR",0.00160265872797649,NA,NA,NA
"topology_ARG1",5791,"SCN1B",0.00123489854843939,NA,NA,NA
"topology_ARG1",5792,"TAC1",0.001463424927591,NA,NA,NA
"topology_ARG1",5793,"GABBR1",0.000629351098106912,NA,NA,NA
"topology_ARG1",5794,"SCN2A",9.6829057864789e-05,NA,NA,NA
"topology_ARG1",5795,"ABCG2",0.00154702083903102,NA,NA,NA
"topology_ARG1",5796,"KCNH2",0.000463751185241779,NA,NA,NA
"topology_ARG1",5797,"GCLC",8.05799891081538e-05,NA,NA,NA
"topology_ARG1",5798,"SDHA",0.000611111269984921,NA,NA,NA
"topology_ARG1",5799,"GFAP",0.000240332727610593,NA,NA,NA
"topology_ARG1",5800,"DPP4",0.00143001137023646,NA,NA,NA
"topology_ARG1",5801,"SDHA",0.000611111269984921,NA,NA,NA
"topology_ARG1",5802,"PRKAG2",0.00023019859617357,NA,NA,NA
"topology_ARG1",5803,"SCN1B",0.00123489854843939,NA,NA,NA
"topology_ARG1",5804,"GCK",0.000213793988103061,NA,NA,NA
"topology_ARG1",5805,"NR1H4",0.000150320210463128,NA,NA,NA
"topology_ARG1",5806,"KCNH2",0.000463751185241779,NA,NA,NA
"topology_ARG1",5807,"GSR",0.00032731672891706,NA,NA,NA
"topology_ARG1",5808,"PTH",0.00019439506068486,NA,NA,NA
"topology_ARG1",5809,"NR1H4",0.000150320210463128,NA,NA,NA
"topology_ARG1",5810,"MECP2",0.000428908523146032,NA,NA,NA
"topology_ARG1",5811,"GCLC",8.05799891081538e-05,NA,NA,NA
"topology_ARG1",5812,"ADCY2",0,NA,NA,NA
"topology_ARG1",5813,"SCN1B",0.00123489854843939,NA,NA,NA
"topology_ARG1",5814,"TFRC",0.000239327299633385,NA,NA,NA
"topology_ARG1",5815,"AGXT2",0.000181321349120078,NA,NA,NA
"topology_ARG1",5816,"GABRB3",0.000120726283226125,NA,NA,NA
"topology_ARG1",5817,"TYMS",0.000142484575824997,NA,NA,NA
"topology_ARG1",5818,"STAT4",0.000324242289791776,NA,NA,NA
"topology_ARG1",5819,"KCNH2",0.000463751185241779,NA,NA,NA
"topology_ARG1",5820,"GATM",0.000449150320023683,NA,NA,NA
"topology_ARG1",5821,"GABRA1",0.000512519672648093,NA,NA,NA
"topology_ARG1",5822,"XBP1",0.00130705850242441,NA,NA,NA
"topology_ARG1",5823,"CFTR",0.00160265872797649,NA,NA,NA
"topology_ARG1",5824,"SLC6A3",0.000164253248760127,NA,NA,NA
"topology_ARG1",5825,"GCLC",8.05799891081538e-05,NA,NA,NA
"topology_ARG1",5826,"GSR",0.00032731672891706,NA,NA,NA
"topology_ARG1",5827,"PCNA",0.000281828068793732,NA,NA,NA
"topology_ARG1",5828,"TRPV1",0.00166711359586047,NA,NA,NA
"topology_ARG1",5829,"TAC1",0.001463424927591,NA,NA,NA
"topology_ARG1",5830,"SLC6A3",0.000164253248760127,NA,NA,NA
"topology_ARG1",5831,"GABBR1",0.000629351098106912,NA,NA,NA
"topology_ARG1",5832,"GABRA1",0.000512519672648093,NA,NA,NA
"topology_ARG1",5833,"MT-CYB",0.000203007681716216,NA,NA,NA
"topology_ARG1",5834,"NQO1",0.000518240501310552,NA,NA,NA
"topology_ARG1",5835,"TYMS",0.000142484575824997,NA,NA,NA
"topology_ARG1",5836,"ADCY1",8.87083575196179e-06,NA,NA,NA
"topology_ARG1",5837,"GSR",0.00032731672891706,NA,NA,NA
"topology_ARG1",5838,"SDHA",0.000611111269984921,NA,NA,NA
"topology_ARG1",5839,"AGXT2",0.000181321349120078,NA,NA,NA
"topology_ARG1",5840,"MECP2",0.000428908523146032,NA,NA,NA
"topology_ARG1",5841,"KCNQ2",0.000154321192943452,NA,NA,NA
"topology_ARG1",5842,"PCNA",0.000281828068793732,NA,NA,NA
"topology_ARG1",5843,"PTH",0.00019439506068486,NA,NA,NA
"topology_ARG1",5844,"GCLC",8.05799891081538e-05,NA,NA,NA
"topology_ARG1",5845,"GABRG2",6.25131802217682e-05,NA,NA,NA
"topology_ARG1",5846,"DRD2",0.000217393825030943,NA,NA,NA
"topology_ARG1",5847,"TYMS",0.000142484575824997,NA,NA,NA
"topology_ARG1",5848,"ADCY2",0,NA,NA,NA
"topology_ARG1",5849,"RARA",0.000182812715244118,NA,NA,NA
"topology_ARG1",5850,"MECP2",0.000428908523146032,NA,NA,NA
"topology_ARG1",5851,"SDHA",0.000611111269984921,NA,NA,NA
"topology_ARG1",5852,"ADRB2",0.000148693401879507,NA,NA,NA
"topology_ARG1",5853,"TRPV4",0.000106153420904809,NA,NA,NA
"topology_ARG1",5854,"GATM",0.000449150320023683,NA,NA,NA
"topology_ARG1",5855,"GRM5",0.000204723227971049,NA,NA,NA
"topology_ARG1",5856,"TRPV4",0.000106153420904809,NA,NA,NA
"topology_ARG1",5857,"PRKAG2",0.00023019859617357,NA,NA,NA
"topology_ARG1",5858,"GCLC",8.05799891081538e-05,NA,NA,NA
"topology_ARG1",5859,"GATM",0.000449150320023683,NA,NA,NA
"topology_ARG1",5860,"PTH",0.00019439506068486,NA,NA,NA
"topology_ARG1",5861,"TRPV4",0.000106153420904809,NA,NA,NA
"topology_ARG1",5862,"SDHA",0.000611111269984921,NA,NA,NA
"topology_ARG1",5863,"GCK",0.000213793988103061,NA,NA,NA
"topology_ARG1",5864,"CFTR",0.00160265872797649,NA,NA,NA
"topology_ARG1",5865,"GFAP",0.000240332727610593,NA,NA,NA
"topology_ARG1",5866,"XBP1",0.00130705850242441,NA,NA,NA
"topology_ARG1",5867,"DPP4",0.00143001137023646,NA,NA,NA
"topology_ARG1",5868,"GRM5",0.000204723227971049,NA,NA,NA
"topology_ARG1",5869,"PTH",0.00019439506068486,NA,NA,NA
"topology_ARG1",5870,"KCNH2",0.000463751185241779,NA,NA,NA
"topology_ARG1",5871,"ADRB2",0.000148693401879507,NA,NA,NA
"topology_ARG1",5872,"TRPV1",0.00166711359586047,NA,NA,NA
"topology_ARG1",5873,"TYMS",0.000142484575824997,NA,NA,NA
"topology_ARG1",5874,"CFTR",0.00160265872797649,NA,NA,NA
"topology_ARG1",5875,"GAD1",0.000786829139807432,NA,NA,NA
"topology_ARG1",5876,"HK2",0.000296209764147126,NA,NA,NA
"topology_ARG1",5877,"NR1H4",0.000150320210463128,NA,NA,NA
"topology_ARG1",5878,"SCN1B",0.00123489854843939,NA,NA,NA
"topology_ARG1",5879,"GABRG2",6.25131802217682e-05,NA,NA,NA
"topology_ARG1",5880,"DRD2",0.000217393825030943,NA,NA,NA
"topology_ARG1",5881,"DPP4",0.00143001137023646,NA,NA,NA
"topology_ARG1",5882,"TAC1",0.001463424927591,NA,NA,NA
"topology_ARG1",5883,"GCK",0.000213793988103061,NA,NA,NA
"topology_ARG1",5884,"GAD1",0.000786829139807432,NA,NA,NA
"topology_ARG1",5885,"GSR",0.00032731672891706,NA,NA,NA
"topology_ARG1",5886,"ADRB2",0.000148693401879507,NA,NA,NA
"topology_ARG1",5887,"ADCY1",8.87083575196179e-06,NA,NA,NA
"topology_ARG1",5888,"GCLC",8.05799891081538e-05,NA,NA,NA
"topology_ARG1",5889,"SCN1B",0.00123489854843939,NA,NA,NA
"topology_ARG1",5890,"SDHA",0.000611111269984921,NA,NA,NA
"topology_ARG1",5891,"GAD1",0.000786829139807432,NA,NA,NA
"topology_ARG1",5892,"NQO1",0.000518240501310552,NA,NA,NA
"topology_ARG1",5893,"RARA",0.000182812715244118,NA,NA,NA
"topology_ARG1",5894,"CFTR",0.00160265872797649,NA,NA,NA
"topology_ARG1",5895,"GRM5",0.000204723227971049,NA,NA,NA
"topology_ARG1",5896,"ABCG2",0.00154702083903102,NA,NA,NA
"topology_ARG1",5897,"NQO1",0.000518240501310552,NA,NA,NA
"topology_ARG1",5898,"XDH",0.000207347108110545,NA,NA,NA
"topology_ARG1",5899,"PLA2G4A",0.000158908171599248,NA,NA,NA
"topology_ARG1",5900,"PTH",0.00019439506068486,NA,NA,NA
"topology_ARG1",5901,"SCD",0.000143791042404695,NA,NA,NA
"topology_ARG1",5902,"MT-CYB",0.000203007681716216,NA,NA,NA
"topology_ARG1",5903,"TFRC",0.000239327299633385,NA,NA,NA
"topology_ARG1",5904,"CFTR",0.00160265872797649,NA,NA,NA
"topology_ARG1",5905,"GCLC",8.05799891081538e-05,NA,NA,NA
"topology_ARG1",5906,"CFTR",0.00160265872797649,NA,NA,NA
"topology_ARG1",5907,"MT-CYB",0.000203007681716216,NA,NA,NA
"topology_ARG1",5908,"TAC1",0.001463424927591,NA,NA,NA
"topology_ARG1",5909,"KCNH2",0.000463751185241779,NA,NA,NA
"topology_ARG1",5910,"TRPV1",0.00166711359586047,NA,NA,NA
"topology_ARG1",5911,"KCNJ11",0.00241899994818762,NA,NA,NA
"topology_ARG1",5912,"PCNA",0.000281828068793732,NA,NA,NA
"topology_ARG1",5913,"XBP1",0.00130705850242441,NA,NA,NA
"topology_ARG1",5914,"CAMP",0.00129691841056656,NA,NA,NA
"topology_ARG1",5915,"NQO1",0.000518240501310552,NA,NA,NA
"topology_ARG1",5916,"NQO1",0.000518240501310552,NA,NA,NA
"topology_ARG1",5917,"TFRC",0.000239327299633385,NA,NA,NA
"topology_ARG1",5918,"DRD2",0.000217393825030943,NA,NA,NA
"topology_ARG1",5919,"TRPV1",0.00166711359586047,NA,NA,NA
"topology_ARG1",5920,"ACLY",0.000136799781064179,NA,NA,NA
"topology_ARG1",5921,"STAT4",0.000324242289791776,NA,NA,NA
"topology_ARG1",5922,"TRPV4",0.000106153420904809,NA,NA,NA
"topology_ARG1",5923,"KCNJ11",0.00241899994818762,NA,NA,NA
"topology_ARG1",5924,"GABRB3",0.000120726283226125,NA,NA,NA
"topology_ARG1",5925,"DPP4",0.00143001137023646,NA,NA,NA
"topology_ARG1",5926,"KCNH2",0.000463751185241779,NA,NA,NA
"topology_ARG1",5927,"GABRA1",0.000512519672648093,NA,NA,NA
"topology_ARG1",5928,"XBP1",0.00130705850242441,NA,NA,NA
"topology_ARG1",5929,"GAD1",0.000786829139807432,NA,NA,NA
"topology_ARG1",5930,"AGXT2",0.000181321349120078,NA,NA,NA
"topology_ARG1",5931,"TRPV4",0.000106153420904809,NA,NA,NA
"topology_ARG1",5932,"GABBR1",0.000629351098106912,NA,NA,NA
"topology_ARG1",5933,"SLC6A3",0.000164253248760127,NA,NA,NA
"topology_ARG1",5934,"AGXT2",0.000181321349120078,NA,NA,NA
"topology_ARG1",5935,"DRD2",0.000217393825030943,NA,NA,NA
"topology_ARG1",5936,"CFTR",0.00160265872797649,NA,NA,NA
"topology_ARG1",5937,"MT-CYB",0.000203007681716216,NA,NA,NA
"topology_ARG1",5938,"GCK",0.000213793988103061,NA,NA,NA
"topology_ARG1",5939,"AGXT2",0.000181321349120078,NA,NA,NA
"topology_ARG1",5940,"DRD2",0.000217393825030943,NA,NA,NA
"topology_ARG1",5941,"SCD",0.000143791042404695,NA,NA,NA
"topology_ARG1",5942,"NR1H4",0.000150320210463128,NA,NA,NA
"topology_ARG1",5943,"TRPV1",0.00166711359586047,NA,NA,NA
"topology_ARG1",5944,"XDH",0.000207347108110545,NA,NA,NA
"topology_ARG1",5945,"SCN1B",0.00123489854843939,NA,NA,NA
"topology_ARG1",5946,"TRPV1",0.00166711359586047,NA,NA,NA
"topology_ARG1",5947,"AGXT2",0.000181321349120078,NA,NA,NA
"topology_ARG1",5948,"SCD",0.000143791042404695,NA,NA,NA
"topology_ARG1",5949,"GABRG2",6.25131802217682e-05,NA,NA,NA
"topology_ARG1",5950,"GABRA1",0.000512519672648093,NA,NA,NA
"topology_ARG1",5951,"GCK",0.000213793988103061,NA,NA,NA
"topology_ARG1",5952,"SCN2A",9.6829057864789e-05,NA,NA,NA
"topology_ARG1",5953,"CFTR",0.00160265872797649,NA,NA,NA
"topology_ARG1",5954,"DRD2",0.000217393825030943,NA,NA,NA
"topology_ARG1",5955,"NR1H4",0.000150320210463128,NA,NA,NA
"topology_ARG1",5956,"TAC1",0.001463424927591,NA,NA,NA
"topology_ARG1",5957,"ADRB2",0.000148693401879507,NA,NA,NA
"topology_ARG1",5958,"CFTR",0.00160265872797649,NA,NA,NA
"topology_ARG1",5959,"AGXT2",0.000181321349120078,NA,NA,NA
"topology_ARG1",5960,"PTGS1",0.0001138588382259,NA,NA,NA
"topology_ARG1",5961,"ADCY1",8.87083575196179e-06,NA,NA,NA
"topology_ARG1",5962,"SCN2A",9.6829057864789e-05,NA,NA,NA
"topology_ARG1",5963,"DRD2",0.000217393825030943,NA,NA,NA
"topology_ARG1",5964,"GCK",0.000213793988103061,NA,NA,NA
"topology_ARG1",5965,"GABRB3",0.000120726283226125,NA,NA,NA
"topology_ARG1",5966,"MECP2",0.000428908523146032,NA,NA,NA
"topology_ARG1",5967,"HK2",0.000296209764147126,NA,NA,NA
"topology_ARG1",5968,"GABRA1",0.000512519672648093,NA,NA,NA
"topology_ARG1",5969,"NR1H4",0.000150320210463128,NA,NA,NA
"topology_ARG1",5970,"SDHA",0.000611111269984921,NA,NA,NA
"topology_ARG1",5971,"SCN1B",0.00123489854843939,NA,NA,NA
"topology_ARG1",5972,"TAC1",0.001463424927591,NA,NA,NA
"topology_ARG1",5973,"AGXT2",0.000181321349120078,NA,NA,NA
"topology_ARG1",5974,"GFAP",0.000240332727610593,NA,NA,NA
"topology_ARG1",5975,"TFRC",0.000239327299633385,NA,NA,NA
"topology_ARG1",5976,"GABBR1",0.000629351098106912,NA,NA,NA
"topology_ARG1",5977,"GABRG2",6.25131802217682e-05,NA,NA,NA
"topology_ARG1",5978,"GAD1",0.000786829139807432,NA,NA,NA
"topology_ARG1",5979,"GAD1",0.000786829139807432,NA,NA,NA
"topology_ARG1",5980,"DRD2",0.000217393825030943,NA,NA,NA
"topology_ARG1",5981,"GABRA1",0.000512519672648093,NA,NA,NA
"topology_ARG1",5982,"ADCY2",0,NA,NA,NA
"topology_ARG1",5983,"KCNH2",0.000463751185241779,NA,NA,NA
"topology_ARG1",5984,"PCNA",0.000281828068793732,NA,NA,NA
"topology_ARG1",5985,"PCNA",0.000281828068793732,NA,NA,NA
"topology_ARG1",5986,"GABRA1",0.000512519672648093,NA,NA,NA
"topology_ARG1",5987,"CFTR",0.00160265872797649,NA,NA,NA
"topology_ARG1",5988,"GCK",0.000213793988103061,NA,NA,NA
"topology_ARG1",5989,"SCN1B",0.00123489854843939,NA,NA,NA
"topology_ARG1",5990,"GCK",0.000213793988103061,NA,NA,NA
"topology_ARG1",5991,"GFAP",0.000240332727610593,NA,NA,NA
"topology_ARG1",5992,"CAMP",0.00129691841056656,NA,NA,NA
"topology_ARG1",5993,"PCNA",0.000281828068793732,NA,NA,NA
"topology_ARG1",5994,"NR1H4",0.000150320210463128,NA,NA,NA
"topology_ARG1",5995,"PRKAG2",0.00023019859617357,NA,NA,NA
"topology_ARG1",5996,"CFTR",0.00160265872797649,NA,NA,NA
"topology_ARG1",5997,"HK2",0.000296209764147126,NA,NA,NA
"topology_ARG1",5998,"GABRG2",6.25131802217682e-05,NA,NA,NA
"topology_ARG1",5999,"GAD1",0.000786829139807432,NA,NA,NA
"topology_ARG1",6000,"KCNQ2",0.000154321192943452,NA,NA,NA
"topology_ARG1",6001,"KCNJ11",0.00241899994818762,NA,NA,NA
"topology_ARG1",6002,"PLA2G4A",0.000158908171599248,NA,NA,NA
"topology_ARG1",6003,"XBP1",0.00130705850242441,NA,NA,NA
"topology_ARG1",6004,"GABBR1",0.000629351098106912,NA,NA,NA
"topology_ARG1",6005,"SLC6A3",0.000164253248760127,NA,NA,NA
"topology_ARG1",6006,"GCLC",8.05799891081538e-05,NA,NA,NA
"topology_ARG1",6007,"KCNJ11",0.00241899994818762,NA,NA,NA
"topology_ARG1",6008,"KCNJ11",0.00241899994818762,NA,NA,NA
"topology_ARG1",6009,"GABRG2",6.25131802217682e-05,NA,NA,NA
"topology_ARG1",6010,"XDH",0.000207347108110545,NA,NA,NA
"topology_ARG1",6011,"KCNJ11",0.00241899994818762,NA,NA,NA
"topology_ARG1",6012,"XDH",0.000207347108110545,NA,NA,NA
"topology_ARG1",6013,"TYMS",0.000142484575824997,NA,NA,NA
"topology_ARG1",6014,"NQO1",0.000518240501310552,NA,NA,NA
"topology_ARG1",6015,"PCNA",0.000281828068793732,NA,NA,NA
"topology_ARG1",6016,"TRPV4",0.000106153420904809,NA,NA,NA
"topology_ARG1",6017,"GABRA1",0.000512519672648093,NA,NA,NA
"topology_ARG1",6018,"ACLY",0.000136799781064179,NA,NA,NA
"topology_ARG1",6019,"GABRB3",0.000120726283226125,NA,NA,NA
"topology_ARG1",6020,"SLC6A3",0.000164253248760127,NA,NA,NA
"topology_ARG1",6021,"TRPV1",0.00166711359586047,NA,NA,NA
"topology_ARG1",6022,"SCD",0.000143791042404695,NA,NA,NA
"topology_ARG1",6023,"AGXT2",0.000181321349120078,NA,NA,NA
"topology_ARG1",6024,"AGXT2",0.000181321349120078,NA,NA,NA
"topology_ARG1",6025,"TYMS",0.000142484575824997,NA,NA,NA
"topology_ARG1",6026,"SCN1B",0.00123489854843939,NA,NA,NA
"topology_ARG1",6027,"DRD2",0.000217393825030943,NA,NA,NA
"topology_ARG1",6028,"GCLC",8.05799891081538e-05,NA,NA,NA
"topology_ARG1",6029,"SDHA",0.000611111269984921,NA,NA,NA
"topology_ARG1",6030,"SCN1B",0.00123489854843939,NA,NA,NA
"topology_ARG1",6031,"KCNJ11",0.00241899994818762,NA,NA,NA
"topology_ARG1",6032,"CS",0.000203624857343709,NA,NA,NA
"topology_ARG1",6033,"TAC1",0.001463424927591,NA,NA,NA
"topology_ARG1",6034,"PTGS1",0.0001138588382259,NA,NA,NA
"topology_ARG1",6035,"PTH",0.00019439506068486,NA,NA,NA
"topology_ARG1",6036,"ABCG2",0.00154702083903102,NA,NA,NA
"topology_ARG1",6037,"PTH",0.00019439506068486,NA,NA,NA
"topology_ARG1",6038,"GRM5",0.000204723227971049,NA,NA,NA
"topology_ARG1",6039,"HK2",0.000296209764147126,NA,NA,NA
"topology_ARG1",6040,"TYMS",0.000142484575824997,NA,NA,NA
"topology_ARG1",6041,"MT-CYB",0.000203007681716216,NA,NA,NA
"topology_ARG1",6042,"PRKAG2",0.00023019859617357,NA,NA,NA
"topology_ARG1",6043,"SDHA",0.000611111269984921,NA,NA,NA
"topology_ARG1",6044,"TRPV1",0.00166711359586047,NA,NA,NA
"topology_ARG1",6045,"NR1H4",0.000150320210463128,NA,NA,NA
"topology_ARG1",6046,"CS",0.000203624857343709,NA,NA,NA
"topology_ARG1",6047,"TFRC",0.000239327299633385,NA,NA,NA
"topology_ARG1",6048,"CS",0.000203624857343709,NA,NA,NA
"topology_ARG1",6049,"GSR",0.00032731672891706,NA,NA,NA
"topology_ARG1",6050,"GCK",0.000213793988103061,NA,NA,NA
"topology_ARG1",6051,"NR1H4",0.000150320210463128,NA,NA,NA
"topology_ARG1",6052,"PCNA",0.000281828068793732,NA,NA,NA
"topology_ARG1",6053,"XBP1",0.00130705850242441,NA,NA,NA
"topology_ARG1",6054,"SDHA",0.000611111269984921,NA,NA,NA
"topology_ARG1",6055,"GAD1",0.000786829139807432,NA,NA,NA
"topology_ARG1",6056,"KCNQ2",0.000154321192943452,NA,NA,NA
"topology_ARG1",6057,"CAMP",0.00129691841056656,NA,NA,NA
"topology_ARG1",6058,"MECP2",0.000428908523146032,NA,NA,NA
"topology_ARG1",6059,"XDH",0.000207347108110545,NA,NA,NA
"topology_ARG1",6060,"GABBR1",0.000629351098106912,NA,NA,NA
"topology_ARG1",6061,"RARA",0.000182812715244118,NA,NA,NA
"topology_ARG1",6062,"NQO1",0.000518240501310552,NA,NA,NA
"topology_ARG1",6063,"ADCY2",0,NA,NA,NA
"topology_ARG1",6064,"DRD2",0.000217393825030943,NA,NA,NA
"topology_ARG1",6065,"GRM5",0.000204723227971049,NA,NA,NA
"topology_ARG1",6066,"PTH",0.00019439506068486,NA,NA,NA
"topology_ARG1",6067,"KCNQ2",0.000154321192943452,NA,NA,NA
"topology_ARG1",6068,"GCLC",8.05799891081538e-05,NA,NA,NA
"topology_ARG1",6069,"PTGS1",0.0001138588382259,NA,NA,NA
"topology_ARG1",6070,"GATM",0.000449150320023683,NA,NA,NA
"topology_ARG1",6071,"GATM",0.000449150320023683,NA,NA,NA
"topology_ARG1",6072,"RARA",0.000182812715244118,NA,NA,NA
"topology_ARG1",6073,"GABRG2",6.25131802217682e-05,NA,NA,NA
"topology_ARG1",6074,"MECP2",0.000428908523146032,NA,NA,NA
"topology_ARG1",6075,"PLA2G4A",0.000158908171599248,NA,NA,NA
"topology_ARG1",6076,"ACLY",0.000136799781064179,NA,NA,NA
"topology_ARG1",6077,"SLC6A3",0.000164253248760127,NA,NA,NA
"topology_ARG1",6078,"KCNJ11",0.00241899994818762,NA,NA,NA
"topology_ARG1",6079,"GATM",0.000449150320023683,NA,NA,NA
"topology_ARG1",6080,"TAC1",0.001463424927591,NA,NA,NA
"topology_ARG1",6081,"TRPV1",0.00166711359586047,NA,NA,NA
"topology_ARG1",6082,"GSR",0.00032731672891706,NA,NA,NA
"topology_ARG1",6083,"HPRT1",0.00041877379526456,NA,NA,NA
"topology_ARG1",6084,"XDH",0.000207347108110545,NA,NA,NA
"topology_ARG1",6085,"NR1H4",0.000150320210463128,NA,NA,NA
"topology_ARG1",6086,"CFTR",0.00160265872797649,NA,NA,NA
"topology_ARG1",6087,"SCD",0.000143791042404695,NA,NA,NA
"topology_ARG1",6088,"TRPV1",0.00166711359586047,NA,NA,NA
"topology_ARG1",6089,"SCN2A",9.6829057864789e-05,NA,NA,NA
"topology_ARG1",6090,"TYMS",0.000142484575824997,NA,NA,NA
"topology_ARG1",6091,"CS",0.000203624857343709,NA,NA,NA
"topology_ARG1",6092,"SLC6A3",0.000164253248760127,NA,NA,NA
"topology_ARG1",6093,"TFRC",0.000239327299633385,NA,NA,NA
"topology_ARG1",6094,"HPRT1",0.00041877379526456,NA,NA,NA
"topology_ARG1",6095,"GCK",0.000213793988103061,NA,NA,NA
"topology_ARG1",6096,"HPRT1",0.00041877379526456,NA,NA,NA
"topology_ARG1",6097,"GFAP",0.000240332727610593,NA,NA,NA
"topology_ARG1",6098,"GFAP",0.000240332727610593,NA,NA,NA
"topology_ARG1",6099,"GRM5",0.000204723227971049,NA,NA,NA
"topology_ARG1",6100,"CS",0.000203624857343709,NA,NA,NA
"topology_ARG1",6101,"ACLY",0.000136799781064179,NA,NA,NA
"topology_ARG1",6102,"KCNQ2",0.000154321192943452,NA,NA,NA
"topology_ARG1",6103,"SDHA",0.000611111269984921,NA,NA,NA
"topology_ARG1",6104,"KCNQ2",0.000154321192943452,NA,NA,NA
"topology_ARG1",6105,"KCNH2",0.000463751185241779,NA,NA,NA
"topology_ARG1",6106,"MT-CYB",0.000203007681716216,NA,NA,NA
"topology_ARG1",6107,"AGXT2",0.000181321349120078,NA,NA,NA
"topology_ARG1",6108,"DPP4",0.00143001137023646,NA,NA,NA
"topology_ARG1",6109,"KCNQ2",0.000154321192943452,NA,NA,NA
"topology_ARG1",6110,"AGXT2",0.000181321349120078,NA,NA,NA
"topology_ARG1",6111,"GATM",0.000449150320023683,NA,NA,NA
"topology_ARG1",6112,"PCNA",0.000281828068793732,NA,NA,NA
"topology_ARG1",6113,"STAT4",0.000324242289791776,NA,NA,NA
"topology_ARG1",6114,"GABRB3",0.000120726283226125,NA,NA,NA
"topology_ARG1",6115,"PTGS1",0.0001138588382259,NA,NA,NA
"topology_ARG1",6116,"ABCG2",0.00154702083903102,NA,NA,NA
"topology_ARG1",6117,"KCNQ2",0.000154321192943452,NA,NA,NA
"topology_ARG1",6118,"HPRT1",0.00041877379526456,NA,NA,NA
"topology_ARG1",6119,"TYMS",0.000142484575824997,NA,NA,NA
"topology_ARG1",6120,"CFTR",0.00160265872797649,NA,NA,NA
"topology_ARG1",6121,"NR1H4",0.000150320210463128,NA,NA,NA
"topology_ARG1",6122,"ACLY",0.000136799781064179,NA,NA,NA
"topology_ARG1",6123,"STAT4",0.000324242289791776,NA,NA,NA
"topology_ARG1",6124,"GSR",0.00032731672891706,NA,NA,NA
"topology_ARG1",6125,"ACLY",0.000136799781064179,NA,NA,NA
"topology_ARG1",6126,"PTH",0.00019439506068486,NA,NA,NA
"topology_ARG1",6127,"SLC6A3",0.000164253248760127,NA,NA,NA
"topology_ARG1",6128,"HK2",0.000296209764147126,NA,NA,NA
"topology_ARG1",6129,"GAD1",0.000786829139807432,NA,NA,NA
"topology_ARG1",6130,"TYMS",0.000142484575824997,NA,NA,NA
"topology_ARG1",6131,"GATM",0.000449150320023683,NA,NA,NA
"topology_ARG1",6132,"ADCY2",0,NA,NA,NA
"topology_ARG1",6133,"PCNA",0.000281828068793732,NA,NA,NA
"topology_ARG1",6134,"PTH",0.00019439506068486,NA,NA,NA
"topology_ARG1",6135,"SCN2A",9.6829057864789e-05,NA,NA,NA
"topology_ARG1",6136,"STAT4",0.000324242289791776,NA,NA,NA
"topology_ARG1",6137,"GFAP",0.000240332727610593,NA,NA,NA
"topology_ARG1",6138,"MECP2",0.000428908523146032,NA,NA,NA
"topology_ARG1",6139,"CAMP",0.00129691841056656,NA,NA,NA
"topology_ARG1",6140,"MECP2",0.000428908523146032,NA,NA,NA
"topology_ARG1",6141,"SCN2A",9.6829057864789e-05,NA,NA,NA
"topology_ARG1",6142,"ACLY",0.000136799781064179,NA,NA,NA
"topology_ARG1",6143,"GABRB3",0.000120726283226125,NA,NA,NA
"topology_ARG1",6144,"GCLC",8.05799891081538e-05,NA,NA,NA
"topology_ARG1",6145,"SCD",0.000143791042404695,NA,NA,NA
"topology_ARG1",6146,"GABRA1",0.000512519672648093,NA,NA,NA
"topology_ARG1",6147,"CAMP",0.00129691841056656,NA,NA,NA
"topology_ARG1",6148,"RARA",0.000182812715244118,NA,NA,NA
"topology_ARG1",6149,"GAD1",0.000786829139807432,NA,NA,NA
"topology_ARG1",6150,"MECP2",0.000428908523146032,NA,NA,NA
"topology_ARG1",6151,"AGXT2",0.000181321349120078,NA,NA,NA
"topology_ARG1",6152,"CS",0.000203624857343709,NA,NA,NA
"topology_ARG1",6153,"ADCY1",8.87083575196179e-06,NA,NA,NA
"topology_ARG1",6154,"TFRC",0.000239327299633385,NA,NA,NA
"topology_ARG1",6155,"AGXT2",0.000181321349120078,NA,NA,NA
"topology_ARG1",6156,"TYMS",0.000142484575824997,NA,NA,NA
"topology_ARG1",6157,"AGXT2",0.000181321349120078,NA,NA,NA
"topology_ARG1",6158,"DPP4",0.00143001137023646,NA,NA,NA
"topology_ARG1",6159,"DPP4",0.00143001137023646,NA,NA,NA
"topology_ARG1",6160,"GABRA1",0.000512519672648093,NA,NA,NA
"topology_ARG1",6161,"KCNJ11",0.00241899994818762,NA,NA,NA
"topology_ARG1",6162,"HPRT1",0.00041877379526456,NA,NA,NA
"topology_ARG1",6163,"XDH",0.000207347108110545,NA,NA,NA
"topology_ARG1",6164,"GABRG2",6.25131802217682e-05,NA,NA,NA
"topology_ARG1",6165,"SCN2A",9.6829057864789e-05,NA,NA,NA
"topology_ARG1",6166,"CFTR",0.00160265872797649,NA,NA,NA
"topology_ARG1",6167,"RARA",0.000182812715244118,NA,NA,NA
"topology_ARG1",6168,"CAMP",0.00129691841056656,NA,NA,NA
"topology_ARG1",6169,"SCN1B",0.00123489854843939,NA,NA,NA
"topology_ARG1",6170,"GRM5",0.000204723227971049,NA,NA,NA
"topology_ARG1",6171,"GABRA1",0.000512519672648093,NA,NA,NA
"topology_ARG1",6172,"DPP4",0.00143001137023646,NA,NA,NA
"topology_ARG1",6173,"SCN2A",9.6829057864789e-05,NA,NA,NA
"topology_ARG1",6174,"MT-CYB",0.000203007681716216,NA,NA,NA
"topology_ARG1",6175,"ABCG2",0.00154702083903102,NA,NA,NA
"topology_ARG1",6176,"AGXT2",0.000181321349120078,NA,NA,NA
"topology_ARG1",6177,"ADCY2",0,NA,NA,NA
"topology_ARG1",6178,"GCLC",8.05799891081538e-05,NA,NA,NA
"topology_ARG1",6179,"SCN2A",9.6829057864789e-05,NA,NA,NA
"topology_ARG1",6180,"PTH",0.00019439506068486,NA,NA,NA
"topology_ARG1",6181,"HPRT1",0.00041877379526456,NA,NA,NA
"topology_ARG1",6182,"GABRA1",0.000512519672648093,NA,NA,NA
"topology_ARG1",6183,"CAMP",0.00129691841056656,NA,NA,NA
"topology_ARG1",6184,"TFRC",0.000239327299633385,NA,NA,NA
"topology_ARG1",6185,"DPP4",0.00143001137023646,NA,NA,NA
"topology_ARG1",6186,"XBP1",0.00130705850242441,NA,NA,NA
"topology_ARG1",6187,"PCNA",0.000281828068793732,NA,NA,NA
"topology_ARG1",6188,"TYMS",0.000142484575824997,NA,NA,NA
"topology_ARG1",6189,"GCK",0.000213793988103061,NA,NA,NA
"topology_ARG1",6190,"TYMS",0.000142484575824997,NA,NA,NA
"topology_ARG1",6191,"CAMP",0.00129691841056656,NA,NA,NA
"topology_ARG1",6192,"STAT4",0.000324242289791776,NA,NA,NA
"topology_ARG1",6193,"CFTR",0.00160265872797649,NA,NA,NA
"topology_ARG1",6194,"PTH",0.00019439506068486,NA,NA,NA
"topology_ARG1",6195,"TAC1",0.001463424927591,NA,NA,NA
"topology_ARG1",6196,"PTGS1",0.0001138588382259,NA,NA,NA
"topology_ARG1",6197,"GATM",0.000449150320023683,NA,NA,NA
"topology_ARG1",6198,"HPRT1",0.00041877379526456,NA,NA,NA
"topology_ARG1",6199,"RARA",0.000182812715244118,NA,NA,NA
"topology_ARG1",6200,"ADRB2",0.000148693401879507,NA,NA,NA
"topology_ARG1",6201,"MT-CYB",0.000203007681716216,NA,NA,NA
"topology_ARG1",6202,"AGXT2",0.000181321349120078,NA,NA,NA
"topology_ARG1",6203,"SLC6A3",0.000164253248760127,NA,NA,NA
"topology_ARG1",6204,"NR1H4",0.000150320210463128,NA,NA,NA
"topology_ARG1",6205,"PCNA",0.000281828068793732,NA,NA,NA
"topology_ARG1",6206,"HK2",0.000296209764147126,NA,NA,NA
"topology_ARG1",6207,"GFAP",0.000240332727610593,NA,NA,NA
"topology_ARG1",6208,"GRM5",0.000204723227971049,NA,NA,NA
"topology_ARG1",6209,"SDHA",0.000611111269984921,NA,NA,NA
"topology_ARG1",6210,"GABRG2",6.25131802217682e-05,NA,NA,NA
"topology_ARG1",6211,"ADCY1",8.87083575196179e-06,NA,NA,NA
"topology_ARG1",6212,"KCNJ11",0.00241899994818762,NA,NA,NA
"topology_ARG1",6213,"GSR",0.00032731672891706,NA,NA,NA
"topology_ARG1",6214,"SCN2A",9.6829057864789e-05,NA,NA,NA
"topology_ARG1",6215,"SLC6A3",0.000164253248760127,NA,NA,NA
"topology_ARG1",6216,"MECP2",0.000428908523146032,NA,NA,NA
"topology_ARG1",6217,"KCNQ2",0.000154321192943452,NA,NA,NA
"topology_ARG1",6218,"MT-CYB",0.000203007681716216,NA,NA,NA
"topology_ARG1",6219,"ADCY2",0,NA,NA,NA
"topology_ARG1",6220,"CFTR",0.00160265872797649,NA,NA,NA
"topology_ARG1",6221,"PRKAG2",0.00023019859617357,NA,NA,NA
"topology_ARG1",6222,"RARA",0.000182812715244118,NA,NA,NA
"topology_ARG1",6223,"NQO1",0.000518240501310552,NA,NA,NA
"topology_ARG1",6224,"STAT4",0.000324242289791776,NA,NA,NA
"topology_ARG1",6225,"ADRB2",0.000148693401879507,NA,NA,NA
"topology_ARG1",6226,"GABRA1",0.000512519672648093,NA,NA,NA
"topology_ARG1",6227,"CS",0.000203624857343709,NA,NA,NA
"topology_ARG1",6228,"SCN2A",9.6829057864789e-05,NA,NA,NA
"topology_ARG1",6229,"GABRB3",0.000120726283226125,NA,NA,NA
"topology_ARG1",6230,"DRD2",0.000217393825030943,NA,NA,NA
"topology_ARG1",6231,"AGXT2",0.000181321349120078,NA,NA,NA
"topology_ARG1",6232,"TFRC",0.000239327299633385,NA,NA,NA
"topology_ARG1",6233,"GABRB3",0.000120726283226125,NA,NA,NA
"topology_ARG1",6234,"ADRB2",0.000148693401879507,NA,NA,NA
"topology_ARG1",6235,"KCNH2",0.000463751185241779,NA,NA,NA
"topology_ARG1",6236,"SDHA",0.000611111269984921,NA,NA,NA
"topology_ARG1",6237,"SDHA",0.000611111269984921,NA,NA,NA
"topology_ARG1",6238,"TAC1",0.001463424927591,NA,NA,NA
"topology_ARG1",6239,"SCN2A",9.6829057864789e-05,NA,NA,NA
"topology_ARG1",6240,"PRKAG2",0.00023019859617357,NA,NA,NA
"topology_ARG1",6241,"PLA2G4A",0.000158908171599248,NA,NA,NA
"topology_ARG1",6242,"ADRB2",0.000148693401879507,NA,NA,NA
"topology_ARG1",6243,"KCNQ2",0.000154321192943452,NA,NA,NA
"topology_ARG1",6244,"PCNA",0.000281828068793732,NA,NA,NA
"topology_ARG1",6245,"GABRA1",0.000512519672648093,NA,NA,NA
"topology_ARG1",6246,"SLC6A3",0.000164253248760127,NA,NA,NA
"topology_ARG1",6247,"NR1H4",0.000150320210463128,NA,NA,NA
"topology_ARG1",6248,"TYMS",0.000142484575824997,NA,NA,NA
"topology_ARG1",6249,"HK2",0.000296209764147126,NA,NA,NA
"topology_ARG1",6250,"MECP2",0.000428908523146032,NA,NA,NA
"topology_ARG1",6251,"PTH",0.00019439506068486,NA,NA,NA
"topology_ARG1",6252,"HK2",0.000296209764147126,NA,NA,NA
"topology_ARG1",6253,"ACLY",0.000136799781064179,NA,NA,NA
"topology_ARG1",6254,"GCLC",8.05799891081538e-05,NA,NA,NA
"topology_ARG1",6255,"GCLC",8.05799891081538e-05,NA,NA,NA
"topology_ARG1",6256,"KCNQ2",0.000154321192943452,NA,NA,NA
"topology_ARG1",6257,"TYMS",0.000142484575824997,NA,NA,NA
"topology_ARG1",6258,"PCNA",0.000281828068793732,NA,NA,NA
"topology_ARG1",6259,"HK2",0.000296209764147126,NA,NA,NA
"topology_ARG1",6260,"DRD2",0.000217393825030943,NA,NA,NA
"topology_ARG1",6261,"XDH",0.000207347108110545,NA,NA,NA
"topology_ARG1",6262,"SCN1B",0.00123489854843939,NA,NA,NA
"topology_ARG1",6263,"XDH",0.000207347108110545,NA,NA,NA
"topology_ARG1",6264,"GABRB3",0.000120726283226125,NA,NA,NA
"topology_ARG1",6265,"DPP4",0.00143001137023646,NA,NA,NA
"topology_ARG1",6266,"SCN1B",0.00123489854843939,NA,NA,NA
"topology_ARG1",6267,"GATM",0.000449150320023683,NA,NA,NA
"topology_ARG1",6268,"SLC6A3",0.000164253248760127,NA,NA,NA
"topology_ARG1",6269,"ADCY1",8.87083575196179e-06,NA,NA,NA
"topology_ARG1",6270,"ACLY",0.000136799781064179,NA,NA,NA
"topology_ARG1",6271,"GAD1",0.000786829139807432,NA,NA,NA
"topology_ARG1",6272,"HK2",0.000296209764147126,NA,NA,NA
"topology_ARG1",6273,"XDH",0.000207347108110545,NA,NA,NA
"topology_ARG1",6274,"AGXT2",0.000181321349120078,NA,NA,NA
"topology_ARG1",6275,"MT-CYB",0.000203007681716216,NA,NA,NA
"topology_ARG1",6276,"RARA",0.000182812715244118,NA,NA,NA
"topology_ARG1",6277,"PLA2G4A",0.000158908171599248,NA,NA,NA
"topology_ARG1",6278,"ADCY2",0,NA,NA,NA
"topology_ARG1",6279,"HPRT1",0.00041877379526456,NA,NA,NA
"topology_ARG1",6280,"TFRC",0.000239327299633385,NA,NA,NA
"topology_ARG1",6281,"AGXT2",0.000181321349120078,NA,NA,NA
"topology_ARG1",6282,"MECP2",0.000428908523146032,NA,NA,NA
"topology_ARG1",6283,"SLC6A3",0.000164253248760127,NA,NA,NA
"topology_ARG1",6284,"ADCY2",0,NA,NA,NA
"topology_ARG1",6285,"AGXT2",0.000181321349120078,NA,NA,NA
"topology_ARG1",6286,"RARA",0.000182812715244118,NA,NA,NA
"topology_ARG1",6287,"CS",0.000203624857343709,NA,NA,NA
"topology_ARG1",6288,"ADCY2",0,NA,NA,NA
"topology_ARG1",6289,"GABRB3",0.000120726283226125,NA,NA,NA
"topology_ARG1",6290,"ADRB2",0.000148693401879507,NA,NA,NA
"topology_ARG1",6291,"PRKAG2",0.00023019859617357,NA,NA,NA
"topology_ARG1",6292,"XDH",0.000207347108110545,NA,NA,NA
"topology_ARG1",6293,"SDHA",0.000611111269984921,NA,NA,NA
"topology_ARG1",6294,"TAC1",0.001463424927591,NA,NA,NA
"topology_ARG1",6295,"CFTR",0.00160265872797649,NA,NA,NA
"topology_ARG1",6296,"STAT4",0.000324242289791776,NA,NA,NA
"topology_ARG1",6297,"PCNA",0.000281828068793732,NA,NA,NA
"topology_ARG1",6298,"PLA2G4A",0.000158908171599248,NA,NA,NA
"topology_ARG1",6299,"KCNQ2",0.000154321192943452,NA,NA,NA
"topology_ARG1",6300,"ACLY",0.000136799781064179,NA,NA,NA
"topology_ARG1",6301,"TYMS",0.000142484575824997,NA,NA,NA
"topology_ARG1",6302,"DRD2",0.000217393825030943,NA,NA,NA
"topology_ARG1",6303,"CS",0.000203624857343709,NA,NA,NA
"topology_ARG1",6304,"PTGS1",0.0001138588382259,NA,NA,NA
"topology_ARG1",6305,"GABRB3",0.000120726283226125,NA,NA,NA
"topology_ARG1",6306,"GATM",0.000449150320023683,NA,NA,NA
"topology_ARG1",6307,"XBP1",0.00130705850242441,NA,NA,NA
"topology_ARG1",6308,"GAD1",0.000786829139807432,NA,NA,NA
"topology_ARG1",6309,"XDH",0.000207347108110545,NA,NA,NA
"topology_ARG1",6310,"AGXT2",0.000181321349120078,NA,NA,NA
"topology_ARG1",6311,"ADCY1",8.87083575196179e-06,NA,NA,NA
"topology_ARG1",6312,"CS",0.000203624857343709,NA,NA,NA
"topology_ARG1",6313,"GAD1",0.000786829139807432,NA,NA,NA
"topology_ARG1",6314,"HK2",0.000296209764147126,NA,NA,NA
"topology_ARG1",6315,"XBP1",0.00130705850242441,NA,NA,NA
"topology_ARG1",6316,"XDH",0.000207347108110545,NA,NA,NA
"topology_ARG1",6317,"SCD",0.000143791042404695,NA,NA,NA
"topology_ARG1",6318,"SCD",0.000143791042404695,NA,NA,NA
"topology_ARG1",6319,"HK2",0.000296209764147126,NA,NA,NA
"topology_ARG1",6320,"NR1H4",0.000150320210463128,NA,NA,NA
"topology_ARG1",6321,"XBP1",0.00130705850242441,NA,NA,NA
"topology_ARG1",6322,"KCNQ2",0.000154321192943452,NA,NA,NA
"topology_ARG1",6323,"NR1H4",0.000150320210463128,NA,NA,NA
"topology_ARG1",6324,"GATM",0.000449150320023683,NA,NA,NA
"topology_ARG1",6325,"GATM",0.000449150320023683,NA,NA,NA
"topology_ARG1",6326,"SDHA",0.000611111269984921,NA,NA,NA
"topology_ARG1",6327,"GABRB3",0.000120726283226125,NA,NA,NA
"topology_ARG1",6328,"HK2",0.000296209764147126,NA,NA,NA
"topology_ARG1",6329,"SCN1B",0.00123489854843939,NA,NA,NA
"topology_ARG1",6330,"SLC6A3",0.000164253248760127,NA,NA,NA
"topology_ARG1",6331,"KCNJ11",0.00241899994818762,NA,NA,NA
"topology_ARG1",6332,"SLC6A3",0.000164253248760127,NA,NA,NA
"topology_ARG1",6333,"HK2",0.000296209764147126,NA,NA,NA
"topology_ARG1",6334,"GSR",0.00032731672891706,NA,NA,NA
"topology_ARG1",6335,"GABRB3",0.000120726283226125,NA,NA,NA
"topology_ARG1",6336,"TRPV4",0.000106153420904809,NA,NA,NA
"topology_ARG1",6337,"TYMS",0.000142484575824997,NA,NA,NA
"topology_ARG1",6338,"NR1H4",0.000150320210463128,NA,NA,NA
"topology_ARG1",6339,"TFRC",0.000239327299633385,NA,NA,NA
"topology_ARG1",6340,"GSR",0.00032731672891706,NA,NA,NA
"topology_ARG1",6341,"SDHA",0.000611111269984921,NA,NA,NA
"topology_ARG1",6342,"GATM",0.000449150320023683,NA,NA,NA
"topology_ARG1",6343,"SCN2A",9.6829057864789e-05,NA,NA,NA
"topology_ARG1",6344,"CAMP",0.00129691841056656,NA,NA,NA
"topology_ARG1",6345,"GAD1",0.000786829139807432,NA,NA,NA
"topology_ARG1",6346,"HK2",0.000296209764147126,NA,NA,NA
"topology_ARG1",6347,"CFTR",0.00160265872797649,NA,NA,NA
"topology_ARG1",6348,"TFRC",0.000239327299633385,NA,NA,NA
"topology_ARG1",6349,"STAT4",0.000324242289791776,NA,NA,NA
"topology_ARG1",6350,"AGXT2",0.000181321349120078,NA,NA,NA
"topology_ARG1",6351,"DRD2",0.000217393825030943,NA,NA,NA
"topology_ARG1",6352,"CFTR",0.00160265872797649,NA,NA,NA
"topology_ARG1",6353,"NQO1",0.000518240501310552,NA,NA,NA
"topology_ARG1",6354,"ADRB2",0.000148693401879507,NA,NA,NA
"topology_ARG1",6355,"XBP1",0.00130705850242441,NA,NA,NA
"topology_ARG1",6356,"NQO1",0.000518240501310552,NA,NA,NA
"topology_ARG1",6357,"GRM5",0.000204723227971049,NA,NA,NA
"topology_ARG1",6358,"XBP1",0.00130705850242441,NA,NA,NA
"topology_ARG1",6359,"GATM",0.000449150320023683,NA,NA,NA
"topology_ARG1",6360,"NR1H4",0.000150320210463128,NA,NA,NA
"topology_ARG1",6361,"PRKAG2",0.00023019859617357,NA,NA,NA
"topology_ARG1",6362,"XDH",0.000207347108110545,NA,NA,NA
"topology_ARG1",6363,"GABRB3",0.000120726283226125,NA,NA,NA
"topology_ARG1",6364,"NR1H4",0.000150320210463128,NA,NA,NA
"topology_ARG1",6365,"HPRT1",0.00041877379526456,NA,NA,NA
"topology_ARG1",6366,"SCD",0.000143791042404695,NA,NA,NA
"topology_ARG1",6367,"DRD2",0.000217393825030943,NA,NA,NA
"topology_ARG1",6368,"MT-CYB",0.000203007681716216,NA,NA,NA
"topology_ARG1",6369,"PLA2G4A",0.000158908171599248,NA,NA,NA
"topology_ARG1",6370,"DPP4",0.00143001137023646,NA,NA,NA
"topology_ARG1",6371,"CAMP",0.00129691841056656,NA,NA,NA
"topology_ARG1",6372,"CS",0.000203624857343709,NA,NA,NA
"topology_ARG1",6373,"TYMS",0.000142484575824997,NA,NA,NA
"topology_ARG1",6374,"STAT4",0.000324242289791776,NA,NA,NA
"topology_ARG1",6375,"ACLY",0.000136799781064179,NA,NA,NA
"topology_ARG1",6376,"HK2",0.000296209764147126,NA,NA,NA
"topology_ARG1",6377,"KCNJ11",0.00241899994818762,NA,NA,NA
"topology_ARG1",6378,"PTH",0.00019439506068486,NA,NA,NA
"topology_ARG1",6379,"KCNH2",0.000463751185241779,NA,NA,NA
"topology_ARG1",6380,"AGXT2",0.000181321349120078,NA,NA,NA
"topology_ARG1",6381,"GFAP",0.000240332727610593,NA,NA,NA
"topology_ARG1",6382,"ADCY2",0,NA,NA,NA
"topology_ARG1",6383,"GSR",0.00032731672891706,NA,NA,NA
"topology_ARG1",6384,"GABRA1",0.000512519672648093,NA,NA,NA
"topology_ARG1",6385,"GABRB3",0.000120726283226125,NA,NA,NA
"topology_ARG1",6386,"HPRT1",0.00041877379526456,NA,NA,NA
"topology_ARG1",6387,"PCNA",0.000281828068793732,NA,NA,NA
"topology_ARG1",6388,"CS",0.000203624857343709,NA,NA,NA
"topology_ARG1",6389,"KCNQ2",0.000154321192943452,NA,NA,NA
"topology_ARG1",6390,"GCLC",8.05799891081538e-05,NA,NA,NA
"topology_ARG1",6391,"PCNA",0.000281828068793732,NA,NA,NA
"topology_ARG1",6392,"SCN1B",0.00123489854843939,NA,NA,NA
"topology_ARG1",6393,"HPRT1",0.00041877379526456,NA,NA,NA
"topology_ARG1",6394,"TAC1",0.001463424927591,NA,NA,NA
"topology_ARG1",6395,"HPRT1",0.00041877379526456,NA,NA,NA
"topology_ARG1",6396,"HK2",0.000296209764147126,NA,NA,NA
"topology_ARG1",6397,"ACLY",0.000136799781064179,NA,NA,NA
"topology_ARG1",6398,"HK2",0.000296209764147126,NA,NA,NA
"topology_ARG1",6399,"PRKAG2",0.00023019859617357,NA,NA,NA
"topology_ARG1",6400,"DPP4",0.00143001137023646,NA,NA,NA
"topology_ARG1",6401,"STAT4",0.000324242289791776,NA,NA,NA
"topology_ARG1",6402,"GABRA1",0.000512519672648093,NA,NA,NA
"topology_ARG1",6403,"AGXT2",0.000181321349120078,NA,NA,NA
"topology_ARG1",6404,"NR1H4",0.000150320210463128,NA,NA,NA
"topology_ARG1",6405,"MT-CYB",0.000203007681716216,NA,NA,NA
"topology_ARG1",6406,"AGXT2",0.000181321349120078,NA,NA,NA
"topology_ARG1",6407,"SCN1B",0.00123489854843939,NA,NA,NA
"topology_ARG1",6408,"MT-CYB",0.000203007681716216,NA,NA,NA
"topology_ARG1",6409,"XDH",0.000207347108110545,NA,NA,NA
"topology_ARG1",6410,"GCK",0.000213793988103061,NA,NA,NA
"topology_ARG1",6411,"PTGS1",0.0001138588382259,NA,NA,NA
"topology_ARG1",6412,"MECP2",0.000428908523146032,NA,NA,NA
"topology_ARG1",6413,"RARA",0.000182812715244118,NA,NA,NA
"topology_ARG1",6414,"DRD2",0.000217393825030943,NA,NA,NA
"topology_ARG1",6415,"KCNJ11",0.00241899994818762,NA,NA,NA
"topology_ARG1",6416,"GRM5",0.000204723227971049,NA,NA,NA
"topology_ARG1",6417,"SLC6A3",0.000164253248760127,NA,NA,NA
"topology_ARG1",6418,"PTH",0.00019439506068486,NA,NA,NA
"topology_ARG1",6419,"TRPV1",0.00166711359586047,NA,NA,NA
"topology_ARG1",6420,"GCK",0.000213793988103061,NA,NA,NA
"topology_ARG1",6421,"TRPV1",0.00166711359586047,NA,NA,NA
"topology_ARG1",6422,"HK2",0.000296209764147126,NA,NA,NA
"topology_ARG1",6423,"GFAP",0.000240332727610593,NA,NA,NA
"topology_ARG1",6424,"ADRB2",0.000148693401879507,NA,NA,NA
"topology_ARG1",6425,"TRPV4",0.000106153420904809,NA,NA,NA
"topology_ARG1",6426,"HPRT1",0.00041877379526456,NA,NA,NA
"topology_ARG1",6427,"PLA2G4A",0.000158908171599248,NA,NA,NA
"topology_ARG1",6428,"GFAP",0.000240332727610593,NA,NA,NA
"topology_ARG1",6429,"CS",0.000203624857343709,NA,NA,NA
"topology_ARG1",6430,"GSR",0.00032731672891706,NA,NA,NA
"topology_ARG1",6431,"GATM",0.000449150320023683,NA,NA,NA
"topology_ARG1",6432,"SLC6A3",0.000164253248760127,NA,NA,NA
"topology_ARG1",6433,"GSR",0.00032731672891706,NA,NA,NA
"topology_ARG1",6434,"GFAP",0.000240332727610593,NA,NA,NA
"topology_ARG1",6435,"PTH",0.00019439506068486,NA,NA,NA
"topology_ARG1",6436,"CAMP",0.00129691841056656,NA,NA,NA
"topology_ARG1",6437,"AGXT2",0.000181321349120078,NA,NA,NA
"topology_ARG1",6438,"TRPV4",0.000106153420904809,NA,NA,NA
"topology_ARG1",6439,"STAT4",0.000324242289791776,NA,NA,NA
"topology_ARG1",6440,"SCN2A",9.6829057864789e-05,NA,NA,NA
"topology_ARG1",6441,"TAC1",0.001463424927591,NA,NA,NA
"topology_ARG1",6442,"PCNA",0.000281828068793732,NA,NA,NA
"topology_ARG1",6443,"GFAP",0.000240332727610593,NA,NA,NA
"topology_ARG1",6444,"PTH",0.00019439506068486,NA,NA,NA
"topology_ARG1",6445,"TYMS",0.000142484575824997,NA,NA,NA
"topology_ARG1",6446,"NR1H4",0.000150320210463128,NA,NA,NA
"topology_ARG1",6447,"AGXT2",0.000181321349120078,NA,NA,NA
"topology_ARG1",6448,"GCK",0.000213793988103061,NA,NA,NA
"topology_ARG1",6449,"ADCY2",0,NA,NA,NA
"topology_ARG1",6450,"AGXT2",0.000181321349120078,NA,NA,NA
"topology_ARG1",6451,"TAC1",0.001463424927591,NA,NA,NA
"topology_ARG1",6452,"GABRG2",6.25131802217682e-05,NA,NA,NA
"topology_ARG1",6453,"GRM5",0.000204723227971049,NA,NA,NA
"topology_ARG1",6454,"MECP2",0.000428908523146032,NA,NA,NA
"topology_ARG1",6455,"SLC6A3",0.000164253248760127,NA,NA,NA
"topology_ARG1",6456,"TFRC",0.000239327299633385,NA,NA,NA
"topology_ARG1",6457,"GSR",0.00032731672891706,NA,NA,NA
"topology_ARG1",6458,"MT-CYB",0.000203007681716216,NA,NA,NA
"topology_ARG1",6459,"TYMS",0.000142484575824997,NA,NA,NA
"topology_ARG1",6460,"GRM5",0.000204723227971049,NA,NA,NA
"topology_ARG1",6461,"GCLC",8.05799891081538e-05,NA,NA,NA
"topology_ARG1",6462,"AGXT2",0.000181321349120078,NA,NA,NA
"topology_ARG1",6463,"SCN2A",9.6829057864789e-05,NA,NA,NA
"topology_ARG1",6464,"GAD1",0.000786829139807432,NA,NA,NA
"topology_ARG1",6465,"GATM",0.000449150320023683,NA,NA,NA
"topology_ARG1",6466,"MT-CYB",0.000203007681716216,NA,NA,NA
"topology_ARG1",6467,"KCNH2",0.000463751185241779,NA,NA,NA
"topology_ARG1",6468,"ACLY",0.000136799781064179,NA,NA,NA
"topology_ARG1",6469,"PLA2G4A",0.000158908171599248,NA,NA,NA
"topology_ARG1",6470,"KCNQ2",0.000154321192943452,NA,NA,NA
"topology_ARG1",6471,"GCK",0.000213793988103061,NA,NA,NA
"topology_ARG1",6472,"TAC1",0.001463424927591,NA,NA,NA
"topology_ARG1",6473,"PTGS1",0.0001138588382259,NA,NA,NA
"topology_ARG1",6474,"TAC1",0.001463424927591,NA,NA,NA
"topology_ARG1",6475,"RARA",0.000182812715244118,NA,NA,NA
"topology_ARG1",6476,"DPP4",0.00143001137023646,NA,NA,NA
"topology_ARG1",6477,"GABBR1",0.000629351098106912,NA,NA,NA
"topology_ARG1",6478,"MECP2",0.000428908523146032,NA,NA,NA
"topology_ARG1",6479,"TYMS",0.000142484575824997,NA,NA,NA
"topology_ARG1",6480,"AGXT2",0.000181321349120078,NA,NA,NA
"topology_ARG1",6481,"KCNQ2",0.000154321192943452,NA,NA,NA
"topology_ARG1",6482,"SCN1B",0.00123489854843939,NA,NA,NA
"topology_ARG1",6483,"DRD2",0.000217393825030943,NA,NA,NA
"topology_ARG1",6484,"SDHA",0.000611111269984921,NA,NA,NA
"topology_ARG1",6485,"NR1H4",0.000150320210463128,NA,NA,NA
"topology_ARG1",6486,"GATM",0.000449150320023683,NA,NA,NA
"topology_ARG1",6487,"MT-CYB",0.000203007681716216,NA,NA,NA
"topology_ARG1",6488,"ACLY",0.000136799781064179,NA,NA,NA
"topology_ARG1",6489,"PTH",0.00019439506068486,NA,NA,NA
"topology_ARG1",6490,"GCK",0.000213793988103061,NA,NA,NA
"topology_ARG1",6491,"GABRG2",6.25131802217682e-05,NA,NA,NA
"topology_ARG1",6492,"XBP1",0.00130705850242441,NA,NA,NA
"topology_ARG1",6493,"PTGS1",0.0001138588382259,NA,NA,NA
"topology_ARG1",6494,"GSR",0.00032731672891706,NA,NA,NA
"topology_ARG1",6495,"HPRT1",0.00041877379526456,NA,NA,NA
"topology_ARG1",6496,"XDH",0.000207347108110545,NA,NA,NA
"topology_ARG1",6497,"KCNJ11",0.00241899994818762,NA,NA,NA
"topology_ARG1",6498,"XDH",0.000207347108110545,NA,NA,NA
"topology_ARG1",6499,"TAC1",0.001463424927591,NA,NA,NA
"topology_ARG1",6500,"SLC6A3",0.000164253248760127,NA,NA,NA
"topology_ARG1",6501,"GABRG2",6.25131802217682e-05,NA,NA,NA
"topology_ARG1",6502,"AGXT2",0.000181321349120078,NA,NA,NA
"topology_ARG1",6503,"GABBR1",0.000629351098106912,NA,NA,NA
"topology_ARG1",6504,"KCNQ2",0.000154321192943452,NA,NA,NA
"topology_ARG1",6505,"KCNH2",0.000463751185241779,NA,NA,NA
"topology_ARG1",6506,"DRD2",0.000217393825030943,NA,NA,NA
"topology_ARG1",6507,"GRM5",0.000204723227971049,NA,NA,NA
"topology_ARG1",6508,"KCNH2",0.000463751185241779,NA,NA,NA
"topology_ARG1",6509,"TRPV1",0.00166711359586047,NA,NA,NA
"topology_ARG1",6510,"PTH",0.00019439506068486,NA,NA,NA
"topology_ARG1",6511,"HK2",0.000296209764147126,NA,NA,NA
"topology_ARG1",6512,"NQO1",0.000518240501310552,NA,NA,NA
"topology_ARG1",6513,"SCD",0.000143791042404695,NA,NA,NA
"topology_ARG1",6514,"TFRC",0.000239327299633385,NA,NA,NA
"topology_ARG1",6515,"SCN1B",0.00123489854843939,NA,NA,NA
"topology_ARG1",6516,"PLA2G4A",0.000158908171599248,NA,NA,NA
"topology_ARG1",6517,"ABCG2",0.00154702083903102,NA,NA,NA
"topology_ARG1",6518,"CAMP",0.00129691841056656,NA,NA,NA
"topology_ARG1",6519,"TRPV1",0.00166711359586047,NA,NA,NA
"topology_ARG1",6520,"TRPV4",0.000106153420904809,NA,NA,NA
"topology_ARG1",6521,"STAT4",0.000324242289791776,NA,NA,NA
"topology_ARG1",6522,"GAD1",0.000786829139807432,NA,NA,NA
"topology_ARG1",6523,"KCNQ2",0.000154321192943452,NA,NA,NA
"topology_ARG1",6524,"GRM5",0.000204723227971049,NA,NA,NA
"topology_ARG1",6525,"GABBR1",0.000629351098106912,NA,NA,NA
"topology_ARG1",6526,"HPRT1",0.00041877379526456,NA,NA,NA
"topology_ARG1",6527,"ACLY",0.000136799781064179,NA,NA,NA
"topology_ARG1",6528,"GSR",0.00032731672891706,NA,NA,NA
"topology_ARG1",6529,"PLA2G4A",0.000158908171599248,NA,NA,NA
"topology_ARG1",6530,"DPP4",0.00143001137023646,NA,NA,NA
"topology_ARG1",6531,"GATM",0.000449150320023683,NA,NA,NA
"topology_ARG1",6532,"STAT4",0.000324242289791776,NA,NA,NA
"topology_ARG1",6533,"SCN1B",0.00123489854843939,NA,NA,NA
"topology_ARG1",6534,"GATM",0.000449150320023683,NA,NA,NA
"topology_ARG1",6535,"SCD",0.000143791042404695,NA,NA,NA
"topology_ARG1",6536,"SCN2A",9.6829057864789e-05,NA,NA,NA
"topology_ARG1",6537,"HPRT1",0.00041877379526456,NA,NA,NA
"topology_ARG1",6538,"TRPV1",0.00166711359586047,NA,NA,NA
"topology_ARG1",6539,"KCNH2",0.000463751185241779,NA,NA,NA
"topology_ARG1",6540,"GABRG2",6.25131802217682e-05,NA,NA,NA
"topology_ARG1",6541,"CAMP",0.00129691841056656,NA,NA,NA
"topology_ARG1",6542,"ACLY",0.000136799781064179,NA,NA,NA
"topology_ARG1",6543,"MT-CYB",0.000203007681716216,NA,NA,NA
"topology_ARG1",6544,"MECP2",0.000428908523146032,NA,NA,NA
"topology_ARG1",6545,"PLA2G4A",0.000158908171599248,NA,NA,NA
"topology_ARG1",6546,"PTGS1",0.0001138588382259,NA,NA,NA
"topology_ARG1",6547,"XDH",0.000207347108110545,NA,NA,NA
"topology_ARG1",6548,"NR1H4",0.000150320210463128,NA,NA,NA
"topology_ARG1",6549,"GABRA1",0.000512519672648093,NA,NA,NA
"topology_ARG1",6550,"SDHA",0.000611111269984921,NA,NA,NA
"topology_ARG1",6551,"KCNH2",0.000463751185241779,NA,NA,NA
"topology_ARG1",6552,"HK2",0.000296209764147126,NA,NA,NA
"topology_ARG1",6553,"HK2",0.000296209764147126,NA,NA,NA
"topology_ARG1",6554,"SLC6A3",0.000164253248760127,NA,NA,NA
"topology_ARG1",6555,"ADCY2",0,NA,NA,NA
"topology_ARG1",6556,"XBP1",0.00130705850242441,NA,NA,NA
"topology_ARG1",6557,"PLA2G4A",0.000158908171599248,NA,NA,NA
"topology_ARG1",6558,"KCNQ2",0.000154321192943452,NA,NA,NA
"topology_ARG1",6559,"CFTR",0.00160265872797649,NA,NA,NA
"topology_ARG1",6560,"MECP2",0.000428908523146032,NA,NA,NA
"topology_ARG1",6561,"GABRA1",0.000512519672648093,NA,NA,NA
"topology_ARG1",6562,"CS",0.000203624857343709,NA,NA,NA
"topology_ARG1",6563,"HK2",0.000296209764147126,NA,NA,NA
"topology_ARG1",6564,"STAT4",0.000324242289791776,NA,NA,NA
"topology_ARG1",6565,"NR1H4",0.000150320210463128,NA,NA,NA
"topology_ARG1",6566,"GSR",0.00032731672891706,NA,NA,NA
"topology_ARG1",6567,"KCNJ11",0.00241899994818762,NA,NA,NA
"topology_ARG1",6568,"TRPV4",0.000106153420904809,NA,NA,NA
"topology_ARG1",6569,"AGXT2",0.000181321349120078,NA,NA,NA
"topology_ARG1",6570,"TRPV4",0.000106153420904809,NA,NA,NA
"topology_ARG1",6571,"GAD1",0.000786829139807432,NA,NA,NA
"topology_ARG1",6572,"NR1H4",0.000150320210463128,NA,NA,NA
"topology_ARG1",6573,"PRKAG2",0.00023019859617357,NA,NA,NA
"topology_ARG1",6574,"GAD1",0.000786829139807432,NA,NA,NA
"topology_ARG1",6575,"KCNJ11",0.00241899994818762,NA,NA,NA
"topology_ARG1",6576,"XDH",0.000207347108110545,NA,NA,NA
"topology_ARG1",6577,"KCNJ11",0.00241899994818762,NA,NA,NA
"topology_ARG1",6578,"AGXT2",0.000181321349120078,NA,NA,NA
"topology_ARG1",6579,"TAC1",0.001463424927591,NA,NA,NA
"topology_ARG1",6580,"GRM5",0.000204723227971049,NA,NA,NA
"topology_ARG1",6581,"NR1H4",0.000150320210463128,NA,NA,NA
"topology_ARG1",6582,"GABRG2",6.25131802217682e-05,NA,NA,NA
"topology_ARG1",6583,"ABCG2",0.00154702083903102,NA,NA,NA
"topology_ARG1",6584,"SCN2A",9.6829057864789e-05,NA,NA,NA
"topology_ARG1",6585,"GABRA1",0.000512519672648093,NA,NA,NA
"topology_ARG1",6586,"HK2",0.000296209764147126,NA,NA,NA
"topology_ARG1",6587,"TYMS",0.000142484575824997,NA,NA,NA
"topology_ARG1",6588,"PRKAG2",0.00023019859617357,NA,NA,NA
"topology_ARG1",6589,"PCNA",0.000281828068793732,NA,NA,NA
"topology_ARG1",6590,"SDHA",0.000611111269984921,NA,NA,NA
"topology_ARG1",6591,"ACLY",0.000136799781064179,NA,NA,NA
"topology_ARG1",6592,"CS",0.000203624857343709,NA,NA,NA
"topology_ARG1",6593,"KCNH2",0.000463751185241779,NA,NA,NA
"topology_ARG1",6594,"MECP2",0.000428908523146032,NA,NA,NA
"topology_ARG1",6595,"TYMS",0.000142484575824997,NA,NA,NA
"topology_ARG1",6596,"NR1H4",0.000150320210463128,NA,NA,NA
"topology_ARG1",6597,"RARA",0.000182812715244118,NA,NA,NA
"topology_ARG1",6598,"TFRC",0.000239327299633385,NA,NA,NA
"topology_ARG1",6599,"GSR",0.00032731672891706,NA,NA,NA
"topology_ARG1",6600,"KCNH2",0.000463751185241779,NA,NA,NA
"topology_ARG1",6601,"GATM",0.000449150320023683,NA,NA,NA
"topology_ARG1",6602,"GRM5",0.000204723227971049,NA,NA,NA
"topology_ARG1",6603,"PRKAG2",0.00023019859617357,NA,NA,NA
"topology_ARG1",6604,"MECP2",0.000428908523146032,NA,NA,NA
"topology_ARG1",6605,"GABRB3",0.000120726283226125,NA,NA,NA
"topology_ARG1",6606,"TYMS",0.000142484575824997,NA,NA,NA
"topology_ARG1",6607,"GABBR1",0.000629351098106912,NA,NA,NA
"topology_ARG1",6608,"KCNQ2",0.000154321192943452,NA,NA,NA
"topology_ARG1",6609,"PLA2G4A",0.000158908171599248,NA,NA,NA
"topology_ARG1",6610,"SDHA",0.000611111269984921,NA,NA,NA
"topology_ARG1",6611,"DPP4",0.00143001137023646,NA,NA,NA
"topology_ARG1",6612,"TAC1",0.001463424927591,NA,NA,NA
"topology_ARG1",6613,"CS",0.000203624857343709,NA,NA,NA
"topology_ARG1",6614,"XBP1",0.00130705850242441,NA,NA,NA
"topology_ARG1",6615,"SDHA",0.000611111269984921,NA,NA,NA
"topology_ARG1",6616,"GSR",0.00032731672891706,NA,NA,NA
"topology_ARG1",6617,"SCN1B",0.00123489854843939,NA,NA,NA
"topology_ARG1",6618,"TFRC",0.000239327299633385,NA,NA,NA
"topology_ARG1",6619,"KCNQ2",0.000154321192943452,NA,NA,NA
"topology_ARG1",6620,"GABRG2",6.25131802217682e-05,NA,NA,NA
"topology_ARG1",6621,"SDHA",0.000611111269984921,NA,NA,NA
"topology_ARG1",6622,"SCN1B",0.00123489854843939,NA,NA,NA
"topology_ARG1",6623,"AGXT2",0.000181321349120078,NA,NA,NA
"topology_ARG1",6624,"NQO1",0.000518240501310552,NA,NA,NA
"topology_ARG1",6625,"HK2",0.000296209764147126,NA,NA,NA
"topology_ARG1",6626,"SLC6A3",0.000164253248760127,NA,NA,NA
"topology_ARG1",6627,"ADRB2",0.000148693401879507,NA,NA,NA
"topology_ARG1",6628,"GFAP",0.000240332727610593,NA,NA,NA
"topology_ARG1",6629,"STAT4",0.000324242289791776,NA,NA,NA
"topology_ARG1",6630,"GABRG2",6.25131802217682e-05,NA,NA,NA
"topology_ARG1",6631,"PRKAG2",0.00023019859617357,NA,NA,NA
"topology_ARG1",6632,"NR1H4",0.000150320210463128,NA,NA,NA
"topology_ARG1",6633,"PTGS1",0.0001138588382259,NA,NA,NA
"topology_ARG1",6634,"GFAP",0.000240332727610593,NA,NA,NA
"topology_ARG1",6635,"NR1H4",0.000150320210463128,NA,NA,NA
"topology_ARG1",6636,"GABBR1",0.000629351098106912,NA,NA,NA
"topology_ARG1",6637,"RARA",0.000182812715244118,NA,NA,NA
"topology_ARG1",6638,"DPP4",0.00143001137023646,NA,NA,NA
"topology_ARG1",6639,"MT-CYB",0.000203007681716216,NA,NA,NA
"topology_ARG1",6640,"CFTR",0.00160265872797649,NA,NA,NA
"topology_ARG1",6641,"ACLY",0.000136799781064179,NA,NA,NA
"topology_ARG1",6642,"GATM",0.000449150320023683,NA,NA,NA
"topology_ARG1",6643,"PCNA",0.000281828068793732,NA,NA,NA
"topology_ARG1",6644,"GCK",0.000213793988103061,NA,NA,NA
"topology_ARG1",6645,"ADRB2",0.000148693401879507,NA,NA,NA
"topology_ARG1",6646,"ADCY2",0,NA,NA,NA
"topology_ARG1",6647,"ABCG2",0.00154702083903102,NA,NA,NA
"topology_ARG1",6648,"GCLC",8.05799891081538e-05,NA,NA,NA
"topology_ARG1",6649,"HPRT1",0.00041877379526456,NA,NA,NA
"topology_ARG1",6650,"GABRB3",0.000120726283226125,NA,NA,NA
"topology_ARG1",6651,"XBP1",0.00130705850242441,NA,NA,NA
"topology_ARG1",6652,"TAC1",0.001463424927591,NA,NA,NA
"topology_ARG1",6653,"CS",0.000203624857343709,NA,NA,NA
"topology_ARG1",6654,"ADCY2",0,NA,NA,NA
"topology_ARG1",6655,"NR1H4",0.000150320210463128,NA,NA,NA
"topology_ARG1",6656,"DPP4",0.00143001137023646,NA,NA,NA
"topology_ARG1",6657,"GRM5",0.000204723227971049,NA,NA,NA
"topology_ARG1",6658,"KCNH2",0.000463751185241779,NA,NA,NA
"topology_ARG1",6659,"SDHA",0.000611111269984921,NA,NA,NA
"topology_ARG1",6660,"KCNJ11",0.00241899994818762,NA,NA,NA
"topology_ARG1",6661,"SLC6A3",0.000164253248760127,NA,NA,NA
"topology_ARG1",6662,"ADRB2",0.000148693401879507,NA,NA,NA
"topology_ARG1",6663,"HK2",0.000296209764147126,NA,NA,NA
"topology_ARG1",6664,"CS",0.000203624857343709,NA,NA,NA
"topology_ARG1",6665,"GRM5",0.000204723227971049,NA,NA,NA
"topology_ARG1",6666,"HK2",0.000296209764147126,NA,NA,NA
"topology_ARG1",6667,"MT-CYB",0.000203007681716216,NA,NA,NA
"topology_ARG1",6668,"PCNA",0.000281828068793732,NA,NA,NA
"topology_ARG1",6669,"GCK",0.000213793988103061,NA,NA,NA
"topology_ARG1",6670,"RARA",0.000182812715244118,NA,NA,NA
"topology_ARG1",6671,"PLA2G4A",0.000158908171599248,NA,NA,NA
"topology_ARG1",6672,"GABRG2",6.25131802217682e-05,NA,NA,NA
"topology_ARG1",6673,"TYMS",0.000142484575824997,NA,NA,NA
"topology_ARG1",6674,"RARA",0.000182812715244118,NA,NA,NA
"topology_ARG1",6675,"CAMP",0.00129691841056656,NA,NA,NA
"topology_ARG1",6676,"CAMP",0.00129691841056656,NA,NA,NA
"topology_ARG1",6677,"STAT4",0.000324242289791776,NA,NA,NA
"topology_ARG1",6678,"GABRB3",0.000120726283226125,NA,NA,NA
"topology_ARG1",6679,"DPP4",0.00143001137023646,NA,NA,NA
"topology_ARG1",6680,"SCN1B",0.00123489854843939,NA,NA,NA
"topology_ARG1",6681,"KCNH2",0.000463751185241779,NA,NA,NA
"topology_ARG1",6682,"GRM5",0.000204723227971049,NA,NA,NA
"topology_ARG1",6683,"SCN1B",0.00123489854843939,NA,NA,NA
"topology_ARG1",6684,"SCD",0.000143791042404695,NA,NA,NA
"topology_ARG1",6685,"XDH",0.000207347108110545,NA,NA,NA
"topology_ARG1",6686,"TRPV4",0.000106153420904809,NA,NA,NA
"topology_ARG1",6687,"GCLC",8.05799891081538e-05,NA,NA,NA
"topology_ARG1",6688,"KCNJ11",0.00241899994818762,NA,NA,NA
"topology_ARG1",6689,"CFTR",0.00160265872797649,NA,NA,NA
"topology_ARG1",6690,"ACLY",0.000136799781064179,NA,NA,NA
"topology_ARG1",6691,"KCNH2",0.000463751185241779,NA,NA,NA
"topology_ARG1",6692,"GFAP",0.000240332727610593,NA,NA,NA
"topology_ARG1",6693,"GABRB3",0.000120726283226125,NA,NA,NA
"topology_ARG1",6694,"PCNA",0.000281828068793732,NA,NA,NA
"topology_ARG1",6695,"HPRT1",0.00041877379526456,NA,NA,NA
"topology_ARG1",6696,"AGXT2",0.000181321349120078,NA,NA,NA
"topology_ARG1",6697,"GAD1",0.000786829139807432,NA,NA,NA
"topology_ARG1",6698,"TRPV1",0.00166711359586047,NA,NA,NA
"topology_ARG1",6699,"GFAP",0.000240332727610593,NA,NA,NA
"topology_ARG1",6700,"ADCY2",0,NA,NA,NA
"topology_ARG1",6701,"TRPV1",0.00166711359586047,NA,NA,NA
"topology_ARG1",6702,"ADCY2",0,NA,NA,NA
"topology_ARG1",6703,"GABBR1",0.000629351098106912,NA,NA,NA
"topology_ARG1",6704,"PCNA",0.000281828068793732,NA,NA,NA
"topology_ARG1",6705,"NR1H4",0.000150320210463128,NA,NA,NA
"topology_ARG1",6706,"MECP2",0.000428908523146032,NA,NA,NA
"topology_ARG1",6707,"CFTR",0.00160265872797649,NA,NA,NA
"topology_ARG1",6708,"ACLY",0.000136799781064179,NA,NA,NA
"topology_ARG1",6709,"XDH",0.000207347108110545,NA,NA,NA
"topology_ARG1",6710,"GFAP",0.000240332727610593,NA,NA,NA
"topology_ARG1",6711,"SCN1B",0.00123489854843939,NA,NA,NA
"topology_ARG1",6712,"GSR",0.00032731672891706,NA,NA,NA
"topology_ARG1",6713,"XBP1",0.00130705850242441,NA,NA,NA
"topology_ARG1",6714,"GABRA1",0.000512519672648093,NA,NA,NA
"topology_ARG1",6715,"GABRB3",0.000120726283226125,NA,NA,NA
"topology_ARG1",6716,"CAMP",0.00129691841056656,NA,NA,NA
"topology_ARG1",6717,"HPRT1",0.00041877379526456,NA,NA,NA
"topology_ARG1",6718,"GABRG2",6.25131802217682e-05,NA,NA,NA
"topology_ARG1",6719,"PRKAG2",0.00023019859617357,NA,NA,NA
"topology_ARG1",6720,"CS",0.000203624857343709,NA,NA,NA
"topology_ARG1",6721,"KCNH2",0.000463751185241779,NA,NA,NA
"topology_ARG1",6722,"GCK",0.000213793988103061,NA,NA,NA
"topology_ARG1",6723,"GAD1",0.000786829139807432,NA,NA,NA
"topology_ARG1",6724,"CFTR",0.00160265872797649,NA,NA,NA
"topology_ARG1",6725,"TYMS",0.000142484575824997,NA,NA,NA
"topology_ARG1",6726,"DRD2",0.000217393825030943,NA,NA,NA
"topology_ARG1",6727,"HK2",0.000296209764147126,NA,NA,NA
"topology_ARG1",6728,"PLA2G4A",0.000158908171599248,NA,NA,NA
"topology_ARG1",6729,"STAT4",0.000324242289791776,NA,NA,NA
"topology_ARG1",6730,"PLA2G4A",0.000158908171599248,NA,NA,NA
"topology_ARG1",6731,"GABRA1",0.000512519672648093,NA,NA,NA
"topology_ARG1",6732,"GAD1",0.000786829139807432,NA,NA,NA
"topology_ARG1",6733,"TAC1",0.001463424927591,NA,NA,NA
"topology_ARG1",6734,"GFAP",0.000240332727610593,NA,NA,NA
"topology_ARG1",6735,"TAC1",0.001463424927591,NA,NA,NA
"topology_ARG1",6736,"XDH",0.000207347108110545,NA,NA,NA
"topology_ARG1",6737,"MT-CYB",0.000203007681716216,NA,NA,NA
"topology_ARG1",6738,"SDHA",0.000611111269984921,NA,NA,NA
"topology_ARG1",6739,"RARA",0.000182812715244118,NA,NA,NA
"topology_ARG1",6740,"GFAP",0.000240332727610593,NA,NA,NA
"topology_ARG1",6741,"GABRA1",0.000512519672648093,NA,NA,NA
"topology_ARG1",6742,"ADRB2",0.000148693401879507,NA,NA,NA
"topology_ARG1",6743,"ACLY",0.000136799781064179,NA,NA,NA
"topology_ARG1",6744,"PRKAG2",0.00023019859617357,NA,NA,NA
"topology_ARG1",6745,"ACLY",0.000136799781064179,NA,NA,NA
"topology_ARG1",6746,"ACLY",0.000136799781064179,NA,NA,NA
"topology_ARG1",6747,"KCNJ11",0.00241899994818762,NA,NA,NA
"topology_ARG1",6748,"GCLC",8.05799891081538e-05,NA,NA,NA
"topology_ARG1",6749,"MT-CYB",0.000203007681716216,NA,NA,NA
"topology_ARG1",6750,"ADCY1",8.87083575196179e-06,NA,NA,NA
"topology_ARG1",6751,"RARA",0.000182812715244118,NA,NA,NA
"topology_ARG1",6752,"PLA2G4A",0.000158908171599248,NA,NA,NA
"topology_ARG1",6753,"MECP2",0.000428908523146032,NA,NA,NA
"topology_ARG1",6754,"GAD1",0.000786829139807432,NA,NA,NA
"topology_ARG1",6755,"AGXT2",0.000181321349120078,NA,NA,NA
"topology_ARG1",6756,"CFTR",0.00160265872797649,NA,NA,NA
"topology_ARG1",6757,"KCNH2",0.000463751185241779,NA,NA,NA
"topology_ARG1",6758,"GCK",0.000213793988103061,NA,NA,NA
"topology_ARG1",6759,"SDHA",0.000611111269984921,NA,NA,NA
"topology_ARG1",6760,"HPRT1",0.00041877379526456,NA,NA,NA
"topology_ARG1",6761,"GABRG2",6.25131802217682e-05,NA,NA,NA
"topology_ARG1",6762,"TYMS",0.000142484575824997,NA,NA,NA
"topology_ARG1",6763,"GRM5",0.000204723227971049,NA,NA,NA
"topology_ARG1",6764,"ADCY2",0,NA,NA,NA
"topology_ARG1",6765,"GRM5",0.000204723227971049,NA,NA,NA
"topology_ARG1",6766,"TRPV4",0.000106153420904809,NA,NA,NA
"topology_ARG1",6767,"STAT4",0.000324242289791776,NA,NA,NA
"topology_ARG1",6768,"NQO1",0.000518240501310552,NA,NA,NA
"topology_ARG1",6769,"HPRT1",0.00041877379526456,NA,NA,NA
"topology_ARG1",6770,"XBP1",0.00130705850242441,NA,NA,NA
"topology_ARG1",6771,"XBP1",0.00130705850242441,NA,NA,NA
"topology_ARG1",6772,"TFRC",0.000239327299633385,NA,NA,NA
"topology_ARG1",6773,"PTH",0.00019439506068486,NA,NA,NA
"topology_ARG1",6774,"GABRG2",6.25131802217682e-05,NA,NA,NA
"topology_ARG1",6775,"CS",0.000203624857343709,NA,NA,NA
"topology_ARG1",6776,"NR1H4",0.000150320210463128,NA,NA,NA
"topology_ARG1",6777,"GAD1",0.000786829139807432,NA,NA,NA
"topology_ARG1",6778,"HPRT1",0.00041877379526456,NA,NA,NA
"topology_ARG1",6779,"SDHA",0.000611111269984921,NA,NA,NA
"topology_ARG1",6780,"DPP4",0.00143001137023646,NA,NA,NA
"topology_ARG1",6781,"PRKAG2",0.00023019859617357,NA,NA,NA
"topology_ARG1",6782,"KCNH2",0.000463751185241779,NA,NA,NA
"topology_ARG1",6783,"GAD1",0.000786829139807432,NA,NA,NA
"topology_ARG1",6784,"PRKAG2",0.00023019859617357,NA,NA,NA
"topology_ARG1",6785,"SCN1B",0.00123489854843939,NA,NA,NA
"topology_ARG1",6786,"NQO1",0.000518240501310552,NA,NA,NA
"topology_ARG1",6787,"AGXT2",0.000181321349120078,NA,NA,NA
"topology_ARG1",6788,"GCK",0.000213793988103061,NA,NA,NA
"topology_ARG1",6789,"CFTR",0.00160265872797649,NA,NA,NA
"topology_ARG1",6790,"TAC1",0.001463424927591,NA,NA,NA
"topology_ARG1",6791,"KCNH2",0.000463751185241779,NA,NA,NA
"topology_ARG1",6792,"DRD2",0.000217393825030943,NA,NA,NA
"topology_ARG1",6793,"PCNA",0.000281828068793732,NA,NA,NA
"topology_ARG1",6794,"KCNH2",0.000463751185241779,NA,NA,NA
"topology_ARG1",6795,"PTH",0.00019439506068486,NA,NA,NA
"topology_ARG1",6796,"DRD2",0.000217393825030943,NA,NA,NA
"topology_ARG1",6797,"TYMS",0.000142484575824997,NA,NA,NA
"topology_ARG1",6798,"RARA",0.000182812715244118,NA,NA,NA
"topology_ARG1",6799,"MT-CYB",0.000203007681716216,NA,NA,NA
"topology_ARG1",6800,"PLA2G4A",0.000158908171599248,NA,NA,NA
"topology_ARG1",6801,"GABRB3",0.000120726283226125,NA,NA,NA
"topology_ARG1",6802,"SCD",0.000143791042404695,NA,NA,NA
"topology_ARG1",6803,"CFTR",0.00160265872797649,NA,NA,NA
"topology_ARG1",6804,"TAC1",0.001463424927591,NA,NA,NA
"topology_ARG1",6805,"CS",0.000203624857343709,NA,NA,NA
"topology_ARG1",6806,"DPP4",0.00143001137023646,NA,NA,NA
"topology_ARG1",6807,"TFRC",0.000239327299633385,NA,NA,NA
"topology_ARG1",6808,"GFAP",0.000240332727610593,NA,NA,NA
"topology_ARG1",6809,"GABRB3",0.000120726283226125,NA,NA,NA
"topology_ARG1",6810,"KCNQ2",0.000154321192943452,NA,NA,NA
"topology_ARG1",6811,"TYMS",0.000142484575824997,NA,NA,NA
"topology_ARG1",6812,"SDHA",0.000611111269984921,NA,NA,NA
"topology_ARG1",6813,"TRPV1",0.00166711359586047,NA,NA,NA
"topology_ARG1",6814,"ADCY1",8.87083575196179e-06,NA,NA,NA
"topology_ARG1",6815,"SLC6A3",0.000164253248760127,NA,NA,NA
"topology_ARG1",6816,"DPP4",0.00143001137023646,NA,NA,NA
"topology_ARG1",6817,"PTH",0.00019439506068486,NA,NA,NA
"topology_ARG1",6818,"GRM5",0.000204723227971049,NA,NA,NA
"topology_ARG1",6819,"PLA2G4A",0.000158908171599248,NA,NA,NA
"topology_ARG1",6820,"MECP2",0.000428908523146032,NA,NA,NA
"topology_ARG1",6821,"DRD2",0.000217393825030943,NA,NA,NA
"topology_ARG1",6822,"CS",0.000203624857343709,NA,NA,NA
"topology_ARG1",6823,"CFTR",0.00160265872797649,NA,NA,NA
"topology_ARG1",6824,"TYMS",0.000142484575824997,NA,NA,NA
"topology_ARG1",6825,"KCNJ11",0.00241899994818762,NA,NA,NA
"topology_ARG1",6826,"PCNA",0.000281828068793732,NA,NA,NA
"topology_ARG1",6827,"ADCY1",8.87083575196179e-06,NA,NA,NA
"topology_ARG1",6828,"ABCG2",0.00154702083903102,NA,NA,NA
"topology_ARG1",6829,"HPRT1",0.00041877379526456,NA,NA,NA
"topology_ARG1",6830,"GAD1",0.000786829139807432,NA,NA,NA
"topology_ARG1",6831,"GCK",0.000213793988103061,NA,NA,NA
"topology_ARG1",6832,"STAT4",0.000324242289791776,NA,NA,NA
"topology_ARG1",6833,"PRKAG2",0.00023019859617357,NA,NA,NA
"topology_ARG1",6834,"NQO1",0.000518240501310552,NA,NA,NA
"topology_ARG1",6835,"ADCY1",8.87083575196179e-06,NA,NA,NA
"topology_ARG1",6836,"GAD1",0.000786829139807432,NA,NA,NA
"topology_ARG1",6837,"GCLC",8.05799891081538e-05,NA,NA,NA
"topology_ARG1",6838,"XDH",0.000207347108110545,NA,NA,NA
"topology_ARG1",6839,"GATM",0.000449150320023683,NA,NA,NA
"topology_ARG1",6840,"ADCY2",0,NA,NA,NA
"topology_ARG1",6841,"CFTR",0.00160265872797649,NA,NA,NA
"topology_ARG1",6842,"GFAP",0.000240332727610593,NA,NA,NA
"topology_ARG1",6843,"HK2",0.000296209764147126,NA,NA,NA
"topology_ARG1",6844,"AGXT2",0.000181321349120078,NA,NA,NA
"topology_ARG1",6845,"HK2",0.000296209764147126,NA,NA,NA
"topology_ARG1",6846,"PCNA",0.000281828068793732,NA,NA,NA
"topology_ARG1",6847,"SCN1B",0.00123489854843939,NA,NA,NA
"topology_ARG1",6848,"TFRC",0.000239327299633385,NA,NA,NA
"topology_ARG1",6849,"PTH",0.00019439506068486,NA,NA,NA
"topology_ARG1",6850,"SCN2A",9.6829057864789e-05,NA,NA,NA
"topology_ARG1",6851,"PTGS1",0.0001138588382259,NA,NA,NA
"topology_ARG1",6852,"MT-CYB",0.000203007681716216,NA,NA,NA
"topology_ARG1",6853,"HPRT1",0.00041877379526456,NA,NA,NA
"topology_ARG1",6854,"GSR",0.00032731672891706,NA,NA,NA
"topology_ARG1",6855,"GATM",0.000449150320023683,NA,NA,NA
"topology_ARG1",6856,"GATM",0.000449150320023683,NA,NA,NA
"topology_ARG1",6857,"CFTR",0.00160265872797649,NA,NA,NA
"topology_ARG1",6858,"GABRA1",0.000512519672648093,NA,NA,NA
"topology_ARG1",6859,"GAD1",0.000786829139807432,NA,NA,NA
"topology_ARG1",6860,"KCNJ11",0.00241899994818762,NA,NA,NA
"topology_ARG1",6861,"AGXT2",0.000181321349120078,NA,NA,NA
"topology_ARG1",6862,"GABRG2",6.25131802217682e-05,NA,NA,NA
"topology_ARG1",6863,"CS",0.000203624857343709,NA,NA,NA
"topology_ARG1",6864,"PRKAG2",0.00023019859617357,NA,NA,NA
"topology_ARG1",6865,"PLA2G4A",0.000158908171599248,NA,NA,NA
"topology_ARG1",6866,"MECP2",0.000428908523146032,NA,NA,NA
"topology_ARG1",6867,"HPRT1",0.00041877379526456,NA,NA,NA
"topology_ARG1",6868,"PCNA",0.000281828068793732,NA,NA,NA
"topology_ARG1",6869,"SCN1B",0.00123489854843939,NA,NA,NA
"topology_ARG1",6870,"CAMP",0.00129691841056656,NA,NA,NA
"topology_ARG1",6871,"TFRC",0.000239327299633385,NA,NA,NA
"topology_ARG1",6872,"HPRT1",0.00041877379526456,NA,NA,NA
"topology_ARG1",6873,"RARA",0.000182812715244118,NA,NA,NA
"topology_ARG1",6874,"GABRB3",0.000120726283226125,NA,NA,NA
"topology_ARG1",6875,"PCNA",0.000281828068793732,NA,NA,NA
"topology_ARG1",6876,"CAMP",0.00129691841056656,NA,NA,NA
"topology_ARG1",6877,"SDHA",0.000611111269984921,NA,NA,NA
"topology_ARG1",6878,"ADCY2",0,NA,NA,NA
"topology_ARG1",6879,"NR1H4",0.000150320210463128,NA,NA,NA
"topology_ARG1",6880,"GABRA1",0.000512519672648093,NA,NA,NA
"topology_ARG1",6881,"DRD2",0.000217393825030943,NA,NA,NA
"topology_ARG1",6882,"KCNQ2",0.000154321192943452,NA,NA,NA
"topology_ARG1",6883,"CAMP",0.00129691841056656,NA,NA,NA
"topology_ARG1",6884,"AGXT2",0.000181321349120078,NA,NA,NA
"topology_ARG1",6885,"STAT4",0.000324242289791776,NA,NA,NA
"topology_ARG1",6886,"GABRG2",6.25131802217682e-05,NA,NA,NA
"topology_ARG1",6887,"GATM",0.000449150320023683,NA,NA,NA
"topology_ARG1",6888,"GSR",0.00032731672891706,NA,NA,NA
"topology_ARG1",6889,"ADCY1",8.87083575196179e-06,NA,NA,NA
"topology_ARG1",6890,"GABRG2",6.25131802217682e-05,NA,NA,NA
"topology_ARG1",6891,"STAT4",0.000324242289791776,NA,NA,NA
"topology_ARG1",6892,"GCLC",8.05799891081538e-05,NA,NA,NA
"topology_ARG1",6893,"XDH",0.000207347108110545,NA,NA,NA
"topology_ARG1",6894,"ACLY",0.000136799781064179,NA,NA,NA
"topology_ARG1",6895,"RARA",0.000182812715244118,NA,NA,NA
"topology_ARG1",6896,"SCN2A",9.6829057864789e-05,NA,NA,NA
"topology_ARG1",6897,"KCNJ11",0.00241899994818762,NA,NA,NA
"topology_ARG1",6898,"MECP2",0.000428908523146032,NA,NA,NA
"topology_ARG1",6899,"GSR",0.00032731672891706,NA,NA,NA
"topology_ARG1",6900,"SLC6A3",0.000164253248760127,NA,NA,NA
"topology_ARG1",6901,"XBP1",0.00130705850242441,NA,NA,NA
"topology_ARG1",6902,"TFRC",0.000239327299633385,NA,NA,NA
"topology_ARG1",6903,"HPRT1",0.00041877379526456,NA,NA,NA
"topology_ARG1",6904,"GAD1",0.000786829139807432,NA,NA,NA
"topology_ARG1",6905,"XDH",0.000207347108110545,NA,NA,NA
"topology_ARG1",6906,"PTGS1",0.0001138588382259,NA,NA,NA
"topology_ARG1",6907,"PTGS1",0.0001138588382259,NA,NA,NA
"topology_ARG1",6908,"GABRB3",0.000120726283226125,NA,NA,NA
"topology_ARG1",6909,"CAMP",0.00129691841056656,NA,NA,NA
"topology_ARG1",6910,"TRPV1",0.00166711359586047,NA,NA,NA
"topology_ARG1",6911,"PCNA",0.000281828068793732,NA,NA,NA
"topology_ARG1",6912,"GAD1",0.000786829139807432,NA,NA,NA
"topology_ARG1",6913,"SCD",0.000143791042404695,NA,NA,NA
"topology_ARG1",6914,"ABCG2",0.00154702083903102,NA,NA,NA
"topology_ARG1",6915,"RARA",0.000182812715244118,NA,NA,NA
"topology_ARG1",6916,"ACLY",0.000136799781064179,NA,NA,NA
"topology_ARG1",6917,"NQO1",0.000518240501310552,NA,NA,NA
"topology_ARG1",6918,"NR1H4",0.000150320210463128,NA,NA,NA
"topology_ARG1",6919,"KCNQ2",0.000154321192943452,NA,NA,NA
"topology_ARG1",6920,"TAC1",0.001463424927591,NA,NA,NA
"topology_ARG1",6921,"AGXT2",0.000181321349120078,NA,NA,NA
"topology_ARG1",6922,"KCNH2",0.000463751185241779,NA,NA,NA
"topology_ARG1",6923,"RARA",0.000182812715244118,NA,NA,NA
"topology_ARG1",6924,"HPRT1",0.00041877379526456,NA,NA,NA
"topology_ARG1",6925,"GSR",0.00032731672891706,NA,NA,NA
"topology_ARG1",6926,"GABRB3",0.000120726283226125,NA,NA,NA
"topology_ARG1",6927,"GATM",0.000449150320023683,NA,NA,NA
"topology_ARG1",6928,"ADRB2",0.000148693401879507,NA,NA,NA
"topology_ARG1",6929,"ADCY2",0,NA,NA,NA
"topology_ARG1",6930,"ADCY1",8.87083575196179e-06,NA,NA,NA
"topology_ARG1",6931,"PRKAG2",0.00023019859617357,NA,NA,NA
"topology_ARG1",6932,"SLC6A3",0.000164253248760127,NA,NA,NA
"topology_ARG1",6933,"XDH",0.000207347108110545,NA,NA,NA
"topology_ARG1",6934,"SCN2A",9.6829057864789e-05,NA,NA,NA
"topology_ARG1",6935,"GRM5",0.000204723227971049,NA,NA,NA
"topology_ARG1",6936,"GABRG2",6.25131802217682e-05,NA,NA,NA
"topology_ARG1",6937,"CFTR",0.00160265872797649,NA,NA,NA
"topology_ARG1",6938,"KCNH2",0.000463751185241779,NA,NA,NA
"topology_ARG1",6939,"CFTR",0.00160265872797649,NA,NA,NA
"topology_ARG1",6940,"RARA",0.000182812715244118,NA,NA,NA
"topology_ARG1",6941,"NQO1",0.000518240501310552,NA,NA,NA
"topology_ARG1",6942,"ACLY",0.000136799781064179,NA,NA,NA
"topology_ARG1",6943,"RARA",0.000182812715244118,NA,NA,NA
"topology_ARG1",6944,"XBP1",0.00130705850242441,NA,NA,NA
"topology_ARG1",6945,"GFAP",0.000240332727610593,NA,NA,NA
"topology_ARG1",6946,"GCLC",8.05799891081538e-05,NA,NA,NA
"topology_ARG1",6947,"ACLY",0.000136799781064179,NA,NA,NA
"topology_ARG1",6948,"GFAP",0.000240332727610593,NA,NA,NA
"topology_ARG1",6949,"HK2",0.000296209764147126,NA,NA,NA
"topology_ARG1",6950,"TRPV1",0.00166711359586047,NA,NA,NA
"topology_ARG1",6951,"MT-CYB",0.000203007681716216,NA,NA,NA
"topology_ARG1",6952,"GABRA1",0.000512519672648093,NA,NA,NA
"topology_ARG1",6953,"GABRB3",0.000120726283226125,NA,NA,NA
"topology_ARG1",6954,"TAC1",0.001463424927591,NA,NA,NA
"topology_ARG1",6955,"TRPV1",0.00166711359586047,NA,NA,NA
"topology_ARG1",6956,"PCNA",0.000281828068793732,NA,NA,NA
"topology_ARG1",6957,"SCN1B",0.00123489854843939,NA,NA,NA
"topology_ARG1",6958,"ABCG2",0.00154702083903102,NA,NA,NA
"topology_ARG1",6959,"TRPV1",0.00166711359586047,NA,NA,NA
"topology_ARG1",6960,"GABRA1",0.000512519672648093,NA,NA,NA
"topology_ARG1",6961,"DRD2",0.000217393825030943,NA,NA,NA
"topology_ARG1",6962,"HK2",0.000296209764147126,NA,NA,NA
"topology_ARG1",6963,"KCNH2",0.000463751185241779,NA,NA,NA
"topology_ARG1",6964,"HPRT1",0.00041877379526456,NA,NA,NA
"topology_ARG1",6965,"CFTR",0.00160265872797649,NA,NA,NA
"topology_ARG1",6966,"GRM5",0.000204723227971049,NA,NA,NA
"topology_ARG1",6967,"NQO1",0.000518240501310552,NA,NA,NA
"topology_ARG1",6968,"CFTR",0.00160265872797649,NA,NA,NA
"topology_ARG1",6969,"XDH",0.000207347108110545,NA,NA,NA
"topology_ARG1",6970,"NQO1",0.000518240501310552,NA,NA,NA
"topology_ARG1",6971,"GABRA1",0.000512519672648093,NA,NA,NA
"topology_ARG1",6972,"PRKAG2",0.00023019859617357,NA,NA,NA
"topology_ARG1",6973,"GCLC",8.05799891081538e-05,NA,NA,NA
"topology_ARG1",6974,"NR1H4",0.000150320210463128,NA,NA,NA
"topology_ARG1",6975,"MT-CYB",0.000203007681716216,NA,NA,NA
"topology_ARG1",6976,"GABRB3",0.000120726283226125,NA,NA,NA
"topology_ARG1",6977,"TAC1",0.001463424927591,NA,NA,NA
"topology_ARG1",6978,"TAC1",0.001463424927591,NA,NA,NA
"topology_ARG1",6979,"ABCG2",0.00154702083903102,NA,NA,NA
"topology_ARG1",6980,"SCD",0.000143791042404695,NA,NA,NA
"topology_ARG1",6981,"TRPV1",0.00166711359586047,NA,NA,NA
"topology_ARG1",6982,"HPRT1",0.00041877379526456,NA,NA,NA
"topology_ARG1",6983,"MECP2",0.000428908523146032,NA,NA,NA
"topology_ARG1",6984,"SDHA",0.000611111269984921,NA,NA,NA
"topology_ARG1",6985,"MT-CYB",0.000203007681716216,NA,NA,NA
"topology_ARG1",6986,"XDH",0.000207347108110545,NA,NA,NA
"topology_ARG1",6987,"SCN1B",0.00123489854843939,NA,NA,NA
"topology_ARG1",6988,"PRKAG2",0.00023019859617357,NA,NA,NA
"topology_ARG1",6989,"SCN2A",9.6829057864789e-05,NA,NA,NA
"topology_ARG1",6990,"GCK",0.000213793988103061,NA,NA,NA
"topology_ARG1",6991,"KCNH2",0.000463751185241779,NA,NA,NA
"topology_ARG1",6992,"SDHA",0.000611111269984921,NA,NA,NA
"topology_ARG1",6993,"PTH",0.00019439506068486,NA,NA,NA
"topology_ARG1",6994,"NR1H4",0.000150320210463128,NA,NA,NA
"topology_ARG1",6995,"TYMS",0.000142484575824997,NA,NA,NA
"topology_ARG1",6996,"STAT4",0.000324242289791776,NA,NA,NA
"topology_ARG1",6997,"GABRG2",6.25131802217682e-05,NA,NA,NA
"topology_ARG1",6998,"PTH",0.00019439506068486,NA,NA,NA
"topology_ARG1",6999,"GCK",0.000213793988103061,NA,NA,NA
"topology_ARG1",7000,"TFRC",0.000239327299633385,NA,NA,NA
"topology_ARG1",7001,"GCLC",8.05799891081538e-05,NA,NA,NA
"topology_ARG1",7002,"TYMS",0.000142484575824997,NA,NA,NA
"topology_ARG1",7003,"KCNQ2",0.000154321192943452,NA,NA,NA
"topology_ARG1",7004,"XDH",0.000207347108110545,NA,NA,NA
"topology_ARG1",7005,"GABBR1",0.000629351098106912,NA,NA,NA
"topology_ARG1",7006,"CAMP",0.00129691841056656,NA,NA,NA
"topology_ARG1",7007,"MT-CYB",0.000203007681716216,NA,NA,NA
"topology_ARG1",7008,"XDH",0.000207347108110545,NA,NA,NA
"topology_ARG1",7009,"DPP4",0.00143001137023646,NA,NA,NA
"topology_ARG1",7010,"CS",0.000203624857343709,NA,NA,NA
"topology_ARG1",7011,"GAD1",0.000786829139807432,NA,NA,NA
"topology_ARG1",7012,"KCNH2",0.000463751185241779,NA,NA,NA
"topology_ARG1",7013,"SLC6A3",0.000164253248760127,NA,NA,NA
"topology_ARG1",7014,"ADRB2",0.000148693401879507,NA,NA,NA
"topology_ARG1",7015,"ADRB2",0.000148693401879507,NA,NA,NA
"topology_ARG1",7016,"PLA2G4A",0.000158908171599248,NA,NA,NA
"topology_ARG1",7017,"KCNH2",0.000463751185241779,NA,NA,NA
"topology_ARG1",7018,"RARA",0.000182812715244118,NA,NA,NA
"topology_ARG1",7019,"RARA",0.000182812715244118,NA,NA,NA
"topology_ARG1",7020,"AGXT2",0.000181321349120078,NA,NA,NA
"topology_ARG1",7021,"GABBR1",0.000629351098106912,NA,NA,NA
"topology_ARG1",7022,"ADCY2",0,NA,NA,NA
"topology_ARG1",7023,"GCLC",8.05799891081538e-05,NA,NA,NA
"topology_ARG1",7024,"GSR",0.00032731672891706,NA,NA,NA
"topology_ARG1",7025,"KCNH2",0.000463751185241779,NA,NA,NA
"topology_ARG1",7026,"PRKAG2",0.00023019859617357,NA,NA,NA
"topology_ARG1",7027,"KCNJ11",0.00241899994818762,NA,NA,NA
"topology_ARG1",7028,"GABRB3",0.000120726283226125,NA,NA,NA
"topology_ARG1",7029,"AGXT2",0.000181321349120078,NA,NA,NA
"topology_ARG1",7030,"MT-CYB",0.000203007681716216,NA,NA,NA
"topology_ARG1",7031,"KCNH2",0.000463751185241779,NA,NA,NA
"topology_ARG1",7032,"DRD2",0.000217393825030943,NA,NA,NA
"topology_ARG1",7033,"ADCY1",8.87083575196179e-06,NA,NA,NA
"topology_ARG1",7034,"GABRG2",6.25131802217682e-05,NA,NA,NA
"topology_ARG1",7035,"HK2",0.000296209764147126,NA,NA,NA
"topology_ARG1",7036,"SCN2A",9.6829057864789e-05,NA,NA,NA
"topology_ARG1",7037,"MT-CYB",0.000203007681716216,NA,NA,NA
"topology_ARG1",7038,"PLA2G4A",0.000158908171599248,NA,NA,NA
"topology_ARG1",7039,"ADCY2",0,NA,NA,NA
"topology_ARG1",7040,"CS",0.000203624857343709,NA,NA,NA
"topology_ARG1",7041,"GCK",0.000213793988103061,NA,NA,NA
"topology_ARG1",7042,"ACLY",0.000136799781064179,NA,NA,NA
"topology_ARG1",7043,"KCNH2",0.000463751185241779,NA,NA,NA
"topology_ARG1",7044,"CFTR",0.00160265872797649,NA,NA,NA
"topology_ARG1",7045,"GRM5",0.000204723227971049,NA,NA,NA
"topology_ARG1",7046,"GFAP",0.000240332727610593,NA,NA,NA
"topology_ARG1",7047,"SCN1B",0.00123489854843939,NA,NA,NA
"topology_ARG1",7048,"HPRT1",0.00041877379526456,NA,NA,NA
"topology_ARG1",7049,"XBP1",0.00130705850242441,NA,NA,NA
"topology_ARG1",7050,"SDHA",0.000611111269984921,NA,NA,NA
"topology_ARG1",7051,"TRPV1",0.00166711359586047,NA,NA,NA
"topology_ARG1",7052,"CFTR",0.00160265872797649,NA,NA,NA
"topology_ARG1",7053,"KCNH2",0.000463751185241779,NA,NA,NA
"topology_ARG1",7054,"SDHA",0.000611111269984921,NA,NA,NA
"topology_ARG1",7055,"PCNA",0.000281828068793732,NA,NA,NA
"topology_ARG1",7056,"KCNJ11",0.00241899994818762,NA,NA,NA
"topology_ARG1",7057,"TAC1",0.001463424927591,NA,NA,NA
"topology_ARG1",7058,"DRD2",0.000217393825030943,NA,NA,NA
"topology_ARG1",7059,"KCNJ11",0.00241899994818762,NA,NA,NA
"topology_ARG1",7060,"PRKAG2",0.00023019859617357,NA,NA,NA
"topology_ARG1",7061,"PTGS1",0.0001138588382259,NA,NA,NA
"topology_ARG1",7062,"GSR",0.00032731672891706,NA,NA,NA
"topology_ARG1",7063,"SDHA",0.000611111269984921,NA,NA,NA
"topology_ARG1",7064,"SDHA",0.000611111269984921,NA,NA,NA
"topology_ARG1",7065,"GABRG2",6.25131802217682e-05,NA,NA,NA
"topology_ARG1",7066,"PRKAG2",0.00023019859617357,NA,NA,NA
"topology_ARG1",7067,"GABRG2",6.25131802217682e-05,NA,NA,NA
"topology_ARG1",7068,"SCN2A",9.6829057864789e-05,NA,NA,NA
"topology_ARG1",7069,"XBP1",0.00130705850242441,NA,NA,NA
"topology_ARG1",7070,"PLA2G4A",0.000158908171599248,NA,NA,NA
"topology_ARG1",7071,"DPP4",0.00143001137023646,NA,NA,NA
"topology_ARG1",7072,"TRPV1",0.00166711359586047,NA,NA,NA
"topology_ARG1",7073,"GATM",0.000449150320023683,NA,NA,NA
"topology_ARG1",7074,"GABBR1",0.000629351098106912,NA,NA,NA
"topology_ARG1",7075,"KCNH2",0.000463751185241779,NA,NA,NA
"topology_ARG1",7076,"SCN2A",9.6829057864789e-05,NA,NA,NA
"topology_ARG1",7077,"PTH",0.00019439506068486,NA,NA,NA
"topology_ARG1",7078,"GATM",0.000449150320023683,NA,NA,NA
"topology_ARG1",7079,"KCNJ11",0.00241899994818762,NA,NA,NA
"topology_ARG1",7080,"GSR",0.00032731672891706,NA,NA,NA
"topology_ARG1",7081,"GSR",0.00032731672891706,NA,NA,NA
"topology_ARG1",7082,"GABRB3",0.000120726283226125,NA,NA,NA
"topology_ARG1",7083,"KCNQ2",0.000154321192943452,NA,NA,NA
"topology_ARG1",7084,"AGXT2",0.000181321349120078,NA,NA,NA
"topology_ARG1",7085,"MECP2",0.000428908523146032,NA,NA,NA
"topology_ARG1",7086,"GABBR1",0.000629351098106912,NA,NA,NA
"topology_ARG1",7087,"AGXT2",0.000181321349120078,NA,NA,NA
"topology_ARG1",7088,"XDH",0.000207347108110545,NA,NA,NA
"topology_ARG1",7089,"STAT4",0.000324242289791776,NA,NA,NA
"topology_ARG1",7090,"PTH",0.00019439506068486,NA,NA,NA
"topology_ARG1",7091,"TRPV1",0.00166711359586047,NA,NA,NA
"topology_ARG1",7092,"NR1H4",0.000150320210463128,NA,NA,NA
"topology_ARG1",7093,"ADCY2",0,NA,NA,NA
"topology_ARG1",7094,"DRD2",0.000217393825030943,NA,NA,NA
"topology_ARG1",7095,"AGXT2",0.000181321349120078,NA,NA,NA
"topology_ARG1",7096,"TRPV4",0.000106153420904809,NA,NA,NA
"topology_ARG1",7097,"GAD1",0.000786829139807432,NA,NA,NA
"topology_ARG1",7098,"PRKAG2",0.00023019859617357,NA,NA,NA
"topology_ARG1",7099,"KCNH2",0.000463751185241779,NA,NA,NA
"topology_ARG1",7100,"CAMP",0.00129691841056656,NA,NA,NA
"topology_ARG1",7101,"MT-CYB",0.000203007681716216,NA,NA,NA
"topology_ARG1",7102,"HPRT1",0.00041877379526456,NA,NA,NA
"topology_ARG1",7103,"ACLY",0.000136799781064179,NA,NA,NA
"topology_ARG1",7104,"GABRA1",0.000512519672648093,NA,NA,NA
"topology_ARG1",7105,"CAMP",0.00129691841056656,NA,NA,NA
"topology_ARG1",7106,"GABRB3",0.000120726283226125,NA,NA,NA
"topology_ARG1",7107,"ADCY2",0,NA,NA,NA
"topology_ARG1",7108,"ADCY1",8.87083575196179e-06,NA,NA,NA
"topology_ARG1",7109,"CFTR",0.00160265872797649,NA,NA,NA
"topology_ARG1",7110,"HK2",0.000296209764147126,NA,NA,NA
"topology_ARG1",7111,"GABBR1",0.000629351098106912,NA,NA,NA
"topology_ARG1",7112,"TYMS",0.000142484575824997,NA,NA,NA
"topology_ARG1",7113,"ADRB2",0.000148693401879507,NA,NA,NA
"topology_ARG1",7114,"SCN1B",0.00123489854843939,NA,NA,NA
"topology_ARG1",7115,"TYMS",0.000142484575824997,NA,NA,NA
"topology_ARG1",7116,"KCNJ11",0.00241899994818762,NA,NA,NA
"topology_ARG1",7117,"DPP4",0.00143001137023646,NA,NA,NA
"topology_ARG1",7118,"SDHA",0.000611111269984921,NA,NA,NA
"topology_ARG1",7119,"PTH",0.00019439506068486,NA,NA,NA
"topology_ARG1",7120,"NR1H4",0.000150320210463128,NA,NA,NA
"topology_ARG1",7121,"GFAP",0.000240332727610593,NA,NA,NA
"topology_ARG1",7122,"KCNQ2",0.000154321192943452,NA,NA,NA
"topology_ARG1",7123,"NR1H4",0.000150320210463128,NA,NA,NA
"topology_ARG1",7124,"SCN2A",9.6829057864789e-05,NA,NA,NA
"topology_ARG1",7125,"SCN2A",9.6829057864789e-05,NA,NA,NA
"topology_ARG1",7126,"GABRG2",6.25131802217682e-05,NA,NA,NA
"topology_ARG1",7127,"XDH",0.000207347108110545,NA,NA,NA
"topology_ARG1",7128,"GCK",0.000213793988103061,NA,NA,NA
"topology_ARG1",7129,"TFRC",0.000239327299633385,NA,NA,NA
"topology_ARG1",7130,"GFAP",0.000240332727610593,NA,NA,NA
"topology_ARG1",7131,"SCD",0.000143791042404695,NA,NA,NA
"topology_ARG1",7132,"GCLC",8.05799891081538e-05,NA,NA,NA
"topology_ARG1",7133,"RARA",0.000182812715244118,NA,NA,NA
"topology_ARG1",7134,"GABRG2",6.25131802217682e-05,NA,NA,NA
"topology_ARG1",7135,"GCK",0.000213793988103061,NA,NA,NA
"topology_ARG1",7136,"RARA",0.000182812715244118,NA,NA,NA
"topology_ARG1",7137,"GAD1",0.000786829139807432,NA,NA,NA
"topology_ARG1",7138,"GABRG2",6.25131802217682e-05,NA,NA,NA
"topology_ARG1",7139,"SCN2A",9.6829057864789e-05,NA,NA,NA
"topology_ARG1",7140,"CS",0.000203624857343709,NA,NA,NA
"topology_ARG1",7141,"ACLY",0.000136799781064179,NA,NA,NA
"topology_ARG1",7142,"CS",0.000203624857343709,NA,NA,NA
"topology_ARG1",7143,"PTGS1",0.0001138588382259,NA,NA,NA
"topology_ARG1",7144,"NQO1",0.000518240501310552,NA,NA,NA
"topology_ARG1",7145,"ABCG2",0.00154702083903102,NA,NA,NA
"topology_ARG1",7146,"SCN2A",9.6829057864789e-05,NA,NA,NA
"topology_ARG1",7147,"ADCY1",8.87083575196179e-06,NA,NA,NA
"topology_ARG1",7148,"PTH",0.00019439506068486,NA,NA,NA
"topology_ARG1",7149,"GAD1",0.000786829139807432,NA,NA,NA
"topology_ARG1",7150,"GAD1",0.000786829139807432,NA,NA,NA
"topology_ARG1",7151,"ADCY1",8.87083575196179e-06,NA,NA,NA
"topology_ARG1",7152,"KCNJ11",0.00241899994818762,NA,NA,NA
"topology_ARG1",7153,"GABBR1",0.000629351098106912,NA,NA,NA
"topology_ARG1",7154,"GAD1",0.000786829139807432,NA,NA,NA
"topology_ARG1",7155,"ADCY2",0,NA,NA,NA
"topology_ARG1",7156,"HK2",0.000296209764147126,NA,NA,NA
"topology_ARG1",7157,"GCLC",8.05799891081538e-05,NA,NA,NA
"topology_ARG1",7158,"TRPV1",0.00166711359586047,NA,NA,NA
"topology_ARG1",7159,"DPP4",0.00143001137023646,NA,NA,NA
"topology_ARG1",7160,"ADCY2",0,NA,NA,NA
"topology_ARG1",7161,"GRM5",0.000204723227971049,NA,NA,NA
"topology_ARG1",7162,"DRD2",0.000217393825030943,NA,NA,NA
"topology_ARG1",7163,"NQO1",0.000518240501310552,NA,NA,NA
"topology_ARG1",7164,"SCN1B",0.00123489854843939,NA,NA,NA
"topology_ARG1",7165,"GAD1",0.000786829139807432,NA,NA,NA
"topology_ARG1",7166,"PTGS1",0.0001138588382259,NA,NA,NA
"topology_ARG1",7167,"DPP4",0.00143001137023646,NA,NA,NA
"topology_ARG1",7168,"DRD2",0.000217393825030943,NA,NA,NA
"topology_ARG1",7169,"SCN2A",9.6829057864789e-05,NA,NA,NA
"topology_ARG1",7170,"SCN2A",9.6829057864789e-05,NA,NA,NA
"topology_ARG1",7171,"MECP2",0.000428908523146032,NA,NA,NA
"topology_ARG1",7172,"ADRB2",0.000148693401879507,NA,NA,NA
"topology_ARG1",7173,"DPP4",0.00143001137023646,NA,NA,NA
"topology_ARG1",7174,"CAMP",0.00129691841056656,NA,NA,NA
"topology_ARG1",7175,"RARA",0.000182812715244118,NA,NA,NA
"topology_ARG1",7176,"XBP1",0.00130705850242441,NA,NA,NA
"topology_ARG1",7177,"ADCY2",0,NA,NA,NA
"topology_ARG1",7178,"GCK",0.000213793988103061,NA,NA,NA
"topology_ARG1",7179,"GFAP",0.000240332727610593,NA,NA,NA
"topology_ARG1",7180,"SCN2A",9.6829057864789e-05,NA,NA,NA
"topology_ARG1",7181,"CS",0.000203624857343709,NA,NA,NA
"topology_ARG1",7182,"ADCY1",8.87083575196179e-06,NA,NA,NA
"topology_ARG1",7183,"XBP1",0.00130705850242441,NA,NA,NA
"topology_ARG1",7184,"PLA2G4A",0.000158908171599248,NA,NA,NA
"topology_ARG1",7185,"CAMP",0.00129691841056656,NA,NA,NA
"topology_ARG1",7186,"GATM",0.000449150320023683,NA,NA,NA
"topology_ARG1",7187,"PTGS1",0.0001138588382259,NA,NA,NA
"topology_ARG1",7188,"SDHA",0.000611111269984921,NA,NA,NA
"topology_ARG1",7189,"HK2",0.000296209764147126,NA,NA,NA
"topology_ARG1",7190,"STAT4",0.000324242289791776,NA,NA,NA
"topology_ARG1",7191,"SCN1B",0.00123489854843939,NA,NA,NA
"topology_ARG1",7192,"KCNH2",0.000463751185241779,NA,NA,NA
"topology_ARG1",7193,"TYMS",0.000142484575824997,NA,NA,NA
"topology_ARG1",7194,"KCNJ11",0.00241899994818762,NA,NA,NA
"topology_ARG1",7195,"XDH",0.000207347108110545,NA,NA,NA
"topology_ARG1",7196,"GATM",0.000449150320023683,NA,NA,NA
"topology_ARG1",7197,"GCLC",8.05799891081538e-05,NA,NA,NA
"topology_ARG1",7198,"GAD1",0.000786829139807432,NA,NA,NA
"topology_ARG1",7199,"PTGS1",0.0001138588382259,NA,NA,NA
"topology_ARG1",7200,"SCN2A",9.6829057864789e-05,NA,NA,NA
"topology_ARG1",7201,"GAD1",0.000786829139807432,NA,NA,NA
"topology_ARG1",7202,"STAT4",0.000324242289791776,NA,NA,NA
"topology_ARG1",7203,"CFTR",0.00160265872797649,NA,NA,NA
"topology_ARG1",7204,"GABBR1",0.000629351098106912,NA,NA,NA
"topology_ARG1",7205,"GAD1",0.000786829139807432,NA,NA,NA
"topology_ARG1",7206,"GSR",0.00032731672891706,NA,NA,NA
"topology_ARG1",7207,"GCLC",8.05799891081538e-05,NA,NA,NA
"topology_ARG1",7208,"HPRT1",0.00041877379526456,NA,NA,NA
"topology_ARG1",7209,"PLA2G4A",0.000158908171599248,NA,NA,NA
"topology_ARG1",7210,"TRPV4",0.000106153420904809,NA,NA,NA
"topology_ARG1",7211,"SCD",0.000143791042404695,NA,NA,NA
"topology_ARG1",7212,"GAD1",0.000786829139807432,NA,NA,NA
"topology_ARG1",7213,"TAC1",0.001463424927591,NA,NA,NA
"topology_ARG1",7214,"GCK",0.000213793988103061,NA,NA,NA
"topology_ARG1",7215,"KCNQ2",0.000154321192943452,NA,NA,NA
"topology_ARG1",7216,"RARA",0.000182812715244118,NA,NA,NA
"topology_ARG1",7217,"GATM",0.000449150320023683,NA,NA,NA
"topology_ARG1",7218,"CFTR",0.00160265872797649,NA,NA,NA
"topology_ARG1",7219,"XBP1",0.00130705850242441,NA,NA,NA
"topology_ARG1",7220,"GAD1",0.000786829139807432,NA,NA,NA
"topology_ARG1",7221,"TYMS",0.000142484575824997,NA,NA,NA
"topology_ARG1",7222,"TRPV4",0.000106153420904809,NA,NA,NA
"topology_ARG1",7223,"TRPV4",0.000106153420904809,NA,NA,NA
"topology_ARG1",7224,"TYMS",0.000142484575824997,NA,NA,NA
"topology_ARG1",7225,"TAC1",0.001463424927591,NA,NA,NA
"topology_ARG1",7226,"STAT4",0.000324242289791776,NA,NA,NA
"topology_ARG1",7227,"MT-CYB",0.000203007681716216,NA,NA,NA
"topology_ARG1",7228,"MT-CYB",0.000203007681716216,NA,NA,NA
"topology_ARG1",7229,"CS",0.000203624857343709,NA,NA,NA
"topology_ARG1",7230,"TAC1",0.001463424927591,NA,NA,NA
"topology_ARG1",7231,"NR1H4",0.000150320210463128,NA,NA,NA
"topology_ARG1",7232,"HK2",0.000296209764147126,NA,NA,NA
"topology_ARG1",7233,"XDH",0.000207347108110545,NA,NA,NA
"topology_ARG1",7234,"CAMP",0.00129691841056656,NA,NA,NA
"topology_ARG1",7235,"XDH",0.000207347108110545,NA,NA,NA
"topology_ARG1",7236,"SLC6A3",0.000164253248760127,NA,NA,NA
"topology_ARG1",7237,"PTGS1",0.0001138588382259,NA,NA,NA
"topology_ARG1",7238,"NQO1",0.000518240501310552,NA,NA,NA
"topology_ARG1",7239,"ACLY",0.000136799781064179,NA,NA,NA
"topology_ARG1",7240,"SLC6A3",0.000164253248760127,NA,NA,NA
"topology_ARG1",7241,"GABRB3",0.000120726283226125,NA,NA,NA
"topology_ARG1",7242,"ABCG2",0.00154702083903102,NA,NA,NA
"topology_ARG1",7243,"GFAP",0.000240332727610593,NA,NA,NA
"topology_ARG1",7244,"GFAP",0.000240332727610593,NA,NA,NA
"topology_ARG1",7245,"TAC1",0.001463424927591,NA,NA,NA
"topology_ARG1",7246,"PCNA",0.000281828068793732,NA,NA,NA
"topology_ARG1",7247,"DRD2",0.000217393825030943,NA,NA,NA
"topology_ARG1",7248,"TYMS",0.000142484575824997,NA,NA,NA
"topology_ARG1",7249,"SDHA",0.000611111269984921,NA,NA,NA
"topology_ARG1",7250,"ADCY1",8.87083575196179e-06,NA,NA,NA
"topology_ARG1",7251,"DRD2",0.000217393825030943,NA,NA,NA
"topology_ARG1",7252,"NQO1",0.000518240501310552,NA,NA,NA
"topology_ARG1",7253,"STAT4",0.000324242289791776,NA,NA,NA
"topology_ARG1",7254,"MECP2",0.000428908523146032,NA,NA,NA
"topology_ARG1",7255,"DPP4",0.00143001137023646,NA,NA,NA
"topology_ARG1",7256,"GABBR1",0.000629351098106912,NA,NA,NA
"topology_ARG1",7257,"KCNH2",0.000463751185241779,NA,NA,NA
"topology_ARG1",7258,"GABRB3",0.000120726283226125,NA,NA,NA
"topology_ARG1",7259,"TRPV4",0.000106153420904809,NA,NA,NA
"topology_ARG1",7260,"RARA",0.000182812715244118,NA,NA,NA
"topology_ARG1",7261,"MT-CYB",0.000203007681716216,NA,NA,NA
"topology_ARG1",7262,"HK2",0.000296209764147126,NA,NA,NA
"topology_ARG1",7263,"DPP4",0.00143001137023646,NA,NA,NA
"topology_ARG1",7264,"ACLY",0.000136799781064179,NA,NA,NA
"topology_ARG1",7265,"TYMS",0.000142484575824997,NA,NA,NA
"topology_ARG1",7266,"TFRC",0.000239327299633385,NA,NA,NA
"topology_ARG1",7267,"TRPV1",0.00166711359586047,NA,NA,NA
"topology_ARG1",7268,"KCNJ11",0.00241899994818762,NA,NA,NA
"topology_ARG1",7269,"GABRB3",0.000120726283226125,NA,NA,NA
"topology_ARG1",7270,"KCNH2",0.000463751185241779,NA,NA,NA
"topology_ARG1",7271,"GATM",0.000449150320023683,NA,NA,NA
"topology_ARG1",7272,"TRPV4",0.000106153420904809,NA,NA,NA
"topology_ARG1",7273,"GABRG2",6.25131802217682e-05,NA,NA,NA
"topology_ARG1",7274,"TFRC",0.000239327299633385,NA,NA,NA
"topology_ARG1",7275,"RARA",0.000182812715244118,NA,NA,NA
"topology_ARG1",7276,"GFAP",0.000240332727610593,NA,NA,NA
"topology_ARG1",7277,"ACLY",0.000136799781064179,NA,NA,NA
"topology_ARG1",7278,"CAMP",0.00129691841056656,NA,NA,NA
"topology_ARG1",7279,"TRPV4",0.000106153420904809,NA,NA,NA
"topology_ARG1",7280,"TRPV1",0.00166711359586047,NA,NA,NA
"topology_ARG1",7281,"RARA",0.000182812715244118,NA,NA,NA
"topology_ARG1",7282,"AGXT2",0.000181321349120078,NA,NA,NA
"topology_ARG1",7283,"TRPV4",0.000106153420904809,NA,NA,NA
"topology_ARG1",7284,"TAC1",0.001463424927591,NA,NA,NA
"topology_ARG1",7285,"HK2",0.000296209764147126,NA,NA,NA
"topology_ARG1",7286,"GABRA1",0.000512519672648093,NA,NA,NA
"topology_ARG1",7287,"DPP4",0.00143001137023646,NA,NA,NA
"topology_ARG1",7288,"SLC6A3",0.000164253248760127,NA,NA,NA
"topology_ARG1",7289,"GCK",0.000213793988103061,NA,NA,NA
"topology_ARG1",7290,"GRM5",0.000204723227971049,NA,NA,NA
"topology_ARG1",7291,"GRM5",0.000204723227971049,NA,NA,NA
"topology_ARG1",7292,"GCLC",8.05799891081538e-05,NA,NA,NA
"topology_ARG1",7293,"ADCY1",8.87083575196179e-06,NA,NA,NA
"topology_ARG1",7294,"NR1H4",0.000150320210463128,NA,NA,NA
"topology_ARG1",7295,"HPRT1",0.00041877379526456,NA,NA,NA
"topology_ARG1",7296,"TRPV4",0.000106153420904809,NA,NA,NA
"topology_ARG1",7297,"AGXT2",0.000181321349120078,NA,NA,NA
"topology_ARG1",7298,"GSR",0.00032731672891706,NA,NA,NA
"topology_ARG1",7299,"STAT4",0.000324242289791776,NA,NA,NA
"topology_ARG1",7300,"XBP1",0.00130705850242441,NA,NA,NA
"topology_ARG1",7301,"PCNA",0.000281828068793732,NA,NA,NA
"topology_ARG1",7302,"TYMS",0.000142484575824997,NA,NA,NA
"topology_ARG1",7303,"DRD2",0.000217393825030943,NA,NA,NA
"topology_ARG1",7304,"TYMS",0.000142484575824997,NA,NA,NA
"topology_ARG1",7305,"CFTR",0.00160265872797649,NA,NA,NA
"topology_ARG1",7306,"PTH",0.00019439506068486,NA,NA,NA
"topology_ARG1",7307,"ADCY2",0,NA,NA,NA
"topology_ARG1",7308,"ABCG2",0.00154702083903102,NA,NA,NA
"topology_ARG1",7309,"GCLC",8.05799891081538e-05,NA,NA,NA
"topology_ARG1",7310,"PLA2G4A",0.000158908171599248,NA,NA,NA
"topology_ARG1",7311,"KCNH2",0.000463751185241779,NA,NA,NA
"topology_ARG1",7312,"AGXT2",0.000181321349120078,NA,NA,NA
"topology_ARG1",7313,"NR1H4",0.000150320210463128,NA,NA,NA
"topology_ARG1",7314,"TFRC",0.000239327299633385,NA,NA,NA
"topology_ARG1",7315,"SCN2A",9.6829057864789e-05,NA,NA,NA
"topology_ARG1",7316,"KCNQ2",0.000154321192943452,NA,NA,NA
"topology_ARG1",7317,"SDHA",0.000611111269984921,NA,NA,NA
"topology_ARG1",7318,"DRD2",0.000217393825030943,NA,NA,NA
"topology_ARG1",7319,"AGXT2",0.000181321349120078,NA,NA,NA
"topology_ARG1",7320,"TFRC",0.000239327299633385,NA,NA,NA
"topology_ARG1",7321,"SCD",0.000143791042404695,NA,NA,NA
"topology_ARG1",7322,"ADCY2",0,NA,NA,NA
"topology_ARG1",7323,"KCNH2",0.000463751185241779,NA,NA,NA
"topology_ARG1",7324,"PCNA",0.000281828068793732,NA,NA,NA
"topology_ARG1",7325,"CFTR",0.00160265872797649,NA,NA,NA
"topology_ARG1",7326,"CFTR",0.00160265872797649,NA,NA,NA
"topology_ARG1",7327,"TFRC",0.000239327299633385,NA,NA,NA
"topology_ARG1",7328,"NQO1",0.000518240501310552,NA,NA,NA
"topology_ARG1",7329,"DRD2",0.000217393825030943,NA,NA,NA
"topology_ARG1",7330,"NQO1",0.000518240501310552,NA,NA,NA
"topology_ARG1",7331,"XBP1",0.00130705850242441,NA,NA,NA
"topology_ARG1",7332,"NR1H4",0.000150320210463128,NA,NA,NA
"topology_ARG1",7333,"PTGS1",0.0001138588382259,NA,NA,NA
"topology_ARG1",7334,"ADCY2",0,NA,NA,NA
"topology_ARG1",7335,"ADCY1",8.87083575196179e-06,NA,NA,NA
"topology_ARG1",7336,"HK2",0.000296209764147126,NA,NA,NA
"topology_ARG1",7337,"GABRA1",0.000512519672648093,NA,NA,NA
"topology_ARG1",7338,"KCNH2",0.000463751185241779,NA,NA,NA
"topology_ARG1",7339,"ADRB2",0.000148693401879507,NA,NA,NA
"topology_ARG1",7340,"MT-CYB",0.000203007681716216,NA,NA,NA
"topology_ARG1",7341,"AGXT2",0.000181321349120078,NA,NA,NA
"topology_ARG1",7342,"DPP4",0.00143001137023646,NA,NA,NA
"topology_ARG1",7343,"GCLC",8.05799891081538e-05,NA,NA,NA
"topology_ARG1",7344,"STAT4",0.000324242289791776,NA,NA,NA
"topology_ARG1",7345,"SCN1B",0.00123489854843939,NA,NA,NA
"topology_ARG1",7346,"PTGS1",0.0001138588382259,NA,NA,NA
"topology_ARG1",7347,"GCK",0.000213793988103061,NA,NA,NA
"topology_ARG1",7348,"TAC1",0.001463424927591,NA,NA,NA
"topology_ARG1",7349,"NQO1",0.000518240501310552,NA,NA,NA
"topology_ARG1",7350,"PLA2G4A",0.000158908171599248,NA,NA,NA
"topology_ARG1",7351,"HK2",0.000296209764147126,NA,NA,NA
"topology_ARG1",7352,"KCNH2",0.000463751185241779,NA,NA,NA
"topology_ARG1",7353,"CAMP",0.00129691841056656,NA,NA,NA
"topology_ARG1",7354,"PCNA",0.000281828068793732,NA,NA,NA
"topology_ARG1",7355,"GABRA1",0.000512519672648093,NA,NA,NA
"topology_ARG1",7356,"KCNJ11",0.00241899994818762,NA,NA,NA
"topology_ARG1",7357,"XDH",0.000207347108110545,NA,NA,NA
"topology_ARG1",7358,"PTH",0.00019439506068486,NA,NA,NA
"topology_ARG1",7359,"ACLY",0.000136799781064179,NA,NA,NA
"topology_ARG1",7360,"HK2",0.000296209764147126,NA,NA,NA
"topology_ARG1",7361,"TFRC",0.000239327299633385,NA,NA,NA
"topology_ARG1",7362,"SLC6A3",0.000164253248760127,NA,NA,NA
"topology_ARG1",7363,"XDH",0.000207347108110545,NA,NA,NA
"topology_ARG1",7364,"TYMS",0.000142484575824997,NA,NA,NA
"topology_ARG1",7365,"PCNA",0.000281828068793732,NA,NA,NA
"topology_ARG1",7366,"TRPV4",0.000106153420904809,NA,NA,NA
"topology_ARG1",7367,"XBP1",0.00130705850242441,NA,NA,NA
"topology_ARG1",7368,"AGXT2",0.000181321349120078,NA,NA,NA
"topology_ARG1",7369,"SCN1B",0.00123489854843939,NA,NA,NA
"topology_ARG1",7370,"MT-CYB",0.000203007681716216,NA,NA,NA
"topology_ARG1",7371,"TFRC",0.000239327299633385,NA,NA,NA
"topology_ARG1",7372,"PLA2G4A",0.000158908171599248,NA,NA,NA
"topology_ARG1",7373,"SLC6A3",0.000164253248760127,NA,NA,NA
"topology_ARG1",7374,"ADCY1",8.87083575196179e-06,NA,NA,NA
"topology_ARG1",7375,"TAC1",0.001463424927591,NA,NA,NA
"topology_ARG1",7376,"SLC6A3",0.000164253248760127,NA,NA,NA
"topology_ARG1",7377,"GABRB3",0.000120726283226125,NA,NA,NA
"topology_ARG1",7378,"TFRC",0.000239327299633385,NA,NA,NA
"topology_ARG1",7379,"SDHA",0.000611111269984921,NA,NA,NA
"topology_ARG1",7380,"NQO1",0.000518240501310552,NA,NA,NA
"topology_ARG1",7381,"TAC1",0.001463424927591,NA,NA,NA
"topology_ARG1",7382,"GAD1",0.000786829139807432,NA,NA,NA
"topology_ARG1",7383,"AGXT2",0.000181321349120078,NA,NA,NA
"topology_ARG1",7384,"TAC1",0.001463424927591,NA,NA,NA
"topology_ARG1",7385,"CAMP",0.00129691841056656,NA,NA,NA
"topology_ARG1",7386,"SCD",0.000143791042404695,NA,NA,NA
"topology_ARG1",7387,"ABCG2",0.00154702083903102,NA,NA,NA
"topology_ARG1",7388,"TRPV1",0.00166711359586047,NA,NA,NA
"topology_ARG1",7389,"HPRT1",0.00041877379526456,NA,NA,NA
"topology_ARG1",7390,"MECP2",0.000428908523146032,NA,NA,NA
"topology_ARG1",7391,"SLC6A3",0.000164253248760127,NA,NA,NA
"topology_ARG1",7392,"SLC6A3",0.000164253248760127,NA,NA,NA
"topology_ARG1",7393,"GCK",0.000213793988103061,NA,NA,NA
"topology_ARG1",7394,"XDH",0.000207347108110545,NA,NA,NA
"topology_ARG1",7395,"HK2",0.000296209764147126,NA,NA,NA
"topology_ARG1",7396,"KCNJ11",0.00241899994818762,NA,NA,NA
"topology_ARG1",7397,"SLC6A3",0.000164253248760127,NA,NA,NA
"topology_ARG1",7398,"SCN2A",9.6829057864789e-05,NA,NA,NA
"topology_ARG1",7399,"GCK",0.000213793988103061,NA,NA,NA
"topology_ARG1",7400,"TRPV4",0.000106153420904809,NA,NA,NA
"topology_ARG1",7401,"STAT4",0.000324242289791776,NA,NA,NA
"topology_ARG1",7402,"SCN1B",0.00123489854843939,NA,NA,NA
"topology_ARG1",7403,"PRKAG2",0.00023019859617357,NA,NA,NA
"topology_ARG1",7404,"GRM5",0.000204723227971049,NA,NA,NA
"topology_ARG1",7405,"PTGS1",0.0001138588382259,NA,NA,NA
"topology_ARG1",7406,"SCN1B",0.00123489854843939,NA,NA,NA
"topology_ARG1",7407,"ABCG2",0.00154702083903102,NA,NA,NA
"topology_ARG1",7408,"GAD1",0.000786829139807432,NA,NA,NA
"topology_ARG1",7409,"MT-CYB",0.000203007681716216,NA,NA,NA
"topology_ARG1",7410,"ADCY1",8.87083575196179e-06,NA,NA,NA
"topology_ARG1",7411,"PRKAG2",0.00023019859617357,NA,NA,NA
"topology_ARG1",7412,"GABBR1",0.000629351098106912,NA,NA,NA
"topology_ARG1",7413,"PCNA",0.000281828068793732,NA,NA,NA
"topology_ARG1",7414,"GABRG2",6.25131802217682e-05,NA,NA,NA
"topology_ARG1",7415,"NR1H4",0.000150320210463128,NA,NA,NA
"topology_ARG1",7416,"TFRC",0.000239327299633385,NA,NA,NA
"topology_ARG1",7417,"KCNJ11",0.00241899994818762,NA,NA,NA
"topology_ARG1",7418,"ADCY1",8.87083575196179e-06,NA,NA,NA
"topology_ARG1",7419,"TRPV4",0.000106153420904809,NA,NA,NA
"topology_ARG1",7420,"SLC6A3",0.000164253248760127,NA,NA,NA
"topology_ARG1",7421,"SCD",0.000143791042404695,NA,NA,NA
"topology_ARG1",7422,"HK2",0.000296209764147126,NA,NA,NA
"topology_ARG1",7423,"TAC1",0.001463424927591,NA,NA,NA
"topology_ARG1",7424,"GAD1",0.000786829139807432,NA,NA,NA
"topology_ARG1",7425,"KCNQ2",0.000154321192943452,NA,NA,NA
"topology_ARG1",7426,"CS",0.000203624857343709,NA,NA,NA
"topology_ARG1",7427,"SCN1B",0.00123489854843939,NA,NA,NA
"topology_ARG1",7428,"STAT4",0.000324242289791776,NA,NA,NA
"topology_ARG1",7429,"PTGS1",0.0001138588382259,NA,NA,NA
"topology_ARG1",7430,"TFRC",0.000239327299633385,NA,NA,NA
"topology_ARG1",7431,"GAD1",0.000786829139807432,NA,NA,NA
"topology_ARG1",7432,"GSR",0.00032731672891706,NA,NA,NA
"topology_ARG1",7433,"TFRC",0.000239327299633385,NA,NA,NA
"topology_ARG1",7434,"HK2",0.000296209764147126,NA,NA,NA
"topology_ARG1",7435,"GFAP",0.000240332727610593,NA,NA,NA
"topology_ARG1",7436,"GRM5",0.000204723227971049,NA,NA,NA
"topology_ARG1",7437,"KCNQ2",0.000154321192943452,NA,NA,NA
"topology_ARG1",7438,"PTGS1",0.0001138588382259,NA,NA,NA
"topology_ARG1",7439,"MECP2",0.000428908523146032,NA,NA,NA
"topology_ARG1",7440,"ACLY",0.000136799781064179,NA,NA,NA
"topology_ARG1",7441,"SLC6A3",0.000164253248760127,NA,NA,NA
"topology_ARG1",7442,"HPRT1",0.00041877379526456,NA,NA,NA
"topology_ARG1",7443,"XBP1",0.00130705850242441,NA,NA,NA
"topology_ARG1",7444,"PCNA",0.000281828068793732,NA,NA,NA
"topology_ARG1",7445,"SCN1B",0.00123489854843939,NA,NA,NA
"topology_ARG1",7446,"ADRB2",0.000148693401879507,NA,NA,NA
"topology_ARG1",7447,"GABRG2",6.25131802217682e-05,NA,NA,NA
"topology_ARG1",7448,"PRKAG2",0.00023019859617357,NA,NA,NA
"topology_ARG1",7449,"NQO1",0.000518240501310552,NA,NA,NA
"topology_ARG1",7450,"PRKAG2",0.00023019859617357,NA,NA,NA
"topology_ARG1",7451,"PCNA",0.000281828068793732,NA,NA,NA
"topology_ARG1",7452,"XDH",0.000207347108110545,NA,NA,NA
"topology_ARG1",7453,"XDH",0.000207347108110545,NA,NA,NA
"topology_ARG1",7454,"MT-CYB",0.000203007681716216,NA,NA,NA
"topology_ARG1",7455,"MECP2",0.000428908523146032,NA,NA,NA
"topology_ARG1",7456,"SDHA",0.000611111269984921,NA,NA,NA
"topology_ARG1",7457,"XDH",0.000207347108110545,NA,NA,NA
"topology_ARG1",7458,"CS",0.000203624857343709,NA,NA,NA
"topology_ARG1",7459,"ADRB2",0.000148693401879507,NA,NA,NA
"topology_ARG1",7460,"TFRC",0.000239327299633385,NA,NA,NA
"topology_ARG1",7461,"DRD2",0.000217393825030943,NA,NA,NA
"topology_ARG1",7462,"TAC1",0.001463424927591,NA,NA,NA
"topology_ARG1",7463,"GABRA1",0.000512519672648093,NA,NA,NA
"topology_ARG1",7464,"HK2",0.000296209764147126,NA,NA,NA
"topology_ARG1",7465,"ADCY1",8.87083575196179e-06,NA,NA,NA
"topology_ARG1",7466,"KCNH2",0.000463751185241779,NA,NA,NA
"topology_ARG1",7467,"ADCY2",0,NA,NA,NA
"topology_ARG1",7468,"ADCY2",0,NA,NA,NA
"topology_ARG1",7469,"ADCY1",8.87083575196179e-06,NA,NA,NA
"topology_ARG1",7470,"GATM",0.000449150320023683,NA,NA,NA
"topology_ARG1",7471,"PCNA",0.000281828068793732,NA,NA,NA
"topology_ARG1",7472,"ADCY2",0,NA,NA,NA
"topology_ARG1",7473,"TYMS",0.000142484575824997,NA,NA,NA
"topology_ARG1",7474,"GRM5",0.000204723227971049,NA,NA,NA
"topology_ARG1",7475,"SCD",0.000143791042404695,NA,NA,NA
"topology_ARG1",7476,"TYMS",0.000142484575824997,NA,NA,NA
"topology_ARG1",7477,"SCD",0.000143791042404695,NA,NA,NA
"topology_ARG1",7478,"KCNH2",0.000463751185241779,NA,NA,NA
"topology_ARG1",7479,"PTH",0.00019439506068486,NA,NA,NA
"topology_ARG1",7480,"XDH",0.000207347108110545,NA,NA,NA
"topology_ARG1",7481,"GCK",0.000213793988103061,NA,NA,NA
"topology_ARG1",7482,"SLC6A3",0.000164253248760127,NA,NA,NA
"topology_ARG1",7483,"HK2",0.000296209764147126,NA,NA,NA
"topology_ARG1",7484,"ADRB2",0.000148693401879507,NA,NA,NA
"topology_ARG1",7485,"HPRT1",0.00041877379526456,NA,NA,NA
"topology_ARG1",7486,"ADCY2",0,NA,NA,NA
"topology_ARG1",7487,"PLA2G4A",0.000158908171599248,NA,NA,NA
"topology_ARG1",7488,"KCNH2",0.000463751185241779,NA,NA,NA
"topology_ARG1",7489,"ADCY2",0,NA,NA,NA
"topology_ARG1",7490,"HPRT1",0.00041877379526456,NA,NA,NA
"topology_ARG1",7491,"MECP2",0.000428908523146032,NA,NA,NA
"topology_ARG1",7492,"ADCY2",0,NA,NA,NA
"topology_ARG1",7493,"GRM5",0.000204723227971049,NA,NA,NA
"topology_ARG1",7494,"SLC6A3",0.000164253248760127,NA,NA,NA
"topology_ARG1",7495,"GATM",0.000449150320023683,NA,NA,NA
"topology_ARG1",7496,"CFTR",0.00160265872797649,NA,NA,NA
"topology_ARG1",7497,"GFAP",0.000240332727610593,NA,NA,NA
"topology_ARG1",7498,"GABRG2",6.25131802217682e-05,NA,NA,NA
"topology_ARG1",7499,"TRPV4",0.000106153420904809,NA,NA,NA
"topology_ARG1",7500,"ADCY2",0,NA,NA,NA
"topology_ARG1",7501,"ADCY2",0,NA,NA,NA
"topology_ARG1",7502,"GAD1",0.000786829139807432,NA,NA,NA
"topology_ARG1",7503,"NR1H4",0.000150320210463128,NA,NA,NA
"topology_ARG1",7504,"SCN2A",9.6829057864789e-05,NA,NA,NA
"topology_ARG1",7505,"STAT4",0.000324242289791776,NA,NA,NA
"topology_ARG1",7506,"XDH",0.000207347108110545,NA,NA,NA
"topology_ARG1",7507,"PTGS1",0.0001138588382259,NA,NA,NA
"topology_ARG1",7508,"ADCY1",8.87083575196179e-06,NA,NA,NA
"topology_ARG1",7509,"GATM",0.000449150320023683,NA,NA,NA
"topology_ARG1",7510,"GATM",0.000449150320023683,NA,NA,NA
"topology_ARG1",7511,"MT-CYB",0.000203007681716216,NA,NA,NA
"topology_ARG1",7512,"MECP2",0.000428908523146032,NA,NA,NA
"topology_ARG1",7513,"GABRA1",0.000512519672648093,NA,NA,NA
"topology_ARG1",7514,"MT-CYB",0.000203007681716216,NA,NA,NA
"topology_ARG1",7515,"PCNA",0.000281828068793732,NA,NA,NA
"topology_ARG1",7516,"GCK",0.000213793988103061,NA,NA,NA
"topology_ARG1",7517,"CS",0.000203624857343709,NA,NA,NA
"topology_ARG1",7518,"PTH",0.00019439506068486,NA,NA,NA
"topology_ARG1",7519,"DPP4",0.00143001137023646,NA,NA,NA
"topology_ARG1",7520,"GABBR1",0.000629351098106912,NA,NA,NA
"topology_ARG1",7521,"GSR",0.00032731672891706,NA,NA,NA
"topology_ARG1",7522,"TAC1",0.001463424927591,NA,NA,NA
"topology_ARG1",7523,"GCK",0.000213793988103061,NA,NA,NA
"topology_ARG1",7524,"ADRB2",0.000148693401879507,NA,NA,NA
"topology_ARG1",7525,"DRD2",0.000217393825030943,NA,NA,NA
"topology_ARG1",7526,"KCNQ2",0.000154321192943452,NA,NA,NA
"topology_ARG1",7527,"NQO1",0.000518240501310552,NA,NA,NA
"topology_ARG1",7528,"TRPV4",0.000106153420904809,NA,NA,NA
"topology_ARG1",7529,"KCNJ11",0.00241899994818762,NA,NA,NA
"topology_ARG1",7530,"GAD1",0.000786829139807432,NA,NA,NA
"topology_ARG1",7531,"KCNQ2",0.000154321192943452,NA,NA,NA
"topology_ARG1",7532,"DPP4",0.00143001137023646,NA,NA,NA
"topology_ARG1",7533,"CFTR",0.00160265872797649,NA,NA,NA
"topology_ARG1",7534,"NR1H4",0.000150320210463128,NA,NA,NA
"topology_ARG1",7535,"STAT4",0.000324242289791776,NA,NA,NA
"topology_ARG1",7536,"NQO1",0.000518240501310552,NA,NA,NA
"topology_ARG1",7537,"CFTR",0.00160265872797649,NA,NA,NA
"topology_ARG1",7538,"KCNQ2",0.000154321192943452,NA,NA,NA
"topology_ARG1",7539,"SCN1B",0.00123489854843939,NA,NA,NA
"topology_ARG1",7540,"HPRT1",0.00041877379526456,NA,NA,NA
"topology_ARG1",7541,"KCNQ2",0.000154321192943452,NA,NA,NA
"topology_ARG1",7542,"GCLC",8.05799891081538e-05,NA,NA,NA
"topology_ARG1",7543,"TYMS",0.000142484575824997,NA,NA,NA
"topology_ARG1",7544,"ABCG2",0.00154702083903102,NA,NA,NA
"topology_ARG1",7545,"NQO1",0.000518240501310552,NA,NA,NA
"topology_ARG1",7546,"PLA2G4A",0.000158908171599248,NA,NA,NA
"topology_ARG1",7547,"SLC6A3",0.000164253248760127,NA,NA,NA
"topology_ARG1",7548,"RARA",0.000182812715244118,NA,NA,NA
"topology_ARG1",7549,"TFRC",0.000239327299633385,NA,NA,NA
"topology_ARG1",7550,"GRM5",0.000204723227971049,NA,NA,NA
"topology_ARG1",7551,"GATM",0.000449150320023683,NA,NA,NA
"topology_ARG1",7552,"MECP2",0.000428908523146032,NA,NA,NA
"topology_ARG1",7553,"GCLC",8.05799891081538e-05,NA,NA,NA
"topology_ARG1",7554,"RARA",0.000182812715244118,NA,NA,NA
"topology_ARG1",7555,"GABRB3",0.000120726283226125,NA,NA,NA
"topology_ARG1",7556,"PTGS1",0.0001138588382259,NA,NA,NA
"topology_ARG1",7557,"NR1H4",0.000150320210463128,NA,NA,NA
"topology_ARG1",7558,"TRPV4",0.000106153420904809,NA,NA,NA
"topology_ARG1",7559,"CAMP",0.00129691841056656,NA,NA,NA
"topology_ARG1",7560,"SCD",0.000143791042404695,NA,NA,NA
"topology_ARG1",7561,"DPP4",0.00143001137023646,NA,NA,NA
"topology_ARG1",7562,"ADCY1",8.87083575196179e-06,NA,NA,NA
"topology_ARG1",7563,"GAD1",0.000786829139807432,NA,NA,NA
"topology_ARG1",7564,"STAT4",0.000324242289791776,NA,NA,NA
"topology_ARG1",7565,"SDHA",0.000611111269984921,NA,NA,NA
"topology_ARG1",7566,"HPRT1",0.00041877379526456,NA,NA,NA
"topology_ARG1",7567,"TAC1",0.001463424927591,NA,NA,NA
"topology_ARG1",7568,"ABCG2",0.00154702083903102,NA,NA,NA
"topology_ARG1",7569,"TFRC",0.000239327299633385,NA,NA,NA
"topology_ARG1",7570,"HK2",0.000296209764147126,NA,NA,NA
"topology_ARG1",7571,"GAD1",0.000786829139807432,NA,NA,NA
"topology_ARG1",7572,"GABRG2",6.25131802217682e-05,NA,NA,NA
"topology_ARG1",7573,"SCN2A",9.6829057864789e-05,NA,NA,NA
"topology_ARG1",7574,"KCNQ2",0.000154321192943452,NA,NA,NA
"topology_ARG1",7575,"TYMS",0.000142484575824997,NA,NA,NA
"topology_ARG1",7576,"SCN1B",0.00123489854843939,NA,NA,NA
"topology_ARG1",7577,"ADCY2",0,NA,NA,NA
"topology_ARG1",7578,"KCNQ2",0.000154321192943452,NA,NA,NA
"topology_ARG1",7579,"ACLY",0.000136799781064179,NA,NA,NA
"topology_ARG1",7580,"PTGS1",0.0001138588382259,NA,NA,NA
"topology_ARG1",7581,"GCK",0.000213793988103061,NA,NA,NA
"topology_ARG1",7582,"XDH",0.000207347108110545,NA,NA,NA
"topology_ARG1",7583,"XBP1",0.00130705850242441,NA,NA,NA
"topology_ARG1",7584,"GABBR1",0.000629351098106912,NA,NA,NA
"topology_ARG1",7585,"MT-CYB",0.000203007681716216,NA,NA,NA
"topology_ARG1",7586,"NQO1",0.000518240501310552,NA,NA,NA
"topology_ARG1",7587,"ABCG2",0.00154702083903102,NA,NA,NA
"topology_ARG1",7588,"CS",0.000203624857343709,NA,NA,NA
"topology_ARG1",7589,"PLA2G4A",0.000158908171599248,NA,NA,NA
"topology_ARG1",7590,"KCNJ11",0.00241899994818762,NA,NA,NA
"topology_ARG1",7591,"PTGS1",0.0001138588382259,NA,NA,NA
"topology_ARG1",7592,"CAMP",0.00129691841056656,NA,NA,NA
"topology_ARG1",7593,"AGXT2",0.000181321349120078,NA,NA,NA
"topology_ARG1",7594,"ADRB2",0.000148693401879507,NA,NA,NA
"topology_ARG1",7595,"TRPV1",0.00166711359586047,NA,NA,NA
"topology_ARG1",7596,"CFTR",0.00160265872797649,NA,NA,NA
"topology_ARG1",7597,"GCK",0.000213793988103061,NA,NA,NA
"topology_ARG1",7598,"XBP1",0.00130705850242441,NA,NA,NA
"topology_ARG1",7599,"HPRT1",0.00041877379526456,NA,NA,NA
"topology_ARG1",7600,"SCN1B",0.00123489854843939,NA,NA,NA
"topology_ARG1",7601,"SCN2A",9.6829057864789e-05,NA,NA,NA
"topology_ARG1",7602,"ADRB2",0.000148693401879507,NA,NA,NA
"topology_ARG1",7603,"GRM5",0.000204723227971049,NA,NA,NA
"topology_ARG1",7604,"GRM5",0.000204723227971049,NA,NA,NA
"topology_ARG1",7605,"SCN1B",0.00123489854843939,NA,NA,NA
"topology_ARG1",7606,"ABCG2",0.00154702083903102,NA,NA,NA
"topology_ARG1",7607,"KCNJ11",0.00241899994818762,NA,NA,NA
"topology_ARG1",7608,"GABRG2",6.25131802217682e-05,NA,NA,NA
"topology_ARG1",7609,"PLA2G4A",0.000158908171599248,NA,NA,NA
"topology_ARG1",7610,"GATM",0.000449150320023683,NA,NA,NA
"topology_ARG1",7611,"ADCY2",0,NA,NA,NA
"topology_ARG1",7612,"GABRG2",6.25131802217682e-05,NA,NA,NA
"topology_ARG1",7613,"RARA",0.000182812715244118,NA,NA,NA
"topology_ARG1",7614,"PTGS1",0.0001138588382259,NA,NA,NA
"topology_ARG1",7615,"GABRB3",0.000120726283226125,NA,NA,NA
"topology_ARG1",7616,"STAT4",0.000324242289791776,NA,NA,NA
"topology_ARG1",7617,"HK2",0.000296209764147126,NA,NA,NA
"topology_ARG1",7618,"ABCG2",0.00154702083903102,NA,NA,NA
"topology_ARG1",7619,"SCN1B",0.00123489854843939,NA,NA,NA
"topology_ARG1",7620,"RARA",0.000182812715244118,NA,NA,NA
"topology_ARG1",7621,"PCNA",0.000281828068793732,NA,NA,NA
"topology_ARG1",7622,"SCD",0.000143791042404695,NA,NA,NA
"topology_ARG1",7623,"CS",0.000203624857343709,NA,NA,NA
"topology_ARG1",7624,"GABBR1",0.000629351098106912,NA,NA,NA
"topology_ARG1",7625,"SCN1B",0.00123489854843939,NA,NA,NA
"topology_ARG1",7626,"HPRT1",0.00041877379526456,NA,NA,NA
"topology_ARG1",7627,"GFAP",0.000240332727610593,NA,NA,NA
"topology_ARG1",7628,"PCNA",0.000281828068793732,NA,NA,NA
"topology_ARG1",7629,"XBP1",0.00130705850242441,NA,NA,NA
"topology_ARG1",7630,"HPRT1",0.00041877379526456,NA,NA,NA
"topology_ARG1",7631,"PTH",0.00019439506068486,NA,NA,NA
"topology_ARG1",7632,"NQO1",0.000518240501310552,NA,NA,NA
"topology_ARG1",7633,"CAMP",0.00129691841056656,NA,NA,NA
"topology_ARG1",7634,"SCD",0.000143791042404695,NA,NA,NA
"topology_ARG1",7635,"TAC1",0.001463424927591,NA,NA,NA
"topology_ARG1",7636,"MT-CYB",0.000203007681716216,NA,NA,NA
"topology_ARG1",7637,"KCNH2",0.000463751185241779,NA,NA,NA
"topology_ARG1",7638,"GSR",0.00032731672891706,NA,NA,NA
"topology_ARG1",7639,"TYMS",0.000142484575824997,NA,NA,NA
"topology_ARG1",7640,"HPRT1",0.00041877379526456,NA,NA,NA
"topology_ARG1",7641,"PTH",0.00019439506068486,NA,NA,NA
"topology_ARG1",7642,"CFTR",0.00160265872797649,NA,NA,NA
"topology_ARG1",7643,"ADRB2",0.000148693401879507,NA,NA,NA
"topology_ARG1",7644,"STAT4",0.000324242289791776,NA,NA,NA
"topology_ARG1",7645,"PCNA",0.000281828068793732,NA,NA,NA
"topology_ARG1",7646,"HK2",0.000296209764147126,NA,NA,NA
"topology_ARG1",7647,"NQO1",0.000518240501310552,NA,NA,NA
"topology_ARG1",7648,"SDHA",0.000611111269984921,NA,NA,NA
"topology_ARG1",7649,"ADCY1",8.87083575196179e-06,NA,NA,NA
"topology_ARG1",7650,"TFRC",0.000239327299633385,NA,NA,NA
"topology_ARG1",7651,"XBP1",0.00130705850242441,NA,NA,NA
"topology_ARG1",7652,"GABRA1",0.000512519672648093,NA,NA,NA
"topology_ARG1",7653,"GFAP",0.000240332727610593,NA,NA,NA
"topology_ARG1",7654,"STAT4",0.000324242289791776,NA,NA,NA
"topology_ARG1",7655,"XBP1",0.00130705850242441,NA,NA,NA
"topology_ARG1",7656,"PTGS1",0.0001138588382259,NA,NA,NA
"topology_ARG1",7657,"XBP1",0.00130705850242441,NA,NA,NA
"topology_ARG1",7658,"GCLC",8.05799891081538e-05,NA,NA,NA
"topology_ARG1",7659,"SCD",0.000143791042404695,NA,NA,NA
"topology_ARG1",7660,"NQO1",0.000518240501310552,NA,NA,NA
"topology_ARG1",7661,"GABRA1",0.000512519672648093,NA,NA,NA
"topology_ARG1",7662,"GATM",0.000449150320023683,NA,NA,NA
"topology_ARG1",7663,"TYMS",0.000142484575824997,NA,NA,NA
"topology_ARG1",7664,"KCNQ2",0.000154321192943452,NA,NA,NA
"topology_ARG1",7665,"PTGS1",0.0001138588382259,NA,NA,NA
"topology_ARG1",7666,"GABRA1",0.000512519672648093,NA,NA,NA
"topology_ARG1",7667,"GABRB3",0.000120726283226125,NA,NA,NA
"topology_ARG1",7668,"XDH",0.000207347108110545,NA,NA,NA
"topology_ARG1",7669,"GABRB3",0.000120726283226125,NA,NA,NA
"topology_ARG1",7670,"SLC6A3",0.000164253248760127,NA,NA,NA
"topology_ARG1",7671,"KCNH2",0.000463751185241779,NA,NA,NA
"topology_ARG1",7672,"SLC6A3",0.000164253248760127,NA,NA,NA
"topology_ARG1",7673,"SDHA",0.000611111269984921,NA,NA,NA
"topology_ARG1",7674,"GABBR1",0.000629351098106912,NA,NA,NA
"topology_ARG1",7675,"KCNH2",0.000463751185241779,NA,NA,NA
"topology_ARG1",7676,"GFAP",0.000240332727610593,NA,NA,NA
"topology_ARG1",7677,"GCK",0.000213793988103061,NA,NA,NA
"topology_ARG1",7678,"SCN2A",9.6829057864789e-05,NA,NA,NA
"topology_ARG1",7679,"STAT4",0.000324242289791776,NA,NA,NA
"topology_ARG1",7680,"HK2",0.000296209764147126,NA,NA,NA
"topology_ARG1",7681,"TAC1",0.001463424927591,NA,NA,NA
"topology_ARG1",7682,"GCK",0.000213793988103061,NA,NA,NA
"topology_ARG1",7683,"SCD",0.000143791042404695,NA,NA,NA
"topology_ARG1",7684,"GRM5",0.000204723227971049,NA,NA,NA
"topology_ARG1",7685,"GABRB3",0.000120726283226125,NA,NA,NA
"topology_ARG1",7686,"SCN2A",9.6829057864789e-05,NA,NA,NA
"topology_ARG1",7687,"PRKAG2",0.00023019859617357,NA,NA,NA
"topology_ARG1",7688,"STAT4",0.000324242289791776,NA,NA,NA
"topology_ARG1",7689,"CS",0.000203624857343709,NA,NA,NA
"topology_ARG1",7690,"TRPV4",0.000106153420904809,NA,NA,NA
"topology_ARG1",7691,"GABBR1",0.000629351098106912,NA,NA,NA
"topology_ARG1",7692,"PLA2G4A",0.000158908171599248,NA,NA,NA
"topology_ARG1",7693,"CAMP",0.00129691841056656,NA,NA,NA
"topology_ARG1",7694,"PCNA",0.000281828068793732,NA,NA,NA
"topology_ARG1",7695,"HPRT1",0.00041877379526456,NA,NA,NA
"topology_ARG1",7696,"SCN2A",9.6829057864789e-05,NA,NA,NA
"topology_ARG1",7697,"GABBR1",0.000629351098106912,NA,NA,NA
"topology_ARG1",7698,"CAMP",0.00129691841056656,NA,NA,NA
"topology_ARG1",7699,"PLA2G4A",0.000158908171599248,NA,NA,NA
"topology_ARG1",7700,"KCNJ11",0.00241899994818762,NA,NA,NA
"topology_ARG1",7701,"STAT4",0.000324242289791776,NA,NA,NA
"topology_ARG1",7702,"HPRT1",0.00041877379526456,NA,NA,NA
"topology_ARG1",7703,"AGXT2",0.000181321349120078,NA,NA,NA
"topology_ARG1",7704,"SDHA",0.000611111269984921,NA,NA,NA
"topology_ARG1",7705,"GFAP",0.000240332727610593,NA,NA,NA
"topology_ARG1",7706,"NQO1",0.000518240501310552,NA,NA,NA
"topology_ARG1",7707,"NQO1",0.000518240501310552,NA,NA,NA
"topology_ARG1",7708,"CAMP",0.00129691841056656,NA,NA,NA
"topology_ARG1",7709,"SCN1B",0.00123489854843939,NA,NA,NA
"topology_ARG1",7710,"KCNH2",0.000463751185241779,NA,NA,NA
"topology_ARG1",7711,"NQO1",0.000518240501310552,NA,NA,NA
"topology_ARG1",7712,"PLA2G4A",0.000158908171599248,NA,NA,NA
"topology_ARG1",7713,"SCN1B",0.00123489854843939,NA,NA,NA
"topology_ARG1",7714,"PTH",0.00019439506068486,NA,NA,NA
"topology_ARG1",7715,"SDHA",0.000611111269984921,NA,NA,NA
"topology_ARG1",7716,"GATM",0.000449150320023683,NA,NA,NA
"topology_ARG1",7717,"GABBR1",0.000629351098106912,NA,NA,NA
"topology_ARG1",7718,"SLC6A3",0.000164253248760127,NA,NA,NA
"topology_ARG1",7719,"GABRG2",6.25131802217682e-05,NA,NA,NA
"topology_ARG1",7720,"MT-CYB",0.000203007681716216,NA,NA,NA
"topology_ARG1",7721,"AGXT2",0.000181321349120078,NA,NA,NA
"topology_ARG1",7722,"TYMS",0.000142484575824997,NA,NA,NA
"topology_ARG1",7723,"GSR",0.00032731672891706,NA,NA,NA
"topology_ARG1",7724,"DPP4",0.00143001137023646,NA,NA,NA
"topology_ARG1",7725,"XDH",0.000207347108110545,NA,NA,NA
"topology_ARG1",7726,"GATM",0.000449150320023683,NA,NA,NA
"topology_ARG1",7727,"ABCG2",0.00154702083903102,NA,NA,NA
"topology_ARG1",7728,"HPRT1",0.00041877379526456,NA,NA,NA
"topology_ARG1",7729,"STAT4",0.000324242289791776,NA,NA,NA
"topology_ARG1",7730,"GFAP",0.000240332727610593,NA,NA,NA
"topology_ARG1",7731,"KCNH2",0.000463751185241779,NA,NA,NA
"topology_ARG1",7732,"MECP2",0.000428908523146032,NA,NA,NA
"topology_ARG1",7733,"ADCY1",8.87083575196179e-06,NA,NA,NA
"topology_ARG1",7734,"GSR",0.00032731672891706,NA,NA,NA
"topology_ARG1",7735,"HK2",0.000296209764147126,NA,NA,NA
"topology_ARG1",7736,"PLA2G4A",0.000158908171599248,NA,NA,NA
"topology_ARG1",7737,"RARA",0.000182812715244118,NA,NA,NA
"topology_ARG1",7738,"KCNH2",0.000463751185241779,NA,NA,NA
"topology_ARG1",7739,"GAD1",0.000786829139807432,NA,NA,NA
"topology_ARG1",7740,"GABBR1",0.000629351098106912,NA,NA,NA
"topology_ARG1",7741,"GABRB3",0.000120726283226125,NA,NA,NA
"topology_ARG1",7742,"MT-CYB",0.000203007681716216,NA,NA,NA
"topology_ARG1",7743,"PCNA",0.000281828068793732,NA,NA,NA
"topology_ARG1",7744,"ADCY1",8.87083575196179e-06,NA,NA,NA
"topology_ARG1",7745,"KCNH2",0.000463751185241779,NA,NA,NA
"topology_ARG1",7746,"PLA2G4A",0.000158908171599248,NA,NA,NA
"topology_ARG1",7747,"SCD",0.000143791042404695,NA,NA,NA
"topology_ARG1",7748,"RARA",0.000182812715244118,NA,NA,NA
"topology_ARG1",7749,"RARA",0.000182812715244118,NA,NA,NA
"topology_ARG1",7750,"ADCY1",8.87083575196179e-06,NA,NA,NA
"topology_ARG1",7751,"SCN2A",9.6829057864789e-05,NA,NA,NA
"topology_ARG1",7752,"SCN2A",9.6829057864789e-05,NA,NA,NA
"topology_ARG1",7753,"GSR",0.00032731672891706,NA,NA,NA
"topology_ARG1",7754,"KCNJ11",0.00241899994818762,NA,NA,NA
"topology_ARG1",7755,"DRD2",0.000217393825030943,NA,NA,NA
"topology_ARG1",7756,"RARA",0.000182812715244118,NA,NA,NA
"topology_ARG1",7757,"PRKAG2",0.00023019859617357,NA,NA,NA
"topology_ARG1",7758,"GCLC",8.05799891081538e-05,NA,NA,NA
"topology_ARG1",7759,"MT-CYB",0.000203007681716216,NA,NA,NA
"topology_ARG1",7760,"HK2",0.000296209764147126,NA,NA,NA
"topology_ARG1",7761,"ADCY1",8.87083575196179e-06,NA,NA,NA
"topology_ARG1",7762,"GCK",0.000213793988103061,NA,NA,NA
"topology_ARG1",7763,"KCNH2",0.000463751185241779,NA,NA,NA
"topology_ARG1",7764,"SCN2A",9.6829057864789e-05,NA,NA,NA
"topology_ARG1",7765,"AGXT2",0.000181321349120078,NA,NA,NA
"topology_ARG1",7766,"ABCG2",0.00154702083903102,NA,NA,NA
"topology_ARG1",7767,"GABBR1",0.000629351098106912,NA,NA,NA
"topology_ARG1",7768,"SDHA",0.000611111269984921,NA,NA,NA
"topology_ARG1",7769,"HK2",0.000296209764147126,NA,NA,NA
"topology_ARG1",7770,"MECP2",0.000428908523146032,NA,NA,NA
"topology_ARG1",7771,"KCNH2",0.000463751185241779,NA,NA,NA
"topology_ARG1",7772,"GABBR1",0.000629351098106912,NA,NA,NA
"topology_ARG1",7773,"MECP2",0.000428908523146032,NA,NA,NA
"topology_ARG1",7774,"KCNQ2",0.000154321192943452,NA,NA,NA
"topology_ARG1",7775,"HK2",0.000296209764147126,NA,NA,NA
"topology_ARG1",7776,"XDH",0.000207347108110545,NA,NA,NA
"topology_ARG1",7777,"XDH",0.000207347108110545,NA,NA,NA
"topology_ARG1",7778,"ADCY1",8.87083575196179e-06,NA,NA,NA
"topology_ARG1",7779,"TFRC",0.000239327299633385,NA,NA,NA
"topology_ARG1",7780,"GAD1",0.000786829139807432,NA,NA,NA
"topology_ARG1",7781,"TAC1",0.001463424927591,NA,NA,NA
"topology_ARG1",7782,"PLA2G4A",0.000158908171599248,NA,NA,NA
"topology_ARG1",7783,"CS",0.000203624857343709,NA,NA,NA
"topology_ARG1",7784,"PTGS1",0.0001138588382259,NA,NA,NA
"topology_ARG1",7785,"PRKAG2",0.00023019859617357,NA,NA,NA
"topology_ARG1",7786,"MECP2",0.000428908523146032,NA,NA,NA
"topology_ARG1",7787,"GCK",0.000213793988103061,NA,NA,NA
"topology_ARG1",7788,"GABRB3",0.000120726283226125,NA,NA,NA
"topology_ARG1",7789,"ADRB2",0.000148693401879507,NA,NA,NA
"topology_ARG1",7790,"KCNH2",0.000463751185241779,NA,NA,NA
"topology_ARG1",7791,"HPRT1",0.00041877379526456,NA,NA,NA
"topology_ARG1",7792,"MT-CYB",0.000203007681716216,NA,NA,NA
"topology_ARG1",7793,"TFRC",0.000239327299633385,NA,NA,NA
"topology_ARG1",7794,"GATM",0.000449150320023683,NA,NA,NA
"topology_ARG1",7795,"TAC1",0.001463424927591,NA,NA,NA
"topology_ARG1",7796,"SLC6A3",0.000164253248760127,NA,NA,NA
"topology_ARG1",7797,"TFRC",0.000239327299633385,NA,NA,NA
"topology_ARG1",7798,"KCNH2",0.000463751185241779,NA,NA,NA
"topology_ARG1",7799,"PCNA",0.000281828068793732,NA,NA,NA
"topology_ARG1",7800,"TYMS",0.000142484575824997,NA,NA,NA
"topology_ARG1",7801,"GABRA1",0.000512519672648093,NA,NA,NA
"topology_ARG1",7802,"KCNH2",0.000463751185241779,NA,NA,NA
"topology_ARG1",7803,"ACLY",0.000136799781064179,NA,NA,NA
"topology_ARG1",7804,"PTH",0.00019439506068486,NA,NA,NA
"topology_ARG1",7805,"SCD",0.000143791042404695,NA,NA,NA
"topology_ARG1",7806,"STAT4",0.000324242289791776,NA,NA,NA
"topology_ARG1",7807,"MT-CYB",0.000203007681716216,NA,NA,NA
"topology_ARG1",7808,"PTH",0.00019439506068486,NA,NA,NA
"topology_ARG1",7809,"GFAP",0.000240332727610593,NA,NA,NA
"topology_ARG1",7810,"AGXT2",0.000181321349120078,NA,NA,NA
"topology_ARG1",7811,"GRM5",0.000204723227971049,NA,NA,NA
"topology_ARG1",7812,"GABRG2",6.25131802217682e-05,NA,NA,NA
"topology_ARG1",7813,"GAD1",0.000786829139807432,NA,NA,NA
"topology_ARG1",7814,"ADCY1",8.87083575196179e-06,NA,NA,NA
"topology_ARG1",7815,"MT-CYB",0.000203007681716216,NA,NA,NA
"topology_ARG1",7816,"ACLY",0.000136799781064179,NA,NA,NA
"topology_ARG1",7817,"PTH",0.00019439506068486,NA,NA,NA
"topology_ARG1",7818,"CFTR",0.00160265872797649,NA,NA,NA
"topology_ARG1",7819,"GCLC",8.05799891081538e-05,NA,NA,NA
"topology_ARG1",7820,"TAC1",0.001463424927591,NA,NA,NA
"topology_ARG1",7821,"AGXT2",0.000181321349120078,NA,NA,NA
"topology_ARG1",7822,"TAC1",0.001463424927591,NA,NA,NA
"topology_ARG1",7823,"ADRB2",0.000148693401879507,NA,NA,NA
"topology_ARG1",7824,"CS",0.000203624857343709,NA,NA,NA
"topology_ARG1",7825,"GCLC",8.05799891081538e-05,NA,NA,NA
"topology_ARG1",7826,"MT-CYB",0.000203007681716216,NA,NA,NA
"topology_ARG1",7827,"ACLY",0.000136799781064179,NA,NA,NA
"topology_ARG1",7828,"GSR",0.00032731672891706,NA,NA,NA
"topology_ARG1",7829,"CAMP",0.00129691841056656,NA,NA,NA
"topology_ARG1",7830,"GABBR1",0.000629351098106912,NA,NA,NA
"topology_ARG1",7831,"HPRT1",0.00041877379526456,NA,NA,NA
"topology_ARG1",7832,"GATM",0.000449150320023683,NA,NA,NA
"topology_ARG1",7833,"GCK",0.000213793988103061,NA,NA,NA
"topology_ARG1",7834,"GCLC",8.05799891081538e-05,NA,NA,NA
"topology_ARG1",7835,"GAD1",0.000786829139807432,NA,NA,NA
"topology_ARG1",7836,"GABRG2",6.25131802217682e-05,NA,NA,NA
"topology_ARG1",7837,"PCNA",0.000281828068793732,NA,NA,NA
"topology_ARG1",7838,"TAC1",0.001463424927591,NA,NA,NA
"topology_ARG1",7839,"SLC6A3",0.000164253248760127,NA,NA,NA
"topology_ARG1",7840,"CFTR",0.00160265872797649,NA,NA,NA
"topology_ARG1",7841,"GSR",0.00032731672891706,NA,NA,NA
"topology_ARG1",7842,"GAD1",0.000786829139807432,NA,NA,NA
"topology_ARG1",7843,"SCN2A",9.6829057864789e-05,NA,NA,NA
"topology_ARG1",7844,"GATM",0.000449150320023683,NA,NA,NA
"topology_ARG1",7845,"TRPV4",0.000106153420904809,NA,NA,NA
"topology_ARG1",7846,"PRKAG2",0.00023019859617357,NA,NA,NA
"topology_ARG1",7847,"DPP4",0.00143001137023646,NA,NA,NA
"topology_ARG1",7848,"TYMS",0.000142484575824997,NA,NA,NA
"topology_ARG1",7849,"GCK",0.000213793988103061,NA,NA,NA
"topology_ARG1",7850,"DRD2",0.000217393825030943,NA,NA,NA
"topology_ARG1",7851,"SDHA",0.000611111269984921,NA,NA,NA
"topology_ARG1",7852,"TRPV4",0.000106153420904809,NA,NA,NA
"topology_ARG1",7853,"XDH",0.000207347108110545,NA,NA,NA
"topology_ARG1",7854,"GCK",0.000213793988103061,NA,NA,NA
"topology_ARG1",7855,"GABBR1",0.000629351098106912,NA,NA,NA
"topology_ARG1",7856,"GABBR1",0.000629351098106912,NA,NA,NA
"topology_ARG1",7857,"TRPV4",0.000106153420904809,NA,NA,NA
"topology_ARG1",7858,"DPP4",0.00143001137023646,NA,NA,NA
"topology_ARG1",7859,"ABCG2",0.00154702083903102,NA,NA,NA
"topology_ARG1",7860,"DRD2",0.000217393825030943,NA,NA,NA
"topology_ARG1",7861,"GCLC",8.05799891081538e-05,NA,NA,NA
"topology_ARG1",7862,"NR1H4",0.000150320210463128,NA,NA,NA
"topology_ARG1",7863,"GCLC",8.05799891081538e-05,NA,NA,NA
"topology_ARG1",7864,"GABRG2",6.25131802217682e-05,NA,NA,NA
"topology_ARG1",7865,"GCLC",8.05799891081538e-05,NA,NA,NA
"topology_ARG1",7866,"TRPV4",0.000106153420904809,NA,NA,NA
"topology_ARG1",7867,"TAC1",0.001463424927591,NA,NA,NA
"topology_ARG1",7868,"GCK",0.000213793988103061,NA,NA,NA
"topology_ARG1",7869,"GCK",0.000213793988103061,NA,NA,NA
"topology_ARG1",7870,"GABBR1",0.000629351098106912,NA,NA,NA
"topology_ARG1",7871,"NR1H4",0.000150320210463128,NA,NA,NA
"topology_ARG1",7872,"XBP1",0.00130705850242441,NA,NA,NA
"topology_ARG1",7873,"DPP4",0.00143001137023646,NA,NA,NA
"topology_ARG1",7874,"SCN2A",9.6829057864789e-05,NA,NA,NA
"topology_ARG1",7875,"HPRT1",0.00041877379526456,NA,NA,NA
"topology_ARG1",7876,"MECP2",0.000428908523146032,NA,NA,NA
"topology_ARG1",7877,"AGXT2",0.000181321349120078,NA,NA,NA
"topology_ARG1",7878,"GABRA1",0.000512519672648093,NA,NA,NA
"topology_ARG1",7879,"HK2",0.000296209764147126,NA,NA,NA
"topology_ARG1",7880,"SLC6A3",0.000164253248760127,NA,NA,NA
"topology_ARG1",7881,"GABRA1",0.000512519672648093,NA,NA,NA
"topology_ARG1",7882,"TRPV1",0.00166711359586047,NA,NA,NA
"topology_ARG1",7883,"SCD",0.000143791042404695,NA,NA,NA
"topology_ARG1",7884,"MECP2",0.000428908523146032,NA,NA,NA
"topology_ARG1",7885,"GRM5",0.000204723227971049,NA,NA,NA
"topology_ARG1",7886,"GATM",0.000449150320023683,NA,NA,NA
"topology_ARG1",7887,"PLA2G4A",0.000158908171599248,NA,NA,NA
"topology_ARG1",7888,"STAT4",0.000324242289791776,NA,NA,NA
"topology_ARG1",7889,"AGXT2",0.000181321349120078,NA,NA,NA
"topology_ARG1",7890,"MECP2",0.000428908523146032,NA,NA,NA
"topology_ARG1",7891,"GAD1",0.000786829139807432,NA,NA,NA
"topology_ARG1",7892,"XBP1",0.00130705850242441,NA,NA,NA
"topology_ARG1",7893,"PLA2G4A",0.000158908171599248,NA,NA,NA
"topology_ARG1",7894,"RARA",0.000182812715244118,NA,NA,NA
"topology_ARG1",7895,"GABRA1",0.000512519672648093,NA,NA,NA
"topology_ARG1",7896,"GCK",0.000213793988103061,NA,NA,NA
"topology_ARG1",7897,"PRKAG2",0.00023019859617357,NA,NA,NA
"topology_ARG1",7898,"GAD1",0.000786829139807432,NA,NA,NA
"topology_ARG1",7899,"ABCG2",0.00154702083903102,NA,NA,NA
"topology_ARG1",7900,"CFTR",0.00160265872797649,NA,NA,NA
"topology_ARG1",7901,"XBP1",0.00130705850242441,NA,NA,NA
"topology_ARG1",7902,"SCN1B",0.00123489854843939,NA,NA,NA
"topology_ARG1",7903,"GABRB3",0.000120726283226125,NA,NA,NA
"topology_ARG1",7904,"GAD1",0.000786829139807432,NA,NA,NA
"topology_ARG1",7905,"KCNJ11",0.00241899994818762,NA,NA,NA
"topology_ARG1",7906,"CAMP",0.00129691841056656,NA,NA,NA
"topology_ARG1",7907,"CS",0.000203624857343709,NA,NA,NA
"topology_ARG1",7908,"XBP1",0.00130705850242441,NA,NA,NA
"topology_ARG1",7909,"RARA",0.000182812715244118,NA,NA,NA
"topology_ARG1",7910,"ADCY1",8.87083575196179e-06,NA,NA,NA
"topology_ARG1",7911,"GATM",0.000449150320023683,NA,NA,NA
"topology_ARG1",7912,"GABRG2",6.25131802217682e-05,NA,NA,NA
"topology_ARG1",7913,"GFAP",0.000240332727610593,NA,NA,NA
"topology_ARG1",7914,"GATM",0.000449150320023683,NA,NA,NA
"topology_ARG1",7915,"GCK",0.000213793988103061,NA,NA,NA
"topology_ARG1",7916,"DRD2",0.000217393825030943,NA,NA,NA
"topology_ARG1",7917,"KCNJ11",0.00241899994818762,NA,NA,NA
"topology_ARG1",7918,"HK2",0.000296209764147126,NA,NA,NA
"topology_ARG1",7919,"HK2",0.000296209764147126,NA,NA,NA
"topology_ARG1",7920,"STAT4",0.000324242289791776,NA,NA,NA
"topology_ARG1",7921,"GABRG2",6.25131802217682e-05,NA,NA,NA
"topology_ARG1",7922,"ADCY1",8.87083575196179e-06,NA,NA,NA
"topology_ARG1",7923,"CFTR",0.00160265872797649,NA,NA,NA
"topology_ARG1",7924,"SCN2A",9.6829057864789e-05,NA,NA,NA
"topology_ARG1",7925,"SCD",0.000143791042404695,NA,NA,NA
"topology_ARG1",7926,"TRPV4",0.000106153420904809,NA,NA,NA
"topology_ARG1",7927,"CFTR",0.00160265872797649,NA,NA,NA
"topology_ARG1",7928,"DRD2",0.000217393825030943,NA,NA,NA
"topology_ARG1",7929,"CAMP",0.00129691841056656,NA,NA,NA
"topology_ARG1",7930,"ACLY",0.000136799781064179,NA,NA,NA
"topology_ARG1",7931,"PTH",0.00019439506068486,NA,NA,NA
"topology_ARG1",7932,"ACLY",0.000136799781064179,NA,NA,NA
"topology_ARG1",7933,"GATM",0.000449150320023683,NA,NA,NA
"topology_ARG1",7934,"SLC6A3",0.000164253248760127,NA,NA,NA
"topology_ARG1",7935,"GSR",0.00032731672891706,NA,NA,NA
"topology_ARG1",7936,"GABRG2",6.25131802217682e-05,NA,NA,NA
"topology_ARG1",7937,"GCLC",8.05799891081538e-05,NA,NA,NA
"topology_ARG1",7938,"ADCY2",0,NA,NA,NA
"topology_ARG1",7939,"RARA",0.000182812715244118,NA,NA,NA
"topology_ARG1",7940,"MECP2",0.000428908523146032,NA,NA,NA
"topology_ARG1",7941,"GABRG2",6.25131802217682e-05,NA,NA,NA
"topology_ARG1",7942,"KCNJ11",0.00241899994818762,NA,NA,NA
"topology_ARG1",7943,"GFAP",0.000240332727610593,NA,NA,NA
"topology_ARG1",7944,"GAD1",0.000786829139807432,NA,NA,NA
"topology_ARG1",7945,"GABBR1",0.000629351098106912,NA,NA,NA
"topology_ARG1",7946,"GCLC",8.05799891081538e-05,NA,NA,NA
"topology_ARG1",7947,"XDH",0.000207347108110545,NA,NA,NA
"topology_ARG1",7948,"GCLC",8.05799891081538e-05,NA,NA,NA
"topology_ARG1",7949,"GCK",0.000213793988103061,NA,NA,NA
"topology_ARG1",7950,"GCLC",8.05799891081538e-05,NA,NA,NA
"topology_ARG1",7951,"GFAP",0.000240332727610593,NA,NA,NA
"topology_ARG1",7952,"GABBR1",0.000629351098106912,NA,NA,NA
"topology_ARG1",7953,"HK2",0.000296209764147126,NA,NA,NA
"topology_ARG1",7954,"HK2",0.000296209764147126,NA,NA,NA
"topology_ARG1",7955,"SCN1B",0.00123489854843939,NA,NA,NA
"topology_ARG1",7956,"TRPV4",0.000106153420904809,NA,NA,NA
"topology_ARG1",7957,"ADCY1",8.87083575196179e-06,NA,NA,NA
"topology_ARG1",7958,"GABRB3",0.000120726283226125,NA,NA,NA
"topology_ARG1",7959,"GAD1",0.000786829139807432,NA,NA,NA
"topology_ARG1",7960,"CS",0.000203624857343709,NA,NA,NA
"topology_ARG1",7961,"PCNA",0.000281828068793732,NA,NA,NA
"topology_ARG1",7962,"SCD",0.000143791042404695,NA,NA,NA
"topology_ARG1",7963,"PLA2G4A",0.000158908171599248,NA,NA,NA
"topology_ARG1",7964,"GABBR1",0.000629351098106912,NA,NA,NA
"topology_ARG1",7965,"XDH",0.000207347108110545,NA,NA,NA
"topology_ARG1",7966,"RARA",0.000182812715244118,NA,NA,NA
"topology_ARG1",7967,"HK2",0.000296209764147126,NA,NA,NA
"topology_ARG1",7968,"PLA2G4A",0.000158908171599248,NA,NA,NA
"topology_ARG1",7969,"AGXT2",0.000181321349120078,NA,NA,NA
"topology_ARG1",7970,"ABCG2",0.00154702083903102,NA,NA,NA
"topology_ARG1",7971,"GABBR1",0.000629351098106912,NA,NA,NA
"topology_ARG1",7972,"ADCY1",8.87083575196179e-06,NA,NA,NA
"topology_ARG1",7973,"GABRB3",0.000120726283226125,NA,NA,NA
"topology_ARG1",7974,"PTH",0.00019439506068486,NA,NA,NA
"topology_ARG1",7975,"SCN1B",0.00123489854843939,NA,NA,NA
"topology_ARG1",7976,"GAD1",0.000786829139807432,NA,NA,NA
"topology_ARG1",7977,"SCN2A",9.6829057864789e-05,NA,NA,NA
"topology_ARG1",7978,"GABBR1",0.000629351098106912,NA,NA,NA
"topology_ARG1",7979,"DRD2",0.000217393825030943,NA,NA,NA
"topology_ARG1",7980,"XBP1",0.00130705850242441,NA,NA,NA
"topology_ARG1",7981,"PLA2G4A",0.000158908171599248,NA,NA,NA
"topology_ARG1",7982,"SDHA",0.000611111269984921,NA,NA,NA
"topology_ARG1",7983,"GSR",0.00032731672891706,NA,NA,NA
"topology_ARG1",7984,"KCNH2",0.000463751185241779,NA,NA,NA
"topology_ARG1",7985,"SCN2A",9.6829057864789e-05,NA,NA,NA
"topology_ARG1",7986,"GATM",0.000449150320023683,NA,NA,NA
"topology_ARG1",7987,"GCLC",8.05799891081538e-05,NA,NA,NA
"topology_ARG1",7988,"AGXT2",0.000181321349120078,NA,NA,NA
"topology_ARG1",7989,"TYMS",0.000142484575824997,NA,NA,NA
"topology_ARG1",7990,"GABRA1",0.000512519672648093,NA,NA,NA
"topology_ARG1",7991,"TRPV4",0.000106153420904809,NA,NA,NA
"topology_ARG1",7992,"XBP1",0.00130705850242441,NA,NA,NA
"topology_ARG1",7993,"HK2",0.000296209764147126,NA,NA,NA
"topology_ARG1",7994,"CFTR",0.00160265872797649,NA,NA,NA
"topology_ARG1",7995,"PTGS1",0.0001138588382259,NA,NA,NA
"topology_ARG1",7996,"GSR",0.00032731672891706,NA,NA,NA
"topology_ARG1",7997,"GFAP",0.000240332727610593,NA,NA,NA
"topology_ARG1",7998,"CFTR",0.00160265872797649,NA,NA,NA
"topology_ARG1",7999,"HK2",0.000296209764147126,NA,NA,NA
"topology_ARG1",8000,"TRPV4",0.000106153420904809,NA,NA,NA
"topology_ARG1",8001,"DRD2",0.000217393825030943,NA,NA,NA
"topology_ARG1",8002,"MT-CYB",0.000203007681716216,NA,NA,NA
"topology_ARG1",8003,"GRM5",0.000204723227971049,NA,NA,NA
"topology_ARG1",8004,"KCNH2",0.000463751185241779,NA,NA,NA
"topology_ARG1",8005,"TRPV4",0.000106153420904809,NA,NA,NA
"topology_ARG1",8006,"MECP2",0.000428908523146032,NA,NA,NA
"topology_ARG1",8007,"MECP2",0.000428908523146032,NA,NA,NA
"topology_ARG1",8008,"MT-CYB",0.000203007681716216,NA,NA,NA
"topology_ARG1",8009,"PLA2G4A",0.000158908171599248,NA,NA,NA
"topology_ARG1",8010,"GFAP",0.000240332727610593,NA,NA,NA
"topology_ARG1",8011,"KCNJ11",0.00241899994818762,NA,NA,NA
"topology_ARG1",8012,"ADCY2",0,NA,NA,NA
"topology_ARG1",8013,"TYMS",0.000142484575824997,NA,NA,NA
"topology_ARG1",8014,"SCN1B",0.00123489854843939,NA,NA,NA
"topology_ARG1",8015,"DPP4",0.00143001137023646,NA,NA,NA
"topology_ARG1",8016,"SCN2A",9.6829057864789e-05,NA,NA,NA
"topology_ARG1",8017,"PTGS1",0.0001138588382259,NA,NA,NA
"topology_ARG1",8018,"RARA",0.000182812715244118,NA,NA,NA
"topology_ARG1",8019,"DRD2",0.000217393825030943,NA,NA,NA
"topology_ARG1",8020,"HPRT1",0.00041877379526456,NA,NA,NA
"topology_ARG1",8021,"CS",0.000203624857343709,NA,NA,NA
"topology_ARG1",8022,"KCNQ2",0.000154321192943452,NA,NA,NA
"topology_ARG1",8023,"ABCG2",0.00154702083903102,NA,NA,NA
"topology_ARG1",8024,"MT-CYB",0.000203007681716216,NA,NA,NA
"topology_ARG1",8025,"HPRT1",0.00041877379526456,NA,NA,NA
"topology_ARG1",8026,"TYMS",0.000142484575824997,NA,NA,NA
"topology_ARG1",8027,"PCNA",0.000281828068793732,NA,NA,NA
"topology_ARG1",8028,"MECP2",0.000428908523146032,NA,NA,NA
"topology_ARG1",8029,"PLA2G4A",0.000158908171599248,NA,NA,NA
"topology_ARG1",8030,"GSR",0.00032731672891706,NA,NA,NA
"topology_ARG1",8031,"KCNH2",0.000463751185241779,NA,NA,NA
"topology_ARG1",8032,"TAC1",0.001463424927591,NA,NA,NA
"topology_ARG1",8033,"PTGS1",0.0001138588382259,NA,NA,NA
"topology_ARG1",8034,"NR1H4",0.000150320210463128,NA,NA,NA
"topology_ARG1",8035,"XBP1",0.00130705850242441,NA,NA,NA
"topology_ARG1",8036,"TFRC",0.000239327299633385,NA,NA,NA
"topology_ARG1",8037,"TRPV1",0.00166711359586047,NA,NA,NA
"topology_ARG1",8038,"TAC1",0.001463424927591,NA,NA,NA
"topology_ARG1",8039,"ADRB2",0.000148693401879507,NA,NA,NA
"topology_ARG1",8040,"PCNA",0.000281828068793732,NA,NA,NA
"topology_ARG1",8041,"ADCY1",8.87083575196179e-06,NA,NA,NA
"topology_ARG1",8042,"GRM5",0.000204723227971049,NA,NA,NA
"topology_ARG1",8043,"MECP2",0.000428908523146032,NA,NA,NA
"topology_ARG1",8044,"GCLC",8.05799891081538e-05,NA,NA,NA
"topology_ARG1",8045,"PRKAG2",0.00023019859617357,NA,NA,NA
"topology_ARG1",8046,"ADRB2",0.000148693401879507,NA,NA,NA
"topology_ARG1",8047,"DPP4",0.00143001137023646,NA,NA,NA
"topology_ARG1",8048,"GABBR1",0.000629351098106912,NA,NA,NA
"topology_ARG1",8049,"TAC1",0.001463424927591,NA,NA,NA
"topology_ARG1",8050,"ADRB2",0.000148693401879507,NA,NA,NA
"topology_ARG1",8051,"KCNQ2",0.000154321192943452,NA,NA,NA
"topology_ARG1",8052,"KCNJ11",0.00241899994818762,NA,NA,NA
"topology_ARG1",8053,"PTGS1",0.0001138588382259,NA,NA,NA
"topology_ARG1",8054,"KCNQ2",0.000154321192943452,NA,NA,NA
"topology_ARG1",8055,"GABRB3",0.000120726283226125,NA,NA,NA
"topology_ARG1",8056,"NR1H4",0.000150320210463128,NA,NA,NA
"topology_ARG1",8057,"ABCG2",0.00154702083903102,NA,NA,NA
"topology_ARG1",8058,"DRD2",0.000217393825030943,NA,NA,NA
"topology_ARG1",8059,"SCD",0.000143791042404695,NA,NA,NA
"topology_ARG1",8060,"HPRT1",0.00041877379526456,NA,NA,NA
"topology_ARG1",8061,"TAC1",0.001463424927591,NA,NA,NA
"topology_ARG1",8062,"CFTR",0.00160265872797649,NA,NA,NA
"topology_ARG1",8063,"PTGS1",0.0001138588382259,NA,NA,NA
"topology_ARG1",8064,"ACLY",0.000136799781064179,NA,NA,NA
"topology_ARG1",8065,"CS",0.000203624857343709,NA,NA,NA
"topology_ARG1",8066,"GSR",0.00032731672891706,NA,NA,NA
"topology_ARG1",8067,"TRPV4",0.000106153420904809,NA,NA,NA
"topology_ARG1",8068,"KCNQ2",0.000154321192943452,NA,NA,NA
"topology_ARG1",8069,"MT-CYB",0.000203007681716216,NA,NA,NA
"topology_ARG1",8070,"RARA",0.000182812715244118,NA,NA,NA
"topology_ARG1",8071,"ACLY",0.000136799781064179,NA,NA,NA
"topology_ARG1",8072,"HPRT1",0.00041877379526456,NA,NA,NA
"topology_ARG1",8073,"AGXT2",0.000181321349120078,NA,NA,NA
"topology_ARG1",8074,"ACLY",0.000136799781064179,NA,NA,NA
"topology_ARG1",8075,"PLA2G4A",0.000158908171599248,NA,NA,NA
"topology_ARG1",8076,"SCN2A",9.6829057864789e-05,NA,NA,NA
"topology_ARG1",8077,"RARA",0.000182812715244118,NA,NA,NA
"topology_ARG1",8078,"SCN1B",0.00123489854843939,NA,NA,NA
"topology_ARG1",8079,"ADCY2",0,NA,NA,NA
"topology_ARG1",8080,"KCNJ11",0.00241899994818762,NA,NA,NA
"topology_ARG1",8081,"TAC1",0.001463424927591,NA,NA,NA
"topology_ARG1",8082,"GABBR1",0.000629351098106912,NA,NA,NA
"topology_ARG1",8083,"TFRC",0.000239327299633385,NA,NA,NA
"topology_ARG1",8084,"GFAP",0.000240332727610593,NA,NA,NA
"topology_ARG1",8085,"GCK",0.000213793988103061,NA,NA,NA
"topology_ARG1",8086,"ADCY1",8.87083575196179e-06,NA,NA,NA
"topology_ARG1",8087,"SCN2A",9.6829057864789e-05,NA,NA,NA
"topology_ARG1",8088,"PTGS1",0.0001138588382259,NA,NA,NA
"topology_ARG1",8089,"PLA2G4A",0.000158908171599248,NA,NA,NA
"topology_ARG1",8090,"GCLC",8.05799891081538e-05,NA,NA,NA
"topology_ARG1",8091,"RARA",0.000182812715244118,NA,NA,NA
"topology_ARG1",8092,"DPP4",0.00143001137023646,NA,NA,NA
"topology_ARG1",8093,"GCLC",8.05799891081538e-05,NA,NA,NA
"topology_ARG1",8094,"ABCG2",0.00154702083903102,NA,NA,NA
"topology_ARG1",8095,"TRPV4",0.000106153420904809,NA,NA,NA
"topology_ARG1",8096,"MT-CYB",0.000203007681716216,NA,NA,NA
"topology_ARG1",8097,"GSR",0.00032731672891706,NA,NA,NA
"topology_ARG1",8098,"SLC6A3",0.000164253248760127,NA,NA,NA
"topology_ARG1",8099,"RARA",0.000182812715244118,NA,NA,NA
"topology_ARG1",8100,"SDHA",0.000611111269984921,NA,NA,NA
"topology_ARG1",8101,"GCK",0.000213793988103061,NA,NA,NA
"topology_ARG1",8102,"TAC1",0.001463424927591,NA,NA,NA
"topology_ARG1",8103,"DPP4",0.00143001137023646,NA,NA,NA
"topology_ARG1",8104,"TYMS",0.000142484575824997,NA,NA,NA
"topology_ARG1",8105,"KCNH2",0.000463751185241779,NA,NA,NA
"topology_ARG1",8106,"NR1H4",0.000150320210463128,NA,NA,NA
"topology_ARG1",8107,"GFAP",0.000240332727610593,NA,NA,NA
"topology_ARG1",8108,"SDHA",0.000611111269984921,NA,NA,NA
"topology_ARG1",8109,"PTH",0.00019439506068486,NA,NA,NA
"topology_ARG1",8110,"TRPV4",0.000106153420904809,NA,NA,NA
"topology_ARG1",8111,"GATM",0.000449150320023683,NA,NA,NA
"topology_ARG1",8112,"STAT4",0.000324242289791776,NA,NA,NA
"topology_ARG1",8113,"NQO1",0.000518240501310552,NA,NA,NA
"topology_ARG1",8114,"TYMS",0.000142484575824997,NA,NA,NA
"topology_ARG1",8115,"CAMP",0.00129691841056656,NA,NA,NA
"topology_ARG1",8116,"TRPV4",0.000106153420904809,NA,NA,NA
"topology_ARG1",8117,"ADCY2",0,NA,NA,NA
"topology_ARG1",8118,"XBP1",0.00130705850242441,NA,NA,NA
"topology_ARG1",8119,"NQO1",0.000518240501310552,NA,NA,NA
"topology_ARG1",8120,"NR1H4",0.000150320210463128,NA,NA,NA
"topology_ARG1",8121,"GFAP",0.000240332727610593,NA,NA,NA
"topology_ARG1",8122,"GABRG2",6.25131802217682e-05,NA,NA,NA
"topology_ARG1",8123,"PTGS1",0.0001138588382259,NA,NA,NA
"topology_ARG1",8124,"ACLY",0.000136799781064179,NA,NA,NA
"topology_ARG1",8125,"CFTR",0.00160265872797649,NA,NA,NA
"topology_ARG1",8126,"GFAP",0.000240332727610593,NA,NA,NA
"topology_ARG1",8127,"KCNJ11",0.00241899994818762,NA,NA,NA
"topology_ARG1",8128,"XDH",0.000207347108110545,NA,NA,NA
"topology_ARG1",8129,"KCNQ2",0.000154321192943452,NA,NA,NA
"topology_ARG1",8130,"DPP4",0.00143001137023646,NA,NA,NA
"topology_ARG1",8131,"PLA2G4A",0.000158908171599248,NA,NA,NA
"topology_ARG1",8132,"TYMS",0.000142484575824997,NA,NA,NA
"topology_ARG1",8133,"GABBR1",0.000629351098106912,NA,NA,NA
"topology_ARG1",8134,"TRPV4",0.000106153420904809,NA,NA,NA
"topology_ARG1",8135,"GFAP",0.000240332727610593,NA,NA,NA
"topology_ARG1",8136,"RARA",0.000182812715244118,NA,NA,NA
"topology_ARG1",8137,"DPP4",0.00143001137023646,NA,NA,NA
"topology_ARG1",8138,"HPRT1",0.00041877379526456,NA,NA,NA
"topology_ARG1",8139,"ADRB2",0.000148693401879507,NA,NA,NA
"topology_ARG1",8140,"RARA",0.000182812715244118,NA,NA,NA
"topology_ARG1",8141,"NQO1",0.000518240501310552,NA,NA,NA
"topology_ARG1",8142,"ADCY2",0,NA,NA,NA
"topology_ARG1",8143,"GABBR1",0.000629351098106912,NA,NA,NA
"topology_ARG1",8144,"TYMS",0.000142484575824997,NA,NA,NA
"topology_ARG1",8145,"XBP1",0.00130705850242441,NA,NA,NA
"topology_ARG1",8146,"PLA2G4A",0.000158908171599248,NA,NA,NA
"topology_ARG1",8147,"NQO1",0.000518240501310552,NA,NA,NA
"topology_ARG1",8148,"XDH",0.000207347108110545,NA,NA,NA
"topology_ARG1",8149,"PCNA",0.000281828068793732,NA,NA,NA
"topology_ARG1",8150,"KCNH2",0.000463751185241779,NA,NA,NA
"topology_ARG1",8151,"GCLC",8.05799891081538e-05,NA,NA,NA
"topology_ARG1",8152,"XDH",0.000207347108110545,NA,NA,NA
"topology_ARG1",8153,"ACLY",0.000136799781064179,NA,NA,NA
"topology_ARG1",8154,"CFTR",0.00160265872797649,NA,NA,NA
"topology_ARG1",8155,"PLA2G4A",0.000158908171599248,NA,NA,NA
"topology_ARG1",8156,"GAD1",0.000786829139807432,NA,NA,NA
"topology_ARG1",8157,"SCN1B",0.00123489854843939,NA,NA,NA
"topology_ARG1",8158,"CS",0.000203624857343709,NA,NA,NA
"topology_ARG1",8159,"CS",0.000203624857343709,NA,NA,NA
"topology_ARG1",8160,"PTH",0.00019439506068486,NA,NA,NA
"topology_ARG1",8161,"HK2",0.000296209764147126,NA,NA,NA
"topology_ARG1",8162,"ABCG2",0.00154702083903102,NA,NA,NA
"topology_ARG1",8163,"HK2",0.000296209764147126,NA,NA,NA
"topology_ARG1",8164,"KCNJ11",0.00241899994818762,NA,NA,NA
"topology_ARG1",8165,"TRPV4",0.000106153420904809,NA,NA,NA
"topology_ARG1",8166,"HK2",0.000296209764147126,NA,NA,NA
"topology_ARG1",8167,"RARA",0.000182812715244118,NA,NA,NA
"topology_ARG1",8168,"XBP1",0.00130705850242441,NA,NA,NA
"topology_ARG1",8169,"PCNA",0.000281828068793732,NA,NA,NA
"topology_ARG1",8170,"ABCG2",0.00154702083903102,NA,NA,NA
"topology_ARG1",8171,"DPP4",0.00143001137023646,NA,NA,NA
"topology_ARG1",8172,"GABRG2",6.25131802217682e-05,NA,NA,NA
"topology_ARG1",8173,"PLA2G4A",0.000158908171599248,NA,NA,NA
"topology_ARG1",8174,"PTGS1",0.0001138588382259,NA,NA,NA
"topology_ARG1",8175,"CS",0.000203624857343709,NA,NA,NA
"topology_ARG1",8176,"SDHA",0.000611111269984921,NA,NA,NA
"topology_ARG1",8177,"MT-CYB",0.000203007681716216,NA,NA,NA
"topology_ARG1",8178,"TFRC",0.000239327299633385,NA,NA,NA
"topology_ARG1",8179,"CAMP",0.00129691841056656,NA,NA,NA
"topology_ARG1",8180,"DPP4",0.00143001137023646,NA,NA,NA
"topology_ARG1",8181,"CS",0.000203624857343709,NA,NA,NA
"topology_ARG1",8182,"ADRB2",0.000148693401879507,NA,NA,NA
"topology_ARG1",8183,"AGXT2",0.000181321349120078,NA,NA,NA
"topology_ARG1",8184,"XDH",0.000207347108110545,NA,NA,NA
"topology_ARG1",8185,"PCNA",0.000281828068793732,NA,NA,NA
"topology_ARG1",8186,"GABRA1",0.000512519672648093,NA,NA,NA
"topology_ARG1",8187,"TRPV1",0.00166711359586047,NA,NA,NA
"topology_ARG1",8188,"GATM",0.000449150320023683,NA,NA,NA
"topology_ARG1",8189,"MECP2",0.000428908523146032,NA,NA,NA
"topology_ARG1",8190,"GABBR1",0.000629351098106912,NA,NA,NA
"topology_ARG1",8191,"PTH",0.00019439506068486,NA,NA,NA
"topology_ARG1",8192,"GABBR1",0.000629351098106912,NA,NA,NA
"topology_ARG1",8193,"ABCG2",0.00154702083903102,NA,NA,NA
"topology_ARG1",8194,"PTH",0.00019439506068486,NA,NA,NA
"topology_ARG1",8195,"CAMP",0.00129691841056656,NA,NA,NA
"topology_ARG1",8196,"PTGS1",0.0001138588382259,NA,NA,NA
"topology_ARG1",8197,"KCNQ2",0.000154321192943452,NA,NA,NA
"topology_ARG1",8198,"AGXT2",0.000181321349120078,NA,NA,NA
"topology_ARG1",8199,"GABRB3",0.000120726283226125,NA,NA,NA
"topology_ARG1",8200,"PLA2G4A",0.000158908171599248,NA,NA,NA
"topology_ARG1",8201,"CAMP",0.00129691841056656,NA,NA,NA
"topology_ARG1",8202,"TAC1",0.001463424927591,NA,NA,NA
"topology_ARG1",8203,"GSR",0.00032731672891706,NA,NA,NA
"topology_ARG1",8204,"DPP4",0.00143001137023646,NA,NA,NA
"topology_ARG1",8205,"GSR",0.00032731672891706,NA,NA,NA
"topology_ARG1",8206,"GATM",0.000449150320023683,NA,NA,NA
"topology_ARG1",8207,"ACLY",0.000136799781064179,NA,NA,NA
"topology_ARG1",8208,"GABRA1",0.000512519672648093,NA,NA,NA
"topology_ARG1",8209,"CAMP",0.00129691841056656,NA,NA,NA
"topology_ARG1",8210,"KCNH2",0.000463751185241779,NA,NA,NA
"topology_ARG1",8211,"KCNJ11",0.00241899994818762,NA,NA,NA
"topology_ARG1",8212,"PTGS1",0.0001138588382259,NA,NA,NA
"topology_ARG1",8213,"RARA",0.000182812715244118,NA,NA,NA
"topology_ARG1",8214,"GABRG2",6.25131802217682e-05,NA,NA,NA
"topology_ARG1",8215,"HK2",0.000296209764147126,NA,NA,NA
"topology_ARG1",8216,"NQO1",0.000518240501310552,NA,NA,NA
"topology_ARG1",8217,"GAD1",0.000786829139807432,NA,NA,NA
"topology_ARG1",8218,"PCNA",0.000281828068793732,NA,NA,NA
"topology_ARG1",8219,"STAT4",0.000324242289791776,NA,NA,NA
"topology_ARG1",8220,"ADCY2",0,NA,NA,NA
"topology_ARG1",8221,"SCN1B",0.00123489854843939,NA,NA,NA
"topology_ARG1",8222,"GSR",0.00032731672891706,NA,NA,NA
"topology_ARG1",8223,"GABRA1",0.000512519672648093,NA,NA,NA
"topology_ARG1",8224,"PTH",0.00019439506068486,NA,NA,NA
"topology_ARG1",8225,"STAT4",0.000324242289791776,NA,NA,NA
"topology_ARG1",8226,"KCNH2",0.000463751185241779,NA,NA,NA
"topology_ARG1",8227,"GFAP",0.000240332727610593,NA,NA,NA
"topology_ARG1",8228,"GABRA1",0.000512519672648093,NA,NA,NA
"topology_ARG1",8229,"ABCG2",0.00154702083903102,NA,NA,NA
"topology_ARG1",8230,"PRKAG2",0.00023019859617357,NA,NA,NA
"topology_ARG1",8231,"XDH",0.000207347108110545,NA,NA,NA
"topology_ARG1",8232,"PTGS1",0.0001138588382259,NA,NA,NA
"topology_ARG1",8233,"CFTR",0.00160265872797649,NA,NA,NA
"topology_ARG1",8234,"ABCG2",0.00154702083903102,NA,NA,NA
"topology_ARG1",8235,"HPRT1",0.00041877379526456,NA,NA,NA
"topology_ARG1",8236,"TAC1",0.001463424927591,NA,NA,NA
"topology_ARG1",8237,"SCN2A",9.6829057864789e-05,NA,NA,NA
"topology_ARG1",8238,"SLC6A3",0.000164253248760127,NA,NA,NA
"topology_ARG1",8239,"GCLC",8.05799891081538e-05,NA,NA,NA
"topology_ARG1",8240,"CFTR",0.00160265872797649,NA,NA,NA
"topology_ARG1",8241,"HK2",0.000296209764147126,NA,NA,NA
"topology_ARG1",8242,"RARA",0.000182812715244118,NA,NA,NA
"topology_ARG1",8243,"MECP2",0.000428908523146032,NA,NA,NA
"topology_ARG1",8244,"KCNQ2",0.000154321192943452,NA,NA,NA
"topology_ARG1",8245,"GFAP",0.000240332727610593,NA,NA,NA
"topology_ARG1",8246,"TRPV4",0.000106153420904809,NA,NA,NA
"topology_ARG1",8247,"CAMP",0.00129691841056656,NA,NA,NA
"topology_ARG1",8248,"TFRC",0.000239327299633385,NA,NA,NA
"topology_ARG1",8249,"ADCY2",0,NA,NA,NA
"topology_ARG1",8250,"GRM5",0.000204723227971049,NA,NA,NA
"topology_ARG1",8251,"PRKAG2",0.00023019859617357,NA,NA,NA
"topology_ARG1",8252,"DPP4",0.00143001137023646,NA,NA,NA
"topology_ARG1",8253,"KCNH2",0.000463751185241779,NA,NA,NA
"topology_ARG1",8254,"GABBR1",0.000629351098106912,NA,NA,NA
"topology_ARG1",8255,"TRPV1",0.00166711359586047,NA,NA,NA
"topology_ARG1",8256,"HPRT1",0.00041877379526456,NA,NA,NA
"topology_ARG1",8257,"NR1H4",0.000150320210463128,NA,NA,NA
"topology_ARG1",8258,"NQO1",0.000518240501310552,NA,NA,NA
"topology_ARG1",8259,"SCD",0.000143791042404695,NA,NA,NA
"topology_ARG1",8260,"GSR",0.00032731672891706,NA,NA,NA
"topology_ARG1",8261,"NQO1",0.000518240501310552,NA,NA,NA
"topology_ARG1",8262,"MT-CYB",0.000203007681716216,NA,NA,NA
"topology_ARG1",8263,"SCN1B",0.00123489854843939,NA,NA,NA
"topology_ARG1",8264,"STAT4",0.000324242289791776,NA,NA,NA
"topology_ARG1",8265,"CS",0.000203624857343709,NA,NA,NA
"topology_ARG1",8266,"SCD",0.000143791042404695,NA,NA,NA
"topology_ARG1",8267,"ADRB2",0.000148693401879507,NA,NA,NA
"topology_ARG1",8268,"HPRT1",0.00041877379526456,NA,NA,NA
"topology_ARG1",8269,"SCN2A",9.6829057864789e-05,NA,NA,NA
"topology_ARG1",8270,"GCK",0.000213793988103061,NA,NA,NA
"topology_ARG1",8271,"RARA",0.000182812715244118,NA,NA,NA
"topology_ARG1",8272,"AGXT2",0.000181321349120078,NA,NA,NA
"topology_ARG1",8273,"PTH",0.00019439506068486,NA,NA,NA
"topology_ARG1",8274,"RARA",0.000182812715244118,NA,NA,NA
"topology_ARG1",8275,"NR1H4",0.000150320210463128,NA,NA,NA
"topology_ARG1",8276,"TAC1",0.001463424927591,NA,NA,NA
"topology_ARG1",8277,"HPRT1",0.00041877379526456,NA,NA,NA
"topology_ARG1",8278,"PLA2G4A",0.000158908171599248,NA,NA,NA
"topology_ARG1",8279,"TFRC",0.000239327299633385,NA,NA,NA
"topology_ARG1",8280,"KCNH2",0.000463751185241779,NA,NA,NA
"topology_ARG1",8281,"ADCY2",0,NA,NA,NA
"topology_ARG1",8282,"ADCY2",0,NA,NA,NA
"topology_ARG1",8283,"GABRA1",0.000512519672648093,NA,NA,NA
"topology_ARG1",8284,"TFRC",0.000239327299633385,NA,NA,NA
"topology_ARG1",8285,"TRPV4",0.000106153420904809,NA,NA,NA
"topology_ARG1",8286,"DPP4",0.00143001137023646,NA,NA,NA
"topology_ARG1",8287,"GRM5",0.000204723227971049,NA,NA,NA
"topology_ARG1",8288,"GCLC",8.05799891081538e-05,NA,NA,NA
"topology_ARG1",8289,"TRPV4",0.000106153420904809,NA,NA,NA
"topology_ARG1",8290,"SDHA",0.000611111269984921,NA,NA,NA
"topology_ARG1",8291,"SDHA",0.000611111269984921,NA,NA,NA
"topology_ARG1",8292,"GCLC",8.05799891081538e-05,NA,NA,NA
"topology_ARG1",8293,"MECP2",0.000428908523146032,NA,NA,NA
"topology_ARG1",8294,"GFAP",0.000240332727610593,NA,NA,NA
"topology_ARG1",8295,"ADCY1",8.87083575196179e-06,NA,NA,NA
"topology_ARG1",8296,"PLA2G4A",0.000158908171599248,NA,NA,NA
"topology_ARG1",8297,"CFTR",0.00160265872797649,NA,NA,NA
"topology_ARG1",8298,"SLC6A3",0.000164253248760127,NA,NA,NA
"topology_ARG1",8299,"NQO1",0.000518240501310552,NA,NA,NA
"topology_ARG1",8300,"GABRB3",0.000120726283226125,NA,NA,NA
"topology_ARG1",8301,"TYMS",0.000142484575824997,NA,NA,NA
"topology_ARG1",8302,"XDH",0.000207347108110545,NA,NA,NA
"topology_ARG1",8303,"DRD2",0.000217393825030943,NA,NA,NA
"topology_ARG1",8304,"NR1H4",0.000150320210463128,NA,NA,NA
"topology_ARG1",8305,"GFAP",0.000240332727610593,NA,NA,NA
"topology_ARG1",8306,"PTGS1",0.0001138588382259,NA,NA,NA
"topology_ARG1",8307,"CFTR",0.00160265872797649,NA,NA,NA
"topology_ARG1",8308,"ADCY1",8.87083575196179e-06,NA,NA,NA
"topology_ARG1",8309,"KCNJ11",0.00241899994818762,NA,NA,NA
"topology_ARG1",8310,"SLC6A3",0.000164253248760127,NA,NA,NA
"topology_ARG1",8311,"PTGS1",0.0001138588382259,NA,NA,NA
"topology_ARG1",8312,"ACLY",0.000136799781064179,NA,NA,NA
"topology_ARG1",8313,"SCD",0.000143791042404695,NA,NA,NA
"topology_ARG1",8314,"TRPV1",0.00166711359586047,NA,NA,NA
"topology_ARG1",8315,"XDH",0.000207347108110545,NA,NA,NA
"topology_ARG1",8316,"GABBR1",0.000629351098106912,NA,NA,NA
"topology_ARG1",8317,"GFAP",0.000240332727610593,NA,NA,NA
"topology_ARG1",8318,"PRKAG2",0.00023019859617357,NA,NA,NA
"topology_ARG1",8319,"GABBR1",0.000629351098106912,NA,NA,NA
"topology_ARG1",8320,"SCN1B",0.00123489854843939,NA,NA,NA
"topology_ARG1",8321,"GFAP",0.000240332727610593,NA,NA,NA
"topology_ARG1",8322,"SCN2A",9.6829057864789e-05,NA,NA,NA
"topology_ARG1",8323,"MT-CYB",0.000203007681716216,NA,NA,NA
"topology_ARG1",8324,"GCK",0.000213793988103061,NA,NA,NA
"topology_ARG1",8325,"PCNA",0.000281828068793732,NA,NA,NA
"topology_ARG1",8326,"TYMS",0.000142484575824997,NA,NA,NA
"topology_ARG1",8327,"KCNJ11",0.00241899994818762,NA,NA,NA
"topology_ARG1",8328,"GAD1",0.000786829139807432,NA,NA,NA
"topology_ARG1",8329,"GCK",0.000213793988103061,NA,NA,NA
"topology_ARG1",8330,"CFTR",0.00160265872797649,NA,NA,NA
"topology_ARG1",8331,"CAMP",0.00129691841056656,NA,NA,NA
"topology_ARG1",8332,"DRD2",0.000217393825030943,NA,NA,NA
"topology_ARG1",8333,"GFAP",0.000240332727610593,NA,NA,NA
"topology_ARG1",8334,"TFRC",0.000239327299633385,NA,NA,NA
"topology_ARG1",8335,"TRPV4",0.000106153420904809,NA,NA,NA
"topology_ARG1",8336,"TFRC",0.000239327299633385,NA,NA,NA
"topology_ARG1",8337,"SCN1B",0.00123489854843939,NA,NA,NA
"topology_ARG1",8338,"TFRC",0.000239327299633385,NA,NA,NA
"topology_ARG1",8339,"CFTR",0.00160265872797649,NA,NA,NA
"topology_ARG1",8340,"GCLC",8.05799891081538e-05,NA,NA,NA
"topology_ARG1",8341,"HPRT1",0.00041877379526456,NA,NA,NA
"topology_ARG1",8342,"AGXT2",0.000181321349120078,NA,NA,NA
"topology_ARG1",8343,"CAMP",0.00129691841056656,NA,NA,NA
"topology_ARG1",8344,"TAC1",0.001463424927591,NA,NA,NA
"topology_ARG1",8345,"TYMS",0.000142484575824997,NA,NA,NA
"topology_ARG1",8346,"TAC1",0.001463424927591,NA,NA,NA
"topology_ARG1",8347,"PCNA",0.000281828068793732,NA,NA,NA
"topology_ARG1",8348,"GATM",0.000449150320023683,NA,NA,NA
"topology_ARG1",8349,"PCNA",0.000281828068793732,NA,NA,NA
"topology_ARG1",8350,"GFAP",0.000240332727610593,NA,NA,NA
"topology_ARG1",8351,"GATM",0.000449150320023683,NA,NA,NA
"topology_ARG1",8352,"TFRC",0.000239327299633385,NA,NA,NA
"topology_ARG1",8353,"ADCY1",8.87083575196179e-06,NA,NA,NA
"topology_ARG1",8354,"ADCY2",0,NA,NA,NA
"topology_ARG1",8355,"GABRG2",6.25131802217682e-05,NA,NA,NA
"topology_ARG1",8356,"GCLC",8.05799891081538e-05,NA,NA,NA
"topology_ARG1",8357,"SCN2A",9.6829057864789e-05,NA,NA,NA
"topology_ARG1",8358,"TFRC",0.000239327299633385,NA,NA,NA
"topology_ARG1",8359,"PCNA",0.000281828068793732,NA,NA,NA
"topology_ARG1",8360,"KCNQ2",0.000154321192943452,NA,NA,NA
"topology_ARG1",8361,"MT-CYB",0.000203007681716216,NA,NA,NA
"topology_ARG1",8362,"KCNH2",0.000463751185241779,NA,NA,NA
"topology_ARG1",8363,"NR1H4",0.000150320210463128,NA,NA,NA
"topology_ARG1",8364,"PLA2G4A",0.000158908171599248,NA,NA,NA
"topology_ARG1",8365,"CFTR",0.00160265872797649,NA,NA,NA
"topology_ARG1",8366,"SCN1B",0.00123489854843939,NA,NA,NA
"topology_ARG1",8367,"TRPV4",0.000106153420904809,NA,NA,NA
"topology_ARG1",8368,"SCN1B",0.00123489854843939,NA,NA,NA
"topology_ARG1",8369,"PTGS1",0.0001138588382259,NA,NA,NA
"topology_ARG1",8370,"PLA2G4A",0.000158908171599248,NA,NA,NA
"topology_ARG1",8371,"XDH",0.000207347108110545,NA,NA,NA
"topology_ARG1",8372,"HK2",0.000296209764147126,NA,NA,NA
"topology_ARG1",8373,"SLC6A3",0.000164253248760127,NA,NA,NA
"topology_ARG1",8374,"ABCG2",0.00154702083903102,NA,NA,NA
"topology_ARG1",8375,"GSR",0.00032731672891706,NA,NA,NA
"topology_ARG1",8376,"SCN2A",9.6829057864789e-05,NA,NA,NA
"topology_ARG1",8377,"STAT4",0.000324242289791776,NA,NA,NA
"topology_ARG1",8378,"PCNA",0.000281828068793732,NA,NA,NA
"topology_ARG1",8379,"MT-CYB",0.000203007681716216,NA,NA,NA
"topology_ARG1",8380,"GABRG2",6.25131802217682e-05,NA,NA,NA
"topology_ARG1",8381,"RARA",0.000182812715244118,NA,NA,NA
"topology_ARG1",8382,"GABBR1",0.000629351098106912,NA,NA,NA
"topology_ARG1",8383,"SCN2A",9.6829057864789e-05,NA,NA,NA
"topology_ARG1",8384,"PTGS1",0.0001138588382259,NA,NA,NA
"topology_ARG1",8385,"KCNH2",0.000463751185241779,NA,NA,NA
"topology_ARG1",8386,"TRPV1",0.00166711359586047,NA,NA,NA
"topology_ARG1",8387,"SDHA",0.000611111269984921,NA,NA,NA
"topology_ARG1",8388,"NQO1",0.000518240501310552,NA,NA,NA
"topology_ARG1",8389,"PTGS1",0.0001138588382259,NA,NA,NA
"topology_ARG1",8390,"GRM5",0.000204723227971049,NA,NA,NA
"topology_ARG1",8391,"CFTR",0.00160265872797649,NA,NA,NA
"topology_ARG1",8392,"STAT4",0.000324242289791776,NA,NA,NA
"topology_ARG1",8393,"ADRB2",0.000148693401879507,NA,NA,NA
"topology_ARG1",8394,"DRD2",0.000217393825030943,NA,NA,NA
"topology_ARG1",8395,"SDHA",0.000611111269984921,NA,NA,NA
"topology_ARG1",8396,"XBP1",0.00130705850242441,NA,NA,NA
"topology_ARG1",8397,"MECP2",0.000428908523146032,NA,NA,NA
"topology_ARG1",8398,"PCNA",0.000281828068793732,NA,NA,NA
"topology_ARG1",8399,"DPP4",0.00143001137023646,NA,NA,NA
"topology_ARG1",8400,"KCNQ2",0.000154321192943452,NA,NA,NA
"topology_ARG1",8401,"PTH",0.00019439506068486,NA,NA,NA
"topology_ARG1",8402,"PCNA",0.000281828068793732,NA,NA,NA
"topology_ARG1",8403,"RARA",0.000182812715244118,NA,NA,NA
"topology_ARG1",8404,"MECP2",0.000428908523146032,NA,NA,NA
"topology_ARG1",8405,"CS",0.000203624857343709,NA,NA,NA
"topology_ARG1",8406,"GABRA1",0.000512519672648093,NA,NA,NA
"topology_ARG1",8407,"GCLC",8.05799891081538e-05,NA,NA,NA
"topology_ARG1",8408,"CFTR",0.00160265872797649,NA,NA,NA
"topology_ARG1",8409,"HK2",0.000296209764147126,NA,NA,NA
"topology_ARG1",8410,"GABRB3",0.000120726283226125,NA,NA,NA
"topology_ARG1",8411,"ABCG2",0.00154702083903102,NA,NA,NA
"topology_ARG1",8412,"GAD1",0.000786829139807432,NA,NA,NA
"topology_ARG1",8413,"DPP4",0.00143001137023646,NA,NA,NA
"topology_ARG1",8414,"KCNQ2",0.000154321192943452,NA,NA,NA
"topology_ARG1",8415,"GCLC",8.05799891081538e-05,NA,NA,NA
"topology_ARG1",8416,"ABCG2",0.00154702083903102,NA,NA,NA
"topology_ARG1",8417,"SCD",0.000143791042404695,NA,NA,NA
"topology_ARG1",8418,"GABBR1",0.000629351098106912,NA,NA,NA
"topology_ARG1",8419,"XBP1",0.00130705850242441,NA,NA,NA
"topology_ARG1",8420,"DPP4",0.00143001137023646,NA,NA,NA
"topology_ARG1",8421,"PRKAG2",0.00023019859617357,NA,NA,NA
"topology_ARG1",8422,"PTGS1",0.0001138588382259,NA,NA,NA
"topology_ARG1",8423,"ABCG2",0.00154702083903102,NA,NA,NA
"topology_ARG1",8424,"SCD",0.000143791042404695,NA,NA,NA
"topology_ARG1",8425,"CS",0.000203624857343709,NA,NA,NA
"topology_ARG1",8426,"DPP4",0.00143001137023646,NA,NA,NA
"topology_ARG1",8427,"AGXT2",0.000181321349120078,NA,NA,NA
"topology_ARG1",8428,"GABRG2",6.25131802217682e-05,NA,NA,NA
"topology_ARG1",8429,"ADCY2",0,NA,NA,NA
"topology_ARG1",8430,"ACLY",0.000136799781064179,NA,NA,NA
"topology_ARG1",8431,"ACLY",0.000136799781064179,NA,NA,NA
"topology_ARG1",8432,"GATM",0.000449150320023683,NA,NA,NA
"topology_ARG1",8433,"TRPV4",0.000106153420904809,NA,NA,NA
"topology_ARG1",8434,"CS",0.000203624857343709,NA,NA,NA
"topology_ARG1",8435,"TFRC",0.000239327299633385,NA,NA,NA
"topology_ARG1",8436,"CAMP",0.00129691841056656,NA,NA,NA
"topology_ARG1",8437,"XBP1",0.00130705850242441,NA,NA,NA
"topology_ARG1",8438,"XBP1",0.00130705850242441,NA,NA,NA
"topology_ARG1",8439,"SDHA",0.000611111269984921,NA,NA,NA
"topology_ARG1",8440,"SCN2A",9.6829057864789e-05,NA,NA,NA
"topology_ARG1",8441,"KCNQ2",0.000154321192943452,NA,NA,NA
"topology_ARG1",8442,"PRKAG2",0.00023019859617357,NA,NA,NA
"topology_ARG1",8443,"CS",0.000203624857343709,NA,NA,NA
"topology_ARG1",8444,"GATM",0.000449150320023683,NA,NA,NA
"topology_ARG1",8445,"PTH",0.00019439506068486,NA,NA,NA
"topology_ARG1",8446,"SDHA",0.000611111269984921,NA,NA,NA
"topology_ARG1",8447,"MT-CYB",0.000203007681716216,NA,NA,NA
"topology_ARG1",8448,"XDH",0.000207347108110545,NA,NA,NA
"topology_ARG1",8449,"MECP2",0.000428908523146032,NA,NA,NA
"topology_ARG1",8450,"TAC1",0.001463424927591,NA,NA,NA
"topology_ARG1",8451,"GABBR1",0.000629351098106912,NA,NA,NA
"topology_ARG1",8452,"AGXT2",0.000181321349120078,NA,NA,NA
"topology_ARG1",8453,"GCK",0.000213793988103061,NA,NA,NA
"topology_ARG1",8454,"NR1H4",0.000150320210463128,NA,NA,NA
"topology_ARG1",8455,"CAMP",0.00129691841056656,NA,NA,NA
"topology_ARG1",8456,"GCLC",8.05799891081538e-05,NA,NA,NA
"topology_ARG1",8457,"GABRB3",0.000120726283226125,NA,NA,NA
"topology_ARG1",8458,"GABRA1",0.000512519672648093,NA,NA,NA
"topology_ARG1",8459,"MT-CYB",0.000203007681716216,NA,NA,NA
"topology_ARG1",8460,"ACLY",0.000136799781064179,NA,NA,NA
"topology_ARG1",8461,"DPP4",0.00143001137023646,NA,NA,NA
"topology_ARG1",8462,"PRKAG2",0.00023019859617357,NA,NA,NA
"topology_ARG1",8463,"GAD1",0.000786829139807432,NA,NA,NA
"topology_ARG1",8464,"KCNH2",0.000463751185241779,NA,NA,NA
"topology_ARG1",8465,"CAMP",0.00129691841056656,NA,NA,NA
"topology_ARG1",8466,"STAT4",0.000324242289791776,NA,NA,NA
"topology_ARG1",8467,"DPP4",0.00143001137023646,NA,NA,NA
"topology_ARG1",8468,"GCK",0.000213793988103061,NA,NA,NA
"topology_ARG1",8469,"ACLY",0.000136799781064179,NA,NA,NA
"topology_ARG1",8470,"KCNH2",0.000463751185241779,NA,NA,NA
"topology_ARG1",8471,"KCNH2",0.000463751185241779,NA,NA,NA
"topology_ARG1",8472,"GAD1",0.000786829139807432,NA,NA,NA
"topology_ARG1",8473,"CS",0.000203624857343709,NA,NA,NA
"topology_ARG1",8474,"KCNQ2",0.000154321192943452,NA,NA,NA
"topology_ARG1",8475,"GCLC",8.05799891081538e-05,NA,NA,NA
"topology_ARG1",8476,"SCN2A",9.6829057864789e-05,NA,NA,NA
"topology_ARG1",8477,"GABBR1",0.000629351098106912,NA,NA,NA
"topology_ARG1",8478,"GABRA1",0.000512519672648093,NA,NA,NA
"topology_ARG1",8479,"STAT4",0.000324242289791776,NA,NA,NA
"topology_ARG1",8480,"SCN1B",0.00123489854843939,NA,NA,NA
"topology_ARG1",8481,"GABRG2",6.25131802217682e-05,NA,NA,NA
"topology_ARG1",8482,"CFTR",0.00160265872797649,NA,NA,NA
"topology_ARG1",8483,"KCNJ11",0.00241899994818762,NA,NA,NA
"topology_ARG1",8484,"CAMP",0.00129691841056656,NA,NA,NA
"topology_ARG1",8485,"GAD1",0.000786829139807432,NA,NA,NA
"topology_ARG1",8486,"KCNH2",0.000463751185241779,NA,NA,NA
"topology_ARG1",8487,"TRPV4",0.000106153420904809,NA,NA,NA
"topology_ARG1",8488,"HPRT1",0.00041877379526456,NA,NA,NA
"topology_ARG1",8489,"NR1H4",0.000150320210463128,NA,NA,NA
"topology_ARG1",8490,"GABRG2",6.25131802217682e-05,NA,NA,NA
"topology_ARG1",8491,"NR1H4",0.000150320210463128,NA,NA,NA
"topology_ARG1",8492,"GAD1",0.000786829139807432,NA,NA,NA
"topology_ARG1",8493,"ABCG2",0.00154702083903102,NA,NA,NA
"topology_ARG1",8494,"ACLY",0.000136799781064179,NA,NA,NA
"topology_ARG1",8495,"SCN2A",9.6829057864789e-05,NA,NA,NA
"topology_ARG1",8496,"HK2",0.000296209764147126,NA,NA,NA
"topology_ARG1",8497,"GABRG2",6.25131802217682e-05,NA,NA,NA
"topology_ARG1",8498,"PCNA",0.000281828068793732,NA,NA,NA
"topology_ARG1",8499,"GFAP",0.000240332727610593,NA,NA,NA
"topology_ARG1",8500,"PCNA",0.000281828068793732,NA,NA,NA
"topology_ARG1",8501,"PTH",0.00019439506068486,NA,NA,NA
"topology_ARG1",8502,"PTGS1",0.0001138588382259,NA,NA,NA
"topology_ARG1",8503,"PCNA",0.000281828068793732,NA,NA,NA
"topology_ARG1",8504,"SCD",0.000143791042404695,NA,NA,NA
"topology_ARG1",8505,"XDH",0.000207347108110545,NA,NA,NA
"topology_ARG1",8506,"NQO1",0.000518240501310552,NA,NA,NA
"topology_ARG1",8507,"GRM5",0.000204723227971049,NA,NA,NA
"topology_ARG1",8508,"GABRB3",0.000120726283226125,NA,NA,NA
"topology_ARG1",8509,"GABRB3",0.000120726283226125,NA,NA,NA
"topology_ARG1",8510,"XDH",0.000207347108110545,NA,NA,NA
"topology_ARG1",8511,"NR1H4",0.000150320210463128,NA,NA,NA
"topology_ARG1",8512,"GFAP",0.000240332727610593,NA,NA,NA
"topology_ARG1",8513,"GATM",0.000449150320023683,NA,NA,NA
"topology_ARG1",8514,"STAT4",0.000324242289791776,NA,NA,NA
"topology_ARG1",8515,"CAMP",0.00129691841056656,NA,NA,NA
"topology_ARG1",8516,"DPP4",0.00143001137023646,NA,NA,NA
"topology_ARG1",8517,"GSR",0.00032731672891706,NA,NA,NA
"topology_ARG1",8518,"PCNA",0.000281828068793732,NA,NA,NA
"topology_ARG1",8519,"SDHA",0.000611111269984921,NA,NA,NA
"topology_ARG1",8520,"PCNA",0.000281828068793732,NA,NA,NA
"topology_ARG1",8521,"ABCG2",0.00154702083903102,NA,NA,NA
"topology_ARG1",8522,"SCN1B",0.00123489854843939,NA,NA,NA
"topology_ARG1",8523,"GRM5",0.000204723227971049,NA,NA,NA
"topology_ARG1",8524,"GRM5",0.000204723227971049,NA,NA,NA
"topology_ARG1",8525,"SCN1B",0.00123489854843939,NA,NA,NA
"topology_ARG1",8526,"GABRA1",0.000512519672648093,NA,NA,NA
"topology_ARG1",8527,"CFTR",0.00160265872797649,NA,NA,NA
"topology_ARG1",8528,"GFAP",0.000240332727610593,NA,NA,NA
"topology_ARG1",8529,"GATM",0.000449150320023683,NA,NA,NA
"topology_ARG1",8530,"MT-CYB",0.000203007681716216,NA,NA,NA
"topology_ARG1",8531,"DPP4",0.00143001137023646,NA,NA,NA
"topology_ARG1",8532,"XBP1",0.00130705850242441,NA,NA,NA
"topology_ARG1",8533,"ABCG2",0.00154702083903102,NA,NA,NA
"topology_ARG1",8534,"AGXT2",0.000181321349120078,NA,NA,NA
"topology_ARG1",8535,"GFAP",0.000240332727610593,NA,NA,NA
"topology_ARG1",8536,"TAC1",0.001463424927591,NA,NA,NA
"topology_ARG1",8537,"PTH",0.00019439506068486,NA,NA,NA
"topology_ARG1",8538,"GRM5",0.000204723227971049,NA,NA,NA
"topology_ARG1",8539,"GCK",0.000213793988103061,NA,NA,NA
"topology_ARG1",8540,"CFTR",0.00160265872797649,NA,NA,NA
"topology_ARG1",8541,"PTGS1",0.0001138588382259,NA,NA,NA
"topology_ARG1",8542,"RARA",0.000182812715244118,NA,NA,NA
"topology_ARG1",8543,"KCNJ11",0.00241899994818762,NA,NA,NA
"topology_ARG1",8544,"TRPV1",0.00166711359586047,NA,NA,NA
"topology_ARG1",8545,"SCD",0.000143791042404695,NA,NA,NA
"topology_ARG1",8546,"TAC1",0.001463424927591,NA,NA,NA
"topology_ARG1",8547,"ADCY1",8.87083575196179e-06,NA,NA,NA
"topology_ARG1",8548,"CAMP",0.00129691841056656,NA,NA,NA
"topology_ARG1",8549,"KCNQ2",0.000154321192943452,NA,NA,NA
"topology_ARG1",8550,"GATM",0.000449150320023683,NA,NA,NA
"topology_ARG1",8551,"DRD2",0.000217393825030943,NA,NA,NA
"topology_ARG1",8552,"KCNH2",0.000463751185241779,NA,NA,NA
"topology_ARG1",8553,"PCNA",0.000281828068793732,NA,NA,NA
"topology_ARG1",8554,"GRM5",0.000204723227971049,NA,NA,NA
"topology_ARG1",8555,"RARA",0.000182812715244118,NA,NA,NA
"topology_ARG1",8556,"SLC6A3",0.000164253248760127,NA,NA,NA
"topology_ARG1",8557,"KCNJ11",0.00241899994818762,NA,NA,NA
"topology_ARG1",8558,"KCNH2",0.000463751185241779,NA,NA,NA
"topology_ARG1",8559,"STAT4",0.000324242289791776,NA,NA,NA
"topology_ARG1",8560,"HK2",0.000296209764147126,NA,NA,NA
"topology_ARG1",8561,"PCNA",0.000281828068793732,NA,NA,NA
"topology_ARG1",8562,"KCNH2",0.000463751185241779,NA,NA,NA
"topology_ARG1",8563,"DRD2",0.000217393825030943,NA,NA,NA
"topology_ARG1",8564,"GABRA1",0.000512519672648093,NA,NA,NA
"topology_ARG1",8565,"XDH",0.000207347108110545,NA,NA,NA
"topology_ARG1",8566,"SCN1B",0.00123489854843939,NA,NA,NA
"topology_ARG1",8567,"AGXT2",0.000181321349120078,NA,NA,NA
"topology_ARG1",8568,"GABRG2",6.25131802217682e-05,NA,NA,NA
"topology_ARG1",8569,"CAMP",0.00129691841056656,NA,NA,NA
"topology_ARG1",8570,"TRPV4",0.000106153420904809,NA,NA,NA
"topology_ARG1",8571,"TYMS",0.000142484575824997,NA,NA,NA
"topology_ARG1",8572,"CS",0.000203624857343709,NA,NA,NA
"topology_ARG1",8573,"CFTR",0.00160265872797649,NA,NA,NA
"topology_ARG1",8574,"XDH",0.000207347108110545,NA,NA,NA
"topology_ARG1",8575,"MT-CYB",0.000203007681716216,NA,NA,NA
"topology_ARG1",8576,"GABRA1",0.000512519672648093,NA,NA,NA
"topology_ARG1",8577,"ADCY1",8.87083575196179e-06,NA,NA,NA
"topology_ARG1",8578,"CFTR",0.00160265872797649,NA,NA,NA
"topology_ARG1",8579,"GATM",0.000449150320023683,NA,NA,NA
"topology_ARG1",8580,"HK2",0.000296209764147126,NA,NA,NA
"topology_ARG1",8581,"TRPV1",0.00166711359586047,NA,NA,NA
"topology_ARG1",8582,"GABBR1",0.000629351098106912,NA,NA,NA
"topology_ARG1",8583,"GCK",0.000213793988103061,NA,NA,NA
"topology_ARG1",8584,"NR1H4",0.000150320210463128,NA,NA,NA
"topology_ARG1",8585,"TYMS",0.000142484575824997,NA,NA,NA
"topology_ARG1",8586,"SCN2A",9.6829057864789e-05,NA,NA,NA
"topology_ARG1",8587,"RARA",0.000182812715244118,NA,NA,NA
"topology_ARG1",8588,"GAD1",0.000786829139807432,NA,NA,NA
"topology_ARG1",8589,"GSR",0.00032731672891706,NA,NA,NA
"topology_ARG1",8590,"GSR",0.00032731672891706,NA,NA,NA
"topology_ARG1",8591,"HK2",0.000296209764147126,NA,NA,NA
"topology_ARG1",8592,"KCNQ2",0.000154321192943452,NA,NA,NA
"topology_ARG1",8593,"MECP2",0.000428908523146032,NA,NA,NA
"topology_ARG1",8594,"TRPV1",0.00166711359586047,NA,NA,NA
"topology_ARG1",8595,"GCK",0.000213793988103061,NA,NA,NA
"topology_ARG1",8596,"CAMP",0.00129691841056656,NA,NA,NA
"topology_ARG1",8597,"TRPV1",0.00166711359586047,NA,NA,NA
"topology_ARG1",8598,"GAD1",0.000786829139807432,NA,NA,NA
"topology_ARG1",8599,"TAC1",0.001463424927591,NA,NA,NA
"topology_ARG1",8600,"KCNQ2",0.000154321192943452,NA,NA,NA
"topology_ARG1",8601,"SLC6A3",0.000164253248760127,NA,NA,NA
"topology_ARG1",8602,"HK2",0.000296209764147126,NA,NA,NA
"topology_ARG1",8603,"SDHA",0.000611111269984921,NA,NA,NA
"topology_ARG1",8604,"TRPV1",0.00166711359586047,NA,NA,NA
"topology_ARG1",8605,"NR1H4",0.000150320210463128,NA,NA,NA
"topology_ARG1",8606,"HK2",0.000296209764147126,NA,NA,NA
"topology_ARG1",8607,"PTH",0.00019439506068486,NA,NA,NA
"topology_ARG1",8608,"PLA2G4A",0.000158908171599248,NA,NA,NA
"topology_ARG1",8609,"GATM",0.000449150320023683,NA,NA,NA
"topology_ARG1",8610,"ADCY2",0,NA,NA,NA
"topology_ARG1",8611,"TAC1",0.001463424927591,NA,NA,NA
"topology_ARG1",8612,"GFAP",0.000240332727610593,NA,NA,NA
"topology_ARG1",8613,"ADCY2",0,NA,NA,NA
"topology_ARG1",8614,"GATM",0.000449150320023683,NA,NA,NA
"topology_ARG1",8615,"PTH",0.00019439506068486,NA,NA,NA
"topology_ARG1",8616,"CFTR",0.00160265872797649,NA,NA,NA
"topology_ARG1",8617,"GSR",0.00032731672891706,NA,NA,NA
"topology_ARG1",8618,"MECP2",0.000428908523146032,NA,NA,NA
"topology_ARG1",8619,"AGXT2",0.000181321349120078,NA,NA,NA
"topology_ARG1",8620,"ACLY",0.000136799781064179,NA,NA,NA
"topology_ARG1",8621,"GABRG2",6.25131802217682e-05,NA,NA,NA
"topology_ARG1",8622,"DRD2",0.000217393825030943,NA,NA,NA
"topology_ARG1",8623,"HPRT1",0.00041877379526456,NA,NA,NA
"topology_ARG1",8624,"NR1H4",0.000150320210463128,NA,NA,NA
"topology_ARG1",8625,"NQO1",0.000518240501310552,NA,NA,NA
"topology_ARG1",8626,"GABRB3",0.000120726283226125,NA,NA,NA
"topology_ARG1",8627,"PTH",0.00019439506068486,NA,NA,NA
"topology_ARG1",8628,"KCNQ2",0.000154321192943452,NA,NA,NA
"topology_ARG1",8629,"SLC6A3",0.000164253248760127,NA,NA,NA
"topology_ARG1",8630,"PCNA",0.000281828068793732,NA,NA,NA
"topology_ARG1",8631,"TRPV1",0.00166711359586047,NA,NA,NA
"topology_ARG1",8632,"HK2",0.000296209764147126,NA,NA,NA
"topology_ARG1",8633,"SCN1B",0.00123489854843939,NA,NA,NA
"topology_ARG1",8634,"ADRB2",0.000148693401879507,NA,NA,NA
"topology_ARG1",8635,"DRD2",0.000217393825030943,NA,NA,NA
"topology_ARG1",8636,"KCNJ11",0.00241899994818762,NA,NA,NA
"topology_ARG1",8637,"HPRT1",0.00041877379526456,NA,NA,NA
"topology_ARG1",8638,"TAC1",0.001463424927591,NA,NA,NA
"topology_ARG1",8639,"GABRA1",0.000512519672648093,NA,NA,NA
"topology_ARG1",8640,"PTGS1",0.0001138588382259,NA,NA,NA
"topology_ARG1",8641,"GCLC",8.05799891081538e-05,NA,NA,NA
"topology_ARG1",8642,"GRM5",0.000204723227971049,NA,NA,NA
"topology_ARG1",8643,"GABBR1",0.000629351098106912,NA,NA,NA
"topology_ARG1",8644,"DPP4",0.00143001137023646,NA,NA,NA
"topology_ARG1",8645,"NQO1",0.000518240501310552,NA,NA,NA
"topology_ARG1",8646,"AGXT2",0.000181321349120078,NA,NA,NA
"topology_ARG1",8647,"CAMP",0.00129691841056656,NA,NA,NA
"topology_ARG1",8648,"ABCG2",0.00154702083903102,NA,NA,NA
"topology_ARG1",8649,"XBP1",0.00130705850242441,NA,NA,NA
"topology_ARG1",8650,"PCNA",0.000281828068793732,NA,NA,NA
"topology_ARG1",8651,"TAC1",0.001463424927591,NA,NA,NA
"topology_ARG1",8652,"ADRB2",0.000148693401879507,NA,NA,NA
"topology_ARG1",8653,"SLC6A3",0.000164253248760127,NA,NA,NA
"topology_ARG1",8654,"CAMP",0.00129691841056656,NA,NA,NA
"topology_ARG1",8655,"HK2",0.000296209764147126,NA,NA,NA
"topology_ARG1",8656,"NQO1",0.000518240501310552,NA,NA,NA
"topology_ARG1",8657,"TYMS",0.000142484575824997,NA,NA,NA
"topology_ARG1",8658,"SCN2A",9.6829057864789e-05,NA,NA,NA
"topology_ARG1",8659,"ACLY",0.000136799781064179,NA,NA,NA
"topology_ARG1",8660,"ABCG2",0.00154702083903102,NA,NA,NA
"topology_ARG1",8661,"GABRA1",0.000512519672648093,NA,NA,NA
"topology_ARG1",8662,"ADRB2",0.000148693401879507,NA,NA,NA
"topology_ARG1",8663,"TRPV1",0.00166711359586047,NA,NA,NA
"topology_ARG1",8664,"GABRG2",6.25131802217682e-05,NA,NA,NA
"topology_ARG1",8665,"SCD",0.000143791042404695,NA,NA,NA
"topology_ARG1",8666,"ABCG2",0.00154702083903102,NA,NA,NA
"topology_ARG1",8667,"CFTR",0.00160265872797649,NA,NA,NA
"topology_ARG1",8668,"PTH",0.00019439506068486,NA,NA,NA
"topology_ARG1",8669,"PTGS1",0.0001138588382259,NA,NA,NA
"topology_ARG1",8670,"GABRA1",0.000512519672648093,NA,NA,NA
"topology_ARG1",8671,"ADRB2",0.000148693401879507,NA,NA,NA
"topology_ARG1",8672,"HK2",0.000296209764147126,NA,NA,NA
"topology_ARG1",8673,"TAC1",0.001463424927591,NA,NA,NA
"topology_ARG1",8674,"GRM5",0.000204723227971049,NA,NA,NA
"topology_ARG1",8675,"PLA2G4A",0.000158908171599248,NA,NA,NA
"topology_ARG1",8676,"PLA2G4A",0.000158908171599248,NA,NA,NA
"topology_ARG1",8677,"PTH",0.00019439506068486,NA,NA,NA
"topology_ARG1",8678,"CS",0.000203624857343709,NA,NA,NA
"topology_ARG1",8679,"KCNQ2",0.000154321192943452,NA,NA,NA
"topology_ARG1",8680,"PRKAG2",0.00023019859617357,NA,NA,NA
"topology_ARG1",8681,"KCNJ11",0.00241899994818762,NA,NA,NA
"topology_ARG1",8682,"RARA",0.000182812715244118,NA,NA,NA
"topology_ARG1",8683,"GABBR1",0.000629351098106912,NA,NA,NA
"topology_ARG1",8684,"SLC6A3",0.000164253248760127,NA,NA,NA
"topology_ARG1",8685,"GABRG2",6.25131802217682e-05,NA,NA,NA
"topology_ARG1",8686,"SCN2A",9.6829057864789e-05,NA,NA,NA
"topology_ARG1",8687,"GAD1",0.000786829139807432,NA,NA,NA
"topology_ARG1",8688,"NQO1",0.000518240501310552,NA,NA,NA
"topology_ARG1",8689,"TAC1",0.001463424927591,NA,NA,NA
"topology_ARG1",8690,"TAC1",0.001463424927591,NA,NA,NA
"topology_ARG1",8691,"GFAP",0.000240332727610593,NA,NA,NA
"topology_ARG1",8692,"HK2",0.000296209764147126,NA,NA,NA
"topology_ARG1",8693,"KCNQ2",0.000154321192943452,NA,NA,NA
"topology_ARG1",8694,"SCD",0.000143791042404695,NA,NA,NA
"topology_ARG1",8695,"CS",0.000203624857343709,NA,NA,NA
"topology_ARG1",8696,"HPRT1",0.00041877379526456,NA,NA,NA
"topology_ARG1",8697,"GRM5",0.000204723227971049,NA,NA,NA
"topology_ARG1",8698,"AGXT2",0.000181321349120078,NA,NA,NA
"topology_ARG1",8699,"GRM5",0.000204723227971049,NA,NA,NA
"topology_ARG1",8700,"TRPV1",0.00166711359586047,NA,NA,NA
"topology_ARG1",8701,"TYMS",0.000142484575824997,NA,NA,NA
"topology_ARG1",8702,"ABCG2",0.00154702083903102,NA,NA,NA
"topology_ARG1",8703,"STAT4",0.000324242289791776,NA,NA,NA
"topology_ARG1",8704,"MECP2",0.000428908523146032,NA,NA,NA
"topology_ARG1",8705,"SDHA",0.000611111269984921,NA,NA,NA
"topology_ARG1",8706,"GABRB3",0.000120726283226125,NA,NA,NA
"topology_ARG1",8707,"HPRT1",0.00041877379526456,NA,NA,NA
"topology_ARG1",8708,"MECP2",0.000428908523146032,NA,NA,NA
"topology_ARG1",8709,"STAT4",0.000324242289791776,NA,NA,NA
"topology_ARG1",8710,"PRKAG2",0.00023019859617357,NA,NA,NA
"topology_ARG1",8711,"ADRB2",0.000148693401879507,NA,NA,NA
"topology_ARG1",8712,"NR1H4",0.000150320210463128,NA,NA,NA
"topology_ARG1",8713,"GABBR1",0.000629351098106912,NA,NA,NA
"topology_ARG1",8714,"ADCY2",0,NA,NA,NA
"topology_ARG1",8715,"RARA",0.000182812715244118,NA,NA,NA
"topology_ARG1",8716,"GABRA1",0.000512519672648093,NA,NA,NA
"topology_ARG1",8717,"NR1H4",0.000150320210463128,NA,NA,NA
"topology_ARG1",8718,"XDH",0.000207347108110545,NA,NA,NA
"topology_ARG1",8719,"DRD2",0.000217393825030943,NA,NA,NA
"topology_ARG1",8720,"SDHA",0.000611111269984921,NA,NA,NA
"topology_ARG1",8721,"TRPV1",0.00166711359586047,NA,NA,NA
"topology_ARG1",8722,"TFRC",0.000239327299633385,NA,NA,NA
"topology_ARG1",8723,"NQO1",0.000518240501310552,NA,NA,NA
"topology_ARG1",8724,"TRPV4",0.000106153420904809,NA,NA,NA
"topology_ARG1",8725,"STAT4",0.000324242289791776,NA,NA,NA
"topology_ARG1",8726,"GABRA1",0.000512519672648093,NA,NA,NA
"topology_ARG1",8727,"XDH",0.000207347108110545,NA,NA,NA
"topology_ARG1",8728,"SCD",0.000143791042404695,NA,NA,NA
"topology_ARG1",8729,"CS",0.000203624857343709,NA,NA,NA
"topology_ARG1",8730,"HPRT1",0.00041877379526456,NA,NA,NA
"topology_ARG1",8731,"GCK",0.000213793988103061,NA,NA,NA
"topology_ARG1",8732,"CS",0.000203624857343709,NA,NA,NA
"topology_ARG1",8733,"RARA",0.000182812715244118,NA,NA,NA
"topology_ARG1",8734,"PTGS1",0.0001138588382259,NA,NA,NA
"topology_ARG1",8735,"PRKAG2",0.00023019859617357,NA,NA,NA
"topology_ARG1",8736,"DPP4",0.00143001137023646,NA,NA,NA
"topology_ARG1",8737,"TRPV4",0.000106153420904809,NA,NA,NA
"topology_ARG1",8738,"CFTR",0.00160265872797649,NA,NA,NA
"topology_ARG1",8739,"PCNA",0.000281828068793732,NA,NA,NA
"topology_ARG1",8740,"SDHA",0.000611111269984921,NA,NA,NA
"topology_ARG1",8741,"KCNJ11",0.00241899994818762,NA,NA,NA
"topology_ARG1",8742,"NR1H4",0.000150320210463128,NA,NA,NA
"topology_ARG1",8743,"SCN1B",0.00123489854843939,NA,NA,NA
"topology_ARG1",8744,"SDHA",0.000611111269984921,NA,NA,NA
"topology_ARG1",8745,"TYMS",0.000142484575824997,NA,NA,NA
"topology_ARG1",8746,"GABRG2",6.25131802217682e-05,NA,NA,NA
"topology_ARG1",8747,"SLC6A3",0.000164253248760127,NA,NA,NA
"topology_ARG1",8748,"GABRB3",0.000120726283226125,NA,NA,NA
"topology_ARG1",8749,"GABBR1",0.000629351098106912,NA,NA,NA
"topology_ARG1",8750,"PTH",0.00019439506068486,NA,NA,NA
"topology_ARG1",8751,"GABRA1",0.000512519672648093,NA,NA,NA
"topology_ARG1",8752,"PCNA",0.000281828068793732,NA,NA,NA
"topology_ARG1",8753,"XBP1",0.00130705850242441,NA,NA,NA
"topology_ARG1",8754,"SLC6A3",0.000164253248760127,NA,NA,NA
"topology_ARG1",8755,"RARA",0.000182812715244118,NA,NA,NA
"topology_ARG1",8756,"GABRB3",0.000120726283226125,NA,NA,NA
"topology_ARG1",8757,"TRPV1",0.00166711359586047,NA,NA,NA
"topology_ARG1",8758,"PCNA",0.000281828068793732,NA,NA,NA
"topology_ARG1",8759,"CFTR",0.00160265872797649,NA,NA,NA
"topology_ARG1",8760,"DPP4",0.00143001137023646,NA,NA,NA
"topology_ARG1",8761,"GRM5",0.000204723227971049,NA,NA,NA
"topology_ARG1",8762,"GAD1",0.000786829139807432,NA,NA,NA
"topology_ARG1",8763,"CFTR",0.00160265872797649,NA,NA,NA
"topology_ARG1",8764,"DPP4",0.00143001137023646,NA,NA,NA
"topology_ARG1",8765,"HPRT1",0.00041877379526456,NA,NA,NA
"topology_ARG1",8766,"ABCG2",0.00154702083903102,NA,NA,NA
"topology_ARG1",8767,"XDH",0.000207347108110545,NA,NA,NA
"topology_ARG1",8768,"SCD",0.000143791042404695,NA,NA,NA
"topology_ARG1",8769,"GABRG2",6.25131802217682e-05,NA,NA,NA
"topology_ARG1",8770,"PLA2G4A",0.000158908171599248,NA,NA,NA
"topology_ARG1",8771,"AGXT2",0.000181321349120078,NA,NA,NA
"topology_ARG1",8772,"PLA2G4A",0.000158908171599248,NA,NA,NA
"topology_ARG1",8773,"KCNQ2",0.000154321192943452,NA,NA,NA
"topology_ARG1",8774,"GRM5",0.000204723227971049,NA,NA,NA
"topology_ARG1",8775,"MT-CYB",0.000203007681716216,NA,NA,NA
"topology_ARG1",8776,"HPRT1",0.00041877379526456,NA,NA,NA
"topology_ARG1",8777,"ABCG2",0.00154702083903102,NA,NA,NA
"topology_ARG1",8778,"NR1H4",0.000150320210463128,NA,NA,NA
"topology_ARG1",8779,"SDHA",0.000611111269984921,NA,NA,NA
"topology_ARG1",8780,"KCNQ2",0.000154321192943452,NA,NA,NA
"topology_ARG1",8781,"SDHA",0.000611111269984921,NA,NA,NA
"topology_ARG1",8782,"ABCG2",0.00154702083903102,NA,NA,NA
"topology_ARG1",8783,"CFTR",0.00160265872797649,NA,NA,NA
"topology_ARG1",8784,"PTH",0.00019439506068486,NA,NA,NA
"topology_ARG1",8785,"RARA",0.000182812715244118,NA,NA,NA
"topology_ARG1",8786,"STAT4",0.000324242289791776,NA,NA,NA
"topology_ARG1",8787,"MECP2",0.000428908523146032,NA,NA,NA
"topology_ARG1",8788,"XDH",0.000207347108110545,NA,NA,NA
"topology_ARG1",8789,"MECP2",0.000428908523146032,NA,NA,NA
"topology_ARG1",8790,"ABCG2",0.00154702083903102,NA,NA,NA
"topology_ARG1",8791,"STAT4",0.000324242289791776,NA,NA,NA
"topology_ARG1",8792,"MT-CYB",0.000203007681716216,NA,NA,NA
"topology_ARG1",8793,"ABCG2",0.00154702083903102,NA,NA,NA
"topology_ARG1",8794,"STAT4",0.000324242289791776,NA,NA,NA
"topology_ARG1",8795,"PRKAG2",0.00023019859617357,NA,NA,NA
"topology_ARG1",8796,"SDHA",0.000611111269984921,NA,NA,NA
"topology_ARG1",8797,"SCD",0.000143791042404695,NA,NA,NA
"topology_ARG1",8798,"TFRC",0.000239327299633385,NA,NA,NA
"topology_ARG1",8799,"ABCG2",0.00154702083903102,NA,NA,NA
"topology_ARG1",8800,"PCNA",0.000281828068793732,NA,NA,NA
"topology_ARG1",8801,"AGXT2",0.000181321349120078,NA,NA,NA
"topology_ARG1",8802,"CS",0.000203624857343709,NA,NA,NA
"topology_ARG1",8803,"DPP4",0.00143001137023646,NA,NA,NA
"topology_ARG1",8804,"SCN1B",0.00123489854843939,NA,NA,NA
"topology_ARG1",8805,"CS",0.000203624857343709,NA,NA,NA
"topology_ARG1",8806,"SCN2A",9.6829057864789e-05,NA,NA,NA
"topology_ARG1",8807,"TYMS",0.000142484575824997,NA,NA,NA
"topology_ARG1",8808,"GABBR1",0.000629351098106912,NA,NA,NA
"topology_ARG1",8809,"TRPV1",0.00166711359586047,NA,NA,NA
"topology_ARG1",8810,"SCN1B",0.00123489854843939,NA,NA,NA
"topology_ARG1",8811,"MT-CYB",0.000203007681716216,NA,NA,NA
"topology_ARG1",8812,"XDH",0.000207347108110545,NA,NA,NA
"topology_ARG1",8813,"MECP2",0.000428908523146032,NA,NA,NA
"topology_ARG1",8814,"DRD2",0.000217393825030943,NA,NA,NA
"topology_ARG1",8815,"CAMP",0.00129691841056656,NA,NA,NA
"topology_ARG1",8816,"MECP2",0.000428908523146032,NA,NA,NA
"topology_ARG1",8817,"HPRT1",0.00041877379526456,NA,NA,NA
"topology_ARG1",8818,"MECP2",0.000428908523146032,NA,NA,NA
"topology_ARG1",8819,"MT-CYB",0.000203007681716216,NA,NA,NA
"topology_ARG1",8820,"SCD",0.000143791042404695,NA,NA,NA
"topology_ARG1",8821,"GFAP",0.000240332727610593,NA,NA,NA
"topology_ARG1",8822,"KCNJ11",0.00241899994818762,NA,NA,NA
"topology_ARG1",8823,"GCK",0.000213793988103061,NA,NA,NA
"topology_ARG1",8824,"KCNJ11",0.00241899994818762,NA,NA,NA
"topology_ARG1",8825,"CAMP",0.00129691841056656,NA,NA,NA
"topology_ARG1",8826,"PCNA",0.000281828068793732,NA,NA,NA
"topology_ARG1",8827,"NQO1",0.000518240501310552,NA,NA,NA
"topology_ARG1",8828,"TRPV1",0.00166711359586047,NA,NA,NA
"topology_ARG1",8829,"TFRC",0.000239327299633385,NA,NA,NA
"topology_ARG1",8830,"ACLY",0.000136799781064179,NA,NA,NA
"topology_ARG1",8831,"XBP1",0.00130705850242441,NA,NA,NA
"topology_ARG1",8832,"ADRB2",0.000148693401879507,NA,NA,NA
"topology_ARG1",8833,"DPP4",0.00143001137023646,NA,NA,NA
"topology_ARG1",8834,"PRKAG2",0.00023019859617357,NA,NA,NA
"topology_ARG1",8835,"PCNA",0.000281828068793732,NA,NA,NA
"topology_ARG1",8836,"XDH",0.000207347108110545,NA,NA,NA
"topology_ARG1",8837,"MT-CYB",0.000203007681716216,NA,NA,NA
"topology_ARG1",8838,"CFTR",0.00160265872797649,NA,NA,NA
"topology_ARG1",8839,"KCNH2",0.000463751185241779,NA,NA,NA
"topology_ARG1",8840,"GABRA1",0.000512519672648093,NA,NA,NA
"topology_ARG1",8841,"ADRB2",0.000148693401879507,NA,NA,NA
"topology_ARG1",8842,"HK2",0.000296209764147126,NA,NA,NA
"topology_ARG1",8843,"PLA2G4A",0.000158908171599248,NA,NA,NA
"topology_ARG1",8844,"XDH",0.000207347108110545,NA,NA,NA
"topology_ARG1",8845,"KCNQ2",0.000154321192943452,NA,NA,NA
"topology_ARG1",8846,"SCN1B",0.00123489854843939,NA,NA,NA
"topology_ARG1",8847,"HK2",0.000296209764147126,NA,NA,NA
"topology_ARG1",8848,"GABRG2",6.25131802217682e-05,NA,NA,NA
"topology_ARG1",8849,"DRD2",0.000217393825030943,NA,NA,NA
"topology_ARG1",8850,"NR1H4",0.000150320210463128,NA,NA,NA
"topology_ARG1",8851,"GABBR1",0.000629351098106912,NA,NA,NA
"topology_ARG1",8852,"MECP2",0.000428908523146032,NA,NA,NA
"topology_ARG1",8853,"GCK",0.000213793988103061,NA,NA,NA
"topology_ARG1",8854,"XBP1",0.00130705850242441,NA,NA,NA
"topology_ARG1",8855,"ADCY2",0,NA,NA,NA
"topology_ARG1",8856,"GFAP",0.000240332727610593,NA,NA,NA
"topology_ARG1",8857,"GSR",0.00032731672891706,NA,NA,NA
"topology_ARG1",8858,"TAC1",0.001463424927591,NA,NA,NA
"topology_ARG1",8859,"CS",0.000203624857343709,NA,NA,NA
"topology_ARG1",8860,"SDHA",0.000611111269984921,NA,NA,NA
"topology_ARG1",8861,"GCLC",8.05799891081538e-05,NA,NA,NA
"topology_ARG1",8862,"KCNH2",0.000463751185241779,NA,NA,NA
"topology_ARG1",8863,"ADCY2",0,NA,NA,NA
"topology_ARG1",8864,"DRD2",0.000217393825030943,NA,NA,NA
"topology_ARG1",8865,"HK2",0.000296209764147126,NA,NA,NA
"topology_ARG1",8866,"GABRA1",0.000512519672648093,NA,NA,NA
"topology_ARG1",8867,"AGXT2",0.000181321349120078,NA,NA,NA
"topology_ARG1",8868,"AGXT2",0.000181321349120078,NA,NA,NA
"topology_ARG1",8869,"GFAP",0.000240332727610593,NA,NA,NA
"topology_ARG1",8870,"TAC1",0.001463424927591,NA,NA,NA
"topology_ARG1",8871,"HK2",0.000296209764147126,NA,NA,NA
"topology_ARG1",8872,"TAC1",0.001463424927591,NA,NA,NA
"topology_ARG1",8873,"GAD1",0.000786829139807432,NA,NA,NA
"topology_ARG1",8874,"HK2",0.000296209764147126,NA,NA,NA
"topology_ARG1",8875,"PCNA",0.000281828068793732,NA,NA,NA
"topology_ARG1",8876,"TRPV1",0.00166711359586047,NA,NA,NA
"topology_ARG1",8877,"HPRT1",0.00041877379526456,NA,NA,NA
"topology_ARG1",8878,"PLA2G4A",0.000158908171599248,NA,NA,NA
"topology_ARG1",8879,"TAC1",0.001463424927591,NA,NA,NA
"topology_ARG1",8880,"TRPV4",0.000106153420904809,NA,NA,NA
"topology_ARG1",8881,"TYMS",0.000142484575824997,NA,NA,NA
"topology_ARG1",8882,"HK2",0.000296209764147126,NA,NA,NA
"topology_ARG1",8883,"XDH",0.000207347108110545,NA,NA,NA
"topology_ARG1",8884,"GABRA1",0.000512519672648093,NA,NA,NA
"topology_ARG1",8885,"ADRB2",0.000148693401879507,NA,NA,NA
"topology_ARG1",8886,"KCNJ11",0.00241899994818762,NA,NA,NA
"topology_ARG1",8887,"GATM",0.000449150320023683,NA,NA,NA
"topology_ARG1",8888,"TRPV1",0.00166711359586047,NA,NA,NA
"topology_ARG1",8889,"PLA2G4A",0.000158908171599248,NA,NA,NA
"topology_ARG1",8890,"GCK",0.000213793988103061,NA,NA,NA
"topology_ARG1",8891,"RARA",0.000182812715244118,NA,NA,NA
"topology_ARG1",8892,"PRKAG2",0.00023019859617357,NA,NA,NA
"topology_ARG1",8893,"GCLC",8.05799891081538e-05,NA,NA,NA
"topology_ARG1",8894,"DRD2",0.000217393825030943,NA,NA,NA
"topology_ARG1",8895,"NR1H4",0.000150320210463128,NA,NA,NA
"topology_ARG1",8896,"XDH",0.000207347108110545,NA,NA,NA
"topology_ARG1",8897,"SLC6A3",0.000164253248760127,NA,NA,NA
"topology_ARG1",8898,"PTH",0.00019439506068486,NA,NA,NA
"topology_ARG1",8899,"GABBR1",0.000629351098106912,NA,NA,NA
"topology_ARG1",8900,"STAT4",0.000324242289791776,NA,NA,NA
"topology_ARG1",8901,"GCLC",8.05799891081538e-05,NA,NA,NA
"topology_ARG1",8902,"PTGS1",0.0001138588382259,NA,NA,NA
"topology_ARG1",8903,"GABRA1",0.000512519672648093,NA,NA,NA
"topology_ARG1",8904,"AGXT2",0.000181321349120078,NA,NA,NA
"topology_ARG1",8905,"GSR",0.00032731672891706,NA,NA,NA
"topology_ARG1",8906,"GCLC",8.05799891081538e-05,NA,NA,NA
"topology_ARG1",8907,"MECP2",0.000428908523146032,NA,NA,NA
"topology_ARG1",8908,"ABCG2",0.00154702083903102,NA,NA,NA
"topology_ARG1",8909,"NQO1",0.000518240501310552,NA,NA,NA
"topology_ARG1",8910,"CS",0.000203624857343709,NA,NA,NA
"topology_ARG1",8911,"STAT4",0.000324242289791776,NA,NA,NA
"topology_ARG1",8912,"GAD1",0.000786829139807432,NA,NA,NA
"topology_ARG1",8913,"KCNJ11",0.00241899994818762,NA,NA,NA
"topology_ARG1",8914,"KCNH2",0.000463751185241779,NA,NA,NA
"topology_ARG1",8915,"GCK",0.000213793988103061,NA,NA,NA
"topology_ARG1",8916,"ABCG2",0.00154702083903102,NA,NA,NA
"topology_ARG1",8917,"GCK",0.000213793988103061,NA,NA,NA
"topology_ARG1",8918,"TRPV1",0.00166711359586047,NA,NA,NA
"topology_ARG1",8919,"GRM5",0.000204723227971049,NA,NA,NA
"topology_ARG1",8920,"PRKAG2",0.00023019859617357,NA,NA,NA
"topology_ARG1",8921,"KCNH2",0.000463751185241779,NA,NA,NA
"topology_ARG1",8922,"XDH",0.000207347108110545,NA,NA,NA
"topology_ARG1",8923,"ADRB2",0.000148693401879507,NA,NA,NA
"topology_ARG1",8924,"STAT4",0.000324242289791776,NA,NA,NA
"topology_ARG1",8925,"GABBR1",0.000629351098106912,NA,NA,NA
"topology_ARG1",8926,"ABCG2",0.00154702083903102,NA,NA,NA
"topology_ARG1",8927,"TRPV4",0.000106153420904809,NA,NA,NA
"topology_ARG1",8928,"GABBR1",0.000629351098106912,NA,NA,NA
"topology_ARG1",8929,"GAD1",0.000786829139807432,NA,NA,NA
"topology_ARG1",8930,"DPP4",0.00143001137023646,NA,NA,NA
"topology_ARG1",8931,"ABCG2",0.00154702083903102,NA,NA,NA
"topology_ARG1",8932,"ADCY1",8.87083575196179e-06,NA,NA,NA
"topology_ARG1",8933,"GABRB3",0.000120726283226125,NA,NA,NA
"topology_ARG1",8934,"ADCY2",0,NA,NA,NA
"topology_ARG1",8935,"CFTR",0.00160265872797649,NA,NA,NA
"topology_ARG1",8936,"PLA2G4A",0.000158908171599248,NA,NA,NA
"topology_ARG1",8937,"SCN2A",9.6829057864789e-05,NA,NA,NA
"topology_ARG1",8938,"GCLC",8.05799891081538e-05,NA,NA,NA
"topology_ARG1",8939,"HPRT1",0.00041877379526456,NA,NA,NA
"topology_ARG1",8940,"GSR",0.00032731672891706,NA,NA,NA
"topology_ARG1",8941,"GCK",0.000213793988103061,NA,NA,NA
"topology_ARG1",8942,"HPRT1",0.00041877379526456,NA,NA,NA
"topology_ARG1",8943,"SDHA",0.000611111269984921,NA,NA,NA
"topology_ARG1",8944,"SCN1B",0.00123489854843939,NA,NA,NA
"topology_ARG1",8945,"NQO1",0.000518240501310552,NA,NA,NA
"topology_ARG1",8946,"GATM",0.000449150320023683,NA,NA,NA
"topology_ARG1",8947,"ACLY",0.000136799781064179,NA,NA,NA
"topology_ARG1",8948,"PCNA",0.000281828068793732,NA,NA,NA
"topology_ARG1",8949,"SCN2A",9.6829057864789e-05,NA,NA,NA
"topology_ARG1",8950,"PTGS1",0.0001138588382259,NA,NA,NA
"topology_ARG1",8951,"ADRB2",0.000148693401879507,NA,NA,NA
"topology_ARG1",8952,"STAT4",0.000324242289791776,NA,NA,NA
"topology_ARG1",8953,"PTH",0.00019439506068486,NA,NA,NA
"topology_ARG1",8954,"MECP2",0.000428908523146032,NA,NA,NA
"topology_ARG1",8955,"GABRG2",6.25131802217682e-05,NA,NA,NA
"topology_ARG1",8956,"GABBR1",0.000629351098106912,NA,NA,NA
"topology_ARG1",8957,"KCNJ11",0.00241899994818762,NA,NA,NA
"topology_ARG1",8958,"TFRC",0.000239327299633385,NA,NA,NA
"topology_ARG1",8959,"ADCY1",8.87083575196179e-06,NA,NA,NA
"topology_ARG1",8960,"CAMP",0.00129691841056656,NA,NA,NA
"topology_ARG1",8961,"RARA",0.000182812715244118,NA,NA,NA
"topology_ARG1",8962,"PTH",0.00019439506068486,NA,NA,NA
"topology_ARG1",8963,"SCD",0.000143791042404695,NA,NA,NA
"topology_ARG1",8964,"DRD2",0.000217393825030943,NA,NA,NA
"topology_ARG1",8965,"AGXT2",0.000181321349120078,NA,NA,NA
"topology_ARG1",8966,"ADRB2",0.000148693401879507,NA,NA,NA
"topology_ARG1",8967,"ABCG2",0.00154702083903102,NA,NA,NA
"topology_ARG1",8968,"GABRG2",6.25131802217682e-05,NA,NA,NA
"topology_ARG1",8969,"GRM5",0.000204723227971049,NA,NA,NA
"topology_ARG1",8970,"ADCY2",0,NA,NA,NA
"topology_ARG1",8971,"PCNA",0.000281828068793732,NA,NA,NA
"topology_ARG1",8972,"TAC1",0.001463424927591,NA,NA,NA
"topology_ARG1",8973,"STAT4",0.000324242289791776,NA,NA,NA
"topology_ARG1",8974,"GCK",0.000213793988103061,NA,NA,NA
"topology_ARG1",8975,"PLA2G4A",0.000158908171599248,NA,NA,NA
"topology_ARG1",8976,"ADCY1",8.87083575196179e-06,NA,NA,NA
"topology_ARG1",8977,"GCLC",8.05799891081538e-05,NA,NA,NA
"topology_ARG1",8978,"SDHA",0.000611111269984921,NA,NA,NA
"topology_ARG1",8979,"GABRA1",0.000512519672648093,NA,NA,NA
"topology_ARG1",8980,"SDHA",0.000611111269984921,NA,NA,NA
"topology_ARG1",8981,"MT-CYB",0.000203007681716216,NA,NA,NA
"topology_ARG1",8982,"TRPV1",0.00166711359586047,NA,NA,NA
"topology_ARG1",8983,"PTH",0.00019439506068486,NA,NA,NA
"topology_ARG1",8984,"GRM5",0.000204723227971049,NA,NA,NA
"topology_ARG1",8985,"CS",0.000203624857343709,NA,NA,NA
"topology_ARG1",8986,"DPP4",0.00143001137023646,NA,NA,NA
"topology_ARG1",8987,"GABRB3",0.000120726283226125,NA,NA,NA
"topology_ARG1",8988,"SCN2A",9.6829057864789e-05,NA,NA,NA
"topology_ARG1",8989,"PLA2G4A",0.000158908171599248,NA,NA,NA
"topology_ARG1",8990,"GCLC",8.05799891081538e-05,NA,NA,NA
"topology_ARG1",8991,"STAT4",0.000324242289791776,NA,NA,NA
"topology_ARG1",8992,"GABRA1",0.000512519672648093,NA,NA,NA
"topology_ARG1",8993,"PTH",0.00019439506068486,NA,NA,NA
"topology_ARG1",8994,"HK2",0.000296209764147126,NA,NA,NA
"topology_ARG1",8995,"NR1H4",0.000150320210463128,NA,NA,NA
"topology_ARG1",8996,"GFAP",0.000240332727610593,NA,NA,NA
"topology_ARG1",8997,"ADCY1",8.87083575196179e-06,NA,NA,NA
"topology_ARG1",8998,"XDH",0.000207347108110545,NA,NA,NA
"topology_ARG1",8999,"GRM5",0.000204723227971049,NA,NA,NA
"topology_ARG1",9000,"GAD1",0.000786829139807432,NA,NA,NA
"topology_ARG1",9001,"GFAP",0.000240332727610593,NA,NA,NA
"topology_ARG1",9002,"CAMP",0.00129691841056656,NA,NA,NA
"topology_ARG1",9003,"GAD1",0.000786829139807432,NA,NA,NA
"topology_ARG1",9004,"TRPV4",0.000106153420904809,NA,NA,NA
"topology_ARG1",9005,"HK2",0.000296209764147126,NA,NA,NA
"topology_ARG1",9006,"RARA",0.000182812715244118,NA,NA,NA
"topology_ARG1",9007,"ADRB2",0.000148693401879507,NA,NA,NA
"topology_ARG1",9008,"GFAP",0.000240332727610593,NA,NA,NA
"topology_ARG1",9009,"GCLC",8.05799891081538e-05,NA,NA,NA
"topology_ARG1",9010,"PTH",0.00019439506068486,NA,NA,NA
"topology_ARG1",9011,"GRM5",0.000204723227971049,NA,NA,NA
"topology_ARG1",9012,"GATM",0.000449150320023683,NA,NA,NA
"topology_ARG1",9013,"PCNA",0.000281828068793732,NA,NA,NA
"topology_ARG1",9014,"TYMS",0.000142484575824997,NA,NA,NA
"topology_ARG1",9015,"PRKAG2",0.00023019859617357,NA,NA,NA
"topology_ARG1",9016,"PRKAG2",0.00023019859617357,NA,NA,NA
"topology_ARG1",9017,"KCNQ2",0.000154321192943452,NA,NA,NA
"topology_ARG1",9018,"TFRC",0.000239327299633385,NA,NA,NA
"topology_ARG1",9019,"SLC6A3",0.000164253248760127,NA,NA,NA
"topology_ARG1",9020,"SCD",0.000143791042404695,NA,NA,NA
"topology_ARG1",9021,"TYMS",0.000142484575824997,NA,NA,NA
"topology_ARG1",9022,"GABRB3",0.000120726283226125,NA,NA,NA
"topology_ARG1",9023,"TAC1",0.001463424927591,NA,NA,NA
"topology_ARG1",9024,"GABRG2",6.25131802217682e-05,NA,NA,NA
"topology_ARG1",9025,"TFRC",0.000239327299633385,NA,NA,NA
"topology_ARG1",9026,"GSR",0.00032731672891706,NA,NA,NA
"topology_ARG1",9027,"GSR",0.00032731672891706,NA,NA,NA
"topology_ARG1",9028,"TAC1",0.001463424927591,NA,NA,NA
"topology_ARG1",9029,"TYMS",0.000142484575824997,NA,NA,NA
"topology_ARG1",9030,"PLA2G4A",0.000158908171599248,NA,NA,NA
"topology_ARG1",9031,"NR1H4",0.000150320210463128,NA,NA,NA
"topology_ARG1",9032,"CAMP",0.00129691841056656,NA,NA,NA
"topology_ARG1",9033,"ACLY",0.000136799781064179,NA,NA,NA
"topology_ARG1",9034,"ADRB2",0.000148693401879507,NA,NA,NA
"topology_ARG1",9035,"RARA",0.000182812715244118,NA,NA,NA
"topology_ARG1",9036,"SLC6A3",0.000164253248760127,NA,NA,NA
"topology_ARG1",9037,"MECP2",0.000428908523146032,NA,NA,NA
"topology_ARG1",9038,"GAD1",0.000786829139807432,NA,NA,NA
"topology_ARG1",9039,"GATM",0.000449150320023683,NA,NA,NA
"topology_ARG1",9040,"DRD2",0.000217393825030943,NA,NA,NA
"topology_ARG1",9041,"PCNA",0.000281828068793732,NA,NA,NA
"topology_ARG1",9042,"PCNA",0.000281828068793732,NA,NA,NA
"topology_ARG1",9043,"GRM5",0.000204723227971049,NA,NA,NA
"topology_ARG1",9044,"RARA",0.000182812715244118,NA,NA,NA
"topology_ARG1",9045,"CFTR",0.00160265872797649,NA,NA,NA
"topology_ARG1",9046,"DPP4",0.00143001137023646,NA,NA,NA
"topology_ARG1",9047,"XBP1",0.00130705850242441,NA,NA,NA
"topology_ARG1",9048,"AGXT2",0.000181321349120078,NA,NA,NA
"topology_ARG1",9049,"GABRG2",6.25131802217682e-05,NA,NA,NA
"topology_ARG1",9050,"GFAP",0.000240332727610593,NA,NA,NA
"topology_ARG1",9051,"KCNH2",0.000463751185241779,NA,NA,NA
"topology_ARG1",9052,"CAMP",0.00129691841056656,NA,NA,NA
"topology_ARG1",9053,"HK2",0.000296209764147126,NA,NA,NA
"topology_ARG1",9054,"NR1H4",0.000150320210463128,NA,NA,NA
"topology_ARG1",9055,"TRPV1",0.00166711359586047,NA,NA,NA
"topology_ARG1",9056,"TYMS",0.000142484575824997,NA,NA,NA
"topology_ARG1",9057,"ACLY",0.000136799781064179,NA,NA,NA
"topology_ARG1",9058,"ABCG2",0.00154702083903102,NA,NA,NA
"topology_ARG1",9059,"MT-CYB",0.000203007681716216,NA,NA,NA
"topology_ARG1",9060,"PRKAG2",0.00023019859617357,NA,NA,NA
"topology_ARG1",9061,"SDHA",0.000611111269984921,NA,NA,NA
"topology_ARG1",9062,"SCN2A",9.6829057864789e-05,NA,NA,NA
"topology_ARG1",9063,"ADCY2",0,NA,NA,NA
"topology_ARG1",9064,"SCN1B",0.00123489854843939,NA,NA,NA
"topology_ARG1",9065,"GAD1",0.000786829139807432,NA,NA,NA
"topology_ARG1",9066,"MT-CYB",0.000203007681716216,NA,NA,NA
"topology_ARG1",9067,"GABRA1",0.000512519672648093,NA,NA,NA
"topology_ARG1",9068,"ADCY1",8.87083575196179e-06,NA,NA,NA
"topology_ARG1",9069,"GABRA1",0.000512519672648093,NA,NA,NA
"topology_ARG1",9070,"XBP1",0.00130705850242441,NA,NA,NA
"topology_ARG1",9071,"NR1H4",0.000150320210463128,NA,NA,NA
"topology_ARG1",9072,"TRPV4",0.000106153420904809,NA,NA,NA
"topology_ARG1",9073,"GABRB3",0.000120726283226125,NA,NA,NA
"topology_ARG1",9074,"PTGS1",0.0001138588382259,NA,NA,NA
"topology_ARG1",9075,"CS",0.000203624857343709,NA,NA,NA
"topology_ARG1",9076,"STAT4",0.000324242289791776,NA,NA,NA
"topology_ARG1",9077,"SDHA",0.000611111269984921,NA,NA,NA
"topology_ARG1",9078,"NR1H4",0.000150320210463128,NA,NA,NA
"topology_ARG1",9079,"HK2",0.000296209764147126,NA,NA,NA
"topology_ARG1",9080,"GABRA1",0.000512519672648093,NA,NA,NA
"topology_ARG1",9081,"RARA",0.000182812715244118,NA,NA,NA
"topology_ARG1",9082,"RARA",0.000182812715244118,NA,NA,NA
"topology_ARG1",9083,"PTH",0.00019439506068486,NA,NA,NA
"topology_ARG1",9084,"XBP1",0.00130705850242441,NA,NA,NA
"topology_ARG1",9085,"CFTR",0.00160265872797649,NA,NA,NA
"topology_ARG1",9086,"MECP2",0.000428908523146032,NA,NA,NA
"topology_ARG1",9087,"SLC6A3",0.000164253248760127,NA,NA,NA
"topology_ARG1",9088,"TFRC",0.000239327299633385,NA,NA,NA
"topology_ARG1",9089,"GCLC",8.05799891081538e-05,NA,NA,NA
"topology_ARG1",9090,"ADCY2",0,NA,NA,NA
"topology_ARG1",9091,"SCN2A",9.6829057864789e-05,NA,NA,NA
"topology_ARG1",9092,"MECP2",0.000428908523146032,NA,NA,NA
"topology_ARG1",9093,"MT-CYB",0.000203007681716216,NA,NA,NA
"topology_ARG1",9094,"CFTR",0.00160265872797649,NA,NA,NA
"topology_ARG1",9095,"GABRG2",6.25131802217682e-05,NA,NA,NA
"topology_ARG1",9096,"SCN2A",9.6829057864789e-05,NA,NA,NA
"topology_ARG1",9097,"GRM5",0.000204723227971049,NA,NA,NA
"topology_ARG1",9098,"SLC6A3",0.000164253248760127,NA,NA,NA
"topology_ARG1",9099,"ADCY2",0,NA,NA,NA
"topology_ARG1",9100,"DPP4",0.00143001137023646,NA,NA,NA
"topology_ARG1",9101,"MECP2",0.000428908523146032,NA,NA,NA
"topology_ARG1",9102,"CAMP",0.00129691841056656,NA,NA,NA
"topology_ARG1",9103,"HPRT1",0.00041877379526456,NA,NA,NA
"topology_ARG1",9104,"GAD1",0.000786829139807432,NA,NA,NA
"topology_ARG1",9105,"AGXT2",0.000181321349120078,NA,NA,NA
"topology_ARG1",9106,"XDH",0.000207347108110545,NA,NA,NA
"topology_ARG1",9107,"DPP4",0.00143001137023646,NA,NA,NA
"topology_ARG1",9108,"TRPV4",0.000106153420904809,NA,NA,NA
"topology_ARG1",9109,"TAC1",0.001463424927591,NA,NA,NA
"topology_ARG1",9110,"HPRT1",0.00041877379526456,NA,NA,NA
"topology_ARG1",9111,"DRD2",0.000217393825030943,NA,NA,NA
"topology_ARG1",9112,"GABRG2",6.25131802217682e-05,NA,NA,NA
"topology_ARG1",9113,"GABRB3",0.000120726283226125,NA,NA,NA
"topology_ARG1",9114,"GABRG2",6.25131802217682e-05,NA,NA,NA
"topology_ARG1",9115,"GRM5",0.000204723227971049,NA,NA,NA
"topology_ARG1",9116,"GRM5",0.000204723227971049,NA,NA,NA
"topology_ARG1",9117,"HPRT1",0.00041877379526456,NA,NA,NA
"topology_ARG1",9118,"SCD",0.000143791042404695,NA,NA,NA
"topology_ARG1",9119,"GAD1",0.000786829139807432,NA,NA,NA
"topology_ARG1",9120,"PRKAG2",0.00023019859617357,NA,NA,NA
"topology_ARG1",9121,"GABRA1",0.000512519672648093,NA,NA,NA
"topology_ARG1",9122,"ADCY2",0,NA,NA,NA
"topology_ARG1",9123,"PLA2G4A",0.000158908171599248,NA,NA,NA
"topology_ARG1",9124,"GABRG2",6.25131802217682e-05,NA,NA,NA
"topology_ARG1",9125,"TFRC",0.000239327299633385,NA,NA,NA
"topology_ARG1",9126,"TFRC",0.000239327299633385,NA,NA,NA
"topology_ARG1",9127,"AGXT2",0.000181321349120078,NA,NA,NA
"topology_ARG1",9128,"ABCG2",0.00154702083903102,NA,NA,NA
"topology_ARG1",9129,"GFAP",0.000240332727610593,NA,NA,NA
"topology_ARG1",9130,"GCLC",8.05799891081538e-05,NA,NA,NA
"topology_ARG1",9131,"PCNA",0.000281828068793732,NA,NA,NA
"topology_ARG1",9132,"AGXT2",0.000181321349120078,NA,NA,NA
"topology_ARG1",9133,"HPRT1",0.00041877379526456,NA,NA,NA
"topology_ARG1",9134,"PRKAG2",0.00023019859617357,NA,NA,NA
"topology_ARG1",9135,"GABBR1",0.000629351098106912,NA,NA,NA
"topology_ARG1",9136,"GABRB3",0.000120726283226125,NA,NA,NA
"topology_ARG1",9137,"ACLY",0.000136799781064179,NA,NA,NA
"topology_ARG1",9138,"SCN2A",9.6829057864789e-05,NA,NA,NA
"topology_ARG1",9139,"STAT4",0.000324242289791776,NA,NA,NA
"topology_ARG1",9140,"SCN2A",9.6829057864789e-05,NA,NA,NA
"topology_ARG1",9141,"GABBR1",0.000629351098106912,NA,NA,NA
"topology_ARG1",9142,"TYMS",0.000142484575824997,NA,NA,NA
"topology_ARG1",9143,"GABRA1",0.000512519672648093,NA,NA,NA
"topology_ARG1",9144,"ADRB2",0.000148693401879507,NA,NA,NA
"topology_ARG1",9145,"RARA",0.000182812715244118,NA,NA,NA
"topology_ARG1",9146,"GFAP",0.000240332727610593,NA,NA,NA
"topology_ARG1",9147,"AGXT2",0.000181321349120078,NA,NA,NA
"topology_ARG1",9148,"SCD",0.000143791042404695,NA,NA,NA
"topology_ARG1",9149,"PCNA",0.000281828068793732,NA,NA,NA
"topology_ARG1",9150,"KCNQ2",0.000154321192943452,NA,NA,NA
"topology_ARG1",9151,"GATM",0.000449150320023683,NA,NA,NA
"topology_ARG1",9152,"KCNQ2",0.000154321192943452,NA,NA,NA
"topology_ARG1",9153,"KCNJ11",0.00241899994818762,NA,NA,NA
"topology_ARG1",9154,"DPP4",0.00143001137023646,NA,NA,NA
"topology_ARG1",9155,"KCNH2",0.000463751185241779,NA,NA,NA
"topology_ARG1",9156,"GFAP",0.000240332727610593,NA,NA,NA
"topology_ARG1",9157,"PTH",0.00019439506068486,NA,NA,NA
"topology_ARG1",9158,"KCNH2",0.000463751185241779,NA,NA,NA
"topology_ARG1",9159,"GABBR1",0.000629351098106912,NA,NA,NA
"topology_ARG1",9160,"MT-CYB",0.000203007681716216,NA,NA,NA
"topology_ARG1",9161,"HPRT1",0.00041877379526456,NA,NA,NA
"topology_ARG1",9162,"NQO1",0.000518240501310552,NA,NA,NA
"topology_ARG1",9163,"STAT4",0.000324242289791776,NA,NA,NA
"topology_ARG1",9164,"GCLC",8.05799891081538e-05,NA,NA,NA
"topology_ARG1",9165,"ADRB2",0.000148693401879507,NA,NA,NA
"topology_ARG1",9166,"GABRA1",0.000512519672648093,NA,NA,NA
"topology_ARG1",9167,"GABRG2",6.25131802217682e-05,NA,NA,NA
"topology_ARG1",9168,"MECP2",0.000428908523146032,NA,NA,NA
"topology_ARG1",9169,"DRD2",0.000217393825030943,NA,NA,NA
"topology_ARG1",9170,"PTGS1",0.0001138588382259,NA,NA,NA
"topology_ARG1",9171,"GSR",0.00032731672891706,NA,NA,NA
"topology_ARG1",9172,"ADCY2",0,NA,NA,NA
"topology_ARG1",9173,"GABRG2",6.25131802217682e-05,NA,NA,NA
"topology_ARG1",9174,"SDHA",0.000611111269984921,NA,NA,NA
"topology_ARG1",9175,"KCNJ11",0.00241899994818762,NA,NA,NA
"topology_ARG1",9176,"DRD2",0.000217393825030943,NA,NA,NA
"topology_ARG1",9177,"MECP2",0.000428908523146032,NA,NA,NA
"topology_ARG1",9178,"XDH",0.000207347108110545,NA,NA,NA
"topology_ARG1",9179,"XDH",0.000207347108110545,NA,NA,NA
"topology_ARG1",9180,"ADCY1",8.87083575196179e-06,NA,NA,NA
"topology_ARG1",9181,"PRKAG2",0.00023019859617357,NA,NA,NA
"topology_ARG1",9182,"KCNH2",0.000463751185241779,NA,NA,NA
"topology_ARG1",9183,"AGXT2",0.000181321349120078,NA,NA,NA
"topology_ARG1",9184,"GCK",0.000213793988103061,NA,NA,NA
"topology_ARG1",9185,"PTGS1",0.0001138588382259,NA,NA,NA
"topology_ARG1",9186,"PCNA",0.000281828068793732,NA,NA,NA
"topology_ARG1",9187,"PTGS1",0.0001138588382259,NA,NA,NA
"topology_ARG1",9188,"TFRC",0.000239327299633385,NA,NA,NA
"topology_ARG1",9189,"TRPV1",0.00166711359586047,NA,NA,NA
"topology_ARG1",9190,"TFRC",0.000239327299633385,NA,NA,NA
"topology_ARG1",9191,"HK2",0.000296209764147126,NA,NA,NA
"topology_ARG1",9192,"TFRC",0.000239327299633385,NA,NA,NA
"topology_ARG1",9193,"TRPV4",0.000106153420904809,NA,NA,NA
"topology_ARG1",9194,"XBP1",0.00130705850242441,NA,NA,NA
"topology_ARG1",9195,"GFAP",0.000240332727610593,NA,NA,NA
"topology_ARG1",9196,"SCD",0.000143791042404695,NA,NA,NA
"topology_ARG1",9197,"RARA",0.000182812715244118,NA,NA,NA
"topology_ARG1",9198,"SCN1B",0.00123489854843939,NA,NA,NA
"topology_ARG1",9199,"GATM",0.000449150320023683,NA,NA,NA
"topology_ARG1",9200,"SDHA",0.000611111269984921,NA,NA,NA
"topology_ARG1",9201,"ACLY",0.000136799781064179,NA,NA,NA
"topology_ARG1",9202,"SCN2A",9.6829057864789e-05,NA,NA,NA
"topology_ARG1",9203,"SCD",0.000143791042404695,NA,NA,NA
"topology_ARG1",9204,"ADCY2",0,NA,NA,NA
"topology_ARG1",9205,"RARA",0.000182812715244118,NA,NA,NA
"topology_ARG1",9206,"SLC6A3",0.000164253248760127,NA,NA,NA
"topology_ARG1",9207,"GCLC",8.05799891081538e-05,NA,NA,NA
"topology_ARG1",9208,"SCD",0.000143791042404695,NA,NA,NA
"topology_ARG1",9209,"STAT4",0.000324242289791776,NA,NA,NA
"topology_ARG1",9210,"HPRT1",0.00041877379526456,NA,NA,NA
"topology_ARG1",9211,"MECP2",0.000428908523146032,NA,NA,NA
"topology_ARG1",9212,"SDHA",0.000611111269984921,NA,NA,NA
"topology_ARG1",9213,"PRKAG2",0.00023019859617357,NA,NA,NA
"topology_ARG1",9214,"NQO1",0.000518240501310552,NA,NA,NA
"topology_ARG1",9215,"GATM",0.000449150320023683,NA,NA,NA
"topology_ARG1",9216,"ADRB2",0.000148693401879507,NA,NA,NA
"topology_ARG1",9217,"SLC6A3",0.000164253248760127,NA,NA,NA
"topology_ARG1",9218,"PLA2G4A",0.000158908171599248,NA,NA,NA
"topology_ARG1",9219,"XDH",0.000207347108110545,NA,NA,NA
"topology_ARG1",9220,"CFTR",0.00160265872797649,NA,NA,NA
"topology_ARG1",9221,"SLC6A3",0.000164253248760127,NA,NA,NA
"topology_ARG1",9222,"ABCG2",0.00154702083903102,NA,NA,NA
"topology_ARG1",9223,"MECP2",0.000428908523146032,NA,NA,NA
"topology_ARG1",9224,"GCK",0.000213793988103061,NA,NA,NA
"topology_ARG1",9225,"KCNJ11",0.00241899994818762,NA,NA,NA
"topology_ARG1",9226,"TYMS",0.000142484575824997,NA,NA,NA
"topology_ARG1",9227,"KCNH2",0.000463751185241779,NA,NA,NA
"topology_ARG1",9228,"GCLC",8.05799891081538e-05,NA,NA,NA
"topology_ARG1",9229,"TRPV1",0.00166711359586047,NA,NA,NA
"topology_ARG1",9230,"GABRA1",0.000512519672648093,NA,NA,NA
"topology_ARG1",9231,"TFRC",0.000239327299633385,NA,NA,NA
"topology_ARG1",9232,"GRM5",0.000204723227971049,NA,NA,NA
"topology_ARG1",9233,"CFTR",0.00160265872797649,NA,NA,NA
"topology_ARG1",9234,"SCN2A",9.6829057864789e-05,NA,NA,NA
"topology_ARG1",9235,"GSR",0.00032731672891706,NA,NA,NA
"topology_ARG1",9236,"ADCY1",8.87083575196179e-06,NA,NA,NA
"topology_ARG1",9237,"ADRB2",0.000148693401879507,NA,NA,NA
"topology_ARG1",9238,"STAT4",0.000324242289791776,NA,NA,NA
"topology_ARG1",9239,"SLC6A3",0.000164253248760127,NA,NA,NA
"topology_ARG1",9240,"GSR",0.00032731672891706,NA,NA,NA
"topology_ARG1",9241,"TRPV1",0.00166711359586047,NA,NA,NA
"topology_ARG1",9242,"GABRA1",0.000512519672648093,NA,NA,NA
"topology_ARG1",9243,"TRPV4",0.000106153420904809,NA,NA,NA
"topology_ARG1",9244,"NR1H4",0.000150320210463128,NA,NA,NA
"topology_ARG1",9245,"DPP4",0.00143001137023646,NA,NA,NA
"topology_ARG1",9246,"TRPV4",0.000106153420904809,NA,NA,NA
"topology_ARG1",9247,"TRPV1",0.00166711359586047,NA,NA,NA
"topology_ARG1",9248,"SLC6A3",0.000164253248760127,NA,NA,NA
"topology_ARG1",9249,"SDHA",0.000611111269984921,NA,NA,NA
"topology_ARG1",9250,"GSR",0.00032731672891706,NA,NA,NA
"topology_ARG1",9251,"CS",0.000203624857343709,NA,NA,NA
"topology_ARG1",9252,"XBP1",0.00130705850242441,NA,NA,NA
"topology_ARG1",9253,"ABCG2",0.00154702083903102,NA,NA,NA
"topology_ARG1",9254,"GCLC",8.05799891081538e-05,NA,NA,NA
"topology_ARG1",9255,"TYMS",0.000142484575824997,NA,NA,NA
"topology_ARG1",9256,"PRKAG2",0.00023019859617357,NA,NA,NA
"topology_ARG1",9257,"SDHA",0.000611111269984921,NA,NA,NA
"topology_ARG1",9258,"GAD1",0.000786829139807432,NA,NA,NA
"topology_ARG1",9259,"ACLY",0.000136799781064179,NA,NA,NA
"topology_ARG1",9260,"NQO1",0.000518240501310552,NA,NA,NA
"topology_ARG1",9261,"GABBR1",0.000629351098106912,NA,NA,NA
"topology_ARG1",9262,"PLA2G4A",0.000158908171599248,NA,NA,NA
"topology_ARG1",9263,"GABRA1",0.000512519672648093,NA,NA,NA
"topology_ARG1",9264,"CAMP",0.00129691841056656,NA,NA,NA
"topology_ARG1",9265,"XDH",0.000207347108110545,NA,NA,NA
"topology_ARG1",9266,"HPRT1",0.00041877379526456,NA,NA,NA
"topology_ARG1",9267,"SCN1B",0.00123489854843939,NA,NA,NA
"topology_ARG1",9268,"GCLC",8.05799891081538e-05,NA,NA,NA
"topology_ARG1",9269,"NR1H4",0.000150320210463128,NA,NA,NA
"topology_ARG1",9270,"SLC6A3",0.000164253248760127,NA,NA,NA
"topology_ARG1",9271,"PRKAG2",0.00023019859617357,NA,NA,NA
"topology_ARG1",9272,"HPRT1",0.00041877379526456,NA,NA,NA
"topology_ARG1",9273,"PTH",0.00019439506068486,NA,NA,NA
"topology_ARG1",9274,"NQO1",0.000518240501310552,NA,NA,NA
"topology_ARG1",9275,"ABCG2",0.00154702083903102,NA,NA,NA
"topology_ARG1",9276,"CS",0.000203624857343709,NA,NA,NA
"topology_ARG1",9277,"CAMP",0.00129691841056656,NA,NA,NA
"topology_ARG1",9278,"GRM5",0.000204723227971049,NA,NA,NA
"topology_ARG1",9279,"XBP1",0.00130705850242441,NA,NA,NA
"topology_ARG1",9280,"MT-CYB",0.000203007681716216,NA,NA,NA
"topology_ARG1",9281,"PTH",0.00019439506068486,NA,NA,NA
"topology_ARG1",9282,"TRPV4",0.000106153420904809,NA,NA,NA
"topology_ARG1",9283,"GABBR1",0.000629351098106912,NA,NA,NA
"topology_ARG1",9284,"GFAP",0.000240332727610593,NA,NA,NA
"topology_ARG1",9285,"SCD",0.000143791042404695,NA,NA,NA
"topology_ARG1",9286,"GABRA1",0.000512519672648093,NA,NA,NA
"topology_ARG1",9287,"STAT4",0.000324242289791776,NA,NA,NA
"topology_ARG1",9288,"GAD1",0.000786829139807432,NA,NA,NA
"topology_ARG1",9289,"PLA2G4A",0.000158908171599248,NA,NA,NA
"topology_ARG1",9290,"SCN2A",9.6829057864789e-05,NA,NA,NA
"topology_ARG1",9291,"GFAP",0.000240332727610593,NA,NA,NA
"topology_ARG1",9292,"PCNA",0.000281828068793732,NA,NA,NA
"topology_ARG1",9293,"ADCY1",8.87083575196179e-06,NA,NA,NA
"topology_ARG1",9294,"GCLC",8.05799891081538e-05,NA,NA,NA
"topology_ARG1",9295,"MT-CYB",0.000203007681716216,NA,NA,NA
"topology_ARG1",9296,"ADCY2",0,NA,NA,NA
"topology_ARG1",9297,"CS",0.000203624857343709,NA,NA,NA
"topology_ARG1",9298,"PTGS1",0.0001138588382259,NA,NA,NA
"topology_ARG1",9299,"DPP4",0.00143001137023646,NA,NA,NA
"topology_ARG1",9300,"PCNA",0.000281828068793732,NA,NA,NA
"topology_ARG1",9301,"HK2",0.000296209764147126,NA,NA,NA
"topology_ARG1",9302,"AGXT2",0.000181321349120078,NA,NA,NA
"topology_ARG1",9303,"TYMS",0.000142484575824997,NA,NA,NA
"topology_ARG1",9304,"ADCY1",8.87083575196179e-06,NA,NA,NA
"topology_ARG1",9305,"SCN1B",0.00123489854843939,NA,NA,NA
"topology_ARG1",9306,"RARA",0.000182812715244118,NA,NA,NA
"topology_ARG1",9307,"CAMP",0.00129691841056656,NA,NA,NA
"topology_ARG1",9308,"MT-CYB",0.000203007681716216,NA,NA,NA
"topology_ARG1",9309,"GRM5",0.000204723227971049,NA,NA,NA
"topology_ARG1",9310,"RARA",0.000182812715244118,NA,NA,NA
"topology_ARG1",9311,"GRM5",0.000204723227971049,NA,NA,NA
"topology_ARG1",9312,"GSR",0.00032731672891706,NA,NA,NA
"topology_ARG1",9313,"PTGS1",0.0001138588382259,NA,NA,NA
"topology_ARG1",9314,"NR1H4",0.000150320210463128,NA,NA,NA
"topology_ARG1",9315,"CAMP",0.00129691841056656,NA,NA,NA
"topology_ARG1",9316,"ADCY2",0,NA,NA,NA
"topology_ARG1",9317,"ADCY1",8.87083575196179e-06,NA,NA,NA
"topology_ARG1",9318,"KCNQ2",0.000154321192943452,NA,NA,NA
"topology_ARG1",9319,"ADRB2",0.000148693401879507,NA,NA,NA
"topology_ARG1",9320,"MECP2",0.000428908523146032,NA,NA,NA
"topology_ARG1",9321,"TYMS",0.000142484575824997,NA,NA,NA
"topology_ARG1",9322,"PRKAG2",0.00023019859617357,NA,NA,NA
"topology_ARG1",9323,"GABBR1",0.000629351098106912,NA,NA,NA
"topology_ARG1",9324,"KCNJ11",0.00241899994818762,NA,NA,NA
"topology_ARG1",9325,"HPRT1",0.00041877379526456,NA,NA,NA
"topology_ARG1",9326,"GFAP",0.000240332727610593,NA,NA,NA
"topology_ARG1",9327,"GFAP",0.000240332727610593,NA,NA,NA
"topology_ARG1",9328,"PTH",0.00019439506068486,NA,NA,NA
"topology_ARG1",9329,"ADRB2",0.000148693401879507,NA,NA,NA
"topology_ARG1",9330,"KCNH2",0.000463751185241779,NA,NA,NA
"topology_ARG1",9331,"SCN2A",9.6829057864789e-05,NA,NA,NA
"topology_ARG1",9332,"TYMS",0.000142484575824997,NA,NA,NA
"topology_ARG1",9333,"PTGS1",0.0001138588382259,NA,NA,NA
"topology_ARG1",9334,"PRKAG2",0.00023019859617357,NA,NA,NA
"topology_ARG1",9335,"GCLC",8.05799891081538e-05,NA,NA,NA
"topology_ARG1",9336,"TRPV4",0.000106153420904809,NA,NA,NA
"topology_ARG1",9337,"MT-CYB",0.000203007681716216,NA,NA,NA
"topology_ARG1",9338,"KCNH2",0.000463751185241779,NA,NA,NA
"topology_ARG1",9339,"TYMS",0.000142484575824997,NA,NA,NA
"topology_ARG1",9340,"AGXT2",0.000181321349120078,NA,NA,NA
"topology_ARG1",9341,"GABBR1",0.000629351098106912,NA,NA,NA
"topology_ARG1",9342,"TAC1",0.001463424927591,NA,NA,NA
"topology_ARG1",9343,"GATM",0.000449150320023683,NA,NA,NA
"topology_ARG1",9344,"SCD",0.000143791042404695,NA,NA,NA
"topology_ARG1",9345,"GATM",0.000449150320023683,NA,NA,NA
"topology_ARG1",9346,"GSR",0.00032731672891706,NA,NA,NA
"topology_ARG1",9347,"DPP4",0.00143001137023646,NA,NA,NA
"topology_ARG1",9348,"KCNQ2",0.000154321192943452,NA,NA,NA
"topology_ARG1",9349,"GSR",0.00032731672891706,NA,NA,NA
"topology_ARG1",9350,"TFRC",0.000239327299633385,NA,NA,NA
"topology_ARG1",9351,"KCNH2",0.000463751185241779,NA,NA,NA
"topology_ARG1",9352,"GCK",0.000213793988103061,NA,NA,NA
"topology_ARG1",9353,"ABCG2",0.00154702083903102,NA,NA,NA
"topology_ARG1",9354,"ABCG2",0.00154702083903102,NA,NA,NA
"topology_ARG1",9355,"NR1H4",0.000150320210463128,NA,NA,NA
"topology_ARG1",9356,"HPRT1",0.00041877379526456,NA,NA,NA
"topology_ARG1",9357,"STAT4",0.000324242289791776,NA,NA,NA
"topology_ARG1",9358,"RARA",0.000182812715244118,NA,NA,NA
"topology_ARG1",9359,"GABRG2",6.25131802217682e-05,NA,NA,NA
"topology_ARG1",9360,"KCNQ2",0.000154321192943452,NA,NA,NA
"topology_ARG1",9361,"PCNA",0.000281828068793732,NA,NA,NA
"topology_ARG1",9362,"KCNH2",0.000463751185241779,NA,NA,NA
"topology_ARG1",9363,"ADRB2",0.000148693401879507,NA,NA,NA
"topology_ARG1",9364,"GRM5",0.000204723227971049,NA,NA,NA
"topology_ARG1",9365,"TAC1",0.001463424927591,NA,NA,NA
"topology_ARG1",9366,"TYMS",0.000142484575824997,NA,NA,NA
"topology_ARG1",9367,"PTGS1",0.0001138588382259,NA,NA,NA
"topology_ARG1",9368,"GFAP",0.000240332727610593,NA,NA,NA
"topology_ARG1",9369,"STAT4",0.000324242289791776,NA,NA,NA
"topology_ARG1",9370,"SCD",0.000143791042404695,NA,NA,NA
"topology_ARG1",9371,"GAD1",0.000786829139807432,NA,NA,NA
"topology_ARG1",9372,"PRKAG2",0.00023019859617357,NA,NA,NA
"topology_ARG1",9373,"GABRB3",0.000120726283226125,NA,NA,NA
"topology_ARG1",9374,"MECP2",0.000428908523146032,NA,NA,NA
"topology_ARG1",9375,"GSR",0.00032731672891706,NA,NA,NA
"topology_ARG1",9376,"ACLY",0.000136799781064179,NA,NA,NA
"topology_ARG1",9377,"TFRC",0.000239327299633385,NA,NA,NA
"topology_ARG1",9378,"CS",0.000203624857343709,NA,NA,NA
"topology_ARG1",9379,"PCNA",0.000281828068793732,NA,NA,NA
"topology_ARG1",9380,"CFTR",0.00160265872797649,NA,NA,NA
"topology_ARG1",9381,"TRPV1",0.00166711359586047,NA,NA,NA
"topology_ARG1",9382,"SCN1B",0.00123489854843939,NA,NA,NA
"topology_ARG1",9383,"CFTR",0.00160265872797649,NA,NA,NA
"topology_ARG1",9384,"GCK",0.000213793988103061,NA,NA,NA
"topology_ARG1",9385,"MT-CYB",0.000203007681716216,NA,NA,NA
"topology_ARG1",9386,"KCNJ11",0.00241899994818762,NA,NA,NA
"topology_ARG1",9387,"PTH",0.00019439506068486,NA,NA,NA
"topology_ARG1",9388,"SDHA",0.000611111269984921,NA,NA,NA
"topology_ARG1",9389,"TRPV1",0.00166711359586047,NA,NA,NA
"topology_ARG1",9390,"MECP2",0.000428908523146032,NA,NA,NA
"topology_ARG1",9391,"CAMP",0.00129691841056656,NA,NA,NA
"topology_ARG1",9392,"PCNA",0.000281828068793732,NA,NA,NA
"topology_ARG1",9393,"HPRT1",0.00041877379526456,NA,NA,NA
"topology_ARG1",9394,"PCNA",0.000281828068793732,NA,NA,NA
"topology_ARG1",9395,"GFAP",0.000240332727610593,NA,NA,NA
"topology_ARG1",9396,"GABRG2",6.25131802217682e-05,NA,NA,NA
"topology_ARG1",9397,"TRPV1",0.00166711359586047,NA,NA,NA
"topology_ARG1",9398,"GCK",0.000213793988103061,NA,NA,NA
"topology_ARG1",9399,"ABCG2",0.00154702083903102,NA,NA,NA
"topology_ARG1",9400,"GCK",0.000213793988103061,NA,NA,NA
"topology_ARG1",9401,"TFRC",0.000239327299633385,NA,NA,NA
"topology_ARG1",9402,"PTH",0.00019439506068486,NA,NA,NA
"topology_ARG1",9403,"SCN1B",0.00123489854843939,NA,NA,NA
"topology_ARG1",9404,"AGXT2",0.000181321349120078,NA,NA,NA
"topology_ARG1",9405,"DRD2",0.000217393825030943,NA,NA,NA
"topology_ARG1",9406,"CS",0.000203624857343709,NA,NA,NA
"topology_ARG1",9407,"KCNH2",0.000463751185241779,NA,NA,NA
"topology_ARG1",9408,"KCNQ2",0.000154321192943452,NA,NA,NA
"topology_ARG1",9409,"SDHA",0.000611111269984921,NA,NA,NA
"topology_ARG1",9410,"CFTR",0.00160265872797649,NA,NA,NA
"topology_ARG1",9411,"SCN2A",9.6829057864789e-05,NA,NA,NA
"topology_ARG1",9412,"TRPV4",0.000106153420904809,NA,NA,NA
"topology_ARG1",9413,"ADCY1",8.87083575196179e-06,NA,NA,NA
"topology_ARG1",9414,"SCN2A",9.6829057864789e-05,NA,NA,NA
"topology_ARG1",9415,"SCN1B",0.00123489854843939,NA,NA,NA
"topology_ARG1",9416,"GAD1",0.000786829139807432,NA,NA,NA
"topology_ARG1",9417,"TAC1",0.001463424927591,NA,NA,NA
"topology_ARG1",9418,"DPP4",0.00143001137023646,NA,NA,NA
"topology_ARG1",9419,"GABRB3",0.000120726283226125,NA,NA,NA
"topology_ARG1",9420,"SCN1B",0.00123489854843939,NA,NA,NA
"topology_ARG1",9421,"GRM5",0.000204723227971049,NA,NA,NA
"topology_ARG1",9422,"AGXT2",0.000181321349120078,NA,NA,NA
"topology_ARG1",9423,"SDHA",0.000611111269984921,NA,NA,NA
"topology_ARG1",9424,"KCNJ11",0.00241899994818762,NA,NA,NA
"topology_ARG1",9425,"ABCG2",0.00154702083903102,NA,NA,NA
"topology_ARG1",9426,"SDHA",0.000611111269984921,NA,NA,NA
"topology_ARG1",9427,"SCN2A",9.6829057864789e-05,NA,NA,NA
"topology_ARG1",9428,"GRM5",0.000204723227971049,NA,NA,NA
"topology_ARG1",9429,"HPRT1",0.00041877379526456,NA,NA,NA
"topology_ARG1",9430,"PRKAG2",0.00023019859617357,NA,NA,NA
"topology_ARG1",9431,"SDHA",0.000611111269984921,NA,NA,NA
"topology_ARG1",9432,"GCK",0.000213793988103061,NA,NA,NA
"topology_ARG1",9433,"ADRB2",0.000148693401879507,NA,NA,NA
"topology_ARG1",9434,"HK2",0.000296209764147126,NA,NA,NA
"topology_ARG1",9435,"ADRB2",0.000148693401879507,NA,NA,NA
"topology_ARG1",9436,"GAD1",0.000786829139807432,NA,NA,NA
"topology_ARG1",9437,"CS",0.000203624857343709,NA,NA,NA
"topology_ARG1",9438,"SCN1B",0.00123489854843939,NA,NA,NA
"topology_ARG1",9439,"KCNJ11",0.00241899994818762,NA,NA,NA
"topology_ARG1",9440,"SDHA",0.000611111269984921,NA,NA,NA
"topology_ARG1",9441,"GABRG2",6.25131802217682e-05,NA,NA,NA
"topology_ARG1",9442,"CS",0.000203624857343709,NA,NA,NA
"topology_ARG1",9443,"MT-CYB",0.000203007681716216,NA,NA,NA
"topology_ARG1",9444,"MECP2",0.000428908523146032,NA,NA,NA
"topology_ARG1",9445,"GABBR1",0.000629351098106912,NA,NA,NA
"topology_ARG1",9446,"TRPV4",0.000106153420904809,NA,NA,NA
"topology_ARG1",9447,"KCNQ2",0.000154321192943452,NA,NA,NA
"topology_ARG1",9448,"KCNH2",0.000463751185241779,NA,NA,NA
"topology_ARG1",9449,"TRPV4",0.000106153420904809,NA,NA,NA
"topology_ARG1",9450,"TRPV4",0.000106153420904809,NA,NA,NA
"topology_ARG1",9451,"DPP4",0.00143001137023646,NA,NA,NA
"topology_ARG1",9452,"NQO1",0.000518240501310552,NA,NA,NA
"topology_ARG1",9453,"PTH",0.00019439506068486,NA,NA,NA
"topology_ARG1",9454,"SDHA",0.000611111269984921,NA,NA,NA
"topology_ARG1",9455,"HK2",0.000296209764147126,NA,NA,NA
"topology_ARG1",9456,"GCK",0.000213793988103061,NA,NA,NA
"topology_ARG1",9457,"NR1H4",0.000150320210463128,NA,NA,NA
"topology_ARG1",9458,"GABRA1",0.000512519672648093,NA,NA,NA
"topology_ARG1",9459,"TRPV4",0.000106153420904809,NA,NA,NA
"topology_ARG1",9460,"TRPV4",0.000106153420904809,NA,NA,NA
"topology_ARG1",9461,"PTH",0.00019439506068486,NA,NA,NA
"topology_ARG1",9462,"CS",0.000203624857343709,NA,NA,NA
"topology_ARG1",9463,"NR1H4",0.000150320210463128,NA,NA,NA
"topology_ARG1",9464,"HPRT1",0.00041877379526456,NA,NA,NA
"topology_ARG1",9465,"GAD1",0.000786829139807432,NA,NA,NA
"topology_ARG1",9466,"GRM5",0.000204723227971049,NA,NA,NA
"topology_ARG1",9467,"PCNA",0.000281828068793732,NA,NA,NA
"topology_ARG1",9468,"SCD",0.000143791042404695,NA,NA,NA
"topology_ARG1",9469,"DRD2",0.000217393825030943,NA,NA,NA
"topology_ARG1",9470,"GABRB3",0.000120726283226125,NA,NA,NA
"topology_ARG1",9471,"CAMP",0.00129691841056656,NA,NA,NA
"topology_ARG1",9472,"ABCG2",0.00154702083903102,NA,NA,NA
"topology_ARG1",9473,"HK2",0.000296209764147126,NA,NA,NA
"topology_ARG1",9474,"PTGS1",0.0001138588382259,NA,NA,NA
"topology_ARG1",9475,"MT-CYB",0.000203007681716216,NA,NA,NA
"topology_ARG1",9476,"TFRC",0.000239327299633385,NA,NA,NA
"topology_ARG1",9477,"CFTR",0.00160265872797649,NA,NA,NA
"topology_ARG1",9478,"HK2",0.000296209764147126,NA,NA,NA
"topology_ARG1",9479,"GABBR1",0.000629351098106912,NA,NA,NA
"topology_ARG1",9480,"ACLY",0.000136799781064179,NA,NA,NA
"topology_ARG1",9481,"SCD",0.000143791042404695,NA,NA,NA
"topology_ARG1",9482,"NQO1",0.000518240501310552,NA,NA,NA
"topology_ARG1",9483,"RARA",0.000182812715244118,NA,NA,NA
"topology_ARG1",9484,"GABRA1",0.000512519672648093,NA,NA,NA
"topology_ARG1",9485,"PTGS1",0.0001138588382259,NA,NA,NA
"topology_ARG1",9486,"TRPV4",0.000106153420904809,NA,NA,NA
"topology_ARG1",9487,"MECP2",0.000428908523146032,NA,NA,NA
"topology_ARG1",9488,"RARA",0.000182812715244118,NA,NA,NA
"topology_ARG1",9489,"KCNQ2",0.000154321192943452,NA,NA,NA
"topology_ARG1",9490,"GABBR1",0.000629351098106912,NA,NA,NA
"topology_ARG1",9491,"SDHA",0.000611111269984921,NA,NA,NA
"topology_ARG1",9492,"TFRC",0.000239327299633385,NA,NA,NA
"topology_ARG1",9493,"ACLY",0.000136799781064179,NA,NA,NA
"topology_ARG1",9494,"STAT4",0.000324242289791776,NA,NA,NA
"topology_ARG1",9495,"XBP1",0.00130705850242441,NA,NA,NA
"topology_ARG1",9496,"GCK",0.000213793988103061,NA,NA,NA
"topology_ARG1",9497,"SCD",0.000143791042404695,NA,NA,NA
"topology_ARG1",9498,"SCN1B",0.00123489854843939,NA,NA,NA
"topology_ARG1",9499,"ABCG2",0.00154702083903102,NA,NA,NA
"topology_ARG1",9500,"TFRC",0.000239327299633385,NA,NA,NA
"topology_ARG1",9501,"PTH",0.00019439506068486,NA,NA,NA
"topology_ARG1",9502,"ABCG2",0.00154702083903102,NA,NA,NA
"topology_ARG1",9503,"CAMP",0.00129691841056656,NA,NA,NA
"topology_ARG1",9504,"GCK",0.000213793988103061,NA,NA,NA
"topology_ARG1",9505,"TYMS",0.000142484575824997,NA,NA,NA
"topology_ARG1",9506,"GAD1",0.000786829139807432,NA,NA,NA
"topology_ARG1",9507,"STAT4",0.000324242289791776,NA,NA,NA
"topology_ARG1",9508,"NQO1",0.000518240501310552,NA,NA,NA
"topology_ARG1",9509,"SCN1B",0.00123489854843939,NA,NA,NA
"topology_ARG1",9510,"PRKAG2",0.00023019859617357,NA,NA,NA
"topology_ARG1",9511,"KCNQ2",0.000154321192943452,NA,NA,NA
"topology_ARG1",9512,"PLA2G4A",0.000158908171599248,NA,NA,NA
"topology_ARG1",9513,"ADCY2",0,NA,NA,NA
"topology_ARG1",9514,"PTGS1",0.0001138588382259,NA,NA,NA
"topology_ARG1",9515,"PLA2G4A",0.000158908171599248,NA,NA,NA
"topology_ARG1",9516,"TRPV1",0.00166711359586047,NA,NA,NA
"topology_ARG1",9517,"KCNH2",0.000463751185241779,NA,NA,NA
"topology_ARG1",9518,"HK2",0.000296209764147126,NA,NA,NA
"topology_ARG1",9519,"ADCY1",8.87083575196179e-06,NA,NA,NA
"topology_ARG1",9520,"ADCY2",0,NA,NA,NA
"topology_ARG1",9521,"GCLC",8.05799891081538e-05,NA,NA,NA
"topology_ARG1",9522,"GCK",0.000213793988103061,NA,NA,NA
"topology_ARG1",9523,"TAC1",0.001463424927591,NA,NA,NA
"topology_ARG1",9524,"STAT4",0.000324242289791776,NA,NA,NA
"topology_ARG1",9525,"STAT4",0.000324242289791776,NA,NA,NA
"topology_ARG1",9526,"XBP1",0.00130705850242441,NA,NA,NA
"topology_ARG1",9527,"ADCY2",0,NA,NA,NA
"topology_ARG1",9528,"SCD",0.000143791042404695,NA,NA,NA
"topology_ARG1",9529,"GABRA1",0.000512519672648093,NA,NA,NA
"topology_ARG1",9530,"TRPV1",0.00166711359586047,NA,NA,NA
"topology_ARG1",9531,"ACLY",0.000136799781064179,NA,NA,NA
"topology_ARG1",9532,"PLA2G4A",0.000158908171599248,NA,NA,NA
"topology_ARG1",9533,"NR1H4",0.000150320210463128,NA,NA,NA
"topology_ARG1",9534,"GAD1",0.000786829139807432,NA,NA,NA
"topology_ARG1",9535,"TYMS",0.000142484575824997,NA,NA,NA
"topology_ARG1",9536,"NQO1",0.000518240501310552,NA,NA,NA
"topology_ARG1",9537,"PRKAG2",0.00023019859617357,NA,NA,NA
"topology_ARG1",9538,"PRKAG2",0.00023019859617357,NA,NA,NA
"topology_ARG1",9539,"KCNQ2",0.000154321192943452,NA,NA,NA
"topology_ARG1",9540,"AGXT2",0.000181321349120078,NA,NA,NA
"topology_ARG1",9541,"GABRA1",0.000512519672648093,NA,NA,NA
"topology_ARG1",9542,"HPRT1",0.00041877379526456,NA,NA,NA
"topology_ARG1",9543,"STAT4",0.000324242289791776,NA,NA,NA
"topology_ARG1",9544,"GSR",0.00032731672891706,NA,NA,NA
"topology_ARG1",9545,"CS",0.000203624857343709,NA,NA,NA
"topology_ARG1",9546,"ADCY1",8.87083575196179e-06,NA,NA,NA
"topology_ARG1",9547,"GAD1",0.000786829139807432,NA,NA,NA
"topology_ARG1",9548,"KCNJ11",0.00241899994818762,NA,NA,NA
"topology_ARG1",9549,"ABCG2",0.00154702083903102,NA,NA,NA
"topology_ARG1",9550,"TAC1",0.001463424927591,NA,NA,NA
"topology_ARG1",9551,"KCNH2",0.000463751185241779,NA,NA,NA
"topology_ARG1",9552,"PRKAG2",0.00023019859617357,NA,NA,NA
"topology_ARG1",9553,"SCN2A",9.6829057864789e-05,NA,NA,NA
"topology_ARG1",9554,"GCLC",8.05799891081538e-05,NA,NA,NA
"topology_ARG1",9555,"DRD2",0.000217393825030943,NA,NA,NA
"topology_ARG1",9556,"CS",0.000203624857343709,NA,NA,NA
"topology_ARG1",9557,"ADCY1",8.87083575196179e-06,NA,NA,NA
"topology_ARG1",9558,"TRPV1",0.00166711359586047,NA,NA,NA
"topology_ARG1",9559,"SDHA",0.000611111269984921,NA,NA,NA
"topology_ARG1",9560,"CFTR",0.00160265872797649,NA,NA,NA
"topology_ARG1",9561,"TAC1",0.001463424927591,NA,NA,NA
"topology_ARG1",9562,"NQO1",0.000518240501310552,NA,NA,NA
"topology_ARG1",9563,"XDH",0.000207347108110545,NA,NA,NA
"topology_ARG1",9564,"ADCY2",0,NA,NA,NA
"topology_ARG1",9565,"GSR",0.00032731672891706,NA,NA,NA
"topology_ARG1",9566,"ADRB2",0.000148693401879507,NA,NA,NA
"topology_ARG1",9567,"CAMP",0.00129691841056656,NA,NA,NA
"topology_ARG1",9568,"PTH",0.00019439506068486,NA,NA,NA
"topology_ARG1",9569,"SCD",0.000143791042404695,NA,NA,NA
"topology_ARG1",9570,"HK2",0.000296209764147126,NA,NA,NA
"topology_ARG1",9571,"PRKAG2",0.00023019859617357,NA,NA,NA
"topology_ARG1",9572,"CS",0.000203624857343709,NA,NA,NA
"topology_ARG1",9573,"ADRB2",0.000148693401879507,NA,NA,NA
"topology_ARG1",9574,"PLA2G4A",0.000158908171599248,NA,NA,NA
"topology_ARG1",9575,"DPP4",0.00143001137023646,NA,NA,NA
"topology_ARG1",9576,"TYMS",0.000142484575824997,NA,NA,NA
"topology_ARG1",9577,"TAC1",0.001463424927591,NA,NA,NA
"topology_ARG1",9578,"PCNA",0.000281828068793732,NA,NA,NA
"topology_ARG1",9579,"DRD2",0.000217393825030943,NA,NA,NA
"topology_ARG1",9580,"XDH",0.000207347108110545,NA,NA,NA
"topology_ARG1",9581,"GABRG2",6.25131802217682e-05,NA,NA,NA
"topology_ARG1",9582,"GABRA1",0.000512519672648093,NA,NA,NA
"topology_ARG1",9583,"ABCG2",0.00154702083903102,NA,NA,NA
"topology_ARG1",9584,"CFTR",0.00160265872797649,NA,NA,NA
"topology_ARG1",9585,"NR1H4",0.000150320210463128,NA,NA,NA
"topology_ARG1",9586,"HK2",0.000296209764147126,NA,NA,NA
"topology_ARG1",9587,"PCNA",0.000281828068793732,NA,NA,NA
"topology_ARG1",9588,"MT-CYB",0.000203007681716216,NA,NA,NA
"topology_ARG1",9589,"DPP4",0.00143001137023646,NA,NA,NA
"topology_ARG1",9590,"SLC6A3",0.000164253248760127,NA,NA,NA
"topology_ARG1",9591,"TFRC",0.000239327299633385,NA,NA,NA
"topology_ARG1",9592,"GABBR1",0.000629351098106912,NA,NA,NA
"topology_ARG1",9593,"RARA",0.000182812715244118,NA,NA,NA
"topology_ARG1",9594,"GFAP",0.000240332727610593,NA,NA,NA
"topology_ARG1",9595,"SDHA",0.000611111269984921,NA,NA,NA
"topology_ARG1",9596,"PTGS1",0.0001138588382259,NA,NA,NA
"topology_ARG1",9597,"SCN1B",0.00123489854843939,NA,NA,NA
"topology_ARG1",9598,"PTGS1",0.0001138588382259,NA,NA,NA
"topology_ARG1",9599,"GRM5",0.000204723227971049,NA,NA,NA
"topology_ARG1",9600,"PLA2G4A",0.000158908171599248,NA,NA,NA
"topology_ARG1",9601,"TFRC",0.000239327299633385,NA,NA,NA
"topology_ARG1",9602,"CAMP",0.00129691841056656,NA,NA,NA
"topology_ARG1",9603,"XDH",0.000207347108110545,NA,NA,NA
"topology_ARG1",9604,"GABRA1",0.000512519672648093,NA,NA,NA
"topology_ARG1",9605,"NR1H4",0.000150320210463128,NA,NA,NA
"topology_ARG1",9606,"DRD2",0.000217393825030943,NA,NA,NA
"topology_ARG1",9607,"PCNA",0.000281828068793732,NA,NA,NA
"topology_ARG1",9608,"HK2",0.000296209764147126,NA,NA,NA
"topology_ARG1",9609,"TAC1",0.001463424927591,NA,NA,NA
"topology_ARG1",9610,"STAT4",0.000324242289791776,NA,NA,NA
"topology_ARG1",9611,"SCD",0.000143791042404695,NA,NA,NA
"topology_ARG1",9612,"RARA",0.000182812715244118,NA,NA,NA
"topology_ARG1",9613,"NQO1",0.000518240501310552,NA,NA,NA
"topology_ARG1",9614,"PTGS1",0.0001138588382259,NA,NA,NA
"topology_ARG1",9615,"SCN1B",0.00123489854843939,NA,NA,NA
"topology_ARG1",9616,"TAC1",0.001463424927591,NA,NA,NA
"topology_ARG1",9617,"AGXT2",0.000181321349120078,NA,NA,NA
"topology_ARG1",9618,"PTGS1",0.0001138588382259,NA,NA,NA
"topology_ARG1",9619,"TRPV1",0.00166711359586047,NA,NA,NA
"topology_ARG1",9620,"AGXT2",0.000181321349120078,NA,NA,NA
"topology_ARG1",9621,"TFRC",0.000239327299633385,NA,NA,NA
"topology_ARG1",9622,"GRM5",0.000204723227971049,NA,NA,NA
"topology_ARG1",9623,"GATM",0.000449150320023683,NA,NA,NA
"topology_ARG1",9624,"TYMS",0.000142484575824997,NA,NA,NA
"topology_ARG1",9625,"STAT4",0.000324242289791776,NA,NA,NA
"topology_ARG1",9626,"GCLC",8.05799891081538e-05,NA,NA,NA
"topology_ARG1",9627,"AGXT2",0.000181321349120078,NA,NA,NA
"topology_ARG1",9628,"HPRT1",0.00041877379526456,NA,NA,NA
"topology_ARG1",9629,"GRM5",0.000204723227971049,NA,NA,NA
"topology_ARG1",9630,"DRD2",0.000217393825030943,NA,NA,NA
"topology_ARG1",9631,"GABBR1",0.000629351098106912,NA,NA,NA
"topology_ARG1",9632,"ADRB2",0.000148693401879507,NA,NA,NA
"topology_ARG1",9633,"PTH",0.00019439506068486,NA,NA,NA
"topology_ARG1",9634,"HPRT1",0.00041877379526456,NA,NA,NA
"topology_ARG1",9635,"KCNJ11",0.00241899994818762,NA,NA,NA
"topology_ARG1",9636,"DRD2",0.000217393825030943,NA,NA,NA
"topology_ARG1",9637,"GCK",0.000213793988103061,NA,NA,NA
"topology_ARG1",9638,"TYMS",0.000142484575824997,NA,NA,NA
"topology_ARG1",9639,"ADCY2",0,NA,NA,NA
"topology_ARG1",9640,"GABRB3",0.000120726283226125,NA,NA,NA
"topology_ARG1",9641,"XBP1",0.00130705850242441,NA,NA,NA
"topology_ARG1",9642,"GSR",0.00032731672891706,NA,NA,NA
"topology_ARG1",9643,"SCD",0.000143791042404695,NA,NA,NA
"topology_ARG1",9644,"CAMP",0.00129691841056656,NA,NA,NA
"topology_ARG1",9645,"AGXT2",0.000181321349120078,NA,NA,NA
"topology_ARG1",9646,"GRM5",0.000204723227971049,NA,NA,NA
"topology_ARG1",9647,"CS",0.000203624857343709,NA,NA,NA
"topology_ARG1",9648,"SCN2A",9.6829057864789e-05,NA,NA,NA
"topology_ARG1",9649,"SCN1B",0.00123489854843939,NA,NA,NA
"topology_ARG1",9650,"DPP4",0.00143001137023646,NA,NA,NA
"topology_ARG1",9651,"GCK",0.000213793988103061,NA,NA,NA
"topology_ARG1",9652,"TFRC",0.000239327299633385,NA,NA,NA
"topology_ARG1",9653,"GFAP",0.000240332727610593,NA,NA,NA
"topology_ARG1",9654,"TFRC",0.000239327299633385,NA,NA,NA
"topology_ARG1",9655,"SDHA",0.000611111269984921,NA,NA,NA
"topology_ARG1",9656,"CAMP",0.00129691841056656,NA,NA,NA
"topology_ARG1",9657,"ABCG2",0.00154702083903102,NA,NA,NA
"topology_ARG1",9658,"GSR",0.00032731672891706,NA,NA,NA
"topology_ARG1",9659,"ADCY1",8.87083575196179e-06,NA,NA,NA
"topology_ARG1",9660,"NQO1",0.000518240501310552,NA,NA,NA
"topology_ARG1",9661,"TRPV1",0.00166711359586047,NA,NA,NA
"topology_ARG1",9662,"PRKAG2",0.00023019859617357,NA,NA,NA
"topology_ARG1",9663,"ADCY1",8.87083575196179e-06,NA,NA,NA
"topology_ARG1",9664,"GAD1",0.000786829139807432,NA,NA,NA
"topology_ARG1",9665,"ABCG2",0.00154702083903102,NA,NA,NA
"topology_ARG1",9666,"MT-CYB",0.000203007681716216,NA,NA,NA
"topology_ARG1",9667,"AGXT2",0.000181321349120078,NA,NA,NA
"topology_ARG1",9668,"MT-CYB",0.000203007681716216,NA,NA,NA
"topology_ARG1",9669,"DPP4",0.00143001137023646,NA,NA,NA
"topology_ARG1",9670,"NR1H4",0.000150320210463128,NA,NA,NA
"topology_ARG1",9671,"DPP4",0.00143001137023646,NA,NA,NA
"topology_ARG1",9672,"XDH",0.000207347108110545,NA,NA,NA
"topology_ARG1",9673,"SCN1B",0.00123489854843939,NA,NA,NA
"topology_ARG1",9674,"KCNQ2",0.000154321192943452,NA,NA,NA
"topology_ARG1",9675,"DRD2",0.000217393825030943,NA,NA,NA
"topology_ARG1",9676,"HPRT1",0.00041877379526456,NA,NA,NA
"topology_ARG1",9677,"CAMP",0.00129691841056656,NA,NA,NA
"topology_ARG1",9678,"PTGS1",0.0001138588382259,NA,NA,NA
"topology_ARG1",9679,"GSR",0.00032731672891706,NA,NA,NA
"topology_ARG1",9680,"GFAP",0.000240332727610593,NA,NA,NA
"topology_ARG1",9681,"HK2",0.000296209764147126,NA,NA,NA
"topology_ARG1",9682,"NR1H4",0.000150320210463128,NA,NA,NA
"topology_ARG1",9683,"ADCY1",8.87083575196179e-06,NA,NA,NA
"topology_ARG1",9684,"TRPV4",0.000106153420904809,NA,NA,NA
"topology_ARG1",9685,"SCN1B",0.00123489854843939,NA,NA,NA
"topology_ARG1",9686,"TRPV4",0.000106153420904809,NA,NA,NA
"topology_ARG1",9687,"GABRA1",0.000512519672648093,NA,NA,NA
"topology_ARG1",9688,"TRPV4",0.000106153420904809,NA,NA,NA
"topology_ARG1",9689,"ACLY",0.000136799781064179,NA,NA,NA
"topology_ARG1",9690,"NQO1",0.000518240501310552,NA,NA,NA
"topology_ARG1",9691,"RARA",0.000182812715244118,NA,NA,NA
"topology_ARG1",9692,"DRD2",0.000217393825030943,NA,NA,NA
"topology_ARG1",9693,"RARA",0.000182812715244118,NA,NA,NA
"topology_ARG1",9694,"HK2",0.000296209764147126,NA,NA,NA
"topology_ARG1",9695,"SCN2A",9.6829057864789e-05,NA,NA,NA
"topology_ARG1",9696,"MT-CYB",0.000203007681716216,NA,NA,NA
"topology_ARG1",9697,"GABRB3",0.000120726283226125,NA,NA,NA
"topology_ARG1",9698,"TAC1",0.001463424927591,NA,NA,NA
"topology_ARG1",9699,"SDHA",0.000611111269984921,NA,NA,NA
"topology_ARG1",9700,"PTGS1",0.0001138588382259,NA,NA,NA
"topology_ARG1",9701,"CFTR",0.00160265872797649,NA,NA,NA
"topology_ARG1",9702,"GABRG2",6.25131802217682e-05,NA,NA,NA
"topology_ARG1",9703,"KCNJ11",0.00241899994818762,NA,NA,NA
"topology_ARG1",9704,"TRPV1",0.00166711359586047,NA,NA,NA
"topology_ARG1",9705,"TRPV1",0.00166711359586047,NA,NA,NA
"topology_ARG1",9706,"PTH",0.00019439506068486,NA,NA,NA
"topology_ARG1",9707,"GFAP",0.000240332727610593,NA,NA,NA
"topology_ARG1",9708,"CFTR",0.00160265872797649,NA,NA,NA
"topology_ARG1",9709,"GABRA1",0.000512519672648093,NA,NA,NA
"topology_ARG1",9710,"XDH",0.000207347108110545,NA,NA,NA
"topology_ARG1",9711,"HPRT1",0.00041877379526456,NA,NA,NA
"topology_ARG1",9712,"HK2",0.000296209764147126,NA,NA,NA
"topology_ARG1",9713,"TRPV4",0.000106153420904809,NA,NA,NA
"topology_ARG1",9714,"CS",0.000203624857343709,NA,NA,NA
"topology_ARG1",9715,"CFTR",0.00160265872797649,NA,NA,NA
"topology_ARG1",9716,"GABRB3",0.000120726283226125,NA,NA,NA
"topology_ARG1",9717,"XBP1",0.00130705850242441,NA,NA,NA
"topology_ARG1",9718,"ADRB2",0.000148693401879507,NA,NA,NA
"topology_ARG1",9719,"SDHA",0.000611111269984921,NA,NA,NA
"topology_ARG1",9720,"GAD1",0.000786829139807432,NA,NA,NA
"topology_ARG1",9721,"GCK",0.000213793988103061,NA,NA,NA
"topology_ARG1",9722,"HK2",0.000296209764147126,NA,NA,NA
"topology_ARG1",9723,"PRKAG2",0.00023019859617357,NA,NA,NA
"topology_ARG1",9724,"CAMP",0.00129691841056656,NA,NA,NA
"topology_ARG1",9725,"GATM",0.000449150320023683,NA,NA,NA
"topology_ARG1",9726,"MT-CYB",0.000203007681716216,NA,NA,NA
"topology_ARG1",9727,"GABRG2",6.25131802217682e-05,NA,NA,NA
"topology_ARG1",9728,"KCNH2",0.000463751185241779,NA,NA,NA
"topology_ARG1",9729,"HPRT1",0.00041877379526456,NA,NA,NA
"topology_ARG1",9730,"AGXT2",0.000181321349120078,NA,NA,NA
"topology_ARG1",9731,"TFRC",0.000239327299633385,NA,NA,NA
"topology_ARG1",9732,"XDH",0.000207347108110545,NA,NA,NA
"topology_ARG1",9733,"STAT4",0.000324242289791776,NA,NA,NA
"topology_ARG1",9734,"NQO1",0.000518240501310552,NA,NA,NA
"topology_ARG1",9735,"ADRB2",0.000148693401879507,NA,NA,NA
"topology_ARG1",9736,"GABRG2",6.25131802217682e-05,NA,NA,NA
"topology_ARG1",9737,"MT-CYB",0.000203007681716216,NA,NA,NA
"topology_ARG1",9738,"RARA",0.000182812715244118,NA,NA,NA
"topology_ARG1",9739,"PTGS1",0.0001138588382259,NA,NA,NA
"topology_ARG1",9740,"PTGS1",0.0001138588382259,NA,NA,NA
"topology_ARG1",9741,"MECP2",0.000428908523146032,NA,NA,NA
"topology_ARG1",9742,"MECP2",0.000428908523146032,NA,NA,NA
"topology_ARG1",9743,"SLC6A3",0.000164253248760127,NA,NA,NA
"topology_ARG1",9744,"PLA2G4A",0.000158908171599248,NA,NA,NA
"topology_ARG1",9745,"ACLY",0.000136799781064179,NA,NA,NA
"topology_ARG1",9746,"GFAP",0.000240332727610593,NA,NA,NA
"topology_ARG1",9747,"SCD",0.000143791042404695,NA,NA,NA
"topology_ARG1",9748,"ADCY2",0,NA,NA,NA
"topology_ARG1",9749,"HPRT1",0.00041877379526456,NA,NA,NA
"topology_ARG1",9750,"GSR",0.00032731672891706,NA,NA,NA
"topology_ARG1",9751,"RARA",0.000182812715244118,NA,NA,NA
"topology_ARG1",9752,"TFRC",0.000239327299633385,NA,NA,NA
"topology_ARG1",9753,"AGXT2",0.000181321349120078,NA,NA,NA
"topology_ARG1",9754,"HPRT1",0.00041877379526456,NA,NA,NA
"topology_ARG1",9755,"HK2",0.000296209764147126,NA,NA,NA
"topology_ARG1",9756,"CFTR",0.00160265872797649,NA,NA,NA
"topology_ARG1",9757,"PTH",0.00019439506068486,NA,NA,NA
"topology_ARG1",9758,"TRPV4",0.000106153420904809,NA,NA,NA
"topology_ARG1",9759,"GABRB3",0.000120726283226125,NA,NA,NA
"topology_ARG1",9760,"TRPV1",0.00166711359586047,NA,NA,NA
"topology_ARG1",9761,"TRPV4",0.000106153420904809,NA,NA,NA
"topology_ARG1",9762,"TAC1",0.001463424927591,NA,NA,NA
"topology_ARG1",9763,"MT-CYB",0.000203007681716216,NA,NA,NA
"topology_ARG1",9764,"PRKAG2",0.00023019859617357,NA,NA,NA
"topology_ARG1",9765,"TFRC",0.000239327299633385,NA,NA,NA
"topology_ARG1",9766,"TFRC",0.000239327299633385,NA,NA,NA
"topology_ARG1",9767,"GRM5",0.000204723227971049,NA,NA,NA
"topology_ARG1",9768,"PLA2G4A",0.000158908171599248,NA,NA,NA
"topology_ARG1",9769,"PRKAG2",0.00023019859617357,NA,NA,NA
"topology_ARG1",9770,"DRD2",0.000217393825030943,NA,NA,NA
"topology_ARG1",9771,"SLC6A3",0.000164253248760127,NA,NA,NA
"topology_ARG1",9772,"XDH",0.000207347108110545,NA,NA,NA
"topology_ARG1",9773,"CFTR",0.00160265872797649,NA,NA,NA
"topology_ARG1",9774,"CFTR",0.00160265872797649,NA,NA,NA
"topology_ARG1",9775,"TFRC",0.000239327299633385,NA,NA,NA
"topology_ARG1",9776,"TAC1",0.001463424927591,NA,NA,NA
"topology_ARG1",9777,"GRM5",0.000204723227971049,NA,NA,NA
"topology_ARG1",9778,"GCLC",8.05799891081538e-05,NA,NA,NA
"topology_ARG1",9779,"TRPV4",0.000106153420904809,NA,NA,NA
"topology_ARG1",9780,"GABRG2",6.25131802217682e-05,NA,NA,NA
"topology_ARG1",9781,"GABRB3",0.000120726283226125,NA,NA,NA
"topology_ARG1",9782,"RARA",0.000182812715244118,NA,NA,NA
"topology_ARG1",9783,"HK2",0.000296209764147126,NA,NA,NA
"topology_ARG1",9784,"KCNJ11",0.00241899994818762,NA,NA,NA
"topology_ARG1",9785,"ABCG2",0.00154702083903102,NA,NA,NA
"topology_ARG1",9786,"HK2",0.000296209764147126,NA,NA,NA
"topology_ARG1",9787,"CAMP",0.00129691841056656,NA,NA,NA
"topology_ARG1",9788,"TYMS",0.000142484575824997,NA,NA,NA
"topology_ARG1",9789,"DRD2",0.000217393825030943,NA,NA,NA
"topology_ARG1",9790,"SCD",0.000143791042404695,NA,NA,NA
"topology_ARG1",9791,"HPRT1",0.00041877379526456,NA,NA,NA
"topology_ARG1",9792,"GABRB3",0.000120726283226125,NA,NA,NA
"topology_ARG1",9793,"PTH",0.00019439506068486,NA,NA,NA
"topology_ARG1",9794,"DPP4",0.00143001137023646,NA,NA,NA
"topology_ARG1",9795,"TRPV4",0.000106153420904809,NA,NA,NA
"topology_ARG1",9796,"TYMS",0.000142484575824997,NA,NA,NA
"topology_ARG1",9797,"XDH",0.000207347108110545,NA,NA,NA
"topology_ARG1",9798,"SDHA",0.000611111269984921,NA,NA,NA
"topology_ARG1",9799,"PCNA",0.000281828068793732,NA,NA,NA
"topology_ARG1",9800,"SCN2A",9.6829057864789e-05,NA,NA,NA
"topology_ARG1",9801,"CS",0.000203624857343709,NA,NA,NA
"topology_ARG1",9802,"KCNQ2",0.000154321192943452,NA,NA,NA
"topology_ARG1",9803,"DPP4",0.00143001137023646,NA,NA,NA
"topology_ARG1",9804,"GABRG2",6.25131802217682e-05,NA,NA,NA
"topology_ARG1",9805,"GABRA1",0.000512519672648093,NA,NA,NA
"topology_ARG1",9806,"XBP1",0.00130705850242441,NA,NA,NA
"topology_ARG1",9807,"MT-CYB",0.000203007681716216,NA,NA,NA
"topology_ARG1",9808,"NR1H4",0.000150320210463128,NA,NA,NA
"topology_ARG1",9809,"RARA",0.000182812715244118,NA,NA,NA
"topology_ARG1",9810,"GABRB3",0.000120726283226125,NA,NA,NA
"topology_ARG1",9811,"RARA",0.000182812715244118,NA,NA,NA
"topology_ARG1",9812,"KCNQ2",0.000154321192943452,NA,NA,NA
"topology_ARG1",9813,"PRKAG2",0.00023019859617357,NA,NA,NA
"topology_ARG1",9814,"CFTR",0.00160265872797649,NA,NA,NA
"topology_ARG1",9815,"ADCY2",0,NA,NA,NA
"topology_ARG1",9816,"SDHA",0.000611111269984921,NA,NA,NA
"topology_ARG1",9817,"TRPV4",0.000106153420904809,NA,NA,NA
"topology_ARG1",9818,"AGXT2",0.000181321349120078,NA,NA,NA
"topology_ARG1",9819,"HK2",0.000296209764147126,NA,NA,NA
"topology_ARG1",9820,"SCN1B",0.00123489854843939,NA,NA,NA
"topology_ARG1",9821,"HK2",0.000296209764147126,NA,NA,NA
"topology_ARG1",9822,"PTGS1",0.0001138588382259,NA,NA,NA
"topology_ARG1",9823,"GABRB3",0.000120726283226125,NA,NA,NA
"topology_ARG1",9824,"MT-CYB",0.000203007681716216,NA,NA,NA
"topology_ARG1",9825,"GFAP",0.000240332727610593,NA,NA,NA
"topology_ARG1",9826,"XDH",0.000207347108110545,NA,NA,NA
"topology_ARG1",9827,"NR1H4",0.000150320210463128,NA,NA,NA
"topology_ARG1",9828,"PLA2G4A",0.000158908171599248,NA,NA,NA
"topology_ARG1",9829,"ADRB2",0.000148693401879507,NA,NA,NA
"topology_ARG1",9830,"PCNA",0.000281828068793732,NA,NA,NA
"topology_ARG1",9831,"TRPV1",0.00166711359586047,NA,NA,NA
"topology_ARG1",9832,"KCNQ2",0.000154321192943452,NA,NA,NA
"topology_ARG1",9833,"GFAP",0.000240332727610593,NA,NA,NA
"topology_ARG1",9834,"GCK",0.000213793988103061,NA,NA,NA
"topology_ARG1",9835,"GFAP",0.000240332727610593,NA,NA,NA
"topology_ARG1",9836,"ADCY1",8.87083575196179e-06,NA,NA,NA
"topology_ARG1",9837,"KCNH2",0.000463751185241779,NA,NA,NA
"topology_ARG1",9838,"GCLC",8.05799891081538e-05,NA,NA,NA
"topology_ARG1",9839,"SCN1B",0.00123489854843939,NA,NA,NA
"topology_ARG1",9840,"SCN1B",0.00123489854843939,NA,NA,NA
"topology_ARG1",9841,"ACLY",0.000136799781064179,NA,NA,NA
"topology_ARG1",9842,"PCNA",0.000281828068793732,NA,NA,NA
"topology_ARG1",9843,"STAT4",0.000324242289791776,NA,NA,NA
"topology_ARG1",9844,"SCD",0.000143791042404695,NA,NA,NA
"topology_ARG1",9845,"MT-CYB",0.000203007681716216,NA,NA,NA
"topology_ARG1",9846,"PRKAG2",0.00023019859617357,NA,NA,NA
"topology_ARG1",9847,"SCN1B",0.00123489854843939,NA,NA,NA
"topology_ARG1",9848,"DPP4",0.00143001137023646,NA,NA,NA
"topology_ARG1",9849,"SLC6A3",0.000164253248760127,NA,NA,NA
"topology_ARG1",9850,"GRM5",0.000204723227971049,NA,NA,NA
"topology_ARG1",9851,"ADCY2",0,NA,NA,NA
"topology_ARG1",9852,"XBP1",0.00130705850242441,NA,NA,NA
"topology_ARG1",9853,"GCK",0.000213793988103061,NA,NA,NA
"topology_ARG1",9854,"CS",0.000203624857343709,NA,NA,NA
"topology_ARG1",9855,"TAC1",0.001463424927591,NA,NA,NA
"topology_ARG1",9856,"NQO1",0.000518240501310552,NA,NA,NA
"topology_ARG1",9857,"SCD",0.000143791042404695,NA,NA,NA
"topology_ARG1",9858,"GCK",0.000213793988103061,NA,NA,NA
"topology_ARG1",9859,"KCNH2",0.000463751185241779,NA,NA,NA
"topology_ARG1",9860,"HK2",0.000296209764147126,NA,NA,NA
"topology_ARG1",9861,"PCNA",0.000281828068793732,NA,NA,NA
"topology_ARG1",9862,"PCNA",0.000281828068793732,NA,NA,NA
"topology_ARG1",9863,"HK2",0.000296209764147126,NA,NA,NA
"topology_ARG1",9864,"KCNJ11",0.00241899994818762,NA,NA,NA
"topology_ARG1",9865,"CAMP",0.00129691841056656,NA,NA,NA
"topology_ARG1",9866,"AGXT2",0.000181321349120078,NA,NA,NA
"topology_ARG1",9867,"TRPV4",0.000106153420904809,NA,NA,NA
"topology_ARG1",9868,"ADCY2",0,NA,NA,NA
"topology_ARG1",9869,"AGXT2",0.000181321349120078,NA,NA,NA
"topology_ARG1",9870,"PRKAG2",0.00023019859617357,NA,NA,NA
"topology_ARG1",9871,"SCN2A",9.6829057864789e-05,NA,NA,NA
"topology_ARG1",9872,"TRPV1",0.00166711359586047,NA,NA,NA
"topology_ARG1",9873,"PCNA",0.000281828068793732,NA,NA,NA
"topology_ARG1",9874,"KCNQ2",0.000154321192943452,NA,NA,NA
"topology_ARG1",9875,"ADCY1",8.87083575196179e-06,NA,NA,NA
"topology_ARG1",9876,"CS",0.000203624857343709,NA,NA,NA
"topology_ARG1",9877,"GABRA1",0.000512519672648093,NA,NA,NA
"topology_ARG1",9878,"SCD",0.000143791042404695,NA,NA,NA
"topology_ARG1",9879,"ACLY",0.000136799781064179,NA,NA,NA
"topology_ARG1",9880,"GCK",0.000213793988103061,NA,NA,NA
"topology_ARG1",9881,"PRKAG2",0.00023019859617357,NA,NA,NA
"topology_ARG1",9882,"XBP1",0.00130705850242441,NA,NA,NA
"topology_ARG1",9883,"SCD",0.000143791042404695,NA,NA,NA
"topology_ARG1",9884,"ADCY2",0,NA,NA,NA
"topology_ARG1",9885,"KCNH2",0.000463751185241779,NA,NA,NA
"topology_ARG1",9886,"SCN1B",0.00123489854843939,NA,NA,NA
"topology_ARG1",9887,"GAD1",0.000786829139807432,NA,NA,NA
"topology_ARG1",9888,"TYMS",0.000142484575824997,NA,NA,NA
"topology_ARG1",9889,"TFRC",0.000239327299633385,NA,NA,NA
"topology_ARG1",9890,"GABRA1",0.000512519672648093,NA,NA,NA
"topology_ARG1",9891,"NQO1",0.000518240501310552,NA,NA,NA
"topology_ARG1",9892,"HK2",0.000296209764147126,NA,NA,NA
"topology_ARG1",9893,"SCN1B",0.00123489854843939,NA,NA,NA
"topology_ARG1",9894,"TRPV4",0.000106153420904809,NA,NA,NA
"topology_ARG1",9895,"TAC1",0.001463424927591,NA,NA,NA
"topology_ARG1",9896,"NR1H4",0.000150320210463128,NA,NA,NA
"topology_ARG1",9897,"KCNH2",0.000463751185241779,NA,NA,NA
"topology_ARG1",9898,"ACLY",0.000136799781064179,NA,NA,NA
"topology_ARG1",9899,"PTH",0.00019439506068486,NA,NA,NA
"topology_ARG1",9900,"GCLC",8.05799891081538e-05,NA,NA,NA
"topology_ARG1",9901,"KCNQ2",0.000154321192943452,NA,NA,NA
"topology_ARG1",9902,"TAC1",0.001463424927591,NA,NA,NA
"topology_ARG1",9903,"SCD",0.000143791042404695,NA,NA,NA
"topology_ARG1",9904,"TFRC",0.000239327299633385,NA,NA,NA
"topology_ARG1",9905,"HPRT1",0.00041877379526456,NA,NA,NA
"topology_ARG1",9906,"MT-CYB",0.000203007681716216,NA,NA,NA
"topology_ARG1",9907,"KCNJ11",0.00241899994818762,NA,NA,NA
"topology_ARG1",9908,"TYMS",0.000142484575824997,NA,NA,NA
"topology_ARG1",9909,"MT-CYB",0.000203007681716216,NA,NA,NA
"topology_ARG1",9910,"TRPV4",0.000106153420904809,NA,NA,NA
"topology_ARG1",9911,"SLC6A3",0.000164253248760127,NA,NA,NA
"topology_ARG1",9912,"RARA",0.000182812715244118,NA,NA,NA
"topology_ARG1",9913,"KCNJ11",0.00241899994818762,NA,NA,NA
"topology_ARG1",9914,"ADCY1",8.87083575196179e-06,NA,NA,NA
"topology_ARG1",9915,"ABCG2",0.00154702083903102,NA,NA,NA
"topology_ARG1",9916,"GSR",0.00032731672891706,NA,NA,NA
"topology_ARG1",9917,"GCLC",8.05799891081538e-05,NA,NA,NA
"topology_ARG1",9918,"HK2",0.000296209764147126,NA,NA,NA
"topology_ARG1",9919,"GFAP",0.000240332727610593,NA,NA,NA
"topology_ARG1",9920,"GRM5",0.000204723227971049,NA,NA,NA
"topology_ARG1",9921,"MT-CYB",0.000203007681716216,NA,NA,NA
"topology_ARG1",9922,"ADCY2",0,NA,NA,NA
"topology_ARG1",9923,"CS",0.000203624857343709,NA,NA,NA
"topology_ARG1",9924,"GABRB3",0.000120726283226125,NA,NA,NA
"topology_ARG1",9925,"DRD2",0.000217393825030943,NA,NA,NA
"topology_ARG1",9926,"CS",0.000203624857343709,NA,NA,NA
"topology_ARG1",9927,"NQO1",0.000518240501310552,NA,NA,NA
"topology_ARG1",9928,"GCK",0.000213793988103061,NA,NA,NA
"topology_ARG1",9929,"PLA2G4A",0.000158908171599248,NA,NA,NA
"topology_ARG1",9930,"SDHA",0.000611111269984921,NA,NA,NA
"topology_ARG1",9931,"GSR",0.00032731672891706,NA,NA,NA
"topology_ARG1",9932,"SLC6A3",0.000164253248760127,NA,NA,NA
"topology_ARG1",9933,"AGXT2",0.000181321349120078,NA,NA,NA
"topology_ARG1",9934,"PTH",0.00019439506068486,NA,NA,NA
"topology_ARG1",9935,"GAD1",0.000786829139807432,NA,NA,NA
"topology_ARG1",9936,"TAC1",0.001463424927591,NA,NA,NA
"topology_ARG1",9937,"ADCY2",0,NA,NA,NA
"topology_ARG1",9938,"PCNA",0.000281828068793732,NA,NA,NA
"topology_ARG1",9939,"STAT4",0.000324242289791776,NA,NA,NA
"topology_ARG1",9940,"MECP2",0.000428908523146032,NA,NA,NA
"topology_ARG1",9941,"SDHA",0.000611111269984921,NA,NA,NA
"topology_ARG1",9942,"GRM5",0.000204723227971049,NA,NA,NA
"topology_ARG1",9943,"GABRB3",0.000120726283226125,NA,NA,NA
"topology_ARG1",9944,"SCD",0.000143791042404695,NA,NA,NA
"topology_ARG1",9945,"XDH",0.000207347108110545,NA,NA,NA
"topology_ARG1",9946,"MT-CYB",0.000203007681716216,NA,NA,NA
"topology_ARG1",9947,"PCNA",0.000281828068793732,NA,NA,NA
"topology_ARG1",9948,"CAMP",0.00129691841056656,NA,NA,NA
"topology_ARG1",9949,"NQO1",0.000518240501310552,NA,NA,NA
"topology_ARG1",9950,"XBP1",0.00130705850242441,NA,NA,NA
"topology_ARG1",9951,"TYMS",0.000142484575824997,NA,NA,NA
"topology_ARG1",9952,"STAT4",0.000324242289791776,NA,NA,NA
"topology_ARG1",9953,"GABRG2",6.25131802217682e-05,NA,NA,NA
"topology_ARG1",9954,"RARA",0.000182812715244118,NA,NA,NA
"topology_ARG1",9955,"TRPV4",0.000106153420904809,NA,NA,NA
"topology_ARG1",9956,"SCN2A",9.6829057864789e-05,NA,NA,NA
"topology_ARG1",9957,"MT-CYB",0.000203007681716216,NA,NA,NA
"topology_ARG1",9958,"DRD2",0.000217393825030943,NA,NA,NA
"topology_ARG1",9959,"SCN1B",0.00123489854843939,NA,NA,NA
"topology_ARG1",9960,"SCN1B",0.00123489854843939,NA,NA,NA
"topology_ARG1",9961,"CAMP",0.00129691841056656,NA,NA,NA
"topology_ARG1",9962,"XBP1",0.00130705850242441,NA,NA,NA
"topology_ARG1",9963,"GRM5",0.000204723227971049,NA,NA,NA
"topology_ARG1",9964,"XBP1",0.00130705850242441,NA,NA,NA
"topology_ARG1",9965,"NR1H4",0.000150320210463128,NA,NA,NA
"topology_ARG1",9966,"CS",0.000203624857343709,NA,NA,NA
"topology_ARG1",9967,"GATM",0.000449150320023683,NA,NA,NA
"topology_ARG1",9968,"CS",0.000203624857343709,NA,NA,NA
"topology_ARG1",9969,"TAC1",0.001463424927591,NA,NA,NA
"topology_ARG1",9970,"ADRB2",0.000148693401879507,NA,NA,NA
"topology_ARG1",9971,"TYMS",0.000142484575824997,NA,NA,NA
"topology_ARG1",9972,"SCN2A",9.6829057864789e-05,NA,NA,NA
"topology_ARG1",9973,"KCNQ2",0.000154321192943452,NA,NA,NA
"topology_ARG1",9974,"TYMS",0.000142484575824997,NA,NA,NA
"topology_ARG1",9975,"STAT4",0.000324242289791776,NA,NA,NA
"topology_ARG1",9976,"KCNH2",0.000463751185241779,NA,NA,NA
"topology_ARG1",9977,"GCLC",8.05799891081538e-05,NA,NA,NA
"topology_ARG1",9978,"XDH",0.000207347108110545,NA,NA,NA
"topology_ARG1",9979,"TAC1",0.001463424927591,NA,NA,NA
"topology_ARG1",9980,"SCD",0.000143791042404695,NA,NA,NA
"topology_ARG1",9981,"SCN2A",9.6829057864789e-05,NA,NA,NA
"topology_ARG1",9982,"ADRB2",0.000148693401879507,NA,NA,NA
"topology_ARG1",9983,"HPRT1",0.00041877379526456,NA,NA,NA
"topology_ARG1",9984,"AGXT2",0.000181321349120078,NA,NA,NA
"topology_ARG1",9985,"KCNH2",0.000463751185241779,NA,NA,NA
"topology_ARG1",9986,"DPP4",0.00143001137023646,NA,NA,NA
"topology_ARG1",9987,"GABRA1",0.000512519672648093,NA,NA,NA
"topology_ARG1",9988,"GABBR1",0.000629351098106912,NA,NA,NA
"topology_ARG1",9989,"SCN2A",9.6829057864789e-05,NA,NA,NA
"topology_ARG1",9990,"ADCY2",0,NA,NA,NA
"topology_ARG1",9991,"TRPV4",0.000106153420904809,NA,NA,NA
"topology_ARG1",9992,"TAC1",0.001463424927591,NA,NA,NA
"topology_ARG1",9993,"MECP2",0.000428908523146032,NA,NA,NA
"topology_ARG1",9994,"NQO1",0.000518240501310552,NA,NA,NA
"topology_ARG1",9995,"ACLY",0.000136799781064179,NA,NA,NA
"topology_ARG1",9996,"PTGS1",0.0001138588382259,NA,NA,NA
"topology_ARG1",9997,"GFAP",0.000240332727610593,NA,NA,NA
"topology_ARG1",9998,"GCK",0.000213793988103061,NA,NA,NA
"topology_ARG1",9999,"GAD1",0.000786829139807432,NA,NA,NA
"topology_ARG1",10000,"GABRB3",0.000120726283226125,NA,NA,NA
