"null_label","iteration","sampled_set","D_E","bliss_expected","Syn_Bliss","Syn_add"
"uniform_k1",1,"INSR",1.12798026006278e-05,NA,NA,NA
"uniform_k1",2,"CTSD",0.000133066364187417,NA,NA,NA
"uniform_k1",3,"P2RX4",0,NA,NA,NA
"uniform_k1",4,"EGR1",5.67823039951953e-05,NA,NA,NA
"uniform_k1",5,"ATP1A3",0,NA,NA,NA
"uniform_k1",6,"CD40",1.65401335883164e-05,NA,NA,NA
"uniform_k1",7,"ADA",5.3173443308685e-05,NA,NA,NA
"uniform_k1",8,"TNF",0.00134281467430086,NA,NA,NA
"uniform_k1",9,"ABCA1",1.90091421303773e-06,NA,NA,NA
"uniform_k1",10,"GRIK1",0,NA,NA,NA
"uniform_k1",11,"CHRNB2",1.93198243616521e-05,NA,NA,NA
"uniform_k1",12,"FABP1",2.30624266933654e-05,NA,NA,NA
"uniform_k1",13,"DRD1",0.000110991854724962,NA,NA,NA
"uniform_k1",14,"EIF4G1",1.23532645966984e-05,NA,NA,NA
"uniform_k1",15,"KCNJ11",0.00241899994818762,NA,NA,NA
"uniform_k1",16,"FKBP1A",0.000367396925605612,NA,NA,NA
"uniform_k1",17,"RPS6KA3",0,NA,NA,NA
"uniform_k1",18,"ICAM1",0.000172524776509531,NA,NA,NA
"uniform_k1",19,"HINT1",4.87617046518452e-06,NA,NA,NA
"uniform_k1",20,"MT-CYB",0.000203007681716216,NA,NA,NA
"uniform_k1",21,"XPO1",1.66633213304346e-05,NA,NA,NA
"uniform_k1",22,"SSTR5",0,NA,NA,NA
"uniform_k1",23,"CTSL",5.7015753640588e-06,NA,NA,NA
"uniform_k1",24,"UGT1A1",6.43666731126036e-05,NA,NA,NA
"uniform_k1",25,"GRIA2",6.42468498274207e-05,NA,NA,NA
"uniform_k1",26,"APOE",0.000621735352925756,NA,NA,NA
"uniform_k1",27,"KCNC2",0,NA,NA,NA
"uniform_k1",28,"FN1",0.00237698824343124,NA,NA,NA
"uniform_k1",29,"GCLM",0,NA,NA,NA
"uniform_k1",30,"GSTM1",0.000122658682697341,NA,NA,NA
"uniform_k1",31,"MAPT",0.000248151462638568,NA,NA,NA
"uniform_k1",32,"PPP2CA",7.29428022572254e-05,NA,NA,NA
"uniform_k1",33,"RNASE1",0,NA,NA,NA
"uniform_k1",34,"DNM1L",6.33522741710912e-07,NA,NA,NA
"uniform_k1",35,"ABCC1",0,NA,NA,NA
"uniform_k1",36,"GPD1",0,NA,NA,NA
"uniform_k1",37,"CACNA2D2",0,NA,NA,NA
"uniform_k1",38,"MOCOS",1.83708339053235e-05,NA,NA,NA
"uniform_k1",39,"FABP3",6.33463026478154e-07,NA,NA,NA
"uniform_k1",40,"SLC2A1",0.000140046836469954,NA,NA,NA
"uniform_k1",41,"TRPC5",4.86789497714524e-05,NA,NA,NA
"uniform_k1",42,"DHRS4",0,NA,NA,NA
"uniform_k1",43,"ALDH3A1",7.8987277396747e-05,NA,NA,NA
"uniform_k1",44,"OLR1",0,NA,NA,NA
"uniform_k1",45,"CYP1B1",1.26701867375623e-06,NA,NA,NA
"uniform_k1",46,"CDKN1B",8.87190608878097e-06,NA,NA,NA
"uniform_k1",47,"CSK",0,NA,NA,NA
"uniform_k1",48,"LYZ",0,NA,NA,NA
"uniform_k1",49,"IL4",0.000213216805235672,NA,NA,NA
"uniform_k1",50,"BTK",0.000119272845312435,NA,NA,NA
"uniform_k1",51,"HSD17B2",0,NA,NA,NA
"uniform_k1",52,"RBL1",0,NA,NA,NA
"uniform_k1",53,"CCK",1.36890006087187e-05,NA,NA,NA
"uniform_k1",54,"BID",6.01936829902616e-06,NA,NA,NA
"uniform_k1",55,"SHMT1",4.44281784347522e-05,NA,NA,NA
"uniform_k1",56,"COX5B",5.70133156496677e-06,NA,NA,NA
"uniform_k1",57,"KLK5",0,NA,NA,NA
"uniform_k1",58,"AURKC",0,NA,NA,NA
"uniform_k1",59,"CYB5A",5.4039383747595e-05,NA,NA,NA
"uniform_k1",60,"ANXA5",7.92192003495895e-06,NA,NA,NA
"uniform_k1",61,"FEN1",1.98912329634204e-05,NA,NA,NA
"uniform_k1",62,"NOS2",2.38274351227474e-05,NA,NA,NA
"uniform_k1",63,"COL11A2",7.28347388034845e-06,NA,NA,NA
"uniform_k1",64,"KLK3",0.00125308407979507,NA,NA,NA
"uniform_k1",65,"PTGER1",3.16733579774908e-06,NA,NA,NA
"uniform_k1",66,"BIRC3",6.3362084734564e-07,NA,NA,NA
"uniform_k1",67,"CACNA2D3",0,NA,NA,NA
"uniform_k1",68,"CALML3",0,NA,NA,NA
"uniform_k1",69,"CACNA1B",0,NA,NA,NA
"uniform_k1",70,"TEP1",0,NA,NA,NA
"uniform_k1",71,"CHRNA3",2.85056538062989e-06,NA,NA,NA
"uniform_k1",72,"PTGER3",1.07329013246948e-05,NA,NA,NA
"uniform_k1",73,"GSTZ1",0,NA,NA,NA
"uniform_k1",74,"MAP3K5",7.04706361130958e-05,NA,NA,NA
"uniform_k1",75,"IL10",0.000109475292591865,NA,NA,NA
"uniform_k1",76,"GRIN1",6.96987215653699e-06,NA,NA,NA
"uniform_k1",77,"STAT5A",4.23996396073933e-05,NA,NA,NA
"uniform_k1",78,"CRMP1",1.10844121046227e-05,NA,NA,NA
"uniform_k1",79,"FDPS",0,NA,NA,NA
"uniform_k1",80,"KCNMA1",2.73028963679867e-05,NA,NA,NA
"uniform_k1",81,"PLA2G2A",5.81866140334508e-05,NA,NA,NA
"uniform_k1",82,"PNRC2",0,NA,NA,NA
"uniform_k1",83,"CRTC1",0,NA,NA,NA
"uniform_k1",84,"ATP2B3",0,NA,NA,NA
"uniform_k1",85,"KCNH7",0,NA,NA,NA
"uniform_k1",86,"HBA2",0,NA,NA,NA
"uniform_k1",87,"CBR1",3.06594182049036e-05,NA,NA,NA
"uniform_k1",88,"SERPINB9",0,NA,NA,NA
"uniform_k1",89,"FTL",4.87730474807435e-06,NA,NA,NA
"uniform_k1",90,"MMP11",6.33353078760557e-07,NA,NA,NA
"uniform_k1",91,"CSF1",1.07725687046312e-05,NA,NA,NA
"uniform_k1",92,"NANOG",9.82225146706206e-06,NA,NA,NA
"uniform_k1",93,"GABRG2",6.25131802217682e-05,NA,NA,NA
"uniform_k1",94,"FOS",0.000387693900821828,NA,NA,NA
"uniform_k1",95,"ELOVL5",0,NA,NA,NA
"uniform_k1",96,"IL18",2.23696138260676e-05,NA,NA,NA
"uniform_k1",97,"BIRC2",2.53453445775431e-06,NA,NA,NA
"uniform_k1",98,"IL36B",0,NA,NA,NA
"uniform_k1",99,"AKR1C2",0,NA,NA,NA
"uniform_k1",100,"TUBA1A",1.10247379909723e-05,NA,NA,NA
"uniform_k1",101,"PROS1",2.21693788693411e-06,NA,NA,NA
"uniform_k1",102,"EBP",6.01605713679287e-06,NA,NA,NA
"uniform_k1",103,"SULT1A1",8.93034087123823e-06,NA,NA,NA
"uniform_k1",104,"SCN5A",0.000167082927235662,NA,NA,NA
"uniform_k1",105,"TRPM7",0,NA,NA,NA
"uniform_k1",106,"ELOVL6",0,NA,NA,NA
"uniform_k1",107,"ATP1A2",4.63378248599655e-05,NA,NA,NA
"uniform_k1",108,"CDK8",0,NA,NA,NA
"uniform_k1",109,"CPT1B",0,NA,NA,NA
"uniform_k1",110,"HDAC10",0,NA,NA,NA
"uniform_k1",111,"EIF2A",0,NA,NA,NA
"uniform_k1",112,"FTCD",1.21257629834837e-05,NA,NA,NA
"uniform_k1",113,"AGTR2",0,NA,NA,NA
"uniform_k1",114,"BIRC3",6.3362084734564e-07,NA,NA,NA
"uniform_k1",115,"IMPDH1",3.87605638363375e-05,NA,NA,NA
"uniform_k1",116,"DBH",9.818852931609e-06,NA,NA,NA
"uniform_k1",117,"GABRR3",0,NA,NA,NA
"uniform_k1",118,"ARF6",0,NA,NA,NA
"uniform_k1",119,"GRIN2C",0,NA,NA,NA
"uniform_k1",120,"NCF1",8.14327396577719e-05,NA,NA,NA
"uniform_k1",121,"IL10",0.000109475292591865,NA,NA,NA
"uniform_k1",122,"HAMP",0.000187982524293195,NA,NA,NA
"uniform_k1",123,"MAPK9",3.16862262561557e-06,NA,NA,NA
"uniform_k1",124,"SCN4B",6.14500670026441e-06,NA,NA,NA
"uniform_k1",125,"SLC6A4",7.25412905625555e-05,NA,NA,NA
"uniform_k1",126,"AKR1A1",6.17051045759265e-06,NA,NA,NA
"uniform_k1",127,"CRK",6.33660876869779e-06,NA,NA,NA
"uniform_k1",128,"GRIN3B",0,NA,NA,NA
"uniform_k1",129,"F3",4.30244857466677e-05,NA,NA,NA
"uniform_k1",130,"KCNA3",7.03184449912797e-06,NA,NA,NA
"uniform_k1",131,"HSP90AA1",0.000781176350650004,NA,NA,NA
"uniform_k1",132,"CDKN1B",8.87190608878097e-06,NA,NA,NA
"uniform_k1",133,"KCNJ1",8.80361918675909e-06,NA,NA,NA
"uniform_k1",134,"KCNC3",0,NA,NA,NA
"uniform_k1",135,"ITPR3",1.88839173905775e-05,NA,NA,NA
"uniform_k1",136,"ANO1",0,NA,NA,NA
"uniform_k1",137,"CS",0.000203624857343709,NA,NA,NA
"uniform_k1",138,"HDAC8",0,NA,NA,NA
"uniform_k1",139,"PDXK",0.00104366135249789,NA,NA,NA
"uniform_k1",140,"DAO",0,NA,NA,NA
"uniform_k1",141,"PKD1",3.50334081220538e-05,NA,NA,NA
"uniform_k1",142,"CD40",1.65401335883164e-05,NA,NA,NA
"uniform_k1",143,"XBP1",0.00130705850242441,NA,NA,NA
"uniform_k1",144,"GNMT",0,NA,NA,NA
"uniform_k1",145,"HSPA5",0.000228473516780459,NA,NA,NA
"uniform_k1",146,"FABP3",6.33463026478154e-07,NA,NA,NA
"uniform_k1",147,"PYGM",4.94772798226295e-05,NA,NA,NA
"uniform_k1",148,"NPPB",3.61091583611639e-06,NA,NA,NA
"uniform_k1",149,"ABL1",0.000131212002905445,NA,NA,NA
"uniform_k1",150,"DGKD",3.99034614917415e-06,NA,NA,NA
"uniform_k1",151,"PROS1",2.21693788693411e-06,NA,NA,NA
"uniform_k1",152,"CLDN4",0,NA,NA,NA
"uniform_k1",153,"SLCO2B1",0,NA,NA,NA
"uniform_k1",154,"ATIC",0.0011952594694814,NA,NA,NA
"uniform_k1",155,"FOXP3",1.50821877838991e-05,NA,NA,NA
"uniform_k1",156,"DUSP1",0,NA,NA,NA
"uniform_k1",157,"ACTR1B",0,NA,NA,NA
"uniform_k1",158,"TRPV2",1.87502442750009e-05,NA,NA,NA
"uniform_k1",159,"CCL22",0,NA,NA,NA
"uniform_k1",160,"SOX9",0.000102527928081186,NA,NA,NA
"uniform_k1",161,"CSF1",1.07725687046312e-05,NA,NA,NA
"uniform_k1",162,"MT2A",0.00087441544054756,NA,NA,NA
"uniform_k1",163,"GK",0.000406543096133638,NA,NA,NA
"uniform_k1",164,"ITGB3",8.18152205451783e-05,NA,NA,NA
"uniform_k1",165,"PON1",7.22265572195013e-06,NA,NA,NA
"uniform_k1",166,"NFE2L2",7.2947073822438e-05,NA,NA,NA
"uniform_k1",167,"FGF23",6.25962068182551e-05,NA,NA,NA
"uniform_k1",168,"GSTK1",0,NA,NA,NA
"uniform_k1",169,"ALDH2",5.15659678518299e-05,NA,NA,NA
"uniform_k1",170,"ADH5",7.50101523409041e-05,NA,NA,NA
"uniform_k1",171,"CYP11B1",0,NA,NA,NA
"uniform_k1",172,"CDH5",6.33662563265247e-06,NA,NA,NA
"uniform_k1",173,"RUNX2",0.000299161144537541,NA,NA,NA
"uniform_k1",174,"DHFR",0.000279606338591143,NA,NA,NA
"uniform_k1",175,"TRPM4",3.67379046295468e-05,NA,NA,NA
"uniform_k1",176,"AKR1D1",0.0010662752740489,NA,NA,NA
"uniform_k1",177,"RXRG",0,NA,NA,NA
"uniform_k1",178,"P4HB",2.24939291733062e-05,NA,NA,NA
"uniform_k1",179,"PRKCA",0.000374278990026067,NA,NA,NA
"uniform_k1",180,"SIRT1",0.000506319994551752,NA,NA,NA
"uniform_k1",181,"ALDH1A1",0.000768800994206509,NA,NA,NA
"uniform_k1",182,"EGR1",5.67823039951953e-05,NA,NA,NA
"uniform_k1",183,"GSK3B",0.000254805416997517,NA,NA,NA
"uniform_k1",184,"THBS1",7.4650161333345e-05,NA,NA,NA
"uniform_k1",185,"AOX1",0.000679762836007236,NA,NA,NA
"uniform_k1",186,"FCER1A",0,NA,NA,NA
"uniform_k1",187,"NEU1",0,NA,NA,NA
"uniform_k1",188,"PHOSPHO1",8.36011896465649e-06,NA,NA,NA
"uniform_k1",189,"ADRA2A",6.33347720935262e-07,NA,NA,NA
"uniform_k1",190,"ELK1",0,NA,NA,NA
"uniform_k1",191,"ORM1",1.43183478092945e-05,NA,NA,NA
"uniform_k1",192,"BRCA1",0.00150305205251045,NA,NA,NA
"uniform_k1",193,"PRDX1",5.7026663956572e-06,NA,NA,NA
"uniform_k1",194,"PDE10A",6.52492584996001e-06,NA,NA,NA
"uniform_k1",195,"NLN",0,NA,NA,NA
"uniform_k1",196,"ADRA2C",1.26052450867276e-05,NA,NA,NA
"uniform_k1",197,"BMP4",1.58394663751782e-06,NA,NA,NA
"uniform_k1",198,"MAPK8IP1",9.56119621767781e-05,NA,NA,NA
"uniform_k1",199,"PLAT",2.05933169041828e-05,NA,NA,NA
"uniform_k1",200,"ELOVL6",0,NA,NA,NA
"uniform_k1",201,"TUBA4A",0,NA,NA,NA
"uniform_k1",202,"DNM1L",6.33522741710912e-07,NA,NA,NA
"uniform_k1",203,"IL6",0.00104909499545724,NA,NA,NA
"uniform_k1",204,"NCF2",1.00748274538542e-05,NA,NA,NA
"uniform_k1",205,"TNFAIP6",4.94186435140431e-06,NA,NA,NA
"uniform_k1",206,"CTNNB1",0.00262517195452239,NA,NA,NA
"uniform_k1",207,"GLO1",4.94041980381166e-06,NA,NA,NA
"uniform_k1",208,"SLCO1A2",6.33397825744453e-07,NA,NA,NA
"uniform_k1",209,"RPL17",9.4906952489815e-05,NA,NA,NA
"uniform_k1",210,"ALAS2",0.000126132338585272,NA,NA,NA
"uniform_k1",211,"PCNA",0.000281828068793732,NA,NA,NA
"uniform_k1",212,"FGF2",4.67782227966396e-05,NA,NA,NA
"uniform_k1",213,"APLP1",0,NA,NA,NA
"uniform_k1",214,"KCNA5",1.99569664441901e-05,NA,NA,NA
"uniform_k1",215,"APP",0.00112835552814228,NA,NA,NA
"uniform_k1",216,"SYK",5.32926492629038e-05,NA,NA,NA
"uniform_k1",217,"ATIC",0.0011952594694814,NA,NA,NA
"uniform_k1",218,"KCNQ2",0.000154321192943452,NA,NA,NA
"uniform_k1",219,"PPIF",5.98208087934093e-05,NA,NA,NA
"uniform_k1",220,"ABCB1",2.07166464523123e-05,NA,NA,NA
"uniform_k1",221,"GABRQ",0,NA,NA,NA
"uniform_k1",222,"ALAD",1.1590275771578e-05,NA,NA,NA
"uniform_k1",223,"ATP1A4",0,NA,NA,NA
"uniform_k1",224,"HERC5",0,NA,NA,NA
"uniform_k1",225,"ACTR1A",0.00117031116279964,NA,NA,NA
"uniform_k1",226,"FKRP",0,NA,NA,NA
"uniform_k1",227,"FABP2",0,NA,NA,NA
"uniform_k1",228,"SLC29A1",0.00102903201870796,NA,NA,NA
"uniform_k1",229,"CFTR",0.00160265872797649,NA,NA,NA
"uniform_k1",230,"RXRA",0.000142637488181885,NA,NA,NA
"uniform_k1",231,"ALB",0.00274688176313465,NA,NA,NA
"uniform_k1",232,"RXRB",3.7531212242814e-05,NA,NA,NA
"uniform_k1",233,"LTA4H",0,NA,NA,NA
"uniform_k1",234,"NDUFV2",0,NA,NA,NA
"uniform_k1",235,"FGF2",4.67782227966396e-05,NA,NA,NA
"uniform_k1",236,"COL11A2",7.28347388034845e-06,NA,NA,NA
"uniform_k1",237,"ODC1",0.00121583500905476,NA,NA,NA
"uniform_k1",238,"MMP9",0.000204115785623737,NA,NA,NA
"uniform_k1",239,"CYP51A1",3.41436506348103e-05,NA,NA,NA
"uniform_k1",240,"MT1X",0,NA,NA,NA
"uniform_k1",241,"FABP5",6.2410696410331e-05,NA,NA,NA
"uniform_k1",242,"CHRM1",6.15364589550138e-05,NA,NA,NA
"uniform_k1",243,"RELA",8.98188410365375e-05,NA,NA,NA
"uniform_k1",244,"RTCB",0,NA,NA,NA
"uniform_k1",245,"CYP1A1",0.000371673359131575,NA,NA,NA
"uniform_k1",246,"CDK4",5.9067280737346e-05,NA,NA,NA
"uniform_k1",247,"SYP",2.45220699257587e-05,NA,NA,NA
"uniform_k1",248,"MGST1",0,NA,NA,NA
"uniform_k1",249,"VEGFC",0,NA,NA,NA
"uniform_k1",250,"UGT1A3",1.26699491542759e-06,NA,NA,NA
"uniform_k1",251,"DYSF",0.00102310635249714,NA,NA,NA
"uniform_k1",252,"RRM1",0.000117817230330219,NA,NA,NA
"uniform_k1",253,"P2RX7",5.59297818042426e-05,NA,NA,NA
"uniform_k1",254,"RDH5",1.18445408441303e-05,NA,NA,NA
"uniform_k1",255,"GCG",0.000221045982158996,NA,NA,NA
"uniform_k1",256,"FABP3",6.33463026478154e-07,NA,NA,NA
"uniform_k1",257,"CHAT",0.00035285368960325,NA,NA,NA
"uniform_k1",258,"SERPINB9",0,NA,NA,NA
"uniform_k1",259,"NEU1",0,NA,NA,NA
"uniform_k1",260,"HTR2B",3.80070954153489e-06,NA,NA,NA
"uniform_k1",261,"FOSL1",5.14461500070729e-05,NA,NA,NA
"uniform_k1",262,"ATG5",1.93264314094499e-05,NA,NA,NA
"uniform_k1",263,"SCN2B",0,NA,NA,NA
"uniform_k1",264,"ALOX12",1.1402958573159e-05,NA,NA,NA
"uniform_k1",265,"CTSL",5.7015753640588e-06,NA,NA,NA
"uniform_k1",266,"POLA1",6.90421997273649e-06,NA,NA,NA
"uniform_k1",267,"JUN",0.000712792808186147,NA,NA,NA
"uniform_k1",268,"FN1",0.00237698824343124,NA,NA,NA
"uniform_k1",269,"NDUFV3",0,NA,NA,NA
"uniform_k1",270,"CYP3A5",2.12871813713988e-05,NA,NA,NA
"uniform_k1",271,"ACAA2",8.36077927990342e-06,NA,NA,NA
"uniform_k1",272,"AKR1D1",0.0010662752740489,NA,NA,NA
"uniform_k1",273,"JAK2",0.000791453142699572,NA,NA,NA
"uniform_k1",274,"IL1B",0.000829865649814021,NA,NA,NA
"uniform_k1",275,"PRSS1",0.0011573163436972,NA,NA,NA
"uniform_k1",276,"NFE2L2",7.2947073822438e-05,NA,NA,NA
"uniform_k1",277,"MPO",0.000259217982351401,NA,NA,NA
"uniform_k1",278,"ACSL4",0,NA,NA,NA
"uniform_k1",279,"PARK7",5.03123803161643e-05,NA,NA,NA
"uniform_k1",280,"RCAN1",0,NA,NA,NA
"uniform_k1",281,"MYH7",2.03333890326229e-05,NA,NA,NA
"uniform_k1",282,"SIRT2",1.36869569887788e-05,NA,NA,NA
"uniform_k1",283,"DNAJC5",5.30276407040287e-05,NA,NA,NA
"uniform_k1",284,"PEMT",2.1976081664099e-05,NA,NA,NA
"uniform_k1",285,"FASN",0.000342772066284303,NA,NA,NA
"uniform_k1",286,"PTGDS",0.0001023719829093,NA,NA,NA
"uniform_k1",287,"TPO",1.92561135294866e-05,NA,NA,NA
"uniform_k1",288,"DAO",0,NA,NA,NA
"uniform_k1",289,"MITF",2.87659544899732e-05,NA,NA,NA
"uniform_k1",290,"PPIA",3.28180373492248e-05,NA,NA,NA
"uniform_k1",291,"PPID",0,NA,NA,NA
"uniform_k1",292,"AIMP2",0,NA,NA,NA
"uniform_k1",293,"PKIA",2.53383300530263e-06,NA,NA,NA
"uniform_k1",294,"PNPLA2",2.72449938232278e-06,NA,NA,NA
"uniform_k1",295,"DHODH",1.42497466326663e-05,NA,NA,NA
"uniform_k1",296,"PNP",0.000105291533052498,NA,NA,NA
"uniform_k1",297,"KDM1A",0,NA,NA,NA
"uniform_k1",298,"JAK2",0.000791453142699572,NA,NA,NA
"uniform_k1",299,"ALDH1A2",0,NA,NA,NA
"uniform_k1",300,"PRDX1",5.7026663956572e-06,NA,NA,NA
"uniform_k1",301,"POLDIP2",0,NA,NA,NA
"uniform_k1",302,"ACACB",1.55840957074549e-05,NA,NA,NA
"uniform_k1",303,"TIMP2",0,NA,NA,NA
"uniform_k1",304,"MAPK8IP1",9.56119621767781e-05,NA,NA,NA
"uniform_k1",305,"PTPN6",0,NA,NA,NA
"uniform_k1",306,"CHRNA7",7.98054415862559e-05,NA,NA,NA
"uniform_k1",307,"TRAF6",3.65690661311424e-05,NA,NA,NA
"uniform_k1",308,"FABP7",3.9904553374992e-06,NA,NA,NA
"uniform_k1",309,"METTL3",0,NA,NA,NA
"uniform_k1",310,"CYBB",6.42615564472315e-05,NA,NA,NA
"uniform_k1",311,"NFATC1",5.51292228962996e-05,NA,NA,NA
"uniform_k1",312,"UCP3",0,NA,NA,NA
"uniform_k1",313,"IRF1",0,NA,NA,NA
"uniform_k1",314,"GCLM",0,NA,NA,NA
"uniform_k1",315,"FADS2",4.0853135067076e-05,NA,NA,NA
"uniform_k1",316,"PLK4",2.22339198402421e-05,NA,NA,NA
"uniform_k1",317,"HBB",6.40684097101829e-05,NA,NA,NA
"uniform_k1",318,"FABP3",6.33463026478154e-07,NA,NA,NA
"uniform_k1",319,"FOXO3",4.79174602721066e-05,NA,NA,NA
"uniform_k1",320,"CD40",1.65401335883164e-05,NA,NA,NA
"uniform_k1",321,"PIK3CA",2.52878809748891e-05,NA,NA,NA
"uniform_k1",322,"GPD1",0,NA,NA,NA
"uniform_k1",323,"TLR4",0.000516160551537248,NA,NA,NA
"uniform_k1",324,"KCNJ6",2.88254911089414e-05,NA,NA,NA
"uniform_k1",325,"SCN11A",4.43375248559974e-06,NA,NA,NA
"uniform_k1",326,"F10",1.53928141654047e-05,NA,NA,NA
"uniform_k1",327,"PHB2",3.20568660923115e-05,NA,NA,NA
"uniform_k1",328,"KLK3",0.00125308407979507,NA,NA,NA
"uniform_k1",329,"CYP7B1",5.06699999092142e-06,NA,NA,NA
"uniform_k1",330,"TOP2A",1.51432024206866e-05,NA,NA,NA
"uniform_k1",331,"NNMT",2.43922960370124e-05,NA,NA,NA
"uniform_k1",332,"SLC15A1",1.58338604960839e-06,NA,NA,NA
"uniform_k1",333,"CCNB1",1.05829380095956e-05,NA,NA,NA
"uniform_k1",334,"BACE1",5.67015318772013e-05,NA,NA,NA
"uniform_k1",335,"IL5",0,NA,NA,NA
"uniform_k1",336,"CLIP1",0,NA,NA,NA
"uniform_k1",337,"RARA",0.000182812715244118,NA,NA,NA
"uniform_k1",338,"NLN",0,NA,NA,NA
"uniform_k1",339,"GRIN2D",0,NA,NA,NA
"uniform_k1",340,"CACNA1C",0.000498320638157024,NA,NA,NA
"uniform_k1",341,"F2",0.000128821901214549,NA,NA,NA
"uniform_k1",342,"FASLG",6.21033622971723e-06,NA,NA,NA
"uniform_k1",343,"GLO1",4.94041980381166e-06,NA,NA,NA
"uniform_k1",344,"DHODH",1.42497466326663e-05,NA,NA,NA
"uniform_k1",345,"FOXO1",0.000280307095370635,NA,NA,NA
"uniform_k1",346,"AURKC",0,NA,NA,NA
"uniform_k1",347,"ALDH1A3",0,NA,NA,NA
"uniform_k1",348,"PTGS1",0.0001138588382259,NA,NA,NA
"uniform_k1",349,"CCN2",1.134369344169e-05,NA,NA,NA
"uniform_k1",350,"MAP3K7",0.000279295362734966,NA,NA,NA
"uniform_k1",351,"TUBB4B",6.33455001119998e-07,NA,NA,NA
"uniform_k1",352,"CAMLG",0,NA,NA,NA
"uniform_k1",353,"DNMT1",4.56882288469851e-05,NA,NA,NA
"uniform_k1",354,"EPHB6",0,NA,NA,NA
"uniform_k1",355,"NRXN1",6.46433704953875e-05,NA,NA,NA
"uniform_k1",356,"HDAC11",2.40710719945358e-06,NA,NA,NA
"uniform_k1",357,"ELK1",0,NA,NA,NA
"uniform_k1",358,"CHRNA7",7.98054415862559e-05,NA,NA,NA
"uniform_k1",359,"DDB1",2.07812890326009e-05,NA,NA,NA
"uniform_k1",360,"PLEK",3.16787882370662e-06,NA,NA,NA
"uniform_k1",361,"PLG",0.000475913758970048,NA,NA,NA
"uniform_k1",362,"GOT1",5.88174838508371e-05,NA,NA,NA
"uniform_k1",363,"SMAD1",0,NA,NA,NA
"uniform_k1",364,"AHSA1",0,NA,NA,NA
"uniform_k1",365,"GABRA1",0.000512519672648093,NA,NA,NA
"uniform_k1",366,"TRPV1",0.00166711359586047,NA,NA,NA
"uniform_k1",367,"COL3A1",0,NA,NA,NA
"uniform_k1",368,"RBL1",0,NA,NA,NA
"uniform_k1",369,"CHRNB2",1.93198243616521e-05,NA,NA,NA
"uniform_k1",370,"MTTP",6.39846903005559e-06,NA,NA,NA
"uniform_k1",371,"BCL2L1",5.13395632928404e-05,NA,NA,NA
"uniform_k1",372,"OPRM1",8.74989474437537e-05,NA,NA,NA
"uniform_k1",373,"NFATC3",3.48468834243665e-06,NA,NA,NA
"uniform_k1",374,"PIK3R1",5.3428249282339e-05,NA,NA,NA
"uniform_k1",375,"NLRP3",7.47722630090042e-06,NA,NA,NA
"uniform_k1",376,"ATP2A1",4.62343104201679e-06,NA,NA,NA
"uniform_k1",377,"HSP90AB1",4.19011535922609e-05,NA,NA,NA
"uniform_k1",378,"DRD3",0,NA,NA,NA
"uniform_k1",379,"ATG7",2.9146658695467e-06,NA,NA,NA
"uniform_k1",380,"HAS2",0,NA,NA,NA
"uniform_k1",381,"HDAC11",2.40710719945358e-06,NA,NA,NA
"uniform_k1",382,"CCL2",3.6509767629811e-05,NA,NA,NA
"uniform_k1",383,"KCND2",2.72386185307116e-06,NA,NA,NA
"uniform_k1",384,"PDXK",0.00104366135249789,NA,NA,NA
"uniform_k1",385,"SEMA3A",6.84073768231208e-06,NA,NA,NA
"uniform_k1",386,"ABAT",2.2801866788047e-06,NA,NA,NA
"uniform_k1",387,"POLDIP2",0,NA,NA,NA
"uniform_k1",388,"LDLR",0,NA,NA,NA
"uniform_k1",389,"CYP11A1",1.84332824758604e-05,NA,NA,NA
"uniform_k1",390,"PDE6C",0,NA,NA,NA
"uniform_k1",391,"MAPK9",3.16862262561557e-06,NA,NA,NA
"uniform_k1",392,"MGAM",0.000137027144681112,NA,NA,NA
"uniform_k1",393,"SLC29A2",0,NA,NA,NA
"uniform_k1",394,"AKR1C4",0,NA,NA,NA
"uniform_k1",395,"UGT1A3",1.26699491542759e-06,NA,NA,NA
"uniform_k1",396,"SNCA",0.000455106191969867,NA,NA,NA
"uniform_k1",397,"LRP5",0,NA,NA,NA
"uniform_k1",398,"BAD",6.33634698421481e-06,NA,NA,NA
"uniform_k1",399,"NR3C1",8.7083319149972e-05,NA,NA,NA
"uniform_k1",400,"HINT1",4.87617046518452e-06,NA,NA,NA
"uniform_k1",401,"IL18",2.23696138260676e-05,NA,NA,NA
"uniform_k1",402,"NFATC4",0,NA,NA,NA
"uniform_k1",403,"ADA",5.3173443308685e-05,NA,NA,NA
"uniform_k1",404,"RAB5A",9.06001518752308e-06,NA,NA,NA
"uniform_k1",405,"PLA2G2D",0,NA,NA,NA
"uniform_k1",406,"CD163",2.80685125135793e-05,NA,NA,NA
"uniform_k1",407,"ABL1",0.000131212002905445,NA,NA,NA
"uniform_k1",408,"MYH6",5.61947915448391e-05,NA,NA,NA
"uniform_k1",409,"FTH1",3.16391560746254e-05,NA,NA,NA
"uniform_k1",410,"AXL",2.56876487623181e-05,NA,NA,NA
"uniform_k1",411,"ACTB",0.0035966824210889,NA,NA,NA
"uniform_k1",412,"HCRT",0.000169339993540296,NA,NA,NA
"uniform_k1",413,"CYP11B1",0,NA,NA,NA
"uniform_k1",414,"CA1",4.61079535398756e-05,NA,NA,NA
"uniform_k1",415,"ALAD",1.1590275771578e-05,NA,NA,NA
"uniform_k1",416,"NOX4",3.0792080655373e-05,NA,NA,NA
"uniform_k1",417,"RHO",0.00017143146028642,NA,NA,NA
"uniform_k1",418,"ACHE",0.000111252964972719,NA,NA,NA
"uniform_k1",419,"INS",0.00437927624027923,NA,NA,NA
"uniform_k1",420,"PPP3CA",1.20382530055529e-05,NA,NA,NA
"uniform_k1",421,"KCNA5",1.99569664441901e-05,NA,NA,NA
"uniform_k1",422,"ADRB1",3.16756855778255e-06,NA,NA,NA
"uniform_k1",423,"GABRR1",0.000892072607181937,NA,NA,NA
"uniform_k1",424,"HRH1",0,NA,NA,NA
"uniform_k1",425,"GRIN1",6.96987215653699e-06,NA,NA,NA
"uniform_k1",426,"APCS",0.00117690914019986,NA,NA,NA
"uniform_k1",427,"PDE4A",1.34575381137703e-05,NA,NA,NA
"uniform_k1",428,"CYBB",6.42615564472315e-05,NA,NA,NA
"uniform_k1",429,"TFRC",0.000239327299633385,NA,NA,NA
"uniform_k1",430,"PNPLA2",2.72449938232278e-06,NA,NA,NA
"uniform_k1",431,"SMAD3",0.000326994785442403,NA,NA,NA
"uniform_k1",432,"ANO1",0,NA,NA,NA
"uniform_k1",433,"CTRC",0,NA,NA,NA
"uniform_k1",434,"STXBP1",8.80325064156473e-06,NA,NA,NA
"uniform_k1",435,"CYP2A6",0.000367474741212792,NA,NA,NA
"uniform_k1",436,"CXCL1",0,NA,NA,NA
"uniform_k1",437,"ABCC2",6.29649746844985e-05,NA,NA,NA
"uniform_k1",438,"CDKN1B",8.87190608878097e-06,NA,NA,NA
"uniform_k1",439,"HTR2C",1.81821061465692e-05,NA,NA,NA
"uniform_k1",440,"DUSP1",0,NA,NA,NA
"uniform_k1",441,"BRCA1",0.00150305205251045,NA,NA,NA
"uniform_k1",442,"SREBF1",0.000334685132546086,NA,NA,NA
"uniform_k1",443,"TUBA4A",0,NA,NA,NA
"uniform_k1",444,"SOD2",0.000296172336680667,NA,NA,NA
"uniform_k1",445,"SCN2A",9.6829057864789e-05,NA,NA,NA
"uniform_k1",446,"IRF1",0,NA,NA,NA
"uniform_k1",447,"IMPDH2",1.60872446202109e-05,NA,NA,NA
"uniform_k1",448,"GYPA",0.000261429870861529,NA,NA,NA
"uniform_k1",449,"SOX9",0.000102527928081186,NA,NA,NA
"uniform_k1",450,"SRD5A2",3.08503783238434e-05,NA,NA,NA
"uniform_k1",451,"PHB2",3.20568660923115e-05,NA,NA,NA
"uniform_k1",452,"MMP9",0.000204115785623737,NA,NA,NA
"uniform_k1",453,"CALML3",0,NA,NA,NA
"uniform_k1",454,"ATM",2.74398232945616e-05,NA,NA,NA
"uniform_k1",455,"VEGFC",0,NA,NA,NA
"uniform_k1",456,"CFTR",0.00160265872797649,NA,NA,NA
"uniform_k1",457,"FBP1",7.28503339286757e-06,NA,NA,NA
"uniform_k1",458,"IGFBP6",0,NA,NA,NA
"uniform_k1",459,"BRCA1",0.00150305205251045,NA,NA,NA
"uniform_k1",460,"UGT1A1",6.43666731126036e-05,NA,NA,NA
"uniform_k1",461,"GABRD",9.49995296650741e-07,NA,NA,NA
"uniform_k1",462,"BECN1",8.42248076059482e-05,NA,NA,NA
"uniform_k1",463,"LRAT",5.06328770298881e-05,NA,NA,NA
"uniform_k1",464,"HTR6",2.29298407665723e-05,NA,NA,NA
"uniform_k1",465,"SLC6A2",0,NA,NA,NA
"uniform_k1",466,"CNR2",0,NA,NA,NA
"uniform_k1",467,"CNR2",0,NA,NA,NA
"uniform_k1",468,"CYC1",4.87786738601059e-06,NA,NA,NA
"uniform_k1",469,"MYC",0.000561856827766771,NA,NA,NA
"uniform_k1",470,"RPS6KA3",0,NA,NA,NA
"uniform_k1",471,"SPP1",0.000133522093562433,NA,NA,NA
"uniform_k1",472,"TNFRSF10B",0,NA,NA,NA
"uniform_k1",473,"HAMP",0.000187982524293195,NA,NA,NA
"uniform_k1",474,"KCNJ10",0,NA,NA,NA
"uniform_k1",475,"GATM",0.000449150320023683,NA,NA,NA
"uniform_k1",476,"PRKACA",0.00408086083662407,NA,NA,NA
"uniform_k1",477,"LGALS1",0,NA,NA,NA
"uniform_k1",478,"CBR1",3.06594182049036e-05,NA,NA,NA
"uniform_k1",479,"MAOA",0.000132428913549143,NA,NA,NA
"uniform_k1",480,"PFAS",0,NA,NA,NA
"uniform_k1",481,"LEF1",5.06903005115245e-06,NA,NA,NA
"uniform_k1",482,"HTR7",2.21651978515869e-06,NA,NA,NA
"uniform_k1",483,"CELF1",0,NA,NA,NA
"uniform_k1",484,"ABCG8",0,NA,NA,NA
"uniform_k1",485,"MAPK11",0,NA,NA,NA
"uniform_k1",486,"AMY1A",0,NA,NA,NA
"uniform_k1",487,"XPO1",1.66633213304346e-05,NA,NA,NA
"uniform_k1",488,"COMT",0.000258432034107248,NA,NA,NA
"uniform_k1",489,"AKR1C4",0,NA,NA,NA
"uniform_k1",490,"SYP",2.45220699257587e-05,NA,NA,NA
"uniform_k1",491,"CPT1C",0,NA,NA,NA
"uniform_k1",492,"KCNJ6",2.88254911089414e-05,NA,NA,NA
"uniform_k1",493,"TRPV4",0.000106153420904809,NA,NA,NA
"uniform_k1",494,"CHRNB3",0,NA,NA,NA
"uniform_k1",495,"SLC18A2",1.33665330134258e-05,NA,NA,NA
"uniform_k1",496,"NR1H2",0,NA,NA,NA
"uniform_k1",497,"KCNJ8",1.89387005555819e-05,NA,NA,NA
"uniform_k1",498,"PLA2G7",0.00013847975796788,NA,NA,NA
"uniform_k1",499,"PPP2CA",7.29428022572254e-05,NA,NA,NA
"uniform_k1",500,"CHAT",0.00035285368960325,NA,NA,NA
"uniform_k1",501,"MAPK3",0.000389312216340865,NA,NA,NA
"uniform_k1",502,"DBH",9.818852931609e-06,NA,NA,NA
"uniform_k1",503,"PTGS2",0.00143001964027745,NA,NA,NA
"uniform_k1",504,"GRIN2D",0,NA,NA,NA
"uniform_k1",505,"ROS1",0,NA,NA,NA
"uniform_k1",506,"NR1H4",0.000150320210463128,NA,NA,NA
"uniform_k1",507,"MAPK14",6.8388883402215e-05,NA,NA,NA
"uniform_k1",508,"GSR",0.00032731672891706,NA,NA,NA
"uniform_k1",509,"CASQ1",2.53341735867441e-06,NA,NA,NA
"uniform_k1",510,"THRB",3.80151793299977e-06,NA,NA,NA
"uniform_k1",511,"PRSS1",0.0011573163436972,NA,NA,NA
"uniform_k1",512,"CD14",0,NA,NA,NA
"uniform_k1",513,"MYLK",7.38323399127605e-05,NA,NA,NA
"uniform_k1",514,"HBA2",0,NA,NA,NA
"uniform_k1",515,"CYP1B1",1.26701867375623e-06,NA,NA,NA
"uniform_k1",516,"ACTR1B",0,NA,NA,NA
"uniform_k1",517,"RUNX1T1",0,NA,NA,NA
"uniform_k1",518,"HDAC7",6.01926074750292e-06,NA,NA,NA
"uniform_k1",519,"CD14",0,NA,NA,NA
"uniform_k1",520,"GK",0.000406543096133638,NA,NA,NA
"uniform_k1",521,"RAPGEF4",2.51523475149895e-05,NA,NA,NA
"uniform_k1",522,"CDK1",0.000268330391133942,NA,NA,NA
"uniform_k1",523,"PHOSPHO2",0,NA,NA,NA
"uniform_k1",524,"NPEPPS",0,NA,NA,NA
"uniform_k1",525,"STAT5A",4.23996396073933e-05,NA,NA,NA
"uniform_k1",526,"RHO",0.00017143146028642,NA,NA,NA
"uniform_k1",527,"PRKAG2",0.00023019859617357,NA,NA,NA
"uniform_k1",528,"HSPA4",0.000770336012735795,NA,NA,NA
"uniform_k1",529,"PTH",0.00019439506068486,NA,NA,NA
"uniform_k1",530,"CDKN1C",1.58390438897982e-06,NA,NA,NA
"uniform_k1",531,"CALM2",0,NA,NA,NA
"uniform_k1",532,"GCLC",8.05799891081538e-05,NA,NA,NA
"uniform_k1",533,"TTK",1.26686474088977e-06,NA,NA,NA
"uniform_k1",534,"KCND2",2.72386185307116e-06,NA,NA,NA
"uniform_k1",535,"GPR18",0,NA,NA,NA
"uniform_k1",536,"CRP",0.00025559836793676,NA,NA,NA
"uniform_k1",537,"ODC1",0.00121583500905476,NA,NA,NA
"uniform_k1",538,"CYP2A6",0.000367474741212792,NA,NA,NA
"uniform_k1",539,"CDT1",1.38729255214631e-05,NA,NA,NA
"uniform_k1",540,"CXCL1",0,NA,NA,NA
"uniform_k1",541,"PRDX1",5.7026663956572e-06,NA,NA,NA
"uniform_k1",542,"HCRTR2",0,NA,NA,NA
"uniform_k1",543,"MAP2K7",3.16786999277063e-06,NA,NA,NA
"uniform_k1",544,"LY96",0,NA,NA,NA
"uniform_k1",545,"HBB",6.40684097101829e-05,NA,NA,NA
"uniform_k1",546,"CREB1",0.000475073453506725,NA,NA,NA
"uniform_k1",547,"CD40LG",1.90089891605183e-06,NA,NA,NA
"uniform_k1",548,"CTTN",2.99716390974591e-05,NA,NA,NA
"uniform_k1",549,"C3",4.60004945984638e-05,NA,NA,NA
"uniform_k1",550,"SMAD7",1.26728738392146e-06,NA,NA,NA
"uniform_k1",551,"SLC8A2",0,NA,NA,NA
"uniform_k1",552,"FAS",6.33677821770817e-07,NA,NA,NA
"uniform_k1",553,"DBP",0,NA,NA,NA
"uniform_k1",554,"APOD",0.00195383273850436,NA,NA,NA
"uniform_k1",555,"DHFR",0.000279606338591143,NA,NA,NA
"uniform_k1",556,"CALR",4.38793673526172e-05,NA,NA,NA
"uniform_k1",557,"GCK",0.000213793988103061,NA,NA,NA
"uniform_k1",558,"POMC",0.00149342435047795,NA,NA,NA
"uniform_k1",559,"MAP2K1",0,NA,NA,NA
"uniform_k1",560,"KDM1A",0,NA,NA,NA
"uniform_k1",561,"GLYAT",0,NA,NA,NA
"uniform_k1",562,"DUSP1",0,NA,NA,NA
"uniform_k1",563,"DBP",0,NA,NA,NA
"uniform_k1",564,"GPR18",0,NA,NA,NA
"uniform_k1",565,"COL1A2",8.49027404237201e-06,NA,NA,NA
"uniform_k1",566,"SLC29A1",0.00102903201870796,NA,NA,NA
"uniform_k1",567,"DYSF",0.00102310635249714,NA,NA,NA
"uniform_k1",568,"PPIA",3.28180373492248e-05,NA,NA,NA
"uniform_k1",569,"RYR2",4.78345186669671e-05,NA,NA,NA
"uniform_k1",570,"ACTA2",4.98567078929257e-05,NA,NA,NA
"uniform_k1",571,"HRH1",0,NA,NA,NA
"uniform_k1",572,"SLC16A1",1.22233950207162e-05,NA,NA,NA
"uniform_k1",573,"SLC10A1",8.11595436944756e-05,NA,NA,NA
"uniform_k1",574,"NFATC3",3.48468834243665e-06,NA,NA,NA
"uniform_k1",575,"IGF1",0.000380119663706879,NA,NA,NA
"uniform_k1",576,"EGF",0.000230000691015642,NA,NA,NA
"uniform_k1",577,"ATP2C2",0,NA,NA,NA
"uniform_k1",578,"KEAP1",8.90865911317151e-05,NA,NA,NA
"uniform_k1",579,"ALDOA",1.76112505224646e-05,NA,NA,NA
"uniform_k1",580,"MAPK8",0.00014699135508045,NA,NA,NA
"uniform_k1",581,"PIK3CD",0,NA,NA,NA
"uniform_k1",582,"SDHA",0.000611111269984921,NA,NA,NA
"uniform_k1",583,"CDK4",5.9067280737346e-05,NA,NA,NA
"uniform_k1",584,"CYP27B1",5.34712469113519e-05,NA,NA,NA
"uniform_k1",585,"CSF1",1.07725687046312e-05,NA,NA,NA
"uniform_k1",586,"CACNA2D2",0,NA,NA,NA
"uniform_k1",587,"CYP3A4",0.000708964295377368,NA,NA,NA
"uniform_k1",588,"DBP",0,NA,NA,NA
"uniform_k1",589,"SLC2A1",0.000140046836469954,NA,NA,NA
"uniform_k1",590,"ABCC1",0,NA,NA,NA
"uniform_k1",591,"MAOA",0.000132428913549143,NA,NA,NA
"uniform_k1",592,"FOSL2",0,NA,NA,NA
"uniform_k1",593,"YAP1",2.37641275353528e-05,NA,NA,NA
"uniform_k1",594,"TFAM",0,NA,NA,NA
"uniform_k1",595,"CRK",6.33660876869779e-06,NA,NA,NA
"uniform_k1",596,"PRKAG2",0.00023019859617357,NA,NA,NA
"uniform_k1",597,"DNMT1",4.56882288469851e-05,NA,NA,NA
"uniform_k1",598,"GPD1",0,NA,NA,NA
"uniform_k1",599,"MAOA",0.000132428913549143,NA,NA,NA
"uniform_k1",600,"GRIK2",0,NA,NA,NA
"uniform_k1",601,"PRKCI",0,NA,NA,NA
"uniform_k1",602,"ADH6",4.11775851749674e-06,NA,NA,NA
"uniform_k1",603,"FABP5",6.2410696410331e-05,NA,NA,NA
"uniform_k1",604,"HNF1A",0.00122815220873107,NA,NA,NA
"uniform_k1",605,"AQP1",7.97847562783449e-06,NA,NA,NA
"uniform_k1",606,"ACSL4",0,NA,NA,NA
"uniform_k1",607,"COX6C",0,NA,NA,NA
"uniform_k1",608,"SMAD2",3.42235274195524e-05,NA,NA,NA
"uniform_k1",609,"KRT2",0,NA,NA,NA
"uniform_k1",610,"ADAMTS5",0,NA,NA,NA
"uniform_k1",611,"FGFR2",9.18874357280774e-06,NA,NA,NA
"uniform_k1",612,"AQP1",7.97847562783449e-06,NA,NA,NA
"uniform_k1",613,"LRP5",0,NA,NA,NA
"uniform_k1",614,"TAC1",0.001463424927591,NA,NA,NA
"uniform_k1",615,"SLC18A2",1.33665330134258e-05,NA,NA,NA
"uniform_k1",616,"DNPEP",0,NA,NA,NA
"uniform_k1",617,"FGB",2.53425344454161e-06,NA,NA,NA
"uniform_k1",618,"REN",0.000113239453789604,NA,NA,NA
"uniform_k1",619,"VCAM1",2.14834315839241e-05,NA,NA,NA
"uniform_k1",620,"CFLAR",6.33631245472444e-07,NA,NA,NA
"uniform_k1",621,"CYP7B1",5.06699999092142e-06,NA,NA,NA
"uniform_k1",622,"C3",4.60004945984638e-05,NA,NA,NA
"uniform_k1",623,"ATF5",6.59972627514716e-05,NA,NA,NA
"uniform_k1",624,"RXRB",3.7531212242814e-05,NA,NA,NA
"uniform_k1",625,"SLCO1A2",6.33397825744453e-07,NA,NA,NA
"uniform_k1",626,"HSP90AA1",0.000781176350650004,NA,NA,NA
"uniform_k1",627,"BMPR2",8.59954951424324e-05,NA,NA,NA
"uniform_k1",628,"BAX",8.97923976903581e-05,NA,NA,NA
"uniform_k1",629,"IL5",0,NA,NA,NA
"uniform_k1",630,"NTRK2",0.000178668928783821,NA,NA,NA
"uniform_k1",631,"HTR2B",3.80070954153489e-06,NA,NA,NA
"uniform_k1",632,"TOP2A",1.51432024206866e-05,NA,NA,NA
"uniform_k1",633,"AKR1D1",0.0010662752740489,NA,NA,NA
"uniform_k1",634,"GRIN1",6.96987215653699e-06,NA,NA,NA
"uniform_k1",635,"MT-CYB",0.000203007681716216,NA,NA,NA
"uniform_k1",636,"IL18",2.23696138260676e-05,NA,NA,NA
"uniform_k1",637,"SLC6A8",0,NA,NA,NA
"uniform_k1",638,"DCK",6.65095605247856e-05,NA,NA,NA
"uniform_k1",639,"MAP2K7",3.16786999277063e-06,NA,NA,NA
"uniform_k1",640,"CCL8",0,NA,NA,NA
"uniform_k1",641,"POLE",6.84091707048307e-06,NA,NA,NA
"uniform_k1",642,"GSK3B",0.000254805416997517,NA,NA,NA
"uniform_k1",643,"HSD17B2",0,NA,NA,NA
"uniform_k1",644,"DPP4",0.00143001137023646,NA,NA,NA
"uniform_k1",645,"TOP1",1.90060302329709e-06,NA,NA,NA
"uniform_k1",646,"CASP6",1.26723751903146e-06,NA,NA,NA
"uniform_k1",647,"TRPM3",0,NA,NA,NA
"uniform_k1",648,"DDIT3",5.44896803789108e-06,NA,NA,NA
"uniform_k1",649,"NKX3-1",0,NA,NA,NA
"uniform_k1",650,"NGF",7.00958583023104e-05,NA,NA,NA
"uniform_k1",651,"RAB5A",9.06001518752308e-06,NA,NA,NA
"uniform_k1",652,"CD36",0.000286748685116911,NA,NA,NA
"uniform_k1",653,"HGF",0,NA,NA,NA
"uniform_k1",654,"HLA-B",6.33520976234259e-07,NA,NA,NA
"uniform_k1",655,"C3",4.60004945984638e-05,NA,NA,NA
"uniform_k1",656,"SNAI1",9.50644381658705e-07,NA,NA,NA
"uniform_k1",657,"COL11A2",7.28347388034845e-06,NA,NA,NA
"uniform_k1",658,"PNPLA2",2.72449938232278e-06,NA,NA,NA
"uniform_k1",659,"NFATC4",0,NA,NA,NA
"uniform_k1",660,"DDIT3",5.44896803789108e-06,NA,NA,NA
"uniform_k1",661,"SIRT2",1.36869569887788e-05,NA,NA,NA
"uniform_k1",662,"CES1",0.000115566529133249,NA,NA,NA
"uniform_k1",663,"GRIK2",0,NA,NA,NA
"uniform_k1",664,"PPIA",3.28180373492248e-05,NA,NA,NA
"uniform_k1",665,"TOP2B",0,NA,NA,NA
"uniform_k1",666,"PRKAA1",2.85143022038525e-06,NA,NA,NA
"uniform_k1",667,"CYCS",0.0019228192201588,NA,NA,NA
"uniform_k1",668,"CYP1A1",0.000371673359131575,NA,NA,NA
"uniform_k1",669,"KCNA3",7.03184449912797e-06,NA,NA,NA
"uniform_k1",670,"CDK5",0.000348117516928759,NA,NA,NA
"uniform_k1",671,"F10",1.53928141654047e-05,NA,NA,NA
"uniform_k1",672,"KCNJ9",0,NA,NA,NA
"uniform_k1",673,"YY1",6.08348672959114e-06,NA,NA,NA
"uniform_k1",674,"SLC29A1",0.00102903201870796,NA,NA,NA
"uniform_k1",675,"PTH",0.00019439506068486,NA,NA,NA
"uniform_k1",676,"CDK2",1.73911829558504e-05,NA,NA,NA
"uniform_k1",677,"BMP2",1.27361599282505e-05,NA,NA,NA
"uniform_k1",678,"KCNE2",0,NA,NA,NA
"uniform_k1",679,"CYP21A2",0,NA,NA,NA
"uniform_k1",680,"PROM1",0.00127729251749653,NA,NA,NA
"uniform_k1",681,"SREBF1",0.000334685132546086,NA,NA,NA
"uniform_k1",682,"CELF1",0,NA,NA,NA
"uniform_k1",683,"DIO1",0,NA,NA,NA
"uniform_k1",684,"SYT1",8.62163058744647e-05,NA,NA,NA
"uniform_k1",685,"KCNJ5",8.95444816781943e-05,NA,NA,NA
"uniform_k1",686,"CHRM1",6.15364589550138e-05,NA,NA,NA
"uniform_k1",687,"PDXK",0.00104366135249789,NA,NA,NA
"uniform_k1",688,"GJA1",0.000128446445619601,NA,NA,NA
"uniform_k1",689,"PDK1",0,NA,NA,NA
"uniform_k1",690,"PARP1",0.000202075672702362,NA,NA,NA
"uniform_k1",691,"LDLR",0,NA,NA,NA
"uniform_k1",692,"PRKAG2",0.00023019859617357,NA,NA,NA
"uniform_k1",693,"APOM",0,NA,NA,NA
"uniform_k1",694,"ARF5",0,NA,NA,NA
"uniform_k1",695,"CBR1",3.06594182049036e-05,NA,NA,NA
"uniform_k1",696,"PTPN1",3.86549374464806e-06,NA,NA,NA
"uniform_k1",697,"CACNA1A",0.000251442934202317,NA,NA,NA
"uniform_k1",698,"HIF1AN",8.74219236624008e-06,NA,NA,NA
"uniform_k1",699,"CDKN1A",2.78509173701202e-05,NA,NA,NA
"uniform_k1",700,"EDN1",0.000187385953273167,NA,NA,NA
"uniform_k1",701,"MITF",2.87659544899732e-05,NA,NA,NA
"uniform_k1",702,"NRP1",0.000102455056317119,NA,NA,NA
"uniform_k1",703,"GSTP1",0.0017997845794786,NA,NA,NA
"uniform_k1",704,"NANOG",9.82225146706206e-06,NA,NA,NA
"uniform_k1",705,"SRC",0.0010396286840485,NA,NA,NA
"uniform_k1",706,"SCN11A",4.43375248559974e-06,NA,NA,NA
"uniform_k1",707,"ATR",0,NA,NA,NA
"uniform_k1",708,"NFATC1",5.51292228962996e-05,NA,NA,NA
"uniform_k1",709,"CACNA2D3",0,NA,NA,NA
"uniform_k1",710,"STAT3",0.000956982443180987,NA,NA,NA
"uniform_k1",711,"KCNA5",1.99569664441901e-05,NA,NA,NA
"uniform_k1",712,"ESRRB",2.36306737284586e-05,NA,NA,NA
"uniform_k1",713,"PRKCB",0.000129467861105015,NA,NA,NA
"uniform_k1",714,"UCP1",0,NA,NA,NA
"uniform_k1",715,"PSMD11",6.3344408685051e-07,NA,NA,NA
"uniform_k1",716,"AANAT",0,NA,NA,NA
"uniform_k1",717,"GP1BA",3.18056444478243e-05,NA,NA,NA
"uniform_k1",718,"PDE6C",0,NA,NA,NA
"uniform_k1",719,"PDE4B",1.76110095406745e-05,NA,NA,NA
"uniform_k1",720,"CDT1",1.38729255214631e-05,NA,NA,NA
"uniform_k1",721,"LPCAT2",0,NA,NA,NA
"uniform_k1",722,"PRL",2.17984549072403e-05,NA,NA,NA
"uniform_k1",723,"SYT1",8.62163058744647e-05,NA,NA,NA
"uniform_k1",724,"LEF1",5.06903005115245e-06,NA,NA,NA
"uniform_k1",725,"CBR3",0,NA,NA,NA
"uniform_k1",726,"PGR",2.93426634963012e-05,NA,NA,NA
"uniform_k1",727,"KCNJ10",0,NA,NA,NA
"uniform_k1",728,"SLC2A4",1.81861109559422e-05,NA,NA,NA
"uniform_k1",729,"RYR2",4.78345186669671e-05,NA,NA,NA
"uniform_k1",730,"RNASE1",0,NA,NA,NA
"uniform_k1",731,"AFM",0,NA,NA,NA
"uniform_k1",732,"HK2",0.000296209764147126,NA,NA,NA
"uniform_k1",733,"CCL3",1.67921707164842e-05,NA,NA,NA
"uniform_k1",734,"CTNNB1",0.00262517195452239,NA,NA,NA
"uniform_k1",735,"SOCS3",1.47020577304646e-05,NA,NA,NA
"uniform_k1",736,"GSTK1",0,NA,NA,NA
"uniform_k1",737,"BIRC3",6.3362084734564e-07,NA,NA,NA
"uniform_k1",738,"FOSL2",0,NA,NA,NA
"uniform_k1",739,"FTCD",1.21257629834837e-05,NA,NA,NA
"uniform_k1",740,"KCNA1",1.36823220714399e-05,NA,NA,NA
"uniform_k1",741,"HDAC6",0.00238463941154432,NA,NA,NA
"uniform_k1",742,"CFLAR",6.33631245472444e-07,NA,NA,NA
"uniform_k1",743,"AVPR1A",0,NA,NA,NA
"uniform_k1",744,"ATIC",0.0011952594694814,NA,NA,NA
"uniform_k1",745,"UCP2",2.4330049283483e-05,NA,NA,NA
"uniform_k1",746,"SYT1",8.62163058744647e-05,NA,NA,NA
"uniform_k1",747,"VLDLR",0,NA,NA,NA
"uniform_k1",748,"PROS1",2.21693788693411e-06,NA,NA,NA
"uniform_k1",749,"PRDX5",0,NA,NA,NA
"uniform_k1",750,"KCNJ11",0.00241899994818762,NA,NA,NA
"uniform_k1",751,"AQP3",0,NA,NA,NA
"uniform_k1",752,"BCAT2",2.6019618702966e-05,NA,NA,NA
"uniform_k1",753,"DHRS4",0,NA,NA,NA
"uniform_k1",754,"IGF1",0.000380119663706879,NA,NA,NA
"uniform_k1",755,"EIF4G1",1.23532645966984e-05,NA,NA,NA
"uniform_k1",756,"SMO",0,NA,NA,NA
"uniform_k1",757,"BCHE",1.59661831168334e-05,NA,NA,NA
"uniform_k1",758,"EGF",0.000230000691015642,NA,NA,NA
"uniform_k1",759,"GFAP",0.000240332727610593,NA,NA,NA
"uniform_k1",760,"KRT18",1.90069610461752e-06,NA,NA,NA
"uniform_k1",761,"COL3A1",0,NA,NA,NA
"uniform_k1",762,"IGFBP6",0,NA,NA,NA
"uniform_k1",763,"MAP2",5.57507217935349e-06,NA,NA,NA
"uniform_k1",764,"COX6B1",0,NA,NA,NA
"uniform_k1",765,"PDXK",0.00104366135249789,NA,NA,NA
"uniform_k1",766,"LEF1",5.06903005115245e-06,NA,NA,NA
"uniform_k1",767,"PPARGC1A",0.000942132031227727,NA,NA,NA
"uniform_k1",768,"MMP9",0.000204115785623737,NA,NA,NA
"uniform_k1",769,"GABRQ",0,NA,NA,NA
"uniform_k1",770,"COL3A1",0,NA,NA,NA
"uniform_k1",771,"DGAT1",0.000583801314570143,NA,NA,NA
"uniform_k1",772,"HTR2A",4.49190304361302e-05,NA,NA,NA
"uniform_k1",773,"RELA",8.98188410365375e-05,NA,NA,NA
"uniform_k1",774,"ARRDC3",6.33407013395093e-07,NA,NA,NA
"uniform_k1",775,"CFLAR",6.33631245472444e-07,NA,NA,NA
"uniform_k1",776,"PLA2G2D",0,NA,NA,NA
"uniform_k1",777,"CXCL2",0,NA,NA,NA
"uniform_k1",778,"CLEC4E",0,NA,NA,NA
"uniform_k1",779,"NFKBIE",0,NA,NA,NA
"uniform_k1",780,"CCL8",0,NA,NA,NA
"uniform_k1",781,"AMY1A",0,NA,NA,NA
"uniform_k1",782,"TPO",1.92561135294866e-05,NA,NA,NA
"uniform_k1",783,"CHRNB3",0,NA,NA,NA
"uniform_k1",784,"TPO",1.92561135294866e-05,NA,NA,NA
"uniform_k1",785,"RBP1",1.67206208291359e-05,NA,NA,NA
"uniform_k1",786,"MAP2K1",0,NA,NA,NA
"uniform_k1",787,"UGT1A1",6.43666731126036e-05,NA,NA,NA
"uniform_k1",788,"SRR",0,NA,NA,NA
"uniform_k1",789,"PRKAA1",2.85143022038525e-06,NA,NA,NA
"uniform_k1",790,"ACACA",7.98311027262466e-05,NA,NA,NA
"uniform_k1",791,"ATF2",1.14067009802099e-05,NA,NA,NA
"uniform_k1",792,"ARF4",1.97623946650571e-05,NA,NA,NA
"uniform_k1",793,"MTTP",6.39846903005559e-06,NA,NA,NA
"uniform_k1",794,"SPI1",3.16810202792839e-05,NA,NA,NA
"uniform_k1",795,"TYR",3.79481492692735e-05,NA,NA,NA
"uniform_k1",796,"BCHE",1.59661831168334e-05,NA,NA,NA
"uniform_k1",797,"CDK2",1.73911829558504e-05,NA,NA,NA
"uniform_k1",798,"BCL2",0.00028337947071766,NA,NA,NA
"uniform_k1",799,"SKP2",4.435492915289e-06,NA,NA,NA
"uniform_k1",800,"FABP3",6.33463026478154e-07,NA,NA,NA
"uniform_k1",801,"FGFR2",9.18874357280774e-06,NA,NA,NA
"uniform_k1",802,"BIRC5",3.23786530762593e-05,NA,NA,NA
"uniform_k1",803,"DPP4",0.00143001137023646,NA,NA,NA
"uniform_k1",804,"ASPA",0,NA,NA,NA
"uniform_k1",805,"COX7B",0,NA,NA,NA
"uniform_k1",806,"KCND2",2.72386185307116e-06,NA,NA,NA
"uniform_k1",807,"HINT1",4.87617046518452e-06,NA,NA,NA
"uniform_k1",808,"AFM",0,NA,NA,NA
"uniform_k1",809,"NTRK1",3.04810969022906e-05,NA,NA,NA
"uniform_k1",810,"HRH1",0,NA,NA,NA
"uniform_k1",811,"PDXK",0.00104366135249789,NA,NA,NA
"uniform_k1",812,"NFKB2",0,NA,NA,NA
"uniform_k1",813,"GATM",0.000449150320023683,NA,NA,NA
"uniform_k1",814,"ACE2",6.17806475236016e-05,NA,NA,NA
"uniform_k1",815,"MAP3K7",0.000279295362734966,NA,NA,NA
"uniform_k1",816,"YWHAZ",0.000329867224154401,NA,NA,NA
"uniform_k1",817,"NPPA",7.28658572474172e-05,NA,NA,NA
"uniform_k1",818,"DRD5",0.00110886310796687,NA,NA,NA
"uniform_k1",819,"DLG1",6.50075176803488e-05,NA,NA,NA
"uniform_k1",820,"REN",0.000113239453789604,NA,NA,NA
"uniform_k1",821,"GCLC",8.05799891081538e-05,NA,NA,NA
"uniform_k1",822,"SLC11A2",1.77338485018996e-06,NA,NA,NA
"uniform_k1",823,"LRP5",0,NA,NA,NA
"uniform_k1",824,"EEF2K",3.67443795490363e-06,NA,NA,NA
"uniform_k1",825,"SCN5A",0.000167082927235662,NA,NA,NA
"uniform_k1",826,"CHRNA7",7.98054415862559e-05,NA,NA,NA
"uniform_k1",827,"SEMA3A",6.84073768231208e-06,NA,NA,NA
"uniform_k1",828,"E2F2",0,NA,NA,NA
"uniform_k1",829,"PTPN11",2.43987962315062e-05,NA,NA,NA
"uniform_k1",830,"CLEC4E",0,NA,NA,NA
"uniform_k1",831,"PARP1",0.000202075672702362,NA,NA,NA
"uniform_k1",832,"SLC11A2",1.77338485018996e-06,NA,NA,NA
"uniform_k1",833,"CCL8",0,NA,NA,NA
"uniform_k1",834,"NEU1",0,NA,NA,NA
"uniform_k1",835,"ATF4",6.17859641668383e-05,NA,NA,NA
"uniform_k1",836,"HPRT1",0.00041877379526456,NA,NA,NA
"uniform_k1",837,"TPH1",7.17150924056664e-05,NA,NA,NA
"uniform_k1",838,"PIK3CD",0,NA,NA,NA
"uniform_k1",839,"HSD11B1",5.68914811439614e-05,NA,NA,NA
"uniform_k1",840,"AGXT",0.000106059050095864,NA,NA,NA
"uniform_k1",841,"KYNU",3.41288525791406e-05,NA,NA,NA
"uniform_k1",842,"CSF1",1.07725687046312e-05,NA,NA,NA
"uniform_k1",843,"TGFB1",0.000170827591538192,NA,NA,NA
"uniform_k1",844,"CACNA1B",0,NA,NA,NA
"uniform_k1",845,"ATF5",6.59972627514716e-05,NA,NA,NA
"uniform_k1",846,"AGTR1",7.87895413547623e-05,NA,NA,NA
"uniform_k1",847,"TNFAIP6",4.94186435140431e-06,NA,NA,NA
"uniform_k1",848,"STAT1",0.000487010105838959,NA,NA,NA
"uniform_k1",849,"ADRA2C",1.26052450867276e-05,NA,NA,NA
"uniform_k1",850,"KCNA5",1.99569664441901e-05,NA,NA,NA
"uniform_k1",851,"S100A8",5.866975145008e-05,NA,NA,NA
"uniform_k1",852,"SLC5A1",1.62831065815272e-05,NA,NA,NA
"uniform_k1",853,"SLC1A6",0,NA,NA,NA
"uniform_k1",854,"P4HB",2.24939291733062e-05,NA,NA,NA
"uniform_k1",855,"GPR35",0,NA,NA,NA
"uniform_k1",856,"PRDX1",5.7026663956572e-06,NA,NA,NA
"uniform_k1",857,"CALM1",5.91918174835948e-05,NA,NA,NA
"uniform_k1",858,"PHOSPHO1",8.36011896465649e-06,NA,NA,NA
"uniform_k1",859,"CD40LG",1.90089891605183e-06,NA,NA,NA
"uniform_k1",860,"GCG",0.000221045982158996,NA,NA,NA
"uniform_k1",861,"HDAC8",0,NA,NA,NA
"uniform_k1",862,"CXCL13",0,NA,NA,NA
"uniform_k1",863,"DBH",9.818852931609e-06,NA,NA,NA
"uniform_k1",864,"ESRRG",0.00109032893649263,NA,NA,NA
"uniform_k1",865,"NR4A1",4.04919306976614e-05,NA,NA,NA
"uniform_k1",866,"ADORA2B",0,NA,NA,NA
"uniform_k1",867,"GLP1R",3.86497402737884e-06,NA,NA,NA
"uniform_k1",868,"EGF",0.000230000691015642,NA,NA,NA
"uniform_k1",869,"ODC1",0.00121583500905476,NA,NA,NA
"uniform_k1",870,"CHRNB2",1.93198243616521e-05,NA,NA,NA
"uniform_k1",871,"FABP2",0,NA,NA,NA
"uniform_k1",872,"GABRR3",0,NA,NA,NA
"uniform_k1",873,"EEF2K",3.67443795490363e-06,NA,NA,NA
"uniform_k1",874,"ATP1A1",1.2671361954153e-06,NA,NA,NA
"uniform_k1",875,"GGPS1",0,NA,NA,NA
"uniform_k1",876,"SMAD7",1.26728738392146e-06,NA,NA,NA
"uniform_k1",877,"GPR18",0,NA,NA,NA
"uniform_k1",878,"SLC7A2",0,NA,NA,NA
"uniform_k1",879,"CTRB1",3.90273843604572e-05,NA,NA,NA
"uniform_k1",880,"MAPK11",0,NA,NA,NA
"uniform_k1",881,"PCYT1A",2.85706032163713e-05,NA,NA,NA
"uniform_k1",882,"HDAC10",0,NA,NA,NA
"uniform_k1",883,"GLUL",0.000147191537224312,NA,NA,NA
"uniform_k1",884,"CTSK",0.000205253306110875,NA,NA,NA
"uniform_k1",885,"CAV1",0.00188167408582673,NA,NA,NA
"uniform_k1",886,"COX5B",5.70133156496677e-06,NA,NA,NA
"uniform_k1",887,"MUC5AC",6.33425870422144e-07,NA,NA,NA
"uniform_k1",888,"MMP9",0.000204115785623737,NA,NA,NA
"uniform_k1",889,"GSTM3",0,NA,NA,NA
"uniform_k1",890,"KCNQ2",0.000154321192943452,NA,NA,NA
"uniform_k1",891,"NOS3",0.000136759922833574,NA,NA,NA
"uniform_k1",892,"SSTR5",0,NA,NA,NA
"uniform_k1",893,"CACNA2D2",0,NA,NA,NA
"uniform_k1",894,"DLG2",0,NA,NA,NA
"uniform_k1",895,"COX6B1",0,NA,NA,NA
"uniform_k1",896,"ARF4",1.97623946650571e-05,NA,NA,NA
"uniform_k1",897,"GDNF",3.48479365919196e-06,NA,NA,NA
"uniform_k1",898,"EPOR",4.26416671160945e-05,NA,NA,NA
"uniform_k1",899,"HNRNPA1",0.0011965986405017,NA,NA,NA
"uniform_k1",900,"SLC7A2",0,NA,NA,NA
"uniform_k1",901,"CCNB1",1.05829380095956e-05,NA,NA,NA
"uniform_k1",902,"NFKBIE",0,NA,NA,NA
"uniform_k1",903,"F2RL1",1.81154153372498e-05,NA,NA,NA
"uniform_k1",904,"HSPB1",6.97066364507837e-06,NA,NA,NA
"uniform_k1",905,"ADH1C",0,NA,NA,NA
"uniform_k1",906,"ADK",7.61409486743636e-05,NA,NA,NA
"uniform_k1",907,"OAZ1",0,NA,NA,NA
"uniform_k1",908,"CYP2C8",0,NA,NA,NA
"uniform_k1",909,"AKT1",0.00346325271049452,NA,NA,NA
"uniform_k1",910,"GGPS1",0,NA,NA,NA
"uniform_k1",911,"NCF4",0,NA,NA,NA
"uniform_k1",912,"C8G",8.92998568191583e-06,NA,NA,NA
"uniform_k1",913,"MTOR",0.000351853732282081,NA,NA,NA
"uniform_k1",914,"KIT",0.000262263529464124,NA,NA,NA
"uniform_k1",915,"PHOSPHO2",0,NA,NA,NA
"uniform_k1",916,"SLC1A3",2.4134429150835e-05,NA,NA,NA
"uniform_k1",917,"UCP1",0,NA,NA,NA
"uniform_k1",918,"GABRD",9.49995296650741e-07,NA,NA,NA
"uniform_k1",919,"FAS",6.33677821770817e-07,NA,NA,NA
"uniform_k1",920,"GGPS1",0,NA,NA,NA
"uniform_k1",921,"NCF2",1.00748274538542e-05,NA,NA,NA
"uniform_k1",922,"CSF3",4.44861479179659e-05,NA,NA,NA
"uniform_k1",923,"PENK",0,NA,NA,NA
"uniform_k1",924,"SREBF2",1.69818952083789e-05,NA,NA,NA
"uniform_k1",925,"KCNE2",0,NA,NA,NA
"uniform_k1",926,"NFKBIA",5.47616073202084e-05,NA,NA,NA
"uniform_k1",927,"PROM1",0.00127729251749653,NA,NA,NA
"uniform_k1",928,"NGF",7.00958583023104e-05,NA,NA,NA
"uniform_k1",929,"TGFB1",0.000170827591538192,NA,NA,NA
"uniform_k1",930,"CALML5",7.42946995627713e-05,NA,NA,NA
"uniform_k1",931,"REN",0.000113239453789604,NA,NA,NA
"uniform_k1",932,"SYP",2.45220699257587e-05,NA,NA,NA
"uniform_k1",933,"EBP",6.01605713679287e-06,NA,NA,NA
"uniform_k1",934,"GRIN3B",0,NA,NA,NA
"uniform_k1",935,"GLI1",5.44927221779457e-06,NA,NA,NA
"uniform_k1",936,"ACSS2",8.1011205171122e-05,NA,NA,NA
"uniform_k1",937,"JAK2",0.000791453142699572,NA,NA,NA
"uniform_k1",938,"SLC6A2",0,NA,NA,NA
"uniform_k1",939,"CTSG",5.59397568715703e-05,NA,NA,NA
"uniform_k1",940,"RAC1",1.74887232585741e-05,NA,NA,NA
"uniform_k1",941,"ALDH1A1",0.000768800994206509,NA,NA,NA
"uniform_k1",942,"HSD3B1",7.1585802265961e-06,NA,NA,NA
"uniform_k1",943,"FKBP1A",0.000367396925605612,NA,NA,NA
"uniform_k1",944,"CRK",6.33660876869779e-06,NA,NA,NA
"uniform_k1",945,"PRDX5",0,NA,NA,NA
"uniform_k1",946,"CYP2A6",0.000367474741212792,NA,NA,NA
"uniform_k1",947,"PGRMC1",1.54584083279508e-05,NA,NA,NA
"uniform_k1",948,"EIF4EBP1",0,NA,NA,NA
"uniform_k1",949,"TFRC",0.000239327299633385,NA,NA,NA
"uniform_k1",950,"TIGAR",0,NA,NA,NA
"uniform_k1",951,"LYZ",0,NA,NA,NA
"uniform_k1",952,"DDC",2.58462116191627e-05,NA,NA,NA
"uniform_k1",953,"GSS",1.96391900666448e-05,NA,NA,NA
"uniform_k1",954,"RHOA",0.000165621123898174,NA,NA,NA
"uniform_k1",955,"GRIA2",6.42468498274207e-05,NA,NA,NA
"uniform_k1",956,"SOX9",0.000102527928081186,NA,NA,NA
"uniform_k1",957,"SOX9",0.000102527928081186,NA,NA,NA
"uniform_k1",958,"DHRS3",0,NA,NA,NA
"uniform_k1",959,"CCN2",1.134369344169e-05,NA,NA,NA
"uniform_k1",960,"PGRMC1",1.54584083279508e-05,NA,NA,NA
"uniform_k1",961,"ACAA2",8.36077927990342e-06,NA,NA,NA
"uniform_k1",962,"CYP1A2",5.25226389015421e-05,NA,NA,NA
"uniform_k1",963,"GABBR1",0.000629351098106912,NA,NA,NA
"uniform_k1",964,"HSD17B2",0,NA,NA,NA
"uniform_k1",965,"GOT1",5.88174838508371e-05,NA,NA,NA
"uniform_k1",966,"LPCAT1",1.456721531512e-06,NA,NA,NA
"uniform_k1",967,"PTPN11",2.43987962315062e-05,NA,NA,NA
"uniform_k1",968,"USP10",4.9733160998211e-05,NA,NA,NA
"uniform_k1",969,"DNMT3B",1.03906004091936e-05,NA,NA,NA
"uniform_k1",970,"CALM2",0,NA,NA,NA
"uniform_k1",971,"PDE6C",0,NA,NA,NA
"uniform_k1",972,"PLAT",2.05933169041828e-05,NA,NA,NA
"uniform_k1",973,"ESR1",0.00102478911944048,NA,NA,NA
"uniform_k1",974,"BHLHE40",0,NA,NA,NA
"uniform_k1",975,"CALML5",7.42946995627713e-05,NA,NA,NA
"uniform_k1",976,"DRD3",0,NA,NA,NA
"uniform_k1",977,"PLK4",2.22339198402421e-05,NA,NA,NA
"uniform_k1",978,"SLCO1A2",6.33397825744453e-07,NA,NA,NA
"uniform_k1",979,"ATP1A1",1.2671361954153e-06,NA,NA,NA
"uniform_k1",980,"ALDH2",5.15659678518299e-05,NA,NA,NA
"uniform_k1",981,"METTL3",0,NA,NA,NA
"uniform_k1",982,"CXCL13",0,NA,NA,NA
"uniform_k1",983,"AKR1D1",0.0010662752740489,NA,NA,NA
"uniform_k1",984,"PRKCI",0,NA,NA,NA
"uniform_k1",985,"IGFBP3",2.54114516418102e-05,NA,NA,NA
"uniform_k1",986,"GPT2",8.61690501118284e-05,NA,NA,NA
"uniform_k1",987,"RXRB",3.7531212242814e-05,NA,NA,NA
"uniform_k1",988,"ABCC8",3.66842389862843e-05,NA,NA,NA
"uniform_k1",989,"SLC11A1",0,NA,NA,NA
"uniform_k1",990,"OAZ1",0,NA,NA,NA
"uniform_k1",991,"CALCR",3.30019686509697e-05,NA,NA,NA
"uniform_k1",992,"GAA",0,NA,NA,NA
"uniform_k1",993,"ATP1A1",1.2671361954153e-06,NA,NA,NA
"uniform_k1",994,"GDNF",3.48479365919196e-06,NA,NA,NA
"uniform_k1",995,"HAS2",0,NA,NA,NA
"uniform_k1",996,"CYP7A1",0.000286565174003384,NA,NA,NA
"uniform_k1",997,"GABRG3",0,NA,NA,NA
"uniform_k1",998,"FGF1",4.22001056762378e-05,NA,NA,NA
"uniform_k1",999,"CACNA1B",0,NA,NA,NA
"uniform_k1",1000,"BAD",6.33634698421481e-06,NA,NA,NA
"uniform_k1",1001,"BMP2",1.27361599282505e-05,NA,NA,NA
"uniform_k1",1002,"NOD2",2.72727341009693e-05,NA,NA,NA
"uniform_k1",1003,"AMY2B",0,NA,NA,NA
"uniform_k1",1004,"ITPR2",6.33550958140106e-07,NA,NA,NA
"uniform_k1",1005,"HINT1",4.87617046518452e-06,NA,NA,NA
"uniform_k1",1006,"XDH",0.000207347108110545,NA,NA,NA
"uniform_k1",1007,"GRIN3B",0,NA,NA,NA
"uniform_k1",1008,"PPIA",3.28180373492248e-05,NA,NA,NA
"uniform_k1",1009,"COL7A1",0,NA,NA,NA
"uniform_k1",1010,"SRR",0,NA,NA,NA
"uniform_k1",1011,"CHRM3",0,NA,NA,NA
"uniform_k1",1012,"ELOVL6",0,NA,NA,NA
"uniform_k1",1013,"TH",0.000370274680685401,NA,NA,NA
"uniform_k1",1014,"NR3C2",1.6726748852447e-05,NA,NA,NA
"uniform_k1",1015,"ITGA5",0.00127400659039045,NA,NA,NA
"uniform_k1",1016,"BTK",0.000119272845312435,NA,NA,NA
"uniform_k1",1017,"KCNA3",7.03184449912797e-06,NA,NA,NA
"uniform_k1",1018,"PTGIS",1.23522684530863e-05,NA,NA,NA
"uniform_k1",1019,"NFKB1",0.000211104315194666,NA,NA,NA
"uniform_k1",1020,"PIM1",0,NA,NA,NA
"uniform_k1",1021,"GCLC",8.05799891081538e-05,NA,NA,NA
"uniform_k1",1022,"PTGS2",0.00143001964027745,NA,NA,NA
"uniform_k1",1023,"POLA1",6.90421997273649e-06,NA,NA,NA
"uniform_k1",1024,"RHO",0.00017143146028642,NA,NA,NA
"uniform_k1",1025,"ABCG2",0.00154702083903102,NA,NA,NA
"uniform_k1",1026,"DSPP",0,NA,NA,NA
"uniform_k1",1027,"NFKBIA",5.47616073202084e-05,NA,NA,NA
"uniform_k1",1028,"NEU1",0,NA,NA,NA
"uniform_k1",1029,"ACTA2",4.98567078929257e-05,NA,NA,NA
"uniform_k1",1030,"GRIN3B",0,NA,NA,NA
"uniform_k1",1031,"KCNJ14",0,NA,NA,NA
"uniform_k1",1032,"PRKAG2",0.00023019859617357,NA,NA,NA
"uniform_k1",1033,"TFR2",1.9001036434263e-06,NA,NA,NA
"uniform_k1",1034,"PGR",2.93426634963012e-05,NA,NA,NA
"uniform_k1",1035,"SPI1",3.16810202792839e-05,NA,NA,NA
"uniform_k1",1036,"SOX9",0.000102527928081186,NA,NA,NA
"uniform_k1",1037,"ACP1",0,NA,NA,NA
"uniform_k1",1038,"HTR3A",8.53896962736966e-05,NA,NA,NA
"uniform_k1",1039,"TFEB",4.43464879762434e-06,NA,NA,NA
"uniform_k1",1040,"POU5F1",3.4853680447311e-06,NA,NA,NA
"uniform_k1",1041,"ARRDC3",6.33407013395093e-07,NA,NA,NA
"uniform_k1",1042,"PCYT1A",2.85706032163713e-05,NA,NA,NA
"uniform_k1",1043,"ORM2",0,NA,NA,NA
"uniform_k1",1044,"SIRT6",5.06879720008069e-06,NA,NA,NA
"uniform_k1",1045,"SREBF1",0.000334685132546086,NA,NA,NA
"uniform_k1",1046,"CYP7B1",5.06699999092142e-06,NA,NA,NA
"uniform_k1",1047,"NR1H3",0,NA,NA,NA
"uniform_k1",1048,"TEP1",0,NA,NA,NA
"uniform_k1",1049,"ADORA2A",0.00134091820301629,NA,NA,NA
"uniform_k1",1050,"CDC25A",1.90080256301517e-06,NA,NA,NA
"uniform_k1",1051,"CXCL8",0.000252410434066541,NA,NA,NA
"uniform_k1",1052,"NFKB1",0.000211104315194666,NA,NA,NA
"uniform_k1",1053,"TOP1",1.90060302329709e-06,NA,NA,NA
"uniform_k1",1054,"MOCOS",1.83708339053235e-05,NA,NA,NA
"uniform_k1",1055,"AURKC",0,NA,NA,NA
"uniform_k1",1056,"CX3CR1",0,NA,NA,NA
"uniform_k1",1057,"CA1",4.61079535398756e-05,NA,NA,NA
"uniform_k1",1058,"ACTR2",9.50262921906031e-06,NA,NA,NA
"uniform_k1",1059,"BMP4",1.58394663751782e-06,NA,NA,NA
"uniform_k1",1060,"SLC15A1",1.58338604960839e-06,NA,NA,NA
"uniform_k1",1061,"REN",0.000113239453789604,NA,NA,NA
"uniform_k1",1062,"SCN4B",6.14500670026441e-06,NA,NA,NA
"uniform_k1",1063,"SLCO2B1",0,NA,NA,NA
"uniform_k1",1064,"ACTG2",0,NA,NA,NA
"uniform_k1",1065,"BMP2",1.27361599282505e-05,NA,NA,NA
"uniform_k1",1066,"IL1B",0.000829865649814021,NA,NA,NA
"uniform_k1",1067,"XPO1",1.66633213304346e-05,NA,NA,NA
"uniform_k1",1068,"TP73",6.33561354046464e-07,NA,NA,NA
"uniform_k1",1069,"HCRT",0.000169339993540296,NA,NA,NA
"uniform_k1",1070,"TACR3",0,NA,NA,NA
"uniform_k1",1071,"GABRB2",0,NA,NA,NA
"uniform_k1",1072,"AMY2B",0,NA,NA,NA
"uniform_k1",1073,"E2F2",0,NA,NA,NA
"uniform_k1",1074,"PRDX2",0,NA,NA,NA
"uniform_k1",1075,"YWHAE",2.37606312166738e-05,NA,NA,NA
"uniform_k1",1076,"CAMK2G",0,NA,NA,NA
"uniform_k1",1077,"MMP10",1.00093054868911e-05,NA,NA,NA
"uniform_k1",1078,"MB",4.23248293774936e-05,NA,NA,NA
"uniform_k1",1079,"CSAD",0,NA,NA,NA
"uniform_k1",1080,"PRKCZ",0.00127837750571802,NA,NA,NA
"uniform_k1",1081,"DNPEP",0,NA,NA,NA
"uniform_k1",1082,"CTTN",2.99716390974591e-05,NA,NA,NA
"uniform_k1",1083,"ELOVL5",0,NA,NA,NA
"uniform_k1",1084,"KCNN4",9.50269363275691e-06,NA,NA,NA
"uniform_k1",1085,"SOX9",0.000102527928081186,NA,NA,NA
"uniform_k1",1086,"ATP1A4",0,NA,NA,NA
"uniform_k1",1087,"CACNA1G",7.41987078123341e-05,NA,NA,NA
"uniform_k1",1088,"GABRB3",0.000120726283226125,NA,NA,NA
"uniform_k1",1089,"KCNJ15",0,NA,NA,NA
"uniform_k1",1090,"TNFRSF1A",1.26749186291075e-05,NA,NA,NA
"uniform_k1",1091,"CDK5",0.000348117516928759,NA,NA,NA
"uniform_k1",1092,"GNMT",0,NA,NA,NA
"uniform_k1",1093,"KCNE2",0,NA,NA,NA
"uniform_k1",1094,"CYP27B1",5.34712469113519e-05,NA,NA,NA
"uniform_k1",1095,"RUNX3",2.26216416990832e-05,NA,NA,NA
"uniform_k1",1096,"CDK5",0.000348117516928759,NA,NA,NA
"uniform_k1",1097,"RAPGEF4",2.51523475149895e-05,NA,NA,NA
"uniform_k1",1098,"DYSF",0.00102310635249714,NA,NA,NA
"uniform_k1",1099,"CRH",2.05295196740174e-05,NA,NA,NA
"uniform_k1",1100,"CXCL2",0,NA,NA,NA
"uniform_k1",1101,"METTL3",0,NA,NA,NA
"uniform_k1",1102,"CATSPER1",0,NA,NA,NA
"uniform_k1",1103,"HERC5",0,NA,NA,NA
"uniform_k1",1104,"TOP1",1.90060302329709e-06,NA,NA,NA
"uniform_k1",1105,"IMPDH2",1.60872446202109e-05,NA,NA,NA
"uniform_k1",1106,"NNMT",2.43922960370124e-05,NA,NA,NA
"uniform_k1",1107,"CA2",1.50098666125142e-05,NA,NA,NA
"uniform_k1",1108,"ATG7",2.9146658695467e-06,NA,NA,NA
"uniform_k1",1109,"SCN4B",6.14500670026441e-06,NA,NA,NA
"uniform_k1",1110,"JUN",0.000712792808186147,NA,NA,NA
"uniform_k1",1111,"GPR83",0,NA,NA,NA
"uniform_k1",1112,"CHAT",0.00035285368960325,NA,NA,NA
"uniform_k1",1113,"YAP1",2.37641275353528e-05,NA,NA,NA
"uniform_k1",1114,"RDH5",1.18445408441303e-05,NA,NA,NA
"uniform_k1",1115,"GABRE",0,NA,NA,NA
"uniform_k1",1116,"GPR83",0,NA,NA,NA
"uniform_k1",1117,"GLDC",4.87735973941916e-06,NA,NA,NA
"uniform_k1",1118,"TUBB4B",6.33455001119998e-07,NA,NA,NA
"uniform_k1",1119,"KCNH2",0.000463751185241779,NA,NA,NA
"uniform_k1",1120,"ELOVL5",0,NA,NA,NA
"uniform_k1",1121,"SCN1A",4.8526600018195e-05,NA,NA,NA
"uniform_k1",1122,"SLC11A1",0,NA,NA,NA
"uniform_k1",1123,"CLDN1",4.94148239504888e-06,NA,NA,NA
"uniform_k1",1124,"FDPS",0,NA,NA,NA
"uniform_k1",1125,"SRD5A2",3.08503783238434e-05,NA,NA,NA
"uniform_k1",1126,"ADCY1",8.87083575196179e-06,NA,NA,NA
"uniform_k1",1127,"CAPN10",0.000977887184816284,NA,NA,NA
"uniform_k1",1128,"TLR4",0.000516160551537248,NA,NA,NA
"uniform_k1",1129,"CXCR4",0.000366755254582851,NA,NA,NA
"uniform_k1",1130,"CCNA2",1.83133006516067e-05,NA,NA,NA
"uniform_k1",1131,"HMGB1",1.24840005174542e-05,NA,NA,NA
"uniform_k1",1132,"SPP1",0.000133522093562433,NA,NA,NA
"uniform_k1",1133,"SLC10A1",8.11595436944756e-05,NA,NA,NA
"uniform_k1",1134,"DDB1",2.07812890326009e-05,NA,NA,NA
"uniform_k1",1135,"ATG7",2.9146658695467e-06,NA,NA,NA
"uniform_k1",1136,"FCER1A",0,NA,NA,NA
"uniform_k1",1137,"GABBR1",0.000629351098106912,NA,NA,NA
"uniform_k1",1138,"GRIN2C",0,NA,NA,NA
"uniform_k1",1139,"PTPN11",2.43987962315062e-05,NA,NA,NA
"uniform_k1",1140,"TRPA1",6.7343185876978e-05,NA,NA,NA
"uniform_k1",1141,"FURIN",9.05415850372959e-05,NA,NA,NA
"uniform_k1",1142,"IL1RN",0,NA,NA,NA
"uniform_k1",1143,"BMI1",2.14799290956247e-05,NA,NA,NA
"uniform_k1",1144,"DGAT1",0.000583801314570143,NA,NA,NA
"uniform_k1",1145,"ACSS2",8.1011205171122e-05,NA,NA,NA
"uniform_k1",1146,"PTGFR",3.10411217574469e-06,NA,NA,NA
"uniform_k1",1147,"OPRM1",8.74989474437537e-05,NA,NA,NA
"uniform_k1",1148,"CREB1",0.000475073453506725,NA,NA,NA
"uniform_k1",1149,"SLC11A1",0,NA,NA,NA
"uniform_k1",1150,"PTX3",0,NA,NA,NA
"uniform_k1",1151,"OAT",1.33641726925982e-05,NA,NA,NA
"uniform_k1",1152,"CHRNB2",1.93198243616521e-05,NA,NA,NA
"uniform_k1",1153,"CYP27C1",0,NA,NA,NA
"uniform_k1",1154,"TYRP1",6.65147512002306e-06,NA,NA,NA
"uniform_k1",1155,"TAT",6.1444352762341e-05,NA,NA,NA
"uniform_k1",1156,"SOD1",0.00055040968937059,NA,NA,NA
"uniform_k1",1157,"CLIP1",0,NA,NA,NA
"uniform_k1",1158,"HMGB1",1.24840005174542e-05,NA,NA,NA
"uniform_k1",1159,"ATP5F1E",7.91669737976175e-06,NA,NA,NA
"uniform_k1",1160,"GGCX",3.08495731728975e-05,NA,NA,NA
"uniform_k1",1161,"PLD2",0.000135771725086054,NA,NA,NA
"uniform_k1",1162,"PTPN11",2.43987962315062e-05,NA,NA,NA
"uniform_k1",1163,"CYP2A6",0.000367474741212792,NA,NA,NA
"uniform_k1",1164,"AANAT",0,NA,NA,NA
"uniform_k1",1165,"BIRC5",3.23786530762593e-05,NA,NA,NA
"uniform_k1",1166,"DNAJC5",5.30276407040287e-05,NA,NA,NA
"uniform_k1",1167,"TJP1",0.000326838626150905,NA,NA,NA
"uniform_k1",1168,"UGT2B4",1.61543980341516e-05,NA,NA,NA
"uniform_k1",1169,"GCG",0.000221045982158996,NA,NA,NA
"uniform_k1",1170,"CCL8",0,NA,NA,NA
"uniform_k1",1171,"PGR",2.93426634963012e-05,NA,NA,NA
"uniform_k1",1172,"DNAJC5",5.30276407040287e-05,NA,NA,NA
"uniform_k1",1173,"APLP1",0,NA,NA,NA
"uniform_k1",1174,"GCA",0.000913104018283151,NA,NA,NA
"uniform_k1",1175,"ADAMTS4",0,NA,NA,NA
"uniform_k1",1176,"UGT2B28",0,NA,NA,NA
"uniform_k1",1177,"ICAM2",0,NA,NA,NA
"uniform_k1",1178,"NCOA6",0,NA,NA,NA
"uniform_k1",1179,"SSTR5",0,NA,NA,NA
"uniform_k1",1180,"JDP2",0,NA,NA,NA
"uniform_k1",1181,"HTR2C",1.81821061465692e-05,NA,NA,NA
"uniform_k1",1182,"PRKCE",5.79752275315926e-05,NA,NA,NA
"uniform_k1",1183,"PPP2CB",0,NA,NA,NA
"uniform_k1",1184,"ATP1A3",0,NA,NA,NA
"uniform_k1",1185,"RAB5A",9.06001518752308e-06,NA,NA,NA
"uniform_k1",1186,"SIGMAR1",0.000141138269685426,NA,NA,NA
"uniform_k1",1187,"ARF1",2.85051391907265e-05,NA,NA,NA
"uniform_k1",1188,"HPRT1",0.00041877379526456,NA,NA,NA
"uniform_k1",1189,"AXIN1",1.08355886352385e-05,NA,NA,NA
"uniform_k1",1190,"NUF2",6.20773671455854e-06,NA,NA,NA
"uniform_k1",1191,"CYP11B1",0,NA,NA,NA
"uniform_k1",1192,"DNPEP",0,NA,NA,NA
"uniform_k1",1193,"NFKBIA",5.47616073202084e-05,NA,NA,NA
"uniform_k1",1194,"TRPC5",4.86789497714524e-05,NA,NA,NA
"uniform_k1",1195,"GANAB",0,NA,NA,NA
"uniform_k1",1196,"PLA2G7",0.00013847975796788,NA,NA,NA
"uniform_k1",1197,"CALM2",0,NA,NA,NA
"uniform_k1",1198,"PKD1",3.50334081220538e-05,NA,NA,NA
"uniform_k1",1199,"KCNJ10",0,NA,NA,NA
"uniform_k1",1200,"MAP2K1",0,NA,NA,NA
"uniform_k1",1201,"IL1RN",0,NA,NA,NA
"uniform_k1",1202,"PLD1",0,NA,NA,NA
"uniform_k1",1203,"ALOX12",1.1402958573159e-05,NA,NA,NA
"uniform_k1",1204,"TRPM3",0,NA,NA,NA
"uniform_k1",1205,"DUOX2",0.00118948957190246,NA,NA,NA
"uniform_k1",1206,"CANX",2.08728829651506e-05,NA,NA,NA
"uniform_k1",1207,"SERPINB9",0,NA,NA,NA
"uniform_k1",1208,"MMP13",1.63470522265285e-05,NA,NA,NA
"uniform_k1",1209,"KDR",2.14857653940692e-05,NA,NA,NA
"uniform_k1",1210,"IDO1",0.000463661718947295,NA,NA,NA
"uniform_k1",1211,"MAPK1",6.82101559971171e-05,NA,NA,NA
"uniform_k1",1212,"MRC1",0,NA,NA,NA
"uniform_k1",1213,"METTL3",0,NA,NA,NA
"uniform_k1",1214,"CYP3A4",0.000708964295377368,NA,NA,NA
"uniform_k1",1215,"GLP1R",3.86497402737884e-06,NA,NA,NA
"uniform_k1",1216,"ZEB1",0,NA,NA,NA
"uniform_k1",1217,"CBR3",0,NA,NA,NA
"uniform_k1",1218,"NPY",0.00200669165182288,NA,NA,NA
"uniform_k1",1219,"GPR18",0,NA,NA,NA
"uniform_k1",1220,"TOMM70",0,NA,NA,NA
"uniform_k1",1221,"TAT",6.1444352762341e-05,NA,NA,NA
"uniform_k1",1222,"DRD2",0.000217393825030943,NA,NA,NA
"uniform_k1",1223,"ATR",0,NA,NA,NA
"uniform_k1",1224,"CXCR4",0.000366755254582851,NA,NA,NA
"uniform_k1",1225,"KCNJ9",0,NA,NA,NA
"uniform_k1",1226,"MAPK3",0.000389312216340865,NA,NA,NA
"uniform_k1",1227,"S100A13",2.28031262317074e-06,NA,NA,NA
"uniform_k1",1228,"RYR1",8.59077355945814e-05,NA,NA,NA
"uniform_k1",1229,"SLCO1A2",6.33397825744453e-07,NA,NA,NA
"uniform_k1",1230,"XPO1",1.66633213304346e-05,NA,NA,NA
"uniform_k1",1231,"CDK1",0.000268330391133942,NA,NA,NA
"uniform_k1",1232,"NOX4",3.0792080655373e-05,NA,NA,NA
"uniform_k1",1233,"UCHL1",0,NA,NA,NA
"uniform_k1",1234,"AQP9",0,NA,NA,NA
"uniform_k1",1235,"PKD1",3.50334081220538e-05,NA,NA,NA
"uniform_k1",1236,"REN",0.000113239453789604,NA,NA,NA
"uniform_k1",1237,"CPT1C",0,NA,NA,NA
"uniform_k1",1238,"GRIN2A",0.000361526992004202,NA,NA,NA
"uniform_k1",1239,"CRK",6.33660876869779e-06,NA,NA,NA
"uniform_k1",1240,"COX6C",0,NA,NA,NA
"uniform_k1",1241,"GABRR3",0,NA,NA,NA
"uniform_k1",1242,"CXCL13",0,NA,NA,NA
"uniform_k1",1243,"FEN1",1.98912329634204e-05,NA,NA,NA
"uniform_k1",1244,"CALM3",0.000527160893726952,NA,NA,NA
"uniform_k1",1245,"FUS",6.90480253662251e-06,NA,NA,NA
"uniform_k1",1246,"PKD1",3.50334081220538e-05,NA,NA,NA
"uniform_k1",1247,"SIGMAR1",0.000141138269685426,NA,NA,NA
"uniform_k1",1248,"GRIN2D",0,NA,NA,NA
"uniform_k1",1249,"POMC",0.00149342435047795,NA,NA,NA
"uniform_k1",1250,"CAMP",0.00129691841056656,NA,NA,NA
"uniform_k1",1251,"TYMS",0.000142484575824997,NA,NA,NA
"uniform_k1",1252,"UCP1",0,NA,NA,NA
"uniform_k1",1253,"RAC2",7.2870543702308e-05,NA,NA,NA
"uniform_k1",1254,"VTN",6.33650236725458e-07,NA,NA,NA
"uniform_k1",1255,"BCL2",0.00028337947071766,NA,NA,NA
"uniform_k1",1256,"SCN5A",0.000167082927235662,NA,NA,NA
"uniform_k1",1257,"AXIN1",1.08355886352385e-05,NA,NA,NA
"uniform_k1",1258,"KRAS",0.00012277649828063,NA,NA,NA
"uniform_k1",1259,"HCRTR2",0,NA,NA,NA
"uniform_k1",1260,"CYP27B1",5.34712469113519e-05,NA,NA,NA
"uniform_k1",1261,"SLC7A2",0,NA,NA,NA
"uniform_k1",1262,"HSF1",0,NA,NA,NA
"uniform_k1",1263,"RTCB",0,NA,NA,NA
"uniform_k1",1264,"MMP1",6.13390297496963e-05,NA,NA,NA
"uniform_k1",1265,"HRH3",0,NA,NA,NA
"uniform_k1",1266,"NFATC1",5.51292228962996e-05,NA,NA,NA
"uniform_k1",1267,"RXRA",0.000142637488181885,NA,NA,NA
"uniform_k1",1268,"GLO1",4.94041980381166e-06,NA,NA,NA
"uniform_k1",1269,"CA1",4.61079535398756e-05,NA,NA,NA
"uniform_k1",1270,"USP10",4.9733160998211e-05,NA,NA,NA
"uniform_k1",1271,"CRBN",3.83289296229661e-05,NA,NA,NA
"uniform_k1",1272,"ABCG8",0,NA,NA,NA
"uniform_k1",1273,"ACTA2",4.98567078929257e-05,NA,NA,NA
"uniform_k1",1274,"LEF1",5.06903005115245e-06,NA,NA,NA
"uniform_k1",1275,"ITGB3",8.18152205451783e-05,NA,NA,NA
"uniform_k1",1276,"SRC",0.0010396286840485,NA,NA,NA
"uniform_k1",1277,"PTH",0.00019439506068486,NA,NA,NA
"uniform_k1",1278,"CACNA1D",0.00017135132572077,NA,NA,NA
"uniform_k1",1279,"POLDIP2",0,NA,NA,NA
"uniform_k1",1280,"PDE10A",6.52492584996001e-06,NA,NA,NA
"uniform_k1",1281,"NCF2",1.00748274538542e-05,NA,NA,NA
"uniform_k1",1282,"PLSCR1",0,NA,NA,NA
"uniform_k1",1283,"HDAC11",2.40710719945358e-06,NA,NA,NA
"uniform_k1",1284,"NPY",0.00200669165182288,NA,NA,NA
"uniform_k1",1285,"PDXK",0.00104366135249789,NA,NA,NA
"uniform_k1",1286,"CTRC",0,NA,NA,NA
"uniform_k1",1287,"ADAMTS5",0,NA,NA,NA
"uniform_k1",1288,"VCAM1",2.14834315839241e-05,NA,NA,NA
"uniform_k1",1289,"AHSA1",0,NA,NA,NA
"uniform_k1",1290,"AFM",0,NA,NA,NA
"uniform_k1",1291,"MAPK14",6.8388883402215e-05,NA,NA,NA
"uniform_k1",1292,"DIO1",0,NA,NA,NA
"uniform_k1",1293,"SLCO1A2",6.33397825744453e-07,NA,NA,NA
"uniform_k1",1294,"IL4",0.000213216805235672,NA,NA,NA
"uniform_k1",1295,"GCLC",8.05799891081538e-05,NA,NA,NA
"uniform_k1",1296,"NTRK2",0.000178668928783821,NA,NA,NA
"uniform_k1",1297,"BAK1",0,NA,NA,NA
"uniform_k1",1298,"LRIG1",0,NA,NA,NA
"uniform_k1",1299,"IL17A",0,NA,NA,NA
"uniform_k1",1300,"RORA",0.00130690437409919,NA,NA,NA
"uniform_k1",1301,"ALDH1A2",0,NA,NA,NA
"uniform_k1",1302,"CDH1",0.000350253039747228,NA,NA,NA
"uniform_k1",1303,"AIMP2",0,NA,NA,NA
"uniform_k1",1304,"HDAC5",0,NA,NA,NA
"uniform_k1",1305,"CBR3",0,NA,NA,NA
"uniform_k1",1306,"NAAA",0,NA,NA,NA
"uniform_k1",1307,"PSMD11",6.3344408685051e-07,NA,NA,NA
"uniform_k1",1308,"CACNA1I",0,NA,NA,NA
"uniform_k1",1309,"PHOSPHO1",8.36011896465649e-06,NA,NA,NA
"uniform_k1",1310,"KCNJ8",1.89387005555819e-05,NA,NA,NA
"uniform_k1",1311,"FABP7",3.9904553374992e-06,NA,NA,NA
"uniform_k1",1312,"TRAF2",5.75385733394551e-05,NA,NA,NA
"uniform_k1",1313,"NR1I2",0.000123041356779652,NA,NA,NA
"uniform_k1",1314,"BMP2",1.27361599282505e-05,NA,NA,NA
"uniform_k1",1315,"MAPK1",6.82101559971171e-05,NA,NA,NA
"uniform_k1",1316,"METTL3",0,NA,NA,NA
"uniform_k1",1317,"STAT3",0.000956982443180987,NA,NA,NA
"uniform_k1",1318,"ATG7",2.9146658695467e-06,NA,NA,NA
"uniform_k1",1319,"GRIN2C",0,NA,NA,NA
"uniform_k1",1320,"ALAS2",0.000126132338585272,NA,NA,NA
"uniform_k1",1321,"COL1A1",0.000181222784889745,NA,NA,NA
"uniform_k1",1322,"AHSP",1.89993871424488e-06,NA,NA,NA
"uniform_k1",1323,"GCK",0.000213793988103061,NA,NA,NA
"uniform_k1",1324,"DLG1",6.50075176803488e-05,NA,NA,NA
"uniform_k1",1325,"RXRB",3.7531212242814e-05,NA,NA,NA
"uniform_k1",1326,"MGST1",0,NA,NA,NA
"uniform_k1",1327,"ALDOA",1.76112505224646e-05,NA,NA,NA
"uniform_k1",1328,"PPARGC1A",0.000942132031227727,NA,NA,NA
"uniform_k1",1329,"SLC47A1",0,NA,NA,NA
"uniform_k1",1330,"CHRNA4",0.00010936479964363,NA,NA,NA
"uniform_k1",1331,"CHRNA9",1.46296272366397e-05,NA,NA,NA
"uniform_k1",1332,"OR51E1",0,NA,NA,NA
"uniform_k1",1333,"KCNJ11",0.00241899994818762,NA,NA,NA
"uniform_k1",1334,"NEU1",0,NA,NA,NA
"uniform_k1",1335,"TYMS",0.000142484575824997,NA,NA,NA
"uniform_k1",1336,"PDE5A",1.15913843198312e-05,NA,NA,NA
"uniform_k1",1337,"CXCL8",0.000252410434066541,NA,NA,NA
"uniform_k1",1338,"HLA-B",6.33520976234259e-07,NA,NA,NA
"uniform_k1",1339,"BCAT2",2.6019618702966e-05,NA,NA,NA
"uniform_k1",1340,"ATF3",8.55513091113647e-06,NA,NA,NA
"uniform_k1",1341,"MAPK9",3.16862262561557e-06,NA,NA,NA
"uniform_k1",1342,"GABRP",0,NA,NA,NA
"uniform_k1",1343,"CPT1C",0,NA,NA,NA
"uniform_k1",1344,"GABRR1",0.000892072607181937,NA,NA,NA
"uniform_k1",1345,"GABRP",0,NA,NA,NA
"uniform_k1",1346,"CYP21A2",0,NA,NA,NA
"uniform_k1",1347,"LIPG",0,NA,NA,NA
"uniform_k1",1348,"IL1A",0.00038306531858312,NA,NA,NA
"uniform_k1",1349,"EGF",0.000230000691015642,NA,NA,NA
"uniform_k1",1350,"RUNX3",2.26216416990832e-05,NA,NA,NA
"uniform_k1",1351,"CASP3",0.000462575099730467,NA,NA,NA
"uniform_k1",1352,"CACNG6",0,NA,NA,NA
"uniform_k1",1353,"RUNX2",0.000299161144537541,NA,NA,NA
"uniform_k1",1354,"IL33",0,NA,NA,NA
"uniform_k1",1355,"CAMKK2",3.48444593978314e-06,NA,NA,NA
"uniform_k1",1356,"CDK5",0.000348117516928759,NA,NA,NA
"uniform_k1",1357,"CYP21A2",0,NA,NA,NA
"uniform_k1",1358,"ESR1",0.00102478911944048,NA,NA,NA
"uniform_k1",1359,"RB1",5.60807039972078e-05,NA,NA,NA
"uniform_k1",1360,"PGRMC1",1.54584083279508e-05,NA,NA,NA
"uniform_k1",1361,"TYMS",0.000142484575824997,NA,NA,NA
"uniform_k1",1362,"AMY1B",0.00114246836222298,NA,NA,NA
"uniform_k1",1363,"TUBA4A",0,NA,NA,NA
"uniform_k1",1364,"LDLR",0,NA,NA,NA
"uniform_k1",1365,"PTX3",0,NA,NA,NA
"uniform_k1",1366,"TPH1",7.17150924056664e-05,NA,NA,NA
"uniform_k1",1367,"DDIT3",5.44896803789108e-06,NA,NA,NA
"uniform_k1",1368,"DHFR",0.000279606338591143,NA,NA,NA
"uniform_k1",1369,"TOP2A",1.51432024206866e-05,NA,NA,NA
"uniform_k1",1370,"NPEPPS",0,NA,NA,NA
"uniform_k1",1371,"SYP",2.45220699257587e-05,NA,NA,NA
"uniform_k1",1372,"HLA-B",6.33520976234259e-07,NA,NA,NA
"uniform_k1",1373,"TBK1",8.23758983270473e-06,NA,NA,NA
"uniform_k1",1374,"NKX3-1",0,NA,NA,NA
"uniform_k1",1375,"AQP9",0,NA,NA,NA
"uniform_k1",1376,"SOD1",0.00055040968937059,NA,NA,NA
"uniform_k1",1377,"CACNA1G",7.41987078123341e-05,NA,NA,NA
"uniform_k1",1378,"AFM",0,NA,NA,NA
"uniform_k1",1379,"SH3BP5",6.33329974131236e-07,NA,NA,NA
"uniform_k1",1380,"CPT1C",0,NA,NA,NA
"uniform_k1",1381,"COX6A2",0,NA,NA,NA
"uniform_k1",1382,"CACNG3",0,NA,NA,NA
"uniform_k1",1383,"SRPK2",0,NA,NA,NA
"uniform_k1",1384,"HNF4A",0.000115908516808982,NA,NA,NA
"uniform_k1",1385,"LPCAT1",1.456721531512e-06,NA,NA,NA
"uniform_k1",1386,"MAOA",0.000132428913549143,NA,NA,NA
"uniform_k1",1387,"CD44",0.000889730591565385,NA,NA,NA
"uniform_k1",1388,"HDAC6",0.00238463941154432,NA,NA,NA
"uniform_k1",1389,"LGALS1",0,NA,NA,NA
"uniform_k1",1390,"KYNU",3.41288525791406e-05,NA,NA,NA
"uniform_k1",1391,"TEK",0,NA,NA,NA
"uniform_k1",1392,"PPIF",5.98208087934093e-05,NA,NA,NA
"uniform_k1",1393,"SREBF2",1.69818952083789e-05,NA,NA,NA
"uniform_k1",1394,"NR1H4",0.000150320210463128,NA,NA,NA
"uniform_k1",1395,"PLAT",2.05933169041828e-05,NA,NA,NA
"uniform_k1",1396,"XPO1",1.66633213304346e-05,NA,NA,NA
"uniform_k1",1397,"GABRE",0,NA,NA,NA
"uniform_k1",1398,"ACE2",6.17806475236016e-05,NA,NA,NA
"uniform_k1",1399,"CLIP1",0,NA,NA,NA
"uniform_k1",1400,"ICAM2",0,NA,NA,NA
"uniform_k1",1401,"CRTC1",0,NA,NA,NA
"uniform_k1",1402,"NOD2",2.72727341009693e-05,NA,NA,NA
"uniform_k1",1403,"ATR",0,NA,NA,NA
"uniform_k1",1404,"AHSP",1.89993871424488e-06,NA,NA,NA
"uniform_k1",1405,"DBP",0,NA,NA,NA
"uniform_k1",1406,"TYMS",0.000142484575824997,NA,NA,NA
"uniform_k1",1407,"SIRT2",1.36869569887788e-05,NA,NA,NA
"uniform_k1",1408,"GABRB3",0.000120726283226125,NA,NA,NA
"uniform_k1",1409,"HTR2A",4.49190304361302e-05,NA,NA,NA
"uniform_k1",1410,"AKR1A1",6.17051045759265e-06,NA,NA,NA
"uniform_k1",1411,"PCOLCE",0,NA,NA,NA
"uniform_k1",1412,"ADRA1B",0,NA,NA,NA
"uniform_k1",1413,"ATF4",6.17859641668383e-05,NA,NA,NA
"uniform_k1",1414,"TFRC",0.000239327299633385,NA,NA,NA
"uniform_k1",1415,"SIRT3",7.24858712728427e-05,NA,NA,NA
"uniform_k1",1416,"MAP2K1",0,NA,NA,NA
"uniform_k1",1417,"PRKACA",0.00408086083662407,NA,NA,NA
"uniform_k1",1418,"IL4",0.000213216805235672,NA,NA,NA
"uniform_k1",1419,"PRL",2.17984549072403e-05,NA,NA,NA
"uniform_k1",1420,"PHB2",3.20568660923115e-05,NA,NA,NA
"uniform_k1",1421,"CRP",0.00025559836793676,NA,NA,NA
"uniform_k1",1422,"SREBF2",1.69818952083789e-05,NA,NA,NA
"uniform_k1",1423,"HBA1",2.89514794086232e-05,NA,NA,NA
"uniform_k1",1424,"ERBB2",0.000157327965161547,NA,NA,NA
"uniform_k1",1425,"ACLY",0.000136799781064179,NA,NA,NA
"uniform_k1",1426,"GABRQ",0,NA,NA,NA
"uniform_k1",1427,"CYP2E1",0.000529547743911452,NA,NA,NA
"uniform_k1",1428,"ATF7",0.00117103741166447,NA,NA,NA
"uniform_k1",1429,"MTTP",6.39846903005559e-06,NA,NA,NA
"uniform_k1",1430,"GABRA2",5.10094626082758e-05,NA,NA,NA
"uniform_k1",1431,"SCN4B",6.14500670026441e-06,NA,NA,NA
"uniform_k1",1432,"CHRNA3",2.85056538062989e-06,NA,NA,NA
"uniform_k1",1433,"FADS1",9.28518306324566e-05,NA,NA,NA
"uniform_k1",1434,"TNFRSF9",0,NA,NA,NA
"uniform_k1",1435,"NR1I2",0.000123041356779652,NA,NA,NA
"uniform_k1",1436,"ATOX1",0,NA,NA,NA
"uniform_k1",1437,"SLC2A2",5.38855759126822e-05,NA,NA,NA
"uniform_k1",1438,"ITPR1",0.000202309527979283,NA,NA,NA
"uniform_k1",1439,"RTCB",0,NA,NA,NA
"uniform_k1",1440,"NCOA2",3.54820525111377e-05,NA,NA,NA
"uniform_k1",1441,"FASN",0.000342772066284303,NA,NA,NA
"uniform_k1",1442,"AURKB",0.000100012341094136,NA,NA,NA
"uniform_k1",1443,"RASGRF1",5.25865086087318e-06,NA,NA,NA
"uniform_k1",1444,"GDNF",3.48479365919196e-06,NA,NA,NA
"uniform_k1",1445,"SCN1A",4.8526600018195e-05,NA,NA,NA
"uniform_k1",1446,"BID",6.01936829902616e-06,NA,NA,NA
"uniform_k1",1447,"PAPSS2",2.08994383624761e-05,NA,NA,NA
"uniform_k1",1448,"CHRM2",2.51721592002818e-05,NA,NA,NA
"uniform_k1",1449,"DGKA",5.13043205019326e-06,NA,NA,NA
"uniform_k1",1450,"NANOG",9.82225146706206e-06,NA,NA,NA
"uniform_k1",1451,"SLCO2B1",0,NA,NA,NA
"uniform_k1",1452,"CYP11B1",0,NA,NA,NA
"uniform_k1",1453,"POLB",0,NA,NA,NA
"uniform_k1",1454,"AXIN2",0,NA,NA,NA
"uniform_k1",1455,"SRR",0,NA,NA,NA
"uniform_k1",1456,"PHB2",3.20568660923115e-05,NA,NA,NA
"uniform_k1",1457,"FBP1",7.28503339286757e-06,NA,NA,NA
"uniform_k1",1458,"PTGIS",1.23522684530863e-05,NA,NA,NA
"uniform_k1",1459,"CAMK4",1.22274351069818e-05,NA,NA,NA
"uniform_k1",1460,"PTGER3",1.07329013246948e-05,NA,NA,NA
"uniform_k1",1461,"AKR1C1",5.66614851992275e-05,NA,NA,NA
"uniform_k1",1462,"RARB",1.39344317841017e-05,NA,NA,NA
"uniform_k1",1463,"SLPI",0,NA,NA,NA
"uniform_k1",1464,"NOS1",0.000381812082027921,NA,NA,NA
"uniform_k1",1465,"BDNF",0.000792185293056469,NA,NA,NA
"uniform_k1",1466,"MAOA",0.000132428913549143,NA,NA,NA
"uniform_k1",1467,"HSPA1B",2.53472574274216e-06,NA,NA,NA
"uniform_k1",1468,"GRM5",0.000204723227971049,NA,NA,NA
"uniform_k1",1469,"ALDH1A2",0,NA,NA,NA
"uniform_k1",1470,"RAC1",1.74887232585741e-05,NA,NA,NA
"uniform_k1",1471,"CDK5",0.000348117516928759,NA,NA,NA
"uniform_k1",1472,"DAO",0,NA,NA,NA
"uniform_k1",1473,"HSPA1B",2.53472574274216e-06,NA,NA,NA
"uniform_k1",1474,"TRPM3",0,NA,NA,NA
"uniform_k1",1475,"SCN4B",6.14500670026441e-06,NA,NA,NA
"uniform_k1",1476,"DRD4",1.19735525129228e-05,NA,NA,NA
"uniform_k1",1477,"POU5F1",3.4853680447311e-06,NA,NA,NA
"uniform_k1",1478,"HSPB1",6.97066364507837e-06,NA,NA,NA
"uniform_k1",1479,"PDE4D",1.08964365290731e-05,NA,NA,NA
"uniform_k1",1480,"UGT2B4",1.61543980341516e-05,NA,NA,NA
"uniform_k1",1481,"GLYAT",0,NA,NA,NA
"uniform_k1",1482,"SOD2",0.000296172336680667,NA,NA,NA
"uniform_k1",1483,"GNMT",0,NA,NA,NA
"uniform_k1",1484,"EGFR",0.00376976574950694,NA,NA,NA
"uniform_k1",1485,"S100A8",5.866975145008e-05,NA,NA,NA
"uniform_k1",1486,"POU5F1",3.4853680447311e-06,NA,NA,NA
"uniform_k1",1487,"TACR1",0,NA,NA,NA
"uniform_k1",1488,"AXIN1",1.08355886352385e-05,NA,NA,NA
"uniform_k1",1489,"LYZ",0,NA,NA,NA
"uniform_k1",1490,"NLRP3",7.47722630090042e-06,NA,NA,NA
"uniform_k1",1491,"PGRMC1",1.54584083279508e-05,NA,NA,NA
"uniform_k1",1492,"INSR",1.12798026006278e-05,NA,NA,NA
"uniform_k1",1493,"BCL2L1",5.13395632928404e-05,NA,NA,NA
"uniform_k1",1494,"ATP1A2",4.63378248599655e-05,NA,NA,NA
"uniform_k1",1495,"CACNB2",2.53388741833227e-06,NA,NA,NA
"uniform_k1",1496,"SLC6A2",0,NA,NA,NA
"uniform_k1",1497,"TOMM70",0,NA,NA,NA
"uniform_k1",1498,"ACADM",0.000194896326079275,NA,NA,NA
"uniform_k1",1499,"CXADR",1.64676675717956e-06,NA,NA,NA
"uniform_k1",1500,"ADORA2B",0,NA,NA,NA
"uniform_k1",1501,"CA1",4.61079535398756e-05,NA,NA,NA
"uniform_k1",1502,"ADAMTS5",0,NA,NA,NA
"uniform_k1",1503,"CPT1C",0,NA,NA,NA
"uniform_k1",1504,"UCP2",2.4330049283483e-05,NA,NA,NA
"uniform_k1",1505,"CYBB",6.42615564472315e-05,NA,NA,NA
"uniform_k1",1506,"DUOXA1",0,NA,NA,NA
"uniform_k1",1507,"POLA1",6.90421997273649e-06,NA,NA,NA
"uniform_k1",1508,"YAP1",2.37641275353528e-05,NA,NA,NA
"uniform_k1",1509,"BDNF",0.000792185293056469,NA,NA,NA
"uniform_k1",1510,"KCND1",0,NA,NA,NA
"uniform_k1",1511,"CA2",1.50098666125142e-05,NA,NA,NA
"uniform_k1",1512,"PPIA",3.28180373492248e-05,NA,NA,NA
"uniform_k1",1513,"EGLN3",1.26699828650878e-06,NA,NA,NA
"uniform_k1",1514,"TXN",0.000162772847540738,NA,NA,NA
"uniform_k1",1515,"CALCA",1.96344956293615e-06,NA,NA,NA
"uniform_k1",1516,"FASLG",6.21033622971723e-06,NA,NA,NA
"uniform_k1",1517,"CSF2",1.26743081751979e-06,NA,NA,NA
"uniform_k1",1518,"TACR3",0,NA,NA,NA
"uniform_k1",1519,"PHOSPHO2",0,NA,NA,NA
"uniform_k1",1520,"CXCL1",0,NA,NA,NA
"uniform_k1",1521,"ATG7",2.9146658695467e-06,NA,NA,NA
"uniform_k1",1522,"SRR",0,NA,NA,NA
"uniform_k1",1523,"PDE5A",1.15913843198312e-05,NA,NA,NA
"uniform_k1",1524,"TXN",0.000162772847540738,NA,NA,NA
"uniform_k1",1525,"MAPK13",0,NA,NA,NA
"uniform_k1",1526,"NPY",0.00200669165182288,NA,NA,NA
"uniform_k1",1527,"KCNMA1",2.73028963679867e-05,NA,NA,NA
"uniform_k1",1528,"GABRP",0,NA,NA,NA
"uniform_k1",1529,"RGN",1.78637354256717e-05,NA,NA,NA
"uniform_k1",1530,"ACE",0.00145679149577593,NA,NA,NA
"uniform_k1",1531,"EGF",0.000230000691015642,NA,NA,NA
"uniform_k1",1532,"HBA1",2.89514794086232e-05,NA,NA,NA
"uniform_k1",1533,"ACADM",0.000194896326079275,NA,NA,NA
"uniform_k1",1534,"CACNA1G",7.41987078123341e-05,NA,NA,NA
"uniform_k1",1535,"MYH7",2.03333890326229e-05,NA,NA,NA
"uniform_k1",1536,"ITGA5",0.00127400659039045,NA,NA,NA
"uniform_k1",1537,"CA2",1.50098666125142e-05,NA,NA,NA
"uniform_k1",1538,"AQP1",7.97847562783449e-06,NA,NA,NA
"uniform_k1",1539,"CLDN1",4.94148239504888e-06,NA,NA,NA
"uniform_k1",1540,"PTGDS",0.0001023719829093,NA,NA,NA
"uniform_k1",1541,"NPY",0.00200669165182288,NA,NA,NA
"uniform_k1",1542,"ABCC9",1.45674367513227e-06,NA,NA,NA
"uniform_k1",1543,"AXIN1",1.08355886352385e-05,NA,NA,NA
"uniform_k1",1544,"SOCS3",1.47020577304646e-05,NA,NA,NA
"uniform_k1",1545,"SRC",0.0010396286840485,NA,NA,NA
"uniform_k1",1546,"VKORC1L1",0,NA,NA,NA
"uniform_k1",1547,"GOT1",5.88174838508371e-05,NA,NA,NA
"uniform_k1",1548,"PTPN11",2.43987962315062e-05,NA,NA,NA
"uniform_k1",1549,"CASP1",0.00024876408303065,NA,NA,NA
"uniform_k1",1550,"AIFM1",1.58347085155164e-06,NA,NA,NA
"uniform_k1",1551,"RBP1",1.67206208291359e-05,NA,NA,NA
"uniform_k1",1552,"GABRG1",0,NA,NA,NA
"uniform_k1",1553,"NRXN1",6.46433704953875e-05,NA,NA,NA
"uniform_k1",1554,"CACNA1B",0,NA,NA,NA
"uniform_k1",1555,"TNF",0.00134281467430086,NA,NA,NA
"uniform_k1",1556,"LCP1",0.00205551981329799,NA,NA,NA
"uniform_k1",1557,"HDAC4",8.23760862456169e-06,NA,NA,NA
"uniform_k1",1558,"HTR7",2.21651978515869e-06,NA,NA,NA
"uniform_k1",1559,"CCND3",6.33604306909952e-07,NA,NA,NA
"uniform_k1",1560,"HDAC11",2.40710719945358e-06,NA,NA,NA
"uniform_k1",1561,"ADRA2C",1.26052450867276e-05,NA,NA,NA
"uniform_k1",1562,"CHUK",1.55270045979483e-05,NA,NA,NA
"uniform_k1",1563,"SHANK1",1.22897159903212e-05,NA,NA,NA
"uniform_k1",1564,"ALDH1A3",0,NA,NA,NA
"uniform_k1",1565,"BHLHE40",0,NA,NA,NA
"uniform_k1",1566,"MAPK9",3.16862262561557e-06,NA,NA,NA
"uniform_k1",1567,"GK",0.000406543096133638,NA,NA,NA
"uniform_k1",1568,"ORM1",1.43183478092945e-05,NA,NA,NA
"uniform_k1",1569,"SREBF2",1.69818952083789e-05,NA,NA,NA
"uniform_k1",1570,"MTTP",6.39846903005559e-06,NA,NA,NA
"uniform_k1",1571,"FSHR",1.23538226016739e-05,NA,NA,NA
"uniform_k1",1572,"CD40",1.65401335883164e-05,NA,NA,NA
"uniform_k1",1573,"CDKN1C",1.58390438897982e-06,NA,NA,NA
"uniform_k1",1574,"PPP3CA",1.20382530055529e-05,NA,NA,NA
"uniform_k1",1575,"DNMT1",4.56882288469851e-05,NA,NA,NA
"uniform_k1",1576,"ACPP",0,NA,NA,NA
"uniform_k1",1577,"KEAP1",8.90865911317151e-05,NA,NA,NA
"uniform_k1",1578,"ADRA2A",6.33347720935262e-07,NA,NA,NA
"uniform_k1",1579,"DHRS3",0,NA,NA,NA
"uniform_k1",1580,"AMY2A",0,NA,NA,NA
"uniform_k1",1581,"HDAC3",1.29907353231262e-05,NA,NA,NA
"uniform_k1",1582,"JUNB",0,NA,NA,NA
"uniform_k1",1583,"CAV1",0.00188167408582673,NA,NA,NA
"uniform_k1",1584,"AGTR2",0,NA,NA,NA
"uniform_k1",1585,"SMAD2",3.42235274195524e-05,NA,NA,NA
"uniform_k1",1586,"VLDLR",0,NA,NA,NA
"uniform_k1",1587,"HIF1A",0.000545020548238462,NA,NA,NA
"uniform_k1",1588,"MAPK9",3.16862262561557e-06,NA,NA,NA
"uniform_k1",1589,"AGXT2",0.000181321349120078,NA,NA,NA
"uniform_k1",1590,"CXCR4",0.000366755254582851,NA,NA,NA
"uniform_k1",1591,"CEBPA",7.73820750388232e-05,NA,NA,NA
"uniform_k1",1592,"NFATC1",5.51292228962996e-05,NA,NA,NA
"uniform_k1",1593,"CNR2",0,NA,NA,NA
"uniform_k1",1594,"CALM1",5.91918174835948e-05,NA,NA,NA
"uniform_k1",1595,"COX5A",0,NA,NA,NA
"uniform_k1",1596,"HK2",0.000296209764147126,NA,NA,NA
"uniform_k1",1597,"PBK",1.43184911400862e-05,NA,NA,NA
"uniform_k1",1598,"AOX1",0.000679762836007236,NA,NA,NA
"uniform_k1",1599,"ITGA5",0.00127400659039045,NA,NA,NA
"uniform_k1",1600,"RAB5A",9.06001518752308e-06,NA,NA,NA
"uniform_k1",1601,"AFP",5.4874124395865e-05,NA,NA,NA
"uniform_k1",1602,"ATG5",1.93264314094499e-05,NA,NA,NA
"uniform_k1",1603,"NOS2",2.38274351227474e-05,NA,NA,NA
"uniform_k1",1604,"RBL1",0,NA,NA,NA
"uniform_k1",1605,"CBR1",3.06594182049036e-05,NA,NA,NA
"uniform_k1",1606,"TPO",1.92561135294866e-05,NA,NA,NA
"uniform_k1",1607,"TFF2",0,NA,NA,NA
"uniform_k1",1608,"STAT5B",1.13440953091182e-05,NA,NA,NA
"uniform_k1",1609,"HNRNPA1",0.0011965986405017,NA,NA,NA
"uniform_k1",1610,"IRAK1",2.62328604830886e-05,NA,NA,NA
"uniform_k1",1611,"STAT5A",4.23996396073933e-05,NA,NA,NA
"uniform_k1",1612,"GPR18",0,NA,NA,NA
"uniform_k1",1613,"KCND1",0,NA,NA,NA
"uniform_k1",1614,"ATF3",8.55513091113647e-06,NA,NA,NA
"uniform_k1",1615,"ESR1",0.00102478911944048,NA,NA,NA
"uniform_k1",1616,"COX5A",0,NA,NA,NA
"uniform_k1",1617,"USP10",4.9733160998211e-05,NA,NA,NA
"uniform_k1",1618,"BMP4",1.58394663751782e-06,NA,NA,NA
"uniform_k1",1619,"SOD2",0.000296172336680667,NA,NA,NA
"uniform_k1",1620,"CDK5",0.000348117516928759,NA,NA,NA
"uniform_k1",1621,"HTR1D",0,NA,NA,NA
"uniform_k1",1622,"FOXM1",1.90088265561439e-06,NA,NA,NA
"uniform_k1",1623,"MSI1",0,NA,NA,NA
"uniform_k1",1624,"ERBB2",0.000157327965161547,NA,NA,NA
"uniform_k1",1625,"STAT1",0.000487010105838959,NA,NA,NA
"uniform_k1",1626,"DBP",0,NA,NA,NA
"uniform_k1",1627,"RTCB",0,NA,NA,NA
"uniform_k1",1628,"CRMP1",1.10844121046227e-05,NA,NA,NA
"uniform_k1",1629,"KCNJ8",1.89387005555819e-05,NA,NA,NA
"uniform_k1",1630,"HSP90AA1",0.000781176350650004,NA,NA,NA
"uniform_k1",1631,"DNPEP",0,NA,NA,NA
"uniform_k1",1632,"RASGRF1",5.25865086087318e-06,NA,NA,NA
"uniform_k1",1633,"UCHL1",0,NA,NA,NA
"uniform_k1",1634,"SLC8A2",0,NA,NA,NA
"uniform_k1",1635,"CAMLG",0,NA,NA,NA
"uniform_k1",1636,"KCNN2",6.33510621184108e-07,NA,NA,NA
"uniform_k1",1637,"TIGAR",0,NA,NA,NA
"uniform_k1",1638,"PROM1",0.00127729251749653,NA,NA,NA
"uniform_k1",1639,"CYP27C1",0,NA,NA,NA
"uniform_k1",1640,"HRH3",0,NA,NA,NA
"uniform_k1",1641,"ICAM1",0.000172524776509531,NA,NA,NA
"uniform_k1",1642,"DDB1",2.07812890326009e-05,NA,NA,NA
"uniform_k1",1643,"HDAC8",0,NA,NA,NA
"uniform_k1",1644,"COX5B",5.70133156496677e-06,NA,NA,NA
"uniform_k1",1645,"LIPG",0,NA,NA,NA
"uniform_k1",1646,"RYR2",4.78345186669671e-05,NA,NA,NA
"uniform_k1",1647,"FADS2",4.0853135067076e-05,NA,NA,NA
"uniform_k1",1648,"AQP1",7.97847562783449e-06,NA,NA,NA
"uniform_k1",1649,"IGFBP6",0,NA,NA,NA
"uniform_k1",1650,"ATG5",1.93264314094499e-05,NA,NA,NA
"uniform_k1",1651,"CBR1",3.06594182049036e-05,NA,NA,NA
"uniform_k1",1652,"SDHA",0.000611111269984921,NA,NA,NA
"uniform_k1",1653,"SULT2A1",1.31748566971623e-05,NA,NA,NA
"uniform_k1",1654,"CAV1",0.00188167408582673,NA,NA,NA
"uniform_k1",1655,"KCNA5",1.99569664441901e-05,NA,NA,NA
"uniform_k1",1656,"OPRM1",8.74989474437537e-05,NA,NA,NA
"uniform_k1",1657,"ATP5F1E",7.91669737976175e-06,NA,NA,NA
"uniform_k1",1658,"HMOX1",0.000383241490365949,NA,NA,NA
"uniform_k1",1659,"CD44",0.000889730591565385,NA,NA,NA
"uniform_k1",1660,"CDKN1C",1.58390438897982e-06,NA,NA,NA
"uniform_k1",1661,"TH",0.000370274680685401,NA,NA,NA
"uniform_k1",1662,"TOMM70",0,NA,NA,NA
"uniform_k1",1663,"SLC8A2",0,NA,NA,NA
"uniform_k1",1664,"STAT4",0.000324242289791776,NA,NA,NA
"uniform_k1",1665,"SDHA",0.000611111269984921,NA,NA,NA
"uniform_k1",1666,"GSTM2",0,NA,NA,NA
"uniform_k1",1667,"FCER1A",0,NA,NA,NA
"uniform_k1",1668,"ACE",0.00145679149577593,NA,NA,NA
"uniform_k1",1669,"SLC6A4",7.25412905625555e-05,NA,NA,NA
"uniform_k1",1670,"PRDX1",5.7026663956572e-06,NA,NA,NA
"uniform_k1",1671,"AFM",0,NA,NA,NA
"uniform_k1",1672,"ACTR1B",0,NA,NA,NA
"uniform_k1",1673,"PRKCD",2.05317703156904e-05,NA,NA,NA
"uniform_k1",1674,"MAP1LC3B",8.68078161708752e-06,NA,NA,NA
"uniform_k1",1675,"PPP3R1",0,NA,NA,NA
"uniform_k1",1676,"TTK",1.26686474088977e-06,NA,NA,NA
"uniform_k1",1677,"GSTM2",0,NA,NA,NA
"uniform_k1",1678,"TG",5.56234870203731e-05,NA,NA,NA
"uniform_k1",1679,"CACNG1",0,NA,NA,NA
"uniform_k1",1680,"CCND3",6.33604306909952e-07,NA,NA,NA
"uniform_k1",1681,"RXRG",0,NA,NA,NA
"uniform_k1",1682,"SCD",0.000143791042404695,NA,NA,NA
"uniform_k1",1683,"GSTM2",0,NA,NA,NA
"uniform_k1",1684,"ARF5",0,NA,NA,NA
"uniform_k1",1685,"HSPA4",0.000770336012735795,NA,NA,NA
"uniform_k1",1686,"SERPINE1",0.000106720941403182,NA,NA,NA
"uniform_k1",1687,"IL1B",0.000829865649814021,NA,NA,NA
"uniform_k1",1688,"PARP1",0.000202075672702362,NA,NA,NA
"uniform_k1",1689,"POLE",6.84091707048307e-06,NA,NA,NA
"uniform_k1",1690,"RUNX2",0.000299161144537541,NA,NA,NA
"uniform_k1",1691,"IDO1",0.000463661718947295,NA,NA,NA
"uniform_k1",1692,"CRTC1",0,NA,NA,NA
"uniform_k1",1693,"SLC16A1",1.22233950207162e-05,NA,NA,NA
"uniform_k1",1694,"FGFR2",9.18874357280774e-06,NA,NA,NA
"uniform_k1",1695,"GANAB",0,NA,NA,NA
"uniform_k1",1696,"SOAT1",2.72368448894778e-06,NA,NA,NA
"uniform_k1",1697,"GLYAT",0,NA,NA,NA
"uniform_k1",1698,"NRP1",0.000102455056317119,NA,NA,NA
"uniform_k1",1699,"ELOVL5",0,NA,NA,NA
"uniform_k1",1700,"STAT5B",1.13440953091182e-05,NA,NA,NA
"uniform_k1",1701,"ABCC2",6.29649746844985e-05,NA,NA,NA
"uniform_k1",1702,"KCNN4",9.50269363275691e-06,NA,NA,NA
"uniform_k1",1703,"HSPB1",6.97066364507837e-06,NA,NA,NA
"uniform_k1",1704,"ATF6",1.47631880090815e-05,NA,NA,NA
"uniform_k1",1705,"LDLR",0,NA,NA,NA
"uniform_k1",1706,"AURKC",0,NA,NA,NA
"uniform_k1",1707,"RETSAT",0,NA,NA,NA
"uniform_k1",1708,"PRKAB1",0,NA,NA,NA
"uniform_k1",1709,"TRPA1",6.7343185876978e-05,NA,NA,NA
"uniform_k1",1710,"E2F1",6.05857808446686e-05,NA,NA,NA
"uniform_k1",1711,"RGN",1.78637354256717e-05,NA,NA,NA
"uniform_k1",1712,"CSF1",1.07725687046312e-05,NA,NA,NA
"uniform_k1",1713,"SPI1",3.16810202792839e-05,NA,NA,NA
"uniform_k1",1714,"IMPDH2",1.60872446202109e-05,NA,NA,NA
"uniform_k1",1715,"ARF3",1.01355586621388e-05,NA,NA,NA
"uniform_k1",1716,"ADCY2",0,NA,NA,NA
"uniform_k1",1717,"MITF",2.87659544899732e-05,NA,NA,NA
"uniform_k1",1718,"SLC11A2",1.77338485018996e-06,NA,NA,NA
"uniform_k1",1719,"HSD3B1",7.1585802265961e-06,NA,NA,NA
"uniform_k1",1720,"LPO",0,NA,NA,NA
"uniform_k1",1721,"SYP",2.45220699257587e-05,NA,NA,NA
"uniform_k1",1722,"CAMP",0.00129691841056656,NA,NA,NA
"uniform_k1",1723,"SERPINE1",0.000106720941403182,NA,NA,NA
"uniform_k1",1724,"RDH5",1.18445408441303e-05,NA,NA,NA
"uniform_k1",1725,"MAPK1",6.82101559971171e-05,NA,NA,NA
"uniform_k1",1726,"SHANK1",1.22897159903212e-05,NA,NA,NA
"uniform_k1",1727,"DKK1",0,NA,NA,NA
"uniform_k1",1728,"EBP",6.01605713679287e-06,NA,NA,NA
"uniform_k1",1729,"RHOA",0.000165621123898174,NA,NA,NA
"uniform_k1",1730,"CES1",0.000115566529133249,NA,NA,NA
"uniform_k1",1731,"CRYZ",0,NA,NA,NA
"uniform_k1",1732,"HDAC1",0.00033891246936113,NA,NA,NA
"uniform_k1",1733,"PRL",2.17984549072403e-05,NA,NA,NA
"uniform_k1",1734,"PTGFR",3.10411217574469e-06,NA,NA,NA
"uniform_k1",1735,"VTN",6.33650236725458e-07,NA,NA,NA
"uniform_k1",1736,"NOX4",3.0792080655373e-05,NA,NA,NA
"uniform_k1",1737,"RPS6KB1",2.01533684008881e-05,NA,NA,NA
"uniform_k1",1738,"ADAMTS5",0,NA,NA,NA
"uniform_k1",1739,"TGM2",0,NA,NA,NA
"uniform_k1",1740,"CHRNA9",1.46296272366397e-05,NA,NA,NA
"uniform_k1",1741,"DKK1",0,NA,NA,NA
"uniform_k1",1742,"ARRDC3",6.33407013395093e-07,NA,NA,NA
"uniform_k1",1743,"GABRA6",0,NA,NA,NA
"uniform_k1",1744,"HSF1",0,NA,NA,NA
"uniform_k1",1745,"VTN",6.33650236725458e-07,NA,NA,NA
"uniform_k1",1746,"CES1",0.000115566529133249,NA,NA,NA
"uniform_k1",1747,"AQP1",7.97847562783449e-06,NA,NA,NA
"uniform_k1",1748,"CACNA2D4",0,NA,NA,NA
"uniform_k1",1749,"IRF1",0,NA,NA,NA
"uniform_k1",1750,"GGCX",3.08495731728975e-05,NA,NA,NA
"uniform_k1",1751,"VKORC1",4.64325427618206e-05,NA,NA,NA
"uniform_k1",1752,"CACNG3",0,NA,NA,NA
"uniform_k1",1753,"COL1A1",0.000181222784889745,NA,NA,NA
"uniform_k1",1754,"CHRNA7",7.98054415862559e-05,NA,NA,NA
"uniform_k1",1755,"FGF4",2.2179929671795e-06,NA,NA,NA
"uniform_k1",1756,"DHODH",1.42497466326663e-05,NA,NA,NA
"uniform_k1",1757,"CHEK1",1.20395101235182e-05,NA,NA,NA
"uniform_k1",1758,"UCP3",0,NA,NA,NA
"uniform_k1",1759,"HDAC7",6.01926074750292e-06,NA,NA,NA
"uniform_k1",1760,"CLDN1",4.94148239504888e-06,NA,NA,NA
"uniform_k1",1761,"USP10",4.9733160998211e-05,NA,NA,NA
"uniform_k1",1762,"PGRMC1",1.54584083279508e-05,NA,NA,NA
"uniform_k1",1763,"SMAD2",3.42235274195524e-05,NA,NA,NA
"uniform_k1",1764,"GABRG1",0,NA,NA,NA
"uniform_k1",1765,"KCNMA1",2.73028963679867e-05,NA,NA,NA
"uniform_k1",1766,"ADH4",0,NA,NA,NA
"uniform_k1",1767,"ORM1",1.43183478092945e-05,NA,NA,NA
"uniform_k1",1768,"ACACB",1.55840957074549e-05,NA,NA,NA
"uniform_k1",1769,"PTGIS",1.23522684530863e-05,NA,NA,NA
"uniform_k1",1770,"DBP",0,NA,NA,NA
"uniform_k1",1771,"IL33",0,NA,NA,NA
"uniform_k1",1772,"JDP2",0,NA,NA,NA
"uniform_k1",1773,"ADH5",7.50101523409041e-05,NA,NA,NA
"uniform_k1",1774,"CD40LG",1.90089891605183e-06,NA,NA,NA
"uniform_k1",1775,"ADIPOQ",2.77581439246388e-05,NA,NA,NA
"uniform_k1",1776,"TIMP1",6.97061284626876e-06,NA,NA,NA
"uniform_k1",1777,"YWHAZ",0.000329867224154401,NA,NA,NA
"uniform_k1",1778,"HK2",0.000296209764147126,NA,NA,NA
"uniform_k1",1779,"ADH1A",0,NA,NA,NA
"uniform_k1",1780,"RUNX2",0.000299161144537541,NA,NA,NA
"uniform_k1",1781,"FOXO1",0.000280307095370635,NA,NA,NA
"uniform_k1",1782,"CHRM1",6.15364589550138e-05,NA,NA,NA
"uniform_k1",1783,"AMY2A",0,NA,NA,NA
"uniform_k1",1784,"DHFR",0.000279606338591143,NA,NA,NA
"uniform_k1",1785,"TACR1",0,NA,NA,NA
"uniform_k1",1786,"ADORA2A",0.00134091820301629,NA,NA,NA
"uniform_k1",1787,"ATG5",1.93264314094499e-05,NA,NA,NA
"uniform_k1",1788,"PDE10A",6.52492584996001e-06,NA,NA,NA
"uniform_k1",1789,"PRDX5",0,NA,NA,NA
"uniform_k1",1790,"MT1X",0,NA,NA,NA
"uniform_k1",1791,"GABRA5",0,NA,NA,NA
"uniform_k1",1792,"DAO",0,NA,NA,NA
"uniform_k1",1793,"ALAS2",0.000126132338585272,NA,NA,NA
"uniform_k1",1794,"SIRT1",0.000506319994551752,NA,NA,NA
"uniform_k1",1795,"GLUL",0.000147191537224312,NA,NA,NA
"uniform_k1",1796,"RXRA",0.000142637488181885,NA,NA,NA
"uniform_k1",1797,"HSPA4",0.000770336012735795,NA,NA,NA
"uniform_k1",1798,"ACTR1B",0,NA,NA,NA
"uniform_k1",1799,"PLD1",0,NA,NA,NA
"uniform_k1",1800,"SLC1A6",0,NA,NA,NA
"uniform_k1",1801,"SYT1",8.62163058744647e-05,NA,NA,NA
"uniform_k1",1802,"MT-ATP6",9.5010961728148e-06,NA,NA,NA
"uniform_k1",1803,"PDXK",0.00104366135249789,NA,NA,NA
"uniform_k1",1804,"CAMLG",0,NA,NA,NA
"uniform_k1",1805,"SLC7A2",0,NA,NA,NA
"uniform_k1",1806,"COX6A2",0,NA,NA,NA
"uniform_k1",1807,"CDK8",0,NA,NA,NA
"uniform_k1",1808,"ALDOA",1.76112505224646e-05,NA,NA,NA
"uniform_k1",1809,"LDLR",0,NA,NA,NA
"uniform_k1",1810,"CD274",2.2623615720252e-05,NA,NA,NA
"uniform_k1",1811,"AKR1D1",0.0010662752740489,NA,NA,NA
"uniform_k1",1812,"NOS3",0.000136759922833574,NA,NA,NA
"uniform_k1",1813,"OPA1",9.50142898359374e-07,NA,NA,NA
"uniform_k1",1814,"PRKAB1",0,NA,NA,NA
"uniform_k1",1815,"GYPA",0.000261429870861529,NA,NA,NA
"uniform_k1",1816,"PFAS",0,NA,NA,NA
"uniform_k1",1817,"MAP2",5.57507217935349e-06,NA,NA,NA
"uniform_k1",1818,"GABRA3",0,NA,NA,NA
"uniform_k1",1819,"LRAT",5.06328770298881e-05,NA,NA,NA
"uniform_k1",1820,"HTR1B",2.2171580924546e-06,NA,NA,NA
"uniform_k1",1821,"CALCR",3.30019686509697e-05,NA,NA,NA
"uniform_k1",1822,"PTH",0.00019439506068486,NA,NA,NA
"uniform_k1",1823,"LIPG",0,NA,NA,NA
"uniform_k1",1824,"KCNQ2",0.000154321192943452,NA,NA,NA
"uniform_k1",1825,"TOP2A",1.51432024206866e-05,NA,NA,NA
"uniform_k1",1826,"DNMT1",4.56882288469851e-05,NA,NA,NA
"uniform_k1",1827,"ZEB1",0,NA,NA,NA
"uniform_k1",1828,"F2",0.000128821901214549,NA,NA,NA
"uniform_k1",1829,"IL1A",0.00038306531858312,NA,NA,NA
"uniform_k1",1830,"PLA2G7",0.00013847975796788,NA,NA,NA
"uniform_k1",1831,"RHOA",0.000165621123898174,NA,NA,NA
"uniform_k1",1832,"SOAT1",2.72368448894778e-06,NA,NA,NA
"uniform_k1",1833,"NNT",0,NA,NA,NA
"uniform_k1",1834,"CACNG1",0,NA,NA,NA
"uniform_k1",1835,"RAF1",1.33718501759139e-05,NA,NA,NA
"uniform_k1",1836,"KCNJ5",8.95444816781943e-05,NA,NA,NA
"uniform_k1",1837,"LRAT",5.06328770298881e-05,NA,NA,NA
"uniform_k1",1838,"SQLE",9.90930470378126e-05,NA,NA,NA
"uniform_k1",1839,"CACNG4",8.23535373972728e-06,NA,NA,NA
"uniform_k1",1840,"HERC5",0,NA,NA,NA
"uniform_k1",1841,"GCLC",8.05799891081538e-05,NA,NA,NA
"uniform_k1",1842,"YWHAE",2.37606312166738e-05,NA,NA,NA
"uniform_k1",1843,"CACNA2D2",0,NA,NA,NA
"uniform_k1",1844,"CP",4.75143862451732e-05,NA,NA,NA
"uniform_k1",1845,"NOX4",3.0792080655373e-05,NA,NA,NA
"uniform_k1",1846,"LPL",0.000483720734164583,NA,NA,NA
"uniform_k1",1847,"RXRB",3.7531212242814e-05,NA,NA,NA
"uniform_k1",1848,"SHANK1",1.22897159903212e-05,NA,NA,NA
"uniform_k1",1849,"ADH4",0,NA,NA,NA
"uniform_k1",1850,"PNP",0.000105291533052498,NA,NA,NA
"uniform_k1",1851,"SCN8A",0,NA,NA,NA
"uniform_k1",1852,"HMGCR",0.000154038156850445,NA,NA,NA
"uniform_k1",1853,"ADH7",0,NA,NA,NA
"uniform_k1",1854,"GRIN2B",0.000317728868907574,NA,NA,NA
"uniform_k1",1855,"KCND1",0,NA,NA,NA
"uniform_k1",1856,"NR1I3",2.35048730797827e-05,NA,NA,NA
"uniform_k1",1857,"PLB1",0.00110895479500295,NA,NA,NA
"uniform_k1",1858,"CALR",4.38793673526172e-05,NA,NA,NA
"uniform_k1",1859,"NQO1",0.000518240501310552,NA,NA,NA
"uniform_k1",1860,"NFATC2",1.95162479730282e-05,NA,NA,NA
"uniform_k1",1861,"AGTR2",0,NA,NA,NA
"uniform_k1",1862,"CHRNB2",1.93198243616521e-05,NA,NA,NA
"uniform_k1",1863,"AGTR2",0,NA,NA,NA
"uniform_k1",1864,"PROC",3.8004925289048e-06,NA,NA,NA
"uniform_k1",1865,"OAT",1.33641726925982e-05,NA,NA,NA
"uniform_k1",1866,"KCNC3",0,NA,NA,NA
"uniform_k1",1867,"TRPM4",3.67379046295468e-05,NA,NA,NA
"uniform_k1",1868,"PNPLA2",2.72449938232278e-06,NA,NA,NA
"uniform_k1",1869,"PPID",0,NA,NA,NA
"uniform_k1",1870,"MRC1",0,NA,NA,NA
"uniform_k1",1871,"KCNJ11",0.00241899994818762,NA,NA,NA
"uniform_k1",1872,"NR1I2",0.000123041356779652,NA,NA,NA
"uniform_k1",1873,"EGLN3",1.26699828650878e-06,NA,NA,NA
"uniform_k1",1874,"LPO",0,NA,NA,NA
"uniform_k1",1875,"KCNH2",0.000463751185241779,NA,NA,NA
"uniform_k1",1876,"GCA",0.000913104018283151,NA,NA,NA
"uniform_k1",1877,"POLE4",6.33352637668949e-07,NA,NA,NA
"uniform_k1",1878,"F10",1.53928141654047e-05,NA,NA,NA
"uniform_k1",1879,"SIRT1",0.000506319994551752,NA,NA,NA
"uniform_k1",1880,"DBH",9.818852931609e-06,NA,NA,NA
"uniform_k1",1881,"RGN",1.78637354256717e-05,NA,NA,NA
"uniform_k1",1882,"VEGFC",0,NA,NA,NA
"uniform_k1",1883,"ACPP",0,NA,NA,NA
"uniform_k1",1884,"KLK3",0.00125308407979507,NA,NA,NA
"uniform_k1",1885,"AHCYL1",1.90022934498657e-06,NA,NA,NA
"uniform_k1",1886,"UGT1A1",6.43666731126036e-05,NA,NA,NA
"uniform_k1",1887,"PPARGC1A",0.000942132031227727,NA,NA,NA
"uniform_k1",1888,"AASS",1.96337880520314e-06,NA,NA,NA
"uniform_k1",1889,"RAC2",7.2870543702308e-05,NA,NA,NA
"uniform_k1",1890,"IL2",8.48661529537775e-05,NA,NA,NA
"uniform_k1",1891,"TFRC",0.000239327299633385,NA,NA,NA
"uniform_k1",1892,"IL18",2.23696138260676e-05,NA,NA,NA
"uniform_k1",1893,"ESRRA",6.99494678408907e-05,NA,NA,NA
"uniform_k1",1894,"GUSB",4.43396339928626e-05,NA,NA,NA
"uniform_k1",1895,"FKRP",0,NA,NA,NA
"uniform_k1",1896,"MAP3K7",0.000279295362734966,NA,NA,NA
"uniform_k1",1897,"ESR2",7.37049367650622e-05,NA,NA,NA
"uniform_k1",1898,"MUC5AC",6.33425870422144e-07,NA,NA,NA
"uniform_k1",1899,"RDH5",1.18445408441303e-05,NA,NA,NA
"uniform_k1",1900,"KEAP1",8.90865911317151e-05,NA,NA,NA
"uniform_k1",1901,"ATF3",8.55513091113647e-06,NA,NA,NA
"uniform_k1",1902,"ESR1",0.00102478911944048,NA,NA,NA
"uniform_k1",1903,"AKR1C3",0.000173978783267859,NA,NA,NA
"uniform_k1",1904,"NCOA6",0,NA,NA,NA
"uniform_k1",1905,"TFEB",4.43464879762434e-06,NA,NA,NA
"uniform_k1",1906,"VWF",5.62078033525815e-05,NA,NA,NA
"uniform_k1",1907,"PPARG",0.000681665233701723,NA,NA,NA
"uniform_k1",1908,"GSTA2",5.30422370040862e-05,NA,NA,NA
"uniform_k1",1909,"EPOR",4.26416671160945e-05,NA,NA,NA
"uniform_k1",1910,"CALM3",0.000527160893726952,NA,NA,NA
"uniform_k1",1911,"MAPT",0.000248151462638568,NA,NA,NA
"uniform_k1",1912,"COMT",0.000258432034107248,NA,NA,NA
"uniform_k1",1913,"SKP2",4.435492915289e-06,NA,NA,NA
"uniform_k1",1914,"COL11A2",7.28347388034845e-06,NA,NA,NA
"uniform_k1",1915,"HK2",0.000296209764147126,NA,NA,NA
"uniform_k1",1916,"PKD2",3.16666038624458e-06,NA,NA,NA
"uniform_k1",1917,"VIM",5.2598025607753e-05,NA,NA,NA
"uniform_k1",1918,"RCAN1",0,NA,NA,NA
"uniform_k1",1919,"CRK",6.33660876869779e-06,NA,NA,NA
"uniform_k1",1920,"CHRM1",6.15364589550138e-05,NA,NA,NA
"uniform_k1",1921,"CHRNA5",1.55794812480847e-05,NA,NA,NA
"uniform_k1",1922,"HDAC11",2.40710719945358e-06,NA,NA,NA
"uniform_k1",1923,"SHMT1",4.44281784347522e-05,NA,NA,NA
"uniform_k1",1924,"CXCR4",0.000366755254582851,NA,NA,NA
"uniform_k1",1925,"PLEK",3.16787882370662e-06,NA,NA,NA
"uniform_k1",1926,"SOX9",0.000102527928081186,NA,NA,NA
"uniform_k1",1927,"PPARD",4.39109792027548e-05,NA,NA,NA
"uniform_k1",1928,"GPBAR1",0.00120167517532488,NA,NA,NA
"uniform_k1",1929,"PRSS1",0.0011573163436972,NA,NA,NA
"uniform_k1",1930,"IL1A",0.00038306531858312,NA,NA,NA
"uniform_k1",1931,"SRC",0.0010396286840485,NA,NA,NA
"uniform_k1",1932,"LPO",0,NA,NA,NA
"uniform_k1",1933,"MAPT",0.000248151462638568,NA,NA,NA
"uniform_k1",1934,"HTR3A",8.53896962736966e-05,NA,NA,NA
"uniform_k1",1935,"CALR",4.38793673526172e-05,NA,NA,NA
"uniform_k1",1936,"ELOVL6",0,NA,NA,NA
"uniform_k1",1937,"ODC1",0.00121583500905476,NA,NA,NA
"uniform_k1",1938,"CASP7",1.26727879179445e-06,NA,NA,NA
"uniform_k1",1939,"COX5B",5.70133156496677e-06,NA,NA,NA
"uniform_k1",1940,"HTR3A",8.53896962736966e-05,NA,NA,NA
"uniform_k1",1941,"ADH1B",0,NA,NA,NA
"uniform_k1",1942,"NDUFV3",0,NA,NA,NA
"uniform_k1",1943,"FABP1",2.30624266933654e-05,NA,NA,NA
"uniform_k1",1944,"ITGB3",8.18152205451783e-05,NA,NA,NA
"uniform_k1",1945,"CD163",2.80685125135793e-05,NA,NA,NA
"uniform_k1",1946,"SLC2A1",0.000140046836469954,NA,NA,NA
"uniform_k1",1947,"YAP1",2.37641275353528e-05,NA,NA,NA
"uniform_k1",1948,"ACTR1B",0,NA,NA,NA
"uniform_k1",1949,"EGLN1",1.90063023630671e-06,NA,NA,NA
"uniform_k1",1950,"ARF1",2.85051391907265e-05,NA,NA,NA
"uniform_k1",1951,"PFAS",0,NA,NA,NA
"uniform_k1",1952,"CDH5",6.33662563265247e-06,NA,NA,NA
"uniform_k1",1953,"SRPK2",0,NA,NA,NA
"uniform_k1",1954,"HBB",6.40684097101829e-05,NA,NA,NA
"uniform_k1",1955,"PPIF",5.98208087934093e-05,NA,NA,NA
"uniform_k1",1956,"THRB",3.80151793299977e-06,NA,NA,NA
"uniform_k1",1957,"PRKACA",0.00408086083662407,NA,NA,NA
"uniform_k1",1958,"AR",0.000302154756725348,NA,NA,NA
"uniform_k1",1959,"SLC11A1",0,NA,NA,NA
"uniform_k1",1960,"DHODH",1.42497466326663e-05,NA,NA,NA
"uniform_k1",1961,"NLN",0,NA,NA,NA
"uniform_k1",1962,"GABRB1",1.70995530076601e-05,NA,NA,NA
"uniform_k1",1963,"ABCG4",0,NA,NA,NA
"uniform_k1",1964,"TUBB4A",0,NA,NA,NA
"uniform_k1",1965,"AIMP2",0,NA,NA,NA
"uniform_k1",1966,"SULT1A1",8.93034087123823e-06,NA,NA,NA
"uniform_k1",1967,"NDUFV2",0,NA,NA,NA
"uniform_k1",1968,"KCNMA1",2.73028963679867e-05,NA,NA,NA
"uniform_k1",1969,"NOTCH1",1.52730959466219e-05,NA,NA,NA
"uniform_k1",1970,"HDAC6",0.00238463941154432,NA,NA,NA
"uniform_k1",1971,"GRIA1",1.90084712514693e-06,NA,NA,NA
"uniform_k1",1972,"KCNJ15",0,NA,NA,NA
"uniform_k1",1973,"DNMT1",4.56882288469851e-05,NA,NA,NA
"uniform_k1",1974,"KRT18",1.90069610461752e-06,NA,NA,NA
"uniform_k1",1975,"CYP2D6",2.95879994604009e-05,NA,NA,NA
"uniform_k1",1976,"CACNA1H",5.72384790692437e-05,NA,NA,NA
"uniform_k1",1977,"RRM1",0.000117817230330219,NA,NA,NA
"uniform_k1",1978,"SIRT2",1.36869569887788e-05,NA,NA,NA
"uniform_k1",1979,"ATF4",6.17859641668383e-05,NA,NA,NA
"uniform_k1",1980,"TJP1",0.000326838626150905,NA,NA,NA
"uniform_k1",1981,"PRDX1",5.7026663956572e-06,NA,NA,NA
"uniform_k1",1982,"CALML3",0,NA,NA,NA
"uniform_k1",1983,"PLD1",0,NA,NA,NA
"uniform_k1",1984,"KDM1A",0,NA,NA,NA
"uniform_k1",1985,"MT-CYB",0.000203007681716216,NA,NA,NA
"uniform_k1",1986,"DBH",9.818852931609e-06,NA,NA,NA
"uniform_k1",1987,"BGLAP",0.000139973984731978,NA,NA,NA
"uniform_k1",1988,"CYP2C9",0.000117781048131316,NA,NA,NA
"uniform_k1",1989,"PDE3B",4.40978259571567e-05,NA,NA,NA
"uniform_k1",1990,"DLG2",0,NA,NA,NA
"uniform_k1",1991,"SRI",0,NA,NA,NA
"uniform_k1",1992,"CLDN5",3.48460731747213e-06,NA,NA,NA
"uniform_k1",1993,"EDN1",0.000187385953273167,NA,NA,NA
"uniform_k1",1994,"FADS1",9.28518306324566e-05,NA,NA,NA
"uniform_k1",1995,"ALAS2",0.000126132338585272,NA,NA,NA
"uniform_k1",1996,"IL18",2.23696138260676e-05,NA,NA,NA
"uniform_k1",1997,"TGFB1",0.000170827591538192,NA,NA,NA
"uniform_k1",1998,"NKX3-1",0,NA,NA,NA
"uniform_k1",1999,"IL4",0.000213216805235672,NA,NA,NA
"uniform_k1",2000,"PCYT1A",2.85706032163713e-05,NA,NA,NA
"uniform_k1",2001,"NNT",0,NA,NA,NA
"uniform_k1",2002,"ELK1",0,NA,NA,NA
"uniform_k1",2003,"EIF4EBP1",0,NA,NA,NA
"uniform_k1",2004,"NFKB2",0,NA,NA,NA
"uniform_k1",2005,"CALM2",0,NA,NA,NA
"uniform_k1",2006,"CCND1",0.000116503278948743,NA,NA,NA
"uniform_k1",2007,"CHRM3",0,NA,NA,NA
"uniform_k1",2008,"PTGDR2",6.33406652128521e-07,NA,NA,NA
"uniform_k1",2009,"PCOLCE",0,NA,NA,NA
"uniform_k1",2010,"KLK5",0,NA,NA,NA
"uniform_k1",2011,"CYP2C19",1.83094707274511e-05,NA,NA,NA
"uniform_k1",2012,"SIRT3",7.24858712728427e-05,NA,NA,NA
"uniform_k1",2013,"METTL3",0,NA,NA,NA
"uniform_k1",2014,"MYD88",9.12615367376635e-06,NA,NA,NA
"uniform_k1",2015,"GNMT",0,NA,NA,NA
"uniform_k1",2016,"NFKBIA",5.47616073202084e-05,NA,NA,NA
"uniform_k1",2017,"ADRA2A",6.33347720935262e-07,NA,NA,NA
"uniform_k1",2018,"KCNMA1",2.73028963679867e-05,NA,NA,NA
"uniform_k1",2019,"ATF7",0.00117103741166447,NA,NA,NA
"uniform_k1",2020,"RIPK1",9.50457768944535e-06,NA,NA,NA
"uniform_k1",2021,"NCOA2",3.54820525111377e-05,NA,NA,NA
"uniform_k1",2022,"CHRNA5",1.55794812480847e-05,NA,NA,NA
"uniform_k1",2023,"AVPR1A",0,NA,NA,NA
"uniform_k1",2024,"MMP1",6.13390297496963e-05,NA,NA,NA
"uniform_k1",2025,"KCNJ1",8.80361918675909e-06,NA,NA,NA
"uniform_k1",2026,"SNCA",0.000455106191969867,NA,NA,NA
"uniform_k1",2027,"SHH",1.43206732026169e-05,NA,NA,NA
"uniform_k1",2028,"SHH",1.43206732026169e-05,NA,NA,NA
"uniform_k1",2029,"KCNH7",0,NA,NA,NA
"uniform_k1",2030,"PRKDC",3.48518119952512e-06,NA,NA,NA
"uniform_k1",2031,"HTR1D",0,NA,NA,NA
"uniform_k1",2032,"CTSL",5.7015753640588e-06,NA,NA,NA
"uniform_k1",2033,"CTRC",0,NA,NA,NA
"uniform_k1",2034,"EPHB6",0,NA,NA,NA
"uniform_k1",2035,"GABRP",0,NA,NA,NA
"uniform_k1",2036,"ATOX1",0,NA,NA,NA
"uniform_k1",2037,"DRD3",0,NA,NA,NA
"uniform_k1",2038,"SOAT1",2.72368448894778e-06,NA,NA,NA
"uniform_k1",2039,"CHRNA4",0.00010936479964363,NA,NA,NA
"uniform_k1",2040,"PARP1",0.000202075672702362,NA,NA,NA
"uniform_k1",2041,"TG",5.56234870203731e-05,NA,NA,NA
"uniform_k1",2042,"POLE",6.84091707048307e-06,NA,NA,NA
"uniform_k1",2043,"FABP4",8.52242665472236e-05,NA,NA,NA
"uniform_k1",2044,"RIPK1",9.50457768944535e-06,NA,NA,NA
"uniform_k1",2045,"SERPINB9",0,NA,NA,NA
"uniform_k1",2046,"ARF5",0,NA,NA,NA
"uniform_k1",2047,"NR1I2",0.000123041356779652,NA,NA,NA
"uniform_k1",2048,"GRIA2",6.42468498274207e-05,NA,NA,NA
"uniform_k1",2049,"ABCC8",3.66842389862843e-05,NA,NA,NA
"uniform_k1",2050,"PDE5A",1.15913843198312e-05,NA,NA,NA
"uniform_k1",2051,"FTH1",3.16391560746254e-05,NA,NA,NA
"uniform_k1",2052,"CREB1",0.000475073453506725,NA,NA,NA
"uniform_k1",2053,"TP73",6.33561354046464e-07,NA,NA,NA
"uniform_k1",2054,"SPP1",0.000133522093562433,NA,NA,NA
"uniform_k1",2055,"MYLK",7.38323399127605e-05,NA,NA,NA
"uniform_k1",2056,"AMY1A",0,NA,NA,NA
"uniform_k1",2057,"CHRNB3",0,NA,NA,NA
"uniform_k1",2058,"GK",0.000406543096133638,NA,NA,NA
"uniform_k1",2059,"UGT2B28",0,NA,NA,NA
"uniform_k1",2060,"KLK5",0,NA,NA,NA
"uniform_k1",2061,"ADCY2",0,NA,NA,NA
"uniform_k1",2062,"PTGES2",2.81266331965124e-05,NA,NA,NA
"uniform_k1",2063,"AXIN2",0,NA,NA,NA
"uniform_k1",2064,"DRD3",0,NA,NA,NA
"uniform_k1",2065,"PPARG",0.000681665233701723,NA,NA,NA
"uniform_k1",2066,"ACE2",6.17806475236016e-05,NA,NA,NA
"uniform_k1",2067,"TOP2A",1.51432024206866e-05,NA,NA,NA
"uniform_k1",2068,"ACTB",0.0035966824210889,NA,NA,NA
"uniform_k1",2069,"ACTR1B",0,NA,NA,NA
"uniform_k1",2070,"AKR1C2",0,NA,NA,NA
"uniform_k1",2071,"CACNA1H",5.72384790692437e-05,NA,NA,NA
"uniform_k1",2072,"LBP",1.90061939919772e-06,NA,NA,NA
"uniform_k1",2073,"QPRT",2.95780448075211e-05,NA,NA,NA
"uniform_k1",2074,"UGT1A1",6.43666731126036e-05,NA,NA,NA
"uniform_k1",2075,"GAP43",5.95559822758052e-06,NA,NA,NA
"uniform_k1",2076,"DDIT3",5.44896803789108e-06,NA,NA,NA
"uniform_k1",2077,"PTH",0.00019439506068486,NA,NA,NA
"uniform_k1",2078,"LRAT",5.06328770298881e-05,NA,NA,NA
"uniform_k1",2079,"CPT1C",0,NA,NA,NA
"uniform_k1",2080,"PRKCB",0.000129467861105015,NA,NA,NA
"uniform_k1",2081,"MGST1",0,NA,NA,NA
"uniform_k1",2082,"ADK",7.61409486743636e-05,NA,NA,NA
"uniform_k1",2083,"PLB1",0.00110895479500295,NA,NA,NA
"uniform_k1",2084,"TRPV1",0.00166711359586047,NA,NA,NA
"uniform_k1",2085,"TYMS",0.000142484575824997,NA,NA,NA
"uniform_k1",2086,"HIF1A",0.000545020548238462,NA,NA,NA
"uniform_k1",2087,"JAK2",0.000791453142699572,NA,NA,NA
"uniform_k1",2088,"FGF4",2.2179929671795e-06,NA,NA,NA
"uniform_k1",2089,"ALAD",1.1590275771578e-05,NA,NA,NA
"uniform_k1",2090,"DRD3",0,NA,NA,NA
"uniform_k1",2091,"ATP2C2",0,NA,NA,NA
"uniform_k1",2092,"HNF4A",0.000115908516808982,NA,NA,NA
"uniform_k1",2093,"AADAT",3.54591244267066e-06,NA,NA,NA
"uniform_k1",2094,"FOXM1",1.90088265561439e-06,NA,NA,NA
"uniform_k1",2095,"SLC6A2",0,NA,NA,NA
"uniform_k1",2096,"UCP1",0,NA,NA,NA
"uniform_k1",2097,"IL10",0.000109475292591865,NA,NA,NA
"uniform_k1",2098,"KCNJ11",0.00241899994818762,NA,NA,NA
"uniform_k1",2099,"LTA4H",0,NA,NA,NA
"uniform_k1",2100,"MMP2",1.88862703024428e-05,NA,NA,NA
"uniform_k1",2101,"AGTR1",7.87895413547623e-05,NA,NA,NA
"uniform_k1",2102,"ATF7",0.00117103741166447,NA,NA,NA
"uniform_k1",2103,"ACTR2",9.50262921906031e-06,NA,NA,NA
"uniform_k1",2104,"PRMT3",0,NA,NA,NA
"uniform_k1",2105,"AADAT",3.54591244267066e-06,NA,NA,NA
"uniform_k1",2106,"LTA4H",0,NA,NA,NA
"uniform_k1",2107,"IFNG",3.71450469081047e-05,NA,NA,NA
"uniform_k1",2108,"GNMT",0,NA,NA,NA
"uniform_k1",2109,"CACNG6",0,NA,NA,NA
"uniform_k1",2110,"MCL1",1.67940085561424e-05,NA,NA,NA
"uniform_k1",2111,"TFRC",0.000239327299633385,NA,NA,NA
"uniform_k1",2112,"COL1A1",0.000181222784889745,NA,NA,NA
"uniform_k1",2113,"CHRNA3",2.85056538062989e-06,NA,NA,NA
"uniform_k1",2114,"PDE3B",4.40978259571567e-05,NA,NA,NA
"uniform_k1",2115,"DAO",0,NA,NA,NA
"uniform_k1",2116,"CD274",2.2623615720252e-05,NA,NA,NA
"uniform_k1",2117,"SCD",0.000143791042404695,NA,NA,NA
"uniform_k1",2118,"CACNA1E",0,NA,NA,NA
"uniform_k1",2119,"IDE",1.32413576375834e-05,NA,NA,NA
"uniform_k1",2120,"HTR1D",0,NA,NA,NA
"uniform_k1",2121,"SCN11A",4.43375248559974e-06,NA,NA,NA
"uniform_k1",2122,"MAP2K1",0,NA,NA,NA
"uniform_k1",2123,"MMP3",1.90743297472373e-05,NA,NA,NA
"uniform_k1",2124,"TRPM4",3.67379046295468e-05,NA,NA,NA
"uniform_k1",2125,"MYH7",2.03333890326229e-05,NA,NA,NA
"uniform_k1",2126,"ABAT",2.2801866788047e-06,NA,NA,NA
"uniform_k1",2127,"CDH1",0.000350253039747228,NA,NA,NA
"uniform_k1",2128,"ACTA2",4.98567078929257e-05,NA,NA,NA
"uniform_k1",2129,"ALDOA",1.76112505224646e-05,NA,NA,NA
"uniform_k1",2130,"TIMP1",6.97061284626876e-06,NA,NA,NA
"uniform_k1",2131,"ACPP",0,NA,NA,NA
"uniform_k1",2132,"SOX2",0.00140571719586968,NA,NA,NA
"uniform_k1",2133,"CYP11B2",0.000106525313512962,NA,NA,NA
"uniform_k1",2134,"HNF4G",0,NA,NA,NA
"uniform_k1",2135,"FTL",4.87730474807435e-06,NA,NA,NA
"uniform_k1",2136,"HINT1",4.87617046518452e-06,NA,NA,NA
"uniform_k1",2137,"BMPR2",8.59954951424324e-05,NA,NA,NA
"uniform_k1",2138,"MYH7",2.03333890326229e-05,NA,NA,NA
"uniform_k1",2139,"ARF6",0,NA,NA,NA
"uniform_k1",2140,"GRM5",0.000204723227971049,NA,NA,NA
"uniform_k1",2141,"IL1RN",0,NA,NA,NA
"uniform_k1",2142,"COMT",0.000258432034107248,NA,NA,NA
"uniform_k1",2143,"TOMM70",0,NA,NA,NA
"uniform_k1",2144,"PRKAA2",4.11841833947157e-06,NA,NA,NA
"uniform_k1",2145,"PLB1",0.00110895479500295,NA,NA,NA
"uniform_k1",2146,"KCNN4",9.50269363275691e-06,NA,NA,NA
"uniform_k1",2147,"CTTN",2.99716390974591e-05,NA,NA,NA
"uniform_k1",2148,"GABRE",0,NA,NA,NA
"uniform_k1",2149,"ABCG8",0,NA,NA,NA
"uniform_k1",2150,"AKR1B10",1.92579176795382e-05,NA,NA,NA
"uniform_k1",2151,"FOXO1",0.000280307095370635,NA,NA,NA
"uniform_k1",2152,"PPP3R1",0,NA,NA,NA
"uniform_k1",2153,"CYP27B1",5.34712469113519e-05,NA,NA,NA
"uniform_k1",2154,"COX6A2",0,NA,NA,NA
"uniform_k1",2155,"KCNJ5",8.95444816781943e-05,NA,NA,NA
"uniform_k1",2156,"PRDX2",0,NA,NA,NA
"uniform_k1",2157,"ITGA5",0.00127400659039045,NA,NA,NA
"uniform_k1",2158,"ABCA1",1.90091421303773e-06,NA,NA,NA
"uniform_k1",2159,"MAP3K7",0.000279295362734966,NA,NA,NA
"uniform_k1",2160,"HTR1A",8.14355352558582e-05,NA,NA,NA
"uniform_k1",2161,"NKX3-1",0,NA,NA,NA
"uniform_k1",2162,"PDE6C",0,NA,NA,NA
"uniform_k1",2163,"PRKCG",2.62982428581582e-05,NA,NA,NA
"uniform_k1",2164,"GYPA",0.000261429870861529,NA,NA,NA
"uniform_k1",2165,"GSTM2",0,NA,NA,NA
"uniform_k1",2166,"SLC8A2",0,NA,NA,NA
"uniform_k1",2167,"GLI1",5.44927221779457e-06,NA,NA,NA
"uniform_k1",2168,"FBP1",7.28503339286757e-06,NA,NA,NA
"uniform_k1",2169,"NPR1",8.07015894644936e-05,NA,NA,NA
"uniform_k1",2170,"E2F1",6.05857808446686e-05,NA,NA,NA
"uniform_k1",2171,"PTK2",8.5307122116185e-05,NA,NA,NA
"uniform_k1",2172,"SPP1",0.000133522093562433,NA,NA,NA
"uniform_k1",2173,"OPRM1",8.74989474437537e-05,NA,NA,NA
"uniform_k1",2174,"UGT1A9",0,NA,NA,NA
"uniform_k1",2175,"F3",4.30244857466677e-05,NA,NA,NA
"uniform_k1",2176,"RASGRF1",5.25865086087318e-06,NA,NA,NA
"uniform_k1",2177,"SLC11A1",0,NA,NA,NA
"uniform_k1",2178,"OAZ1",0,NA,NA,NA
"uniform_k1",2179,"CD44",0.000889730591565385,NA,NA,NA
"uniform_k1",2180,"PTX3",0,NA,NA,NA
"uniform_k1",2181,"GYPA",0.000261429870861529,NA,NA,NA
"uniform_k1",2182,"DLG4",0.000800645688133095,NA,NA,NA
"uniform_k1",2183,"GGPS1",0,NA,NA,NA
"uniform_k1",2184,"CACNA2D2",0,NA,NA,NA
"uniform_k1",2185,"PRDX5",0,NA,NA,NA
"uniform_k1",2186,"CD36",0.000286748685116911,NA,NA,NA
"uniform_k1",2187,"CS",0.000203624857343709,NA,NA,NA
"uniform_k1",2188,"AXL",2.56876487623181e-05,NA,NA,NA
"uniform_k1",2189,"PGRMC1",1.54584083279508e-05,NA,NA,NA
"uniform_k1",2190,"CYP24A1",2.95788072831593e-05,NA,NA,NA
"uniform_k1",2191,"PDE2A",0,NA,NA,NA
"uniform_k1",2192,"SLC29A1",0.00102903201870796,NA,NA,NA
"uniform_k1",2193,"AKT2",0,NA,NA,NA
"uniform_k1",2194,"RAF1",1.33718501759139e-05,NA,NA,NA
"uniform_k1",2195,"HMOX1",0.000383241490365949,NA,NA,NA
"uniform_k1",2196,"KHK",0,NA,NA,NA
"uniform_k1",2197,"CHRNB2",1.93198243616521e-05,NA,NA,NA
"uniform_k1",2198,"ORM2",0,NA,NA,NA
"uniform_k1",2199,"F3",4.30244857466677e-05,NA,NA,NA
"uniform_k1",2200,"POLB",0,NA,NA,NA
"uniform_k1",2201,"VWF",5.62078033525815e-05,NA,NA,NA
"uniform_k1",2202,"MITF",2.87659544899732e-05,NA,NA,NA
"uniform_k1",2203,"RIPK1",9.50457768944535e-06,NA,NA,NA
"uniform_k1",2204,"MMP2",1.88862703024428e-05,NA,NA,NA
"uniform_k1",2205,"ZEB1",0,NA,NA,NA
"uniform_k1",2206,"CHAT",0.00035285368960325,NA,NA,NA
"uniform_k1",2207,"YWHAZ",0.000329867224154401,NA,NA,NA
"uniform_k1",2208,"TBK1",8.23758983270473e-06,NA,NA,NA
"uniform_k1",2209,"KCNJ11",0.00241899994818762,NA,NA,NA
"uniform_k1",2210,"IDO1",0.000463661718947295,NA,NA,NA
"uniform_k1",2211,"KCNH6",1.57066122082883e-05,NA,NA,NA
"uniform_k1",2212,"HINT1",4.87617046518452e-06,NA,NA,NA
"uniform_k1",2213,"DDIT3",5.44896803789108e-06,NA,NA,NA
"uniform_k1",2214,"NPPB",3.61091583611639e-06,NA,NA,NA
"uniform_k1",2215,"FGFR2",9.18874357280774e-06,NA,NA,NA
"uniform_k1",2216,"AMY2A",0,NA,NA,NA
"uniform_k1",2217,"KRT2",0,NA,NA,NA
"uniform_k1",2218,"MGST1",0,NA,NA,NA
"uniform_k1",2219,"GSK3A",9.50447229808304e-07,NA,NA,NA
"uniform_k1",2220,"DGAT1",0.000583801314570143,NA,NA,NA
"uniform_k1",2221,"SHANK1",1.22897159903212e-05,NA,NA,NA
"uniform_k1",2222,"CYP26C1",0,NA,NA,NA
"uniform_k1",2223,"CCR6",0,NA,NA,NA
"uniform_k1",2224,"RUNX1T1",0,NA,NA,NA
"uniform_k1",2225,"SLC7A1",0,NA,NA,NA
"uniform_k1",2226,"NOX1",2.49654080184403e-05,NA,NA,NA
"uniform_k1",2227,"SIGMAR1",0.000141138269685426,NA,NA,NA
"uniform_k1",2228,"HPRT1",0.00041877379526456,NA,NA,NA
"uniform_k1",2229,"IGF1R",3.6000843736117e-05,NA,NA,NA
"uniform_k1",2230,"CDK2",1.73911829558504e-05,NA,NA,NA
"uniform_k1",2231,"LPO",0,NA,NA,NA
"uniform_k1",2232,"APOM",0,NA,NA,NA
"uniform_k1",2233,"GPBAR1",0.00120167517532488,NA,NA,NA
"uniform_k1",2234,"AGXT",0.000106059050095864,NA,NA,NA
"uniform_k1",2235,"NNMT",2.43922960370124e-05,NA,NA,NA
"uniform_k1",2236,"RB1",5.60807039972078e-05,NA,NA,NA
"uniform_k1",2237,"GANAB",0,NA,NA,NA
"uniform_k1",2238,"ODC1",0.00121583500905476,NA,NA,NA
"uniform_k1",2239,"ESR2",7.37049367650622e-05,NA,NA,NA
"uniform_k1",2240,"HSD11B1",5.68914811439614e-05,NA,NA,NA
"uniform_k1",2241,"ADH5",7.50101523409041e-05,NA,NA,NA
"uniform_k1",2242,"CD83",0,NA,NA,NA
"uniform_k1",2243,"JUNB",0,NA,NA,NA
"uniform_k1",2244,"AMY1A",0,NA,NA,NA
"uniform_k1",2245,"SCN1B",0.00123489854843939,NA,NA,NA
"uniform_k1",2246,"HCRTR2",0,NA,NA,NA
"uniform_k1",2247,"ATP2A1",4.62343104201679e-06,NA,NA,NA
"uniform_k1",2248,"PDXK",0.00104366135249789,NA,NA,NA
"uniform_k1",2249,"LIPG",0,NA,NA,NA
"uniform_k1",2250,"CASP7",1.26727879179445e-06,NA,NA,NA
"uniform_k1",2251,"POLB",0,NA,NA,NA
"uniform_k1",2252,"PTAFR",0,NA,NA,NA
"uniform_k1",2253,"HSF1",0,NA,NA,NA
"uniform_k1",2254,"PLD1",0,NA,NA,NA
"uniform_k1",2255,"MITF",2.87659544899732e-05,NA,NA,NA
"uniform_k1",2256,"AKR1B1",1.36198355478179e-05,NA,NA,NA
"uniform_k1",2257,"MYH6",5.61947915448391e-05,NA,NA,NA
"uniform_k1",2258,"ATOX1",0,NA,NA,NA
"uniform_k1",2259,"PNP",0.000105291533052498,NA,NA,NA
"uniform_k1",2260,"ACE",0.00145679149577593,NA,NA,NA
"uniform_k1",2261,"AURKA",5.49029298524406e-05,NA,NA,NA
"uniform_k1",2262,"GABRR1",0.000892072607181937,NA,NA,NA
"uniform_k1",2263,"GRIN3A",0,NA,NA,NA
"uniform_k1",2264,"LEF1",5.06903005115245e-06,NA,NA,NA
"uniform_k1",2265,"ELOVL2",0,NA,NA,NA
"uniform_k1",2266,"ATP1A3",0,NA,NA,NA
"uniform_k1",2267,"ABCA1",1.90091421303773e-06,NA,NA,NA
"uniform_k1",2268,"PPT1",8.42388961930229e-06,NA,NA,NA
"uniform_k1",2269,"NKX3-1",0,NA,NA,NA
"uniform_k1",2270,"TFR2",1.9001036434263e-06,NA,NA,NA
"uniform_k1",2271,"EGR1",5.67823039951953e-05,NA,NA,NA
"uniform_k1",2272,"CATSPER1",0,NA,NA,NA
"uniform_k1",2273,"SLC5A5",3.67365014874999e-06,NA,NA,NA
"uniform_k1",2274,"PPIF",5.98208087934093e-05,NA,NA,NA
"uniform_k1",2275,"JAK2",0.000791453142699572,NA,NA,NA
"uniform_k1",2276,"TOP2A",1.51432024206866e-05,NA,NA,NA
"uniform_k1",2277,"APLP1",0,NA,NA,NA
"uniform_k1",2278,"GNMT",0,NA,NA,NA
"uniform_k1",2279,"GPR83",0,NA,NA,NA
"uniform_k1",2280,"PCOLCE",0,NA,NA,NA
"uniform_k1",2281,"BRCA1",0.00150305205251045,NA,NA,NA
"uniform_k1",2282,"HMOX1",0.000383241490365949,NA,NA,NA
"uniform_k1",2283,"F2RL1",1.81154153372498e-05,NA,NA,NA
"uniform_k1",2284,"GABBR1",0.000629351098106912,NA,NA,NA
"uniform_k1",2285,"GSK3A",9.50447229808304e-07,NA,NA,NA
"uniform_k1",2286,"ALAS1",5.9411598420489e-05,NA,NA,NA
"uniform_k1",2287,"PRKAA1",2.85143022038525e-06,NA,NA,NA
"uniform_k1",2288,"ESRRA",6.99494678408907e-05,NA,NA,NA
"uniform_k1",2289,"IGF1",0.000380119663706879,NA,NA,NA
"uniform_k1",2290,"CXCR4",0.000366755254582851,NA,NA,NA
"uniform_k1",2291,"NPR1",8.07015894644936e-05,NA,NA,NA
"uniform_k1",2292,"FOXO3",4.79174602721066e-05,NA,NA,NA
"uniform_k1",2293,"ACTB",0.0035966824210889,NA,NA,NA
"uniform_k1",2294,"KCNJ11",0.00241899994818762,NA,NA,NA
"uniform_k1",2295,"CYP1A2",5.25226389015421e-05,NA,NA,NA
"uniform_k1",2296,"CHRNA3",2.85056538062989e-06,NA,NA,NA
"uniform_k1",2297,"SHANK1",1.22897159903212e-05,NA,NA,NA
"uniform_k1",2298,"ACHE",0.000111252964972719,NA,NA,NA
"uniform_k1",2299,"CALML3",0,NA,NA,NA
"uniform_k1",2300,"ATIC",0.0011952594694814,NA,NA,NA
"uniform_k1",2301,"SYK",5.32926492629038e-05,NA,NA,NA
"uniform_k1",2302,"HTR3A",8.53896962736966e-05,NA,NA,NA
"uniform_k1",2303,"TXN",0.000162772847540738,NA,NA,NA
"uniform_k1",2304,"HERC5",0,NA,NA,NA
"uniform_k1",2305,"FAS",6.33677821770817e-07,NA,NA,NA
"uniform_k1",2306,"CYP17A1",3.31356115126358e-05,NA,NA,NA
"uniform_k1",2307,"CTSG",5.59397568715703e-05,NA,NA,NA
"uniform_k1",2308,"ELOVL6",0,NA,NA,NA
"uniform_k1",2309,"FABP2",0,NA,NA,NA
"uniform_k1",2310,"CES1",0.000115566529133249,NA,NA,NA
"uniform_k1",2311,"PDE10A",6.52492584996001e-06,NA,NA,NA
"uniform_k1",2312,"HNF4A",0.000115908516808982,NA,NA,NA
"uniform_k1",2313,"COL3A1",0,NA,NA,NA
"uniform_k1",2314,"ZEB1",0,NA,NA,NA
"uniform_k1",2315,"CALM1",5.91918174835948e-05,NA,NA,NA
"uniform_k1",2316,"ARF4",1.97623946650571e-05,NA,NA,NA
"uniform_k1",2317,"MAP1LC3A",0,NA,NA,NA
"uniform_k1",2318,"SOAT1",2.72368448894778e-06,NA,NA,NA
"uniform_k1",2319,"AASS",1.96337880520314e-06,NA,NA,NA
"uniform_k1",2320,"SLC29A1",0.00102903201870796,NA,NA,NA
"uniform_k1",2321,"APCS",0.00117690914019986,NA,NA,NA
"uniform_k1",2322,"PTGFR",3.10411217574469e-06,NA,NA,NA
"uniform_k1",2323,"MCU",0,NA,NA,NA
"uniform_k1",2324,"PKD2",3.16666038624458e-06,NA,NA,NA
"uniform_k1",2325,"CEBPB",0.000269764234292591,NA,NA,NA
"uniform_k1",2326,"CTRB1",3.90273843604572e-05,NA,NA,NA
"uniform_k1",2327,"HDAC2",2.26872919905086e-05,NA,NA,NA
"uniform_k1",2328,"CRK",6.33660876869779e-06,NA,NA,NA
"uniform_k1",2329,"PPARA",0.00137693094911007,NA,NA,NA
"uniform_k1",2330,"IMPDH2",1.60872446202109e-05,NA,NA,NA
"uniform_k1",2331,"GGCX",3.08495731728975e-05,NA,NA,NA
"uniform_k1",2332,"CD163",2.80685125135793e-05,NA,NA,NA
"uniform_k1",2333,"AFM",0,NA,NA,NA
"uniform_k1",2334,"ADORA2B",0,NA,NA,NA
"uniform_k1",2335,"APOA4",2.27717166977337e-05,NA,NA,NA
"uniform_k1",2336,"ACLY",0.000136799781064179,NA,NA,NA
"uniform_k1",2337,"KCNQ2",0.000154321192943452,NA,NA,NA
"uniform_k1",2338,"PROS1",2.21693788693411e-06,NA,NA,NA
"uniform_k1",2339,"RGN",1.78637354256717e-05,NA,NA,NA
"uniform_k1",2340,"CACNB4",5.59340801313812e-05,NA,NA,NA
"uniform_k1",2341,"HSP90AB1",4.19011535922609e-05,NA,NA,NA
"uniform_k1",2342,"GPR18",0,NA,NA,NA
"uniform_k1",2343,"APCS",0.00117690914019986,NA,NA,NA
"uniform_k1",2344,"IRAK1",2.62328604830886e-05,NA,NA,NA
"uniform_k1",2345,"PBK",1.43184911400862e-05,NA,NA,NA
"uniform_k1",2346,"CRYZ",0,NA,NA,NA
"uniform_k1",2347,"GABRQ",0,NA,NA,NA
"uniform_k1",2348,"ADRA2C",1.26052450867276e-05,NA,NA,NA
"uniform_k1",2349,"SLC29A2",0,NA,NA,NA
"uniform_k1",2350,"GABRR1",0.000892072607181937,NA,NA,NA
"uniform_k1",2351,"PPP2CB",0,NA,NA,NA
"uniform_k1",2352,"HDAC1",0.00033891246936113,NA,NA,NA
"uniform_k1",2353,"CALM3",0.000527160893726952,NA,NA,NA
"uniform_k1",2354,"DKK1",0,NA,NA,NA
"uniform_k1",2355,"SDHA",0.000611111269984921,NA,NA,NA
"uniform_k1",2356,"PLAU",9.12459578450431e-06,NA,NA,NA
"uniform_k1",2357,"PRKAA1",2.85143022038525e-06,NA,NA,NA
"uniform_k1",2358,"RNASE1",0,NA,NA,NA
"uniform_k1",2359,"NPR1",8.07015894644936e-05,NA,NA,NA
"uniform_k1",2360,"PRDX2",0,NA,NA,NA
"uniform_k1",2361,"TBK1",8.23758983270473e-06,NA,NA,NA
"uniform_k1",2362,"TRPM4",3.67379046295468e-05,NA,NA,NA
"uniform_k1",2363,"RRM2B",0,NA,NA,NA
"uniform_k1",2364,"HDAC4",8.23760862456169e-06,NA,NA,NA
"uniform_k1",2365,"NOS1",0.000381812082027921,NA,NA,NA
"uniform_k1",2366,"ARRDC3",6.33407013395093e-07,NA,NA,NA
"uniform_k1",2367,"RUNX3",2.26216416990832e-05,NA,NA,NA
"uniform_k1",2368,"NOX4",3.0792080655373e-05,NA,NA,NA
"uniform_k1",2369,"RYR1",8.59077355945814e-05,NA,NA,NA
"uniform_k1",2370,"XPO1",1.66633213304346e-05,NA,NA,NA
"uniform_k1",2371,"PTGES2",2.81266331965124e-05,NA,NA,NA
"uniform_k1",2372,"KCNA4",2.7111367415289e-05,NA,NA,NA
"uniform_k1",2373,"TLR2",1.15981297473811e-05,NA,NA,NA
"uniform_k1",2374,"S100A8",5.866975145008e-05,NA,NA,NA
"uniform_k1",2375,"CASR",1.85576382838448e-05,NA,NA,NA
"uniform_k1",2376,"TRPA1",6.7343185876978e-05,NA,NA,NA
"uniform_k1",2377,"CYP7B1",5.06699999092142e-06,NA,NA,NA
"uniform_k1",2378,"GCK",0.000213793988103061,NA,NA,NA
"uniform_k1",2379,"TNFRSF9",0,NA,NA,NA
"uniform_k1",2380,"GRIN2C",0,NA,NA,NA
"uniform_k1",2381,"E2F2",0,NA,NA,NA
"uniform_k1",2382,"CYP3A5",2.12871813713988e-05,NA,NA,NA
"uniform_k1",2383,"GSTM1",0.000122658682697341,NA,NA,NA
"uniform_k1",2384,"STAT3",0.000956982443180987,NA,NA,NA
"uniform_k1",2385,"ACTG1",2.72461711825489e-06,NA,NA,NA
"uniform_k1",2386,"BMPR2",8.59954951424324e-05,NA,NA,NA
"uniform_k1",2387,"PHOSPHO2",0,NA,NA,NA
"uniform_k1",2388,"ALOX12",1.1402958573159e-05,NA,NA,NA
"uniform_k1",2389,"GOT2",0.00078289580737978,NA,NA,NA
"uniform_k1",2390,"CYP11B2",0.000106525313512962,NA,NA,NA
"uniform_k1",2391,"TNFRSF10B",0,NA,NA,NA
"uniform_k1",2392,"HCRT",0.000169339993540296,NA,NA,NA
"uniform_k1",2393,"DYSF",0.00102310635249714,NA,NA,NA
"uniform_k1",2394,"ZEB2",0,NA,NA,NA
"uniform_k1",2395,"RBP4",4.16853263397465e-05,NA,NA,NA
"uniform_k1",2396,"GLP1R",3.86497402737884e-06,NA,NA,NA
"uniform_k1",2397,"UCP1",0,NA,NA,NA
"uniform_k1",2398,"AURKB",0.000100012341094136,NA,NA,NA
"uniform_k1",2399,"PLD1",0,NA,NA,NA
"uniform_k1",2400,"TRPV1",0.00166711359586047,NA,NA,NA
"uniform_k1",2401,"TIMP2",0,NA,NA,NA
"uniform_k1",2402,"DRD2",0.000217393825030943,NA,NA,NA
"uniform_k1",2403,"SLC6A4",7.25412905625555e-05,NA,NA,NA
"uniform_k1",2404,"ADORA1",2.74909074123864e-05,NA,NA,NA
"uniform_k1",2405,"CD55",7.47448208604506e-06,NA,NA,NA
"uniform_k1",2406,"CHEK2",2.4076159734765e-06,NA,NA,NA
"uniform_k1",2407,"ATF6",1.47631880090815e-05,NA,NA,NA
"uniform_k1",2408,"GSS",1.96391900666448e-05,NA,NA,NA
"uniform_k1",2409,"CAMP",0.00129691841056656,NA,NA,NA
"uniform_k1",2410,"PTX3",0,NA,NA,NA
"uniform_k1",2411,"MMP11",6.33353078760557e-07,NA,NA,NA
"uniform_k1",2412,"HGF",0,NA,NA,NA
"uniform_k1",2413,"IL4",0.000213216805235672,NA,NA,NA
"uniform_k1",2414,"FOXP3",1.50821877838991e-05,NA,NA,NA
"uniform_k1",2415,"CLDN4",0,NA,NA,NA
"uniform_k1",2416,"PLAT",2.05933169041828e-05,NA,NA,NA
"uniform_k1",2417,"GSK3A",9.50447229808304e-07,NA,NA,NA
"uniform_k1",2418,"KCNN4",9.50269363275691e-06,NA,NA,NA
"uniform_k1",2419,"SFN",1.88836433614448e-05,NA,NA,NA
"uniform_k1",2420,"LGALS1",0,NA,NA,NA
"uniform_k1",2421,"CSF1",1.07725687046312e-05,NA,NA,NA
"uniform_k1",2422,"NR3C2",1.6726748852447e-05,NA,NA,NA
"uniform_k1",2423,"KCNJ8",1.89387005555819e-05,NA,NA,NA
"uniform_k1",2424,"P2RX4",0,NA,NA,NA
"uniform_k1",2425,"MAP3K5",7.04706361130958e-05,NA,NA,NA
"uniform_k1",2426,"AVPR1A",0,NA,NA,NA
"uniform_k1",2427,"TUBA4A",0,NA,NA,NA
"uniform_k1",2428,"IGF1R",3.6000843736117e-05,NA,NA,NA
"uniform_k1",2429,"GLI1",5.44927221779457e-06,NA,NA,NA
"uniform_k1",2430,"LRP5",0,NA,NA,NA
"uniform_k1",2431,"ABCA7",0,NA,NA,NA
"uniform_k1",2432,"JUNB",0,NA,NA,NA
"uniform_k1",2433,"MSI1",0,NA,NA,NA
"uniform_k1",2434,"KCNA4",2.7111367415289e-05,NA,NA,NA
"uniform_k1",2435,"ATP2C2",0,NA,NA,NA
"uniform_k1",2436,"ACTG1",2.72461711825489e-06,NA,NA,NA
"uniform_k1",2437,"CALCR",3.30019686509697e-05,NA,NA,NA
"uniform_k1",2438,"TG",5.56234870203731e-05,NA,NA,NA
"uniform_k1",2439,"ESR1",0.00102478911944048,NA,NA,NA
"uniform_k1",2440,"HDAC1",0.00033891246936113,NA,NA,NA
"uniform_k1",2441,"CYP1A1",0.000371673359131575,NA,NA,NA
"uniform_k1",2442,"ABL1",0.000131212002905445,NA,NA,NA
"uniform_k1",2443,"CYP1A2",5.25226389015421e-05,NA,NA,NA
"uniform_k1",2444,"CDKN1B",8.87190608878097e-06,NA,NA,NA
"uniform_k1",2445,"SLC47A1",0,NA,NA,NA
"uniform_k1",2446,"ACAA2",8.36077927990342e-06,NA,NA,NA
"uniform_k1",2447,"SOX9",0.000102527928081186,NA,NA,NA
"uniform_k1",2448,"ALOX5",1.82447360282945e-05,NA,NA,NA
"uniform_k1",2449,"KCNH6",1.57066122082883e-05,NA,NA,NA
"uniform_k1",2450,"TYRP1",6.65147512002306e-06,NA,NA,NA
"uniform_k1",2451,"SLC6A4",7.25412905625555e-05,NA,NA,NA
"uniform_k1",2452,"AQP3",0,NA,NA,NA
"uniform_k1",2453,"TFF1",9.5019484058767e-07,NA,NA,NA
"uniform_k1",2454,"KRT2",0,NA,NA,NA
"uniform_k1",2455,"LRIG1",0,NA,NA,NA
"uniform_k1",2456,"DRD1",0.000110991854724962,NA,NA,NA
"uniform_k1",2457,"PDK1",0,NA,NA,NA
"uniform_k1",2458,"NEU1",0,NA,NA,NA
"uniform_k1",2459,"ABCA1",1.90091421303773e-06,NA,NA,NA
"uniform_k1",2460,"HDAC5",0,NA,NA,NA
"uniform_k1",2461,"NDUFV3",0,NA,NA,NA
"uniform_k1",2462,"KDR",2.14857653940692e-05,NA,NA,NA
"uniform_k1",2463,"CKB",5.32096942710281e-05,NA,NA,NA
"uniform_k1",2464,"SNAI1",9.50644381658705e-07,NA,NA,NA
"uniform_k1",2465,"HPRT1",0.00041877379526456,NA,NA,NA
"uniform_k1",2466,"VCAM1",2.14834315839241e-05,NA,NA,NA
"uniform_k1",2467,"BGLAP",0.000139973984731978,NA,NA,NA
"uniform_k1",2468,"CHEK2",2.4076159734765e-06,NA,NA,NA
"uniform_k1",2469,"GABRA5",0,NA,NA,NA
"uniform_k1",2470,"MAP2K1",0,NA,NA,NA
"uniform_k1",2471,"GAD1",0.000786829139807432,NA,NA,NA
"uniform_k1",2472,"SNAI1",9.50644381658705e-07,NA,NA,NA
"uniform_k1",2473,"THBS1",7.4650161333345e-05,NA,NA,NA
"uniform_k1",2474,"SLC2A4",1.81861109559422e-05,NA,NA,NA
"uniform_k1",2475,"KCNN2",6.33510621184108e-07,NA,NA,NA
"uniform_k1",2476,"CYP27C1",0,NA,NA,NA
"uniform_k1",2477,"GPR18",0,NA,NA,NA
"uniform_k1",2478,"COX6A2",0,NA,NA,NA
"uniform_k1",2479,"HCRTR1",0,NA,NA,NA
"uniform_k1",2480,"KLK5",0,NA,NA,NA
"uniform_k1",2481,"KCNJ10",0,NA,NA,NA
"uniform_k1",2482,"PDE6C",0,NA,NA,NA
"uniform_k1",2483,"HTR1B",2.2171580924546e-06,NA,NA,NA
"uniform_k1",2484,"IL4",0.000213216805235672,NA,NA,NA
"uniform_k1",2485,"LRAT",5.06328770298881e-05,NA,NA,NA
"uniform_k1",2486,"PDE4D",1.08964365290731e-05,NA,NA,NA
"uniform_k1",2487,"VTN",6.33650236725458e-07,NA,NA,NA
"uniform_k1",2488,"EDN1",0.000187385953273167,NA,NA,NA
"uniform_k1",2489,"SULT1E1",0,NA,NA,NA
"uniform_k1",2490,"IL1RN",0,NA,NA,NA
"uniform_k1",2491,"CHEK1",1.20395101235182e-05,NA,NA,NA
"uniform_k1",2492,"CEBPB",0.000269764234292591,NA,NA,NA
"uniform_k1",2493,"GANAB",0,NA,NA,NA
"uniform_k1",2494,"KCNH7",0,NA,NA,NA
"uniform_k1",2495,"SLC11A1",0,NA,NA,NA
"uniform_k1",2496,"PTP4A1",0,NA,NA,NA
"uniform_k1",2497,"CD274",2.2623615720252e-05,NA,NA,NA
"uniform_k1",2498,"SIRT6",5.06879720008069e-06,NA,NA,NA
"uniform_k1",2499,"CAPN10",0.000977887184816284,NA,NA,NA
"uniform_k1",2500,"SCD",0.000143791042404695,NA,NA,NA
"uniform_k1",2501,"TACR3",0,NA,NA,NA
"uniform_k1",2502,"CLIP1",0,NA,NA,NA
"uniform_k1",2503,"MMP3",1.90743297472373e-05,NA,NA,NA
"uniform_k1",2504,"EIF4E",1.3685843489597e-05,NA,NA,NA
"uniform_k1",2505,"MSI1",0,NA,NA,NA
"uniform_k1",2506,"GABRA5",0,NA,NA,NA
"uniform_k1",2507,"C3",4.60004945984638e-05,NA,NA,NA
"uniform_k1",2508,"MMP1",6.13390297496963e-05,NA,NA,NA
"uniform_k1",2509,"TAT",6.1444352762341e-05,NA,NA,NA
"uniform_k1",2510,"ALOX5",1.82447360282945e-05,NA,NA,NA
"uniform_k1",2511,"ATP2B3",0,NA,NA,NA
"uniform_k1",2512,"NGF",7.00958583023104e-05,NA,NA,NA
"uniform_k1",2513,"KCNC3",0,NA,NA,NA
"uniform_k1",2514,"CKB",5.32096942710281e-05,NA,NA,NA
"uniform_k1",2515,"SLC15A1",1.58338604960839e-06,NA,NA,NA
"uniform_k1",2516,"BACE1",5.67015318772013e-05,NA,NA,NA
"uniform_k1",2517,"SCN2B",0,NA,NA,NA
"uniform_k1",2518,"CASQ1",2.53341735867441e-06,NA,NA,NA
"uniform_k1",2519,"GABRQ",0,NA,NA,NA
"uniform_k1",2520,"DAO",0,NA,NA,NA
"uniform_k1",2521,"GCA",0.000913104018283151,NA,NA,NA
"uniform_k1",2522,"TYRP1",6.65147512002306e-06,NA,NA,NA
"uniform_k1",2523,"CYP19A1",0.000459651716543275,NA,NA,NA
"uniform_k1",2524,"AFM",0,NA,NA,NA
"uniform_k1",2525,"HTR1B",2.2171580924546e-06,NA,NA,NA
"uniform_k1",2526,"KCNJ11",0.00241899994818762,NA,NA,NA
"uniform_k1",2527,"NFE2L2",7.2947073822438e-05,NA,NA,NA
"uniform_k1",2528,"AASS",1.96337880520314e-06,NA,NA,NA
"uniform_k1",2529,"LIPG",0,NA,NA,NA
"uniform_k1",2530,"ADRA2C",1.26052450867276e-05,NA,NA,NA
"uniform_k1",2531,"PHB2",3.20568660923115e-05,NA,NA,NA
"uniform_k1",2532,"XIAP",6.16233323891269e-05,NA,NA,NA
"uniform_k1",2533,"PLK4",2.22339198402421e-05,NA,NA,NA
"uniform_k1",2534,"PTGS1",0.0001138588382259,NA,NA,NA
"uniform_k1",2535,"HIF1AN",8.74219236624008e-06,NA,NA,NA
"uniform_k1",2536,"TUBB4B",6.33455001119998e-07,NA,NA,NA
"uniform_k1",2537,"LYZ",0,NA,NA,NA
"uniform_k1",2538,"NOS1",0.000381812082027921,NA,NA,NA
"uniform_k1",2539,"FKRP",0,NA,NA,NA
"uniform_k1",2540,"PLB1",0.00110895479500295,NA,NA,NA
"uniform_k1",2541,"KHK",0,NA,NA,NA
"uniform_k1",2542,"AURKB",0.000100012341094136,NA,NA,NA
"uniform_k1",2543,"BIRC5",3.23786530762593e-05,NA,NA,NA
"uniform_k1",2544,"GABRA3",0,NA,NA,NA
"uniform_k1",2545,"XIAP",6.16233323891269e-05,NA,NA,NA
"uniform_k1",2546,"SULT2A1",1.31748566971623e-05,NA,NA,NA
"uniform_k1",2547,"KCNJ1",8.80361918675909e-06,NA,NA,NA
"uniform_k1",2548,"KCNA5",1.99569664441901e-05,NA,NA,NA
"uniform_k1",2549,"CCL8",0,NA,NA,NA
"uniform_k1",2550,"CYP2D6",2.95879994604009e-05,NA,NA,NA
"uniform_k1",2551,"HBA1",2.89514794086232e-05,NA,NA,NA
"uniform_k1",2552,"DNMT3B",1.03906004091936e-05,NA,NA,NA
"uniform_k1",2553,"ERBB3",0,NA,NA,NA
"uniform_k1",2554,"APCS",0.00117690914019986,NA,NA,NA
"uniform_k1",2555,"RYR2",4.78345186669671e-05,NA,NA,NA
"uniform_k1",2556,"FDPS",0,NA,NA,NA
"uniform_k1",2557,"POLB",0,NA,NA,NA
"uniform_k1",2558,"RYR1",8.59077355945814e-05,NA,NA,NA
"uniform_k1",2559,"UCP1",0,NA,NA,NA
"uniform_k1",2560,"CSF2",1.26743081751979e-06,NA,NA,NA
"uniform_k1",2561,"PTGDR2",6.33406652128521e-07,NA,NA,NA
"uniform_k1",2562,"BRCA1",0.00150305205251045,NA,NA,NA
"uniform_k1",2563,"DIO1",0,NA,NA,NA
"uniform_k1",2564,"HCRTR1",0,NA,NA,NA
"uniform_k1",2565,"ODC1",0.00121583500905476,NA,NA,NA
"uniform_k1",2566,"CEBPA",7.73820750388232e-05,NA,NA,NA
"uniform_k1",2567,"AMY2B",0,NA,NA,NA
"uniform_k1",2568,"GCK",0.000213793988103061,NA,NA,NA
"uniform_k1",2569,"SOX2",0.00140571719586968,NA,NA,NA
"uniform_k1",2570,"ADORA1",2.74909074123864e-05,NA,NA,NA
"uniform_k1",2571,"SULT1E1",0,NA,NA,NA
"uniform_k1",2572,"DUOXA1",0,NA,NA,NA
"uniform_k1",2573,"HTR2C",1.81821061465692e-05,NA,NA,NA
"uniform_k1",2574,"ARF3",1.01355586621388e-05,NA,NA,NA
"uniform_k1",2575,"ASPA",0,NA,NA,NA
"uniform_k1",2576,"ODC1",0.00121583500905476,NA,NA,NA
"uniform_k1",2577,"PPARGC1A",0.000942132031227727,NA,NA,NA
"uniform_k1",2578,"FASLG",6.21033622971723e-06,NA,NA,NA
"uniform_k1",2579,"BMP4",1.58394663751782e-06,NA,NA,NA
"uniform_k1",2580,"FN1",0.00237698824343124,NA,NA,NA
"uniform_k1",2581,"GRIN2A",0.000361526992004202,NA,NA,NA
"uniform_k1",2582,"HTR3A",8.53896962736966e-05,NA,NA,NA
"uniform_k1",2583,"BECN1",8.42248076059482e-05,NA,NA,NA
"uniform_k1",2584,"KIT",0.000262263529464124,NA,NA,NA
"uniform_k1",2585,"KCNA3",7.03184449912797e-06,NA,NA,NA
"uniform_k1",2586,"NR3C2",1.6726748852447e-05,NA,NA,NA
"uniform_k1",2587,"KCNN4",9.50269363275691e-06,NA,NA,NA
"uniform_k1",2588,"METTL3",0,NA,NA,NA
"uniform_k1",2589,"NCOA2",3.54820525111377e-05,NA,NA,NA
"uniform_k1",2590,"RBP1",1.67206208291359e-05,NA,NA,NA
"uniform_k1",2591,"SULT1A1",8.93034087123823e-06,NA,NA,NA
"uniform_k1",2592,"CAMKK2",3.48444593978314e-06,NA,NA,NA
"uniform_k1",2593,"TUBG1",1.58373381198285e-06,NA,NA,NA
"uniform_k1",2594,"GRIN2A",0.000361526992004202,NA,NA,NA
"uniform_k1",2595,"FADS1",9.28518306324566e-05,NA,NA,NA
"uniform_k1",2596,"CRBN",3.83289296229661e-05,NA,NA,NA
"uniform_k1",2597,"PDE2A",0,NA,NA,NA
"uniform_k1",2598,"DLG1",6.50075176803488e-05,NA,NA,NA
"uniform_k1",2599,"CCNA2",1.83133006516067e-05,NA,NA,NA
"uniform_k1",2600,"CRTC2",2.09096071963621e-05,NA,NA,NA
"uniform_k1",2601,"AVPR1A",0,NA,NA,NA
"uniform_k1",2602,"APLP1",0,NA,NA,NA
"uniform_k1",2603,"NQO1",0.000518240501310552,NA,NA,NA
"uniform_k1",2604,"AQP1",7.97847562783449e-06,NA,NA,NA
"uniform_k1",2605,"PLAU",9.12459578450431e-06,NA,NA,NA
"uniform_k1",2606,"BMI1",2.14799290956247e-05,NA,NA,NA
"uniform_k1",2607,"MCL1",1.67940085561424e-05,NA,NA,NA
"uniform_k1",2608,"PIK3CA",2.52878809748891e-05,NA,NA,NA
"uniform_k1",2609,"TP73",6.33561354046464e-07,NA,NA,NA
"uniform_k1",2610,"AANAT",0,NA,NA,NA
"uniform_k1",2611,"SERPINE1",0.000106720941403182,NA,NA,NA
"uniform_k1",2612,"PBK",1.43184911400862e-05,NA,NA,NA
"uniform_k1",2613,"GLYAT",0,NA,NA,NA
"uniform_k1",2614,"BCL2",0.00028337947071766,NA,NA,NA
"uniform_k1",2615,"CASP7",1.26727879179445e-06,NA,NA,NA
"uniform_k1",2616,"PYGM",4.94772798226295e-05,NA,NA,NA
"uniform_k1",2617,"ADORA1",2.74909074123864e-05,NA,NA,NA
"uniform_k1",2618,"TNFRSF9",0,NA,NA,NA
"uniform_k1",2619,"ANPEP",7.21688108924479e-05,NA,NA,NA
"uniform_k1",2620,"SYK",5.32926492629038e-05,NA,NA,NA
"uniform_k1",2621,"MAP1LC3B",8.68078161708752e-06,NA,NA,NA
"uniform_k1",2622,"F7",0.00116938158797564,NA,NA,NA
"uniform_k1",2623,"CCND1",0.000116503278948743,NA,NA,NA
"uniform_k1",2624,"AKT2",0,NA,NA,NA
"uniform_k1",2625,"ABCG8",0,NA,NA,NA
"uniform_k1",2626,"FABP3",6.33463026478154e-07,NA,NA,NA
"uniform_k1",2627,"NR4A1",4.04919306976614e-05,NA,NA,NA
"uniform_k1",2628,"PRDX2",0,NA,NA,NA
"uniform_k1",2629,"AADAT",3.54591244267066e-06,NA,NA,NA
"uniform_k1",2630,"IDO1",0.000463661718947295,NA,NA,NA
"uniform_k1",2631,"HGF",0,NA,NA,NA
"uniform_k1",2632,"ATP1A2",4.63378248599655e-05,NA,NA,NA
"uniform_k1",2633,"HBB",6.40684097101829e-05,NA,NA,NA
"uniform_k1",2634,"AGTR1",7.87895413547623e-05,NA,NA,NA
"uniform_k1",2635,"PRKCE",5.79752275315926e-05,NA,NA,NA
"uniform_k1",2636,"DRD3",0,NA,NA,NA
"uniform_k1",2637,"CP",4.75143862451732e-05,NA,NA,NA
"uniform_k1",2638,"SCD",0.000143791042404695,NA,NA,NA
"uniform_k1",2639,"UGT1A1",6.43666731126036e-05,NA,NA,NA
"uniform_k1",2640,"HMOX1",0.000383241490365949,NA,NA,NA
"uniform_k1",2641,"RBP2",3.01152514644576e-05,NA,NA,NA
"uniform_k1",2642,"CD163",2.80685125135793e-05,NA,NA,NA
"uniform_k1",2643,"IL10",0.000109475292591865,NA,NA,NA
"uniform_k1",2644,"YWHAE",2.37606312166738e-05,NA,NA,NA
"uniform_k1",2645,"ACTA1",3.96575036063496e-05,NA,NA,NA
"uniform_k1",2646,"HNF1A",0.00122815220873107,NA,NA,NA
"uniform_k1",2647,"CACNA2D3",0,NA,NA,NA
"uniform_k1",2648,"AKR1C4",0,NA,NA,NA
"uniform_k1",2649,"NCF4",0,NA,NA,NA
"uniform_k1",2650,"CD86",0,NA,NA,NA
"uniform_k1",2651,"ATP1A3",0,NA,NA,NA
"uniform_k1",2652,"CALML3",0,NA,NA,NA
"uniform_k1",2653,"EEF2K",3.67443795490363e-06,NA,NA,NA
"uniform_k1",2654,"CDK5",0.000348117516928759,NA,NA,NA
"uniform_k1",2655,"SLCO1A2",6.33397825744453e-07,NA,NA,NA
"uniform_k1",2656,"ADRA2C",1.26052450867276e-05,NA,NA,NA
"uniform_k1",2657,"PNPLA2",2.72449938232278e-06,NA,NA,NA
"uniform_k1",2658,"ALDH3A1",7.8987277396747e-05,NA,NA,NA
"uniform_k1",2659,"F7",0.00116938158797564,NA,NA,NA
"uniform_k1",2660,"PRKCA",0.000374278990026067,NA,NA,NA
"uniform_k1",2661,"CYP2E1",0.000529547743911452,NA,NA,NA
"uniform_k1",2662,"GNMT",0,NA,NA,NA
"uniform_k1",2663,"BCAT2",2.6019618702966e-05,NA,NA,NA
"uniform_k1",2664,"NR1H2",0,NA,NA,NA
"uniform_k1",2665,"EGLN3",1.26699828650878e-06,NA,NA,NA
"uniform_k1",2666,"PCYT1B",0,NA,NA,NA
"uniform_k1",2667,"TUBB",0.000162866051467092,NA,NA,NA
"uniform_k1",2668,"APOB",0.000254184152158166,NA,NA,NA
"uniform_k1",2669,"CYP21A2",0,NA,NA,NA
"uniform_k1",2670,"P2RX4",0,NA,NA,NA
"uniform_k1",2671,"EBP",6.01605713679287e-06,NA,NA,NA
"uniform_k1",2672,"CALML3",0,NA,NA,NA
"uniform_k1",2673,"HCRT",0.000169339993540296,NA,NA,NA
"uniform_k1",2674,"RUNX2",0.000299161144537541,NA,NA,NA
"uniform_k1",2675,"SNAI1",9.50644381658705e-07,NA,NA,NA
"uniform_k1",2676,"CHRNA7",7.98054415862559e-05,NA,NA,NA
"uniform_k1",2677,"CCNB1",1.05829380095956e-05,NA,NA,NA
"uniform_k1",2678,"PLA2G4A",0.000158908171599248,NA,NA,NA
"uniform_k1",2679,"ADORA2B",0,NA,NA,NA
"uniform_k1",2680,"KCNA5",1.99569664441901e-05,NA,NA,NA
"uniform_k1",2681,"JDP2",0,NA,NA,NA
"uniform_k1",2682,"IGF1R",3.6000843736117e-05,NA,NA,NA
"uniform_k1",2683,"AHCYL1",1.90022934498657e-06,NA,NA,NA
"uniform_k1",2684,"ITGB3",8.18152205451783e-05,NA,NA,NA
"uniform_k1",2685,"PTPN1",3.86549374464806e-06,NA,NA,NA
"uniform_k1",2686,"PPIF",5.98208087934093e-05,NA,NA,NA
"uniform_k1",2687,"POU5F1",3.4853680447311e-06,NA,NA,NA
"uniform_k1",2688,"EIF4E",1.3685843489597e-05,NA,NA,NA
"uniform_k1",2689,"PRKCD",2.05317703156904e-05,NA,NA,NA
"uniform_k1",2690,"IDO1",0.000463661718947295,NA,NA,NA
"uniform_k1",2691,"PSMD11",6.3344408685051e-07,NA,NA,NA
"uniform_k1",2692,"CTNNB1",0.00262517195452239,NA,NA,NA
"uniform_k1",2693,"FN1",0.00237698824343124,NA,NA,NA
"uniform_k1",2694,"CNR1",0.000234330328976462,NA,NA,NA
"uniform_k1",2695,"MAOB",5.4236212515657e-05,NA,NA,NA
"uniform_k1",2696,"KEAP1",8.90865911317151e-05,NA,NA,NA
"uniform_k1",2697,"CX3CR1",0,NA,NA,NA
"uniform_k1",2698,"PDE4D",1.08964365290731e-05,NA,NA,NA
"uniform_k1",2699,"HINT1",4.87617046518452e-06,NA,NA,NA
"uniform_k1",2700,"ACTG1",2.72461711825489e-06,NA,NA,NA
"uniform_k1",2701,"F7",0.00116938158797564,NA,NA,NA
"uniform_k1",2702,"ANO1",0,NA,NA,NA
"uniform_k1",2703,"GK",0.000406543096133638,NA,NA,NA
"uniform_k1",2704,"PLA2G4A",0.000158908171599248,NA,NA,NA
"uniform_k1",2705,"SLC2A4",1.81861109559422e-05,NA,NA,NA
"uniform_k1",2706,"SLC11A1",0,NA,NA,NA
"uniform_k1",2707,"S100A7",0.00101836981567682,NA,NA,NA
"uniform_k1",2708,"CCNA2",1.83133006516067e-05,NA,NA,NA
"uniform_k1",2709,"KDM1A",0,NA,NA,NA
"uniform_k1",2710,"FKRP",0,NA,NA,NA
"uniform_k1",2711,"GSK3A",9.50447229808304e-07,NA,NA,NA
"uniform_k1",2712,"FGFR2",9.18874357280774e-06,NA,NA,NA
"uniform_k1",2713,"STAT5B",1.13440953091182e-05,NA,NA,NA
"uniform_k1",2714,"GRIK2",0,NA,NA,NA
"uniform_k1",2715,"FURIN",9.05415850372959e-05,NA,NA,NA
"uniform_k1",2716,"NGF",7.00958583023104e-05,NA,NA,NA
"uniform_k1",2717,"NR1H4",0.000150320210463128,NA,NA,NA
"uniform_k1",2718,"TYR",3.79481492692735e-05,NA,NA,NA
"uniform_k1",2719,"LRAT",5.06328770298881e-05,NA,NA,NA
"uniform_k1",2720,"APRT",5.32709672381726e-05,NA,NA,NA
"uniform_k1",2721,"GRM5",0.000204723227971049,NA,NA,NA
"uniform_k1",2722,"PNPLA2",2.72449938232278e-06,NA,NA,NA
"uniform_k1",2723,"GP1BA",3.18056444478243e-05,NA,NA,NA
"uniform_k1",2724,"CCND3",6.33604306909952e-07,NA,NA,NA
"uniform_k1",2725,"DBH",9.818852931609e-06,NA,NA,NA
"uniform_k1",2726,"RUNX2",0.000299161144537541,NA,NA,NA
"uniform_k1",2727,"AMY2B",0,NA,NA,NA
"uniform_k1",2728,"CRK",6.33660876869779e-06,NA,NA,NA
"uniform_k1",2729,"NFKB1",0.000211104315194666,NA,NA,NA
"uniform_k1",2730,"GABRA6",0,NA,NA,NA
"uniform_k1",2731,"UGT1A9",0,NA,NA,NA
"uniform_k1",2732,"ACSS2",8.1011205171122e-05,NA,NA,NA
"uniform_k1",2733,"PGR",2.93426634963012e-05,NA,NA,NA
"uniform_k1",2734,"GABRA6",0,NA,NA,NA
"uniform_k1",2735,"KLF4",2.5346502531276e-06,NA,NA,NA
"uniform_k1",2736,"SRI",0,NA,NA,NA
"uniform_k1",2737,"AKR1A1",6.17051045759265e-06,NA,NA,NA
"uniform_k1",2738,"ARF4",1.97623946650571e-05,NA,NA,NA
"uniform_k1",2739,"ADH1A",0,NA,NA,NA
"uniform_k1",2740,"PPP2CB",0,NA,NA,NA
"uniform_k1",2741,"CRK",6.33660876869779e-06,NA,NA,NA
"uniform_k1",2742,"GSR",0.00032731672891706,NA,NA,NA
"uniform_k1",2743,"GSTK1",0,NA,NA,NA
"uniform_k1",2744,"ATG7",2.9146658695467e-06,NA,NA,NA
"uniform_k1",2745,"SNCA",0.000455106191969867,NA,NA,NA
"uniform_k1",2746,"NFATC1",5.51292228962996e-05,NA,NA,NA
"uniform_k1",2747,"CFTR",0.00160265872797649,NA,NA,NA
"uniform_k1",2748,"TP73",6.33561354046464e-07,NA,NA,NA
"uniform_k1",2749,"BDNF",0.000792185293056469,NA,NA,NA
"uniform_k1",2750,"BGLAP",0.000139973984731978,NA,NA,NA
"uniform_k1",2751,"TNFAIP6",4.94186435140431e-06,NA,NA,NA
"uniform_k1",2752,"GRIN1",6.96987215653699e-06,NA,NA,NA
"uniform_k1",2753,"AURKC",0,NA,NA,NA
"uniform_k1",2754,"PIK3R1",5.3428249282339e-05,NA,NA,NA
"uniform_k1",2755,"BCAT2",2.6019618702966e-05,NA,NA,NA
"uniform_k1",2756,"DPP4",0.00143001137023646,NA,NA,NA
"uniform_k1",2757,"NFKBIA",5.47616073202084e-05,NA,NA,NA
"uniform_k1",2758,"FASLG",6.21033622971723e-06,NA,NA,NA
"uniform_k1",2759,"CEBPB",0.000269764234292591,NA,NA,NA
"uniform_k1",2760,"TH",0.000370274680685401,NA,NA,NA
"uniform_k1",2761,"RBL1",0,NA,NA,NA
"uniform_k1",2762,"GGCX",3.08495731728975e-05,NA,NA,NA
"uniform_k1",2763,"AMY1B",0.00114246836222298,NA,NA,NA
"uniform_k1",2764,"PPID",0,NA,NA,NA
"uniform_k1",2765,"CACNA2D4",0,NA,NA,NA
"uniform_k1",2766,"ESRRA",6.99494678408907e-05,NA,NA,NA
"uniform_k1",2767,"APP",0.00112835552814228,NA,NA,NA
"uniform_k1",2768,"PDK1",0,NA,NA,NA
"uniform_k1",2769,"SLC2A2",5.38855759126822e-05,NA,NA,NA
"uniform_k1",2770,"CFLAR",6.33631245472444e-07,NA,NA,NA
"uniform_k1",2771,"GABRA4",0,NA,NA,NA
"uniform_k1",2772,"GRIN3A",0,NA,NA,NA
"uniform_k1",2773,"LMNB1",7.2866286621176e-06,NA,NA,NA
"uniform_k1",2774,"PDE2A",0,NA,NA,NA
"uniform_k1",2775,"CHRNA2",0,NA,NA,NA
"uniform_k1",2776,"RARA",0.000182812715244118,NA,NA,NA
"uniform_k1",2777,"GRIA1",1.90084712514693e-06,NA,NA,NA
"uniform_k1",2778,"ITPR2",6.33550958140106e-07,NA,NA,NA
"uniform_k1",2779,"INS",0.00437927624027923,NA,NA,NA
"uniform_k1",2780,"ACACB",1.55840957074549e-05,NA,NA,NA
"uniform_k1",2781,"GABRA1",0.000512519672648093,NA,NA,NA
"uniform_k1",2782,"RARB",1.39344317841017e-05,NA,NA,NA
"uniform_k1",2783,"AASS",1.96337880520314e-06,NA,NA,NA
"uniform_k1",2784,"CD80",0,NA,NA,NA
"uniform_k1",2785,"PPIA",3.28180373492248e-05,NA,NA,NA
"uniform_k1",2786,"RASGRF1",5.25865086087318e-06,NA,NA,NA
"uniform_k1",2787,"NNMT",2.43922960370124e-05,NA,NA,NA
"uniform_k1",2788,"PTGS2",0.00143001964027745,NA,NA,NA
"uniform_k1",2789,"RPS6KA3",0,NA,NA,NA
"uniform_k1",2790,"AMY2B",0,NA,NA,NA
"uniform_k1",2791,"FASN",0.000342772066284303,NA,NA,NA
"uniform_k1",2792,"ADORA2B",0,NA,NA,NA
"uniform_k1",2793,"HDAC4",8.23760862456169e-06,NA,NA,NA
"uniform_k1",2794,"GNMT",0,NA,NA,NA
"uniform_k1",2795,"CASP1",0.00024876408303065,NA,NA,NA
"uniform_k1",2796,"COMT",0.000258432034107248,NA,NA,NA
"uniform_k1",2797,"RIPK1",9.50457768944535e-06,NA,NA,NA
"uniform_k1",2798,"HCN4",0.00104282749963691,NA,NA,NA
"uniform_k1",2799,"CLDN4",0,NA,NA,NA
"uniform_k1",2800,"TUBB",0.000162866051467092,NA,NA,NA
"uniform_k1",2801,"IL1A",0.00038306531858312,NA,NA,NA
"uniform_k1",2802,"LALBA",3.81683006253075e-05,NA,NA,NA
"uniform_k1",2803,"ALAS1",5.9411598420489e-05,NA,NA,NA
"uniform_k1",2804,"CDK1",0.000268330391133942,NA,NA,NA
"uniform_k1",2805,"EPOR",4.26416671160945e-05,NA,NA,NA
"uniform_k1",2806,"ABCC9",1.45674367513227e-06,NA,NA,NA
"uniform_k1",2807,"FAS",6.33677821770817e-07,NA,NA,NA
"uniform_k1",2808,"QPRT",2.95780448075211e-05,NA,NA,NA
"uniform_k1",2809,"CYP19A1",0.000459651716543275,NA,NA,NA
"uniform_k1",2810,"LALBA",3.81683006253075e-05,NA,NA,NA
"uniform_k1",2811,"COX7B",0,NA,NA,NA
"uniform_k1",2812,"IL2",8.48661529537775e-05,NA,NA,NA
"uniform_k1",2813,"CYP2D6",2.95879994604009e-05,NA,NA,NA
"uniform_k1",2814,"HTR1B",2.2171580924546e-06,NA,NA,NA
"uniform_k1",2815,"AURKC",0,NA,NA,NA
"uniform_k1",2816,"SLC16A1",1.22233950207162e-05,NA,NA,NA
"uniform_k1",2817,"SHH",1.43206732026169e-05,NA,NA,NA
"uniform_k1",2818,"CX3CR1",0,NA,NA,NA
"uniform_k1",2819,"SYP",2.45220699257587e-05,NA,NA,NA
"uniform_k1",2820,"ESR2",7.37049367650622e-05,NA,NA,NA
"uniform_k1",2821,"MLXIPL",0,NA,NA,NA
"uniform_k1",2822,"FGF2",4.67782227966396e-05,NA,NA,NA
"uniform_k1",2823,"COL3A1",0,NA,NA,NA
"uniform_k1",2824,"RARA",0.000182812715244118,NA,NA,NA
"uniform_k1",2825,"TYRP1",6.65147512002306e-06,NA,NA,NA
"uniform_k1",2826,"PDE3B",4.40978259571567e-05,NA,NA,NA
"uniform_k1",2827,"STAT5B",1.13440953091182e-05,NA,NA,NA
"uniform_k1",2828,"F10",1.53928141654047e-05,NA,NA,NA
"uniform_k1",2829,"AIFM1",1.58347085155164e-06,NA,NA,NA
"uniform_k1",2830,"KLF4",2.5346502531276e-06,NA,NA,NA
"uniform_k1",2831,"TRPM7",0,NA,NA,NA
"uniform_k1",2832,"AFM",0,NA,NA,NA
"uniform_k1",2833,"UQCRC1",5.15309632885819e-05,NA,NA,NA
"uniform_k1",2834,"SOAT1",2.72368448894778e-06,NA,NA,NA
"uniform_k1",2835,"MAP2K5",0,NA,NA,NA
"uniform_k1",2836,"CAMLG",0,NA,NA,NA
"uniform_k1",2837,"CCL2",3.6509767629811e-05,NA,NA,NA
"uniform_k1",2838,"HSPA1B",2.53472574274216e-06,NA,NA,NA
"uniform_k1",2839,"GRIN2A",0.000361526992004202,NA,NA,NA
"uniform_k1",2840,"GAS6",1.2544836703432e-05,NA,NA,NA
"uniform_k1",2841,"GRIN3B",0,NA,NA,NA
"uniform_k1",2842,"DGAT1",0.000583801314570143,NA,NA,NA
"uniform_k1",2843,"ALDOA",1.76112505224646e-05,NA,NA,NA
"uniform_k1",2844,"IL1RN",0,NA,NA,NA
"uniform_k1",2845,"TNFRSF11B",0,NA,NA,NA
"uniform_k1",2846,"MCL1",1.67940085561424e-05,NA,NA,NA
"uniform_k1",2847,"FOSL1",5.14461500070729e-05,NA,NA,NA
"uniform_k1",2848,"RRM2B",0,NA,NA,NA
"uniform_k1",2849,"MCU",0,NA,NA,NA
"uniform_k1",2850,"MMP3",1.90743297472373e-05,NA,NA,NA
"uniform_k1",2851,"AGT",0.000967403269813816,NA,NA,NA
"uniform_k1",2852,"SCN4B",6.14500670026441e-06,NA,NA,NA
"uniform_k1",2853,"CCR6",0,NA,NA,NA
"uniform_k1",2854,"FEN1",1.98912329634204e-05,NA,NA,NA
"uniform_k1",2855,"CYP24A1",2.95788072831593e-05,NA,NA,NA
"uniform_k1",2856,"CAMK4",1.22274351069818e-05,NA,NA,NA
"uniform_k1",2857,"NFKB2",0,NA,NA,NA
"uniform_k1",2858,"MMP11",6.33353078760557e-07,NA,NA,NA
"uniform_k1",2859,"KCNJ2",0.00119679281819129,NA,NA,NA
"uniform_k1",2860,"AGXT2",0.000181321349120078,NA,NA,NA
"uniform_k1",2861,"GRIA4",0,NA,NA,NA
"uniform_k1",2862,"SCN1A",4.8526600018195e-05,NA,NA,NA
"uniform_k1",2863,"ATF6",1.47631880090815e-05,NA,NA,NA
"uniform_k1",2864,"PARK7",5.03123803161643e-05,NA,NA,NA
"uniform_k1",2865,"HCN2",0,NA,NA,NA
"uniform_k1",2866,"PTGER2",3.0407837517954e-06,NA,NA,NA
"uniform_k1",2867,"CYP11B1",0,NA,NA,NA
"uniform_k1",2868,"CACNA2D3",0,NA,NA,NA
"uniform_k1",2869,"PPP2CB",0,NA,NA,NA
"uniform_k1",2870,"MAOA",0.000132428913549143,NA,NA,NA
"uniform_k1",2871,"CYP3A5",2.12871813713988e-05,NA,NA,NA
"uniform_k1",2872,"CDKN2A",0.000523536323894791,NA,NA,NA
"uniform_k1",2873,"ADH7",0,NA,NA,NA
"uniform_k1",2874,"PTGER4",5.57531554357116e-06,NA,NA,NA
"uniform_k1",2875,"GPER1",8.61720038791702e-06,NA,NA,NA
"uniform_k1",2876,"DNMT1",4.56882288469851e-05,NA,NA,NA
"uniform_k1",2877,"GRIN2B",0.000317728868907574,NA,NA,NA
"uniform_k1",2878,"FOXM1",1.90088265561439e-06,NA,NA,NA
"uniform_k1",2879,"NR1H3",0,NA,NA,NA
"uniform_k1",2880,"SCN8A",0,NA,NA,NA
"uniform_k1",2881,"CHRM1",6.15364589550138e-05,NA,NA,NA
"uniform_k1",2882,"PLB1",0.00110895479500295,NA,NA,NA
"uniform_k1",2883,"DGAT1",0.000583801314570143,NA,NA,NA
"uniform_k1",2884,"SLC10A1",8.11595436944756e-05,NA,NA,NA
"uniform_k1",2885,"SRD5A2",3.08503783238434e-05,NA,NA,NA
"uniform_k1",2886,"HTR7",2.21651978515869e-06,NA,NA,NA
"uniform_k1",2887,"CYP26C1",0,NA,NA,NA
"uniform_k1",2888,"PTAFR",0,NA,NA,NA
"uniform_k1",2889,"HDAC4",8.23760862456169e-06,NA,NA,NA
"uniform_k1",2890,"IGF2",1.43217522315942e-05,NA,NA,NA
"uniform_k1",2891,"SLC5A1",1.62831065815272e-05,NA,NA,NA
"uniform_k1",2892,"AGTR2",0,NA,NA,NA
"uniform_k1",2893,"KCNJ15",0,NA,NA,NA
"uniform_k1",2894,"HK2",0.000296209764147126,NA,NA,NA
"uniform_k1",2895,"IDE",1.32413576375834e-05,NA,NA,NA
"uniform_k1",2896,"RORA",0.00130690437409919,NA,NA,NA
"uniform_k1",2897,"GAD1",0.000786829139807432,NA,NA,NA
"uniform_k1",2898,"ATF6",1.47631880090815e-05,NA,NA,NA
"uniform_k1",2899,"NFATC2",1.95162479730282e-05,NA,NA,NA
"uniform_k1",2900,"SOX9",0.000102527928081186,NA,NA,NA
"uniform_k1",2901,"YWHAZ",0.000329867224154401,NA,NA,NA
"uniform_k1",2902,"SIRT6",5.06879720008069e-06,NA,NA,NA
"uniform_k1",2903,"STAT1",0.000487010105838959,NA,NA,NA
"uniform_k1",2904,"TNNI3",8.64888291552957e-05,NA,NA,NA
"uniform_k1",2905,"COL3A1",0,NA,NA,NA
"uniform_k1",2906,"ATM",2.74398232945616e-05,NA,NA,NA
"uniform_k1",2907,"CCND1",0.000116503278948743,NA,NA,NA
"uniform_k1",2908,"POR",3.92763746058788e-05,NA,NA,NA
"uniform_k1",2909,"HTR2B",3.80070954153489e-06,NA,NA,NA
"uniform_k1",2910,"APOA4",2.27717166977337e-05,NA,NA,NA
"uniform_k1",2911,"CHRNA5",1.55794812480847e-05,NA,NA,NA
"uniform_k1",2912,"DDIT3",5.44896803789108e-06,NA,NA,NA
"uniform_k1",2913,"MT-CYB",0.000203007681716216,NA,NA,NA
"uniform_k1",2914,"FGF23",6.25962068182551e-05,NA,NA,NA
"uniform_k1",2915,"MCL1",1.67940085561424e-05,NA,NA,NA
"uniform_k1",2916,"WEE1",0,NA,NA,NA
"uniform_k1",2917,"MAP1LC3B",8.68078161708752e-06,NA,NA,NA
"uniform_k1",2918,"CXCL13",0,NA,NA,NA
"uniform_k1",2919,"CLIP1",0,NA,NA,NA
"uniform_k1",2920,"PPP2CB",0,NA,NA,NA
"uniform_k1",2921,"UGT1A3",1.26699491542759e-06,NA,NA,NA
"uniform_k1",2922,"CYP51A1",3.41436506348103e-05,NA,NA,NA
"uniform_k1",2923,"ATP2B3",0,NA,NA,NA
"uniform_k1",2924,"IL2",8.48661529537775e-05,NA,NA,NA
"uniform_k1",2925,"HTR2B",3.80070954153489e-06,NA,NA,NA
"uniform_k1",2926,"CASQ1",2.53341735867441e-06,NA,NA,NA
"uniform_k1",2927,"HSPA1B",2.53472574274216e-06,NA,NA,NA
"uniform_k1",2928,"HCN4",0.00104282749963691,NA,NA,NA
"uniform_k1",2929,"KCNJ8",1.89387005555819e-05,NA,NA,NA
"uniform_k1",2930,"DGAT1",0.000583801314570143,NA,NA,NA
"uniform_k1",2931,"RPS6KA3",0,NA,NA,NA
"uniform_k1",2932,"AKT2",0,NA,NA,NA
"uniform_k1",2933,"MOCOS",1.83708339053235e-05,NA,NA,NA
"uniform_k1",2934,"ARF1",2.85051391907265e-05,NA,NA,NA
"uniform_k1",2935,"KHK",0,NA,NA,NA
"uniform_k1",2936,"PARP1",0.000202075672702362,NA,NA,NA
"uniform_k1",2937,"ELOVL6",0,NA,NA,NA
"uniform_k1",2938,"CP",4.75143862451732e-05,NA,NA,NA
"uniform_k1",2939,"P2RX7",5.59297818042426e-05,NA,NA,NA
"uniform_k1",2940,"COL1A1",0.000181222784889745,NA,NA,NA
"uniform_k1",2941,"ACHE",0.000111252964972719,NA,NA,NA
"uniform_k1",2942,"DNAJC5",5.30276407040287e-05,NA,NA,NA
"uniform_k1",2943,"ERBB3",0,NA,NA,NA
"uniform_k1",2944,"SLC2A1",0.000140046836469954,NA,NA,NA
"uniform_k1",2945,"ELK1",0,NA,NA,NA
"uniform_k1",2946,"GNMT",0,NA,NA,NA
"uniform_k1",2947,"KLK5",0,NA,NA,NA
"uniform_k1",2948,"IMPDH2",1.60872446202109e-05,NA,NA,NA
"uniform_k1",2949,"ADH1A",0,NA,NA,NA
"uniform_k1",2950,"RNASE1",0,NA,NA,NA
"uniform_k1",2951,"TAC1",0.001463424927591,NA,NA,NA
"uniform_k1",2952,"MMP9",0.000204115785623737,NA,NA,NA
"uniform_k1",2953,"HSPA5",0.000228473516780459,NA,NA,NA
"uniform_k1",2954,"DHRS4",0,NA,NA,NA
"uniform_k1",2955,"BAX",8.97923976903581e-05,NA,NA,NA
"uniform_k1",2956,"PPP3CA",1.20382530055529e-05,NA,NA,NA
"uniform_k1",2957,"CKB",5.32096942710281e-05,NA,NA,NA
"uniform_k1",2958,"HTR6",2.29298407665723e-05,NA,NA,NA
"uniform_k1",2959,"CYBB",6.42615564472315e-05,NA,NA,NA
"uniform_k1",2960,"SLC8A2",0,NA,NA,NA
"uniform_k1",2961,"PRDX5",0,NA,NA,NA
"uniform_k1",2962,"CD36",0.000286748685116911,NA,NA,NA
"uniform_k1",2963,"COX7B",0,NA,NA,NA
"uniform_k1",2964,"AADAT",3.54591244267066e-06,NA,NA,NA
"uniform_k1",2965,"NAAA",0,NA,NA,NA
"uniform_k1",2966,"DDB1",2.07812890326009e-05,NA,NA,NA
"uniform_k1",2967,"NEIL1",0,NA,NA,NA
"uniform_k1",2968,"HSPA5",0.000228473516780459,NA,NA,NA
"uniform_k1",2969,"ADH6",4.11775851749674e-06,NA,NA,NA
"uniform_k1",2970,"SCN5A",0.000167082927235662,NA,NA,NA
"uniform_k1",2971,"AGT",0.000967403269813816,NA,NA,NA
"uniform_k1",2972,"HDAC6",0.00238463941154432,NA,NA,NA
"uniform_k1",2973,"PDE4D",1.08964365290731e-05,NA,NA,NA
"uniform_k1",2974,"COL3A1",0,NA,NA,NA
"uniform_k1",2975,"ADRA2C",1.26052450867276e-05,NA,NA,NA
"uniform_k1",2976,"GOT1",5.88174838508371e-05,NA,NA,NA
"uniform_k1",2977,"SMAD1",0,NA,NA,NA
"uniform_k1",2978,"PTEN",0.000112385888386912,NA,NA,NA
"uniform_k1",2979,"RBP1",1.67206208291359e-05,NA,NA,NA
"uniform_k1",2980,"SLC11A2",1.77338485018996e-06,NA,NA,NA
"uniform_k1",2981,"COL3A1",0,NA,NA,NA
"uniform_k1",2982,"IKBKB",6.84471676271059e-06,NA,NA,NA
"uniform_k1",2983,"PDE4B",1.76110095406745e-05,NA,NA,NA
"uniform_k1",2984,"PHOSPHO1",8.36011896465649e-06,NA,NA,NA
"uniform_k1",2985,"LRAT",5.06328770298881e-05,NA,NA,NA
"uniform_k1",2986,"CD86",0,NA,NA,NA
"uniform_k1",2987,"DUOX2",0.00118948957190246,NA,NA,NA
"uniform_k1",2988,"ACTG2",0,NA,NA,NA
"uniform_k1",2989,"ITPR2",6.33550958140106e-07,NA,NA,NA
"uniform_k1",2990,"EIF4G1",1.23532645966984e-05,NA,NA,NA
"uniform_k1",2991,"ADRB1",3.16756855778255e-06,NA,NA,NA
"uniform_k1",2992,"TRPV1",0.00166711359586047,NA,NA,NA
"uniform_k1",2993,"SLC6A2",0,NA,NA,NA
"uniform_k1",2994,"SCN2A",9.6829057864789e-05,NA,NA,NA
"uniform_k1",2995,"ADORA1",2.74909074123864e-05,NA,NA,NA
"uniform_k1",2996,"PRKCD",2.05317703156904e-05,NA,NA,NA
"uniform_k1",2997,"FABP3",6.33463026478154e-07,NA,NA,NA
"uniform_k1",2998,"AANAT",0,NA,NA,NA
"uniform_k1",2999,"TNFRSF1A",1.26749186291075e-05,NA,NA,NA
"uniform_k1",3000,"NDUFV2",0,NA,NA,NA
"uniform_k1",3001,"FASLG",6.21033622971723e-06,NA,NA,NA
"uniform_k1",3002,"UGT2B4",1.61543980341516e-05,NA,NA,NA
"uniform_k1",3003,"METTL3",0,NA,NA,NA
"uniform_k1",3004,"CS",0.000203624857343709,NA,NA,NA
"uniform_k1",3005,"PPIA",3.28180373492248e-05,NA,NA,NA
"uniform_k1",3006,"MYH6",5.61947915448391e-05,NA,NA,NA
"uniform_k1",3007,"GABRA5",0,NA,NA,NA
"uniform_k1",3008,"NPPA",7.28658572474172e-05,NA,NA,NA
"uniform_k1",3009,"RHOA",0.000165621123898174,NA,NA,NA
"uniform_k1",3010,"FGFR2",9.18874357280774e-06,NA,NA,NA
"uniform_k1",3011,"SLC6A2",0,NA,NA,NA
"uniform_k1",3012,"COL1A2",8.49027404237201e-06,NA,NA,NA
"uniform_k1",3013,"SULT2A1",1.31748566971623e-05,NA,NA,NA
"uniform_k1",3014,"RXRA",0.000142637488181885,NA,NA,NA
"uniform_k1",3015,"GSR",0.00032731672891706,NA,NA,NA
"uniform_k1",3016,"FGF4",2.2179929671795e-06,NA,NA,NA
"uniform_k1",3017,"CFLAR",6.33631245472444e-07,NA,NA,NA
"uniform_k1",3018,"BIRC5",3.23786530762593e-05,NA,NA,NA
"uniform_k1",3019,"KRT2",0,NA,NA,NA
"uniform_k1",3020,"SERPINE1",0.000106720941403182,NA,NA,NA
"uniform_k1",3021,"NEU1",0,NA,NA,NA
"uniform_k1",3022,"SIRT2",1.36869569887788e-05,NA,NA,NA
"uniform_k1",3023,"DLG3",1.07692098152423e-05,NA,NA,NA
"uniform_k1",3024,"CBR3",0,NA,NA,NA
"uniform_k1",3025,"TNFAIP6",4.94186435140431e-06,NA,NA,NA
"uniform_k1",3026,"GLUL",0.000147191537224312,NA,NA,NA
"uniform_k1",3027,"MT1X",0,NA,NA,NA
"uniform_k1",3028,"MAP3K5",7.04706361130958e-05,NA,NA,NA
"uniform_k1",3029,"PROC",3.8004925289048e-06,NA,NA,NA
"uniform_k1",3030,"WEE1",0,NA,NA,NA
"uniform_k1",3031,"CALR",4.38793673526172e-05,NA,NA,NA
"uniform_k1",3032,"SRC",0.0010396286840485,NA,NA,NA
"uniform_k1",3033,"RXRB",3.7531212242814e-05,NA,NA,NA
"uniform_k1",3034,"PPARGC1A",0.000942132031227727,NA,NA,NA
"uniform_k1",3035,"NOX4",3.0792080655373e-05,NA,NA,NA
"uniform_k1",3036,"CFLAR",6.33631245472444e-07,NA,NA,NA
"uniform_k1",3037,"COL11A2",7.28347388034845e-06,NA,NA,NA
"uniform_k1",3038,"POLB",0,NA,NA,NA
"uniform_k1",3039,"ORM2",0,NA,NA,NA
"uniform_k1",3040,"F10",1.53928141654047e-05,NA,NA,NA
"uniform_k1",3041,"HDAC2",2.26872919905086e-05,NA,NA,NA
"uniform_k1",3042,"PKIA",2.53383300530263e-06,NA,NA,NA
"uniform_k1",3043,"KYNU",3.41288525791406e-05,NA,NA,NA
"uniform_k1",3044,"TNFRSF10B",0,NA,NA,NA
"uniform_k1",3045,"GSTA2",5.30422370040862e-05,NA,NA,NA
"uniform_k1",3046,"CYP2A6",0.000367474741212792,NA,NA,NA
"uniform_k1",3047,"UCP3",0,NA,NA,NA
"uniform_k1",3048,"INS",0.00437927624027923,NA,NA,NA
"uniform_k1",3049,"RUNX1T1",0,NA,NA,NA
"uniform_k1",3050,"RUNX2",0.000299161144537541,NA,NA,NA
"uniform_k1",3051,"CXCL10",6.0199614313472e-06,NA,NA,NA
"uniform_k1",3052,"SLC47A1",0,NA,NA,NA
"uniform_k1",3053,"NOS2",2.38274351227474e-05,NA,NA,NA
"uniform_k1",3054,"ALDH1A1",0.000768800994206509,NA,NA,NA
"uniform_k1",3055,"ORM2",0,NA,NA,NA
"uniform_k1",3056,"KRT18",1.90069610461752e-06,NA,NA,NA
"uniform_k1",3057,"ATF3",8.55513091113647e-06,NA,NA,NA
"uniform_k1",3058,"PDE2A",0,NA,NA,NA
"uniform_k1",3059,"AKR1B10",1.92579176795382e-05,NA,NA,NA
"uniform_k1",3060,"CACNA1A",0.000251442934202317,NA,NA,NA
"uniform_k1",3061,"GABRG3",0,NA,NA,NA
"uniform_k1",3062,"SYT1",8.62163058744647e-05,NA,NA,NA
"uniform_k1",3063,"KCNJ15",0,NA,NA,NA
"uniform_k1",3064,"DGKD",3.99034614917415e-06,NA,NA,NA
"uniform_k1",3065,"VTN",6.33650236725458e-07,NA,NA,NA
"uniform_k1",3066,"ARRDC3",6.33407013395093e-07,NA,NA,NA
"uniform_k1",3067,"IL4",0.000213216805235672,NA,NA,NA
"uniform_k1",3068,"CACNA2D2",0,NA,NA,NA
"uniform_k1",3069,"VKORC1",4.64325427618206e-05,NA,NA,NA
"uniform_k1",3070,"HSD3B2",2.44539251612608e-05,NA,NA,NA
"uniform_k1",3071,"ATP5F1E",7.91669737976175e-06,NA,NA,NA
"uniform_k1",3072,"LRIG1",0,NA,NA,NA
"uniform_k1",3073,"JUNB",0,NA,NA,NA
"uniform_k1",3074,"FTL",4.87730474807435e-06,NA,NA,NA
"uniform_k1",3075,"LALBA",3.81683006253075e-05,NA,NA,NA
"uniform_k1",3076,"EGFR",0.00376976574950694,NA,NA,NA
"uniform_k1",3077,"KCNQ2",0.000154321192943452,NA,NA,NA
"uniform_k1",3078,"CXCL8",0.000252410434066541,NA,NA,NA
"uniform_k1",3079,"TUBA1C",0,NA,NA,NA
"uniform_k1",3080,"EDN1",0.000187385953273167,NA,NA,NA
"uniform_k1",3081,"CACNB4",5.59340801313812e-05,NA,NA,NA
"uniform_k1",3082,"YWHAZ",0.000329867224154401,NA,NA,NA
"uniform_k1",3083,"SLC7A1",0,NA,NA,NA
"uniform_k1",3084,"MAP1LC3A",0,NA,NA,NA
"uniform_k1",3085,"KCNH6",1.57066122082883e-05,NA,NA,NA
"uniform_k1",3086,"OPRM1",8.74989474437537e-05,NA,NA,NA
"uniform_k1",3087,"IMPDH1",3.87605638363375e-05,NA,NA,NA
"uniform_k1",3088,"TNNI3",8.64888291552957e-05,NA,NA,NA
"uniform_k1",3089,"PLD2",0.000135771725086054,NA,NA,NA
"uniform_k1",3090,"KCND3",0.00107729447119487,NA,NA,NA
"uniform_k1",3091,"CACNG4",8.23535373972728e-06,NA,NA,NA
"uniform_k1",3092,"TACR3",0,NA,NA,NA
"uniform_k1",3093,"ADRA2A",6.33347720935262e-07,NA,NA,NA
"uniform_k1",3094,"GSTM3",0,NA,NA,NA
"uniform_k1",3095,"STAT5B",1.13440953091182e-05,NA,NA,NA
"uniform_k1",3096,"GRIN2C",0,NA,NA,NA
"uniform_k1",3097,"MSI1",0,NA,NA,NA
"uniform_k1",3098,"HAMP",0.000187982524293195,NA,NA,NA
"uniform_k1",3099,"BCL2",0.00028337947071766,NA,NA,NA
"uniform_k1",3100,"MAP3K7",0.000279295362734966,NA,NA,NA
"uniform_k1",3101,"CKB",5.32096942710281e-05,NA,NA,NA
"uniform_k1",3102,"MECP2",0.000428908523146032,NA,NA,NA
"uniform_k1",3103,"GABRP",0,NA,NA,NA
"uniform_k1",3104,"NCF1",8.14327396577719e-05,NA,NA,NA
"uniform_k1",3105,"S100A8",5.866975145008e-05,NA,NA,NA
"uniform_k1",3106,"TACR1",0,NA,NA,NA
"uniform_k1",3107,"GCLC",8.05799891081538e-05,NA,NA,NA
"uniform_k1",3108,"ACHE",0.000111252964972719,NA,NA,NA
"uniform_k1",3109,"SMAD7",1.26728738392146e-06,NA,NA,NA
"uniform_k1",3110,"INSR",1.12798026006278e-05,NA,NA,NA
"uniform_k1",3111,"SLCO1A2",6.33397825744453e-07,NA,NA,NA
"uniform_k1",3112,"GSK3B",0.000254805416997517,NA,NA,NA
"uniform_k1",3113,"APLP1",0,NA,NA,NA
"uniform_k1",3114,"ADH5",7.50101523409041e-05,NA,NA,NA
"uniform_k1",3115,"NQO1",0.000518240501310552,NA,NA,NA
"uniform_k1",3116,"HTR2B",3.80070954153489e-06,NA,NA,NA
"uniform_k1",3117,"APOB",0.000254184152158166,NA,NA,NA
"uniform_k1",3118,"LMNB1",7.2866286621176e-06,NA,NA,NA
"uniform_k1",3119,"THBS1",7.4650161333345e-05,NA,NA,NA
"uniform_k1",3120,"YWHAE",2.37606312166738e-05,NA,NA,NA
"uniform_k1",3121,"ATF4",6.17859641668383e-05,NA,NA,NA
"uniform_k1",3122,"CAMK4",1.22274351069818e-05,NA,NA,NA
"uniform_k1",3123,"HGF",0,NA,NA,NA
"uniform_k1",3124,"PTEN",0.000112385888386912,NA,NA,NA
"uniform_k1",3125,"GRIN2C",0,NA,NA,NA
"uniform_k1",3126,"NR1H3",0,NA,NA,NA
"uniform_k1",3127,"QPRT",2.95780448075211e-05,NA,NA,NA
"uniform_k1",3128,"RXRA",0.000142637488181885,NA,NA,NA
"uniform_k1",3129,"TOMM70",0,NA,NA,NA
"uniform_k1",3130,"RRM2B",0,NA,NA,NA
"uniform_k1",3131,"GOT1",5.88174838508371e-05,NA,NA,NA
"uniform_k1",3132,"CDK2",1.73911829558504e-05,NA,NA,NA
"uniform_k1",3133,"TJP1",0.000326838626150905,NA,NA,NA
"uniform_k1",3134,"NR1H2",0,NA,NA,NA
"uniform_k1",3135,"RBP2",3.01152514644576e-05,NA,NA,NA
"uniform_k1",3136,"CYP1B1",1.26701867375623e-06,NA,NA,NA
"uniform_k1",3137,"XPO1",1.66633213304346e-05,NA,NA,NA
"uniform_k1",3138,"CA1",4.61079535398756e-05,NA,NA,NA
"uniform_k1",3139,"CPT1A",1.49157660161992e-05,NA,NA,NA
"uniform_k1",3140,"COX6B1",0,NA,NA,NA
"uniform_k1",3141,"PKD2",3.16666038624458e-06,NA,NA,NA
"uniform_k1",3142,"CD80",0,NA,NA,NA
"uniform_k1",3143,"MUC5AC",6.33425870422144e-07,NA,NA,NA
"uniform_k1",3144,"GSTZ1",0,NA,NA,NA
"uniform_k1",3145,"ALDH1A1",0.000768800994206509,NA,NA,NA
"uniform_k1",3146,"GP1BA",3.18056444478243e-05,NA,NA,NA
"uniform_k1",3147,"NKX3-1",0,NA,NA,NA
"uniform_k1",3148,"KCNH6",1.57066122082883e-05,NA,NA,NA
"uniform_k1",3149,"CYP19A1",0.000459651716543275,NA,NA,NA
"uniform_k1",3150,"GAD1",0.000786829139807432,NA,NA,NA
"uniform_k1",3151,"IL1B",0.000829865649814021,NA,NA,NA
"uniform_k1",3152,"NOX4",3.0792080655373e-05,NA,NA,NA
"uniform_k1",3153,"PLAT",2.05933169041828e-05,NA,NA,NA
"uniform_k1",3154,"MAP3K7",0.000279295362734966,NA,NA,NA
"uniform_k1",3155,"ADAMTS5",0,NA,NA,NA
"uniform_k1",3156,"GSTM1",0.000122658682697341,NA,NA,NA
"uniform_k1",3157,"SREBF1",0.000334685132546086,NA,NA,NA
"uniform_k1",3158,"AGT",0.000967403269813816,NA,NA,NA
"uniform_k1",3159,"MYB",0,NA,NA,NA
"uniform_k1",3160,"AURKA",5.49029298524406e-05,NA,NA,NA
"uniform_k1",3161,"COX6B1",0,NA,NA,NA
"uniform_k1",3162,"PTEN",0.000112385888386912,NA,NA,NA
"uniform_k1",3163,"TP73",6.33561354046464e-07,NA,NA,NA
"uniform_k1",3164,"CHRNA9",1.46296272366397e-05,NA,NA,NA
"uniform_k1",3165,"ELOVL2",0,NA,NA,NA
"uniform_k1",3166,"YWHAE",2.37606312166738e-05,NA,NA,NA
"uniform_k1",3167,"SHANK1",1.22897159903212e-05,NA,NA,NA
"uniform_k1",3168,"TYRP1",6.65147512002306e-06,NA,NA,NA
"uniform_k1",3169,"VTN",6.33650236725458e-07,NA,NA,NA
"uniform_k1",3170,"KCNJ8",1.89387005555819e-05,NA,NA,NA
"uniform_k1",3171,"AXIN2",0,NA,NA,NA
"uniform_k1",3172,"PPIF",5.98208087934093e-05,NA,NA,NA
"uniform_k1",3173,"IL33",0,NA,NA,NA
"uniform_k1",3174,"GRIN3A",0,NA,NA,NA
"uniform_k1",3175,"ANPEP",7.21688108924479e-05,NA,NA,NA
"uniform_k1",3176,"CYP2A6",0.000367474741212792,NA,NA,NA
"uniform_k1",3177,"GAS6",1.2544836703432e-05,NA,NA,NA
"uniform_k1",3178,"KCNA3",7.03184449912797e-06,NA,NA,NA
"uniform_k1",3179,"RHO",0.00017143146028642,NA,NA,NA
"uniform_k1",3180,"GABRG2",6.25131802217682e-05,NA,NA,NA
"uniform_k1",3181,"KCNA3",7.03184449912797e-06,NA,NA,NA
"uniform_k1",3182,"ACTR1A",0.00117031116279964,NA,NA,NA
"uniform_k1",3183,"SRC",0.0010396286840485,NA,NA,NA
"uniform_k1",3184,"LBP",1.90061939919772e-06,NA,NA,NA
"uniform_k1",3185,"RBP2",3.01152514644576e-05,NA,NA,NA
"uniform_k1",3186,"RAF1",1.33718501759139e-05,NA,NA,NA
"uniform_k1",3187,"SLC1A6",0,NA,NA,NA
"uniform_k1",3188,"TUBG1",1.58373381198285e-06,NA,NA,NA
"uniform_k1",3189,"HSD17B2",0,NA,NA,NA
"uniform_k1",3190,"MAPT",0.000248151462638568,NA,NA,NA
"uniform_k1",3191,"GABRA2",5.10094626082758e-05,NA,NA,NA
"uniform_k1",3192,"HSF1",0,NA,NA,NA
"uniform_k1",3193,"AMY2B",0,NA,NA,NA
"uniform_k1",3194,"DNPEP",0,NA,NA,NA
"uniform_k1",3195,"MAOB",5.4236212515657e-05,NA,NA,NA
"uniform_k1",3196,"ESRRB",2.36306737284586e-05,NA,NA,NA
"uniform_k1",3197,"ATR",0,NA,NA,NA
"uniform_k1",3198,"ADRA1A",0,NA,NA,NA
"uniform_k1",3199,"MAPT",0.000248151462638568,NA,NA,NA
"uniform_k1",3200,"AHCYL1",1.90022934498657e-06,NA,NA,NA
"uniform_k1",3201,"CACNA2D3",0,NA,NA,NA
"uniform_k1",3202,"SLC6A8",0,NA,NA,NA
"uniform_k1",3203,"CALM1",5.91918174835948e-05,NA,NA,NA
"uniform_k1",3204,"CALCR",3.30019686509697e-05,NA,NA,NA
"uniform_k1",3205,"PLEK",3.16787882370662e-06,NA,NA,NA
"uniform_k1",3206,"PARP1",0.000202075672702362,NA,NA,NA
"uniform_k1",3207,"CPT1B",0,NA,NA,NA
"uniform_k1",3208,"RASGRF1",5.25865086087318e-06,NA,NA,NA
"uniform_k1",3209,"KLK3",0.00125308407979507,NA,NA,NA
"uniform_k1",3210,"COL1A2",8.49027404237201e-06,NA,NA,NA
"uniform_k1",3211,"GP1BA",3.18056444478243e-05,NA,NA,NA
"uniform_k1",3212,"E2F2",0,NA,NA,NA
"uniform_k1",3213,"NFKBIA",5.47616073202084e-05,NA,NA,NA
"uniform_k1",3214,"APOB",0.000254184152158166,NA,NA,NA
"uniform_k1",3215,"PDE6C",0,NA,NA,NA
"uniform_k1",3216,"PRKCE",5.79752275315926e-05,NA,NA,NA
"uniform_k1",3217,"ATP2A1",4.62343104201679e-06,NA,NA,NA
"uniform_k1",3218,"XDH",0.000207347108110545,NA,NA,NA
"uniform_k1",3219,"CDKN2A",0.000523536323894791,NA,NA,NA
"uniform_k1",3220,"LPO",0,NA,NA,NA
"uniform_k1",3221,"HCRTR2",0,NA,NA,NA
"uniform_k1",3222,"RTCB",0,NA,NA,NA
"uniform_k1",3223,"CYP2C9",0.000117781048131316,NA,NA,NA
"uniform_k1",3224,"HDAC1",0.00033891246936113,NA,NA,NA
"uniform_k1",3225,"PON1",7.22265572195013e-06,NA,NA,NA
"uniform_k1",3226,"IFNG",3.71450469081047e-05,NA,NA,NA
"uniform_k1",3227,"DRD4",1.19735525129228e-05,NA,NA,NA
"uniform_k1",3228,"CACNA1C",0.000498320638157024,NA,NA,NA
"uniform_k1",3229,"NAAA",0,NA,NA,NA
"uniform_k1",3230,"ADH6",4.11775851749674e-06,NA,NA,NA
"uniform_k1",3231,"TNFAIP6",4.94186435140431e-06,NA,NA,NA
"uniform_k1",3232,"OPRD1",0,NA,NA,NA
"uniform_k1",3233,"CCL2",3.6509767629811e-05,NA,NA,NA
"uniform_k1",3234,"RDH11",6.71381155781248e-06,NA,NA,NA
"uniform_k1",3235,"AIFM1",1.58347085155164e-06,NA,NA,NA
"uniform_k1",3236,"SHANK1",1.22897159903212e-05,NA,NA,NA
"uniform_k1",3237,"VWF",5.62078033525815e-05,NA,NA,NA
"uniform_k1",3238,"DHODH",1.42497466326663e-05,NA,NA,NA
"uniform_k1",3239,"SCN4B",6.14500670026441e-06,NA,NA,NA
"uniform_k1",3240,"SNAI1",9.50644381658705e-07,NA,NA,NA
"uniform_k1",3241,"TGM2",0,NA,NA,NA
"uniform_k1",3242,"MGST1",0,NA,NA,NA
"uniform_k1",3243,"PROC",3.8004925289048e-06,NA,NA,NA
"uniform_k1",3244,"TNFRSF9",0,NA,NA,NA
"uniform_k1",3245,"CTSK",0.000205253306110875,NA,NA,NA
"uniform_k1",3246,"OAT",1.33641726925982e-05,NA,NA,NA
"uniform_k1",3247,"NFKBIA",5.47616073202084e-05,NA,NA,NA
"uniform_k1",3248,"SLC6A2",0,NA,NA,NA
"uniform_k1",3249,"DGKA",5.13043205019326e-06,NA,NA,NA
"uniform_k1",3250,"GRIN2B",0.000317728868907574,NA,NA,NA
"uniform_k1",3251,"GCG",0.000221045982158996,NA,NA,NA
"uniform_k1",3252,"NR1H3",0,NA,NA,NA
"uniform_k1",3253,"F3",4.30244857466677e-05,NA,NA,NA
"uniform_k1",3254,"RHO",0.00017143146028642,NA,NA,NA
"uniform_k1",3255,"SRI",0,NA,NA,NA
"uniform_k1",3256,"NR4A1",4.04919306976614e-05,NA,NA,NA
"uniform_k1",3257,"HMOX1",0.000383241490365949,NA,NA,NA
"uniform_k1",3258,"PLA2G4A",0.000158908171599248,NA,NA,NA
"uniform_k1",3259,"ARF5",0,NA,NA,NA
"uniform_k1",3260,"MMP10",1.00093054868911e-05,NA,NA,NA
"uniform_k1",3261,"HSD3B2",2.44539251612608e-05,NA,NA,NA
"uniform_k1",3262,"UGT1A1",6.43666731126036e-05,NA,NA,NA
"uniform_k1",3263,"GABRQ",0,NA,NA,NA
"uniform_k1",3264,"IGF1",0.000380119663706879,NA,NA,NA
"uniform_k1",3265,"BAX",8.97923976903581e-05,NA,NA,NA
"uniform_k1",3266,"PTGDS",0.0001023719829093,NA,NA,NA
"uniform_k1",3267,"F7",0.00116938158797564,NA,NA,NA
"uniform_k1",3268,"FGF4",2.2179929671795e-06,NA,NA,NA
"uniform_k1",3269,"EPOR",4.26416671160945e-05,NA,NA,NA
"uniform_k1",3270,"PIK3CD",0,NA,NA,NA
"uniform_k1",3271,"COL1A2",8.49027404237201e-06,NA,NA,NA
"uniform_k1",3272,"APLP1",0,NA,NA,NA
"uniform_k1",3273,"MAPK14",6.8388883402215e-05,NA,NA,NA
"uniform_k1",3274,"CBR1",3.06594182049036e-05,NA,NA,NA
"uniform_k1",3275,"KCNQ2",0.000154321192943452,NA,NA,NA
"uniform_k1",3276,"CD14",0,NA,NA,NA
"uniform_k1",3277,"SYT1",8.62163058744647e-05,NA,NA,NA
"uniform_k1",3278,"ATR",0,NA,NA,NA
"uniform_k1",3279,"AHSP",1.89993871424488e-06,NA,NA,NA
"uniform_k1",3280,"BAK1",0,NA,NA,NA
"uniform_k1",3281,"CASP3",0.000462575099730467,NA,NA,NA
"uniform_k1",3282,"PDE4B",1.76110095406745e-05,NA,NA,NA
"uniform_k1",3283,"NNT",0,NA,NA,NA
"uniform_k1",3284,"VLDLR",0,NA,NA,NA
"uniform_k1",3285,"NFE2L2",7.2947073822438e-05,NA,NA,NA
"uniform_k1",3286,"IMPDH1",3.87605638363375e-05,NA,NA,NA
"uniform_k1",3287,"SNAI1",9.50644381658705e-07,NA,NA,NA
"uniform_k1",3288,"LPL",0.000483720734164583,NA,NA,NA
"uniform_k1",3289,"AURKC",0,NA,NA,NA
"uniform_k1",3290,"STAT1",0.000487010105838959,NA,NA,NA
"uniform_k1",3291,"GRIA4",0,NA,NA,NA
"uniform_k1",3292,"ATP2B3",0,NA,NA,NA
"uniform_k1",3293,"ACACA",7.98311027262466e-05,NA,NA,NA
"uniform_k1",3294,"UGT1A3",1.26699491542759e-06,NA,NA,NA
"uniform_k1",3295,"APOD",0.00195383273850436,NA,NA,NA
"uniform_k1",3296,"ELOVL6",0,NA,NA,NA
"uniform_k1",3297,"ACACA",7.98311027262466e-05,NA,NA,NA
"uniform_k1",3298,"UCHL1",0,NA,NA,NA
"uniform_k1",3299,"MAP1LC3A",0,NA,NA,NA
"uniform_k1",3300,"TFAM",0,NA,NA,NA
"uniform_k1",3301,"ALDH1A1",0.000768800994206509,NA,NA,NA
"uniform_k1",3302,"GPR35",0,NA,NA,NA
"uniform_k1",3303,"COX7B",0,NA,NA,NA
"uniform_k1",3304,"PGRMC1",1.54584083279508e-05,NA,NA,NA
"uniform_k1",3305,"AXIN2",0,NA,NA,NA
"uniform_k1",3306,"MAP2K1",0,NA,NA,NA
"uniform_k1",3307,"TNNI3",8.64888291552957e-05,NA,NA,NA
"uniform_k1",3308,"LPO",0,NA,NA,NA
"uniform_k1",3309,"CASP1",0.00024876408303065,NA,NA,NA
"uniform_k1",3310,"KRT2",0,NA,NA,NA
"uniform_k1",3311,"PCOLCE",0,NA,NA,NA
"uniform_k1",3312,"STAT3",0.000956982443180987,NA,NA,NA
"uniform_k1",3313,"SLC6A4",7.25412905625555e-05,NA,NA,NA
"uniform_k1",3314,"KCNJ2",0.00119679281819129,NA,NA,NA
"uniform_k1",3315,"SLC8A2",0,NA,NA,NA
"uniform_k1",3316,"PYGM",4.94772798226295e-05,NA,NA,NA
"uniform_k1",3317,"JUNB",0,NA,NA,NA
"uniform_k1",3318,"HDAC2",2.26872919905086e-05,NA,NA,NA
"uniform_k1",3319,"KDM1A",0,NA,NA,NA
"uniform_k1",3320,"MMP9",0.000204115785623737,NA,NA,NA
"uniform_k1",3321,"ACTB",0.0035966824210889,NA,NA,NA
"uniform_k1",3322,"MITF",2.87659544899732e-05,NA,NA,NA
"uniform_k1",3323,"PYGM",4.94772798226295e-05,NA,NA,NA
"uniform_k1",3324,"EIF2AK2",0.000116554297583948,NA,NA,NA
"uniform_k1",3325,"STAT5B",1.13440953091182e-05,NA,NA,NA
"uniform_k1",3326,"RYR2",4.78345186669671e-05,NA,NA,NA
"uniform_k1",3327,"NRP1",0.000102455056317119,NA,NA,NA
"uniform_k1",3328,"RBL1",0,NA,NA,NA
"uniform_k1",3329,"TJP1",0.000326838626150905,NA,NA,NA
"uniform_k1",3330,"GSTM2",0,NA,NA,NA
"uniform_k1",3331,"MYH6",5.61947915448391e-05,NA,NA,NA
"uniform_k1",3332,"FGF2",4.67782227966396e-05,NA,NA,NA
"uniform_k1",3333,"PTAFR",0,NA,NA,NA
"uniform_k1",3334,"HIF1A",0.000545020548238462,NA,NA,NA
"uniform_k1",3335,"SMO",0,NA,NA,NA
"uniform_k1",3336,"SOCS3",1.47020577304646e-05,NA,NA,NA
"uniform_k1",3337,"DBP",0,NA,NA,NA
"uniform_k1",3338,"TPO",1.92561135294866e-05,NA,NA,NA
"uniform_k1",3339,"PDE4A",1.34575381137703e-05,NA,NA,NA
"uniform_k1",3340,"GPR35",0,NA,NA,NA
"uniform_k1",3341,"KCNJ8",1.89387005555819e-05,NA,NA,NA
"uniform_k1",3342,"RBP1",1.67206208291359e-05,NA,NA,NA
"uniform_k1",3343,"GABRD",9.49995296650741e-07,NA,NA,NA
"uniform_k1",3344,"NNMT",2.43922960370124e-05,NA,NA,NA
"uniform_k1",3345,"KRT2",0,NA,NA,NA
"uniform_k1",3346,"ACTR1B",0,NA,NA,NA
"uniform_k1",3347,"F2RL1",1.81154153372498e-05,NA,NA,NA
"uniform_k1",3348,"FOS",0.000387693900821828,NA,NA,NA
"uniform_k1",3349,"ACTG1",2.72461711825489e-06,NA,NA,NA
"uniform_k1",3350,"LPL",0.000483720734164583,NA,NA,NA
"uniform_k1",3351,"APOB",0.000254184152158166,NA,NA,NA
"uniform_k1",3352,"SRR",0,NA,NA,NA
"uniform_k1",3353,"KCNA3",7.03184449912797e-06,NA,NA,NA
"uniform_k1",3354,"ACTBL2",0,NA,NA,NA
"uniform_k1",3355,"NNMT",2.43922960370124e-05,NA,NA,NA
"uniform_k1",3356,"METTL3",0,NA,NA,NA
"uniform_k1",3357,"DNPEP",0,NA,NA,NA
"uniform_k1",3358,"PNRC2",0,NA,NA,NA
"uniform_k1",3359,"ADCY2",0,NA,NA,NA
"uniform_k1",3360,"NANOG",9.82225146706206e-06,NA,NA,NA
"uniform_k1",3361,"ABAT",2.2801866788047e-06,NA,NA,NA
"uniform_k1",3362,"GRIN2A",0.000361526992004202,NA,NA,NA
"uniform_k1",3363,"SLC7A2",0,NA,NA,NA
"uniform_k1",3364,"AQP1",7.97847562783449e-06,NA,NA,NA
"uniform_k1",3365,"TAT",6.1444352762341e-05,NA,NA,NA
"uniform_k1",3366,"SCN1A",4.8526600018195e-05,NA,NA,NA
"uniform_k1",3367,"CBR1",3.06594182049036e-05,NA,NA,NA
"uniform_k1",3368,"FSHR",1.23538226016739e-05,NA,NA,NA
"uniform_k1",3369,"RYR1",8.59077355945814e-05,NA,NA,NA
"uniform_k1",3370,"TFRC",0.000239327299633385,NA,NA,NA
"uniform_k1",3371,"SERPINE1",0.000106720941403182,NA,NA,NA
"uniform_k1",3372,"GABRA1",0.000512519672648093,NA,NA,NA
"uniform_k1",3373,"RUNX1T1",0,NA,NA,NA
"uniform_k1",3374,"ADRB2",0.000148693401879507,NA,NA,NA
"uniform_k1",3375,"HDAC3",1.29907353231262e-05,NA,NA,NA
"uniform_k1",3376,"PPP2CB",0,NA,NA,NA
"uniform_k1",3377,"UGT1A9",0,NA,NA,NA
"uniform_k1",3378,"KCNH2",0.000463751185241779,NA,NA,NA
"uniform_k1",3379,"PPP2CB",0,NA,NA,NA
"uniform_k1",3380,"AFM",0,NA,NA,NA
"uniform_k1",3381,"BCL2L1",5.13395632928404e-05,NA,NA,NA
"uniform_k1",3382,"ACHE",0.000111252964972719,NA,NA,NA
"uniform_k1",3383,"SYK",5.32926492629038e-05,NA,NA,NA
"uniform_k1",3384,"TOP1",1.90060302329709e-06,NA,NA,NA
"uniform_k1",3385,"CRH",2.05295196740174e-05,NA,NA,NA
"uniform_k1",3386,"CACNA1D",0.00017135132572077,NA,NA,NA
"uniform_k1",3387,"SLC1A6",0,NA,NA,NA
"uniform_k1",3388,"IL10",0.000109475292591865,NA,NA,NA
"uniform_k1",3389,"DIO1",0,NA,NA,NA
"uniform_k1",3390,"RHO",0.00017143146028642,NA,NA,NA
"uniform_k1",3391,"CBR3",0,NA,NA,NA
"uniform_k1",3392,"NTRK1",3.04810969022906e-05,NA,NA,NA
"uniform_k1",3393,"MAPK8",0.00014699135508045,NA,NA,NA
"uniform_k1",3394,"GABRA2",5.10094626082758e-05,NA,NA,NA
"uniform_k1",3395,"PLA2G4A",0.000158908171599248,NA,NA,NA
"uniform_k1",3396,"AIMP2",0,NA,NA,NA
"uniform_k1",3397,"DBP",0,NA,NA,NA
"uniform_k1",3398,"CD86",0,NA,NA,NA
"uniform_k1",3399,"ABCB11",0,NA,NA,NA
"uniform_k1",3400,"PENK",0,NA,NA,NA
"uniform_k1",3401,"PDE7B",0,NA,NA,NA
"uniform_k1",3402,"KCNJ1",8.80361918675909e-06,NA,NA,NA
"uniform_k1",3403,"OLR1",0,NA,NA,NA
"uniform_k1",3404,"ANXA5",7.92192003495895e-06,NA,NA,NA
"uniform_k1",3405,"MMP9",0.000204115785623737,NA,NA,NA
"uniform_k1",3406,"CYP19A1",0.000459651716543275,NA,NA,NA
"uniform_k1",3407,"KCNN4",9.50269363275691e-06,NA,NA,NA
"uniform_k1",3408,"ATF1",3.16751357498646e-06,NA,NA,NA
"uniform_k1",3409,"PCYT1A",2.85706032163713e-05,NA,NA,NA
"uniform_k1",3410,"ELOVL5",0,NA,NA,NA
"uniform_k1",3411,"PGR",2.93426634963012e-05,NA,NA,NA
"uniform_k1",3412,"SLC8A2",0,NA,NA,NA
"uniform_k1",3413,"ATOX1",0,NA,NA,NA
"uniform_k1",3414,"HSPB1",6.97066364507837e-06,NA,NA,NA
"uniform_k1",3415,"CTSD",0.000133066364187417,NA,NA,NA
"uniform_k1",3416,"LDLR",0,NA,NA,NA
"uniform_k1",3417,"KRT18",1.90069610461752e-06,NA,NA,NA
"uniform_k1",3418,"PTX3",0,NA,NA,NA
"uniform_k1",3419,"GABRE",0,NA,NA,NA
"uniform_k1",3420,"CD83",0,NA,NA,NA
"uniform_k1",3421,"TRAF6",3.65690661311424e-05,NA,NA,NA
"uniform_k1",3422,"PCYT1A",2.85706032163713e-05,NA,NA,NA
"uniform_k1",3423,"GSTP1",0.0017997845794786,NA,NA,NA
"uniform_k1",3424,"NPEPPS",0,NA,NA,NA
"uniform_k1",3425,"RAPGEF4",2.51523475149895e-05,NA,NA,NA
"uniform_k1",3426,"SLC18A2",1.33665330134258e-05,NA,NA,NA
"uniform_k1",3427,"PTP4A1",0,NA,NA,NA
"uniform_k1",3428,"DLG1",6.50075176803488e-05,NA,NA,NA
"uniform_k1",3429,"PDE10A",6.52492584996001e-06,NA,NA,NA
"uniform_k1",3430,"CALCA",1.96344956293615e-06,NA,NA,NA
"uniform_k1",3431,"SCD",0.000143791042404695,NA,NA,NA
"uniform_k1",3432,"KIT",0.000262263529464124,NA,NA,NA
"uniform_k1",3433,"CBR3",0,NA,NA,NA
"uniform_k1",3434,"CFLAR",6.33631245472444e-07,NA,NA,NA
"uniform_k1",3435,"PTPN11",2.43987962315062e-05,NA,NA,NA
"uniform_k1",3436,"CDKN2A",0.000523536323894791,NA,NA,NA
"uniform_k1",3437,"SIGMAR1",0.000141138269685426,NA,NA,NA
"uniform_k1",3438,"ALDH1A3",0,NA,NA,NA
"uniform_k1",3439,"CYP2C8",0,NA,NA,NA
"uniform_k1",3440,"AMY1B",0.00114246836222298,NA,NA,NA
"uniform_k1",3441,"HNF4G",0,NA,NA,NA
"uniform_k1",3442,"PON1",7.22265572195013e-06,NA,NA,NA
"uniform_k1",3443,"GRIN2B",0.000317728868907574,NA,NA,NA
"uniform_k1",3444,"ACE",0.00145679149577593,NA,NA,NA
"uniform_k1",3445,"LPO",0,NA,NA,NA
"uniform_k1",3446,"ELOVL6",0,NA,NA,NA
"uniform_k1",3447,"BIRC3",6.3362084734564e-07,NA,NA,NA
"uniform_k1",3448,"ITGAL",2.85118848919463e-06,NA,NA,NA
"uniform_k1",3449,"EIF4EBP1",0,NA,NA,NA
"uniform_k1",3450,"SULT2A1",1.31748566971623e-05,NA,NA,NA
"uniform_k1",3451,"CACNG4",8.23535373972728e-06,NA,NA,NA
"uniform_k1",3452,"FOXM1",1.90088265561439e-06,NA,NA,NA
"uniform_k1",3453,"BCAT2",2.6019618702966e-05,NA,NA,NA
"uniform_k1",3454,"APOM",0,NA,NA,NA
"uniform_k1",3455,"FGF23",6.25962068182551e-05,NA,NA,NA
"uniform_k1",3456,"CXCL8",0.000252410434066541,NA,NA,NA
"uniform_k1",3457,"KLK5",0,NA,NA,NA
"uniform_k1",3458,"KCNJ14",0,NA,NA,NA
"uniform_k1",3459,"AGXT",0.000106059050095864,NA,NA,NA
"uniform_k1",3460,"EIF2AK2",0.000116554297583948,NA,NA,NA
"uniform_k1",3461,"ORM2",0,NA,NA,NA
"uniform_k1",3462,"ESRRA",6.99494678408907e-05,NA,NA,NA
"uniform_k1",3463,"FGFR2",9.18874357280774e-06,NA,NA,NA
"uniform_k1",3464,"CXADR",1.64676675717956e-06,NA,NA,NA
"uniform_k1",3465,"CALM3",0.000527160893726952,NA,NA,NA
"uniform_k1",3466,"SLC29A2",0,NA,NA,NA
"uniform_k1",3467,"ATR",0,NA,NA,NA
"uniform_k1",3468,"PTX3",0,NA,NA,NA
"uniform_k1",3469,"HTR6",2.29298407665723e-05,NA,NA,NA
"uniform_k1",3470,"SOX2",0.00140571719586968,NA,NA,NA
"uniform_k1",3471,"KCNA1",1.36823220714399e-05,NA,NA,NA
"uniform_k1",3472,"ATR",0,NA,NA,NA
"uniform_k1",3473,"SNAI2",6.33686013218338e-07,NA,NA,NA
"uniform_k1",3474,"RASA1",5.55702489675181e-05,NA,NA,NA
"uniform_k1",3475,"COL11A2",7.28347388034845e-06,NA,NA,NA
"uniform_k1",3476,"CLDN5",3.48460731747213e-06,NA,NA,NA
"uniform_k1",3477,"GSTP1",0.0017997845794786,NA,NA,NA
"uniform_k1",3478,"PLD2",0.000135771725086054,NA,NA,NA
"uniform_k1",3479,"CACNA2D2",0,NA,NA,NA
"uniform_k1",3480,"ATF4",6.17859641668383e-05,NA,NA,NA
"uniform_k1",3481,"BCHE",1.59661831168334e-05,NA,NA,NA
"uniform_k1",3482,"TYR",3.79481492692735e-05,NA,NA,NA
"uniform_k1",3483,"NCF1",8.14327396577719e-05,NA,NA,NA
"uniform_k1",3484,"ADH4",0,NA,NA,NA
"uniform_k1",3485,"CSF3",4.44861479179659e-05,NA,NA,NA
"uniform_k1",3486,"KHK",0,NA,NA,NA
"uniform_k1",3487,"KCNH7",0,NA,NA,NA
"uniform_k1",3488,"CD55",7.47448208604506e-06,NA,NA,NA
"uniform_k1",3489,"CTTN",2.99716390974591e-05,NA,NA,NA
"uniform_k1",3490,"GABRA4",0,NA,NA,NA
"uniform_k1",3491,"KCNJ6",2.88254911089414e-05,NA,NA,NA
"uniform_k1",3492,"PPARA",0.00137693094911007,NA,NA,NA
"uniform_k1",3493,"CACNA1B",0,NA,NA,NA
"uniform_k1",3494,"FABP3",6.33463026478154e-07,NA,NA,NA
"uniform_k1",3495,"BHLHE40",0,NA,NA,NA
"uniform_k1",3496,"PLAT",2.05933169041828e-05,NA,NA,NA
"uniform_k1",3497,"MARK4",0,NA,NA,NA
"uniform_k1",3498,"CRK",6.33660876869779e-06,NA,NA,NA
"uniform_k1",3499,"NTRK2",0.000178668928783821,NA,NA,NA
"uniform_k1",3500,"HDAC8",0,NA,NA,NA
"uniform_k1",3501,"F2RL1",1.81154153372498e-05,NA,NA,NA
"uniform_k1",3502,"SCN11A",4.43375248559974e-06,NA,NA,NA
"uniform_k1",3503,"NFATC3",3.48468834243665e-06,NA,NA,NA
"uniform_k1",3504,"MAPK11",0,NA,NA,NA
"uniform_k1",3505,"GABRA4",0,NA,NA,NA
"uniform_k1",3506,"LPL",0.000483720734164583,NA,NA,NA
"uniform_k1",3507,"PDK1",0,NA,NA,NA
"uniform_k1",3508,"MUC5AC",6.33425870422144e-07,NA,NA,NA
"uniform_k1",3509,"TLR2",1.15981297473811e-05,NA,NA,NA
"uniform_k1",3510,"ATP5F1E",7.91669737976175e-06,NA,NA,NA
"uniform_k1",3511,"MYH6",5.61947915448391e-05,NA,NA,NA
"uniform_k1",3512,"DSPP",0,NA,NA,NA
"uniform_k1",3513,"NPPB",3.61091583611639e-06,NA,NA,NA
"uniform_k1",3514,"XBP1",0.00130705850242441,NA,NA,NA
"uniform_k1",3515,"S100A13",2.28031262317074e-06,NA,NA,NA
"uniform_k1",3516,"SREBF2",1.69818952083789e-05,NA,NA,NA
"uniform_k1",3517,"IDO1",0.000463661718947295,NA,NA,NA
"uniform_k1",3518,"CYBB",6.42615564472315e-05,NA,NA,NA
"uniform_k1",3519,"QPRT",2.95780448075211e-05,NA,NA,NA
"uniform_k1",3520,"SLC2A2",5.38855759126822e-05,NA,NA,NA
"uniform_k1",3521,"BID",6.01936829902616e-06,NA,NA,NA
"uniform_k1",3522,"KYNU",3.41288525791406e-05,NA,NA,NA
"uniform_k1",3523,"SHANK1",1.22897159903212e-05,NA,NA,NA
"uniform_k1",3524,"OPRD1",0,NA,NA,NA
"uniform_k1",3525,"UGT1A9",0,NA,NA,NA
"uniform_k1",3526,"ABCA1",1.90091421303773e-06,NA,NA,NA
"uniform_k1",3527,"MMP2",1.88862703024428e-05,NA,NA,NA
"uniform_k1",3528,"PROM1",0.00127729251749653,NA,NA,NA
"uniform_k1",3529,"DPP4",0.00143001137023646,NA,NA,NA
"uniform_k1",3530,"GLB1",8.47570012040277e-05,NA,NA,NA
"uniform_k1",3531,"FXN",3.98458264223578e-05,NA,NA,NA
"uniform_k1",3532,"AKR1C3",0.000173978783267859,NA,NA,NA
"uniform_k1",3533,"RBP2",3.01152514644576e-05,NA,NA,NA
"uniform_k1",3534,"SOD1",0.00055040968937059,NA,NA,NA
"uniform_k1",3535,"CPT1B",0,NA,NA,NA
"uniform_k1",3536,"KCNMB4",0,NA,NA,NA
"uniform_k1",3537,"CDKN1C",1.58390438897982e-06,NA,NA,NA
"uniform_k1",3538,"CDK8",0,NA,NA,NA
"uniform_k1",3539,"CHUK",1.55270045979483e-05,NA,NA,NA
"uniform_k1",3540,"HCRTR1",0,NA,NA,NA
"uniform_k1",3541,"PPARA",0.00137693094911007,NA,NA,NA
"uniform_k1",3542,"POLA1",6.90421997273649e-06,NA,NA,NA
"uniform_k1",3543,"PLA2G2A",5.81866140334508e-05,NA,NA,NA
"uniform_k1",3544,"FOXP3",1.50821877838991e-05,NA,NA,NA
"uniform_k1",3545,"MUC5AC",6.33425870422144e-07,NA,NA,NA
"uniform_k1",3546,"ALDH2",5.15659678518299e-05,NA,NA,NA
"uniform_k1",3547,"LRIG1",0,NA,NA,NA
"uniform_k1",3548,"PTGIS",1.23522684530863e-05,NA,NA,NA
"uniform_k1",3549,"PDE5A",1.15913843198312e-05,NA,NA,NA
"uniform_k1",3550,"GSS",1.96391900666448e-05,NA,NA,NA
"uniform_k1",3551,"GLP1R",3.86497402737884e-06,NA,NA,NA
"uniform_k1",3552,"PTGFR",3.10411217574469e-06,NA,NA,NA
"uniform_k1",3553,"IMPDH2",1.60872446202109e-05,NA,NA,NA
"uniform_k1",3554,"COX6B1",0,NA,NA,NA
"uniform_k1",3555,"ATP1A2",4.63378248599655e-05,NA,NA,NA
"uniform_k1",3556,"CASQ1",2.53341735867441e-06,NA,NA,NA
"uniform_k1",3557,"TG",5.56234870203731e-05,NA,NA,NA
"uniform_k1",3558,"UCHL1",0,NA,NA,NA
"uniform_k1",3559,"DUOX2",0.00118948957190246,NA,NA,NA
"uniform_k1",3560,"CD55",7.47448208604506e-06,NA,NA,NA
"uniform_k1",3561,"PCOLCE",0,NA,NA,NA
"uniform_k1",3562,"MDM2",4.86757533122439e-05,NA,NA,NA
"uniform_k1",3563,"CACNA1B",0,NA,NA,NA
"uniform_k1",3564,"PIK3CA",2.52878809748891e-05,NA,NA,NA
"uniform_k1",3565,"VWF",5.62078033525815e-05,NA,NA,NA
"uniform_k1",3566,"SYK",5.32926492629038e-05,NA,NA,NA
"uniform_k1",3567,"MOCOS",1.83708339053235e-05,NA,NA,NA
"uniform_k1",3568,"KDM1A",0,NA,NA,NA
"uniform_k1",3569,"NFKBIE",0,NA,NA,NA
"uniform_k1",3570,"ADRA2A",6.33347720935262e-07,NA,NA,NA
"uniform_k1",3571,"MRC1",0,NA,NA,NA
"uniform_k1",3572,"NGF",7.00958583023104e-05,NA,NA,NA
"uniform_k1",3573,"AKR1D1",0.0010662752740489,NA,NA,NA
"uniform_k1",3574,"DHCR7",7.41792346372616e-05,NA,NA,NA
"uniform_k1",3575,"LPO",0,NA,NA,NA
"uniform_k1",3576,"PAPSS2",2.08994383624761e-05,NA,NA,NA
"uniform_k1",3577,"ATF2",1.14067009802099e-05,NA,NA,NA
"uniform_k1",3578,"MGAM",0.000137027144681112,NA,NA,NA
"uniform_k1",3579,"QPRT",2.95780448075211e-05,NA,NA,NA
"uniform_k1",3580,"HTR6",2.29298407665723e-05,NA,NA,NA
"uniform_k1",3581,"CXADR",1.64676675717956e-06,NA,NA,NA
"uniform_k1",3582,"TIMP2",0,NA,NA,NA
"uniform_k1",3583,"CHRNA4",0.00010936479964363,NA,NA,NA
"uniform_k1",3584,"CAT",1.06411717700761e-05,NA,NA,NA
"uniform_k1",3585,"F10",1.53928141654047e-05,NA,NA,NA
"uniform_k1",3586,"UGT2B4",1.61543980341516e-05,NA,NA,NA
"uniform_k1",3587,"CYP1A1",0.000371673359131575,NA,NA,NA
"uniform_k1",3588,"PLD1",0,NA,NA,NA
"uniform_k1",3589,"KCNQ2",0.000154321192943452,NA,NA,NA
"uniform_k1",3590,"DNAJC5",5.30276407040287e-05,NA,NA,NA
"uniform_k1",3591,"LALBA",3.81683006253075e-05,NA,NA,NA
"uniform_k1",3592,"NCOA6",0,NA,NA,NA
"uniform_k1",3593,"GPR18",0,NA,NA,NA
"uniform_k1",3594,"TNNI3",8.64888291552957e-05,NA,NA,NA
"uniform_k1",3595,"TFF1",9.5019484058767e-07,NA,NA,NA
"uniform_k1",3596,"GAD1",0.000786829139807432,NA,NA,NA
"uniform_k1",3597,"ACTG1",2.72461711825489e-06,NA,NA,NA
"uniform_k1",3598,"ACADM",0.000194896326079275,NA,NA,NA
"uniform_k1",3599,"HMGB1",1.24840005174542e-05,NA,NA,NA
"uniform_k1",3600,"SIGMAR1",0.000141138269685426,NA,NA,NA
"uniform_k1",3601,"ADRA1B",0,NA,NA,NA
"uniform_k1",3602,"MT2A",0.00087441544054756,NA,NA,NA
"uniform_k1",3603,"GANAB",0,NA,NA,NA
"uniform_k1",3604,"EREG",0,NA,NA,NA
"uniform_k1",3605,"PPP2CA",7.29428022572254e-05,NA,NA,NA
"uniform_k1",3606,"TRPM3",0,NA,NA,NA
"uniform_k1",3607,"HBA1",2.89514794086232e-05,NA,NA,NA
"uniform_k1",3608,"HMGCR",0.000154038156850445,NA,NA,NA
"uniform_k1",3609,"TGM2",0,NA,NA,NA
"uniform_k1",3610,"RHO",0.00017143146028642,NA,NA,NA
"uniform_k1",3611,"STAT3",0.000956982443180987,NA,NA,NA
"uniform_k1",3612,"VWF",5.62078033525815e-05,NA,NA,NA
"uniform_k1",3613,"CACNA1I",0,NA,NA,NA
"uniform_k1",3614,"SOD2",0.000296172336680667,NA,NA,NA
"uniform_k1",3615,"TNNI3",8.64888291552957e-05,NA,NA,NA
"uniform_k1",3616,"CCND1",0.000116503278948743,NA,NA,NA
"uniform_k1",3617,"GAP43",5.95559822758052e-06,NA,NA,NA
"uniform_k1",3618,"NCF4",0,NA,NA,NA
"uniform_k1",3619,"KRT2",0,NA,NA,NA
"uniform_k1",3620,"SMAD2",3.42235274195524e-05,NA,NA,NA
"uniform_k1",3621,"KHK",0,NA,NA,NA
"uniform_k1",3622,"ATP2B3",0,NA,NA,NA
"uniform_k1",3623,"CCND1",0.000116503278948743,NA,NA,NA
"uniform_k1",3624,"RYR2",4.78345186669671e-05,NA,NA,NA
"uniform_k1",3625,"BMP2",1.27361599282505e-05,NA,NA,NA
"uniform_k1",3626,"NQO1",0.000518240501310552,NA,NA,NA
"uniform_k1",3627,"ADCY1",8.87083575196179e-06,NA,NA,NA
"uniform_k1",3628,"CS",0.000203624857343709,NA,NA,NA
"uniform_k1",3629,"ZEB1",0,NA,NA,NA
"uniform_k1",3630,"AKR1C2",0,NA,NA,NA
"uniform_k1",3631,"ATOX1",0,NA,NA,NA
"uniform_k1",3632,"PTGER3",1.07329013246948e-05,NA,NA,NA
"uniform_k1",3633,"ABAT",2.2801866788047e-06,NA,NA,NA
"uniform_k1",3634,"NOX4",3.0792080655373e-05,NA,NA,NA
"uniform_k1",3635,"GAMT",4.09153874207924e-05,NA,NA,NA
"uniform_k1",3636,"VEGFC",0,NA,NA,NA
"uniform_k1",3637,"ICAM2",0,NA,NA,NA
"uniform_k1",3638,"CACNG6",0,NA,NA,NA
"uniform_k1",3639,"MAPK11",0,NA,NA,NA
"uniform_k1",3640,"CEBPA",7.73820750388232e-05,NA,NA,NA
"uniform_k1",3641,"PTGES2",2.81266331965124e-05,NA,NA,NA
"uniform_k1",3642,"ATP2C2",0,NA,NA,NA
"uniform_k1",3643,"ALAS1",5.9411598420489e-05,NA,NA,NA
"uniform_k1",3644,"ATP2A1",4.62343104201679e-06,NA,NA,NA
"uniform_k1",3645,"AKR1C1",5.66614851992275e-05,NA,NA,NA
"uniform_k1",3646,"HMOX1",0.000383241490365949,NA,NA,NA
"uniform_k1",3647,"RDH11",6.71381155781248e-06,NA,NA,NA
"uniform_k1",3648,"ABCC9",1.45674367513227e-06,NA,NA,NA
"uniform_k1",3649,"IL1A",0.00038306531858312,NA,NA,NA
"uniform_k1",3650,"GRIK2",0,NA,NA,NA
"uniform_k1",3651,"NCOA2",3.54820525111377e-05,NA,NA,NA
"uniform_k1",3652,"GLUD1",0.00010300883354164,NA,NA,NA
"uniform_k1",3653,"OAT",1.33641726925982e-05,NA,NA,NA
"uniform_k1",3654,"NR3C1",8.7083319149972e-05,NA,NA,NA
"uniform_k1",3655,"GRIN3A",0,NA,NA,NA
"uniform_k1",3656,"ABCB1",2.07166464523123e-05,NA,NA,NA
"uniform_k1",3657,"KCNQ2",0.000154321192943452,NA,NA,NA
"uniform_k1",3658,"CHRNB3",0,NA,NA,NA
"uniform_k1",3659,"PDE10A",6.52492584996001e-06,NA,NA,NA
"uniform_k1",3660,"AFP",5.4874124395865e-05,NA,NA,NA
"uniform_k1",3661,"MDH2",0.000134051798597046,NA,NA,NA
"uniform_k1",3662,"CYP7A1",0.000286565174003384,NA,NA,NA
"uniform_k1",3663,"CCNB1",1.05829380095956e-05,NA,NA,NA
"uniform_k1",3664,"STXBP1",8.80325064156473e-06,NA,NA,NA
"uniform_k1",3665,"TOP2A",1.51432024206866e-05,NA,NA,NA
"uniform_k1",3666,"COL1A1",0.000181222784889745,NA,NA,NA
"uniform_k1",3667,"CKB",5.32096942710281e-05,NA,NA,NA
"uniform_k1",3668,"ATP2B3",0,NA,NA,NA
"uniform_k1",3669,"GLP1R",3.86497402737884e-06,NA,NA,NA
"uniform_k1",3670,"EEF2K",3.67443795490363e-06,NA,NA,NA
"uniform_k1",3671,"GRIN2B",0.000317728868907574,NA,NA,NA
"uniform_k1",3672,"SCN4B",6.14500670026441e-06,NA,NA,NA
"uniform_k1",3673,"HCRT",0.000169339993540296,NA,NA,NA
"uniform_k1",3674,"HSP90AA1",0.000781176350650004,NA,NA,NA
"uniform_k1",3675,"PDE4B",1.76110095406745e-05,NA,NA,NA
"uniform_k1",3676,"ESR1",0.00102478911944048,NA,NA,NA
"uniform_k1",3677,"FOSL2",0,NA,NA,NA
"uniform_k1",3678,"TNFRSF11B",0,NA,NA,NA
"uniform_k1",3679,"SIRT1",0.000506319994551752,NA,NA,NA
"uniform_k1",3680,"OAZ1",0,NA,NA,NA
"uniform_k1",3681,"MAP1LC3B",8.68078161708752e-06,NA,NA,NA
"uniform_k1",3682,"SELP",5.7028163548134e-06,NA,NA,NA
"uniform_k1",3683,"VIM",5.2598025607753e-05,NA,NA,NA
"uniform_k1",3684,"FXN",3.98458264223578e-05,NA,NA,NA
"uniform_k1",3685,"FCER1A",0,NA,NA,NA
"uniform_k1",3686,"PKD2",3.16666038624458e-06,NA,NA,NA
"uniform_k1",3687,"S100A7",0.00101836981567682,NA,NA,NA
"uniform_k1",3688,"NRF1",1.38741902355743e-05,NA,NA,NA
"uniform_k1",3689,"PLG",0.000475913758970048,NA,NA,NA
"uniform_k1",3690,"GYPA",0.000261429870861529,NA,NA,NA
"uniform_k1",3691,"IGFBP3",2.54114516418102e-05,NA,NA,NA
"uniform_k1",3692,"KCNMB4",0,NA,NA,NA
"uniform_k1",3693,"ADORA2B",0,NA,NA,NA
"uniform_k1",3694,"VWF",5.62078033525815e-05,NA,NA,NA
"uniform_k1",3695,"IFNG",3.71450469081047e-05,NA,NA,NA
"uniform_k1",3696,"PTH",0.00019439506068486,NA,NA,NA
"uniform_k1",3697,"PTGER1",3.16733579774908e-06,NA,NA,NA
"uniform_k1",3698,"PDE4D",1.08964365290731e-05,NA,NA,NA
"uniform_k1",3699,"CHRM3",0,NA,NA,NA
"uniform_k1",3700,"CACNG4",8.23535373972728e-06,NA,NA,NA
"uniform_k1",3701,"CD40LG",1.90089891605183e-06,NA,NA,NA
"uniform_k1",3702,"CNR2",0,NA,NA,NA
"uniform_k1",3703,"STAT3",0.000956982443180987,NA,NA,NA
"uniform_k1",3704,"SLC11A2",1.77338485018996e-06,NA,NA,NA
"uniform_k1",3705,"COL1A2",8.49027404237201e-06,NA,NA,NA
"uniform_k1",3706,"GLYAT",0,NA,NA,NA
"uniform_k1",3707,"GLA",5.69983816256503e-06,NA,NA,NA
"uniform_k1",3708,"MARK4",0,NA,NA,NA
"uniform_k1",3709,"CHEK2",2.4076159734765e-06,NA,NA,NA
"uniform_k1",3710,"PHB2",3.20568660923115e-05,NA,NA,NA
"uniform_k1",3711,"PRKAB1",0,NA,NA,NA
"uniform_k1",3712,"PLD2",0.000135771725086054,NA,NA,NA
"uniform_k1",3713,"CASP7",1.26727879179445e-06,NA,NA,NA
"uniform_k1",3714,"IL36A",0,NA,NA,NA
"uniform_k1",3715,"AKR1B10",1.92579176795382e-05,NA,NA,NA
"uniform_k1",3716,"SLC1A3",2.4134429150835e-05,NA,NA,NA
"uniform_k1",3717,"OAZ1",0,NA,NA,NA
"uniform_k1",3718,"ROS1",0,NA,NA,NA
"uniform_k1",3719,"AQP9",0,NA,NA,NA
"uniform_k1",3720,"DSPP",0,NA,NA,NA
"uniform_k1",3721,"PPIF",5.98208087934093e-05,NA,NA,NA
"uniform_k1",3722,"PFAS",0,NA,NA,NA
"uniform_k1",3723,"DSPP",0,NA,NA,NA
"uniform_k1",3724,"CCR6",0,NA,NA,NA
"uniform_k1",3725,"APOA1",0.00156761777246528,NA,NA,NA
"uniform_k1",3726,"SCN1A",4.8526600018195e-05,NA,NA,NA
"uniform_k1",3727,"MAPK1",6.82101559971171e-05,NA,NA,NA
"uniform_k1",3728,"BIRC2",2.53453445775431e-06,NA,NA,NA
"uniform_k1",3729,"SH3BP5",6.33329974131236e-07,NA,NA,NA
"uniform_k1",3730,"PIK3R1",5.3428249282339e-05,NA,NA,NA
"uniform_k1",3731,"MMP9",0.000204115785623737,NA,NA,NA
"uniform_k1",3732,"PIK3CD",0,NA,NA,NA
"uniform_k1",3733,"CASP9",0,NA,NA,NA
"uniform_k1",3734,"PHOSPHO1",8.36011896465649e-06,NA,NA,NA
"uniform_k1",3735,"POLA1",6.90421997273649e-06,NA,NA,NA
"uniform_k1",3736,"PPARD",4.39109792027548e-05,NA,NA,NA
"uniform_k1",3737,"RPL17",9.4906952489815e-05,NA,NA,NA
"uniform_k1",3738,"HAS2",0,NA,NA,NA
"uniform_k1",3739,"ESRRG",0.00109032893649263,NA,NA,NA
"uniform_k1",3740,"SLCO1A2",6.33397825744453e-07,NA,NA,NA
"uniform_k1",3741,"GRIN3A",0,NA,NA,NA
"uniform_k1",3742,"FOXO3",4.79174602721066e-05,NA,NA,NA
"uniform_k1",3743,"PKD2",3.16666038624458e-06,NA,NA,NA
"uniform_k1",3744,"NTRK1",3.04810969022906e-05,NA,NA,NA
"uniform_k1",3745,"P2RX4",0,NA,NA,NA
"uniform_k1",3746,"NTRK1",3.04810969022906e-05,NA,NA,NA
"uniform_k1",3747,"PRMT3",0,NA,NA,NA
"uniform_k1",3748,"APP",0.00112835552814228,NA,NA,NA
"uniform_k1",3749,"TG",5.56234870203731e-05,NA,NA,NA
"uniform_k1",3750,"SLC8A2",0,NA,NA,NA
"uniform_k1",3751,"CDKN1A",2.78509173701202e-05,NA,NA,NA
"uniform_k1",3752,"PTP4A1",0,NA,NA,NA
"uniform_k1",3753,"TRPV2",1.87502442750009e-05,NA,NA,NA
"uniform_k1",3754,"RPL17",9.4906952489815e-05,NA,NA,NA
"uniform_k1",3755,"SFN",1.88836433614448e-05,NA,NA,NA
"uniform_k1",3756,"LY96",0,NA,NA,NA
"uniform_k1",3757,"DHFR",0.000279606338591143,NA,NA,NA
"uniform_k1",3758,"RAC1",1.74887232585741e-05,NA,NA,NA
"uniform_k1",3759,"CASP6",1.26723751903146e-06,NA,NA,NA
"uniform_k1",3760,"AQP3",0,NA,NA,NA
"uniform_k1",3761,"BDNF",0.000792185293056469,NA,NA,NA
"uniform_k1",3762,"BCL2",0.00028337947071766,NA,NA,NA
"uniform_k1",3763,"P4HB",2.24939291733062e-05,NA,NA,NA
"uniform_k1",3764,"CRYZ",0,NA,NA,NA
"uniform_k1",3765,"ABCG2",0.00154702083903102,NA,NA,NA
"uniform_k1",3766,"AGT",0.000967403269813816,NA,NA,NA
"uniform_k1",3767,"KIT",0.000262263529464124,NA,NA,NA
"uniform_k1",3768,"GABRA4",0,NA,NA,NA
"uniform_k1",3769,"STAT3",0.000956982443180987,NA,NA,NA
"uniform_k1",3770,"DDB1",2.07812890326009e-05,NA,NA,NA
"uniform_k1",3771,"CD80",0,NA,NA,NA
"uniform_k1",3772,"VCAM1",2.14834315839241e-05,NA,NA,NA
"uniform_k1",3773,"MAPK14",6.8388883402215e-05,NA,NA,NA
"uniform_k1",3774,"LGALS1",0,NA,NA,NA
"uniform_k1",3775,"APRT",5.32709672381726e-05,NA,NA,NA
"uniform_k1",3776,"PNP",0.000105291533052498,NA,NA,NA
"uniform_k1",3777,"CTSK",0.000205253306110875,NA,NA,NA
"uniform_k1",3778,"NR1H4",0.000150320210463128,NA,NA,NA
"uniform_k1",3779,"OLR1",0,NA,NA,NA
"uniform_k1",3780,"KCNQ2",0.000154321192943452,NA,NA,NA
"uniform_k1",3781,"RRM1",0.000117817230330219,NA,NA,NA
"uniform_k1",3782,"HDAC3",1.29907353231262e-05,NA,NA,NA
"uniform_k1",3783,"DHRS3",0,NA,NA,NA
"uniform_k1",3784,"CRYZ",0,NA,NA,NA
"uniform_k1",3785,"SIRT1",0.000506319994551752,NA,NA,NA
"uniform_k1",3786,"HMOX1",0.000383241490365949,NA,NA,NA
"uniform_k1",3787,"PIK3R1",5.3428249282339e-05,NA,NA,NA
"uniform_k1",3788,"ATG5",1.93264314094499e-05,NA,NA,NA
"uniform_k1",3789,"FN1",0.00237698824343124,NA,NA,NA
"uniform_k1",3790,"COX7B",0,NA,NA,NA
"uniform_k1",3791,"TNF",0.00134281467430086,NA,NA,NA
"uniform_k1",3792,"BMPR2",8.59954951424324e-05,NA,NA,NA
"uniform_k1",3793,"ADAMTS4",0,NA,NA,NA
"uniform_k1",3794,"VLDLR",0,NA,NA,NA
"uniform_k1",3795,"CHRNA9",1.46296272366397e-05,NA,NA,NA
"uniform_k1",3796,"SLC7A1",0,NA,NA,NA
"uniform_k1",3797,"TRAF2",5.75385733394551e-05,NA,NA,NA
"uniform_k1",3798,"RIPK1",9.50457768944535e-06,NA,NA,NA
"uniform_k1",3799,"NOS1",0.000381812082027921,NA,NA,NA
"uniform_k1",3800,"TRAF6",3.65690661311424e-05,NA,NA,NA
"uniform_k1",3801,"ACTB",0.0035966824210889,NA,NA,NA
"uniform_k1",3802,"NFKBIE",0,NA,NA,NA
"uniform_k1",3803,"AMY2B",0,NA,NA,NA
"uniform_k1",3804,"GPR18",0,NA,NA,NA
"uniform_k1",3805,"RUNX1T1",0,NA,NA,NA
"uniform_k1",3806,"ATF5",6.59972627514716e-05,NA,NA,NA
"uniform_k1",3807,"GPR83",0,NA,NA,NA
"uniform_k1",3808,"NRXN1",6.46433704953875e-05,NA,NA,NA
"uniform_k1",3809,"ADRA1B",0,NA,NA,NA
"uniform_k1",3810,"CAMK4",1.22274351069818e-05,NA,NA,NA
"uniform_k1",3811,"CACNA2D4",0,NA,NA,NA
"uniform_k1",3812,"SCN4B",6.14500670026441e-06,NA,NA,NA
"uniform_k1",3813,"CDH5",6.33662563265247e-06,NA,NA,NA
"uniform_k1",3814,"GAA",0,NA,NA,NA
"uniform_k1",3815,"FURIN",9.05415850372959e-05,NA,NA,NA
"uniform_k1",3816,"HRH1",0,NA,NA,NA
"uniform_k1",3817,"CACNA1I",0,NA,NA,NA
"uniform_k1",3818,"AKR1A1",6.17051045759265e-06,NA,NA,NA
"uniform_k1",3819,"CLDN1",4.94148239504888e-06,NA,NA,NA
"uniform_k1",3820,"HCN2",0,NA,NA,NA
"uniform_k1",3821,"TFF1",9.5019484058767e-07,NA,NA,NA
"uniform_k1",3822,"RDH5",1.18445408441303e-05,NA,NA,NA
"uniform_k1",3823,"ORM2",0,NA,NA,NA
"uniform_k1",3824,"SKP2",4.435492915289e-06,NA,NA,NA
"uniform_k1",3825,"TLR4",0.000516160551537248,NA,NA,NA
"uniform_k1",3826,"SLC2A1",0.000140046836469954,NA,NA,NA
"uniform_k1",3827,"DBH",9.818852931609e-06,NA,NA,NA
"uniform_k1",3828,"HNRNPA1",0.0011965986405017,NA,NA,NA
"uniform_k1",3829,"ACTB",0.0035966824210889,NA,NA,NA
"uniform_k1",3830,"BCL2L1",5.13395632928404e-05,NA,NA,NA
"uniform_k1",3831,"JDP2",0,NA,NA,NA
"uniform_k1",3832,"AFP",5.4874124395865e-05,NA,NA,NA
"uniform_k1",3833,"PLD1",0,NA,NA,NA
"uniform_k1",3834,"RBP1",1.67206208291359e-05,NA,NA,NA
"uniform_k1",3835,"ALB",0.00274688176313465,NA,NA,NA
"uniform_k1",3836,"LIPG",0,NA,NA,NA
"uniform_k1",3837,"CYP2A6",0.000367474741212792,NA,NA,NA
"uniform_k1",3838,"APOE",0.000621735352925756,NA,NA,NA
"uniform_k1",3839,"CACNA1B",0,NA,NA,NA
"uniform_k1",3840,"TG",5.56234870203731e-05,NA,NA,NA
"uniform_k1",3841,"LMNB1",7.2866286621176e-06,NA,NA,NA
"uniform_k1",3842,"ATOX1",0,NA,NA,NA
"uniform_k1",3843,"CHUK",1.55270045979483e-05,NA,NA,NA
"uniform_k1",3844,"SLC11A2",1.77338485018996e-06,NA,NA,NA
"uniform_k1",3845,"APP",0.00112835552814228,NA,NA,NA
"uniform_k1",3846,"CRBN",3.83289296229661e-05,NA,NA,NA
"uniform_k1",3847,"CALML5",7.42946995627713e-05,NA,NA,NA
"uniform_k1",3848,"NEDD4L",4.56173481240274e-05,NA,NA,NA
"uniform_k1",3849,"KRAS",0.00012277649828063,NA,NA,NA
"uniform_k1",3850,"CYP2C19",1.83094707274511e-05,NA,NA,NA
"uniform_k1",3851,"POLA1",6.90421997273649e-06,NA,NA,NA
"uniform_k1",3852,"HCN4",0.00104282749963691,NA,NA,NA
"uniform_k1",3853,"RPS6KB1",2.01533684008881e-05,NA,NA,NA
"uniform_k1",3854,"SLCO2B1",0,NA,NA,NA
"uniform_k1",3855,"TGFA",3.48528190785569e-06,NA,NA,NA
"uniform_k1",3856,"CCNA2",1.83133006516067e-05,NA,NA,NA
"uniform_k1",3857,"AHSA1",0,NA,NA,NA
"uniform_k1",3858,"JUNB",0,NA,NA,NA
"uniform_k1",3859,"ERBB3",0,NA,NA,NA
"uniform_k1",3860,"GAA",0,NA,NA,NA
"uniform_k1",3861,"TOP2B",0,NA,NA,NA
"uniform_k1",3862,"TUBB",0.000162866051467092,NA,NA,NA
"uniform_k1",3863,"BRCA1",0.00150305205251045,NA,NA,NA
"uniform_k1",3864,"CRH",2.05295196740174e-05,NA,NA,NA
"uniform_k1",3865,"ATOX1",0,NA,NA,NA
"uniform_k1",3866,"TTK",1.26686474088977e-06,NA,NA,NA
"uniform_k1",3867,"RASGRF1",5.25865086087318e-06,NA,NA,NA
"uniform_k1",3868,"LPCAT2",0,NA,NA,NA
"uniform_k1",3869,"RYR2",4.78345186669671e-05,NA,NA,NA
"uniform_k1",3870,"DKK1",0,NA,NA,NA
"uniform_k1",3871,"CHUK",1.55270045979483e-05,NA,NA,NA
"uniform_k1",3872,"NEDD4L",4.56173481240274e-05,NA,NA,NA
"uniform_k1",3873,"MAP2",5.57507217935349e-06,NA,NA,NA
"uniform_k1",3874,"AKT1",0.00346325271049452,NA,NA,NA
"uniform_k1",3875,"PTGDS",0.0001023719829093,NA,NA,NA
"uniform_k1",3876,"HAMP",0.000187982524293195,NA,NA,NA
"uniform_k1",3877,"RUNX3",2.26216416990832e-05,NA,NA,NA
"uniform_k1",3878,"OPA1",9.50142898359374e-07,NA,NA,NA
"uniform_k1",3879,"PRKCE",5.79752275315926e-05,NA,NA,NA
"uniform_k1",3880,"CYP1A1",0.000371673359131575,NA,NA,NA
"uniform_k1",3881,"LRP5",0,NA,NA,NA
"uniform_k1",3882,"SCN11A",4.43375248559974e-06,NA,NA,NA
"uniform_k1",3883,"ELOVL4",0,NA,NA,NA
"uniform_k1",3884,"NGF",7.00958583023104e-05,NA,NA,NA
"uniform_k1",3885,"GABRR1",0.000892072607181937,NA,NA,NA
"uniform_k1",3886,"TUBA1C",0,NA,NA,NA
"uniform_k1",3887,"POLB",0,NA,NA,NA
"uniform_k1",3888,"CDK2",1.73911829558504e-05,NA,NA,NA
"uniform_k1",3889,"ELOVL4",0,NA,NA,NA
"uniform_k1",3890,"PLB1",0.00110895479500295,NA,NA,NA
"uniform_k1",3891,"NQO1",0.000518240501310552,NA,NA,NA
"uniform_k1",3892,"NOX1",2.49654080184403e-05,NA,NA,NA
"uniform_k1",3893,"CD86",0,NA,NA,NA
"uniform_k1",3894,"GABRG1",0,NA,NA,NA
"uniform_k1",3895,"PRKCG",2.62982428581582e-05,NA,NA,NA
"uniform_k1",3896,"KCNJ2",0.00119679281819129,NA,NA,NA
"uniform_k1",3897,"MGAM",0.000137027144681112,NA,NA,NA
"uniform_k1",3898,"ADORA2A",0.00134091820301629,NA,NA,NA
"uniform_k1",3899,"CACNA1I",0,NA,NA,NA
"uniform_k1",3900,"CASP9",0,NA,NA,NA
"uniform_k1",3901,"ACTR1B",0,NA,NA,NA
"uniform_k1",3902,"TRPV3",0,NA,NA,NA
"uniform_k1",3903,"DGKA",5.13043205019326e-06,NA,NA,NA
"uniform_k1",3904,"PTK2",8.5307122116185e-05,NA,NA,NA
"uniform_k1",3905,"AURKB",0.000100012341094136,NA,NA,NA
"uniform_k1",3906,"PRKCE",5.79752275315926e-05,NA,NA,NA
"uniform_k1",3907,"BTK",0.000119272845312435,NA,NA,NA
"uniform_k1",3908,"TLR2",1.15981297473811e-05,NA,NA,NA
"uniform_k1",3909,"IFNG",3.71450469081047e-05,NA,NA,NA
"uniform_k1",3910,"PTGIS",1.23522684530863e-05,NA,NA,NA
"uniform_k1",3911,"IRAK1",2.62328604830886e-05,NA,NA,NA
"uniform_k1",3912,"ABAT",2.2801866788047e-06,NA,NA,NA
"uniform_k1",3913,"EGLN1",1.90063023630671e-06,NA,NA,NA
"uniform_k1",3914,"HTR2C",1.81821061465692e-05,NA,NA,NA
"uniform_k1",3915,"KCNJ5",8.95444816781943e-05,NA,NA,NA
"uniform_k1",3916,"PROM1",0.00127729251749653,NA,NA,NA
"uniform_k1",3917,"MAPK13",0,NA,NA,NA
"uniform_k1",3918,"PLD2",0.000135771725086054,NA,NA,NA
"uniform_k1",3919,"GLDC",4.87735973941916e-06,NA,NA,NA
"uniform_k1",3920,"EIF4E",1.3685843489597e-05,NA,NA,NA
"uniform_k1",3921,"ADORA2B",0,NA,NA,NA
"uniform_k1",3922,"SLC18A2",1.33665330134258e-05,NA,NA,NA
"uniform_k1",3923,"IGF2",1.43217522315942e-05,NA,NA,NA
"uniform_k1",3924,"GSR",0.00032731672891706,NA,NA,NA
"uniform_k1",3925,"RUNX3",2.26216416990832e-05,NA,NA,NA
"uniform_k1",3926,"ACACB",1.55840957074549e-05,NA,NA,NA
"uniform_k1",3927,"C3",4.60004945984638e-05,NA,NA,NA
"uniform_k1",3928,"CRK",6.33660876869779e-06,NA,NA,NA
"uniform_k1",3929,"AKT2",0,NA,NA,NA
"uniform_k1",3930,"AGXT",0.000106059050095864,NA,NA,NA
"uniform_k1",3931,"COL1A1",0.000181222784889745,NA,NA,NA
"uniform_k1",3932,"CRBN",3.83289296229661e-05,NA,NA,NA
"uniform_k1",3933,"SHANK1",1.22897159903212e-05,NA,NA,NA
"uniform_k1",3934,"SLC8A2",0,NA,NA,NA
"uniform_k1",3935,"CANX",2.08728829651506e-05,NA,NA,NA
"uniform_k1",3936,"GABRA1",0.000512519672648093,NA,NA,NA
"uniform_k1",3937,"SCN8A",0,NA,NA,NA
"uniform_k1",3938,"ALAS2",0.000126132338585272,NA,NA,NA
"uniform_k1",3939,"CDK5",0.000348117516928759,NA,NA,NA
"uniform_k1",3940,"C3",4.60004945984638e-05,NA,NA,NA
"uniform_k1",3941,"SCNN1A",5.25143809567696e-05,NA,NA,NA
"uniform_k1",3942,"HTR2B",3.80070954153489e-06,NA,NA,NA
"uniform_k1",3943,"RAB5A",9.06001518752308e-06,NA,NA,NA
"uniform_k1",3944,"PRKDC",3.48518119952512e-06,NA,NA,NA
"uniform_k1",3945,"AQP3",0,NA,NA,NA
"uniform_k1",3946,"CFTR",0.00160265872797649,NA,NA,NA
"uniform_k1",3947,"TFR2",1.9001036434263e-06,NA,NA,NA
"uniform_k1",3948,"NEDD4L",4.56173481240274e-05,NA,NA,NA
"uniform_k1",3949,"FCER1A",0,NA,NA,NA
"uniform_k1",3950,"SEMA3A",6.84073768231208e-06,NA,NA,NA
"uniform_k1",3951,"ADAMTS4",0,NA,NA,NA
"uniform_k1",3952,"NR3C2",1.6726748852447e-05,NA,NA,NA
"uniform_k1",3953,"OPRD1",0,NA,NA,NA
"uniform_k1",3954,"SLC6A2",0,NA,NA,NA
"uniform_k1",3955,"CFLAR",6.33631245472444e-07,NA,NA,NA
"uniform_k1",3956,"DHRS3",0,NA,NA,NA
"uniform_k1",3957,"FGB",2.53425344454161e-06,NA,NA,NA
"uniform_k1",3958,"COX6A2",0,NA,NA,NA
"uniform_k1",3959,"NOTCH1",1.52730959466219e-05,NA,NA,NA
"uniform_k1",3960,"SLC2A1",0.000140046836469954,NA,NA,NA
"uniform_k1",3961,"RPS6KB1",2.01533684008881e-05,NA,NA,NA
"uniform_k1",3962,"LPCAT2",0,NA,NA,NA
"uniform_k1",3963,"KEAP1",8.90865911317151e-05,NA,NA,NA
"uniform_k1",3964,"TUBB4A",0,NA,NA,NA
"uniform_k1",3965,"CYP2D6",2.95879994604009e-05,NA,NA,NA
"uniform_k1",3966,"GRIA1",1.90084712514693e-06,NA,NA,NA
"uniform_k1",3967,"MAP2K5",0,NA,NA,NA
"uniform_k1",3968,"LIPG",0,NA,NA,NA
"uniform_k1",3969,"CHEK1",1.20395101235182e-05,NA,NA,NA
"uniform_k1",3970,"GLYAT",0,NA,NA,NA
"uniform_k1",3971,"CALR",4.38793673526172e-05,NA,NA,NA
"uniform_k1",3972,"COX5A",0,NA,NA,NA
"uniform_k1",3973,"DUOX2",0.00118948957190246,NA,NA,NA
"uniform_k1",3974,"FGFR2",9.18874357280774e-06,NA,NA,NA
"uniform_k1",3975,"CSF3",4.44861479179659e-05,NA,NA,NA
"uniform_k1",3976,"GDNF",3.48479365919196e-06,NA,NA,NA
"uniform_k1",3977,"PAPSS2",2.08994383624761e-05,NA,NA,NA
"uniform_k1",3978,"STAT5A",4.23996396073933e-05,NA,NA,NA
"uniform_k1",3979,"ALAS1",5.9411598420489e-05,NA,NA,NA
"uniform_k1",3980,"APOM",0,NA,NA,NA
"uniform_k1",3981,"SELP",5.7028163548134e-06,NA,NA,NA
"uniform_k1",3982,"CYP51A1",3.41436506348103e-05,NA,NA,NA
"uniform_k1",3983,"RRM2B",0,NA,NA,NA
"uniform_k1",3984,"PRKCB",0.000129467861105015,NA,NA,NA
"uniform_k1",3985,"ADORA1",2.74909074123864e-05,NA,NA,NA
"uniform_k1",3986,"DDIT3",5.44896803789108e-06,NA,NA,NA
"uniform_k1",3987,"RASGRF1",5.25865086087318e-06,NA,NA,NA
"uniform_k1",3988,"KCNH2",0.000463751185241779,NA,NA,NA
"uniform_k1",3989,"IMPDH2",1.60872446202109e-05,NA,NA,NA
"uniform_k1",3990,"CTSK",0.000205253306110875,NA,NA,NA
"uniform_k1",3991,"BRCA1",0.00150305205251045,NA,NA,NA
"uniform_k1",3992,"CASR",1.85576382838448e-05,NA,NA,NA
"uniform_k1",3993,"SLC8A2",0,NA,NA,NA
"uniform_k1",3994,"NEU1",0,NA,NA,NA
"uniform_k1",3995,"IL1RN",0,NA,NA,NA
"uniform_k1",3996,"CCL8",0,NA,NA,NA
"uniform_k1",3997,"FOXM1",1.90088265561439e-06,NA,NA,NA
"uniform_k1",3998,"MGAM",0.000137027144681112,NA,NA,NA
"uniform_k1",3999,"DLG3",1.07692098152423e-05,NA,NA,NA
"uniform_k1",4000,"APOA1",0.00156761777246528,NA,NA,NA
"uniform_k1",4001,"HDAC5",0,NA,NA,NA
"uniform_k1",4002,"XPO1",1.66633213304346e-05,NA,NA,NA
"uniform_k1",4003,"CELF1",0,NA,NA,NA
"uniform_k1",4004,"GRIN1",6.96987215653699e-06,NA,NA,NA
"uniform_k1",4005,"PTGFR",3.10411217574469e-06,NA,NA,NA
"uniform_k1",4006,"AGXT",0.000106059050095864,NA,NA,NA
"uniform_k1",4007,"BMPR2",8.59954951424324e-05,NA,NA,NA
"uniform_k1",4008,"UGT1A1",6.43666731126036e-05,NA,NA,NA
"uniform_k1",4009,"NOTCH1",1.52730959466219e-05,NA,NA,NA
"uniform_k1",4010,"ADRB1",3.16756855778255e-06,NA,NA,NA
"uniform_k1",4011,"TGM2",0,NA,NA,NA
"uniform_k1",4012,"LCP1",0.00205551981329799,NA,NA,NA
"uniform_k1",4013,"NGF",7.00958583023104e-05,NA,NA,NA
"uniform_k1",4014,"SCN8A",0,NA,NA,NA
"uniform_k1",4015,"NPPB",3.61091583611639e-06,NA,NA,NA
"uniform_k1",4016,"GSTM1",0.000122658682697341,NA,NA,NA
"uniform_k1",4017,"ITGA5",0.00127400659039045,NA,NA,NA
"uniform_k1",4018,"ABCA1",1.90091421303773e-06,NA,NA,NA
"uniform_k1",4019,"CACNA1H",5.72384790692437e-05,NA,NA,NA
"uniform_k1",4020,"SELE",1.58407098771463e-06,NA,NA,NA
"uniform_k1",4021,"CCNB1",1.05829380095956e-05,NA,NA,NA
"uniform_k1",4022,"GPD1",0,NA,NA,NA
"uniform_k1",4023,"BCAT2",2.6019618702966e-05,NA,NA,NA
"uniform_k1",4024,"CYP27B1",5.34712469113519e-05,NA,NA,NA
"uniform_k1",4025,"FGFR2",9.18874357280774e-06,NA,NA,NA
"uniform_k1",4026,"CLDN4",0,NA,NA,NA
"uniform_k1",4027,"CCN2",1.134369344169e-05,NA,NA,NA
"uniform_k1",4028,"MMP10",1.00093054868911e-05,NA,NA,NA
"uniform_k1",4029,"TUBA1B",0,NA,NA,NA
"uniform_k1",4030,"TUBA1C",0,NA,NA,NA
"uniform_k1",4031,"PPARG",0.000681665233701723,NA,NA,NA
"uniform_k1",4032,"DBP",0,NA,NA,NA
"uniform_k1",4033,"THRB",3.80151793299977e-06,NA,NA,NA
"uniform_k1",4034,"MYC",0.000561856827766771,NA,NA,NA
"uniform_k1",4035,"CALCA",1.96344956293615e-06,NA,NA,NA
"uniform_k1",4036,"NRXN1",6.46433704953875e-05,NA,NA,NA
"uniform_k1",4037,"SLC1A6",0,NA,NA,NA
"uniform_k1",4038,"SRR",0,NA,NA,NA
"uniform_k1",4039,"AMY1B",0.00114246836222298,NA,NA,NA
"uniform_k1",4040,"TFF1",9.5019484058767e-07,NA,NA,NA
"uniform_k1",4041,"AURKA",5.49029298524406e-05,NA,NA,NA
"uniform_k1",4042,"PDE6C",0,NA,NA,NA
"uniform_k1",4043,"CCL8",0,NA,NA,NA
"uniform_k1",4044,"HMGB1",1.24840005174542e-05,NA,NA,NA
"uniform_k1",4045,"ADRB2",0.000148693401879507,NA,NA,NA
"uniform_k1",4046,"GABRG1",0,NA,NA,NA
"uniform_k1",4047,"PARP1",0.000202075672702362,NA,NA,NA
"uniform_k1",4048,"OPA1",9.50142898359374e-07,NA,NA,NA
"uniform_k1",4049,"AKT2",0,NA,NA,NA
"uniform_k1",4050,"AGTR2",0,NA,NA,NA
"uniform_k1",4051,"GP1BA",3.18056444478243e-05,NA,NA,NA
"uniform_k1",4052,"GABRG2",6.25131802217682e-05,NA,NA,NA
"uniform_k1",4053,"SMAD2",3.42235274195524e-05,NA,NA,NA
"uniform_k1",4054,"SHMT1",4.44281784347522e-05,NA,NA,NA
"uniform_k1",4055,"PRKCB",0.000129467861105015,NA,NA,NA
"uniform_k1",4056,"PTGER1",3.16733579774908e-06,NA,NA,NA
"uniform_k1",4057,"ADRB3",5.25856990074569e-06,NA,NA,NA
"uniform_k1",4058,"F12",0,NA,NA,NA
"uniform_k1",4059,"OPA1",9.50142898359374e-07,NA,NA,NA
"uniform_k1",4060,"KCNC3",0,NA,NA,NA
"uniform_k1",4061,"TRAF2",5.75385733394551e-05,NA,NA,NA
"uniform_k1",4062,"NPPA",7.28658572474172e-05,NA,NA,NA
"uniform_k1",4063,"PGR",2.93426634963012e-05,NA,NA,NA
"uniform_k1",4064,"GLDC",4.87735973941916e-06,NA,NA,NA
"uniform_k1",4065,"IGF2",1.43217522315942e-05,NA,NA,NA
"uniform_k1",4066,"CLDN5",3.48460731747213e-06,NA,NA,NA
"uniform_k1",4067,"CAV1",0.00188167408582673,NA,NA,NA
"uniform_k1",4068,"CDKN1B",8.87190608878097e-06,NA,NA,NA
"uniform_k1",4069,"ODC1",0.00121583500905476,NA,NA,NA
"uniform_k1",4070,"CRMP1",1.10844121046227e-05,NA,NA,NA
"uniform_k1",4071,"RYR2",4.78345186669671e-05,NA,NA,NA
"uniform_k1",4072,"CSF2",1.26743081751979e-06,NA,NA,NA
"uniform_k1",4073,"CREB1",0.000475073453506725,NA,NA,NA
"uniform_k1",4074,"PLA2G2D",0,NA,NA,NA
"uniform_k1",4075,"MAP2",5.57507217935349e-06,NA,NA,NA
"uniform_k1",4076,"PCYT1B",0,NA,NA,NA
"uniform_k1",4077,"HTR3A",8.53896962736966e-05,NA,NA,NA
"uniform_k1",4078,"EIF2S1",0.000110140192739028,NA,NA,NA
"uniform_k1",4079,"PRKCG",2.62982428581582e-05,NA,NA,NA
"uniform_k1",4080,"CALM1",5.91918174835948e-05,NA,NA,NA
"uniform_k1",4081,"ALDH2",5.15659678518299e-05,NA,NA,NA
"uniform_k1",4082,"SULT1E1",0,NA,NA,NA
"uniform_k1",4083,"ATIC",0.0011952594694814,NA,NA,NA
"uniform_k1",4084,"NPR1",8.07015894644936e-05,NA,NA,NA
"uniform_k1",4085,"TRPM4",3.67379046295468e-05,NA,NA,NA
"uniform_k1",4086,"FTL",4.87730474807435e-06,NA,NA,NA
"uniform_k1",4087,"ADAMTS4",0,NA,NA,NA
"uniform_k1",4088,"YAP1",2.37641275353528e-05,NA,NA,NA
"uniform_k1",4089,"GRIN3A",0,NA,NA,NA
"uniform_k1",4090,"VEGFC",0,NA,NA,NA
"uniform_k1",4091,"HDAC4",8.23760862456169e-06,NA,NA,NA
"uniform_k1",4092,"SLC29A1",0.00102903201870796,NA,NA,NA
"uniform_k1",4093,"IDO1",0.000463661718947295,NA,NA,NA
"uniform_k1",4094,"QPRT",2.95780448075211e-05,NA,NA,NA
"uniform_k1",4095,"APCS",0.00117690914019986,NA,NA,NA
"uniform_k1",4096,"TOMM70",0,NA,NA,NA
"uniform_k1",4097,"ACADM",0.000194896326079275,NA,NA,NA
"uniform_k1",4098,"BACE1",5.67015318772013e-05,NA,NA,NA
"uniform_k1",4099,"AKR1A1",6.17051045759265e-06,NA,NA,NA
"uniform_k1",4100,"CHRNA3",2.85056538062989e-06,NA,NA,NA
"uniform_k1",4101,"CHEK1",1.20395101235182e-05,NA,NA,NA
"uniform_k1",4102,"ABCC2",6.29649746844985e-05,NA,NA,NA
"uniform_k1",4103,"COL1A1",0.000181222784889745,NA,NA,NA
"uniform_k1",4104,"HNF4G",0,NA,NA,NA
"uniform_k1",4105,"PDE2A",0,NA,NA,NA
"uniform_k1",4106,"GRIN2D",0,NA,NA,NA
"uniform_k1",4107,"EIF4EBP1",0,NA,NA,NA
"uniform_k1",4108,"DKK1",0,NA,NA,NA
"uniform_k1",4109,"PTK2B",6.52603876749591e-06,NA,NA,NA
"uniform_k1",4110,"HGF",0,NA,NA,NA
"uniform_k1",4111,"TYMS",0.000142484575824997,NA,NA,NA
"uniform_k1",4112,"GABRG1",0,NA,NA,NA
"uniform_k1",4113,"TFAM",0,NA,NA,NA
"uniform_k1",4114,"XBP1",0.00130705850242441,NA,NA,NA
"uniform_k1",4115,"SELE",1.58407098771463e-06,NA,NA,NA
"uniform_k1",4116,"KCND2",2.72386185307116e-06,NA,NA,NA
"uniform_k1",4117,"GABRA5",0,NA,NA,NA
"uniform_k1",4118,"DHFR",0.000279606338591143,NA,NA,NA
"uniform_k1",4119,"GSK3A",9.50447229808304e-07,NA,NA,NA
"uniform_k1",4120,"MITF",2.87659544899732e-05,NA,NA,NA
"uniform_k1",4121,"TNFRSF9",0,NA,NA,NA
"uniform_k1",4122,"VKORC1",4.64325427618206e-05,NA,NA,NA
"uniform_k1",4123,"TRPC5",4.86789497714524e-05,NA,NA,NA
"uniform_k1",4124,"RASGRF1",5.25865086087318e-06,NA,NA,NA
"uniform_k1",4125,"BHLHE40",0,NA,NA,NA
"uniform_k1",4126,"CHRNA9",1.46296272366397e-05,NA,NA,NA
"uniform_k1",4127,"UGT2B28",0,NA,NA,NA
"uniform_k1",4128,"SCNN1A",5.25143809567696e-05,NA,NA,NA
"uniform_k1",4129,"GSTM3",0,NA,NA,NA
"uniform_k1",4130,"NRF1",1.38741902355743e-05,NA,NA,NA
"uniform_k1",4131,"SLC2A4",1.81861109559422e-05,NA,NA,NA
"uniform_k1",4132,"DHODH",1.42497466326663e-05,NA,NA,NA
"uniform_k1",4133,"SRPK1",0.00108816969760961,NA,NA,NA
"uniform_k1",4134,"CALR",4.38793673526172e-05,NA,NA,NA
"uniform_k1",4135,"KRT18",1.90069610461752e-06,NA,NA,NA
"uniform_k1",4136,"EPHB6",0,NA,NA,NA
"uniform_k1",4137,"AURKC",0,NA,NA,NA
"uniform_k1",4138,"RELA",8.98188410365375e-05,NA,NA,NA
"uniform_k1",4139,"KDM1A",0,NA,NA,NA
"uniform_k1",4140,"GSTM3",0,NA,NA,NA
"uniform_k1",4141,"AFM",0,NA,NA,NA
"uniform_k1",4142,"GUSB",4.43396339928626e-05,NA,NA,NA
"uniform_k1",4143,"UCP1",0,NA,NA,NA
"uniform_k1",4144,"RXRB",3.7531212242814e-05,NA,NA,NA
"uniform_k1",4145,"NCF2",1.00748274538542e-05,NA,NA,NA
"uniform_k1",4146,"TACR1",0,NA,NA,NA
"uniform_k1",4147,"SLC11A2",1.77338485018996e-06,NA,NA,NA
"uniform_k1",4148,"ADRA1B",0,NA,NA,NA
"uniform_k1",4149,"CDK8",0,NA,NA,NA
"uniform_k1",4150,"SCN8A",0,NA,NA,NA
"uniform_k1",4151,"TP53",0.00427693686378816,NA,NA,NA
"uniform_k1",4152,"KCNC3",0,NA,NA,NA
"uniform_k1",4153,"PNRC2",0,NA,NA,NA
"uniform_k1",4154,"GUSB",4.43396339928626e-05,NA,NA,NA
"uniform_k1",4155,"MSI1",0,NA,NA,NA
"uniform_k1",4156,"CACNA1H",5.72384790692437e-05,NA,NA,NA
"uniform_k1",4157,"ACTR1B",0,NA,NA,NA
"uniform_k1",4158,"TRPV4",0.000106153420904809,NA,NA,NA
"uniform_k1",4159,"ERBB2",0.000157327965161547,NA,NA,NA
"uniform_k1",4160,"AQP9",0,NA,NA,NA
"uniform_k1",4161,"ACTA1",3.96575036063496e-05,NA,NA,NA
"uniform_k1",4162,"CXCL1",0,NA,NA,NA
"uniform_k1",4163,"PLEK",3.16787882370662e-06,NA,NA,NA
"uniform_k1",4164,"KLK5",0,NA,NA,NA
"uniform_k1",4165,"DUSP1",0,NA,NA,NA
"uniform_k1",4166,"IL17A",0,NA,NA,NA
"uniform_k1",4167,"KCND3",0.00107729447119487,NA,NA,NA
"uniform_k1",4168,"SPP1",0.000133522093562433,NA,NA,NA
"uniform_k1",4169,"CHRNA3",2.85056538062989e-06,NA,NA,NA
"uniform_k1",4170,"CASP3",0.000462575099730467,NA,NA,NA
"uniform_k1",4171,"MAPK14",6.8388883402215e-05,NA,NA,NA
"uniform_k1",4172,"SLCO1B1",3.08486910148842e-05,NA,NA,NA
"uniform_k1",4173,"TAT",6.1444352762341e-05,NA,NA,NA
"uniform_k1",4174,"NNMT",2.43922960370124e-05,NA,NA,NA
"uniform_k1",4175,"HSPA4",0.000770336012735795,NA,NA,NA
"uniform_k1",4176,"BAD",6.33634698421481e-06,NA,NA,NA
"uniform_k1",4177,"CYP1B1",1.26701867375623e-06,NA,NA,NA
"uniform_k1",4178,"EIF2A",0,NA,NA,NA
"uniform_k1",4179,"RPS6KB1",2.01533684008881e-05,NA,NA,NA
"uniform_k1",4180,"ADRB2",0.000148693401879507,NA,NA,NA
"uniform_k1",4181,"SLC8A1",0,NA,NA,NA
"uniform_k1",4182,"C8G",8.92998568191583e-06,NA,NA,NA
"uniform_k1",4183,"MDH2",0.000134051798597046,NA,NA,NA
"uniform_k1",4184,"GABRA5",0,NA,NA,NA
"uniform_k1",4185,"E2F1",6.05857808446686e-05,NA,NA,NA
"uniform_k1",4186,"EDN1",0.000187385953273167,NA,NA,NA
"uniform_k1",4187,"CDKN1B",8.87190608878097e-06,NA,NA,NA
"uniform_k1",4188,"TOP2B",0,NA,NA,NA
"uniform_k1",4189,"HTR7",2.21651978515869e-06,NA,NA,NA
"uniform_k1",4190,"PTGS2",0.00143001964027745,NA,NA,NA
"uniform_k1",4191,"BAX",8.97923976903581e-05,NA,NA,NA
"uniform_k1",4192,"PTGS2",0.00143001964027745,NA,NA,NA
"uniform_k1",4193,"GNMT",0,NA,NA,NA
"uniform_k1",4194,"CEBPA",7.73820750388232e-05,NA,NA,NA
"uniform_k1",4195,"SNAI1",9.50644381658705e-07,NA,NA,NA
"uniform_k1",4196,"RBP2",3.01152514644576e-05,NA,NA,NA
"uniform_k1",4197,"REN",0.000113239453789604,NA,NA,NA
"uniform_k1",4198,"GRIN2D",0,NA,NA,NA
"uniform_k1",4199,"CALM2",0,NA,NA,NA
"uniform_k1",4200,"HSF1",0,NA,NA,NA
"uniform_k1",4201,"F2RL1",1.81154153372498e-05,NA,NA,NA
"uniform_k1",4202,"TRPM4",3.67379046295468e-05,NA,NA,NA
"uniform_k1",4203,"ADH7",0,NA,NA,NA
"uniform_k1",4204,"PRDX5",0,NA,NA,NA
"uniform_k1",4205,"NRXN1",6.46433704953875e-05,NA,NA,NA
"uniform_k1",4206,"NTRK2",0.000178668928783821,NA,NA,NA
"uniform_k1",4207,"NDUFV3",0,NA,NA,NA
"uniform_k1",4208,"MDH2",0.000134051798597046,NA,NA,NA
"uniform_k1",4209,"ADH5",7.50101523409041e-05,NA,NA,NA
"uniform_k1",4210,"SREBF2",1.69818952083789e-05,NA,NA,NA
"uniform_k1",4211,"HTR7",2.21651978515869e-06,NA,NA,NA
"uniform_k1",4212,"GP1BA",3.18056444478243e-05,NA,NA,NA
"uniform_k1",4213,"MCU",0,NA,NA,NA
"uniform_k1",4214,"ADRA1B",0,NA,NA,NA
"uniform_k1",4215,"GRIK1",0,NA,NA,NA
"uniform_k1",4216,"ATF2",1.14067009802099e-05,NA,NA,NA
"uniform_k1",4217,"ATF3",8.55513091113647e-06,NA,NA,NA
"uniform_k1",4218,"HNF1A",0.00122815220873107,NA,NA,NA
"uniform_k1",4219,"KRAS",0.00012277649828063,NA,NA,NA
"uniform_k1",4220,"MMP13",1.63470522265285e-05,NA,NA,NA
"uniform_k1",4221,"NFATC2",1.95162479730282e-05,NA,NA,NA
"uniform_k1",4222,"NPPB",3.61091583611639e-06,NA,NA,NA
"uniform_k1",4223,"SRC",0.0010396286840485,NA,NA,NA
"uniform_k1",4224,"FBP1",7.28503339286757e-06,NA,NA,NA
"uniform_k1",4225,"COL11A2",7.28347388034845e-06,NA,NA,NA
"uniform_k1",4226,"MAPK13",0,NA,NA,NA
"uniform_k1",4227,"S100A7A",0,NA,NA,NA
"uniform_k1",4228,"ACTG2",0,NA,NA,NA
"uniform_k1",4229,"CAMP",0.00129691841056656,NA,NA,NA
"uniform_k1",4230,"GSTM1",0.000122658682697341,NA,NA,NA
"uniform_k1",4231,"LMNB1",7.2866286621176e-06,NA,NA,NA
"uniform_k1",4232,"KCNJ14",0,NA,NA,NA
"uniform_k1",4233,"DNAJC5",5.30276407040287e-05,NA,NA,NA
"uniform_k1",4234,"GLUL",0.000147191537224312,NA,NA,NA
"uniform_k1",4235,"TNFRSF10B",0,NA,NA,NA
"uniform_k1",4236,"IMPDH1",3.87605638363375e-05,NA,NA,NA
"uniform_k1",4237,"IL1RN",0,NA,NA,NA
"uniform_k1",4238,"ERN1",4.11862188642864e-06,NA,NA,NA
"uniform_k1",4239,"VKORC1",4.64325427618206e-05,NA,NA,NA
"uniform_k1",4240,"MYC",0.000561856827766771,NA,NA,NA
"uniform_k1",4241,"CALML5",7.42946995627713e-05,NA,NA,NA
"uniform_k1",4242,"ADH7",0,NA,NA,NA
"uniform_k1",4243,"CD36",0.000286748685116911,NA,NA,NA
"uniform_k1",4244,"SERPINB9",0,NA,NA,NA
"uniform_k1",4245,"TRPV4",0.000106153420904809,NA,NA,NA
"uniform_k1",4246,"ATP1A1",1.2671361954153e-06,NA,NA,NA
"uniform_k1",4247,"LRAT",5.06328770298881e-05,NA,NA,NA
"uniform_k1",4248,"SCN8A",0,NA,NA,NA
"uniform_k1",4249,"APCS",0.00117690914019986,NA,NA,NA
"uniform_k1",4250,"TRPC5",4.86789497714524e-05,NA,NA,NA
"uniform_k1",4251,"GSK3B",0.000254805416997517,NA,NA,NA
"uniform_k1",4252,"UGT1A1",6.43666731126036e-05,NA,NA,NA
"uniform_k1",4253,"TRPV4",0.000106153420904809,NA,NA,NA
"uniform_k1",4254,"CALM3",0.000527160893726952,NA,NA,NA
"uniform_k1",4255,"HK2",0.000296209764147126,NA,NA,NA
"uniform_k1",4256,"HRH1",0,NA,NA,NA
"uniform_k1",4257,"CHRM1",6.15364589550138e-05,NA,NA,NA
"uniform_k1",4258,"KCNA5",1.99569664441901e-05,NA,NA,NA
"uniform_k1",4259,"KCNJ8",1.89387005555819e-05,NA,NA,NA
"uniform_k1",4260,"PTGS1",0.0001138588382259,NA,NA,NA
"uniform_k1",4261,"MDH2",0.000134051798597046,NA,NA,NA
"uniform_k1",4262,"ATP2A1",4.62343104201679e-06,NA,NA,NA
"uniform_k1",4263,"KCNJ5",8.95444816781943e-05,NA,NA,NA
"uniform_k1",4264,"KYNU",3.41288525791406e-05,NA,NA,NA
"uniform_k1",4265,"ATP1A2",4.63378248599655e-05,NA,NA,NA
"uniform_k1",4266,"MMP10",1.00093054868911e-05,NA,NA,NA
"uniform_k1",4267,"TOMM70",0,NA,NA,NA
"uniform_k1",4268,"PLEK",3.16787882370662e-06,NA,NA,NA
"uniform_k1",4269,"PKIA",2.53383300530263e-06,NA,NA,NA
"uniform_k1",4270,"CASR",1.85576382838448e-05,NA,NA,NA
"uniform_k1",4271,"GANAB",0,NA,NA,NA
"uniform_k1",4272,"HDAC7",6.01926074750292e-06,NA,NA,NA
"uniform_k1",4273,"GSK3A",9.50447229808304e-07,NA,NA,NA
"uniform_k1",4274,"FGF4",2.2179929671795e-06,NA,NA,NA
"uniform_k1",4275,"PPT1",8.42388961930229e-06,NA,NA,NA
"uniform_k1",4276,"HCRT",0.000169339993540296,NA,NA,NA
"uniform_k1",4277,"NPEPPS",0,NA,NA,NA
"uniform_k1",4278,"AXL",2.56876487623181e-05,NA,NA,NA
"uniform_k1",4279,"UCP2",2.4330049283483e-05,NA,NA,NA
"uniform_k1",4280,"ITGB3",8.18152205451783e-05,NA,NA,NA
"uniform_k1",4281,"GABRB3",0.000120726283226125,NA,NA,NA
"uniform_k1",4282,"SNAI2",6.33686013218338e-07,NA,NA,NA
"uniform_k1",4283,"TRPV4",0.000106153420904809,NA,NA,NA
"uniform_k1",4284,"GATM",0.000449150320023683,NA,NA,NA
"uniform_k1",4285,"DHODH",1.42497466326663e-05,NA,NA,NA
"uniform_k1",4286,"TUBB4A",0,NA,NA,NA
"uniform_k1",4287,"GRIN3B",0,NA,NA,NA
"uniform_k1",4288,"GRIK2",0,NA,NA,NA
"uniform_k1",4289,"TYRP1",6.65147512002306e-06,NA,NA,NA
"uniform_k1",4290,"CACNA1G",7.41987078123341e-05,NA,NA,NA
"uniform_k1",4291,"HNF1A",0.00122815220873107,NA,NA,NA
"uniform_k1",4292,"PYGM",4.94772798226295e-05,NA,NA,NA
"uniform_k1",4293,"TRAF6",3.65690661311424e-05,NA,NA,NA
"uniform_k1",4294,"PRKCG",2.62982428581582e-05,NA,NA,NA
"uniform_k1",4295,"GRIN3B",0,NA,NA,NA
"uniform_k1",4296,"SIRT6",5.06879720008069e-06,NA,NA,NA
"uniform_k1",4297,"E2F1",6.05857808446686e-05,NA,NA,NA
"uniform_k1",4298,"TPH1",7.17150924056664e-05,NA,NA,NA
"uniform_k1",4299,"ESRRG",0.00109032893649263,NA,NA,NA
"uniform_k1",4300,"MAPK1",6.82101559971171e-05,NA,NA,NA
"uniform_k1",4301,"IL4",0.000213216805235672,NA,NA,NA
"uniform_k1",4302,"DHRS3",0,NA,NA,NA
"uniform_k1",4303,"IGFBP6",0,NA,NA,NA
"uniform_k1",4304,"NR3C2",1.6726748852447e-05,NA,NA,NA
"uniform_k1",4305,"CHRNA2",0,NA,NA,NA
"uniform_k1",4306,"PRDX1",5.7026663956572e-06,NA,NA,NA
"uniform_k1",4307,"ADH5",7.50101523409041e-05,NA,NA,NA
"uniform_k1",4308,"GSK3B",0.000254805416997517,NA,NA,NA
"uniform_k1",4309,"KCNA1",1.36823220714399e-05,NA,NA,NA
"uniform_k1",4310,"HBA2",0,NA,NA,NA
"uniform_k1",4311,"CALCA",1.96344956293615e-06,NA,NA,NA
"uniform_k1",4312,"SELE",1.58407098771463e-06,NA,NA,NA
"uniform_k1",4313,"MOCOS",1.83708339053235e-05,NA,NA,NA
"uniform_k1",4314,"POLDIP2",0,NA,NA,NA
"uniform_k1",4315,"NOTCH1",1.52730959466219e-05,NA,NA,NA
"uniform_k1",4316,"GABRA1",0.000512519672648093,NA,NA,NA
"uniform_k1",4317,"GABRB3",0.000120726283226125,NA,NA,NA
"uniform_k1",4318,"CAMP",0.00129691841056656,NA,NA,NA
"uniform_k1",4319,"KCNH6",1.57066122082883e-05,NA,NA,NA
"uniform_k1",4320,"ATF3",8.55513091113647e-06,NA,NA,NA
"uniform_k1",4321,"CAMK2G",0,NA,NA,NA
"uniform_k1",4322,"ARF1",2.85051391907265e-05,NA,NA,NA
"uniform_k1",4323,"ABCG2",0.00154702083903102,NA,NA,NA
"uniform_k1",4324,"CLIP1",0,NA,NA,NA
"uniform_k1",4325,"CYBA",0,NA,NA,NA
"uniform_k1",4326,"KHK",0,NA,NA,NA
"uniform_k1",4327,"ADH5",7.50101523409041e-05,NA,NA,NA
"uniform_k1",4328,"ADRA2A",6.33347720935262e-07,NA,NA,NA
"uniform_k1",4329,"MCL1",1.67940085561424e-05,NA,NA,NA
"uniform_k1",4330,"BACE1",5.67015318772013e-05,NA,NA,NA
"uniform_k1",4331,"BIRC3",6.3362084734564e-07,NA,NA,NA
"uniform_k1",4332,"TPH1",7.17150924056664e-05,NA,NA,NA
"uniform_k1",4333,"CYP7A1",0.000286565174003384,NA,NA,NA
"uniform_k1",4334,"GFAP",0.000240332727610593,NA,NA,NA
"uniform_k1",4335,"ACACB",1.55840957074549e-05,NA,NA,NA
"uniform_k1",4336,"TYMS",0.000142484575824997,NA,NA,NA
"uniform_k1",4337,"TRPV3",0,NA,NA,NA
"uniform_k1",4338,"ERN1",4.11862188642864e-06,NA,NA,NA
"uniform_k1",4339,"NEDD4L",4.56173481240274e-05,NA,NA,NA
"uniform_k1",4340,"GSTM3",0,NA,NA,NA
"uniform_k1",4341,"ORM2",0,NA,NA,NA
"uniform_k1",4342,"NLRP3",7.47722630090042e-06,NA,NA,NA
"uniform_k1",4343,"PDE6C",0,NA,NA,NA
"uniform_k1",4344,"GLP1R",3.86497402737884e-06,NA,NA,NA
"uniform_k1",4345,"DNPEP",0,NA,NA,NA
"uniform_k1",4346,"GABRA6",0,NA,NA,NA
"uniform_k1",4347,"AHSA1",0,NA,NA,NA
"uniform_k1",4348,"TRAF6",3.65690661311424e-05,NA,NA,NA
"uniform_k1",4349,"ATF2",1.14067009802099e-05,NA,NA,NA
"uniform_k1",4350,"RETSAT",0,NA,NA,NA
"uniform_k1",4351,"CXADR",1.64676675717956e-06,NA,NA,NA
"uniform_k1",4352,"SULT1A1",8.93034087123823e-06,NA,NA,NA
"uniform_k1",4353,"ACPP",0,NA,NA,NA
"uniform_k1",4354,"TIMP1",6.97061284626876e-06,NA,NA,NA
"uniform_k1",4355,"GGPS1",0,NA,NA,NA
"uniform_k1",4356,"HTR2B",3.80070954153489e-06,NA,NA,NA
"uniform_k1",4357,"PDE1B",3.71225818049936e-05,NA,NA,NA
"uniform_k1",4358,"CALML5",7.42946995627713e-05,NA,NA,NA
"uniform_k1",4359,"PTPN1",3.86549374464806e-06,NA,NA,NA
"uniform_k1",4360,"PRKACA",0.00408086083662407,NA,NA,NA
"uniform_k1",4361,"EGF",0.000230000691015642,NA,NA,NA
"uniform_k1",4362,"ATIC",0.0011952594694814,NA,NA,NA
"uniform_k1",4363,"GLP1R",3.86497402737884e-06,NA,NA,NA
"uniform_k1",4364,"CYP7B1",5.06699999092142e-06,NA,NA,NA
"uniform_k1",4365,"GRIN1",6.96987215653699e-06,NA,NA,NA
"uniform_k1",4366,"CRTC1",0,NA,NA,NA
"uniform_k1",4367,"ORM2",0,NA,NA,NA
"uniform_k1",4368,"MAPT",0.000248151462638568,NA,NA,NA
"uniform_k1",4369,"ARF6",0,NA,NA,NA
"uniform_k1",4370,"MAP1LC3B",8.68078161708752e-06,NA,NA,NA
"uniform_k1",4371,"E2F2",0,NA,NA,NA
"uniform_k1",4372,"RRM1",0.000117817230330219,NA,NA,NA
"uniform_k1",4373,"MMP10",1.00093054868911e-05,NA,NA,NA
"uniform_k1",4374,"STXBP1",8.80325064156473e-06,NA,NA,NA
"uniform_k1",4375,"RIPK1",9.50457768944535e-06,NA,NA,NA
"uniform_k1",4376,"RUNX1T1",0,NA,NA,NA
"uniform_k1",4377,"HCAR2",0,NA,NA,NA
"uniform_k1",4378,"GCK",0.000213793988103061,NA,NA,NA
"uniform_k1",4379,"TRPM3",0,NA,NA,NA
"uniform_k1",4380,"CYP11B2",0.000106525313512962,NA,NA,NA
"uniform_k1",4381,"BIRC5",3.23786530762593e-05,NA,NA,NA
"uniform_k1",4382,"MARK4",0,NA,NA,NA
"uniform_k1",4383,"OPA1",9.50142898359374e-07,NA,NA,NA
"uniform_k1",4384,"GABRA1",0.000512519672648093,NA,NA,NA
"uniform_k1",4385,"BMP2",1.27361599282505e-05,NA,NA,NA
"uniform_k1",4386,"SREBF1",0.000334685132546086,NA,NA,NA
"uniform_k1",4387,"RB1",5.60807039972078e-05,NA,NA,NA
"uniform_k1",4388,"DAO",0,NA,NA,NA
"uniform_k1",4389,"BMI1",2.14799290956247e-05,NA,NA,NA
"uniform_k1",4390,"HDAC11",2.40710719945358e-06,NA,NA,NA
"uniform_k1",4391,"BMPR2",8.59954951424324e-05,NA,NA,NA
"uniform_k1",4392,"TIMP1",6.97061284626876e-06,NA,NA,NA
"uniform_k1",4393,"SPP1",0.000133522093562433,NA,NA,NA
"uniform_k1",4394,"ACSS2",8.1011205171122e-05,NA,NA,NA
"uniform_k1",4395,"HTR1A",8.14355352558582e-05,NA,NA,NA
"uniform_k1",4396,"SYT1",8.62163058744647e-05,NA,NA,NA
"uniform_k1",4397,"ABCC2",6.29649746844985e-05,NA,NA,NA
"uniform_k1",4398,"GGPS1",0,NA,NA,NA
"uniform_k1",4399,"CACNG6",0,NA,NA,NA
"uniform_k1",4400,"SCARB1",0.000336871406579009,NA,NA,NA
"uniform_k1",4401,"CYP1B1",1.26701867375623e-06,NA,NA,NA
"uniform_k1",4402,"CSK",0,NA,NA,NA
"uniform_k1",4403,"PAPSS2",2.08994383624761e-05,NA,NA,NA
"uniform_k1",4404,"SPP1",0.000133522093562433,NA,NA,NA
"uniform_k1",4405,"CP",4.75143862451732e-05,NA,NA,NA
"uniform_k1",4406,"ZEB2",0,NA,NA,NA
"uniform_k1",4407,"AKT1",0.00346325271049452,NA,NA,NA
"uniform_k1",4408,"ATF7",0.00117103741166447,NA,NA,NA
"uniform_k1",4409,"TNFRSF9",0,NA,NA,NA
"uniform_k1",4410,"MAP2K1",0,NA,NA,NA
"uniform_k1",4411,"SLC47A1",0,NA,NA,NA
"uniform_k1",4412,"HCRTR2",0,NA,NA,NA
"uniform_k1",4413,"CCNB1",1.05829380095956e-05,NA,NA,NA
"uniform_k1",4414,"PTGER4",5.57531554357116e-06,NA,NA,NA
"uniform_k1",4415,"PLA2G2D",0,NA,NA,NA
"uniform_k1",4416,"CYP17A1",3.31356115126358e-05,NA,NA,NA
"uniform_k1",4417,"CD36",0.000286748685116911,NA,NA,NA
"uniform_k1",4418,"NCF2",1.00748274538542e-05,NA,NA,NA
"uniform_k1",4419,"RDH11",6.71381155781248e-06,NA,NA,NA
"uniform_k1",4420,"TFRC",0.000239327299633385,NA,NA,NA
"uniform_k1",4421,"ALDOA",1.76112505224646e-05,NA,NA,NA
"uniform_k1",4422,"HSP90AB1",4.19011535922609e-05,NA,NA,NA
"uniform_k1",4423,"TNFRSF9",0,NA,NA,NA
"uniform_k1",4424,"SLC1A3",2.4134429150835e-05,NA,NA,NA
"uniform_k1",4425,"GPR83",0,NA,NA,NA
"uniform_k1",4426,"KCNH2",0.000463751185241779,NA,NA,NA
"uniform_k1",4427,"PRKCE",5.79752275315926e-05,NA,NA,NA
"uniform_k1",4428,"ABCC8",3.66842389862843e-05,NA,NA,NA
"uniform_k1",4429,"GABRR3",0,NA,NA,NA
"uniform_k1",4430,"ORM2",0,NA,NA,NA
"uniform_k1",4431,"MLXIPL",0,NA,NA,NA
"uniform_k1",4432,"KIT",0.000262263529464124,NA,NA,NA
"uniform_k1",4433,"SULT2A1",1.31748566971623e-05,NA,NA,NA
"uniform_k1",4434,"FUS",6.90480253662251e-06,NA,NA,NA
"uniform_k1",4435,"ABL1",0.000131212002905445,NA,NA,NA
"uniform_k1",4436,"HDAC4",8.23760862456169e-06,NA,NA,NA
"uniform_k1",4437,"TG",5.56234870203731e-05,NA,NA,NA
"uniform_k1",4438,"SFN",1.88836433614448e-05,NA,NA,NA
"uniform_k1",4439,"ACHE",0.000111252964972719,NA,NA,NA
"uniform_k1",4440,"PHB2",3.20568660923115e-05,NA,NA,NA
"uniform_k1",4441,"PYGM",4.94772798226295e-05,NA,NA,NA
"uniform_k1",4442,"BCL2",0.00028337947071766,NA,NA,NA
"uniform_k1",4443,"MB",4.23248293774936e-05,NA,NA,NA
"uniform_k1",4444,"NR1H4",0.000150320210463128,NA,NA,NA
"uniform_k1",4445,"EIF4E",1.3685843489597e-05,NA,NA,NA
"uniform_k1",4446,"RUNX1T1",0,NA,NA,NA
"uniform_k1",4447,"TRAF2",5.75385733394551e-05,NA,NA,NA
"uniform_k1",4448,"PRL",2.17984549072403e-05,NA,NA,NA
"uniform_k1",4449,"NR1H4",0.000150320210463128,NA,NA,NA
"uniform_k1",4450,"UGT1A3",1.26699491542759e-06,NA,NA,NA
"uniform_k1",4451,"SLC6A2",0,NA,NA,NA
"uniform_k1",4452,"MMP9",0.000204115785623737,NA,NA,NA
"uniform_k1",4453,"KCNJ14",0,NA,NA,NA
"uniform_k1",4454,"ATG12",0,NA,NA,NA
"uniform_k1",4455,"RPS6KA3",0,NA,NA,NA
"uniform_k1",4456,"RBP4",4.16853263397465e-05,NA,NA,NA
"uniform_k1",4457,"POLE4",6.33352637668949e-07,NA,NA,NA
"uniform_k1",4458,"FDPS",0,NA,NA,NA
"uniform_k1",4459,"CACNB3",0,NA,NA,NA
"uniform_k1",4460,"FCER1A",0,NA,NA,NA
"uniform_k1",4461,"PTGS1",0.0001138588382259,NA,NA,NA
"uniform_k1",4462,"SOD1",0.00055040968937059,NA,NA,NA
"uniform_k1",4463,"PKD1",3.50334081220538e-05,NA,NA,NA
"uniform_k1",4464,"PRKAG2",0.00023019859617357,NA,NA,NA
"uniform_k1",4465,"GABRB1",1.70995530076601e-05,NA,NA,NA
"uniform_k1",4466,"CYP2C8",0,NA,NA,NA
"uniform_k1",4467,"APRT",5.32709672381726e-05,NA,NA,NA
"uniform_k1",4468,"KLK5",0,NA,NA,NA
"uniform_k1",4469,"DLG4",0.000800645688133095,NA,NA,NA
"uniform_k1",4470,"APOA4",2.27717166977337e-05,NA,NA,NA
"uniform_k1",4471,"KCNH2",0.000463751185241779,NA,NA,NA
"uniform_k1",4472,"NFKBIA",5.47616073202084e-05,NA,NA,NA
"uniform_k1",4473,"CASP6",1.26723751903146e-06,NA,NA,NA
"uniform_k1",4474,"HNRNPA1",0.0011965986405017,NA,NA,NA
"uniform_k1",4475,"TUBA4A",0,NA,NA,NA
"uniform_k1",4476,"ABCG4",0,NA,NA,NA
"uniform_k1",4477,"AURKB",0.000100012341094136,NA,NA,NA
"uniform_k1",4478,"EIF2A",0,NA,NA,NA
"uniform_k1",4479,"SRPK2",0,NA,NA,NA
"uniform_k1",4480,"CDC25A",1.90080256301517e-06,NA,NA,NA
"uniform_k1",4481,"ELOVL5",0,NA,NA,NA
"uniform_k1",4482,"ELOVL2",0,NA,NA,NA
"uniform_k1",4483,"RORA",0.00130690437409919,NA,NA,NA
"uniform_k1",4484,"PIK3CD",0,NA,NA,NA
"uniform_k1",4485,"DRD1",0.000110991854724962,NA,NA,NA
"uniform_k1",4486,"PRKAA2",4.11841833947157e-06,NA,NA,NA
"uniform_k1",4487,"GPD1",0,NA,NA,NA
"uniform_k1",4488,"TGFA",3.48528190785569e-06,NA,NA,NA
"uniform_k1",4489,"TNFAIP6",4.94186435140431e-06,NA,NA,NA
"uniform_k1",4490,"HTR1A",8.14355352558582e-05,NA,NA,NA
"uniform_k1",4491,"AMY2B",0,NA,NA,NA
"uniform_k1",4492,"RAB5A",9.06001518752308e-06,NA,NA,NA
"uniform_k1",4493,"ALOX12",1.1402958573159e-05,NA,NA,NA
"uniform_k1",4494,"PTX3",0,NA,NA,NA
"uniform_k1",4495,"NFKBIE",0,NA,NA,NA
"uniform_k1",4496,"HNF4G",0,NA,NA,NA
"uniform_k1",4497,"ACPP",0,NA,NA,NA
"uniform_k1",4498,"ESRRA",6.99494678408907e-05,NA,NA,NA
"uniform_k1",4499,"THBD",8.99612495086632e-06,NA,NA,NA
"uniform_k1",4500,"DIO1",0,NA,NA,NA
"uniform_k1",4501,"AKR1C4",0,NA,NA,NA
"uniform_k1",4502,"PRKCG",2.62982428581582e-05,NA,NA,NA
"uniform_k1",4503,"VEGFC",0,NA,NA,NA
"uniform_k1",4504,"NFKBIA",5.47616073202084e-05,NA,NA,NA
"uniform_k1",4505,"IL1A",0.00038306531858312,NA,NA,NA
"uniform_k1",4506,"RDH11",6.71381155781248e-06,NA,NA,NA
"uniform_k1",4507,"CCL22",0,NA,NA,NA
"uniform_k1",4508,"ADRB2",0.000148693401879507,NA,NA,NA
"uniform_k1",4509,"CYC1",4.87786738601059e-06,NA,NA,NA
"uniform_k1",4510,"COX7B",0,NA,NA,NA
"uniform_k1",4511,"NEU1",0,NA,NA,NA
"uniform_k1",4512,"ADCY2",0,NA,NA,NA
"uniform_k1",4513,"BMP4",1.58394663751782e-06,NA,NA,NA
"uniform_k1",4514,"TOP1",1.90060302329709e-06,NA,NA,NA
"uniform_k1",4515,"NNMT",2.43922960370124e-05,NA,NA,NA
"uniform_k1",4516,"PTPN11",2.43987962315062e-05,NA,NA,NA
"uniform_k1",4517,"CYP11A1",1.84332824758604e-05,NA,NA,NA
"uniform_k1",4518,"CYP1A1",0.000371673359131575,NA,NA,NA
"uniform_k1",4519,"CYP2C8",0,NA,NA,NA
"uniform_k1",4520,"LY96",0,NA,NA,NA
"uniform_k1",4521,"VKORC1",4.64325427618206e-05,NA,NA,NA
"uniform_k1",4522,"GRIN2B",0.000317728868907574,NA,NA,NA
"uniform_k1",4523,"ACTR1A",0.00117031116279964,NA,NA,NA
"uniform_k1",4524,"CACNA1I",0,NA,NA,NA
"uniform_k1",4525,"NOS2",2.38274351227474e-05,NA,NA,NA
"uniform_k1",4526,"SLPI",0,NA,NA,NA
"uniform_k1",4527,"PRDX1",5.7026663956572e-06,NA,NA,NA
"uniform_k1",4528,"LPL",0.000483720734164583,NA,NA,NA
"uniform_k1",4529,"ATG5",1.93264314094499e-05,NA,NA,NA
"uniform_k1",4530,"CYB5A",5.4039383747595e-05,NA,NA,NA
"uniform_k1",4531,"NFATC3",3.48468834243665e-06,NA,NA,NA
"uniform_k1",4532,"GYPA",0.000261429870861529,NA,NA,NA
"uniform_k1",4533,"TNFRSF9",0,NA,NA,NA
"uniform_k1",4534,"DHRS3",0,NA,NA,NA
"uniform_k1",4535,"GABRA5",0,NA,NA,NA
"uniform_k1",4536,"HBA1",2.89514794086232e-05,NA,NA,NA
"uniform_k1",4537,"CHRNA5",1.55794812480847e-05,NA,NA,NA
"uniform_k1",4538,"CYP11B2",0.000106525313512962,NA,NA,NA
"uniform_k1",4539,"NQO1",0.000518240501310552,NA,NA,NA
"uniform_k1",4540,"AMY2A",0,NA,NA,NA
"uniform_k1",4541,"SLC8A1",0,NA,NA,NA
"uniform_k1",4542,"BCL2L1",5.13395632928404e-05,NA,NA,NA
"uniform_k1",4543,"DYSF",0.00102310635249714,NA,NA,NA
"uniform_k1",4544,"SLC10A1",8.11595436944756e-05,NA,NA,NA
"uniform_k1",4545,"GRIN2A",0.000361526992004202,NA,NA,NA
"uniform_k1",4546,"CYC1",4.87786738601059e-06,NA,NA,NA
"uniform_k1",4547,"GSTM2",0,NA,NA,NA
"uniform_k1",4548,"PRKCD",2.05317703156904e-05,NA,NA,NA
"uniform_k1",4549,"ATM",2.74398232945616e-05,NA,NA,NA
"uniform_k1",4550,"PRDX1",5.7026663956572e-06,NA,NA,NA
"uniform_k1",4551,"GABRQ",0,NA,NA,NA
"uniform_k1",4552,"SIRT2",1.36869569887788e-05,NA,NA,NA
"uniform_k1",4553,"GABRD",9.49995296650741e-07,NA,NA,NA
"uniform_k1",4554,"GCK",0.000213793988103061,NA,NA,NA
"uniform_k1",4555,"TNFRSF11B",0,NA,NA,NA
"uniform_k1",4556,"TRPM7",0,NA,NA,NA
"uniform_k1",4557,"CYP7A1",0.000286565174003384,NA,NA,NA
"uniform_k1",4558,"NRF1",1.38741902355743e-05,NA,NA,NA
"uniform_k1",4559,"BAD",6.33634698421481e-06,NA,NA,NA
"uniform_k1",4560,"ASPA",0,NA,NA,NA
"uniform_k1",4561,"CAMK2G",0,NA,NA,NA
"uniform_k1",4562,"COX7B",0,NA,NA,NA
"uniform_k1",4563,"MT-CYB",0.000203007681716216,NA,NA,NA
"uniform_k1",4564,"PLA2G2D",0,NA,NA,NA
"uniform_k1",4565,"PROM1",0.00127729251749653,NA,NA,NA
"uniform_k1",4566,"PKIA",2.53383300530263e-06,NA,NA,NA
"uniform_k1",4567,"PCYT1A",2.85706032163713e-05,NA,NA,NA
"uniform_k1",4568,"AKR1D1",0.0010662752740489,NA,NA,NA
"uniform_k1",4569,"GSTZ1",0,NA,NA,NA
"uniform_k1",4570,"ATF2",1.14067009802099e-05,NA,NA,NA
"uniform_k1",4571,"FOXP3",1.50821877838991e-05,NA,NA,NA
"uniform_k1",4572,"RDH11",6.71381155781248e-06,NA,NA,NA
"uniform_k1",4573,"CYP11B2",0.000106525313512962,NA,NA,NA
"uniform_k1",4574,"TOP1",1.90060302329709e-06,NA,NA,NA
"uniform_k1",4575,"PFAS",0,NA,NA,NA
"uniform_k1",4576,"IKBKB",6.84471676271059e-06,NA,NA,NA
"uniform_k1",4577,"CYP27C1",0,NA,NA,NA
"uniform_k1",4578,"JUN",0.000712792808186147,NA,NA,NA
"uniform_k1",4579,"PROM1",0.00127729251749653,NA,NA,NA
"uniform_k1",4580,"CCL8",0,NA,NA,NA
"uniform_k1",4581,"ADORA1",2.74909074123864e-05,NA,NA,NA
"uniform_k1",4582,"DRD5",0.00110886310796687,NA,NA,NA
"uniform_k1",4583,"CFLAR",6.33631245472444e-07,NA,NA,NA
"uniform_k1",4584,"FASN",0.000342772066284303,NA,NA,NA
"uniform_k1",4585,"APCS",0.00117690914019986,NA,NA,NA
"uniform_k1",4586,"KCNA4",2.7111367415289e-05,NA,NA,NA
"uniform_k1",4587,"CXCL10",6.0199614313472e-06,NA,NA,NA
"uniform_k1",4588,"AHSP",1.89993871424488e-06,NA,NA,NA
"uniform_k1",4589,"CD40",1.65401335883164e-05,NA,NA,NA
"uniform_k1",4590,"GABRA1",0.000512519672648093,NA,NA,NA
"uniform_k1",4591,"ALAS2",0.000126132338585272,NA,NA,NA
"uniform_k1",4592,"PTGIS",1.23522684530863e-05,NA,NA,NA
"uniform_k1",4593,"PHB2",3.20568660923115e-05,NA,NA,NA
"uniform_k1",4594,"EIF2S1",0.000110140192739028,NA,NA,NA
"uniform_k1",4595,"SRD5A2",3.08503783238434e-05,NA,NA,NA
"uniform_k1",4596,"IDE",1.32413576375834e-05,NA,NA,NA
"uniform_k1",4597,"RB1",5.60807039972078e-05,NA,NA,NA
"uniform_k1",4598,"POR",3.92763746058788e-05,NA,NA,NA
"uniform_k1",4599,"DGKD",3.99034614917415e-06,NA,NA,NA
"uniform_k1",4600,"ATF3",8.55513091113647e-06,NA,NA,NA
"uniform_k1",4601,"ARF1",2.85051391907265e-05,NA,NA,NA
"uniform_k1",4602,"XBP1",0.00130705850242441,NA,NA,NA
"uniform_k1",4603,"ALB",0.00274688176313465,NA,NA,NA
"uniform_k1",4604,"TYR",3.79481492692735e-05,NA,NA,NA
"uniform_k1",4605,"BTK",0.000119272845312435,NA,NA,NA
"uniform_k1",4606,"CDH1",0.000350253039747228,NA,NA,NA
"uniform_k1",4607,"SOX9",0.000102527928081186,NA,NA,NA
"uniform_k1",4608,"PLD2",0.000135771725086054,NA,NA,NA
"uniform_k1",4609,"PRKAB2",0,NA,NA,NA
"uniform_k1",4610,"CYP11B1",0,NA,NA,NA
"uniform_k1",4611,"TYR",3.79481492692735e-05,NA,NA,NA
"uniform_k1",4612,"CRK",6.33660876869779e-06,NA,NA,NA
"uniform_k1",4613,"TGFB1",0.000170827591538192,NA,NA,NA
"uniform_k1",4614,"TRPM7",0,NA,NA,NA
"uniform_k1",4615,"FOS",0.000387693900821828,NA,NA,NA
"uniform_k1",4616,"ARRDC3",6.33407013395093e-07,NA,NA,NA
"uniform_k1",4617,"CPT1C",0,NA,NA,NA
"uniform_k1",4618,"PLAU",9.12459578450431e-06,NA,NA,NA
"uniform_k1",4619,"GRIN3A",0,NA,NA,NA
"uniform_k1",4620,"RAF1",1.33718501759139e-05,NA,NA,NA
"uniform_k1",4621,"CHEK2",2.4076159734765e-06,NA,NA,NA
"uniform_k1",4622,"CPT1A",1.49157660161992e-05,NA,NA,NA
"uniform_k1",4623,"CHRNA4",0.00010936479964363,NA,NA,NA
"uniform_k1",4624,"SREBF2",1.69818952083789e-05,NA,NA,NA
"uniform_k1",4625,"ERBB3",0,NA,NA,NA
"uniform_k1",4626,"MMP3",1.90743297472373e-05,NA,NA,NA
"uniform_k1",4627,"PTGER1",3.16733579774908e-06,NA,NA,NA
"uniform_k1",4628,"CRTC2",2.09096071963621e-05,NA,NA,NA
"uniform_k1",4629,"NFKB2",0,NA,NA,NA
"uniform_k1",4630,"PKD2",3.16666038624458e-06,NA,NA,NA
"uniform_k1",4631,"USP10",4.9733160998211e-05,NA,NA,NA
"uniform_k1",4632,"ADRB1",3.16756855778255e-06,NA,NA,NA
"uniform_k1",4633,"MT-ATP6",9.5010961728148e-06,NA,NA,NA
"uniform_k1",4634,"RASSF1",1.82470571705728e-05,NA,NA,NA
"uniform_k1",4635,"PRDX2",0,NA,NA,NA
"uniform_k1",4636,"PRKCD",2.05317703156904e-05,NA,NA,NA
"uniform_k1",4637,"KCNJ5",8.95444816781943e-05,NA,NA,NA
"uniform_k1",4638,"GAS6",1.2544836703432e-05,NA,NA,NA
"uniform_k1",4639,"CXCL2",0,NA,NA,NA
"uniform_k1",4640,"TACR1",0,NA,NA,NA
"uniform_k1",4641,"DDB1",2.07812890326009e-05,NA,NA,NA
"uniform_k1",4642,"SLC7A2",0,NA,NA,NA
"uniform_k1",4643,"UQCRC1",5.15309632885819e-05,NA,NA,NA
"uniform_k1",4644,"PPARG",0.000681665233701723,NA,NA,NA
"uniform_k1",4645,"MMP9",0.000204115785623737,NA,NA,NA
"uniform_k1",4646,"GABRB3",0.000120726283226125,NA,NA,NA
"uniform_k1",4647,"TFEB",4.43464879762434e-06,NA,NA,NA
"uniform_k1",4648,"TACR1",0,NA,NA,NA
"uniform_k1",4649,"CPS1",1.2666988915111e-05,NA,NA,NA
"uniform_k1",4650,"RASSF1",1.82470571705728e-05,NA,NA,NA
"uniform_k1",4651,"CACNA1I",0,NA,NA,NA
"uniform_k1",4652,"TFF2",0,NA,NA,NA
"uniform_k1",4653,"HSF1",0,NA,NA,NA
"uniform_k1",4654,"BCAT2",2.6019618702966e-05,NA,NA,NA
"uniform_k1",4655,"CTRC",0,NA,NA,NA
"uniform_k1",4656,"FAS",6.33677821770817e-07,NA,NA,NA
"uniform_k1",4657,"PENK",0,NA,NA,NA
"uniform_k1",4658,"PDE5A",1.15913843198312e-05,NA,NA,NA
"uniform_k1",4659,"BRCA1",0.00150305205251045,NA,NA,NA
"uniform_k1",4660,"BIRC3",6.3362084734564e-07,NA,NA,NA
"uniform_k1",4661,"CAMKK2",3.48444593978314e-06,NA,NA,NA
"uniform_k1",4662,"CACNA1G",7.41987078123341e-05,NA,NA,NA
"uniform_k1",4663,"PLA2G2A",5.81866140334508e-05,NA,NA,NA
"uniform_k1",4664,"AHR",1.17841620478343e-05,NA,NA,NA
"uniform_k1",4665,"GRM5",0.000204723227971049,NA,NA,NA
"uniform_k1",4666,"MAP2K5",0,NA,NA,NA
"uniform_k1",4667,"CHEK1",1.20395101235182e-05,NA,NA,NA
"uniform_k1",4668,"ABCG8",0,NA,NA,NA
"uniform_k1",4669,"OLR1",0,NA,NA,NA
"uniform_k1",4670,"PYGM",4.94772798226295e-05,NA,NA,NA
"uniform_k1",4671,"SLPI",0,NA,NA,NA
"uniform_k1",4672,"ACTBL2",0,NA,NA,NA
"uniform_k1",4673,"RELA",8.98188410365375e-05,NA,NA,NA
"uniform_k1",4674,"HMGCR",0.000154038156850445,NA,NA,NA
"uniform_k1",4675,"NPPA",7.28658572474172e-05,NA,NA,NA
"uniform_k1",4676,"ABCC9",1.45674367513227e-06,NA,NA,NA
"uniform_k1",4677,"PCNA",0.000281828068793732,NA,NA,NA
"uniform_k1",4678,"GSTA2",5.30422370040862e-05,NA,NA,NA
"uniform_k1",4679,"IMPDH2",1.60872446202109e-05,NA,NA,NA
"uniform_k1",4680,"CYP27C1",0,NA,NA,NA
"uniform_k1",4681,"NOS3",0.000136759922833574,NA,NA,NA
"uniform_k1",4682,"GPR83",0,NA,NA,NA
"uniform_k1",4683,"CACNB4",5.59340801313812e-05,NA,NA,NA
"uniform_k1",4684,"CHRNA9",1.46296272366397e-05,NA,NA,NA
"uniform_k1",4685,"REN",0.000113239453789604,NA,NA,NA
"uniform_k1",4686,"CCL8",0,NA,NA,NA
"uniform_k1",4687,"HDAC1",0.00033891246936113,NA,NA,NA
"uniform_k1",4688,"GK",0.000406543096133638,NA,NA,NA
"uniform_k1",4689,"IRF1",0,NA,NA,NA
"uniform_k1",4690,"LYZ",0,NA,NA,NA
"uniform_k1",4691,"ADH1C",0,NA,NA,NA
"uniform_k1",4692,"SMO",0,NA,NA,NA
"uniform_k1",4693,"CD40",1.65401335883164e-05,NA,NA,NA
"uniform_k1",4694,"F12",0,NA,NA,NA
"uniform_k1",4695,"TOP2A",1.51432024206866e-05,NA,NA,NA
"uniform_k1",4696,"CD55",7.47448208604506e-06,NA,NA,NA
"uniform_k1",4697,"PPARGC1A",0.000942132031227727,NA,NA,NA
"uniform_k1",4698,"GABRA2",5.10094626082758e-05,NA,NA,NA
"uniform_k1",4699,"GRM5",0.000204723227971049,NA,NA,NA
"uniform_k1",4700,"HERC5",0,NA,NA,NA
"uniform_k1",4701,"PLK4",2.22339198402421e-05,NA,NA,NA
"uniform_k1",4702,"TF",8.42569713455088e-06,NA,NA,NA
"uniform_k1",4703,"LYN",0.000110145713016818,NA,NA,NA
"uniform_k1",4704,"SOCS3",1.47020577304646e-05,NA,NA,NA
"uniform_k1",4705,"LRAT",5.06328770298881e-05,NA,NA,NA
"uniform_k1",4706,"PPP2CB",0,NA,NA,NA
"uniform_k1",4707,"ANPEP",7.21688108924479e-05,NA,NA,NA
"uniform_k1",4708,"TBK1",8.23758983270473e-06,NA,NA,NA
"uniform_k1",4709,"ALAD",1.1590275771578e-05,NA,NA,NA
"uniform_k1",4710,"ACTA2",4.98567078929257e-05,NA,NA,NA
"uniform_k1",4711,"CHRM1",6.15364589550138e-05,NA,NA,NA
"uniform_k1",4712,"DUOXA1",0,NA,NA,NA
"uniform_k1",4713,"PTX3",0,NA,NA,NA
"uniform_k1",4714,"RB1",5.60807039972078e-05,NA,NA,NA
"uniform_k1",4715,"CTSD",0.000133066364187417,NA,NA,NA
"uniform_k1",4716,"CYP7B1",5.06699999092142e-06,NA,NA,NA
"uniform_k1",4717,"DHCR7",7.41792346372616e-05,NA,NA,NA
"uniform_k1",4718,"PYGM",4.94772798226295e-05,NA,NA,NA
"uniform_k1",4719,"HBB",6.40684097101829e-05,NA,NA,NA
"uniform_k1",4720,"GANAB",0,NA,NA,NA
"uniform_k1",4721,"RPL17",9.4906952489815e-05,NA,NA,NA
"uniform_k1",4722,"CHRNA3",2.85056538062989e-06,NA,NA,NA
"uniform_k1",4723,"NAAA",0,NA,NA,NA
"uniform_k1",4724,"SNAI1",9.50644381658705e-07,NA,NA,NA
"uniform_k1",4725,"CSF1",1.07725687046312e-05,NA,NA,NA
"uniform_k1",4726,"SPI1",3.16810202792839e-05,NA,NA,NA
"uniform_k1",4727,"ALOX12",1.1402958573159e-05,NA,NA,NA
"uniform_k1",4728,"GLO1",4.94041980381166e-06,NA,NA,NA
"uniform_k1",4729,"FXN",3.98458264223578e-05,NA,NA,NA
"uniform_k1",4730,"FOSL2",0,NA,NA,NA
"uniform_k1",4731,"ADH1C",0,NA,NA,NA
"uniform_k1",4732,"ATG12",0,NA,NA,NA
"uniform_k1",4733,"ACSS2",8.1011205171122e-05,NA,NA,NA
"uniform_k1",4734,"CYP2C8",0,NA,NA,NA
"uniform_k1",4735,"PYGM",4.94772798226295e-05,NA,NA,NA
"uniform_k1",4736,"KCNJ8",1.89387005555819e-05,NA,NA,NA
"uniform_k1",4737,"NCF1",8.14327396577719e-05,NA,NA,NA
"uniform_k1",4738,"CAMK2G",0,NA,NA,NA
"uniform_k1",4739,"ADRA2C",1.26052450867276e-05,NA,NA,NA
"uniform_k1",4740,"IKBKB",6.84471676271059e-06,NA,NA,NA
"uniform_k1",4741,"DUOXA1",0,NA,NA,NA
"uniform_k1",4742,"IL1A",0.00038306531858312,NA,NA,NA
"uniform_k1",4743,"CHRNA4",0.00010936479964363,NA,NA,NA
"uniform_k1",4744,"SLC1A6",0,NA,NA,NA
"uniform_k1",4745,"MLXIPL",0,NA,NA,NA
"uniform_k1",4746,"CFTR",0.00160265872797649,NA,NA,NA
"uniform_k1",4747,"NPPB",3.61091583611639e-06,NA,NA,NA
"uniform_k1",4748,"PDE2A",0,NA,NA,NA
"uniform_k1",4749,"AXL",2.56876487623181e-05,NA,NA,NA
"uniform_k1",4750,"GPD1",0,NA,NA,NA
"uniform_k1",4751,"GLUL",0.000147191537224312,NA,NA,NA
"uniform_k1",4752,"VWF",5.62078033525815e-05,NA,NA,NA
"uniform_k1",4753,"CDKN2A",0.000523536323894791,NA,NA,NA
"uniform_k1",4754,"HNRNPA1",0.0011965986405017,NA,NA,NA
"uniform_k1",4755,"NRXN1",6.46433704953875e-05,NA,NA,NA
"uniform_k1",4756,"DHODH",1.42497466326663e-05,NA,NA,NA
"uniform_k1",4757,"ADH1C",0,NA,NA,NA
"uniform_k1",4758,"GGCX",3.08495731728975e-05,NA,NA,NA
"uniform_k1",4759,"IL36B",0,NA,NA,NA
"uniform_k1",4760,"PRKCD",2.05317703156904e-05,NA,NA,NA
"uniform_k1",4761,"ABAT",2.2801866788047e-06,NA,NA,NA
"uniform_k1",4762,"FSHR",1.23538226016739e-05,NA,NA,NA
"uniform_k1",4763,"NQO1",0.000518240501310552,NA,NA,NA
"uniform_k1",4764,"MLXIPL",0,NA,NA,NA
"uniform_k1",4765,"PLK4",2.22339198402421e-05,NA,NA,NA
"uniform_k1",4766,"PLA2G2D",0,NA,NA,NA
"uniform_k1",4767,"PTK2B",6.52603876749591e-06,NA,NA,NA
"uniform_k1",4768,"DUOXA1",0,NA,NA,NA
"uniform_k1",4769,"SIRT2",1.36869569887788e-05,NA,NA,NA
"uniform_k1",4770,"PRDX1",5.7026663956572e-06,NA,NA,NA
"uniform_k1",4771,"RRM1",0.000117817230330219,NA,NA,NA
"uniform_k1",4772,"CNR1",0.000234330328976462,NA,NA,NA
"uniform_k1",4773,"TP53",0.00427693686378816,NA,NA,NA
"uniform_k1",4774,"PDE3B",4.40978259571567e-05,NA,NA,NA
"uniform_k1",4775,"NGF",7.00958583023104e-05,NA,NA,NA
"uniform_k1",4776,"NFKB1",0.000211104315194666,NA,NA,NA
"uniform_k1",4777,"ATP5F1E",7.91669737976175e-06,NA,NA,NA
"uniform_k1",4778,"TAC1",0.001463424927591,NA,NA,NA
"uniform_k1",4779,"TIGAR",0,NA,NA,NA
"uniform_k1",4780,"AQP3",0,NA,NA,NA
"uniform_k1",4781,"GP6",2.19854467736758e-05,NA,NA,NA
"uniform_k1",4782,"AASS",1.96337880520314e-06,NA,NA,NA
"uniform_k1",4783,"MMP3",1.90743297472373e-05,NA,NA,NA
"uniform_k1",4784,"MYB",0,NA,NA,NA
"uniform_k1",4785,"PRKCE",5.79752275315926e-05,NA,NA,NA
"uniform_k1",4786,"NPY",0.00200669165182288,NA,NA,NA
"uniform_k1",4787,"HSD17B2",0,NA,NA,NA
"uniform_k1",4788,"TXNIP",0,NA,NA,NA
"uniform_k1",4789,"DHRS4",0,NA,NA,NA
"uniform_k1",4790,"GABRB1",1.70995530076601e-05,NA,NA,NA
"uniform_k1",4791,"PPID",0,NA,NA,NA
"uniform_k1",4792,"TFF1",9.5019484058767e-07,NA,NA,NA
"uniform_k1",4793,"RCAN1",0,NA,NA,NA
"uniform_k1",4794,"FASN",0.000342772066284303,NA,NA,NA
"uniform_k1",4795,"SCN11A",4.43375248559974e-06,NA,NA,NA
"uniform_k1",4796,"RPL17",9.4906952489815e-05,NA,NA,NA
"uniform_k1",4797,"CD40LG",1.90089891605183e-06,NA,NA,NA
"uniform_k1",4798,"PRKCD",2.05317703156904e-05,NA,NA,NA
"uniform_k1",4799,"RBP2",3.01152514644576e-05,NA,NA,NA
"uniform_k1",4800,"PRKACA",0.00408086083662407,NA,NA,NA
"uniform_k1",4801,"GABRP",0,NA,NA,NA
"uniform_k1",4802,"COL7A1",0,NA,NA,NA
"uniform_k1",4803,"RELA",8.98188410365375e-05,NA,NA,NA
"uniform_k1",4804,"ITGB3",8.18152205451783e-05,NA,NA,NA
"uniform_k1",4805,"ELOVL6",0,NA,NA,NA
"uniform_k1",4806,"IGF2",1.43217522315942e-05,NA,NA,NA
"uniform_k1",4807,"RHO",0.00017143146028642,NA,NA,NA
"uniform_k1",4808,"DUSP1",0,NA,NA,NA
"uniform_k1",4809,"ADH4",0,NA,NA,NA
"uniform_k1",4810,"PFAS",0,NA,NA,NA
"uniform_k1",4811,"NFKBIE",0,NA,NA,NA
"uniform_k1",4812,"CTSD",0.000133066364187417,NA,NA,NA
"uniform_k1",4813,"HDAC8",0,NA,NA,NA
"uniform_k1",4814,"AURKA",5.49029298524406e-05,NA,NA,NA
"uniform_k1",4815,"CD86",0,NA,NA,NA
"uniform_k1",4816,"CDK2",1.73911829558504e-05,NA,NA,NA
"uniform_k1",4817,"BIRC3",6.3362084734564e-07,NA,NA,NA
"uniform_k1",4818,"FOSL1",5.14461500070729e-05,NA,NA,NA
"uniform_k1",4819,"AKT2",0,NA,NA,NA
"uniform_k1",4820,"CYP1B1",1.26701867375623e-06,NA,NA,NA
"uniform_k1",4821,"GABRR3",0,NA,NA,NA
"uniform_k1",4822,"CATSPER1",0,NA,NA,NA
"uniform_k1",4823,"FABP4",8.52242665472236e-05,NA,NA,NA
"uniform_k1",4824,"AGXT2",0.000181321349120078,NA,NA,NA
"uniform_k1",4825,"PDE7B",0,NA,NA,NA
"uniform_k1",4826,"ALDH1A3",0,NA,NA,NA
"uniform_k1",4827,"PTGDR2",6.33406652128521e-07,NA,NA,NA
"uniform_k1",4828,"GLI1",5.44927221779457e-06,NA,NA,NA
"uniform_k1",4829,"KCNJ8",1.89387005555819e-05,NA,NA,NA
"uniform_k1",4830,"SKP2",4.435492915289e-06,NA,NA,NA
"uniform_k1",4831,"CYP19A1",0.000459651716543275,NA,NA,NA
"uniform_k1",4832,"ELOVL5",0,NA,NA,NA
"uniform_k1",4833,"CHRNA5",1.55794812480847e-05,NA,NA,NA
"uniform_k1",4834,"AKR1C3",0.000173978783267859,NA,NA,NA
"uniform_k1",4835,"PTGER1",3.16733579774908e-06,NA,NA,NA
"uniform_k1",4836,"SLC10A1",8.11595436944756e-05,NA,NA,NA
"uniform_k1",4837,"MB",4.23248293774936e-05,NA,NA,NA
"uniform_k1",4838,"CAV1",0.00188167408582673,NA,NA,NA
"uniform_k1",4839,"ARF4",1.97623946650571e-05,NA,NA,NA
"uniform_k1",4840,"HK2",0.000296209764147126,NA,NA,NA
"uniform_k1",4841,"DHRS4",0,NA,NA,NA
"uniform_k1",4842,"HCRT",0.000169339993540296,NA,NA,NA
"uniform_k1",4843,"TOP1",1.90060302329709e-06,NA,NA,NA
"uniform_k1",4844,"HMGCR",0.000154038156850445,NA,NA,NA
"uniform_k1",4845,"CASP6",1.26723751903146e-06,NA,NA,NA
"uniform_k1",4846,"TP53",0.00427693686378816,NA,NA,NA
"uniform_k1",4847,"NFKB1",0.000211104315194666,NA,NA,NA
"uniform_k1",4848,"NFE2L2",7.2947073822438e-05,NA,NA,NA
"uniform_k1",4849,"DPP4",0.00143001137023646,NA,NA,NA
"uniform_k1",4850,"PROC",3.8004925289048e-06,NA,NA,NA
"uniform_k1",4851,"ROS1",0,NA,NA,NA
"uniform_k1",4852,"FAS",6.33677821770817e-07,NA,NA,NA
"uniform_k1",4853,"UGT1A1",6.43666731126036e-05,NA,NA,NA
"uniform_k1",4854,"NFKBIE",0,NA,NA,NA
"uniform_k1",4855,"CACNG6",0,NA,NA,NA
"uniform_k1",4856,"SNAI1",9.50644381658705e-07,NA,NA,NA
"uniform_k1",4857,"HCRTR2",0,NA,NA,NA
"uniform_k1",4858,"AURKB",0.000100012341094136,NA,NA,NA
"uniform_k1",4859,"CDK1",0.000268330391133942,NA,NA,NA
"uniform_k1",4860,"NFKB1",0.000211104315194666,NA,NA,NA
"uniform_k1",4861,"AFP",5.4874124395865e-05,NA,NA,NA
"uniform_k1",4862,"EPHB6",0,NA,NA,NA
"uniform_k1",4863,"HPRT1",0.00041877379526456,NA,NA,NA
"uniform_k1",4864,"EREG",0,NA,NA,NA
"uniform_k1",4865,"CCNA2",1.83133006516067e-05,NA,NA,NA
"uniform_k1",4866,"ACSS2",8.1011205171122e-05,NA,NA,NA
"uniform_k1",4867,"CELF1",0,NA,NA,NA
"uniform_k1",4868,"RRM2B",0,NA,NA,NA
"uniform_k1",4869,"IL6",0.00104909499545724,NA,NA,NA
"uniform_k1",4870,"PIM1",0,NA,NA,NA
"uniform_k1",4871,"KIT",0.000262263529464124,NA,NA,NA
"uniform_k1",4872,"MAPK13",0,NA,NA,NA
"uniform_k1",4873,"NKX3-1",0,NA,NA,NA
"uniform_k1",4874,"POLDIP2",0,NA,NA,NA
"uniform_k1",4875,"CHRNA10",0,NA,NA,NA
"uniform_k1",4876,"CALML3",0,NA,NA,NA
"uniform_k1",4877,"CD80",0,NA,NA,NA
"uniform_k1",4878,"CP",4.75143862451732e-05,NA,NA,NA
"uniform_k1",4879,"GABRA1",0.000512519672648093,NA,NA,NA
"uniform_k1",4880,"GLI1",5.44927221779457e-06,NA,NA,NA
"uniform_k1",4881,"PTGER3",1.07329013246948e-05,NA,NA,NA
"uniform_k1",4882,"NCOA6",0,NA,NA,NA
"uniform_k1",4883,"RELA",8.98188410365375e-05,NA,NA,NA
"uniform_k1",4884,"CASP6",1.26723751903146e-06,NA,NA,NA
"uniform_k1",4885,"GRIN3B",0,NA,NA,NA
"uniform_k1",4886,"F10",1.53928141654047e-05,NA,NA,NA
"uniform_k1",4887,"LGALS1",0,NA,NA,NA
"uniform_k1",4888,"PIK3CA",2.52878809748891e-05,NA,NA,NA
"uniform_k1",4889,"P2RX7",5.59297818042426e-05,NA,NA,NA
"uniform_k1",4890,"CASP1",0.00024876408303065,NA,NA,NA
"uniform_k1",4891,"PRKCA",0.000374278990026067,NA,NA,NA
"uniform_k1",4892,"PRSS1",0.0011573163436972,NA,NA,NA
"uniform_k1",4893,"CYP2C9",0.000117781048131316,NA,NA,NA
"uniform_k1",4894,"MAPK3",0.000389312216340865,NA,NA,NA
"uniform_k1",4895,"SRD5A2",3.08503783238434e-05,NA,NA,NA
"uniform_k1",4896,"TEK",0,NA,NA,NA
"uniform_k1",4897,"F2",0.000128821901214549,NA,NA,NA
"uniform_k1",4898,"EEF2K",3.67443795490363e-06,NA,NA,NA
"uniform_k1",4899,"ACE",0.00145679149577593,NA,NA,NA
"uniform_k1",4900,"KCNMB4",0,NA,NA,NA
"uniform_k1",4901,"CHEK2",2.4076159734765e-06,NA,NA,NA
"uniform_k1",4902,"ELOVL6",0,NA,NA,NA
"uniform_k1",4903,"IL6",0.00104909499545724,NA,NA,NA
"uniform_k1",4904,"ORM1",1.43183478092945e-05,NA,NA,NA
"uniform_k1",4905,"PRKAA2",4.11841833947157e-06,NA,NA,NA
"uniform_k1",4906,"PARK7",5.03123803161643e-05,NA,NA,NA
"uniform_k1",4907,"MMP10",1.00093054868911e-05,NA,NA,NA
"uniform_k1",4908,"NR1H4",0.000150320210463128,NA,NA,NA
"uniform_k1",4909,"MAP2",5.57507217935349e-06,NA,NA,NA
"uniform_k1",4910,"NKX3-1",0,NA,NA,NA
"uniform_k1",4911,"CACNB2",2.53388741833227e-06,NA,NA,NA
"uniform_k1",4912,"HSP90AA1",0.000781176350650004,NA,NA,NA
"uniform_k1",4913,"IL36B",0,NA,NA,NA
"uniform_k1",4914,"NR3C1",8.7083319149972e-05,NA,NA,NA
"uniform_k1",4915,"CP",4.75143862451732e-05,NA,NA,NA
"uniform_k1",4916,"ADA",5.3173443308685e-05,NA,NA,NA
"uniform_k1",4917,"NQO1",0.000518240501310552,NA,NA,NA
"uniform_k1",4918,"ADH4",0,NA,NA,NA
"uniform_k1",4919,"PON1",7.22265572195013e-06,NA,NA,NA
"uniform_k1",4920,"CALML3",0,NA,NA,NA
"uniform_k1",4921,"PARP1",0.000202075672702362,NA,NA,NA
"uniform_k1",4922,"NPPB",3.61091583611639e-06,NA,NA,NA
"uniform_k1",4923,"KCNH2",0.000463751185241779,NA,NA,NA
"uniform_k1",4924,"BCL2L1",5.13395632928404e-05,NA,NA,NA
"uniform_k1",4925,"DLG3",1.07692098152423e-05,NA,NA,NA
"uniform_k1",4926,"GSTM1",0.000122658682697341,NA,NA,NA
"uniform_k1",4927,"SLC2A2",5.38855759126822e-05,NA,NA,NA
"uniform_k1",4928,"CHRNB2",1.93198243616521e-05,NA,NA,NA
"uniform_k1",4929,"HDAC6",0.00238463941154432,NA,NA,NA
"uniform_k1",4930,"CDKN2A",0.000523536323894791,NA,NA,NA
"uniform_k1",4931,"KCNMA1",2.73028963679867e-05,NA,NA,NA
"uniform_k1",4932,"TXNIP",0,NA,NA,NA
"uniform_k1",4933,"PTGDR2",6.33406652128521e-07,NA,NA,NA
"uniform_k1",4934,"MYC",0.000561856827766771,NA,NA,NA
"uniform_k1",4935,"MDH2",0.000134051798597046,NA,NA,NA
"uniform_k1",4936,"EIF2A",0,NA,NA,NA
"uniform_k1",4937,"TRPV1",0.00166711359586047,NA,NA,NA
"uniform_k1",4938,"TAT",6.1444352762341e-05,NA,NA,NA
"uniform_k1",4939,"ADRA1A",0,NA,NA,NA
"uniform_k1",4940,"FASLG",6.21033622971723e-06,NA,NA,NA
"uniform_k1",4941,"COL3A1",0,NA,NA,NA
"uniform_k1",4942,"HTR2B",3.80070954153489e-06,NA,NA,NA
"uniform_k1",4943,"PLSCR1",0,NA,NA,NA
"uniform_k1",4944,"CDH5",6.33662563265247e-06,NA,NA,NA
"uniform_k1",4945,"IL17A",0,NA,NA,NA
"uniform_k1",4946,"ACE",0.00145679149577593,NA,NA,NA
"uniform_k1",4947,"CXCL2",0,NA,NA,NA
"uniform_k1",4948,"RBP4",4.16853263397465e-05,NA,NA,NA
"uniform_k1",4949,"RAF1",1.33718501759139e-05,NA,NA,NA
"uniform_k1",4950,"FXN",3.98458264223578e-05,NA,NA,NA
"uniform_k1",4951,"MAP2K7",3.16786999277063e-06,NA,NA,NA
"uniform_k1",4952,"TRPV1",0.00166711359586047,NA,NA,NA
"uniform_k1",4953,"SDHA",0.000611111269984921,NA,NA,NA
"uniform_k1",4954,"KYNU",3.41288525791406e-05,NA,NA,NA
"uniform_k1",4955,"SULT1A1",8.93034087123823e-06,NA,NA,NA
"uniform_k1",4956,"CAMLG",0,NA,NA,NA
"uniform_k1",4957,"CXCL13",0,NA,NA,NA
"uniform_k1",4958,"SRPK2",0,NA,NA,NA
"uniform_k1",4959,"OPA1",9.50142898359374e-07,NA,NA,NA
"uniform_k1",4960,"FCER1A",0,NA,NA,NA
"uniform_k1",4961,"CACNA1I",0,NA,NA,NA
"uniform_k1",4962,"KCNA3",7.03184449912797e-06,NA,NA,NA
"uniform_k1",4963,"TPH1",7.17150924056664e-05,NA,NA,NA
"uniform_k1",4964,"RPS6KB1",2.01533684008881e-05,NA,NA,NA
"uniform_k1",4965,"CBR3",0,NA,NA,NA
"uniform_k1",4966,"CYP17A1",3.31356115126358e-05,NA,NA,NA
"uniform_k1",4967,"TF",8.42569713455088e-06,NA,NA,NA
"uniform_k1",4968,"CMA1",0,NA,NA,NA
"uniform_k1",4969,"CRP",0.00025559836793676,NA,NA,NA
"uniform_k1",4970,"TNFSF11",7.5283725537223e-05,NA,NA,NA
"uniform_k1",4971,"GRIN2A",0.000361526992004202,NA,NA,NA
"uniform_k1",4972,"ANPEP",7.21688108924479e-05,NA,NA,NA
"uniform_k1",4973,"GSS",1.96391900666448e-05,NA,NA,NA
"uniform_k1",4974,"RARB",1.39344317841017e-05,NA,NA,NA
"uniform_k1",4975,"NEDD4L",4.56173481240274e-05,NA,NA,NA
"uniform_k1",4976,"F3",4.30244857466677e-05,NA,NA,NA
"uniform_k1",4977,"CRH",2.05295196740174e-05,NA,NA,NA
"uniform_k1",4978,"APCS",0.00117690914019986,NA,NA,NA
"uniform_k1",4979,"SLC1A3",2.4134429150835e-05,NA,NA,NA
"uniform_k1",4980,"PTP4A1",0,NA,NA,NA
"uniform_k1",4981,"ABCC1",0,NA,NA,NA
"uniform_k1",4982,"OPRD1",0,NA,NA,NA
"uniform_k1",4983,"NTRK2",0.000178668928783821,NA,NA,NA
"uniform_k1",4984,"ITGB3",8.18152205451783e-05,NA,NA,NA
"uniform_k1",4985,"CRBN",3.83289296229661e-05,NA,NA,NA
"uniform_k1",4986,"PTGES2",2.81266331965124e-05,NA,NA,NA
"uniform_k1",4987,"LRP5",0,NA,NA,NA
"uniform_k1",4988,"PDE4D",1.08964365290731e-05,NA,NA,NA
"uniform_k1",4989,"NR1I2",0.000123041356779652,NA,NA,NA
"uniform_k1",4990,"PTEN",0.000112385888386912,NA,NA,NA
"uniform_k1",4991,"SHMT1",4.44281784347522e-05,NA,NA,NA
"uniform_k1",4992,"POLE4",6.33352637668949e-07,NA,NA,NA
"uniform_k1",4993,"ACTR2",9.50262921906031e-06,NA,NA,NA
"uniform_k1",4994,"HSD11B1",5.68914811439614e-05,NA,NA,NA
"uniform_k1",4995,"CA1",4.61079535398756e-05,NA,NA,NA
"uniform_k1",4996,"NCF4",0,NA,NA,NA
"uniform_k1",4997,"AIMP2",0,NA,NA,NA
"uniform_k1",4998,"LY96",0,NA,NA,NA
"uniform_k1",4999,"AKR1C4",0,NA,NA,NA
"uniform_k1",5000,"SMAD7",1.26728738392146e-06,NA,NA,NA
"uniform_k1",5001,"CAMK2G",0,NA,NA,NA
"uniform_k1",5002,"MAPK13",0,NA,NA,NA
"uniform_k1",5003,"GPT2",8.61690501118284e-05,NA,NA,NA
"uniform_k1",5004,"HSP90AA1",0.000781176350650004,NA,NA,NA
"uniform_k1",5005,"NNMT",2.43922960370124e-05,NA,NA,NA
"uniform_k1",5006,"KLF4",2.5346502531276e-06,NA,NA,NA
"uniform_k1",5007,"MTOR",0.000351853732282081,NA,NA,NA
"uniform_k1",5008,"CREB1",0.000475073453506725,NA,NA,NA
"uniform_k1",5009,"FOXO3",4.79174602721066e-05,NA,NA,NA
"uniform_k1",5010,"PPP2CB",0,NA,NA,NA
"uniform_k1",5011,"APOD",0.00195383273850436,NA,NA,NA
"uniform_k1",5012,"PTK2",8.5307122116185e-05,NA,NA,NA
"uniform_k1",5013,"ATF1",3.16751357498646e-06,NA,NA,NA
"uniform_k1",5014,"SERPINB9",0,NA,NA,NA
"uniform_k1",5015,"TFEB",4.43464879762434e-06,NA,NA,NA
"uniform_k1",5016,"ADORA2A",0.00134091820301629,NA,NA,NA
"uniform_k1",5017,"AKR1C2",0,NA,NA,NA
"uniform_k1",5018,"IL6",0.00104909499545724,NA,NA,NA
"uniform_k1",5019,"ABCA1",1.90091421303773e-06,NA,NA,NA
"uniform_k1",5020,"CXCL1",0,NA,NA,NA
"uniform_k1",5021,"FOSL2",0,NA,NA,NA
"uniform_k1",5022,"CACNA1D",0.00017135132572077,NA,NA,NA
"uniform_k1",5023,"ACSL1",4.92269468655993e-05,NA,NA,NA
"uniform_k1",5024,"ADORA2A",0.00134091820301629,NA,NA,NA
"uniform_k1",5025,"AMY2A",0,NA,NA,NA
"uniform_k1",5026,"IL1B",0.000829865649814021,NA,NA,NA
"uniform_k1",5027,"GAD1",0.000786829139807432,NA,NA,NA
"uniform_k1",5028,"TPH1",7.17150924056664e-05,NA,NA,NA
"uniform_k1",5029,"LY96",0,NA,NA,NA
"uniform_k1",5030,"DHFR",0.000279606338591143,NA,NA,NA
"uniform_k1",5031,"SNCA",0.000455106191969867,NA,NA,NA
"uniform_k1",5032,"MT-ATP6",9.5010961728148e-06,NA,NA,NA
"uniform_k1",5033,"METTL3",0,NA,NA,NA
"uniform_k1",5034,"DGKA",5.13043205019326e-06,NA,NA,NA
"uniform_k1",5035,"RPS6KA3",0,NA,NA,NA
"uniform_k1",5036,"VWF",5.62078033525815e-05,NA,NA,NA
"uniform_k1",5037,"CHRNB3",0,NA,NA,NA
"uniform_k1",5038,"GABRD",9.49995296650741e-07,NA,NA,NA
"uniform_k1",5039,"CRK",6.33660876869779e-06,NA,NA,NA
"uniform_k1",5040,"GRIN2C",0,NA,NA,NA
"uniform_k1",5041,"ADH1B",0,NA,NA,NA
"uniform_k1",5042,"ATR",0,NA,NA,NA
"uniform_k1",5043,"GABRB2",0,NA,NA,NA
"uniform_k1",5044,"SLC47A1",0,NA,NA,NA
"uniform_k1",5045,"KHK",0,NA,NA,NA
"uniform_k1",5046,"EGF",0.000230000691015642,NA,NA,NA
"uniform_k1",5047,"SMAD3",0.000326994785442403,NA,NA,NA
"uniform_k1",5048,"NNMT",2.43922960370124e-05,NA,NA,NA
"uniform_k1",5049,"CALR",4.38793673526172e-05,NA,NA,NA
"uniform_k1",5050,"CHRNA9",1.46296272366397e-05,NA,NA,NA
"uniform_k1",5051,"CANX",2.08728829651506e-05,NA,NA,NA
"uniform_k1",5052,"PTGS1",0.0001138588382259,NA,NA,NA
"uniform_k1",5053,"IMPDH1",3.87605638363375e-05,NA,NA,NA
"uniform_k1",5054,"HCRTR1",0,NA,NA,NA
"uniform_k1",5055,"PLB1",0.00110895479500295,NA,NA,NA
"uniform_k1",5056,"PLSCR1",0,NA,NA,NA
"uniform_k1",5057,"HCRT",0.000169339993540296,NA,NA,NA
"uniform_k1",5058,"POMC",0.00149342435047795,NA,NA,NA
"uniform_k1",5059,"MRC1",0,NA,NA,NA
"uniform_k1",5060,"PLK4",2.22339198402421e-05,NA,NA,NA
"uniform_k1",5061,"ADRB1",3.16756855778255e-06,NA,NA,NA
"uniform_k1",5062,"PROS1",2.21693788693411e-06,NA,NA,NA
"uniform_k1",5063,"MT-ATP6",9.5010961728148e-06,NA,NA,NA
"uniform_k1",5064,"SLC7A2",0,NA,NA,NA
"uniform_k1",5065,"MAPK8IP1",9.56119621767781e-05,NA,NA,NA
"uniform_k1",5066,"ACSL1",4.92269468655993e-05,NA,NA,NA
"uniform_k1",5067,"F12",0,NA,NA,NA
"uniform_k1",5068,"GRIA2",6.42468498274207e-05,NA,NA,NA
"uniform_k1",5069,"MPO",0.000259217982351401,NA,NA,NA
"uniform_k1",5070,"UGT1A3",1.26699491542759e-06,NA,NA,NA
"uniform_k1",5071,"MMP13",1.63470522265285e-05,NA,NA,NA
"uniform_k1",5072,"AGXT",0.000106059050095864,NA,NA,NA
"uniform_k1",5073,"TIMP1",6.97061284626876e-06,NA,NA,NA
"uniform_k1",5074,"KCNQ2",0.000154321192943452,NA,NA,NA
"uniform_k1",5075,"MAPK11",0,NA,NA,NA
"uniform_k1",5076,"MAP2K1",0,NA,NA,NA
"uniform_k1",5077,"ABCC9",1.45674367513227e-06,NA,NA,NA
"uniform_k1",5078,"PHOSPHO2",0,NA,NA,NA
"uniform_k1",5079,"PKD1",3.50334081220538e-05,NA,NA,NA
"uniform_k1",5080,"TGFB1",0.000170827591538192,NA,NA,NA
"uniform_k1",5081,"SNAI2",6.33686013218338e-07,NA,NA,NA
"uniform_k1",5082,"VIM",5.2598025607753e-05,NA,NA,NA
"uniform_k1",5083,"CALM1",5.91918174835948e-05,NA,NA,NA
"uniform_k1",5084,"CTSG",5.59397568715703e-05,NA,NA,NA
"uniform_k1",5085,"UCP2",2.4330049283483e-05,NA,NA,NA
"uniform_k1",5086,"GAA",0,NA,NA,NA
"uniform_k1",5087,"DPP4",0.00143001137023646,NA,NA,NA
"uniform_k1",5088,"GRIK1",0,NA,NA,NA
"uniform_k1",5089,"SPI1",3.16810202792839e-05,NA,NA,NA
"uniform_k1",5090,"CYP2C9",0.000117781048131316,NA,NA,NA
"uniform_k1",5091,"CMA1",0,NA,NA,NA
"uniform_k1",5092,"PTGER4",5.57531554357116e-06,NA,NA,NA
"uniform_k1",5093,"DLG4",0.000800645688133095,NA,NA,NA
"uniform_k1",5094,"ABL1",0.000131212002905445,NA,NA,NA
"uniform_k1",5095,"PLD1",0,NA,NA,NA
"uniform_k1",5096,"DAO",0,NA,NA,NA
"uniform_k1",5097,"STAT1",0.000487010105838959,NA,NA,NA
"uniform_k1",5098,"KEAP1",8.90865911317151e-05,NA,NA,NA
"uniform_k1",5099,"ATP2B3",0,NA,NA,NA
"uniform_k1",5100,"FBP1",7.28503339286757e-06,NA,NA,NA
"uniform_k1",5101,"RTCB",0,NA,NA,NA
"uniform_k1",5102,"GP6",2.19854467736758e-05,NA,NA,NA
"uniform_k1",5103,"KCNE2",0,NA,NA,NA
"uniform_k1",5104,"EEF2K",3.67443795490363e-06,NA,NA,NA
"uniform_k1",5105,"APP",0.00112835552814228,NA,NA,NA
"uniform_k1",5106,"CYP26C1",0,NA,NA,NA
"uniform_k1",5107,"CYBA",0,NA,NA,NA
"uniform_k1",5108,"GPD1",0,NA,NA,NA
"uniform_k1",5109,"DAO",0,NA,NA,NA
"uniform_k1",5110,"PRKCD",2.05317703156904e-05,NA,NA,NA
"uniform_k1",5111,"SERPINB9",0,NA,NA,NA
"uniform_k1",5112,"TFEB",4.43464879762434e-06,NA,NA,NA
"uniform_k1",5113,"TRPV3",0,NA,NA,NA
"uniform_k1",5114,"IL10",0.000109475292591865,NA,NA,NA
"uniform_k1",5115,"GABRA3",0,NA,NA,NA
"uniform_k1",5116,"ATP1A2",4.63378248599655e-05,NA,NA,NA
"uniform_k1",5117,"HRH3",0,NA,NA,NA
"uniform_k1",5118,"KIT",0.000262263529464124,NA,NA,NA
"uniform_k1",5119,"S100A8",5.866975145008e-05,NA,NA,NA
"uniform_k1",5120,"ALOX12",1.1402958573159e-05,NA,NA,NA
"uniform_k1",5121,"DKK1",0,NA,NA,NA
"uniform_k1",5122,"ATG12",0,NA,NA,NA
"uniform_k1",5123,"ACSL4",0,NA,NA,NA
"uniform_k1",5124,"P4HB",2.24939291733062e-05,NA,NA,NA
"uniform_k1",5125,"GRIN2B",0.000317728868907574,NA,NA,NA
"uniform_k1",5126,"ICAM1",0.000172524776509531,NA,NA,NA
"uniform_k1",5127,"GABRA5",0,NA,NA,NA
"uniform_k1",5128,"SCARB1",0.000336871406579009,NA,NA,NA
"uniform_k1",5129,"JUN",0.000712792808186147,NA,NA,NA
"uniform_k1",5130,"F7",0.00116938158797564,NA,NA,NA
"uniform_k1",5131,"TNFRSF9",0,NA,NA,NA
"uniform_k1",5132,"MAP2K5",0,NA,NA,NA
"uniform_k1",5133,"EGF",0.000230000691015642,NA,NA,NA
"uniform_k1",5134,"STAT5A",4.23996396073933e-05,NA,NA,NA
"uniform_k1",5135,"NRP1",0.000102455056317119,NA,NA,NA
"uniform_k1",5136,"ACP1",0,NA,NA,NA
"uniform_k1",5137,"DRD1",0.000110991854724962,NA,NA,NA
"uniform_k1",5138,"CYCS",0.0019228192201588,NA,NA,NA
"uniform_k1",5139,"HNF4G",0,NA,NA,NA
"uniform_k1",5140,"NOX1",2.49654080184403e-05,NA,NA,NA
"uniform_k1",5141,"ADH1C",0,NA,NA,NA
"uniform_k1",5142,"PPT1",8.42388961930229e-06,NA,NA,NA
"uniform_k1",5143,"NFATC1",5.51292228962996e-05,NA,NA,NA
"uniform_k1",5144,"ACLY",0.000136799781064179,NA,NA,NA
"uniform_k1",5145,"CCNB1",1.05829380095956e-05,NA,NA,NA
"uniform_k1",5146,"IL33",0,NA,NA,NA
"uniform_k1",5147,"ADRA1A",0,NA,NA,NA
"uniform_k1",5148,"CHRM1",6.15364589550138e-05,NA,NA,NA
"uniform_k1",5149,"IMPDH1",3.87605638363375e-05,NA,NA,NA
"uniform_k1",5150,"PRKAG2",0.00023019859617357,NA,NA,NA
"uniform_k1",5151,"APOB",0.000254184152158166,NA,NA,NA
"uniform_k1",5152,"CYP7A1",0.000286565174003384,NA,NA,NA
"uniform_k1",5153,"TOP2B",0,NA,NA,NA
"uniform_k1",5154,"CACNA1C",0.000498320638157024,NA,NA,NA
"uniform_k1",5155,"CAMP",0.00129691841056656,NA,NA,NA
"uniform_k1",5156,"ACPP",0,NA,NA,NA
"uniform_k1",5157,"BHLHE40",0,NA,NA,NA
"uniform_k1",5158,"ADRA1B",0,NA,NA,NA
"uniform_k1",5159,"SSTR5",0,NA,NA,NA
"uniform_k1",5160,"AASS",1.96337880520314e-06,NA,NA,NA
"uniform_k1",5161,"FOXP3",1.50821877838991e-05,NA,NA,NA
"uniform_k1",5162,"MDH2",0.000134051798597046,NA,NA,NA
"uniform_k1",5163,"IL2",8.48661529537775e-05,NA,NA,NA
"uniform_k1",5164,"SEMA3A",6.84073768231208e-06,NA,NA,NA
"uniform_k1",5165,"TLR2",1.15981297473811e-05,NA,NA,NA
"uniform_k1",5166,"FBP1",7.28503339286757e-06,NA,NA,NA
"uniform_k1",5167,"HLA-B",6.33520976234259e-07,NA,NA,NA
"uniform_k1",5168,"HSPA1B",2.53472574274216e-06,NA,NA,NA
"uniform_k1",5169,"GABRG2",6.25131802217682e-05,NA,NA,NA
"uniform_k1",5170,"ADRB2",0.000148693401879507,NA,NA,NA
"uniform_k1",5171,"PRKAA2",4.11841833947157e-06,NA,NA,NA
"uniform_k1",5172,"CXCR4",0.000366755254582851,NA,NA,NA
"uniform_k1",5173,"REN",0.000113239453789604,NA,NA,NA
"uniform_k1",5174,"KCNC2",0,NA,NA,NA
"uniform_k1",5175,"ATG7",2.9146658695467e-06,NA,NA,NA
"uniform_k1",5176,"TLR4",0.000516160551537248,NA,NA,NA
"uniform_k1",5177,"TOP1",1.90060302329709e-06,NA,NA,NA
"uniform_k1",5178,"SPP1",0.000133522093562433,NA,NA,NA
"uniform_k1",5179,"HTR7",2.21651978515869e-06,NA,NA,NA
"uniform_k1",5180,"SHANK1",1.22897159903212e-05,NA,NA,NA
"uniform_k1",5181,"PRKAG2",0.00023019859617357,NA,NA,NA
"uniform_k1",5182,"GRM5",0.000204723227971049,NA,NA,NA
"uniform_k1",5183,"PPP3R1",0,NA,NA,NA
"uniform_k1",5184,"RBP4",4.16853263397465e-05,NA,NA,NA
"uniform_k1",5185,"IL33",0,NA,NA,NA
"uniform_k1",5186,"HRH3",0,NA,NA,NA
"uniform_k1",5187,"PTPN11",2.43987962315062e-05,NA,NA,NA
"uniform_k1",5188,"DDIT3",5.44896803789108e-06,NA,NA,NA
"uniform_k1",5189,"DCK",6.65095605247856e-05,NA,NA,NA
"uniform_k1",5190,"HRH1",0,NA,NA,NA
"uniform_k1",5191,"EGLN3",1.26699828650878e-06,NA,NA,NA
"uniform_k1",5192,"CSK",0,NA,NA,NA
"uniform_k1",5193,"ATG5",1.93264314094499e-05,NA,NA,NA
"uniform_k1",5194,"GRIN1",6.96987215653699e-06,NA,NA,NA
"uniform_k1",5195,"GSTM1",0.000122658682697341,NA,NA,NA
"uniform_k1",5196,"HNF1A",0.00122815220873107,NA,NA,NA
"uniform_k1",5197,"PPARA",0.00137693094911007,NA,NA,NA
"uniform_k1",5198,"GLUL",0.000147191537224312,NA,NA,NA
"uniform_k1",5199,"EIF2AK2",0.000116554297583948,NA,NA,NA
"uniform_k1",5200,"CD163",2.80685125135793e-05,NA,NA,NA
"uniform_k1",5201,"CYP2C19",1.83094707274511e-05,NA,NA,NA
"uniform_k1",5202,"CACNB4",5.59340801313812e-05,NA,NA,NA
"uniform_k1",5203,"SLC16A1",1.22233950207162e-05,NA,NA,NA
"uniform_k1",5204,"SMAD3",0.000326994785442403,NA,NA,NA
"uniform_k1",5205,"SCN2B",0,NA,NA,NA
"uniform_k1",5206,"GANAB",0,NA,NA,NA
"uniform_k1",5207,"PRKCE",5.79752275315926e-05,NA,NA,NA
"uniform_k1",5208,"NFATC3",3.48468834243665e-06,NA,NA,NA
"uniform_k1",5209,"FADS2",4.0853135067076e-05,NA,NA,NA
"uniform_k1",5210,"CALCA",1.96344956293615e-06,NA,NA,NA
"uniform_k1",5211,"BAX",8.97923976903581e-05,NA,NA,NA
"uniform_k1",5212,"FAS",6.33677821770817e-07,NA,NA,NA
"uniform_k1",5213,"SNCA",0.000455106191969867,NA,NA,NA
"uniform_k1",5214,"KCNH7",0,NA,NA,NA
"uniform_k1",5215,"RYR2",4.78345186669671e-05,NA,NA,NA
"uniform_k1",5216,"TUBA1C",0,NA,NA,NA
"uniform_k1",5217,"JDP2",0,NA,NA,NA
"uniform_k1",5218,"PTGER3",1.07329013246948e-05,NA,NA,NA
"uniform_k1",5219,"NEU1",0,NA,NA,NA
"uniform_k1",5220,"CHRNA4",0.00010936479964363,NA,NA,NA
"uniform_k1",5221,"TUBA1A",1.10247379909723e-05,NA,NA,NA
"uniform_k1",5222,"PPARG",0.000681665233701723,NA,NA,NA
"uniform_k1",5223,"CD163",2.80685125135793e-05,NA,NA,NA
"uniform_k1",5224,"MMP3",1.90743297472373e-05,NA,NA,NA
"uniform_k1",5225,"FURIN",9.05415850372959e-05,NA,NA,NA
"uniform_k1",5226,"SLC6A3",0.000164253248760127,NA,NA,NA
"uniform_k1",5227,"PPARG",0.000681665233701723,NA,NA,NA
"uniform_k1",5228,"HTR6",2.29298407665723e-05,NA,NA,NA
"uniform_k1",5229,"GRIN1",6.96987215653699e-06,NA,NA,NA
"uniform_k1",5230,"CXCL1",0,NA,NA,NA
"uniform_k1",5231,"MRC1",0,NA,NA,NA
"uniform_k1",5232,"SCARB1",0.000336871406579009,NA,NA,NA
"uniform_k1",5233,"FSHR",1.23538226016739e-05,NA,NA,NA
"uniform_k1",5234,"YAP1",2.37641275353528e-05,NA,NA,NA
"uniform_k1",5235,"MMP10",1.00093054868911e-05,NA,NA,NA
"uniform_k1",5236,"GYPA",0.000261429870861529,NA,NA,NA
"uniform_k1",5237,"FGF2",4.67782227966396e-05,NA,NA,NA
"uniform_k1",5238,"CD163",2.80685125135793e-05,NA,NA,NA
"uniform_k1",5239,"DLG1",6.50075176803488e-05,NA,NA,NA
"uniform_k1",5240,"F10",1.53928141654047e-05,NA,NA,NA
"uniform_k1",5241,"CNR1",0.000234330328976462,NA,NA,NA
"uniform_k1",5242,"PTGS1",0.0001138588382259,NA,NA,NA
"uniform_k1",5243,"TIGAR",0,NA,NA,NA
"uniform_k1",5244,"CASP8",8.23939107075233e-06,NA,NA,NA
"uniform_k1",5245,"HTR1D",0,NA,NA,NA
"uniform_k1",5246,"NRF1",1.38741902355743e-05,NA,NA,NA
"uniform_k1",5247,"DNM1L",6.33522741710912e-07,NA,NA,NA
"uniform_k1",5248,"PDE6C",0,NA,NA,NA
"uniform_k1",5249,"SIRT1",0.000506319994551752,NA,NA,NA
"uniform_k1",5250,"CALCA",1.96344956293615e-06,NA,NA,NA
"uniform_k1",5251,"GSTM1",0.000122658682697341,NA,NA,NA
"uniform_k1",5252,"ABCB1",2.07166464523123e-05,NA,NA,NA
"uniform_k1",5253,"SMAD3",0.000326994785442403,NA,NA,NA
"uniform_k1",5254,"ADORA2A",0.00134091820301629,NA,NA,NA
"uniform_k1",5255,"ACHE",0.000111252964972719,NA,NA,NA
"uniform_k1",5256,"EBP",6.01605713679287e-06,NA,NA,NA
"uniform_k1",5257,"COMT",0.000258432034107248,NA,NA,NA
"uniform_k1",5258,"MPO",0.000259217982351401,NA,NA,NA
"uniform_k1",5259,"GK",0.000406543096133638,NA,NA,NA
"uniform_k1",5260,"IRF1",0,NA,NA,NA
"uniform_k1",5261,"IFNG",3.71450469081047e-05,NA,NA,NA
"uniform_k1",5262,"PTGS1",0.0001138588382259,NA,NA,NA
"uniform_k1",5263,"LMNB1",7.2866286621176e-06,NA,NA,NA
"uniform_k1",5264,"ALDH3A1",7.8987277396747e-05,NA,NA,NA
"uniform_k1",5265,"TLR2",1.15981297473811e-05,NA,NA,NA
"uniform_k1",5266,"AFM",0,NA,NA,NA
"uniform_k1",5267,"ESRRB",2.36306737284586e-05,NA,NA,NA
"uniform_k1",5268,"JUNB",0,NA,NA,NA
"uniform_k1",5269,"COX6C",0,NA,NA,NA
"uniform_k1",5270,"ADK",7.61409486743636e-05,NA,NA,NA
"uniform_k1",5271,"KDR",2.14857653940692e-05,NA,NA,NA
"uniform_k1",5272,"YWHAZ",0.000329867224154401,NA,NA,NA
"uniform_k1",5273,"CDT1",1.38729255214631e-05,NA,NA,NA
"uniform_k1",5274,"CRP",0.00025559836793676,NA,NA,NA
"uniform_k1",5275,"ATOX1",0,NA,NA,NA
"uniform_k1",5276,"COX5A",0,NA,NA,NA
"uniform_k1",5277,"TOP2B",0,NA,NA,NA
"uniform_k1",5278,"CD36",0.000286748685116911,NA,NA,NA
"uniform_k1",5279,"CALR",4.38793673526172e-05,NA,NA,NA
"uniform_k1",5280,"ERBB3",0,NA,NA,NA
"uniform_k1",5281,"CDKN1C",1.58390438897982e-06,NA,NA,NA
"uniform_k1",5282,"NR4A1",4.04919306976614e-05,NA,NA,NA
"uniform_k1",5283,"AXIN2",0,NA,NA,NA
"uniform_k1",5284,"FEN1",1.98912329634204e-05,NA,NA,NA
"uniform_k1",5285,"ATP1A2",4.63378248599655e-05,NA,NA,NA
"uniform_k1",5286,"AKR1C3",0.000173978783267859,NA,NA,NA
"uniform_k1",5287,"CACNB2",2.53388741833227e-06,NA,NA,NA
"uniform_k1",5288,"PDE2A",0,NA,NA,NA
"uniform_k1",5289,"CASQ1",2.53341735867441e-06,NA,NA,NA
"uniform_k1",5290,"MMP13",1.63470522265285e-05,NA,NA,NA
"uniform_k1",5291,"RTCB",0,NA,NA,NA
"uniform_k1",5292,"MRC1",0,NA,NA,NA
"uniform_k1",5293,"KCNA5",1.99569664441901e-05,NA,NA,NA
"uniform_k1",5294,"ADAMTS5",0,NA,NA,NA
"uniform_k1",5295,"HGF",0,NA,NA,NA
"uniform_k1",5296,"GOT2",0.00078289580737978,NA,NA,NA
"uniform_k1",5297,"CELF1",0,NA,NA,NA
"uniform_k1",5298,"GSTZ1",0,NA,NA,NA
"uniform_k1",5299,"HDAC1",0.00033891246936113,NA,NA,NA
"uniform_k1",5300,"TLR4",0.000516160551537248,NA,NA,NA
"uniform_k1",5301,"BIRC5",3.23786530762593e-05,NA,NA,NA
"uniform_k1",5302,"NUF2",6.20773671455854e-06,NA,NA,NA
"uniform_k1",5303,"PTGDS",0.0001023719829093,NA,NA,NA
"uniform_k1",5304,"IGF1R",3.6000843736117e-05,NA,NA,NA
"uniform_k1",5305,"COX7B",0,NA,NA,NA
"uniform_k1",5306,"DRD3",0,NA,NA,NA
"uniform_k1",5307,"MAPK8",0.00014699135508045,NA,NA,NA
"uniform_k1",5308,"AGXT2",0.000181321349120078,NA,NA,NA
"uniform_k1",5309,"SCN11A",4.43375248559974e-06,NA,NA,NA
"uniform_k1",5310,"ARF6",0,NA,NA,NA
"uniform_k1",5311,"INSR",1.12798026006278e-05,NA,NA,NA
"uniform_k1",5312,"TTK",1.26686474088977e-06,NA,NA,NA
"uniform_k1",5313,"SFN",1.88836433614448e-05,NA,NA,NA
"uniform_k1",5314,"SLPI",0,NA,NA,NA
"uniform_k1",5315,"ABCB1",2.07166464523123e-05,NA,NA,NA
"uniform_k1",5316,"GP1BA",3.18056444478243e-05,NA,NA,NA
"uniform_k1",5317,"CYP21A2",0,NA,NA,NA
"uniform_k1",5318,"S100A7",0.00101836981567682,NA,NA,NA
"uniform_k1",5319,"CXCL10",6.0199614313472e-06,NA,NA,NA
"uniform_k1",5320,"TNFRSF1A",1.26749186291075e-05,NA,NA,NA
"uniform_k1",5321,"TNFRSF1A",1.26749186291075e-05,NA,NA,NA
"uniform_k1",5322,"THBS1",7.4650161333345e-05,NA,NA,NA
"uniform_k1",5323,"HDAC5",0,NA,NA,NA
"uniform_k1",5324,"APOB",0.000254184152158166,NA,NA,NA
"uniform_k1",5325,"HAS2",0,NA,NA,NA
"uniform_k1",5326,"LRAT",5.06328770298881e-05,NA,NA,NA
"uniform_k1",5327,"CACNA1E",0,NA,NA,NA
"uniform_k1",5328,"FADS2",4.0853135067076e-05,NA,NA,NA
"uniform_k1",5329,"SOCS3",1.47020577304646e-05,NA,NA,NA
"uniform_k1",5330,"CYP19A1",0.000459651716543275,NA,NA,NA
"uniform_k1",5331,"PCYT1A",2.85706032163713e-05,NA,NA,NA
"uniform_k1",5332,"BCL2",0.00028337947071766,NA,NA,NA
"uniform_k1",5333,"TPMT",8.77949444514359e-05,NA,NA,NA
"uniform_k1",5334,"NPPB",3.61091583611639e-06,NA,NA,NA
"uniform_k1",5335,"FADS2",4.0853135067076e-05,NA,NA,NA
"uniform_k1",5336,"ADRB3",5.25856990074569e-06,NA,NA,NA
"uniform_k1",5337,"DHRS4",0,NA,NA,NA
"uniform_k1",5338,"ACACB",1.55840957074549e-05,NA,NA,NA
"uniform_k1",5339,"NQO1",0.000518240501310552,NA,NA,NA
"uniform_k1",5340,"QPRT",2.95780448075211e-05,NA,NA,NA
"uniform_k1",5341,"RBL1",0,NA,NA,NA
"uniform_k1",5342,"AURKC",0,NA,NA,NA
"uniform_k1",5343,"NR1H2",0,NA,NA,NA
"uniform_k1",5344,"AKT1",0.00346325271049452,NA,NA,NA
"uniform_k1",5345,"MSI1",0,NA,NA,NA
"uniform_k1",5346,"CACNA2D2",0,NA,NA,NA
"uniform_k1",5347,"CDKN1A",2.78509173701202e-05,NA,NA,NA
"uniform_k1",5348,"NFATC2",1.95162479730282e-05,NA,NA,NA
"uniform_k1",5349,"COX5B",5.70133156496677e-06,NA,NA,NA
"uniform_k1",5350,"TYRP1",6.65147512002306e-06,NA,NA,NA
"uniform_k1",5351,"CALR",4.38793673526172e-05,NA,NA,NA
"uniform_k1",5352,"F7",0.00116938158797564,NA,NA,NA
"uniform_k1",5353,"CYP2C19",1.83094707274511e-05,NA,NA,NA
"uniform_k1",5354,"ABCA1",1.90091421303773e-06,NA,NA,NA
"uniform_k1",5355,"PRMT3",0,NA,NA,NA
"uniform_k1",5356,"E2F1",6.05857808446686e-05,NA,NA,NA
"uniform_k1",5357,"LEF1",5.06903005115245e-06,NA,NA,NA
"uniform_k1",5358,"HDAC3",1.29907353231262e-05,NA,NA,NA
"uniform_k1",5359,"VIM",5.2598025607753e-05,NA,NA,NA
"uniform_k1",5360,"IRF1",0,NA,NA,NA
"uniform_k1",5361,"EREG",0,NA,NA,NA
"uniform_k1",5362,"NR4A1",4.04919306976614e-05,NA,NA,NA
"uniform_k1",5363,"LEF1",5.06903005115245e-06,NA,NA,NA
"uniform_k1",5364,"COL1A2",8.49027404237201e-06,NA,NA,NA
"uniform_k1",5365,"ARF1",2.85051391907265e-05,NA,NA,NA
"uniform_k1",5366,"ADRA1B",0,NA,NA,NA
"uniform_k1",5367,"FTL",4.87730474807435e-06,NA,NA,NA
"uniform_k1",5368,"CYP2A6",0.000367474741212792,NA,NA,NA
"uniform_k1",5369,"PRKCG",2.62982428581582e-05,NA,NA,NA
"uniform_k1",5370,"CXCL2",0,NA,NA,NA
"uniform_k1",5371,"NLN",0,NA,NA,NA
"uniform_k1",5372,"SLCO1B1",3.08486910148842e-05,NA,NA,NA
"uniform_k1",5373,"CYP1A1",0.000371673359131575,NA,NA,NA
"uniform_k1",5374,"CXCL8",0.000252410434066541,NA,NA,NA
"uniform_k1",5375,"CTSL",5.7015753640588e-06,NA,NA,NA
"uniform_k1",5376,"GPER1",8.61720038791702e-06,NA,NA,NA
"uniform_k1",5377,"NCOA6",0,NA,NA,NA
"uniform_k1",5378,"ARF1",2.85051391907265e-05,NA,NA,NA
"uniform_k1",5379,"DUSP1",0,NA,NA,NA
"uniform_k1",5380,"PEMT",2.1976081664099e-05,NA,NA,NA
"uniform_k1",5381,"FOSL1",5.14461500070729e-05,NA,NA,NA
"uniform_k1",5382,"SOD2",0.000296172336680667,NA,NA,NA
"uniform_k1",5383,"TRPV1",0.00166711359586047,NA,NA,NA
"uniform_k1",5384,"ALDH1A1",0.000768800994206509,NA,NA,NA
"uniform_k1",5385,"SHBG",3.16169811188649e-05,NA,NA,NA
"uniform_k1",5386,"NR1H3",0,NA,NA,NA
"uniform_k1",5387,"FKRP",0,NA,NA,NA
"uniform_k1",5388,"PPP3R1",0,NA,NA,NA
"uniform_k1",5389,"DRD5",0.00110886310796687,NA,NA,NA
"uniform_k1",5390,"RUNX3",2.26216416990832e-05,NA,NA,NA
"uniform_k1",5391,"KCNJ11",0.00241899994818762,NA,NA,NA
"uniform_k1",5392,"PDE2A",0,NA,NA,NA
"uniform_k1",5393,"RORA",0.00130690437409919,NA,NA,NA
"uniform_k1",5394,"ALAD",1.1590275771578e-05,NA,NA,NA
"uniform_k1",5395,"COX6B1",0,NA,NA,NA
"uniform_k1",5396,"ADH4",0,NA,NA,NA
"uniform_k1",5397,"TNFRSF9",0,NA,NA,NA
"uniform_k1",5398,"TP53",0.00427693686378816,NA,NA,NA
"uniform_k1",5399,"CACNG6",0,NA,NA,NA
"uniform_k1",5400,"ACHE",0.000111252964972719,NA,NA,NA
"uniform_k1",5401,"RBP1",1.67206208291359e-05,NA,NA,NA
"uniform_k1",5402,"ADRA1A",0,NA,NA,NA
"uniform_k1",5403,"NR4A1",4.04919306976614e-05,NA,NA,NA
"uniform_k1",5404,"IKBKB",6.84471676271059e-06,NA,NA,NA
"uniform_k1",5405,"PCOLCE",0,NA,NA,NA
"uniform_k1",5406,"PLEK",3.16787882370662e-06,NA,NA,NA
"uniform_k1",5407,"VTN",6.33650236725458e-07,NA,NA,NA
"uniform_k1",5408,"CD80",0,NA,NA,NA
"uniform_k1",5409,"PRSS1",0.0011573163436972,NA,NA,NA
"uniform_k1",5410,"FABP3",6.33463026478154e-07,NA,NA,NA
"uniform_k1",5411,"NLN",0,NA,NA,NA
"uniform_k1",5412,"CFTR",0.00160265872797649,NA,NA,NA
"uniform_k1",5413,"SQLE",9.90930470378126e-05,NA,NA,NA
"uniform_k1",5414,"DKK1",0,NA,NA,NA
"uniform_k1",5415,"CSK",0,NA,NA,NA
"uniform_k1",5416,"ABCC2",6.29649746844985e-05,NA,NA,NA
"uniform_k1",5417,"PLAU",9.12459578450431e-06,NA,NA,NA
"uniform_k1",5418,"GGCX",3.08495731728975e-05,NA,NA,NA
"uniform_k1",5419,"DMP1",0,NA,NA,NA
"uniform_k1",5420,"HLA-B",6.33520976234259e-07,NA,NA,NA
"uniform_k1",5421,"ADH7",0,NA,NA,NA
"uniform_k1",5422,"ARF6",0,NA,NA,NA
"uniform_k1",5423,"RRM2B",0,NA,NA,NA
"uniform_k1",5424,"HSF1",0,NA,NA,NA
"uniform_k1",5425,"APAF1",0,NA,NA,NA
"uniform_k1",5426,"SIRT1",0.000506319994551752,NA,NA,NA
"uniform_k1",5427,"TUBB",0.000162866051467092,NA,NA,NA
"uniform_k1",5428,"DLG4",0.000800645688133095,NA,NA,NA
"uniform_k1",5429,"CTSD",0.000133066364187417,NA,NA,NA
"uniform_k1",5430,"SH3BP5",6.33329974131236e-07,NA,NA,NA
"uniform_k1",5431,"MSI1",0,NA,NA,NA
"uniform_k1",5432,"NR1H2",0,NA,NA,NA
"uniform_k1",5433,"PCYT1A",2.85706032163713e-05,NA,NA,NA
"uniform_k1",5434,"HDAC3",1.29907353231262e-05,NA,NA,NA
"uniform_k1",5435,"IL18",2.23696138260676e-05,NA,NA,NA
"uniform_k1",5436,"CRP",0.00025559836793676,NA,NA,NA
"uniform_k1",5437,"SCARB1",0.000336871406579009,NA,NA,NA
"uniform_k1",5438,"VEGFC",0,NA,NA,NA
"uniform_k1",5439,"AXIN1",1.08355886352385e-05,NA,NA,NA
"uniform_k1",5440,"CACNA1E",0,NA,NA,NA
"uniform_k1",5441,"POMC",0.00149342435047795,NA,NA,NA
"uniform_k1",5442,"CRK",6.33660876869779e-06,NA,NA,NA
"uniform_k1",5443,"NFKB2",0,NA,NA,NA
"uniform_k1",5444,"GGCX",3.08495731728975e-05,NA,NA,NA
"uniform_k1",5445,"MYH7",2.03333890326229e-05,NA,NA,NA
"uniform_k1",5446,"C3",4.60004945984638e-05,NA,NA,NA
"uniform_k1",5447,"LEF1",5.06903005115245e-06,NA,NA,NA
"uniform_k1",5448,"UGT2B4",1.61543980341516e-05,NA,NA,NA
"uniform_k1",5449,"NPEPPS",0,NA,NA,NA
"uniform_k1",5450,"IL18",2.23696138260676e-05,NA,NA,NA
"uniform_k1",5451,"PRL",2.17984549072403e-05,NA,NA,NA
"uniform_k1",5452,"RBL1",0,NA,NA,NA
"uniform_k1",5453,"RUNX2",0.000299161144537541,NA,NA,NA
"uniform_k1",5454,"CHRNA5",1.55794812480847e-05,NA,NA,NA
"uniform_k1",5455,"DRD3",0,NA,NA,NA
"uniform_k1",5456,"SNAI1",9.50644381658705e-07,NA,NA,NA
"uniform_k1",5457,"SMO",0,NA,NA,NA
"uniform_k1",5458,"KCNN4",9.50269363275691e-06,NA,NA,NA
"uniform_k1",5459,"CYP26C1",0,NA,NA,NA
"uniform_k1",5460,"CS",0.000203624857343709,NA,NA,NA
"uniform_k1",5461,"TRPA1",6.7343185876978e-05,NA,NA,NA
"uniform_k1",5462,"MMP3",1.90743297472373e-05,NA,NA,NA
"uniform_k1",5463,"DAO",0,NA,NA,NA
"uniform_k1",5464,"FOXM1",1.90088265561439e-06,NA,NA,NA
"uniform_k1",5465,"AMY2B",0,NA,NA,NA
"uniform_k1",5466,"TNNI3",8.64888291552957e-05,NA,NA,NA
"uniform_k1",5467,"MECP2",0.000428908523146032,NA,NA,NA
"uniform_k1",5468,"CAT",1.06411717700761e-05,NA,NA,NA
"uniform_k1",5469,"CCL8",0,NA,NA,NA
"uniform_k1",5470,"GRIK1",0,NA,NA,NA
"uniform_k1",5471,"NDUFV2",0,NA,NA,NA
"uniform_k1",5472,"ADH5",7.50101523409041e-05,NA,NA,NA
"uniform_k1",5473,"SLCO1B1",3.08486910148842e-05,NA,NA,NA
"uniform_k1",5474,"SNAI1",9.50644381658705e-07,NA,NA,NA
"uniform_k1",5475,"AMY2B",0,NA,NA,NA
"uniform_k1",5476,"CX3CR1",0,NA,NA,NA
"uniform_k1",5477,"CD83",0,NA,NA,NA
"uniform_k1",5478,"ACTB",0.0035966824210889,NA,NA,NA
"uniform_k1",5479,"KEAP1",8.90865911317151e-05,NA,NA,NA
"uniform_k1",5480,"PRKAB2",0,NA,NA,NA
"uniform_k1",5481,"CALR",4.38793673526172e-05,NA,NA,NA
"uniform_k1",5482,"ADORA2A",0.00134091820301629,NA,NA,NA
"uniform_k1",5483,"ATF5",6.59972627514716e-05,NA,NA,NA
"uniform_k1",5484,"IRF1",0,NA,NA,NA
"uniform_k1",5485,"GDNF",3.48479365919196e-06,NA,NA,NA
"uniform_k1",5486,"HTR2A",4.49190304361302e-05,NA,NA,NA
"uniform_k1",5487,"RORA",0.00130690437409919,NA,NA,NA
"uniform_k1",5488,"CD80",0,NA,NA,NA
"uniform_k1",5489,"EIF4G1",1.23532645966984e-05,NA,NA,NA
"uniform_k1",5490,"CXCL13",0,NA,NA,NA
"uniform_k1",5491,"PGR",2.93426634963012e-05,NA,NA,NA
"uniform_k1",5492,"RASSF1",1.82470571705728e-05,NA,NA,NA
"uniform_k1",5493,"CRTC1",0,NA,NA,NA
"uniform_k1",5494,"CHEK1",1.20395101235182e-05,NA,NA,NA
"uniform_k1",5495,"MAPK1",6.82101559971171e-05,NA,NA,NA
"uniform_k1",5496,"PRKAA1",2.85143022038525e-06,NA,NA,NA
"uniform_k1",5497,"IKBKB",6.84471676271059e-06,NA,NA,NA
"uniform_k1",5498,"CRMP1",1.10844121046227e-05,NA,NA,NA
"uniform_k1",5499,"KCNMB4",0,NA,NA,NA
"uniform_k1",5500,"EGR1",5.67823039951953e-05,NA,NA,NA
"uniform_k1",5501,"CACNG3",0,NA,NA,NA
"uniform_k1",5502,"BRCA1",0.00150305205251045,NA,NA,NA
"uniform_k1",5503,"RBP2",3.01152514644576e-05,NA,NA,NA
"uniform_k1",5504,"SHH",1.43206732026169e-05,NA,NA,NA
"uniform_k1",5505,"PTPN6",0,NA,NA,NA
"uniform_k1",5506,"SCARB1",0.000336871406579009,NA,NA,NA
"uniform_k1",5507,"ABCA1",1.90091421303773e-06,NA,NA,NA
"uniform_k1",5508,"MAPT",0.000248151462638568,NA,NA,NA
"uniform_k1",5509,"PTPN11",2.43987962315062e-05,NA,NA,NA
"uniform_k1",5510,"FTCD",1.21257629834837e-05,NA,NA,NA
"uniform_k1",5511,"OPRM1",8.74989474437537e-05,NA,NA,NA
"uniform_k1",5512,"CYP21A2",0,NA,NA,NA
"uniform_k1",5513,"HNF1A",0.00122815220873107,NA,NA,NA
"uniform_k1",5514,"PROM1",0.00127729251749653,NA,NA,NA
"uniform_k1",5515,"PLEK",3.16787882370662e-06,NA,NA,NA
"uniform_k1",5516,"VKORC1",4.64325427618206e-05,NA,NA,NA
"uniform_k1",5517,"CSAD",0,NA,NA,NA
"uniform_k1",5518,"RETSAT",0,NA,NA,NA
"uniform_k1",5519,"CHRNA5",1.55794812480847e-05,NA,NA,NA
"uniform_k1",5520,"NCF4",0,NA,NA,NA
"uniform_k1",5521,"KCNJ15",0,NA,NA,NA
"uniform_k1",5522,"CACNA1D",0.00017135132572077,NA,NA,NA
"uniform_k1",5523,"AHR",1.17841620478343e-05,NA,NA,NA
"uniform_k1",5524,"NR1H3",0,NA,NA,NA
"uniform_k1",5525,"MGST1",0,NA,NA,NA
"uniform_k1",5526,"CAV1",0.00188167408582673,NA,NA,NA
"uniform_k1",5527,"TRPV3",0,NA,NA,NA
"uniform_k1",5528,"AURKA",5.49029298524406e-05,NA,NA,NA
"uniform_k1",5529,"GP1BA",3.18056444478243e-05,NA,NA,NA
"uniform_k1",5530,"UGT2B4",1.61543980341516e-05,NA,NA,NA
"uniform_k1",5531,"SULT1E1",0,NA,NA,NA
"uniform_k1",5532,"IDO1",0.000463661718947295,NA,NA,NA
"uniform_k1",5533,"ATG5",1.93264314094499e-05,NA,NA,NA
"uniform_k1",5534,"AIFM1",1.58347085155164e-06,NA,NA,NA
"uniform_k1",5535,"CYP2E1",0.000529547743911452,NA,NA,NA
"uniform_k1",5536,"RB1",5.60807039972078e-05,NA,NA,NA
"uniform_k1",5537,"IL18",2.23696138260676e-05,NA,NA,NA
"uniform_k1",5538,"TNFRSF9",0,NA,NA,NA
"uniform_k1",5539,"DGKA",5.13043205019326e-06,NA,NA,NA
"uniform_k1",5540,"NGF",7.00958583023104e-05,NA,NA,NA
"uniform_k1",5541,"RXRA",0.000142637488181885,NA,NA,NA
"uniform_k1",5542,"CHEK1",1.20395101235182e-05,NA,NA,NA
"uniform_k1",5543,"ARF6",0,NA,NA,NA
"uniform_k1",5544,"ALDH1B1",0,NA,NA,NA
"uniform_k1",5545,"MAP2",5.57507217935349e-06,NA,NA,NA
"uniform_k1",5546,"ADORA2A",0.00134091820301629,NA,NA,NA
"uniform_k1",5547,"GABRB1",1.70995530076601e-05,NA,NA,NA
"uniform_k1",5548,"DPP4",0.00143001137023646,NA,NA,NA
"uniform_k1",5549,"FKBP1A",0.000367396925605612,NA,NA,NA
"uniform_k1",5550,"EIF2AK2",0.000116554297583948,NA,NA,NA
"uniform_k1",5551,"ATOX1",0,NA,NA,NA
"uniform_k1",5552,"NCF2",1.00748274538542e-05,NA,NA,NA
"uniform_k1",5553,"MRC1",0,NA,NA,NA
"uniform_k1",5554,"HTR1A",8.14355352558582e-05,NA,NA,NA
"uniform_k1",5555,"GOT1",5.88174838508371e-05,NA,NA,NA
"uniform_k1",5556,"CXCL1",0,NA,NA,NA
"uniform_k1",5557,"ACE2",6.17806475236016e-05,NA,NA,NA
"uniform_k1",5558,"KCNMB4",0,NA,NA,NA
"uniform_k1",5559,"SFN",1.88836433614448e-05,NA,NA,NA
"uniform_k1",5560,"PRDX5",0,NA,NA,NA
"uniform_k1",5561,"PPARA",0.00137693094911007,NA,NA,NA
"uniform_k1",5562,"HTR2C",1.81821061465692e-05,NA,NA,NA
"uniform_k1",5563,"GCA",0.000913104018283151,NA,NA,NA
"uniform_k1",5564,"PCYT1B",0,NA,NA,NA
"uniform_k1",5565,"HDAC8",0,NA,NA,NA
"uniform_k1",5566,"CYP1A1",0.000371673359131575,NA,NA,NA
"uniform_k1",5567,"HNF4A",0.000115908516808982,NA,NA,NA
"uniform_k1",5568,"KLF4",2.5346502531276e-06,NA,NA,NA
"uniform_k1",5569,"CYBB",6.42615564472315e-05,NA,NA,NA
"uniform_k1",5570,"MMP10",1.00093054868911e-05,NA,NA,NA
"uniform_k1",5571,"KCNH6",1.57066122082883e-05,NA,NA,NA
"uniform_k1",5572,"BAD",6.33634698421481e-06,NA,NA,NA
"uniform_k1",5573,"PTEN",0.000112385888386912,NA,NA,NA
"uniform_k1",5574,"F3",4.30244857466677e-05,NA,NA,NA
"uniform_k1",5575,"GRIN2A",0.000361526992004202,NA,NA,NA
"uniform_k1",5576,"SLC2A4",1.81861109559422e-05,NA,NA,NA
"uniform_k1",5577,"FKRP",0,NA,NA,NA
"uniform_k1",5578,"PTGIS",1.23522684530863e-05,NA,NA,NA
"uniform_k1",5579,"SLC6A8",0,NA,NA,NA
"uniform_k1",5580,"SLC2A4",1.81861109559422e-05,NA,NA,NA
"uniform_k1",5581,"XBP1",0.00130705850242441,NA,NA,NA
"uniform_k1",5582,"CHAT",0.00035285368960325,NA,NA,NA
"uniform_k1",5583,"ERBB3",0,NA,NA,NA
"uniform_k1",5584,"SCN11A",4.43375248559974e-06,NA,NA,NA
"uniform_k1",5585,"FBP1",7.28503339286757e-06,NA,NA,NA
"uniform_k1",5586,"CYP21A2",0,NA,NA,NA
"uniform_k1",5587,"PAPSS2",2.08994383624761e-05,NA,NA,NA
"uniform_k1",5588,"FABP3",6.33463026478154e-07,NA,NA,NA
"uniform_k1",5589,"NR1I2",0.000123041356779652,NA,NA,NA
"uniform_k1",5590,"ACACA",7.98311027262466e-05,NA,NA,NA
"uniform_k1",5591,"MMP3",1.90743297472373e-05,NA,NA,NA
"uniform_k1",5592,"IGFBP6",0,NA,NA,NA
"uniform_k1",5593,"COL7A1",0,NA,NA,NA
"uniform_k1",5594,"PHOSPHO1",8.36011896465649e-06,NA,NA,NA
"uniform_k1",5595,"C3",4.60004945984638e-05,NA,NA,NA
"uniform_k1",5596,"F7",0.00116938158797564,NA,NA,NA
"uniform_k1",5597,"GABRR1",0.000892072607181937,NA,NA,NA
"uniform_k1",5598,"FDPS",0,NA,NA,NA
"uniform_k1",5599,"ABCA1",1.90091421303773e-06,NA,NA,NA
"uniform_k1",5600,"PDXK",0.00104366135249789,NA,NA,NA
"uniform_k1",5601,"FABP1",2.30624266933654e-05,NA,NA,NA
"uniform_k1",5602,"PDE4D",1.08964365290731e-05,NA,NA,NA
"uniform_k1",5603,"FTCD",1.21257629834837e-05,NA,NA,NA
"uniform_k1",5604,"MB",4.23248293774936e-05,NA,NA,NA
"uniform_k1",5605,"CCL3",1.67921707164842e-05,NA,NA,NA
"uniform_k1",5606,"SULT2A1",1.31748566971623e-05,NA,NA,NA
"uniform_k1",5607,"IL17A",0,NA,NA,NA
"uniform_k1",5608,"TP73",6.33561354046464e-07,NA,NA,NA
"uniform_k1",5609,"PCOLCE",0,NA,NA,NA
"uniform_k1",5610,"ATP2C2",0,NA,NA,NA
"uniform_k1",5611,"GSTM1",0.000122658682697341,NA,NA,NA
"uniform_k1",5612,"CDK8",0,NA,NA,NA
"uniform_k1",5613,"FOXM1",1.90088265561439e-06,NA,NA,NA
"uniform_k1",5614,"AGXT",0.000106059050095864,NA,NA,NA
"uniform_k1",5615,"MYD88",9.12615367376635e-06,NA,NA,NA
"uniform_k1",5616,"TXNIP",0,NA,NA,NA
"uniform_k1",5617,"E2F1",6.05857808446686e-05,NA,NA,NA
"uniform_k1",5618,"MAPK11",0,NA,NA,NA
"uniform_k1",5619,"MYC",0.000561856827766771,NA,NA,NA
"uniform_k1",5620,"DYSF",0.00102310635249714,NA,NA,NA
"uniform_k1",5621,"OPA1",9.50142898359374e-07,NA,NA,NA
"uniform_k1",5622,"NOX4",3.0792080655373e-05,NA,NA,NA
"uniform_k1",5623,"PDE4B",1.76110095406745e-05,NA,NA,NA
"uniform_k1",5624,"AOX1",0.000679762836007236,NA,NA,NA
"uniform_k1",5625,"GLI1",5.44927221779457e-06,NA,NA,NA
"uniform_k1",5626,"CXADR",1.64676675717956e-06,NA,NA,NA
"uniform_k1",5627,"DAO",0,NA,NA,NA
"uniform_k1",5628,"CAV1",0.00188167408582673,NA,NA,NA
"uniform_k1",5629,"AXL",2.56876487623181e-05,NA,NA,NA
"uniform_k1",5630,"CDK1",0.000268330391133942,NA,NA,NA
"uniform_k1",5631,"CFLAR",6.33631245472444e-07,NA,NA,NA
"uniform_k1",5632,"APLP1",0,NA,NA,NA
"uniform_k1",5633,"EGF",0.000230000691015642,NA,NA,NA
"uniform_k1",5634,"SCNN1A",5.25143809567696e-05,NA,NA,NA
"uniform_k1",5635,"MRC1",0,NA,NA,NA
"uniform_k1",5636,"FKBP1A",0.000367396925605612,NA,NA,NA
"uniform_k1",5637,"ARF1",2.85051391907265e-05,NA,NA,NA
"uniform_k1",5638,"ATF4",6.17859641668383e-05,NA,NA,NA
"uniform_k1",5639,"ROS1",0,NA,NA,NA
"uniform_k1",5640,"P2RX4",0,NA,NA,NA
"uniform_k1",5641,"FOSL1",5.14461500070729e-05,NA,NA,NA
"uniform_k1",5642,"PLD1",0,NA,NA,NA
"uniform_k1",5643,"AURKC",0,NA,NA,NA
"uniform_k1",5644,"PLA2G2A",5.81866140334508e-05,NA,NA,NA
"uniform_k1",5645,"SOX2",0.00140571719586968,NA,NA,NA
"uniform_k1",5646,"COX5B",5.70133156496677e-06,NA,NA,NA
"uniform_k1",5647,"RPS6KA3",0,NA,NA,NA
"uniform_k1",5648,"ATP1A2",4.63378248599655e-05,NA,NA,NA
"uniform_k1",5649,"TFRC",0.000239327299633385,NA,NA,NA
"uniform_k1",5650,"MAPK8",0.00014699135508045,NA,NA,NA
"uniform_k1",5651,"NOX1",2.49654080184403e-05,NA,NA,NA
"uniform_k1",5652,"KCNJ8",1.89387005555819e-05,NA,NA,NA
"uniform_k1",5653,"MCU",0,NA,NA,NA
"uniform_k1",5654,"ALDH3A1",7.8987277396747e-05,NA,NA,NA
"uniform_k1",5655,"CXADR",1.64676675717956e-06,NA,NA,NA
"uniform_k1",5656,"BAD",6.33634698421481e-06,NA,NA,NA
"uniform_k1",5657,"GABRB3",0.000120726283226125,NA,NA,NA
"uniform_k1",5658,"TPMT",8.77949444514359e-05,NA,NA,NA
"uniform_k1",5659,"YY1",6.08348672959114e-06,NA,NA,NA
"uniform_k1",5660,"APOD",0.00195383273850436,NA,NA,NA
"uniform_k1",5661,"PRKACA",0.00408086083662407,NA,NA,NA
"uniform_k1",5662,"GABRA2",5.10094626082758e-05,NA,NA,NA
"uniform_k1",5663,"CYP2C19",1.83094707274511e-05,NA,NA,NA
"uniform_k1",5664,"CTSG",5.59397568715703e-05,NA,NA,NA
"uniform_k1",5665,"MB",4.23248293774936e-05,NA,NA,NA
"uniform_k1",5666,"APOD",0.00195383273850436,NA,NA,NA
"uniform_k1",5667,"CAMLG",0,NA,NA,NA
"uniform_k1",5668,"AXIN2",0,NA,NA,NA
"uniform_k1",5669,"ICAM1",0.000172524776509531,NA,NA,NA
"uniform_k1",5670,"COL7A1",0,NA,NA,NA
"uniform_k1",5671,"RHOA",0.000165621123898174,NA,NA,NA
"uniform_k1",5672,"PTK2B",6.52603876749591e-06,NA,NA,NA
"uniform_k1",5673,"ATP2A1",4.62343104201679e-06,NA,NA,NA
"uniform_k1",5674,"CRK",6.33660876869779e-06,NA,NA,NA
"uniform_k1",5675,"ADORA2B",0,NA,NA,NA
"uniform_k1",5676,"E2F2",0,NA,NA,NA
"uniform_k1",5677,"CACNA1E",0,NA,NA,NA
"uniform_k1",5678,"HSD3B2",2.44539251612608e-05,NA,NA,NA
"uniform_k1",5679,"IL5",0,NA,NA,NA
"uniform_k1",5680,"TYRP1",6.65147512002306e-06,NA,NA,NA
"uniform_k1",5681,"HTR7",2.21651978515869e-06,NA,NA,NA
"uniform_k1",5682,"FTL",4.87730474807435e-06,NA,NA,NA
"uniform_k1",5683,"ABCC2",6.29649746844985e-05,NA,NA,NA
"uniform_k1",5684,"AHCYL1",1.90022934498657e-06,NA,NA,NA
"uniform_k1",5685,"FABP7",3.9904553374992e-06,NA,NA,NA
"uniform_k1",5686,"PDE6C",0,NA,NA,NA
"uniform_k1",5687,"CCNB1",1.05829380095956e-05,NA,NA,NA
"uniform_k1",5688,"KCNA5",1.99569664441901e-05,NA,NA,NA
"uniform_k1",5689,"TRPV4",0.000106153420904809,NA,NA,NA
"uniform_k1",5690,"GABRG2",6.25131802217682e-05,NA,NA,NA
"uniform_k1",5691,"GJA1",0.000128446445619601,NA,NA,NA
"uniform_k1",5692,"CACNA2D4",0,NA,NA,NA
"uniform_k1",5693,"TIGAR",0,NA,NA,NA
"uniform_k1",5694,"CACNB3",0,NA,NA,NA
"uniform_k1",5695,"SQLE",9.90930470378126e-05,NA,NA,NA
"uniform_k1",5696,"GSTP1",0.0017997845794786,NA,NA,NA
"uniform_k1",5697,"NLRP3",7.47722630090042e-06,NA,NA,NA
"uniform_k1",5698,"CDT1",1.38729255214631e-05,NA,NA,NA
"uniform_k1",5699,"CALML3",0,NA,NA,NA
"uniform_k1",5700,"TRPC5",4.86789497714524e-05,NA,NA,NA
"uniform_k1",5701,"DKK1",0,NA,NA,NA
"uniform_k1",5702,"CPT1B",0,NA,NA,NA
"uniform_k1",5703,"HSD3B1",7.1585802265961e-06,NA,NA,NA
"uniform_k1",5704,"TFF1",9.5019484058767e-07,NA,NA,NA
"uniform_k1",5705,"VCAM1",2.14834315839241e-05,NA,NA,NA
"uniform_k1",5706,"FSHR",1.23538226016739e-05,NA,NA,NA
"uniform_k1",5707,"THBS1",7.4650161333345e-05,NA,NA,NA
"uniform_k1",5708,"GSTM3",0,NA,NA,NA
"uniform_k1",5709,"OPA1",9.50142898359374e-07,NA,NA,NA
"uniform_k1",5710,"CAMK4",1.22274351069818e-05,NA,NA,NA
"uniform_k1",5711,"CCL8",0,NA,NA,NA
"uniform_k1",5712,"CHRNA7",7.98054415862559e-05,NA,NA,NA
"uniform_k1",5713,"HNRNPA1",0.0011965986405017,NA,NA,NA
"uniform_k1",5714,"CYC1",4.87786738601059e-06,NA,NA,NA
"uniform_k1",5715,"CDKN2A",0.000523536323894791,NA,NA,NA
"uniform_k1",5716,"PRL",2.17984549072403e-05,NA,NA,NA
"uniform_k1",5717,"GLUD1",0.00010300883354164,NA,NA,NA
"uniform_k1",5718,"PIM1",0,NA,NA,NA
"uniform_k1",5719,"XPO1",1.66633213304346e-05,NA,NA,NA
"uniform_k1",5720,"CRBN",3.83289296229661e-05,NA,NA,NA
"uniform_k1",5721,"TYMS",0.000142484575824997,NA,NA,NA
"uniform_k1",5722,"DPP4",0.00143001137023646,NA,NA,NA
"uniform_k1",5723,"NR1H4",0.000150320210463128,NA,NA,NA
"uniform_k1",5724,"GLUL",0.000147191537224312,NA,NA,NA
"uniform_k1",5725,"IGF1",0.000380119663706879,NA,NA,NA
"uniform_k1",5726,"GABRG3",0,NA,NA,NA
"uniform_k1",5727,"PKIA",2.53383300530263e-06,NA,NA,NA
"uniform_k1",5728,"CYP2C8",0,NA,NA,NA
"uniform_k1",5729,"RB1",5.60807039972078e-05,NA,NA,NA
"uniform_k1",5730,"NR1I2",0.000123041356779652,NA,NA,NA
"uniform_k1",5731,"BID",6.01936829902616e-06,NA,NA,NA
"uniform_k1",5732,"LIPG",0,NA,NA,NA
"uniform_k1",5733,"TTK",1.26686474088977e-06,NA,NA,NA
"uniform_k1",5734,"KCNA5",1.99569664441901e-05,NA,NA,NA
"uniform_k1",5735,"CCK",1.36890006087187e-05,NA,NA,NA
"uniform_k1",5736,"HDAC8",0,NA,NA,NA
"uniform_k1",5737,"HMOX1",0.000383241490365949,NA,NA,NA
"uniform_k1",5738,"PLA2G2A",5.81866140334508e-05,NA,NA,NA
"uniform_k1",5739,"IDE",1.32413576375834e-05,NA,NA,NA
"uniform_k1",5740,"GK",0.000406543096133638,NA,NA,NA
"uniform_k1",5741,"SLC1A3",2.4134429150835e-05,NA,NA,NA
"uniform_k1",5742,"AKT2",0,NA,NA,NA
"uniform_k1",5743,"KCNA3",7.03184449912797e-06,NA,NA,NA
"uniform_k1",5744,"KLF4",2.5346502531276e-06,NA,NA,NA
"uniform_k1",5745,"FXN",3.98458264223578e-05,NA,NA,NA
"uniform_k1",5746,"ELOVL4",0,NA,NA,NA
"uniform_k1",5747,"MYH6",5.61947915448391e-05,NA,NA,NA
"uniform_k1",5748,"ABCA1",1.90091421303773e-06,NA,NA,NA
"uniform_k1",5749,"SH3BP5",6.33329974131236e-07,NA,NA,NA
"uniform_k1",5750,"HTR2B",3.80070954153489e-06,NA,NA,NA
"uniform_k1",5751,"MAPK11",0,NA,NA,NA
"uniform_k1",5752,"GLUD1",0.00010300883354164,NA,NA,NA
"uniform_k1",5753,"KCNH6",1.57066122082883e-05,NA,NA,NA
"uniform_k1",5754,"DDIT3",5.44896803789108e-06,NA,NA,NA
"uniform_k1",5755,"RXRG",0,NA,NA,NA
"uniform_k1",5756,"TNFRSF9",0,NA,NA,NA
"uniform_k1",5757,"TLR2",1.15981297473811e-05,NA,NA,NA
"uniform_k1",5758,"PRKACA",0.00408086083662407,NA,NA,NA
"uniform_k1",5759,"CCL22",0,NA,NA,NA
"uniform_k1",5760,"CACNG1",0,NA,NA,NA
"uniform_k1",5761,"ACACB",1.55840957074549e-05,NA,NA,NA
"uniform_k1",5762,"AKR1B1",1.36198355478179e-05,NA,NA,NA
"uniform_k1",5763,"ALOX12",1.1402958573159e-05,NA,NA,NA
"uniform_k1",5764,"GP1BA",3.18056444478243e-05,NA,NA,NA
"uniform_k1",5765,"HCRT",0.000169339993540296,NA,NA,NA
"uniform_k1",5766,"CXCL2",0,NA,NA,NA
"uniform_k1",5767,"APCS",0.00117690914019986,NA,NA,NA
"uniform_k1",5768,"ABCC1",0,NA,NA,NA
"uniform_k1",5769,"GRIK2",0,NA,NA,NA
"uniform_k1",5770,"TFR2",1.9001036434263e-06,NA,NA,NA
"uniform_k1",5771,"CDH5",6.33662563265247e-06,NA,NA,NA
"uniform_k1",5772,"HSF1",0,NA,NA,NA
"uniform_k1",5773,"ACTR2",9.50262921906031e-06,NA,NA,NA
"uniform_k1",5774,"ATF5",6.59972627514716e-05,NA,NA,NA
"uniform_k1",5775,"RB1",5.60807039972078e-05,NA,NA,NA
"uniform_k1",5776,"CPT1A",1.49157660161992e-05,NA,NA,NA
"uniform_k1",5777,"LPCAT2",0,NA,NA,NA
"uniform_k1",5778,"DNPEP",0,NA,NA,NA
"uniform_k1",5779,"FABP4",8.52242665472236e-05,NA,NA,NA
"uniform_k1",5780,"IGFBP6",0,NA,NA,NA
"uniform_k1",5781,"ADRA2C",1.26052450867276e-05,NA,NA,NA
"uniform_k1",5782,"KCNJ14",0,NA,NA,NA
"uniform_k1",5783,"AKT1",0.00346325271049452,NA,NA,NA
"uniform_k1",5784,"LPO",0,NA,NA,NA
"uniform_k1",5785,"ATF6",1.47631880090815e-05,NA,NA,NA
"uniform_k1",5786,"MECP2",0.000428908523146032,NA,NA,NA
"uniform_k1",5787,"ALAD",1.1590275771578e-05,NA,NA,NA
"uniform_k1",5788,"LIPG",0,NA,NA,NA
"uniform_k1",5789,"TFF1",9.5019484058767e-07,NA,NA,NA
"uniform_k1",5790,"FDPS",0,NA,NA,NA
"uniform_k1",5791,"KCNN2",6.33510621184108e-07,NA,NA,NA
"uniform_k1",5792,"GSTM3",0,NA,NA,NA
"uniform_k1",5793,"ADCY1",8.87083575196179e-06,NA,NA,NA
"uniform_k1",5794,"GABRP",0,NA,NA,NA
"uniform_k1",5795,"SLC10A1",8.11595436944756e-05,NA,NA,NA
"uniform_k1",5796,"P4HB",2.24939291733062e-05,NA,NA,NA
"uniform_k1",5797,"NOTCH1",1.52730959466219e-05,NA,NA,NA
"uniform_k1",5798,"TRPV2",1.87502442750009e-05,NA,NA,NA
"uniform_k1",5799,"GAP43",5.95559822758052e-06,NA,NA,NA
"uniform_k1",5800,"GABRA5",0,NA,NA,NA
"uniform_k1",5801,"PPARA",0.00137693094911007,NA,NA,NA
"uniform_k1",5802,"PKIA",2.53383300530263e-06,NA,NA,NA
"uniform_k1",5803,"LPCAT1",1.456721531512e-06,NA,NA,NA
"uniform_k1",5804,"SSTR5",0,NA,NA,NA
"uniform_k1",5805,"KIT",0.000262263529464124,NA,NA,NA
"uniform_k1",5806,"TPO",1.92561135294866e-05,NA,NA,NA
"uniform_k1",5807,"THBD",8.99612495086632e-06,NA,NA,NA
"uniform_k1",5808,"MTOR",0.000351853732282081,NA,NA,NA
"uniform_k1",5809,"TUBB4A",0,NA,NA,NA
"uniform_k1",5810,"APLP1",0,NA,NA,NA
"uniform_k1",5811,"CCL22",0,NA,NA,NA
"uniform_k1",5812,"ACE2",6.17806475236016e-05,NA,NA,NA
"uniform_k1",5813,"ALDH1A1",0.000768800994206509,NA,NA,NA
"uniform_k1",5814,"SIRT1",0.000506319994551752,NA,NA,NA
"uniform_k1",5815,"OPRM1",8.74989474437537e-05,NA,NA,NA
"uniform_k1",5816,"NFATC2",1.95162479730282e-05,NA,NA,NA
"uniform_k1",5817,"GRIN1",6.96987215653699e-06,NA,NA,NA
"uniform_k1",5818,"RAF1",1.33718501759139e-05,NA,NA,NA
"uniform_k1",5819,"CYP11B2",0.000106525313512962,NA,NA,NA
"uniform_k1",5820,"PAPSS2",2.08994383624761e-05,NA,NA,NA
"uniform_k1",5821,"KYNU",3.41288525791406e-05,NA,NA,NA
"uniform_k1",5822,"SLCO1A2",6.33397825744453e-07,NA,NA,NA
"uniform_k1",5823,"AQP1",7.97847562783449e-06,NA,NA,NA
"uniform_k1",5824,"CACNG6",0,NA,NA,NA
"uniform_k1",5825,"CYP2C8",0,NA,NA,NA
"uniform_k1",5826,"IL36B",0,NA,NA,NA
"uniform_k1",5827,"ACP1",0,NA,NA,NA
"uniform_k1",5828,"CDKN2A",0.000523536323894791,NA,NA,NA
"uniform_k1",5829,"ATF2",1.14067009802099e-05,NA,NA,NA
"uniform_k1",5830,"ADA",5.3173443308685e-05,NA,NA,NA
"uniform_k1",5831,"HAS2",0,NA,NA,NA
"uniform_k1",5832,"SCN5A",0.000167082927235662,NA,NA,NA
"uniform_k1",5833,"CLIP1",0,NA,NA,NA
"uniform_k1",5834,"ADA",5.3173443308685e-05,NA,NA,NA
"uniform_k1",5835,"SLC10A1",8.11595436944756e-05,NA,NA,NA
"uniform_k1",5836,"RIPK1",9.50457768944535e-06,NA,NA,NA
"uniform_k1",5837,"KCNJ8",1.89387005555819e-05,NA,NA,NA
"uniform_k1",5838,"NOTCH1",1.52730959466219e-05,NA,NA,NA
"uniform_k1",5839,"MT1X",0,NA,NA,NA
"uniform_k1",5840,"SNAI2",6.33686013218338e-07,NA,NA,NA
"uniform_k1",5841,"ACACA",7.98311027262466e-05,NA,NA,NA
"uniform_k1",5842,"RUNX2",0.000299161144537541,NA,NA,NA
"uniform_k1",5843,"USP10",4.9733160998211e-05,NA,NA,NA
"uniform_k1",5844,"SMAD2",3.42235274195524e-05,NA,NA,NA
"uniform_k1",5845,"BAX",8.97923976903581e-05,NA,NA,NA
"uniform_k1",5846,"PRKCI",0,NA,NA,NA
"uniform_k1",5847,"CSAD",0,NA,NA,NA
"uniform_k1",5848,"DRD1",0.000110991854724962,NA,NA,NA
"uniform_k1",5849,"PTGDS",0.0001023719829093,NA,NA,NA
"uniform_k1",5850,"AXL",2.56876487623181e-05,NA,NA,NA
"uniform_k1",5851,"ATP2A1",4.62343104201679e-06,NA,NA,NA
"uniform_k1",5852,"PRKCI",0,NA,NA,NA
"uniform_k1",5853,"CHRNB2",1.93198243616521e-05,NA,NA,NA
"uniform_k1",5854,"DHODH",1.42497466326663e-05,NA,NA,NA
"uniform_k1",5855,"AKR1B10",1.92579176795382e-05,NA,NA,NA
"uniform_k1",5856,"KCNN4",9.50269363275691e-06,NA,NA,NA
"uniform_k1",5857,"CEBPA",7.73820750388232e-05,NA,NA,NA
"uniform_k1",5858,"GSK3A",9.50447229808304e-07,NA,NA,NA
"uniform_k1",5859,"RXRB",3.7531212242814e-05,NA,NA,NA
"uniform_k1",5860,"HK2",0.000296209764147126,NA,NA,NA
"uniform_k1",5861,"NTRK2",0.000178668928783821,NA,NA,NA
"uniform_k1",5862,"DYSF",0.00102310635249714,NA,NA,NA
"uniform_k1",5863,"PHOSPHO1",8.36011896465649e-06,NA,NA,NA
"uniform_k1",5864,"PSMD11",6.3344408685051e-07,NA,NA,NA
"uniform_k1",5865,"E2F1",6.05857808446686e-05,NA,NA,NA
"uniform_k1",5866,"HGF",0,NA,NA,NA
"uniform_k1",5867,"KDM1A",0,NA,NA,NA
"uniform_k1",5868,"DRD1",0.000110991854724962,NA,NA,NA
"uniform_k1",5869,"KHK",0,NA,NA,NA
"uniform_k1",5870,"STXBP1",8.80325064156473e-06,NA,NA,NA
"uniform_k1",5871,"NCF1",8.14327396577719e-05,NA,NA,NA
"uniform_k1",5872,"AKT2",0,NA,NA,NA
"uniform_k1",5873,"ATP1A4",0,NA,NA,NA
"uniform_k1",5874,"CACNA1E",0,NA,NA,NA
"uniform_k1",5875,"SLC2A4",1.81861109559422e-05,NA,NA,NA
"uniform_k1",5876,"CDT1",1.38729255214631e-05,NA,NA,NA
"uniform_k1",5877,"CCR6",0,NA,NA,NA
"uniform_k1",5878,"MAP3K5",7.04706361130958e-05,NA,NA,NA
"uniform_k1",5879,"MT-CYB",0.000203007681716216,NA,NA,NA
"uniform_k1",5880,"PRKCA",0.000374278990026067,NA,NA,NA
"uniform_k1",5881,"PLD2",0.000135771725086054,NA,NA,NA
"uniform_k1",5882,"MITF",2.87659544899732e-05,NA,NA,NA
"uniform_k1",5883,"GSK3A",9.50447229808304e-07,NA,NA,NA
"uniform_k1",5884,"RDH11",6.71381155781248e-06,NA,NA,NA
"uniform_k1",5885,"ATP2C2",0,NA,NA,NA
"uniform_k1",5886,"GLP1R",3.86497402737884e-06,NA,NA,NA
"uniform_k1",5887,"CDK2",1.73911829558504e-05,NA,NA,NA
"uniform_k1",5888,"CCND1",0.000116503278948743,NA,NA,NA
"uniform_k1",5889,"CDK1",0.000268330391133942,NA,NA,NA
"uniform_k1",5890,"SLC29A1",0.00102903201870796,NA,NA,NA
"uniform_k1",5891,"CPS1",1.2666988915111e-05,NA,NA,NA
"uniform_k1",5892,"BAK1",0,NA,NA,NA
"uniform_k1",5893,"FOS",0.000387693900821828,NA,NA,NA
"uniform_k1",5894,"ACHE",0.000111252964972719,NA,NA,NA
"uniform_k1",5895,"SCN4B",6.14500670026441e-06,NA,NA,NA
"uniform_k1",5896,"ACTBL2",0,NA,NA,NA
"uniform_k1",5897,"SQLE",9.90930470378126e-05,NA,NA,NA
"uniform_k1",5898,"CXADR",1.64676675717956e-06,NA,NA,NA
"uniform_k1",5899,"RETSAT",0,NA,NA,NA
"uniform_k1",5900,"DCK",6.65095605247856e-05,NA,NA,NA
"uniform_k1",5901,"SRD5A2",3.08503783238434e-05,NA,NA,NA
"uniform_k1",5902,"SHH",1.43206732026169e-05,NA,NA,NA
"uniform_k1",5903,"MYLK",7.38323399127605e-05,NA,NA,NA
"uniform_k1",5904,"DHODH",1.42497466326663e-05,NA,NA,NA
"uniform_k1",5905,"BTK",0.000119272845312435,NA,NA,NA
"uniform_k1",5906,"ZEB1",0,NA,NA,NA
"uniform_k1",5907,"SCN2A",9.6829057864789e-05,NA,NA,NA
"uniform_k1",5908,"CRYZ",0,NA,NA,NA
"uniform_k1",5909,"MCU",0,NA,NA,NA
"uniform_k1",5910,"PLD2",0.000135771725086054,NA,NA,NA
"uniform_k1",5911,"ACTA1",3.96575036063496e-05,NA,NA,NA
"uniform_k1",5912,"CTSK",0.000205253306110875,NA,NA,NA
"uniform_k1",5913,"MMP10",1.00093054868911e-05,NA,NA,NA
"uniform_k1",5914,"GSTK1",0,NA,NA,NA
"uniform_k1",5915,"VKORC1L1",0,NA,NA,NA
"uniform_k1",5916,"KCNN2",6.33510621184108e-07,NA,NA,NA
"uniform_k1",5917,"CYB5A",5.4039383747595e-05,NA,NA,NA
"uniform_k1",5918,"AGXT2",0.000181321349120078,NA,NA,NA
"uniform_k1",5919,"DRD5",0.00110886310796687,NA,NA,NA
"uniform_k1",5920,"MT-CYB",0.000203007681716216,NA,NA,NA
"uniform_k1",5921,"DLG4",0.000800645688133095,NA,NA,NA
"uniform_k1",5922,"CASQ1",2.53341735867441e-06,NA,NA,NA
"uniform_k1",5923,"SLC6A2",0,NA,NA,NA
"uniform_k1",5924,"DNPEP",0,NA,NA,NA
"uniform_k1",5925,"NLN",0,NA,NA,NA
"uniform_k1",5926,"SLC29A1",0.00102903201870796,NA,NA,NA
"uniform_k1",5927,"FGB",2.53425344454161e-06,NA,NA,NA
"uniform_k1",5928,"NRXN1",6.46433704953875e-05,NA,NA,NA
"uniform_k1",5929,"CCK",1.36890006087187e-05,NA,NA,NA
"uniform_k1",5930,"FOXM1",1.90088265561439e-06,NA,NA,NA
"uniform_k1",5931,"CSF2",1.26743081751979e-06,NA,NA,NA
"uniform_k1",5932,"CASP7",1.26727879179445e-06,NA,NA,NA
"uniform_k1",5933,"CTSD",0.000133066364187417,NA,NA,NA
"uniform_k1",5934,"CRK",6.33660876869779e-06,NA,NA,NA
"uniform_k1",5935,"MAP1LC3B",8.68078161708752e-06,NA,NA,NA
"uniform_k1",5936,"CACNG3",0,NA,NA,NA
"uniform_k1",5937,"LEF1",5.06903005115245e-06,NA,NA,NA
"uniform_k1",5938,"CALCA",1.96344956293615e-06,NA,NA,NA
"uniform_k1",5939,"KCNJ5",8.95444816781943e-05,NA,NA,NA
"uniform_k1",5940,"SOX2",0.00140571719586968,NA,NA,NA
"uniform_k1",5941,"TBK1",8.23758983270473e-06,NA,NA,NA
"uniform_k1",5942,"AMY1A",0,NA,NA,NA
"uniform_k1",5943,"TNFAIP6",4.94186435140431e-06,NA,NA,NA
"uniform_k1",5944,"YWHAZ",0.000329867224154401,NA,NA,NA
"uniform_k1",5945,"HSD3B1",7.1585802265961e-06,NA,NA,NA
"uniform_k1",5946,"APOD",0.00195383273850436,NA,NA,NA
"uniform_k1",5947,"CDC25A",1.90080256301517e-06,NA,NA,NA
"uniform_k1",5948,"PRKCG",2.62982428581582e-05,NA,NA,NA
"uniform_k1",5949,"THBD",8.99612495086632e-06,NA,NA,NA
"uniform_k1",5950,"HDAC11",2.40710719945358e-06,NA,NA,NA
"uniform_k1",5951,"S100A7",0.00101836981567682,NA,NA,NA
"uniform_k1",5952,"SLC7A1",0,NA,NA,NA
"uniform_k1",5953,"CTTN",2.99716390974591e-05,NA,NA,NA
"uniform_k1",5954,"PIM1",0,NA,NA,NA
"uniform_k1",5955,"PRKCI",0,NA,NA,NA
"uniform_k1",5956,"MAP1LC3B",8.68078161708752e-06,NA,NA,NA
"uniform_k1",5957,"PAPSS2",2.08994383624761e-05,NA,NA,NA
"uniform_k1",5958,"SOX2",0.00140571719586968,NA,NA,NA
"uniform_k1",5959,"CACNG3",0,NA,NA,NA
"uniform_k1",5960,"ALAS2",0.000126132338585272,NA,NA,NA
"uniform_k1",5961,"LCP1",0.00205551981329799,NA,NA,NA
"uniform_k1",5962,"MYLK",7.38323399127605e-05,NA,NA,NA
"uniform_k1",5963,"PROC",3.8004925289048e-06,NA,NA,NA
"uniform_k1",5964,"CLIP1",0,NA,NA,NA
"uniform_k1",5965,"CD40LG",1.90089891605183e-06,NA,NA,NA
"uniform_k1",5966,"MGAM",0.000137027144681112,NA,NA,NA
"uniform_k1",5967,"CACNB4",5.59340801313812e-05,NA,NA,NA
"uniform_k1",5968,"CTSD",0.000133066364187417,NA,NA,NA
"uniform_k1",5969,"SMAD7",1.26728738392146e-06,NA,NA,NA
"uniform_k1",5970,"BMP2",1.27361599282505e-05,NA,NA,NA
"uniform_k1",5971,"TRPC5",4.86789497714524e-05,NA,NA,NA
"uniform_k1",5972,"CLEC4E",0,NA,NA,NA
"uniform_k1",5973,"MYD88",9.12615367376635e-06,NA,NA,NA
"uniform_k1",5974,"CDK4",5.9067280737346e-05,NA,NA,NA
"uniform_k1",5975,"CLDN5",3.48460731747213e-06,NA,NA,NA
"uniform_k1",5976,"APOM",0,NA,NA,NA
"uniform_k1",5977,"PLAT",2.05933169041828e-05,NA,NA,NA
"uniform_k1",5978,"CTTN",2.99716390974591e-05,NA,NA,NA
"uniform_k1",5979,"PRKAG2",0.00023019859617357,NA,NA,NA
"uniform_k1",5980,"GABRB3",0.000120726283226125,NA,NA,NA
"uniform_k1",5981,"HSPA4",0.000770336012735795,NA,NA,NA
"uniform_k1",5982,"CYP3A5",2.12871813713988e-05,NA,NA,NA
"uniform_k1",5983,"CYP24A1",2.95788072831593e-05,NA,NA,NA
"uniform_k1",5984,"GABRA2",5.10094626082758e-05,NA,NA,NA
"uniform_k1",5985,"RYR2",4.78345186669671e-05,NA,NA,NA
"uniform_k1",5986,"CALCA",1.96344956293615e-06,NA,NA,NA
"uniform_k1",5987,"OR51E1",0,NA,NA,NA
"uniform_k1",5988,"DNMT1",4.56882288469851e-05,NA,NA,NA
"uniform_k1",5989,"CAT",1.06411717700761e-05,NA,NA,NA
"uniform_k1",5990,"CHRNA4",0.00010936479964363,NA,NA,NA
"uniform_k1",5991,"IL33",0,NA,NA,NA
"uniform_k1",5992,"EIF2AK2",0.000116554297583948,NA,NA,NA
"uniform_k1",5993,"CAMK4",1.22274351069818e-05,NA,NA,NA
"uniform_k1",5994,"JUNB",0,NA,NA,NA
"uniform_k1",5995,"HCRTR2",0,NA,NA,NA
"uniform_k1",5996,"CHRNA7",7.98054415862559e-05,NA,NA,NA
"uniform_k1",5997,"JDP2",0,NA,NA,NA
"uniform_k1",5998,"TEP1",0,NA,NA,NA
"uniform_k1",5999,"SYT1",8.62163058744647e-05,NA,NA,NA
"uniform_k1",6000,"CHEK1",1.20395101235182e-05,NA,NA,NA
"uniform_k1",6001,"AXIN2",0,NA,NA,NA
"uniform_k1",6002,"CAMP",0.00129691841056656,NA,NA,NA
"uniform_k1",6003,"SCN4B",6.14500670026441e-06,NA,NA,NA
"uniform_k1",6004,"MAPK8IP1",9.56119621767781e-05,NA,NA,NA
"uniform_k1",6005,"KYNU",3.41288525791406e-05,NA,NA,NA
"uniform_k1",6006,"GYPA",0.000261429870861529,NA,NA,NA
"uniform_k1",6007,"MAPK8",0.00014699135508045,NA,NA,NA
"uniform_k1",6008,"PDE2A",0,NA,NA,NA
"uniform_k1",6009,"NR1H3",0,NA,NA,NA
"uniform_k1",6010,"TPH1",7.17150924056664e-05,NA,NA,NA
"uniform_k1",6011,"MT-CYB",0.000203007681716216,NA,NA,NA
"uniform_k1",6012,"TNFRSF10B",0,NA,NA,NA
"uniform_k1",6013,"CRP",0.00025559836793676,NA,NA,NA
"uniform_k1",6014,"PPIA",3.28180373492248e-05,NA,NA,NA
"uniform_k1",6015,"CMA1",0,NA,NA,NA
"uniform_k1",6016,"AGTR1",7.87895413547623e-05,NA,NA,NA
"uniform_k1",6017,"SRPK2",0,NA,NA,NA
"uniform_k1",6018,"ACTBL2",0,NA,NA,NA
"uniform_k1",6019,"AXIN2",0,NA,NA,NA
"uniform_k1",6020,"PRMT3",0,NA,NA,NA
"uniform_k1",6021,"CXCL2",0,NA,NA,NA
"uniform_k1",6022,"CHRNA3",2.85056538062989e-06,NA,NA,NA
"uniform_k1",6023,"SELP",5.7028163548134e-06,NA,NA,NA
"uniform_k1",6024,"TRPV3",0,NA,NA,NA
"uniform_k1",6025,"ASPA",0,NA,NA,NA
"uniform_k1",6026,"ESRRA",6.99494678408907e-05,NA,NA,NA
"uniform_k1",6027,"SLC5A1",1.62831065815272e-05,NA,NA,NA
"uniform_k1",6028,"GLUD1",0.00010300883354164,NA,NA,NA
"uniform_k1",6029,"ABCC1",0,NA,NA,NA
"uniform_k1",6030,"KRAS",0.00012277649828063,NA,NA,NA
"uniform_k1",6031,"F10",1.53928141654047e-05,NA,NA,NA
"uniform_k1",6032,"MYB",0,NA,NA,NA
"uniform_k1",6033,"COX5A",0,NA,NA,NA
"uniform_k1",6034,"ARF1",2.85051391907265e-05,NA,NA,NA
"uniform_k1",6035,"CTSD",0.000133066364187417,NA,NA,NA
"uniform_k1",6036,"AURKA",5.49029298524406e-05,NA,NA,NA
"uniform_k1",6037,"ROS1",0,NA,NA,NA
"uniform_k1",6038,"GAS6",1.2544836703432e-05,NA,NA,NA
"uniform_k1",6039,"ADIPOQ",2.77581439246388e-05,NA,NA,NA
"uniform_k1",6040,"GCG",0.000221045982158996,NA,NA,NA
"uniform_k1",6041,"AXIN2",0,NA,NA,NA
"uniform_k1",6042,"BTK",0.000119272845312435,NA,NA,NA
"uniform_k1",6043,"NDUFS3",7.91874029407724e-05,NA,NA,NA
"uniform_k1",6044,"GSTP1",0.0017997845794786,NA,NA,NA
"uniform_k1",6045,"HCRTR2",0,NA,NA,NA
"uniform_k1",6046,"FTCD",1.21257629834837e-05,NA,NA,NA
"uniform_k1",6047,"MAPK8IP1",9.56119621767781e-05,NA,NA,NA
"uniform_k1",6048,"OLR1",0,NA,NA,NA
"uniform_k1",6049,"JUNB",0,NA,NA,NA
"uniform_k1",6050,"FASN",0.000342772066284303,NA,NA,NA
"uniform_k1",6051,"CTTN",2.99716390974591e-05,NA,NA,NA
"uniform_k1",6052,"MYB",0,NA,NA,NA
"uniform_k1",6053,"CXCL1",0,NA,NA,NA
"uniform_k1",6054,"F3",4.30244857466677e-05,NA,NA,NA
"uniform_k1",6055,"TNNI3",8.64888291552957e-05,NA,NA,NA
"uniform_k1",6056,"RAC1",1.74887232585741e-05,NA,NA,NA
"uniform_k1",6057,"CASP3",0.000462575099730467,NA,NA,NA
"uniform_k1",6058,"TNFSF11",7.5283725537223e-05,NA,NA,NA
"uniform_k1",6059,"AURKC",0,NA,NA,NA
"uniform_k1",6060,"HSD17B2",0,NA,NA,NA
"uniform_k1",6061,"ADH6",4.11775851749674e-06,NA,NA,NA
"uniform_k1",6062,"GRIN2D",0,NA,NA,NA
"uniform_k1",6063,"TUBA1B",0,NA,NA,NA
"uniform_k1",6064,"GPER1",8.61720038791702e-06,NA,NA,NA
"uniform_k1",6065,"CYP2C9",0.000117781048131316,NA,NA,NA
"uniform_k1",6066,"LYN",0.000110145713016818,NA,NA,NA
"uniform_k1",6067,"NEIL1",0,NA,NA,NA
"uniform_k1",6068,"MRC1",0,NA,NA,NA
"uniform_k1",6069,"ALAD",1.1590275771578e-05,NA,NA,NA
"uniform_k1",6070,"SYT1",8.62163058744647e-05,NA,NA,NA
"uniform_k1",6071,"TNNI3",8.64888291552957e-05,NA,NA,NA
"uniform_k1",6072,"ELOVL2",0,NA,NA,NA
"uniform_k1",6073,"LPCAT2",0,NA,NA,NA
"uniform_k1",6074,"ACPP",0,NA,NA,NA
"uniform_k1",6075,"CD55",7.47448208604506e-06,NA,NA,NA
"uniform_k1",6076,"NR1I2",0.000123041356779652,NA,NA,NA
"uniform_k1",6077,"FDPS",0,NA,NA,NA
"uniform_k1",6078,"PRKACA",0.00408086083662407,NA,NA,NA
"uniform_k1",6079,"AMY2B",0,NA,NA,NA
"uniform_k1",6080,"EIF4G1",1.23532645966984e-05,NA,NA,NA
"uniform_k1",6081,"MYD88",9.12615367376635e-06,NA,NA,NA
"uniform_k1",6082,"HK2",0.000296209764147126,NA,NA,NA
"uniform_k1",6083,"ALOX5",1.82447360282945e-05,NA,NA,NA
"uniform_k1",6084,"FUS",6.90480253662251e-06,NA,NA,NA
"uniform_k1",6085,"PTGIS",1.23522684530863e-05,NA,NA,NA
"uniform_k1",6086,"S100A7A",0,NA,NA,NA
"uniform_k1",6087,"DBH",9.818852931609e-06,NA,NA,NA
"uniform_k1",6088,"DDB1",2.07812890326009e-05,NA,NA,NA
"uniform_k1",6089,"RASA1",5.55702489675181e-05,NA,NA,NA
"uniform_k1",6090,"MMP11",6.33353078760557e-07,NA,NA,NA
"uniform_k1",6091,"SPP1",0.000133522093562433,NA,NA,NA
"uniform_k1",6092,"ABCG8",0,NA,NA,NA
"uniform_k1",6093,"GRIA1",1.90084712514693e-06,NA,NA,NA
"uniform_k1",6094,"CYC1",4.87786738601059e-06,NA,NA,NA
"uniform_k1",6095,"CD14",0,NA,NA,NA
"uniform_k1",6096,"ATP1A4",0,NA,NA,NA
"uniform_k1",6097,"CLEC4E",0,NA,NA,NA
"uniform_k1",6098,"TUBB4A",0,NA,NA,NA
"uniform_k1",6099,"CRK",6.33660876869779e-06,NA,NA,NA
"uniform_k1",6100,"FCER1A",0,NA,NA,NA
"uniform_k1",6101,"CACNA1E",0,NA,NA,NA
"uniform_k1",6102,"FXN",3.98458264223578e-05,NA,NA,NA
"uniform_k1",6103,"CYC1",4.87786738601059e-06,NA,NA,NA
"uniform_k1",6104,"AFM",0,NA,NA,NA
"uniform_k1",6105,"PKIA",2.53383300530263e-06,NA,NA,NA
"uniform_k1",6106,"MAP1LC3A",0,NA,NA,NA
"uniform_k1",6107,"ADH7",0,NA,NA,NA
"uniform_k1",6108,"SHBG",3.16169811188649e-05,NA,NA,NA
"uniform_k1",6109,"NR1H4",0.000150320210463128,NA,NA,NA
"uniform_k1",6110,"SOD1",0.00055040968937059,NA,NA,NA
"uniform_k1",6111,"AKR1B10",1.92579176795382e-05,NA,NA,NA
"uniform_k1",6112,"ALAS1",5.9411598420489e-05,NA,NA,NA
"uniform_k1",6113,"PAPSS2",2.08994383624761e-05,NA,NA,NA
"uniform_k1",6114,"HSP90AA1",0.000781176350650004,NA,NA,NA
"uniform_k1",6115,"TUBA1C",0,NA,NA,NA
"uniform_k1",6116,"JUN",0.000712792808186147,NA,NA,NA
"uniform_k1",6117,"TFR2",1.9001036434263e-06,NA,NA,NA
"uniform_k1",6118,"NFE2L2",7.2947073822438e-05,NA,NA,NA
"uniform_k1",6119,"MAPK1",6.82101559971171e-05,NA,NA,NA
"uniform_k1",6120,"ODC1",0.00121583500905476,NA,NA,NA
"uniform_k1",6121,"EGFR",0.00376976574950694,NA,NA,NA
"uniform_k1",6122,"CCL2",3.6509767629811e-05,NA,NA,NA
"uniform_k1",6123,"BACE1",5.67015318772013e-05,NA,NA,NA
"uniform_k1",6124,"GLUD1",0.00010300883354164,NA,NA,NA
"uniform_k1",6125,"PRDX1",5.7026663956572e-06,NA,NA,NA
"uniform_k1",6126,"P2RX7",5.59297818042426e-05,NA,NA,NA
"uniform_k1",6127,"GDNF",3.48479365919196e-06,NA,NA,NA
"uniform_k1",6128,"TNF",0.00134281467430086,NA,NA,NA
"uniform_k1",6129,"TUBA1C",0,NA,NA,NA
"uniform_k1",6130,"IRAK1",2.62328604830886e-05,NA,NA,NA
"uniform_k1",6131,"PENK",0,NA,NA,NA
"uniform_k1",6132,"ARF3",1.01355586621388e-05,NA,NA,NA
"uniform_k1",6133,"ESR2",7.37049367650622e-05,NA,NA,NA
"uniform_k1",6134,"TOP2A",1.51432024206866e-05,NA,NA,NA
"uniform_k1",6135,"ATF5",6.59972627514716e-05,NA,NA,NA
"uniform_k1",6136,"PRDX5",0,NA,NA,NA
"uniform_k1",6137,"ACLY",0.000136799781064179,NA,NA,NA
"uniform_k1",6138,"ADH7",0,NA,NA,NA
"uniform_k1",6139,"NKX3-1",0,NA,NA,NA
"uniform_k1",6140,"LPCAT1",1.456721531512e-06,NA,NA,NA
"uniform_k1",6141,"KCNA1",1.36823220714399e-05,NA,NA,NA
"uniform_k1",6142,"ADCY2",0,NA,NA,NA
"uniform_k1",6143,"GRIA1",1.90084712514693e-06,NA,NA,NA
"uniform_k1",6144,"LYZ",0,NA,NA,NA
"uniform_k1",6145,"HDAC11",2.40710719945358e-06,NA,NA,NA
"uniform_k1",6146,"MDM2",4.86757533122439e-05,NA,NA,NA
"uniform_k1",6147,"ESR2",7.37049367650622e-05,NA,NA,NA
"uniform_k1",6148,"LALBA",3.81683006253075e-05,NA,NA,NA
"uniform_k1",6149,"GABRB3",0.000120726283226125,NA,NA,NA
"uniform_k1",6150,"TACR3",0,NA,NA,NA
"uniform_k1",6151,"KCNJ10",0,NA,NA,NA
"uniform_k1",6152,"SCN1B",0.00123489854843939,NA,NA,NA
"uniform_k1",6153,"PTGER1",3.16733579774908e-06,NA,NA,NA
"uniform_k1",6154,"CNR1",0.000234330328976462,NA,NA,NA
"uniform_k1",6155,"CASP7",1.26727879179445e-06,NA,NA,NA
"uniform_k1",6156,"LYN",0.000110145713016818,NA,NA,NA
"uniform_k1",6157,"ATP2C2",0,NA,NA,NA
"uniform_k1",6158,"BCAT2",2.6019618702966e-05,NA,NA,NA
"uniform_k1",6159,"IL17A",0,NA,NA,NA
"uniform_k1",6160,"ATF4",6.17859641668383e-05,NA,NA,NA
"uniform_k1",6161,"PTGIS",1.23522684530863e-05,NA,NA,NA
"uniform_k1",6162,"SREBF2",1.69818952083789e-05,NA,NA,NA
"uniform_k1",6163,"MAPK8IP1",9.56119621767781e-05,NA,NA,NA
"uniform_k1",6164,"QPRT",2.95780448075211e-05,NA,NA,NA
"uniform_k1",6165,"HTR1D",0,NA,NA,NA
"uniform_k1",6166,"HDAC8",0,NA,NA,NA
"uniform_k1",6167,"CHRNA9",1.46296272366397e-05,NA,NA,NA
"uniform_k1",6168,"PDE5A",1.15913843198312e-05,NA,NA,NA
"uniform_k1",6169,"CSAD",0,NA,NA,NA
"uniform_k1",6170,"BECN1",8.42248076059482e-05,NA,NA,NA
"uniform_k1",6171,"PTGER4",5.57531554357116e-06,NA,NA,NA
"uniform_k1",6172,"CYP2D6",2.95879994604009e-05,NA,NA,NA
"uniform_k1",6173,"PHOSPHO1",8.36011896465649e-06,NA,NA,NA
"uniform_k1",6174,"IDE",1.32413576375834e-05,NA,NA,NA
"uniform_k1",6175,"SOAT1",2.72368448894778e-06,NA,NA,NA
"uniform_k1",6176,"PTGDS",0.0001023719829093,NA,NA,NA
"uniform_k1",6177,"KCNJ5",8.95444816781943e-05,NA,NA,NA
"uniform_k1",6178,"GRIK1",0,NA,NA,NA
"uniform_k1",6179,"TUBA1A",1.10247379909723e-05,NA,NA,NA
"uniform_k1",6180,"MITF",2.87659544899732e-05,NA,NA,NA
"uniform_k1",6181,"ACACA",7.98311027262466e-05,NA,NA,NA
"uniform_k1",6182,"RAPGEF4",2.51523475149895e-05,NA,NA,NA
"uniform_k1",6183,"HTR3A",8.53896962736966e-05,NA,NA,NA
"uniform_k1",6184,"TJP1",0.000326838626150905,NA,NA,NA
"uniform_k1",6185,"IL6",0.00104909499545724,NA,NA,NA
"uniform_k1",6186,"ESRRB",2.36306737284586e-05,NA,NA,NA
"uniform_k1",6187,"DDC",2.58462116191627e-05,NA,NA,NA
"uniform_k1",6188,"GABRA6",0,NA,NA,NA
"uniform_k1",6189,"KCNH6",1.57066122082883e-05,NA,NA,NA
"uniform_k1",6190,"PPIA",3.28180373492248e-05,NA,NA,NA
"uniform_k1",6191,"UQCRC1",5.15309632885819e-05,NA,NA,NA
"uniform_k1",6192,"CDK8",0,NA,NA,NA
"uniform_k1",6193,"CHRNA4",0.00010936479964363,NA,NA,NA
"uniform_k1",6194,"FOXO1",0.000280307095370635,NA,NA,NA
"uniform_k1",6195,"SLC5A1",1.62831065815272e-05,NA,NA,NA
"uniform_k1",6196,"IL33",0,NA,NA,NA
"uniform_k1",6197,"RPS6KB1",2.01533684008881e-05,NA,NA,NA
"uniform_k1",6198,"BAD",6.33634698421481e-06,NA,NA,NA
"uniform_k1",6199,"RAF1",1.33718501759139e-05,NA,NA,NA
"uniform_k1",6200,"ATP2A1",4.62343104201679e-06,NA,NA,NA
"uniform_k1",6201,"HAMP",0.000187982524293195,NA,NA,NA
"uniform_k1",6202,"NCF4",0,NA,NA,NA
"uniform_k1",6203,"BAD",6.33634698421481e-06,NA,NA,NA
"uniform_k1",6204,"TLR4",0.000516160551537248,NA,NA,NA
"uniform_k1",6205,"DRD5",0.00110886310796687,NA,NA,NA
"uniform_k1",6206,"TFAM",0,NA,NA,NA
"uniform_k1",6207,"LYZ",0,NA,NA,NA
"uniform_k1",6208,"GAP43",5.95559822758052e-06,NA,NA,NA
"uniform_k1",6209,"SHMT1",4.44281784347522e-05,NA,NA,NA
"uniform_k1",6210,"RETSAT",0,NA,NA,NA
"uniform_k1",6211,"ADAMTS5",0,NA,NA,NA
"uniform_k1",6212,"ADH6",4.11775851749674e-06,NA,NA,NA
"uniform_k1",6213,"TXNIP",0,NA,NA,NA
"uniform_k1",6214,"IL2",8.48661529537775e-05,NA,NA,NA
"uniform_k1",6215,"TLR2",1.15981297473811e-05,NA,NA,NA
"uniform_k1",6216,"BGLAP",0.000139973984731978,NA,NA,NA
"uniform_k1",6217,"AKR1B1",1.36198355478179e-05,NA,NA,NA
"uniform_k1",6218,"HRH3",0,NA,NA,NA
"uniform_k1",6219,"TRPM7",0,NA,NA,NA
"uniform_k1",6220,"LIPG",0,NA,NA,NA
"uniform_k1",6221,"SRC",0.0010396286840485,NA,NA,NA
"uniform_k1",6222,"NFATC1",5.51292228962996e-05,NA,NA,NA
"uniform_k1",6223,"PRKDC",3.48518119952512e-06,NA,NA,NA
"uniform_k1",6224,"GATM",0.000449150320023683,NA,NA,NA
"uniform_k1",6225,"PKD1",3.50334081220538e-05,NA,NA,NA
"uniform_k1",6226,"APCS",0.00117690914019986,NA,NA,NA
"uniform_k1",6227,"PRKCB",0.000129467861105015,NA,NA,NA
"uniform_k1",6228,"CACNA1B",0,NA,NA,NA
"uniform_k1",6229,"SOD2",0.000296172336680667,NA,NA,NA
"uniform_k1",6230,"PTGDR2",6.33406652128521e-07,NA,NA,NA
"uniform_k1",6231,"SLC47A1",0,NA,NA,NA
"uniform_k1",6232,"CCND1",0.000116503278948743,NA,NA,NA
"uniform_k1",6233,"HSD11B1",5.68914811439614e-05,NA,NA,NA
"uniform_k1",6234,"FSHR",1.23538226016739e-05,NA,NA,NA
"uniform_k1",6235,"LPCAT1",1.456721531512e-06,NA,NA,NA
"uniform_k1",6236,"SRI",0,NA,NA,NA
"uniform_k1",6237,"MDM2",4.86757533122439e-05,NA,NA,NA
"uniform_k1",6238,"DUSP1",0,NA,NA,NA
"uniform_k1",6239,"CASP6",1.26723751903146e-06,NA,NA,NA
"uniform_k1",6240,"ITGAL",2.85118848919463e-06,NA,NA,NA
"uniform_k1",6241,"RDH5",1.18445408441303e-05,NA,NA,NA
"uniform_k1",6242,"PTPN6",0,NA,NA,NA
"uniform_k1",6243,"CCND1",0.000116503278948743,NA,NA,NA
"uniform_k1",6244,"CDK5",0.000348117516928759,NA,NA,NA
"uniform_k1",6245,"FABP3",6.33463026478154e-07,NA,NA,NA
"uniform_k1",6246,"CASP6",1.26723751903146e-06,NA,NA,NA
"uniform_k1",6247,"CALM1",5.91918174835948e-05,NA,NA,NA
"uniform_k1",6248,"DRD3",0,NA,NA,NA
"uniform_k1",6249,"PRDX2",0,NA,NA,NA
"uniform_k1",6250,"SRPK2",0,NA,NA,NA
"uniform_k1",6251,"ITGAL",2.85118848919463e-06,NA,NA,NA
"uniform_k1",6252,"MB",4.23248293774936e-05,NA,NA,NA
"uniform_k1",6253,"ADORA2A",0.00134091820301629,NA,NA,NA
"uniform_k1",6254,"GLUD1",0.00010300883354164,NA,NA,NA
"uniform_k1",6255,"LBP",1.90061939919772e-06,NA,NA,NA
"uniform_k1",6256,"ADRB3",5.25856990074569e-06,NA,NA,NA
"uniform_k1",6257,"PDE1B",3.71225818049936e-05,NA,NA,NA
"uniform_k1",6258,"NR3C2",1.6726748852447e-05,NA,NA,NA
"uniform_k1",6259,"ICAM2",0,NA,NA,NA
"uniform_k1",6260,"PRKCD",2.05317703156904e-05,NA,NA,NA
"uniform_k1",6261,"DHODH",1.42497466326663e-05,NA,NA,NA
"uniform_k1",6262,"NGF",7.00958583023104e-05,NA,NA,NA
"uniform_k1",6263,"GLP1R",3.86497402737884e-06,NA,NA,NA
"uniform_k1",6264,"ADH1C",0,NA,NA,NA
"uniform_k1",6265,"EGLN1",1.90063023630671e-06,NA,NA,NA
"uniform_k1",6266,"QPRT",2.95780448075211e-05,NA,NA,NA
"uniform_k1",6267,"HCRTR1",0,NA,NA,NA
"uniform_k1",6268,"DHODH",1.42497466326663e-05,NA,NA,NA
"uniform_k1",6269,"CCN2",1.134369344169e-05,NA,NA,NA
"uniform_k1",6270,"GOT2",0.00078289580737978,NA,NA,NA
"uniform_k1",6271,"NGF",7.00958583023104e-05,NA,NA,NA
"uniform_k1",6272,"ABCC8",3.66842389862843e-05,NA,NA,NA
"uniform_k1",6273,"LRIG1",0,NA,NA,NA
"uniform_k1",6274,"HSPA1B",2.53472574274216e-06,NA,NA,NA
"uniform_k1",6275,"FASN",0.000342772066284303,NA,NA,NA
"uniform_k1",6276,"ATF7",0.00117103741166447,NA,NA,NA
"uniform_k1",6277,"ACTR1A",0.00117031116279964,NA,NA,NA
"uniform_k1",6278,"FGF23",6.25962068182551e-05,NA,NA,NA
"uniform_k1",6279,"TOP1",1.90060302329709e-06,NA,NA,NA
"uniform_k1",6280,"ATF7",0.00117103741166447,NA,NA,NA
"uniform_k1",6281,"TBK1",8.23758983270473e-06,NA,NA,NA
"uniform_k1",6282,"TAC1",0.001463424927591,NA,NA,NA
"uniform_k1",6283,"GDNF",3.48479365919196e-06,NA,NA,NA
"uniform_k1",6284,"CACNA2D2",0,NA,NA,NA
"uniform_k1",6285,"HTR1B",2.2171580924546e-06,NA,NA,NA
"uniform_k1",6286,"FABP7",3.9904553374992e-06,NA,NA,NA
"uniform_k1",6287,"SCN11A",4.43375248559974e-06,NA,NA,NA
"uniform_k1",6288,"SOD1",0.00055040968937059,NA,NA,NA
"uniform_k1",6289,"ADRB2",0.000148693401879507,NA,NA,NA
"uniform_k1",6290,"TRPV2",1.87502442750009e-05,NA,NA,NA
"uniform_k1",6291,"GGPS1",0,NA,NA,NA
"uniform_k1",6292,"RYR2",4.78345186669671e-05,NA,NA,NA
"uniform_k1",6293,"MAPK9",3.16862262561557e-06,NA,NA,NA
"uniform_k1",6294,"PRKCG",2.62982428581582e-05,NA,NA,NA
"uniform_k1",6295,"IMPDH2",1.60872446202109e-05,NA,NA,NA
"uniform_k1",6296,"COX5B",5.70133156496677e-06,NA,NA,NA
"uniform_k1",6297,"RUNX3",2.26216416990832e-05,NA,NA,NA
"uniform_k1",6298,"RASGRF1",5.25865086087318e-06,NA,NA,NA
"uniform_k1",6299,"NEDD4L",4.56173481240274e-05,NA,NA,NA
"uniform_k1",6300,"FGB",2.53425344454161e-06,NA,NA,NA
"uniform_k1",6301,"PLD2",0.000135771725086054,NA,NA,NA
"uniform_k1",6302,"TRAF6",3.65690661311424e-05,NA,NA,NA
"uniform_k1",6303,"THBS1",7.4650161333345e-05,NA,NA,NA
"uniform_k1",6304,"MITF",2.87659544899732e-05,NA,NA,NA
"uniform_k1",6305,"BTK",0.000119272845312435,NA,NA,NA
"uniform_k1",6306,"TIMP1",6.97061284626876e-06,NA,NA,NA
"uniform_k1",6307,"NFKB1",0.000211104315194666,NA,NA,NA
"uniform_k1",6308,"PTPN1",3.86549374464806e-06,NA,NA,NA
"uniform_k1",6309,"RPL17",9.4906952489815e-05,NA,NA,NA
"uniform_k1",6310,"NQO1",0.000518240501310552,NA,NA,NA
"uniform_k1",6311,"POLE4",6.33352637668949e-07,NA,NA,NA
"uniform_k1",6312,"CYP2C19",1.83094707274511e-05,NA,NA,NA
"uniform_k1",6313,"CSF1",1.07725687046312e-05,NA,NA,NA
"uniform_k1",6314,"S100A7",0.00101836981567682,NA,NA,NA
"uniform_k1",6315,"SFN",1.88836433614448e-05,NA,NA,NA
"uniform_k1",6316,"DHFR",0.000279606338591143,NA,NA,NA
"uniform_k1",6317,"MUC5AC",6.33425870422144e-07,NA,NA,NA
"uniform_k1",6318,"ACTA1",3.96575036063496e-05,NA,NA,NA
"uniform_k1",6319,"TEK",0,NA,NA,NA
"uniform_k1",6320,"STAT4",0.000324242289791776,NA,NA,NA
"uniform_k1",6321,"CXCL2",0,NA,NA,NA
"uniform_k1",6322,"SMAD2",3.42235274195524e-05,NA,NA,NA
"uniform_k1",6323,"BECN1",8.42248076059482e-05,NA,NA,NA
"uniform_k1",6324,"HSD3B2",2.44539251612608e-05,NA,NA,NA
"uniform_k1",6325,"MAP3K5",7.04706361130958e-05,NA,NA,NA
"uniform_k1",6326,"CCNA2",1.83133006516067e-05,NA,NA,NA
"uniform_k1",6327,"RARA",0.000182812715244118,NA,NA,NA
"uniform_k1",6328,"AGT",0.000967403269813816,NA,NA,NA
"uniform_k1",6329,"HSP90AB1",4.19011535922609e-05,NA,NA,NA
"uniform_k1",6330,"CDC25A",1.90080256301517e-06,NA,NA,NA
"uniform_k1",6331,"HDAC7",6.01926074750292e-06,NA,NA,NA
"uniform_k1",6332,"BIRC2",2.53453445775431e-06,NA,NA,NA
"uniform_k1",6333,"ZEB2",0,NA,NA,NA
"uniform_k1",6334,"RCAN1",0,NA,NA,NA
"uniform_k1",6335,"CDH5",6.33662563265247e-06,NA,NA,NA
"uniform_k1",6336,"FBP1",7.28503339286757e-06,NA,NA,NA
"uniform_k1",6337,"CCR6",0,NA,NA,NA
"uniform_k1",6338,"HGF",0,NA,NA,NA
"uniform_k1",6339,"AKR1B10",1.92579176795382e-05,NA,NA,NA
"uniform_k1",6340,"GABRP",0,NA,NA,NA
"uniform_k1",6341,"RXRB",3.7531212242814e-05,NA,NA,NA
"uniform_k1",6342,"GSR",0.00032731672891706,NA,NA,NA
"uniform_k1",6343,"GABRB3",0.000120726283226125,NA,NA,NA
"uniform_k1",6344,"GCK",0.000213793988103061,NA,NA,NA
"uniform_k1",6345,"ERBB3",0,NA,NA,NA
"uniform_k1",6346,"CASP3",0.000462575099730467,NA,NA,NA
"uniform_k1",6347,"CBR3",0,NA,NA,NA
"uniform_k1",6348,"RUNX1T1",0,NA,NA,NA
"uniform_k1",6349,"CHRM2",2.51721592002818e-05,NA,NA,NA
"uniform_k1",6350,"ABCG8",0,NA,NA,NA
"uniform_k1",6351,"DHRS4",0,NA,NA,NA
"uniform_k1",6352,"POLE",6.84091707048307e-06,NA,NA,NA
"uniform_k1",6353,"HINT1",4.87617046518452e-06,NA,NA,NA
"uniform_k1",6354,"AXL",2.56876487623181e-05,NA,NA,NA
"uniform_k1",6355,"SLC18A2",1.33665330134258e-05,NA,NA,NA
"uniform_k1",6356,"EGLN1",1.90063023630671e-06,NA,NA,NA
"uniform_k1",6357,"LPCAT2",0,NA,NA,NA
"uniform_k1",6358,"UGT1A3",1.26699491542759e-06,NA,NA,NA
"uniform_k1",6359,"BACE1",5.67015318772013e-05,NA,NA,NA
"uniform_k1",6360,"EDN1",0.000187385953273167,NA,NA,NA
"uniform_k1",6361,"BID",6.01936829902616e-06,NA,NA,NA
"uniform_k1",6362,"HDAC5",0,NA,NA,NA
"uniform_k1",6363,"PON1",7.22265572195013e-06,NA,NA,NA
"uniform_k1",6364,"CACNA1A",0.000251442934202317,NA,NA,NA
"uniform_k1",6365,"NFATC1",5.51292228962996e-05,NA,NA,NA
"uniform_k1",6366,"CYP11A1",1.84332824758604e-05,NA,NA,NA
"uniform_k1",6367,"SLC15A1",1.58338604960839e-06,NA,NA,NA
"uniform_k1",6368,"CALML3",0,NA,NA,NA
"uniform_k1",6369,"TOP2B",0,NA,NA,NA
"uniform_k1",6370,"KRT18",1.90069610461752e-06,NA,NA,NA
"uniform_k1",6371,"CHRNA7",7.98054415862559e-05,NA,NA,NA
"uniform_k1",6372,"HSD3B1",7.1585802265961e-06,NA,NA,NA
"uniform_k1",6373,"CPS1",1.2666988915111e-05,NA,NA,NA
"uniform_k1",6374,"AMY2A",0,NA,NA,NA
"uniform_k1",6375,"NOX1",2.49654080184403e-05,NA,NA,NA
"uniform_k1",6376,"PRSS1",0.0011573163436972,NA,NA,NA
"uniform_k1",6377,"GABRA5",0,NA,NA,NA
"uniform_k1",6378,"DUSP1",0,NA,NA,NA
"uniform_k1",6379,"PTGIS",1.23522684530863e-05,NA,NA,NA
"uniform_k1",6380,"PLB1",0.00110895479500295,NA,NA,NA
"uniform_k1",6381,"TFEB",4.43464879762434e-06,NA,NA,NA
"uniform_k1",6382,"VKORC1L1",0,NA,NA,NA
"uniform_k1",6383,"CYP1A2",5.25226389015421e-05,NA,NA,NA
"uniform_k1",6384,"MARK4",0,NA,NA,NA
"uniform_k1",6385,"RBP2",3.01152514644576e-05,NA,NA,NA
"uniform_k1",6386,"LCP1",0.00205551981329799,NA,NA,NA
"uniform_k1",6387,"TPO",1.92561135294866e-05,NA,NA,NA
"uniform_k1",6388,"PRKCG",2.62982428581582e-05,NA,NA,NA
"uniform_k1",6389,"MARK4",0,NA,NA,NA
"uniform_k1",6390,"MARK4",0,NA,NA,NA
"uniform_k1",6391,"CACNA1E",0,NA,NA,NA
"uniform_k1",6392,"GGPS1",0,NA,NA,NA
"uniform_k1",6393,"KCNC3",0,NA,NA,NA
"uniform_k1",6394,"GRIK2",0,NA,NA,NA
"uniform_k1",6395,"PRDX5",0,NA,NA,NA
"uniform_k1",6396,"GSTZ1",0,NA,NA,NA
"uniform_k1",6397,"BAX",8.97923976903581e-05,NA,NA,NA
"uniform_k1",6398,"CS",0.000203624857343709,NA,NA,NA
"uniform_k1",6399,"CYCS",0.0019228192201588,NA,NA,NA
"uniform_k1",6400,"ADH6",4.11775851749674e-06,NA,NA,NA
"uniform_k1",6401,"AKR1C2",0,NA,NA,NA
"uniform_k1",6402,"HCRT",0.000169339993540296,NA,NA,NA
"uniform_k1",6403,"SLCO1B1",3.08486910148842e-05,NA,NA,NA
"uniform_k1",6404,"PARP1",0.000202075672702362,NA,NA,NA
"uniform_k1",6405,"ADAMTS5",0,NA,NA,NA
"uniform_k1",6406,"LALBA",3.81683006253075e-05,NA,NA,NA
"uniform_k1",6407,"KCNMB4",0,NA,NA,NA
"uniform_k1",6408,"MLXIPL",0,NA,NA,NA
"uniform_k1",6409,"CD55",7.47448208604506e-06,NA,NA,NA
"uniform_k1",6410,"SOX9",0.000102527928081186,NA,NA,NA
"uniform_k1",6411,"KRT2",0,NA,NA,NA
"uniform_k1",6412,"SMAD1",0,NA,NA,NA
"uniform_k1",6413,"IL6",0.00104909499545724,NA,NA,NA
"uniform_k1",6414,"CYBA",0,NA,NA,NA
"uniform_k1",6415,"OPRD1",0,NA,NA,NA
"uniform_k1",6416,"KLK3",0.00125308407979507,NA,NA,NA
"uniform_k1",6417,"F10",1.53928141654047e-05,NA,NA,NA
"uniform_k1",6418,"GSTM3",0,NA,NA,NA
"uniform_k1",6419,"HSPA4",0.000770336012735795,NA,NA,NA
"uniform_k1",6420,"HMGB1",1.24840005174542e-05,NA,NA,NA
"uniform_k1",6421,"PDE10A",6.52492584996001e-06,NA,NA,NA
"uniform_k1",6422,"NFKBIE",0,NA,NA,NA
"uniform_k1",6423,"APOB",0.000254184152158166,NA,NA,NA
"uniform_k1",6424,"KCNE2",0,NA,NA,NA
"uniform_k1",6425,"SRD5A2",3.08503783238434e-05,NA,NA,NA
"uniform_k1",6426,"MECP2",0.000428908523146032,NA,NA,NA
"uniform_k1",6427,"AKR1C1",5.66614851992275e-05,NA,NA,NA
"uniform_k1",6428,"KEAP1",8.90865911317151e-05,NA,NA,NA
"uniform_k1",6429,"BECN1",8.42248076059482e-05,NA,NA,NA
"uniform_k1",6430,"FABP2",0,NA,NA,NA
"uniform_k1",6431,"CCL3",1.67921707164842e-05,NA,NA,NA
"uniform_k1",6432,"GSTM2",0,NA,NA,NA
"uniform_k1",6433,"GRIN1",6.96987215653699e-06,NA,NA,NA
"uniform_k1",6434,"ALDH1B1",0,NA,NA,NA
"uniform_k1",6435,"GPBAR1",0.00120167517532488,NA,NA,NA
"uniform_k1",6436,"KHK",0,NA,NA,NA
"uniform_k1",6437,"TUBB4B",6.33455001119998e-07,NA,NA,NA
"uniform_k1",6438,"HBA2",0,NA,NA,NA
"uniform_k1",6439,"DAO",0,NA,NA,NA
"uniform_k1",6440,"RYR1",8.59077355945814e-05,NA,NA,NA
"uniform_k1",6441,"HTR1D",0,NA,NA,NA
"uniform_k1",6442,"AGXT2",0.000181321349120078,NA,NA,NA
"uniform_k1",6443,"IL6",0.00104909499545724,NA,NA,NA
"uniform_k1",6444,"PARP1",0.000202075672702362,NA,NA,NA
"uniform_k1",6445,"BDNF",0.000792185293056469,NA,NA,NA
"uniform_k1",6446,"KCND1",0,NA,NA,NA
"uniform_k1",6447,"ATP1A4",0,NA,NA,NA
"uniform_k1",6448,"DKK1",0,NA,NA,NA
"uniform_k1",6449,"ABCB11",0,NA,NA,NA
"uniform_k1",6450,"ACSL1",4.92269468655993e-05,NA,NA,NA
"uniform_k1",6451,"ERBB3",0,NA,NA,NA
"uniform_k1",6452,"GRIK2",0,NA,NA,NA
"uniform_k1",6453,"CACNA1H",5.72384790692437e-05,NA,NA,NA
"uniform_k1",6454,"SOD2",0.000296172336680667,NA,NA,NA
"uniform_k1",6455,"CA1",4.61079535398756e-05,NA,NA,NA
"uniform_k1",6456,"SLC2A4",1.81861109559422e-05,NA,NA,NA
"uniform_k1",6457,"AURKB",0.000100012341094136,NA,NA,NA
"uniform_k1",6458,"CAMK4",1.22274351069818e-05,NA,NA,NA
"uniform_k1",6459,"CHRNA10",0,NA,NA,NA
"uniform_k1",6460,"HAMP",0.000187982524293195,NA,NA,NA
"uniform_k1",6461,"AGT",0.000967403269813816,NA,NA,NA
"uniform_k1",6462,"TOP2A",1.51432024206866e-05,NA,NA,NA
"uniform_k1",6463,"FSHR",1.23538226016739e-05,NA,NA,NA
"uniform_k1",6464,"MYD88",9.12615367376635e-06,NA,NA,NA
"uniform_k1",6465,"DHODH",1.42497466326663e-05,NA,NA,NA
"uniform_k1",6466,"DBH",9.818852931609e-06,NA,NA,NA
"uniform_k1",6467,"PHB2",3.20568660923115e-05,NA,NA,NA
"uniform_k1",6468,"CSF2",1.26743081751979e-06,NA,NA,NA
"uniform_k1",6469,"PRKAA1",2.85143022038525e-06,NA,NA,NA
"uniform_k1",6470,"NPPA",7.28658572474172e-05,NA,NA,NA
"uniform_k1",6471,"HBA1",2.89514794086232e-05,NA,NA,NA
"uniform_k1",6472,"SLC1A6",0,NA,NA,NA
"uniform_k1",6473,"IL1RN",0,NA,NA,NA
"uniform_k1",6474,"NR1I3",2.35048730797827e-05,NA,NA,NA
"uniform_k1",6475,"RPS6KB1",2.01533684008881e-05,NA,NA,NA
"uniform_k1",6476,"TUBA1B",0,NA,NA,NA
"uniform_k1",6477,"MARK4",0,NA,NA,NA
"uniform_k1",6478,"MAPK3",0.000389312216340865,NA,NA,NA
"uniform_k1",6479,"CDK1",0.000268330391133942,NA,NA,NA
"uniform_k1",6480,"CACNA2D3",0,NA,NA,NA
"uniform_k1",6481,"PRDX5",0,NA,NA,NA
"uniform_k1",6482,"DRD3",0,NA,NA,NA
"uniform_k1",6483,"ADH5",7.50101523409041e-05,NA,NA,NA
"uniform_k1",6484,"CEBPB",0.000269764234292591,NA,NA,NA
"uniform_k1",6485,"CAMK2G",0,NA,NA,NA
"uniform_k1",6486,"MGLL",0.000230459075350131,NA,NA,NA
"uniform_k1",6487,"HTR2B",3.80070954153489e-06,NA,NA,NA
"uniform_k1",6488,"SOCS3",1.47020577304646e-05,NA,NA,NA
"uniform_k1",6489,"METTL3",0,NA,NA,NA
"uniform_k1",6490,"KCNJ2",0.00119679281819129,NA,NA,NA
"uniform_k1",6491,"COL7A1",0,NA,NA,NA
"uniform_k1",6492,"PTH",0.00019439506068486,NA,NA,NA
"uniform_k1",6493,"CAMK2G",0,NA,NA,NA
"uniform_k1",6494,"ABCB11",0,NA,NA,NA
"uniform_k1",6495,"KDM1A",0,NA,NA,NA
"uniform_k1",6496,"ROS1",0,NA,NA,NA
"uniform_k1",6497,"HGF",0,NA,NA,NA
"uniform_k1",6498,"MAPK13",0,NA,NA,NA
"uniform_k1",6499,"MYB",0,NA,NA,NA
"uniform_k1",6500,"SRR",0,NA,NA,NA
"uniform_k1",6501,"LYZ",0,NA,NA,NA
"uniform_k1",6502,"GLUL",0.000147191537224312,NA,NA,NA
"uniform_k1",6503,"XBP1",0.00130705850242441,NA,NA,NA
"uniform_k1",6504,"ITGB3",8.18152205451783e-05,NA,NA,NA
"uniform_k1",6505,"CRBN",3.83289296229661e-05,NA,NA,NA
"uniform_k1",6506,"ESRRA",6.99494678408907e-05,NA,NA,NA
"uniform_k1",6507,"CYP7B1",5.06699999092142e-06,NA,NA,NA
"uniform_k1",6508,"PTP4A1",0,NA,NA,NA
"uniform_k1",6509,"YWHAE",2.37606312166738e-05,NA,NA,NA
"uniform_k1",6510,"CYCS",0.0019228192201588,NA,NA,NA
"uniform_k1",6511,"PTH",0.00019439506068486,NA,NA,NA
"uniform_k1",6512,"MT-ATP6",9.5010961728148e-06,NA,NA,NA
"uniform_k1",6513,"OPRD1",0,NA,NA,NA
"uniform_k1",6514,"IRF1",0,NA,NA,NA
"uniform_k1",6515,"INSR",1.12798026006278e-05,NA,NA,NA
"uniform_k1",6516,"HDAC3",1.29907353231262e-05,NA,NA,NA
"uniform_k1",6517,"TRPC5",4.86789497714524e-05,NA,NA,NA
"uniform_k1",6518,"ATF5",6.59972627514716e-05,NA,NA,NA
"uniform_k1",6519,"CRTC1",0,NA,NA,NA
"uniform_k1",6520,"COX6A2",0,NA,NA,NA
"uniform_k1",6521,"SLC1A3",2.4134429150835e-05,NA,NA,NA
"uniform_k1",6522,"CHUK",1.55270045979483e-05,NA,NA,NA
"uniform_k1",6523,"GDNF",3.48479365919196e-06,NA,NA,NA
"uniform_k1",6524,"GPT2",8.61690501118284e-05,NA,NA,NA
"uniform_k1",6525,"ESR1",0.00102478911944048,NA,NA,NA
"uniform_k1",6526,"THBD",8.99612495086632e-06,NA,NA,NA
"uniform_k1",6527,"IL2",8.48661529537775e-05,NA,NA,NA
"uniform_k1",6528,"KCNA3",7.03184449912797e-06,NA,NA,NA
"uniform_k1",6529,"CACNG6",0,NA,NA,NA
"uniform_k1",6530,"BID",6.01936829902616e-06,NA,NA,NA
"uniform_k1",6531,"PRSS1",0.0011573163436972,NA,NA,NA
"uniform_k1",6532,"MMP11",6.33353078760557e-07,NA,NA,NA
"uniform_k1",6533,"IL18",2.23696138260676e-05,NA,NA,NA
"uniform_k1",6534,"IL36A",0,NA,NA,NA
"uniform_k1",6535,"ACADM",0.000194896326079275,NA,NA,NA
"uniform_k1",6536,"SRPK1",0.00108816969760961,NA,NA,NA
"uniform_k1",6537,"TG",5.56234870203731e-05,NA,NA,NA
"uniform_k1",6538,"ADRA1B",0,NA,NA,NA
"uniform_k1",6539,"MOCOS",1.83708339053235e-05,NA,NA,NA
"uniform_k1",6540,"TACR1",0,NA,NA,NA
"uniform_k1",6541,"KCNJ1",8.80361918675909e-06,NA,NA,NA
"uniform_k1",6542,"THRB",3.80151793299977e-06,NA,NA,NA
"uniform_k1",6543,"TGFB1",0.000170827591538192,NA,NA,NA
"uniform_k1",6544,"PON1",7.22265572195013e-06,NA,NA,NA
"uniform_k1",6545,"ACTA1",3.96575036063496e-05,NA,NA,NA
"uniform_k1",6546,"KCNJ11",0.00241899994818762,NA,NA,NA
"uniform_k1",6547,"SERPINB9",0,NA,NA,NA
"uniform_k1",6548,"CYP2C19",1.83094707274511e-05,NA,NA,NA
"uniform_k1",6549,"CLDN4",0,NA,NA,NA
"uniform_k1",6550,"KCNJ10",0,NA,NA,NA
"uniform_k1",6551,"ARF5",0,NA,NA,NA
"uniform_k1",6552,"BIRC5",3.23786530762593e-05,NA,NA,NA
"uniform_k1",6553,"ADORA1",2.74909074123864e-05,NA,NA,NA
"uniform_k1",6554,"CAT",1.06411717700761e-05,NA,NA,NA
"uniform_k1",6555,"TP53",0.00427693686378816,NA,NA,NA
"uniform_k1",6556,"ATOX1",0,NA,NA,NA
"uniform_k1",6557,"CDK5",0.000348117516928759,NA,NA,NA
"uniform_k1",6558,"VEGFC",0,NA,NA,NA
"uniform_k1",6559,"TH",0.000370274680685401,NA,NA,NA
"uniform_k1",6560,"XPO1",1.66633213304346e-05,NA,NA,NA
"uniform_k1",6561,"TUBB4A",0,NA,NA,NA
"uniform_k1",6562,"CYP2D6",2.95879994604009e-05,NA,NA,NA
"uniform_k1",6563,"ZEB2",0,NA,NA,NA
"uniform_k1",6564,"KCNN2",6.33510621184108e-07,NA,NA,NA
"uniform_k1",6565,"ABCB1",2.07166464523123e-05,NA,NA,NA
"uniform_k1",6566,"MARK4",0,NA,NA,NA
"uniform_k1",6567,"RYR1",8.59077355945814e-05,NA,NA,NA
"uniform_k1",6568,"CALML3",0,NA,NA,NA
"uniform_k1",6569,"CDH5",6.33662563265247e-06,NA,NA,NA
"uniform_k1",6570,"APOE",0.000621735352925756,NA,NA,NA
"uniform_k1",6571,"CTSK",0.000205253306110875,NA,NA,NA
"uniform_k1",6572,"GP6",2.19854467736758e-05,NA,NA,NA
"uniform_k1",6573,"POR",3.92763746058788e-05,NA,NA,NA
"uniform_k1",6574,"IGFBP3",2.54114516418102e-05,NA,NA,NA
"uniform_k1",6575,"RASGRF1",5.25865086087318e-06,NA,NA,NA
"uniform_k1",6576,"IL2",8.48661529537775e-05,NA,NA,NA
"uniform_k1",6577,"SERPINE1",0.000106720941403182,NA,NA,NA
"uniform_k1",6578,"ACTA2",4.98567078929257e-05,NA,NA,NA
"uniform_k1",6579,"FAS",6.33677821770817e-07,NA,NA,NA
"uniform_k1",6580,"ATIC",0.0011952594694814,NA,NA,NA
"uniform_k1",6581,"SRD5A2",3.08503783238434e-05,NA,NA,NA
"uniform_k1",6582,"MAP3K7",0.000279295362734966,NA,NA,NA
"uniform_k1",6583,"NPPB",3.61091583611639e-06,NA,NA,NA
"uniform_k1",6584,"ADAMTS5",0,NA,NA,NA
"uniform_k1",6585,"DDB1",2.07812890326009e-05,NA,NA,NA
"uniform_k1",6586,"GSTP1",0.0017997845794786,NA,NA,NA
"uniform_k1",6587,"EPOR",4.26416671160945e-05,NA,NA,NA
"uniform_k1",6588,"SMO",0,NA,NA,NA
"uniform_k1",6589,"GUSB",4.43396339928626e-05,NA,NA,NA
"uniform_k1",6590,"CDH5",6.33662563265247e-06,NA,NA,NA
"uniform_k1",6591,"DNMT1",4.56882288469851e-05,NA,NA,NA
"uniform_k1",6592,"PKIA",2.53383300530263e-06,NA,NA,NA
"uniform_k1",6593,"CD80",0,NA,NA,NA
"uniform_k1",6594,"TRPA1",6.7343185876978e-05,NA,NA,NA
"uniform_k1",6595,"PIK3R1",5.3428249282339e-05,NA,NA,NA
"uniform_k1",6596,"AHSP",1.89993871424488e-06,NA,NA,NA
"uniform_k1",6597,"CALML3",0,NA,NA,NA
"uniform_k1",6598,"RBL1",0,NA,NA,NA
"uniform_k1",6599,"PRKAG2",0.00023019859617357,NA,NA,NA
"uniform_k1",6600,"DKK1",0,NA,NA,NA
"uniform_k1",6601,"ERN1",4.11862188642864e-06,NA,NA,NA
"uniform_k1",6602,"DHODH",1.42497466326663e-05,NA,NA,NA
"uniform_k1",6603,"GCLM",0,NA,NA,NA
"uniform_k1",6604,"LRP5",0,NA,NA,NA
"uniform_k1",6605,"ATP1A2",4.63378248599655e-05,NA,NA,NA
"uniform_k1",6606,"WEE1",0,NA,NA,NA
"uniform_k1",6607,"TRPA1",6.7343185876978e-05,NA,NA,NA
"uniform_k1",6608,"SCN5A",0.000167082927235662,NA,NA,NA
"uniform_k1",6609,"TPMT",8.77949444514359e-05,NA,NA,NA
"uniform_k1",6610,"PIK3CA",2.52878809748891e-05,NA,NA,NA
"uniform_k1",6611,"GCK",0.000213793988103061,NA,NA,NA
"uniform_k1",6612,"DNPEP",0,NA,NA,NA
"uniform_k1",6613,"HNF4A",0.000115908516808982,NA,NA,NA
"uniform_k1",6614,"FCER1A",0,NA,NA,NA
"uniform_k1",6615,"ATG12",0,NA,NA,NA
"uniform_k1",6616,"TGFA",3.48528190785569e-06,NA,NA,NA
"uniform_k1",6617,"CDKN1C",1.58390438897982e-06,NA,NA,NA
"uniform_k1",6618,"CDKN1A",2.78509173701202e-05,NA,NA,NA
"uniform_k1",6619,"GABRB2",0,NA,NA,NA
"uniform_k1",6620,"PDE5A",1.15913843198312e-05,NA,NA,NA
"uniform_k1",6621,"RASSF1",1.82470571705728e-05,NA,NA,NA
"uniform_k1",6622,"MAP2K7",3.16786999277063e-06,NA,NA,NA
"uniform_k1",6623,"CYP3A5",2.12871813713988e-05,NA,NA,NA
"uniform_k1",6624,"METTL3",0,NA,NA,NA
"uniform_k1",6625,"ADRA2C",1.26052450867276e-05,NA,NA,NA
"uniform_k1",6626,"TYMS",0.000142484575824997,NA,NA,NA
"uniform_k1",6627,"KIT",0.000262263529464124,NA,NA,NA
"uniform_k1",6628,"NAAA",0,NA,NA,NA
"uniform_k1",6629,"E2F2",0,NA,NA,NA
"uniform_k1",6630,"EGLN3",1.26699828650878e-06,NA,NA,NA
"uniform_k1",6631,"TP53",0.00427693686378816,NA,NA,NA
"uniform_k1",6632,"SLC8A1",0,NA,NA,NA
"uniform_k1",6633,"HBA1",2.89514794086232e-05,NA,NA,NA
"uniform_k1",6634,"LPCAT2",0,NA,NA,NA
"uniform_k1",6635,"GABRP",0,NA,NA,NA
"uniform_k1",6636,"TOP1",1.90060302329709e-06,NA,NA,NA
"uniform_k1",6637,"ACE",0.00145679149577593,NA,NA,NA
"uniform_k1",6638,"COX5B",5.70133156496677e-06,NA,NA,NA
"uniform_k1",6639,"AURKC",0,NA,NA,NA
"uniform_k1",6640,"MUC5AC",6.33425870422144e-07,NA,NA,NA
"uniform_k1",6641,"CASP3",0.000462575099730467,NA,NA,NA
"uniform_k1",6642,"PPARG",0.000681665233701723,NA,NA,NA
"uniform_k1",6643,"JUNB",0,NA,NA,NA
"uniform_k1",6644,"IFNG",3.71450469081047e-05,NA,NA,NA
"uniform_k1",6645,"APOD",0.00195383273850436,NA,NA,NA
"uniform_k1",6646,"CSF2",1.26743081751979e-06,NA,NA,NA
"uniform_k1",6647,"CBR3",0,NA,NA,NA
"uniform_k1",6648,"GSTM1",0.000122658682697341,NA,NA,NA
"uniform_k1",6649,"FAS",6.33677821770817e-07,NA,NA,NA
"uniform_k1",6650,"CNR1",0.000234330328976462,NA,NA,NA
"uniform_k1",6651,"ABCC1",0,NA,NA,NA
"uniform_k1",6652,"DNMT3B",1.03906004091936e-05,NA,NA,NA
"uniform_k1",6653,"CLDN5",3.48460731747213e-06,NA,NA,NA
"uniform_k1",6654,"RNASE1",0,NA,NA,NA
"uniform_k1",6655,"PROC",3.8004925289048e-06,NA,NA,NA
"uniform_k1",6656,"BIRC2",2.53453445775431e-06,NA,NA,NA
"uniform_k1",6657,"C3",4.60004945984638e-05,NA,NA,NA
"uniform_k1",6658,"PDE5A",1.15913843198312e-05,NA,NA,NA
"uniform_k1",6659,"ARF4",1.97623946650571e-05,NA,NA,NA
"uniform_k1",6660,"NOS2",2.38274351227474e-05,NA,NA,NA
"uniform_k1",6661,"SCN5A",0.000167082927235662,NA,NA,NA
"uniform_k1",6662,"SOX2",0.00140571719586968,NA,NA,NA
"uniform_k1",6663,"MT-ATP6",9.5010961728148e-06,NA,NA,NA
"uniform_k1",6664,"GRIA1",1.90084712514693e-06,NA,NA,NA
"uniform_k1",6665,"ATF6",1.47631880090815e-05,NA,NA,NA
"uniform_k1",6666,"S100A7",0.00101836981567682,NA,NA,NA
"uniform_k1",6667,"ICAM1",0.000172524776509531,NA,NA,NA
"uniform_k1",6668,"HPRT1",0.00041877379526456,NA,NA,NA
"uniform_k1",6669,"HSD3B2",2.44539251612608e-05,NA,NA,NA
"uniform_k1",6670,"TOMM70",0,NA,NA,NA
"uniform_k1",6671,"SMAD7",1.26728738392146e-06,NA,NA,NA
"uniform_k1",6672,"GSTM2",0,NA,NA,NA
"uniform_k1",6673,"CACNA1I",0,NA,NA,NA
"uniform_k1",6674,"GLI1",5.44927221779457e-06,NA,NA,NA
"uniform_k1",6675,"ATP2C2",0,NA,NA,NA
"uniform_k1",6676,"ADRA2A",6.33347720935262e-07,NA,NA,NA
"uniform_k1",6677,"NOS2",2.38274351227474e-05,NA,NA,NA
"uniform_k1",6678,"KCNQ2",0.000154321192943452,NA,NA,NA
"uniform_k1",6679,"PLSCR1",0,NA,NA,NA
"uniform_k1",6680,"ADH1A",0,NA,NA,NA
"uniform_k1",6681,"MYLK",7.38323399127605e-05,NA,NA,NA
"uniform_k1",6682,"PTGER3",1.07329013246948e-05,NA,NA,NA
"uniform_k1",6683,"CASR",1.85576382838448e-05,NA,NA,NA
"uniform_k1",6684,"UCP1",0,NA,NA,NA
"uniform_k1",6685,"ESR2",7.37049367650622e-05,NA,NA,NA
"uniform_k1",6686,"PTEN",0.000112385888386912,NA,NA,NA
"uniform_k1",6687,"TYRP1",6.65147512002306e-06,NA,NA,NA
"uniform_k1",6688,"MTOR",0.000351853732282081,NA,NA,NA
"uniform_k1",6689,"CBR3",0,NA,NA,NA
"uniform_k1",6690,"SCN8A",0,NA,NA,NA
"uniform_k1",6691,"MT-ATP6",9.5010961728148e-06,NA,NA,NA
"uniform_k1",6692,"MCL1",1.67940085561424e-05,NA,NA,NA
"uniform_k1",6693,"CLDN4",0,NA,NA,NA
"uniform_k1",6694,"GNMT",0,NA,NA,NA
"uniform_k1",6695,"LMNB1",7.2866286621176e-06,NA,NA,NA
"uniform_k1",6696,"PHB2",3.20568660923115e-05,NA,NA,NA
"uniform_k1",6697,"PHOSPHO1",8.36011896465649e-06,NA,NA,NA
"uniform_k1",6698,"PLD1",0,NA,NA,NA
"uniform_k1",6699,"ADH1A",0,NA,NA,NA
"uniform_k1",6700,"IDO1",0.000463661718947295,NA,NA,NA
"uniform_k1",6701,"PRKCI",0,NA,NA,NA
"uniform_k1",6702,"LMNB1",7.2866286621176e-06,NA,NA,NA
"uniform_k1",6703,"RARG",0,NA,NA,NA
"uniform_k1",6704,"COMT",0.000258432034107248,NA,NA,NA
"uniform_k1",6705,"TEK",0,NA,NA,NA
"uniform_k1",6706,"NLN",0,NA,NA,NA
"uniform_k1",6707,"VKORC1L1",0,NA,NA,NA
"uniform_k1",6708,"SCN11A",4.43375248559974e-06,NA,NA,NA
"uniform_k1",6709,"GDNF",3.48479365919196e-06,NA,NA,NA
"uniform_k1",6710,"SULT1E1",0,NA,NA,NA
"uniform_k1",6711,"SCD",0.000143791042404695,NA,NA,NA
"uniform_k1",6712,"NFKB1",0.000211104315194666,NA,NA,NA
"uniform_k1",6713,"FABP5",6.2410696410331e-05,NA,NA,NA
"uniform_k1",6714,"AMY2B",0,NA,NA,NA
"uniform_k1",6715,"CFTR",0.00160265872797649,NA,NA,NA
"uniform_k1",6716,"PRKCB",0.000129467861105015,NA,NA,NA
"uniform_k1",6717,"SIRT6",5.06879720008069e-06,NA,NA,NA
"uniform_k1",6718,"ATG5",1.93264314094499e-05,NA,NA,NA
"uniform_k1",6719,"SLC11A1",0,NA,NA,NA
"uniform_k1",6720,"ADA",5.3173443308685e-05,NA,NA,NA
"uniform_k1",6721,"ADCY1",8.87083575196179e-06,NA,NA,NA
"uniform_k1",6722,"PLA2G7",0.00013847975796788,NA,NA,NA
"uniform_k1",6723,"DNPEP",0,NA,NA,NA
"uniform_k1",6724,"TOP2B",0,NA,NA,NA
"uniform_k1",6725,"TGM2",0,NA,NA,NA
"uniform_k1",6726,"CDKN1C",1.58390438897982e-06,NA,NA,NA
"uniform_k1",6727,"PIK3CD",0,NA,NA,NA
"uniform_k1",6728,"CALML5",7.42946995627713e-05,NA,NA,NA
"uniform_k1",6729,"SULT2A1",1.31748566971623e-05,NA,NA,NA
"uniform_k1",6730,"ACAA2",8.36077927990342e-06,NA,NA,NA
"uniform_k1",6731,"NTRK1",3.04810969022906e-05,NA,NA,NA
"uniform_k1",6732,"SIRT2",1.36869569887788e-05,NA,NA,NA
"uniform_k1",6733,"SLCO2B1",0,NA,NA,NA
"uniform_k1",6734,"COL1A1",0.000181222784889745,NA,NA,NA
"uniform_k1",6735,"GPR18",0,NA,NA,NA
"uniform_k1",6736,"PLG",0.000475913758970048,NA,NA,NA
"uniform_k1",6737,"CASP8",8.23939107075233e-06,NA,NA,NA
"uniform_k1",6738,"HDAC1",0.00033891246936113,NA,NA,NA
"uniform_k1",6739,"UCP3",0,NA,NA,NA
"uniform_k1",6740,"POMC",0.00149342435047795,NA,NA,NA
"uniform_k1",6741,"PRKAA1",2.85143022038525e-06,NA,NA,NA
"uniform_k1",6742,"SYK",5.32926492629038e-05,NA,NA,NA
"uniform_k1",6743,"CDK8",0,NA,NA,NA
"uniform_k1",6744,"DDB1",2.07812890326009e-05,NA,NA,NA
"uniform_k1",6745,"ALOX12",1.1402958573159e-05,NA,NA,NA
"uniform_k1",6746,"NFATC3",3.48468834243665e-06,NA,NA,NA
"uniform_k1",6747,"GRIN1",6.96987215653699e-06,NA,NA,NA
"uniform_k1",6748,"GATM",0.000449150320023683,NA,NA,NA
"uniform_k1",6749,"FOS",0.000387693900821828,NA,NA,NA
"uniform_k1",6750,"GRIN2B",0.000317728868907574,NA,NA,NA
"uniform_k1",6751,"ADRA2A",6.33347720935262e-07,NA,NA,NA
"uniform_k1",6752,"CACNA2D2",0,NA,NA,NA
"uniform_k1",6753,"EEF2K",3.67443795490363e-06,NA,NA,NA
"uniform_k1",6754,"MGAM",0.000137027144681112,NA,NA,NA
"uniform_k1",6755,"RELA",8.98188410365375e-05,NA,NA,NA
"uniform_k1",6756,"NR1H3",0,NA,NA,NA
"uniform_k1",6757,"ATF6",1.47631880090815e-05,NA,NA,NA
"uniform_k1",6758,"FOXP3",1.50821877838991e-05,NA,NA,NA
"uniform_k1",6759,"CHRNA9",1.46296272366397e-05,NA,NA,NA
"uniform_k1",6760,"ERBB2",0.000157327965161547,NA,NA,NA
"uniform_k1",6761,"PDE7B",0,NA,NA,NA
"uniform_k1",6762,"PRL",2.17984549072403e-05,NA,NA,NA
"uniform_k1",6763,"IL17A",0,NA,NA,NA
"uniform_k1",6764,"PLG",0.000475913758970048,NA,NA,NA
"uniform_k1",6765,"NFATC2",1.95162479730282e-05,NA,NA,NA
"uniform_k1",6766,"MMP2",1.88862703024428e-05,NA,NA,NA
"uniform_k1",6767,"DRD4",1.19735525129228e-05,NA,NA,NA
"uniform_k1",6768,"HSPA5",0.000228473516780459,NA,NA,NA
"uniform_k1",6769,"BCL2L1",5.13395632928404e-05,NA,NA,NA
"uniform_k1",6770,"CHEK2",2.4076159734765e-06,NA,NA,NA
"uniform_k1",6771,"LYN",0.000110145713016818,NA,NA,NA
"uniform_k1",6772,"CRK",6.33660876869779e-06,NA,NA,NA
"uniform_k1",6773,"GPR18",0,NA,NA,NA
"uniform_k1",6774,"AGTR1",7.87895413547623e-05,NA,NA,NA
"uniform_k1",6775,"NFKBIA",5.47616073202084e-05,NA,NA,NA
"uniform_k1",6776,"CPT1C",0,NA,NA,NA
"uniform_k1",6777,"SRPK1",0.00108816969760961,NA,NA,NA
"uniform_k1",6778,"ACTBL2",0,NA,NA,NA
"uniform_k1",6779,"OR51E1",0,NA,NA,NA
"uniform_k1",6780,"AXIN1",1.08355886352385e-05,NA,NA,NA
"uniform_k1",6781,"MYB",0,NA,NA,NA
"uniform_k1",6782,"S100A8",5.866975145008e-05,NA,NA,NA
"uniform_k1",6783,"SOX9",0.000102527928081186,NA,NA,NA
"uniform_k1",6784,"RASA1",5.55702489675181e-05,NA,NA,NA
"uniform_k1",6785,"REN",0.000113239453789604,NA,NA,NA
"uniform_k1",6786,"CPS1",1.2666988915111e-05,NA,NA,NA
"uniform_k1",6787,"TOMM70",0,NA,NA,NA
"uniform_k1",6788,"NNT",0,NA,NA,NA
"uniform_k1",6789,"MAOA",0.000132428913549143,NA,NA,NA
"uniform_k1",6790,"PPP2CB",0,NA,NA,NA
"uniform_k1",6791,"GABRE",0,NA,NA,NA
"uniform_k1",6792,"SNCA",0.000455106191969867,NA,NA,NA
"uniform_k1",6793,"HSPB1",6.97066364507837e-06,NA,NA,NA
"uniform_k1",6794,"AKR1C3",0.000173978783267859,NA,NA,NA
"uniform_k1",6795,"CHRM2",2.51721592002818e-05,NA,NA,NA
"uniform_k1",6796,"GSTM2",0,NA,NA,NA
"uniform_k1",6797,"COX5A",0,NA,NA,NA
"uniform_k1",6798,"PLD1",0,NA,NA,NA
"uniform_k1",6799,"PLAT",2.05933169041828e-05,NA,NA,NA
"uniform_k1",6800,"FGF1",4.22001056762378e-05,NA,NA,NA
"uniform_k1",6801,"SERPINE1",0.000106720941403182,NA,NA,NA
"uniform_k1",6802,"CREB1",0.000475073453506725,NA,NA,NA
"uniform_k1",6803,"NLN",0,NA,NA,NA
"uniform_k1",6804,"CYP27B1",5.34712469113519e-05,NA,NA,NA
"uniform_k1",6805,"MGLL",0.000230459075350131,NA,NA,NA
"uniform_k1",6806,"CACNA1I",0,NA,NA,NA
"uniform_k1",6807,"RBP4",4.16853263397465e-05,NA,NA,NA
"uniform_k1",6808,"CDKN1C",1.58390438897982e-06,NA,NA,NA
"uniform_k1",6809,"MAP2K1",0,NA,NA,NA
"uniform_k1",6810,"MRC1",0,NA,NA,NA
"uniform_k1",6811,"TP73",6.33561354046464e-07,NA,NA,NA
"uniform_k1",6812,"CAMP",0.00129691841056656,NA,NA,NA
"uniform_k1",6813,"ODC1",0.00121583500905476,NA,NA,NA
"uniform_k1",6814,"GLUD1",0.00010300883354164,NA,NA,NA
"uniform_k1",6815,"ALDH1A1",0.000768800994206509,NA,NA,NA
"uniform_k1",6816,"GLYAT",0,NA,NA,NA
"uniform_k1",6817,"MAPK9",3.16862262561557e-06,NA,NA,NA
"uniform_k1",6818,"BAK1",0,NA,NA,NA
"uniform_k1",6819,"NOS3",0.000136759922833574,NA,NA,NA
"uniform_k1",6820,"CDT1",1.38729255214631e-05,NA,NA,NA
"uniform_k1",6821,"CSAD",0,NA,NA,NA
"uniform_k1",6822,"SRD5A2",3.08503783238434e-05,NA,NA,NA
"uniform_k1",6823,"CSF3",4.44861479179659e-05,NA,NA,NA
"uniform_k1",6824,"ALAS1",5.9411598420489e-05,NA,NA,NA
"uniform_k1",6825,"CHRNA5",1.55794812480847e-05,NA,NA,NA
"uniform_k1",6826,"TGFB1",0.000170827591538192,NA,NA,NA
"uniform_k1",6827,"TH",0.000370274680685401,NA,NA,NA
"uniform_k1",6828,"CYP21A2",0,NA,NA,NA
"uniform_k1",6829,"ALDH1A2",0,NA,NA,NA
"uniform_k1",6830,"PBK",1.43184911400862e-05,NA,NA,NA
"uniform_k1",6831,"ACPP",0,NA,NA,NA
"uniform_k1",6832,"GSTM1",0.000122658682697341,NA,NA,NA
"uniform_k1",6833,"RPS6KB1",2.01533684008881e-05,NA,NA,NA
"uniform_k1",6834,"ADORA2A",0.00134091820301629,NA,NA,NA
"uniform_k1",6835,"GABRD",9.49995296650741e-07,NA,NA,NA
"uniform_k1",6836,"SCN2A",9.6829057864789e-05,NA,NA,NA
"uniform_k1",6837,"APOB",0.000254184152158166,NA,NA,NA
"uniform_k1",6838,"DDB1",2.07812890326009e-05,NA,NA,NA
"uniform_k1",6839,"MAPK9",3.16862262561557e-06,NA,NA,NA
"uniform_k1",6840,"ABCC9",1.45674367513227e-06,NA,NA,NA
"uniform_k1",6841,"COX7B",0,NA,NA,NA
"uniform_k1",6842,"RAC2",7.2870543702308e-05,NA,NA,NA
"uniform_k1",6843,"FCER1A",0,NA,NA,NA
"uniform_k1",6844,"FN1",0.00237698824343124,NA,NA,NA
"uniform_k1",6845,"IGFBP6",0,NA,NA,NA
"uniform_k1",6846,"CPT1A",1.49157660161992e-05,NA,NA,NA
"uniform_k1",6847,"ITPR2",6.33550958140106e-07,NA,NA,NA
"uniform_k1",6848,"TOP2A",1.51432024206866e-05,NA,NA,NA
"uniform_k1",6849,"CLDN5",3.48460731747213e-06,NA,NA,NA
"uniform_k1",6850,"HSD11B1",5.68914811439614e-05,NA,NA,NA
"uniform_k1",6851,"PLD1",0,NA,NA,NA
"uniform_k1",6852,"HCN2",0,NA,NA,NA
"uniform_k1",6853,"PLG",0.000475913758970048,NA,NA,NA
"uniform_k1",6854,"SLCO1A2",6.33397825744453e-07,NA,NA,NA
"uniform_k1",6855,"PLA2G7",0.00013847975796788,NA,NA,NA
"uniform_k1",6856,"CAT",1.06411717700761e-05,NA,NA,NA
"uniform_k1",6857,"FASLG",6.21033622971723e-06,NA,NA,NA
"uniform_k1",6858,"SREBF2",1.69818952083789e-05,NA,NA,NA
"uniform_k1",6859,"FXN",3.98458264223578e-05,NA,NA,NA
"uniform_k1",6860,"TUBB",0.000162866051467092,NA,NA,NA
"uniform_k1",6861,"ANXA5",7.92192003495895e-06,NA,NA,NA
"uniform_k1",6862,"PLA2G4A",0.000158908171599248,NA,NA,NA
"uniform_k1",6863,"NCOA2",3.54820525111377e-05,NA,NA,NA
"uniform_k1",6864,"ALDH2",5.15659678518299e-05,NA,NA,NA
"uniform_k1",6865,"TOMM70",0,NA,NA,NA
"uniform_k1",6866,"P2RX7",5.59297818042426e-05,NA,NA,NA
"uniform_k1",6867,"APOM",0,NA,NA,NA
"uniform_k1",6868,"POR",3.92763746058788e-05,NA,NA,NA
"uniform_k1",6869,"BACE1",5.67015318772013e-05,NA,NA,NA
"uniform_k1",6870,"CATSPER1",0,NA,NA,NA
"uniform_k1",6871,"CYP24A1",2.95788072831593e-05,NA,NA,NA
"uniform_k1",6872,"FN1",0.00237698824343124,NA,NA,NA
"uniform_k1",6873,"CATSPER1",0,NA,NA,NA
"uniform_k1",6874,"PDXK",0.00104366135249789,NA,NA,NA
"uniform_k1",6875,"AVPR1A",0,NA,NA,NA
"uniform_k1",6876,"MDH2",0.000134051798597046,NA,NA,NA
"uniform_k1",6877,"CCN2",1.134369344169e-05,NA,NA,NA
"uniform_k1",6878,"TNFSF11",7.5283725537223e-05,NA,NA,NA
"uniform_k1",6879,"CYP11A1",1.84332824758604e-05,NA,NA,NA
"uniform_k1",6880,"ADH4",0,NA,NA,NA
"uniform_k1",6881,"CALCR",3.30019686509697e-05,NA,NA,NA
"uniform_k1",6882,"TNFAIP6",4.94186435140431e-06,NA,NA,NA
"uniform_k1",6883,"KRT2",0,NA,NA,NA
"uniform_k1",6884,"NPEPPS",0,NA,NA,NA
"uniform_k1",6885,"RUNX3",2.26216416990832e-05,NA,NA,NA
"uniform_k1",6886,"GLYAT",0,NA,NA,NA
"uniform_k1",6887,"ATF2",1.14067009802099e-05,NA,NA,NA
"uniform_k1",6888,"CALCA",1.96344956293615e-06,NA,NA,NA
"uniform_k1",6889,"HDAC6",0.00238463941154432,NA,NA,NA
"uniform_k1",6890,"ARF6",0,NA,NA,NA
"uniform_k1",6891,"GABRQ",0,NA,NA,NA
"uniform_k1",6892,"CD86",0,NA,NA,NA
"uniform_k1",6893,"ICAM2",0,NA,NA,NA
"uniform_k1",6894,"TUBB4A",0,NA,NA,NA
"uniform_k1",6895,"TP73",6.33561354046464e-07,NA,NA,NA
"uniform_k1",6896,"FOSL1",5.14461500070729e-05,NA,NA,NA
"uniform_k1",6897,"PNPLA2",2.72449938232278e-06,NA,NA,NA
"uniform_k1",6898,"PPARA",0.00137693094911007,NA,NA,NA
"uniform_k1",6899,"PRDX2",0,NA,NA,NA
"uniform_k1",6900,"CYP11A1",1.84332824758604e-05,NA,NA,NA
"uniform_k1",6901,"MDM2",4.86757533122439e-05,NA,NA,NA
"uniform_k1",6902,"KDR",2.14857653940692e-05,NA,NA,NA
"uniform_k1",6903,"GRIA1",1.90084712514693e-06,NA,NA,NA
"uniform_k1",6904,"FABP5",6.2410696410331e-05,NA,NA,NA
"uniform_k1",6905,"PROC",3.8004925289048e-06,NA,NA,NA
"uniform_k1",6906,"DAO",0,NA,NA,NA
"uniform_k1",6907,"PRDX2",0,NA,NA,NA
"uniform_k1",6908,"RBP4",4.16853263397465e-05,NA,NA,NA
"uniform_k1",6909,"GANAB",0,NA,NA,NA
"uniform_k1",6910,"HDAC10",0,NA,NA,NA
"uniform_k1",6911,"LYN",0.000110145713016818,NA,NA,NA
"uniform_k1",6912,"GOT2",0.00078289580737978,NA,NA,NA
"uniform_k1",6913,"TNNI3",8.64888291552957e-05,NA,NA,NA
"uniform_k1",6914,"HTR2B",3.80070954153489e-06,NA,NA,NA
"uniform_k1",6915,"PDE4A",1.34575381137703e-05,NA,NA,NA
"uniform_k1",6916,"CHRNB2",1.93198243616521e-05,NA,NA,NA
"uniform_k1",6917,"NCOA6",0,NA,NA,NA
"uniform_k1",6918,"CMA1",0,NA,NA,NA
"uniform_k1",6919,"XIAP",6.16233323891269e-05,NA,NA,NA
"uniform_k1",6920,"CHRM2",2.51721592002818e-05,NA,NA,NA
"uniform_k1",6921,"PKD2",3.16666038624458e-06,NA,NA,NA
"uniform_k1",6922,"BTK",0.000119272845312435,NA,NA,NA
"uniform_k1",6923,"NEIL1",0,NA,NA,NA
"uniform_k1",6924,"ZEB1",0,NA,NA,NA
"uniform_k1",6925,"ATF7",0.00117103741166447,NA,NA,NA
"uniform_k1",6926,"ATF2",1.14067009802099e-05,NA,NA,NA
"uniform_k1",6927,"SOCS3",1.47020577304646e-05,NA,NA,NA
"uniform_k1",6928,"HTR1A",8.14355352558582e-05,NA,NA,NA
"uniform_k1",6929,"KCNC3",0,NA,NA,NA
"uniform_k1",6930,"TUBB",0.000162866051467092,NA,NA,NA
"uniform_k1",6931,"SIRT3",7.24858712728427e-05,NA,NA,NA
"uniform_k1",6932,"LPCAT2",0,NA,NA,NA
"uniform_k1",6933,"GSTP1",0.0017997845794786,NA,NA,NA
"uniform_k1",6934,"PTGER2",3.0407837517954e-06,NA,NA,NA
"uniform_k1",6935,"CDK2",1.73911829558504e-05,NA,NA,NA
"uniform_k1",6936,"ADA",5.3173443308685e-05,NA,NA,NA
"uniform_k1",6937,"PTH",0.00019439506068486,NA,NA,NA
"uniform_k1",6938,"FSHR",1.23538226016739e-05,NA,NA,NA
"uniform_k1",6939,"THRB",3.80151793299977e-06,NA,NA,NA
"uniform_k1",6940,"NLN",0,NA,NA,NA
"uniform_k1",6941,"METTL3",0,NA,NA,NA
"uniform_k1",6942,"TP53",0.00427693686378816,NA,NA,NA
"uniform_k1",6943,"NPPA",7.28658572474172e-05,NA,NA,NA
"uniform_k1",6944,"PIK3CD",0,NA,NA,NA
"uniform_k1",6945,"KCNA3",7.03184449912797e-06,NA,NA,NA
"uniform_k1",6946,"AKT1",0.00346325271049452,NA,NA,NA
"uniform_k1",6947,"CD44",0.000889730591565385,NA,NA,NA
"uniform_k1",6948,"PTX3",0,NA,NA,NA
"uniform_k1",6949,"PRDX2",0,NA,NA,NA
"uniform_k1",6950,"SLC29A2",0,NA,NA,NA
"uniform_k1",6951,"JAK2",0.000791453142699572,NA,NA,NA
"uniform_k1",6952,"APOB",0.000254184152158166,NA,NA,NA
"uniform_k1",6953,"NISCH",0,NA,NA,NA
"uniform_k1",6954,"LPL",0.000483720734164583,NA,NA,NA
"uniform_k1",6955,"KEAP1",8.90865911317151e-05,NA,NA,NA
"uniform_k1",6956,"DRD2",0.000217393825030943,NA,NA,NA
"uniform_k1",6957,"STXBP1",8.80325064156473e-06,NA,NA,NA
"uniform_k1",6958,"PRKDC",3.48518119952512e-06,NA,NA,NA
"uniform_k1",6959,"CACNA2D2",0,NA,NA,NA
"uniform_k1",6960,"RYR1",8.59077355945814e-05,NA,NA,NA
"uniform_k1",6961,"ABL1",0.000131212002905445,NA,NA,NA
"uniform_k1",6962,"DHCR7",7.41792346372616e-05,NA,NA,NA
"uniform_k1",6963,"LPCAT2",0,NA,NA,NA
"uniform_k1",6964,"PTP4A1",0,NA,NA,NA
"uniform_k1",6965,"RCAN1",0,NA,NA,NA
"uniform_k1",6966,"P2RX4",0,NA,NA,NA
"uniform_k1",6967,"MAP2",5.57507217935349e-06,NA,NA,NA
"uniform_k1",6968,"CACNA2D2",0,NA,NA,NA
"uniform_k1",6969,"FKRP",0,NA,NA,NA
"uniform_k1",6970,"MT-CYB",0.000203007681716216,NA,NA,NA
"uniform_k1",6971,"SLCO1A2",6.33397825744453e-07,NA,NA,NA
"uniform_k1",6972,"RUNX3",2.26216416990832e-05,NA,NA,NA
"uniform_k1",6973,"IL18",2.23696138260676e-05,NA,NA,NA
"uniform_k1",6974,"NQO1",0.000518240501310552,NA,NA,NA
"uniform_k1",6975,"ESR1",0.00102478911944048,NA,NA,NA
"uniform_k1",6976,"CYP1A1",0.000371673359131575,NA,NA,NA
"uniform_k1",6977,"GCA",0.000913104018283151,NA,NA,NA
"uniform_k1",6978,"CACNA1D",0.00017135132572077,NA,NA,NA
"uniform_k1",6979,"EDN1",0.000187385953273167,NA,NA,NA
"uniform_k1",6980,"NOX4",3.0792080655373e-05,NA,NA,NA
"uniform_k1",6981,"GABRA6",0,NA,NA,NA
"uniform_k1",6982,"AGXT2",0.000181321349120078,NA,NA,NA
"uniform_k1",6983,"SLC11A1",0,NA,NA,NA
"uniform_k1",6984,"LGALS1",0,NA,NA,NA
"uniform_k1",6985,"GSTM1",0.000122658682697341,NA,NA,NA
"uniform_k1",6986,"AKT1",0.00346325271049452,NA,NA,NA
"uniform_k1",6987,"CDKN1C",1.58390438897982e-06,NA,NA,NA
"uniform_k1",6988,"MARK4",0,NA,NA,NA
"uniform_k1",6989,"ESRRG",0.00109032893649263,NA,NA,NA
"uniform_k1",6990,"CXCL13",0,NA,NA,NA
"uniform_k1",6991,"MTOR",0.000351853732282081,NA,NA,NA
"uniform_k1",6992,"VEGFC",0,NA,NA,NA
"uniform_k1",6993,"AHSA1",0,NA,NA,NA
"uniform_k1",6994,"CFTR",0.00160265872797649,NA,NA,NA
"uniform_k1",6995,"HDAC10",0,NA,NA,NA
"uniform_k1",6996,"PAPSS1",0,NA,NA,NA
"uniform_k1",6997,"GOT1",5.88174838508371e-05,NA,NA,NA
"uniform_k1",6998,"PLAU",9.12459578450431e-06,NA,NA,NA
"uniform_k1",6999,"TEK",0,NA,NA,NA
"uniform_k1",7000,"HTR3A",8.53896962736966e-05,NA,NA,NA
"uniform_k1",7001,"RAB5A",9.06001518752308e-06,NA,NA,NA
"uniform_k1",7002,"GRIK2",0,NA,NA,NA
"uniform_k1",7003,"GSR",0.00032731672891706,NA,NA,NA
"uniform_k1",7004,"PROC",3.8004925289048e-06,NA,NA,NA
"uniform_k1",7005,"ITPR2",6.33550958140106e-07,NA,NA,NA
"uniform_k1",7006,"PRKCG",2.62982428581582e-05,NA,NA,NA
"uniform_k1",7007,"ATIC",0.0011952594694814,NA,NA,NA
"uniform_k1",7008,"THBD",8.99612495086632e-06,NA,NA,NA
"uniform_k1",7009,"AKR1C2",0,NA,NA,NA
"uniform_k1",7010,"SLC11A2",1.77338485018996e-06,NA,NA,NA
"uniform_k1",7011,"GSK3A",9.50447229808304e-07,NA,NA,NA
"uniform_k1",7012,"DNMT3B",1.03906004091936e-05,NA,NA,NA
"uniform_k1",7013,"XDH",0.000207347108110545,NA,NA,NA
"uniform_k1",7014,"CACNA1A",0.000251442934202317,NA,NA,NA
"uniform_k1",7015,"DDC",2.58462116191627e-05,NA,NA,NA
"uniform_k1",7016,"CHEK2",2.4076159734765e-06,NA,NA,NA
"uniform_k1",7017,"PGRMC1",1.54584083279508e-05,NA,NA,NA
"uniform_k1",7018,"LPCAT1",1.456721531512e-06,NA,NA,NA
"uniform_k1",7019,"KCNH6",1.57066122082883e-05,NA,NA,NA
"uniform_k1",7020,"CACNA1D",0.00017135132572077,NA,NA,NA
"uniform_k1",7021,"CSK",0,NA,NA,NA
"uniform_k1",7022,"SNAI2",6.33686013218338e-07,NA,NA,NA
"uniform_k1",7023,"MMP3",1.90743297472373e-05,NA,NA,NA
"uniform_k1",7024,"S100A13",2.28031262317074e-06,NA,NA,NA
"uniform_k1",7025,"LPCAT1",1.456721531512e-06,NA,NA,NA
"uniform_k1",7026,"GAA",0,NA,NA,NA
"uniform_k1",7027,"RAPGEF4",2.51523475149895e-05,NA,NA,NA
"uniform_k1",7028,"ACTR2",9.50262921906031e-06,NA,NA,NA
"uniform_k1",7029,"CASP6",1.26723751903146e-06,NA,NA,NA
"uniform_k1",7030,"OLR1",0,NA,NA,NA
"uniform_k1",7031,"AGXT2",0.000181321349120078,NA,NA,NA
"uniform_k1",7032,"POLA1",6.90421997273649e-06,NA,NA,NA
"uniform_k1",7033,"CD163",2.80685125135793e-05,NA,NA,NA
"uniform_k1",7034,"CHRNA3",2.85056538062989e-06,NA,NA,NA
"uniform_k1",7035,"CD80",0,NA,NA,NA
"uniform_k1",7036,"CALCA",1.96344956293615e-06,NA,NA,NA
"uniform_k1",7037,"EDN1",0.000187385953273167,NA,NA,NA
"uniform_k1",7038,"CAMK4",1.22274351069818e-05,NA,NA,NA
"uniform_k1",7039,"AMY2B",0,NA,NA,NA
"uniform_k1",7040,"ORM2",0,NA,NA,NA
"uniform_k1",7041,"TEP1",0,NA,NA,NA
"uniform_k1",7042,"APP",0.00112835552814228,NA,NA,NA
"uniform_k1",7043,"VWF",5.62078033525815e-05,NA,NA,NA
"uniform_k1",7044,"TUBA4A",0,NA,NA,NA
"uniform_k1",7045,"PTGFR",3.10411217574469e-06,NA,NA,NA
"uniform_k1",7046,"HNF1A",0.00122815220873107,NA,NA,NA
"uniform_k1",7047,"ABCB11",0,NA,NA,NA
"uniform_k1",7048,"LMNB1",7.2866286621176e-06,NA,NA,NA
"uniform_k1",7049,"ITPR3",1.88839173905775e-05,NA,NA,NA
"uniform_k1",7050,"COMT",0.000258432034107248,NA,NA,NA
"uniform_k1",7051,"GABRQ",0,NA,NA,NA
"uniform_k1",7052,"KCNA3",7.03184449912797e-06,NA,NA,NA
"uniform_k1",7053,"RDH12",1.33642751130036e-05,NA,NA,NA
"uniform_k1",7054,"ACE",0.00145679149577593,NA,NA,NA
"uniform_k1",7055,"LYZ",0,NA,NA,NA
"uniform_k1",7056,"MAPK13",0,NA,NA,NA
"uniform_k1",7057,"CDK8",0,NA,NA,NA
"uniform_k1",7058,"KCNJ14",0,NA,NA,NA
"uniform_k1",7059,"SOAT1",2.72368448894778e-06,NA,NA,NA
"uniform_k1",7060,"COX6B1",0,NA,NA,NA
"uniform_k1",7061,"FABP5",6.2410696410331e-05,NA,NA,NA
"uniform_k1",7062,"AMY1B",0.00114246836222298,NA,NA,NA
"uniform_k1",7063,"SLC1A6",0,NA,NA,NA
"uniform_k1",7064,"SIRT1",0.000506319994551752,NA,NA,NA
"uniform_k1",7065,"GCK",0.000213793988103061,NA,NA,NA
"uniform_k1",7066,"COMT",0.000258432034107248,NA,NA,NA
"uniform_k1",7067,"CYP17A1",3.31356115126358e-05,NA,NA,NA
"uniform_k1",7068,"ELOVL5",0,NA,NA,NA
"uniform_k1",7069,"CCR7",5.06918390497102e-06,NA,NA,NA
"uniform_k1",7070,"ALOX5",1.82447360282945e-05,NA,NA,NA
"uniform_k1",7071,"APOB",0.000254184152158166,NA,NA,NA
"uniform_k1",7072,"GABRQ",0,NA,NA,NA
"uniform_k1",7073,"TUBA1A",1.10247379909723e-05,NA,NA,NA
"uniform_k1",7074,"DLG2",0,NA,NA,NA
"uniform_k1",7075,"SNCA",0.000455106191969867,NA,NA,NA
"uniform_k1",7076,"MITF",2.87659544899732e-05,NA,NA,NA
"uniform_k1",7077,"LEF1",5.06903005115245e-06,NA,NA,NA
"uniform_k1",7078,"INSR",1.12798026006278e-05,NA,NA,NA
"uniform_k1",7079,"PTAFR",0,NA,NA,NA
"uniform_k1",7080,"GOT1",5.88174838508371e-05,NA,NA,NA
"uniform_k1",7081,"RORA",0.00130690437409919,NA,NA,NA
"uniform_k1",7082,"GK",0.000406543096133638,NA,NA,NA
"uniform_k1",7083,"SREBF1",0.000334685132546086,NA,NA,NA
"uniform_k1",7084,"LPL",0.000483720734164583,NA,NA,NA
"uniform_k1",7085,"KCNJ8",1.89387005555819e-05,NA,NA,NA
"uniform_k1",7086,"AURKC",0,NA,NA,NA
"uniform_k1",7087,"TRPM7",0,NA,NA,NA
"uniform_k1",7088,"KCNMB4",0,NA,NA,NA
"uniform_k1",7089,"GOT2",0.00078289580737978,NA,NA,NA
"uniform_k1",7090,"TRPM7",0,NA,NA,NA
"uniform_k1",7091,"CALM1",5.91918174835948e-05,NA,NA,NA
"uniform_k1",7092,"PIK3R1",5.3428249282339e-05,NA,NA,NA
"uniform_k1",7093,"CHRNA2",0,NA,NA,NA
"uniform_k1",7094,"NOS1",0.000381812082027921,NA,NA,NA
"uniform_k1",7095,"THRB",3.80151793299977e-06,NA,NA,NA
"uniform_k1",7096,"HSD3B2",2.44539251612608e-05,NA,NA,NA
"uniform_k1",7097,"SCN1A",4.8526600018195e-05,NA,NA,NA
"uniform_k1",7098,"SREBF1",0.000334685132546086,NA,NA,NA
"uniform_k1",7099,"CS",0.000203624857343709,NA,NA,NA
"uniform_k1",7100,"SPP1",0.000133522093562433,NA,NA,NA
"uniform_k1",7101,"S100A8",5.866975145008e-05,NA,NA,NA
"uniform_k1",7102,"FOXO3",4.79174602721066e-05,NA,NA,NA
"uniform_k1",7103,"SNAI1",9.50644381658705e-07,NA,NA,NA
"uniform_k1",7104,"GABRB1",1.70995530076601e-05,NA,NA,NA
"uniform_k1",7105,"NR1I3",2.35048730797827e-05,NA,NA,NA
"uniform_k1",7106,"GCLM",0,NA,NA,NA
"uniform_k1",7107,"NANOG",9.82225146706206e-06,NA,NA,NA
"uniform_k1",7108,"IL1B",0.000829865649814021,NA,NA,NA
"uniform_k1",7109,"SDHA",0.000611111269984921,NA,NA,NA
"uniform_k1",7110,"GFAP",0.000240332727610593,NA,NA,NA
"uniform_k1",7111,"PTGFR",3.10411217574469e-06,NA,NA,NA
"uniform_k1",7112,"ADRA1A",0,NA,NA,NA
"uniform_k1",7113,"CRTC2",2.09096071963621e-05,NA,NA,NA
"uniform_k1",7114,"HLA-B",6.33520976234259e-07,NA,NA,NA
"uniform_k1",7115,"RHO",0.00017143146028642,NA,NA,NA
"uniform_k1",7116,"LIPG",0,NA,NA,NA
"uniform_k1",7117,"DNAJC5",5.30276407040287e-05,NA,NA,NA
"uniform_k1",7118,"LYZ",0,NA,NA,NA
"uniform_k1",7119,"F2",0.000128821901214549,NA,NA,NA
"uniform_k1",7120,"CACNA1G",7.41987078123341e-05,NA,NA,NA
"uniform_k1",7121,"CD40LG",1.90089891605183e-06,NA,NA,NA
"uniform_k1",7122,"RGN",1.78637354256717e-05,NA,NA,NA
"uniform_k1",7123,"CAMP",0.00129691841056656,NA,NA,NA
"uniform_k1",7124,"TRPC5",4.86789497714524e-05,NA,NA,NA
"uniform_k1",7125,"CHRNA3",2.85056538062989e-06,NA,NA,NA
"uniform_k1",7126,"APOA4",2.27717166977337e-05,NA,NA,NA
"uniform_k1",7127,"ELOVL4",0,NA,NA,NA
"uniform_k1",7128,"PROS1",2.21693788693411e-06,NA,NA,NA
"uniform_k1",7129,"SULT1A1",8.93034087123823e-06,NA,NA,NA
"uniform_k1",7130,"PPARGC1A",0.000942132031227727,NA,NA,NA
"uniform_k1",7131,"IL4",0.000213216805235672,NA,NA,NA
"uniform_k1",7132,"CLEC4E",0,NA,NA,NA
"uniform_k1",7133,"THBD",8.99612495086632e-06,NA,NA,NA
"uniform_k1",7134,"APOM",0,NA,NA,NA
"uniform_k1",7135,"DNMT3B",1.03906004091936e-05,NA,NA,NA
"uniform_k1",7136,"UQCRC1",5.15309632885819e-05,NA,NA,NA
"uniform_k1",7137,"GLO1",4.94041980381166e-06,NA,NA,NA
"uniform_k1",7138,"SLC8A2",0,NA,NA,NA
"uniform_k1",7139,"BHLHE40",0,NA,NA,NA
"uniform_k1",7140,"UQCRC1",5.15309632885819e-05,NA,NA,NA
"uniform_k1",7141,"FBP1",7.28503339286757e-06,NA,NA,NA
"uniform_k1",7142,"DYSF",0.00102310635249714,NA,NA,NA
"uniform_k1",7143,"RORA",0.00130690437409919,NA,NA,NA
"uniform_k1",7144,"DUSP1",0,NA,NA,NA
"uniform_k1",7145,"TRPM4",3.67379046295468e-05,NA,NA,NA
"uniform_k1",7146,"JUN",0.000712792808186147,NA,NA,NA
"uniform_k1",7147,"TRPA1",6.7343185876978e-05,NA,NA,NA
"uniform_k1",7148,"GOT2",0.00078289580737978,NA,NA,NA
"uniform_k1",7149,"DBP",0,NA,NA,NA
"uniform_k1",7150,"CRK",6.33660876869779e-06,NA,NA,NA
"uniform_k1",7151,"AOX1",0.000679762836007236,NA,NA,NA
"uniform_k1",7152,"UGT1A3",1.26699491542759e-06,NA,NA,NA
"uniform_k1",7153,"GSTM2",0,NA,NA,NA
"uniform_k1",7154,"RBP1",1.67206208291359e-05,NA,NA,NA
"uniform_k1",7155,"COL1A1",0.000181222784889745,NA,NA,NA
"uniform_k1",7156,"NPY",0.00200669165182288,NA,NA,NA
"uniform_k1",7157,"STAT3",0.000956982443180987,NA,NA,NA
"uniform_k1",7158,"ALOX12",1.1402958573159e-05,NA,NA,NA
"uniform_k1",7159,"MMP1",6.13390297496963e-05,NA,NA,NA
"uniform_k1",7160,"KCNC3",0,NA,NA,NA
"uniform_k1",7161,"NKX3-1",0,NA,NA,NA
"uniform_k1",7162,"ATP2B3",0,NA,NA,NA
"uniform_k1",7163,"ACTR1A",0.00117031116279964,NA,NA,NA
"uniform_k1",7164,"BHLHE40",0,NA,NA,NA
"uniform_k1",7165,"SCN1A",4.8526600018195e-05,NA,NA,NA
"uniform_k1",7166,"ABCG4",0,NA,NA,NA
"uniform_k1",7167,"CYP27C1",0,NA,NA,NA
"uniform_k1",7168,"GP1BA",3.18056444478243e-05,NA,NA,NA
"uniform_k1",7169,"FASLG",6.21033622971723e-06,NA,NA,NA
"uniform_k1",7170,"UCP2",2.4330049283483e-05,NA,NA,NA
"uniform_k1",7171,"CYP27B1",5.34712469113519e-05,NA,NA,NA
"uniform_k1",7172,"ATF5",6.59972627514716e-05,NA,NA,NA
"uniform_k1",7173,"LTA4H",0,NA,NA,NA
"uniform_k1",7174,"KCNJ6",2.88254911089414e-05,NA,NA,NA
"uniform_k1",7175,"RASA1",5.55702489675181e-05,NA,NA,NA
"uniform_k1",7176,"TH",0.000370274680685401,NA,NA,NA
"uniform_k1",7177,"AKR1C4",0,NA,NA,NA
"uniform_k1",7178,"CBR1",3.06594182049036e-05,NA,NA,NA
"uniform_k1",7179,"NOD2",2.72727341009693e-05,NA,NA,NA
"uniform_k1",7180,"ALOX12",1.1402958573159e-05,NA,NA,NA
"uniform_k1",7181,"FASLG",6.21033622971723e-06,NA,NA,NA
"uniform_k1",7182,"NOS1",0.000381812082027921,NA,NA,NA
"uniform_k1",7183,"STAT5B",1.13440953091182e-05,NA,NA,NA
"uniform_k1",7184,"PTGS1",0.0001138588382259,NA,NA,NA
"uniform_k1",7185,"ITPR2",6.33550958140106e-07,NA,NA,NA
"uniform_k1",7186,"SULT2A1",1.31748566971623e-05,NA,NA,NA
"uniform_k1",7187,"EIF2S1",0.000110140192739028,NA,NA,NA
"uniform_k1",7188,"CA1",4.61079535398756e-05,NA,NA,NA
"uniform_k1",7189,"IL18",2.23696138260676e-05,NA,NA,NA
"uniform_k1",7190,"ADH1B",0,NA,NA,NA
"uniform_k1",7191,"COMT",0.000258432034107248,NA,NA,NA
"uniform_k1",7192,"ATP1A3",0,NA,NA,NA
"uniform_k1",7193,"PKD1",3.50334081220538e-05,NA,NA,NA
"uniform_k1",7194,"TGM2",0,NA,NA,NA
"uniform_k1",7195,"PRKAB2",0,NA,NA,NA
"uniform_k1",7196,"TYR",3.79481492692735e-05,NA,NA,NA
"uniform_k1",7197,"SREBF2",1.69818952083789e-05,NA,NA,NA
"uniform_k1",7198,"LRP5",0,NA,NA,NA
"uniform_k1",7199,"OPRM1",8.74989474437537e-05,NA,NA,NA
"uniform_k1",7200,"HTR1B",2.2171580924546e-06,NA,NA,NA
"uniform_k1",7201,"NFKBIA",5.47616073202084e-05,NA,NA,NA
"uniform_k1",7202,"BMPR2",8.59954951424324e-05,NA,NA,NA
"uniform_k1",7203,"NEDD4L",4.56173481240274e-05,NA,NA,NA
"uniform_k1",7204,"FASN",0.000342772066284303,NA,NA,NA
"uniform_k1",7205,"ADH5",7.50101523409041e-05,NA,NA,NA
"uniform_k1",7206,"F10",1.53928141654047e-05,NA,NA,NA
"uniform_k1",7207,"ESRRB",2.36306737284586e-05,NA,NA,NA
"uniform_k1",7208,"FTCD",1.21257629834837e-05,NA,NA,NA
"uniform_k1",7209,"LIPG",0,NA,NA,NA
"uniform_k1",7210,"CAT",1.06411717700761e-05,NA,NA,NA
"uniform_k1",7211,"HCRTR2",0,NA,NA,NA
"uniform_k1",7212,"TTK",1.26686474088977e-06,NA,NA,NA
"uniform_k1",7213,"CCL2",3.6509767629811e-05,NA,NA,NA
"uniform_k1",7214,"KCNH2",0.000463751185241779,NA,NA,NA
"uniform_k1",7215,"DCK",6.65095605247856e-05,NA,NA,NA
"uniform_k1",7216,"SMAD7",1.26728738392146e-06,NA,NA,NA
"uniform_k1",7217,"TOP2A",1.51432024206866e-05,NA,NA,NA
"uniform_k1",7218,"NNMT",2.43922960370124e-05,NA,NA,NA
"uniform_k1",7219,"SCN2B",0,NA,NA,NA
"uniform_k1",7220,"ALDH1A2",0,NA,NA,NA
"uniform_k1",7221,"DNAJC5",5.30276407040287e-05,NA,NA,NA
"uniform_k1",7222,"RUNX1T1",0,NA,NA,NA
"uniform_k1",7223,"CAPN10",0.000977887184816284,NA,NA,NA
"uniform_k1",7224,"SRC",0.0010396286840485,NA,NA,NA
"uniform_k1",7225,"GGCX",3.08495731728975e-05,NA,NA,NA
"uniform_k1",7226,"IDO1",0.000463661718947295,NA,NA,NA
"uniform_k1",7227,"FOXM1",1.90088265561439e-06,NA,NA,NA
"uniform_k1",7228,"CDKN1A",2.78509173701202e-05,NA,NA,NA
"uniform_k1",7229,"BECN1",8.42248076059482e-05,NA,NA,NA
"uniform_k1",7230,"CTSD",0.000133066364187417,NA,NA,NA
"uniform_k1",7231,"ALDH1A3",0,NA,NA,NA
"uniform_k1",7232,"PLG",0.000475913758970048,NA,NA,NA
"uniform_k1",7233,"ATP1A3",0,NA,NA,NA
"uniform_k1",7234,"ESRRG",0.00109032893649263,NA,NA,NA
"uniform_k1",7235,"RARB",1.39344317841017e-05,NA,NA,NA
"uniform_k1",7236,"GCLM",0,NA,NA,NA
"uniform_k1",7237,"RBL1",0,NA,NA,NA
"uniform_k1",7238,"CYP2D6",2.95879994604009e-05,NA,NA,NA
"uniform_k1",7239,"CTTN",2.99716390974591e-05,NA,NA,NA
"uniform_k1",7240,"XDH",0.000207347108110545,NA,NA,NA
"uniform_k1",7241,"CASQ1",2.53341735867441e-06,NA,NA,NA
"uniform_k1",7242,"VIM",5.2598025607753e-05,NA,NA,NA
"uniform_k1",7243,"NFKB1",0.000211104315194666,NA,NA,NA
"uniform_k1",7244,"AMY2A",0,NA,NA,NA
"uniform_k1",7245,"MAP2K7",3.16786999277063e-06,NA,NA,NA
"uniform_k1",7246,"MAOB",5.4236212515657e-05,NA,NA,NA
"uniform_k1",7247,"HSPA5",0.000228473516780459,NA,NA,NA
"uniform_k1",7248,"CALML5",7.42946995627713e-05,NA,NA,NA
"uniform_k1",7249,"CELF1",0,NA,NA,NA
"uniform_k1",7250,"SRPK2",0,NA,NA,NA
"uniform_k1",7251,"SCN1A",4.8526600018195e-05,NA,NA,NA
"uniform_k1",7252,"IMPDH2",1.60872446202109e-05,NA,NA,NA
"uniform_k1",7253,"CD44",0.000889730591565385,NA,NA,NA
"uniform_k1",7254,"CYP1A1",0.000371673359131575,NA,NA,NA
"uniform_k1",7255,"ORM2",0,NA,NA,NA
"uniform_k1",7256,"CCR6",0,NA,NA,NA
"uniform_k1",7257,"CYP26C1",0,NA,NA,NA
"uniform_k1",7258,"AADAT",3.54591244267066e-06,NA,NA,NA
"uniform_k1",7259,"DNPEP",0,NA,NA,NA
"uniform_k1",7260,"NR3C1",8.7083319149972e-05,NA,NA,NA
"uniform_k1",7261,"COL1A1",0.000181222784889745,NA,NA,NA
"uniform_k1",7262,"INS",0.00437927624027923,NA,NA,NA
"uniform_k1",7263,"FTH1",3.16391560746254e-05,NA,NA,NA
"uniform_k1",7264,"BIRC3",6.3362084734564e-07,NA,NA,NA
"uniform_k1",7265,"F10",1.53928141654047e-05,NA,NA,NA
"uniform_k1",7266,"ATP5F1E",7.91669737976175e-06,NA,NA,NA
"uniform_k1",7267,"ALDH2",5.15659678518299e-05,NA,NA,NA
"uniform_k1",7268,"CMA1",0,NA,NA,NA
"uniform_k1",7269,"ACTBL2",0,NA,NA,NA
"uniform_k1",7270,"TAT",6.1444352762341e-05,NA,NA,NA
"uniform_k1",7271,"STAT1",0.000487010105838959,NA,NA,NA
"uniform_k1",7272,"NPR1",8.07015894644936e-05,NA,NA,NA
"uniform_k1",7273,"MTTP",6.39846903005559e-06,NA,NA,NA
"uniform_k1",7274,"GRIK2",0,NA,NA,NA
"uniform_k1",7275,"ORM1",1.43183478092945e-05,NA,NA,NA
"uniform_k1",7276,"PRDX1",5.7026663956572e-06,NA,NA,NA
"uniform_k1",7277,"RTCB",0,NA,NA,NA
"uniform_k1",7278,"GATM",0.000449150320023683,NA,NA,NA
"uniform_k1",7279,"DRD2",0.000217393825030943,NA,NA,NA
"uniform_k1",7280,"IDE",1.32413576375834e-05,NA,NA,NA
"uniform_k1",7281,"CDKN1B",8.87190608878097e-06,NA,NA,NA
"uniform_k1",7282,"IRF1",0,NA,NA,NA
"uniform_k1",7283,"FGFR2",9.18874357280774e-06,NA,NA,NA
"uniform_k1",7284,"GCK",0.000213793988103061,NA,NA,NA
"uniform_k1",7285,"CXCL2",0,NA,NA,NA
"uniform_k1",7286,"SCARB1",0.000336871406579009,NA,NA,NA
"uniform_k1",7287,"CYP2C8",0,NA,NA,NA
"uniform_k1",7288,"IMPDH2",1.60872446202109e-05,NA,NA,NA
"uniform_k1",7289,"SHMT1",4.44281784347522e-05,NA,NA,NA
"uniform_k1",7290,"SRD5A2",3.08503783238434e-05,NA,NA,NA
"uniform_k1",7291,"CALML3",0,NA,NA,NA
"uniform_k1",7292,"SPI1",3.16810202792839e-05,NA,NA,NA
"uniform_k1",7293,"CXCL8",0.000252410434066541,NA,NA,NA
"uniform_k1",7294,"MMP3",1.90743297472373e-05,NA,NA,NA
"uniform_k1",7295,"CTRB1",3.90273843604572e-05,NA,NA,NA
"uniform_k1",7296,"CYP2C9",0.000117781048131316,NA,NA,NA
"uniform_k1",7297,"SIRT3",7.24858712728427e-05,NA,NA,NA
"uniform_k1",7298,"TP73",6.33561354046464e-07,NA,NA,NA
"uniform_k1",7299,"HK2",0.000296209764147126,NA,NA,NA
"uniform_k1",7300,"KCNA1",1.36823220714399e-05,NA,NA,NA
"uniform_k1",7301,"SSTR5",0,NA,NA,NA
"uniform_k1",7302,"PPT1",8.42388961930229e-06,NA,NA,NA
"uniform_k1",7303,"HTR2A",4.49190304361302e-05,NA,NA,NA
"uniform_k1",7304,"PARP1",0.000202075672702362,NA,NA,NA
"uniform_k1",7305,"HSPB1",6.97066364507837e-06,NA,NA,NA
"uniform_k1",7306,"LIPG",0,NA,NA,NA
"uniform_k1",7307,"RYR2",4.78345186669671e-05,NA,NA,NA
"uniform_k1",7308,"ACTR2",9.50262921906031e-06,NA,NA,NA
"uniform_k1",7309,"ABCG5",4.53604007359942e-05,NA,NA,NA
"uniform_k1",7310,"SOAT1",2.72368448894778e-06,NA,NA,NA
"uniform_k1",7311,"S100A8",5.866975145008e-05,NA,NA,NA
"uniform_k1",7312,"LYN",0.000110145713016818,NA,NA,NA
"uniform_k1",7313,"ACACB",1.55840957074549e-05,NA,NA,NA
"uniform_k1",7314,"TNFAIP6",4.94186435140431e-06,NA,NA,NA
"uniform_k1",7315,"HTR1D",0,NA,NA,NA
"uniform_k1",7316,"SLC2A1",0.000140046836469954,NA,NA,NA
"uniform_k1",7317,"SOD2",0.000296172336680667,NA,NA,NA
"uniform_k1",7318,"KCNQ2",0.000154321192943452,NA,NA,NA
"uniform_k1",7319,"POLE4",6.33352637668949e-07,NA,NA,NA
"uniform_k1",7320,"TYRP1",6.65147512002306e-06,NA,NA,NA
"uniform_k1",7321,"MAP3K5",7.04706361130958e-05,NA,NA,NA
"uniform_k1",7322,"RUNX1T1",0,NA,NA,NA
"uniform_k1",7323,"SMAD1",0,NA,NA,NA
"uniform_k1",7324,"CXCL13",0,NA,NA,NA
"uniform_k1",7325,"HDAC11",2.40710719945358e-06,NA,NA,NA
"uniform_k1",7326,"GRIK1",0,NA,NA,NA
"uniform_k1",7327,"KIT",0.000262263529464124,NA,NA,NA
"uniform_k1",7328,"UQCRC1",5.15309632885819e-05,NA,NA,NA
"uniform_k1",7329,"PDE4A",1.34575381137703e-05,NA,NA,NA
"uniform_k1",7330,"PDE4B",1.76110095406745e-05,NA,NA,NA
"uniform_k1",7331,"ADRB3",5.25856990074569e-06,NA,NA,NA
"uniform_k1",7332,"MYD88",9.12615367376635e-06,NA,NA,NA
"uniform_k1",7333,"RARB",1.39344317841017e-05,NA,NA,NA
"uniform_k1",7334,"NCOA2",3.54820525111377e-05,NA,NA,NA
"uniform_k1",7335,"SNCA",0.000455106191969867,NA,NA,NA
"uniform_k1",7336,"PTGDR2",6.33406652128521e-07,NA,NA,NA
"uniform_k1",7337,"SLC1A3",2.4134429150835e-05,NA,NA,NA
"uniform_k1",7338,"SCN5A",0.000167082927235662,NA,NA,NA
"uniform_k1",7339,"RAPGEF4",2.51523475149895e-05,NA,NA,NA
"uniform_k1",7340,"AQP9",0,NA,NA,NA
"uniform_k1",7341,"CACNG3",0,NA,NA,NA
"uniform_k1",7342,"CRTC2",2.09096071963621e-05,NA,NA,NA
"uniform_k1",7343,"DUOXA1",0,NA,NA,NA
"uniform_k1",7344,"CAMK2G",0,NA,NA,NA
"uniform_k1",7345,"SELE",1.58407098771463e-06,NA,NA,NA
"uniform_k1",7346,"CDK1",0.000268330391133942,NA,NA,NA
"uniform_k1",7347,"UQCRC1",5.15309632885819e-05,NA,NA,NA
"uniform_k1",7348,"AXIN1",1.08355886352385e-05,NA,NA,NA
"uniform_k1",7349,"PGRMC1",1.54584083279508e-05,NA,NA,NA
"uniform_k1",7350,"ALDOA",1.76112505224646e-05,NA,NA,NA
"uniform_k1",7351,"CACNA2D2",0,NA,NA,NA
"uniform_k1",7352,"HDAC7",6.01926074750292e-06,NA,NA,NA
"uniform_k1",7353,"RIPK1",9.50457768944535e-06,NA,NA,NA
"uniform_k1",7354,"SREBF2",1.69818952083789e-05,NA,NA,NA
"uniform_k1",7355,"COMT",0.000258432034107248,NA,NA,NA
"uniform_k1",7356,"BGLAP",0.000139973984731978,NA,NA,NA
"uniform_k1",7357,"SNAI1",9.50644381658705e-07,NA,NA,NA
"uniform_k1",7358,"LGALS3",1.90104129516033e-06,NA,NA,NA
"uniform_k1",7359,"ACP1",0,NA,NA,NA
"uniform_k1",7360,"SLC5A5",3.67365014874999e-06,NA,NA,NA
"uniform_k1",7361,"FBP1",7.28503339286757e-06,NA,NA,NA
"uniform_k1",7362,"CYB5A",5.4039383747595e-05,NA,NA,NA
"uniform_k1",7363,"POU5F1",3.4853680447311e-06,NA,NA,NA
"uniform_k1",7364,"CPT1A",1.49157660161992e-05,NA,NA,NA
"uniform_k1",7365,"MAP2K7",3.16786999277063e-06,NA,NA,NA
"uniform_k1",7366,"EGF",0.000230000691015642,NA,NA,NA
"uniform_k1",7367,"AHSA1",0,NA,NA,NA
"uniform_k1",7368,"CEBPA",7.73820750388232e-05,NA,NA,NA
"uniform_k1",7369,"MUC5AC",6.33425870422144e-07,NA,NA,NA
"uniform_k1",7370,"ACADM",0.000194896326079275,NA,NA,NA
"uniform_k1",7371,"TGFB1",0.000170827591538192,NA,NA,NA
"uniform_k1",7372,"AGT",0.000967403269813816,NA,NA,NA
"uniform_k1",7373,"SYP",2.45220699257587e-05,NA,NA,NA
"uniform_k1",7374,"CD36",0.000286748685116911,NA,NA,NA
"uniform_k1",7375,"CEBPA",7.73820750388232e-05,NA,NA,NA
"uniform_k1",7376,"ALAS1",5.9411598420489e-05,NA,NA,NA
"uniform_k1",7377,"KIT",0.000262263529464124,NA,NA,NA
"uniform_k1",7378,"FKBP1A",0.000367396925605612,NA,NA,NA
"uniform_k1",7379,"TNF",0.00134281467430086,NA,NA,NA
"uniform_k1",7380,"LCP1",0.00205551981329799,NA,NA,NA
"uniform_k1",7381,"CCK",1.36890006087187e-05,NA,NA,NA
"uniform_k1",7382,"NCF2",1.00748274538542e-05,NA,NA,NA
"uniform_k1",7383,"UGT2B4",1.61543980341516e-05,NA,NA,NA
"uniform_k1",7384,"IL5",0,NA,NA,NA
"uniform_k1",7385,"UGT2B28",0,NA,NA,NA
"uniform_k1",7386,"SIGMAR1",0.000141138269685426,NA,NA,NA
"uniform_k1",7387,"TFEB",4.43464879762434e-06,NA,NA,NA
"uniform_k1",7388,"IL1B",0.000829865649814021,NA,NA,NA
"uniform_k1",7389,"GAA",0,NA,NA,NA
"uniform_k1",7390,"CXCL8",0.000252410434066541,NA,NA,NA
"uniform_k1",7391,"CPT1C",0,NA,NA,NA
"uniform_k1",7392,"CYP11B1",0,NA,NA,NA
"uniform_k1",7393,"RBP1",1.67206208291359e-05,NA,NA,NA
"uniform_k1",7394,"GP6",2.19854467736758e-05,NA,NA,NA
"uniform_k1",7395,"PPARA",0.00137693094911007,NA,NA,NA
"uniform_k1",7396,"SLCO1A2",6.33397825744453e-07,NA,NA,NA
"uniform_k1",7397,"SQLE",9.90930470378126e-05,NA,NA,NA
"uniform_k1",7398,"FDPS",0,NA,NA,NA
"uniform_k1",7399,"CD86",0,NA,NA,NA
"uniform_k1",7400,"DKK1",0,NA,NA,NA
"uniform_k1",7401,"PDK1",0,NA,NA,NA
"uniform_k1",7402,"ALOX5",1.82447360282945e-05,NA,NA,NA
"uniform_k1",7403,"CASR",1.85576382838448e-05,NA,NA,NA
"uniform_k1",7404,"MTTP",6.39846903005559e-06,NA,NA,NA
"uniform_k1",7405,"MAP2",5.57507217935349e-06,NA,NA,NA
"uniform_k1",7406,"ESRRB",2.36306737284586e-05,NA,NA,NA
"uniform_k1",7407,"CYP27B1",5.34712469113519e-05,NA,NA,NA
"uniform_k1",7408,"LTA4H",0,NA,NA,NA
"uniform_k1",7409,"SLC47A1",0,NA,NA,NA
"uniform_k1",7410,"CLDN5",3.48460731747213e-06,NA,NA,NA
"uniform_k1",7411,"MAP1LC3B",8.68078161708752e-06,NA,NA,NA
"uniform_k1",7412,"PTAFR",0,NA,NA,NA
"uniform_k1",7413,"NLN",0,NA,NA,NA
"uniform_k1",7414,"POLE",6.84091707048307e-06,NA,NA,NA
"uniform_k1",7415,"CYP2A6",0.000367474741212792,NA,NA,NA
"uniform_k1",7416,"POLA1",6.90421997273649e-06,NA,NA,NA
"uniform_k1",7417,"HMGCR",0.000154038156850445,NA,NA,NA
"uniform_k1",7418,"GRIN1",6.96987215653699e-06,NA,NA,NA
"uniform_k1",7419,"FABP5",6.2410696410331e-05,NA,NA,NA
"uniform_k1",7420,"GABRA1",0.000512519672648093,NA,NA,NA
"uniform_k1",7421,"TIMP1",6.97061284626876e-06,NA,NA,NA
"uniform_k1",7422,"CCK",1.36890006087187e-05,NA,NA,NA
"uniform_k1",7423,"ITPR1",0.000202309527979283,NA,NA,NA
"uniform_k1",7424,"REN",0.000113239453789604,NA,NA,NA
"uniform_k1",7425,"SOAT1",2.72368448894778e-06,NA,NA,NA
"uniform_k1",7426,"TRPM4",3.67379046295468e-05,NA,NA,NA
"uniform_k1",7427,"METTL3",0,NA,NA,NA
"uniform_k1",7428,"CDH5",6.33662563265247e-06,NA,NA,NA
"uniform_k1",7429,"KIT",0.000262263529464124,NA,NA,NA
"uniform_k1",7430,"DGAT1",0.000583801314570143,NA,NA,NA
"uniform_k1",7431,"HNF4A",0.000115908516808982,NA,NA,NA
"uniform_k1",7432,"GJA1",0.000128446445619601,NA,NA,NA
"uniform_k1",7433,"GPD1",0,NA,NA,NA
"uniform_k1",7434,"CYP2D6",2.95879994604009e-05,NA,NA,NA
"uniform_k1",7435,"FKRP",0,NA,NA,NA
"uniform_k1",7436,"ITPR1",0.000202309527979283,NA,NA,NA
"uniform_k1",7437,"GABRD",9.49995296650741e-07,NA,NA,NA
"uniform_k1",7438,"ABAT",2.2801866788047e-06,NA,NA,NA
"uniform_k1",7439,"SHANK1",1.22897159903212e-05,NA,NA,NA
"uniform_k1",7440,"ELK1",0,NA,NA,NA
"uniform_k1",7441,"CCNB1",1.05829380095956e-05,NA,NA,NA
"uniform_k1",7442,"HGF",0,NA,NA,NA
"uniform_k1",7443,"SCN11A",4.43375248559974e-06,NA,NA,NA
"uniform_k1",7444,"FSHR",1.23538226016739e-05,NA,NA,NA
"uniform_k1",7445,"EREG",0,NA,NA,NA
"uniform_k1",7446,"CYBA",0,NA,NA,NA
"uniform_k1",7447,"ADH1B",0,NA,NA,NA
"uniform_k1",7448,"HDAC8",0,NA,NA,NA
"uniform_k1",7449,"GSTM1",0.000122658682697341,NA,NA,NA
"uniform_k1",7450,"LPCAT1",1.456721531512e-06,NA,NA,NA
"uniform_k1",7451,"AIMP2",0,NA,NA,NA
"uniform_k1",7452,"ZEB2",0,NA,NA,NA
"uniform_k1",7453,"SRD5A2",3.08503783238434e-05,NA,NA,NA
"uniform_k1",7454,"SLC6A4",7.25412905625555e-05,NA,NA,NA
"uniform_k1",7455,"GPD1",0,NA,NA,NA
"uniform_k1",7456,"KCNQ2",0.000154321192943452,NA,NA,NA
"uniform_k1",7457,"CREB1",0.000475073453506725,NA,NA,NA
"uniform_k1",7458,"MDM2",4.86757533122439e-05,NA,NA,NA
"uniform_k1",7459,"CYP24A1",2.95788072831593e-05,NA,NA,NA
"uniform_k1",7460,"NR3C2",1.6726748852447e-05,NA,NA,NA
"uniform_k1",7461,"SRPK2",0,NA,NA,NA
"uniform_k1",7462,"CDKN1C",1.58390438897982e-06,NA,NA,NA
"uniform_k1",7463,"CALR",4.38793673526172e-05,NA,NA,NA
"uniform_k1",7464,"TPO",1.92561135294866e-05,NA,NA,NA
"uniform_k1",7465,"CDKN1A",2.78509173701202e-05,NA,NA,NA
"uniform_k1",7466,"SOX9",0.000102527928081186,NA,NA,NA
"uniform_k1",7467,"CDC25A",1.90080256301517e-06,NA,NA,NA
"uniform_k1",7468,"CACNG6",0,NA,NA,NA
"uniform_k1",7469,"ACTR1A",0.00117031116279964,NA,NA,NA
"uniform_k1",7470,"SOCS3",1.47020577304646e-05,NA,NA,NA
"uniform_k1",7471,"HIF1A",0.000545020548238462,NA,NA,NA
"uniform_k1",7472,"AFP",5.4874124395865e-05,NA,NA,NA
"uniform_k1",7473,"DBH",9.818852931609e-06,NA,NA,NA
"uniform_k1",7474,"CHRNB2",1.93198243616521e-05,NA,NA,NA
"uniform_k1",7475,"UGT1A9",0,NA,NA,NA
"uniform_k1",7476,"RTCB",0,NA,NA,NA
"uniform_k1",7477,"CCL22",0,NA,NA,NA
"uniform_k1",7478,"CHRNA2",0,NA,NA,NA
"uniform_k1",7479,"KCND1",0,NA,NA,NA
"uniform_k1",7480,"MAP2K7",3.16786999277063e-06,NA,NA,NA
"uniform_k1",7481,"PAPSS2",2.08994383624761e-05,NA,NA,NA
"uniform_k1",7482,"UQCRC1",5.15309632885819e-05,NA,NA,NA
"uniform_k1",7483,"BIRC3",6.3362084734564e-07,NA,NA,NA
"uniform_k1",7484,"KCNH7",0,NA,NA,NA
"uniform_k1",7485,"BAK1",0,NA,NA,NA
"uniform_k1",7486,"KCNJ9",0,NA,NA,NA
"uniform_k1",7487,"CRTC1",0,NA,NA,NA
"uniform_k1",7488,"PLA2G4A",0.000158908171599248,NA,NA,NA
"uniform_k1",7489,"CDK8",0,NA,NA,NA
"uniform_k1",7490,"PAPSS2",2.08994383624761e-05,NA,NA,NA
"uniform_k1",7491,"MDH2",0.000134051798597046,NA,NA,NA
"uniform_k1",7492,"PTGFR",3.10411217574469e-06,NA,NA,NA
"uniform_k1",7493,"APP",0.00112835552814228,NA,NA,NA
"uniform_k1",7494,"DGKD",3.99034614917415e-06,NA,NA,NA
"uniform_k1",7495,"AGXT",0.000106059050095864,NA,NA,NA
"uniform_k1",7496,"BIRC2",2.53453445775431e-06,NA,NA,NA
"uniform_k1",7497,"FCER1A",0,NA,NA,NA
"uniform_k1",7498,"CAMLG",0,NA,NA,NA
"uniform_k1",7499,"RARG",0,NA,NA,NA
"uniform_k1",7500,"ALAS1",5.9411598420489e-05,NA,NA,NA
"uniform_k1",7501,"GRIA1",1.90084712514693e-06,NA,NA,NA
"uniform_k1",7502,"BDNF",0.000792185293056469,NA,NA,NA
"uniform_k1",7503,"CCK",1.36890006087187e-05,NA,NA,NA
"uniform_k1",7504,"CCNB1",1.05829380095956e-05,NA,NA,NA
"uniform_k1",7505,"TYRP1",6.65147512002306e-06,NA,NA,NA
"uniform_k1",7506,"NPY",0.00200669165182288,NA,NA,NA
"uniform_k1",7507,"CYP27B1",5.34712469113519e-05,NA,NA,NA
"uniform_k1",7508,"MCL1",1.67940085561424e-05,NA,NA,NA
"uniform_k1",7509,"ADH5",7.50101523409041e-05,NA,NA,NA
"uniform_k1",7510,"PRKCI",0,NA,NA,NA
"uniform_k1",7511,"TFEB",4.43464879762434e-06,NA,NA,NA
"uniform_k1",7512,"SPP1",0.000133522093562433,NA,NA,NA
"uniform_k1",7513,"REN",0.000113239453789604,NA,NA,NA
"uniform_k1",7514,"FSHR",1.23538226016739e-05,NA,NA,NA
"uniform_k1",7515,"CASP8",8.23939107075233e-06,NA,NA,NA
"uniform_k1",7516,"FEN1",1.98912329634204e-05,NA,NA,NA
"uniform_k1",7517,"PDE5A",1.15913843198312e-05,NA,NA,NA
"uniform_k1",7518,"ACAA2",8.36077927990342e-06,NA,NA,NA
"uniform_k1",7519,"CP",4.75143862451732e-05,NA,NA,NA
"uniform_k1",7520,"AHSA1",0,NA,NA,NA
"uniform_k1",7521,"CDH1",0.000350253039747228,NA,NA,NA
"uniform_k1",7522,"RDH12",1.33642751130036e-05,NA,NA,NA
"uniform_k1",7523,"GRIA1",1.90084712514693e-06,NA,NA,NA
"uniform_k1",7524,"FGFR2",9.18874357280774e-06,NA,NA,NA
"uniform_k1",7525,"CD55",7.47448208604506e-06,NA,NA,NA
"uniform_k1",7526,"RTCB",0,NA,NA,NA
"uniform_k1",7527,"NKX3-1",0,NA,NA,NA
"uniform_k1",7528,"GRIN2A",0.000361526992004202,NA,NA,NA
"uniform_k1",7529,"PROC",3.8004925289048e-06,NA,NA,NA
"uniform_k1",7530,"NCF4",0,NA,NA,NA
"uniform_k1",7531,"UGT1A3",1.26699491542759e-06,NA,NA,NA
"uniform_k1",7532,"PROS1",2.21693788693411e-06,NA,NA,NA
"uniform_k1",7533,"HDAC4",8.23760862456169e-06,NA,NA,NA
"uniform_k1",7534,"OPRM1",8.74989474437537e-05,NA,NA,NA
"uniform_k1",7535,"TNFRSF1A",1.26749186291075e-05,NA,NA,NA
"uniform_k1",7536,"HLA-B",6.33520976234259e-07,NA,NA,NA
"uniform_k1",7537,"ABCC2",6.29649746844985e-05,NA,NA,NA
"uniform_k1",7538,"ZEB2",0,NA,NA,NA
"uniform_k1",7539,"GOT1",5.88174838508371e-05,NA,NA,NA
"uniform_k1",7540,"ACTR1B",0,NA,NA,NA
"uniform_k1",7541,"ELK1",0,NA,NA,NA
"uniform_k1",7542,"MDM2",4.86757533122439e-05,NA,NA,NA
"uniform_k1",7543,"PRKCG",2.62982428581582e-05,NA,NA,NA
"uniform_k1",7544,"FABP3",6.33463026478154e-07,NA,NA,NA
"uniform_k1",7545,"NANOG",9.82225146706206e-06,NA,NA,NA
"uniform_k1",7546,"KCNH2",0.000463751185241779,NA,NA,NA
"uniform_k1",7547,"MAP3K5",7.04706361130958e-05,NA,NA,NA
"uniform_k1",7548,"BCL2",0.00028337947071766,NA,NA,NA
"uniform_k1",7549,"AGT",0.000967403269813816,NA,NA,NA
"uniform_k1",7550,"EGR1",5.67823039951953e-05,NA,NA,NA
"uniform_k1",7551,"CD44",0.000889730591565385,NA,NA,NA
"uniform_k1",7552,"SLC29A1",0.00102903201870796,NA,NA,NA
"uniform_k1",7553,"CRTC1",0,NA,NA,NA
"uniform_k1",7554,"NTRK2",0.000178668928783821,NA,NA,NA
"uniform_k1",7555,"OPRM1",8.74989474437537e-05,NA,NA,NA
"uniform_k1",7556,"TLR2",1.15981297473811e-05,NA,NA,NA
"uniform_k1",7557,"TBK1",8.23758983270473e-06,NA,NA,NA
"uniform_k1",7558,"CD80",0,NA,NA,NA
"uniform_k1",7559,"BAX",8.97923976903581e-05,NA,NA,NA
"uniform_k1",7560,"PTGES2",2.81266331965124e-05,NA,NA,NA
"uniform_k1",7561,"RXRG",0,NA,NA,NA
"uniform_k1",7562,"ARRDC3",6.33407013395093e-07,NA,NA,NA
"uniform_k1",7563,"TUBB4A",0,NA,NA,NA
"uniform_k1",7564,"ADRA1B",0,NA,NA,NA
"uniform_k1",7565,"PDE1B",3.71225818049936e-05,NA,NA,NA
"uniform_k1",7566,"CACNB4",5.59340801313812e-05,NA,NA,NA
"uniform_k1",7567,"ACTG2",0,NA,NA,NA
"uniform_k1",7568,"COX6A2",0,NA,NA,NA
"uniform_k1",7569,"SMAD1",0,NA,NA,NA
"uniform_k1",7570,"PCOLCE",0,NA,NA,NA
"uniform_k1",7571,"SIRT3",7.24858712728427e-05,NA,NA,NA
"uniform_k1",7572,"GABRE",0,NA,NA,NA
"uniform_k1",7573,"SYK",5.32926492629038e-05,NA,NA,NA
"uniform_k1",7574,"IL36B",0,NA,NA,NA
"uniform_k1",7575,"RARB",1.39344317841017e-05,NA,NA,NA
"uniform_k1",7576,"ABCB1",2.07166464523123e-05,NA,NA,NA
"uniform_k1",7577,"ABCG4",0,NA,NA,NA
"uniform_k1",7578,"ACTR1A",0.00117031116279964,NA,NA,NA
"uniform_k1",7579,"FABP3",6.33463026478154e-07,NA,NA,NA
"uniform_k1",7580,"PNP",0.000105291533052498,NA,NA,NA
"uniform_k1",7581,"GABRB2",0,NA,NA,NA
"uniform_k1",7582,"DNMT3B",1.03906004091936e-05,NA,NA,NA
"uniform_k1",7583,"ARRB2",0.0018446708322335,NA,NA,NA
"uniform_k1",7584,"BAD",6.33634698421481e-06,NA,NA,NA
"uniform_k1",7585,"TPO",1.92561135294866e-05,NA,NA,NA
"uniform_k1",7586,"CASP8",8.23939107075233e-06,NA,NA,NA
"uniform_k1",7587,"CREB1",0.000475073453506725,NA,NA,NA
"uniform_k1",7588,"DCK",6.65095605247856e-05,NA,NA,NA
"uniform_k1",7589,"PTPN1",3.86549374464806e-06,NA,NA,NA
"uniform_k1",7590,"PTGER4",5.57531554357116e-06,NA,NA,NA
"uniform_k1",7591,"XPO1",1.66633213304346e-05,NA,NA,NA
"uniform_k1",7592,"MAPK9",3.16862262561557e-06,NA,NA,NA
"uniform_k1",7593,"ADRB2",0.000148693401879507,NA,NA,NA
"uniform_k1",7594,"RETSAT",0,NA,NA,NA
"uniform_k1",7595,"MARK4",0,NA,NA,NA
"uniform_k1",7596,"FKRP",0,NA,NA,NA
"uniform_k1",7597,"LBP",1.90061939919772e-06,NA,NA,NA
"uniform_k1",7598,"EIF4G1",1.23532645966984e-05,NA,NA,NA
"uniform_k1",7599,"CHUK",1.55270045979483e-05,NA,NA,NA
"uniform_k1",7600,"CEBPA",7.73820750388232e-05,NA,NA,NA
"uniform_k1",7601,"ACP1",0,NA,NA,NA
"uniform_k1",7602,"SRI",0,NA,NA,NA
"uniform_k1",7603,"PTGIS",1.23522684530863e-05,NA,NA,NA
"uniform_k1",7604,"MAP1LC3A",0,NA,NA,NA
"uniform_k1",7605,"TNFRSF10B",0,NA,NA,NA
"uniform_k1",7606,"AGT",0.000967403269813816,NA,NA,NA
"uniform_k1",7607,"CACNG1",0,NA,NA,NA
"uniform_k1",7608,"LTA4H",0,NA,NA,NA
"uniform_k1",7609,"NCOA2",3.54820525111377e-05,NA,NA,NA
"uniform_k1",7610,"GABRA1",0.000512519672648093,NA,NA,NA
"uniform_k1",7611,"VWF",5.62078033525815e-05,NA,NA,NA
"uniform_k1",7612,"CD80",0,NA,NA,NA
"uniform_k1",7613,"ADORA1",2.74909074123864e-05,NA,NA,NA
"uniform_k1",7614,"GP1BA",3.18056444478243e-05,NA,NA,NA
"uniform_k1",7615,"ADORA2A",0.00134091820301629,NA,NA,NA
"uniform_k1",7616,"TTK",1.26686474088977e-06,NA,NA,NA
"uniform_k1",7617,"DDIT3",5.44896803789108e-06,NA,NA,NA
"uniform_k1",7618,"CACNG3",0,NA,NA,NA
"uniform_k1",7619,"VTN",6.33650236725458e-07,NA,NA,NA
"uniform_k1",7620,"CYBB",6.42615564472315e-05,NA,NA,NA
"uniform_k1",7621,"STAT3",0.000956982443180987,NA,NA,NA
"uniform_k1",7622,"DUOXA1",0,NA,NA,NA
"uniform_k1",7623,"ACE2",6.17806475236016e-05,NA,NA,NA
"uniform_k1",7624,"HNRNPA1",0.0011965986405017,NA,NA,NA
"uniform_k1",7625,"DBP",0,NA,NA,NA
"uniform_k1",7626,"BMP2",1.27361599282505e-05,NA,NA,NA
"uniform_k1",7627,"ABCC2",6.29649746844985e-05,NA,NA,NA
"uniform_k1",7628,"FOXP3",1.50821877838991e-05,NA,NA,NA
"uniform_k1",7629,"RUNX1T1",0,NA,NA,NA
"uniform_k1",7630,"GRIN2B",0.000317728868907574,NA,NA,NA
"uniform_k1",7631,"PDE2A",0,NA,NA,NA
"uniform_k1",7632,"PTAFR",0,NA,NA,NA
"uniform_k1",7633,"CCND1",0.000116503278948743,NA,NA,NA
"uniform_k1",7634,"ADRA2C",1.26052450867276e-05,NA,NA,NA
"uniform_k1",7635,"TAT",6.1444352762341e-05,NA,NA,NA
"uniform_k1",7636,"IGF1R",3.6000843736117e-05,NA,NA,NA
"uniform_k1",7637,"CATSPER1",0,NA,NA,NA
"uniform_k1",7638,"POLDIP2",0,NA,NA,NA
"uniform_k1",7639,"CYP21A2",0,NA,NA,NA
"uniform_k1",7640,"DDB1",2.07812890326009e-05,NA,NA,NA
"uniform_k1",7641,"PDE5A",1.15913843198312e-05,NA,NA,NA
"uniform_k1",7642,"BCHE",1.59661831168334e-05,NA,NA,NA
"uniform_k1",7643,"CAMKK2",3.48444593978314e-06,NA,NA,NA
"uniform_k1",7644,"CDH5",6.33662563265247e-06,NA,NA,NA
"uniform_k1",7645,"UGT2B4",1.61543980341516e-05,NA,NA,NA
"uniform_k1",7646,"CACNB1",0,NA,NA,NA
"uniform_k1",7647,"KCNJ1",8.80361918675909e-06,NA,NA,NA
"uniform_k1",7648,"AHSA1",0,NA,NA,NA
"uniform_k1",7649,"ABCC2",6.29649746844985e-05,NA,NA,NA
"uniform_k1",7650,"ALB",0.00274688176313465,NA,NA,NA
"uniform_k1",7651,"PNRC2",0,NA,NA,NA
"uniform_k1",7652,"PTGFR",3.10411217574469e-06,NA,NA,NA
"uniform_k1",7653,"FOSL2",0,NA,NA,NA
"uniform_k1",7654,"FOS",0.000387693900821828,NA,NA,NA
"uniform_k1",7655,"SLC29A2",0,NA,NA,NA
"uniform_k1",7656,"PLEK",3.16787882370662e-06,NA,NA,NA
"uniform_k1",7657,"KCNJ8",1.89387005555819e-05,NA,NA,NA
"uniform_k1",7658,"YAP1",2.37641275353528e-05,NA,NA,NA
"uniform_k1",7659,"ANO1",0,NA,NA,NA
"uniform_k1",7660,"CYP1B1",1.26701867375623e-06,NA,NA,NA
"uniform_k1",7661,"CASP1",0.00024876408303065,NA,NA,NA
"uniform_k1",7662,"DNMT1",4.56882288469851e-05,NA,NA,NA
"uniform_k1",7663,"SCN4B",6.14500670026441e-06,NA,NA,NA
"uniform_k1",7664,"DAO",0,NA,NA,NA
"uniform_k1",7665,"CXCL1",0,NA,NA,NA
"uniform_k1",7666,"HDAC10",0,NA,NA,NA
"uniform_k1",7667,"ACADM",0.000194896326079275,NA,NA,NA
"uniform_k1",7668,"PDK1",0,NA,NA,NA
"uniform_k1",7669,"AXL",2.56876487623181e-05,NA,NA,NA
"uniform_k1",7670,"CACNG6",0,NA,NA,NA
"uniform_k1",7671,"CDKN1B",8.87190608878097e-06,NA,NA,NA
"uniform_k1",7672,"CDK8",0,NA,NA,NA
"uniform_k1",7673,"CASP8",8.23939107075233e-06,NA,NA,NA
"uniform_k1",7674,"ALDH2",5.15659678518299e-05,NA,NA,NA
"uniform_k1",7675,"SDHA",0.000611111269984921,NA,NA,NA
"uniform_k1",7676,"FTH1",3.16391560746254e-05,NA,NA,NA
"uniform_k1",7677,"CYP7B1",5.06699999092142e-06,NA,NA,NA
"uniform_k1",7678,"SYP",2.45220699257587e-05,NA,NA,NA
"uniform_k1",7679,"CXCL8",0.000252410434066541,NA,NA,NA
"uniform_k1",7680,"AASS",1.96337880520314e-06,NA,NA,NA
"uniform_k1",7681,"ADH6",4.11775851749674e-06,NA,NA,NA
"uniform_k1",7682,"CYP11A1",1.84332824758604e-05,NA,NA,NA
"uniform_k1",7683,"COL11A2",7.28347388034845e-06,NA,NA,NA
"uniform_k1",7684,"FURIN",9.05415850372959e-05,NA,NA,NA
"uniform_k1",7685,"DMP1",0,NA,NA,NA
"uniform_k1",7686,"RASSF1",1.82470571705728e-05,NA,NA,NA
"uniform_k1",7687,"OAZ1",0,NA,NA,NA
"uniform_k1",7688,"GPBAR1",0.00120167517532488,NA,NA,NA
"uniform_k1",7689,"MRC1",0,NA,NA,NA
"uniform_k1",7690,"ACSL1",4.92269468655993e-05,NA,NA,NA
"uniform_k1",7691,"SLC47A1",0,NA,NA,NA
"uniform_k1",7692,"GABRG3",0,NA,NA,NA
"uniform_k1",7693,"ADORA2A",0.00134091820301629,NA,NA,NA
"uniform_k1",7694,"ACTG2",0,NA,NA,NA
"uniform_k1",7695,"PDE4B",1.76110095406745e-05,NA,NA,NA
"uniform_k1",7696,"CDK2",1.73911829558504e-05,NA,NA,NA
"uniform_k1",7697,"GCLM",0,NA,NA,NA
"uniform_k1",7698,"MGST1",0,NA,NA,NA
"uniform_k1",7699,"DBH",9.818852931609e-06,NA,NA,NA
"uniform_k1",7700,"RAB5A",9.06001518752308e-06,NA,NA,NA
"uniform_k1",7701,"IL5",0,NA,NA,NA
"uniform_k1",7702,"CD80",0,NA,NA,NA
"uniform_k1",7703,"MAP3K7",0.000279295362734966,NA,NA,NA
"uniform_k1",7704,"KCND1",0,NA,NA,NA
"uniform_k1",7705,"CRH",2.05295196740174e-05,NA,NA,NA
"uniform_k1",7706,"GSTM2",0,NA,NA,NA
"uniform_k1",7707,"KCNC3",0,NA,NA,NA
"uniform_k1",7708,"RPS6KB1",2.01533684008881e-05,NA,NA,NA
"uniform_k1",7709,"CALCR",3.30019686509697e-05,NA,NA,NA
"uniform_k1",7710,"HTR1D",0,NA,NA,NA
"uniform_k1",7711,"PON1",7.22265572195013e-06,NA,NA,NA
"uniform_k1",7712,"LYN",0.000110145713016818,NA,NA,NA
"uniform_k1",7713,"MAP2K1",0,NA,NA,NA
"uniform_k1",7714,"MAPK3",0.000389312216340865,NA,NA,NA
"uniform_k1",7715,"NOX1",2.49654080184403e-05,NA,NA,NA
"uniform_k1",7716,"PRKAG2",0.00023019859617357,NA,NA,NA
"uniform_k1",7717,"VEGFC",0,NA,NA,NA
"uniform_k1",7718,"NPPA",7.28658572474172e-05,NA,NA,NA
"uniform_k1",7719,"PLK4",2.22339198402421e-05,NA,NA,NA
"uniform_k1",7720,"HDAC1",0.00033891246936113,NA,NA,NA
"uniform_k1",7721,"TPMT",8.77949444514359e-05,NA,NA,NA
"uniform_k1",7722,"SLC15A1",1.58338604960839e-06,NA,NA,NA
"uniform_k1",7723,"TUBA1C",0,NA,NA,NA
"uniform_k1",7724,"LMNB1",7.2866286621176e-06,NA,NA,NA
"uniform_k1",7725,"BCAT2",2.6019618702966e-05,NA,NA,NA
"uniform_k1",7726,"GABRA3",0,NA,NA,NA
"uniform_k1",7727,"SLC6A2",0,NA,NA,NA
"uniform_k1",7728,"DRD2",0.000217393825030943,NA,NA,NA
"uniform_k1",7729,"BRCA1",0.00150305205251045,NA,NA,NA
"uniform_k1",7730,"ADCY2",0,NA,NA,NA
"uniform_k1",7731,"KDR",2.14857653940692e-05,NA,NA,NA
"uniform_k1",7732,"SIRT1",0.000506319994551752,NA,NA,NA
"uniform_k1",7733,"ABL1",0.000131212002905445,NA,NA,NA
"uniform_k1",7734,"LDLR",0,NA,NA,NA
"uniform_k1",7735,"BIRC3",6.3362084734564e-07,NA,NA,NA
"uniform_k1",7736,"CBR1",3.06594182049036e-05,NA,NA,NA
"uniform_k1",7737,"KIT",0.000262263529464124,NA,NA,NA
"uniform_k1",7738,"RAF1",1.33718501759139e-05,NA,NA,NA
"uniform_k1",7739,"IFNG",3.71450469081047e-05,NA,NA,NA
"uniform_k1",7740,"FADS2",4.0853135067076e-05,NA,NA,NA
"uniform_k1",7741,"MSI1",0,NA,NA,NA
"uniform_k1",7742,"KCNJ2",0.00119679281819129,NA,NA,NA
"uniform_k1",7743,"SLC6A2",0,NA,NA,NA
"uniform_k1",7744,"NEU1",0,NA,NA,NA
"uniform_k1",7745,"GK",0.000406543096133638,NA,NA,NA
"uniform_k1",7746,"DDC",2.58462116191627e-05,NA,NA,NA
"uniform_k1",7747,"KCNJ6",2.88254911089414e-05,NA,NA,NA
"uniform_k1",7748,"CD80",0,NA,NA,NA
"uniform_k1",7749,"PRKAB1",0,NA,NA,NA
"uniform_k1",7750,"CYP11A1",1.84332824758604e-05,NA,NA,NA
"uniform_k1",7751,"ROS1",0,NA,NA,NA
"uniform_k1",7752,"ACP1",0,NA,NA,NA
"uniform_k1",7753,"SCN1A",4.8526600018195e-05,NA,NA,NA
"uniform_k1",7754,"CACNB3",0,NA,NA,NA
"uniform_k1",7755,"KRAS",0.00012277649828063,NA,NA,NA
"uniform_k1",7756,"DGAT1",0.000583801314570143,NA,NA,NA
"uniform_k1",7757,"IL5",0,NA,NA,NA
"uniform_k1",7758,"ACTB",0.0035966824210889,NA,NA,NA
"uniform_k1",7759,"THBD",8.99612495086632e-06,NA,NA,NA
"uniform_k1",7760,"HSP90AA1",0.000781176350650004,NA,NA,NA
"uniform_k1",7761,"MECP2",0.000428908523146032,NA,NA,NA
"uniform_k1",7762,"CD40",1.65401335883164e-05,NA,NA,NA
"uniform_k1",7763,"HIF1A",0.000545020548238462,NA,NA,NA
"uniform_k1",7764,"BCL2L1",5.13395632928404e-05,NA,NA,NA
"uniform_k1",7765,"STAT1",0.000487010105838959,NA,NA,NA
"uniform_k1",7766,"E2F1",6.05857808446686e-05,NA,NA,NA
"uniform_k1",7767,"GLP1R",3.86497402737884e-06,NA,NA,NA
"uniform_k1",7768,"APRT",5.32709672381726e-05,NA,NA,NA
"uniform_k1",7769,"ATR",0,NA,NA,NA
"uniform_k1",7770,"FABP4",8.52242665472236e-05,NA,NA,NA
"uniform_k1",7771,"RPS6KB1",2.01533684008881e-05,NA,NA,NA
"uniform_k1",7772,"PTGIS",1.23522684530863e-05,NA,NA,NA
"uniform_k1",7773,"OPRM1",8.74989474437537e-05,NA,NA,NA
"uniform_k1",7774,"CYP3A4",0.000708964295377368,NA,NA,NA
"uniform_k1",7775,"CAT",1.06411717700761e-05,NA,NA,NA
"uniform_k1",7776,"KRT18",1.90069610461752e-06,NA,NA,NA
"uniform_k1",7777,"FTCD",1.21257629834837e-05,NA,NA,NA
"uniform_k1",7778,"AKR1C3",0.000173978783267859,NA,NA,NA
"uniform_k1",7779,"NRXN1",6.46433704953875e-05,NA,NA,NA
"uniform_k1",7780,"HSPA4",0.000770336012735795,NA,NA,NA
"uniform_k1",7781,"CP",4.75143862451732e-05,NA,NA,NA
"uniform_k1",7782,"GABBR1",0.000629351098106912,NA,NA,NA
"uniform_k1",7783,"KCNQ2",0.000154321192943452,NA,NA,NA
"uniform_k1",7784,"CTTN",2.99716390974591e-05,NA,NA,NA
"uniform_k1",7785,"BGLAP",0.000139973984731978,NA,NA,NA
"uniform_k1",7786,"AXL",2.56876487623181e-05,NA,NA,NA
"uniform_k1",7787,"ABCG2",0.00154702083903102,NA,NA,NA
"uniform_k1",7788,"CMA1",0,NA,NA,NA
"uniform_k1",7789,"AKT2",0,NA,NA,NA
"uniform_k1",7790,"PTGFR",3.10411217574469e-06,NA,NA,NA
"uniform_k1",7791,"ABCC9",1.45674367513227e-06,NA,NA,NA
"uniform_k1",7792,"AIMP2",0,NA,NA,NA
"uniform_k1",7793,"KCNJ6",2.88254911089414e-05,NA,NA,NA
"uniform_k1",7794,"ARRDC3",6.33407013395093e-07,NA,NA,NA
"uniform_k1",7795,"ESRRB",2.36306737284586e-05,NA,NA,NA
"uniform_k1",7796,"APOM",0,NA,NA,NA
"uniform_k1",7797,"ABCC9",1.45674367513227e-06,NA,NA,NA
"uniform_k1",7798,"GAD1",0.000786829139807432,NA,NA,NA
"uniform_k1",7799,"CCN2",1.134369344169e-05,NA,NA,NA
"uniform_k1",7800,"ALDH1A2",0,NA,NA,NA
"uniform_k1",7801,"PLEK",3.16787882370662e-06,NA,NA,NA
"uniform_k1",7802,"RBL1",0,NA,NA,NA
"uniform_k1",7803,"CYP3A4",0.000708964295377368,NA,NA,NA
"uniform_k1",7804,"HDAC6",0.00238463941154432,NA,NA,NA
"uniform_k1",7805,"PKIA",2.53383300530263e-06,NA,NA,NA
"uniform_k1",7806,"GRIN1",6.96987215653699e-06,NA,NA,NA
"uniform_k1",7807,"ACE2",6.17806475236016e-05,NA,NA,NA
"uniform_k1",7808,"SHH",1.43206732026169e-05,NA,NA,NA
"uniform_k1",7809,"MT2A",0.00087441544054756,NA,NA,NA
"uniform_k1",7810,"ADRB2",0.000148693401879507,NA,NA,NA
"uniform_k1",7811,"SLC5A5",3.67365014874999e-06,NA,NA,NA
"uniform_k1",7812,"TNNI3",8.64888291552957e-05,NA,NA,NA
"uniform_k1",7813,"ATF5",6.59972627514716e-05,NA,NA,NA
"uniform_k1",7814,"TUBB",0.000162866051467092,NA,NA,NA
"uniform_k1",7815,"FN1",0.00237698824343124,NA,NA,NA
"uniform_k1",7816,"PDK1",0,NA,NA,NA
"uniform_k1",7817,"SCNN1A",5.25143809567696e-05,NA,NA,NA
"uniform_k1",7818,"OPRD1",0,NA,NA,NA
"uniform_k1",7819,"CLDN4",0,NA,NA,NA
"uniform_k1",7820,"PPARG",0.000681665233701723,NA,NA,NA
"uniform_k1",7821,"TNFRSF9",0,NA,NA,NA
"uniform_k1",7822,"CDK4",5.9067280737346e-05,NA,NA,NA
"uniform_k1",7823,"GSK3A",9.50447229808304e-07,NA,NA,NA
"uniform_k1",7824,"RHO",0.00017143146028642,NA,NA,NA
"uniform_k1",7825,"GCA",0.000913104018283151,NA,NA,NA
"uniform_k1",7826,"DLG1",6.50075176803488e-05,NA,NA,NA
"uniform_k1",7827,"FBP1",7.28503339286757e-06,NA,NA,NA
"uniform_k1",7828,"CCR7",5.06918390497102e-06,NA,NA,NA
"uniform_k1",7829,"NRF1",1.38741902355743e-05,NA,NA,NA
"uniform_k1",7830,"VIM",5.2598025607753e-05,NA,NA,NA
"uniform_k1",7831,"ABAT",2.2801866788047e-06,NA,NA,NA
"uniform_k1",7832,"CHRM1",6.15364589550138e-05,NA,NA,NA
"uniform_k1",7833,"IRAK1",2.62328604830886e-05,NA,NA,NA
"uniform_k1",7834,"KCNJ8",1.89387005555819e-05,NA,NA,NA
"uniform_k1",7835,"NFKBIE",0,NA,NA,NA
"uniform_k1",7836,"SHBG",3.16169811188649e-05,NA,NA,NA
"uniform_k1",7837,"SOAT1",2.72368448894778e-06,NA,NA,NA
"uniform_k1",7838,"DNPEP",0,NA,NA,NA
"uniform_k1",7839,"CACNB4",5.59340801313812e-05,NA,NA,NA
"uniform_k1",7840,"BRCA1",0.00150305205251045,NA,NA,NA
"uniform_k1",7841,"AKR1C2",0,NA,NA,NA
"uniform_k1",7842,"ACAA2",8.36077927990342e-06,NA,NA,NA
"uniform_k1",7843,"CHEK2",2.4076159734765e-06,NA,NA,NA
"uniform_k1",7844,"ALAD",1.1590275771578e-05,NA,NA,NA
"uniform_k1",7845,"SYK",5.32926492629038e-05,NA,NA,NA
"uniform_k1",7846,"NOTCH1",1.52730959466219e-05,NA,NA,NA
"uniform_k1",7847,"LPL",0.000483720734164583,NA,NA,NA
"uniform_k1",7848,"HTR3A",8.53896962736966e-05,NA,NA,NA
"uniform_k1",7849,"GP6",2.19854467736758e-05,NA,NA,NA
"uniform_k1",7850,"GSTM1",0.000122658682697341,NA,NA,NA
"uniform_k1",7851,"KCNQ2",0.000154321192943452,NA,NA,NA
"uniform_k1",7852,"P2RX7",5.59297818042426e-05,NA,NA,NA
"uniform_k1",7853,"SOX9",0.000102527928081186,NA,NA,NA
"uniform_k1",7854,"CDH5",6.33662563265247e-06,NA,NA,NA
"uniform_k1",7855,"TLR4",0.000516160551537248,NA,NA,NA
"uniform_k1",7856,"NEIL1",0,NA,NA,NA
"uniform_k1",7857,"ELOVL4",0,NA,NA,NA
"uniform_k1",7858,"TG",5.56234870203731e-05,NA,NA,NA
"uniform_k1",7859,"SMO",0,NA,NA,NA
"uniform_k1",7860,"RBP1",1.67206208291359e-05,NA,NA,NA
"uniform_k1",7861,"PTGER3",1.07329013246948e-05,NA,NA,NA
"uniform_k1",7862,"MGST1",0,NA,NA,NA
"uniform_k1",7863,"ADORA1",2.74909074123864e-05,NA,NA,NA
"uniform_k1",7864,"NFATC2",1.95162479730282e-05,NA,NA,NA
"uniform_k1",7865,"SLCO1A2",6.33397825744453e-07,NA,NA,NA
"uniform_k1",7866,"DKK1",0,NA,NA,NA
"uniform_k1",7867,"PROS1",2.21693788693411e-06,NA,NA,NA
"uniform_k1",7868,"ATG7",2.9146658695467e-06,NA,NA,NA
"uniform_k1",7869,"COX5A",0,NA,NA,NA
"uniform_k1",7870,"ACSS2",8.1011205171122e-05,NA,NA,NA
"uniform_k1",7871,"NAAA",0,NA,NA,NA
"uniform_k1",7872,"ATP5F1E",7.91669737976175e-06,NA,NA,NA
"uniform_k1",7873,"SMAD1",0,NA,NA,NA
"uniform_k1",7874,"KCNH7",0,NA,NA,NA
"uniform_k1",7875,"ADORA2B",0,NA,NA,NA
"uniform_k1",7876,"SLC6A4",7.25412905625555e-05,NA,NA,NA
"uniform_k1",7877,"JUNB",0,NA,NA,NA
"uniform_k1",7878,"EIF2A",0,NA,NA,NA
"uniform_k1",7879,"TGFB1",0.000170827591538192,NA,NA,NA
"uniform_k1",7880,"SMO",0,NA,NA,NA
"uniform_k1",7881,"AVPR1A",0,NA,NA,NA
"uniform_k1",7882,"PTGDS",0.0001023719829093,NA,NA,NA
"uniform_k1",7883,"SLC7A1",0,NA,NA,NA
"uniform_k1",7884,"ATG7",2.9146658695467e-06,NA,NA,NA
"uniform_k1",7885,"CDKN1B",8.87190608878097e-06,NA,NA,NA
"uniform_k1",7886,"ATR",0,NA,NA,NA
"uniform_k1",7887,"FOS",0.000387693900821828,NA,NA,NA
"uniform_k1",7888,"PTK2B",6.52603876749591e-06,NA,NA,NA
"uniform_k1",7889,"CXCL10",6.0199614313472e-06,NA,NA,NA
"uniform_k1",7890,"DHFR",0.000279606338591143,NA,NA,NA
"uniform_k1",7891,"CACNA1H",5.72384790692437e-05,NA,NA,NA
"uniform_k1",7892,"ESRRG",0.00109032893649263,NA,NA,NA
"uniform_k1",7893,"RTCB",0,NA,NA,NA
"uniform_k1",7894,"CTSK",0.000205253306110875,NA,NA,NA
"uniform_k1",7895,"PENK",0,NA,NA,NA
"uniform_k1",7896,"BCL2L1",5.13395632928404e-05,NA,NA,NA
"uniform_k1",7897,"OR51E1",0,NA,NA,NA
"uniform_k1",7898,"AFM",0,NA,NA,NA
"uniform_k1",7899,"HCRTR2",0,NA,NA,NA
"uniform_k1",7900,"IMPDH1",3.87605638363375e-05,NA,NA,NA
"uniform_k1",7901,"TUBA1A",1.10247379909723e-05,NA,NA,NA
"uniform_k1",7902,"TNFRSF1A",1.26749186291075e-05,NA,NA,NA
"uniform_k1",7903,"FXN",3.98458264223578e-05,NA,NA,NA
"uniform_k1",7904,"GABRA3",0,NA,NA,NA
"uniform_k1",7905,"POLE4",6.33352637668949e-07,NA,NA,NA
"uniform_k1",7906,"NFKB1",0.000211104315194666,NA,NA,NA
"uniform_k1",7907,"SLC6A4",7.25412905625555e-05,NA,NA,NA
"uniform_k1",7908,"CREB1",0.000475073453506725,NA,NA,NA
"uniform_k1",7909,"DHCR7",7.41792346372616e-05,NA,NA,NA
"uniform_k1",7910,"S100A8",5.866975145008e-05,NA,NA,NA
"uniform_k1",7911,"MT1X",0,NA,NA,NA
"uniform_k1",7912,"TXN",0.000162772847540738,NA,NA,NA
"uniform_k1",7913,"ACTR1B",0,NA,NA,NA
"uniform_k1",7914,"GAMT",4.09153874207924e-05,NA,NA,NA
"uniform_k1",7915,"ELOVL5",0,NA,NA,NA
"uniform_k1",7916,"MLXIPL",0,NA,NA,NA
"uniform_k1",7917,"GGPS1",0,NA,NA,NA
"uniform_k1",7918,"ABCG5",4.53604007359942e-05,NA,NA,NA
"uniform_k1",7919,"CYP11A1",1.84332824758604e-05,NA,NA,NA
"uniform_k1",7920,"PDK1",0,NA,NA,NA
"uniform_k1",7921,"CAPN10",0.000977887184816284,NA,NA,NA
"uniform_k1",7922,"SLC16A1",1.22233950207162e-05,NA,NA,NA
"uniform_k1",7923,"DNPEP",0,NA,NA,NA
"uniform_k1",7924,"AXIN2",0,NA,NA,NA
"uniform_k1",7925,"OAZ1",0,NA,NA,NA
"uniform_k1",7926,"GRIN2B",0.000317728868907574,NA,NA,NA
"uniform_k1",7927,"TOP2A",1.51432024206866e-05,NA,NA,NA
"uniform_k1",7928,"PRKCD",2.05317703156904e-05,NA,NA,NA
"uniform_k1",7929,"SREBF1",0.000334685132546086,NA,NA,NA
"uniform_k1",7930,"FABP3",6.33463026478154e-07,NA,NA,NA
"uniform_k1",7931,"ACACA",7.98311027262466e-05,NA,NA,NA
"uniform_k1",7932,"IRAK1",2.62328604830886e-05,NA,NA,NA
"uniform_k1",7933,"HIF1A",0.000545020548238462,NA,NA,NA
"uniform_k1",7934,"DKK1",0,NA,NA,NA
"uniform_k1",7935,"HCN2",0,NA,NA,NA
"uniform_k1",7936,"CYP1B1",1.26701867375623e-06,NA,NA,NA
"uniform_k1",7937,"GP6",2.19854467736758e-05,NA,NA,NA
"uniform_k1",7938,"IGFBP6",0,NA,NA,NA
"uniform_k1",7939,"KCNH2",0.000463751185241779,NA,NA,NA
"uniform_k1",7940,"GGCX",3.08495731728975e-05,NA,NA,NA
"uniform_k1",7941,"HMGCR",0.000154038156850445,NA,NA,NA
"uniform_k1",7942,"CD36",0.000286748685116911,NA,NA,NA
"uniform_k1",7943,"CHAT",0.00035285368960325,NA,NA,NA
"uniform_k1",7944,"CALM1",5.91918174835948e-05,NA,NA,NA
"uniform_k1",7945,"MAPK8IP1",9.56119621767781e-05,NA,NA,NA
"uniform_k1",7946,"COL11A2",7.28347388034845e-06,NA,NA,NA
"uniform_k1",7947,"ADRB2",0.000148693401879507,NA,NA,NA
"uniform_k1",7948,"GCLC",8.05799891081538e-05,NA,NA,NA
"uniform_k1",7949,"GSTP1",0.0017997845794786,NA,NA,NA
"uniform_k1",7950,"LGALS3",1.90104129516033e-06,NA,NA,NA
"uniform_k1",7951,"CAMLG",0,NA,NA,NA
"uniform_k1",7952,"CD36",0.000286748685116911,NA,NA,NA
"uniform_k1",7953,"PHOSPHO2",0,NA,NA,NA
"uniform_k1",7954,"FASLG",6.21033622971723e-06,NA,NA,NA
"uniform_k1",7955,"AGTR2",0,NA,NA,NA
"uniform_k1",7956,"CNR1",0.000234330328976462,NA,NA,NA
"uniform_k1",7957,"CYP7B1",5.06699999092142e-06,NA,NA,NA
"uniform_k1",7958,"NAAA",0,NA,NA,NA
"uniform_k1",7959,"SCN2B",0,NA,NA,NA
"uniform_k1",7960,"ABCA1",1.90091421303773e-06,NA,NA,NA
"uniform_k1",7961,"CYP11B1",0,NA,NA,NA
"uniform_k1",7962,"EIF4E",1.3685843489597e-05,NA,NA,NA
"uniform_k1",7963,"SLC2A4",1.81861109559422e-05,NA,NA,NA
"uniform_k1",7964,"AGXT2",0.000181321349120078,NA,NA,NA
"uniform_k1",7965,"APOA1",0.00156761777246528,NA,NA,NA
"uniform_k1",7966,"IGFBP6",0,NA,NA,NA
"uniform_k1",7967,"CHRNA5",1.55794812480847e-05,NA,NA,NA
"uniform_k1",7968,"CHRNA2",0,NA,NA,NA
"uniform_k1",7969,"PRKCG",2.62982428581582e-05,NA,NA,NA
"uniform_k1",7970,"ATM",2.74398232945616e-05,NA,NA,NA
"uniform_k1",7971,"TYMS",0.000142484575824997,NA,NA,NA
"uniform_k1",7972,"FUS",6.90480253662251e-06,NA,NA,NA
"uniform_k1",7973,"SEMA3A",6.84073768231208e-06,NA,NA,NA
"uniform_k1",7974,"LRIG1",0,NA,NA,NA
"uniform_k1",7975,"SIRT2",1.36869569887788e-05,NA,NA,NA
"uniform_k1",7976,"LPL",0.000483720734164583,NA,NA,NA
"uniform_k1",7977,"TYMS",0.000142484575824997,NA,NA,NA
"uniform_k1",7978,"YY1",6.08348672959114e-06,NA,NA,NA
"uniform_k1",7979,"APRT",5.32709672381726e-05,NA,NA,NA
"uniform_k1",7980,"IL1RN",0,NA,NA,NA
"uniform_k1",7981,"CYP27C1",0,NA,NA,NA
"uniform_k1",7982,"ACSL4",0,NA,NA,NA
"uniform_k1",7983,"ADH1C",0,NA,NA,NA
"uniform_k1",7984,"IDE",1.32413576375834e-05,NA,NA,NA
"uniform_k1",7985,"CD44",0.000889730591565385,NA,NA,NA
"uniform_k1",7986,"EPOR",4.26416671160945e-05,NA,NA,NA
"uniform_k1",7987,"MITF",2.87659544899732e-05,NA,NA,NA
"uniform_k1",7988,"NUF2",6.20773671455854e-06,NA,NA,NA
"uniform_k1",7989,"VIM",5.2598025607753e-05,NA,NA,NA
"uniform_k1",7990,"CACNA2D2",0,NA,NA,NA
"uniform_k1",7991,"SREBF2",1.69818952083789e-05,NA,NA,NA
"uniform_k1",7992,"ANXA5",7.92192003495895e-06,NA,NA,NA
"uniform_k1",7993,"NRF1",1.38741902355743e-05,NA,NA,NA
"uniform_k1",7994,"MPO",0.000259217982351401,NA,NA,NA
"uniform_k1",7995,"CCNB1",1.05829380095956e-05,NA,NA,NA
"uniform_k1",7996,"RAPGEF4",2.51523475149895e-05,NA,NA,NA
"uniform_k1",7997,"MAP1LC3B",8.68078161708752e-06,NA,NA,NA
"uniform_k1",7998,"SULT1A1",8.93034087123823e-06,NA,NA,NA
"uniform_k1",7999,"RTCB",0,NA,NA,NA
"uniform_k1",8000,"CSAD",0,NA,NA,NA
"uniform_k1",8001,"PDE2A",0,NA,NA,NA
"uniform_k1",8002,"DYSF",0.00102310635249714,NA,NA,NA
"uniform_k1",8003,"PCYT1B",0,NA,NA,NA
"uniform_k1",8004,"NR3C2",1.6726748852447e-05,NA,NA,NA
"uniform_k1",8005,"FGF1",4.22001056762378e-05,NA,NA,NA
"uniform_k1",8006,"TRPV1",0.00166711359586047,NA,NA,NA
"uniform_k1",8007,"CDT1",1.38729255214631e-05,NA,NA,NA
"uniform_k1",8008,"PTGDR2",6.33406652128521e-07,NA,NA,NA
"uniform_k1",8009,"HSP90AB1",4.19011535922609e-05,NA,NA,NA
"uniform_k1",8010,"CES1",0.000115566529133249,NA,NA,NA
"uniform_k1",8011,"SLC29A2",0,NA,NA,NA
"uniform_k1",8012,"RUNX3",2.26216416990832e-05,NA,NA,NA
"uniform_k1",8013,"HIF1AN",8.74219236624008e-06,NA,NA,NA
"uniform_k1",8014,"ACACB",1.55840957074549e-05,NA,NA,NA
"uniform_k1",8015,"GABRA4",0,NA,NA,NA
"uniform_k1",8016,"GAMT",4.09153874207924e-05,NA,NA,NA
"uniform_k1",8017,"PLA2G2D",0,NA,NA,NA
"uniform_k1",8018,"CXADR",1.64676675717956e-06,NA,NA,NA
"uniform_k1",8019,"CRTC2",2.09096071963621e-05,NA,NA,NA
"uniform_k1",8020,"CDKN1A",2.78509173701202e-05,NA,NA,NA
"uniform_k1",8021,"FADS2",4.0853135067076e-05,NA,NA,NA
"uniform_k1",8022,"PRKCE",5.79752275315926e-05,NA,NA,NA
"uniform_k1",8023,"NANOG",9.82225146706206e-06,NA,NA,NA
"uniform_k1",8024,"NR1H2",0,NA,NA,NA
"uniform_k1",8025,"KCNA4",2.7111367415289e-05,NA,NA,NA
"uniform_k1",8026,"PLK4",2.22339198402421e-05,NA,NA,NA
"uniform_k1",8027,"GABRR1",0.000892072607181937,NA,NA,NA
"uniform_k1",8028,"POLDIP2",0,NA,NA,NA
"uniform_k1",8029,"PTPN1",3.86549374464806e-06,NA,NA,NA
"uniform_k1",8030,"EIF4E",1.3685843489597e-05,NA,NA,NA
"uniform_k1",8031,"CCR6",0,NA,NA,NA
"uniform_k1",8032,"ELOVL4",0,NA,NA,NA
"uniform_k1",8033,"TACR1",0,NA,NA,NA
"uniform_k1",8034,"GPD1",0,NA,NA,NA
"uniform_k1",8035,"CD83",0,NA,NA,NA
"uniform_k1",8036,"SCNN1A",5.25143809567696e-05,NA,NA,NA
"uniform_k1",8037,"MAP3K5",7.04706361130958e-05,NA,NA,NA
"uniform_k1",8038,"RNASE1",0,NA,NA,NA
"uniform_k1",8039,"PEMT",2.1976081664099e-05,NA,NA,NA
"uniform_k1",8040,"TFAM",0,NA,NA,NA
"uniform_k1",8041,"MMP3",1.90743297472373e-05,NA,NA,NA
"uniform_k1",8042,"TYR",3.79481492692735e-05,NA,NA,NA
"uniform_k1",8043,"RORA",0.00130690437409919,NA,NA,NA
"uniform_k1",8044,"XPO1",1.66633213304346e-05,NA,NA,NA
"uniform_k1",8045,"CXCL10",6.0199614313472e-06,NA,NA,NA
"uniform_k1",8046,"SCN1B",0.00123489854843939,NA,NA,NA
"uniform_k1",8047,"CHRNA7",7.98054415862559e-05,NA,NA,NA
"uniform_k1",8048,"METTL3",0,NA,NA,NA
"uniform_k1",8049,"ABCG8",0,NA,NA,NA
"uniform_k1",8050,"CAMK4",1.22274351069818e-05,NA,NA,NA
"uniform_k1",8051,"CDK4",5.9067280737346e-05,NA,NA,NA
"uniform_k1",8052,"SLC6A8",0,NA,NA,NA
"uniform_k1",8053,"YWHAE",2.37606312166738e-05,NA,NA,NA
"uniform_k1",8054,"AR",0.000302154756725348,NA,NA,NA
"uniform_k1",8055,"MAPK9",3.16862262561557e-06,NA,NA,NA
"uniform_k1",8056,"GJA1",0.000128446445619601,NA,NA,NA
"uniform_k1",8057,"DHRS4",0,NA,NA,NA
"uniform_k1",8058,"OAZ1",0,NA,NA,NA
"uniform_k1",8059,"MAPK1",6.82101559971171e-05,NA,NA,NA
"uniform_k1",8060,"RB1",5.60807039972078e-05,NA,NA,NA
"uniform_k1",8061,"PCYT1A",2.85706032163713e-05,NA,NA,NA
"uniform_k1",8062,"PLB1",0.00110895479500295,NA,NA,NA
"uniform_k1",8063,"DRD1",0.000110991854724962,NA,NA,NA
"uniform_k1",8064,"RIPK1",9.50457768944535e-06,NA,NA,NA
"uniform_k1",8065,"ERBB2",0.000157327965161547,NA,NA,NA
"uniform_k1",8066,"AOX1",0.000679762836007236,NA,NA,NA
"uniform_k1",8067,"SERPINE1",0.000106720941403182,NA,NA,NA
"uniform_k1",8068,"GLDC",4.87735973941916e-06,NA,NA,NA
"uniform_k1",8069,"MARK4",0,NA,NA,NA
"uniform_k1",8070,"THBD",8.99612495086632e-06,NA,NA,NA
"uniform_k1",8071,"CANX",2.08728829651506e-05,NA,NA,NA
"uniform_k1",8072,"TFF1",9.5019484058767e-07,NA,NA,NA
"uniform_k1",8073,"SNCA",0.000455106191969867,NA,NA,NA
"uniform_k1",8074,"KLK5",0,NA,NA,NA
"uniform_k1",8075,"GCA",0.000913104018283151,NA,NA,NA
"uniform_k1",8076,"ALAS1",5.9411598420489e-05,NA,NA,NA
"uniform_k1",8077,"PRSS1",0.0011573163436972,NA,NA,NA
"uniform_k1",8078,"PLAT",2.05933169041828e-05,NA,NA,NA
"uniform_k1",8079,"GAD1",0.000786829139807432,NA,NA,NA
"uniform_k1",8080,"IL17A",0,NA,NA,NA
"uniform_k1",8081,"TLR4",0.000516160551537248,NA,NA,NA
"uniform_k1",8082,"AQP9",0,NA,NA,NA
"uniform_k1",8083,"DSPP",0,NA,NA,NA
"uniform_k1",8084,"RUNX3",2.26216416990832e-05,NA,NA,NA
"uniform_k1",8085,"ESRRG",0.00109032893649263,NA,NA,NA
"uniform_k1",8086,"PDE4A",1.34575381137703e-05,NA,NA,NA
"uniform_k1",8087,"ATP1A3",0,NA,NA,NA
"uniform_k1",8088,"TNNI3",8.64888291552957e-05,NA,NA,NA
"uniform_k1",8089,"NOS3",0.000136759922833574,NA,NA,NA
"uniform_k1",8090,"NTRK2",0.000178668928783821,NA,NA,NA
"uniform_k1",8091,"PTGIS",1.23522684530863e-05,NA,NA,NA
"uniform_k1",8092,"ACTB",0.0035966824210889,NA,NA,NA
"uniform_k1",8093,"CACNB2",2.53388741833227e-06,NA,NA,NA
"uniform_k1",8094,"MPO",0.000259217982351401,NA,NA,NA
"uniform_k1",8095,"BMPR2",8.59954951424324e-05,NA,NA,NA
"uniform_k1",8096,"BID",6.01936829902616e-06,NA,NA,NA
"uniform_k1",8097,"GRIA4",0,NA,NA,NA
"uniform_k1",8098,"CALM2",0,NA,NA,NA
"uniform_k1",8099,"SCN2B",0,NA,NA,NA
"uniform_k1",8100,"PDE4A",1.34575381137703e-05,NA,NA,NA
"uniform_k1",8101,"CACNG1",0,NA,NA,NA
"uniform_k1",8102,"CBR1",3.06594182049036e-05,NA,NA,NA
"uniform_k1",8103,"HSPA1B",2.53472574274216e-06,NA,NA,NA
"uniform_k1",8104,"ALAS1",5.9411598420489e-05,NA,NA,NA
"uniform_k1",8105,"SERPINB9",0,NA,NA,NA
"uniform_k1",8106,"CCL3",1.67921707164842e-05,NA,NA,NA
"uniform_k1",8107,"LY96",0,NA,NA,NA
"uniform_k1",8108,"HAMP",0.000187982524293195,NA,NA,NA
"uniform_k1",8109,"HLA-B",6.33520976234259e-07,NA,NA,NA
"uniform_k1",8110,"ALDOA",1.76112505224646e-05,NA,NA,NA
"uniform_k1",8111,"MAP1LC3A",0,NA,NA,NA
"uniform_k1",8112,"MDH2",0.000134051798597046,NA,NA,NA
"uniform_k1",8113,"PTGDS",0.0001023719829093,NA,NA,NA
"uniform_k1",8114,"GRIN2B",0.000317728868907574,NA,NA,NA
"uniform_k1",8115,"SLC47A1",0,NA,NA,NA
"uniform_k1",8116,"KRAS",0.00012277649828063,NA,NA,NA
"uniform_k1",8117,"MGST1",0,NA,NA,NA
"uniform_k1",8118,"PKD1",3.50334081220538e-05,NA,NA,NA
"uniform_k1",8119,"CYP2E1",0.000529547743911452,NA,NA,NA
"uniform_k1",8120,"ALAS1",5.9411598420489e-05,NA,NA,NA
"uniform_k1",8121,"GABRA2",5.10094626082758e-05,NA,NA,NA
"uniform_k1",8122,"CNR2",0,NA,NA,NA
"uniform_k1",8123,"BHLHE40",0,NA,NA,NA
"uniform_k1",8124,"EEF2K",3.67443795490363e-06,NA,NA,NA
"uniform_k1",8125,"NNMT",2.43922960370124e-05,NA,NA,NA
"uniform_k1",8126,"CDK8",0,NA,NA,NA
"uniform_k1",8127,"NR3C2",1.6726748852447e-05,NA,NA,NA
"uniform_k1",8128,"KDM1A",0,NA,NA,NA
"uniform_k1",8129,"CCND3",6.33604306909952e-07,NA,NA,NA
"uniform_k1",8130,"CYBB",6.42615564472315e-05,NA,NA,NA
"uniform_k1",8131,"HDAC8",0,NA,NA,NA
"uniform_k1",8132,"PSMD11",6.3344408685051e-07,NA,NA,NA
"uniform_k1",8133,"PTP4A1",0,NA,NA,NA
"uniform_k1",8134,"CYP27C1",0,NA,NA,NA
"uniform_k1",8135,"SNAI1",9.50644381658705e-07,NA,NA,NA
"uniform_k1",8136,"CCL8",0,NA,NA,NA
"uniform_k1",8137,"UCP3",0,NA,NA,NA
"uniform_k1",8138,"GGPS1",0,NA,NA,NA
"uniform_k1",8139,"TEK",0,NA,NA,NA
"uniform_k1",8140,"TGFB1",0.000170827591538192,NA,NA,NA
"uniform_k1",8141,"LY96",0,NA,NA,NA
"uniform_k1",8142,"CALCR",3.30019686509697e-05,NA,NA,NA
"uniform_k1",8143,"SLC18A2",1.33665330134258e-05,NA,NA,NA
"uniform_k1",8144,"ACE",0.00145679149577593,NA,NA,NA
"uniform_k1",8145,"CDKN1C",1.58390438897982e-06,NA,NA,NA
"uniform_k1",8146,"AMY1B",0.00114246836222298,NA,NA,NA
"uniform_k1",8147,"TUBB4B",6.33455001119998e-07,NA,NA,NA
"uniform_k1",8148,"HINT1",4.87617046518452e-06,NA,NA,NA
"uniform_k1",8149,"MGAM",0.000137027144681112,NA,NA,NA
"uniform_k1",8150,"HMOX1",0.000383241490365949,NA,NA,NA
"uniform_k1",8151,"CD40LG",1.90089891605183e-06,NA,NA,NA
"uniform_k1",8152,"TUBG1",1.58373381198285e-06,NA,NA,NA
"uniform_k1",8153,"HIF1A",0.000545020548238462,NA,NA,NA
"uniform_k1",8154,"NDUFV3",0,NA,NA,NA
"uniform_k1",8155,"ELK1",0,NA,NA,NA
"uniform_k1",8156,"PRKCD",2.05317703156904e-05,NA,NA,NA
"uniform_k1",8157,"TRPA1",6.7343185876978e-05,NA,NA,NA
"uniform_k1",8158,"GABRR1",0.000892072607181937,NA,NA,NA
"uniform_k1",8159,"FABP3",6.33463026478154e-07,NA,NA,NA
"uniform_k1",8160,"TBK1",8.23758983270473e-06,NA,NA,NA
"uniform_k1",8161,"YY1",6.08348672959114e-06,NA,NA,NA
"uniform_k1",8162,"DKK1",0,NA,NA,NA
"uniform_k1",8163,"DGAT1",0.000583801314570143,NA,NA,NA
"uniform_k1",8164,"HAMP",0.000187982524293195,NA,NA,NA
"uniform_k1",8165,"TYR",3.79481492692735e-05,NA,NA,NA
"uniform_k1",8166,"CREB1",0.000475073453506725,NA,NA,NA
"uniform_k1",8167,"THRB",3.80151793299977e-06,NA,NA,NA
"uniform_k1",8168,"AHSP",1.89993871424488e-06,NA,NA,NA
"uniform_k1",8169,"SNAI1",9.50644381658705e-07,NA,NA,NA
"uniform_k1",8170,"RUNX2",0.000299161144537541,NA,NA,NA
"uniform_k1",8171,"EGFR",0.00376976574950694,NA,NA,NA
"uniform_k1",8172,"ESRRG",0.00109032893649263,NA,NA,NA
"uniform_k1",8173,"COX6A2",0,NA,NA,NA
"uniform_k1",8174,"MLXIPL",0,NA,NA,NA
"uniform_k1",8175,"CASP7",1.26727879179445e-06,NA,NA,NA
"uniform_k1",8176,"HMGCR",0.000154038156850445,NA,NA,NA
"uniform_k1",8177,"HIF1AN",8.74219236624008e-06,NA,NA,NA
"uniform_k1",8178,"SPI1",3.16810202792839e-05,NA,NA,NA
"uniform_k1",8179,"KCNN2",6.33510621184108e-07,NA,NA,NA
"uniform_k1",8180,"NR4A1",4.04919306976614e-05,NA,NA,NA
"uniform_k1",8181,"RUNX2",0.000299161144537541,NA,NA,NA
"uniform_k1",8182,"SLC18A2",1.33665330134258e-05,NA,NA,NA
"uniform_k1",8183,"MYD88",9.12615367376635e-06,NA,NA,NA
"uniform_k1",8184,"CXCL1",0,NA,NA,NA
"uniform_k1",8185,"CACNA1H",5.72384790692437e-05,NA,NA,NA
"uniform_k1",8186,"PIK3CD",0,NA,NA,NA
"uniform_k1",8187,"ARF3",1.01355586621388e-05,NA,NA,NA
"uniform_k1",8188,"ARF3",1.01355586621388e-05,NA,NA,NA
"uniform_k1",8189,"CHRNA10",0,NA,NA,NA
"uniform_k1",8190,"SYP",2.45220699257587e-05,NA,NA,NA
"uniform_k1",8191,"E2F2",0,NA,NA,NA
"uniform_k1",8192,"KCNJ11",0.00241899994818762,NA,NA,NA
"uniform_k1",8193,"CFLAR",6.33631245472444e-07,NA,NA,NA
"uniform_k1",8194,"CAV1",0.00188167408582673,NA,NA,NA
"uniform_k1",8195,"PTPN1",3.86549374464806e-06,NA,NA,NA
"uniform_k1",8196,"P2RX7",5.59297818042426e-05,NA,NA,NA
"uniform_k1",8197,"EBP",6.01605713679287e-06,NA,NA,NA
"uniform_k1",8198,"ACTG2",0,NA,NA,NA
"uniform_k1",8199,"F2",0.000128821901214549,NA,NA,NA
"uniform_k1",8200,"TRPV2",1.87502442750009e-05,NA,NA,NA
"uniform_k1",8201,"KRAS",0.00012277649828063,NA,NA,NA
"uniform_k1",8202,"PTK2B",6.52603876749591e-06,NA,NA,NA
"uniform_k1",8203,"ABCA1",1.90091421303773e-06,NA,NA,NA
"uniform_k1",8204,"UGT1A9",0,NA,NA,NA
"uniform_k1",8205,"GSTK1",0,NA,NA,NA
"uniform_k1",8206,"GSK3B",0.000254805416997517,NA,NA,NA
"uniform_k1",8207,"KCNE2",0,NA,NA,NA
"uniform_k1",8208,"EGF",0.000230000691015642,NA,NA,NA
"uniform_k1",8209,"CPT1C",0,NA,NA,NA
"uniform_k1",8210,"COX7B",0,NA,NA,NA
"uniform_k1",8211,"GCK",0.000213793988103061,NA,NA,NA
"uniform_k1",8212,"SHH",1.43206732026169e-05,NA,NA,NA
"uniform_k1",8213,"ERN1",4.11862188642864e-06,NA,NA,NA
"uniform_k1",8214,"CCN2",1.134369344169e-05,NA,NA,NA
"uniform_k1",8215,"PTPN1",3.86549374464806e-06,NA,NA,NA
"uniform_k1",8216,"BGLAP",0.000139973984731978,NA,NA,NA
"uniform_k1",8217,"CA2",1.50098666125142e-05,NA,NA,NA
"uniform_k1",8218,"YWHAZ",0.000329867224154401,NA,NA,NA
"uniform_k1",8219,"HBA2",0,NA,NA,NA
"uniform_k1",8220,"AOX1",0.000679762836007236,NA,NA,NA
"uniform_k1",8221,"DLG3",1.07692098152423e-05,NA,NA,NA
"uniform_k1",8222,"NPPB",3.61091583611639e-06,NA,NA,NA
"uniform_k1",8223,"CTRC",0,NA,NA,NA
"uniform_k1",8224,"NRP1",0.000102455056317119,NA,NA,NA
"uniform_k1",8225,"AANAT",0,NA,NA,NA
"uniform_k1",8226,"NCOA2",3.54820525111377e-05,NA,NA,NA
"uniform_k1",8227,"PCNA",0.000281828068793732,NA,NA,NA
"uniform_k1",8228,"KDM1A",0,NA,NA,NA
"uniform_k1",8229,"COX6B1",0,NA,NA,NA
"uniform_k1",8230,"LEF1",5.06903005115245e-06,NA,NA,NA
"uniform_k1",8231,"CYP11B1",0,NA,NA,NA
"uniform_k1",8232,"CRTC2",2.09096071963621e-05,NA,NA,NA
"uniform_k1",8233,"SLCO1A2",6.33397825744453e-07,NA,NA,NA
"uniform_k1",8234,"BECN1",8.42248076059482e-05,NA,NA,NA
"uniform_k1",8235,"MAPT",0.000248151462638568,NA,NA,NA
"uniform_k1",8236,"MAP2K5",0,NA,NA,NA
"uniform_k1",8237,"HDAC6",0.00238463941154432,NA,NA,NA
"uniform_k1",8238,"CYP11B2",0.000106525313512962,NA,NA,NA
"uniform_k1",8239,"RRM2B",0,NA,NA,NA
"uniform_k1",8240,"POR",3.92763746058788e-05,NA,NA,NA
"uniform_k1",8241,"HDAC3",1.29907353231262e-05,NA,NA,NA
"uniform_k1",8242,"PTH",0.00019439506068486,NA,NA,NA
"uniform_k1",8243,"PPP2CA",7.29428022572254e-05,NA,NA,NA
"uniform_k1",8244,"CCK",1.36890006087187e-05,NA,NA,NA
"uniform_k1",8245,"PIK3CD",0,NA,NA,NA
"uniform_k1",8246,"AURKC",0,NA,NA,NA
"uniform_k1",8247,"GYPA",0.000261429870861529,NA,NA,NA
"uniform_k1",8248,"IL18",2.23696138260676e-05,NA,NA,NA
"uniform_k1",8249,"PRKCB",0.000129467861105015,NA,NA,NA
"uniform_k1",8250,"GCG",0.000221045982158996,NA,NA,NA
"uniform_k1",8251,"TXNIP",0,NA,NA,NA
"uniform_k1",8252,"EGF",0.000230000691015642,NA,NA,NA
"uniform_k1",8253,"IL17A",0,NA,NA,NA
"uniform_k1",8254,"EBP",6.01605713679287e-06,NA,NA,NA
"uniform_k1",8255,"TACR1",0,NA,NA,NA
"uniform_k1",8256,"TYR",3.79481492692735e-05,NA,NA,NA
"uniform_k1",8257,"CTRC",0,NA,NA,NA
"uniform_k1",8258,"CALML5",7.42946995627713e-05,NA,NA,NA
"uniform_k1",8259,"PRKCI",0,NA,NA,NA
"uniform_k1",8260,"C3",4.60004945984638e-05,NA,NA,NA
"uniform_k1",8261,"SLC6A4",7.25412905625555e-05,NA,NA,NA
"uniform_k1",8262,"LIPG",0,NA,NA,NA
"uniform_k1",8263,"TRPM4",3.67379046295468e-05,NA,NA,NA
"uniform_k1",8264,"COX5B",5.70133156496677e-06,NA,NA,NA
"uniform_k1",8265,"IDO1",0.000463661718947295,NA,NA,NA
"uniform_k1",8266,"CPT1A",1.49157660161992e-05,NA,NA,NA
"uniform_k1",8267,"OPA1",9.50142898359374e-07,NA,NA,NA
"uniform_k1",8268,"NFKB1",0.000211104315194666,NA,NA,NA
"uniform_k1",8269,"SLC2A1",0.000140046836469954,NA,NA,NA
"uniform_k1",8270,"OPRM1",8.74989474437537e-05,NA,NA,NA
"uniform_k1",8271,"ARRDC3",6.33407013395093e-07,NA,NA,NA
"uniform_k1",8272,"IL36B",0,NA,NA,NA
"uniform_k1",8273,"LRAT",5.06328770298881e-05,NA,NA,NA
"uniform_k1",8274,"GCA",0.000913104018283151,NA,NA,NA
"uniform_k1",8275,"HINT1",4.87617046518452e-06,NA,NA,NA
"uniform_k1",8276,"BRCA1",0.00150305205251045,NA,NA,NA
"uniform_k1",8277,"ADH1C",0,NA,NA,NA
"uniform_k1",8278,"HCN2",0,NA,NA,NA
"uniform_k1",8279,"CCL3",1.67921707164842e-05,NA,NA,NA
"uniform_k1",8280,"ADA",5.3173443308685e-05,NA,NA,NA
"uniform_k1",8281,"TRPV1",0.00166711359586047,NA,NA,NA
"uniform_k1",8282,"MAP2K5",0,NA,NA,NA
"uniform_k1",8283,"AKR1A1",6.17051045759265e-06,NA,NA,NA
"uniform_k1",8284,"HTR7",2.21651978515869e-06,NA,NA,NA
"uniform_k1",8285,"CTSD",0.000133066364187417,NA,NA,NA
"uniform_k1",8286,"ELOVL5",0,NA,NA,NA
"uniform_k1",8287,"DGKA",5.13043205019326e-06,NA,NA,NA
"uniform_k1",8288,"BIRC2",2.53453445775431e-06,NA,NA,NA
"uniform_k1",8289,"CASQ1",2.53341735867441e-06,NA,NA,NA
"uniform_k1",8290,"BGLAP",0.000139973984731978,NA,NA,NA
"uniform_k1",8291,"PPARA",0.00137693094911007,NA,NA,NA
"uniform_k1",8292,"GCLM",0,NA,NA,NA
"uniform_k1",8293,"GAA",0,NA,NA,NA
"uniform_k1",8294,"AKR1D1",0.0010662752740489,NA,NA,NA
"uniform_k1",8295,"BIRC5",3.23786530762593e-05,NA,NA,NA
"uniform_k1",8296,"RNASE1",0,NA,NA,NA
"uniform_k1",8297,"CNR1",0.000234330328976462,NA,NA,NA
"uniform_k1",8298,"HRH3",0,NA,NA,NA
"uniform_k1",8299,"PDK1",0,NA,NA,NA
"uniform_k1",8300,"LPO",0,NA,NA,NA
"uniform_k1",8301,"SLC5A5",3.67365014874999e-06,NA,NA,NA
"uniform_k1",8302,"KCNN2",6.33510621184108e-07,NA,NA,NA
"uniform_k1",8303,"GRIA2",6.42468498274207e-05,NA,NA,NA
"uniform_k1",8304,"MYC",0.000561856827766771,NA,NA,NA
"uniform_k1",8305,"CDKN1B",8.87190608878097e-06,NA,NA,NA
"uniform_k1",8306,"GAMT",4.09153874207924e-05,NA,NA,NA
"uniform_k1",8307,"PTH",0.00019439506068486,NA,NA,NA
"uniform_k1",8308,"FABP3",6.33463026478154e-07,NA,NA,NA
"uniform_k1",8309,"JUN",0.000712792808186147,NA,NA,NA
"uniform_k1",8310,"CYP19A1",0.000459651716543275,NA,NA,NA
"uniform_k1",8311,"PTGER4",5.57531554357116e-06,NA,NA,NA
"uniform_k1",8312,"NR1H4",0.000150320210463128,NA,NA,NA
"uniform_k1",8313,"BDNF",0.000792185293056469,NA,NA,NA
"uniform_k1",8314,"DRD4",1.19735525129228e-05,NA,NA,NA
"uniform_k1",8315,"NFATC1",5.51292228962996e-05,NA,NA,NA
"uniform_k1",8316,"NGF",7.00958583023104e-05,NA,NA,NA
"uniform_k1",8317,"COX5B",5.70133156496677e-06,NA,NA,NA
"uniform_k1",8318,"CTSD",0.000133066364187417,NA,NA,NA
"uniform_k1",8319,"HIF1AN",8.74219236624008e-06,NA,NA,NA
"uniform_k1",8320,"GSTA2",5.30422370040862e-05,NA,NA,NA
"uniform_k1",8321,"CXADR",1.64676675717956e-06,NA,NA,NA
"uniform_k1",8322,"PTP4A1",0,NA,NA,NA
"uniform_k1",8323,"ZEB2",0,NA,NA,NA
"uniform_k1",8324,"PDE4D",1.08964365290731e-05,NA,NA,NA
"uniform_k1",8325,"NR1H2",0,NA,NA,NA
"uniform_k1",8326,"NFE2L2",7.2947073822438e-05,NA,NA,NA
"uniform_k1",8327,"ADRA2C",1.26052450867276e-05,NA,NA,NA
"uniform_k1",8328,"CDT1",1.38729255214631e-05,NA,NA,NA
"uniform_k1",8329,"S100A7A",0,NA,NA,NA
"uniform_k1",8330,"SCN2B",0,NA,NA,NA
"uniform_k1",8331,"CNR2",0,NA,NA,NA
"uniform_k1",8332,"FKRP",0,NA,NA,NA
"uniform_k1",8333,"HGF",0,NA,NA,NA
"uniform_k1",8334,"ACSL4",0,NA,NA,NA
"uniform_k1",8335,"MSI1",0,NA,NA,NA
"uniform_k1",8336,"GGCX",3.08495731728975e-05,NA,NA,NA
"uniform_k1",8337,"HRH1",0,NA,NA,NA
"uniform_k1",8338,"GCA",0.000913104018283151,NA,NA,NA
"uniform_k1",8339,"HK2",0.000296209764147126,NA,NA,NA
"uniform_k1",8340,"TRPM7",0,NA,NA,NA
"uniform_k1",8341,"MARK4",0,NA,NA,NA
"uniform_k1",8342,"SERPINE1",0.000106720941403182,NA,NA,NA
"uniform_k1",8343,"AKR1B1",1.36198355478179e-05,NA,NA,NA
"uniform_k1",8344,"NCOA2",3.54820525111377e-05,NA,NA,NA
"uniform_k1",8345,"SLCO1B1",3.08486910148842e-05,NA,NA,NA
"uniform_k1",8346,"ADORA2B",0,NA,NA,NA
"uniform_k1",8347,"BCHE",1.59661831168334e-05,NA,NA,NA
"uniform_k1",8348,"TAC1",0.001463424927591,NA,NA,NA
"uniform_k1",8349,"GSK3A",9.50447229808304e-07,NA,NA,NA
"uniform_k1",8350,"STAT3",0.000956982443180987,NA,NA,NA
"uniform_k1",8351,"STAT1",0.000487010105838959,NA,NA,NA
"uniform_k1",8352,"SCD",0.000143791042404695,NA,NA,NA
"uniform_k1",8353,"IGFBP3",2.54114516418102e-05,NA,NA,NA
"uniform_k1",8354,"GAMT",4.09153874207924e-05,NA,NA,NA
"uniform_k1",8355,"MAP1LC3A",0,NA,NA,NA
"uniform_k1",8356,"TIMP1",6.97061284626876e-06,NA,NA,NA
"uniform_k1",8357,"S100A7A",0,NA,NA,NA
"uniform_k1",8358,"EGR1",5.67823039951953e-05,NA,NA,NA
"uniform_k1",8359,"PDE3B",4.40978259571567e-05,NA,NA,NA
"uniform_k1",8360,"CXCL10",6.0199614313472e-06,NA,NA,NA
"uniform_k1",8361,"GLDC",4.87735973941916e-06,NA,NA,NA
"uniform_k1",8362,"CD14",0,NA,NA,NA
"uniform_k1",8363,"NLRP3",7.47722630090042e-06,NA,NA,NA
"uniform_k1",8364,"PRKAA1",2.85143022038525e-06,NA,NA,NA
"uniform_k1",8365,"CD80",0,NA,NA,NA
"uniform_k1",8366,"NOX4",3.0792080655373e-05,NA,NA,NA
"uniform_k1",8367,"SRI",0,NA,NA,NA
"uniform_k1",8368,"EIF4E",1.3685843489597e-05,NA,NA,NA
"uniform_k1",8369,"LRAT",5.06328770298881e-05,NA,NA,NA
"uniform_k1",8370,"AGXT",0.000106059050095864,NA,NA,NA
"uniform_k1",8371,"PPARD",4.39109792027548e-05,NA,NA,NA
"uniform_k1",8372,"RAPGEF4",2.51523475149895e-05,NA,NA,NA
"uniform_k1",8373,"EIF2S1",0.000110140192739028,NA,NA,NA
"uniform_k1",8374,"KCNMB4",0,NA,NA,NA
"uniform_k1",8375,"HTR7",2.21651978515869e-06,NA,NA,NA
"uniform_k1",8376,"TIMP1",6.97061284626876e-06,NA,NA,NA
"uniform_k1",8377,"ATP2B3",0,NA,NA,NA
"uniform_k1",8378,"COL3A1",0,NA,NA,NA
"uniform_k1",8379,"ZEB1",0,NA,NA,NA
"uniform_k1",8380,"ATG7",2.9146658695467e-06,NA,NA,NA
"uniform_k1",8381,"RARG",0,NA,NA,NA
"uniform_k1",8382,"LPCAT2",0,NA,NA,NA
"uniform_k1",8383,"CD86",0,NA,NA,NA
"uniform_k1",8384,"SOX9",0.000102527928081186,NA,NA,NA
"uniform_k1",8385,"RAB5A",9.06001518752308e-06,NA,NA,NA
"uniform_k1",8386,"F2",0.000128821901214549,NA,NA,NA
"uniform_k1",8387,"NNMT",2.43922960370124e-05,NA,NA,NA
"uniform_k1",8388,"NQO1",0.000518240501310552,NA,NA,NA
"uniform_k1",8389,"DKK1",0,NA,NA,NA
"uniform_k1",8390,"ALDH1A2",0,NA,NA,NA
"uniform_k1",8391,"RGN",1.78637354256717e-05,NA,NA,NA
"uniform_k1",8392,"HINT1",4.87617046518452e-06,NA,NA,NA
"uniform_k1",8393,"DNPEP",0,NA,NA,NA
"uniform_k1",8394,"THBS1",7.4650161333345e-05,NA,NA,NA
"uniform_k1",8395,"VTN",6.33650236725458e-07,NA,NA,NA
"uniform_k1",8396,"SPP1",0.000133522093562433,NA,NA,NA
"uniform_k1",8397,"SERPINE1",0.000106720941403182,NA,NA,NA
"uniform_k1",8398,"PPIA",3.28180373492248e-05,NA,NA,NA
"uniform_k1",8399,"ITPR2",6.33550958140106e-07,NA,NA,NA
"uniform_k1",8400,"PTGIS",1.23522684530863e-05,NA,NA,NA
"uniform_k1",8401,"AHR",1.17841620478343e-05,NA,NA,NA
"uniform_k1",8402,"MARK4",0,NA,NA,NA
"uniform_k1",8403,"MYD88",9.12615367376635e-06,NA,NA,NA
"uniform_k1",8404,"TFF2",0,NA,NA,NA
"uniform_k1",8405,"SQLE",9.90930470378126e-05,NA,NA,NA
"uniform_k1",8406,"MGLL",0.000230459075350131,NA,NA,NA
"uniform_k1",8407,"PRL",2.17984549072403e-05,NA,NA,NA
"uniform_k1",8408,"MAP3K7",0.000279295362734966,NA,NA,NA
"uniform_k1",8409,"ACADM",0.000194896326079275,NA,NA,NA
"uniform_k1",8410,"KCNJ10",0,NA,NA,NA
"uniform_k1",8411,"IL1B",0.000829865649814021,NA,NA,NA
"uniform_k1",8412,"RELA",8.98188410365375e-05,NA,NA,NA
"uniform_k1",8413,"NTRK1",3.04810969022906e-05,NA,NA,NA
"uniform_k1",8414,"ACP1",0,NA,NA,NA
"uniform_k1",8415,"CHRNA7",7.98054415862559e-05,NA,NA,NA
"uniform_k1",8416,"F3",4.30244857466677e-05,NA,NA,NA
"uniform_k1",8417,"CX3CR1",0,NA,NA,NA
"uniform_k1",8418,"CYP1B1",1.26701867375623e-06,NA,NA,NA
"uniform_k1",8419,"PNRC2",0,NA,NA,NA
"uniform_k1",8420,"PPP3R1",0,NA,NA,NA
"uniform_k1",8421,"XDH",0.000207347108110545,NA,NA,NA
"uniform_k1",8422,"ALB",0.00274688176313465,NA,NA,NA
"uniform_k1",8423,"GAMT",4.09153874207924e-05,NA,NA,NA
"uniform_k1",8424,"YWHAE",2.37606312166738e-05,NA,NA,NA
"uniform_k1",8425,"GAS6",1.2544836703432e-05,NA,NA,NA
"uniform_k1",8426,"TAC1",0.001463424927591,NA,NA,NA
"uniform_k1",8427,"PAPSS1",0,NA,NA,NA
"uniform_k1",8428,"ACE2",6.17806475236016e-05,NA,NA,NA
"uniform_k1",8429,"SLC7A2",0,NA,NA,NA
"uniform_k1",8430,"CATSPER1",0,NA,NA,NA
"uniform_k1",8431,"PTP4A1",0,NA,NA,NA
"uniform_k1",8432,"ATF5",6.59972627514716e-05,NA,NA,NA
"uniform_k1",8433,"TRPA1",6.7343185876978e-05,NA,NA,NA
"uniform_k1",8434,"CANX",2.08728829651506e-05,NA,NA,NA
"uniform_k1",8435,"NFATC2",1.95162479730282e-05,NA,NA,NA
"uniform_k1",8436,"MMP13",1.63470522265285e-05,NA,NA,NA
"uniform_k1",8437,"LYZ",0,NA,NA,NA
"uniform_k1",8438,"SIRT3",7.24858712728427e-05,NA,NA,NA
"uniform_k1",8439,"IDO1",0.000463661718947295,NA,NA,NA
"uniform_k1",8440,"MAP2",5.57507217935349e-06,NA,NA,NA
"uniform_k1",8441,"SYK",5.32926492629038e-05,NA,NA,NA
"uniform_k1",8442,"NQO1",0.000518240501310552,NA,NA,NA
"uniform_k1",8443,"PEMT",2.1976081664099e-05,NA,NA,NA
"uniform_k1",8444,"HSD17B2",0,NA,NA,NA
"uniform_k1",8445,"CALCR",3.30019686509697e-05,NA,NA,NA
"uniform_k1",8446,"PDE4B",1.76110095406745e-05,NA,NA,NA
"uniform_k1",8447,"GYPA",0.000261429870861529,NA,NA,NA
"uniform_k1",8448,"MYD88",9.12615367376635e-06,NA,NA,NA
"uniform_k1",8449,"HTR2B",3.80070954153489e-06,NA,NA,NA
"uniform_k1",8450,"DGKA",5.13043205019326e-06,NA,NA,NA
"uniform_k1",8451,"PDE3B",4.40978259571567e-05,NA,NA,NA
"uniform_k1",8452,"SLC5A1",1.62831065815272e-05,NA,NA,NA
"uniform_k1",8453,"FGF2",4.67782227966396e-05,NA,NA,NA
"uniform_k1",8454,"HTR7",2.21651978515869e-06,NA,NA,NA
"uniform_k1",8455,"CSF3",4.44861479179659e-05,NA,NA,NA
"uniform_k1",8456,"GPER1",8.61720038791702e-06,NA,NA,NA
"uniform_k1",8457,"FABP3",6.33463026478154e-07,NA,NA,NA
"uniform_k1",8458,"KCNH2",0.000463751185241779,NA,NA,NA
"uniform_k1",8459,"ATIC",0.0011952594694814,NA,NA,NA
"uniform_k1",8460,"COX7B",0,NA,NA,NA
"uniform_k1",8461,"GSS",1.96391900666448e-05,NA,NA,NA
"uniform_k1",8462,"ABCC9",1.45674367513227e-06,NA,NA,NA
"uniform_k1",8463,"PLB1",0.00110895479500295,NA,NA,NA
"uniform_k1",8464,"MDH2",0.000134051798597046,NA,NA,NA
"uniform_k1",8465,"ICAM2",0,NA,NA,NA
"uniform_k1",8466,"GABRA2",5.10094626082758e-05,NA,NA,NA
"uniform_k1",8467,"NNT",0,NA,NA,NA
"uniform_k1",8468,"UCP1",0,NA,NA,NA
"uniform_k1",8469,"ESR2",7.37049367650622e-05,NA,NA,NA
"uniform_k1",8470,"CDH1",0.000350253039747228,NA,NA,NA
"uniform_k1",8471,"NPR1",8.07015894644936e-05,NA,NA,NA
"uniform_k1",8472,"ALDOA",1.76112505224646e-05,NA,NA,NA
"uniform_k1",8473,"ADH7",0,NA,NA,NA
"uniform_k1",8474,"PDE2A",0,NA,NA,NA
"uniform_k1",8475,"ACP1",0,NA,NA,NA
"uniform_k1",8476,"RUNX3",2.26216416990832e-05,NA,NA,NA
"uniform_k1",8477,"AMY1B",0.00114246836222298,NA,NA,NA
"uniform_k1",8478,"ACADM",0.000194896326079275,NA,NA,NA
"uniform_k1",8479,"ADRA1B",0,NA,NA,NA
"uniform_k1",8480,"PNRC2",0,NA,NA,NA
"uniform_k1",8481,"CDC25A",1.90080256301517e-06,NA,NA,NA
"uniform_k1",8482,"PLB1",0.00110895479500295,NA,NA,NA
"uniform_k1",8483,"HDAC5",0,NA,NA,NA
"uniform_k1",8484,"CYP11B1",0,NA,NA,NA
"uniform_k1",8485,"ALDH1A3",0,NA,NA,NA
"uniform_k1",8486,"PHB2",3.20568660923115e-05,NA,NA,NA
"uniform_k1",8487,"UCP3",0,NA,NA,NA
"uniform_k1",8488,"COL1A1",0.000181222784889745,NA,NA,NA
"uniform_k1",8489,"ATG12",0,NA,NA,NA
"uniform_k1",8490,"PRKAB2",0,NA,NA,NA
"uniform_k1",8491,"S100A13",2.28031262317074e-06,NA,NA,NA
"uniform_k1",8492,"CACNA1C",0.000498320638157024,NA,NA,NA
"uniform_k1",8493,"FTH1",3.16391560746254e-05,NA,NA,NA
"uniform_k1",8494,"ABCB1",2.07166464523123e-05,NA,NA,NA
"uniform_k1",8495,"ABCC9",1.45674367513227e-06,NA,NA,NA
"uniform_k1",8496,"PSMD11",6.3344408685051e-07,NA,NA,NA
"uniform_k1",8497,"GRIA4",0,NA,NA,NA
"uniform_k1",8498,"PTGS2",0.00143001964027745,NA,NA,NA
"uniform_k1",8499,"SLC18A2",1.33665330134258e-05,NA,NA,NA
"uniform_k1",8500,"PAPSS2",2.08994383624761e-05,NA,NA,NA
"uniform_k1",8501,"PRDX5",0,NA,NA,NA
"uniform_k1",8502,"PDE2A",0,NA,NA,NA
"uniform_k1",8503,"HTR1A",8.14355352558582e-05,NA,NA,NA
"uniform_k1",8504,"GRIK1",0,NA,NA,NA
"uniform_k1",8505,"NLRP3",7.47722630090042e-06,NA,NA,NA
"uniform_k1",8506,"ABCB1",2.07166464523123e-05,NA,NA,NA
"uniform_k1",8507,"RYR2",4.78345186669671e-05,NA,NA,NA
"uniform_k1",8508,"CACNA1E",0,NA,NA,NA
"uniform_k1",8509,"TRPM4",3.67379046295468e-05,NA,NA,NA
"uniform_k1",8510,"IL10",0.000109475292591865,NA,NA,NA
"uniform_k1",8511,"HSD17B2",0,NA,NA,NA
"uniform_k1",8512,"GPR83",0,NA,NA,NA
"uniform_k1",8513,"HDAC6",0.00238463941154432,NA,NA,NA
"uniform_k1",8514,"GRIN2C",0,NA,NA,NA
"uniform_k1",8515,"CAPN10",0.000977887184816284,NA,NA,NA
"uniform_k1",8516,"GSTM2",0,NA,NA,NA
"uniform_k1",8517,"SLCO1A2",6.33397825744453e-07,NA,NA,NA
"uniform_k1",8518,"HTR2A",4.49190304361302e-05,NA,NA,NA
"uniform_k1",8519,"ATF3",8.55513091113647e-06,NA,NA,NA
"uniform_k1",8520,"MAP3K7",0.000279295362734966,NA,NA,NA
"uniform_k1",8521,"PLA2G4A",0.000158908171599248,NA,NA,NA
"uniform_k1",8522,"MYLK",7.38323399127605e-05,NA,NA,NA
"uniform_k1",8523,"ASPA",0,NA,NA,NA
"uniform_k1",8524,"CCND3",6.33604306909952e-07,NA,NA,NA
"uniform_k1",8525,"DNPEP",0,NA,NA,NA
"uniform_k1",8526,"CALML5",7.42946995627713e-05,NA,NA,NA
"uniform_k1",8527,"BDNF",0.000792185293056469,NA,NA,NA
"uniform_k1",8528,"CD36",0.000286748685116911,NA,NA,NA
"uniform_k1",8529,"GYPA",0.000261429870861529,NA,NA,NA
"uniform_k1",8530,"CHRNA3",2.85056538062989e-06,NA,NA,NA
"uniform_k1",8531,"CHRNB3",0,NA,NA,NA
"uniform_k1",8532,"INS",0.00437927624027923,NA,NA,NA
"uniform_k1",8533,"TRAF6",3.65690661311424e-05,NA,NA,NA
"uniform_k1",8534,"PTGER3",1.07329013246948e-05,NA,NA,NA
"uniform_k1",8535,"KCNC2",0,NA,NA,NA
"uniform_k1",8536,"CACNB1",0,NA,NA,NA
"uniform_k1",8537,"RRM1",0.000117817230330219,NA,NA,NA
"uniform_k1",8538,"SMO",0,NA,NA,NA
"uniform_k1",8539,"SLC2A4",1.81861109559422e-05,NA,NA,NA
"uniform_k1",8540,"PRKACA",0.00408086083662407,NA,NA,NA
"uniform_k1",8541,"OAZ1",0,NA,NA,NA
"uniform_k1",8542,"TH",0.000370274680685401,NA,NA,NA
"uniform_k1",8543,"PPARA",0.00137693094911007,NA,NA,NA
"uniform_k1",8544,"IGFBP3",2.54114516418102e-05,NA,NA,NA
"uniform_k1",8545,"KRT2",0,NA,NA,NA
"uniform_k1",8546,"CYP3A5",2.12871813713988e-05,NA,NA,NA
"uniform_k1",8547,"CXCL8",0.000252410434066541,NA,NA,NA
"uniform_k1",8548,"ALDOA",1.76112505224646e-05,NA,NA,NA
"uniform_k1",8549,"BACE1",5.67015318772013e-05,NA,NA,NA
"uniform_k1",8550,"CYP2E1",0.000529547743911452,NA,NA,NA
"uniform_k1",8551,"NNT",0,NA,NA,NA
"uniform_k1",8552,"SLC2A4",1.81861109559422e-05,NA,NA,NA
"uniform_k1",8553,"JAK2",0.000791453142699572,NA,NA,NA
"uniform_k1",8554,"SCN5A",0.000167082927235662,NA,NA,NA
"uniform_k1",8555,"ACTR2",9.50262921906031e-06,NA,NA,NA
"uniform_k1",8556,"SYK",5.32926492629038e-05,NA,NA,NA
"uniform_k1",8557,"CELF1",0,NA,NA,NA
"uniform_k1",8558,"FN1",0.00237698824343124,NA,NA,NA
"uniform_k1",8559,"CXCL2",0,NA,NA,NA
"uniform_k1",8560,"CAPN10",0.000977887184816284,NA,NA,NA
"uniform_k1",8561,"CDT1",1.38729255214631e-05,NA,NA,NA
"uniform_k1",8562,"CYP3A5",2.12871813713988e-05,NA,NA,NA
"uniform_k1",8563,"ACPP",0,NA,NA,NA
"uniform_k1",8564,"VWF",5.62078033525815e-05,NA,NA,NA
"uniform_k1",8565,"CLIP1",0,NA,NA,NA
"uniform_k1",8566,"BECN1",8.42248076059482e-05,NA,NA,NA
"uniform_k1",8567,"CYC1",4.87786738601059e-06,NA,NA,NA
"uniform_k1",8568,"MMP11",6.33353078760557e-07,NA,NA,NA
"uniform_k1",8569,"KCND2",2.72386185307116e-06,NA,NA,NA
"uniform_k1",8570,"KDM1A",0,NA,NA,NA
"uniform_k1",8571,"CD44",0.000889730591565385,NA,NA,NA
"uniform_k1",8572,"OAT",1.33641726925982e-05,NA,NA,NA
"uniform_k1",8573,"ACSS2",8.1011205171122e-05,NA,NA,NA
"uniform_k1",8574,"GABRR1",0.000892072607181937,NA,NA,NA
"uniform_k1",8575,"GOT2",0.00078289580737978,NA,NA,NA
"uniform_k1",8576,"THBD",8.99612495086632e-06,NA,NA,NA
"uniform_k1",8577,"CYBA",0,NA,NA,NA
"uniform_k1",8578,"ABCG2",0.00154702083903102,NA,NA,NA
"uniform_k1",8579,"SEMA3A",6.84073768231208e-06,NA,NA,NA
"uniform_k1",8580,"F12",0,NA,NA,NA
"uniform_k1",8581,"SCN1A",4.8526600018195e-05,NA,NA,NA
"uniform_k1",8582,"AHCYL1",1.90022934498657e-06,NA,NA,NA
"uniform_k1",8583,"OPRD1",0,NA,NA,NA
"uniform_k1",8584,"AKR1C4",0,NA,NA,NA
"uniform_k1",8585,"RDH5",1.18445408441303e-05,NA,NA,NA
"uniform_k1",8586,"DIO1",0,NA,NA,NA
"uniform_k1",8587,"CXCL13",0,NA,NA,NA
"uniform_k1",8588,"TOP1",1.90060302329709e-06,NA,NA,NA
"uniform_k1",8589,"AXL",2.56876487623181e-05,NA,NA,NA
"uniform_k1",8590,"PLEK",3.16787882370662e-06,NA,NA,NA
"uniform_k1",8591,"TFR2",1.9001036434263e-06,NA,NA,NA
"uniform_k1",8592,"MTTP",6.39846903005559e-06,NA,NA,NA
"uniform_k1",8593,"GABRB2",0,NA,NA,NA
"uniform_k1",8594,"ANPEP",7.21688108924479e-05,NA,NA,NA
"uniform_k1",8595,"MUC5AC",6.33425870422144e-07,NA,NA,NA
"uniform_k1",8596,"ALDH1A1",0.000768800994206509,NA,NA,NA
"uniform_k1",8597,"PPIA",3.28180373492248e-05,NA,NA,NA
"uniform_k1",8598,"SLC2A4",1.81861109559422e-05,NA,NA,NA
"uniform_k1",8599,"MAP3K5",7.04706361130958e-05,NA,NA,NA
"uniform_k1",8600,"CFLAR",6.33631245472444e-07,NA,NA,NA
"uniform_k1",8601,"CYP2C19",1.83094707274511e-05,NA,NA,NA
"uniform_k1",8602,"KRAS",0.00012277649828063,NA,NA,NA
"uniform_k1",8603,"NR4A1",4.04919306976614e-05,NA,NA,NA
"uniform_k1",8604,"LMNB1",7.2866286621176e-06,NA,NA,NA
"uniform_k1",8605,"VTN",6.33650236725458e-07,NA,NA,NA
"uniform_k1",8606,"ORM2",0,NA,NA,NA
"uniform_k1",8607,"NFKBIE",0,NA,NA,NA
"uniform_k1",8608,"CCL22",0,NA,NA,NA
"uniform_k1",8609,"RPL17",9.4906952489815e-05,NA,NA,NA
"uniform_k1",8610,"SCN5A",0.000167082927235662,NA,NA,NA
"uniform_k1",8611,"F10",1.53928141654047e-05,NA,NA,NA
"uniform_k1",8612,"HTR2C",1.81821061465692e-05,NA,NA,NA
"uniform_k1",8613,"GAP43",5.95559822758052e-06,NA,NA,NA
"uniform_k1",8614,"PDE4A",1.34575381137703e-05,NA,NA,NA
"uniform_k1",8615,"FKBP1A",0.000367396925605612,NA,NA,NA
"uniform_k1",8616,"IGF1R",3.6000843736117e-05,NA,NA,NA
"uniform_k1",8617,"LMNB1",7.2866286621176e-06,NA,NA,NA
"uniform_k1",8618,"CCL2",3.6509767629811e-05,NA,NA,NA
"uniform_k1",8619,"ADRA2C",1.26052450867276e-05,NA,NA,NA
"uniform_k1",8620,"TPMT",8.77949444514359e-05,NA,NA,NA
"uniform_k1",8621,"TRPV3",0,NA,NA,NA
"uniform_k1",8622,"NISCH",0,NA,NA,NA
"uniform_k1",8623,"GCLC",8.05799891081538e-05,NA,NA,NA
"uniform_k1",8624,"SRI",0,NA,NA,NA
"uniform_k1",8625,"MAPK8IP1",9.56119621767781e-05,NA,NA,NA
"uniform_k1",8626,"IDO1",0.000463661718947295,NA,NA,NA
"uniform_k1",8627,"AANAT",0,NA,NA,NA
"uniform_k1",8628,"EIF2AK2",0.000116554297583948,NA,NA,NA
"uniform_k1",8629,"EBP",6.01605713679287e-06,NA,NA,NA
"uniform_k1",8630,"VTN",6.33650236725458e-07,NA,NA,NA
"uniform_k1",8631,"CASP1",0.00024876408303065,NA,NA,NA
"uniform_k1",8632,"BMPR2",8.59954951424324e-05,NA,NA,NA
"uniform_k1",8633,"CD55",7.47448208604506e-06,NA,NA,NA
"uniform_k1",8634,"BHLHE40",0,NA,NA,NA
"uniform_k1",8635,"ATG12",0,NA,NA,NA
"uniform_k1",8636,"LPCAT2",0,NA,NA,NA
"uniform_k1",8637,"ADORA2A",0.00134091820301629,NA,NA,NA
"uniform_k1",8638,"FABP3",6.33463026478154e-07,NA,NA,NA
"uniform_k1",8639,"MYH7",2.03333890326229e-05,NA,NA,NA
"uniform_k1",8640,"UCP2",2.4330049283483e-05,NA,NA,NA
"uniform_k1",8641,"DLG4",0.000800645688133095,NA,NA,NA
"uniform_k1",8642,"IGFBP3",2.54114516418102e-05,NA,NA,NA
"uniform_k1",8643,"CKB",5.32096942710281e-05,NA,NA,NA
"uniform_k1",8644,"NNT",0,NA,NA,NA
"uniform_k1",8645,"CD40",1.65401335883164e-05,NA,NA,NA
"uniform_k1",8646,"VIM",5.2598025607753e-05,NA,NA,NA
"uniform_k1",8647,"JDP2",0,NA,NA,NA
"uniform_k1",8648,"PTGS1",0.0001138588382259,NA,NA,NA
"uniform_k1",8649,"IL4",0.000213216805235672,NA,NA,NA
"uniform_k1",8650,"HNF1A",0.00122815220873107,NA,NA,NA
"uniform_k1",8651,"CNR1",0.000234330328976462,NA,NA,NA
"uniform_k1",8652,"POLE4",6.33352637668949e-07,NA,NA,NA
"uniform_k1",8653,"VIM",5.2598025607753e-05,NA,NA,NA
"uniform_k1",8654,"AKR1B10",1.92579176795382e-05,NA,NA,NA
"uniform_k1",8655,"HDAC6",0.00238463941154432,NA,NA,NA
"uniform_k1",8656,"AKR1A1",6.17051045759265e-06,NA,NA,NA
"uniform_k1",8657,"DSPP",0,NA,NA,NA
"uniform_k1",8658,"TACR1",0,NA,NA,NA
"uniform_k1",8659,"FOXO3",4.79174602721066e-05,NA,NA,NA
"uniform_k1",8660,"CACNG1",0,NA,NA,NA
"uniform_k1",8661,"PLG",0.000475913758970048,NA,NA,NA
"uniform_k1",8662,"NPPB",3.61091583611639e-06,NA,NA,NA
"uniform_k1",8663,"ITGAL",2.85118848919463e-06,NA,NA,NA
"uniform_k1",8664,"DKK1",0,NA,NA,NA
"uniform_k1",8665,"GCA",0.000913104018283151,NA,NA,NA
"uniform_k1",8666,"LPL",0.000483720734164583,NA,NA,NA
"uniform_k1",8667,"UGT1A1",6.43666731126036e-05,NA,NA,NA
"uniform_k1",8668,"KDM1A",0,NA,NA,NA
"uniform_k1",8669,"NFATC3",3.48468834243665e-06,NA,NA,NA
"uniform_k1",8670,"BIRC3",6.3362084734564e-07,NA,NA,NA
"uniform_k1",8671,"GABRB3",0.000120726283226125,NA,NA,NA
"uniform_k1",8672,"HLA-B",6.33520976234259e-07,NA,NA,NA
"uniform_k1",8673,"HNRNPA1",0.0011965986405017,NA,NA,NA
"uniform_k1",8674,"CHRM2",2.51721592002818e-05,NA,NA,NA
"uniform_k1",8675,"CDKN1B",8.87190608878097e-06,NA,NA,NA
"uniform_k1",8676,"PRKAG2",0.00023019859617357,NA,NA,NA
"uniform_k1",8677,"DNM1L",6.33522741710912e-07,NA,NA,NA
"uniform_k1",8678,"FGF2",4.67782227966396e-05,NA,NA,NA
"uniform_k1",8679,"CMA1",0,NA,NA,NA
"uniform_k1",8680,"CACNG4",8.23535373972728e-06,NA,NA,NA
"uniform_k1",8681,"CHEK2",2.4076159734765e-06,NA,NA,NA
"uniform_k1",8682,"GRIK2",0,NA,NA,NA
"uniform_k1",8683,"ORM1",1.43183478092945e-05,NA,NA,NA
"uniform_k1",8684,"CALML5",7.42946995627713e-05,NA,NA,NA
"uniform_k1",8685,"GABRG2",6.25131802217682e-05,NA,NA,NA
"uniform_k1",8686,"MAPK14",6.8388883402215e-05,NA,NA,NA
"uniform_k1",8687,"IFNG",3.71450469081047e-05,NA,NA,NA
"uniform_k1",8688,"CBR3",0,NA,NA,NA
"uniform_k1",8689,"NGF",7.00958583023104e-05,NA,NA,NA
"uniform_k1",8690,"GABRB3",0.000120726283226125,NA,NA,NA
"uniform_k1",8691,"CACNB3",0,NA,NA,NA
"uniform_k1",8692,"CACNB2",2.53388741833227e-06,NA,NA,NA
"uniform_k1",8693,"SIRT1",0.000506319994551752,NA,NA,NA
"uniform_k1",8694,"PDXK",0.00104366135249789,NA,NA,NA
"uniform_k1",8695,"TUBG1",1.58373381198285e-06,NA,NA,NA
"uniform_k1",8696,"CHRNB2",1.93198243616521e-05,NA,NA,NA
"uniform_k1",8697,"PPP2CA",7.29428022572254e-05,NA,NA,NA
"uniform_k1",8698,"ABCC1",0,NA,NA,NA
"uniform_k1",8699,"GSTM2",0,NA,NA,NA
"uniform_k1",8700,"PLA2G7",0.00013847975796788,NA,NA,NA
"uniform_k1",8701,"FABP4",8.52242665472236e-05,NA,NA,NA
"uniform_k1",8702,"CDKN1C",1.58390438897982e-06,NA,NA,NA
"uniform_k1",8703,"P2RX7",5.59297818042426e-05,NA,NA,NA
"uniform_k1",8704,"SERPINE1",0.000106720941403182,NA,NA,NA
"uniform_k1",8705,"IMPDH1",3.87605638363375e-05,NA,NA,NA
"uniform_k1",8706,"TOP1",1.90060302329709e-06,NA,NA,NA
"uniform_k1",8707,"ALAD",1.1590275771578e-05,NA,NA,NA
"uniform_k1",8708,"PTGES2",2.81266331965124e-05,NA,NA,NA
"uniform_k1",8709,"CHRM1",6.15364589550138e-05,NA,NA,NA
"uniform_k1",8710,"ZEB2",0,NA,NA,NA
"uniform_k1",8711,"TFF1",9.5019484058767e-07,NA,NA,NA
"uniform_k1",8712,"CDC25A",1.90080256301517e-06,NA,NA,NA
"uniform_k1",8713,"LEF1",5.06903005115245e-06,NA,NA,NA
"uniform_k1",8714,"CYP2C8",0,NA,NA,NA
"uniform_k1",8715,"TNFRSF1A",1.26749186291075e-05,NA,NA,NA
"uniform_k1",8716,"ADCY1",8.87083575196179e-06,NA,NA,NA
"uniform_k1",8717,"SLC6A2",0,NA,NA,NA
"uniform_k1",8718,"NRP1",0.000102455056317119,NA,NA,NA
"uniform_k1",8719,"INSR",1.12798026006278e-05,NA,NA,NA
"uniform_k1",8720,"ASPA",0,NA,NA,NA
"uniform_k1",8721,"CALCR",3.30019686509697e-05,NA,NA,NA
"uniform_k1",8722,"GCG",0.000221045982158996,NA,NA,NA
"uniform_k1",8723,"TNFAIP6",4.94186435140431e-06,NA,NA,NA
"uniform_k1",8724,"CAPN10",0.000977887184816284,NA,NA,NA
"uniform_k1",8725,"TRPM7",0,NA,NA,NA
"uniform_k1",8726,"ADAMTS4",0,NA,NA,NA
"uniform_k1",8727,"IMPDH2",1.60872446202109e-05,NA,NA,NA
"uniform_k1",8728,"ADH6",4.11775851749674e-06,NA,NA,NA
"uniform_k1",8729,"MAP3K5",7.04706361130958e-05,NA,NA,NA
"uniform_k1",8730,"RXRB",3.7531212242814e-05,NA,NA,NA
"uniform_k1",8731,"RASGRF1",5.25865086087318e-06,NA,NA,NA
"uniform_k1",8732,"FABP4",8.52242665472236e-05,NA,NA,NA
"uniform_k1",8733,"NUF2",6.20773671455854e-06,NA,NA,NA
"uniform_k1",8734,"GCK",0.000213793988103061,NA,NA,NA
"uniform_k1",8735,"APOD",0.00195383273850436,NA,NA,NA
"uniform_k1",8736,"POLE4",6.33352637668949e-07,NA,NA,NA
"uniform_k1",8737,"IFNG",3.71450469081047e-05,NA,NA,NA
"uniform_k1",8738,"EGF",0.000230000691015642,NA,NA,NA
"uniform_k1",8739,"RDH5",1.18445408441303e-05,NA,NA,NA
"uniform_k1",8740,"AKR1C2",0,NA,NA,NA
"uniform_k1",8741,"NFKB1",0.000211104315194666,NA,NA,NA
"uniform_k1",8742,"PROS1",2.21693788693411e-06,NA,NA,NA
"uniform_k1",8743,"ALAS1",5.9411598420489e-05,NA,NA,NA
"uniform_k1",8744,"AKR1B1",1.36198355478179e-05,NA,NA,NA
"uniform_k1",8745,"RHOA",0.000165621123898174,NA,NA,NA
"uniform_k1",8746,"YY1",6.08348672959114e-06,NA,NA,NA
"uniform_k1",8747,"ABCG8",0,NA,NA,NA
"uniform_k1",8748,"IL17A",0,NA,NA,NA
"uniform_k1",8749,"MMP1",6.13390297496963e-05,NA,NA,NA
"uniform_k1",8750,"TNFRSF1A",1.26749186291075e-05,NA,NA,NA
"uniform_k1",8751,"SFN",1.88836433614448e-05,NA,NA,NA
"uniform_k1",8752,"BTK",0.000119272845312435,NA,NA,NA
"uniform_k1",8753,"COX5A",0,NA,NA,NA
"uniform_k1",8754,"CD274",2.2623615720252e-05,NA,NA,NA
"uniform_k1",8755,"EGF",0.000230000691015642,NA,NA,NA
"uniform_k1",8756,"AQP1",7.97847562783449e-06,NA,NA,NA
"uniform_k1",8757,"POMC",0.00149342435047795,NA,NA,NA
"uniform_k1",8758,"KRAS",0.00012277649828063,NA,NA,NA
"uniform_k1",8759,"GABRG3",0,NA,NA,NA
"uniform_k1",8760,"TRPV1",0.00166711359586047,NA,NA,NA
"uniform_k1",8761,"IL17A",0,NA,NA,NA
"uniform_k1",8762,"SIRT3",7.24858712728427e-05,NA,NA,NA
"uniform_k1",8763,"PRSS1",0.0011573163436972,NA,NA,NA
"uniform_k1",8764,"ZEB2",0,NA,NA,NA
"uniform_k1",8765,"CD86",0,NA,NA,NA
"uniform_k1",8766,"SIGMAR1",0.000141138269685426,NA,NA,NA
"uniform_k1",8767,"IL5",0,NA,NA,NA
"uniform_k1",8768,"PNPLA2",2.72449938232278e-06,NA,NA,NA
"uniform_k1",8769,"PGRMC1",1.54584083279508e-05,NA,NA,NA
"uniform_k1",8770,"SMO",0,NA,NA,NA
"uniform_k1",8771,"GLP1R",3.86497402737884e-06,NA,NA,NA
"uniform_k1",8772,"EPHB6",0,NA,NA,NA
"uniform_k1",8773,"ALDOA",1.76112505224646e-05,NA,NA,NA
"uniform_k1",8774,"SIGMAR1",0.000141138269685426,NA,NA,NA
"uniform_k1",8775,"ATP1A2",4.63378248599655e-05,NA,NA,NA
"uniform_k1",8776,"NAAA",0,NA,NA,NA
"uniform_k1",8777,"MAPK3",0.000389312216340865,NA,NA,NA
"uniform_k1",8778,"PIK3CD",0,NA,NA,NA
"uniform_k1",8779,"AKR1C3",0.000173978783267859,NA,NA,NA
"uniform_k1",8780,"PDE4A",1.34575381137703e-05,NA,NA,NA
"uniform_k1",8781,"BMP4",1.58394663751782e-06,NA,NA,NA
"uniform_k1",8782,"STAT3",0.000956982443180987,NA,NA,NA
"uniform_k1",8783,"POR",3.92763746058788e-05,NA,NA,NA
"uniform_k1",8784,"S100A13",2.28031262317074e-06,NA,NA,NA
"uniform_k1",8785,"GPER1",8.61720038791702e-06,NA,NA,NA
"uniform_k1",8786,"ODC1",0.00121583500905476,NA,NA,NA
"uniform_k1",8787,"BRCA1",0.00150305205251045,NA,NA,NA
"uniform_k1",8788,"NRXN1",6.46433704953875e-05,NA,NA,NA
"uniform_k1",8789,"SLC47A1",0,NA,NA,NA
"uniform_k1",8790,"CD14",0,NA,NA,NA
"uniform_k1",8791,"KRT2",0,NA,NA,NA
"uniform_k1",8792,"METTL3",0,NA,NA,NA
"uniform_k1",8793,"UGT1A1",6.43666731126036e-05,NA,NA,NA
"uniform_k1",8794,"NOS1",0.000381812082027921,NA,NA,NA
"uniform_k1",8795,"ARF5",0,NA,NA,NA
"uniform_k1",8796,"APOB",0.000254184152158166,NA,NA,NA
"uniform_k1",8797,"CASP7",1.26727879179445e-06,NA,NA,NA
"uniform_k1",8798,"RXRA",0.000142637488181885,NA,NA,NA
"uniform_k1",8799,"CACNB1",0,NA,NA,NA
"uniform_k1",8800,"RAPGEF4",2.51523475149895e-05,NA,NA,NA
"uniform_k1",8801,"UQCRC1",5.15309632885819e-05,NA,NA,NA
"uniform_k1",8802,"SRC",0.0010396286840485,NA,NA,NA
"uniform_k1",8803,"CHRNA10",0,NA,NA,NA
"uniform_k1",8804,"CYP2C8",0,NA,NA,NA
"uniform_k1",8805,"MGLL",0.000230459075350131,NA,NA,NA
"uniform_k1",8806,"TRPM3",0,NA,NA,NA
"uniform_k1",8807,"ADRA2C",1.26052450867276e-05,NA,NA,NA
"uniform_k1",8808,"HERC5",0,NA,NA,NA
"uniform_k1",8809,"GSTZ1",0,NA,NA,NA
"uniform_k1",8810,"PDE10A",6.52492584996001e-06,NA,NA,NA
"uniform_k1",8811,"UCP1",0,NA,NA,NA
"uniform_k1",8812,"CSF3",4.44861479179659e-05,NA,NA,NA
"uniform_k1",8813,"SKP2",4.435492915289e-06,NA,NA,NA
"uniform_k1",8814,"ATIC",0.0011952594694814,NA,NA,NA
"uniform_k1",8815,"GLB1",8.47570012040277e-05,NA,NA,NA
"uniform_k1",8816,"SLC7A1",0,NA,NA,NA
"uniform_k1",8817,"ATP1A2",4.63378248599655e-05,NA,NA,NA
"uniform_k1",8818,"HSP90AA1",0.000781176350650004,NA,NA,NA
"uniform_k1",8819,"CSF2",1.26743081751979e-06,NA,NA,NA
"uniform_k1",8820,"CA2",1.50098666125142e-05,NA,NA,NA
"uniform_k1",8821,"PPARG",0.000681665233701723,NA,NA,NA
"uniform_k1",8822,"ACLY",0.000136799781064179,NA,NA,NA
"uniform_k1",8823,"IL6",0.00104909499545724,NA,NA,NA
"uniform_k1",8824,"IFNG",3.71450469081047e-05,NA,NA,NA
"uniform_k1",8825,"CYP17A1",3.31356115126358e-05,NA,NA,NA
"uniform_k1",8826,"HGF",0,NA,NA,NA
"uniform_k1",8827,"CAMP",0.00129691841056656,NA,NA,NA
"uniform_k1",8828,"CXCL10",6.0199614313472e-06,NA,NA,NA
"uniform_k1",8829,"PNPLA2",2.72449938232278e-06,NA,NA,NA
"uniform_k1",8830,"AGT",0.000967403269813816,NA,NA,NA
"uniform_k1",8831,"CALCR",3.30019686509697e-05,NA,NA,NA
"uniform_k1",8832,"BRCA1",0.00150305205251045,NA,NA,NA
"uniform_k1",8833,"EDN1",0.000187385953273167,NA,NA,NA
"uniform_k1",8834,"RRM2B",0,NA,NA,NA
"uniform_k1",8835,"CYP11B2",0.000106525313512962,NA,NA,NA
"uniform_k1",8836,"C3",4.60004945984638e-05,NA,NA,NA
"uniform_k1",8837,"PTPN6",0,NA,NA,NA
"uniform_k1",8838,"CFTR",0.00160265872797649,NA,NA,NA
"uniform_k1",8839,"FOXO1",0.000280307095370635,NA,NA,NA
"uniform_k1",8840,"CACNA1C",0.000498320638157024,NA,NA,NA
"uniform_k1",8841,"TXN",0.000162772847540738,NA,NA,NA
"uniform_k1",8842,"JUNB",0,NA,NA,NA
"uniform_k1",8843,"PTGER1",3.16733579774908e-06,NA,NA,NA
"uniform_k1",8844,"IFNG",3.71450469081047e-05,NA,NA,NA
"uniform_k1",8845,"MAP2K5",0,NA,NA,NA
"uniform_k1",8846,"MYB",0,NA,NA,NA
"uniform_k1",8847,"VCAM1",2.14834315839241e-05,NA,NA,NA
"uniform_k1",8848,"ACLY",0.000136799781064179,NA,NA,NA
"uniform_k1",8849,"MAP1LC3B",8.68078161708752e-06,NA,NA,NA
"uniform_k1",8850,"PON1",7.22265572195013e-06,NA,NA,NA
"uniform_k1",8851,"GABRA6",0,NA,NA,NA
"uniform_k1",8852,"ACHE",0.000111252964972719,NA,NA,NA
"uniform_k1",8853,"ADRB3",5.25856990074569e-06,NA,NA,NA
"uniform_k1",8854,"GCK",0.000213793988103061,NA,NA,NA
"uniform_k1",8855,"TPH1",7.17150924056664e-05,NA,NA,NA
"uniform_k1",8856,"IL1A",0.00038306531858312,NA,NA,NA
"uniform_k1",8857,"FXN",3.98458264223578e-05,NA,NA,NA
"uniform_k1",8858,"RAB5A",9.06001518752308e-06,NA,NA,NA
"uniform_k1",8859,"VEGFC",0,NA,NA,NA
"uniform_k1",8860,"AHR",1.17841620478343e-05,NA,NA,NA
"uniform_k1",8861,"FABP1",2.30624266933654e-05,NA,NA,NA
"uniform_k1",8862,"CHRNA5",1.55794812480847e-05,NA,NA,NA
"uniform_k1",8863,"FDPS",0,NA,NA,NA
"uniform_k1",8864,"NLRP3",7.47722630090042e-06,NA,NA,NA
"uniform_k1",8865,"GSTP1",0.0017997845794786,NA,NA,NA
"uniform_k1",8866,"GRIN3A",0,NA,NA,NA
"uniform_k1",8867,"NCF4",0,NA,NA,NA
"uniform_k1",8868,"CHEK1",1.20395101235182e-05,NA,NA,NA
"uniform_k1",8869,"UGT1A9",0,NA,NA,NA
"uniform_k1",8870,"AHR",1.17841620478343e-05,NA,NA,NA
"uniform_k1",8871,"CAMLG",0,NA,NA,NA
"uniform_k1",8872,"ADH4",0,NA,NA,NA
"uniform_k1",8873,"PRKCG",2.62982428581582e-05,NA,NA,NA
"uniform_k1",8874,"CLDN4",0,NA,NA,NA
"uniform_k1",8875,"MMP10",1.00093054868911e-05,NA,NA,NA
"uniform_k1",8876,"AHR",1.17841620478343e-05,NA,NA,NA
"uniform_k1",8877,"NCOA2",3.54820525111377e-05,NA,NA,NA
"uniform_k1",8878,"TFF1",9.5019484058767e-07,NA,NA,NA
"uniform_k1",8879,"ICAM2",0,NA,NA,NA
"uniform_k1",8880,"CHRNB3",0,NA,NA,NA
"uniform_k1",8881,"CAMP",0.00129691841056656,NA,NA,NA
"uniform_k1",8882,"ZEB2",0,NA,NA,NA
"uniform_k1",8883,"HBA1",2.89514794086232e-05,NA,NA,NA
"uniform_k1",8884,"PTP4A1",0,NA,NA,NA
"uniform_k1",8885,"XIAP",6.16233323891269e-05,NA,NA,NA
"uniform_k1",8886,"PRKCG",2.62982428581582e-05,NA,NA,NA
"uniform_k1",8887,"CAMK4",1.22274351069818e-05,NA,NA,NA
"uniform_k1",8888,"GLUD1",0.00010300883354164,NA,NA,NA
"uniform_k1",8889,"BACE1",5.67015318772013e-05,NA,NA,NA
"uniform_k1",8890,"POMC",0.00149342435047795,NA,NA,NA
"uniform_k1",8891,"APAF1",0,NA,NA,NA
"uniform_k1",8892,"ATP5F1E",7.91669737976175e-06,NA,NA,NA
"uniform_k1",8893,"TIGAR",0,NA,NA,NA
"uniform_k1",8894,"RASSF1",1.82470571705728e-05,NA,NA,NA
"uniform_k1",8895,"IMPDH1",3.87605638363375e-05,NA,NA,NA
"uniform_k1",8896,"CBR1",3.06594182049036e-05,NA,NA,NA
"uniform_k1",8897,"ICAM2",0,NA,NA,NA
"uniform_k1",8898,"NCF1",8.14327396577719e-05,NA,NA,NA
"uniform_k1",8899,"MYB",0,NA,NA,NA
"uniform_k1",8900,"CACNB4",5.59340801313812e-05,NA,NA,NA
"uniform_k1",8901,"ELOVL6",0,NA,NA,NA
"uniform_k1",8902,"HAS2",0,NA,NA,NA
"uniform_k1",8903,"PRL",2.17984549072403e-05,NA,NA,NA
"uniform_k1",8904,"CAMK2G",0,NA,NA,NA
"uniform_k1",8905,"JAK2",0.000791453142699572,NA,NA,NA
"uniform_k1",8906,"CACNA1H",5.72384790692437e-05,NA,NA,NA
"uniform_k1",8907,"IL18",2.23696138260676e-05,NA,NA,NA
"uniform_k1",8908,"BMP2",1.27361599282505e-05,NA,NA,NA
"uniform_k1",8909,"PLSCR1",0,NA,NA,NA
"uniform_k1",8910,"SOD1",0.00055040968937059,NA,NA,NA
"uniform_k1",8911,"CRP",0.00025559836793676,NA,NA,NA
"uniform_k1",8912,"CYP3A4",0.000708964295377368,NA,NA,NA
"uniform_k1",8913,"AQP3",0,NA,NA,NA
"uniform_k1",8914,"TEK",0,NA,NA,NA
"uniform_k1",8915,"S100A7",0.00101836981567682,NA,NA,NA
"uniform_k1",8916,"PDE4B",1.76110095406745e-05,NA,NA,NA
"uniform_k1",8917,"DNMT3B",1.03906004091936e-05,NA,NA,NA
"uniform_k1",8918,"PROM1",0.00127729251749653,NA,NA,NA
"uniform_k1",8919,"NEIL1",0,NA,NA,NA
"uniform_k1",8920,"SLPI",0,NA,NA,NA
"uniform_k1",8921,"NOD2",2.72727341009693e-05,NA,NA,NA
"uniform_k1",8922,"ACTR1A",0.00117031116279964,NA,NA,NA
"uniform_k1",8923,"C3",4.60004945984638e-05,NA,NA,NA
"uniform_k1",8924,"GRIK1",0,NA,NA,NA
"uniform_k1",8925,"OPRD1",0,NA,NA,NA
"uniform_k1",8926,"CYB5A",5.4039383747595e-05,NA,NA,NA
"uniform_k1",8927,"TGFA",3.48528190785569e-06,NA,NA,NA
"uniform_k1",8928,"MCL1",1.67940085561424e-05,NA,NA,NA
"uniform_k1",8929,"AMY1B",0.00114246836222298,NA,NA,NA
"uniform_k1",8930,"SCN4B",6.14500670026441e-06,NA,NA,NA
"uniform_k1",8931,"CASP7",1.26727879179445e-06,NA,NA,NA
"uniform_k1",8932,"TRPM3",0,NA,NA,NA
"uniform_k1",8933,"POLA1",6.90421997273649e-06,NA,NA,NA
"uniform_k1",8934,"ICAM1",0.000172524776509531,NA,NA,NA
"uniform_k1",8935,"CASP8",8.23939107075233e-06,NA,NA,NA
"uniform_k1",8936,"APP",0.00112835552814228,NA,NA,NA
"uniform_k1",8937,"MAP2K7",3.16786999277063e-06,NA,NA,NA
"uniform_k1",8938,"SLC6A8",0,NA,NA,NA
"uniform_k1",8939,"REN",0.000113239453789604,NA,NA,NA
"uniform_k1",8940,"APOA4",2.27717166977337e-05,NA,NA,NA
"uniform_k1",8941,"MAP2K1",0,NA,NA,NA
"uniform_k1",8942,"HCN4",0.00104282749963691,NA,NA,NA
"uniform_k1",8943,"TYR",3.79481492692735e-05,NA,NA,NA
"uniform_k1",8944,"KCNA5",1.99569664441901e-05,NA,NA,NA
"uniform_k1",8945,"MAP2K7",3.16786999277063e-06,NA,NA,NA
"uniform_k1",8946,"CRYZ",0,NA,NA,NA
"uniform_k1",8947,"GP6",2.19854467736758e-05,NA,NA,NA
"uniform_k1",8948,"THBD",8.99612495086632e-06,NA,NA,NA
"uniform_k1",8949,"CYBA",0,NA,NA,NA
"uniform_k1",8950,"FN1",0.00237698824343124,NA,NA,NA
"uniform_k1",8951,"MYB",0,NA,NA,NA
"uniform_k1",8952,"NR1H3",0,NA,NA,NA
"uniform_k1",8953,"CYP51A1",3.41436506348103e-05,NA,NA,NA
"uniform_k1",8954,"ADH7",0,NA,NA,NA
"uniform_k1",8955,"SLC18A2",1.33665330134258e-05,NA,NA,NA
"uniform_k1",8956,"SCN2A",9.6829057864789e-05,NA,NA,NA
"uniform_k1",8957,"PTGS1",0.0001138588382259,NA,NA,NA
"uniform_k1",8958,"NANOG",9.82225146706206e-06,NA,NA,NA
"uniform_k1",8959,"ACTB",0.0035966824210889,NA,NA,NA
"uniform_k1",8960,"PLB1",0.00110895479500295,NA,NA,NA
"uniform_k1",8961,"PGR",2.93426634963012e-05,NA,NA,NA
"uniform_k1",8962,"LYZ",0,NA,NA,NA
"uniform_k1",8963,"CRYZ",0,NA,NA,NA
"uniform_k1",8964,"STAT4",0.000324242289791776,NA,NA,NA
"uniform_k1",8965,"HDAC10",0,NA,NA,NA
"uniform_k1",8966,"CCK",1.36890006087187e-05,NA,NA,NA
"uniform_k1",8967,"SOD1",0.00055040968937059,NA,NA,NA
"uniform_k1",8968,"CASP3",0.000462575099730467,NA,NA,NA
"uniform_k1",8969,"PRSS1",0.0011573163436972,NA,NA,NA
"uniform_k1",8970,"FTCD",1.21257629834837e-05,NA,NA,NA
"uniform_k1",8971,"AURKA",5.49029298524406e-05,NA,NA,NA
"uniform_k1",8972,"DLG3",1.07692098152423e-05,NA,NA,NA
"uniform_k1",8973,"TOP2A",1.51432024206866e-05,NA,NA,NA
"uniform_k1",8974,"LRAT",5.06328770298881e-05,NA,NA,NA
"uniform_k1",8975,"CYP51A1",3.41436506348103e-05,NA,NA,NA
"uniform_k1",8976,"BCL2",0.00028337947071766,NA,NA,NA
"uniform_k1",8977,"MT-CYB",0.000203007681716216,NA,NA,NA
"uniform_k1",8978,"PNP",0.000105291533052498,NA,NA,NA
"uniform_k1",8979,"ATP1A4",0,NA,NA,NA
"uniform_k1",8980,"RHOA",0.000165621123898174,NA,NA,NA
"uniform_k1",8981,"TUBB",0.000162866051467092,NA,NA,NA
"uniform_k1",8982,"MAPK13",0,NA,NA,NA
"uniform_k1",8983,"RXRA",0.000142637488181885,NA,NA,NA
"uniform_k1",8984,"P2RX7",5.59297818042426e-05,NA,NA,NA
"uniform_k1",8985,"NR4A1",4.04919306976614e-05,NA,NA,NA
"uniform_k1",8986,"LYZ",0,NA,NA,NA
"uniform_k1",8987,"SOX2",0.00140571719586968,NA,NA,NA
"uniform_k1",8988,"CALML3",0,NA,NA,NA
"uniform_k1",8989,"NUF2",6.20773671455854e-06,NA,NA,NA
"uniform_k1",8990,"TOMM70",0,NA,NA,NA
"uniform_k1",8991,"HINT1",4.87617046518452e-06,NA,NA,NA
"uniform_k1",8992,"HSF1",0,NA,NA,NA
"uniform_k1",8993,"FGF23",6.25962068182551e-05,NA,NA,NA
"uniform_k1",8994,"POLE",6.84091707048307e-06,NA,NA,NA
"uniform_k1",8995,"AXL",2.56876487623181e-05,NA,NA,NA
"uniform_k1",8996,"SLC6A2",0,NA,NA,NA
"uniform_k1",8997,"ANO1",0,NA,NA,NA
"uniform_k1",8998,"ATP5F1E",7.91669737976175e-06,NA,NA,NA
"uniform_k1",8999,"CANX",2.08728829651506e-05,NA,NA,NA
"uniform_k1",9000,"SERPINB9",0,NA,NA,NA
"uniform_k1",9001,"ADH1C",0,NA,NA,NA
"uniform_k1",9002,"NTRK1",3.04810969022906e-05,NA,NA,NA
"uniform_k1",9003,"CD40",1.65401335883164e-05,NA,NA,NA
"uniform_k1",9004,"NGF",7.00958583023104e-05,NA,NA,NA
"uniform_k1",9005,"PRL",2.17984549072403e-05,NA,NA,NA
"uniform_k1",9006,"CACNG2",5.72736887810565e-05,NA,NA,NA
"uniform_k1",9007,"KLK5",0,NA,NA,NA
"uniform_k1",9008,"CYCS",0.0019228192201588,NA,NA,NA
"uniform_k1",9009,"MLXIPL",0,NA,NA,NA
"uniform_k1",9010,"HAMP",0.000187982524293195,NA,NA,NA
"uniform_k1",9011,"NDUFV3",0,NA,NA,NA
"uniform_k1",9012,"DUSP1",0,NA,NA,NA
"uniform_k1",9013,"FEN1",1.98912329634204e-05,NA,NA,NA
"uniform_k1",9014,"CHAT",0.00035285368960325,NA,NA,NA
"uniform_k1",9015,"GJA1",0.000128446445619601,NA,NA,NA
"uniform_k1",9016,"C8G",8.92998568191583e-06,NA,NA,NA
"uniform_k1",9017,"DGKD",3.99034614917415e-06,NA,NA,NA
"uniform_k1",9018,"DGKD",3.99034614917415e-06,NA,NA,NA
"uniform_k1",9019,"AURKB",0.000100012341094136,NA,NA,NA
"uniform_k1",9020,"SLC11A1",0,NA,NA,NA
"uniform_k1",9021,"ARRDC3",6.33407013395093e-07,NA,NA,NA
"uniform_k1",9022,"CYP2A6",0.000367474741212792,NA,NA,NA
"uniform_k1",9023,"ORM2",0,NA,NA,NA
"uniform_k1",9024,"ATF5",6.59972627514716e-05,NA,NA,NA
"uniform_k1",9025,"JUNB",0,NA,NA,NA
"uniform_k1",9026,"CSK",0,NA,NA,NA
"uniform_k1",9027,"SLC6A4",7.25412905625555e-05,NA,NA,NA
"uniform_k1",9028,"ADRA1A",0,NA,NA,NA
"uniform_k1",9029,"UGT1A9",0,NA,NA,NA
"uniform_k1",9030,"NFKB1",0.000211104315194666,NA,NA,NA
"uniform_k1",9031,"CTSL",5.7015753640588e-06,NA,NA,NA
"uniform_k1",9032,"SHBG",3.16169811188649e-05,NA,NA,NA
"uniform_k1",9033,"YWHAE",2.37606312166738e-05,NA,NA,NA
"uniform_k1",9034,"NOS2",2.38274351227474e-05,NA,NA,NA
"uniform_k1",9035,"ATF2",1.14067009802099e-05,NA,NA,NA
"uniform_k1",9036,"FKBP1A",0.000367396925605612,NA,NA,NA
"uniform_k1",9037,"HSPB1",6.97066364507837e-06,NA,NA,NA
"uniform_k1",9038,"KCNJ10",0,NA,NA,NA
"uniform_k1",9039,"GP6",2.19854467736758e-05,NA,NA,NA
"uniform_k1",9040,"SRPK2",0,NA,NA,NA
"uniform_k1",9041,"GDNF",3.48479365919196e-06,NA,NA,NA
"uniform_k1",9042,"PRMT3",0,NA,NA,NA
"uniform_k1",9043,"NOS3",0.000136759922833574,NA,NA,NA
"uniform_k1",9044,"GSTZ1",0,NA,NA,NA
"uniform_k1",9045,"ALAS2",0.000126132338585272,NA,NA,NA
"uniform_k1",9046,"MAPK9",3.16862262561557e-06,NA,NA,NA
"uniform_k1",9047,"ADRA1B",0,NA,NA,NA
"uniform_k1",9048,"METTL3",0,NA,NA,NA
"uniform_k1",9049,"YWHAE",2.37606312166738e-05,NA,NA,NA
"uniform_k1",9050,"TEK",0,NA,NA,NA
"uniform_k1",9051,"TIGAR",0,NA,NA,NA
"uniform_k1",9052,"SRD5A2",3.08503783238434e-05,NA,NA,NA
"uniform_k1",9053,"DHCR7",7.41792346372616e-05,NA,NA,NA
"uniform_k1",9054,"LY96",0,NA,NA,NA
"uniform_k1",9055,"PTGDR2",6.33406652128521e-07,NA,NA,NA
"uniform_k1",9056,"CEBPB",0.000269764234292591,NA,NA,NA
"uniform_k1",9057,"F2RL1",1.81154153372498e-05,NA,NA,NA
"uniform_k1",9058,"COL7A1",0,NA,NA,NA
"uniform_k1",9059,"MAOB",5.4236212515657e-05,NA,NA,NA
"uniform_k1",9060,"AKR1B10",1.92579176795382e-05,NA,NA,NA
"uniform_k1",9061,"TRAF6",3.65690661311424e-05,NA,NA,NA
"uniform_k1",9062,"NCF4",0,NA,NA,NA
"uniform_k1",9063,"BAX",8.97923976903581e-05,NA,NA,NA
"uniform_k1",9064,"FDPS",0,NA,NA,NA
"uniform_k1",9065,"IL1RN",0,NA,NA,NA
"uniform_k1",9066,"ELOVL6",0,NA,NA,NA
"uniform_k1",9067,"PPP3R1",0,NA,NA,NA
"uniform_k1",9068,"SKP2",4.435492915289e-06,NA,NA,NA
"uniform_k1",9069,"HLA-B",6.33520976234259e-07,NA,NA,NA
"uniform_k1",9070,"TLR2",1.15981297473811e-05,NA,NA,NA
"uniform_k1",9071,"CALM3",0.000527160893726952,NA,NA,NA
"uniform_k1",9072,"NUF2",6.20773671455854e-06,NA,NA,NA
"uniform_k1",9073,"VTN",6.33650236725458e-07,NA,NA,NA
"uniform_k1",9074,"GSK3B",0.000254805416997517,NA,NA,NA
"uniform_k1",9075,"ACSL4",0,NA,NA,NA
"uniform_k1",9076,"ALDH1A3",0,NA,NA,NA
"uniform_k1",9077,"DUOX2",0.00118948957190246,NA,NA,NA
"uniform_k1",9078,"GABRA1",0.000512519672648093,NA,NA,NA
"uniform_k1",9079,"DNAJC5",5.30276407040287e-05,NA,NA,NA
"uniform_k1",9080,"TFF2",0,NA,NA,NA
"uniform_k1",9081,"AFM",0,NA,NA,NA
"uniform_k1",9082,"DGKD",3.99034614917415e-06,NA,NA,NA
"uniform_k1",9083,"CD83",0,NA,NA,NA
"uniform_k1",9084,"SMAD3",0.000326994785442403,NA,NA,NA
"uniform_k1",9085,"SYP",2.45220699257587e-05,NA,NA,NA
"uniform_k1",9086,"VCAM1",2.14834315839241e-05,NA,NA,NA
"uniform_k1",9087,"MAPK11",0,NA,NA,NA
"uniform_k1",9088,"TFR2",1.9001036434263e-06,NA,NA,NA
"uniform_k1",9089,"RAF1",1.33718501759139e-05,NA,NA,NA
"uniform_k1",9090,"KDR",2.14857653940692e-05,NA,NA,NA
"uniform_k1",9091,"KCNN2",6.33510621184108e-07,NA,NA,NA
"uniform_k1",9092,"KCNA4",2.7111367415289e-05,NA,NA,NA
"uniform_k1",9093,"HSD3B1",7.1585802265961e-06,NA,NA,NA
"uniform_k1",9094,"MAP3K5",7.04706361130958e-05,NA,NA,NA
"uniform_k1",9095,"ATF1",3.16751357498646e-06,NA,NA,NA
"uniform_k1",9096,"ACACB",1.55840957074549e-05,NA,NA,NA
"uniform_k1",9097,"CDC25A",1.90080256301517e-06,NA,NA,NA
"uniform_k1",9098,"MARK4",0,NA,NA,NA
"uniform_k1",9099,"LCP1",0.00205551981329799,NA,NA,NA
"uniform_k1",9100,"TUBA4A",0,NA,NA,NA
"uniform_k1",9101,"PRKAA1",2.85143022038525e-06,NA,NA,NA
"uniform_k1",9102,"CDKN1B",8.87190608878097e-06,NA,NA,NA
"uniform_k1",9103,"CELF1",0,NA,NA,NA
"uniform_k1",9104,"PTPN1",3.86549374464806e-06,NA,NA,NA
"uniform_k1",9105,"MMP13",1.63470522265285e-05,NA,NA,NA
"uniform_k1",9106,"PPIF",5.98208087934093e-05,NA,NA,NA
"uniform_k1",9107,"RAPGEF4",2.51523475149895e-05,NA,NA,NA
"uniform_k1",9108,"CLIP1",0,NA,NA,NA
"uniform_k1",9109,"CYP1A1",0.000371673359131575,NA,NA,NA
"uniform_k1",9110,"STAT5B",1.13440953091182e-05,NA,NA,NA
"uniform_k1",9111,"LYN",0.000110145713016818,NA,NA,NA
"uniform_k1",9112,"KCNMA1",2.73028963679867e-05,NA,NA,NA
"uniform_k1",9113,"GRIA4",0,NA,NA,NA
"uniform_k1",9114,"MT-ATP6",9.5010961728148e-06,NA,NA,NA
"uniform_k1",9115,"AANAT",0,NA,NA,NA
"uniform_k1",9116,"TNFRSF1A",1.26749186291075e-05,NA,NA,NA
"uniform_k1",9117,"SREBF1",0.000334685132546086,NA,NA,NA
"uniform_k1",9118,"CASR",1.85576382838448e-05,NA,NA,NA
"uniform_k1",9119,"FEN1",1.98912329634204e-05,NA,NA,NA
"uniform_k1",9120,"TNFRSF1A",1.26749186291075e-05,NA,NA,NA
"uniform_k1",9121,"EREG",0,NA,NA,NA
"uniform_k1",9122,"CAMP",0.00129691841056656,NA,NA,NA
"uniform_k1",9123,"HSP90AB1",4.19011535922609e-05,NA,NA,NA
"uniform_k1",9124,"ADRB3",5.25856990074569e-06,NA,NA,NA
"uniform_k1",9125,"ICAM1",0.000172524776509531,NA,NA,NA
"uniform_k1",9126,"ACTB",0.0035966824210889,NA,NA,NA
"uniform_k1",9127,"PTAFR",0,NA,NA,NA
"uniform_k1",9128,"CHUK",1.55270045979483e-05,NA,NA,NA
"uniform_k1",9129,"NOX1",2.49654080184403e-05,NA,NA,NA
"uniform_k1",9130,"ACACB",1.55840957074549e-05,NA,NA,NA
"uniform_k1",9131,"PDE5A",1.15913843198312e-05,NA,NA,NA
"uniform_k1",9132,"KCNN2",6.33510621184108e-07,NA,NA,NA
"uniform_k1",9133,"CYP2E1",0.000529547743911452,NA,NA,NA
"uniform_k1",9134,"ITGB3",8.18152205451783e-05,NA,NA,NA
"uniform_k1",9135,"TGFB1",0.000170827591538192,NA,NA,NA
"uniform_k1",9136,"PCYT1B",0,NA,NA,NA
"uniform_k1",9137,"REN",0.000113239453789604,NA,NA,NA
"uniform_k1",9138,"POMC",0.00149342435047795,NA,NA,NA
"uniform_k1",9139,"ATF1",3.16751357498646e-06,NA,NA,NA
"uniform_k1",9140,"COL1A1",0.000181222784889745,NA,NA,NA
"uniform_k1",9141,"PRKCD",2.05317703156904e-05,NA,NA,NA
"uniform_k1",9142,"APOE",0.000621735352925756,NA,NA,NA
"uniform_k1",9143,"ERBB3",0,NA,NA,NA
"uniform_k1",9144,"F3",4.30244857466677e-05,NA,NA,NA
"uniform_k1",9145,"LPL",0.000483720734164583,NA,NA,NA
"uniform_k1",9146,"KLF4",2.5346502531276e-06,NA,NA,NA
"uniform_k1",9147,"GPT2",8.61690501118284e-05,NA,NA,NA
"uniform_k1",9148,"HERC5",0,NA,NA,NA
"uniform_k1",9149,"PTGER3",1.07329013246948e-05,NA,NA,NA
"uniform_k1",9150,"DHODH",1.42497466326663e-05,NA,NA,NA
"uniform_k1",9151,"CACNB3",0,NA,NA,NA
"uniform_k1",9152,"HDAC3",1.29907353231262e-05,NA,NA,NA
"uniform_k1",9153,"PRKCG",2.62982428581582e-05,NA,NA,NA
"uniform_k1",9154,"JUN",0.000712792808186147,NA,NA,NA
"uniform_k1",9155,"BAX",8.97923976903581e-05,NA,NA,NA
"uniform_k1",9156,"GRIN2A",0.000361526992004202,NA,NA,NA
"uniform_k1",9157,"NEU1",0,NA,NA,NA
"uniform_k1",9158,"PDXK",0.00104366135249789,NA,NA,NA
"uniform_k1",9159,"AR",0.000302154756725348,NA,NA,NA
"uniform_k1",9160,"POLE",6.84091707048307e-06,NA,NA,NA
"uniform_k1",9161,"ATG5",1.93264314094499e-05,NA,NA,NA
"uniform_k1",9162,"COL3A1",0,NA,NA,NA
"uniform_k1",9163,"APRT",5.32709672381726e-05,NA,NA,NA
"uniform_k1",9164,"RIPK1",9.50457768944535e-06,NA,NA,NA
"uniform_k1",9165,"ELOVL4",0,NA,NA,NA
"uniform_k1",9166,"POU5F1",3.4853680447311e-06,NA,NA,NA
"uniform_k1",9167,"APOA1",0.00156761777246528,NA,NA,NA
"uniform_k1",9168,"TNFRSF10B",0,NA,NA,NA
"uniform_k1",9169,"TFAM",0,NA,NA,NA
"uniform_k1",9170,"CCL2",3.6509767629811e-05,NA,NA,NA
"uniform_k1",9171,"SNCA",0.000455106191969867,NA,NA,NA
"uniform_k1",9172,"SRR",0,NA,NA,NA
"uniform_k1",9173,"PPIF",5.98208087934093e-05,NA,NA,NA
"uniform_k1",9174,"KRT2",0,NA,NA,NA
"uniform_k1",9175,"GLI1",5.44927221779457e-06,NA,NA,NA
"uniform_k1",9176,"GNMT",0,NA,NA,NA
"uniform_k1",9177,"PTGER4",5.57531554357116e-06,NA,NA,NA
"uniform_k1",9178,"E2F1",6.05857808446686e-05,NA,NA,NA
"uniform_k1",9179,"CACNA1A",0.000251442934202317,NA,NA,NA
"uniform_k1",9180,"PTAFR",0,NA,NA,NA
"uniform_k1",9181,"ATIC",0.0011952594694814,NA,NA,NA
"uniform_k1",9182,"CACNB4",5.59340801313812e-05,NA,NA,NA
"uniform_k1",9183,"MAOB",5.4236212515657e-05,NA,NA,NA
"uniform_k1",9184,"FABP3",6.33463026478154e-07,NA,NA,NA
"uniform_k1",9185,"AKR1B10",1.92579176795382e-05,NA,NA,NA
"uniform_k1",9186,"CACNG3",0,NA,NA,NA
"uniform_k1",9187,"CLDN1",4.94148239504888e-06,NA,NA,NA
"uniform_k1",9188,"DLG4",0.000800645688133095,NA,NA,NA
"uniform_k1",9189,"CA2",1.50098666125142e-05,NA,NA,NA
"uniform_k1",9190,"CRK",6.33660876869779e-06,NA,NA,NA
"uniform_k1",9191,"MGST1",0,NA,NA,NA
"uniform_k1",9192,"TNFRSF10B",0,NA,NA,NA
"uniform_k1",9193,"SOX2",0.00140571719586968,NA,NA,NA
"uniform_k1",9194,"GABRP",0,NA,NA,NA
"uniform_k1",9195,"ALDH1A1",0.000768800994206509,NA,NA,NA
"uniform_k1",9196,"CA2",1.50098666125142e-05,NA,NA,NA
"uniform_k1",9197,"CD274",2.2623615720252e-05,NA,NA,NA
"uniform_k1",9198,"DRD3",0,NA,NA,NA
"uniform_k1",9199,"GABRD",9.49995296650741e-07,NA,NA,NA
"uniform_k1",9200,"KCNH7",0,NA,NA,NA
"uniform_k1",9201,"CCND1",0.000116503278948743,NA,NA,NA
"uniform_k1",9202,"PROC",3.8004925289048e-06,NA,NA,NA
"uniform_k1",9203,"IL10",0.000109475292591865,NA,NA,NA
"uniform_k1",9204,"CPT1C",0,NA,NA,NA
"uniform_k1",9205,"CAMLG",0,NA,NA,NA
"uniform_k1",9206,"ADRB1",3.16756855778255e-06,NA,NA,NA
"uniform_k1",9207,"SLC29A1",0.00102903201870796,NA,NA,NA
"uniform_k1",9208,"ADRB3",5.25856990074569e-06,NA,NA,NA
"uniform_k1",9209,"GSS",1.96391900666448e-05,NA,NA,NA
"uniform_k1",9210,"DHCR7",7.41792346372616e-05,NA,NA,NA
"uniform_k1",9211,"MARK4",0,NA,NA,NA
"uniform_k1",9212,"ADCY1",8.87083575196179e-06,NA,NA,NA
"uniform_k1",9213,"APOB",0.000254184152158166,NA,NA,NA
"uniform_k1",9214,"ACLY",0.000136799781064179,NA,NA,NA
"uniform_k1",9215,"CDKN1A",2.78509173701202e-05,NA,NA,NA
"uniform_k1",9216,"CHRNB3",0,NA,NA,NA
"uniform_k1",9217,"ATP2C2",0,NA,NA,NA
"uniform_k1",9218,"OPA1",9.50142898359374e-07,NA,NA,NA
"uniform_k1",9219,"AXIN2",0,NA,NA,NA
"uniform_k1",9220,"TACR1",0,NA,NA,NA
"uniform_k1",9221,"CYP3A4",0.000708964295377368,NA,NA,NA
"uniform_k1",9222,"GCLM",0,NA,NA,NA
"uniform_k1",9223,"PBK",1.43184911400862e-05,NA,NA,NA
"uniform_k1",9224,"TEK",0,NA,NA,NA
"uniform_k1",9225,"FOXM1",1.90088265561439e-06,NA,NA,NA
"uniform_k1",9226,"SLC8A2",0,NA,NA,NA
"uniform_k1",9227,"JAK2",0.000791453142699572,NA,NA,NA
"uniform_k1",9228,"DGAT1",0.000583801314570143,NA,NA,NA
"uniform_k1",9229,"NDUFV3",0,NA,NA,NA
"uniform_k1",9230,"PPT1",8.42388961930229e-06,NA,NA,NA
"uniform_k1",9231,"PHOSPHO1",8.36011896465649e-06,NA,NA,NA
"uniform_k1",9232,"LY96",0,NA,NA,NA
"uniform_k1",9233,"AHSA1",0,NA,NA,NA
"uniform_k1",9234,"NR3C2",1.6726748852447e-05,NA,NA,NA
"uniform_k1",9235,"GABRA6",0,NA,NA,NA
"uniform_k1",9236,"BRCA1",0.00150305205251045,NA,NA,NA
"uniform_k1",9237,"AXIN2",0,NA,NA,NA
"uniform_k1",9238,"PDE4B",1.76110095406745e-05,NA,NA,NA
"uniform_k1",9239,"NR1H3",0,NA,NA,NA
"uniform_k1",9240,"GRIK2",0,NA,NA,NA
"uniform_k1",9241,"NPR1",8.07015894644936e-05,NA,NA,NA
"uniform_k1",9242,"DHRS4",0,NA,NA,NA
"uniform_k1",9243,"KCND2",2.72386185307116e-06,NA,NA,NA
"uniform_k1",9244,"COL7A1",0,NA,NA,NA
"uniform_k1",9245,"PARP1",0.000202075672702362,NA,NA,NA
"uniform_k1",9246,"ACADM",0.000194896326079275,NA,NA,NA
"uniform_k1",9247,"CACNB1",0,NA,NA,NA
"uniform_k1",9248,"ESRRA",6.99494678408907e-05,NA,NA,NA
"uniform_k1",9249,"BAX",8.97923976903581e-05,NA,NA,NA
"uniform_k1",9250,"NRXN1",6.46433704953875e-05,NA,NA,NA
"uniform_k1",9251,"ARF1",2.85051391907265e-05,NA,NA,NA
"uniform_k1",9252,"PRKAB1",0,NA,NA,NA
"uniform_k1",9253,"MAP2K7",3.16786999277063e-06,NA,NA,NA
"uniform_k1",9254,"PLSCR1",0,NA,NA,NA
"uniform_k1",9255,"NFATC4",0,NA,NA,NA
"uniform_k1",9256,"KCNJ9",0,NA,NA,NA
"uniform_k1",9257,"DRD4",1.19735525129228e-05,NA,NA,NA
"uniform_k1",9258,"GABRD",9.49995296650741e-07,NA,NA,NA
"uniform_k1",9259,"MAP1LC3B",8.68078161708752e-06,NA,NA,NA
"uniform_k1",9260,"STXBP1",8.80325064156473e-06,NA,NA,NA
"uniform_k1",9261,"ITPR1",0.000202309527979283,NA,NA,NA
"uniform_k1",9262,"IKBKB",6.84471676271059e-06,NA,NA,NA
"uniform_k1",9263,"SLC6A2",0,NA,NA,NA
"uniform_k1",9264,"GPR35",0,NA,NA,NA
"uniform_k1",9265,"PLG",0.000475913758970048,NA,NA,NA
"uniform_k1",9266,"LALBA",3.81683006253075e-05,NA,NA,NA
"uniform_k1",9267,"F7",0.00116938158797564,NA,NA,NA
"uniform_k1",9268,"AHSP",1.89993871424488e-06,NA,NA,NA
"uniform_k1",9269,"CDT1",1.38729255214631e-05,NA,NA,NA
"uniform_k1",9270,"NFKB2",0,NA,NA,NA
"uniform_k1",9271,"FKBP1A",0.000367396925605612,NA,NA,NA
"uniform_k1",9272,"EIF2A",0,NA,NA,NA
"uniform_k1",9273,"FGF2",4.67782227966396e-05,NA,NA,NA
"uniform_k1",9274,"GSTK1",0,NA,NA,NA
"uniform_k1",9275,"ARF5",0,NA,NA,NA
"uniform_k1",9276,"HRH1",0,NA,NA,NA
"uniform_k1",9277,"ADCY2",0,NA,NA,NA
"uniform_k1",9278,"THBS1",7.4650161333345e-05,NA,NA,NA
"uniform_k1",9279,"TUBA1A",1.10247379909723e-05,NA,NA,NA
"uniform_k1",9280,"IL18",2.23696138260676e-05,NA,NA,NA
"uniform_k1",9281,"HBA2",0,NA,NA,NA
"uniform_k1",9282,"SLPI",0,NA,NA,NA
"uniform_k1",9283,"RYR1",8.59077355945814e-05,NA,NA,NA
"uniform_k1",9284,"GRIN3B",0,NA,NA,NA
"uniform_k1",9285,"MMP10",1.00093054868911e-05,NA,NA,NA
"uniform_k1",9286,"ELOVL4",0,NA,NA,NA
"uniform_k1",9287,"CRTC2",2.09096071963621e-05,NA,NA,NA
"uniform_k1",9288,"MPO",0.000259217982351401,NA,NA,NA
"uniform_k1",9289,"PKD1",3.50334081220538e-05,NA,NA,NA
"uniform_k1",9290,"HTR6",2.29298407665723e-05,NA,NA,NA
"uniform_k1",9291,"CSAD",0,NA,NA,NA
"uniform_k1",9292,"IDO1",0.000463661718947295,NA,NA,NA
"uniform_k1",9293,"NLN",0,NA,NA,NA
"uniform_k1",9294,"AGT",0.000967403269813816,NA,NA,NA
"uniform_k1",9295,"PKIA",2.53383300530263e-06,NA,NA,NA
"uniform_k1",9296,"ESR1",0.00102478911944048,NA,NA,NA
"uniform_k1",9297,"SIRT3",7.24858712728427e-05,NA,NA,NA
"uniform_k1",9298,"TRPA1",6.7343185876978e-05,NA,NA,NA
"uniform_k1",9299,"SYP",2.45220699257587e-05,NA,NA,NA
"uniform_k1",9300,"AANAT",0,NA,NA,NA
"uniform_k1",9301,"KCNJ1",8.80361918675909e-06,NA,NA,NA
"uniform_k1",9302,"NFATC2",1.95162479730282e-05,NA,NA,NA
"uniform_k1",9303,"EIF4G1",1.23532645966984e-05,NA,NA,NA
"uniform_k1",9304,"APOD",0.00195383273850436,NA,NA,NA
"uniform_k1",9305,"KRAS",0.00012277649828063,NA,NA,NA
"uniform_k1",9306,"GSTM1",0.000122658682697341,NA,NA,NA
"uniform_k1",9307,"RRM1",0.000117817230330219,NA,NA,NA
"uniform_k1",9308,"AXIN1",1.08355886352385e-05,NA,NA,NA
"uniform_k1",9309,"ATM",2.74398232945616e-05,NA,NA,NA
"uniform_k1",9310,"NPPB",3.61091583611639e-06,NA,NA,NA
"uniform_k1",9311,"HCRTR1",0,NA,NA,NA
"uniform_k1",9312,"GCG",0.000221045982158996,NA,NA,NA
"uniform_k1",9313,"HSD3B2",2.44539251612608e-05,NA,NA,NA
"uniform_k1",9314,"CACNG6",0,NA,NA,NA
"uniform_k1",9315,"TYR",3.79481492692735e-05,NA,NA,NA
"uniform_k1",9316,"ADH1B",0,NA,NA,NA
"uniform_k1",9317,"MMP3",1.90743297472373e-05,NA,NA,NA
"uniform_k1",9318,"GPR83",0,NA,NA,NA
"uniform_k1",9319,"MMP13",1.63470522265285e-05,NA,NA,NA
"uniform_k1",9320,"RDH12",1.33642751130036e-05,NA,NA,NA
"uniform_k1",9321,"NKX3-1",0,NA,NA,NA
"uniform_k1",9322,"AXL",2.56876487623181e-05,NA,NA,NA
"uniform_k1",9323,"HSPA1B",2.53472574274216e-06,NA,NA,NA
"uniform_k1",9324,"TOP2B",0,NA,NA,NA
"uniform_k1",9325,"OLR1",0,NA,NA,NA
"uniform_k1",9326,"NR4A1",4.04919306976614e-05,NA,NA,NA
"uniform_k1",9327,"PRKAA2",4.11841833947157e-06,NA,NA,NA
"uniform_k1",9328,"DHODH",1.42497466326663e-05,NA,NA,NA
"uniform_k1",9329,"SHBG",3.16169811188649e-05,NA,NA,NA
"uniform_k1",9330,"COX6A2",0,NA,NA,NA
"uniform_k1",9331,"DRD5",0.00110886310796687,NA,NA,NA
"uniform_k1",9332,"JAK2",0.000791453142699572,NA,NA,NA
"uniform_k1",9333,"FCER1A",0,NA,NA,NA
"uniform_k1",9334,"CTSL",5.7015753640588e-06,NA,NA,NA
"uniform_k1",9335,"PIK3R1",5.3428249282339e-05,NA,NA,NA
"uniform_k1",9336,"SMAD2",3.42235274195524e-05,NA,NA,NA
"uniform_k1",9337,"IRF1",0,NA,NA,NA
"uniform_k1",9338,"CCL2",3.6509767629811e-05,NA,NA,NA
"uniform_k1",9339,"PKD1",3.50334081220538e-05,NA,NA,NA
"uniform_k1",9340,"AQP1",7.97847562783449e-06,NA,NA,NA
"uniform_k1",9341,"PTPN11",2.43987962315062e-05,NA,NA,NA
"uniform_k1",9342,"CLEC4E",0,NA,NA,NA
"uniform_k1",9343,"DLG3",1.07692098152423e-05,NA,NA,NA
"uniform_k1",9344,"CACNA2D2",0,NA,NA,NA
"uniform_k1",9345,"SMAD7",1.26728738392146e-06,NA,NA,NA
"uniform_k1",9346,"SHBG",3.16169811188649e-05,NA,NA,NA
"uniform_k1",9347,"MAP2K5",0,NA,NA,NA
"uniform_k1",9348,"TP53",0.00427693686378816,NA,NA,NA
"uniform_k1",9349,"SLC2A1",0.000140046836469954,NA,NA,NA
"uniform_k1",9350,"LYN",0.000110145713016818,NA,NA,NA
"uniform_k1",9351,"AHR",1.17841620478343e-05,NA,NA,NA
"uniform_k1",9352,"CYP24A1",2.95788072831593e-05,NA,NA,NA
"uniform_k1",9353,"CACNA1I",0,NA,NA,NA
"uniform_k1",9354,"CYP26C1",0,NA,NA,NA
"uniform_k1",9355,"HCN4",0.00104282749963691,NA,NA,NA
"uniform_k1",9356,"CHRM2",2.51721592002818e-05,NA,NA,NA
"uniform_k1",9357,"ARF4",1.97623946650571e-05,NA,NA,NA
"uniform_k1",9358,"RASSF1",1.82470571705728e-05,NA,NA,NA
"uniform_k1",9359,"AKR1C4",0,NA,NA,NA
"uniform_k1",9360,"CNR2",0,NA,NA,NA
"uniform_k1",9361,"CKB",5.32096942710281e-05,NA,NA,NA
"uniform_k1",9362,"GK",0.000406543096133638,NA,NA,NA
"uniform_k1",9363,"NR1I3",2.35048730797827e-05,NA,NA,NA
"uniform_k1",9364,"GRIA4",0,NA,NA,NA
"uniform_k1",9365,"HCRTR2",0,NA,NA,NA
"uniform_k1",9366,"AMY1A",0,NA,NA,NA
"uniform_k1",9367,"MYC",0.000561856827766771,NA,NA,NA
"uniform_k1",9368,"TPH1",7.17150924056664e-05,NA,NA,NA
"uniform_k1",9369,"DLG3",1.07692098152423e-05,NA,NA,NA
"uniform_k1",9370,"HIF1A",0.000545020548238462,NA,NA,NA
"uniform_k1",9371,"UCP3",0,NA,NA,NA
"uniform_k1",9372,"PTH",0.00019439506068486,NA,NA,NA
"uniform_k1",9373,"ELOVL4",0,NA,NA,NA
"uniform_k1",9374,"CASP6",1.26723751903146e-06,NA,NA,NA
"uniform_k1",9375,"CRBN",3.83289296229661e-05,NA,NA,NA
"uniform_k1",9376,"CALR",4.38793673526172e-05,NA,NA,NA
"uniform_k1",9377,"JDP2",0,NA,NA,NA
"uniform_k1",9378,"RBP2",3.01152514644576e-05,NA,NA,NA
"uniform_k1",9379,"SRC",0.0010396286840485,NA,NA,NA
"uniform_k1",9380,"FOSL2",0,NA,NA,NA
"uniform_k1",9381,"RBP4",4.16853263397465e-05,NA,NA,NA
"uniform_k1",9382,"S100A7A",0,NA,NA,NA
"uniform_k1",9383,"ANO1",0,NA,NA,NA
"uniform_k1",9384,"IGFBP6",0,NA,NA,NA
"uniform_k1",9385,"PDE4A",1.34575381137703e-05,NA,NA,NA
"uniform_k1",9386,"RARA",0.000182812715244118,NA,NA,NA
"uniform_k1",9387,"TUBA4A",0,NA,NA,NA
"uniform_k1",9388,"PTPN6",0,NA,NA,NA
"uniform_k1",9389,"ORM1",1.43183478092945e-05,NA,NA,NA
"uniform_k1",9390,"CACNA1A",0.000251442934202317,NA,NA,NA
"uniform_k1",9391,"PLA2G4A",0.000158908171599248,NA,NA,NA
"uniform_k1",9392,"CXCL8",0.000252410434066541,NA,NA,NA
"uniform_k1",9393,"DKK1",0,NA,NA,NA
"uniform_k1",9394,"HTR2B",3.80070954153489e-06,NA,NA,NA
"uniform_k1",9395,"HBB",6.40684097101829e-05,NA,NA,NA
"uniform_k1",9396,"ERBB2",0.000157327965161547,NA,NA,NA
"uniform_k1",9397,"VLDLR",0,NA,NA,NA
"uniform_k1",9398,"PLSCR1",0,NA,NA,NA
"uniform_k1",9399,"GRIN1",6.96987215653699e-06,NA,NA,NA
"uniform_k1",9400,"CMA1",0,NA,NA,NA
"uniform_k1",9401,"MAPK3",0.000389312216340865,NA,NA,NA
"uniform_k1",9402,"NPEPPS",0,NA,NA,NA
"uniform_k1",9403,"GCLM",0,NA,NA,NA
"uniform_k1",9404,"GPR18",0,NA,NA,NA
"uniform_k1",9405,"KCNA5",1.99569664441901e-05,NA,NA,NA
"uniform_k1",9406,"GCLM",0,NA,NA,NA
"uniform_k1",9407,"PIK3CA",2.52878809748891e-05,NA,NA,NA
"uniform_k1",9408,"UGT2B4",1.61543980341516e-05,NA,NA,NA
"uniform_k1",9409,"AXIN1",1.08355886352385e-05,NA,NA,NA
"uniform_k1",9410,"HRH3",0,NA,NA,NA
"uniform_k1",9411,"RBL1",0,NA,NA,NA
"uniform_k1",9412,"SLC7A1",0,NA,NA,NA
"uniform_k1",9413,"ALAS2",0.000126132338585272,NA,NA,NA
"uniform_k1",9414,"VLDLR",0,NA,NA,NA
"uniform_k1",9415,"FADS2",4.0853135067076e-05,NA,NA,NA
"uniform_k1",9416,"PARP1",0.000202075672702362,NA,NA,NA
"uniform_k1",9417,"IL5",0,NA,NA,NA
"uniform_k1",9418,"HGF",0,NA,NA,NA
"uniform_k1",9419,"SMAD3",0.000326994785442403,NA,NA,NA
"uniform_k1",9420,"PPIF",5.98208087934093e-05,NA,NA,NA
"uniform_k1",9421,"APOM",0,NA,NA,NA
"uniform_k1",9422,"DBP",0,NA,NA,NA
"uniform_k1",9423,"CDH1",0.000350253039747228,NA,NA,NA
"uniform_k1",9424,"CA1",4.61079535398756e-05,NA,NA,NA
"uniform_k1",9425,"NOD2",2.72727341009693e-05,NA,NA,NA
"uniform_k1",9426,"FKBP1A",0.000367396925605612,NA,NA,NA
"uniform_k1",9427,"LPL",0.000483720734164583,NA,NA,NA
"uniform_k1",9428,"CFLAR",6.33631245472444e-07,NA,NA,NA
"uniform_k1",9429,"OLR1",0,NA,NA,NA
"uniform_k1",9430,"ITGA5",0.00127400659039045,NA,NA,NA
"uniform_k1",9431,"MAPK8IP1",9.56119621767781e-05,NA,NA,NA
"uniform_k1",9432,"ABCB1",2.07166464523123e-05,NA,NA,NA
"uniform_k1",9433,"KCNA4",2.7111367415289e-05,NA,NA,NA
"uniform_k1",9434,"COX7B",0,NA,NA,NA
"uniform_k1",9435,"MAP1LC3A",0,NA,NA,NA
"uniform_k1",9436,"KCNC2",0,NA,NA,NA
"uniform_k1",9437,"P4HB",2.24939291733062e-05,NA,NA,NA
"uniform_k1",9438,"NLRP3",7.47722630090042e-06,NA,NA,NA
"uniform_k1",9439,"ALDH1B1",0,NA,NA,NA
"uniform_k1",9440,"FOSL1",5.14461500070729e-05,NA,NA,NA
"uniform_k1",9441,"MLXIPL",0,NA,NA,NA
"uniform_k1",9442,"CSF2",1.26743081751979e-06,NA,NA,NA
"uniform_k1",9443,"ADRB2",0.000148693401879507,NA,NA,NA
"uniform_k1",9444,"GCK",0.000213793988103061,NA,NA,NA
"uniform_k1",9445,"TP73",6.33561354046464e-07,NA,NA,NA
"uniform_k1",9446,"CTNNB1",0.00262517195452239,NA,NA,NA
"uniform_k1",9447,"GSTP1",0.0017997845794786,NA,NA,NA
"uniform_k1",9448,"ACACA",7.98311027262466e-05,NA,NA,NA
"uniform_k1",9449,"BGLAP",0.000139973984731978,NA,NA,NA
"uniform_k1",9450,"BCHE",1.59661831168334e-05,NA,NA,NA
"uniform_k1",9451,"PPIA",3.28180373492248e-05,NA,NA,NA
"uniform_k1",9452,"TOP1",1.90060302329709e-06,NA,NA,NA
"uniform_k1",9453,"KLF4",2.5346502531276e-06,NA,NA,NA
"uniform_k1",9454,"KCNE2",0,NA,NA,NA
"uniform_k1",9455,"GABRG1",0,NA,NA,NA
"uniform_k1",9456,"ATF6",1.47631880090815e-05,NA,NA,NA
"uniform_k1",9457,"F3",4.30244857466677e-05,NA,NA,NA
"uniform_k1",9458,"KCNJ6",2.88254911089414e-05,NA,NA,NA
"uniform_k1",9459,"KYNU",3.41288525791406e-05,NA,NA,NA
"uniform_k1",9460,"RNASE1",0,NA,NA,NA
"uniform_k1",9461,"CAPN10",0.000977887184816284,NA,NA,NA
"uniform_k1",9462,"CTTN",2.99716390974591e-05,NA,NA,NA
"uniform_k1",9463,"MMP3",1.90743297472373e-05,NA,NA,NA
"uniform_k1",9464,"CCNA2",1.83133006516067e-05,NA,NA,NA
"uniform_k1",9465,"NANOG",9.82225146706206e-06,NA,NA,NA
"uniform_k1",9466,"TLR4",0.000516160551537248,NA,NA,NA
"uniform_k1",9467,"CALCR",3.30019686509697e-05,NA,NA,NA
"uniform_k1",9468,"CACNB3",0,NA,NA,NA
"uniform_k1",9469,"CAMK2G",0,NA,NA,NA
"uniform_k1",9470,"GLUL",0.000147191537224312,NA,NA,NA
"uniform_k1",9471,"KCNJ14",0,NA,NA,NA
"uniform_k1",9472,"PTGFR",3.10411217574469e-06,NA,NA,NA
"uniform_k1",9473,"ATR",0,NA,NA,NA
"uniform_k1",9474,"YWHAE",2.37606312166738e-05,NA,NA,NA
"uniform_k1",9475,"LTA4H",0,NA,NA,NA
"uniform_k1",9476,"OPRD1",0,NA,NA,NA
"uniform_k1",9477,"PROM1",0.00127729251749653,NA,NA,NA
"uniform_k1",9478,"NLN",0,NA,NA,NA
"uniform_k1",9479,"CCND1",0.000116503278948743,NA,NA,NA
"uniform_k1",9480,"RUNX2",0.000299161144537541,NA,NA,NA
"uniform_k1",9481,"HCRT",0.000169339993540296,NA,NA,NA
"uniform_k1",9482,"TG",5.56234870203731e-05,NA,NA,NA
"uniform_k1",9483,"GSTZ1",0,NA,NA,NA
"uniform_k1",9484,"KRT18",1.90069610461752e-06,NA,NA,NA
"uniform_k1",9485,"MMP1",6.13390297496963e-05,NA,NA,NA
"uniform_k1",9486,"SRC",0.0010396286840485,NA,NA,NA
"uniform_k1",9487,"CDK8",0,NA,NA,NA
"uniform_k1",9488,"AGXT",0.000106059050095864,NA,NA,NA
"uniform_k1",9489,"HSD3B2",2.44539251612608e-05,NA,NA,NA
"uniform_k1",9490,"CALM2",0,NA,NA,NA
"uniform_k1",9491,"PRDX1",5.7026663956572e-06,NA,NA,NA
"uniform_k1",9492,"GPR35",0,NA,NA,NA
"uniform_k1",9493,"CALM2",0,NA,NA,NA
"uniform_k1",9494,"EREG",0,NA,NA,NA
"uniform_k1",9495,"CANX",2.08728829651506e-05,NA,NA,NA
"uniform_k1",9496,"MYH7",2.03333890326229e-05,NA,NA,NA
"uniform_k1",9497,"PPIF",5.98208087934093e-05,NA,NA,NA
"uniform_k1",9498,"HDAC11",2.40710719945358e-06,NA,NA,NA
"uniform_k1",9499,"ABCC2",6.29649746844985e-05,NA,NA,NA
"uniform_k1",9500,"ZEB1",0,NA,NA,NA
"uniform_k1",9501,"PRMT3",0,NA,NA,NA
"uniform_k1",9502,"MAPK11",0,NA,NA,NA
"uniform_k1",9503,"RRM2B",0,NA,NA,NA
"uniform_k1",9504,"PTGDR2",6.33406652128521e-07,NA,NA,NA
"uniform_k1",9505,"CALR",4.38793673526172e-05,NA,NA,NA
"uniform_k1",9506,"GRIK1",0,NA,NA,NA
"uniform_k1",9507,"TIGAR",0,NA,NA,NA
"uniform_k1",9508,"MDM2",4.86757533122439e-05,NA,NA,NA
"uniform_k1",9509,"MAPK1",6.82101559971171e-05,NA,NA,NA
"uniform_k1",9510,"CYP2C9",0.000117781048131316,NA,NA,NA
"uniform_k1",9511,"HSPA5",0.000228473516780459,NA,NA,NA
"uniform_k1",9512,"ACTG1",2.72461711825489e-06,NA,NA,NA
"uniform_k1",9513,"NNT",0,NA,NA,NA
"uniform_k1",9514,"PDE1B",3.71225818049936e-05,NA,NA,NA
"uniform_k1",9515,"FAS",6.33677821770817e-07,NA,NA,NA
"uniform_k1",9516,"GSTM3",0,NA,NA,NA
"uniform_k1",9517,"MYC",0.000561856827766771,NA,NA,NA
"uniform_k1",9518,"JUNB",0,NA,NA,NA
"uniform_k1",9519,"TJP1",0.000326838626150905,NA,NA,NA
"uniform_k1",9520,"HDAC10",0,NA,NA,NA
"uniform_k1",9521,"KCNN2",6.33510621184108e-07,NA,NA,NA
"uniform_k1",9522,"CDC25A",1.90080256301517e-06,NA,NA,NA
"uniform_k1",9523,"PRKCZ",0.00127837750571802,NA,NA,NA
"uniform_k1",9524,"METTL3",0,NA,NA,NA
"uniform_k1",9525,"TOP2A",1.51432024206866e-05,NA,NA,NA
"uniform_k1",9526,"ABAT",2.2801866788047e-06,NA,NA,NA
"uniform_k1",9527,"CACNA2D3",0,NA,NA,NA
"uniform_k1",9528,"BAD",6.33634698421481e-06,NA,NA,NA
"uniform_k1",9529,"EEF2K",3.67443795490363e-06,NA,NA,NA
"uniform_k1",9530,"IL5",0,NA,NA,NA
"uniform_k1",9531,"HDAC6",0.00238463941154432,NA,NA,NA
"uniform_k1",9532,"GABRA5",0,NA,NA,NA
"uniform_k1",9533,"MMP3",1.90743297472373e-05,NA,NA,NA
"uniform_k1",9534,"MGAM",0.000137027144681112,NA,NA,NA
"uniform_k1",9535,"ORM1",1.43183478092945e-05,NA,NA,NA
"uniform_k1",9536,"SCNN1A",5.25143809567696e-05,NA,NA,NA
"uniform_k1",9537,"IRAK1",2.62328604830886e-05,NA,NA,NA
"uniform_k1",9538,"HDAC1",0.00033891246936113,NA,NA,NA
"uniform_k1",9539,"SULT1A1",8.93034087123823e-06,NA,NA,NA
"uniform_k1",9540,"PCYT1B",0,NA,NA,NA
"uniform_k1",9541,"CCR7",5.06918390497102e-06,NA,NA,NA
"uniform_k1",9542,"RUNX1T1",0,NA,NA,NA
"uniform_k1",9543,"GCA",0.000913104018283151,NA,NA,NA
"uniform_k1",9544,"ACADM",0.000194896326079275,NA,NA,NA
"uniform_k1",9545,"PLA2G2A",5.81866140334508e-05,NA,NA,NA
"uniform_k1",9546,"CEBPA",7.73820750388232e-05,NA,NA,NA
"uniform_k1",9547,"MAP2K7",3.16786999277063e-06,NA,NA,NA
"uniform_k1",9548,"ATF1",3.16751357498646e-06,NA,NA,NA
"uniform_k1",9549,"ALAD",1.1590275771578e-05,NA,NA,NA
"uniform_k1",9550,"RB1",5.60807039972078e-05,NA,NA,NA
"uniform_k1",9551,"KCNC3",0,NA,NA,NA
"uniform_k1",9552,"SLC2A4",1.81861109559422e-05,NA,NA,NA
"uniform_k1",9553,"HDAC10",0,NA,NA,NA
"uniform_k1",9554,"YWHAZ",0.000329867224154401,NA,NA,NA
"uniform_k1",9555,"EGFR",0.00376976574950694,NA,NA,NA
"uniform_k1",9556,"VTN",6.33650236725458e-07,NA,NA,NA
"uniform_k1",9557,"MITF",2.87659544899732e-05,NA,NA,NA
"uniform_k1",9558,"AKR1A1",6.17051045759265e-06,NA,NA,NA
"uniform_k1",9559,"CYCS",0.0019228192201588,NA,NA,NA
"uniform_k1",9560,"AFM",0,NA,NA,NA
"uniform_k1",9561,"GJA1",0.000128446445619601,NA,NA,NA
"uniform_k1",9562,"SSTR5",0,NA,NA,NA
"uniform_k1",9563,"F7",0.00116938158797564,NA,NA,NA
"uniform_k1",9564,"GOT1",5.88174838508371e-05,NA,NA,NA
"uniform_k1",9565,"BRCA1",0.00150305205251045,NA,NA,NA
"uniform_k1",9566,"SCN2A",9.6829057864789e-05,NA,NA,NA
"uniform_k1",9567,"HSF1",0,NA,NA,NA
"uniform_k1",9568,"MTTP",6.39846903005559e-06,NA,NA,NA
"uniform_k1",9569,"BIRC3",6.3362084734564e-07,NA,NA,NA
"uniform_k1",9570,"CYP17A1",3.31356115126358e-05,NA,NA,NA
"uniform_k1",9571,"CYP26C1",0,NA,NA,NA
"uniform_k1",9572,"POU5F1",3.4853680447311e-06,NA,NA,NA
"uniform_k1",9573,"CRH",2.05295196740174e-05,NA,NA,NA
"uniform_k1",9574,"GP6",2.19854467736758e-05,NA,NA,NA
"uniform_k1",9575,"GSK3B",0.000254805416997517,NA,NA,NA
"uniform_k1",9576,"NCOA6",0,NA,NA,NA
"uniform_k1",9577,"GSS",1.96391900666448e-05,NA,NA,NA
"uniform_k1",9578,"PLA2G4A",0.000158908171599248,NA,NA,NA
"uniform_k1",9579,"CLIP1",0,NA,NA,NA
"uniform_k1",9580,"ABCB11",0,NA,NA,NA
"uniform_k1",9581,"CPT1B",0,NA,NA,NA
"uniform_k1",9582,"ITGAL",2.85118848919463e-06,NA,NA,NA
"uniform_k1",9583,"GSK3B",0.000254805416997517,NA,NA,NA
"uniform_k1",9584,"ADRB3",5.25856990074569e-06,NA,NA,NA
"uniform_k1",9585,"PNPLA2",2.72449938232278e-06,NA,NA,NA
"uniform_k1",9586,"TACR1",0,NA,NA,NA
"uniform_k1",9587,"MAPK9",3.16862262561557e-06,NA,NA,NA
"uniform_k1",9588,"SLC10A1",8.11595436944756e-05,NA,NA,NA
"uniform_k1",9589,"GABRA4",0,NA,NA,NA
"uniform_k1",9590,"GLYAT",0,NA,NA,NA
"uniform_k1",9591,"BCL2",0.00028337947071766,NA,NA,NA
"uniform_k1",9592,"IL6",0.00104909499545724,NA,NA,NA
"uniform_k1",9593,"GABRG1",0,NA,NA,NA
"uniform_k1",9594,"PTPN6",0,NA,NA,NA
"uniform_k1",9595,"GSTP1",0.0017997845794786,NA,NA,NA
"uniform_k1",9596,"ASPA",0,NA,NA,NA
"uniform_k1",9597,"S100A7A",0,NA,NA,NA
"uniform_k1",9598,"AKR1C2",0,NA,NA,NA
"uniform_k1",9599,"PGRMC1",1.54584083279508e-05,NA,NA,NA
"uniform_k1",9600,"TRPM4",3.67379046295468e-05,NA,NA,NA
"uniform_k1",9601,"PPIF",5.98208087934093e-05,NA,NA,NA
"uniform_k1",9602,"SLCO1B1",3.08486910148842e-05,NA,NA,NA
"uniform_k1",9603,"HIF1AN",8.74219236624008e-06,NA,NA,NA
"uniform_k1",9604,"SHH",1.43206732026169e-05,NA,NA,NA
"uniform_k1",9605,"CASP6",1.26723751903146e-06,NA,NA,NA
"uniform_k1",9606,"AKR1C3",0.000173978783267859,NA,NA,NA
"uniform_k1",9607,"ABCB11",0,NA,NA,NA
"uniform_k1",9608,"FUS",6.90480253662251e-06,NA,NA,NA
"uniform_k1",9609,"SHMT1",4.44281784347522e-05,NA,NA,NA
"uniform_k1",9610,"MAP1LC3B",8.68078161708752e-06,NA,NA,NA
"uniform_k1",9611,"CRTC2",2.09096071963621e-05,NA,NA,NA
"uniform_k1",9612,"HDAC6",0.00238463941154432,NA,NA,NA
"uniform_k1",9613,"CYP2E1",0.000529547743911452,NA,NA,NA
"uniform_k1",9614,"GSS",1.96391900666448e-05,NA,NA,NA
"uniform_k1",9615,"SLC47A1",0,NA,NA,NA
"uniform_k1",9616,"KLF4",2.5346502531276e-06,NA,NA,NA
"uniform_k1",9617,"PPIF",5.98208087934093e-05,NA,NA,NA
"uniform_k1",9618,"SCN4B",6.14500670026441e-06,NA,NA,NA
"uniform_k1",9619,"ATP1A1",1.2671361954153e-06,NA,NA,NA
"uniform_k1",9620,"TFF2",0,NA,NA,NA
"uniform_k1",9621,"CPT1A",1.49157660161992e-05,NA,NA,NA
"uniform_k1",9622,"GPR35",0,NA,NA,NA
"uniform_k1",9623,"ABCC9",1.45674367513227e-06,NA,NA,NA
"uniform_k1",9624,"PRKCD",2.05317703156904e-05,NA,NA,NA
"uniform_k1",9625,"PTK2B",6.52603876749591e-06,NA,NA,NA
"uniform_k1",9626,"FOXO3",4.79174602721066e-05,NA,NA,NA
"uniform_k1",9627,"PRMT3",0,NA,NA,NA
"uniform_k1",9628,"KCNC3",0,NA,NA,NA
"uniform_k1",9629,"MT-ATP6",9.5010961728148e-06,NA,NA,NA
"uniform_k1",9630,"CEBPA",7.73820750388232e-05,NA,NA,NA
"uniform_k1",9631,"LRP5",0,NA,NA,NA
"uniform_k1",9632,"DSPP",0,NA,NA,NA
"uniform_k1",9633,"RTCB",0,NA,NA,NA
"uniform_k1",9634,"PRKACA",0.00408086083662407,NA,NA,NA
"uniform_k1",9635,"AMY2B",0,NA,NA,NA
"uniform_k1",9636,"GNMT",0,NA,NA,NA
"uniform_k1",9637,"SCD",0.000143791042404695,NA,NA,NA
"uniform_k1",9638,"ACACA",7.98311027262466e-05,NA,NA,NA
"uniform_k1",9639,"GABRR1",0.000892072607181937,NA,NA,NA
"uniform_k1",9640,"TGFA",3.48528190785569e-06,NA,NA,NA
"uniform_k1",9641,"CDK2",1.73911829558504e-05,NA,NA,NA
"uniform_k1",9642,"MYC",0.000561856827766771,NA,NA,NA
"uniform_k1",9643,"GSTZ1",0,NA,NA,NA
"uniform_k1",9644,"TNFSF11",7.5283725537223e-05,NA,NA,NA
"uniform_k1",9645,"ZEB2",0,NA,NA,NA
"uniform_k1",9646,"GSK3A",9.50447229808304e-07,NA,NA,NA
"uniform_k1",9647,"KCNE2",0,NA,NA,NA
"uniform_k1",9648,"ESRRB",2.36306737284586e-05,NA,NA,NA
"uniform_k1",9649,"HDAC2",2.26872919905086e-05,NA,NA,NA
"uniform_k1",9650,"HGF",0,NA,NA,NA
"uniform_k1",9651,"AXL",2.56876487623181e-05,NA,NA,NA
"uniform_k1",9652,"MT2A",0.00087441544054756,NA,NA,NA
"uniform_k1",9653,"CTSG",5.59397568715703e-05,NA,NA,NA
"uniform_k1",9654,"KCNH2",0.000463751185241779,NA,NA,NA
"uniform_k1",9655,"MAP1LC3B",8.68078161708752e-06,NA,NA,NA
"uniform_k1",9656,"SNCA",0.000455106191969867,NA,NA,NA
"uniform_k1",9657,"HSPA1B",2.53472574274216e-06,NA,NA,NA
"uniform_k1",9658,"SLCO1B1",3.08486910148842e-05,NA,NA,NA
"uniform_k1",9659,"MGAM",0.000137027144681112,NA,NA,NA
"uniform_k1",9660,"APOD",0.00195383273850436,NA,NA,NA
"uniform_k1",9661,"SLC18A2",1.33665330134258e-05,NA,NA,NA
"uniform_k1",9662,"CACNG2",5.72736887810565e-05,NA,NA,NA
"uniform_k1",9663,"IMPDH2",1.60872446202109e-05,NA,NA,NA
"uniform_k1",9664,"EPOR",4.26416671160945e-05,NA,NA,NA
"uniform_k1",9665,"TGFB1",0.000170827591538192,NA,NA,NA
"uniform_k1",9666,"ATM",2.74398232945616e-05,NA,NA,NA
"uniform_k1",9667,"HDAC4",8.23760862456169e-06,NA,NA,NA
"uniform_k1",9668,"IL17A",0,NA,NA,NA
"uniform_k1",9669,"ACE",0.00145679149577593,NA,NA,NA
"uniform_k1",9670,"AKT1",0.00346325271049452,NA,NA,NA
"uniform_k1",9671,"LPL",0.000483720734164583,NA,NA,NA
"uniform_k1",9672,"CRTC2",2.09096071963621e-05,NA,NA,NA
"uniform_k1",9673,"TUBA1C",0,NA,NA,NA
"uniform_k1",9674,"DIO1",0,NA,NA,NA
"uniform_k1",9675,"AHSP",1.89993871424488e-06,NA,NA,NA
"uniform_k1",9676,"HTR2C",1.81821061465692e-05,NA,NA,NA
"uniform_k1",9677,"PCOLCE",0,NA,NA,NA
"uniform_k1",9678,"SQLE",9.90930470378126e-05,NA,NA,NA
"uniform_k1",9679,"KCNC3",0,NA,NA,NA
"uniform_k1",9680,"PPARD",4.39109792027548e-05,NA,NA,NA
"uniform_k1",9681,"PIK3R1",5.3428249282339e-05,NA,NA,NA
"uniform_k1",9682,"PRKCE",5.79752275315926e-05,NA,NA,NA
"uniform_k1",9683,"GSK3B",0.000254805416997517,NA,NA,NA
"uniform_k1",9684,"GABRA4",0,NA,NA,NA
"uniform_k1",9685,"FGF2",4.67782227966396e-05,NA,NA,NA
"uniform_k1",9686,"AGTR2",0,NA,NA,NA
"uniform_k1",9687,"IRF1",0,NA,NA,NA
"uniform_k1",9688,"LPCAT1",1.456721531512e-06,NA,NA,NA
"uniform_k1",9689,"IL18",2.23696138260676e-05,NA,NA,NA
"uniform_k1",9690,"ACLY",0.000136799781064179,NA,NA,NA
"uniform_k1",9691,"HDAC3",1.29907353231262e-05,NA,NA,NA
"uniform_k1",9692,"MAP1LC3A",0,NA,NA,NA
"uniform_k1",9693,"KCNH2",0.000463751185241779,NA,NA,NA
"uniform_k1",9694,"SLC15A1",1.58338604960839e-06,NA,NA,NA
"uniform_k1",9695,"ACLY",0.000136799781064179,NA,NA,NA
"uniform_k1",9696,"CCND1",0.000116503278948743,NA,NA,NA
"uniform_k1",9697,"CXCL2",0,NA,NA,NA
"uniform_k1",9698,"NFATC3",3.48468834243665e-06,NA,NA,NA
"uniform_k1",9699,"GK",0.000406543096133638,NA,NA,NA
"uniform_k1",9700,"CLDN1",4.94148239504888e-06,NA,NA,NA
"uniform_k1",9701,"TH",0.000370274680685401,NA,NA,NA
"uniform_k1",9702,"HNF4A",0.000115908516808982,NA,NA,NA
"uniform_k1",9703,"ITPR3",1.88839173905775e-05,NA,NA,NA
"uniform_k1",9704,"HBA2",0,NA,NA,NA
"uniform_k1",9705,"GPT2",8.61690501118284e-05,NA,NA,NA
"uniform_k1",9706,"FASN",0.000342772066284303,NA,NA,NA
"uniform_k1",9707,"GGPS1",0,NA,NA,NA
"uniform_k1",9708,"RASA1",5.55702489675181e-05,NA,NA,NA
"uniform_k1",9709,"IFNG",3.71450469081047e-05,NA,NA,NA
"uniform_k1",9710,"CYP17A1",3.31356115126358e-05,NA,NA,NA
"uniform_k1",9711,"GSTM1",0.000122658682697341,NA,NA,NA
"uniform_k1",9712,"CX3CR1",0,NA,NA,NA
"uniform_k1",9713,"ADK",7.61409486743636e-05,NA,NA,NA
"uniform_k1",9714,"GSTM2",0,NA,NA,NA
"uniform_k1",9715,"GPER1",8.61720038791702e-06,NA,NA,NA
"uniform_k1",9716,"ATG5",1.93264314094499e-05,NA,NA,NA
"uniform_k1",9717,"PNP",0.000105291533052498,NA,NA,NA
"uniform_k1",9718,"CA2",1.50098666125142e-05,NA,NA,NA
"uniform_k1",9719,"KCNQ2",0.000154321192943452,NA,NA,NA
"uniform_k1",9720,"PTGDS",0.0001023719829093,NA,NA,NA
"uniform_k1",9721,"KCNA3",7.03184449912797e-06,NA,NA,NA
"uniform_k1",9722,"QPRT",2.95780448075211e-05,NA,NA,NA
"uniform_k1",9723,"GYPA",0.000261429870861529,NA,NA,NA
"uniform_k1",9724,"CACNA1D",0.00017135132572077,NA,NA,NA
"uniform_k1",9725,"CHRNA4",0.00010936479964363,NA,NA,NA
"uniform_k1",9726,"YAP1",2.37641275353528e-05,NA,NA,NA
"uniform_k1",9727,"WEE1",0,NA,NA,NA
"uniform_k1",9728,"CTSD",0.000133066364187417,NA,NA,NA
"uniform_k1",9729,"ATP2C2",0,NA,NA,NA
"uniform_k1",9730,"TXN",0.000162772847540738,NA,NA,NA
"uniform_k1",9731,"ATP2A1",4.62343104201679e-06,NA,NA,NA
"uniform_k1",9732,"PLA2G4A",0.000158908171599248,NA,NA,NA
"uniform_k1",9733,"RHO",0.00017143146028642,NA,NA,NA
"uniform_k1",9734,"EIF2A",0,NA,NA,NA
"uniform_k1",9735,"TOP2A",1.51432024206866e-05,NA,NA,NA
"uniform_k1",9736,"GSTA2",5.30422370040862e-05,NA,NA,NA
"uniform_k1",9737,"GSR",0.00032731672891706,NA,NA,NA
"uniform_k1",9738,"AKR1C2",0,NA,NA,NA
"uniform_k1",9739,"RBP1",1.67206208291359e-05,NA,NA,NA
"uniform_k1",9740,"KCNJ14",0,NA,NA,NA
"uniform_k1",9741,"RAC2",7.2870543702308e-05,NA,NA,NA
"uniform_k1",9742,"VTN",6.33650236725458e-07,NA,NA,NA
"uniform_k1",9743,"COX7B",0,NA,NA,NA
"uniform_k1",9744,"TG",5.56234870203731e-05,NA,NA,NA
"uniform_k1",9745,"AXL",2.56876487623181e-05,NA,NA,NA
"uniform_k1",9746,"ADORA2A",0.00134091820301629,NA,NA,NA
"uniform_k1",9747,"TOMM70",0,NA,NA,NA
"uniform_k1",9748,"PPP3CA",1.20382530055529e-05,NA,NA,NA
"uniform_k1",9749,"HBA2",0,NA,NA,NA
"uniform_k1",9750,"KDM1A",0,NA,NA,NA
"uniform_k1",9751,"IKBKB",6.84471676271059e-06,NA,NA,NA
"uniform_k1",9752,"IGFBP3",2.54114516418102e-05,NA,NA,NA
"uniform_k1",9753,"DNMT1",4.56882288469851e-05,NA,NA,NA
"uniform_k1",9754,"GPT2",8.61690501118284e-05,NA,NA,NA
"uniform_k1",9755,"PLD2",0.000135771725086054,NA,NA,NA
"uniform_k1",9756,"GAA",0,NA,NA,NA
"uniform_k1",9757,"RIPK1",9.50457768944535e-06,NA,NA,NA
"uniform_k1",9758,"ATF6",1.47631880090815e-05,NA,NA,NA
"uniform_k1",9759,"CSF1",1.07725687046312e-05,NA,NA,NA
"uniform_k1",9760,"APOB",0.000254184152158166,NA,NA,NA
"uniform_k1",9761,"CBR1",3.06594182049036e-05,NA,NA,NA
"uniform_k1",9762,"CYP7A1",0.000286565174003384,NA,NA,NA
"uniform_k1",9763,"SRPK2",0,NA,NA,NA
"uniform_k1",9764,"HCRTR2",0,NA,NA,NA
"uniform_k1",9765,"APOA1",0.00156761777246528,NA,NA,NA
"uniform_k1",9766,"PRKACA",0.00408086083662407,NA,NA,NA
"uniform_k1",9767,"PKIA",2.53383300530263e-06,NA,NA,NA
"uniform_k1",9768,"ELOVL5",0,NA,NA,NA
"uniform_k1",9769,"CXCL2",0,NA,NA,NA
"uniform_k1",9770,"RIPK1",9.50457768944535e-06,NA,NA,NA
"uniform_k1",9771,"HSD3B2",2.44539251612608e-05,NA,NA,NA
"uniform_k1",9772,"CRTC2",2.09096071963621e-05,NA,NA,NA
"uniform_k1",9773,"SIRT1",0.000506319994551752,NA,NA,NA
"uniform_k1",9774,"ADRA1B",0,NA,NA,NA
"uniform_k1",9775,"HNRNPA1",0.0011965986405017,NA,NA,NA
"uniform_k1",9776,"SCN2A",9.6829057864789e-05,NA,NA,NA
"uniform_k1",9777,"NLN",0,NA,NA,NA
"uniform_k1",9778,"SLC16A1",1.22233950207162e-05,NA,NA,NA
"uniform_k1",9779,"ADORA2A",0.00134091820301629,NA,NA,NA
"uniform_k1",9780,"GABBR1",0.000629351098106912,NA,NA,NA
"uniform_k1",9781,"CAMP",0.00129691841056656,NA,NA,NA
"uniform_k1",9782,"TFF2",0,NA,NA,NA
"uniform_k1",9783,"CX3CR1",0,NA,NA,NA
"uniform_k1",9784,"IDE",1.32413576375834e-05,NA,NA,NA
"uniform_k1",9785,"TACR3",0,NA,NA,NA
"uniform_k1",9786,"SREBF1",0.000334685132546086,NA,NA,NA
"uniform_k1",9787,"FAS",6.33677821770817e-07,NA,NA,NA
"uniform_k1",9788,"E2F1",6.05857808446686e-05,NA,NA,NA
"uniform_k1",9789,"EIF4G1",1.23532645966984e-05,NA,NA,NA
"uniform_k1",9790,"RAPGEF4",2.51523475149895e-05,NA,NA,NA
"uniform_k1",9791,"APOB",0.000254184152158166,NA,NA,NA
"uniform_k1",9792,"HCRTR2",0,NA,NA,NA
"uniform_k1",9793,"NOX4",3.0792080655373e-05,NA,NA,NA
"uniform_k1",9794,"LGALS3",1.90104129516033e-06,NA,NA,NA
"uniform_k1",9795,"PROS1",2.21693788693411e-06,NA,NA,NA
"uniform_k1",9796,"BAD",6.33634698421481e-06,NA,NA,NA
"uniform_k1",9797,"DRD4",1.19735525129228e-05,NA,NA,NA
"uniform_k1",9798,"CD36",0.000286748685116911,NA,NA,NA
"uniform_k1",9799,"APP",0.00112835552814228,NA,NA,NA
"uniform_k1",9800,"CCN2",1.134369344169e-05,NA,NA,NA
"uniform_k1",9801,"NCOA6",0,NA,NA,NA
"uniform_k1",9802,"RGN",1.78637354256717e-05,NA,NA,NA
"uniform_k1",9803,"TH",0.000370274680685401,NA,NA,NA
"uniform_k1",9804,"GLYAT",0,NA,NA,NA
"uniform_k1",9805,"TRPV2",1.87502442750009e-05,NA,NA,NA
"uniform_k1",9806,"NCOA2",3.54820525111377e-05,NA,NA,NA
"uniform_k1",9807,"SELP",5.7028163548134e-06,NA,NA,NA
"uniform_k1",9808,"CHRNB3",0,NA,NA,NA
"uniform_k1",9809,"ATP1A3",0,NA,NA,NA
"uniform_k1",9810,"DBP",0,NA,NA,NA
"uniform_k1",9811,"ABAT",2.2801866788047e-06,NA,NA,NA
"uniform_k1",9812,"CLDN4",0,NA,NA,NA
"uniform_k1",9813,"SRPK2",0,NA,NA,NA
"uniform_k1",9814,"KLK3",0.00125308407979507,NA,NA,NA
"uniform_k1",9815,"HDAC4",8.23760862456169e-06,NA,NA,NA
"uniform_k1",9816,"ARF5",0,NA,NA,NA
"uniform_k1",9817,"ATP1A2",4.63378248599655e-05,NA,NA,NA
"uniform_k1",9818,"IL36A",0,NA,NA,NA
"uniform_k1",9819,"APRT",5.32709672381726e-05,NA,NA,NA
"uniform_k1",9820,"OR51E1",0,NA,NA,NA
"uniform_k1",9821,"ALDH1B1",0,NA,NA,NA
"uniform_k1",9822,"PPP2CA",7.29428022572254e-05,NA,NA,NA
"uniform_k1",9823,"NLN",0,NA,NA,NA
"uniform_k1",9824,"PLA2G4A",0.000158908171599248,NA,NA,NA
"uniform_k1",9825,"RARG",0,NA,NA,NA
"uniform_k1",9826,"AGTR2",0,NA,NA,NA
"uniform_k1",9827,"EIF4EBP1",0,NA,NA,NA
"uniform_k1",9828,"DBH",9.818852931609e-06,NA,NA,NA
"uniform_k1",9829,"BMPR2",8.59954951424324e-05,NA,NA,NA
"uniform_k1",9830,"GABRD",9.49995296650741e-07,NA,NA,NA
"uniform_k1",9831,"HDAC10",0,NA,NA,NA
"uniform_k1",9832,"KCNA5",1.99569664441901e-05,NA,NA,NA
"uniform_k1",9833,"BGLAP",0.000139973984731978,NA,NA,NA
"uniform_k1",9834,"MARK4",0,NA,NA,NA
"uniform_k1",9835,"AKR1C4",0,NA,NA,NA
"uniform_k1",9836,"SLC2A1",0.000140046836469954,NA,NA,NA
"uniform_k1",9837,"AANAT",0,NA,NA,NA
"uniform_k1",9838,"IMPDH1",3.87605638363375e-05,NA,NA,NA
"uniform_k1",9839,"AKR1C2",0,NA,NA,NA
"uniform_k1",9840,"SLCO1B1",3.08486910148842e-05,NA,NA,NA
"uniform_k1",9841,"TFR2",1.9001036434263e-06,NA,NA,NA
"uniform_k1",9842,"CASQ1",2.53341735867441e-06,NA,NA,NA
"uniform_k1",9843,"GPR35",0,NA,NA,NA
"uniform_k1",9844,"IGF1",0.000380119663706879,NA,NA,NA
"uniform_k1",9845,"CASQ1",2.53341735867441e-06,NA,NA,NA
"uniform_k1",9846,"F2",0.000128821901214549,NA,NA,NA
"uniform_k1",9847,"IGFBP3",2.54114516418102e-05,NA,NA,NA
"uniform_k1",9848,"PTGER2",3.0407837517954e-06,NA,NA,NA
"uniform_k1",9849,"EIF4G1",1.23532645966984e-05,NA,NA,NA
"uniform_k1",9850,"CACNG2",5.72736887810565e-05,NA,NA,NA
"uniform_k1",9851,"CCND3",6.33604306909952e-07,NA,NA,NA
"uniform_k1",9852,"ATF4",6.17859641668383e-05,NA,NA,NA
"uniform_k1",9853,"IL1B",0.000829865649814021,NA,NA,NA
"uniform_k1",9854,"RIPK1",9.50457768944535e-06,NA,NA,NA
"uniform_k1",9855,"CYP19A1",0.000459651716543275,NA,NA,NA
"uniform_k1",9856,"NFKB1",0.000211104315194666,NA,NA,NA
"uniform_k1",9857,"PTPN6",0,NA,NA,NA
"uniform_k1",9858,"PLA2G2D",0,NA,NA,NA
"uniform_k1",9859,"NCOA2",3.54820525111377e-05,NA,NA,NA
"uniform_k1",9860,"MAP3K5",7.04706361130958e-05,NA,NA,NA
"uniform_k1",9861,"DHRS3",0,NA,NA,NA
"uniform_k1",9862,"LYZ",0,NA,NA,NA
"uniform_k1",9863,"RASGRF1",5.25865086087318e-06,NA,NA,NA
"uniform_k1",9864,"IGF1",0.000380119663706879,NA,NA,NA
"uniform_k1",9865,"ADH6",4.11775851749674e-06,NA,NA,NA
"uniform_k1",9866,"CYP27B1",5.34712469113519e-05,NA,NA,NA
"uniform_k1",9867,"TYR",3.79481492692735e-05,NA,NA,NA
"uniform_k1",9868,"DHRS3",0,NA,NA,NA
"uniform_k1",9869,"HSD3B1",7.1585802265961e-06,NA,NA,NA
"uniform_k1",9870,"GOT1",5.88174838508371e-05,NA,NA,NA
"uniform_k1",9871,"TGFA",3.48528190785569e-06,NA,NA,NA
"uniform_k1",9872,"PIK3R1",5.3428249282339e-05,NA,NA,NA
"uniform_k1",9873,"VLDLR",0,NA,NA,NA
"uniform_k1",9874,"PPID",0,NA,NA,NA
"uniform_k1",9875,"CHUK",1.55270045979483e-05,NA,NA,NA
"uniform_k1",9876,"HERC5",0,NA,NA,NA
"uniform_k1",9877,"CACNB4",5.59340801313812e-05,NA,NA,NA
"uniform_k1",9878,"FUS",6.90480253662251e-06,NA,NA,NA
"uniform_k1",9879,"AGT",0.000967403269813816,NA,NA,NA
"uniform_k1",9880,"TFR2",1.9001036434263e-06,NA,NA,NA
"uniform_k1",9881,"CXCR4",0.000366755254582851,NA,NA,NA
"uniform_k1",9882,"CPS1",1.2666988915111e-05,NA,NA,NA
"uniform_k1",9883,"NCOA2",3.54820525111377e-05,NA,NA,NA
"uniform_k1",9884,"UGT1A3",1.26699491542759e-06,NA,NA,NA
"uniform_k1",9885,"GABRB2",0,NA,NA,NA
"uniform_k1",9886,"YY1",6.08348672959114e-06,NA,NA,NA
"uniform_k1",9887,"SYK",5.32926492629038e-05,NA,NA,NA
"uniform_k1",9888,"IL1RN",0,NA,NA,NA
"uniform_k1",9889,"NEU1",0,NA,NA,NA
"uniform_k1",9890,"FN1",0.00237698824343124,NA,NA,NA
"uniform_k1",9891,"MAP2K7",3.16786999277063e-06,NA,NA,NA
"uniform_k1",9892,"SYK",5.32926492629038e-05,NA,NA,NA
"uniform_k1",9893,"ABAT",2.2801866788047e-06,NA,NA,NA
"uniform_k1",9894,"CS",0.000203624857343709,NA,NA,NA
"uniform_k1",9895,"HIF1AN",8.74219236624008e-06,NA,NA,NA
"uniform_k1",9896,"POU5F1",3.4853680447311e-06,NA,NA,NA
"uniform_k1",9897,"AKR1C1",5.66614851992275e-05,NA,NA,NA
"uniform_k1",9898,"HTR2A",4.49190304361302e-05,NA,NA,NA
"uniform_k1",9899,"GSTM2",0,NA,NA,NA
"uniform_k1",9900,"COL7A1",0,NA,NA,NA
"uniform_k1",9901,"SLC8A1",0,NA,NA,NA
"uniform_k1",9902,"HBA2",0,NA,NA,NA
"uniform_k1",9903,"CALM3",0.000527160893726952,NA,NA,NA
"uniform_k1",9904,"PKD1",3.50334081220538e-05,NA,NA,NA
"uniform_k1",9905,"ARRDC3",6.33407013395093e-07,NA,NA,NA
"uniform_k1",9906,"GABRR3",0,NA,NA,NA
"uniform_k1",9907,"KRT2",0,NA,NA,NA
"uniform_k1",9908,"FGF23",6.25962068182551e-05,NA,NA,NA
"uniform_k1",9909,"SKP2",4.435492915289e-06,NA,NA,NA
"uniform_k1",9910,"HSPB1",6.97066364507837e-06,NA,NA,NA
"uniform_k1",9911,"DSPP",0,NA,NA,NA
"uniform_k1",9912,"MMP1",6.13390297496963e-05,NA,NA,NA
"uniform_k1",9913,"HTR3A",8.53896962736966e-05,NA,NA,NA
"uniform_k1",9914,"CACNA2D4",0,NA,NA,NA
"uniform_k1",9915,"KRAS",0.00012277649828063,NA,NA,NA
"uniform_k1",9916,"ROS1",0,NA,NA,NA
"uniform_k1",9917,"DHODH",1.42497466326663e-05,NA,NA,NA
"uniform_k1",9918,"F12",0,NA,NA,NA
"uniform_k1",9919,"NFKBIA",5.47616073202084e-05,NA,NA,NA
"uniform_k1",9920,"MAP1LC3A",0,NA,NA,NA
"uniform_k1",9921,"ACADM",0.000194896326079275,NA,NA,NA
"uniform_k1",9922,"CXCL1",0,NA,NA,NA
"uniform_k1",9923,"PLEK",3.16787882370662e-06,NA,NA,NA
"uniform_k1",9924,"DNAJC5",5.30276407040287e-05,NA,NA,NA
"uniform_k1",9925,"CD86",0,NA,NA,NA
"uniform_k1",9926,"ABCC2",6.29649746844985e-05,NA,NA,NA
"uniform_k1",9927,"GRIN2B",0.000317728868907574,NA,NA,NA
"uniform_k1",9928,"IDE",1.32413576375834e-05,NA,NA,NA
"uniform_k1",9929,"RUNX2",0.000299161144537541,NA,NA,NA
"uniform_k1",9930,"MGAM",0.000137027144681112,NA,NA,NA
"uniform_k1",9931,"COL3A1",0,NA,NA,NA
"uniform_k1",9932,"CACNA2D2",0,NA,NA,NA
"uniform_k1",9933,"PDE4D",1.08964365290731e-05,NA,NA,NA
"uniform_k1",9934,"GLUL",0.000147191537224312,NA,NA,NA
"uniform_k1",9935,"PPARGC1A",0.000942132031227727,NA,NA,NA
"uniform_k1",9936,"MAPK9",3.16862262561557e-06,NA,NA,NA
"uniform_k1",9937,"CYP7B1",5.06699999092142e-06,NA,NA,NA
"uniform_k1",9938,"PPID",0,NA,NA,NA
"uniform_k1",9939,"SEMA3A",6.84073768231208e-06,NA,NA,NA
"uniform_k1",9940,"DNMT1",4.56882288469851e-05,NA,NA,NA
"uniform_k1",9941,"GABRB1",1.70995530076601e-05,NA,NA,NA
"uniform_k1",9942,"MYD88",9.12615367376635e-06,NA,NA,NA
"uniform_k1",9943,"FN1",0.00237698824343124,NA,NA,NA
"uniform_k1",9944,"F2RL1",1.81154153372498e-05,NA,NA,NA
"uniform_k1",9945,"IL36A",0,NA,NA,NA
"uniform_k1",9946,"TUBA1A",1.10247379909723e-05,NA,NA,NA
"uniform_k1",9947,"CALCA",1.96344956293615e-06,NA,NA,NA
"uniform_k1",9948,"SQLE",9.90930470378126e-05,NA,NA,NA
"uniform_k1",9949,"PLG",0.000475913758970048,NA,NA,NA
"uniform_k1",9950,"PLAU",9.12459578450431e-06,NA,NA,NA
"uniform_k1",9951,"PLA2G7",0.00013847975796788,NA,NA,NA
"uniform_k1",9952,"LY96",0,NA,NA,NA
"uniform_k1",9953,"HSPA4",0.000770336012735795,NA,NA,NA
"uniform_k1",9954,"ABCA7",0,NA,NA,NA
"uniform_k1",9955,"CASP3",0.000462575099730467,NA,NA,NA
"uniform_k1",9956,"MTOR",0.000351853732282081,NA,NA,NA
"uniform_k1",9957,"KCND3",0.00107729447119487,NA,NA,NA
"uniform_k1",9958,"NKX3-1",0,NA,NA,NA
"uniform_k1",9959,"LCP1",0.00205551981329799,NA,NA,NA
"uniform_k1",9960,"AXIN2",0,NA,NA,NA
"uniform_k1",9961,"BMPR2",8.59954951424324e-05,NA,NA,NA
"uniform_k1",9962,"CHEK2",2.4076159734765e-06,NA,NA,NA
"uniform_k1",9963,"TRAF2",5.75385733394551e-05,NA,NA,NA
"uniform_k1",9964,"SELP",5.7028163548134e-06,NA,NA,NA
"uniform_k1",9965,"AQP9",0,NA,NA,NA
"uniform_k1",9966,"ERBB3",0,NA,NA,NA
"uniform_k1",9967,"RRM2B",0,NA,NA,NA
"uniform_k1",9968,"KCNJ2",0.00119679281819129,NA,NA,NA
"uniform_k1",9969,"NTRK1",3.04810969022906e-05,NA,NA,NA
"uniform_k1",9970,"IMPDH1",3.87605638363375e-05,NA,NA,NA
"uniform_k1",9971,"GSTK1",0,NA,NA,NA
"uniform_k1",9972,"ODC1",0.00121583500905476,NA,NA,NA
"uniform_k1",9973,"PDE10A",6.52492584996001e-06,NA,NA,NA
"uniform_k1",9974,"KLK5",0,NA,NA,NA
"uniform_k1",9975,"SMAD7",1.26728738392146e-06,NA,NA,NA
"uniform_k1",9976,"RARA",0.000182812715244118,NA,NA,NA
"uniform_k1",9977,"TUBB4B",6.33455001119998e-07,NA,NA,NA
"uniform_k1",9978,"IL17A",0,NA,NA,NA
"uniform_k1",9979,"TYR",3.79481492692735e-05,NA,NA,NA
"uniform_k1",9980,"GSTM3",0,NA,NA,NA
"uniform_k1",9981,"CALCR",3.30019686509697e-05,NA,NA,NA
"uniform_k1",9982,"S100A13",2.28031262317074e-06,NA,NA,NA
"uniform_k1",9983,"NTRK1",3.04810969022906e-05,NA,NA,NA
"uniform_k1",9984,"NANOG",9.82225146706206e-06,NA,NA,NA
"uniform_k1",9985,"PPARGC1A",0.000942132031227727,NA,NA,NA
"uniform_k1",9986,"CKB",5.32096942710281e-05,NA,NA,NA
"uniform_k1",9987,"SOAT1",2.72368448894778e-06,NA,NA,NA
"uniform_k1",9988,"TACR1",0,NA,NA,NA
"uniform_k1",9989,"SLCO1B1",3.08486910148842e-05,NA,NA,NA
"uniform_k1",9990,"TUBB4A",0,NA,NA,NA
"uniform_k1",9991,"AURKC",0,NA,NA,NA
"uniform_k1",9992,"CRTC2",2.09096071963621e-05,NA,NA,NA
"uniform_k1",9993,"DDC",2.58462116191627e-05,NA,NA,NA
"uniform_k1",9994,"AANAT",0,NA,NA,NA
"uniform_k1",9995,"GRIA4",0,NA,NA,NA
"uniform_k1",9996,"NFKBIE",0,NA,NA,NA
"uniform_k1",9997,"PPID",0,NA,NA,NA
"uniform_k1",9998,"XDH",0.000207347108110545,NA,NA,NA
"uniform_k1",9999,"PTGES2",2.81266331965124e-05,NA,NA,NA
"uniform_k1",10000,"NR1H4",0.000150320210463128,NA,NA,NA
