gene,degree,degree_centrality,betweenness_centrality,component_id,component_size,is_isolate,degree_rank,betweenness_rank,top20pct_degree,top20pct_betweenness,core_by_preregistered_rule
TP53,221,0.17131782945736435,0.045510375933659114,1,1226,False,1,2,True,True,True
AKT1,215,0.16666666666666666,0.04449731714050828,1,1226,False,2,3,True,True,True
EGFR,176,0.13643410852713178,0.029541812974144887,1,1226,False,3,6,True,True,True
IL6,176,0.13643410852713178,0.02320084396256227,1,1226,False,3,9,True,True,True
TNF,170,0.13178294573643412,0.024111187275077217,1,1226,False,5,8,True,True,True
STAT3,163,0.1263565891472868,0.012870995799612709,1,1226,False,6,26,True,True,True
INS,151,0.11705426356589148,0.05302536292038781,1,1226,False,7,1,True,True,True
IL1B,150,0.11627906976744186,0.015229155789382106,1,1226,False,8,20,True,True,True
CTNNB1,144,0.11162790697674418,0.019526835466013536,1,1226,False,9,10,True,True,True
SRC,142,0.11007751937984496,0.017283806248393502,1,1226,False,10,13,True,True,True
JUN,140,0.10852713178294573,0.013589762548982615,1,1226,False,11,23,True,True,True
MYC,132,0.10232558139534884,0.010715025308996642,1,1226,False,12,30,True,True,True
HSP90AA1,131,0.10155038759689923,0.016643645767771685,1,1226,False,13,17,True,True,True
NFKB1,126,0.09767441860465116,0.00649347664324923,1,1226,False,14,62,True,True,True
BCL2,125,0.09689922480620156,0.008196693888840378,1,1226,False,15,46,True,True,True
ACTB,124,0.09612403100775194,0.02628342404180333,1,1226,False,16,7,True,True,True
MAPK3,123,0.09534883720930233,0.012485849254361431,1,1226,False,17,28,True,True,True
FN1,119,0.09224806201550388,0.014758004520481057,1,1226,False,18,22,True,True,True
ALB,117,0.09069767441860466,0.03337531397050489,1,1226,False,19,5,True,True,True
CASP3,116,0.08992248062015504,0.009207219391844414,1,1226,False,20,39,True,True,True
ESR1,113,0.08759689922480621,0.015667872265897716,1,1226,False,21,19,True,True,True
TLR4,111,0.08604651162790698,0.009054720550771106,1,1226,False,22,40,True,True,True
MAPK1,105,0.08139534883720931,0.008278842540093007,1,1226,False,23,45,True,True,True
PRKACA,104,0.08062015503875969,0.03491834642172856,1,1226,False,24,4,True,True,True
HSP90AB1,103,0.07984496124031008,0.008012963915602803,1,1226,False,25,49,True,True,True
IL10,100,0.07751937984496124,0.004898084995713326,1,1226,False,26,95,True,True,True
HIF1A,98,0.07596899224806201,0.008173486088004797,1,1226,False,27,47,True,True,True
MMP9,98,0.07596899224806201,0.0064107926820739375,1,1226,False,27,66,True,True,True
IFNG,96,0.07441860465116279,0.003036151022037339,1,1226,False,29,155,True,True,True
CALM3,95,0.07364341085271318,0.018588465897139472,1,1226,False,30,11,True,True,True
FOS,95,0.07364341085271318,0.00845828423997613,1,1226,False,30,43,True,True,True
CXCL8,95,0.07364341085271318,0.005485051525425902,1,1226,False,30,78,True,True,True
CD44,94,0.07286821705426356,0.009529188650443814,1,1226,False,33,37,True,True,True
EGF,94,0.07286821705426356,0.004938999081784413,1,1226,False,33,89,True,True,True
CCL2,91,0.07054263565891473,0.002787156124907487,1,1226,False,35,166,True,True,True
CALML5,90,0.06976744186046512,0.016731227316233006,1,1226,False,36,16,True,True,True
CCND1,90,0.06976744186046512,0.003583870169349397,1,1226,False,36,128,True,True,True
PTEN,89,0.06899224806201551,0.0034264764588012313,1,1226,False,38,135,True,True,True
RELA,89,0.06899224806201551,0.0030752448311657933,1,1226,False,38,149,True,True,True
CALML3,88,0.06821705426356589,0.014842067436159435,1,1226,False,40,21,True,True,True
PPARG,88,0.06821705426356589,0.012886278344074568,1,1226,False,40,25,True,True,True
STAT1,88,0.06821705426356589,0.005201849341840332,1,1226,False,40,81,True,True,True
HDAC1,86,0.06666666666666667,0.005381164071870749,1,1226,False,43,79,True,True,True
FOXO1,85,0.06589147286821706,0.0064986089098555905,1,1226,False,44,61,True,True,True
TGFB1,84,0.06511627906976744,0.004174833981294654,1,1226,False,45,115,True,True,True
SIRT1,83,0.06434108527131784,0.007790759779051308,1,1226,False,46,51,True,True,True
SMAD3,83,0.06434108527131784,0.005004886738910867,1,1226,False,46,87,True,True,True
ERBB2,82,0.06356589147286822,0.004542231305833126,1,1226,False,48,103,True,True,True
IGF1,80,0.06201550387596899,0.004912649381195046,1,1226,False,49,93,True,True,True
GSK3B,80,0.06201550387596899,0.004724239942588558,1,1226,False,49,98,True,True,True
MAPK8,80,0.06201550387596899,0.00418647718651118,1,1226,False,49,113,True,True,True
MTOR,79,0.06124031007751938,0.006147476904146163,1,1226,False,52,69,True,True,True
HSPA4,78,0.06046511627906977,0.008942348233342714,1,1226,False,53,41,True,True,True
CREB1,77,0.059689922480620154,0.007113653340437697,1,1226,False,54,56,True,True,True
BCL2L1,76,0.05891472868217054,0.0024595643997756644,1,1226,False,55,185,True,True,True
PTGS2,75,0.05813953488372093,0.01694563812100361,1,1226,False,56,15,True,True,True
KRAS,75,0.05813953488372093,0.0031225523310382604,1,1226,False,56,146,True,True,True
FGF2,75,0.05813953488372093,0.0025345340879322988,1,1226,False,56,178,True,True,True
CYCS,74,0.05736434108527132,0.01795809473116869,1,1226,False,59,12,True,True,True
CAV1,74,0.05736434108527132,0.010234746503623238,1,1226,False,59,32,True,True,True
IL1A,73,0.056589147286821705,0.0038635254600040345,1,1226,False,61,120,True,True,True
ICAM1,73,0.056589147286821705,0.0026336001611195503,1,1226,False,61,172,True,True,True
PPARGC1A,72,0.05581395348837209,0.011819626983295802,1,1226,False,63,29,True,True,True
JAK2,70,0.05426356589147287,0.007007510824711326,1,1226,False,64,57,True,True,True
CDH1,70,0.05426356589147287,0.004924727802002229,1,1226,False,64,91,True,True,True
BDNF,68,0.05271317829457364,0.012666818257214652,1,1226,False,66,27,True,True,True
IL4,68,0.05271317829457364,0.003407370066975299,1,1226,False,66,136,True,True,True
FOXO3,68,0.05271317829457364,0.0022678107745849785,1,1226,False,66,198,True,True,True
APP,67,0.05193798449612403,0.013483445230298359,1,1226,False,70,24,True,True,True
MDM2,67,0.05193798449612403,0.0018654633819269897,1,1226,False,70,235,True,True,True
RHOA,65,0.050387596899224806,0.004200771294321847,1,1226,False,72,112,True,True,True
IL2,65,0.050387596899224806,0.0018872824862357926,1,1226,False,72,232,True,True,True
RUNX2,64,0.04961240310077519,0.004536399602823912,1,1226,False,74,104,True,True,True
BRCA1,64,0.04961240310077519,0.004050553518553874,1,1226,False,74,118,True,True,True
MAPK14,64,0.04961240310077519,0.0022231848887572653,1,1226,False,74,202,True,True,True
PRKCA,63,0.04883720930232558,0.007154207883264136,1,1226,False,77,55,True,True,True
CDK1,63,0.04883720930232558,0.004349763850468531,1,1226,False,77,109,True,True,True
NFKBIA,63,0.04883720930232558,0.0017775650041325498,1,1226,False,77,247,True,True,True
TLR2,63,0.04883720930232558,0.001732543166358605,1,1226,False,77,252,True,True,True
CRP,62,0.04806201550387597,0.004970245290226438,1,1226,False,82,88,True,True,True
CDKN2A,62,0.04806201550387597,0.004432447930241081,1,1226,False,82,107,True,True,True
CXCR4,62,0.04806201550387597,0.003470097168372049,1,1226,False,82,134,True,True,True
AGT,60,0.046511627906976744,0.01070372434797184,1,1226,False,86,31,True,True,True
APOE,60,0.046511627906976744,0.009721082683645793,1,1226,False,86,36,True,True,True
PARP1,59,0.04573643410852713,0.003397500433454022,1,1226,False,89,137,True,True,True
POMC,58,0.04496124031007752,0.017040396770690715,1,1226,False,90,14,True,True,True
PPARA,58,0.04496124031007752,0.015976182366433216,1,1226,False,90,18,True,True,True
IGF1R,58,0.04496124031007752,0.0017827814172377103,1,1226,False,90,244,True,True,True
E2F1,56,0.043410852713178294,0.0019376684253622437,1,1226,False,95,229,True,True,True
CACNA1C,55,0.04263565891472868,0.010220492323763142,1,1226,False,98,33,True,True,True
DLG4,55,0.04263565891472868,0.009797889210082886,1,1226,False,98,35,True,True,True
CYP3A4,54,0.04186046511627907,0.008328017432820757,1,1226,False,100,44,True,True,True
CD36,54,0.04186046511627907,0.005856731724288524,1,1226,False,100,73,True,True,True
KIT,54,0.04186046511627907,0.003047058161747246,1,1226,False,100,153,True,True,True
CDK4,53,0.04108527131782946,0.0019515204387862291,1,1226,False,104,227,True,True,True
SREBF1,51,0.03953488372093023,0.007743669997443942,1,1226,False,107,52,True,True,True
CEBPB,51,0.03953488372093023,0.0033053088618692173,1,1226,False,107,140,True,True,True
PTK2,51,0.03953488372093023,0.0017028229653287656,1,1226,False,107,256,True,True,True
CACNA1D,50,0.03875968992248062,0.0050708971329049436,1,1226,False,114,85,True,True,True
CYP2E1,49,0.03798449612403101,0.006873095209632741,1,1226,False,116,58,True,True,True
CYP1A1,49,0.03798449612403101,0.006416044453594298,1,1226,False,116,64,True,True,True
SERPINE1,49,0.03798449612403101,0.002070914226124632,1,1226,False,116,215,True,True,True
SCARB1,48,0.037209302325581395,0.006465658886366155,1,1226,False,119,63,True,True,True
AR,48,0.037209302325581395,0.004164028335113525,1,1226,False,119,116,True,True,True
MAPT,47,0.03643410852713178,0.004093957684089722,1,1226,False,127,117,True,True,True
ARRB2,46,0.03565891472868217,0.007544429545410129,1,1226,False,130,53,True,True,True
APOB,46,0.03565891472868217,0.005580173191455124,1,1226,False,130,76,True,True,True
HSPA5,46,0.03565891472868217,0.003056943008642289,1,1226,False,130,151,True,True,True
CASP1,45,0.03488372093023256,0.002278337217331348,1,1226,False,134,195,True,True,True
ABL1,45,0.03488372093023256,0.001673619225122776,1,1226,False,134,259,True,True,True
APOA1,44,0.034108527131782945,0.006413541261824654,1,1226,False,139,65,True,True,True
GRIN2B,43,0.03333333333333333,0.005332734765373228,1,1226,False,141,80,True,True,True
SOX2,43,0.03333333333333333,0.003168130069264624,1,1226,False,141,144,True,True,True
LYN,43,0.03333333333333333,0.0019699652327844577,1,1226,False,141,225,True,True,True
NR3C1,43,0.03333333333333333,0.0017586543127007873,1,1226,False,141,249,True,True,True
MAP3K7,42,0.03255813953488372,0.001963718780584438,1,1226,False,145,226,True,True,True
PRKCB,41,0.03178294573643411,0.002537221592335236,1,1226,False,147,177,True,True,True
NFE2L2,41,0.03178294573643411,0.0024481147559197248,1,1226,False,147,186,True,True,True
NGF,41,0.03178294573643411,0.002148449531190229,1,1226,False,147,211,True,True,True
SPP1,41,0.03178294573643411,0.002067854824794183,1,1226,False,147,217,True,True,True
UGT1A1,41,0.03178294573643411,0.0017119731747610928,1,1226,False,147,254,True,True,True
HMOX1,40,0.031007751937984496,0.004811689664979831,1,1226,False,157,96,True,True,True
YWHAZ,40,0.031007751937984496,0.0038255803706574235,1,1226,False,157,121,True,True,True
CEBPA,40,0.031007751937984496,0.0017578452401560845,1,1226,False,157,250,True,True,True
CYP2C9,39,0.030232558139534883,0.0025111199677218332,1,1226,False,169,182,True,True,True
CYBB,39,0.030232558139534883,0.00206607573446144,1,1226,False,169,218,True,True,True
GCG,38,0.02945736434108527,0.005624017987447047,1,1226,False,178,75,True,True,True
CALM1,38,0.02945736434108527,0.0022869638766480184,1,1226,False,178,194,True,True,True
GSTP1,37,0.02868217054263566,0.008127597967720114,1,1226,False,183,48,True,True,True
GRIN2A,37,0.02868217054263566,0.006707329671127331,1,1226,False,183,59,True,True,True
AOX1,37,0.02868217054263566,0.004913718008281812,1,1226,False,183,92,True,True,True
MAOA,37,0.02868217054263566,0.00441416380119967,1,1226,False,183,108,True,True,True
CACNA1H,37,0.02868217054263566,0.002825632033723803,1,1226,False,183,165,True,True,True
PPP2CA,37,0.02868217054263566,0.0018054692078067315,1,1226,False,183,242,True,True,True
SNCA,36,0.027906976744186046,0.005858606614871,1,1226,False,197,72,True,True,True
NOS3,36,0.027906976744186046,0.0029277658646849397,1,1226,False,197,160,True,True,True
GOT2,35,0.027131782945736434,0.009349515868132104,1,1226,False,200,38,True,True,True
SOD1,35,0.027131782945736434,0.005533766714896219,1,1226,False,200,77,True,True,True
MAOB,35,0.027131782945736434,0.0032965166597181132,1,1226,False,200,141,True,True,True
CYP2A6,35,0.027131782945736434,0.002701656131293508,1,1226,False,200,170,True,True,True
HNF4A,35,0.027131782945736434,0.0019477046548120093,1,1226,False,200,228,True,True,True
NCF1,35,0.027131782945736434,0.0018295859506499584,1,1226,False,200,238,True,True,True
TH,34,0.02635658914728682,0.0061747417995098135,1,1226,False,211,68,True,True,True
NOS1,34,0.02635658914728682,0.005082025534065809,1,1226,False,211,84,True,True,True
PLG,34,0.02635658914728682,0.004792617164064288,1,1226,False,211,97,True,True,True
ACE,34,0.02635658914728682,0.0041851714946792885,1,1226,False,211,114,True,True,True
CYP7A1,34,0.02635658914728682,0.0039352225802212265,1,1226,False,211,119,True,True,True
ITPR1,34,0.02635658914728682,0.0036573871929181717,1,1226,False,211,125,True,True,True
COL1A1,34,0.02635658914728682,0.0027651385631778814,1,1226,False,211,167,True,True,True
RXRA,34,0.02635658914728682,0.0025265023758983462,1,1226,False,211,179,True,True,True
NPY,33,0.02558139534883721,0.009905280224261378,1,1226,False,226,34,True,True,True
ALDH1A1,33,0.02558139534883721,0.008468387669315226,1,1226,False,226,42,True,True,True
HDAC6,33,0.02558139534883721,0.0037330207283564998,1,1226,False,226,124,True,True,True
SCN5A,33,0.02558139534883721,0.003596309265401697,1,1226,False,226,127,True,True,True
EDN1,33,0.02558139534883721,0.003160935544314805,1,1226,False,226,145,True,True,True
CACNA1A,32,0.024806201550387597,0.0035728607976131892,1,1226,False,237,129,True,True,True
COMT,32,0.024806201550387597,0.0031707418204600193,1,1226,False,237,143,True,True,True
CACNA1G,32,0.024806201550387597,0.002846458510216774,1,1226,False,237,164,True,True,True
F2,32,0.024806201550387597,0.00255769449507315,1,1226,False,237,176,True,True,True
FASN,31,0.024031007751937984,0.004489518326015069,1,1226,False,246,105,True,True,True
CDK5,31,0.024031007751937984,0.0035387982545154115,1,1226,False,246,130,True,True,True
TJP1,31,0.024031007751937984,0.0030428949425784038,1,1226,False,246,154,True,True,True
MPO,31,0.024031007751937984,0.002998254270965289,1,1226,False,246,156,True,True,True
NTRK2,31,0.024031007751937984,0.002069994990965254,1,1226,False,246,216,True,True,True
FKBP1A,30,0.023255813953488372,0.0035269844464651794,1,1226,False,257,131,True,True,True
GSTM1,30,0.023255813953488372,0.0018813512107393577,1,1226,False,257,233,True,True,True
CDKN1A,68,0.05271317829457364,0.0014659994961480998,1,1226,False,66,302,True,False,False
CASP8,63,0.04883720930232558,0.0011133251106674555,1,1226,False,77,361,True,False,False
PIK3CA,61,0.047286821705426356,0.0012805175550227685,1,1226,False,85,330,True,False,False
TRAF6,60,0.046511627906976744,0.001017603383651989,1,1226,False,86,379,True,False,False
MYD88,58,0.04496124031007752,0.0006072502865124584,1,1226,False,90,508,True,False,False
CD40,57,0.044186046511627906,0.0007807783578534184,1,1226,False,94,444,True,False,False
PIK3R1,56,0.043410852713178294,0.001429828621330206,1,1226,False,95,307,True,False,False
KDR,56,0.043410852713178294,0.0013239716812300023,1,1226,False,95,324,True,False,False
AKT2,54,0.04186046511627907,0.0011170575417696895,1,1226,False,100,360,True,False,False
MMP2,52,0.040310077519379844,0.0013714441601137934,1,1226,False,105,313,True,False,False
CDK2,52,0.040310077519379844,0.0012475913221132932,1,1226,False,105,340,True,False,False
SMAD2,51,0.03953488372093023,0.0014962798936893145,1,1226,False,107,288,True,False,False
STAT5A,51,0.03953488372093023,0.0012619825144359932,1,1226,False,107,334,True,False,False
VCAM1,51,0.03953488372093023,0.0009607595141029202,1,1226,False,107,396,True,False,False
TNFRSF1A,51,0.03953488372093023,0.00044632871904658,1,1226,False,107,574,True,False,False
IL17A,50,0.03875968992248062,0.00029930530467138673,1,1226,False,114,668,True,False,False
BECN1,48,0.037209302325581395,0.0015590581507862029,1,1226,False,119,279,True,False,False
IKBKB,48,0.037209302325581395,0.001070948781558859,1,1226,False,119,369,True,False,False
CHUK,48,0.037209302325581395,0.0009932991288624613,1,1226,False,119,385,True,False,False
PTPN11,48,0.037209302325581395,0.0004755752183975356,1,1226,False,119,564,True,False,False
CXCL10,48,0.037209302325581395,0.00037021804685082087,1,1226,False,119,624,True,False,False
CSF2,48,0.037209302325581395,0.00023587730732194708,1,1226,False,119,710,True,False,False
MAPK9,47,0.03643410852713178,0.000986620766849603,1,1226,False,127,386,True,False,False
ATM,47,0.03643410852713178,0.0008473585000094485,1,1226,False,127,424,True,False,False
CCNB1,46,0.03565891472868217,0.0012507715513245638,1,1226,False,130,339,True,False,False
MCL1,45,0.03488372093023256,0.0006570496070879249,1,1226,False,134,487,True,False,False
SNAI1,45,0.03488372093023256,0.000442747204210815,1,1226,False,134,577,True,False,False
CASP9,45,0.03488372093023256,0.0003901910168480747,1,1226,False,134,607,True,False,False
HDAC2,44,0.034108527131782945,0.0010938904175436174,1,1226,False,139,365,True,False,False
CCNA2,42,0.03255813953488372,0.0013476637934511917,1,1226,False,145,317,True,False,False
PGR,41,0.03178294573643411,0.001284894143542855,1,1226,False,147,329,True,False,False
VWF,41,0.03178294573643411,0.0010714337139906501,1,1226,False,147,368,True,False,False
CHEK1,41,0.03178294573643411,0.0008333185866731434,1,1226,False,147,428,True,False,False
STAT5B,41,0.03178294573643411,0.0005782525207302882,1,1226,False,147,520,True,False,False
CXCL1,41,0.03178294573643411,9.377223109761748e-05,1,1226,False,147,853,True,False,False
CYP1A2,40,0.031007751937984496,0.0016553600508555277,1,1226,False,157,261,True,False,False
XIAP,40,0.031007751937984496,0.001188051169155121,1,1226,False,157,353,True,False,False
TRAF2,40,0.031007751937984496,0.0008318627764792242,1,1226,False,157,431,True,False,False
CSF3,40,0.031007751937984496,0.000670878285080092,1,1226,False,157,480,True,False,False
IL18,40,0.031007751937984496,0.0005507607722268249,1,1226,False,157,534,True,False,False
CDKN1B,40,0.031007751937984496,0.00048346996953587735,1,1226,False,157,560,True,False,False
FOXP3,40,0.031007751937984496,0.000404517794471901,1,1226,False,157,600,True,False,False
HGF,40,0.031007751937984496,0.00023750742338501154,1,1226,False,157,707,True,False,False
CCL3,40,0.031007751937984496,0.0002204492158522446,1,1226,False,157,719,True,False,False
ITGB3,39,0.030232558139534883,0.0016425265209707553,1,1226,False,169,265,True,False,False
CYP3A5,39,0.030232558139534883,0.0011524486958048375,1,1226,False,169,357,True,False,False
RB1,39,0.030232558139534883,0.0009372764740675157,1,1226,False,169,405,True,False,False
MAPK11,39,0.030232558139534883,0.0005778644969909861,1,1226,False,169,521,True,False,False
TIMP1,39,0.030232558139534883,0.0005218499691691521,1,1226,False,169,540,True,False,False
RAF1,39,0.030232558139534883,0.0004894527984336561,1,1226,False,169,558,True,False,False
CD86,39,0.030232558139534883,0.00024474898910933343,1,1226,False,169,698,True,False,False
MAPK13,38,0.02945736434108527,0.0005537529056496546,1,1226,False,178,530,True,False,False
CSF1,38,0.02945736434108527,0.00025349215215458783,1,1226,False,178,695,True,False,False
CD40LG,38,0.02945736434108527,0.00010159864281579201,1,1226,False,178,845,True,False,False
ADIPOQ,37,0.02868217054263566,0.001323889672741537,1,1226,False,183,325,True,False,False
CACNG2,37,0.02868217054263566,0.0009992627091381745,1,1226,False,183,384,True,False,False
SYK,37,0.02868217054263566,0.0008114338185184878,1,1226,False,183,438,True,False,False
YAP1,37,0.02868217054263566,0.0005869037797570331,1,1226,False,183,517,True,False,False
FGFR2,37,0.02868217054263566,0.0003906473094954955,1,1226,False,183,605,True,False,False
FASLG,37,0.02868217054263566,0.00032019526854626005,1,1226,False,183,656,True,False,False
CCR7,37,0.02868217054263566,0.000268548943188282,1,1226,False,183,685,True,False,False
CD80,37,0.02868217054263566,0.00019343772436556533,1,1226,False,183,739,True,False,False
RPS6KB1,36,0.027906976744186046,0.0007201903743238193,1,1226,False,197,464,True,False,False
MMP3,35,0.027131782945736434,0.0007653777844179077,1,1226,False,200,447,True,False,False
CCN2,35,0.027131782945736434,0.000657341381965462,1,1226,False,200,486,True,False,False
CD274,35,0.027131782945736434,0.0006190233320365573,1,1226,False,200,498,True,False,False
NOTCH1,35,0.027131782945736434,0.00041620942229461005,1,1226,False,200,590,True,False,False
MAP2K1,35,0.027131782945736434,0.00033734385113766023,1,1226,False,200,643,True,False,False
PRKCG,34,0.02635658914728682,0.0014868145559662007,1,1226,False,211,291,True,False,False
UGT2B4,34,0.02635658914728682,0.0009635067303929228,1,1226,False,211,395,True,False,False
NANOG,34,0.02635658914728682,0.000909566185877595,1,1226,False,211,408,True,False,False
SOCS3,34,0.02635658914728682,0.00042963967135619996,1,1226,False,211,581,True,False,False
PIK3CD,34,0.02635658914728682,0.00023744750081636047,1,1226,False,211,708,True,False,False
RIPK1,34,0.02635658914728682,0.0002173026542913728,1,1226,False,211,723,True,False,False
ERBB3,34,0.02635658914728682,0.00020452226291243543,1,1226,False,211,731,True,False,False
NTRK1,33,0.02558139534883721,0.0008164581337926714,1,1226,False,226,437,True,False,False
EGR1,33,0.02558139534883721,0.000800185100321612,1,1226,False,226,441,True,False,False
PRKCD,33,0.02558139534883721,0.0006254739087207616,1,1226,False,226,494,True,False,False
ANXA5,33,0.02558139534883721,0.00043320486666805115,1,1226,False,226,579,True,False,False
FGF4,33,0.02558139534883721,0.00035859659421480066,1,1226,False,226,631,True,False,False
BIRC2,33,0.02558139534883721,0.00011254214171903205,1,1226,False,226,836,True,False,False
ESR2,32,0.024806201550387597,0.0015648657181404756,1,1226,False,237,277,True,False,False
MAP3K5,32,0.024806201550387597,0.0013240713594618967,1,1226,False,237,323,True,False,False
GRIN1,32,0.024806201550387597,0.0012579541744443036,1,1226,False,237,336,True,False,False
MMP1,32,0.024806201550387597,0.0011812121726580817,1,1226,False,237,354,True,False,False
RAC2,32,0.024806201550387597,0.0009786199861821093,1,1226,False,237,388,True,False,False
TNFSF11,31,0.024031007751937984,0.0014243856496539494,1,1226,False,246,309,True,False,False
THBS1,31,0.024031007751937984,0.0012003538847420632,1,1226,False,246,349,True,False,False
ATF2,31,0.024031007751937984,0.0006787226317477045,1,1226,False,246,476,True,False,False
UGT1A3,31,0.024031007751937984,0.0006144753091344493,1,1226,False,246,502,True,False,False
ATF3,31,0.024031007751937984,0.000380783745391573,1,1226,False,246,615,True,False,False
CXCL2,31,0.024031007751937984,0.0001634458526135786,1,1226,False,246,774,True,False,False
AKR1C3,30,0.023255813953488372,0.0016706776620789335,1,1226,False,257,260,True,False,False
F3,30,0.023255813953488372,0.001426908291100375,1,1226,False,257,308,True,False,False
AURKA,30,0.023255813953488372,0.001076012958523339,1,1226,False,257,366,True,False,False
ATF4,30,0.023255813953488372,0.0009726947844363154,1,1226,False,257,390,True,False,False
POU5F1,30,0.023255813953488372,0.0008351639727453011,1,1226,False,257,427,True,False,False
IRAK1,30,0.023255813953488372,0.0003631914541437551,1,1226,False,257,628,True,False,False
SELP,30,0.023255813953488372,0.00032031725055387244,1,1226,False,257,655,True,False,False
CACNG4,30,0.023255813953488372,0.00031255310460645715,1,1226,False,257,662,True,False,False
LEF1,30,0.023255813953488372,0.00019746980641268912,1,1226,False,257,736,True,False,False
BIRC3,30,0.023255813953488372,6.87660334183197e-05,1,1226,False,257,894,True,False,False
LPL,29,0.02248062015503876,0.006079304177351052,1,1226,False,269,70,False,True,False
CYP19A1,29,0.02248062015503876,0.006079017559470128,1,1226,False,269,71,False,True,False
IDO1,29,0.02248062015503876,0.005086877459067951,1,1226,False,269,83,False,True,False
DGAT1,29,0.02248062015503876,0.004936414541427694,1,1226,False,269,90,False,True,False
SOD2,29,0.02248062015503876,0.0032751633265288536,1,1226,False,269,142,False,True,False
TXN,29,0.02248062015503876,0.0026124343153904285,1,1226,False,269,174,False,True,False
HMGCR,29,0.02248062015503876,0.002523415418047874,1,1226,False,269,180,False,True,False
RYR1,29,0.02248062015503876,0.0013322512113203744,1,1226,False,269,320,False,False,False
HSD3B1,29,0.02248062015503876,0.0008509943526666878,1,1226,False,269,423,False,False,False
CYP2C8,29,0.02248062015503876,0.0008465739008212713,1,1226,False,269,425,False,False,False
BIRC5,29,0.02248062015503876,0.0006300133612553566,1,1226,False,269,491,False,False,False
IGF2,29,0.02248062015503876,0.00046671920314156367,1,1226,False,269,569,False,False,False
HDAC3,29,0.02248062015503876,0.00045831176838226616,1,1226,False,269,571,False,False,False
INSR,29,0.02248062015503876,0.00042269166886167156,1,1226,False,269,586,False,False,False
YY1,29,0.02248062015503876,0.0002892719178536592,1,1226,False,269,675,False,False,False
IL5,29,0.02248062015503876,0.00027682997825438475,1,1226,False,269,684,False,False,False
TAC1,28,0.021705426356589147,0.004293769841127516,1,1226,False,285,111,False,True,False
C3,28,0.021705426356589147,0.001050902869256237,1,1226,False,285,371,False,False,False
HSD3B2,28,0.021705426356589147,0.0009437682625151251,1,1226,False,285,404,False,False,False
UGT1A9,28,0.021705426356589147,0.000503327213030809,1,1226,False,285,546,False,False,False
HMGB1,28,0.021705426356589147,0.0004906192281877383,1,1226,False,285,554,False,False,False
CACNB2,28,0.021705426356589147,0.00037922561376927045,1,1226,False,285,617,False,False,False
ZEB1,28,0.021705426356589147,0.00015442408465458617,1,1226,False,285,785,False,False,False
SKP2,28,0.021705426356589147,0.00015280107714092471,1,1226,False,285,789,False,False,False
CRK,28,0.021705426356589147,0.00013743799678105152,1,1226,False,285,802,False,False,False
CDC25A,28,0.021705426356589147,0.00011948193898834073,1,1226,False,285,829,False,False,False
GAD1,27,0.020930232558139535,0.007972808743021491,1,1226,False,295,50,False,True,False
GSR,27,0.020930232558139535,0.003490488999928193,1,1226,False,295,133,False,True,False
REN,27,0.020930232558139535,0.0020501673972905497,1,1226,False,295,220,False,True,False
ITPR3,27,0.020930232558139535,0.0016781112485117627,1,1226,False,295,258,False,True,False
VIM,27,0.020930232558139535,0.0009720476442470736,1,1226,False,295,391,False,False,False
GRIA1,27,0.020930232558139535,0.0009365641907810486,1,1226,False,295,406,False,False,False
NFATC1,27,0.020930232558139535,0.0009208484441827266,1,1226,False,295,407,False,False,False
CYP2C19,27,0.020930232558139535,0.0008512123656036153,1,1226,False,295,422,False,False,False
DNMT1,27,0.020930232558139535,0.0008079418434658852,1,1226,False,295,439,False,False,False
ADH6,27,0.020930232558139535,0.0006734156747078935,1,1226,False,295,479,False,False,False
UGT2B28,27,0.020930232558139535,0.0005508505031880434,1,1226,False,295,533,False,False,False
TOP2A,27,0.020930232558139535,0.0005010642001904272,1,1226,False,295,547,False,False,False
CACNG3,27,0.020930232558139535,0.0002539016714888151,1,1226,False,295,694,False,False,False
VTN,27,0.020930232558139535,0.0001929121722852236,1,1226,False,295,740,False,False,False
TBK1,27,0.020930232558139535,0.00013444731128768941,1,1226,False,295,806,False,False,False
GJA1,26,0.020155038759689922,0.0022176729222478046,1,1226,False,310,203,False,True,False
SREBF2,26,0.020155038759689922,0.0018183220593390801,1,1226,False,310,240,False,True,False
CYP17A1,26,0.020155038759689922,0.0013365710182805962,1,1226,False,310,318,False,False,False
CALR,26,0.020155038759689922,0.0010134548564031006,1,1226,False,310,380,False,False,False
CALM2,26,0.020155038759689922,0.0008882645004462318,1,1226,False,310,414,False,False,False
PARK7,26,0.020155038759689922,0.0008767300842145906,1,1226,False,310,415,False,False,False
CACNB4,26,0.020155038759689922,0.0008275280471831696,1,1226,False,310,434,False,False,False
GSTA2,26,0.020155038759689922,0.0007706696807692971,1,1226,False,310,446,False,False,False
CCK,26,0.020155038759689922,0.0007471845304599229,1,1226,False,310,456,False,False,False
ADH1C,26,0.020155038759689922,0.0006234593031653439,1,1226,False,310,497,False,False,False
HDAC4,26,0.020155038759689922,0.0005047334624959657,1,1226,False,310,545,False,False,False
NLRP3,26,0.020155038759689922,0.00033038948907159566,1,1226,False,310,644,False,False,False
BMI1,26,0.020155038759689922,0.00031757861272819533,1,1226,False,310,659,False,False,False
SNAI2,26,0.020155038759689922,0.0001227000006259441,1,1226,False,310,822,False,False,False
CFTR,25,0.01937984496124031,0.004713810046722378,1,1226,False,324,99,False,True,False
GFAP,25,0.01937984496124031,0.0037419045629989733,1,1226,False,324,122,False,True,False
AURKB,25,0.01937984496124031,0.001349848020290456,1,1226,False,324,316,False,False,False
GRIA2,25,0.01937984496124031,0.0012974600110153924,1,1226,False,324,328,False,False,False
PPP2CB,25,0.01937984496124031,0.0006575819149864123,1,1226,False,324,485,False,False,False
NCF2,25,0.01937984496124031,0.0006388003108685308,1,1226,False,324,490,False,False,False
ADH1A,25,0.01937984496124031,0.0005908237947752377,1,1226,False,324,516,False,False,False
ADH1B,25,0.01937984496124031,0.0005775066173941656,1,1226,False,324,523,False,False,False
HSPB1,25,0.01937984496124031,0.00032408392134773424,1,1226,False,324,651,False,False,False
GSTM3,25,0.01937984496124031,0.00029155837916752114,1,1226,False,324,672,False,False,False
CASP7,25,0.01937984496124031,0.0001308435079642961,1,1226,False,324,813,False,False,False
FAS,25,0.01937984496124031,0.00012142518612928277,1,1226,False,324,825,False,False,False
SDHA,24,0.018604651162790697,0.0046151864701612505,1,1226,False,336,102,False,True,False
SCN1B,24,0.018604651162790697,0.0036133835076899187,1,1226,False,336,126,False,True,False
CS,24,0.018604651162790697,0.0028532215933953333,1,1226,False,336,163,False,True,False
PCNA,24,0.018604651162790697,0.0026860053079208286,1,1226,False,336,171,False,True,False
RARA,24,0.018604651162790697,0.0023951615184681302,1,1226,False,336,188,False,True,False
MT-CYB,24,0.018604651162790697,0.0023271329850680085,1,1226,False,336,193,False,True,False
ADCY1,24,0.018604651162790697,0.0022695909094774857,1,1226,False,336,196,False,True,False
BGLAP,24,0.018604651162790697,0.001806571289466215,1,1226,False,336,241,False,True,False
KEAP1,24,0.018604651162790697,0.0016289594406481288,1,1226,False,336,268,False,False,False
RYR2,24,0.018604651162790697,0.0015995974436796903,1,1226,False,336,273,False,False,False
LTF,24,0.018604651162790697,0.0013351746362619784,1,1226,False,336,319,False,False,False
BTK,24,0.018604651162790697,0.0012262415739513343,1,1226,False,336,345,False,False,False
ACACA,24,0.018604651162790697,0.0011111738654263775,1,1226,False,336,362,False,False,False
CACNA1B,24,0.018604651162790697,0.0009482113555081677,1,1226,False,336,400,False,False,False
ACE2,24,0.018604651162790697,0.0008974524029174751,1,1226,False,336,410,False,False,False
ADH7,24,0.018604651162790697,0.0006288988180609881,1,1226,False,336,492,False,False,False
NCOA2,24,0.018604651162790697,0.0006106881301423197,1,1226,False,336,504,False,False,False
GRIN2C,24,0.018604651162790697,0.0005509727169048453,1,1226,False,336,532,False,False,False
NOD2,24,0.018604651162790697,0.00041957732665301684,1,1226,False,336,588,False,False,False
SHH,24,0.018604651162790697,0.0003079197892372846,1,1226,False,336,663,False,False,False
LGALS3,24,0.018604651162790697,0.0002919220590133782,1,1226,False,336,671,False,False,False
SFN,24,0.018604651162790697,0.0002647134462911164,1,1226,False,336,687,False,False,False
TGFA,24,0.018604651162790697,0.0001377658186416699,1,1226,False,336,801,False,False,False
CCL22,24,0.018604651162790697,1.4160412038333501e-05,1,1226,False,336,1015,False,False,False
STAT4,23,0.017829457364341085,0.0029091655047218746,1,1226,False,360,161,False,True,False
DRD2,23,0.017829457364341085,0.002742790888546357,1,1226,False,360,168,False,True,False
PRKAG2,23,0.017829457364341085,0.0024789016948680363,1,1226,False,360,183,False,True,False
ADRB2,23,0.017829457364341085,0.002269320194102182,1,1226,False,360,197,False,True,False
SLC6A3,23,0.017829457364341085,0.0021904037542515215,1,1226,False,360,207,False,True,False
ALDH2,23,0.017829457364341085,0.0018476542823166427,1,1226,False,360,236,False,True,False
ITGA5,23,0.017829457364341085,0.0016524777966805634,1,1226,False,360,262,False,False,False
LCN2,23,0.017829457364341085,0.0012017567647611088,1,1226,False,360,348,False,False,False
BAX,23,0.017829457364341085,0.0011094699164858367,1,1226,False,360,363,False,False,False
CYP1B1,23,0.017829457364341085,0.0006089653548107652,1,1226,False,360,506,False,False,False
EPOR,23,0.017829457364341085,0.0006076928233959318,1,1226,False,360,507,False,False,False
ATG5,23,0.017829457364341085,0.0006036596228422844,1,1226,False,360,511,False,False,False
ALDH1A2,23,0.017829457364341085,0.00028620425731882697,1,1226,False,360,678,False,False,False
ALDH1A3,23,0.017829457364341085,0.00028620425731882697,1,1226,False,360,678,False,False,False
PRKDC,23,0.017829457364341085,0.00023707162778875235,1,1226,False,360,709,False,False,False
PLAU,23,0.017829457364341085,0.00021155415782070326,1,1226,False,360,725,False,False,False
SELE,23,0.017829457364341085,0.00017098073142469874,1,1226,False,360,762,False,False,False
TEK,23,0.017829457364341085,0.00011898735122241022,1,1226,False,360,830,False,False,False
IRF1,23,0.017829457364341085,7.340263217384798e-05,1,1226,False,360,885,False,False,False
KDM1A,23,0.017829457364341085,6.329066781963436e-05,1,1226,False,360,907,False,False,False
GABBR1,22,0.017054263565891473,0.006598789139673603,1,1226,False,380,60,False,True,False
TRPV1,22,0.017054263565891473,0.005836922877361138,1,1226,False,380,74,False,True,False
NQO1,22,0.017054263565891473,0.005065338647364776,1,1226,False,380,86,False,True,False
MECP2,22,0.017054263565891473,0.0046993522769968816,1,1226,False,380,100,False,True,False
DPP4,22,0.017054263565891473,0.003396715730242882,1,1226,False,380,138,False,True,False
NR1H4,22,0.017054263565891473,0.002385384557501407,1,1226,False,380,189,False,True,False
PTGS1,22,0.017054263565891473,0.002176588228361555,1,1226,False,380,208,False,True,False
ADCY2,22,0.017054263565891473,0.002124586083288117,1,1226,False,380,212,False,True,False
XBP1,22,0.017054263565891473,0.002124372421670579,1,1226,False,380,213,False,True,False
SCN2A,22,0.017054263565891473,0.0020562949072559715,1,1226,False,380,219,False,True,False
CYP11B2,22,0.017054263565891473,0.001778830325004866,1,1226,False,380,246,False,True,False
PRKCZ,22,0.017054263565891473,0.0015747528341489268,1,1226,False,380,276,False,False,False
ALDH3A1,22,0.017054263565891473,0.0012769247891653887,1,1226,False,380,332,False,False,False
CYP2D6,22,0.017054263565891473,0.0012746131647983956,1,1226,False,380,333,False,False,False
NOS2,22,0.017054263565891473,0.001260540859876489,1,1226,False,380,335,False,False,False
SLC6A4,22,0.017054263565891473,0.0011652783544072495,1,1226,False,380,356,False,False,False
AGTR1,22,0.017054263565891473,0.0011371764931533284,1,1226,False,380,358,False,False,False
DLG1,22,0.017054263565891473,0.001045904115454391,1,1226,False,380,373,False,False,False
FABP4,22,0.017054263565891473,0.0008945097850225771,1,1226,False,380,412,False,False,False
ACTG1,22,0.017054263565891473,0.0008542808053989785,1,1226,False,380,420,False,False,False
AKR1C1,22,0.017054263565891473,0.0008215617514616434,1,1226,False,380,435,False,False,False
FGF1,22,0.017054263565891473,0.0006588558087243374,1,1226,False,380,484,False,False,False
ADH4,22,0.017054263565891473,0.0005541343960589151,1,1226,False,380,528,False,False,False
PRL,22,0.017054263565891473,0.000429262587189387,1,1226,False,380,583,False,False,False
CYBA,22,0.017054263565891473,0.00042511987033679293,1,1226,False,380,584,False,False,False
PPP3CA,22,0.017054263565891473,0.00041081719905104036,1,1226,False,380,594,False,False,False
NFATC2,22,0.017054263565891473,0.0003754620009757741,1,1226,False,380,621,False,False,False
NCF4,22,0.017054263565891473,0.00034166677255097417,1,1226,False,380,641,False,False,False
DDIT3,22,0.017054263565891473,0.00020761214758612605,1,1226,False,380,727,False,False,False
CX3CR1,22,0.017054263565891473,0.00014432774408987612,1,1226,False,380,793,False,False,False
CCR6,22,0.017054263565891473,7.228117211853687e-05,1,1226,False,380,887,False,False,False
APAF1,22,0.017054263565891473,4.4740602152509274e-05,1,1226,False,380,937,False,False,False
GABRA1,21,0.01627906976744186,0.0073556203074446455,1,1226,False,412,54,False,True,False
GATM,21,0.01627906976744186,0.005185806473187585,1,1226,False,412,82,False,True,False
ARG1,21,0.01627906976744186,0.004333418049009203,1,1226,False,412,110,False,True,False
PLA2G4A,21,0.01627906976744186,0.003051616192813886,1,1226,False,412,152,False,True,False
TYMS,21,0.01627906976744186,0.0025917904163225702,1,1226,False,412,175,False,True,False
TRPV4,21,0.01627906976744186,0.002168694104000101,1,1226,False,412,209,False,True,False
GLUD1,21,0.01627906976744186,0.0016460667269197614,1,1226,False,412,264,False,False,False
ADH5,21,0.01627906976744186,0.0015247014694502075,1,1226,False,412,285,False,False,False
NPPA,21,0.01627906976744186,0.0014491568239427086,1,1226,False,412,304,False,False,False
EIF2AK2,21,0.01627906976744186,0.0013321865703517827,1,1226,False,412,321,False,False,False
ACSL1,21,0.01627906976744186,0.001242720796677332,1,1226,False,412,342,False,False,False
COL1A2,21,0.01627906976744186,0.0008540816535452076,1,1226,False,412,421,False,False,False
CPT1A,21,0.01627906976744186,0.0008285764234752002,1,1226,False,412,433,False,False,False
HTR3A,21,0.01627906976744186,0.0007488209916563549,1,1226,False,412,455,False,False,False
BMP2,21,0.01627906976744186,0.0005349368325260916,1,1226,False,412,536,False,False,False
IGFBP3,21,0.01627906976744186,0.0004244445410428673,1,1226,False,412,585,False,False,False
GRIN2D,21,0.01627906976744186,0.00042153986535008105,1,1226,False,412,587,False,False,False
RAC1,21,0.01627906976744186,0.00037627037179904956,1,1226,False,412,620,False,False,False
ATF6,21,0.01627906976744186,0.0003524176877683722,1,1226,False,412,635,False,False,False
YWHAE,21,0.01627906976744186,0.0002605415540951069,1,1226,False,412,689,False,False,False
FEN1,21,0.01627906976744186,0.0002316181525248795,1,1226,False,412,713,False,False,False
CDH5,21,0.01627906976744186,0.0002251833189690844,1,1226,False,412,715,False,False,False
GSTM2,21,0.01627906976744186,0.00022005514821577687,1,1226,False,412,721,False,False,False
SMAD7,21,0.01627906976744186,0.0002039288715634909,1,1226,False,412,732,False,False,False
ERN1,21,0.01627906976744186,0.0001893650029040167,1,1226,False,412,744,False,False,False
FOXM1,21,0.01627906976744186,0.00016888855826563314,1,1226,False,412,765,False,False,False
HSPA1B,21,0.01627906976744186,0.0001585394878085246,1,1226,False,412,781,False,False,False
BID,21,0.01627906976744186,0.0001475581066175818,1,1226,False,412,792,False,False,False
KLF4,21,0.01627906976744186,0.00013495415635171265,1,1226,False,412,805,False,False,False
CFLAR,21,0.01627906976744186,5.557427629864569e-05,1,1226,False,412,918,False,False,False
NFKB2,21,0.01627906976744186,2.8186865862933728e-05,1,1226,False,412,976,False,False,False
CACNB3,21,0.01627906976744186,1.3365415503961847e-05,1,1226,False,412,1018,False,False,False
CACNG1,21,0.01627906976744186,1.3365415503961847e-05,1,1226,False,412,1018,False,False,False
HPRT1,20,0.015503875968992248,0.004461231075274273,1,1226,False,445,106,False,True,False
GCLC,20,0.015503875968992248,0.00233778033288412,1,1226,False,445,191,False,True,False
SCD,20,0.015503875968992248,0.002256169424477727,1,1226,False,445,200,False,True,False
GABRG2,20,0.015503875968992248,0.002251351884790948,1,1226,False,445,201,False,True,False
ACLY,20,0.015503875968992248,0.0020268276798650962,1,1226,False,445,221,False,True,False
NR1I2,20,0.015503875968992248,0.0019785175172529076,1,1226,False,445,223,False,True,False
PROM1,20,0.015503875968992248,0.0018255435328023276,1,1226,False,445,239,False,True,False
CTSK,20,0.015503875968992248,0.0016813118906906337,1,1226,False,445,257,False,True,False
GOT1,20,0.015503875968992248,0.001256628540374792,1,1226,False,445,338,False,False,False
ALDH1B1,20,0.015503875968992248,0.001020942160943164,1,1226,False,445,376,False,False,False
PPARD,20,0.015503875968992248,0.0008329741914797212,1,1226,False,445,430,False,False,False
PRKAA1,20,0.015503875968992248,0.00041004522102360127,1,1226,False,445,595,False,False,False
CD163,20,0.015503875968992248,0.0003897118781480401,1,1226,False,445,608,False,False,False
PLAT,20,0.015503875968992248,0.00037808824437444164,1,1226,False,445,618,False,False,False
RUNX3,20,0.015503875968992248,0.0003258180824755118,1,1226,False,445,647,False,False,False
BAD,20,0.015503875968992248,0.00016622066632372075,1,1226,False,445,767,False,False,False
MGST1,20,0.015503875968992248,0.000144231923282481,1,1226,False,445,794,False,False,False
PTPN6,20,0.015503875968992248,4.5499536340625835e-05,1,1226,False,445,934,False,False,False
TNFRSF10B,20,0.015503875968992248,4.0181194659796366e-05,1,1226,False,445,943,False,False,False
CXCL13,20,0.015503875968992248,3.310528926328969e-05,1,1226,False,445,969,False,False,False
IL33,20,0.015503875968992248,4.191115287982588e-06,1,1226,False,445,1079,False,False,False
KCNH2,19,0.014728682170542635,0.004911797554186283,1,1226,False,466,94,False,True,False
TFRC,19,0.014728682170542635,0.0031205127906653077,1,1226,False,466,147,False,True,False
GCK,19,0.014728682170542635,0.0030718495814367327,1,1226,False,466,150,False,True,False
PTH,19,0.014728682170542635,0.0026286443220426858,1,1226,False,466,173,False,True,False
GRM5,19,0.014728682170542635,0.0021975712218919286,1,1226,False,466,206,False,True,False
AGXT2,19,0.014728682170542635,0.0021491846703435946,1,1226,False,466,210,False,True,False
SOX9,19,0.014728682170542635,0.0016065895904484174,1,1226,False,466,270,False,False,False
AKR1D1,19,0.014728682170542635,0.001553063145172782,1,1226,False,466,280,False,False,False
SCN1A,19,0.014728682170542635,0.0015411927328840436,1,1226,False,466,283,False,False,False
EIF2S1,19,0.014728682170542635,0.0012086135452900786,1,1226,False,466,347,False,False,False
NDUFS3,19,0.014728682170542635,0.001120261819379429,1,1226,False,466,359,False,False,False
PPIF,19,0.014728682170542635,0.0009815327052252953,1,1226,False,466,387,False,False,False
RASA1,19,0.014728682170542635,0.0009043337695515793,1,1226,False,466,409,False,False,False
AFP,19,0.014728682170542635,0.000794720810914801,1,1226,False,466,442,False,False,False
SIRT2,19,0.014728682170542635,0.0006604124271147187,1,1226,False,466,482,False,False,False
CACNA1E,19,0.014728682170542635,0.0006600965709371386,1,1226,False,466,483,False,False,False
CRH,19,0.014728682170542635,0.0005776991411887518,1,1226,False,466,522,False,False,False
FOSL1,19,0.014728682170542635,0.0005149524497374292,1,1226,False,466,543,False,False,False
CTTN,19,0.014728682170542635,0.0004773570435827557,1,1226,False,466,563,False,False,False
PRKAB2,19,0.014728682170542635,0.00037152976568984773,1,1226,False,466,622,False,False,False
AXIN1,19,0.014728682170542635,0.00022120437225043368,1,1226,False,466,717,False,False,False
CHEK2,19,0.014728682170542635,0.00019188804033147566,1,1226,False,466,741,False,False,False
CCND3,19,0.014728682170542635,0.00012134357357474748,1,1226,False,466,826,False,False,False
CDT1,19,0.014728682170542635,0.00010965756415755614,1,1226,False,466,838,False,False,False
BMP4,19,0.014728682170542635,0.00010840507706899973,1,1226,False,466,839,False,False,False
CACNA2D4,19,0.014728682170542635,7.907582630212675e-06,1,1226,False,466,1049,False,False,False
HK2,18,0.013953488372093023,0.00349667165183286,1,1226,False,492,132,False,True,False
XDH,18,0.013953488372093023,0.0024724270274048173,1,1226,False,492,184,False,True,False
GLUL,18,0.013953488372093023,0.0018357665503234235,1,1226,False,492,237,False,True,False
CTSD,18,0.013953488372093023,0.0013738632279873275,1,1226,False,492,312,False,False,False
FURIN,18,0.013953488372093023,0.0012265487154694765,1,1226,False,492,344,False,False,False
SRD5A2,18,0.013953488372093023,0.0008330447720657061,1,1226,False,492,429,False,False,False
LRAT,18,0.013953488372093023,0.0007783778190635752,1,1226,False,492,445,False,False,False
ABCG5,18,0.013953488372093023,0.0007522003963105407,1,1226,False,492,452,False,False,False
APRT,18,0.013953488372093023,0.0006997959125758248,1,1226,False,492,469,False,False,False
UQCRC1,18,0.013953488372093023,0.0006187612436144699,1,1226,False,492,499,False,False,False
NOX1,18,0.013953488372093023,0.0005173657843524347,1,1226,False,492,542,False,False,False
PRDX1,18,0.013953488372093023,0.0004902994261684771,1,1226,False,492,556,False,False,False
SLCO1B1,18,0.013953488372093023,0.0004896252781559524,1,1226,False,492,557,False,False,False
SPI1,18,0.013953488372093023,0.00044443092698935284,1,1226,False,492,576,False,False,False
SLC2A4,18,0.013953488372093023,0.0004084310575753898,1,1226,False,492,596,False,False,False
CRTC2,18,0.013953488372093023,0.000384087089212184,1,1226,False,492,614,False,False,False
MAP1LC3B,18,0.013953488372093023,0.00033792172962393726,1,1226,False,492,642,False,False,False
PRKAA2,18,0.013953488372093023,0.0003038995700018163,1,1226,False,492,666,False,False,False
GRIA4,18,0.013953488372093023,0.00027888402001834063,1,1226,False,492,683,False,False,False
ITGAL,18,0.013953488372093023,9.253472683474958e-05,1,1226,False,492,859,False,False,False
JUNB,18,0.013953488372093023,6.0333425004060814e-05,1,1226,False,492,909,False,False,False
CAMP,17,0.01317829457364341,0.0029801372676946094,1,1226,False,513,157,False,True,False
KCNQ2,17,0.01317829457364341,0.0025122159366015714,1,1226,False,513,181,False,True,False
OPRM1,17,0.01317829457364341,0.0012801485051314374,1,1226,False,513,331,False,False,False
TNNI3,17,0.01317829457364341,0.0012342191335228782,1,1226,False,513,343,False,False,False
KCNJ5,17,0.01317829457364341,0.0011957377707600984,1,1226,False,513,350,False,False,False
HSD11B1,17,0.01317829457364341,0.0010999843045320155,1,1226,False,513,364,False,False,False
NRP1,17,0.01317829457364341,0.001075690737072116,1,1226,False,513,367,False,False,False
ANPEP,17,0.01317829457364341,0.000966465542037583,1,1226,False,513,392,False,False,False
HTR2A,17,0.01317829457364341,0.0009664151851048413,1,1226,False,513,393,False,False,False
PNPLA2,17,0.01317829457364341,0.00086410624813204,1,1226,False,513,418,False,False,False
CBR1,17,0.01317829457364341,0.0007507850967722917,1,1226,False,513,454,False,False,False
SYP,17,0.01317829457364341,0.0006270625360797972,1,1226,False,513,493,False,False,False
CANX,17,0.01317829457364341,0.000499249657676636,1,1226,False,513,549,False,False,False
MMP13,17,0.01317829457364341,0.0004517829106778073,1,1226,False,513,572,False,False,False
ACACB,17,0.01317829457364341,0.0004005523937814168,1,1226,False,513,602,False,False,False
TUBA1A,17,0.01317829457364341,0.00036561852274339236,1,1226,False,513,627,False,False,False
CYC1,17,0.01317829457364341,0.0003604578988834739,1,1226,False,513,630,False,False,False
ATG7,17,0.01317829457364341,0.00020860642463324324,1,1226,False,513,726,False,False,False
ABCA1,17,0.01317829457364341,0.00019070239524811929,1,1226,False,513,742,False,False,False
PRKAB1,17,0.01317829457364341,0.00017892466983203097,1,1226,False,513,754,False,False,False
PPP3R1,17,0.01317829457364341,0.00017504280556421596,1,1226,False,513,756,False,False,False
THBD,17,0.01317829457364341,0.00017389068876513518,1,1226,False,513,759,False,False,False
PTPN1,17,0.01317829457364341,0.0001648290310335494,1,1226,False,513,769,False,False,False
DLG3,17,0.01317829457364341,0.00013367700468926326,1,1226,False,513,807,False,False,False
LY96,17,0.01317829457364341,0.00012150947861025789,1,1226,False,513,824,False,False,False
WEE1,17,0.01317829457364341,7.110122957961584e-05,1,1226,False,513,892,False,False,False
DUSP1,17,0.01317829457364341,5.7768095457138165e-05,1,1226,False,513,916,False,False,False
MRC1,17,0.01317829457364341,4.416216218784675e-05,1,1226,False,513,940,False,False,False
VEGFC,17,0.01317829457364341,3.147022190288078e-05,1,1226,False,513,971,False,False,False
CDKN1C,17,0.01317829457364341,2.857516021108987e-05,1,1226,False,513,975,False,False,False
CACNB1,17,0.01317829457364341,3.071272851183472e-06,1,1226,False,513,1082,False,False,False
KCNJ11,16,0.012403100775193798,0.006335824889090474,1,1226,False,544,67,False,True,False
ABCG2,16,0.012403100775193798,0.004684674657711156,1,1226,False,544,101,False,True,False
GABRB3,16,0.012403100775193798,0.0027047407518565143,1,1226,False,544,169,False,True,False
PLD2,16,0.012403100775193798,0.0022600396004219996,1,1226,False,544,199,False,True,False
MGLL,16,0.012403100775193798,0.001981169762806918,1,1226,False,544,222,False,True,False
DRD1,16,0.012403100775193798,0.001759790028949954,1,1226,False,544,248,False,True,False
SLC2A1,16,0.012403100775193798,0.0012568464619880267,1,1226,False,544,337,False,False,False
GCLM,16,0.012403100775193798,0.0011957304115024036,1,1226,False,544,351,False,False,False
TRPA1,16,0.012403100775193798,0.000947026995181321,1,1226,False,544,401,False,False,False
TPH1,16,0.012403100775193798,0.0008638558274506539,1,1226,False,544,419,False,False,False
PRKCE,16,0.012403100775193798,0.0007398453680993815,1,1226,False,544,460,False,False,False
DDC,16,0.012403100775193798,0.0004942233472231652,1,1226,False,544,551,False,False,False
GP6,16,0.012403100775193798,0.0004815234843609553,1,1226,False,544,562,False,False,False
COX5B,16,0.012403100775193798,0.0004178475075791934,1,1226,False,544,589,False,False,False
NOX4,16,0.012403100775193798,0.0003884707291456015,1,1226,False,544,609,False,False,False
PTK2B,16,0.012403100775193798,0.0003052194656478035,1,1226,False,544,665,False,False,False
NR1H3,16,0.012403100775193798,0.00012655565380700993,1,1226,False,544,816,False,False,False
CASP6,16,0.012403100775193798,7.207989812165765e-05,1,1226,False,544,889,False,False,False
CACNG6,16,0.012403100775193798,1.0549589833480211e-05,1,1226,False,544,1034,False,False,False
CHAT,15,0.011627906976744186,0.0028561044997837677,1,1226,False,563,162,False,True,False
F7,15,0.011627906976744186,0.0017322975120845235,1,1226,False,563,253,False,True,False
TUBB,15,0.011627906976744186,0.0016013829004949977,1,1226,False,563,272,False,False,False
AKR1B10,15,0.011627906976744186,0.001486354104054848,1,1226,False,563,292,False,False,False
AKR1B1,15,0.011627906976744186,0.0014587284413834748,1,1226,False,563,303,False,False,False
ESRRA,15,0.011627906976744186,0.0013827977697724904,1,1226,False,563,311,False,False,False
SIRT3,15,0.011627906976744186,0.0013601584495408037,1,1226,False,563,314,False,False,False
HTR1A,15,0.011627906976744186,0.0012186674158488479,1,1226,False,563,346,False,False,False
RRM1,15,0.011627906976744186,0.0011933639774125608,1,1226,False,563,352,False,False,False
FGF23,15,0.011627906976744186,0.0009749940888330253,1,1226,False,563,389,False,False,False
GABRA2,15,0.011627906976744186,0.0009643155665621429,1,1226,False,563,394,False,False,False
ADK,15,0.011627906976744186,0.0009446724299817757,1,1226,False,563,402,False,False,False
SQLE,15,0.011627906976744186,0.0008902056630584753,1,1226,False,563,413,False,False,False
DCK,15,0.011627906976744186,0.0007405754688983218,1,1226,False,563,458,False,False,False
NR4A1,15,0.011627906976744186,0.0005980099614860144,1,1226,False,563,512,False,False,False
SCN8A,15,0.011627906976744186,0.0005933999170062479,1,1226,False,563,515,False,False,False
CYP11B1,15,0.011627906976744186,0.000553789488291418,1,1226,False,563,529,False,False,False
GABRB1,15,0.011627906976744186,0.0004924486212598265,1,1226,False,563,552,False,False,False
MITF,15,0.011627906976744186,0.0004734515894398652,1,1226,False,563,566,False,False,False
NDUFV2,15,0.011627906976744186,0.0004081618031056386,1,1226,False,563,597,False,False,False
SCN4B,15,0.011627906976744186,0.0003535952907723757,1,1226,False,563,633,False,False,False
TFAM,15,0.011627906976744186,0.0002539538144586098,1,1226,False,563,693,False,False,False
CAMK4,15,0.011627906976744186,0.00022872054330223831,1,1226,False,563,714,False,False,False
PBK,15,0.011627906976744186,0.0001861279433166715,1,1226,False,563,747,False,False,False
COX5A,15,0.011627906976744186,0.00013919481262953282,1,1226,False,563,800,False,False,False
DLG2,15,0.011627906976744186,9.285710264883711e-05,1,1226,False,563,858,False,False,False
HSD17B2,15,0.011627906976744186,5.9889073884074445e-05,1,1226,False,563,911,False,False,False
MAP2K7,15,0.011627906976744186,5.1790929072373204e-05,1,1226,False,563,925,False,False,False
GRIN3A,15,0.011627906976744186,4.911068513682658e-05,1,1226,False,563,930,False,False,False
IL1RN,15,0.011627906976744186,4.246592788275192e-06,1,1226,False,563,1077,False,False,False
CACNA2D3,15,0.011627906976744186,2.7661503443897404e-06,1,1226,False,563,1088,False,False,False
CACNA2D2,15,0.011627906976744186,1.8035039536957194e-06,1,1226,False,563,1095,False,False,False
ADORA2A,14,0.010852713178294573,0.003348270782003956,1,1226,False,595,139,False,True,False
KCNJ2,14,0.010852713178294573,0.00233041888860992,1,1226,False,595,192,False,True,False
PLA2G2A,14,0.010852713178294573,0.0017562318847601159,1,1226,False,595,251,False,True,False
PNP,14,0.010852713178294573,0.0013271437290674028,1,1226,False,595,322,False,False,False
MDH2,14,0.010852713178294573,0.0013168247626190593,1,1226,False,595,327,False,False,False
PLA2G7,14,0.010852713178294573,0.0011795697389581647,1,1226,False,595,355,False,False,False
S100A8,14,0.010852713178294573,0.0010464772837081257,1,1226,False,595,372,False,False,False
DHCR7,14,0.010852713178294573,0.001029669139432238,1,1226,False,595,374,False,False,False
ALAS2,14,0.010852713178294573,0.0008679115016343297,1,1226,False,595,417,False,False,False
GLDC,14,0.010852713178294573,0.0008177569495958632,1,1226,False,595,436,False,False,False
POR,14,0.010852713178294573,0.000723514034365019,1,1226,False,595,462,False,False,False
MB,14,0.010852713178294573,0.0006464546471396328,1,1226,False,595,489,False,False,False
FABP1,14,0.010852713178294573,0.0006064189357149953,1,1226,False,595,509,False,False,False
RXRB,14,0.010852713178294573,0.0005221075747587579,1,1226,False,595,539,False,False,False
APOA4,14,0.010852713178294573,0.00048502140709601237,1,1226,False,595,559,False,False,False
ORM1,14,0.010852713178294573,0.00040689821522979925,1,1226,False,595,598,False,False,False
RAPGEF4,14,0.010852713178294573,0.0003881963126433421,1,1226,False,595,610,False,False,False
DBH,14,0.010852713178294573,0.0003204535973431687,1,1226,False,595,654,False,False,False
SIRT6,14,0.010852713178294573,0.0002901348740382377,1,1226,False,595,674,False,False,False
CBR3,14,0.010852713178294573,0.0002795402623322249,1,1226,False,595,682,False,False,False
RXRG,14,0.010852713178294573,0.00023960739016189812,1,1226,False,595,703,False,False,False
DNMT3B,14,0.010852713178294573,0.00023476233320966539,1,1226,False,595,711,False,False,False
KCNN4,14,0.010852713178294573,0.0002054045922857615,1,1226,False,595,729,False,False,False
UCP1,14,0.010852713178294573,0.00018274783913819304,1,1226,False,595,751,False,False,False
EEF2K,14,0.010852713178294573,0.0001619488077365415,1,1226,False,595,777,False,False,False
GDNF,14,0.010852713178294573,9.385612108814218e-05,1,1226,False,595,852,False,False,False
NFATC3,14,0.010852713178294573,7.965300866677512e-05,1,1226,False,595,874,False,False,False
CSK,14,0.010852713178294573,4.6378708762210064e-05,1,1226,False,595,933,False,False,False
NUF2,14,0.010852713178294573,4.499664934219198e-05,1,1226,False,595,936,False,False,False
CYP27C1,14,0.010852713178294573,3.3617542135300106e-05,1,1226,False,595,964,False,False,False
RETSAT,14,0.010852713178294573,3.3617542135300106e-05,1,1226,False,595,964,False,False,False
TNFRSF9,14,0.010852713178294573,2.5874117540501014e-05,1,1226,False,595,985,False,False,False
FOSL2,14,0.010852713178294573,1.855389224114937e-05,1,1226,False,595,1000,False,False,False
GRIN3B,14,0.010852713178294573,5.521111474826261e-06,1,1226,False,595,1069,False,False,False
CATSPER1,14,0.010852713178294573,0.0,1,1226,False,595,1122,False,False,False
DHFR,13,0.010077519379844961,0.003740740144652298,1,1226,False,630,123,False,True,False
CNR1,13,0.010077519379844961,0.0022037804186992335,1,1226,False,630,205,False,True,False
DUOX2,13,0.010077519379844961,0.0019729038157305467,1,1226,False,630,224,False,True,False
MGAM,13,0.010077519379844961,0.0016483782557017276,1,1226,False,630,263,False,False,False
AGXT,13,0.010077519379844961,0.0014472840977343413,1,1226,False,630,305,False,False,False
SIGMAR1,13,0.010077519379844961,0.001436786130687303,1,1226,False,630,306,False,False,False
ACHE,13,0.010077519379844961,0.0013565642063803516,1,1226,False,630,315,False,False,False
SHMT1,13,0.010077519379844961,0.001064783052855037,1,1226,False,630,370,False,False,False
PYGM,13,0.010077519379844961,0.0009538816310009046,1,1226,False,630,399,False,False,False
ACSS2,13,0.010077519379844961,0.0008706200014784699,1,1226,False,630,416,False,False,False
CYP51A1,13,0.010077519379844961,0.0007082261785157364,1,1226,False,630,466,False,False,False
VKORC1,13,0.010077519379844961,0.0007014620310505818,1,1226,False,630,468,False,False,False
UCP2,13,0.010077519379844961,0.0006127287687052066,1,1226,False,630,503,False,False,False
COL3A1,13,0.010077519379844961,0.0005966622636656237,1,1226,False,630,513,False,False,False
GABRB2,13,0.010077519379844961,0.0005961917154757773,1,1226,False,630,514,False,False,False
NR3C2,13,0.010077519379844961,0.00044624893680089966,1,1226,False,630,575,False,False,False
P4HB,13,0.010077519379844961,0.00043116991871862653,1,1226,False,630,580,False,False,False
DRD4,13,0.010077519379844961,0.00039029229030869455,1,1226,False,630,606,False,False,False
GABRD,13,0.010077519379844961,0.00027997667089249215,1,1226,False,630,681,False,False,False
ABCG8,13,0.010077519379844961,0.0002605387195687399,1,1226,False,630,690,False,False,False
CYP21A2,13,0.010077519379844961,0.00023320751496398728,1,1226,False,630,712,False,False,False
HTR1B,13,0.010077519379844961,0.00016916996727803777,1,1226,False,630,764,False,False,False
RDH11,13,0.010077519379844961,0.0001611838159729608,1,1226,False,630,779,False,False,False
KCNN2,13,0.010077519379844961,0.0001255471157205256,1,1226,False,630,818,False,False,False
COX6C,13,0.010077519379844961,0.00012348747219484966,1,1226,False,630,821,False,False,False
KCNE2,13,0.010077519379844961,7.866983705919187e-05,1,1226,False,630,877,False,False,False
NR1H2,13,0.010077519379844961,7.714714278361625e-05,1,1226,False,630,880,False,False,False
TUBA1B,13,0.010077519379844961,7.476094978457523e-05,1,1226,False,630,883,False,False,False
TXNIP,13,0.010077519379844961,5.077172848299153e-05,1,1226,False,630,928,False,False,False
GABRG1,13,0.010077519379844961,3.3738401323808015e-05,1,1226,False,630,963,False,False,False
BAK1,13,0.010077519379844961,2.198230250679474e-05,1,1226,False,630,993,False,False,False
E2F2,13,0.010077519379844961,9.102948234884703e-06,1,1226,False,630,1040,False,False,False
CD83,13,0.010077519379844961,5.011596835076367e-08,1,1226,False,630,1121,False,False,False
ATIC,12,0.009302325581395349,0.002428046360502155,1,1226,False,663,187,False,True,False
GPT2,12,0.009302325581395349,0.0017798221291691146,1,1226,False,663,245,False,True,False
HCRT,12,0.009302325581395349,0.0017118918923646343,1,1226,False,663,255,False,True,False
ABCC8,12,0.009302325581395349,0.001018849123369762,1,1226,False,663,378,False,False,False
SLC2A2,12,0.009302325581395349,0.000944130804857292,1,1226,False,663,403,False,False,False
TPMT,12,0.009302325581395349,0.0008310741769427636,1,1226,False,663,432,False,False,False
BACE1,12,0.009302325581395349,0.0007645028844339336,1,1226,False,663,448,False,False,False
SYT1,12,0.009302325581395349,0.0007550211499981916,1,1226,False,663,451,False,False,False
CYB5A,12,0.009302325581395349,0.0007205316643141606,1,1226,False,663,463,False,False,False
MYH6,12,0.009302325581395349,0.0006940385935951481,1,1226,False,663,470,False,False,False
ABCC2,12,0.009302325581395349,0.0006613123414216347,1,1226,False,663,481,False,False,False
TRPC5,12,0.009302325581395349,0.0006248948079374592,1,1226,False,663,495,False,False,False
BCHE,12,0.009302325581395349,0.0006152848437531994,1,1226,False,663,501,False,False,False
CTSG,12,0.009302325581395349,0.0005849626303641611,1,1226,False,663,518,False,False,False
ALOX5,12,0.009302325581395349,0.0005634071729584894,1,1226,False,663,526,False,False,False
CP,12,0.009302325581395349,0.0004463842134396367,1,1226,False,663,573,False,False,False
AXL,12,0.009302325581395349,0.00038430861452852424,1,1226,False,663,612,False,False,False
TRPM4,12,0.009302325581395349,0.0003250201302429569,1,1226,False,663,648,False,False,False
GP1BA,12,0.009302325581395349,0.00032335045129725957,1,1226,False,663,652,False,False,False
DDB1,12,0.009302325581395349,0.00030050471048042774,1,1226,False,663,667,False,False,False
RDH12,12,0.009302325581395349,0.00025843845923871145,1,1226,False,663,691,False,False,False
SULT2A1,12,0.009302325581395349,0.00023832939831346347,1,1226,False,663,706,False,False,False
EIF4E,12,0.009302325581395349,0.00020455481946373636,1,1226,False,663,730,False,False,False
SLC18A2,12,0.009302325581395349,0.00020371681191285414,1,1226,False,663,733,False,False,False
F10,12,0.009302325581395349,0.0002018585933980313,1,1226,False,663,735,False,False,False
GAP43,12,0.009302325581395349,0.00019551929703835228,1,1226,False,663,737,False,False,False
RASGRF1,12,0.009302325581395349,0.00018635996663774604,1,1226,False,663,746,False,False,False
PON1,12,0.009302325581395349,0.00017498180541002011,1,1226,False,663,757,False,False,False
GLP1R,12,0.009302325581395349,0.00017480381740103253,1,1226,False,663,758,False,False,False
CPT1B,12,0.009302325581395349,0.00015511862572794145,1,1226,False,663,784,False,False,False
FGB,12,0.009302325581395349,0.00013273767423708675,1,1226,False,663,809,False,False,False
GSK3A,12,0.009302325581395349,0.00011370806852622865,1,1226,False,663,835,False,False,False
CAMKK2,12,0.009302325581395349,0.00010624898499927425,1,1226,False,663,841,False,False,False
CACNA1I,12,0.009302325581395349,7.804818861018053e-05,1,1226,False,663,878,False,False,False
ATG12,12,0.009302325581395349,7.255783552955633e-05,1,1226,False,663,886,False,False,False
SCN2B,12,0.009302325581395349,5.1074392767465184e-05,1,1226,False,663,927,False,False,False
COX6A2,12,0.009302325581395349,3.75929667570451e-05,1,1226,False,663,952,False,False,False
COX6B1,12,0.009302325581395349,3.75929667570451e-05,1,1226,False,663,952,False,False,False
COX7B,12,0.009302325581395349,3.75929667570451e-05,1,1226,False,663,952,False,False,False
NDUFV3,12,0.009302325581395349,2.6498020907683912e-05,1,1226,False,663,980,False,False,False
DKK1,12,0.009302325581395349,2.596399459343054e-05,1,1226,False,663,983,False,False,False
HSF1,12,0.009302325581395349,1.511696633401096e-05,1,1226,False,663,1011,False,False,False
TIMP2,12,0.009302325581395349,1.32070616131575e-05,1,1226,False,663,1020,False,False,False
RBL1,12,0.009302325581395349,1.1723192098148568e-05,1,1226,False,663,1025,False,False,False
TTK,12,0.009302325581395349,1.1350659246758986e-05,1,1226,False,663,1028,False,False,False
SULT1E1,12,0.009302325581395349,8.714817842360534e-06,1,1226,False,663,1048,False,False,False
EREG,12,0.009302325581395349,5.70210306533042e-06,1,1226,False,663,1067,False,False,False
CHRNA4,11,0.008527131782945736,0.0016286891590280472,1,1226,False,710,269,False,False,False
KCND3,11,0.008527131782945736,0.001592217370779781,1,1226,False,710,274,False,False,False
CES1,11,0.008527131782945736,0.0010201747633299069,1,1226,False,710,377,False,False,False
CTRB1,11,0.008527131782945736,0.0007407000485194882,1,1226,False,710,457,False,False,False
ADA,11,0.008527131782945736,0.0006885510544782625,1,1226,False,710,471,False,False,False
NPR1,11,0.008527131782945736,0.0006803428539586605,1,1226,False,710,474,False,False,False
NRXN1,11,0.008527131782945736,0.0006788333012633563,1,1226,False,710,475,False,False,False
NEDD4L,11,0.008527131782945736,0.0006094032965132956,1,1226,False,710,505,False,False,False
ALAS1,11,0.008527131782945736,0.000568213280031439,1,1226,False,710,525,False,False,False
ACTA1,11,0.008527131782945736,0.0005564872248283149,1,1226,False,710,527,False,False,False
SCNN1A,11,0.008527131782945736,0.0005516078881717404,1,1226,False,710,531,False,False,False
TYR,11,0.008527131782945736,0.0005067246257760934,1,1226,False,710,544,False,False,False
KCNA5,11,0.008527131782945736,0.0005009706592585928,1,1226,False,710,548,False,False,False
HTR2C,11,0.008527131782945736,0.000494442859005529,1,1226,False,710,550,False,False,False
ACTA2,11,0.008527131782945736,0.000491439778055679,1,1226,False,710,553,False,False,False
GGCX,11,0.008527131782945736,0.00047322833714438117,1,1226,False,710,567,False,False,False
PDE4A,11,0.008527131782945736,0.00042956240580530275,1,1226,False,710,582,False,False,False
GSS,11,0.008527131782945736,0.000384105892792298,1,1226,False,710,613,False,False,False
ATP1A1,11,0.008527131782945736,0.0003249165273655438,1,1226,False,710,649,False,False,False
XPO1,11,0.008527131782945736,0.00024094387446887427,1,1226,False,710,701,False,False,False
ARF1,11,0.008527131782945736,0.0002192428659764132,1,1226,False,710,722,False,False,False
GLI1,11,0.008527131782945736,0.00018311811854929545,1,1226,False,710,750,False,False,False
MTTP,11,0.008527131782945736,0.00016187389857375283,1,1226,False,710,778,False,False,False
TNFAIP6,11,0.008527131782945736,0.00014246536815767322,1,1226,False,710,796,False,False,False
ALOX12,11,0.008527131782945736,0.00013957628852836164,1,1226,False,710,799,False,False,False
LMNB1,11,0.008527131782945736,0.00011435093226806662,1,1226,False,710,833,False,False,False
THRB,11,0.008527131782945736,0.00011044953930591817,1,1226,False,710,837,False,False,False
HDAC7,11,0.008527131782945736,9.486123296161973e-05,1,1226,False,710,851,False,False,False
ITPR2,11,0.008527131782945736,9.080862539085724e-05,1,1226,False,710,862,False,False,False
GABRA5,11,0.008527131782945736,6.829995922095572e-05,1,1226,False,710,895,False,False,False
PROC,11,0.008527131782945736,6.476142852246693e-05,1,1226,False,710,901,False,False,False
GRIK2,11,0.008527131782945736,3.5594061699414456e-05,1,1226,False,710,961,False,False,False
ELK1,11,0.008527131782945736,7.282953122549203e-06,1,1226,False,710,1054,False,False,False
CYP26C1,11,0.008527131782945736,5.057960944512861e-07,1,1226,False,710,1110,False,False,False
RORA,10,0.007751937984496124,0.0023838660958852113,1,1226,False,744,190,False,True,False
KLK3,10,0.007751937984496124,0.001545419801211734,1,1226,False,744,281,False,False,False
HCN4,10,0.007751937984496124,0.0014879554315351293,1,1226,False,744,290,False,False,False
SLC10A1,10,0.007751937984496124,0.0013195997516850025,1,1226,False,744,326,False,False,False
BMPR2,10,0.007751937984496124,0.0010221909553574972,1,1226,False,744,375,False,False,False
PDE3B,10,0.007751937984496124,0.0008953731047823172,1,1226,False,744,411,False,False,False
PDE1B,10,0.007751937984496124,0.0007630288393936426,1,1226,False,744,449,False,False,False
MYLK,10,0.007751937984496124,0.0007515197243023333,1,1226,False,744,453,False,False,False
ATP1A2,10,0.007751937984496124,0.0006816042581777292,1,1226,False,744,473,False,False,False
CYP27B1,10,0.007751937984496124,0.0005847728548536979,1,1226,False,744,519,False,False,False
PLD1,10,0.007751937984496124,0.0005344064662718754,1,1226,False,744,537,False,False,False
PDE4D,10,0.007751937984496124,0.00041429500747385554,1,1226,False,744,591,False,False,False
ABCB1,10,0.007751937984496124,0.000399695634322253,1,1226,False,744,604,False,False,False
SHBG,10,0.007751937984496124,0.00037024457666924365,1,1226,False,744,623,False,False,False
KCNA4,10,0.007751937984496124,0.0003617179012847411,1,1226,False,744,629,False,False,False
FTCD,10,0.007751937984496124,0.0003292997399968816,1,1226,False,744,645,False,False,False
CYP11A1,10,0.007751937984496124,0.0003063915738298301,1,1226,False,744,664,False,False,False
MYH7,10,0.007751937984496124,0.0002984242431430654,1,1226,False,744,669,False,False,False
PDE10A,10,0.007751937984496124,0.0002853970537819038,1,1226,False,744,680,False,False,False
NPPB,10,0.007751937984496124,0.0002425907989035242,1,1226,False,744,699,False,False,False
ATP1A3,10,0.007751937984496124,0.00023898536001112978,1,1226,False,744,705,False,False,False
PLK4,10,0.007751937984496124,0.0001765259062818022,1,1226,False,744,755,False,False,False
IDE,10,0.007751937984496124,0.00016282282858641722,1,1226,False,744,775,False,False,False
GPER1,10,0.007751937984496124,0.00016281645758449726,1,1226,False,744,776,False,False,False
ACSL4,10,0.007751937984496124,0.0001542973100656275,1,1226,False,744,786,False,False,False
ARF6,10,0.007751937984496124,0.0001528168950140312,1,1226,False,744,788,False,False,False
SHANK1,10,0.007751937984496124,0.00014073107072035547,1,1226,False,744,798,False,False,False
KCNA1,10,0.007751937984496124,0.00013586192217882338,1,1226,False,744,803,False,False,False
PLEK,10,0.007751937984496124,9.36663846924769e-05,1,1226,False,744,854,False,False,False
POLE,10,0.007751937984496124,9.334940937992725e-05,1,1226,False,744,856,False,False,False
PPID,10,0.007751937984496124,6.680531158263316e-05,1,1226,False,744,899,False,False,False
PDE2A,10,0.007751937984496124,5.8849307232559115e-05,1,1226,False,744,913,False,False,False
MLXIPL,10,0.007751937984496124,5.427884072034862e-05,1,1226,False,744,920,False,False,False
TFEB,10,0.007751937984496124,5.2768360770108686e-05,1,1226,False,744,921,False,False,False
DHRS3,10,0.007751937984496124,5.193236184126897e-05,1,1226,False,744,923,False,False,False
TOP1,10,0.007751937984496124,4.52545232577971e-05,1,1226,False,744,935,False,False,False
NCOA6,10,0.007751937984496124,3.990576830868784e-05,1,1226,False,744,944,False,False,False
HDAC5,10,0.007751937984496124,3.707530058998167e-05,1,1226,False,744,957,False,False,False
LRP5,10,0.007751937984496124,3.704960944860165e-05,1,1226,False,744,958,False,False,False
TUBB4B,10,0.007751937984496124,2.4506887908318642e-05,1,1226,False,744,990,False,False,False
UCHL1,10,0.007751937984496124,2.4438147739055035e-05,1,1226,False,744,991,False,False,False
TUBA1C,10,0.007751937984496124,2.1905744639932548e-05,1,1226,False,744,994,False,False,False
AXIN2,10,0.007751937984496124,1.0032397195784946e-05,1,1226,False,744,1037,False,False,False
AKR1C2,10,0.007751937984496124,9.075938505135636e-06,1,1226,False,744,1041,False,False,False
AKR1C4,10,0.007751937984496124,7.795639952911167e-06,1,1226,False,744,1050,False,False,False
ATR,10,0.007751937984496124,7.331350530104301e-06,1,1226,False,744,1053,False,False,False
CDK8,10,0.007751937984496124,2.6813985761524314e-06,1,1226,False,744,1089,False,False,False
CCL8,10,0.007751937984496124,1.0201937894402126e-06,1,1226,False,744,1105,False,False,False
HAMP,9,0.0069767441860465115,0.0019341294425640574,1,1226,False,792,230,False,True,False
RHO,9,0.0069767441860465115,0.0018793877044207233,1,1226,False,792,234,False,True,False
HNRNPA1,9,0.0069767441860465115,0.0015630448037115931,1,1226,False,792,278,False,False,False
HNF1A,9,0.0069767441860465115,0.0015435389218041641,1,1226,False,792,282,False,False,False
ATF7,9,0.0069767441860465115,0.0015150963830590648,1,1226,False,792,286,False,False,False
MAPK8IP1,9,0.0069767441860465115,0.0010133218892865792,1,1226,False,792,381,False,False,False
CHRNA3,9,0.0069767441860465115,0.0010052866531622088,1,1226,False,792,383,False,False,False
CHRNB2,9,0.0069767441860465115,0.0009573290749761475,1,1226,False,792,397,False,False,False
PTGDS,9,0.0069767441860465115,0.0009544688574215583,1,1226,False,792,398,False,False,False
DNAJC5,9,0.0069767441860465115,0.0007403679477162369,1,1226,False,792,459,False,False,False
GUSB,9,0.0069767441860465115,0.0006037380690287652,1,1226,False,792,510,False,False,False
TAT,9,0.0069767441860465115,0.0005194731423121527,1,1226,False,792,541,False,False,False
P2RX7,9,0.0069767441860465115,0.0004713956157808143,1,1226,False,792,568,False,False,False
NR1I3,9,0.0069767441860465115,0.00044260335301462715,1,1226,False,792,578,False,False,False
ACTC1,9,0.0069767441860465115,0.000405762230401882,1,1226,False,792,599,False,False,False
PPIA,9,0.0069767441860465115,0.0003804365119609186,1,1226,False,792,616,False,False,False
PTGES2,9,0.0069767441860465115,0.00035788550478143085,1,1226,False,792,632,False,False,False
TRPV3,9,0.0069767441860465115,0.0002949223170144415,1,1226,False,792,670,False,False,False
ABAT,9,0.0069767441860465115,0.00022496730777086136,1,1226,False,792,716,False,False,False
RDH5,9,0.0069767441860465115,0.00020656138204222738,1,1226,False,792,728,False,False,False
PLA2G2D,9,0.0069767441860465115,0.00019045092153989915,1,1226,False,792,743,False,False,False
CHRNA9,9,0.0069767441860465115,0.00018539887457862686,1,1226,False,792,748,False,False,False
TF,9,0.0069767441860465115,0.0001703654220924928,1,1226,False,792,763,False,False,False
HTR2B,9,0.0069767441860465115,0.0001643142061905529,1,1226,False,792,771,False,False,False
MMP10,9,0.0069767441860465115,0.0001542466318455421,1,1226,False,792,787,False,False,False
ARF3,9,0.0069767441860465115,0.00014309266388246877,1,1226,False,792,795,False,False,False
CLDN5,9,0.0069767441860465115,0.00013314114419277442,1,1226,False,792,808,False,False,False
KCNA3,9,0.0069767441860465115,0.00013148523147706243,1,1226,False,792,810,False,False,False
DAO,9,0.0069767441860465115,0.0001298566878201341,1,1226,False,792,814,False,False,False
EIF4G1,9,0.0069767441860465115,0.00012566555262111473,1,1226,False,792,817,False,False,False
ADRB3,9,0.0069767441860465115,0.00012081085078015235,1,1226,False,792,827,False,False,False
ATP1A4,9,0.0069767441860465115,0.0001196390885972264,1,1226,False,792,828,False,False,False
ELOVL6,9,0.0069767441860465115,8.724543438350135e-05,1,1226,False,792,865,False,False,False
CYP7B1,9,0.0069767441860465115,8.083626442891718e-05,1,1226,False,792,872,False,False,False
EGLN1,9,0.0069767441860465115,8.036432172936131e-05,1,1226,False,792,873,False,False,False
APOM,9,0.0069767441860465115,7.91934484542331e-05,1,1226,False,792,876,False,False,False
EIF4EBP1,9,0.0069767441860465115,7.735277312312151e-05,1,1226,False,792,879,False,False,False
DMP1,9,0.0069767441860465115,7.685427963425887e-05,1,1226,False,792,881,False,False,False
GABRA6,9,0.0069767441860465115,7.153338962970408e-05,1,1226,False,792,891,False,False,False
DHRS4,9,0.0069767441860465115,5.179871925900026e-05,1,1226,False,792,924,False,False,False
SMAD1,9,0.0069767441860465115,2.8748110366344275e-05,1,1226,False,792,974,False,False,False
GABRG3,9,0.0069767441860465115,2.708772635217295e-05,1,1226,False,792,977,False,False,False
TUBB4A,9,0.0069767441860465115,2.6402265190571944e-05,1,1226,False,792,981,False,False,False
DNM1L,9,0.0069767441860465115,2.500704657411784e-05,1,1226,False,792,988,False,False,False
GABRA3,9,0.0069767441860465115,2.469904665512676e-05,1,1226,False,792,989,False,False,False
TUBA4A,9,0.0069767441860465115,1.7514601757917057e-05,1,1226,False,792,1005,False,False,False
TP73,9,0.0069767441860465115,1.3520617922858487e-05,1,1226,False,792,1017,False,False,False
HDAC8,9,0.0069767441860465115,8.929901760520858e-06,1,1226,False,792,1045,False,False,False
CAMK2G,9,0.0069767441860465115,2.9881564831156164e-06,1,1226,False,792,1084,False,False,False
GK,8,0.006201550387596899,0.0030773756059331407,1,1226,False,841,148,False,True,False
ACADM,8,0.006201550387596899,0.002212849902172334,1,1226,False,841,204,False,True,False
AMY1B,8,0.006201550387596899,0.0016036787566623997,1,1226,False,841,271,False,False,False
PLB1,8,0.006201550387596899,0.0015318443645767714,1,1226,False,841,284,False,False,False
APCS,8,0.006201550387596899,0.0014979368480139736,1,1226,False,841,287,False,False,False
HBB,8,0.006201550387596899,0.0007814439473112671,1,1226,False,841,443,False,False,False
FABP5,8,0.006201550387596899,0.0007270626756962569,1,1226,False,841,461,False,False,False
KCNJ6,8,0.006201550387596899,0.0007106135871524457,1,1226,False,841,465,False,False,False
LALBA,8,0.006201550387596899,0.0006840974353151764,1,1226,False,841,472,False,False,False
ATF5,8,0.006201550387596899,0.0006235530078201779,1,1226,False,841,496,False,False,False
CHRM1,8,0.006201550387596899,0.0006178982137346995,1,1226,False,841,500,False,False,False
SLC5A1,8,0.006201550387596899,0.000544876032064667,1,1226,False,841,535,False,False,False
NRF1,8,0.006201550387596899,0.00041271144792533735,1,1226,False,841,593,False,False,False
FTH1,8,0.006201550387596899,0.0004008880557565675,1,1226,False,841,601,False,False,False
PHB2,8,0.006201550387596899,0.0003997926821499368,1,1226,False,841,603,False,False,False
RASSF1,8,0.006201550387596899,0.00038620101346621124,1,1226,False,841,611,False,False,False
ESRRB,8,0.006201550387596899,0.00035263080782172866,1,1226,False,841,634,False,False,False
CRBN,8,0.006201550387596899,0.0003472874534785847,1,1226,False,841,637,False,False,False
AMY2A,8,0.006201550387596899,0.0003433670402741077,1,1226,False,841,640,False,False,False
AHR,8,0.006201550387596899,0.0003244916874265463,1,1226,False,841,650,False,False,False
PDE4B,8,0.006201550387596899,0.00032009019641199147,1,1226,False,841,657,False,False,False
GAS6,8,0.006201550387596899,0.0003168934150047897,1,1226,False,841,660,False,False,False
KCNMA1,8,0.006201550387596899,0.00031674524407620885,1,1226,False,841,661,False,False,False
AKR1A1,8,0.006201550387596899,0.00024186389723334555,1,1226,False,841,700,False,False,False
FSHR,8,0.006201550387596899,0.0002392689539281879,1,1226,False,841,704,False,False,False
TPO,8,0.006201550387596899,0.0001795427315538274,1,1226,False,841,753,False,False,False
SLC6A2,8,0.006201550387596899,0.00016434162382707363,1,1226,False,841,770,False,False,False
RAB5A,8,0.006201550387596899,0.00013541469275253688,1,1226,False,841,804,False,False,False
ATP2B3,8,0.006201550387596899,0.00012485680131193652,1,1226,False,841,820,False,False,False
POLA1,8,0.006201550387596899,0.00010427046291233272,1,1226,False,841,842,False,False,False
ORM2,8,0.006201550387596899,0.00010385126008641958,1,1226,False,841,844,False,False,False
KCND2,8,0.006201550387596899,9.923725686294733e-05,1,1226,False,841,847,False,False,False
ADRB1,8,0.006201550387596899,9.334309150062381e-05,1,1226,False,841,857,False,False,False
UCP3,8,0.006201550387596899,8.330185321551099e-05,1,1226,False,841,868,False,False,False
LPCAT1,8,0.006201550387596899,7.059105057250699e-05,1,1226,False,841,893,False,False,False
CTSL,8,0.006201550387596899,6.825410562867862e-05,1,1226,False,841,896,False,False,False
LPCAT2,8,0.006201550387596899,6.723613582922862e-05,1,1226,False,841,898,False,False,False
F12,8,0.006201550387596899,1.7588426682998177e-05,1,1226,False,841,1003,False,False,False
CPT1C,8,0.006201550387596899,1.3087664032304884e-05,1,1226,False,841,1021,False,False,False
PRKCI,8,0.006201550387596899,4.218545159672962e-06,1,1226,False,841,1078,False,False,False
GABRA4,8,0.006201550387596899,1.202783240418328e-07,1,1226,False,841,1119,False,False,False
GNMT,8,0.006201550387596899,0.0,1,1226,False,841,1122,False,False,False
RCAN1,8,0.006201550387596899,0.0,1,1226,False,841,1122,False,False,False
ODC1,7,0.005426356589147287,0.00210338921463988,1,1226,False,884,214,False,True,False
PRSS1,7,0.005426356589147287,0.0016423463633521702,1,1226,False,884,266,False,False,False
GPBAR1,7,0.005426356589147287,0.001634204264503976,1,1226,False,884,267,False,False,False
SLC29A1,7,0.005426356589147287,0.0015904246981481179,1,1226,False,884,275,False,False,False
GLB1,7,0.005426356589147287,0.001244880493076509,1,1226,False,884,341,False,False,False
CHRNA7,7,0.005426356589147287,0.0010073831284596194,1,1226,False,884,382,False,False,False
PCYT1A,7,0.005426356589147287,0.0007584747706929191,1,1226,False,884,450,False,False,False
FADS2,7,0.005426356589147287,0.0007079063815300427,1,1226,False,884,467,False,False,False
TG,7,0.005426356589147287,0.0005715719462539076,1,1226,False,884,524,False,False,False
USP10,7,0.005426356589147287,0.0005303543183094548,1,1226,False,884,538,False,False,False
RBP4,7,0.005426356589147287,0.0004904272520585671,1,1226,False,884,555,False,False,False
NNMT,7,0.005426356589147287,0.00047504307069312217,1,1226,False,884,565,False,False,False
PKD1,7,0.005426356589147287,0.0004643813175390735,1,1226,False,884,570,False,False,False
ALDOA,7,0.005426356589147287,0.0002883542865343872,1,1226,False,884,677,False,False,False
CHRNB3,7,0.005426356589147287,0.00022041061041279145,1,1226,False,884,720,False,False,False
IMPDH2,7,0.005426356589147287,0.00021501666757305207,1,1226,False,884,724,False,False,False
KCNJ8,7,0.005426356589147287,0.00018863271718225308,1,1226,False,884,745,False,False,False
ARF4,7,0.005426356589147287,0.0001721750461668305,1,1226,False,884,761,False,False,False
OAT,7,0.005426356589147287,0.00016406279185475503,1,1226,False,884,772,False,False,False
ACAA2,7,0.005426356589147287,0.00015937726560770162,1,1226,False,884,780,False,False,False
AMY2B,7,0.005426356589147287,0.00013147207039037164,1,1226,False,884,811,False,False,False
ACTR2,7,0.005426356589147287,0.00013091904594810173,1,1226,False,884,812,False,False,False
PDE5A,7,0.005426356589147287,0.00012551212638434802,1,1226,False,884,819,False,False,False
MAP2,7,0.005426356589147287,0.0001223828906341878,1,1226,False,884,823,False,False,False
RARB,7,0.005426356589147287,0.00011623210678879156,1,1226,False,884,832,False,False,False
AHSA1,7,0.005426356589147287,8.201143815061933e-05,1,1226,False,884,870,False,False,False
HIF1AN,7,0.005426356589147287,7.931235056774443e-05,1,1226,False,884,875,False,False,False
HTR1D,7,0.005426356589147287,7.22437747653135e-05,1,1226,False,884,888,False,False,False
LIPG,7,0.005426356589147287,7.170833979908533e-05,1,1226,False,884,890,False,False,False
PROS1,7,0.005426356589147287,5.880346340516927e-05,1,1226,False,884,914,False,False,False
SCN11A,7,0.005426356589147287,5.500182273515229e-05,1,1226,False,884,919,False,False,False
LBP,7,0.005426356589147287,4.706080336294471e-05,1,1226,False,884,932,False,False,False
GABRE,7,0.005426356589147287,3.831888372932371e-05,1,1226,False,884,948,False,False,False
SLCO1A2,7,0.005426356589147287,3.476744561882951e-05,1,1226,False,884,962,False,False,False
EGLN3,7,0.005426356589147287,2.5946433834591168e-05,1,1226,False,884,984,False,False,False
VLDLR,7,0.005426356589147287,2.058314418757763e-05,1,1226,False,884,995,False,False,False
PRDX2,7,0.005426356589147287,1.7403053434673714e-05,1,1226,False,884,1006,False,False,False
MYB,7,0.005426356589147287,8.933673445480546e-06,1,1226,False,884,1044,False,False,False
ADAMTS4,7,0.005426356589147287,8.886941949532126e-06,1,1226,False,884,1046,False,False,False
GABRQ,7,0.005426356589147287,5.944281026241696e-06,1,1226,False,884,1063,False,False,False
RPS6KA3,7,0.005426356589147287,4.494303364246738e-06,1,1226,False,884,1075,False,False,False
PRDX5,7,0.005426356589147287,4.345353280242406e-06,1,1226,False,884,1076,False,False,False
FDPS,7,0.005426356589147287,2.860212462708101e-06,1,1226,False,884,1087,False,False,False
ZEB2,7,0.005426356589147287,1.7124233239523438e-06,1,1226,False,884,1097,False,False,False
ICAM2,7,0.005426356589147287,9.252178772448678e-08,1,1226,False,884,1120,False,False,False
NFATC4,7,0.005426356589147287,0.0,1,1226,False,884,1122,False,False,False
NFKBIE,7,0.005426356589147287,0.0,1,1226,False,884,1122,False,False,False
APOD,6,0.004651162790697674,0.0029420078060632304,1,1226,False,931,159,False,True,False
GYPA,6,0.004651162790697674,0.001912914790045211,1,1226,False,931,231,False,True,False
DRD5,6,0.004651162790697674,0.0014913941652698682,1,1226,False,931,289,False,False,False
GABRR1,6,0.004651162790697674,0.0014742343975946942,1,1226,False,931,296,False,False,False
FADS1,6,0.004651162790697674,0.0014173572030014914,1,1226,False,931,310,False,False,False
ADORA1,6,0.004651162790697674,0.00041272273037405477,1,1226,False,931,592,False,False,False
FXN,6,0.004651162790697674,0.00037807516969607275,1,1226,False,931,619,False,False,False
CALCR,6,0.004651162790697674,0.00036732092781908076,1,1226,False,931,625,False,False,False
GLA,6,0.004651162790697674,0.0003666668927400956,1,1226,False,931,626,False,False,False
PCYT1B,6,0.004651162790697674,0.0002915470336057964,1,1226,False,931,673,False,False,False
IMPDH1,6,0.004651162790697674,0.00028839187056828465,1,1226,False,931,676,False,False,False
TRPV2,6,0.004651162790697674,0.00026633470397955636,1,1226,False,931,686,False,False,False
CYP24A1,6,0.004651162790697674,0.0002511171619691588,1,1226,False,931,696,False,False,False
CHRNA5,6,0.004651162790697674,0.00024061954661740113,1,1226,False,931,702,False,False,False
MT-ATP6,6,0.004651162790697674,0.00019515101321991246,1,1226,False,931,738,False,False,False
PTGER4,6,0.004651162790697674,0.00017330512650583598,1,1226,False,931,760,False,False,False
F2RL1,6,0.004651162790697674,0.00015821573452809125,1,1226,False,931,782,False,False,False
RBP1,6,0.004651162790697674,0.00014771108035366014,1,1226,False,931,791,False,False,False
PEMT,6,0.004651162790697674,0.0001271705777563216,1,1226,False,931,815,False,False,False
FBP1,6,0.004651162790697674,0.00010662386207802276,1,1226,False,931,840,False,False,False
CLDN1,6,0.004651162790697674,8.09714892723011e-05,1,1226,False,931,871,False,False,False
ATF1,6,0.004651162790697674,6.730299076460844e-05,1,1226,False,931,897,False,False,False
SLC11A2,6,0.004651162790697674,6.475365307433388e-05,1,1226,False,931,902,False,False,False
POLB,6,0.004651162790697674,6.43277941727788e-05,1,1226,False,931,906,False,False,False
AHSP,6,0.004651162790697674,6.021681652354549e-05,1,1226,False,931,910,False,False,False
GAA,6,0.004651162790697674,5.857196452904542e-05,1,1226,False,931,915,False,False,False
TRPM3,6,0.004651162790697674,4.033782229979884e-05,1,1226,False,931,942,False,False,False
RRM2B,6,0.004651162790697674,3.749418502126095e-05,1,1226,False,931,955,False,False,False
FABP3,6,0.004651162790697674,3.692675042504619e-05,1,1226,False,931,959,False,False,False
KRT18,6,0.004651162790697674,3.3287517425968853e-05,1,1226,False,931,968,False,False,False
ADRA2A,6,0.004651162790697674,2.6116468065470902e-05,1,1226,False,931,982,False,False,False
PENK,6,0.004651162790697674,1.6419410906332536e-05,1,1226,False,931,1009,False,False,False
CLIP1,6,0.004651162790697674,1.4767630254964186e-05,1,1226,False,931,1013,False,False,False
ABCB11,6,0.004651162790697674,1.4393828888343795e-05,1,1226,False,931,1014,False,False,False
KCNMB4,6,0.004651162790697674,9.64473339592222e-06,1,1226,False,931,1038,False,False,False
ASPA,6,0.004651162790697674,6.521323867871326e-06,1,1226,False,931,1056,False,False,False
CD14,6,0.004651162790697674,6.357238131831651e-06,1,1226,False,931,1057,False,False,False
PTX3,6,0.004651162790697674,5.475720279523083e-06,1,1226,False,931,1070,False,False,False
MAP1LC3A,6,0.004651162790697674,2.9379747474255075e-06,1,1226,False,931,1086,False,False,False
JDP2,6,0.004651162790697674,1.702217020986623e-06,1,1226,False,931,1099,False,False,False
DRD3,6,0.004651162790697674,1.643587367174105e-06,1,1226,False,931,1100,False,False,False
AGTR2,6,0.004651162790697674,9.058666428440266e-07,1,1226,False,931,1107,False,False,False
CHRNA2,6,0.004651162790697674,0.0,1,1226,False,931,1122,False,False,False
CRYZ,6,0.004651162790697674,0.0,1,1226,False,931,1122,False,False,False
LCP1,5,0.003875968992248062,0.0029684700076575846,1,1226,False,975,158,False,True,False
ESRRG,5,0.003875968992248062,0.0014798868931086959,1,1226,False,975,294,False,False,False
RPL17,5,0.003875968992248062,0.0008454128209148658,1,1226,False,975,426,False,False,False
HBA1,5,0.003875968992248062,0.0008078926711007615,1,1226,False,975,440,False,False,False
KYNU,5,0.003875968992248062,0.0006781340737573472,1,1226,False,975,477,False,False,False
HBA2,5,0.003875968992248062,0.00048173552309403543,1,1226,False,975,561,False,False,False
CA1,5,0.003875968992248062,0.0003469781826340725,1,1226,False,975,638,False,False,False
GAMT,5,0.003875968992248062,0.0003465809790844375,1,1226,False,975,639,False,False,False
RBP2,5,0.003875968992248062,0.0003292524943605735,1,1226,False,975,646,False,False,False
MOCOS,5,0.003875968992248062,0.00026197094385313827,1,1226,False,975,688,False,False,False
RGN,5,0.003875968992248062,0.00025593041360584627,1,1226,False,975,692,False,False,False
PGRMC1,5,0.003875968992248062,0.0002496038099100238,1,1226,False,975,697,False,False,False
SLC1A3,5,0.003875968992248062,0.00022105210517831266,1,1226,False,975,718,False,False,False
PTGER3,5,0.003875968992248062,0.0001833560829850716,1,1226,False,975,749,False,False,False
CPS1,5,0.003875968992248062,0.00014241915959621438,1,1226,False,975,797,False,False,False
SULT1A1,5,0.003875968992248062,0.00010401031646291303,1,1226,False,975,843,False,False,False
PTGIS,5,0.003875968992248062,9.012088618002671e-05,1,1226,False,975,863,False,False,False
FTL,5,0.003875968992248062,7.470715699727403e-05,1,1226,False,975,884,False,False,False
FUS,5,0.003875968992248062,6.642970735855579e-05,1,1226,False,975,900,False,False,False
PTGER2,5,0.003875968992248062,6.456127950977228e-05,1,1226,False,975,903,False,False,False
STXBP1,5,0.003875968992248062,6.443430994602279e-05,1,1226,False,975,905,False,False,False
DGKD,5,0.003875968992248062,5.8874097644284266e-05,1,1226,False,975,912,False,False,False
ATP5F1E,5,0.003875968992248062,5.695238863370092e-05,1,1226,False,975,917,False,False,False
PTGER1,5,0.003875968992248062,4.443484669731033e-05,1,1226,False,975,939,False,False,False
COL11A2,5,0.003875968992248062,3.978645848593843e-05,1,1226,False,975,945,False,False,False
TUBG1,5,0.003875968992248062,3.712715006839675e-05,1,1226,False,975,956,False,False,False
CASQ1,5,0.003875968992248062,3.625567586927118e-05,1,1226,False,975,960,False,False,False
PKD2,5,0.003875968992248062,3.292252451042446e-05,1,1226,False,975,970,False,False,False
AANAT,5,0.003875968992248062,3.047301572870344e-05,1,1226,False,975,973,False,False,False
PDE6C,5,0.003875968992248062,2.536687125739965e-05,1,1226,False,975,987,False,False,False
TFR2,5,0.003875968992248062,2.0474281580186543e-05,1,1226,False,975,996,False,False,False
SMO,5,0.003875968992248062,1.8317387320505625e-05,1,1226,False,975,1002,False,False,False
HDAC11,5,0.003875968992248062,1.581972531017416e-05,1,1226,False,975,1010,False,False,False
OLR1,5,0.003875968992248062,1.2622454206288446e-05,1,1226,False,975,1023,False,False,False
PDE7B,5,0.003875968992248062,1.1120812071947188e-05,1,1226,False,975,1030,False,False,False
NKX3-1,5,0.003875968992248062,1.0243628757423995e-05,1,1226,False,975,1036,False,False,False
TRPM7,5,0.003875968992248062,9.036924796929365e-06,1,1226,False,975,1042,False,False,False
HLA-B,5,0.003875968992248062,8.979326327762047e-06,1,1226,False,975,1043,False,False,False
PCOLCE,5,0.003875968992248062,6.0814939630739565e-06,1,1226,False,975,1061,False,False,False
PDK1,5,0.003875968992248062,4.894386188774382e-06,1,1226,False,975,1072,False,False,False
TOMM70,5,0.003875968992248062,4.09454613806635e-06,1,1226,False,975,1080,False,False,False
ADAMTS5,5,0.003875968992248062,6.852322632916696e-07,1,1226,False,975,1109,False,False,False
AURKC,5,0.003875968992248062,0.0,1,1226,False,975,1122,False,False,False
GGPS1,5,0.003875968992248062,0.0,1,1226,False,975,1122,False,False,False
GSTZ1,5,0.003875968992248062,0.0,1,1226,False,975,1122,False,False,False
IGFBP6,5,0.003875968992248062,0.0,1,1226,False,975,1122,False,False,False
P2RX4,5,0.003875968992248062,0.0,1,1226,False,975,1122,False,False,False
POLDIP2,5,0.003875968992248062,0.0,1,1226,False,975,1122,False,False,False
RARG,5,0.003875968992248062,0.0,1,1226,False,975,1122,False,False,False
PDXK,4,0.0031007751937984496,0.001785897009558424,1,1226,False,1024,243,False,True,False
ACTR1A,4,0.0031007751937984496,0.0014852243264414913,1,1226,False,1024,293,False,False,False
S100A7,4,0.0031007751937984496,0.0014795291690038721,1,1226,False,1024,295,False,False,False
CKB,4,0.0031007751937984496,0.000674230058700852,1,1226,False,1024,478,False,False,False
QPRT,4,0.0031007751937984496,0.0006515998374098659,1,1226,False,1024,488,False,False,False
CHRM2,4,0.0031007751937984496,0.0003505785526173392,1,1226,False,1024,636,False,False,False
BCAT2,4,0.0031007751937984496,0.00032204257574474217,1,1226,False,1024,653,False,False,False
HTR6,4,0.0031007751937984496,0.0003179231424515579,1,1226,False,1024,658,False,False,False
CASR,4,0.0031007751937984496,0.00020322617630087896,1,1226,False,1024,734,False,False,False
KCNH6,4,0.0031007751937984496,0.00018145520254046432,1,1226,False,1024,752,False,False,False
CRMP1,4,0.0031007751937984496,0.000168345724577032,1,1226,False,1024,766,False,False,False
ALAD,4,0.0031007751937984496,0.0001658681975016664,1,1226,False,1024,768,False,False,False
PAPSS2,4,0.0031007751937984496,0.00016367048112870614,1,1226,False,1024,773,False,False,False
ADRA2C,4,0.0031007751937984496,0.00015802005075228539,1,1226,False,1024,783,False,False,False
CAT,4,0.0031007751937984496,0.0001525439308526441,1,1226,False,1024,790,False,False,False
DHODH,4,0.0031007751937984496,0.00011869444969725033,1,1226,False,1024,831,False,False,False
PTGFR,4,0.0031007751937984496,9.862958296047519e-05,1,1226,False,1024,848,False,False,False
CA2,4,0.0031007751937984496,9.815210180536305e-05,1,1226,False,1024,849,False,False,False
KCNJ9,4,0.0031007751937984496,9.356365131848604e-05,1,1226,False,1024,855,False,False,False
CD55,4,0.0031007751937984496,9.190774045209761e-05,1,1226,False,1024,860,False,False,False
DGKA,4,0.0031007751937984496,8.650407332440494e-05,1,1226,False,1024,866,False,False,False
GLO1,4,0.0031007751937984496,8.64005761451919e-05,1,1226,False,1024,867,False,False,False
KCNJ1,4,0.0031007751937984496,8.29189870980938e-05,1,1226,False,1024,869,False,False,False
TYRP1,4,0.0031007751937984496,7.486917364787771e-05,1,1226,False,1024,882,False,False,False
EBP,4,0.0031007751937984496,6.455663021629045e-05,1,1226,False,1024,904,False,False,False
PPT1,4,0.0031007751937984496,5.224911993270909e-05,1,1226,False,1024,922,False,False,False
SEMA3A,4,0.0031007751937984496,5.109711476033973e-05,1,1226,False,1024,926,False,False,False
ATP2A1,4,0.0031007751937984496,4.9545927681401824e-05,1,1226,False,1024,929,False,False,False
PHOSPHO1,4,0.0031007751937984496,4.720111434436966e-05,1,1226,False,1024,931,False,False,False
SLC5A5,4,0.0031007751937984496,4.3721172381556604e-05,1,1226,False,1024,941,False,False,False
SOAT1,4,0.0031007751937984496,3.898260373928135e-05,1,1226,False,1024,946,False,False,False
ABCC9,4,0.0031007751937984496,2.6970772599008046e-05,1,1226,False,1024,978,False,False,False
OPRD1,4,0.0031007751937984496,2.5735116072899553e-05,1,1226,False,1024,986,False,False,False
SLC8A1,4,0.0031007751937984496,1.3968646405050113e-05,1,1226,False,1024,1016,False,False,False
TACR1,4,0.0031007751937984496,1.2633364644229456e-05,1,1226,False,1024,1022,False,False,False
SLCO2B1,4,0.0031007751937984496,1.2178121878673054e-05,1,1226,False,1024,1024,False,False,False
BHLHE40,4,0.0031007751937984496,1.1398314856960157e-05,1,1226,False,1024,1027,False,False,False
CSAD,4,0.0031007751937984496,1.0936891318698571e-05,1,1226,False,1024,1031,False,False,False
AHCYL1,4,0.0031007751937984496,1.0731333413935395e-05,1,1226,False,1024,1033,False,False,False
SLC7A1,4,0.0031007751937984496,7.680206836662772e-06,1,1226,False,1024,1051,False,False,False
LYZ,4,0.0031007751937984496,7.4033772836285205e-06,1,1226,False,1024,1052,False,False,False
NEIL1,4,0.0031007751937984496,6.997809000964763e-06,1,1226,False,1024,1055,False,False,False
TOP2B,4,0.0031007751937984496,5.870129073849238e-06,1,1226,False,1024,1064,False,False,False
ACTG2,4,0.0031007751937984496,4.889529422274241e-06,1,1226,False,1024,1073,False,False,False
LRIG1,4,0.0031007751937984496,2.976183717291733e-06,1,1226,False,1024,1085,False,False,False
SLPI,4,0.0031007751937984496,2.2252108637029107e-06,1,1226,False,1024,1093,False,False,False
CLDN4,4,0.0031007751937984496,1.5528493013264694e-06,1,1226,False,1024,1101,False,False,False
NNT,4,0.0031007751937984496,1.3321034537658968e-06,1,1226,False,1024,1102,False,False,False
DSPP,4,0.0031007751937984496,4.476689995902317e-07,1,1226,False,1024,1112,False,False,False
PIM1,4,0.0031007751937984496,1.9233335457353069e-07,1,1226,False,1024,1116,False,False,False
ARF5,4,0.0031007751937984496,0.0,1,1226,False,1024,1122,False,False,False
GANAB,4,0.0031007751937984496,0.0,1,1226,False,1024,1122,False,False,False
RNASE1,4,0.0031007751937984496,0.0,1,1226,False,1024,1122,False,False,False
RUNX1T1,4,0.0031007751937984496,0.0,1,1226,False,1024,1122,False,False,False
SRI,4,0.0031007751937984496,0.0,1,1226,False,1024,1122,False,False,False
SRPK1,3,0.002325581395348837,0.0014722066862720336,1,1226,False,1079,297,False,False,False
AQP1,3,0.002325581395348837,0.00011413959910093694,1,1226,False,1079,834,False,False,False
SLC16A1,3,0.002325581395348837,9.990273142286956e-05,1,1226,False,1079,846,False,False,False
PKIA,3,0.002325581395348837,9.684573967205223e-05,1,1226,False,1079,850,False,False,False
C8G,3,0.002325581395348837,9.082868946412134e-05,1,1226,False,1079,861,False,False,False
HCRTR2,3,0.002325581395348837,8.948123803712287e-05,1,1226,False,1079,864,False,False,False
GPR18,3,0.002325581395348837,6.30240028489885e-05,1,1226,False,1079,908,False,False,False
TFF1,3,0.002325581395348837,4.4647059928135636e-05,1,1226,False,1079,938,False,False,False
MUC5AC,3,0.002325581395348837,3.8918536206076396e-05,1,1226,False,1079,947,False,False,False
FABP7,3,0.002325581395348837,3.360610169505584e-05,1,1226,False,1079,966,False,False,False
S100A13,3,0.002325581395348837,3.337196960140855e-05,1,1226,False,1079,967,False,False,False
IL36B,3,0.002325581395348837,3.097804578746596e-05,1,1226,False,1079,972,False,False,False
CHRNA10,3,0.002325581395348837,2.6759895249728265e-05,1,1226,False,1079,979,False,False,False
AADAT,3,0.002325581395348837,2.2453344867688717e-05,1,1226,False,1079,992,False,False,False
PAEP,3,0.002325581395348837,1.973984383570182e-05,1,1226,False,1079,997,False,False,False
SLC15A1,3,0.002325581395348837,1.9704849340714773e-05,1,1226,False,1079,998,False,False,False
TIGAR,3,0.002325581395348837,1.960385836400967e-05,1,1226,False,1079,999,False,False,False
SLC6A8,3,0.002325581395348837,1.855068657437185e-05,1,1226,False,1079,1001,False,False,False
CALCA,3,0.002325581395348837,1.7376178353770437e-05,1,1226,False,1079,1007,False,False,False
HTR7,3,0.002325581395348837,1.680986340663843e-05,1,1226,False,1079,1008,False,False,False
AIFM1,3,0.002325581395348837,1.1651876460395912e-05,1,1226,False,1079,1026,False,False,False
GPR83,3,0.002325581395348837,1.1178197633492325e-05,1,1226,False,1079,1029,False,False,False
ARRDC3,3,0.002325581395348837,1.0835479202029553e-05,1,1226,False,1079,1032,False,False,False
POLE4,3,0.002325581395348837,1.0277306306270234e-05,1,1226,False,1079,1035,False,False,False
ADRA1B,3,0.002325581395348837,9.628873186871013e-06,1,1226,False,1079,1039,False,False,False
MCU,3,0.002325581395348837,6.203362841089176e-06,1,1226,False,1079,1058,False,False,False
PTGDR2,3,0.002325581395348837,6.146390533204454e-06,1,1226,False,1079,1059,False,False,False
ADRA1A,3,0.002325581395348837,5.829935709177061e-06,1,1226,False,1079,1065,False,False,False
OPA1,3,0.002325581395348837,5.643981610125741e-06,1,1226,False,1079,1068,False,False,False
PSMD11,3,0.002325581395348837,5.394136614527756e-06,1,1226,False,1079,1071,False,False,False
MMP11,3,0.002325581395348837,3.1718493958973975e-06,1,1226,False,1079,1081,False,False,False
SLC47A1,3,0.002325581395348837,3.0215498083586224e-06,1,1226,False,1079,1083,False,False,False
ELOVL5,3,0.002325581395348837,2.365099227305983e-06,1,1226,False,1079,1090,False,False,False
SSTR5,3,0.002325581395348837,1.9970051834644743e-06,1,1226,False,1079,1094,False,False,False
GRIK1,3,0.002325581395348837,1.778008223157624e-06,1,1226,False,1079,1096,False,False,False
TNFRSF11B,3,0.002325581395348837,9.1425072250234e-07,1,1226,False,1079,1106,False,False,False
FCER1A,3,0.002325581395348837,2.6403004509031475e-07,1,1226,False,1079,1114,False,False,False
GABRP,3,0.002325581395348837,2.405566480836656e-07,1,1226,False,1079,1115,False,False,False
CLEC4E,3,0.002325581395348837,1.8110847963887772e-07,1,1226,False,1079,1117,False,False,False
ROS1,3,0.002325581395348837,1.4184604141554e-07,1,1226,False,1079,1118,False,False,False
CMA1,3,0.002325581395348837,0.0,1,1226,False,1079,1122,False,False,False
KHK,3,0.002325581395348837,0.0,1,1226,False,1079,1122,False,False,False
LGALS1,3,0.002325581395348837,0.0,1,1226,False,1079,1122,False,False,False
LPO,3,0.002325581395348837,0.0,1,1226,False,1079,1122,False,False,False
METTL3,3,0.002325581395348837,0.0,1,1226,False,1079,1122,False,False,False
PTAFR,3,0.002325581395348837,0.0,1,1226,False,1079,1122,False,False,False
SRR,3,0.002325581395348837,0.0,1,1226,False,1079,1122,False,False,False
VKORC1L1,3,0.002325581395348837,0.0,1,1226,False,1079,1122,False,False,False
CAPN10,2,0.0015503875968992248,0.0014722066862720336,1,1226,False,1127,297,False,False,False
DYSF,2,0.0015503875968992248,0.0014722066862720336,1,1226,False,1127,297,False,False,False
GCA,2,0.0015503875968992248,0.0014722066862720336,1,1226,False,1127,297,False,False,False
MT2A,2,0.0015503875968992248,0.0014722066862720336,1,1226,False,1127,297,False,False,False
HINT1,2,0.0015503875968992248,3.8080512512028884e-05,1,1226,False,1127,949,False,False,False
AQP3,2,0.0015503875968992248,3.7703672922373146e-05,1,1226,False,1127,950,False,False,False
AQP9,2,0.0015503875968992248,3.7703672922373146e-05,1,1226,False,1127,950,False,False,False
AASS,2,0.0015503875968992248,1.7522687199333265e-05,1,1226,False,1127,1004,False,False,False
CXADR,2,0.0015503875968992248,1.4930304962298435e-05,1,1226,False,1127,1012,False,False,False
NAAA,2,0.0015503875968992248,8.875291275509279e-06,1,1226,False,1127,1047,False,False,False
ATOX1,2,0.0015503875968992248,6.104189289336206e-06,1,1226,False,1127,1060,False,False,False
TFF2,2,0.0015503875968992248,5.956653279130593e-06,1,1226,False,1127,1062,False,False,False
PLSCR1,2,0.0015503875968992248,5.793794888373583e-06,1,1226,False,1127,1066,False,False,False
ANO1,2,0.0015503875968992248,4.778676706348607e-06,1,1226,False,1127,1074,False,False,False
ELOVL2,2,0.0015503875968992248,2.365099227305983e-06,1,1226,False,1127,1090,False,False,False
SH3BP5,2,0.0015503875968992248,2.361715839881265e-06,1,1226,False,1127,1092,False,False,False
KCNC3,2,0.0015503875968992248,1.7123213949374154e-06,1,1226,False,1127,1098,False,False,False
CELF1,2,0.0015503875968992248,1.2426478664121761e-06,1,1226,False,1127,1103,False,False,False
GLRB,2,0.0015503875968992248,1.2027832404183281e-06,2,3,False,1127,1104,False,False,False
APLP1,2,0.0015503875968992248,8.287048614155014e-07,1,1226,False,1127,1108,False,False,False
HRH3,2,0.0015503875968992248,4.531408338325006e-07,1,1226,False,1127,1111,False,False,False
EPHB6,2,0.0015503875968992248,2.772300076380165e-07,1,1226,False,1127,1113,False,False,False
ABCA7,2,0.0015503875968992248,0.0,1,1226,False,1127,1122,False,False,False
AIMP2,2,0.0015503875968992248,0.0,1,1226,False,1127,1122,False,False,False
AVPR1A,2,0.0015503875968992248,0.0,1,1226,False,1127,1122,False,False,False
CHRM3,2,0.0015503875968992248,0.0,1,1226,False,1127,1122,False,False,False
CNR2,2,0.0015503875968992248,0.0,1,1226,False,1127,1122,False,False,False
COL7A1,2,0.0015503875968992248,0.0,1,1226,False,1127,1122,False,False,False
CRTC1,2,0.0015503875968992248,0.0,1,1226,False,1127,1122,False,False,False
EIF2A,2,0.0015503875968992248,0.0,1,1226,False,1127,1122,False,False,False
FABP2,2,0.0015503875968992248,0.0,1,1226,False,1127,1122,False,False,False
HAS2,2,0.0015503875968992248,0.0,1,1226,False,1127,1122,False,False,False
HCRTR1,2,0.0015503875968992248,0.0,1,1226,False,1127,1122,False,False,False
HDAC10,2,0.0015503875968992248,0.0,1,1226,False,1127,1122,False,False,False
HERC5,2,0.0015503875968992248,0.0,1,1226,False,1127,1122,False,False,False
IL36A,2,0.0015503875968992248,0.0,1,1226,False,1127,1122,False,False,False
KCNJ14,2,0.0015503875968992248,0.0,1,1226,False,1127,1122,False,False,False
LDLR,2,0.0015503875968992248,0.0,1,1226,False,1127,1122,False,False,False
LTA4H,2,0.0015503875968992248,0.0,1,1226,False,1127,1122,False,False,False
NEU1,2,0.0015503875968992248,0.0,1,1226,False,1127,1122,False,False,False
PAPSS1,2,0.0015503875968992248,0.0,1,1226,False,1127,1122,False,False,False
PHOSPHO2,2,0.0015503875968992248,0.0,1,1226,False,1127,1122,False,False,False
SERPINB9,2,0.0015503875968992248,0.0,1,1226,False,1127,1122,False,False,False
SLC11A1,2,0.0015503875968992248,0.0,1,1226,False,1127,1122,False,False,False
SLC8A2,2,0.0015503875968992248,0.0,1,1226,False,1127,1122,False,False,False
TEP1,2,0.0015503875968992248,0.0,1,1226,False,1127,1122,False,False,False
ABCC1,1,0.0007751937984496124,0.0,1,1226,False,1173,1122,False,False,False
ABCG4,1,0.0007751937984496124,0.0,1,1226,False,1173,1122,False,False,False
ACP1,1,0.0007751937984496124,0.0,1,1226,False,1173,1122,False,False,False
ACPP,1,0.0007751937984496124,0.0,1,1226,False,1173,1122,False,False,False
ACTBL2,1,0.0007751937984496124,0.0,1,1226,False,1173,1122,False,False,False
ACTR1B,1,0.0007751937984496124,0.0,1,1226,False,1173,1122,False,False,False
ADORA2B,1,0.0007751937984496124,0.0,1,1226,False,1173,1122,False,False,False
AFM,1,0.0007751937984496124,0.0,1,1226,False,1173,1122,False,False,False
AMY1A,1,0.0007751937984496124,0.0,1,1226,False,1173,1122,False,False,False
ATP2C2,1,0.0007751937984496124,0.0,1,1226,False,1173,1122,False,False,False
CAMLG,1,0.0007751937984496124,0.0,1,1226,False,1173,1122,False,False,False
CTRC,1,0.0007751937984496124,0.0,1,1226,False,1173,1122,False,False,False
DBP,1,0.0007751937984496124,0.0,1,1226,False,1173,1122,False,False,False
DIO1,1,0.0007751937984496124,0.0,1,1226,False,1173,1122,False,False,False
DNPEP,1,0.0007751937984496124,0.0,1,1226,False,1173,1122,False,False,False
DUOXA1,1,0.0007751937984496124,0.0,1,1226,False,1173,1122,False,False,False
ELOVL4,1,0.0007751937984496124,0.0,1,1226,False,1173,1122,False,False,False
FKRP,1,0.0007751937984496124,0.0,1,1226,False,1173,1122,False,False,False
GABRR3,1,0.0007751937984496124,0.0,1,1226,False,1173,1122,False,False,False
GLRA1,1,0.0007751937984496124,0.0,2,3,False,1173,1122,False,False,False
GLRA3,1,0.0007751937984496124,0.0,2,3,False,1173,1122,False,False,False
GLYAT,1,0.0007751937984496124,0.0,1,1226,False,1173,1122,False,False,False
GPD1,1,0.0007751937984496124,0.0,1,1226,False,1173,1122,False,False,False
GPR35,1,0.0007751937984496124,0.0,1,1226,False,1173,1122,False,False,False
GSTK1,1,0.0007751937984496124,0.0,1,1226,False,1173,1122,False,False,False
HCAR2,1,0.0007751937984496124,0.0,1,1226,False,1173,1122,False,False,False
HCN2,1,0.0007751937984496124,0.0,1,1226,False,1173,1122,False,False,False
HNF4G,1,0.0007751937984496124,0.0,1,1226,False,1173,1122,False,False,False
HRH1,1,0.0007751937984496124,0.0,1,1226,False,1173,1122,False,False,False
KCNC2,1,0.0007751937984496124,0.0,1,1226,False,1173,1122,False,False,False
KCND1,1,0.0007751937984496124,0.0,1,1226,False,1173,1122,False,False,False
KCNH7,1,0.0007751937984496124,0.0,1,1226,False,1173,1122,False,False,False
KCNJ10,1,0.0007751937984496124,0.0,1,1226,False,1173,1122,False,False,False
KCNJ15,1,0.0007751937984496124,0.0,1,1226,False,1173,1122,False,False,False
KLK5,1,0.0007751937984496124,0.0,1,1226,False,1173,1122,False,False,False
KRT2,1,0.0007751937984496124,0.0,1,1226,False,1173,1122,False,False,False
LACTB,1,0.0007751937984496124,0.0,3,2,False,1173,1122,False,False,False
MAP2K5,1,0.0007751937984496124,0.0,1,1226,False,1173,1122,False,False,False
MARK4,1,0.0007751937984496124,0.0,1,1226,False,1173,1122,False,False,False
MSI1,1,0.0007751937984496124,0.0,1,1226,False,1173,1122,False,False,False
MT1X,1,0.0007751937984496124,0.0,1,1226,False,1173,1122,False,False,False
NISCH,1,0.0007751937984496124,0.0,1,1226,False,1173,1122,False,False,False
NLN,1,0.0007751937984496124,0.0,1,1226,False,1173,1122,False,False,False
NPEPPS,1,0.0007751937984496124,0.0,1,1226,False,1173,1122,False,False,False
NSFL1C,1,0.0007751937984496124,0.0,3,2,False,1173,1122,False,False,False
OAZ1,1,0.0007751937984496124,0.0,1,1226,False,1173,1122,False,False,False
OR51E1,1,0.0007751937984496124,0.0,1,1226,False,1173,1122,False,False,False
PFAS,1,0.0007751937984496124,0.0,1,1226,False,1173,1122,False,False,False
PNRC2,1,0.0007751937984496124,0.0,1,1226,False,1173,1122,False,False,False
PRMT3,1,0.0007751937984496124,0.0,1,1226,False,1173,1122,False,False,False
PTP4A1,1,0.0007751937984496124,0.0,1,1226,False,1173,1122,False,False,False
RTCB,1,0.0007751937984496124,0.0,1,1226,False,1173,1122,False,False,False
S100A7A,1,0.0007751937984496124,0.0,1,1226,False,1173,1122,False,False,False
SLC1A6,1,0.0007751937984496124,0.0,1,1226,False,1173,1122,False,False,False
SLC29A2,1,0.0007751937984496124,0.0,1,1226,False,1173,1122,False,False,False
SLC7A2,1,0.0007751937984496124,0.0,1,1226,False,1173,1122,False,False,False
SRPK2,1,0.0007751937984496124,0.0,1,1226,False,1173,1122,False,False,False
TACR3,1,0.0007751937984496124,0.0,1,1226,False,1173,1122,False,False,False
TGM2,1,0.0007751937984496124,0.0,1,1226,False,1173,1122,False,False,False
WARS2,1,0.0007751937984496124,0.0,4,2,False,1173,1122,False,False,False
YARS2,1,0.0007751937984496124,0.0,4,2,False,1173,1122,False,False,False
ABCC5,0,0.0,0.0,5,1,True,1234,1122,False,False,False
ACTRT2,0,0.0,0.0,6,1,True,1234,1122,False,False,False
ACTRT3,0,0.0,0.0,7,1,True,1234,1122,False,False,False
ADAM28,0,0.0,0.0,8,1,True,1234,1122,False,False,False
ARL1,0,0.0,0.0,9,1,True,1234,1122,False,False,False
CAPS,0,0.0,0.0,10,1,True,1234,1122,False,False,False
CES3,0,0.0,0.0,11,1,True,1234,1122,False,False,False
CHP1,0,0.0,0.0,12,1,True,1234,1122,False,False,False
CHRM4,0,0.0,0.0,13,1,True,1234,1122,False,False,False
CIB2,0,0.0,0.0,14,1,True,1234,1122,False,False,False
CISD1,0,0.0,0.0,15,1,True,1234,1122,False,False,False
CKMT1A,0,0.0,0.0,16,1,True,1234,1122,False,False,False
CPNE1,0,0.0,0.0,17,1,True,1234,1122,False,False,False
CSRP1,0,0.0,0.0,18,1,True,1234,1122,False,False,False
DDO,0,0.0,0.0,19,1,True,1234,1122,False,False,False
ENPP7,0,0.0,0.0,20,1,True,1234,1122,False,False,False
GCAT,0,0.0,0.0,21,1,True,1234,1122,False,False,False
GLRA2,0,0.0,0.0,22,1,True,1234,1122,False,False,False
GM2A,0,0.0,0.0,23,1,True,1234,1122,False,False,False
GPR12,0,0.0,0.0,24,1,True,1234,1122,False,False,False
GPRC5A,0,0.0,0.0,25,1,True,1234,1122,False,False,False
HOXA10,0,0.0,0.0,26,1,True,1234,1122,False,False,False
HTR4,0,0.0,0.0,27,1,True,1234,1122,False,False,False
HVCN1,0,0.0,0.0,28,1,True,1234,1122,False,False,False
IGSF10,0,0.0,0.0,29,1,True,1234,1122,False,False,False
ISYNA1,0,0.0,0.0,30,1,True,1234,1122,False,False,False
ITIH1,0,0.0,0.0,31,1,True,1234,1122,False,False,False
JMJD6,0,0.0,0.0,32,1,True,1234,1122,False,False,False
KCNK1,0,0.0,0.0,33,1,True,1234,1122,False,False,False
KCNK6,0,0.0,0.0,34,1,True,1234,1122,False,False,False
KLF7,0,0.0,0.0,35,1,True,1234,1122,False,False,False
KLK1,0,0.0,0.0,36,1,True,1234,1122,False,False,False
MAP4,0,0.0,0.0,37,1,True,1234,1122,False,False,False
NAGA,0,0.0,0.0,38,1,True,1234,1122,False,False,False
NOMO1,0,0.0,0.0,39,1,True,1234,1122,False,False,False
NQO2,0,0.0,0.0,40,1,True,1234,1122,False,False,False
OARD1,0,0.0,0.0,41,1,True,1234,1122,False,False,False
PAM,0,0.0,0.0,42,1,True,1234,1122,False,False,False
PECR,0,0.0,0.0,43,1,True,1234,1122,False,False,False
PGP,0,0.0,0.0,44,1,True,1234,1122,False,False,False
PIGK,0,0.0,0.0,45,1,True,1234,1122,False,False,False
PON2,0,0.0,0.0,46,1,True,1234,1122,False,False,False
PORCN,0,0.0,0.0,47,1,True,1234,1122,False,False,False
PTGR1,0,0.0,0.0,48,1,True,1234,1122,False,False,False
RAB9A,0,0.0,0.0,49,1,True,1234,1122,False,False,False
RARRES1,0,0.0,0.0,50,1,True,1234,1122,False,False,False
RBP7,0,0.0,0.0,51,1,True,1234,1122,False,False,False
RNASE4,0,0.0,0.0,52,1,True,1234,1122,False,False,False
SEC14L2,0,0.0,0.0,53,1,True,1234,1122,False,False,False
SEC14L3,0,0.0,0.0,54,1,True,1234,1122,False,False,False
SLC25A13,0,0.0,0.0,55,1,True,1234,1122,False,False,False
SLC7A4,0,0.0,0.0,56,1,True,1234,1122,False,False,False
SRPK3,0,0.0,0.0,57,1,True,1234,1122,False,False,False
ST6GAL2,0,0.0,0.0,58,1,True,1234,1122,False,False,False
TAAR1,0,0.0,0.0,59,1,True,1234,1122,False,False,False
TRAPPC3,0,0.0,0.0,60,1,True,1234,1122,False,False,False
TUBD1,0,0.0,0.0,61,1,True,1234,1122,False,False,False
UCKL1,0,0.0,0.0,62,1,True,1234,1122,False,False,False
