"null_label","iteration","sampled_set","D_E","bliss_expected","Syn_Bliss","Syn_add"
"degree_only_LCN2",1,"SELE",1.58407098771463e-06,NA,NA,NA
"degree_only_LCN2",2,"RARA",0.000182812715244118,NA,NA,NA
"degree_only_LCN2",3,"ALDH1A3",0,NA,NA,NA
"degree_only_LCN2",4,"GRIN2C",0,NA,NA,NA
"degree_only_LCN2",5,"KDM1A",0,NA,NA,NA
"degree_only_LCN2",6,"NOD2",2.72727341009693e-05,NA,NA,NA
"degree_only_LCN2",7,"APAF1",0,NA,NA,NA
"degree_only_LCN2",8,"SFN",1.88836433614448e-05,NA,NA,NA
"degree_only_LCN2",9,"SHH",1.43206732026169e-05,NA,NA,NA
"degree_only_LCN2",10,"SCN1B",0.00123489854843939,NA,NA,NA
"degree_only_LCN2",11,"BTK",0.000119272845312435,NA,NA,NA
"degree_only_LCN2",12,"BAX",8.97923976903581e-05,NA,NA,NA
"degree_only_LCN2",13,"CYP1B1",1.26701867375623e-06,NA,NA,NA
"degree_only_LCN2",14,"ADRB2",0.000148693401879507,NA,NA,NA
"degree_only_LCN2",15,"RARA",0.000182812715244118,NA,NA,NA
"degree_only_LCN2",16,"SFN",1.88836433614448e-05,NA,NA,NA
"degree_only_LCN2",17,"TEK",0,NA,NA,NA
"degree_only_LCN2",18,"PLAU",9.12459578450431e-06,NA,NA,NA
"degree_only_LCN2",19,"CS",0.000203624857343709,NA,NA,NA
"degree_only_LCN2",20,"CCL22",0,NA,NA,NA
"degree_only_LCN2",21,"ADCY1",8.87083575196179e-06,NA,NA,NA
"degree_only_LCN2",22,"BTK",0.000119272845312435,NA,NA,NA
"degree_only_LCN2",23,"TEK",0,NA,NA,NA
"degree_only_LCN2",24,"RYR2",4.78345186669671e-05,NA,NA,NA
"degree_only_LCN2",25,"PRKDC",3.48518119952512e-06,NA,NA,NA
"degree_only_LCN2",26,"BAX",8.97923976903581e-05,NA,NA,NA
"degree_only_LCN2",27,"SHH",1.43206732026169e-05,NA,NA,NA
"degree_only_LCN2",28,"AGTR1",7.87895413547623e-05,NA,NA,NA
"degree_only_LCN2",29,"ATG5",1.93264314094499e-05,NA,NA,NA
"degree_only_LCN2",30,"SHH",1.43206732026169e-05,NA,NA,NA
"degree_only_LCN2",31,"ACTG1",2.72461711825489e-06,NA,NA,NA
"degree_only_LCN2",32,"ALDH2",5.15659678518299e-05,NA,NA,NA
"degree_only_LCN2",33,"KDM1A",0,NA,NA,NA
"degree_only_LCN2",34,"CYP1B1",1.26701867375623e-06,NA,NA,NA
"degree_only_LCN2",35,"TEK",0,NA,NA,NA
"degree_only_LCN2",36,"ACTG1",2.72461711825489e-06,NA,NA,NA
"degree_only_LCN2",37,"ACE2",6.17806475236016e-05,NA,NA,NA
"degree_only_LCN2",38,"RARA",0.000182812715244118,NA,NA,NA
"degree_only_LCN2",39,"NCOA2",3.54820525111377e-05,NA,NA,NA
"degree_only_LCN2",40,"PCNA",0.000281828068793732,NA,NA,NA
"degree_only_LCN2",41,"NCOA2",3.54820525111377e-05,NA,NA,NA
"degree_only_LCN2",42,"ALDH3A1",7.8987277396747e-05,NA,NA,NA
"degree_only_LCN2",43,"ATG5",1.93264314094499e-05,NA,NA,NA
"degree_only_LCN2",44,"SFN",1.88836433614448e-05,NA,NA,NA
"degree_only_LCN2",45,"CACNA1B",0,NA,NA,NA
"degree_only_LCN2",46,"LGALS3",1.90104129516033e-06,NA,NA,NA
"degree_only_LCN2",47,"NOD2",2.72727341009693e-05,NA,NA,NA
"degree_only_LCN2",48,"ALDH1A2",0,NA,NA,NA
"degree_only_LCN2",49,"ADH4",0,NA,NA,NA
"degree_only_LCN2",50,"AGTR1",7.87895413547623e-05,NA,NA,NA
"degree_only_LCN2",51,"PRKAG2",0.00023019859617357,NA,NA,NA
"degree_only_LCN2",52,"ACACA",7.98311027262466e-05,NA,NA,NA
"degree_only_LCN2",53,"MT-CYB",0.000203007681716216,NA,NA,NA
"degree_only_LCN2",54,"GRIN2C",0,NA,NA,NA
"degree_only_LCN2",55,"TGFA",3.48528190785569e-06,NA,NA,NA
"degree_only_LCN2",56,"ADCY1",8.87083575196179e-06,NA,NA,NA
"degree_only_LCN2",57,"ADH7",0,NA,NA,NA
"degree_only_LCN2",58,"ALDH3A1",7.8987277396747e-05,NA,NA,NA
"degree_only_LCN2",59,"DRD2",0.000217393825030943,NA,NA,NA
"degree_only_LCN2",60,"CCL22",0,NA,NA,NA
"degree_only_LCN2",61,"KDM1A",0,NA,NA,NA
"degree_only_LCN2",62,"STAT4",0.000324242289791776,NA,NA,NA
"degree_only_LCN2",63,"KEAP1",8.90865911317151e-05,NA,NA,NA
"degree_only_LCN2",64,"PLAU",9.12459578450431e-06,NA,NA,NA
"degree_only_LCN2",65,"SFN",1.88836433614448e-05,NA,NA,NA
"degree_only_LCN2",66,"IRF1",0,NA,NA,NA
"degree_only_LCN2",67,"SLC6A3",0.000164253248760127,NA,NA,NA
"degree_only_LCN2",68,"BGLAP",0.000139973984731978,NA,NA,NA
"degree_only_LCN2",69,"ADH4",0,NA,NA,NA
"degree_only_LCN2",70,"ADH4",0,NA,NA,NA
"degree_only_LCN2",71,"EPOR",4.26416671160945e-05,NA,NA,NA
"degree_only_LCN2",72,"SFN",1.88836433614448e-05,NA,NA,NA
"degree_only_LCN2",73,"SFN",1.88836433614448e-05,NA,NA,NA
"degree_only_LCN2",74,"ALDH1A2",0,NA,NA,NA
"degree_only_LCN2",75,"ALDH1A2",0,NA,NA,NA
"degree_only_LCN2",76,"PRKDC",3.48518119952512e-06,NA,NA,NA
"degree_only_LCN2",77,"PLAU",9.12459578450431e-06,NA,NA,NA
"degree_only_LCN2",78,"PCNA",0.000281828068793732,NA,NA,NA
"degree_only_LCN2",79,"AKR1C1",5.66614851992275e-05,NA,NA,NA
"degree_only_LCN2",80,"ALDH1A3",0,NA,NA,NA
"degree_only_LCN2",81,"RYR2",4.78345186669671e-05,NA,NA,NA
"degree_only_LCN2",82,"ADCY2",0,NA,NA,NA
"degree_only_LCN2",83,"ADRB2",0.000148693401879507,NA,NA,NA
"degree_only_LCN2",84,"KDM1A",0,NA,NA,NA
"degree_only_LCN2",85,"GRIN2C",0,NA,NA,NA
"degree_only_LCN2",86,"KDM1A",0,NA,NA,NA
"degree_only_LCN2",87,"ALDH2",5.15659678518299e-05,NA,NA,NA
"degree_only_LCN2",88,"PLAU",9.12459578450431e-06,NA,NA,NA
"degree_only_LCN2",89,"AKR1C1",5.66614851992275e-05,NA,NA,NA
"degree_only_LCN2",90,"ADH7",0,NA,NA,NA
"degree_only_LCN2",91,"NCOA2",3.54820525111377e-05,NA,NA,NA
"degree_only_LCN2",92,"EPOR",4.26416671160945e-05,NA,NA,NA
"degree_only_LCN2",93,"CCR6",0,NA,NA,NA
"degree_only_LCN2",94,"PRKAG2",0.00023019859617357,NA,NA,NA
"degree_only_LCN2",95,"KEAP1",8.90865911317151e-05,NA,NA,NA
"degree_only_LCN2",96,"RARA",0.000182812715244118,NA,NA,NA
"degree_only_LCN2",97,"TEK",0,NA,NA,NA
"degree_only_LCN2",98,"BGLAP",0.000139973984731978,NA,NA,NA
"degree_only_LCN2",99,"IRF1",0,NA,NA,NA
"degree_only_LCN2",100,"ALDH2",5.15659678518299e-05,NA,NA,NA
"degree_only_LCN2",101,"MT-CYB",0.000203007681716216,NA,NA,NA
"degree_only_LCN2",102,"ATG5",1.93264314094499e-05,NA,NA,NA
"degree_only_LCN2",103,"ALDH3A1",7.8987277396747e-05,NA,NA,NA
"degree_only_LCN2",104,"ADRB2",0.000148693401879507,NA,NA,NA
"degree_only_LCN2",105,"ADH4",0,NA,NA,NA
"degree_only_LCN2",106,"ACE2",6.17806475236016e-05,NA,NA,NA
"degree_only_LCN2",107,"SELE",1.58407098771463e-06,NA,NA,NA
"degree_only_LCN2",108,"GRIN2C",0,NA,NA,NA
"degree_only_LCN2",109,"NOD2",2.72727341009693e-05,NA,NA,NA
"degree_only_LCN2",110,"ACACA",7.98311027262466e-05,NA,NA,NA
"degree_only_LCN2",111,"PCNA",0.000281828068793732,NA,NA,NA
"degree_only_LCN2",112,"AGTR1",7.87895413547623e-05,NA,NA,NA
"degree_only_LCN2",113,"CACNA1B",0,NA,NA,NA
"degree_only_LCN2",114,"ACTG1",2.72461711825489e-06,NA,NA,NA
"degree_only_LCN2",115,"KDM1A",0,NA,NA,NA
"degree_only_LCN2",116,"TGFA",3.48528190785569e-06,NA,NA,NA
"degree_only_LCN2",117,"NOD2",2.72727341009693e-05,NA,NA,NA
"degree_only_LCN2",118,"ADCY2",0,NA,NA,NA
"degree_only_LCN2",119,"APAF1",0,NA,NA,NA
"degree_only_LCN2",120,"STAT4",0.000324242289791776,NA,NA,NA
"degree_only_LCN2",121,"BGLAP",0.000139973984731978,NA,NA,NA
"degree_only_LCN2",122,"CCL22",0,NA,NA,NA
"degree_only_LCN2",123,"ACE2",6.17806475236016e-05,NA,NA,NA
"degree_only_LCN2",124,"BAX",8.97923976903581e-05,NA,NA,NA
"degree_only_LCN2",125,"ACE2",6.17806475236016e-05,NA,NA,NA
"degree_only_LCN2",126,"ADRB2",0.000148693401879507,NA,NA,NA
"degree_only_LCN2",127,"SDHA",0.000611111269984921,NA,NA,NA
"degree_only_LCN2",128,"AGTR1",7.87895413547623e-05,NA,NA,NA
"degree_only_LCN2",129,"CACNA1B",0,NA,NA,NA
"degree_only_LCN2",130,"ATG5",1.93264314094499e-05,NA,NA,NA
"degree_only_LCN2",131,"EPOR",4.26416671160945e-05,NA,NA,NA
"degree_only_LCN2",132,"PRKDC",3.48518119952512e-06,NA,NA,NA
"degree_only_LCN2",133,"SELE",1.58407098771463e-06,NA,NA,NA
"degree_only_LCN2",134,"ACTG1",2.72461711825489e-06,NA,NA,NA
"degree_only_LCN2",135,"SDHA",0.000611111269984921,NA,NA,NA
"degree_only_LCN2",136,"KEAP1",8.90865911317151e-05,NA,NA,NA
"degree_only_LCN2",137,"SELE",1.58407098771463e-06,NA,NA,NA
"degree_only_LCN2",138,"ADRB2",0.000148693401879507,NA,NA,NA
"degree_only_LCN2",139,"ITGA5",0.00127400659039045,NA,NA,NA
"degree_only_LCN2",140,"SDHA",0.000611111269984921,NA,NA,NA
"degree_only_LCN2",141,"BGLAP",0.000139973984731978,NA,NA,NA
"degree_only_LCN2",142,"KDM1A",0,NA,NA,NA
"degree_only_LCN2",143,"TEK",0,NA,NA,NA
"degree_only_LCN2",144,"ALDH3A1",7.8987277396747e-05,NA,NA,NA
"degree_only_LCN2",145,"ADH4",0,NA,NA,NA
"degree_only_LCN2",146,"ADH7",0,NA,NA,NA
"degree_only_LCN2",147,"ADCY2",0,NA,NA,NA
"degree_only_LCN2",148,"ADH4",0,NA,NA,NA
"degree_only_LCN2",149,"IRF1",0,NA,NA,NA
"degree_only_LCN2",150,"TGFA",3.48528190785569e-06,NA,NA,NA
"degree_only_LCN2",151,"APAF1",0,NA,NA,NA
"degree_only_LCN2",152,"ITGA5",0.00127400659039045,NA,NA,NA
"degree_only_LCN2",153,"SDHA",0.000611111269984921,NA,NA,NA
"degree_only_LCN2",154,"ALDH1A3",0,NA,NA,NA
"degree_only_LCN2",155,"APAF1",0,NA,NA,NA
"degree_only_LCN2",156,"TGFA",3.48528190785569e-06,NA,NA,NA
"degree_only_LCN2",157,"CCR6",0,NA,NA,NA
"degree_only_LCN2",158,"ADRB2",0.000148693401879507,NA,NA,NA
"degree_only_LCN2",159,"ATG5",1.93264314094499e-05,NA,NA,NA
"degree_only_LCN2",160,"CCR6",0,NA,NA,NA
"degree_only_LCN2",161,"ACE2",6.17806475236016e-05,NA,NA,NA
"degree_only_LCN2",162,"PRKDC",3.48518119952512e-06,NA,NA,NA
"degree_only_LCN2",163,"KDM1A",0,NA,NA,NA
"degree_only_LCN2",164,"BTK",0.000119272845312435,NA,NA,NA
"degree_only_LCN2",165,"SHH",1.43206732026169e-05,NA,NA,NA
"degree_only_LCN2",166,"APAF1",0,NA,NA,NA
"degree_only_LCN2",167,"SCN1B",0.00123489854843939,NA,NA,NA
"degree_only_LCN2",168,"ACE2",6.17806475236016e-05,NA,NA,NA
"degree_only_LCN2",169,"ADCY2",0,NA,NA,NA
"degree_only_LCN2",170,"PRKDC",3.48518119952512e-06,NA,NA,NA
"degree_only_LCN2",171,"IRF1",0,NA,NA,NA
"degree_only_LCN2",172,"ADH7",0,NA,NA,NA
"degree_only_LCN2",173,"KDM1A",0,NA,NA,NA
"degree_only_LCN2",174,"BGLAP",0.000139973984731978,NA,NA,NA
"degree_only_LCN2",175,"PCNA",0.000281828068793732,NA,NA,NA
"degree_only_LCN2",176,"ATG5",1.93264314094499e-05,NA,NA,NA
"degree_only_LCN2",177,"KDM1A",0,NA,NA,NA
"degree_only_LCN2",178,"CCR6",0,NA,NA,NA
"degree_only_LCN2",179,"RARA",0.000182812715244118,NA,NA,NA
"degree_only_LCN2",180,"DRD2",0.000217393825030943,NA,NA,NA
"degree_only_LCN2",181,"GRIN2C",0,NA,NA,NA
"degree_only_LCN2",182,"BAX",8.97923976903581e-05,NA,NA,NA
"degree_only_LCN2",183,"PRKAG2",0.00023019859617357,NA,NA,NA
"degree_only_LCN2",184,"BTK",0.000119272845312435,NA,NA,NA
"degree_only_LCN2",185,"PRKDC",3.48518119952512e-06,NA,NA,NA
"degree_only_LCN2",186,"BAX",8.97923976903581e-05,NA,NA,NA
"degree_only_LCN2",187,"NOD2",2.72727341009693e-05,NA,NA,NA
"degree_only_LCN2",188,"ACE2",6.17806475236016e-05,NA,NA,NA
"degree_only_LCN2",189,"PLAU",9.12459578450431e-06,NA,NA,NA
"degree_only_LCN2",190,"SLC6A3",0.000164253248760127,NA,NA,NA
"degree_only_LCN2",191,"ITGA5",0.00127400659039045,NA,NA,NA
"degree_only_LCN2",192,"PLAU",9.12459578450431e-06,NA,NA,NA
"degree_only_LCN2",193,"CYP1B1",1.26701867375623e-06,NA,NA,NA
"degree_only_LCN2",194,"CCR6",0,NA,NA,NA
"degree_only_LCN2",195,"APAF1",0,NA,NA,NA
"degree_only_LCN2",196,"PCNA",0.000281828068793732,NA,NA,NA
"degree_only_LCN2",197,"NOD2",2.72727341009693e-05,NA,NA,NA
"degree_only_LCN2",198,"RYR2",4.78345186669671e-05,NA,NA,NA
"degree_only_LCN2",199,"TEK",0,NA,NA,NA
"degree_only_LCN2",200,"APAF1",0,NA,NA,NA
"degree_only_LCN2",201,"ATG5",1.93264314094499e-05,NA,NA,NA
"degree_only_LCN2",202,"PRKDC",3.48518119952512e-06,NA,NA,NA
"degree_only_LCN2",203,"ATG5",1.93264314094499e-05,NA,NA,NA
"degree_only_LCN2",204,"BTK",0.000119272845312435,NA,NA,NA
"degree_only_LCN2",205,"PRKAG2",0.00023019859617357,NA,NA,NA
"degree_only_LCN2",206,"SHH",1.43206732026169e-05,NA,NA,NA
"degree_only_LCN2",207,"BTK",0.000119272845312435,NA,NA,NA
"degree_only_LCN2",208,"NCOA2",3.54820525111377e-05,NA,NA,NA
"degree_only_LCN2",209,"GRIN2C",0,NA,NA,NA
"degree_only_LCN2",210,"PRKDC",3.48518119952512e-06,NA,NA,NA
"degree_only_LCN2",211,"ATG5",1.93264314094499e-05,NA,NA,NA
"degree_only_LCN2",212,"NOD2",2.72727341009693e-05,NA,NA,NA
"degree_only_LCN2",213,"ALDH3A1",7.8987277396747e-05,NA,NA,NA
"degree_only_LCN2",214,"ACE2",6.17806475236016e-05,NA,NA,NA
"degree_only_LCN2",215,"BAX",8.97923976903581e-05,NA,NA,NA
"degree_only_LCN2",216,"ALDH3A1",7.8987277396747e-05,NA,NA,NA
"degree_only_LCN2",217,"LGALS3",1.90104129516033e-06,NA,NA,NA
"degree_only_LCN2",218,"STAT4",0.000324242289791776,NA,NA,NA
"degree_only_LCN2",219,"TEK",0,NA,NA,NA
"degree_only_LCN2",220,"ALDH2",5.15659678518299e-05,NA,NA,NA
"degree_only_LCN2",221,"CACNA1B",0,NA,NA,NA
"degree_only_LCN2",222,"PLAU",9.12459578450431e-06,NA,NA,NA
"degree_only_LCN2",223,"KDM1A",0,NA,NA,NA
"degree_only_LCN2",224,"ADCY2",0,NA,NA,NA
"degree_only_LCN2",225,"ACTG1",2.72461711825489e-06,NA,NA,NA
"degree_only_LCN2",226,"TEK",0,NA,NA,NA
"degree_only_LCN2",227,"EPOR",4.26416671160945e-05,NA,NA,NA
"degree_only_LCN2",228,"ACE2",6.17806475236016e-05,NA,NA,NA
"degree_only_LCN2",229,"CYP1B1",1.26701867375623e-06,NA,NA,NA
"degree_only_LCN2",230,"KEAP1",8.90865911317151e-05,NA,NA,NA
"degree_only_LCN2",231,"SFN",1.88836433614448e-05,NA,NA,NA
"degree_only_LCN2",232,"AGTR1",7.87895413547623e-05,NA,NA,NA
"degree_only_LCN2",233,"ADH7",0,NA,NA,NA
"degree_only_LCN2",234,"MT-CYB",0.000203007681716216,NA,NA,NA
"degree_only_LCN2",235,"KDM1A",0,NA,NA,NA
"degree_only_LCN2",236,"ACACA",7.98311027262466e-05,NA,NA,NA
"degree_only_LCN2",237,"MT-CYB",0.000203007681716216,NA,NA,NA
"degree_only_LCN2",238,"BTK",0.000119272845312435,NA,NA,NA
"degree_only_LCN2",239,"ADRB2",0.000148693401879507,NA,NA,NA
"degree_only_LCN2",240,"SFN",1.88836433614448e-05,NA,NA,NA
"degree_only_LCN2",241,"EPOR",4.26416671160945e-05,NA,NA,NA
"degree_only_LCN2",242,"BTK",0.000119272845312435,NA,NA,NA
"degree_only_LCN2",243,"NCOA2",3.54820525111377e-05,NA,NA,NA
"degree_only_LCN2",244,"ALDH1A2",0,NA,NA,NA
"degree_only_LCN2",245,"KDM1A",0,NA,NA,NA
"degree_only_LCN2",246,"IRF1",0,NA,NA,NA
"degree_only_LCN2",247,"ACACA",7.98311027262466e-05,NA,NA,NA
"degree_only_LCN2",248,"SCN1B",0.00123489854843939,NA,NA,NA
"degree_only_LCN2",249,"ADH7",0,NA,NA,NA
"degree_only_LCN2",250,"KEAP1",8.90865911317151e-05,NA,NA,NA
"degree_only_LCN2",251,"ALDH2",5.15659678518299e-05,NA,NA,NA
"degree_only_LCN2",252,"IRF1",0,NA,NA,NA
"degree_only_LCN2",253,"ATG5",1.93264314094499e-05,NA,NA,NA
"degree_only_LCN2",254,"APAF1",0,NA,NA,NA
"degree_only_LCN2",255,"PLAU",9.12459578450431e-06,NA,NA,NA
"degree_only_LCN2",256,"CCR6",0,NA,NA,NA
"degree_only_LCN2",257,"ADRB2",0.000148693401879507,NA,NA,NA
"degree_only_LCN2",258,"ACE2",6.17806475236016e-05,NA,NA,NA
"degree_only_LCN2",259,"NOD2",2.72727341009693e-05,NA,NA,NA
"degree_only_LCN2",260,"ALDH1A2",0,NA,NA,NA
"degree_only_LCN2",261,"ACACA",7.98311027262466e-05,NA,NA,NA
"degree_only_LCN2",262,"PLAU",9.12459578450431e-06,NA,NA,NA
"degree_only_LCN2",263,"SELE",1.58407098771463e-06,NA,NA,NA
"degree_only_LCN2",264,"PRKDC",3.48518119952512e-06,NA,NA,NA
"degree_only_LCN2",265,"GRIN2C",0,NA,NA,NA
"degree_only_LCN2",266,"GRIN2C",0,NA,NA,NA
"degree_only_LCN2",267,"SHH",1.43206732026169e-05,NA,NA,NA
"degree_only_LCN2",268,"AKR1C1",5.66614851992275e-05,NA,NA,NA
"degree_only_LCN2",269,"SELE",1.58407098771463e-06,NA,NA,NA
"degree_only_LCN2",270,"ACACA",7.98311027262466e-05,NA,NA,NA
"degree_only_LCN2",271,"AGTR1",7.87895413547623e-05,NA,NA,NA
"degree_only_LCN2",272,"AKR1C1",5.66614851992275e-05,NA,NA,NA
"degree_only_LCN2",273,"ADCY1",8.87083575196179e-06,NA,NA,NA
"degree_only_LCN2",274,"TGFA",3.48528190785569e-06,NA,NA,NA
"degree_only_LCN2",275,"ATG5",1.93264314094499e-05,NA,NA,NA
"degree_only_LCN2",276,"ADH4",0,NA,NA,NA
"degree_only_LCN2",277,"ACE2",6.17806475236016e-05,NA,NA,NA
"degree_only_LCN2",278,"CS",0.000203624857343709,NA,NA,NA
"degree_only_LCN2",279,"MT-CYB",0.000203007681716216,NA,NA,NA
"degree_only_LCN2",280,"ADH7",0,NA,NA,NA
"degree_only_LCN2",281,"ADH4",0,NA,NA,NA
"degree_only_LCN2",282,"ITGA5",0.00127400659039045,NA,NA,NA
"degree_only_LCN2",283,"TEK",0,NA,NA,NA
"degree_only_LCN2",284,"ALDH1A2",0,NA,NA,NA
"degree_only_LCN2",285,"ACE2",6.17806475236016e-05,NA,NA,NA
"degree_only_LCN2",286,"CCL22",0,NA,NA,NA
"degree_only_LCN2",287,"EPOR",4.26416671160945e-05,NA,NA,NA
"degree_only_LCN2",288,"PRKAG2",0.00023019859617357,NA,NA,NA
"degree_only_LCN2",289,"DRD2",0.000217393825030943,NA,NA,NA
"degree_only_LCN2",290,"STAT4",0.000324242289791776,NA,NA,NA
"degree_only_LCN2",291,"CYP1B1",1.26701867375623e-06,NA,NA,NA
"degree_only_LCN2",292,"SHH",1.43206732026169e-05,NA,NA,NA
"degree_only_LCN2",293,"ADCY2",0,NA,NA,NA
"degree_only_LCN2",294,"DRD2",0.000217393825030943,NA,NA,NA
"degree_only_LCN2",295,"SFN",1.88836433614448e-05,NA,NA,NA
"degree_only_LCN2",296,"ADH4",0,NA,NA,NA
"degree_only_LCN2",297,"BGLAP",0.000139973984731978,NA,NA,NA
"degree_only_LCN2",298,"BAX",8.97923976903581e-05,NA,NA,NA
"degree_only_LCN2",299,"ACE2",6.17806475236016e-05,NA,NA,NA
"degree_only_LCN2",300,"NCOA2",3.54820525111377e-05,NA,NA,NA
"degree_only_LCN2",301,"SCN1B",0.00123489854843939,NA,NA,NA
"degree_only_LCN2",302,"MT-CYB",0.000203007681716216,NA,NA,NA
"degree_only_LCN2",303,"NCOA2",3.54820525111377e-05,NA,NA,NA
"degree_only_LCN2",304,"ALDH1A2",0,NA,NA,NA
"degree_only_LCN2",305,"ACE2",6.17806475236016e-05,NA,NA,NA
"degree_only_LCN2",306,"ALDH1A2",0,NA,NA,NA
"degree_only_LCN2",307,"MT-CYB",0.000203007681716216,NA,NA,NA
"degree_only_LCN2",308,"ADH4",0,NA,NA,NA
"degree_only_LCN2",309,"SDHA",0.000611111269984921,NA,NA,NA
"degree_only_LCN2",310,"CYP1B1",1.26701867375623e-06,NA,NA,NA
"degree_only_LCN2",311,"PLAU",9.12459578450431e-06,NA,NA,NA
"degree_only_LCN2",312,"ALDH1A3",0,NA,NA,NA
"degree_only_LCN2",313,"CCR6",0,NA,NA,NA
"degree_only_LCN2",314,"IRF1",0,NA,NA,NA
"degree_only_LCN2",315,"CS",0.000203624857343709,NA,NA,NA
"degree_only_LCN2",316,"ADH7",0,NA,NA,NA
"degree_only_LCN2",317,"ADH4",0,NA,NA,NA
"degree_only_LCN2",318,"ITGA5",0.00127400659039045,NA,NA,NA
"degree_only_LCN2",319,"APAF1",0,NA,NA,NA
"degree_only_LCN2",320,"STAT4",0.000324242289791776,NA,NA,NA
"degree_only_LCN2",321,"ALDH1A3",0,NA,NA,NA
"degree_only_LCN2",322,"ALDH1A2",0,NA,NA,NA
"degree_only_LCN2",323,"RARA",0.000182812715244118,NA,NA,NA
"degree_only_LCN2",324,"SDHA",0.000611111269984921,NA,NA,NA
"degree_only_LCN2",325,"CS",0.000203624857343709,NA,NA,NA
"degree_only_LCN2",326,"AKR1C1",5.66614851992275e-05,NA,NA,NA
"degree_only_LCN2",327,"ACTG1",2.72461711825489e-06,NA,NA,NA
"degree_only_LCN2",328,"SLC6A3",0.000164253248760127,NA,NA,NA
"degree_only_LCN2",329,"AKR1C1",5.66614851992275e-05,NA,NA,NA
"degree_only_LCN2",330,"ACACA",7.98311027262466e-05,NA,NA,NA
"degree_only_LCN2",331,"ALDH3A1",7.8987277396747e-05,NA,NA,NA
"degree_only_LCN2",332,"CYP1B1",1.26701867375623e-06,NA,NA,NA
"degree_only_LCN2",333,"PLAU",9.12459578450431e-06,NA,NA,NA
"degree_only_LCN2",334,"SHH",1.43206732026169e-05,NA,NA,NA
"degree_only_LCN2",335,"AKR1C1",5.66614851992275e-05,NA,NA,NA
"degree_only_LCN2",336,"CS",0.000203624857343709,NA,NA,NA
"degree_only_LCN2",337,"TGFA",3.48528190785569e-06,NA,NA,NA
"degree_only_LCN2",338,"KEAP1",8.90865911317151e-05,NA,NA,NA
"degree_only_LCN2",339,"SCN1B",0.00123489854843939,NA,NA,NA
"degree_only_LCN2",340,"SELE",1.58407098771463e-06,NA,NA,NA
"degree_only_LCN2",341,"LGALS3",1.90104129516033e-06,NA,NA,NA
"degree_only_LCN2",342,"ALDH1A2",0,NA,NA,NA
"degree_only_LCN2",343,"BGLAP",0.000139973984731978,NA,NA,NA
"degree_only_LCN2",344,"ADH7",0,NA,NA,NA
"degree_only_LCN2",345,"TEK",0,NA,NA,NA
"degree_only_LCN2",346,"BTK",0.000119272845312435,NA,NA,NA
"degree_only_LCN2",347,"ALDH3A1",7.8987277396747e-05,NA,NA,NA
"degree_only_LCN2",348,"APAF1",0,NA,NA,NA
"degree_only_LCN2",349,"ADCY2",0,NA,NA,NA
"degree_only_LCN2",350,"BAX",8.97923976903581e-05,NA,NA,NA
"degree_only_LCN2",351,"KDM1A",0,NA,NA,NA
"degree_only_LCN2",352,"KDM1A",0,NA,NA,NA
"degree_only_LCN2",353,"CS",0.000203624857343709,NA,NA,NA
"degree_only_LCN2",354,"TGFA",3.48528190785569e-06,NA,NA,NA
"degree_only_LCN2",355,"TGFA",3.48528190785569e-06,NA,NA,NA
"degree_only_LCN2",356,"PRKAG2",0.00023019859617357,NA,NA,NA
"degree_only_LCN2",357,"ADCY1",8.87083575196179e-06,NA,NA,NA
"degree_only_LCN2",358,"AKR1C1",5.66614851992275e-05,NA,NA,NA
"degree_only_LCN2",359,"ACTG1",2.72461711825489e-06,NA,NA,NA
"degree_only_LCN2",360,"AKR1C1",5.66614851992275e-05,NA,NA,NA
"degree_only_LCN2",361,"CCR6",0,NA,NA,NA
"degree_only_LCN2",362,"CS",0.000203624857343709,NA,NA,NA
"degree_only_LCN2",363,"ACTG1",2.72461711825489e-06,NA,NA,NA
"degree_only_LCN2",364,"ALDH1A3",0,NA,NA,NA
"degree_only_LCN2",365,"ACACA",7.98311027262466e-05,NA,NA,NA
"degree_only_LCN2",366,"KDM1A",0,NA,NA,NA
"degree_only_LCN2",367,"ALDH3A1",7.8987277396747e-05,NA,NA,NA
"degree_only_LCN2",368,"CACNA1B",0,NA,NA,NA
"degree_only_LCN2",369,"ADCY2",0,NA,NA,NA
"degree_only_LCN2",370,"BTK",0.000119272845312435,NA,NA,NA
"degree_only_LCN2",371,"SLC6A3",0.000164253248760127,NA,NA,NA
"degree_only_LCN2",372,"EPOR",4.26416671160945e-05,NA,NA,NA
"degree_only_LCN2",373,"SELE",1.58407098771463e-06,NA,NA,NA
"degree_only_LCN2",374,"LGALS3",1.90104129516033e-06,NA,NA,NA
"degree_only_LCN2",375,"PCNA",0.000281828068793732,NA,NA,NA
"degree_only_LCN2",376,"ALDH1A3",0,NA,NA,NA
"degree_only_LCN2",377,"SFN",1.88836433614448e-05,NA,NA,NA
"degree_only_LCN2",378,"AGTR1",7.87895413547623e-05,NA,NA,NA
"degree_only_LCN2",379,"SFN",1.88836433614448e-05,NA,NA,NA
"degree_only_LCN2",380,"PRKAG2",0.00023019859617357,NA,NA,NA
"degree_only_LCN2",381,"BTK",0.000119272845312435,NA,NA,NA
"degree_only_LCN2",382,"CYP1B1",1.26701867375623e-06,NA,NA,NA
"degree_only_LCN2",383,"TGFA",3.48528190785569e-06,NA,NA,NA
"degree_only_LCN2",384,"PLAU",9.12459578450431e-06,NA,NA,NA
"degree_only_LCN2",385,"AGTR1",7.87895413547623e-05,NA,NA,NA
"degree_only_LCN2",386,"AKR1C1",5.66614851992275e-05,NA,NA,NA
"degree_only_LCN2",387,"CCR6",0,NA,NA,NA
"degree_only_LCN2",388,"ALDH2",5.15659678518299e-05,NA,NA,NA
"degree_only_LCN2",389,"ACACA",7.98311027262466e-05,NA,NA,NA
"degree_only_LCN2",390,"APAF1",0,NA,NA,NA
"degree_only_LCN2",391,"ACE2",6.17806475236016e-05,NA,NA,NA
"degree_only_LCN2",392,"ADH4",0,NA,NA,NA
"degree_only_LCN2",393,"PCNA",0.000281828068793732,NA,NA,NA
"degree_only_LCN2",394,"ADCY1",8.87083575196179e-06,NA,NA,NA
"degree_only_LCN2",395,"LGALS3",1.90104129516033e-06,NA,NA,NA
"degree_only_LCN2",396,"AGTR1",7.87895413547623e-05,NA,NA,NA
"degree_only_LCN2",397,"ADCY2",0,NA,NA,NA
"degree_only_LCN2",398,"CYP1B1",1.26701867375623e-06,NA,NA,NA
"degree_only_LCN2",399,"AGTR1",7.87895413547623e-05,NA,NA,NA
"degree_only_LCN2",400,"DRD2",0.000217393825030943,NA,NA,NA
"degree_only_LCN2",401,"ATG5",1.93264314094499e-05,NA,NA,NA
"degree_only_LCN2",402,"BGLAP",0.000139973984731978,NA,NA,NA
"degree_only_LCN2",403,"LGALS3",1.90104129516033e-06,NA,NA,NA
"degree_only_LCN2",404,"CS",0.000203624857343709,NA,NA,NA
"degree_only_LCN2",405,"KDM1A",0,NA,NA,NA
"degree_only_LCN2",406,"ADH4",0,NA,NA,NA
"degree_only_LCN2",407,"DRD2",0.000217393825030943,NA,NA,NA
"degree_only_LCN2",408,"BAX",8.97923976903581e-05,NA,NA,NA
"degree_only_LCN2",409,"ALDH1A3",0,NA,NA,NA
"degree_only_LCN2",410,"SCN1B",0.00123489854843939,NA,NA,NA
"degree_only_LCN2",411,"SDHA",0.000611111269984921,NA,NA,NA
"degree_only_LCN2",412,"ALDH1A3",0,NA,NA,NA
"degree_only_LCN2",413,"RARA",0.000182812715244118,NA,NA,NA
"degree_only_LCN2",414,"CACNA1B",0,NA,NA,NA
"degree_only_LCN2",415,"KEAP1",8.90865911317151e-05,NA,NA,NA
"degree_only_LCN2",416,"CACNA1B",0,NA,NA,NA
"degree_only_LCN2",417,"ADCY1",8.87083575196179e-06,NA,NA,NA
"degree_only_LCN2",418,"BGLAP",0.000139973984731978,NA,NA,NA
"degree_only_LCN2",419,"ADCY2",0,NA,NA,NA
"degree_only_LCN2",420,"ALDH1A3",0,NA,NA,NA
"degree_only_LCN2",421,"BTK",0.000119272845312435,NA,NA,NA
"degree_only_LCN2",422,"MT-CYB",0.000203007681716216,NA,NA,NA
"degree_only_LCN2",423,"LGALS3",1.90104129516033e-06,NA,NA,NA
"degree_only_LCN2",424,"SELE",1.58407098771463e-06,NA,NA,NA
"degree_only_LCN2",425,"KEAP1",8.90865911317151e-05,NA,NA,NA
"degree_only_LCN2",426,"PRKAG2",0.00023019859617357,NA,NA,NA
"degree_only_LCN2",427,"ACTG1",2.72461711825489e-06,NA,NA,NA
"degree_only_LCN2",428,"AKR1C1",5.66614851992275e-05,NA,NA,NA
"degree_only_LCN2",429,"CCR6",0,NA,NA,NA
"degree_only_LCN2",430,"SCN1B",0.00123489854843939,NA,NA,NA
"degree_only_LCN2",431,"BTK",0.000119272845312435,NA,NA,NA
"degree_only_LCN2",432,"ADCY1",8.87083575196179e-06,NA,NA,NA
"degree_only_LCN2",433,"ACACA",7.98311027262466e-05,NA,NA,NA
"degree_only_LCN2",434,"SLC6A3",0.000164253248760127,NA,NA,NA
"degree_only_LCN2",435,"SFN",1.88836433614448e-05,NA,NA,NA
"degree_only_LCN2",436,"KEAP1",8.90865911317151e-05,NA,NA,NA
"degree_only_LCN2",437,"NOD2",2.72727341009693e-05,NA,NA,NA
"degree_only_LCN2",438,"PRKDC",3.48518119952512e-06,NA,NA,NA
"degree_only_LCN2",439,"CS",0.000203624857343709,NA,NA,NA
"degree_only_LCN2",440,"AGTR1",7.87895413547623e-05,NA,NA,NA
"degree_only_LCN2",441,"APAF1",0,NA,NA,NA
"degree_only_LCN2",442,"ACE2",6.17806475236016e-05,NA,NA,NA
"degree_only_LCN2",443,"BGLAP",0.000139973984731978,NA,NA,NA
"degree_only_LCN2",444,"SDHA",0.000611111269984921,NA,NA,NA
"degree_only_LCN2",445,"CCL22",0,NA,NA,NA
"degree_only_LCN2",446,"ALDH2",5.15659678518299e-05,NA,NA,NA
"degree_only_LCN2",447,"RYR2",4.78345186669671e-05,NA,NA,NA
"degree_only_LCN2",448,"PRKAG2",0.00023019859617357,NA,NA,NA
"degree_only_LCN2",449,"SLC6A3",0.000164253248760127,NA,NA,NA
"degree_only_LCN2",450,"AKR1C1",5.66614851992275e-05,NA,NA,NA
"degree_only_LCN2",451,"RARA",0.000182812715244118,NA,NA,NA
"degree_only_LCN2",452,"TEK",0,NA,NA,NA
"degree_only_LCN2",453,"BAX",8.97923976903581e-05,NA,NA,NA
"degree_only_LCN2",454,"BGLAP",0.000139973984731978,NA,NA,NA
"degree_only_LCN2",455,"RARA",0.000182812715244118,NA,NA,NA
"degree_only_LCN2",456,"PRKAG2",0.00023019859617357,NA,NA,NA
"degree_only_LCN2",457,"SELE",1.58407098771463e-06,NA,NA,NA
"degree_only_LCN2",458,"AKR1C1",5.66614851992275e-05,NA,NA,NA
"degree_only_LCN2",459,"KDM1A",0,NA,NA,NA
"degree_only_LCN2",460,"KDM1A",0,NA,NA,NA
"degree_only_LCN2",461,"NOD2",2.72727341009693e-05,NA,NA,NA
"degree_only_LCN2",462,"ACE2",6.17806475236016e-05,NA,NA,NA
"degree_only_LCN2",463,"PCNA",0.000281828068793732,NA,NA,NA
"degree_only_LCN2",464,"KDM1A",0,NA,NA,NA
"degree_only_LCN2",465,"ALDH1A2",0,NA,NA,NA
"degree_only_LCN2",466,"ATG5",1.93264314094499e-05,NA,NA,NA
"degree_only_LCN2",467,"SLC6A3",0.000164253248760127,NA,NA,NA
"degree_only_LCN2",468,"STAT4",0.000324242289791776,NA,NA,NA
"degree_only_LCN2",469,"RYR2",4.78345186669671e-05,NA,NA,NA
"degree_only_LCN2",470,"ADH4",0,NA,NA,NA
"degree_only_LCN2",471,"RYR2",4.78345186669671e-05,NA,NA,NA
"degree_only_LCN2",472,"KEAP1",8.90865911317151e-05,NA,NA,NA
"degree_only_LCN2",473,"SLC6A3",0.000164253248760127,NA,NA,NA
"degree_only_LCN2",474,"SFN",1.88836433614448e-05,NA,NA,NA
"degree_only_LCN2",475,"SCN1B",0.00123489854843939,NA,NA,NA
"degree_only_LCN2",476,"LGALS3",1.90104129516033e-06,NA,NA,NA
"degree_only_LCN2",477,"RARA",0.000182812715244118,NA,NA,NA
"degree_only_LCN2",478,"CCL22",0,NA,NA,NA
"degree_only_LCN2",479,"ACE2",6.17806475236016e-05,NA,NA,NA
"degree_only_LCN2",480,"SLC6A3",0.000164253248760127,NA,NA,NA
"degree_only_LCN2",481,"RYR2",4.78345186669671e-05,NA,NA,NA
"degree_only_LCN2",482,"ACTG1",2.72461711825489e-06,NA,NA,NA
"degree_only_LCN2",483,"LGALS3",1.90104129516033e-06,NA,NA,NA
"degree_only_LCN2",484,"GRIN2C",0,NA,NA,NA
"degree_only_LCN2",485,"ALDH3A1",7.8987277396747e-05,NA,NA,NA
"degree_only_LCN2",486,"BGLAP",0.000139973984731978,NA,NA,NA
"degree_only_LCN2",487,"KDM1A",0,NA,NA,NA
"degree_only_LCN2",488,"SHH",1.43206732026169e-05,NA,NA,NA
"degree_only_LCN2",489,"ADH4",0,NA,NA,NA
"degree_only_LCN2",490,"EPOR",4.26416671160945e-05,NA,NA,NA
"degree_only_LCN2",491,"CYP1B1",1.26701867375623e-06,NA,NA,NA
"degree_only_LCN2",492,"TEK",0,NA,NA,NA
"degree_only_LCN2",493,"SFN",1.88836433614448e-05,NA,NA,NA
"degree_only_LCN2",494,"ADRB2",0.000148693401879507,NA,NA,NA
"degree_only_LCN2",495,"STAT4",0.000324242289791776,NA,NA,NA
"degree_only_LCN2",496,"ALDH1A2",0,NA,NA,NA
"degree_only_LCN2",497,"BGLAP",0.000139973984731978,NA,NA,NA
"degree_only_LCN2",498,"SHH",1.43206732026169e-05,NA,NA,NA
"degree_only_LCN2",499,"ALDH3A1",7.8987277396747e-05,NA,NA,NA
"degree_only_LCN2",500,"ALDH1A2",0,NA,NA,NA
"degree_only_LCN2",501,"STAT4",0.000324242289791776,NA,NA,NA
"degree_only_LCN2",502,"RARA",0.000182812715244118,NA,NA,NA
"degree_only_LCN2",503,"RARA",0.000182812715244118,NA,NA,NA
"degree_only_LCN2",504,"KEAP1",8.90865911317151e-05,NA,NA,NA
"degree_only_LCN2",505,"STAT4",0.000324242289791776,NA,NA,NA
"degree_only_LCN2",506,"CCR6",0,NA,NA,NA
"degree_only_LCN2",507,"SHH",1.43206732026169e-05,NA,NA,NA
"degree_only_LCN2",508,"ALDH1A3",0,NA,NA,NA
"degree_only_LCN2",509,"BTK",0.000119272845312435,NA,NA,NA
"degree_only_LCN2",510,"CCR6",0,NA,NA,NA
"degree_only_LCN2",511,"KDM1A",0,NA,NA,NA
"degree_only_LCN2",512,"ACTG1",2.72461711825489e-06,NA,NA,NA
"degree_only_LCN2",513,"ADCY1",8.87083575196179e-06,NA,NA,NA
"degree_only_LCN2",514,"NCOA2",3.54820525111377e-05,NA,NA,NA
"degree_only_LCN2",515,"NOD2",2.72727341009693e-05,NA,NA,NA
"degree_only_LCN2",516,"ALDH1A2",0,NA,NA,NA
"degree_only_LCN2",517,"PRKDC",3.48518119952512e-06,NA,NA,NA
"degree_only_LCN2",518,"ACE2",6.17806475236016e-05,NA,NA,NA
"degree_only_LCN2",519,"ATG5",1.93264314094499e-05,NA,NA,NA
"degree_only_LCN2",520,"TGFA",3.48528190785569e-06,NA,NA,NA
"degree_only_LCN2",521,"KEAP1",8.90865911317151e-05,NA,NA,NA
"degree_only_LCN2",522,"CACNA1B",0,NA,NA,NA
"degree_only_LCN2",523,"BTK",0.000119272845312435,NA,NA,NA
"degree_only_LCN2",524,"LGALS3",1.90104129516033e-06,NA,NA,NA
"degree_only_LCN2",525,"ADH7",0,NA,NA,NA
"degree_only_LCN2",526,"ALDH1A3",0,NA,NA,NA
"degree_only_LCN2",527,"SDHA",0.000611111269984921,NA,NA,NA
"degree_only_LCN2",528,"NCOA2",3.54820525111377e-05,NA,NA,NA
"degree_only_LCN2",529,"CACNA1B",0,NA,NA,NA
"degree_only_LCN2",530,"ACE2",6.17806475236016e-05,NA,NA,NA
"degree_only_LCN2",531,"CYP1B1",1.26701867375623e-06,NA,NA,NA
"degree_only_LCN2",532,"AKR1C1",5.66614851992275e-05,NA,NA,NA
"degree_only_LCN2",533,"PRKAG2",0.00023019859617357,NA,NA,NA
"degree_only_LCN2",534,"ALDH1A3",0,NA,NA,NA
"degree_only_LCN2",535,"SDHA",0.000611111269984921,NA,NA,NA
"degree_only_LCN2",536,"SHH",1.43206732026169e-05,NA,NA,NA
"degree_only_LCN2",537,"PCNA",0.000281828068793732,NA,NA,NA
"degree_only_LCN2",538,"NCOA2",3.54820525111377e-05,NA,NA,NA
"degree_only_LCN2",539,"PLAU",9.12459578450431e-06,NA,NA,NA
"degree_only_LCN2",540,"GRIN2C",0,NA,NA,NA
"degree_only_LCN2",541,"SELE",1.58407098771463e-06,NA,NA,NA
"degree_only_LCN2",542,"BAX",8.97923976903581e-05,NA,NA,NA
"degree_only_LCN2",543,"SHH",1.43206732026169e-05,NA,NA,NA
"degree_only_LCN2",544,"APAF1",0,NA,NA,NA
"degree_only_LCN2",545,"CACNA1B",0,NA,NA,NA
"degree_only_LCN2",546,"RARA",0.000182812715244118,NA,NA,NA
"degree_only_LCN2",547,"ADH7",0,NA,NA,NA
"degree_only_LCN2",548,"GRIN2C",0,NA,NA,NA
"degree_only_LCN2",549,"ACE2",6.17806475236016e-05,NA,NA,NA
"degree_only_LCN2",550,"SLC6A3",0.000164253248760127,NA,NA,NA
"degree_only_LCN2",551,"DRD2",0.000217393825030943,NA,NA,NA
"degree_only_LCN2",552,"ADRB2",0.000148693401879507,NA,NA,NA
"degree_only_LCN2",553,"NCOA2",3.54820525111377e-05,NA,NA,NA
"degree_only_LCN2",554,"GRIN2C",0,NA,NA,NA
"degree_only_LCN2",555,"SHH",1.43206732026169e-05,NA,NA,NA
"degree_only_LCN2",556,"ADCY2",0,NA,NA,NA
"degree_only_LCN2",557,"SLC6A3",0.000164253248760127,NA,NA,NA
"degree_only_LCN2",558,"APAF1",0,NA,NA,NA
"degree_only_LCN2",559,"PCNA",0.000281828068793732,NA,NA,NA
"degree_only_LCN2",560,"ITGA5",0.00127400659039045,NA,NA,NA
"degree_only_LCN2",561,"ITGA5",0.00127400659039045,NA,NA,NA
"degree_only_LCN2",562,"TEK",0,NA,NA,NA
"degree_only_LCN2",563,"BGLAP",0.000139973984731978,NA,NA,NA
"degree_only_LCN2",564,"ADH4",0,NA,NA,NA
"degree_only_LCN2",565,"LGALS3",1.90104129516033e-06,NA,NA,NA
"degree_only_LCN2",566,"LGALS3",1.90104129516033e-06,NA,NA,NA
"degree_only_LCN2",567,"IRF1",0,NA,NA,NA
"degree_only_LCN2",568,"BTK",0.000119272845312435,NA,NA,NA
"degree_only_LCN2",569,"EPOR",4.26416671160945e-05,NA,NA,NA
"degree_only_LCN2",570,"GRIN2C",0,NA,NA,NA
"degree_only_LCN2",571,"BAX",8.97923976903581e-05,NA,NA,NA
"degree_only_LCN2",572,"PLAU",9.12459578450431e-06,NA,NA,NA
"degree_only_LCN2",573,"ACTG1",2.72461711825489e-06,NA,NA,NA
"degree_only_LCN2",574,"CS",0.000203624857343709,NA,NA,NA
"degree_only_LCN2",575,"SDHA",0.000611111269984921,NA,NA,NA
"degree_only_LCN2",576,"LGALS3",1.90104129516033e-06,NA,NA,NA
"degree_only_LCN2",577,"CYP1B1",1.26701867375623e-06,NA,NA,NA
"degree_only_LCN2",578,"SDHA",0.000611111269984921,NA,NA,NA
"degree_only_LCN2",579,"KEAP1",8.90865911317151e-05,NA,NA,NA
"degree_only_LCN2",580,"ITGA5",0.00127400659039045,NA,NA,NA
"degree_only_LCN2",581,"ADRB2",0.000148693401879507,NA,NA,NA
"degree_only_LCN2",582,"PRKDC",3.48518119952512e-06,NA,NA,NA
"degree_only_LCN2",583,"AGTR1",7.87895413547623e-05,NA,NA,NA
"degree_only_LCN2",584,"ACTG1",2.72461711825489e-06,NA,NA,NA
"degree_only_LCN2",585,"KEAP1",8.90865911317151e-05,NA,NA,NA
"degree_only_LCN2",586,"CACNA1B",0,NA,NA,NA
"degree_only_LCN2",587,"KEAP1",8.90865911317151e-05,NA,NA,NA
"degree_only_LCN2",588,"KDM1A",0,NA,NA,NA
"degree_only_LCN2",589,"BTK",0.000119272845312435,NA,NA,NA
"degree_only_LCN2",590,"ADH4",0,NA,NA,NA
"degree_only_LCN2",591,"ADCY2",0,NA,NA,NA
"degree_only_LCN2",592,"SLC6A3",0.000164253248760127,NA,NA,NA
"degree_only_LCN2",593,"DRD2",0.000217393825030943,NA,NA,NA
"degree_only_LCN2",594,"CYP1B1",1.26701867375623e-06,NA,NA,NA
"degree_only_LCN2",595,"BAX",8.97923976903581e-05,NA,NA,NA
"degree_only_LCN2",596,"NOD2",2.72727341009693e-05,NA,NA,NA
"degree_only_LCN2",597,"ADH7",0,NA,NA,NA
"degree_only_LCN2",598,"APAF1",0,NA,NA,NA
"degree_only_LCN2",599,"SDHA",0.000611111269984921,NA,NA,NA
"degree_only_LCN2",600,"APAF1",0,NA,NA,NA
"degree_only_LCN2",601,"SCN1B",0.00123489854843939,NA,NA,NA
"degree_only_LCN2",602,"ADCY2",0,NA,NA,NA
"degree_only_LCN2",603,"MT-CYB",0.000203007681716216,NA,NA,NA
"degree_only_LCN2",604,"RYR2",4.78345186669671e-05,NA,NA,NA
"degree_only_LCN2",605,"RYR2",4.78345186669671e-05,NA,NA,NA
"degree_only_LCN2",606,"ACE2",6.17806475236016e-05,NA,NA,NA
"degree_only_LCN2",607,"RYR2",4.78345186669671e-05,NA,NA,NA
"degree_only_LCN2",608,"BGLAP",0.000139973984731978,NA,NA,NA
"degree_only_LCN2",609,"CYP1B1",1.26701867375623e-06,NA,NA,NA
"degree_only_LCN2",610,"ALDH1A3",0,NA,NA,NA
"degree_only_LCN2",611,"BGLAP",0.000139973984731978,NA,NA,NA
"degree_only_LCN2",612,"RYR2",4.78345186669671e-05,NA,NA,NA
"degree_only_LCN2",613,"ALDH1A3",0,NA,NA,NA
"degree_only_LCN2",614,"ADCY2",0,NA,NA,NA
"degree_only_LCN2",615,"STAT4",0.000324242289791776,NA,NA,NA
"degree_only_LCN2",616,"SCN1B",0.00123489854843939,NA,NA,NA
"degree_only_LCN2",617,"BAX",8.97923976903581e-05,NA,NA,NA
"degree_only_LCN2",618,"ALDH3A1",7.8987277396747e-05,NA,NA,NA
"degree_only_LCN2",619,"SDHA",0.000611111269984921,NA,NA,NA
"degree_only_LCN2",620,"PLAU",9.12459578450431e-06,NA,NA,NA
"degree_only_LCN2",621,"ADH7",0,NA,NA,NA
"degree_only_LCN2",622,"RYR2",4.78345186669671e-05,NA,NA,NA
"degree_only_LCN2",623,"ADCY2",0,NA,NA,NA
"degree_only_LCN2",624,"PRKAG2",0.00023019859617357,NA,NA,NA
"degree_only_LCN2",625,"BTK",0.000119272845312435,NA,NA,NA
"degree_only_LCN2",626,"EPOR",4.26416671160945e-05,NA,NA,NA
"degree_only_LCN2",627,"ALDH1A3",0,NA,NA,NA
"degree_only_LCN2",628,"TGFA",3.48528190785569e-06,NA,NA,NA
"degree_only_LCN2",629,"ADRB2",0.000148693401879507,NA,NA,NA
"degree_only_LCN2",630,"KDM1A",0,NA,NA,NA
"degree_only_LCN2",631,"KDM1A",0,NA,NA,NA
"degree_only_LCN2",632,"TGFA",3.48528190785569e-06,NA,NA,NA
"degree_only_LCN2",633,"ALDH1A2",0,NA,NA,NA
"degree_only_LCN2",634,"CYP1B1",1.26701867375623e-06,NA,NA,NA
"degree_only_LCN2",635,"ALDH1A3",0,NA,NA,NA
"degree_only_LCN2",636,"TEK",0,NA,NA,NA
"degree_only_LCN2",637,"APAF1",0,NA,NA,NA
"degree_only_LCN2",638,"CCL22",0,NA,NA,NA
"degree_only_LCN2",639,"STAT4",0.000324242289791776,NA,NA,NA
"degree_only_LCN2",640,"ATG5",1.93264314094499e-05,NA,NA,NA
"degree_only_LCN2",641,"RYR2",4.78345186669671e-05,NA,NA,NA
"degree_only_LCN2",642,"AKR1C1",5.66614851992275e-05,NA,NA,NA
"degree_only_LCN2",643,"KDM1A",0,NA,NA,NA
"degree_only_LCN2",644,"KDM1A",0,NA,NA,NA
"degree_only_LCN2",645,"CYP1B1",1.26701867375623e-06,NA,NA,NA
"degree_only_LCN2",646,"BTK",0.000119272845312435,NA,NA,NA
"degree_only_LCN2",647,"RYR2",4.78345186669671e-05,NA,NA,NA
"degree_only_LCN2",648,"ADRB2",0.000148693401879507,NA,NA,NA
"degree_only_LCN2",649,"SHH",1.43206732026169e-05,NA,NA,NA
"degree_only_LCN2",650,"ATG5",1.93264314094499e-05,NA,NA,NA
"degree_only_LCN2",651,"SCN1B",0.00123489854843939,NA,NA,NA
"degree_only_LCN2",652,"CCL22",0,NA,NA,NA
"degree_only_LCN2",653,"GRIN2C",0,NA,NA,NA
"degree_only_LCN2",654,"ACACA",7.98311027262466e-05,NA,NA,NA
"degree_only_LCN2",655,"IRF1",0,NA,NA,NA
"degree_only_LCN2",656,"IRF1",0,NA,NA,NA
"degree_only_LCN2",657,"NCOA2",3.54820525111377e-05,NA,NA,NA
"degree_only_LCN2",658,"ALDH1A3",0,NA,NA,NA
"degree_only_LCN2",659,"ADCY1",8.87083575196179e-06,NA,NA,NA
"degree_only_LCN2",660,"BGLAP",0.000139973984731978,NA,NA,NA
"degree_only_LCN2",661,"ITGA5",0.00127400659039045,NA,NA,NA
"degree_only_LCN2",662,"SELE",1.58407098771463e-06,NA,NA,NA
"degree_only_LCN2",663,"NOD2",2.72727341009693e-05,NA,NA,NA
"degree_only_LCN2",664,"SDHA",0.000611111269984921,NA,NA,NA
"degree_only_LCN2",665,"ADCY2",0,NA,NA,NA
"degree_only_LCN2",666,"SCN1B",0.00123489854843939,NA,NA,NA
"degree_only_LCN2",667,"TEK",0,NA,NA,NA
"degree_only_LCN2",668,"CACNA1B",0,NA,NA,NA
"degree_only_LCN2",669,"BGLAP",0.000139973984731978,NA,NA,NA
"degree_only_LCN2",670,"TGFA",3.48528190785569e-06,NA,NA,NA
"degree_only_LCN2",671,"GRIN2C",0,NA,NA,NA
"degree_only_LCN2",672,"CCR6",0,NA,NA,NA
"degree_only_LCN2",673,"SHH",1.43206732026169e-05,NA,NA,NA
"degree_only_LCN2",674,"CS",0.000203624857343709,NA,NA,NA
"degree_only_LCN2",675,"ALDH1A2",0,NA,NA,NA
"degree_only_LCN2",676,"CCL22",0,NA,NA,NA
"degree_only_LCN2",677,"ACACA",7.98311027262466e-05,NA,NA,NA
"degree_only_LCN2",678,"KDM1A",0,NA,NA,NA
"degree_only_LCN2",679,"ACACA",7.98311027262466e-05,NA,NA,NA
"degree_only_LCN2",680,"EPOR",4.26416671160945e-05,NA,NA,NA
"degree_only_LCN2",681,"SCN1B",0.00123489854843939,NA,NA,NA
"degree_only_LCN2",682,"CACNA1B",0,NA,NA,NA
"degree_only_LCN2",683,"SHH",1.43206732026169e-05,NA,NA,NA
"degree_only_LCN2",684,"RYR2",4.78345186669671e-05,NA,NA,NA
"degree_only_LCN2",685,"STAT4",0.000324242289791776,NA,NA,NA
"degree_only_LCN2",686,"CS",0.000203624857343709,NA,NA,NA
"degree_only_LCN2",687,"BGLAP",0.000139973984731978,NA,NA,NA
"degree_only_LCN2",688,"BGLAP",0.000139973984731978,NA,NA,NA
"degree_only_LCN2",689,"CCR6",0,NA,NA,NA
"degree_only_LCN2",690,"SLC6A3",0.000164253248760127,NA,NA,NA
"degree_only_LCN2",691,"RYR2",4.78345186669671e-05,NA,NA,NA
"degree_only_LCN2",692,"ACACA",7.98311027262466e-05,NA,NA,NA
"degree_only_LCN2",693,"CCL22",0,NA,NA,NA
"degree_only_LCN2",694,"SFN",1.88836433614448e-05,NA,NA,NA
"degree_only_LCN2",695,"SELE",1.58407098771463e-06,NA,NA,NA
"degree_only_LCN2",696,"EPOR",4.26416671160945e-05,NA,NA,NA
"degree_only_LCN2",697,"RARA",0.000182812715244118,NA,NA,NA
"degree_only_LCN2",698,"ALDH1A2",0,NA,NA,NA
"degree_only_LCN2",699,"PRKDC",3.48518119952512e-06,NA,NA,NA
"degree_only_LCN2",700,"APAF1",0,NA,NA,NA
"degree_only_LCN2",701,"APAF1",0,NA,NA,NA
"degree_only_LCN2",702,"SELE",1.58407098771463e-06,NA,NA,NA
"degree_only_LCN2",703,"AGTR1",7.87895413547623e-05,NA,NA,NA
"degree_only_LCN2",704,"BAX",8.97923976903581e-05,NA,NA,NA
"degree_only_LCN2",705,"ADCY1",8.87083575196179e-06,NA,NA,NA
"degree_only_LCN2",706,"DRD2",0.000217393825030943,NA,NA,NA
"degree_only_LCN2",707,"ALDH1A2",0,NA,NA,NA
"degree_only_LCN2",708,"NCOA2",3.54820525111377e-05,NA,NA,NA
"degree_only_LCN2",709,"RYR2",4.78345186669671e-05,NA,NA,NA
"degree_only_LCN2",710,"ALDH2",5.15659678518299e-05,NA,NA,NA
"degree_only_LCN2",711,"ADCY1",8.87083575196179e-06,NA,NA,NA
"degree_only_LCN2",712,"ACTG1",2.72461711825489e-06,NA,NA,NA
"degree_only_LCN2",713,"EPOR",4.26416671160945e-05,NA,NA,NA
"degree_only_LCN2",714,"SLC6A3",0.000164253248760127,NA,NA,NA
"degree_only_LCN2",715,"ADCY2",0,NA,NA,NA
"degree_only_LCN2",716,"ALDH1A3",0,NA,NA,NA
"degree_only_LCN2",717,"NCOA2",3.54820525111377e-05,NA,NA,NA
"degree_only_LCN2",718,"LGALS3",1.90104129516033e-06,NA,NA,NA
"degree_only_LCN2",719,"CACNA1B",0,NA,NA,NA
"degree_only_LCN2",720,"GRIN2C",0,NA,NA,NA
"degree_only_LCN2",721,"GRIN2C",0,NA,NA,NA
"degree_only_LCN2",722,"BTK",0.000119272845312435,NA,NA,NA
"degree_only_LCN2",723,"CCR6",0,NA,NA,NA
"degree_only_LCN2",724,"IRF1",0,NA,NA,NA
"degree_only_LCN2",725,"IRF1",0,NA,NA,NA
"degree_only_LCN2",726,"TEK",0,NA,NA,NA
"degree_only_LCN2",727,"PRKAG2",0.00023019859617357,NA,NA,NA
"degree_only_LCN2",728,"IRF1",0,NA,NA,NA
"degree_only_LCN2",729,"BAX",8.97923976903581e-05,NA,NA,NA
"degree_only_LCN2",730,"RYR2",4.78345186669671e-05,NA,NA,NA
"degree_only_LCN2",731,"BGLAP",0.000139973984731978,NA,NA,NA
"degree_only_LCN2",732,"ALDH3A1",7.8987277396747e-05,NA,NA,NA
"degree_only_LCN2",733,"GRIN2C",0,NA,NA,NA
"degree_only_LCN2",734,"ADH7",0,NA,NA,NA
"degree_only_LCN2",735,"BAX",8.97923976903581e-05,NA,NA,NA
"degree_only_LCN2",736,"PRKAG2",0.00023019859617357,NA,NA,NA
"degree_only_LCN2",737,"ATG5",1.93264314094499e-05,NA,NA,NA
"degree_only_LCN2",738,"KDM1A",0,NA,NA,NA
"degree_only_LCN2",739,"APAF1",0,NA,NA,NA
"degree_only_LCN2",740,"SDHA",0.000611111269984921,NA,NA,NA
"degree_only_LCN2",741,"NCOA2",3.54820525111377e-05,NA,NA,NA
"degree_only_LCN2",742,"GRIN2C",0,NA,NA,NA
"degree_only_LCN2",743,"SFN",1.88836433614448e-05,NA,NA,NA
"degree_only_LCN2",744,"RARA",0.000182812715244118,NA,NA,NA
"degree_only_LCN2",745,"BGLAP",0.000139973984731978,NA,NA,NA
"degree_only_LCN2",746,"KDM1A",0,NA,NA,NA
"degree_only_LCN2",747,"ALDH3A1",7.8987277396747e-05,NA,NA,NA
"degree_only_LCN2",748,"PCNA",0.000281828068793732,NA,NA,NA
"degree_only_LCN2",749,"SLC6A3",0.000164253248760127,NA,NA,NA
"degree_only_LCN2",750,"AKR1C1",5.66614851992275e-05,NA,NA,NA
"degree_only_LCN2",751,"TEK",0,NA,NA,NA
"degree_only_LCN2",752,"LGALS3",1.90104129516033e-06,NA,NA,NA
"degree_only_LCN2",753,"RYR2",4.78345186669671e-05,NA,NA,NA
"degree_only_LCN2",754,"AGTR1",7.87895413547623e-05,NA,NA,NA
"degree_only_LCN2",755,"SHH",1.43206732026169e-05,NA,NA,NA
"degree_only_LCN2",756,"KEAP1",8.90865911317151e-05,NA,NA,NA
"degree_only_LCN2",757,"ADCY1",8.87083575196179e-06,NA,NA,NA
"degree_only_LCN2",758,"ADCY2",0,NA,NA,NA
"degree_only_LCN2",759,"LGALS3",1.90104129516033e-06,NA,NA,NA
"degree_only_LCN2",760,"ATG5",1.93264314094499e-05,NA,NA,NA
"degree_only_LCN2",761,"ALDH1A3",0,NA,NA,NA
"degree_only_LCN2",762,"NOD2",2.72727341009693e-05,NA,NA,NA
"degree_only_LCN2",763,"AKR1C1",5.66614851992275e-05,NA,NA,NA
"degree_only_LCN2",764,"SHH",1.43206732026169e-05,NA,NA,NA
"degree_only_LCN2",765,"ITGA5",0.00127400659039045,NA,NA,NA
"degree_only_LCN2",766,"TEK",0,NA,NA,NA
"degree_only_LCN2",767,"CACNA1B",0,NA,NA,NA
"degree_only_LCN2",768,"TEK",0,NA,NA,NA
"degree_only_LCN2",769,"SLC6A3",0.000164253248760127,NA,NA,NA
"degree_only_LCN2",770,"MT-CYB",0.000203007681716216,NA,NA,NA
"degree_only_LCN2",771,"DRD2",0.000217393825030943,NA,NA,NA
"degree_only_LCN2",772,"NOD2",2.72727341009693e-05,NA,NA,NA
"degree_only_LCN2",773,"PCNA",0.000281828068793732,NA,NA,NA
"degree_only_LCN2",774,"ALDH1A2",0,NA,NA,NA
"degree_only_LCN2",775,"ADCY1",8.87083575196179e-06,NA,NA,NA
"degree_only_LCN2",776,"AGTR1",7.87895413547623e-05,NA,NA,NA
"degree_only_LCN2",777,"TGFA",3.48528190785569e-06,NA,NA,NA
"degree_only_LCN2",778,"TEK",0,NA,NA,NA
"degree_only_LCN2",779,"KEAP1",8.90865911317151e-05,NA,NA,NA
"degree_only_LCN2",780,"KEAP1",8.90865911317151e-05,NA,NA,NA
"degree_only_LCN2",781,"SLC6A3",0.000164253248760127,NA,NA,NA
"degree_only_LCN2",782,"ACACA",7.98311027262466e-05,NA,NA,NA
"degree_only_LCN2",783,"ACE2",6.17806475236016e-05,NA,NA,NA
"degree_only_LCN2",784,"SCN1B",0.00123489854843939,NA,NA,NA
"degree_only_LCN2",785,"CCR6",0,NA,NA,NA
"degree_only_LCN2",786,"ADCY2",0,NA,NA,NA
"degree_only_LCN2",787,"SFN",1.88836433614448e-05,NA,NA,NA
"degree_only_LCN2",788,"DRD2",0.000217393825030943,NA,NA,NA
"degree_only_LCN2",789,"ACACA",7.98311027262466e-05,NA,NA,NA
"degree_only_LCN2",790,"SLC6A3",0.000164253248760127,NA,NA,NA
"degree_only_LCN2",791,"APAF1",0,NA,NA,NA
"degree_only_LCN2",792,"RYR2",4.78345186669671e-05,NA,NA,NA
"degree_only_LCN2",793,"CS",0.000203624857343709,NA,NA,NA
"degree_only_LCN2",794,"ADRB2",0.000148693401879507,NA,NA,NA
"degree_only_LCN2",795,"ATG5",1.93264314094499e-05,NA,NA,NA
"degree_only_LCN2",796,"ALDH3A1",7.8987277396747e-05,NA,NA,NA
"degree_only_LCN2",797,"RYR2",4.78345186669671e-05,NA,NA,NA
"degree_only_LCN2",798,"KDM1A",0,NA,NA,NA
"degree_only_LCN2",799,"MT-CYB",0.000203007681716216,NA,NA,NA
"degree_only_LCN2",800,"ALDH2",5.15659678518299e-05,NA,NA,NA
"degree_only_LCN2",801,"KDM1A",0,NA,NA,NA
"degree_only_LCN2",802,"ACACA",7.98311027262466e-05,NA,NA,NA
"degree_only_LCN2",803,"CCL22",0,NA,NA,NA
"degree_only_LCN2",804,"ACTG1",2.72461711825489e-06,NA,NA,NA
"degree_only_LCN2",805,"ADH4",0,NA,NA,NA
"degree_only_LCN2",806,"CACNA1B",0,NA,NA,NA
"degree_only_LCN2",807,"PCNA",0.000281828068793732,NA,NA,NA
"degree_only_LCN2",808,"EPOR",4.26416671160945e-05,NA,NA,NA
"degree_only_LCN2",809,"TEK",0,NA,NA,NA
"degree_only_LCN2",810,"PCNA",0.000281828068793732,NA,NA,NA
"degree_only_LCN2",811,"PRKDC",3.48518119952512e-06,NA,NA,NA
"degree_only_LCN2",812,"ALDH3A1",7.8987277396747e-05,NA,NA,NA
"degree_only_LCN2",813,"KDM1A",0,NA,NA,NA
"degree_only_LCN2",814,"CCL22",0,NA,NA,NA
"degree_only_LCN2",815,"PRKDC",3.48518119952512e-06,NA,NA,NA
"degree_only_LCN2",816,"ADH7",0,NA,NA,NA
"degree_only_LCN2",817,"MT-CYB",0.000203007681716216,NA,NA,NA
"degree_only_LCN2",818,"DRD2",0.000217393825030943,NA,NA,NA
"degree_only_LCN2",819,"PCNA",0.000281828068793732,NA,NA,NA
"degree_only_LCN2",820,"APAF1",0,NA,NA,NA
"degree_only_LCN2",821,"DRD2",0.000217393825030943,NA,NA,NA
"degree_only_LCN2",822,"SCN1B",0.00123489854843939,NA,NA,NA
"degree_only_LCN2",823,"PRKDC",3.48518119952512e-06,NA,NA,NA
"degree_only_LCN2",824,"RYR2",4.78345186669671e-05,NA,NA,NA
"degree_only_LCN2",825,"ITGA5",0.00127400659039045,NA,NA,NA
"degree_only_LCN2",826,"AKR1C1",5.66614851992275e-05,NA,NA,NA
"degree_only_LCN2",827,"ADCY2",0,NA,NA,NA
"degree_only_LCN2",828,"RARA",0.000182812715244118,NA,NA,NA
"degree_only_LCN2",829,"ACE2",6.17806475236016e-05,NA,NA,NA
"degree_only_LCN2",830,"ACTG1",2.72461711825489e-06,NA,NA,NA
"degree_only_LCN2",831,"BTK",0.000119272845312435,NA,NA,NA
"degree_only_LCN2",832,"ACACA",7.98311027262466e-05,NA,NA,NA
"degree_only_LCN2",833,"ALDH1A2",0,NA,NA,NA
"degree_only_LCN2",834,"IRF1",0,NA,NA,NA
"degree_only_LCN2",835,"SLC6A3",0.000164253248760127,NA,NA,NA
"degree_only_LCN2",836,"SLC6A3",0.000164253248760127,NA,NA,NA
"degree_only_LCN2",837,"ADCY1",8.87083575196179e-06,NA,NA,NA
"degree_only_LCN2",838,"ADRB2",0.000148693401879507,NA,NA,NA
"degree_only_LCN2",839,"ALDH1A3",0,NA,NA,NA
"degree_only_LCN2",840,"NOD2",2.72727341009693e-05,NA,NA,NA
"degree_only_LCN2",841,"TEK",0,NA,NA,NA
"degree_only_LCN2",842,"IRF1",0,NA,NA,NA
"degree_only_LCN2",843,"APAF1",0,NA,NA,NA
"degree_only_LCN2",844,"ADRB2",0.000148693401879507,NA,NA,NA
"degree_only_LCN2",845,"BGLAP",0.000139973984731978,NA,NA,NA
"degree_only_LCN2",846,"ATG5",1.93264314094499e-05,NA,NA,NA
"degree_only_LCN2",847,"SLC6A3",0.000164253248760127,NA,NA,NA
"degree_only_LCN2",848,"ADRB2",0.000148693401879507,NA,NA,NA
"degree_only_LCN2",849,"ADCY1",8.87083575196179e-06,NA,NA,NA
"degree_only_LCN2",850,"SFN",1.88836433614448e-05,NA,NA,NA
"degree_only_LCN2",851,"ADRB2",0.000148693401879507,NA,NA,NA
"degree_only_LCN2",852,"CYP1B1",1.26701867375623e-06,NA,NA,NA
"degree_only_LCN2",853,"ADH4",0,NA,NA,NA
"degree_only_LCN2",854,"CACNA1B",0,NA,NA,NA
"degree_only_LCN2",855,"KEAP1",8.90865911317151e-05,NA,NA,NA
"degree_only_LCN2",856,"STAT4",0.000324242289791776,NA,NA,NA
"degree_only_LCN2",857,"TGFA",3.48528190785569e-06,NA,NA,NA
"degree_only_LCN2",858,"SFN",1.88836433614448e-05,NA,NA,NA
"degree_only_LCN2",859,"SELE",1.58407098771463e-06,NA,NA,NA
"degree_only_LCN2",860,"IRF1",0,NA,NA,NA
"degree_only_LCN2",861,"CYP1B1",1.26701867375623e-06,NA,NA,NA
"degree_only_LCN2",862,"ADCY1",8.87083575196179e-06,NA,NA,NA
"degree_only_LCN2",863,"GRIN2C",0,NA,NA,NA
"degree_only_LCN2",864,"SFN",1.88836433614448e-05,NA,NA,NA
"degree_only_LCN2",865,"PRKDC",3.48518119952512e-06,NA,NA,NA
"degree_only_LCN2",866,"CCL22",0,NA,NA,NA
"degree_only_LCN2",867,"SHH",1.43206732026169e-05,NA,NA,NA
"degree_only_LCN2",868,"APAF1",0,NA,NA,NA
"degree_only_LCN2",869,"BTK",0.000119272845312435,NA,NA,NA
"degree_only_LCN2",870,"GRIN2C",0,NA,NA,NA
"degree_only_LCN2",871,"DRD2",0.000217393825030943,NA,NA,NA
"degree_only_LCN2",872,"SDHA",0.000611111269984921,NA,NA,NA
"degree_only_LCN2",873,"DRD2",0.000217393825030943,NA,NA,NA
"degree_only_LCN2",874,"ATG5",1.93264314094499e-05,NA,NA,NA
"degree_only_LCN2",875,"ADRB2",0.000148693401879507,NA,NA,NA
"degree_only_LCN2",876,"AGTR1",7.87895413547623e-05,NA,NA,NA
"degree_only_LCN2",877,"SHH",1.43206732026169e-05,NA,NA,NA
"degree_only_LCN2",878,"ALDH3A1",7.8987277396747e-05,NA,NA,NA
"degree_only_LCN2",879,"SFN",1.88836433614448e-05,NA,NA,NA
"degree_only_LCN2",880,"MT-CYB",0.000203007681716216,NA,NA,NA
"degree_only_LCN2",881,"ADRB2",0.000148693401879507,NA,NA,NA
"degree_only_LCN2",882,"CACNA1B",0,NA,NA,NA
"degree_only_LCN2",883,"NCOA2",3.54820525111377e-05,NA,NA,NA
"degree_only_LCN2",884,"DRD2",0.000217393825030943,NA,NA,NA
"degree_only_LCN2",885,"SHH",1.43206732026169e-05,NA,NA,NA
"degree_only_LCN2",886,"SFN",1.88836433614448e-05,NA,NA,NA
"degree_only_LCN2",887,"BAX",8.97923976903581e-05,NA,NA,NA
"degree_only_LCN2",888,"AGTR1",7.87895413547623e-05,NA,NA,NA
"degree_only_LCN2",889,"APAF1",0,NA,NA,NA
"degree_only_LCN2",890,"CYP1B1",1.26701867375623e-06,NA,NA,NA
"degree_only_LCN2",891,"ADH4",0,NA,NA,NA
"degree_only_LCN2",892,"SDHA",0.000611111269984921,NA,NA,NA
"degree_only_LCN2",893,"AGTR1",7.87895413547623e-05,NA,NA,NA
"degree_only_LCN2",894,"IRF1",0,NA,NA,NA
"degree_only_LCN2",895,"ADRB2",0.000148693401879507,NA,NA,NA
"degree_only_LCN2",896,"LGALS3",1.90104129516033e-06,NA,NA,NA
"degree_only_LCN2",897,"SLC6A3",0.000164253248760127,NA,NA,NA
"degree_only_LCN2",898,"EPOR",4.26416671160945e-05,NA,NA,NA
"degree_only_LCN2",899,"RYR2",4.78345186669671e-05,NA,NA,NA
"degree_only_LCN2",900,"ADH7",0,NA,NA,NA
"degree_only_LCN2",901,"CYP1B1",1.26701867375623e-06,NA,NA,NA
"degree_only_LCN2",902,"DRD2",0.000217393825030943,NA,NA,NA
"degree_only_LCN2",903,"SCN1B",0.00123489854843939,NA,NA,NA
"degree_only_LCN2",904,"BAX",8.97923976903581e-05,NA,NA,NA
"degree_only_LCN2",905,"ATG5",1.93264314094499e-05,NA,NA,NA
"degree_only_LCN2",906,"LGALS3",1.90104129516033e-06,NA,NA,NA
"degree_only_LCN2",907,"CACNA1B",0,NA,NA,NA
"degree_only_LCN2",908,"BTK",0.000119272845312435,NA,NA,NA
"degree_only_LCN2",909,"ADCY2",0,NA,NA,NA
"degree_only_LCN2",910,"PLAU",9.12459578450431e-06,NA,NA,NA
"degree_only_LCN2",911,"ACACA",7.98311027262466e-05,NA,NA,NA
"degree_only_LCN2",912,"BAX",8.97923976903581e-05,NA,NA,NA
"degree_only_LCN2",913,"CYP1B1",1.26701867375623e-06,NA,NA,NA
"degree_only_LCN2",914,"ITGA5",0.00127400659039045,NA,NA,NA
"degree_only_LCN2",915,"ALDH2",5.15659678518299e-05,NA,NA,NA
"degree_only_LCN2",916,"TGFA",3.48528190785569e-06,NA,NA,NA
"degree_only_LCN2",917,"IRF1",0,NA,NA,NA
"degree_only_LCN2",918,"DRD2",0.000217393825030943,NA,NA,NA
"degree_only_LCN2",919,"SDHA",0.000611111269984921,NA,NA,NA
"degree_only_LCN2",920,"SFN",1.88836433614448e-05,NA,NA,NA
"degree_only_LCN2",921,"KDM1A",0,NA,NA,NA
"degree_only_LCN2",922,"DRD2",0.000217393825030943,NA,NA,NA
"degree_only_LCN2",923,"PLAU",9.12459578450431e-06,NA,NA,NA
"degree_only_LCN2",924,"PCNA",0.000281828068793732,NA,NA,NA
"degree_only_LCN2",925,"CACNA1B",0,NA,NA,NA
"degree_only_LCN2",926,"ALDH1A2",0,NA,NA,NA
"degree_only_LCN2",927,"SLC6A3",0.000164253248760127,NA,NA,NA
"degree_only_LCN2",928,"PRKDC",3.48518119952512e-06,NA,NA,NA
"degree_only_LCN2",929,"SHH",1.43206732026169e-05,NA,NA,NA
"degree_only_LCN2",930,"AGTR1",7.87895413547623e-05,NA,NA,NA
"degree_only_LCN2",931,"ATG5",1.93264314094499e-05,NA,NA,NA
"degree_only_LCN2",932,"MT-CYB",0.000203007681716216,NA,NA,NA
"degree_only_LCN2",933,"KDM1A",0,NA,NA,NA
"degree_only_LCN2",934,"CACNA1B",0,NA,NA,NA
"degree_only_LCN2",935,"APAF1",0,NA,NA,NA
"degree_only_LCN2",936,"IRF1",0,NA,NA,NA
"degree_only_LCN2",937,"ACACA",7.98311027262466e-05,NA,NA,NA
"degree_only_LCN2",938,"APAF1",0,NA,NA,NA
"degree_only_LCN2",939,"AGTR1",7.87895413547623e-05,NA,NA,NA
"degree_only_LCN2",940,"MT-CYB",0.000203007681716216,NA,NA,NA
"degree_only_LCN2",941,"ADH7",0,NA,NA,NA
"degree_only_LCN2",942,"STAT4",0.000324242289791776,NA,NA,NA
"degree_only_LCN2",943,"CYP1B1",1.26701867375623e-06,NA,NA,NA
"degree_only_LCN2",944,"RYR2",4.78345186669671e-05,NA,NA,NA
"degree_only_LCN2",945,"SELE",1.58407098771463e-06,NA,NA,NA
"degree_only_LCN2",946,"ADCY2",0,NA,NA,NA
"degree_only_LCN2",947,"ACE2",6.17806475236016e-05,NA,NA,NA
"degree_only_LCN2",948,"ALDH2",5.15659678518299e-05,NA,NA,NA
"degree_only_LCN2",949,"ACTG1",2.72461711825489e-06,NA,NA,NA
"degree_only_LCN2",950,"PRKAG2",0.00023019859617357,NA,NA,NA
"degree_only_LCN2",951,"ACTG1",2.72461711825489e-06,NA,NA,NA
"degree_only_LCN2",952,"ACTG1",2.72461711825489e-06,NA,NA,NA
"degree_only_LCN2",953,"CCL22",0,NA,NA,NA
"degree_only_LCN2",954,"NOD2",2.72727341009693e-05,NA,NA,NA
"degree_only_LCN2",955,"NCOA2",3.54820525111377e-05,NA,NA,NA
"degree_only_LCN2",956,"AGTR1",7.87895413547623e-05,NA,NA,NA
"degree_only_LCN2",957,"SELE",1.58407098771463e-06,NA,NA,NA
"degree_only_LCN2",958,"ACTG1",2.72461711825489e-06,NA,NA,NA
"degree_only_LCN2",959,"CYP1B1",1.26701867375623e-06,NA,NA,NA
"degree_only_LCN2",960,"TGFA",3.48528190785569e-06,NA,NA,NA
"degree_only_LCN2",961,"SFN",1.88836433614448e-05,NA,NA,NA
"degree_only_LCN2",962,"ALDH2",5.15659678518299e-05,NA,NA,NA
"degree_only_LCN2",963,"EPOR",4.26416671160945e-05,NA,NA,NA
"degree_only_LCN2",964,"MT-CYB",0.000203007681716216,NA,NA,NA
"degree_only_LCN2",965,"PRKAG2",0.00023019859617357,NA,NA,NA
"degree_only_LCN2",966,"APAF1",0,NA,NA,NA
"degree_only_LCN2",967,"ALDH1A2",0,NA,NA,NA
"degree_only_LCN2",968,"DRD2",0.000217393825030943,NA,NA,NA
"degree_only_LCN2",969,"ATG5",1.93264314094499e-05,NA,NA,NA
"degree_only_LCN2",970,"PCNA",0.000281828068793732,NA,NA,NA
"degree_only_LCN2",971,"MT-CYB",0.000203007681716216,NA,NA,NA
"degree_only_LCN2",972,"SELE",1.58407098771463e-06,NA,NA,NA
"degree_only_LCN2",973,"ADCY2",0,NA,NA,NA
"degree_only_LCN2",974,"SLC6A3",0.000164253248760127,NA,NA,NA
"degree_only_LCN2",975,"SLC6A3",0.000164253248760127,NA,NA,NA
"degree_only_LCN2",976,"KEAP1",8.90865911317151e-05,NA,NA,NA
"degree_only_LCN2",977,"PLAU",9.12459578450431e-06,NA,NA,NA
"degree_only_LCN2",978,"CYP1B1",1.26701867375623e-06,NA,NA,NA
"degree_only_LCN2",979,"KEAP1",8.90865911317151e-05,NA,NA,NA
"degree_only_LCN2",980,"RARA",0.000182812715244118,NA,NA,NA
"degree_only_LCN2",981,"ALDH1A3",0,NA,NA,NA
"degree_only_LCN2",982,"BTK",0.000119272845312435,NA,NA,NA
"degree_only_LCN2",983,"SFN",1.88836433614448e-05,NA,NA,NA
"degree_only_LCN2",984,"LGALS3",1.90104129516033e-06,NA,NA,NA
"degree_only_LCN2",985,"ADRB2",0.000148693401879507,NA,NA,NA
"degree_only_LCN2",986,"ADH4",0,NA,NA,NA
"degree_only_LCN2",987,"LGALS3",1.90104129516033e-06,NA,NA,NA
"degree_only_LCN2",988,"ADCY1",8.87083575196179e-06,NA,NA,NA
"degree_only_LCN2",989,"SFN",1.88836433614448e-05,NA,NA,NA
"degree_only_LCN2",990,"ADCY2",0,NA,NA,NA
"degree_only_LCN2",991,"ALDH3A1",7.8987277396747e-05,NA,NA,NA
"degree_only_LCN2",992,"ALDH3A1",7.8987277396747e-05,NA,NA,NA
"degree_only_LCN2",993,"ACACA",7.98311027262466e-05,NA,NA,NA
"degree_only_LCN2",994,"BTK",0.000119272845312435,NA,NA,NA
"degree_only_LCN2",995,"CS",0.000203624857343709,NA,NA,NA
"degree_only_LCN2",996,"SHH",1.43206732026169e-05,NA,NA,NA
"degree_only_LCN2",997,"NCOA2",3.54820525111377e-05,NA,NA,NA
"degree_only_LCN2",998,"EPOR",4.26416671160945e-05,NA,NA,NA
"degree_only_LCN2",999,"BTK",0.000119272845312435,NA,NA,NA
"degree_only_LCN2",1000,"ALDH3A1",7.8987277396747e-05,NA,NA,NA
"degree_only_LCN2",1001,"ADRB2",0.000148693401879507,NA,NA,NA
"degree_only_LCN2",1002,"ALDH3A1",7.8987277396747e-05,NA,NA,NA
"degree_only_LCN2",1003,"SELE",1.58407098771463e-06,NA,NA,NA
"degree_only_LCN2",1004,"SHH",1.43206732026169e-05,NA,NA,NA
"degree_only_LCN2",1005,"ALDH1A3",0,NA,NA,NA
"degree_only_LCN2",1006,"APAF1",0,NA,NA,NA
"degree_only_LCN2",1007,"ALDH1A3",0,NA,NA,NA
"degree_only_LCN2",1008,"KEAP1",8.90865911317151e-05,NA,NA,NA
"degree_only_LCN2",1009,"RARA",0.000182812715244118,NA,NA,NA
"degree_only_LCN2",1010,"PRKDC",3.48518119952512e-06,NA,NA,NA
"degree_only_LCN2",1011,"ADCY2",0,NA,NA,NA
"degree_only_LCN2",1012,"ACTG1",2.72461711825489e-06,NA,NA,NA
"degree_only_LCN2",1013,"ADH4",0,NA,NA,NA
"degree_only_LCN2",1014,"BAX",8.97923976903581e-05,NA,NA,NA
"degree_only_LCN2",1015,"TEK",0,NA,NA,NA
"degree_only_LCN2",1016,"STAT4",0.000324242289791776,NA,NA,NA
"degree_only_LCN2",1017,"RYR2",4.78345186669671e-05,NA,NA,NA
"degree_only_LCN2",1018,"BAX",8.97923976903581e-05,NA,NA,NA
"degree_only_LCN2",1019,"DRD2",0.000217393825030943,NA,NA,NA
"degree_only_LCN2",1020,"RYR2",4.78345186669671e-05,NA,NA,NA
"degree_only_LCN2",1021,"KDM1A",0,NA,NA,NA
"degree_only_LCN2",1022,"ADH7",0,NA,NA,NA
"degree_only_LCN2",1023,"PRKDC",3.48518119952512e-06,NA,NA,NA
"degree_only_LCN2",1024,"RYR2",4.78345186669671e-05,NA,NA,NA
"degree_only_LCN2",1025,"BAX",8.97923976903581e-05,NA,NA,NA
"degree_only_LCN2",1026,"ACACA",7.98311027262466e-05,NA,NA,NA
"degree_only_LCN2",1027,"CCR6",0,NA,NA,NA
"degree_only_LCN2",1028,"MT-CYB",0.000203007681716216,NA,NA,NA
"degree_only_LCN2",1029,"CACNA1B",0,NA,NA,NA
"degree_only_LCN2",1030,"ADH4",0,NA,NA,NA
"degree_only_LCN2",1031,"GRIN2C",0,NA,NA,NA
"degree_only_LCN2",1032,"CS",0.000203624857343709,NA,NA,NA
"degree_only_LCN2",1033,"RARA",0.000182812715244118,NA,NA,NA
"degree_only_LCN2",1034,"ATG5",1.93264314094499e-05,NA,NA,NA
"degree_only_LCN2",1035,"ALDH2",5.15659678518299e-05,NA,NA,NA
"degree_only_LCN2",1036,"BTK",0.000119272845312435,NA,NA,NA
"degree_only_LCN2",1037,"PLAU",9.12459578450431e-06,NA,NA,NA
"degree_only_LCN2",1038,"SLC6A3",0.000164253248760127,NA,NA,NA
"degree_only_LCN2",1039,"AGTR1",7.87895413547623e-05,NA,NA,NA
"degree_only_LCN2",1040,"ACACA",7.98311027262466e-05,NA,NA,NA
"degree_only_LCN2",1041,"NCOA2",3.54820525111377e-05,NA,NA,NA
"degree_only_LCN2",1042,"PRKDC",3.48518119952512e-06,NA,NA,NA
"degree_only_LCN2",1043,"ADCY1",8.87083575196179e-06,NA,NA,NA
"degree_only_LCN2",1044,"RARA",0.000182812715244118,NA,NA,NA
"degree_only_LCN2",1045,"NCOA2",3.54820525111377e-05,NA,NA,NA
"degree_only_LCN2",1046,"CYP1B1",1.26701867375623e-06,NA,NA,NA
"degree_only_LCN2",1047,"SDHA",0.000611111269984921,NA,NA,NA
"degree_only_LCN2",1048,"CYP1B1",1.26701867375623e-06,NA,NA,NA
"degree_only_LCN2",1049,"ACTG1",2.72461711825489e-06,NA,NA,NA
"degree_only_LCN2",1050,"SLC6A3",0.000164253248760127,NA,NA,NA
"degree_only_LCN2",1051,"SHH",1.43206732026169e-05,NA,NA,NA
"degree_only_LCN2",1052,"SHH",1.43206732026169e-05,NA,NA,NA
"degree_only_LCN2",1053,"ACE2",6.17806475236016e-05,NA,NA,NA
"degree_only_LCN2",1054,"BAX",8.97923976903581e-05,NA,NA,NA
"degree_only_LCN2",1055,"CACNA1B",0,NA,NA,NA
"degree_only_LCN2",1056,"CS",0.000203624857343709,NA,NA,NA
"degree_only_LCN2",1057,"EPOR",4.26416671160945e-05,NA,NA,NA
"degree_only_LCN2",1058,"BGLAP",0.000139973984731978,NA,NA,NA
"degree_only_LCN2",1059,"ALDH1A2",0,NA,NA,NA
"degree_only_LCN2",1060,"TEK",0,NA,NA,NA
"degree_only_LCN2",1061,"PRKDC",3.48518119952512e-06,NA,NA,NA
"degree_only_LCN2",1062,"KDM1A",0,NA,NA,NA
"degree_only_LCN2",1063,"PLAU",9.12459578450431e-06,NA,NA,NA
"degree_only_LCN2",1064,"CACNA1B",0,NA,NA,NA
"degree_only_LCN2",1065,"SDHA",0.000611111269984921,NA,NA,NA
"degree_only_LCN2",1066,"SDHA",0.000611111269984921,NA,NA,NA
"degree_only_LCN2",1067,"EPOR",4.26416671160945e-05,NA,NA,NA
"degree_only_LCN2",1068,"BGLAP",0.000139973984731978,NA,NA,NA
"degree_only_LCN2",1069,"ADH4",0,NA,NA,NA
"degree_only_LCN2",1070,"CCL22",0,NA,NA,NA
"degree_only_LCN2",1071,"PRKAG2",0.00023019859617357,NA,NA,NA
"degree_only_LCN2",1072,"ATG5",1.93264314094499e-05,NA,NA,NA
"degree_only_LCN2",1073,"ACE2",6.17806475236016e-05,NA,NA,NA
"degree_only_LCN2",1074,"AGTR1",7.87895413547623e-05,NA,NA,NA
"degree_only_LCN2",1075,"AGTR1",7.87895413547623e-05,NA,NA,NA
"degree_only_LCN2",1076,"KDM1A",0,NA,NA,NA
"degree_only_LCN2",1077,"STAT4",0.000324242289791776,NA,NA,NA
"degree_only_LCN2",1078,"ADRB2",0.000148693401879507,NA,NA,NA
"degree_only_LCN2",1079,"ACACA",7.98311027262466e-05,NA,NA,NA
"degree_only_LCN2",1080,"ALDH2",5.15659678518299e-05,NA,NA,NA
"degree_only_LCN2",1081,"PRKAG2",0.00023019859617357,NA,NA,NA
"degree_only_LCN2",1082,"ALDH2",5.15659678518299e-05,NA,NA,NA
"degree_only_LCN2",1083,"BTK",0.000119272845312435,NA,NA,NA
"degree_only_LCN2",1084,"SDHA",0.000611111269984921,NA,NA,NA
"degree_only_LCN2",1085,"RYR2",4.78345186669671e-05,NA,NA,NA
"degree_only_LCN2",1086,"LGALS3",1.90104129516033e-06,NA,NA,NA
"degree_only_LCN2",1087,"SHH",1.43206732026169e-05,NA,NA,NA
"degree_only_LCN2",1088,"PCNA",0.000281828068793732,NA,NA,NA
"degree_only_LCN2",1089,"TEK",0,NA,NA,NA
"degree_only_LCN2",1090,"STAT4",0.000324242289791776,NA,NA,NA
"degree_only_LCN2",1091,"IRF1",0,NA,NA,NA
"degree_only_LCN2",1092,"DRD2",0.000217393825030943,NA,NA,NA
"degree_only_LCN2",1093,"ALDH1A3",0,NA,NA,NA
"degree_only_LCN2",1094,"CCR6",0,NA,NA,NA
"degree_only_LCN2",1095,"TEK",0,NA,NA,NA
"degree_only_LCN2",1096,"DRD2",0.000217393825030943,NA,NA,NA
"degree_only_LCN2",1097,"ITGA5",0.00127400659039045,NA,NA,NA
"degree_only_LCN2",1098,"MT-CYB",0.000203007681716216,NA,NA,NA
"degree_only_LCN2",1099,"KEAP1",8.90865911317151e-05,NA,NA,NA
"degree_only_LCN2",1100,"AGTR1",7.87895413547623e-05,NA,NA,NA
"degree_only_LCN2",1101,"SLC6A3",0.000164253248760127,NA,NA,NA
"degree_only_LCN2",1102,"BTK",0.000119272845312435,NA,NA,NA
"degree_only_LCN2",1103,"PCNA",0.000281828068793732,NA,NA,NA
"degree_only_LCN2",1104,"BTK",0.000119272845312435,NA,NA,NA
"degree_only_LCN2",1105,"SFN",1.88836433614448e-05,NA,NA,NA
"degree_only_LCN2",1106,"ADCY1",8.87083575196179e-06,NA,NA,NA
"degree_only_LCN2",1107,"ALDH1A3",0,NA,NA,NA
"degree_only_LCN2",1108,"BTK",0.000119272845312435,NA,NA,NA
"degree_only_LCN2",1109,"PRKAG2",0.00023019859617357,NA,NA,NA
"degree_only_LCN2",1110,"NCOA2",3.54820525111377e-05,NA,NA,NA
"degree_only_LCN2",1111,"RYR2",4.78345186669671e-05,NA,NA,NA
"degree_only_LCN2",1112,"KDM1A",0,NA,NA,NA
"degree_only_LCN2",1113,"DRD2",0.000217393825030943,NA,NA,NA
"degree_only_LCN2",1114,"CCR6",0,NA,NA,NA
"degree_only_LCN2",1115,"PCNA",0.000281828068793732,NA,NA,NA
"degree_only_LCN2",1116,"BGLAP",0.000139973984731978,NA,NA,NA
"degree_only_LCN2",1117,"ADCY1",8.87083575196179e-06,NA,NA,NA
"degree_only_LCN2",1118,"CS",0.000203624857343709,NA,NA,NA
"degree_only_LCN2",1119,"NCOA2",3.54820525111377e-05,NA,NA,NA
"degree_only_LCN2",1120,"ALDH1A3",0,NA,NA,NA
"degree_only_LCN2",1121,"SELE",1.58407098771463e-06,NA,NA,NA
"degree_only_LCN2",1122,"ATG5",1.93264314094499e-05,NA,NA,NA
"degree_only_LCN2",1123,"PCNA",0.000281828068793732,NA,NA,NA
"degree_only_LCN2",1124,"DRD2",0.000217393825030943,NA,NA,NA
"degree_only_LCN2",1125,"IRF1",0,NA,NA,NA
"degree_only_LCN2",1126,"BAX",8.97923976903581e-05,NA,NA,NA
"degree_only_LCN2",1127,"APAF1",0,NA,NA,NA
"degree_only_LCN2",1128,"EPOR",4.26416671160945e-05,NA,NA,NA
"degree_only_LCN2",1129,"AKR1C1",5.66614851992275e-05,NA,NA,NA
"degree_only_LCN2",1130,"NCOA2",3.54820525111377e-05,NA,NA,NA
"degree_only_LCN2",1131,"IRF1",0,NA,NA,NA
"degree_only_LCN2",1132,"SFN",1.88836433614448e-05,NA,NA,NA
"degree_only_LCN2",1133,"ADCY1",8.87083575196179e-06,NA,NA,NA
"degree_only_LCN2",1134,"AKR1C1",5.66614851992275e-05,NA,NA,NA
"degree_only_LCN2",1135,"BGLAP",0.000139973984731978,NA,NA,NA
"degree_only_LCN2",1136,"RYR2",4.78345186669671e-05,NA,NA,NA
"degree_only_LCN2",1137,"BTK",0.000119272845312435,NA,NA,NA
"degree_only_LCN2",1138,"TGFA",3.48528190785569e-06,NA,NA,NA
"degree_only_LCN2",1139,"MT-CYB",0.000203007681716216,NA,NA,NA
"degree_only_LCN2",1140,"BTK",0.000119272845312435,NA,NA,NA
"degree_only_LCN2",1141,"ALDH1A2",0,NA,NA,NA
"degree_only_LCN2",1142,"DRD2",0.000217393825030943,NA,NA,NA
"degree_only_LCN2",1143,"ADH7",0,NA,NA,NA
"degree_only_LCN2",1144,"DRD2",0.000217393825030943,NA,NA,NA
"degree_only_LCN2",1145,"ADRB2",0.000148693401879507,NA,NA,NA
"degree_only_LCN2",1146,"SELE",1.58407098771463e-06,NA,NA,NA
"degree_only_LCN2",1147,"ADH4",0,NA,NA,NA
"degree_only_LCN2",1148,"ALDH3A1",7.8987277396747e-05,NA,NA,NA
"degree_only_LCN2",1149,"CCL22",0,NA,NA,NA
"degree_only_LCN2",1150,"PRKDC",3.48518119952512e-06,NA,NA,NA
"degree_only_LCN2",1151,"ADCY1",8.87083575196179e-06,NA,NA,NA
"degree_only_LCN2",1152,"RARA",0.000182812715244118,NA,NA,NA
"degree_only_LCN2",1153,"BAX",8.97923976903581e-05,NA,NA,NA
"degree_only_LCN2",1154,"TGFA",3.48528190785569e-06,NA,NA,NA
"degree_only_LCN2",1155,"SCN1B",0.00123489854843939,NA,NA,NA
"degree_only_LCN2",1156,"CCR6",0,NA,NA,NA
"degree_only_LCN2",1157,"TEK",0,NA,NA,NA
"degree_only_LCN2",1158,"PCNA",0.000281828068793732,NA,NA,NA
"degree_only_LCN2",1159,"SDHA",0.000611111269984921,NA,NA,NA
"degree_only_LCN2",1160,"BTK",0.000119272845312435,NA,NA,NA
"degree_only_LCN2",1161,"RARA",0.000182812715244118,NA,NA,NA
"degree_only_LCN2",1162,"SCN1B",0.00123489854843939,NA,NA,NA
"degree_only_LCN2",1163,"AKR1C1",5.66614851992275e-05,NA,NA,NA
"degree_only_LCN2",1164,"KDM1A",0,NA,NA,NA
"degree_only_LCN2",1165,"TGFA",3.48528190785569e-06,NA,NA,NA
"degree_only_LCN2",1166,"BTK",0.000119272845312435,NA,NA,NA
"degree_only_LCN2",1167,"PRKAG2",0.00023019859617357,NA,NA,NA
"degree_only_LCN2",1168,"TGFA",3.48528190785569e-06,NA,NA,NA
"degree_only_LCN2",1169,"NCOA2",3.54820525111377e-05,NA,NA,NA
"degree_only_LCN2",1170,"ALDH1A3",0,NA,NA,NA
"degree_only_LCN2",1171,"BGLAP",0.000139973984731978,NA,NA,NA
"degree_only_LCN2",1172,"ALDH3A1",7.8987277396747e-05,NA,NA,NA
"degree_only_LCN2",1173,"BGLAP",0.000139973984731978,NA,NA,NA
"degree_only_LCN2",1174,"ACE2",6.17806475236016e-05,NA,NA,NA
"degree_only_LCN2",1175,"KEAP1",8.90865911317151e-05,NA,NA,NA
"degree_only_LCN2",1176,"BTK",0.000119272845312435,NA,NA,NA
"degree_only_LCN2",1177,"SDHA",0.000611111269984921,NA,NA,NA
"degree_only_LCN2",1178,"AKR1C1",5.66614851992275e-05,NA,NA,NA
"degree_only_LCN2",1179,"AGTR1",7.87895413547623e-05,NA,NA,NA
"degree_only_LCN2",1180,"ITGA5",0.00127400659039045,NA,NA,NA
"degree_only_LCN2",1181,"NCOA2",3.54820525111377e-05,NA,NA,NA
"degree_only_LCN2",1182,"ADCY1",8.87083575196179e-06,NA,NA,NA
"degree_only_LCN2",1183,"LGALS3",1.90104129516033e-06,NA,NA,NA
"degree_only_LCN2",1184,"TEK",0,NA,NA,NA
"degree_only_LCN2",1185,"ACE2",6.17806475236016e-05,NA,NA,NA
"degree_only_LCN2",1186,"CS",0.000203624857343709,NA,NA,NA
"degree_only_LCN2",1187,"CS",0.000203624857343709,NA,NA,NA
"degree_only_LCN2",1188,"CS",0.000203624857343709,NA,NA,NA
"degree_only_LCN2",1189,"CS",0.000203624857343709,NA,NA,NA
"degree_only_LCN2",1190,"LGALS3",1.90104129516033e-06,NA,NA,NA
"degree_only_LCN2",1191,"GRIN2C",0,NA,NA,NA
"degree_only_LCN2",1192,"PRKDC",3.48518119952512e-06,NA,NA,NA
"degree_only_LCN2",1193,"ALDH1A2",0,NA,NA,NA
"degree_only_LCN2",1194,"KEAP1",8.90865911317151e-05,NA,NA,NA
"degree_only_LCN2",1195,"ADCY1",8.87083575196179e-06,NA,NA,NA
"degree_only_LCN2",1196,"ACE2",6.17806475236016e-05,NA,NA,NA
"degree_only_LCN2",1197,"MT-CYB",0.000203007681716216,NA,NA,NA
"degree_only_LCN2",1198,"SHH",1.43206732026169e-05,NA,NA,NA
"degree_only_LCN2",1199,"SELE",1.58407098771463e-06,NA,NA,NA
"degree_only_LCN2",1200,"ALDH1A3",0,NA,NA,NA
"degree_only_LCN2",1201,"SCN1B",0.00123489854843939,NA,NA,NA
"degree_only_LCN2",1202,"LGALS3",1.90104129516033e-06,NA,NA,NA
"degree_only_LCN2",1203,"CCL22",0,NA,NA,NA
"degree_only_LCN2",1204,"PCNA",0.000281828068793732,NA,NA,NA
"degree_only_LCN2",1205,"ADCY2",0,NA,NA,NA
"degree_only_LCN2",1206,"PRKDC",3.48518119952512e-06,NA,NA,NA
"degree_only_LCN2",1207,"ADCY2",0,NA,NA,NA
"degree_only_LCN2",1208,"NCOA2",3.54820525111377e-05,NA,NA,NA
"degree_only_LCN2",1209,"CACNA1B",0,NA,NA,NA
"degree_only_LCN2",1210,"GRIN2C",0,NA,NA,NA
"degree_only_LCN2",1211,"ACE2",6.17806475236016e-05,NA,NA,NA
"degree_only_LCN2",1212,"SDHA",0.000611111269984921,NA,NA,NA
"degree_only_LCN2",1213,"GRIN2C",0,NA,NA,NA
"degree_only_LCN2",1214,"ADH7",0,NA,NA,NA
"degree_only_LCN2",1215,"BTK",0.000119272845312435,NA,NA,NA
"degree_only_LCN2",1216,"BAX",8.97923976903581e-05,NA,NA,NA
"degree_only_LCN2",1217,"ATG5",1.93264314094499e-05,NA,NA,NA
"degree_only_LCN2",1218,"SELE",1.58407098771463e-06,NA,NA,NA
"degree_only_LCN2",1219,"BGLAP",0.000139973984731978,NA,NA,NA
"degree_only_LCN2",1220,"PCNA",0.000281828068793732,NA,NA,NA
"degree_only_LCN2",1221,"KDM1A",0,NA,NA,NA
"degree_only_LCN2",1222,"IRF1",0,NA,NA,NA
"degree_only_LCN2",1223,"ACACA",7.98311027262466e-05,NA,NA,NA
"degree_only_LCN2",1224,"SELE",1.58407098771463e-06,NA,NA,NA
"degree_only_LCN2",1225,"ITGA5",0.00127400659039045,NA,NA,NA
"degree_only_LCN2",1226,"ADCY2",0,NA,NA,NA
"degree_only_LCN2",1227,"SHH",1.43206732026169e-05,NA,NA,NA
"degree_only_LCN2",1228,"KDM1A",0,NA,NA,NA
"degree_only_LCN2",1229,"ACACA",7.98311027262466e-05,NA,NA,NA
"degree_only_LCN2",1230,"SFN",1.88836433614448e-05,NA,NA,NA
"degree_only_LCN2",1231,"SCN1B",0.00123489854843939,NA,NA,NA
"degree_only_LCN2",1232,"BAX",8.97923976903581e-05,NA,NA,NA
"degree_only_LCN2",1233,"NCOA2",3.54820525111377e-05,NA,NA,NA
"degree_only_LCN2",1234,"ADCY1",8.87083575196179e-06,NA,NA,NA
"degree_only_LCN2",1235,"ATG5",1.93264314094499e-05,NA,NA,NA
"degree_only_LCN2",1236,"ITGA5",0.00127400659039045,NA,NA,NA
"degree_only_LCN2",1237,"PCNA",0.000281828068793732,NA,NA,NA
"degree_only_LCN2",1238,"PRKDC",3.48518119952512e-06,NA,NA,NA
"degree_only_LCN2",1239,"RYR2",4.78345186669671e-05,NA,NA,NA
"degree_only_LCN2",1240,"BAX",8.97923976903581e-05,NA,NA,NA
"degree_only_LCN2",1241,"ALDH1A3",0,NA,NA,NA
"degree_only_LCN2",1242,"RYR2",4.78345186669671e-05,NA,NA,NA
"degree_only_LCN2",1243,"BTK",0.000119272845312435,NA,NA,NA
"degree_only_LCN2",1244,"CCL22",0,NA,NA,NA
"degree_only_LCN2",1245,"BAX",8.97923976903581e-05,NA,NA,NA
"degree_only_LCN2",1246,"ALDH1A2",0,NA,NA,NA
"degree_only_LCN2",1247,"NOD2",2.72727341009693e-05,NA,NA,NA
"degree_only_LCN2",1248,"IRF1",0,NA,NA,NA
"degree_only_LCN2",1249,"BTK",0.000119272845312435,NA,NA,NA
"degree_only_LCN2",1250,"ALDH2",5.15659678518299e-05,NA,NA,NA
"degree_only_LCN2",1251,"CS",0.000203624857343709,NA,NA,NA
"degree_only_LCN2",1252,"ACTG1",2.72461711825489e-06,NA,NA,NA
"degree_only_LCN2",1253,"ACACA",7.98311027262466e-05,NA,NA,NA
"degree_only_LCN2",1254,"ACE2",6.17806475236016e-05,NA,NA,NA
"degree_only_LCN2",1255,"EPOR",4.26416671160945e-05,NA,NA,NA
"degree_only_LCN2",1256,"ADCY1",8.87083575196179e-06,NA,NA,NA
"degree_only_LCN2",1257,"BAX",8.97923976903581e-05,NA,NA,NA
"degree_only_LCN2",1258,"CCR6",0,NA,NA,NA
"degree_only_LCN2",1259,"CS",0.000203624857343709,NA,NA,NA
"degree_only_LCN2",1260,"ACE2",6.17806475236016e-05,NA,NA,NA
"degree_only_LCN2",1261,"PRKAG2",0.00023019859617357,NA,NA,NA
"degree_only_LCN2",1262,"TEK",0,NA,NA,NA
"degree_only_LCN2",1263,"EPOR",4.26416671160945e-05,NA,NA,NA
"degree_only_LCN2",1264,"NOD2",2.72727341009693e-05,NA,NA,NA
"degree_only_LCN2",1265,"ADCY2",0,NA,NA,NA
"degree_only_LCN2",1266,"AKR1C1",5.66614851992275e-05,NA,NA,NA
"degree_only_LCN2",1267,"SELE",1.58407098771463e-06,NA,NA,NA
"degree_only_LCN2",1268,"ALDH1A3",0,NA,NA,NA
"degree_only_LCN2",1269,"SCN1B",0.00123489854843939,NA,NA,NA
"degree_only_LCN2",1270,"ALDH3A1",7.8987277396747e-05,NA,NA,NA
"degree_only_LCN2",1271,"ACTG1",2.72461711825489e-06,NA,NA,NA
"degree_only_LCN2",1272,"DRD2",0.000217393825030943,NA,NA,NA
"degree_only_LCN2",1273,"TEK",0,NA,NA,NA
"degree_only_LCN2",1274,"AGTR1",7.87895413547623e-05,NA,NA,NA
"degree_only_LCN2",1275,"SDHA",0.000611111269984921,NA,NA,NA
"degree_only_LCN2",1276,"PLAU",9.12459578450431e-06,NA,NA,NA
"degree_only_LCN2",1277,"ADRB2",0.000148693401879507,NA,NA,NA
"degree_only_LCN2",1278,"ITGA5",0.00127400659039045,NA,NA,NA
"degree_only_LCN2",1279,"IRF1",0,NA,NA,NA
"degree_only_LCN2",1280,"KDM1A",0,NA,NA,NA
"degree_only_LCN2",1281,"ALDH1A3",0,NA,NA,NA
"degree_only_LCN2",1282,"ALDH3A1",7.8987277396747e-05,NA,NA,NA
"degree_only_LCN2",1283,"CACNA1B",0,NA,NA,NA
"degree_only_LCN2",1284,"ATG5",1.93264314094499e-05,NA,NA,NA
"degree_only_LCN2",1285,"ALDH1A2",0,NA,NA,NA
"degree_only_LCN2",1286,"ALDH2",5.15659678518299e-05,NA,NA,NA
"degree_only_LCN2",1287,"BTK",0.000119272845312435,NA,NA,NA
"degree_only_LCN2",1288,"ADCY1",8.87083575196179e-06,NA,NA,NA
"degree_only_LCN2",1289,"NCOA2",3.54820525111377e-05,NA,NA,NA
"degree_only_LCN2",1290,"SCN1B",0.00123489854843939,NA,NA,NA
"degree_only_LCN2",1291,"ADCY2",0,NA,NA,NA
"degree_only_LCN2",1292,"GRIN2C",0,NA,NA,NA
"degree_only_LCN2",1293,"ADRB2",0.000148693401879507,NA,NA,NA
"degree_only_LCN2",1294,"ALDH1A3",0,NA,NA,NA
"degree_only_LCN2",1295,"SELE",1.58407098771463e-06,NA,NA,NA
"degree_only_LCN2",1296,"KDM1A",0,NA,NA,NA
"degree_only_LCN2",1297,"BGLAP",0.000139973984731978,NA,NA,NA
"degree_only_LCN2",1298,"ALDH1A2",0,NA,NA,NA
"degree_only_LCN2",1299,"ITGA5",0.00127400659039045,NA,NA,NA
"degree_only_LCN2",1300,"NOD2",2.72727341009693e-05,NA,NA,NA
"degree_only_LCN2",1301,"SHH",1.43206732026169e-05,NA,NA,NA
"degree_only_LCN2",1302,"RARA",0.000182812715244118,NA,NA,NA
"degree_only_LCN2",1303,"RYR2",4.78345186669671e-05,NA,NA,NA
"degree_only_LCN2",1304,"SLC6A3",0.000164253248760127,NA,NA,NA
"degree_only_LCN2",1305,"CCL22",0,NA,NA,NA
"degree_only_LCN2",1306,"MT-CYB",0.000203007681716216,NA,NA,NA
"degree_only_LCN2",1307,"ALDH3A1",7.8987277396747e-05,NA,NA,NA
"degree_only_LCN2",1308,"GRIN2C",0,NA,NA,NA
"degree_only_LCN2",1309,"BTK",0.000119272845312435,NA,NA,NA
"degree_only_LCN2",1310,"ALDH1A3",0,NA,NA,NA
"degree_only_LCN2",1311,"ALDH1A3",0,NA,NA,NA
"degree_only_LCN2",1312,"MT-CYB",0.000203007681716216,NA,NA,NA
"degree_only_LCN2",1313,"ATG5",1.93264314094499e-05,NA,NA,NA
"degree_only_LCN2",1314,"ACACA",7.98311027262466e-05,NA,NA,NA
"degree_only_LCN2",1315,"ADH7",0,NA,NA,NA
"degree_only_LCN2",1316,"TGFA",3.48528190785569e-06,NA,NA,NA
"degree_only_LCN2",1317,"AKR1C1",5.66614851992275e-05,NA,NA,NA
"degree_only_LCN2",1318,"ALDH1A3",0,NA,NA,NA
"degree_only_LCN2",1319,"ADCY2",0,NA,NA,NA
"degree_only_LCN2",1320,"STAT4",0.000324242289791776,NA,NA,NA
"degree_only_LCN2",1321,"ADCY2",0,NA,NA,NA
"degree_only_LCN2",1322,"CYP1B1",1.26701867375623e-06,NA,NA,NA
"degree_only_LCN2",1323,"ALDH2",5.15659678518299e-05,NA,NA,NA
"degree_only_LCN2",1324,"LGALS3",1.90104129516033e-06,NA,NA,NA
"degree_only_LCN2",1325,"CCR6",0,NA,NA,NA
"degree_only_LCN2",1326,"APAF1",0,NA,NA,NA
"degree_only_LCN2",1327,"SCN1B",0.00123489854843939,NA,NA,NA
"degree_only_LCN2",1328,"ACE2",6.17806475236016e-05,NA,NA,NA
"degree_only_LCN2",1329,"LGALS3",1.90104129516033e-06,NA,NA,NA
"degree_only_LCN2",1330,"RYR2",4.78345186669671e-05,NA,NA,NA
"degree_only_LCN2",1331,"BTK",0.000119272845312435,NA,NA,NA
"degree_only_LCN2",1332,"BGLAP",0.000139973984731978,NA,NA,NA
"degree_only_LCN2",1333,"ALDH1A2",0,NA,NA,NA
"degree_only_LCN2",1334,"AGTR1",7.87895413547623e-05,NA,NA,NA
"degree_only_LCN2",1335,"ACE2",6.17806475236016e-05,NA,NA,NA
"degree_only_LCN2",1336,"ITGA5",0.00127400659039045,NA,NA,NA
"degree_only_LCN2",1337,"ACE2",6.17806475236016e-05,NA,NA,NA
"degree_only_LCN2",1338,"BGLAP",0.000139973984731978,NA,NA,NA
"degree_only_LCN2",1339,"ADH4",0,NA,NA,NA
"degree_only_LCN2",1340,"BAX",8.97923976903581e-05,NA,NA,NA
"degree_only_LCN2",1341,"KEAP1",8.90865911317151e-05,NA,NA,NA
"degree_only_LCN2",1342,"TGFA",3.48528190785569e-06,NA,NA,NA
"degree_only_LCN2",1343,"PRKDC",3.48518119952512e-06,NA,NA,NA
"degree_only_LCN2",1344,"APAF1",0,NA,NA,NA
"degree_only_LCN2",1345,"BGLAP",0.000139973984731978,NA,NA,NA
"degree_only_LCN2",1346,"EPOR",4.26416671160945e-05,NA,NA,NA
"degree_only_LCN2",1347,"KEAP1",8.90865911317151e-05,NA,NA,NA
"degree_only_LCN2",1348,"TGFA",3.48528190785569e-06,NA,NA,NA
"degree_only_LCN2",1349,"RARA",0.000182812715244118,NA,NA,NA
"degree_only_LCN2",1350,"SHH",1.43206732026169e-05,NA,NA,NA
"degree_only_LCN2",1351,"CS",0.000203624857343709,NA,NA,NA
"degree_only_LCN2",1352,"SFN",1.88836433614448e-05,NA,NA,NA
"degree_only_LCN2",1353,"TGFA",3.48528190785569e-06,NA,NA,NA
"degree_only_LCN2",1354,"BTK",0.000119272845312435,NA,NA,NA
"degree_only_LCN2",1355,"STAT4",0.000324242289791776,NA,NA,NA
"degree_only_LCN2",1356,"EPOR",4.26416671160945e-05,NA,NA,NA
"degree_only_LCN2",1357,"ATG5",1.93264314094499e-05,NA,NA,NA
"degree_only_LCN2",1358,"ACTG1",2.72461711825489e-06,NA,NA,NA
"degree_only_LCN2",1359,"APAF1",0,NA,NA,NA
"degree_only_LCN2",1360,"ACACA",7.98311027262466e-05,NA,NA,NA
"degree_only_LCN2",1361,"ACACA",7.98311027262466e-05,NA,NA,NA
"degree_only_LCN2",1362,"BTK",0.000119272845312435,NA,NA,NA
"degree_only_LCN2",1363,"SHH",1.43206732026169e-05,NA,NA,NA
"degree_only_LCN2",1364,"NCOA2",3.54820525111377e-05,NA,NA,NA
"degree_only_LCN2",1365,"KDM1A",0,NA,NA,NA
"degree_only_LCN2",1366,"ATG5",1.93264314094499e-05,NA,NA,NA
"degree_only_LCN2",1367,"LGALS3",1.90104129516033e-06,NA,NA,NA
"degree_only_LCN2",1368,"RARA",0.000182812715244118,NA,NA,NA
"degree_only_LCN2",1369,"CCL22",0,NA,NA,NA
"degree_only_LCN2",1370,"BTK",0.000119272845312435,NA,NA,NA
"degree_only_LCN2",1371,"SFN",1.88836433614448e-05,NA,NA,NA
"degree_only_LCN2",1372,"ACACA",7.98311027262466e-05,NA,NA,NA
"degree_only_LCN2",1373,"ALDH2",5.15659678518299e-05,NA,NA,NA
"degree_only_LCN2",1374,"ADH4",0,NA,NA,NA
"degree_only_LCN2",1375,"DRD2",0.000217393825030943,NA,NA,NA
"degree_only_LCN2",1376,"CACNA1B",0,NA,NA,NA
"degree_only_LCN2",1377,"SCN1B",0.00123489854843939,NA,NA,NA
"degree_only_LCN2",1378,"AKR1C1",5.66614851992275e-05,NA,NA,NA
"degree_only_LCN2",1379,"ADCY2",0,NA,NA,NA
"degree_only_LCN2",1380,"BAX",8.97923976903581e-05,NA,NA,NA
"degree_only_LCN2",1381,"ACTG1",2.72461711825489e-06,NA,NA,NA
"degree_only_LCN2",1382,"BGLAP",0.000139973984731978,NA,NA,NA
"degree_only_LCN2",1383,"PRKAG2",0.00023019859617357,NA,NA,NA
"degree_only_LCN2",1384,"TEK",0,NA,NA,NA
"degree_only_LCN2",1385,"IRF1",0,NA,NA,NA
"degree_only_LCN2",1386,"CCR6",0,NA,NA,NA
"degree_only_LCN2",1387,"ALDH3A1",7.8987277396747e-05,NA,NA,NA
"degree_only_LCN2",1388,"SLC6A3",0.000164253248760127,NA,NA,NA
"degree_only_LCN2",1389,"EPOR",4.26416671160945e-05,NA,NA,NA
"degree_only_LCN2",1390,"CCL22",0,NA,NA,NA
"degree_only_LCN2",1391,"SDHA",0.000611111269984921,NA,NA,NA
"degree_only_LCN2",1392,"ALDH1A3",0,NA,NA,NA
"degree_only_LCN2",1393,"EPOR",4.26416671160945e-05,NA,NA,NA
"degree_only_LCN2",1394,"ADCY1",8.87083575196179e-06,NA,NA,NA
"degree_only_LCN2",1395,"APAF1",0,NA,NA,NA
"degree_only_LCN2",1396,"ALDH2",5.15659678518299e-05,NA,NA,NA
"degree_only_LCN2",1397,"NCOA2",3.54820525111377e-05,NA,NA,NA
"degree_only_LCN2",1398,"RYR2",4.78345186669671e-05,NA,NA,NA
"degree_only_LCN2",1399,"SCN1B",0.00123489854843939,NA,NA,NA
"degree_only_LCN2",1400,"SCN1B",0.00123489854843939,NA,NA,NA
"degree_only_LCN2",1401,"TGFA",3.48528190785569e-06,NA,NA,NA
"degree_only_LCN2",1402,"ACACA",7.98311027262466e-05,NA,NA,NA
"degree_only_LCN2",1403,"LGALS3",1.90104129516033e-06,NA,NA,NA
"degree_only_LCN2",1404,"EPOR",4.26416671160945e-05,NA,NA,NA
"degree_only_LCN2",1405,"ADCY2",0,NA,NA,NA
"degree_only_LCN2",1406,"PRKAG2",0.00023019859617357,NA,NA,NA
"degree_only_LCN2",1407,"APAF1",0,NA,NA,NA
"degree_only_LCN2",1408,"STAT4",0.000324242289791776,NA,NA,NA
"degree_only_LCN2",1409,"ACE2",6.17806475236016e-05,NA,NA,NA
"degree_only_LCN2",1410,"ALDH1A2",0,NA,NA,NA
"degree_only_LCN2",1411,"CACNA1B",0,NA,NA,NA
"degree_only_LCN2",1412,"RYR2",4.78345186669671e-05,NA,NA,NA
"degree_only_LCN2",1413,"ADH4",0,NA,NA,NA
"degree_only_LCN2",1414,"BGLAP",0.000139973984731978,NA,NA,NA
"degree_only_LCN2",1415,"CS",0.000203624857343709,NA,NA,NA
"degree_only_LCN2",1416,"APAF1",0,NA,NA,NA
"degree_only_LCN2",1417,"CCR6",0,NA,NA,NA
"degree_only_LCN2",1418,"ADCY2",0,NA,NA,NA
"degree_only_LCN2",1419,"ALDH3A1",7.8987277396747e-05,NA,NA,NA
"degree_only_LCN2",1420,"RYR2",4.78345186669671e-05,NA,NA,NA
"degree_only_LCN2",1421,"ADH4",0,NA,NA,NA
"degree_only_LCN2",1422,"KDM1A",0,NA,NA,NA
"degree_only_LCN2",1423,"DRD2",0.000217393825030943,NA,NA,NA
"degree_only_LCN2",1424,"BTK",0.000119272845312435,NA,NA,NA
"degree_only_LCN2",1425,"CCL22",0,NA,NA,NA
"degree_only_LCN2",1426,"IRF1",0,NA,NA,NA
"degree_only_LCN2",1427,"MT-CYB",0.000203007681716216,NA,NA,NA
"degree_only_LCN2",1428,"BAX",8.97923976903581e-05,NA,NA,NA
"degree_only_LCN2",1429,"RARA",0.000182812715244118,NA,NA,NA
"degree_only_LCN2",1430,"KDM1A",0,NA,NA,NA
"degree_only_LCN2",1431,"ALDH1A3",0,NA,NA,NA
"degree_only_LCN2",1432,"TEK",0,NA,NA,NA
"degree_only_LCN2",1433,"DRD2",0.000217393825030943,NA,NA,NA
"degree_only_LCN2",1434,"CACNA1B",0,NA,NA,NA
"degree_only_LCN2",1435,"ADRB2",0.000148693401879507,NA,NA,NA
"degree_only_LCN2",1436,"LGALS3",1.90104129516033e-06,NA,NA,NA
"degree_only_LCN2",1437,"ALDH1A2",0,NA,NA,NA
"degree_only_LCN2",1438,"CACNA1B",0,NA,NA,NA
"degree_only_LCN2",1439,"TGFA",3.48528190785569e-06,NA,NA,NA
"degree_only_LCN2",1440,"KEAP1",8.90865911317151e-05,NA,NA,NA
"degree_only_LCN2",1441,"PRKAG2",0.00023019859617357,NA,NA,NA
"degree_only_LCN2",1442,"ACE2",6.17806475236016e-05,NA,NA,NA
"degree_only_LCN2",1443,"ADCY1",8.87083575196179e-06,NA,NA,NA
"degree_only_LCN2",1444,"ACE2",6.17806475236016e-05,NA,NA,NA
"degree_only_LCN2",1445,"CS",0.000203624857343709,NA,NA,NA
"degree_only_LCN2",1446,"TGFA",3.48528190785569e-06,NA,NA,NA
"degree_only_LCN2",1447,"ADH4",0,NA,NA,NA
"degree_only_LCN2",1448,"ALDH3A1",7.8987277396747e-05,NA,NA,NA
"degree_only_LCN2",1449,"ALDH1A3",0,NA,NA,NA
"degree_only_LCN2",1450,"SCN1B",0.00123489854843939,NA,NA,NA
"degree_only_LCN2",1451,"MT-CYB",0.000203007681716216,NA,NA,NA
"degree_only_LCN2",1452,"SCN1B",0.00123489854843939,NA,NA,NA
"degree_only_LCN2",1453,"NOD2",2.72727341009693e-05,NA,NA,NA
"degree_only_LCN2",1454,"GRIN2C",0,NA,NA,NA
"degree_only_LCN2",1455,"CS",0.000203624857343709,NA,NA,NA
"degree_only_LCN2",1456,"STAT4",0.000324242289791776,NA,NA,NA
"degree_only_LCN2",1457,"STAT4",0.000324242289791776,NA,NA,NA
"degree_only_LCN2",1458,"KEAP1",8.90865911317151e-05,NA,NA,NA
"degree_only_LCN2",1459,"CCR6",0,NA,NA,NA
"degree_only_LCN2",1460,"ADH4",0,NA,NA,NA
"degree_only_LCN2",1461,"ALDH1A2",0,NA,NA,NA
"degree_only_LCN2",1462,"ACE2",6.17806475236016e-05,NA,NA,NA
"degree_only_LCN2",1463,"SFN",1.88836433614448e-05,NA,NA,NA
"degree_only_LCN2",1464,"PRKAG2",0.00023019859617357,NA,NA,NA
"degree_only_LCN2",1465,"RYR2",4.78345186669671e-05,NA,NA,NA
"degree_only_LCN2",1466,"KDM1A",0,NA,NA,NA
"degree_only_LCN2",1467,"ADH7",0,NA,NA,NA
"degree_only_LCN2",1468,"ADH4",0,NA,NA,NA
"degree_only_LCN2",1469,"GRIN2C",0,NA,NA,NA
"degree_only_LCN2",1470,"ADCY1",8.87083575196179e-06,NA,NA,NA
"degree_only_LCN2",1471,"TGFA",3.48528190785569e-06,NA,NA,NA
"degree_only_LCN2",1472,"ITGA5",0.00127400659039045,NA,NA,NA
"degree_only_LCN2",1473,"ACACA",7.98311027262466e-05,NA,NA,NA
"degree_only_LCN2",1474,"IRF1",0,NA,NA,NA
"degree_only_LCN2",1475,"PRKDC",3.48518119952512e-06,NA,NA,NA
"degree_only_LCN2",1476,"KDM1A",0,NA,NA,NA
"degree_only_LCN2",1477,"IRF1",0,NA,NA,NA
"degree_only_LCN2",1478,"STAT4",0.000324242289791776,NA,NA,NA
"degree_only_LCN2",1479,"ALDH3A1",7.8987277396747e-05,NA,NA,NA
"degree_only_LCN2",1480,"ACTG1",2.72461711825489e-06,NA,NA,NA
"degree_only_LCN2",1481,"ALDH1A2",0,NA,NA,NA
"degree_only_LCN2",1482,"GRIN2C",0,NA,NA,NA
"degree_only_LCN2",1483,"NOD2",2.72727341009693e-05,NA,NA,NA
"degree_only_LCN2",1484,"ALDH2",5.15659678518299e-05,NA,NA,NA
"degree_only_LCN2",1485,"ALDH3A1",7.8987277396747e-05,NA,NA,NA
"degree_only_LCN2",1486,"MT-CYB",0.000203007681716216,NA,NA,NA
"degree_only_LCN2",1487,"CCL22",0,NA,NA,NA
"degree_only_LCN2",1488,"STAT4",0.000324242289791776,NA,NA,NA
"degree_only_LCN2",1489,"CYP1B1",1.26701867375623e-06,NA,NA,NA
"degree_only_LCN2",1490,"MT-CYB",0.000203007681716216,NA,NA,NA
"degree_only_LCN2",1491,"ACE2",6.17806475236016e-05,NA,NA,NA
"degree_only_LCN2",1492,"AGTR1",7.87895413547623e-05,NA,NA,NA
"degree_only_LCN2",1493,"SCN1B",0.00123489854843939,NA,NA,NA
"degree_only_LCN2",1494,"NCOA2",3.54820525111377e-05,NA,NA,NA
"degree_only_LCN2",1495,"IRF1",0,NA,NA,NA
"degree_only_LCN2",1496,"CS",0.000203624857343709,NA,NA,NA
"degree_only_LCN2",1497,"ATG5",1.93264314094499e-05,NA,NA,NA
"degree_only_LCN2",1498,"NOD2",2.72727341009693e-05,NA,NA,NA
"degree_only_LCN2",1499,"ADRB2",0.000148693401879507,NA,NA,NA
"degree_only_LCN2",1500,"SHH",1.43206732026169e-05,NA,NA,NA
"degree_only_LCN2",1501,"RARA",0.000182812715244118,NA,NA,NA
"degree_only_LCN2",1502,"MT-CYB",0.000203007681716216,NA,NA,NA
"degree_only_LCN2",1503,"STAT4",0.000324242289791776,NA,NA,NA
"degree_only_LCN2",1504,"CCR6",0,NA,NA,NA
"degree_only_LCN2",1505,"KDM1A",0,NA,NA,NA
"degree_only_LCN2",1506,"SELE",1.58407098771463e-06,NA,NA,NA
"degree_only_LCN2",1507,"SCN1B",0.00123489854843939,NA,NA,NA
"degree_only_LCN2",1508,"KEAP1",8.90865911317151e-05,NA,NA,NA
"degree_only_LCN2",1509,"AKR1C1",5.66614851992275e-05,NA,NA,NA
"degree_only_LCN2",1510,"ADRB2",0.000148693401879507,NA,NA,NA
"degree_only_LCN2",1511,"EPOR",4.26416671160945e-05,NA,NA,NA
"degree_only_LCN2",1512,"ITGA5",0.00127400659039045,NA,NA,NA
"degree_only_LCN2",1513,"NOD2",2.72727341009693e-05,NA,NA,NA
"degree_only_LCN2",1514,"MT-CYB",0.000203007681716216,NA,NA,NA
"degree_only_LCN2",1515,"TGFA",3.48528190785569e-06,NA,NA,NA
"degree_only_LCN2",1516,"BGLAP",0.000139973984731978,NA,NA,NA
"degree_only_LCN2",1517,"PCNA",0.000281828068793732,NA,NA,NA
"degree_only_LCN2",1518,"RYR2",4.78345186669671e-05,NA,NA,NA
"degree_only_LCN2",1519,"AKR1C1",5.66614851992275e-05,NA,NA,NA
"degree_only_LCN2",1520,"IRF1",0,NA,NA,NA
"degree_only_LCN2",1521,"ACE2",6.17806475236016e-05,NA,NA,NA
"degree_only_LCN2",1522,"RYR2",4.78345186669671e-05,NA,NA,NA
"degree_only_LCN2",1523,"KEAP1",8.90865911317151e-05,NA,NA,NA
"degree_only_LCN2",1524,"BGLAP",0.000139973984731978,NA,NA,NA
"degree_only_LCN2",1525,"APAF1",0,NA,NA,NA
"degree_only_LCN2",1526,"RARA",0.000182812715244118,NA,NA,NA
"degree_only_LCN2",1527,"SHH",1.43206732026169e-05,NA,NA,NA
"degree_only_LCN2",1528,"ADCY1",8.87083575196179e-06,NA,NA,NA
"degree_only_LCN2",1529,"ALDH1A2",0,NA,NA,NA
"degree_only_LCN2",1530,"APAF1",0,NA,NA,NA
"degree_only_LCN2",1531,"ALDH3A1",7.8987277396747e-05,NA,NA,NA
"degree_only_LCN2",1532,"CS",0.000203624857343709,NA,NA,NA
"degree_only_LCN2",1533,"KDM1A",0,NA,NA,NA
"degree_only_LCN2",1534,"TEK",0,NA,NA,NA
"degree_only_LCN2",1535,"KEAP1",8.90865911317151e-05,NA,NA,NA
"degree_only_LCN2",1536,"TEK",0,NA,NA,NA
"degree_only_LCN2",1537,"KEAP1",8.90865911317151e-05,NA,NA,NA
"degree_only_LCN2",1538,"SELE",1.58407098771463e-06,NA,NA,NA
"degree_only_LCN2",1539,"ADCY1",8.87083575196179e-06,NA,NA,NA
"degree_only_LCN2",1540,"ADCY2",0,NA,NA,NA
"degree_only_LCN2",1541,"STAT4",0.000324242289791776,NA,NA,NA
"degree_only_LCN2",1542,"TEK",0,NA,NA,NA
"degree_only_LCN2",1543,"SFN",1.88836433614448e-05,NA,NA,NA
"degree_only_LCN2",1544,"LGALS3",1.90104129516033e-06,NA,NA,NA
"degree_only_LCN2",1545,"CS",0.000203624857343709,NA,NA,NA
"degree_only_LCN2",1546,"RYR2",4.78345186669671e-05,NA,NA,NA
"degree_only_LCN2",1547,"BGLAP",0.000139973984731978,NA,NA,NA
"degree_only_LCN2",1548,"AGTR1",7.87895413547623e-05,NA,NA,NA
"degree_only_LCN2",1549,"ADRB2",0.000148693401879507,NA,NA,NA
"degree_only_LCN2",1550,"EPOR",4.26416671160945e-05,NA,NA,NA
"degree_only_LCN2",1551,"BAX",8.97923976903581e-05,NA,NA,NA
"degree_only_LCN2",1552,"ITGA5",0.00127400659039045,NA,NA,NA
"degree_only_LCN2",1553,"KEAP1",8.90865911317151e-05,NA,NA,NA
"degree_only_LCN2",1554,"SDHA",0.000611111269984921,NA,NA,NA
"degree_only_LCN2",1555,"NOD2",2.72727341009693e-05,NA,NA,NA
"degree_only_LCN2",1556,"BAX",8.97923976903581e-05,NA,NA,NA
"degree_only_LCN2",1557,"PCNA",0.000281828068793732,NA,NA,NA
"degree_only_LCN2",1558,"PRKDC",3.48518119952512e-06,NA,NA,NA
"degree_only_LCN2",1559,"ALDH2",5.15659678518299e-05,NA,NA,NA
"degree_only_LCN2",1560,"ADH4",0,NA,NA,NA
"degree_only_LCN2",1561,"ACACA",7.98311027262466e-05,NA,NA,NA
"degree_only_LCN2",1562,"SHH",1.43206732026169e-05,NA,NA,NA
"degree_only_LCN2",1563,"CCR6",0,NA,NA,NA
"degree_only_LCN2",1564,"ATG5",1.93264314094499e-05,NA,NA,NA
"degree_only_LCN2",1565,"AGTR1",7.87895413547623e-05,NA,NA,NA
"degree_only_LCN2",1566,"IRF1",0,NA,NA,NA
"degree_only_LCN2",1567,"ACACA",7.98311027262466e-05,NA,NA,NA
"degree_only_LCN2",1568,"ALDH1A2",0,NA,NA,NA
"degree_only_LCN2",1569,"AKR1C1",5.66614851992275e-05,NA,NA,NA
"degree_only_LCN2",1570,"ADCY1",8.87083575196179e-06,NA,NA,NA
"degree_only_LCN2",1571,"AGTR1",7.87895413547623e-05,NA,NA,NA
"degree_only_LCN2",1572,"ALDH2",5.15659678518299e-05,NA,NA,NA
"degree_only_LCN2",1573,"IRF1",0,NA,NA,NA
"degree_only_LCN2",1574,"ADH7",0,NA,NA,NA
"degree_only_LCN2",1575,"SCN1B",0.00123489854843939,NA,NA,NA
"degree_only_LCN2",1576,"PRKAG2",0.00023019859617357,NA,NA,NA
"degree_only_LCN2",1577,"EPOR",4.26416671160945e-05,NA,NA,NA
"degree_only_LCN2",1578,"NCOA2",3.54820525111377e-05,NA,NA,NA
"degree_only_LCN2",1579,"STAT4",0.000324242289791776,NA,NA,NA
"degree_only_LCN2",1580,"PRKDC",3.48518119952512e-06,NA,NA,NA
"degree_only_LCN2",1581,"CCL22",0,NA,NA,NA
"degree_only_LCN2",1582,"IRF1",0,NA,NA,NA
"degree_only_LCN2",1583,"ACACA",7.98311027262466e-05,NA,NA,NA
"degree_only_LCN2",1584,"SELE",1.58407098771463e-06,NA,NA,NA
"degree_only_LCN2",1585,"MT-CYB",0.000203007681716216,NA,NA,NA
"degree_only_LCN2",1586,"SFN",1.88836433614448e-05,NA,NA,NA
"degree_only_LCN2",1587,"DRD2",0.000217393825030943,NA,NA,NA
"degree_only_LCN2",1588,"SLC6A3",0.000164253248760127,NA,NA,NA
"degree_only_LCN2",1589,"ALDH1A3",0,NA,NA,NA
"degree_only_LCN2",1590,"LGALS3",1.90104129516033e-06,NA,NA,NA
"degree_only_LCN2",1591,"NOD2",2.72727341009693e-05,NA,NA,NA
"degree_only_LCN2",1592,"ATG5",1.93264314094499e-05,NA,NA,NA
"degree_only_LCN2",1593,"BTK",0.000119272845312435,NA,NA,NA
"degree_only_LCN2",1594,"ACTG1",2.72461711825489e-06,NA,NA,NA
"degree_only_LCN2",1595,"CCL22",0,NA,NA,NA
"degree_only_LCN2",1596,"SDHA",0.000611111269984921,NA,NA,NA
"degree_only_LCN2",1597,"CCL22",0,NA,NA,NA
"degree_only_LCN2",1598,"AGTR1",7.87895413547623e-05,NA,NA,NA
"degree_only_LCN2",1599,"GRIN2C",0,NA,NA,NA
"degree_only_LCN2",1600,"AKR1C1",5.66614851992275e-05,NA,NA,NA
"degree_only_LCN2",1601,"STAT4",0.000324242289791776,NA,NA,NA
"degree_only_LCN2",1602,"ADRB2",0.000148693401879507,NA,NA,NA
"degree_only_LCN2",1603,"ADH4",0,NA,NA,NA
"degree_only_LCN2",1604,"PLAU",9.12459578450431e-06,NA,NA,NA
"degree_only_LCN2",1605,"KEAP1",8.90865911317151e-05,NA,NA,NA
"degree_only_LCN2",1606,"ADH7",0,NA,NA,NA
"degree_only_LCN2",1607,"AKR1C1",5.66614851992275e-05,NA,NA,NA
"degree_only_LCN2",1608,"ADCY1",8.87083575196179e-06,NA,NA,NA
"degree_only_LCN2",1609,"ALDH2",5.15659678518299e-05,NA,NA,NA
"degree_only_LCN2",1610,"ADCY2",0,NA,NA,NA
"degree_only_LCN2",1611,"ADCY2",0,NA,NA,NA
"degree_only_LCN2",1612,"ACACA",7.98311027262466e-05,NA,NA,NA
"degree_only_LCN2",1613,"KEAP1",8.90865911317151e-05,NA,NA,NA
"degree_only_LCN2",1614,"DRD2",0.000217393825030943,NA,NA,NA
"degree_only_LCN2",1615,"PLAU",9.12459578450431e-06,NA,NA,NA
"degree_only_LCN2",1616,"ALDH1A3",0,NA,NA,NA
"degree_only_LCN2",1617,"SLC6A3",0.000164253248760127,NA,NA,NA
"degree_only_LCN2",1618,"AGTR1",7.87895413547623e-05,NA,NA,NA
"degree_only_LCN2",1619,"ALDH1A2",0,NA,NA,NA
"degree_only_LCN2",1620,"PRKAG2",0.00023019859617357,NA,NA,NA
"degree_only_LCN2",1621,"DRD2",0.000217393825030943,NA,NA,NA
"degree_only_LCN2",1622,"RYR2",4.78345186669671e-05,NA,NA,NA
"degree_only_LCN2",1623,"LGALS3",1.90104129516033e-06,NA,NA,NA
"degree_only_LCN2",1624,"TEK",0,NA,NA,NA
"degree_only_LCN2",1625,"ALDH2",5.15659678518299e-05,NA,NA,NA
"degree_only_LCN2",1626,"DRD2",0.000217393825030943,NA,NA,NA
"degree_only_LCN2",1627,"TEK",0,NA,NA,NA
"degree_only_LCN2",1628,"SCN1B",0.00123489854843939,NA,NA,NA
"degree_only_LCN2",1629,"SCN1B",0.00123489854843939,NA,NA,NA
"degree_only_LCN2",1630,"TEK",0,NA,NA,NA
"degree_only_LCN2",1631,"PRKDC",3.48518119952512e-06,NA,NA,NA
"degree_only_LCN2",1632,"PRKDC",3.48518119952512e-06,NA,NA,NA
"degree_only_LCN2",1633,"KDM1A",0,NA,NA,NA
"degree_only_LCN2",1634,"DRD2",0.000217393825030943,NA,NA,NA
"degree_only_LCN2",1635,"SHH",1.43206732026169e-05,NA,NA,NA
"degree_only_LCN2",1636,"ALDH2",5.15659678518299e-05,NA,NA,NA
"degree_only_LCN2",1637,"NOD2",2.72727341009693e-05,NA,NA,NA
"degree_only_LCN2",1638,"AGTR1",7.87895413547623e-05,NA,NA,NA
"degree_only_LCN2",1639,"RYR2",4.78345186669671e-05,NA,NA,NA
"degree_only_LCN2",1640,"CYP1B1",1.26701867375623e-06,NA,NA,NA
"degree_only_LCN2",1641,"NOD2",2.72727341009693e-05,NA,NA,NA
"degree_only_LCN2",1642,"CCR6",0,NA,NA,NA
"degree_only_LCN2",1643,"ADCY2",0,NA,NA,NA
"degree_only_LCN2",1644,"AKR1C1",5.66614851992275e-05,NA,NA,NA
"degree_only_LCN2",1645,"PRKAG2",0.00023019859617357,NA,NA,NA
"degree_only_LCN2",1646,"ALDH1A2",0,NA,NA,NA
"degree_only_LCN2",1647,"BAX",8.97923976903581e-05,NA,NA,NA
"degree_only_LCN2",1648,"ACACA",7.98311027262466e-05,NA,NA,NA
"degree_only_LCN2",1649,"RYR2",4.78345186669671e-05,NA,NA,NA
"degree_only_LCN2",1650,"CACNA1B",0,NA,NA,NA
"degree_only_LCN2",1651,"ADH7",0,NA,NA,NA
"degree_only_LCN2",1652,"SCN1B",0.00123489854843939,NA,NA,NA
"degree_only_LCN2",1653,"SDHA",0.000611111269984921,NA,NA,NA
"degree_only_LCN2",1654,"NOD2",2.72727341009693e-05,NA,NA,NA
"degree_only_LCN2",1655,"ALDH3A1",7.8987277396747e-05,NA,NA,NA
"degree_only_LCN2",1656,"PCNA",0.000281828068793732,NA,NA,NA
"degree_only_LCN2",1657,"TGFA",3.48528190785569e-06,NA,NA,NA
"degree_only_LCN2",1658,"PRKAG2",0.00023019859617357,NA,NA,NA
"degree_only_LCN2",1659,"CCR6",0,NA,NA,NA
"degree_only_LCN2",1660,"AGTR1",7.87895413547623e-05,NA,NA,NA
"degree_only_LCN2",1661,"CCL22",0,NA,NA,NA
"degree_only_LCN2",1662,"LGALS3",1.90104129516033e-06,NA,NA,NA
"degree_only_LCN2",1663,"CS",0.000203624857343709,NA,NA,NA
"degree_only_LCN2",1664,"ALDH1A2",0,NA,NA,NA
"degree_only_LCN2",1665,"AKR1C1",5.66614851992275e-05,NA,NA,NA
"degree_only_LCN2",1666,"RARA",0.000182812715244118,NA,NA,NA
"degree_only_LCN2",1667,"SELE",1.58407098771463e-06,NA,NA,NA
"degree_only_LCN2",1668,"PRKAG2",0.00023019859617357,NA,NA,NA
"degree_only_LCN2",1669,"ATG5",1.93264314094499e-05,NA,NA,NA
"degree_only_LCN2",1670,"RYR2",4.78345186669671e-05,NA,NA,NA
"degree_only_LCN2",1671,"ALDH2",5.15659678518299e-05,NA,NA,NA
"degree_only_LCN2",1672,"CCR6",0,NA,NA,NA
"degree_only_LCN2",1673,"EPOR",4.26416671160945e-05,NA,NA,NA
"degree_only_LCN2",1674,"NCOA2",3.54820525111377e-05,NA,NA,NA
"degree_only_LCN2",1675,"GRIN2C",0,NA,NA,NA
"degree_only_LCN2",1676,"ADH7",0,NA,NA,NA
"degree_only_LCN2",1677,"CCR6",0,NA,NA,NA
"degree_only_LCN2",1678,"SDHA",0.000611111269984921,NA,NA,NA
"degree_only_LCN2",1679,"EPOR",4.26416671160945e-05,NA,NA,NA
"degree_only_LCN2",1680,"SDHA",0.000611111269984921,NA,NA,NA
"degree_only_LCN2",1681,"SLC6A3",0.000164253248760127,NA,NA,NA
"degree_only_LCN2",1682,"GRIN2C",0,NA,NA,NA
"degree_only_LCN2",1683,"CCR6",0,NA,NA,NA
"degree_only_LCN2",1684,"ADCY2",0,NA,NA,NA
"degree_only_LCN2",1685,"ADCY2",0,NA,NA,NA
"degree_only_LCN2",1686,"PCNA",0.000281828068793732,NA,NA,NA
"degree_only_LCN2",1687,"ACACA",7.98311027262466e-05,NA,NA,NA
"degree_only_LCN2",1688,"ADRB2",0.000148693401879507,NA,NA,NA
"degree_only_LCN2",1689,"IRF1",0,NA,NA,NA
"degree_only_LCN2",1690,"PLAU",9.12459578450431e-06,NA,NA,NA
"degree_only_LCN2",1691,"BAX",8.97923976903581e-05,NA,NA,NA
"degree_only_LCN2",1692,"ACACA",7.98311027262466e-05,NA,NA,NA
"degree_only_LCN2",1693,"ACACA",7.98311027262466e-05,NA,NA,NA
"degree_only_LCN2",1694,"ADH4",0,NA,NA,NA
"degree_only_LCN2",1695,"ADH4",0,NA,NA,NA
"degree_only_LCN2",1696,"BGLAP",0.000139973984731978,NA,NA,NA
"degree_only_LCN2",1697,"ADH4",0,NA,NA,NA
"degree_only_LCN2",1698,"ATG5",1.93264314094499e-05,NA,NA,NA
"degree_only_LCN2",1699,"DRD2",0.000217393825030943,NA,NA,NA
"degree_only_LCN2",1700,"SELE",1.58407098771463e-06,NA,NA,NA
"degree_only_LCN2",1701,"CCL22",0,NA,NA,NA
"degree_only_LCN2",1702,"PCNA",0.000281828068793732,NA,NA,NA
"degree_only_LCN2",1703,"RARA",0.000182812715244118,NA,NA,NA
"degree_only_LCN2",1704,"SDHA",0.000611111269984921,NA,NA,NA
"degree_only_LCN2",1705,"GRIN2C",0,NA,NA,NA
"degree_only_LCN2",1706,"ALDH2",5.15659678518299e-05,NA,NA,NA
"degree_only_LCN2",1707,"LGALS3",1.90104129516033e-06,NA,NA,NA
"degree_only_LCN2",1708,"SCN1B",0.00123489854843939,NA,NA,NA
"degree_only_LCN2",1709,"NCOA2",3.54820525111377e-05,NA,NA,NA
"degree_only_LCN2",1710,"SDHA",0.000611111269984921,NA,NA,NA
"degree_only_LCN2",1711,"SLC6A3",0.000164253248760127,NA,NA,NA
"degree_only_LCN2",1712,"CCL22",0,NA,NA,NA
"degree_only_LCN2",1713,"DRD2",0.000217393825030943,NA,NA,NA
"degree_only_LCN2",1714,"PRKDC",3.48518119952512e-06,NA,NA,NA
"degree_only_LCN2",1715,"SELE",1.58407098771463e-06,NA,NA,NA
"degree_only_LCN2",1716,"SDHA",0.000611111269984921,NA,NA,NA
"degree_only_LCN2",1717,"ALDH3A1",7.8987277396747e-05,NA,NA,NA
"degree_only_LCN2",1718,"ADCY1",8.87083575196179e-06,NA,NA,NA
"degree_only_LCN2",1719,"KDM1A",0,NA,NA,NA
"degree_only_LCN2",1720,"BGLAP",0.000139973984731978,NA,NA,NA
"degree_only_LCN2",1721,"CACNA1B",0,NA,NA,NA
"degree_only_LCN2",1722,"RYR2",4.78345186669671e-05,NA,NA,NA
"degree_only_LCN2",1723,"AGTR1",7.87895413547623e-05,NA,NA,NA
"degree_only_LCN2",1724,"APAF1",0,NA,NA,NA
"degree_only_LCN2",1725,"PRKDC",3.48518119952512e-06,NA,NA,NA
"degree_only_LCN2",1726,"SLC6A3",0.000164253248760127,NA,NA,NA
"degree_only_LCN2",1727,"CYP1B1",1.26701867375623e-06,NA,NA,NA
"degree_only_LCN2",1728,"PLAU",9.12459578450431e-06,NA,NA,NA
"degree_only_LCN2",1729,"ADRB2",0.000148693401879507,NA,NA,NA
"degree_only_LCN2",1730,"EPOR",4.26416671160945e-05,NA,NA,NA
"degree_only_LCN2",1731,"ATG5",1.93264314094499e-05,NA,NA,NA
"degree_only_LCN2",1732,"IRF1",0,NA,NA,NA
"degree_only_LCN2",1733,"SHH",1.43206732026169e-05,NA,NA,NA
"degree_only_LCN2",1734,"SLC6A3",0.000164253248760127,NA,NA,NA
"degree_only_LCN2",1735,"ACTG1",2.72461711825489e-06,NA,NA,NA
"degree_only_LCN2",1736,"SLC6A3",0.000164253248760127,NA,NA,NA
"degree_only_LCN2",1737,"RYR2",4.78345186669671e-05,NA,NA,NA
"degree_only_LCN2",1738,"ALDH1A3",0,NA,NA,NA
"degree_only_LCN2",1739,"ADH7",0,NA,NA,NA
"degree_only_LCN2",1740,"GRIN2C",0,NA,NA,NA
"degree_only_LCN2",1741,"SELE",1.58407098771463e-06,NA,NA,NA
"degree_only_LCN2",1742,"ALDH1A3",0,NA,NA,NA
"degree_only_LCN2",1743,"SLC6A3",0.000164253248760127,NA,NA,NA
"degree_only_LCN2",1744,"NCOA2",3.54820525111377e-05,NA,NA,NA
"degree_only_LCN2",1745,"SFN",1.88836433614448e-05,NA,NA,NA
"degree_only_LCN2",1746,"SHH",1.43206732026169e-05,NA,NA,NA
"degree_only_LCN2",1747,"AGTR1",7.87895413547623e-05,NA,NA,NA
"degree_only_LCN2",1748,"ATG5",1.93264314094499e-05,NA,NA,NA
"degree_only_LCN2",1749,"APAF1",0,NA,NA,NA
"degree_only_LCN2",1750,"BGLAP",0.000139973984731978,NA,NA,NA
"degree_only_LCN2",1751,"TEK",0,NA,NA,NA
"degree_only_LCN2",1752,"ALDH2",5.15659678518299e-05,NA,NA,NA
"degree_only_LCN2",1753,"ADH7",0,NA,NA,NA
"degree_only_LCN2",1754,"DRD2",0.000217393825030943,NA,NA,NA
"degree_only_LCN2",1755,"LGALS3",1.90104129516033e-06,NA,NA,NA
"degree_only_LCN2",1756,"PRKDC",3.48518119952512e-06,NA,NA,NA
"degree_only_LCN2",1757,"ACTG1",2.72461711825489e-06,NA,NA,NA
"degree_only_LCN2",1758,"SELE",1.58407098771463e-06,NA,NA,NA
"degree_only_LCN2",1759,"KDM1A",0,NA,NA,NA
"degree_only_LCN2",1760,"ITGA5",0.00127400659039045,NA,NA,NA
"degree_only_LCN2",1761,"IRF1",0,NA,NA,NA
"degree_only_LCN2",1762,"ALDH3A1",7.8987277396747e-05,NA,NA,NA
"degree_only_LCN2",1763,"TEK",0,NA,NA,NA
"degree_only_LCN2",1764,"ATG5",1.93264314094499e-05,NA,NA,NA
"degree_only_LCN2",1765,"TGFA",3.48528190785569e-06,NA,NA,NA
"degree_only_LCN2",1766,"CS",0.000203624857343709,NA,NA,NA
"degree_only_LCN2",1767,"ATG5",1.93264314094499e-05,NA,NA,NA
"degree_only_LCN2",1768,"BGLAP",0.000139973984731978,NA,NA,NA
"degree_only_LCN2",1769,"NCOA2",3.54820525111377e-05,NA,NA,NA
"degree_only_LCN2",1770,"PRKAG2",0.00023019859617357,NA,NA,NA
"degree_only_LCN2",1771,"CACNA1B",0,NA,NA,NA
"degree_only_LCN2",1772,"KEAP1",8.90865911317151e-05,NA,NA,NA
"degree_only_LCN2",1773,"IRF1",0,NA,NA,NA
"degree_only_LCN2",1774,"STAT4",0.000324242289791776,NA,NA,NA
"degree_only_LCN2",1775,"ITGA5",0.00127400659039045,NA,NA,NA
"degree_only_LCN2",1776,"BGLAP",0.000139973984731978,NA,NA,NA
"degree_only_LCN2",1777,"ADH4",0,NA,NA,NA
"degree_only_LCN2",1778,"IRF1",0,NA,NA,NA
"degree_only_LCN2",1779,"NOD2",2.72727341009693e-05,NA,NA,NA
"degree_only_LCN2",1780,"MT-CYB",0.000203007681716216,NA,NA,NA
"degree_only_LCN2",1781,"PCNA",0.000281828068793732,NA,NA,NA
"degree_only_LCN2",1782,"PRKDC",3.48518119952512e-06,NA,NA,NA
"degree_only_LCN2",1783,"ADH4",0,NA,NA,NA
"degree_only_LCN2",1784,"ACTG1",2.72461711825489e-06,NA,NA,NA
"degree_only_LCN2",1785,"KEAP1",8.90865911317151e-05,NA,NA,NA
"degree_only_LCN2",1786,"KEAP1",8.90865911317151e-05,NA,NA,NA
"degree_only_LCN2",1787,"KDM1A",0,NA,NA,NA
"degree_only_LCN2",1788,"PRKDC",3.48518119952512e-06,NA,NA,NA
"degree_only_LCN2",1789,"PRKDC",3.48518119952512e-06,NA,NA,NA
"degree_only_LCN2",1790,"ALDH1A2",0,NA,NA,NA
"degree_only_LCN2",1791,"BTK",0.000119272845312435,NA,NA,NA
"degree_only_LCN2",1792,"SELE",1.58407098771463e-06,NA,NA,NA
"degree_only_LCN2",1793,"ADCY2",0,NA,NA,NA
"degree_only_LCN2",1794,"RARA",0.000182812715244118,NA,NA,NA
"degree_only_LCN2",1795,"ADCY2",0,NA,NA,NA
"degree_only_LCN2",1796,"NOD2",2.72727341009693e-05,NA,NA,NA
"degree_only_LCN2",1797,"PCNA",0.000281828068793732,NA,NA,NA
"degree_only_LCN2",1798,"EPOR",4.26416671160945e-05,NA,NA,NA
"degree_only_LCN2",1799,"ADCY2",0,NA,NA,NA
"degree_only_LCN2",1800,"PRKAG2",0.00023019859617357,NA,NA,NA
"degree_only_LCN2",1801,"CS",0.000203624857343709,NA,NA,NA
"degree_only_LCN2",1802,"CCR6",0,NA,NA,NA
"degree_only_LCN2",1803,"CCL22",0,NA,NA,NA
"degree_only_LCN2",1804,"BGLAP",0.000139973984731978,NA,NA,NA
"degree_only_LCN2",1805,"RYR2",4.78345186669671e-05,NA,NA,NA
"degree_only_LCN2",1806,"CCL22",0,NA,NA,NA
"degree_only_LCN2",1807,"CYP1B1",1.26701867375623e-06,NA,NA,NA
"degree_only_LCN2",1808,"ALDH1A2",0,NA,NA,NA
"degree_only_LCN2",1809,"ALDH2",5.15659678518299e-05,NA,NA,NA
"degree_only_LCN2",1810,"BTK",0.000119272845312435,NA,NA,NA
"degree_only_LCN2",1811,"CCR6",0,NA,NA,NA
"degree_only_LCN2",1812,"PRKAG2",0.00023019859617357,NA,NA,NA
"degree_only_LCN2",1813,"BTK",0.000119272845312435,NA,NA,NA
"degree_only_LCN2",1814,"GRIN2C",0,NA,NA,NA
"degree_only_LCN2",1815,"CACNA1B",0,NA,NA,NA
"degree_only_LCN2",1816,"ATG5",1.93264314094499e-05,NA,NA,NA
"degree_only_LCN2",1817,"IRF1",0,NA,NA,NA
"degree_only_LCN2",1818,"EPOR",4.26416671160945e-05,NA,NA,NA
"degree_only_LCN2",1819,"BAX",8.97923976903581e-05,NA,NA,NA
"degree_only_LCN2",1820,"ADH4",0,NA,NA,NA
"degree_only_LCN2",1821,"NCOA2",3.54820525111377e-05,NA,NA,NA
"degree_only_LCN2",1822,"ADRB2",0.000148693401879507,NA,NA,NA
"degree_only_LCN2",1823,"BGLAP",0.000139973984731978,NA,NA,NA
"degree_only_LCN2",1824,"CCL22",0,NA,NA,NA
"degree_only_LCN2",1825,"ITGA5",0.00127400659039045,NA,NA,NA
"degree_only_LCN2",1826,"ATG5",1.93264314094499e-05,NA,NA,NA
"degree_only_LCN2",1827,"CACNA1B",0,NA,NA,NA
"degree_only_LCN2",1828,"CS",0.000203624857343709,NA,NA,NA
"degree_only_LCN2",1829,"ACTG1",2.72461711825489e-06,NA,NA,NA
"degree_only_LCN2",1830,"SCN1B",0.00123489854843939,NA,NA,NA
"degree_only_LCN2",1831,"ADCY1",8.87083575196179e-06,NA,NA,NA
"degree_only_LCN2",1832,"TEK",0,NA,NA,NA
"degree_only_LCN2",1833,"ADH4",0,NA,NA,NA
"degree_only_LCN2",1834,"ALDH3A1",7.8987277396747e-05,NA,NA,NA
"degree_only_LCN2",1835,"EPOR",4.26416671160945e-05,NA,NA,NA
"degree_only_LCN2",1836,"SDHA",0.000611111269984921,NA,NA,NA
"degree_only_LCN2",1837,"AGTR1",7.87895413547623e-05,NA,NA,NA
"degree_only_LCN2",1838,"SDHA",0.000611111269984921,NA,NA,NA
"degree_only_LCN2",1839,"GRIN2C",0,NA,NA,NA
"degree_only_LCN2",1840,"PCNA",0.000281828068793732,NA,NA,NA
"degree_only_LCN2",1841,"ALDH1A3",0,NA,NA,NA
"degree_only_LCN2",1842,"CCL22",0,NA,NA,NA
"degree_only_LCN2",1843,"ADRB2",0.000148693401879507,NA,NA,NA
"degree_only_LCN2",1844,"KEAP1",8.90865911317151e-05,NA,NA,NA
"degree_only_LCN2",1845,"MT-CYB",0.000203007681716216,NA,NA,NA
"degree_only_LCN2",1846,"ADH4",0,NA,NA,NA
"degree_only_LCN2",1847,"SLC6A3",0.000164253248760127,NA,NA,NA
"degree_only_LCN2",1848,"ACTG1",2.72461711825489e-06,NA,NA,NA
"degree_only_LCN2",1849,"ITGA5",0.00127400659039045,NA,NA,NA
"degree_only_LCN2",1850,"ADH7",0,NA,NA,NA
"degree_only_LCN2",1851,"ALDH2",5.15659678518299e-05,NA,NA,NA
"degree_only_LCN2",1852,"CYP1B1",1.26701867375623e-06,NA,NA,NA
"degree_only_LCN2",1853,"EPOR",4.26416671160945e-05,NA,NA,NA
"degree_only_LCN2",1854,"LGALS3",1.90104129516033e-06,NA,NA,NA
"degree_only_LCN2",1855,"AGTR1",7.87895413547623e-05,NA,NA,NA
"degree_only_LCN2",1856,"SLC6A3",0.000164253248760127,NA,NA,NA
"degree_only_LCN2",1857,"ITGA5",0.00127400659039045,NA,NA,NA
"degree_only_LCN2",1858,"SDHA",0.000611111269984921,NA,NA,NA
"degree_only_LCN2",1859,"PRKAG2",0.00023019859617357,NA,NA,NA
"degree_only_LCN2",1860,"PCNA",0.000281828068793732,NA,NA,NA
"degree_only_LCN2",1861,"RYR2",4.78345186669671e-05,NA,NA,NA
"degree_only_LCN2",1862,"SDHA",0.000611111269984921,NA,NA,NA
"degree_only_LCN2",1863,"SELE",1.58407098771463e-06,NA,NA,NA
"degree_only_LCN2",1864,"ACACA",7.98311027262466e-05,NA,NA,NA
"degree_only_LCN2",1865,"TGFA",3.48528190785569e-06,NA,NA,NA
"degree_only_LCN2",1866,"STAT4",0.000324242289791776,NA,NA,NA
"degree_only_LCN2",1867,"KEAP1",8.90865911317151e-05,NA,NA,NA
"degree_only_LCN2",1868,"ALDH2",5.15659678518299e-05,NA,NA,NA
"degree_only_LCN2",1869,"TGFA",3.48528190785569e-06,NA,NA,NA
"degree_only_LCN2",1870,"ITGA5",0.00127400659039045,NA,NA,NA
"degree_only_LCN2",1871,"ADCY2",0,NA,NA,NA
"degree_only_LCN2",1872,"DRD2",0.000217393825030943,NA,NA,NA
"degree_only_LCN2",1873,"SFN",1.88836433614448e-05,NA,NA,NA
"degree_only_LCN2",1874,"ADCY2",0,NA,NA,NA
"degree_only_LCN2",1875,"BAX",8.97923976903581e-05,NA,NA,NA
"degree_only_LCN2",1876,"EPOR",4.26416671160945e-05,NA,NA,NA
"degree_only_LCN2",1877,"BGLAP",0.000139973984731978,NA,NA,NA
"degree_only_LCN2",1878,"AGTR1",7.87895413547623e-05,NA,NA,NA
"degree_only_LCN2",1879,"BGLAP",0.000139973984731978,NA,NA,NA
"degree_only_LCN2",1880,"ITGA5",0.00127400659039045,NA,NA,NA
"degree_only_LCN2",1881,"SDHA",0.000611111269984921,NA,NA,NA
"degree_only_LCN2",1882,"ALDH3A1",7.8987277396747e-05,NA,NA,NA
"degree_only_LCN2",1883,"ADCY1",8.87083575196179e-06,NA,NA,NA
"degree_only_LCN2",1884,"ALDH1A3",0,NA,NA,NA
"degree_only_LCN2",1885,"NOD2",2.72727341009693e-05,NA,NA,NA
"degree_only_LCN2",1886,"CACNA1B",0,NA,NA,NA
"degree_only_LCN2",1887,"BTK",0.000119272845312435,NA,NA,NA
"degree_only_LCN2",1888,"NCOA2",3.54820525111377e-05,NA,NA,NA
"degree_only_LCN2",1889,"SCN1B",0.00123489854843939,NA,NA,NA
"degree_only_LCN2",1890,"ALDH1A2",0,NA,NA,NA
"degree_only_LCN2",1891,"ALDH1A3",0,NA,NA,NA
"degree_only_LCN2",1892,"ITGA5",0.00127400659039045,NA,NA,NA
"degree_only_LCN2",1893,"DRD2",0.000217393825030943,NA,NA,NA
"degree_only_LCN2",1894,"CYP1B1",1.26701867375623e-06,NA,NA,NA
"degree_only_LCN2",1895,"BGLAP",0.000139973984731978,NA,NA,NA
"degree_only_LCN2",1896,"ACE2",6.17806475236016e-05,NA,NA,NA
"degree_only_LCN2",1897,"ADH7",0,NA,NA,NA
"degree_only_LCN2",1898,"PLAU",9.12459578450431e-06,NA,NA,NA
"degree_only_LCN2",1899,"ADCY1",8.87083575196179e-06,NA,NA,NA
"degree_only_LCN2",1900,"ITGA5",0.00127400659039045,NA,NA,NA
"degree_only_LCN2",1901,"ACACA",7.98311027262466e-05,NA,NA,NA
"degree_only_LCN2",1902,"NOD2",2.72727341009693e-05,NA,NA,NA
"degree_only_LCN2",1903,"ADCY2",0,NA,NA,NA
"degree_only_LCN2",1904,"PRKDC",3.48518119952512e-06,NA,NA,NA
"degree_only_LCN2",1905,"ITGA5",0.00127400659039045,NA,NA,NA
"degree_only_LCN2",1906,"ALDH3A1",7.8987277396747e-05,NA,NA,NA
"degree_only_LCN2",1907,"ADH7",0,NA,NA,NA
"degree_only_LCN2",1908,"CCR6",0,NA,NA,NA
"degree_only_LCN2",1909,"ACE2",6.17806475236016e-05,NA,NA,NA
"degree_only_LCN2",1910,"SFN",1.88836433614448e-05,NA,NA,NA
"degree_only_LCN2",1911,"IRF1",0,NA,NA,NA
"degree_only_LCN2",1912,"TEK",0,NA,NA,NA
"degree_only_LCN2",1913,"SHH",1.43206732026169e-05,NA,NA,NA
"degree_only_LCN2",1914,"CACNA1B",0,NA,NA,NA
"degree_only_LCN2",1915,"RYR2",4.78345186669671e-05,NA,NA,NA
"degree_only_LCN2",1916,"RYR2",4.78345186669671e-05,NA,NA,NA
"degree_only_LCN2",1917,"GRIN2C",0,NA,NA,NA
"degree_only_LCN2",1918,"GRIN2C",0,NA,NA,NA
"degree_only_LCN2",1919,"SDHA",0.000611111269984921,NA,NA,NA
"degree_only_LCN2",1920,"EPOR",4.26416671160945e-05,NA,NA,NA
"degree_only_LCN2",1921,"PRKDC",3.48518119952512e-06,NA,NA,NA
"degree_only_LCN2",1922,"DRD2",0.000217393825030943,NA,NA,NA
"degree_only_LCN2",1923,"GRIN2C",0,NA,NA,NA
"degree_only_LCN2",1924,"ADCY2",0,NA,NA,NA
"degree_only_LCN2",1925,"ADRB2",0.000148693401879507,NA,NA,NA
"degree_only_LCN2",1926,"SFN",1.88836433614448e-05,NA,NA,NA
"degree_only_LCN2",1927,"BTK",0.000119272845312435,NA,NA,NA
"degree_only_LCN2",1928,"TEK",0,NA,NA,NA
"degree_only_LCN2",1929,"CS",0.000203624857343709,NA,NA,NA
"degree_only_LCN2",1930,"SLC6A3",0.000164253248760127,NA,NA,NA
"degree_only_LCN2",1931,"AGTR1",7.87895413547623e-05,NA,NA,NA
"degree_only_LCN2",1932,"KEAP1",8.90865911317151e-05,NA,NA,NA
"degree_only_LCN2",1933,"PCNA",0.000281828068793732,NA,NA,NA
"degree_only_LCN2",1934,"AKR1C1",5.66614851992275e-05,NA,NA,NA
"degree_only_LCN2",1935,"CCR6",0,NA,NA,NA
"degree_only_LCN2",1936,"EPOR",4.26416671160945e-05,NA,NA,NA
"degree_only_LCN2",1937,"ADCY1",8.87083575196179e-06,NA,NA,NA
"degree_only_LCN2",1938,"ALDH2",5.15659678518299e-05,NA,NA,NA
"degree_only_LCN2",1939,"LGALS3",1.90104129516033e-06,NA,NA,NA
"degree_only_LCN2",1940,"ADH7",0,NA,NA,NA
"degree_only_LCN2",1941,"ALDH3A1",7.8987277396747e-05,NA,NA,NA
"degree_only_LCN2",1942,"EPOR",4.26416671160945e-05,NA,NA,NA
"degree_only_LCN2",1943,"CACNA1B",0,NA,NA,NA
"degree_only_LCN2",1944,"SHH",1.43206732026169e-05,NA,NA,NA
"degree_only_LCN2",1945,"AKR1C1",5.66614851992275e-05,NA,NA,NA
"degree_only_LCN2",1946,"AKR1C1",5.66614851992275e-05,NA,NA,NA
"degree_only_LCN2",1947,"ITGA5",0.00127400659039045,NA,NA,NA
"degree_only_LCN2",1948,"MT-CYB",0.000203007681716216,NA,NA,NA
"degree_only_LCN2",1949,"MT-CYB",0.000203007681716216,NA,NA,NA
"degree_only_LCN2",1950,"CCR6",0,NA,NA,NA
"degree_only_LCN2",1951,"BTK",0.000119272845312435,NA,NA,NA
"degree_only_LCN2",1952,"SELE",1.58407098771463e-06,NA,NA,NA
"degree_only_LCN2",1953,"NCOA2",3.54820525111377e-05,NA,NA,NA
"degree_only_LCN2",1954,"CCR6",0,NA,NA,NA
"degree_only_LCN2",1955,"PLAU",9.12459578450431e-06,NA,NA,NA
"degree_only_LCN2",1956,"PRKAG2",0.00023019859617357,NA,NA,NA
"degree_only_LCN2",1957,"PRKAG2",0.00023019859617357,NA,NA,NA
"degree_only_LCN2",1958,"CYP1B1",1.26701867375623e-06,NA,NA,NA
"degree_only_LCN2",1959,"KEAP1",8.90865911317151e-05,NA,NA,NA
"degree_only_LCN2",1960,"APAF1",0,NA,NA,NA
"degree_only_LCN2",1961,"APAF1",0,NA,NA,NA
"degree_only_LCN2",1962,"ACACA",7.98311027262466e-05,NA,NA,NA
"degree_only_LCN2",1963,"IRF1",0,NA,NA,NA
"degree_only_LCN2",1964,"CACNA1B",0,NA,NA,NA
"degree_only_LCN2",1965,"ATG5",1.93264314094499e-05,NA,NA,NA
"degree_only_LCN2",1966,"CCR6",0,NA,NA,NA
"degree_only_LCN2",1967,"ATG5",1.93264314094499e-05,NA,NA,NA
"degree_only_LCN2",1968,"ADH4",0,NA,NA,NA
"degree_only_LCN2",1969,"ACTG1",2.72461711825489e-06,NA,NA,NA
"degree_only_LCN2",1970,"ADCY2",0,NA,NA,NA
"degree_only_LCN2",1971,"RARA",0.000182812715244118,NA,NA,NA
"degree_only_LCN2",1972,"CCR6",0,NA,NA,NA
"degree_only_LCN2",1973,"ADH7",0,NA,NA,NA
"degree_only_LCN2",1974,"NOD2",2.72727341009693e-05,NA,NA,NA
"degree_only_LCN2",1975,"TGFA",3.48528190785569e-06,NA,NA,NA
"degree_only_LCN2",1976,"SCN1B",0.00123489854843939,NA,NA,NA
"degree_only_LCN2",1977,"SHH",1.43206732026169e-05,NA,NA,NA
"degree_only_LCN2",1978,"NCOA2",3.54820525111377e-05,NA,NA,NA
"degree_only_LCN2",1979,"STAT4",0.000324242289791776,NA,NA,NA
"degree_only_LCN2",1980,"BAX",8.97923976903581e-05,NA,NA,NA
"degree_only_LCN2",1981,"ALDH1A3",0,NA,NA,NA
"degree_only_LCN2",1982,"IRF1",0,NA,NA,NA
"degree_only_LCN2",1983,"CCR6",0,NA,NA,NA
"degree_only_LCN2",1984,"CACNA1B",0,NA,NA,NA
"degree_only_LCN2",1985,"SFN",1.88836433614448e-05,NA,NA,NA
"degree_only_LCN2",1986,"PLAU",9.12459578450431e-06,NA,NA,NA
"degree_only_LCN2",1987,"ACTG1",2.72461711825489e-06,NA,NA,NA
"degree_only_LCN2",1988,"STAT4",0.000324242289791776,NA,NA,NA
"degree_only_LCN2",1989,"ACTG1",2.72461711825489e-06,NA,NA,NA
"degree_only_LCN2",1990,"BAX",8.97923976903581e-05,NA,NA,NA
"degree_only_LCN2",1991,"SLC6A3",0.000164253248760127,NA,NA,NA
"degree_only_LCN2",1992,"RARA",0.000182812715244118,NA,NA,NA
"degree_only_LCN2",1993,"AGTR1",7.87895413547623e-05,NA,NA,NA
"degree_only_LCN2",1994,"KEAP1",8.90865911317151e-05,NA,NA,NA
"degree_only_LCN2",1995,"MT-CYB",0.000203007681716216,NA,NA,NA
"degree_only_LCN2",1996,"ALDH1A2",0,NA,NA,NA
"degree_only_LCN2",1997,"SFN",1.88836433614448e-05,NA,NA,NA
"degree_only_LCN2",1998,"SLC6A3",0.000164253248760127,NA,NA,NA
"degree_only_LCN2",1999,"DRD2",0.000217393825030943,NA,NA,NA
"degree_only_LCN2",2000,"SCN1B",0.00123489854843939,NA,NA,NA
"degree_only_LCN2",2001,"PLAU",9.12459578450431e-06,NA,NA,NA
"degree_only_LCN2",2002,"LGALS3",1.90104129516033e-06,NA,NA,NA
"degree_only_LCN2",2003,"ADCY2",0,NA,NA,NA
"degree_only_LCN2",2004,"PRKDC",3.48518119952512e-06,NA,NA,NA
"degree_only_LCN2",2005,"SCN1B",0.00123489854843939,NA,NA,NA
"degree_only_LCN2",2006,"ATG5",1.93264314094499e-05,NA,NA,NA
"degree_only_LCN2",2007,"KEAP1",8.90865911317151e-05,NA,NA,NA
"degree_only_LCN2",2008,"PCNA",0.000281828068793732,NA,NA,NA
"degree_only_LCN2",2009,"ADRB2",0.000148693401879507,NA,NA,NA
"degree_only_LCN2",2010,"ALDH3A1",7.8987277396747e-05,NA,NA,NA
"degree_only_LCN2",2011,"APAF1",0,NA,NA,NA
"degree_only_LCN2",2012,"CS",0.000203624857343709,NA,NA,NA
"degree_only_LCN2",2013,"RYR2",4.78345186669671e-05,NA,NA,NA
"degree_only_LCN2",2014,"PCNA",0.000281828068793732,NA,NA,NA
"degree_only_LCN2",2015,"SDHA",0.000611111269984921,NA,NA,NA
"degree_only_LCN2",2016,"ADH4",0,NA,NA,NA
"degree_only_LCN2",2017,"LGALS3",1.90104129516033e-06,NA,NA,NA
"degree_only_LCN2",2018,"BGLAP",0.000139973984731978,NA,NA,NA
"degree_only_LCN2",2019,"BAX",8.97923976903581e-05,NA,NA,NA
"degree_only_LCN2",2020,"BGLAP",0.000139973984731978,NA,NA,NA
"degree_only_LCN2",2021,"ALDH3A1",7.8987277396747e-05,NA,NA,NA
"degree_only_LCN2",2022,"CS",0.000203624857343709,NA,NA,NA
"degree_only_LCN2",2023,"ADCY1",8.87083575196179e-06,NA,NA,NA
"degree_only_LCN2",2024,"SHH",1.43206732026169e-05,NA,NA,NA
"degree_only_LCN2",2025,"PRKAG2",0.00023019859617357,NA,NA,NA
"degree_only_LCN2",2026,"ADCY1",8.87083575196179e-06,NA,NA,NA
"degree_only_LCN2",2027,"EPOR",4.26416671160945e-05,NA,NA,NA
"degree_only_LCN2",2028,"ADCY1",8.87083575196179e-06,NA,NA,NA
"degree_only_LCN2",2029,"EPOR",4.26416671160945e-05,NA,NA,NA
"degree_only_LCN2",2030,"DRD2",0.000217393825030943,NA,NA,NA
"degree_only_LCN2",2031,"ITGA5",0.00127400659039045,NA,NA,NA
"degree_only_LCN2",2032,"GRIN2C",0,NA,NA,NA
"degree_only_LCN2",2033,"SDHA",0.000611111269984921,NA,NA,NA
"degree_only_LCN2",2034,"PCNA",0.000281828068793732,NA,NA,NA
"degree_only_LCN2",2035,"CCR6",0,NA,NA,NA
"degree_only_LCN2",2036,"EPOR",4.26416671160945e-05,NA,NA,NA
"degree_only_LCN2",2037,"KEAP1",8.90865911317151e-05,NA,NA,NA
"degree_only_LCN2",2038,"SHH",1.43206732026169e-05,NA,NA,NA
"degree_only_LCN2",2039,"ADH7",0,NA,NA,NA
"degree_only_LCN2",2040,"LGALS3",1.90104129516033e-06,NA,NA,NA
"degree_only_LCN2",2041,"TGFA",3.48528190785569e-06,NA,NA,NA
"degree_only_LCN2",2042,"ADCY1",8.87083575196179e-06,NA,NA,NA
"degree_only_LCN2",2043,"ITGA5",0.00127400659039045,NA,NA,NA
"degree_only_LCN2",2044,"LGALS3",1.90104129516033e-06,NA,NA,NA
"degree_only_LCN2",2045,"MT-CYB",0.000203007681716216,NA,NA,NA
"degree_only_LCN2",2046,"NOD2",2.72727341009693e-05,NA,NA,NA
"degree_only_LCN2",2047,"SELE",1.58407098771463e-06,NA,NA,NA
"degree_only_LCN2",2048,"PCNA",0.000281828068793732,NA,NA,NA
"degree_only_LCN2",2049,"SDHA",0.000611111269984921,NA,NA,NA
"degree_only_LCN2",2050,"BAX",8.97923976903581e-05,NA,NA,NA
"degree_only_LCN2",2051,"ALDH1A3",0,NA,NA,NA
"degree_only_LCN2",2052,"RYR2",4.78345186669671e-05,NA,NA,NA
"degree_only_LCN2",2053,"GRIN2C",0,NA,NA,NA
"degree_only_LCN2",2054,"ALDH2",5.15659678518299e-05,NA,NA,NA
"degree_only_LCN2",2055,"TGFA",3.48528190785569e-06,NA,NA,NA
"degree_only_LCN2",2056,"APAF1",0,NA,NA,NA
"degree_only_LCN2",2057,"ADRB2",0.000148693401879507,NA,NA,NA
"degree_only_LCN2",2058,"TEK",0,NA,NA,NA
"degree_only_LCN2",2059,"KDM1A",0,NA,NA,NA
"degree_only_LCN2",2060,"SDHA",0.000611111269984921,NA,NA,NA
"degree_only_LCN2",2061,"SDHA",0.000611111269984921,NA,NA,NA
"degree_only_LCN2",2062,"SCN1B",0.00123489854843939,NA,NA,NA
"degree_only_LCN2",2063,"SELE",1.58407098771463e-06,NA,NA,NA
"degree_only_LCN2",2064,"TGFA",3.48528190785569e-06,NA,NA,NA
"degree_only_LCN2",2065,"TEK",0,NA,NA,NA
"degree_only_LCN2",2066,"CYP1B1",1.26701867375623e-06,NA,NA,NA
"degree_only_LCN2",2067,"ADH7",0,NA,NA,NA
"degree_only_LCN2",2068,"MT-CYB",0.000203007681716216,NA,NA,NA
"degree_only_LCN2",2069,"STAT4",0.000324242289791776,NA,NA,NA
"degree_only_LCN2",2070,"RYR2",4.78345186669671e-05,NA,NA,NA
"degree_only_LCN2",2071,"EPOR",4.26416671160945e-05,NA,NA,NA
"degree_only_LCN2",2072,"AKR1C1",5.66614851992275e-05,NA,NA,NA
"degree_only_LCN2",2073,"BAX",8.97923976903581e-05,NA,NA,NA
"degree_only_LCN2",2074,"AKR1C1",5.66614851992275e-05,NA,NA,NA
"degree_only_LCN2",2075,"MT-CYB",0.000203007681716216,NA,NA,NA
"degree_only_LCN2",2076,"BTK",0.000119272845312435,NA,NA,NA
"degree_only_LCN2",2077,"RARA",0.000182812715244118,NA,NA,NA
"degree_only_LCN2",2078,"CCR6",0,NA,NA,NA
"degree_only_LCN2",2079,"MT-CYB",0.000203007681716216,NA,NA,NA
"degree_only_LCN2",2080,"PLAU",9.12459578450431e-06,NA,NA,NA
"degree_only_LCN2",2081,"ADRB2",0.000148693401879507,NA,NA,NA
"degree_only_LCN2",2082,"TGFA",3.48528190785569e-06,NA,NA,NA
"degree_only_LCN2",2083,"SELE",1.58407098771463e-06,NA,NA,NA
"degree_only_LCN2",2084,"STAT4",0.000324242289791776,NA,NA,NA
"degree_only_LCN2",2085,"AKR1C1",5.66614851992275e-05,NA,NA,NA
"degree_only_LCN2",2086,"GRIN2C",0,NA,NA,NA
"degree_only_LCN2",2087,"CS",0.000203624857343709,NA,NA,NA
"degree_only_LCN2",2088,"ADCY2",0,NA,NA,NA
"degree_only_LCN2",2089,"CCR6",0,NA,NA,NA
"degree_only_LCN2",2090,"KDM1A",0,NA,NA,NA
"degree_only_LCN2",2091,"EPOR",4.26416671160945e-05,NA,NA,NA
"degree_only_LCN2",2092,"ALDH2",5.15659678518299e-05,NA,NA,NA
"degree_only_LCN2",2093,"ADH4",0,NA,NA,NA
"degree_only_LCN2",2094,"SELE",1.58407098771463e-06,NA,NA,NA
"degree_only_LCN2",2095,"KDM1A",0,NA,NA,NA
"degree_only_LCN2",2096,"BTK",0.000119272845312435,NA,NA,NA
"degree_only_LCN2",2097,"KEAP1",8.90865911317151e-05,NA,NA,NA
"degree_only_LCN2",2098,"BGLAP",0.000139973984731978,NA,NA,NA
"degree_only_LCN2",2099,"ACACA",7.98311027262466e-05,NA,NA,NA
"degree_only_LCN2",2100,"NOD2",2.72727341009693e-05,NA,NA,NA
"degree_only_LCN2",2101,"SELE",1.58407098771463e-06,NA,NA,NA
"degree_only_LCN2",2102,"SDHA",0.000611111269984921,NA,NA,NA
"degree_only_LCN2",2103,"ADH4",0,NA,NA,NA
"degree_only_LCN2",2104,"ACE2",6.17806475236016e-05,NA,NA,NA
"degree_only_LCN2",2105,"IRF1",0,NA,NA,NA
"degree_only_LCN2",2106,"RARA",0.000182812715244118,NA,NA,NA
"degree_only_LCN2",2107,"ATG5",1.93264314094499e-05,NA,NA,NA
"degree_only_LCN2",2108,"ALDH1A3",0,NA,NA,NA
"degree_only_LCN2",2109,"SCN1B",0.00123489854843939,NA,NA,NA
"degree_only_LCN2",2110,"KEAP1",8.90865911317151e-05,NA,NA,NA
"degree_only_LCN2",2111,"ACTG1",2.72461711825489e-06,NA,NA,NA
"degree_only_LCN2",2112,"ADCY2",0,NA,NA,NA
"degree_only_LCN2",2113,"SCN1B",0.00123489854843939,NA,NA,NA
"degree_only_LCN2",2114,"ADH4",0,NA,NA,NA
"degree_only_LCN2",2115,"DRD2",0.000217393825030943,NA,NA,NA
"degree_only_LCN2",2116,"TEK",0,NA,NA,NA
"degree_only_LCN2",2117,"ALDH1A3",0,NA,NA,NA
"degree_only_LCN2",2118,"ADCY1",8.87083575196179e-06,NA,NA,NA
"degree_only_LCN2",2119,"ADCY2",0,NA,NA,NA
"degree_only_LCN2",2120,"ACE2",6.17806475236016e-05,NA,NA,NA
"degree_only_LCN2",2121,"SCN1B",0.00123489854843939,NA,NA,NA
"degree_only_LCN2",2122,"RYR2",4.78345186669671e-05,NA,NA,NA
"degree_only_LCN2",2123,"ADH4",0,NA,NA,NA
"degree_only_LCN2",2124,"ATG5",1.93264314094499e-05,NA,NA,NA
"degree_only_LCN2",2125,"SLC6A3",0.000164253248760127,NA,NA,NA
"degree_only_LCN2",2126,"ACE2",6.17806475236016e-05,NA,NA,NA
"degree_only_LCN2",2127,"ITGA5",0.00127400659039045,NA,NA,NA
"degree_only_LCN2",2128,"KEAP1",8.90865911317151e-05,NA,NA,NA
"degree_only_LCN2",2129,"ADH4",0,NA,NA,NA
"degree_only_LCN2",2130,"ALDH2",5.15659678518299e-05,NA,NA,NA
"degree_only_LCN2",2131,"STAT4",0.000324242289791776,NA,NA,NA
"degree_only_LCN2",2132,"MT-CYB",0.000203007681716216,NA,NA,NA
"degree_only_LCN2",2133,"PLAU",9.12459578450431e-06,NA,NA,NA
"degree_only_LCN2",2134,"PLAU",9.12459578450431e-06,NA,NA,NA
"degree_only_LCN2",2135,"ACACA",7.98311027262466e-05,NA,NA,NA
"degree_only_LCN2",2136,"SCN1B",0.00123489854843939,NA,NA,NA
"degree_only_LCN2",2137,"ADCY2",0,NA,NA,NA
"degree_only_LCN2",2138,"PRKAG2",0.00023019859617357,NA,NA,NA
"degree_only_LCN2",2139,"ADCY1",8.87083575196179e-06,NA,NA,NA
"degree_only_LCN2",2140,"AGTR1",7.87895413547623e-05,NA,NA,NA
"degree_only_LCN2",2141,"NCOA2",3.54820525111377e-05,NA,NA,NA
"degree_only_LCN2",2142,"ACTG1",2.72461711825489e-06,NA,NA,NA
"degree_only_LCN2",2143,"BAX",8.97923976903581e-05,NA,NA,NA
"degree_only_LCN2",2144,"ALDH1A2",0,NA,NA,NA
"degree_only_LCN2",2145,"RARA",0.000182812715244118,NA,NA,NA
"degree_only_LCN2",2146,"ATG5",1.93264314094499e-05,NA,NA,NA
"degree_only_LCN2",2147,"ALDH1A3",0,NA,NA,NA
"degree_only_LCN2",2148,"PCNA",0.000281828068793732,NA,NA,NA
"degree_only_LCN2",2149,"APAF1",0,NA,NA,NA
"degree_only_LCN2",2150,"ADH7",0,NA,NA,NA
"degree_only_LCN2",2151,"AKR1C1",5.66614851992275e-05,NA,NA,NA
"degree_only_LCN2",2152,"ALDH2",5.15659678518299e-05,NA,NA,NA
"degree_only_LCN2",2153,"ACTG1",2.72461711825489e-06,NA,NA,NA
"degree_only_LCN2",2154,"MT-CYB",0.000203007681716216,NA,NA,NA
"degree_only_LCN2",2155,"CCL22",0,NA,NA,NA
"degree_only_LCN2",2156,"CS",0.000203624857343709,NA,NA,NA
"degree_only_LCN2",2157,"ADH7",0,NA,NA,NA
"degree_only_LCN2",2158,"STAT4",0.000324242289791776,NA,NA,NA
"degree_only_LCN2",2159,"TEK",0,NA,NA,NA
"degree_only_LCN2",2160,"KEAP1",8.90865911317151e-05,NA,NA,NA
"degree_only_LCN2",2161,"TGFA",3.48528190785569e-06,NA,NA,NA
"degree_only_LCN2",2162,"APAF1",0,NA,NA,NA
"degree_only_LCN2",2163,"AGTR1",7.87895413547623e-05,NA,NA,NA
"degree_only_LCN2",2164,"ACACA",7.98311027262466e-05,NA,NA,NA
"degree_only_LCN2",2165,"BGLAP",0.000139973984731978,NA,NA,NA
"degree_only_LCN2",2166,"SLC6A3",0.000164253248760127,NA,NA,NA
"degree_only_LCN2",2167,"SHH",1.43206732026169e-05,NA,NA,NA
"degree_only_LCN2",2168,"SDHA",0.000611111269984921,NA,NA,NA
"degree_only_LCN2",2169,"CACNA1B",0,NA,NA,NA
"degree_only_LCN2",2170,"GRIN2C",0,NA,NA,NA
"degree_only_LCN2",2171,"RYR2",4.78345186669671e-05,NA,NA,NA
"degree_only_LCN2",2172,"PRKDC",3.48518119952512e-06,NA,NA,NA
"degree_only_LCN2",2173,"STAT4",0.000324242289791776,NA,NA,NA
"degree_only_LCN2",2174,"NOD2",2.72727341009693e-05,NA,NA,NA
"degree_only_LCN2",2175,"GRIN2C",0,NA,NA,NA
"degree_only_LCN2",2176,"BTK",0.000119272845312435,NA,NA,NA
"degree_only_LCN2",2177,"ATG5",1.93264314094499e-05,NA,NA,NA
"degree_only_LCN2",2178,"CCL22",0,NA,NA,NA
"degree_only_LCN2",2179,"STAT4",0.000324242289791776,NA,NA,NA
"degree_only_LCN2",2180,"NCOA2",3.54820525111377e-05,NA,NA,NA
"degree_only_LCN2",2181,"GRIN2C",0,NA,NA,NA
"degree_only_LCN2",2182,"CCR6",0,NA,NA,NA
"degree_only_LCN2",2183,"SCN1B",0.00123489854843939,NA,NA,NA
"degree_only_LCN2",2184,"BAX",8.97923976903581e-05,NA,NA,NA
"degree_only_LCN2",2185,"AKR1C1",5.66614851992275e-05,NA,NA,NA
"degree_only_LCN2",2186,"EPOR",4.26416671160945e-05,NA,NA,NA
"degree_only_LCN2",2187,"PRKDC",3.48518119952512e-06,NA,NA,NA
"degree_only_LCN2",2188,"CCR6",0,NA,NA,NA
"degree_only_LCN2",2189,"KDM1A",0,NA,NA,NA
"degree_only_LCN2",2190,"BGLAP",0.000139973984731978,NA,NA,NA
"degree_only_LCN2",2191,"MT-CYB",0.000203007681716216,NA,NA,NA
"degree_only_LCN2",2192,"NOD2",2.72727341009693e-05,NA,NA,NA
"degree_only_LCN2",2193,"AKR1C1",5.66614851992275e-05,NA,NA,NA
"degree_only_LCN2",2194,"ALDH1A2",0,NA,NA,NA
"degree_only_LCN2",2195,"ALDH3A1",7.8987277396747e-05,NA,NA,NA
"degree_only_LCN2",2196,"CCR6",0,NA,NA,NA
"degree_only_LCN2",2197,"PRKAG2",0.00023019859617357,NA,NA,NA
"degree_only_LCN2",2198,"ITGA5",0.00127400659039045,NA,NA,NA
"degree_only_LCN2",2199,"ITGA5",0.00127400659039045,NA,NA,NA
"degree_only_LCN2",2200,"KEAP1",8.90865911317151e-05,NA,NA,NA
"degree_only_LCN2",2201,"ACE2",6.17806475236016e-05,NA,NA,NA
"degree_only_LCN2",2202,"CCL22",0,NA,NA,NA
"degree_only_LCN2",2203,"ADH7",0,NA,NA,NA
"degree_only_LCN2",2204,"PRKAG2",0.00023019859617357,NA,NA,NA
"degree_only_LCN2",2205,"AGTR1",7.87895413547623e-05,NA,NA,NA
"degree_only_LCN2",2206,"ADRB2",0.000148693401879507,NA,NA,NA
"degree_only_LCN2",2207,"DRD2",0.000217393825030943,NA,NA,NA
"degree_only_LCN2",2208,"KDM1A",0,NA,NA,NA
"degree_only_LCN2",2209,"BTK",0.000119272845312435,NA,NA,NA
"degree_only_LCN2",2210,"IRF1",0,NA,NA,NA
"degree_only_LCN2",2211,"RYR2",4.78345186669671e-05,NA,NA,NA
"degree_only_LCN2",2212,"SFN",1.88836433614448e-05,NA,NA,NA
"degree_only_LCN2",2213,"NOD2",2.72727341009693e-05,NA,NA,NA
"degree_only_LCN2",2214,"IRF1",0,NA,NA,NA
"degree_only_LCN2",2215,"LGALS3",1.90104129516033e-06,NA,NA,NA
"degree_only_LCN2",2216,"SCN1B",0.00123489854843939,NA,NA,NA
"degree_only_LCN2",2217,"ALDH3A1",7.8987277396747e-05,NA,NA,NA
"degree_only_LCN2",2218,"TEK",0,NA,NA,NA
"degree_only_LCN2",2219,"TGFA",3.48528190785569e-06,NA,NA,NA
"degree_only_LCN2",2220,"PRKDC",3.48518119952512e-06,NA,NA,NA
"degree_only_LCN2",2221,"RYR2",4.78345186669671e-05,NA,NA,NA
"degree_only_LCN2",2222,"ATG5",1.93264314094499e-05,NA,NA,NA
"degree_only_LCN2",2223,"ADCY1",8.87083575196179e-06,NA,NA,NA
"degree_only_LCN2",2224,"ADCY2",0,NA,NA,NA
"degree_only_LCN2",2225,"EPOR",4.26416671160945e-05,NA,NA,NA
"degree_only_LCN2",2226,"ALDH1A3",0,NA,NA,NA
"degree_only_LCN2",2227,"PRKDC",3.48518119952512e-06,NA,NA,NA
"degree_only_LCN2",2228,"ALDH1A3",0,NA,NA,NA
"degree_only_LCN2",2229,"DRD2",0.000217393825030943,NA,NA,NA
"degree_only_LCN2",2230,"CCR6",0,NA,NA,NA
"degree_only_LCN2",2231,"ATG5",1.93264314094499e-05,NA,NA,NA
"degree_only_LCN2",2232,"ADH7",0,NA,NA,NA
"degree_only_LCN2",2233,"TGFA",3.48528190785569e-06,NA,NA,NA
"degree_only_LCN2",2234,"AKR1C1",5.66614851992275e-05,NA,NA,NA
"degree_only_LCN2",2235,"TGFA",3.48528190785569e-06,NA,NA,NA
"degree_only_LCN2",2236,"ADH7",0,NA,NA,NA
"degree_only_LCN2",2237,"EPOR",4.26416671160945e-05,NA,NA,NA
"degree_only_LCN2",2238,"ALDH1A2",0,NA,NA,NA
"degree_only_LCN2",2239,"SDHA",0.000611111269984921,NA,NA,NA
"degree_only_LCN2",2240,"ACTG1",2.72461711825489e-06,NA,NA,NA
"degree_only_LCN2",2241,"PRKAG2",0.00023019859617357,NA,NA,NA
"degree_only_LCN2",2242,"AGTR1",7.87895413547623e-05,NA,NA,NA
"degree_only_LCN2",2243,"SFN",1.88836433614448e-05,NA,NA,NA
"degree_only_LCN2",2244,"SLC6A3",0.000164253248760127,NA,NA,NA
"degree_only_LCN2",2245,"ADCY2",0,NA,NA,NA
"degree_only_LCN2",2246,"CCL22",0,NA,NA,NA
"degree_only_LCN2",2247,"ADH7",0,NA,NA,NA
"degree_only_LCN2",2248,"ADH7",0,NA,NA,NA
"degree_only_LCN2",2249,"KDM1A",0,NA,NA,NA
"degree_only_LCN2",2250,"BGLAP",0.000139973984731978,NA,NA,NA
"degree_only_LCN2",2251,"NOD2",2.72727341009693e-05,NA,NA,NA
"degree_only_LCN2",2252,"CCL22",0,NA,NA,NA
"degree_only_LCN2",2253,"KDM1A",0,NA,NA,NA
"degree_only_LCN2",2254,"CS",0.000203624857343709,NA,NA,NA
"degree_only_LCN2",2255,"SDHA",0.000611111269984921,NA,NA,NA
"degree_only_LCN2",2256,"CCL22",0,NA,NA,NA
"degree_only_LCN2",2257,"CACNA1B",0,NA,NA,NA
"degree_only_LCN2",2258,"DRD2",0.000217393825030943,NA,NA,NA
"degree_only_LCN2",2259,"ADCY2",0,NA,NA,NA
"degree_only_LCN2",2260,"ADRB2",0.000148693401879507,NA,NA,NA
"degree_only_LCN2",2261,"CACNA1B",0,NA,NA,NA
"degree_only_LCN2",2262,"ATG5",1.93264314094499e-05,NA,NA,NA
"degree_only_LCN2",2263,"SFN",1.88836433614448e-05,NA,NA,NA
"degree_only_LCN2",2264,"TEK",0,NA,NA,NA
"degree_only_LCN2",2265,"PRKAG2",0.00023019859617357,NA,NA,NA
"degree_only_LCN2",2266,"CS",0.000203624857343709,NA,NA,NA
"degree_only_LCN2",2267,"TGFA",3.48528190785569e-06,NA,NA,NA
"degree_only_LCN2",2268,"APAF1",0,NA,NA,NA
"degree_only_LCN2",2269,"ACTG1",2.72461711825489e-06,NA,NA,NA
"degree_only_LCN2",2270,"CACNA1B",0,NA,NA,NA
"degree_only_LCN2",2271,"IRF1",0,NA,NA,NA
"degree_only_LCN2",2272,"ADH7",0,NA,NA,NA
"degree_only_LCN2",2273,"STAT4",0.000324242289791776,NA,NA,NA
"degree_only_LCN2",2274,"AKR1C1",5.66614851992275e-05,NA,NA,NA
"degree_only_LCN2",2275,"AKR1C1",5.66614851992275e-05,NA,NA,NA
"degree_only_LCN2",2276,"ADH7",0,NA,NA,NA
"degree_only_LCN2",2277,"AKR1C1",5.66614851992275e-05,NA,NA,NA
"degree_only_LCN2",2278,"ALDH1A2",0,NA,NA,NA
"degree_only_LCN2",2279,"CS",0.000203624857343709,NA,NA,NA
"degree_only_LCN2",2280,"AGTR1",7.87895413547623e-05,NA,NA,NA
"degree_only_LCN2",2281,"CS",0.000203624857343709,NA,NA,NA
"degree_only_LCN2",2282,"DRD2",0.000217393825030943,NA,NA,NA
"degree_only_LCN2",2283,"SCN1B",0.00123489854843939,NA,NA,NA
"degree_only_LCN2",2284,"ACE2",6.17806475236016e-05,NA,NA,NA
"degree_only_LCN2",2285,"IRF1",0,NA,NA,NA
"degree_only_LCN2",2286,"CACNA1B",0,NA,NA,NA
"degree_only_LCN2",2287,"CCL22",0,NA,NA,NA
"degree_only_LCN2",2288,"CYP1B1",1.26701867375623e-06,NA,NA,NA
"degree_only_LCN2",2289,"CS",0.000203624857343709,NA,NA,NA
"degree_only_LCN2",2290,"ADCY2",0,NA,NA,NA
"degree_only_LCN2",2291,"PCNA",0.000281828068793732,NA,NA,NA
"degree_only_LCN2",2292,"SFN",1.88836433614448e-05,NA,NA,NA
"degree_only_LCN2",2293,"AGTR1",7.87895413547623e-05,NA,NA,NA
"degree_only_LCN2",2294,"PRKAG2",0.00023019859617357,NA,NA,NA
"degree_only_LCN2",2295,"CACNA1B",0,NA,NA,NA
"degree_only_LCN2",2296,"ADRB2",0.000148693401879507,NA,NA,NA
"degree_only_LCN2",2297,"KEAP1",8.90865911317151e-05,NA,NA,NA
"degree_only_LCN2",2298,"RYR2",4.78345186669671e-05,NA,NA,NA
"degree_only_LCN2",2299,"ADRB2",0.000148693401879507,NA,NA,NA
"degree_only_LCN2",2300,"TGFA",3.48528190785569e-06,NA,NA,NA
"degree_only_LCN2",2301,"EPOR",4.26416671160945e-05,NA,NA,NA
"degree_only_LCN2",2302,"SHH",1.43206732026169e-05,NA,NA,NA
"degree_only_LCN2",2303,"ALDH1A3",0,NA,NA,NA
"degree_only_LCN2",2304,"ACTG1",2.72461711825489e-06,NA,NA,NA
"degree_only_LCN2",2305,"TEK",0,NA,NA,NA
"degree_only_LCN2",2306,"SDHA",0.000611111269984921,NA,NA,NA
"degree_only_LCN2",2307,"BTK",0.000119272845312435,NA,NA,NA
"degree_only_LCN2",2308,"ALDH1A3",0,NA,NA,NA
"degree_only_LCN2",2309,"BTK",0.000119272845312435,NA,NA,NA
"degree_only_LCN2",2310,"GRIN2C",0,NA,NA,NA
"degree_only_LCN2",2311,"BAX",8.97923976903581e-05,NA,NA,NA
"degree_only_LCN2",2312,"SDHA",0.000611111269984921,NA,NA,NA
"degree_only_LCN2",2313,"MT-CYB",0.000203007681716216,NA,NA,NA
"degree_only_LCN2",2314,"DRD2",0.000217393825030943,NA,NA,NA
"degree_only_LCN2",2315,"GRIN2C",0,NA,NA,NA
"degree_only_LCN2",2316,"GRIN2C",0,NA,NA,NA
"degree_only_LCN2",2317,"ACE2",6.17806475236016e-05,NA,NA,NA
"degree_only_LCN2",2318,"GRIN2C",0,NA,NA,NA
"degree_only_LCN2",2319,"SELE",1.58407098771463e-06,NA,NA,NA
"degree_only_LCN2",2320,"ACACA",7.98311027262466e-05,NA,NA,NA
"degree_only_LCN2",2321,"AKR1C1",5.66614851992275e-05,NA,NA,NA
"degree_only_LCN2",2322,"SELE",1.58407098771463e-06,NA,NA,NA
"degree_only_LCN2",2323,"ADRB2",0.000148693401879507,NA,NA,NA
"degree_only_LCN2",2324,"ADCY2",0,NA,NA,NA
"degree_only_LCN2",2325,"SHH",1.43206732026169e-05,NA,NA,NA
"degree_only_LCN2",2326,"ADRB2",0.000148693401879507,NA,NA,NA
"degree_only_LCN2",2327,"ADRB2",0.000148693401879507,NA,NA,NA
"degree_only_LCN2",2328,"PLAU",9.12459578450431e-06,NA,NA,NA
"degree_only_LCN2",2329,"PRKAG2",0.00023019859617357,NA,NA,NA
"degree_only_LCN2",2330,"ALDH1A2",0,NA,NA,NA
"degree_only_LCN2",2331,"ADCY2",0,NA,NA,NA
"degree_only_LCN2",2332,"ALDH1A3",0,NA,NA,NA
"degree_only_LCN2",2333,"ALDH1A2",0,NA,NA,NA
"degree_only_LCN2",2334,"CS",0.000203624857343709,NA,NA,NA
"degree_only_LCN2",2335,"ACACA",7.98311027262466e-05,NA,NA,NA
"degree_only_LCN2",2336,"ADRB2",0.000148693401879507,NA,NA,NA
"degree_only_LCN2",2337,"AGTR1",7.87895413547623e-05,NA,NA,NA
"degree_only_LCN2",2338,"MT-CYB",0.000203007681716216,NA,NA,NA
"degree_only_LCN2",2339,"SHH",1.43206732026169e-05,NA,NA,NA
"degree_only_LCN2",2340,"ADH4",0,NA,NA,NA
"degree_only_LCN2",2341,"ALDH1A2",0,NA,NA,NA
"degree_only_LCN2",2342,"IRF1",0,NA,NA,NA
"degree_only_LCN2",2343,"ACACA",7.98311027262466e-05,NA,NA,NA
"degree_only_LCN2",2344,"CS",0.000203624857343709,NA,NA,NA
"degree_only_LCN2",2345,"KDM1A",0,NA,NA,NA
"degree_only_LCN2",2346,"CYP1B1",1.26701867375623e-06,NA,NA,NA
"degree_only_LCN2",2347,"MT-CYB",0.000203007681716216,NA,NA,NA
"degree_only_LCN2",2348,"CCL22",0,NA,NA,NA
"degree_only_LCN2",2349,"ALDH2",5.15659678518299e-05,NA,NA,NA
"degree_only_LCN2",2350,"ALDH1A3",0,NA,NA,NA
"degree_only_LCN2",2351,"ACTG1",2.72461711825489e-06,NA,NA,NA
"degree_only_LCN2",2352,"AGTR1",7.87895413547623e-05,NA,NA,NA
"degree_only_LCN2",2353,"ACE2",6.17806475236016e-05,NA,NA,NA
"degree_only_LCN2",2354,"CCL22",0,NA,NA,NA
"degree_only_LCN2",2355,"DRD2",0.000217393825030943,NA,NA,NA
"degree_only_LCN2",2356,"ACE2",6.17806475236016e-05,NA,NA,NA
"degree_only_LCN2",2357,"SFN",1.88836433614448e-05,NA,NA,NA
"degree_only_LCN2",2358,"TEK",0,NA,NA,NA
"degree_only_LCN2",2359,"LGALS3",1.90104129516033e-06,NA,NA,NA
"degree_only_LCN2",2360,"SFN",1.88836433614448e-05,NA,NA,NA
"degree_only_LCN2",2361,"ALDH1A2",0,NA,NA,NA
"degree_only_LCN2",2362,"APAF1",0,NA,NA,NA
"degree_only_LCN2",2363,"GRIN2C",0,NA,NA,NA
"degree_only_LCN2",2364,"ALDH2",5.15659678518299e-05,NA,NA,NA
"degree_only_LCN2",2365,"ADRB2",0.000148693401879507,NA,NA,NA
"degree_only_LCN2",2366,"CCR6",0,NA,NA,NA
"degree_only_LCN2",2367,"CYP1B1",1.26701867375623e-06,NA,NA,NA
"degree_only_LCN2",2368,"CCL22",0,NA,NA,NA
"degree_only_LCN2",2369,"ATG5",1.93264314094499e-05,NA,NA,NA
"degree_only_LCN2",2370,"ATG5",1.93264314094499e-05,NA,NA,NA
"degree_only_LCN2",2371,"IRF1",0,NA,NA,NA
"degree_only_LCN2",2372,"KEAP1",8.90865911317151e-05,NA,NA,NA
"degree_only_LCN2",2373,"KEAP1",8.90865911317151e-05,NA,NA,NA
"degree_only_LCN2",2374,"ALDH1A2",0,NA,NA,NA
"degree_only_LCN2",2375,"ADRB2",0.000148693401879507,NA,NA,NA
"degree_only_LCN2",2376,"BAX",8.97923976903581e-05,NA,NA,NA
"degree_only_LCN2",2377,"PRKAG2",0.00023019859617357,NA,NA,NA
"degree_only_LCN2",2378,"CCR6",0,NA,NA,NA
"degree_only_LCN2",2379,"SFN",1.88836433614448e-05,NA,NA,NA
"degree_only_LCN2",2380,"BAX",8.97923976903581e-05,NA,NA,NA
"degree_only_LCN2",2381,"ACTG1",2.72461711825489e-06,NA,NA,NA
"degree_only_LCN2",2382,"ACTG1",2.72461711825489e-06,NA,NA,NA
"degree_only_LCN2",2383,"PRKAG2",0.00023019859617357,NA,NA,NA
"degree_only_LCN2",2384,"ADCY2",0,NA,NA,NA
"degree_only_LCN2",2385,"KEAP1",8.90865911317151e-05,NA,NA,NA
"degree_only_LCN2",2386,"STAT4",0.000324242289791776,NA,NA,NA
"degree_only_LCN2",2387,"ADCY2",0,NA,NA,NA
"degree_only_LCN2",2388,"RARA",0.000182812715244118,NA,NA,NA
"degree_only_LCN2",2389,"PLAU",9.12459578450431e-06,NA,NA,NA
"degree_only_LCN2",2390,"ACACA",7.98311027262466e-05,NA,NA,NA
"degree_only_LCN2",2391,"PRKDC",3.48518119952512e-06,NA,NA,NA
"degree_only_LCN2",2392,"ADH7",0,NA,NA,NA
"degree_only_LCN2",2393,"RYR2",4.78345186669671e-05,NA,NA,NA
"degree_only_LCN2",2394,"ADH4",0,NA,NA,NA
"degree_only_LCN2",2395,"ACE2",6.17806475236016e-05,NA,NA,NA
"degree_only_LCN2",2396,"PCNA",0.000281828068793732,NA,NA,NA
"degree_only_LCN2",2397,"RYR2",4.78345186669671e-05,NA,NA,NA
"degree_only_LCN2",2398,"BAX",8.97923976903581e-05,NA,NA,NA
"degree_only_LCN2",2399,"STAT4",0.000324242289791776,NA,NA,NA
"degree_only_LCN2",2400,"BTK",0.000119272845312435,NA,NA,NA
"degree_only_LCN2",2401,"LGALS3",1.90104129516033e-06,NA,NA,NA
"degree_only_LCN2",2402,"ALDH3A1",7.8987277396747e-05,NA,NA,NA
"degree_only_LCN2",2403,"ADCY1",8.87083575196179e-06,NA,NA,NA
"degree_only_LCN2",2404,"PLAU",9.12459578450431e-06,NA,NA,NA
"degree_only_LCN2",2405,"CCL22",0,NA,NA,NA
"degree_only_LCN2",2406,"SLC6A3",0.000164253248760127,NA,NA,NA
"degree_only_LCN2",2407,"ADCY2",0,NA,NA,NA
"degree_only_LCN2",2408,"ALDH3A1",7.8987277396747e-05,NA,NA,NA
"degree_only_LCN2",2409,"KEAP1",8.90865911317151e-05,NA,NA,NA
"degree_only_LCN2",2410,"SELE",1.58407098771463e-06,NA,NA,NA
"degree_only_LCN2",2411,"ALDH3A1",7.8987277396747e-05,NA,NA,NA
"degree_only_LCN2",2412,"ACE2",6.17806475236016e-05,NA,NA,NA
"degree_only_LCN2",2413,"SDHA",0.000611111269984921,NA,NA,NA
"degree_only_LCN2",2414,"ACTG1",2.72461711825489e-06,NA,NA,NA
"degree_only_LCN2",2415,"RARA",0.000182812715244118,NA,NA,NA
"degree_only_LCN2",2416,"ATG5",1.93264314094499e-05,NA,NA,NA
"degree_only_LCN2",2417,"ALDH1A2",0,NA,NA,NA
"degree_only_LCN2",2418,"TEK",0,NA,NA,NA
"degree_only_LCN2",2419,"GRIN2C",0,NA,NA,NA
"degree_only_LCN2",2420,"ADCY1",8.87083575196179e-06,NA,NA,NA
"degree_only_LCN2",2421,"SFN",1.88836433614448e-05,NA,NA,NA
"degree_only_LCN2",2422,"AKR1C1",5.66614851992275e-05,NA,NA,NA
"degree_only_LCN2",2423,"EPOR",4.26416671160945e-05,NA,NA,NA
"degree_only_LCN2",2424,"KEAP1",8.90865911317151e-05,NA,NA,NA
"degree_only_LCN2",2425,"ACTG1",2.72461711825489e-06,NA,NA,NA
"degree_only_LCN2",2426,"ACTG1",2.72461711825489e-06,NA,NA,NA
"degree_only_LCN2",2427,"KEAP1",8.90865911317151e-05,NA,NA,NA
"degree_only_LCN2",2428,"ADCY2",0,NA,NA,NA
"degree_only_LCN2",2429,"ADH4",0,NA,NA,NA
"degree_only_LCN2",2430,"ALDH1A2",0,NA,NA,NA
"degree_only_LCN2",2431,"PLAU",9.12459578450431e-06,NA,NA,NA
"degree_only_LCN2",2432,"RYR2",4.78345186669671e-05,NA,NA,NA
"degree_only_LCN2",2433,"KDM1A",0,NA,NA,NA
"degree_only_LCN2",2434,"EPOR",4.26416671160945e-05,NA,NA,NA
"degree_only_LCN2",2435,"KDM1A",0,NA,NA,NA
"degree_only_LCN2",2436,"PRKDC",3.48518119952512e-06,NA,NA,NA
"degree_only_LCN2",2437,"PLAU",9.12459578450431e-06,NA,NA,NA
"degree_only_LCN2",2438,"BGLAP",0.000139973984731978,NA,NA,NA
"degree_only_LCN2",2439,"BTK",0.000119272845312435,NA,NA,NA
"degree_only_LCN2",2440,"PRKDC",3.48518119952512e-06,NA,NA,NA
"degree_only_LCN2",2441,"SCN1B",0.00123489854843939,NA,NA,NA
"degree_only_LCN2",2442,"RARA",0.000182812715244118,NA,NA,NA
"degree_only_LCN2",2443,"CS",0.000203624857343709,NA,NA,NA
"degree_only_LCN2",2444,"SELE",1.58407098771463e-06,NA,NA,NA
"degree_only_LCN2",2445,"EPOR",4.26416671160945e-05,NA,NA,NA
"degree_only_LCN2",2446,"RARA",0.000182812715244118,NA,NA,NA
"degree_only_LCN2",2447,"LGALS3",1.90104129516033e-06,NA,NA,NA
"degree_only_LCN2",2448,"ALDH2",5.15659678518299e-05,NA,NA,NA
"degree_only_LCN2",2449,"AGTR1",7.87895413547623e-05,NA,NA,NA
"degree_only_LCN2",2450,"SDHA",0.000611111269984921,NA,NA,NA
"degree_only_LCN2",2451,"ALDH1A3",0,NA,NA,NA
"degree_only_LCN2",2452,"NOD2",2.72727341009693e-05,NA,NA,NA
"degree_only_LCN2",2453,"MT-CYB",0.000203007681716216,NA,NA,NA
"degree_only_LCN2",2454,"TGFA",3.48528190785569e-06,NA,NA,NA
"degree_only_LCN2",2455,"CYP1B1",1.26701867375623e-06,NA,NA,NA
"degree_only_LCN2",2456,"IRF1",0,NA,NA,NA
"degree_only_LCN2",2457,"SELE",1.58407098771463e-06,NA,NA,NA
"degree_only_LCN2",2458,"ALDH1A2",0,NA,NA,NA
"degree_only_LCN2",2459,"KEAP1",8.90865911317151e-05,NA,NA,NA
"degree_only_LCN2",2460,"PLAU",9.12459578450431e-06,NA,NA,NA
"degree_only_LCN2",2461,"MT-CYB",0.000203007681716216,NA,NA,NA
"degree_only_LCN2",2462,"SCN1B",0.00123489854843939,NA,NA,NA
"degree_only_LCN2",2463,"NCOA2",3.54820525111377e-05,NA,NA,NA
"degree_only_LCN2",2464,"NOD2",2.72727341009693e-05,NA,NA,NA
"degree_only_LCN2",2465,"ACE2",6.17806475236016e-05,NA,NA,NA
"degree_only_LCN2",2466,"STAT4",0.000324242289791776,NA,NA,NA
"degree_only_LCN2",2467,"ADH4",0,NA,NA,NA
"degree_only_LCN2",2468,"LGALS3",1.90104129516033e-06,NA,NA,NA
"degree_only_LCN2",2469,"ADH7",0,NA,NA,NA
"degree_only_LCN2",2470,"AKR1C1",5.66614851992275e-05,NA,NA,NA
"degree_only_LCN2",2471,"ACTG1",2.72461711825489e-06,NA,NA,NA
"degree_only_LCN2",2472,"NOD2",2.72727341009693e-05,NA,NA,NA
"degree_only_LCN2",2473,"KDM1A",0,NA,NA,NA
"degree_only_LCN2",2474,"KEAP1",8.90865911317151e-05,NA,NA,NA
"degree_only_LCN2",2475,"IRF1",0,NA,NA,NA
"degree_only_LCN2",2476,"IRF1",0,NA,NA,NA
"degree_only_LCN2",2477,"RYR2",4.78345186669671e-05,NA,NA,NA
"degree_only_LCN2",2478,"ALDH1A3",0,NA,NA,NA
"degree_only_LCN2",2479,"ALDH3A1",7.8987277396747e-05,NA,NA,NA
"degree_only_LCN2",2480,"BGLAP",0.000139973984731978,NA,NA,NA
"degree_only_LCN2",2481,"BGLAP",0.000139973984731978,NA,NA,NA
"degree_only_LCN2",2482,"BAX",8.97923976903581e-05,NA,NA,NA
"degree_only_LCN2",2483,"ALDH3A1",7.8987277396747e-05,NA,NA,NA
"degree_only_LCN2",2484,"NOD2",2.72727341009693e-05,NA,NA,NA
"degree_only_LCN2",2485,"CCL22",0,NA,NA,NA
"degree_only_LCN2",2486,"GRIN2C",0,NA,NA,NA
"degree_only_LCN2",2487,"SLC6A3",0.000164253248760127,NA,NA,NA
"degree_only_LCN2",2488,"PRKDC",3.48518119952512e-06,NA,NA,NA
"degree_only_LCN2",2489,"PLAU",9.12459578450431e-06,NA,NA,NA
"degree_only_LCN2",2490,"LGALS3",1.90104129516033e-06,NA,NA,NA
"degree_only_LCN2",2491,"AGTR1",7.87895413547623e-05,NA,NA,NA
"degree_only_LCN2",2492,"RARA",0.000182812715244118,NA,NA,NA
"degree_only_LCN2",2493,"BTK",0.000119272845312435,NA,NA,NA
"degree_only_LCN2",2494,"ACTG1",2.72461711825489e-06,NA,NA,NA
"degree_only_LCN2",2495,"ITGA5",0.00127400659039045,NA,NA,NA
"degree_only_LCN2",2496,"ALDH3A1",7.8987277396747e-05,NA,NA,NA
"degree_only_LCN2",2497,"SCN1B",0.00123489854843939,NA,NA,NA
"degree_only_LCN2",2498,"CCR6",0,NA,NA,NA
"degree_only_LCN2",2499,"SELE",1.58407098771463e-06,NA,NA,NA
"degree_only_LCN2",2500,"SLC6A3",0.000164253248760127,NA,NA,NA
"degree_only_LCN2",2501,"CCL22",0,NA,NA,NA
"degree_only_LCN2",2502,"CCR6",0,NA,NA,NA
"degree_only_LCN2",2503,"ADCY1",8.87083575196179e-06,NA,NA,NA
"degree_only_LCN2",2504,"NOD2",2.72727341009693e-05,NA,NA,NA
"degree_only_LCN2",2505,"RYR2",4.78345186669671e-05,NA,NA,NA
"degree_only_LCN2",2506,"IRF1",0,NA,NA,NA
"degree_only_LCN2",2507,"DRD2",0.000217393825030943,NA,NA,NA
"degree_only_LCN2",2508,"CCL22",0,NA,NA,NA
"degree_only_LCN2",2509,"AGTR1",7.87895413547623e-05,NA,NA,NA
"degree_only_LCN2",2510,"STAT4",0.000324242289791776,NA,NA,NA
"degree_only_LCN2",2511,"NCOA2",3.54820525111377e-05,NA,NA,NA
"degree_only_LCN2",2512,"CCR6",0,NA,NA,NA
"degree_only_LCN2",2513,"SLC6A3",0.000164253248760127,NA,NA,NA
"degree_only_LCN2",2514,"SHH",1.43206732026169e-05,NA,NA,NA
"degree_only_LCN2",2515,"CCR6",0,NA,NA,NA
"degree_only_LCN2",2516,"ITGA5",0.00127400659039045,NA,NA,NA
"degree_only_LCN2",2517,"ACTG1",2.72461711825489e-06,NA,NA,NA
"degree_only_LCN2",2518,"APAF1",0,NA,NA,NA
"degree_only_LCN2",2519,"ADCY2",0,NA,NA,NA
"degree_only_LCN2",2520,"CCL22",0,NA,NA,NA
"degree_only_LCN2",2521,"ADCY2",0,NA,NA,NA
"degree_only_LCN2",2522,"ALDH1A3",0,NA,NA,NA
"degree_only_LCN2",2523,"EPOR",4.26416671160945e-05,NA,NA,NA
"degree_only_LCN2",2524,"ALDH1A3",0,NA,NA,NA
"degree_only_LCN2",2525,"KDM1A",0,NA,NA,NA
"degree_only_LCN2",2526,"ACACA",7.98311027262466e-05,NA,NA,NA
"degree_only_LCN2",2527,"TEK",0,NA,NA,NA
"degree_only_LCN2",2528,"DRD2",0.000217393825030943,NA,NA,NA
"degree_only_LCN2",2529,"BAX",8.97923976903581e-05,NA,NA,NA
"degree_only_LCN2",2530,"ALDH1A3",0,NA,NA,NA
"degree_only_LCN2",2531,"STAT4",0.000324242289791776,NA,NA,NA
"degree_only_LCN2",2532,"APAF1",0,NA,NA,NA
"degree_only_LCN2",2533,"CS",0.000203624857343709,NA,NA,NA
"degree_only_LCN2",2534,"PLAU",9.12459578450431e-06,NA,NA,NA
"degree_only_LCN2",2535,"CCL22",0,NA,NA,NA
"degree_only_LCN2",2536,"ADRB2",0.000148693401879507,NA,NA,NA
"degree_only_LCN2",2537,"ADRB2",0.000148693401879507,NA,NA,NA
"degree_only_LCN2",2538,"BTK",0.000119272845312435,NA,NA,NA
"degree_only_LCN2",2539,"RYR2",4.78345186669671e-05,NA,NA,NA
"degree_only_LCN2",2540,"AGTR1",7.87895413547623e-05,NA,NA,NA
"degree_only_LCN2",2541,"IRF1",0,NA,NA,NA
"degree_only_LCN2",2542,"SHH",1.43206732026169e-05,NA,NA,NA
"degree_only_LCN2",2543,"ADCY2",0,NA,NA,NA
"degree_only_LCN2",2544,"ADH4",0,NA,NA,NA
"degree_only_LCN2",2545,"AKR1C1",5.66614851992275e-05,NA,NA,NA
"degree_only_LCN2",2546,"TGFA",3.48528190785569e-06,NA,NA,NA
"degree_only_LCN2",2547,"CACNA1B",0,NA,NA,NA
"degree_only_LCN2",2548,"CYP1B1",1.26701867375623e-06,NA,NA,NA
"degree_only_LCN2",2549,"CACNA1B",0,NA,NA,NA
"degree_only_LCN2",2550,"ALDH2",5.15659678518299e-05,NA,NA,NA
"degree_only_LCN2",2551,"CS",0.000203624857343709,NA,NA,NA
"degree_only_LCN2",2552,"ACTG1",2.72461711825489e-06,NA,NA,NA
"degree_only_LCN2",2553,"SLC6A3",0.000164253248760127,NA,NA,NA
"degree_only_LCN2",2554,"APAF1",0,NA,NA,NA
"degree_only_LCN2",2555,"ALDH1A3",0,NA,NA,NA
"degree_only_LCN2",2556,"TEK",0,NA,NA,NA
"degree_only_LCN2",2557,"DRD2",0.000217393825030943,NA,NA,NA
"degree_only_LCN2",2558,"ADCY1",8.87083575196179e-06,NA,NA,NA
"degree_only_LCN2",2559,"STAT4",0.000324242289791776,NA,NA,NA
"degree_only_LCN2",2560,"BTK",0.000119272845312435,NA,NA,NA
"degree_only_LCN2",2561,"PCNA",0.000281828068793732,NA,NA,NA
"degree_only_LCN2",2562,"SELE",1.58407098771463e-06,NA,NA,NA
"degree_only_LCN2",2563,"RYR2",4.78345186669671e-05,NA,NA,NA
"degree_only_LCN2",2564,"ACE2",6.17806475236016e-05,NA,NA,NA
"degree_only_LCN2",2565,"ADH4",0,NA,NA,NA
"degree_only_LCN2",2566,"SELE",1.58407098771463e-06,NA,NA,NA
"degree_only_LCN2",2567,"GRIN2C",0,NA,NA,NA
"degree_only_LCN2",2568,"PRKDC",3.48518119952512e-06,NA,NA,NA
"degree_only_LCN2",2569,"RYR2",4.78345186669671e-05,NA,NA,NA
"degree_only_LCN2",2570,"TGFA",3.48528190785569e-06,NA,NA,NA
"degree_only_LCN2",2571,"DRD2",0.000217393825030943,NA,NA,NA
"degree_only_LCN2",2572,"BGLAP",0.000139973984731978,NA,NA,NA
"degree_only_LCN2",2573,"SELE",1.58407098771463e-06,NA,NA,NA
"degree_only_LCN2",2574,"NCOA2",3.54820525111377e-05,NA,NA,NA
"degree_only_LCN2",2575,"ITGA5",0.00127400659039045,NA,NA,NA
"degree_only_LCN2",2576,"ALDH1A3",0,NA,NA,NA
"degree_only_LCN2",2577,"ADH7",0,NA,NA,NA
"degree_only_LCN2",2578,"SELE",1.58407098771463e-06,NA,NA,NA
"degree_only_LCN2",2579,"LGALS3",1.90104129516033e-06,NA,NA,NA
"degree_only_LCN2",2580,"ACE2",6.17806475236016e-05,NA,NA,NA
"degree_only_LCN2",2581,"ALDH1A2",0,NA,NA,NA
"degree_only_LCN2",2582,"IRF1",0,NA,NA,NA
"degree_only_LCN2",2583,"ADCY1",8.87083575196179e-06,NA,NA,NA
"degree_only_LCN2",2584,"ALDH2",5.15659678518299e-05,NA,NA,NA
"degree_only_LCN2",2585,"ADCY2",0,NA,NA,NA
"degree_only_LCN2",2586,"ALDH1A3",0,NA,NA,NA
"degree_only_LCN2",2587,"PRKAG2",0.00023019859617357,NA,NA,NA
"degree_only_LCN2",2588,"ACE2",6.17806475236016e-05,NA,NA,NA
"degree_only_LCN2",2589,"BTK",0.000119272845312435,NA,NA,NA
"degree_only_LCN2",2590,"PRKDC",3.48518119952512e-06,NA,NA,NA
"degree_only_LCN2",2591,"ALDH2",5.15659678518299e-05,NA,NA,NA
"degree_only_LCN2",2592,"AGTR1",7.87895413547623e-05,NA,NA,NA
"degree_only_LCN2",2593,"SCN1B",0.00123489854843939,NA,NA,NA
"degree_only_LCN2",2594,"CS",0.000203624857343709,NA,NA,NA
"degree_only_LCN2",2595,"IRF1",0,NA,NA,NA
"degree_only_LCN2",2596,"AGTR1",7.87895413547623e-05,NA,NA,NA
"degree_only_LCN2",2597,"NCOA2",3.54820525111377e-05,NA,NA,NA
"degree_only_LCN2",2598,"ACACA",7.98311027262466e-05,NA,NA,NA
"degree_only_LCN2",2599,"ADRB2",0.000148693401879507,NA,NA,NA
"degree_only_LCN2",2600,"IRF1",0,NA,NA,NA
"degree_only_LCN2",2601,"GRIN2C",0,NA,NA,NA
"degree_only_LCN2",2602,"PCNA",0.000281828068793732,NA,NA,NA
"degree_only_LCN2",2603,"CS",0.000203624857343709,NA,NA,NA
"degree_only_LCN2",2604,"ACTG1",2.72461711825489e-06,NA,NA,NA
"degree_only_LCN2",2605,"SDHA",0.000611111269984921,NA,NA,NA
"degree_only_LCN2",2606,"ACE2",6.17806475236016e-05,NA,NA,NA
"degree_only_LCN2",2607,"AKR1C1",5.66614851992275e-05,NA,NA,NA
"degree_only_LCN2",2608,"SELE",1.58407098771463e-06,NA,NA,NA
"degree_only_LCN2",2609,"RARA",0.000182812715244118,NA,NA,NA
"degree_only_LCN2",2610,"PRKAG2",0.00023019859617357,NA,NA,NA
"degree_only_LCN2",2611,"STAT4",0.000324242289791776,NA,NA,NA
"degree_only_LCN2",2612,"STAT4",0.000324242289791776,NA,NA,NA
"degree_only_LCN2",2613,"PRKDC",3.48518119952512e-06,NA,NA,NA
"degree_only_LCN2",2614,"ADCY2",0,NA,NA,NA
"degree_only_LCN2",2615,"STAT4",0.000324242289791776,NA,NA,NA
"degree_only_LCN2",2616,"BGLAP",0.000139973984731978,NA,NA,NA
"degree_only_LCN2",2617,"STAT4",0.000324242289791776,NA,NA,NA
"degree_only_LCN2",2618,"CS",0.000203624857343709,NA,NA,NA
"degree_only_LCN2",2619,"ADRB2",0.000148693401879507,NA,NA,NA
"degree_only_LCN2",2620,"ADCY1",8.87083575196179e-06,NA,NA,NA
"degree_only_LCN2",2621,"TGFA",3.48528190785569e-06,NA,NA,NA
"degree_only_LCN2",2622,"ADH7",0,NA,NA,NA
"degree_only_LCN2",2623,"AKR1C1",5.66614851992275e-05,NA,NA,NA
"degree_only_LCN2",2624,"CYP1B1",1.26701867375623e-06,NA,NA,NA
"degree_only_LCN2",2625,"RYR2",4.78345186669671e-05,NA,NA,NA
"degree_only_LCN2",2626,"CCL22",0,NA,NA,NA
"degree_only_LCN2",2627,"IRF1",0,NA,NA,NA
"degree_only_LCN2",2628,"ALDH1A3",0,NA,NA,NA
"degree_only_LCN2",2629,"TGFA",3.48528190785569e-06,NA,NA,NA
"degree_only_LCN2",2630,"PRKDC",3.48518119952512e-06,NA,NA,NA
"degree_only_LCN2",2631,"SLC6A3",0.000164253248760127,NA,NA,NA
"degree_only_LCN2",2632,"ALDH2",5.15659678518299e-05,NA,NA,NA
"degree_only_LCN2",2633,"ADCY2",0,NA,NA,NA
"degree_only_LCN2",2634,"NOD2",2.72727341009693e-05,NA,NA,NA
"degree_only_LCN2",2635,"RYR2",4.78345186669671e-05,NA,NA,NA
"degree_only_LCN2",2636,"ITGA5",0.00127400659039045,NA,NA,NA
"degree_only_LCN2",2637,"CCR6",0,NA,NA,NA
"degree_only_LCN2",2638,"TEK",0,NA,NA,NA
"degree_only_LCN2",2639,"EPOR",4.26416671160945e-05,NA,NA,NA
"degree_only_LCN2",2640,"ALDH1A3",0,NA,NA,NA
"degree_only_LCN2",2641,"PRKDC",3.48518119952512e-06,NA,NA,NA
"degree_only_LCN2",2642,"SCN1B",0.00123489854843939,NA,NA,NA
"degree_only_LCN2",2643,"NCOA2",3.54820525111377e-05,NA,NA,NA
"degree_only_LCN2",2644,"SELE",1.58407098771463e-06,NA,NA,NA
"degree_only_LCN2",2645,"CCR6",0,NA,NA,NA
"degree_only_LCN2",2646,"CS",0.000203624857343709,NA,NA,NA
"degree_only_LCN2",2647,"BTK",0.000119272845312435,NA,NA,NA
"degree_only_LCN2",2648,"SFN",1.88836433614448e-05,NA,NA,NA
"degree_only_LCN2",2649,"AGTR1",7.87895413547623e-05,NA,NA,NA
"degree_only_LCN2",2650,"NCOA2",3.54820525111377e-05,NA,NA,NA
"degree_only_LCN2",2651,"MT-CYB",0.000203007681716216,NA,NA,NA
"degree_only_LCN2",2652,"PRKDC",3.48518119952512e-06,NA,NA,NA
"degree_only_LCN2",2653,"ADH7",0,NA,NA,NA
"degree_only_LCN2",2654,"EPOR",4.26416671160945e-05,NA,NA,NA
"degree_only_LCN2",2655,"SFN",1.88836433614448e-05,NA,NA,NA
"degree_only_LCN2",2656,"ALDH1A2",0,NA,NA,NA
"degree_only_LCN2",2657,"SLC6A3",0.000164253248760127,NA,NA,NA
"degree_only_LCN2",2658,"CCL22",0,NA,NA,NA
"degree_only_LCN2",2659,"KEAP1",8.90865911317151e-05,NA,NA,NA
"degree_only_LCN2",2660,"LGALS3",1.90104129516033e-06,NA,NA,NA
"degree_only_LCN2",2661,"IRF1",0,NA,NA,NA
"degree_only_LCN2",2662,"ALDH2",5.15659678518299e-05,NA,NA,NA
"degree_only_LCN2",2663,"EPOR",4.26416671160945e-05,NA,NA,NA
"degree_only_LCN2",2664,"AKR1C1",5.66614851992275e-05,NA,NA,NA
"degree_only_LCN2",2665,"RYR2",4.78345186669671e-05,NA,NA,NA
"degree_only_LCN2",2666,"STAT4",0.000324242289791776,NA,NA,NA
"degree_only_LCN2",2667,"BGLAP",0.000139973984731978,NA,NA,NA
"degree_only_LCN2",2668,"BGLAP",0.000139973984731978,NA,NA,NA
"degree_only_LCN2",2669,"ACTG1",2.72461711825489e-06,NA,NA,NA
"degree_only_LCN2",2670,"PRKAG2",0.00023019859617357,NA,NA,NA
"degree_only_LCN2",2671,"SFN",1.88836433614448e-05,NA,NA,NA
"degree_only_LCN2",2672,"PRKAG2",0.00023019859617357,NA,NA,NA
"degree_only_LCN2",2673,"TEK",0,NA,NA,NA
"degree_only_LCN2",2674,"RARA",0.000182812715244118,NA,NA,NA
"degree_only_LCN2",2675,"CS",0.000203624857343709,NA,NA,NA
"degree_only_LCN2",2676,"ADRB2",0.000148693401879507,NA,NA,NA
"degree_only_LCN2",2677,"AKR1C1",5.66614851992275e-05,NA,NA,NA
"degree_only_LCN2",2678,"CCR6",0,NA,NA,NA
"degree_only_LCN2",2679,"ALDH1A2",0,NA,NA,NA
"degree_only_LCN2",2680,"TGFA",3.48528190785569e-06,NA,NA,NA
"degree_only_LCN2",2681,"STAT4",0.000324242289791776,NA,NA,NA
"degree_only_LCN2",2682,"ACTG1",2.72461711825489e-06,NA,NA,NA
"degree_only_LCN2",2683,"ACE2",6.17806475236016e-05,NA,NA,NA
"degree_only_LCN2",2684,"NOD2",2.72727341009693e-05,NA,NA,NA
"degree_only_LCN2",2685,"BGLAP",0.000139973984731978,NA,NA,NA
"degree_only_LCN2",2686,"BAX",8.97923976903581e-05,NA,NA,NA
"degree_only_LCN2",2687,"ACE2",6.17806475236016e-05,NA,NA,NA
"degree_only_LCN2",2688,"BAX",8.97923976903581e-05,NA,NA,NA
"degree_only_LCN2",2689,"GRIN2C",0,NA,NA,NA
"degree_only_LCN2",2690,"PLAU",9.12459578450431e-06,NA,NA,NA
"degree_only_LCN2",2691,"PRKDC",3.48518119952512e-06,NA,NA,NA
"degree_only_LCN2",2692,"ADCY2",0,NA,NA,NA
"degree_only_LCN2",2693,"CYP1B1",1.26701867375623e-06,NA,NA,NA
"degree_only_LCN2",2694,"ADH7",0,NA,NA,NA
"degree_only_LCN2",2695,"APAF1",0,NA,NA,NA
"degree_only_LCN2",2696,"ALDH1A2",0,NA,NA,NA
"degree_only_LCN2",2697,"DRD2",0.000217393825030943,NA,NA,NA
"degree_only_LCN2",2698,"ACE2",6.17806475236016e-05,NA,NA,NA
"degree_only_LCN2",2699,"ALDH2",5.15659678518299e-05,NA,NA,NA
"degree_only_LCN2",2700,"SELE",1.58407098771463e-06,NA,NA,NA
"degree_only_LCN2",2701,"KDM1A",0,NA,NA,NA
"degree_only_LCN2",2702,"KDM1A",0,NA,NA,NA
"degree_only_LCN2",2703,"TGFA",3.48528190785569e-06,NA,NA,NA
"degree_only_LCN2",2704,"ACACA",7.98311027262466e-05,NA,NA,NA
"degree_only_LCN2",2705,"AKR1C1",5.66614851992275e-05,NA,NA,NA
"degree_only_LCN2",2706,"DRD2",0.000217393825030943,NA,NA,NA
"degree_only_LCN2",2707,"EPOR",4.26416671160945e-05,NA,NA,NA
"degree_only_LCN2",2708,"SDHA",0.000611111269984921,NA,NA,NA
"degree_only_LCN2",2709,"AKR1C1",5.66614851992275e-05,NA,NA,NA
"degree_only_LCN2",2710,"TEK",0,NA,NA,NA
"degree_only_LCN2",2711,"BTK",0.000119272845312435,NA,NA,NA
"degree_only_LCN2",2712,"BTK",0.000119272845312435,NA,NA,NA
"degree_only_LCN2",2713,"IRF1",0,NA,NA,NA
"degree_only_LCN2",2714,"NOD2",2.72727341009693e-05,NA,NA,NA
"degree_only_LCN2",2715,"ACE2",6.17806475236016e-05,NA,NA,NA
"degree_only_LCN2",2716,"RARA",0.000182812715244118,NA,NA,NA
"degree_only_LCN2",2717,"KEAP1",8.90865911317151e-05,NA,NA,NA
"degree_only_LCN2",2718,"SLC6A3",0.000164253248760127,NA,NA,NA
"degree_only_LCN2",2719,"RARA",0.000182812715244118,NA,NA,NA
"degree_only_LCN2",2720,"ADCY2",0,NA,NA,NA
"degree_only_LCN2",2721,"ALDH1A2",0,NA,NA,NA
"degree_only_LCN2",2722,"STAT4",0.000324242289791776,NA,NA,NA
"degree_only_LCN2",2723,"CCR6",0,NA,NA,NA
"degree_only_LCN2",2724,"BGLAP",0.000139973984731978,NA,NA,NA
"degree_only_LCN2",2725,"RARA",0.000182812715244118,NA,NA,NA
"degree_only_LCN2",2726,"RYR2",4.78345186669671e-05,NA,NA,NA
"degree_only_LCN2",2727,"TEK",0,NA,NA,NA
"degree_only_LCN2",2728,"ADCY2",0,NA,NA,NA
"degree_only_LCN2",2729,"SLC6A3",0.000164253248760127,NA,NA,NA
"degree_only_LCN2",2730,"ADCY2",0,NA,NA,NA
"degree_only_LCN2",2731,"TGFA",3.48528190785569e-06,NA,NA,NA
"degree_only_LCN2",2732,"MT-CYB",0.000203007681716216,NA,NA,NA
"degree_only_LCN2",2733,"TGFA",3.48528190785569e-06,NA,NA,NA
"degree_only_LCN2",2734,"RYR2",4.78345186669671e-05,NA,NA,NA
"degree_only_LCN2",2735,"ITGA5",0.00127400659039045,NA,NA,NA
"degree_only_LCN2",2736,"ACACA",7.98311027262466e-05,NA,NA,NA
"degree_only_LCN2",2737,"CYP1B1",1.26701867375623e-06,NA,NA,NA
"degree_only_LCN2",2738,"MT-CYB",0.000203007681716216,NA,NA,NA
"degree_only_LCN2",2739,"EPOR",4.26416671160945e-05,NA,NA,NA
"degree_only_LCN2",2740,"ACE2",6.17806475236016e-05,NA,NA,NA
"degree_only_LCN2",2741,"ADRB2",0.000148693401879507,NA,NA,NA
"degree_only_LCN2",2742,"KDM1A",0,NA,NA,NA
"degree_only_LCN2",2743,"ADCY2",0,NA,NA,NA
"degree_only_LCN2",2744,"MT-CYB",0.000203007681716216,NA,NA,NA
"degree_only_LCN2",2745,"AGTR1",7.87895413547623e-05,NA,NA,NA
"degree_only_LCN2",2746,"ATG5",1.93264314094499e-05,NA,NA,NA
"degree_only_LCN2",2747,"NOD2",2.72727341009693e-05,NA,NA,NA
"degree_only_LCN2",2748,"CYP1B1",1.26701867375623e-06,NA,NA,NA
"degree_only_LCN2",2749,"SDHA",0.000611111269984921,NA,NA,NA
"degree_only_LCN2",2750,"DRD2",0.000217393825030943,NA,NA,NA
"degree_only_LCN2",2751,"MT-CYB",0.000203007681716216,NA,NA,NA
"degree_only_LCN2",2752,"ATG5",1.93264314094499e-05,NA,NA,NA
"degree_only_LCN2",2753,"STAT4",0.000324242289791776,NA,NA,NA
"degree_only_LCN2",2754,"BTK",0.000119272845312435,NA,NA,NA
"degree_only_LCN2",2755,"DRD2",0.000217393825030943,NA,NA,NA
"degree_only_LCN2",2756,"AKR1C1",5.66614851992275e-05,NA,NA,NA
"degree_only_LCN2",2757,"BGLAP",0.000139973984731978,NA,NA,NA
"degree_only_LCN2",2758,"AGTR1",7.87895413547623e-05,NA,NA,NA
"degree_only_LCN2",2759,"ALDH3A1",7.8987277396747e-05,NA,NA,NA
"degree_only_LCN2",2760,"SFN",1.88836433614448e-05,NA,NA,NA
"degree_only_LCN2",2761,"PRKDC",3.48518119952512e-06,NA,NA,NA
"degree_only_LCN2",2762,"CS",0.000203624857343709,NA,NA,NA
"degree_only_LCN2",2763,"CS",0.000203624857343709,NA,NA,NA
"degree_only_LCN2",2764,"APAF1",0,NA,NA,NA
"degree_only_LCN2",2765,"PCNA",0.000281828068793732,NA,NA,NA
"degree_only_LCN2",2766,"ADCY1",8.87083575196179e-06,NA,NA,NA
"degree_only_LCN2",2767,"TGFA",3.48528190785569e-06,NA,NA,NA
"degree_only_LCN2",2768,"ALDH1A3",0,NA,NA,NA
"degree_only_LCN2",2769,"TEK",0,NA,NA,NA
"degree_only_LCN2",2770,"AKR1C1",5.66614851992275e-05,NA,NA,NA
"degree_only_LCN2",2771,"EPOR",4.26416671160945e-05,NA,NA,NA
"degree_only_LCN2",2772,"ALDH2",5.15659678518299e-05,NA,NA,NA
"degree_only_LCN2",2773,"BTK",0.000119272845312435,NA,NA,NA
"degree_only_LCN2",2774,"ALDH1A3",0,NA,NA,NA
"degree_only_LCN2",2775,"SLC6A3",0.000164253248760127,NA,NA,NA
"degree_only_LCN2",2776,"ACACA",7.98311027262466e-05,NA,NA,NA
"degree_only_LCN2",2777,"PLAU",9.12459578450431e-06,NA,NA,NA
"degree_only_LCN2",2778,"SCN1B",0.00123489854843939,NA,NA,NA
"degree_only_LCN2",2779,"BAX",8.97923976903581e-05,NA,NA,NA
"degree_only_LCN2",2780,"GRIN2C",0,NA,NA,NA
"degree_only_LCN2",2781,"TGFA",3.48528190785569e-06,NA,NA,NA
"degree_only_LCN2",2782,"RARA",0.000182812715244118,NA,NA,NA
"degree_only_LCN2",2783,"BGLAP",0.000139973984731978,NA,NA,NA
"degree_only_LCN2",2784,"ITGA5",0.00127400659039045,NA,NA,NA
"degree_only_LCN2",2785,"PRKAG2",0.00023019859617357,NA,NA,NA
"degree_only_LCN2",2786,"SELE",1.58407098771463e-06,NA,NA,NA
"degree_only_LCN2",2787,"APAF1",0,NA,NA,NA
"degree_only_LCN2",2788,"CACNA1B",0,NA,NA,NA
"degree_only_LCN2",2789,"RARA",0.000182812715244118,NA,NA,NA
"degree_only_LCN2",2790,"ACTG1",2.72461711825489e-06,NA,NA,NA
"degree_only_LCN2",2791,"BAX",8.97923976903581e-05,NA,NA,NA
"degree_only_LCN2",2792,"NOD2",2.72727341009693e-05,NA,NA,NA
"degree_only_LCN2",2793,"PRKAG2",0.00023019859617357,NA,NA,NA
"degree_only_LCN2",2794,"ATG5",1.93264314094499e-05,NA,NA,NA
"degree_only_LCN2",2795,"TGFA",3.48528190785569e-06,NA,NA,NA
"degree_only_LCN2",2796,"SCN1B",0.00123489854843939,NA,NA,NA
"degree_only_LCN2",2797,"CCL22",0,NA,NA,NA
"degree_only_LCN2",2798,"ATG5",1.93264314094499e-05,NA,NA,NA
"degree_only_LCN2",2799,"ACTG1",2.72461711825489e-06,NA,NA,NA
"degree_only_LCN2",2800,"RYR2",4.78345186669671e-05,NA,NA,NA
"degree_only_LCN2",2801,"EPOR",4.26416671160945e-05,NA,NA,NA
"degree_only_LCN2",2802,"PRKDC",3.48518119952512e-06,NA,NA,NA
"degree_only_LCN2",2803,"GRIN2C",0,NA,NA,NA
"degree_only_LCN2",2804,"ATG5",1.93264314094499e-05,NA,NA,NA
"degree_only_LCN2",2805,"DRD2",0.000217393825030943,NA,NA,NA
"degree_only_LCN2",2806,"BTK",0.000119272845312435,NA,NA,NA
"degree_only_LCN2",2807,"PLAU",9.12459578450431e-06,NA,NA,NA
"degree_only_LCN2",2808,"APAF1",0,NA,NA,NA
"degree_only_LCN2",2809,"RYR2",4.78345186669671e-05,NA,NA,NA
"degree_only_LCN2",2810,"SDHA",0.000611111269984921,NA,NA,NA
"degree_only_LCN2",2811,"PRKAG2",0.00023019859617357,NA,NA,NA
"degree_only_LCN2",2812,"CYP1B1",1.26701867375623e-06,NA,NA,NA
"degree_only_LCN2",2813,"CACNA1B",0,NA,NA,NA
"degree_only_LCN2",2814,"CYP1B1",1.26701867375623e-06,NA,NA,NA
"degree_only_LCN2",2815,"BTK",0.000119272845312435,NA,NA,NA
"degree_only_LCN2",2816,"SHH",1.43206732026169e-05,NA,NA,NA
"degree_only_LCN2",2817,"ATG5",1.93264314094499e-05,NA,NA,NA
"degree_only_LCN2",2818,"ALDH1A3",0,NA,NA,NA
"degree_only_LCN2",2819,"ALDH2",5.15659678518299e-05,NA,NA,NA
"degree_only_LCN2",2820,"MT-CYB",0.000203007681716216,NA,NA,NA
"degree_only_LCN2",2821,"PRKAG2",0.00023019859617357,NA,NA,NA
"degree_only_LCN2",2822,"AKR1C1",5.66614851992275e-05,NA,NA,NA
"degree_only_LCN2",2823,"ADH7",0,NA,NA,NA
"degree_only_LCN2",2824,"AKR1C1",5.66614851992275e-05,NA,NA,NA
"degree_only_LCN2",2825,"SLC6A3",0.000164253248760127,NA,NA,NA
"degree_only_LCN2",2826,"LGALS3",1.90104129516033e-06,NA,NA,NA
"degree_only_LCN2",2827,"ACTG1",2.72461711825489e-06,NA,NA,NA
"degree_only_LCN2",2828,"SFN",1.88836433614448e-05,NA,NA,NA
"degree_only_LCN2",2829,"CACNA1B",0,NA,NA,NA
"degree_only_LCN2",2830,"SDHA",0.000611111269984921,NA,NA,NA
"degree_only_LCN2",2831,"SCN1B",0.00123489854843939,NA,NA,NA
"degree_only_LCN2",2832,"BTK",0.000119272845312435,NA,NA,NA
"degree_only_LCN2",2833,"GRIN2C",0,NA,NA,NA
"degree_only_LCN2",2834,"ALDH2",5.15659678518299e-05,NA,NA,NA
"degree_only_LCN2",2835,"BGLAP",0.000139973984731978,NA,NA,NA
"degree_only_LCN2",2836,"KEAP1",8.90865911317151e-05,NA,NA,NA
"degree_only_LCN2",2837,"PRKAG2",0.00023019859617357,NA,NA,NA
"degree_only_LCN2",2838,"MT-CYB",0.000203007681716216,NA,NA,NA
"degree_only_LCN2",2839,"RARA",0.000182812715244118,NA,NA,NA
"degree_only_LCN2",2840,"PRKAG2",0.00023019859617357,NA,NA,NA
"degree_only_LCN2",2841,"ALDH3A1",7.8987277396747e-05,NA,NA,NA
"degree_only_LCN2",2842,"CCL22",0,NA,NA,NA
"degree_only_LCN2",2843,"GRIN2C",0,NA,NA,NA
"degree_only_LCN2",2844,"BGLAP",0.000139973984731978,NA,NA,NA
"degree_only_LCN2",2845,"PRKDC",3.48518119952512e-06,NA,NA,NA
"degree_only_LCN2",2846,"BAX",8.97923976903581e-05,NA,NA,NA
"degree_only_LCN2",2847,"CCR6",0,NA,NA,NA
"degree_only_LCN2",2848,"ADCY1",8.87083575196179e-06,NA,NA,NA
"degree_only_LCN2",2849,"CCL22",0,NA,NA,NA
"degree_only_LCN2",2850,"ADCY2",0,NA,NA,NA
"degree_only_LCN2",2851,"ACE2",6.17806475236016e-05,NA,NA,NA
"degree_only_LCN2",2852,"ALDH1A2",0,NA,NA,NA
"degree_only_LCN2",2853,"RYR2",4.78345186669671e-05,NA,NA,NA
"degree_only_LCN2",2854,"ALDH2",5.15659678518299e-05,NA,NA,NA
"degree_only_LCN2",2855,"PRKAG2",0.00023019859617357,NA,NA,NA
"degree_only_LCN2",2856,"AKR1C1",5.66614851992275e-05,NA,NA,NA
"degree_only_LCN2",2857,"KDM1A",0,NA,NA,NA
"degree_only_LCN2",2858,"CYP1B1",1.26701867375623e-06,NA,NA,NA
"degree_only_LCN2",2859,"BAX",8.97923976903581e-05,NA,NA,NA
"degree_only_LCN2",2860,"IRF1",0,NA,NA,NA
"degree_only_LCN2",2861,"TEK",0,NA,NA,NA
"degree_only_LCN2",2862,"ACTG1",2.72461711825489e-06,NA,NA,NA
"degree_only_LCN2",2863,"AKR1C1",5.66614851992275e-05,NA,NA,NA
"degree_only_LCN2",2864,"DRD2",0.000217393825030943,NA,NA,NA
"degree_only_LCN2",2865,"ALDH1A2",0,NA,NA,NA
"degree_only_LCN2",2866,"CS",0.000203624857343709,NA,NA,NA
"degree_only_LCN2",2867,"IRF1",0,NA,NA,NA
"degree_only_LCN2",2868,"ACTG1",2.72461711825489e-06,NA,NA,NA
"degree_only_LCN2",2869,"CCR6",0,NA,NA,NA
"degree_only_LCN2",2870,"IRF1",0,NA,NA,NA
"degree_only_LCN2",2871,"CYP1B1",1.26701867375623e-06,NA,NA,NA
"degree_only_LCN2",2872,"ALDH3A1",7.8987277396747e-05,NA,NA,NA
"degree_only_LCN2",2873,"PRKAG2",0.00023019859617357,NA,NA,NA
"degree_only_LCN2",2874,"CYP1B1",1.26701867375623e-06,NA,NA,NA
"degree_only_LCN2",2875,"CCR6",0,NA,NA,NA
"degree_only_LCN2",2876,"STAT4",0.000324242289791776,NA,NA,NA
"degree_only_LCN2",2877,"RYR2",4.78345186669671e-05,NA,NA,NA
"degree_only_LCN2",2878,"ACTG1",2.72461711825489e-06,NA,NA,NA
"degree_only_LCN2",2879,"ATG5",1.93264314094499e-05,NA,NA,NA
"degree_only_LCN2",2880,"BTK",0.000119272845312435,NA,NA,NA
"degree_only_LCN2",2881,"SFN",1.88836433614448e-05,NA,NA,NA
"degree_only_LCN2",2882,"BTK",0.000119272845312435,NA,NA,NA
"degree_only_LCN2",2883,"SELE",1.58407098771463e-06,NA,NA,NA
"degree_only_LCN2",2884,"SELE",1.58407098771463e-06,NA,NA,NA
"degree_only_LCN2",2885,"AKR1C1",5.66614851992275e-05,NA,NA,NA
"degree_only_LCN2",2886,"GRIN2C",0,NA,NA,NA
"degree_only_LCN2",2887,"CCR6",0,NA,NA,NA
"degree_only_LCN2",2888,"ATG5",1.93264314094499e-05,NA,NA,NA
"degree_only_LCN2",2889,"GRIN2C",0,NA,NA,NA
"degree_only_LCN2",2890,"ALDH2",5.15659678518299e-05,NA,NA,NA
"degree_only_LCN2",2891,"KDM1A",0,NA,NA,NA
"degree_only_LCN2",2892,"BAX",8.97923976903581e-05,NA,NA,NA
"degree_only_LCN2",2893,"DRD2",0.000217393825030943,NA,NA,NA
"degree_only_LCN2",2894,"SHH",1.43206732026169e-05,NA,NA,NA
"degree_only_LCN2",2895,"TGFA",3.48528190785569e-06,NA,NA,NA
"degree_only_LCN2",2896,"IRF1",0,NA,NA,NA
"degree_only_LCN2",2897,"SFN",1.88836433614448e-05,NA,NA,NA
"degree_only_LCN2",2898,"RYR2",4.78345186669671e-05,NA,NA,NA
"degree_only_LCN2",2899,"ACTG1",2.72461711825489e-06,NA,NA,NA
"degree_only_LCN2",2900,"MT-CYB",0.000203007681716216,NA,NA,NA
"degree_only_LCN2",2901,"CS",0.000203624857343709,NA,NA,NA
"degree_only_LCN2",2902,"CS",0.000203624857343709,NA,NA,NA
"degree_only_LCN2",2903,"ACTG1",2.72461711825489e-06,NA,NA,NA
"degree_only_LCN2",2904,"ADCY2",0,NA,NA,NA
"degree_only_LCN2",2905,"SHH",1.43206732026169e-05,NA,NA,NA
"degree_only_LCN2",2906,"ADCY1",8.87083575196179e-06,NA,NA,NA
"degree_only_LCN2",2907,"AKR1C1",5.66614851992275e-05,NA,NA,NA
"degree_only_LCN2",2908,"ADCY1",8.87083575196179e-06,NA,NA,NA
"degree_only_LCN2",2909,"SHH",1.43206732026169e-05,NA,NA,NA
"degree_only_LCN2",2910,"SHH",1.43206732026169e-05,NA,NA,NA
"degree_only_LCN2",2911,"SFN",1.88836433614448e-05,NA,NA,NA
"degree_only_LCN2",2912,"ADH7",0,NA,NA,NA
"degree_only_LCN2",2913,"AKR1C1",5.66614851992275e-05,NA,NA,NA
"degree_only_LCN2",2914,"SLC6A3",0.000164253248760127,NA,NA,NA
"degree_only_LCN2",2915,"SELE",1.58407098771463e-06,NA,NA,NA
"degree_only_LCN2",2916,"PRKAG2",0.00023019859617357,NA,NA,NA
"degree_only_LCN2",2917,"PRKDC",3.48518119952512e-06,NA,NA,NA
"degree_only_LCN2",2918,"STAT4",0.000324242289791776,NA,NA,NA
"degree_only_LCN2",2919,"AGTR1",7.87895413547623e-05,NA,NA,NA
"degree_only_LCN2",2920,"ADH7",0,NA,NA,NA
"degree_only_LCN2",2921,"ALDH1A2",0,NA,NA,NA
"degree_only_LCN2",2922,"CS",0.000203624857343709,NA,NA,NA
"degree_only_LCN2",2923,"APAF1",0,NA,NA,NA
"degree_only_LCN2",2924,"ACACA",7.98311027262466e-05,NA,NA,NA
"degree_only_LCN2",2925,"ADH4",0,NA,NA,NA
"degree_only_LCN2",2926,"RARA",0.000182812715244118,NA,NA,NA
"degree_only_LCN2",2927,"ALDH1A3",0,NA,NA,NA
"degree_only_LCN2",2928,"ACTG1",2.72461711825489e-06,NA,NA,NA
"degree_only_LCN2",2929,"SHH",1.43206732026169e-05,NA,NA,NA
"degree_only_LCN2",2930,"AKR1C1",5.66614851992275e-05,NA,NA,NA
"degree_only_LCN2",2931,"CCR6",0,NA,NA,NA
"degree_only_LCN2",2932,"ALDH2",5.15659678518299e-05,NA,NA,NA
"degree_only_LCN2",2933,"TEK",0,NA,NA,NA
"degree_only_LCN2",2934,"BGLAP",0.000139973984731978,NA,NA,NA
"degree_only_LCN2",2935,"PRKDC",3.48518119952512e-06,NA,NA,NA
"degree_only_LCN2",2936,"CACNA1B",0,NA,NA,NA
"degree_only_LCN2",2937,"AKR1C1",5.66614851992275e-05,NA,NA,NA
"degree_only_LCN2",2938,"ACACA",7.98311027262466e-05,NA,NA,NA
"degree_only_LCN2",2939,"KDM1A",0,NA,NA,NA
"degree_only_LCN2",2940,"SELE",1.58407098771463e-06,NA,NA,NA
"degree_only_LCN2",2941,"IRF1",0,NA,NA,NA
"degree_only_LCN2",2942,"PCNA",0.000281828068793732,NA,NA,NA
"degree_only_LCN2",2943,"CYP1B1",1.26701867375623e-06,NA,NA,NA
"degree_only_LCN2",2944,"ADH7",0,NA,NA,NA
"degree_only_LCN2",2945,"IRF1",0,NA,NA,NA
"degree_only_LCN2",2946,"GRIN2C",0,NA,NA,NA
"degree_only_LCN2",2947,"BGLAP",0.000139973984731978,NA,NA,NA
"degree_only_LCN2",2948,"AKR1C1",5.66614851992275e-05,NA,NA,NA
"degree_only_LCN2",2949,"IRF1",0,NA,NA,NA
"degree_only_LCN2",2950,"PRKDC",3.48518119952512e-06,NA,NA,NA
"degree_only_LCN2",2951,"LGALS3",1.90104129516033e-06,NA,NA,NA
"degree_only_LCN2",2952,"CACNA1B",0,NA,NA,NA
"degree_only_LCN2",2953,"PRKDC",3.48518119952512e-06,NA,NA,NA
"degree_only_LCN2",2954,"ADH7",0,NA,NA,NA
"degree_only_LCN2",2955,"NOD2",2.72727341009693e-05,NA,NA,NA
"degree_only_LCN2",2956,"MT-CYB",0.000203007681716216,NA,NA,NA
"degree_only_LCN2",2957,"KDM1A",0,NA,NA,NA
"degree_only_LCN2",2958,"SELE",1.58407098771463e-06,NA,NA,NA
"degree_only_LCN2",2959,"CCL22",0,NA,NA,NA
"degree_only_LCN2",2960,"SLC6A3",0.000164253248760127,NA,NA,NA
"degree_only_LCN2",2961,"PRKAG2",0.00023019859617357,NA,NA,NA
"degree_only_LCN2",2962,"ACACA",7.98311027262466e-05,NA,NA,NA
"degree_only_LCN2",2963,"AGTR1",7.87895413547623e-05,NA,NA,NA
"degree_only_LCN2",2964,"KDM1A",0,NA,NA,NA
"degree_only_LCN2",2965,"CCR6",0,NA,NA,NA
"degree_only_LCN2",2966,"RYR2",4.78345186669671e-05,NA,NA,NA
"degree_only_LCN2",2967,"CCR6",0,NA,NA,NA
"degree_only_LCN2",2968,"SDHA",0.000611111269984921,NA,NA,NA
"degree_only_LCN2",2969,"RARA",0.000182812715244118,NA,NA,NA
"degree_only_LCN2",2970,"ACACA",7.98311027262466e-05,NA,NA,NA
"degree_only_LCN2",2971,"BGLAP",0.000139973984731978,NA,NA,NA
"degree_only_LCN2",2972,"RARA",0.000182812715244118,NA,NA,NA
"degree_only_LCN2",2973,"STAT4",0.000324242289791776,NA,NA,NA
"degree_only_LCN2",2974,"GRIN2C",0,NA,NA,NA
"degree_only_LCN2",2975,"ALDH2",5.15659678518299e-05,NA,NA,NA
"degree_only_LCN2",2976,"ADCY2",0,NA,NA,NA
"degree_only_LCN2",2977,"ADH4",0,NA,NA,NA
"degree_only_LCN2",2978,"NCOA2",3.54820525111377e-05,NA,NA,NA
"degree_only_LCN2",2979,"ALDH2",5.15659678518299e-05,NA,NA,NA
"degree_only_LCN2",2980,"ADRB2",0.000148693401879507,NA,NA,NA
"degree_only_LCN2",2981,"ALDH1A3",0,NA,NA,NA
"degree_only_LCN2",2982,"SLC6A3",0.000164253248760127,NA,NA,NA
"degree_only_LCN2",2983,"GRIN2C",0,NA,NA,NA
"degree_only_LCN2",2984,"SDHA",0.000611111269984921,NA,NA,NA
"degree_only_LCN2",2985,"APAF1",0,NA,NA,NA
"degree_only_LCN2",2986,"PRKDC",3.48518119952512e-06,NA,NA,NA
"degree_only_LCN2",2987,"ADH7",0,NA,NA,NA
"degree_only_LCN2",2988,"SLC6A3",0.000164253248760127,NA,NA,NA
"degree_only_LCN2",2989,"SDHA",0.000611111269984921,NA,NA,NA
"degree_only_LCN2",2990,"RARA",0.000182812715244118,NA,NA,NA
"degree_only_LCN2",2991,"ADRB2",0.000148693401879507,NA,NA,NA
"degree_only_LCN2",2992,"BAX",8.97923976903581e-05,NA,NA,NA
"degree_only_LCN2",2993,"SELE",1.58407098771463e-06,NA,NA,NA
"degree_only_LCN2",2994,"ALDH3A1",7.8987277396747e-05,NA,NA,NA
"degree_only_LCN2",2995,"ACTG1",2.72461711825489e-06,NA,NA,NA
"degree_only_LCN2",2996,"SDHA",0.000611111269984921,NA,NA,NA
"degree_only_LCN2",2997,"PLAU",9.12459578450431e-06,NA,NA,NA
"degree_only_LCN2",2998,"CS",0.000203624857343709,NA,NA,NA
"degree_only_LCN2",2999,"RARA",0.000182812715244118,NA,NA,NA
"degree_only_LCN2",3000,"ACE2",6.17806475236016e-05,NA,NA,NA
"degree_only_LCN2",3001,"BGLAP",0.000139973984731978,NA,NA,NA
"degree_only_LCN2",3002,"TGFA",3.48528190785569e-06,NA,NA,NA
"degree_only_LCN2",3003,"SLC6A3",0.000164253248760127,NA,NA,NA
"degree_only_LCN2",3004,"MT-CYB",0.000203007681716216,NA,NA,NA
"degree_only_LCN2",3005,"SCN1B",0.00123489854843939,NA,NA,NA
"degree_only_LCN2",3006,"NOD2",2.72727341009693e-05,NA,NA,NA
"degree_only_LCN2",3007,"CS",0.000203624857343709,NA,NA,NA
"degree_only_LCN2",3008,"PRKAG2",0.00023019859617357,NA,NA,NA
"degree_only_LCN2",3009,"MT-CYB",0.000203007681716216,NA,NA,NA
"degree_only_LCN2",3010,"SHH",1.43206732026169e-05,NA,NA,NA
"degree_only_LCN2",3011,"NOD2",2.72727341009693e-05,NA,NA,NA
"degree_only_LCN2",3012,"NOD2",2.72727341009693e-05,NA,NA,NA
"degree_only_LCN2",3013,"ADRB2",0.000148693401879507,NA,NA,NA
"degree_only_LCN2",3014,"EPOR",4.26416671160945e-05,NA,NA,NA
"degree_only_LCN2",3015,"KEAP1",8.90865911317151e-05,NA,NA,NA
"degree_only_LCN2",3016,"ITGA5",0.00127400659039045,NA,NA,NA
"degree_only_LCN2",3017,"CCR6",0,NA,NA,NA
"degree_only_LCN2",3018,"KDM1A",0,NA,NA,NA
"degree_only_LCN2",3019,"ALDH1A2",0,NA,NA,NA
"degree_only_LCN2",3020,"MT-CYB",0.000203007681716216,NA,NA,NA
"degree_only_LCN2",3021,"ALDH1A2",0,NA,NA,NA
"degree_only_LCN2",3022,"BAX",8.97923976903581e-05,NA,NA,NA
"degree_only_LCN2",3023,"ALDH3A1",7.8987277396747e-05,NA,NA,NA
"degree_only_LCN2",3024,"NOD2",2.72727341009693e-05,NA,NA,NA
"degree_only_LCN2",3025,"NCOA2",3.54820525111377e-05,NA,NA,NA
"degree_only_LCN2",3026,"GRIN2C",0,NA,NA,NA
"degree_only_LCN2",3027,"ALDH3A1",7.8987277396747e-05,NA,NA,NA
"degree_only_LCN2",3028,"ADCY1",8.87083575196179e-06,NA,NA,NA
"degree_only_LCN2",3029,"RARA",0.000182812715244118,NA,NA,NA
"degree_only_LCN2",3030,"ADCY1",8.87083575196179e-06,NA,NA,NA
"degree_only_LCN2",3031,"CCL22",0,NA,NA,NA
"degree_only_LCN2",3032,"NCOA2",3.54820525111377e-05,NA,NA,NA
"degree_only_LCN2",3033,"GRIN2C",0,NA,NA,NA
"degree_only_LCN2",3034,"RARA",0.000182812715244118,NA,NA,NA
"degree_only_LCN2",3035,"NCOA2",3.54820525111377e-05,NA,NA,NA
"degree_only_LCN2",3036,"IRF1",0,NA,NA,NA
"degree_only_LCN2",3037,"ALDH3A1",7.8987277396747e-05,NA,NA,NA
"degree_only_LCN2",3038,"ADRB2",0.000148693401879507,NA,NA,NA
"degree_only_LCN2",3039,"SHH",1.43206732026169e-05,NA,NA,NA
"degree_only_LCN2",3040,"IRF1",0,NA,NA,NA
"degree_only_LCN2",3041,"KEAP1",8.90865911317151e-05,NA,NA,NA
"degree_only_LCN2",3042,"SHH",1.43206732026169e-05,NA,NA,NA
"degree_only_LCN2",3043,"ITGA5",0.00127400659039045,NA,NA,NA
"degree_only_LCN2",3044,"ADRB2",0.000148693401879507,NA,NA,NA
"degree_only_LCN2",3045,"AKR1C1",5.66614851992275e-05,NA,NA,NA
"degree_only_LCN2",3046,"EPOR",4.26416671160945e-05,NA,NA,NA
"degree_only_LCN2",3047,"AKR1C1",5.66614851992275e-05,NA,NA,NA
"degree_only_LCN2",3048,"CCL22",0,NA,NA,NA
"degree_only_LCN2",3049,"CCL22",0,NA,NA,NA
"degree_only_LCN2",3050,"GRIN2C",0,NA,NA,NA
"degree_only_LCN2",3051,"ADH7",0,NA,NA,NA
"degree_only_LCN2",3052,"KDM1A",0,NA,NA,NA
"degree_only_LCN2",3053,"ADH7",0,NA,NA,NA
"degree_only_LCN2",3054,"SDHA",0.000611111269984921,NA,NA,NA
"degree_only_LCN2",3055,"RARA",0.000182812715244118,NA,NA,NA
"degree_only_LCN2",3056,"CYP1B1",1.26701867375623e-06,NA,NA,NA
"degree_only_LCN2",3057,"RARA",0.000182812715244118,NA,NA,NA
"degree_only_LCN2",3058,"AGTR1",7.87895413547623e-05,NA,NA,NA
"degree_only_LCN2",3059,"SFN",1.88836433614448e-05,NA,NA,NA
"degree_only_LCN2",3060,"BGLAP",0.000139973984731978,NA,NA,NA
"degree_only_LCN2",3061,"PRKDC",3.48518119952512e-06,NA,NA,NA
"degree_only_LCN2",3062,"ADCY2",0,NA,NA,NA
"degree_only_LCN2",3063,"AKR1C1",5.66614851992275e-05,NA,NA,NA
"degree_only_LCN2",3064,"ADH4",0,NA,NA,NA
"degree_only_LCN2",3065,"ACACA",7.98311027262466e-05,NA,NA,NA
"degree_only_LCN2",3066,"PLAU",9.12459578450431e-06,NA,NA,NA
"degree_only_LCN2",3067,"ACACA",7.98311027262466e-05,NA,NA,NA
"degree_only_LCN2",3068,"KEAP1",8.90865911317151e-05,NA,NA,NA
"degree_only_LCN2",3069,"SCN1B",0.00123489854843939,NA,NA,NA
"degree_only_LCN2",3070,"SFN",1.88836433614448e-05,NA,NA,NA
"degree_only_LCN2",3071,"ACE2",6.17806475236016e-05,NA,NA,NA
"degree_only_LCN2",3072,"RYR2",4.78345186669671e-05,NA,NA,NA
"degree_only_LCN2",3073,"TGFA",3.48528190785569e-06,NA,NA,NA
"degree_only_LCN2",3074,"CACNA1B",0,NA,NA,NA
"degree_only_LCN2",3075,"CYP1B1",1.26701867375623e-06,NA,NA,NA
"degree_only_LCN2",3076,"ATG5",1.93264314094499e-05,NA,NA,NA
"degree_only_LCN2",3077,"GRIN2C",0,NA,NA,NA
"degree_only_LCN2",3078,"RARA",0.000182812715244118,NA,NA,NA
"degree_only_LCN2",3079,"BAX",8.97923976903581e-05,NA,NA,NA
"degree_only_LCN2",3080,"ATG5",1.93264314094499e-05,NA,NA,NA
"degree_only_LCN2",3081,"AKR1C1",5.66614851992275e-05,NA,NA,NA
"degree_only_LCN2",3082,"BAX",8.97923976903581e-05,NA,NA,NA
"degree_only_LCN2",3083,"PRKAG2",0.00023019859617357,NA,NA,NA
"degree_only_LCN2",3084,"TGFA",3.48528190785569e-06,NA,NA,NA
"degree_only_LCN2",3085,"TGFA",3.48528190785569e-06,NA,NA,NA
"degree_only_LCN2",3086,"RYR2",4.78345186669671e-05,NA,NA,NA
"degree_only_LCN2",3087,"SFN",1.88836433614448e-05,NA,NA,NA
"degree_only_LCN2",3088,"MT-CYB",0.000203007681716216,NA,NA,NA
"degree_only_LCN2",3089,"ACE2",6.17806475236016e-05,NA,NA,NA
"degree_only_LCN2",3090,"GRIN2C",0,NA,NA,NA
"degree_only_LCN2",3091,"ALDH2",5.15659678518299e-05,NA,NA,NA
"degree_only_LCN2",3092,"MT-CYB",0.000203007681716216,NA,NA,NA
"degree_only_LCN2",3093,"AKR1C1",5.66614851992275e-05,NA,NA,NA
"degree_only_LCN2",3094,"APAF1",0,NA,NA,NA
"degree_only_LCN2",3095,"ALDH2",5.15659678518299e-05,NA,NA,NA
"degree_only_LCN2",3096,"ALDH2",5.15659678518299e-05,NA,NA,NA
"degree_only_LCN2",3097,"TGFA",3.48528190785569e-06,NA,NA,NA
"degree_only_LCN2",3098,"APAF1",0,NA,NA,NA
"degree_only_LCN2",3099,"IRF1",0,NA,NA,NA
"degree_only_LCN2",3100,"ADH4",0,NA,NA,NA
"degree_only_LCN2",3101,"CCL22",0,NA,NA,NA
"degree_only_LCN2",3102,"ALDH2",5.15659678518299e-05,NA,NA,NA
"degree_only_LCN2",3103,"PRKDC",3.48518119952512e-06,NA,NA,NA
"degree_only_LCN2",3104,"AKR1C1",5.66614851992275e-05,NA,NA,NA
"degree_only_LCN2",3105,"SHH",1.43206732026169e-05,NA,NA,NA
"degree_only_LCN2",3106,"BGLAP",0.000139973984731978,NA,NA,NA
"degree_only_LCN2",3107,"ALDH2",5.15659678518299e-05,NA,NA,NA
"degree_only_LCN2",3108,"PLAU",9.12459578450431e-06,NA,NA,NA
"degree_only_LCN2",3109,"ACTG1",2.72461711825489e-06,NA,NA,NA
"degree_only_LCN2",3110,"CS",0.000203624857343709,NA,NA,NA
"degree_only_LCN2",3111,"RARA",0.000182812715244118,NA,NA,NA
"degree_only_LCN2",3112,"PRKAG2",0.00023019859617357,NA,NA,NA
"degree_only_LCN2",3113,"ITGA5",0.00127400659039045,NA,NA,NA
"degree_only_LCN2",3114,"ALDH2",5.15659678518299e-05,NA,NA,NA
"degree_only_LCN2",3115,"CYP1B1",1.26701867375623e-06,NA,NA,NA
"degree_only_LCN2",3116,"MT-CYB",0.000203007681716216,NA,NA,NA
"degree_only_LCN2",3117,"ADCY2",0,NA,NA,NA
"degree_only_LCN2",3118,"AKR1C1",5.66614851992275e-05,NA,NA,NA
"degree_only_LCN2",3119,"ALDH1A2",0,NA,NA,NA
"degree_only_LCN2",3120,"CCL22",0,NA,NA,NA
"degree_only_LCN2",3121,"RARA",0.000182812715244118,NA,NA,NA
"degree_only_LCN2",3122,"STAT4",0.000324242289791776,NA,NA,NA
"degree_only_LCN2",3123,"NCOA2",3.54820525111377e-05,NA,NA,NA
"degree_only_LCN2",3124,"CS",0.000203624857343709,NA,NA,NA
"degree_only_LCN2",3125,"STAT4",0.000324242289791776,NA,NA,NA
"degree_only_LCN2",3126,"PCNA",0.000281828068793732,NA,NA,NA
"degree_only_LCN2",3127,"ALDH2",5.15659678518299e-05,NA,NA,NA
"degree_only_LCN2",3128,"NCOA2",3.54820525111377e-05,NA,NA,NA
"degree_only_LCN2",3129,"CYP1B1",1.26701867375623e-06,NA,NA,NA
"degree_only_LCN2",3130,"SFN",1.88836433614448e-05,NA,NA,NA
"degree_only_LCN2",3131,"ACACA",7.98311027262466e-05,NA,NA,NA
"degree_only_LCN2",3132,"KDM1A",0,NA,NA,NA
"degree_only_LCN2",3133,"ADCY2",0,NA,NA,NA
"degree_only_LCN2",3134,"ALDH1A2",0,NA,NA,NA
"degree_only_LCN2",3135,"CCL22",0,NA,NA,NA
"degree_only_LCN2",3136,"ADCY1",8.87083575196179e-06,NA,NA,NA
"degree_only_LCN2",3137,"KDM1A",0,NA,NA,NA
"degree_only_LCN2",3138,"ADH7",0,NA,NA,NA
"degree_only_LCN2",3139,"TGFA",3.48528190785569e-06,NA,NA,NA
"degree_only_LCN2",3140,"PLAU",9.12459578450431e-06,NA,NA,NA
"degree_only_LCN2",3141,"ADCY1",8.87083575196179e-06,NA,NA,NA
"degree_only_LCN2",3142,"SDHA",0.000611111269984921,NA,NA,NA
"degree_only_LCN2",3143,"ALDH2",5.15659678518299e-05,NA,NA,NA
"degree_only_LCN2",3144,"PRKDC",3.48518119952512e-06,NA,NA,NA
"degree_only_LCN2",3145,"BAX",8.97923976903581e-05,NA,NA,NA
"degree_only_LCN2",3146,"CACNA1B",0,NA,NA,NA
"degree_only_LCN2",3147,"CYP1B1",1.26701867375623e-06,NA,NA,NA
"degree_only_LCN2",3148,"KEAP1",8.90865911317151e-05,NA,NA,NA
"degree_only_LCN2",3149,"ADRB2",0.000148693401879507,NA,NA,NA
"degree_only_LCN2",3150,"APAF1",0,NA,NA,NA
"degree_only_LCN2",3151,"RARA",0.000182812715244118,NA,NA,NA
"degree_only_LCN2",3152,"MT-CYB",0.000203007681716216,NA,NA,NA
"degree_only_LCN2",3153,"KDM1A",0,NA,NA,NA
"degree_only_LCN2",3154,"EPOR",4.26416671160945e-05,NA,NA,NA
"degree_only_LCN2",3155,"RARA",0.000182812715244118,NA,NA,NA
"degree_only_LCN2",3156,"TGFA",3.48528190785569e-06,NA,NA,NA
"degree_only_LCN2",3157,"ADCY2",0,NA,NA,NA
"degree_only_LCN2",3158,"PRKDC",3.48518119952512e-06,NA,NA,NA
"degree_only_LCN2",3159,"ADRB2",0.000148693401879507,NA,NA,NA
"degree_only_LCN2",3160,"TGFA",3.48528190785569e-06,NA,NA,NA
"degree_only_LCN2",3161,"ACACA",7.98311027262466e-05,NA,NA,NA
"degree_only_LCN2",3162,"BGLAP",0.000139973984731978,NA,NA,NA
"degree_only_LCN2",3163,"GRIN2C",0,NA,NA,NA
"degree_only_LCN2",3164,"CS",0.000203624857343709,NA,NA,NA
"degree_only_LCN2",3165,"ALDH1A3",0,NA,NA,NA
"degree_only_LCN2",3166,"CCR6",0,NA,NA,NA
"degree_only_LCN2",3167,"SCN1B",0.00123489854843939,NA,NA,NA
"degree_only_LCN2",3168,"TEK",0,NA,NA,NA
"degree_only_LCN2",3169,"SCN1B",0.00123489854843939,NA,NA,NA
"degree_only_LCN2",3170,"ALDH1A3",0,NA,NA,NA
"degree_only_LCN2",3171,"APAF1",0,NA,NA,NA
"degree_only_LCN2",3172,"ACE2",6.17806475236016e-05,NA,NA,NA
"degree_only_LCN2",3173,"CACNA1B",0,NA,NA,NA
"degree_only_LCN2",3174,"KEAP1",8.90865911317151e-05,NA,NA,NA
"degree_only_LCN2",3175,"SHH",1.43206732026169e-05,NA,NA,NA
"degree_only_LCN2",3176,"CS",0.000203624857343709,NA,NA,NA
"degree_only_LCN2",3177,"NOD2",2.72727341009693e-05,NA,NA,NA
"degree_only_LCN2",3178,"AKR1C1",5.66614851992275e-05,NA,NA,NA
"degree_only_LCN2",3179,"APAF1",0,NA,NA,NA
"degree_only_LCN2",3180,"TEK",0,NA,NA,NA
"degree_only_LCN2",3181,"ATG5",1.93264314094499e-05,NA,NA,NA
"degree_only_LCN2",3182,"BGLAP",0.000139973984731978,NA,NA,NA
"degree_only_LCN2",3183,"RARA",0.000182812715244118,NA,NA,NA
"degree_only_LCN2",3184,"ALDH1A2",0,NA,NA,NA
"degree_only_LCN2",3185,"TEK",0,NA,NA,NA
"degree_only_LCN2",3186,"TGFA",3.48528190785569e-06,NA,NA,NA
"degree_only_LCN2",3187,"KEAP1",8.90865911317151e-05,NA,NA,NA
"degree_only_LCN2",3188,"NOD2",2.72727341009693e-05,NA,NA,NA
"degree_only_LCN2",3189,"PLAU",9.12459578450431e-06,NA,NA,NA
"degree_only_LCN2",3190,"STAT4",0.000324242289791776,NA,NA,NA
"degree_only_LCN2",3191,"DRD2",0.000217393825030943,NA,NA,NA
"degree_only_LCN2",3192,"BTK",0.000119272845312435,NA,NA,NA
"degree_only_LCN2",3193,"CACNA1B",0,NA,NA,NA
"degree_only_LCN2",3194,"EPOR",4.26416671160945e-05,NA,NA,NA
"degree_only_LCN2",3195,"NCOA2",3.54820525111377e-05,NA,NA,NA
"degree_only_LCN2",3196,"ADH7",0,NA,NA,NA
"degree_only_LCN2",3197,"SELE",1.58407098771463e-06,NA,NA,NA
"degree_only_LCN2",3198,"CACNA1B",0,NA,NA,NA
"degree_only_LCN2",3199,"SDHA",0.000611111269984921,NA,NA,NA
"degree_only_LCN2",3200,"ACTG1",2.72461711825489e-06,NA,NA,NA
"degree_only_LCN2",3201,"CACNA1B",0,NA,NA,NA
"degree_only_LCN2",3202,"STAT4",0.000324242289791776,NA,NA,NA
"degree_only_LCN2",3203,"KEAP1",8.90865911317151e-05,NA,NA,NA
"degree_only_LCN2",3204,"IRF1",0,NA,NA,NA
"degree_only_LCN2",3205,"BGLAP",0.000139973984731978,NA,NA,NA
"degree_only_LCN2",3206,"NCOA2",3.54820525111377e-05,NA,NA,NA
"degree_only_LCN2",3207,"PRKAG2",0.00023019859617357,NA,NA,NA
"degree_only_LCN2",3208,"RYR2",4.78345186669671e-05,NA,NA,NA
"degree_only_LCN2",3209,"BTK",0.000119272845312435,NA,NA,NA
"degree_only_LCN2",3210,"TGFA",3.48528190785569e-06,NA,NA,NA
"degree_only_LCN2",3211,"LGALS3",1.90104129516033e-06,NA,NA,NA
"degree_only_LCN2",3212,"AGTR1",7.87895413547623e-05,NA,NA,NA
"degree_only_LCN2",3213,"SLC6A3",0.000164253248760127,NA,NA,NA
"degree_only_LCN2",3214,"ADH4",0,NA,NA,NA
"degree_only_LCN2",3215,"KDM1A",0,NA,NA,NA
"degree_only_LCN2",3216,"CCL22",0,NA,NA,NA
"degree_only_LCN2",3217,"BTK",0.000119272845312435,NA,NA,NA
"degree_only_LCN2",3218,"BTK",0.000119272845312435,NA,NA,NA
"degree_only_LCN2",3219,"AKR1C1",5.66614851992275e-05,NA,NA,NA
"degree_only_LCN2",3220,"PCNA",0.000281828068793732,NA,NA,NA
"degree_only_LCN2",3221,"LGALS3",1.90104129516033e-06,NA,NA,NA
"degree_only_LCN2",3222,"CYP1B1",1.26701867375623e-06,NA,NA,NA
"degree_only_LCN2",3223,"PLAU",9.12459578450431e-06,NA,NA,NA
"degree_only_LCN2",3224,"CCL22",0,NA,NA,NA
"degree_only_LCN2",3225,"PRKAG2",0.00023019859617357,NA,NA,NA
"degree_only_LCN2",3226,"ACACA",7.98311027262466e-05,NA,NA,NA
"degree_only_LCN2",3227,"ACTG1",2.72461711825489e-06,NA,NA,NA
"degree_only_LCN2",3228,"SHH",1.43206732026169e-05,NA,NA,NA
"degree_only_LCN2",3229,"ITGA5",0.00127400659039045,NA,NA,NA
"degree_only_LCN2",3230,"ALDH1A3",0,NA,NA,NA
"degree_only_LCN2",3231,"ALDH1A2",0,NA,NA,NA
"degree_only_LCN2",3232,"CCR6",0,NA,NA,NA
"degree_only_LCN2",3233,"AKR1C1",5.66614851992275e-05,NA,NA,NA
"degree_only_LCN2",3234,"SLC6A3",0.000164253248760127,NA,NA,NA
"degree_only_LCN2",3235,"ALDH2",5.15659678518299e-05,NA,NA,NA
"degree_only_LCN2",3236,"APAF1",0,NA,NA,NA
"degree_only_LCN2",3237,"DRD2",0.000217393825030943,NA,NA,NA
"degree_only_LCN2",3238,"RARA",0.000182812715244118,NA,NA,NA
"degree_only_LCN2",3239,"SLC6A3",0.000164253248760127,NA,NA,NA
"degree_only_LCN2",3240,"SELE",1.58407098771463e-06,NA,NA,NA
"degree_only_LCN2",3241,"CACNA1B",0,NA,NA,NA
"degree_only_LCN2",3242,"CCL22",0,NA,NA,NA
"degree_only_LCN2",3243,"CYP1B1",1.26701867375623e-06,NA,NA,NA
"degree_only_LCN2",3244,"SDHA",0.000611111269984921,NA,NA,NA
"degree_only_LCN2",3245,"STAT4",0.000324242289791776,NA,NA,NA
"degree_only_LCN2",3246,"NCOA2",3.54820525111377e-05,NA,NA,NA
"degree_only_LCN2",3247,"ADH4",0,NA,NA,NA
"degree_only_LCN2",3248,"ITGA5",0.00127400659039045,NA,NA,NA
"degree_only_LCN2",3249,"ADH7",0,NA,NA,NA
"degree_only_LCN2",3250,"CACNA1B",0,NA,NA,NA
"degree_only_LCN2",3251,"SFN",1.88836433614448e-05,NA,NA,NA
"degree_only_LCN2",3252,"PRKAG2",0.00023019859617357,NA,NA,NA
"degree_only_LCN2",3253,"RYR2",4.78345186669671e-05,NA,NA,NA
"degree_only_LCN2",3254,"NCOA2",3.54820525111377e-05,NA,NA,NA
"degree_only_LCN2",3255,"PCNA",0.000281828068793732,NA,NA,NA
"degree_only_LCN2",3256,"BAX",8.97923976903581e-05,NA,NA,NA
"degree_only_LCN2",3257,"ALDH1A3",0,NA,NA,NA
"degree_only_LCN2",3258,"ADH7",0,NA,NA,NA
"degree_only_LCN2",3259,"GRIN2C",0,NA,NA,NA
"degree_only_LCN2",3260,"AKR1C1",5.66614851992275e-05,NA,NA,NA
"degree_only_LCN2",3261,"CACNA1B",0,NA,NA,NA
"degree_only_LCN2",3262,"TGFA",3.48528190785569e-06,NA,NA,NA
"degree_only_LCN2",3263,"AGTR1",7.87895413547623e-05,NA,NA,NA
"degree_only_LCN2",3264,"ADCY2",0,NA,NA,NA
"degree_only_LCN2",3265,"ALDH1A2",0,NA,NA,NA
"degree_only_LCN2",3266,"ALDH3A1",7.8987277396747e-05,NA,NA,NA
"degree_only_LCN2",3267,"SCN1B",0.00123489854843939,NA,NA,NA
"degree_only_LCN2",3268,"CCL22",0,NA,NA,NA
"degree_only_LCN2",3269,"ACE2",6.17806475236016e-05,NA,NA,NA
"degree_only_LCN2",3270,"ALDH1A3",0,NA,NA,NA
"degree_only_LCN2",3271,"BTK",0.000119272845312435,NA,NA,NA
"degree_only_LCN2",3272,"MT-CYB",0.000203007681716216,NA,NA,NA
"degree_only_LCN2",3273,"SELE",1.58407098771463e-06,NA,NA,NA
"degree_only_LCN2",3274,"BAX",8.97923976903581e-05,NA,NA,NA
"degree_only_LCN2",3275,"ACE2",6.17806475236016e-05,NA,NA,NA
"degree_only_LCN2",3276,"BGLAP",0.000139973984731978,NA,NA,NA
"degree_only_LCN2",3277,"ITGA5",0.00127400659039045,NA,NA,NA
"degree_only_LCN2",3278,"PCNA",0.000281828068793732,NA,NA,NA
"degree_only_LCN2",3279,"DRD2",0.000217393825030943,NA,NA,NA
"degree_only_LCN2",3280,"PRKAG2",0.00023019859617357,NA,NA,NA
"degree_only_LCN2",3281,"NOD2",2.72727341009693e-05,NA,NA,NA
"degree_only_LCN2",3282,"CACNA1B",0,NA,NA,NA
"degree_only_LCN2",3283,"KEAP1",8.90865911317151e-05,NA,NA,NA
"degree_only_LCN2",3284,"CYP1B1",1.26701867375623e-06,NA,NA,NA
"degree_only_LCN2",3285,"SHH",1.43206732026169e-05,NA,NA,NA
"degree_only_LCN2",3286,"ACE2",6.17806475236016e-05,NA,NA,NA
"degree_only_LCN2",3287,"LGALS3",1.90104129516033e-06,NA,NA,NA
"degree_only_LCN2",3288,"PRKDC",3.48518119952512e-06,NA,NA,NA
"degree_only_LCN2",3289,"DRD2",0.000217393825030943,NA,NA,NA
"degree_only_LCN2",3290,"AGTR1",7.87895413547623e-05,NA,NA,NA
"degree_only_LCN2",3291,"TEK",0,NA,NA,NA
"degree_only_LCN2",3292,"SLC6A3",0.000164253248760127,NA,NA,NA
"degree_only_LCN2",3293,"NOD2",2.72727341009693e-05,NA,NA,NA
"degree_only_LCN2",3294,"IRF1",0,NA,NA,NA
"degree_only_LCN2",3295,"ACE2",6.17806475236016e-05,NA,NA,NA
"degree_only_LCN2",3296,"ADCY1",8.87083575196179e-06,NA,NA,NA
"degree_only_LCN2",3297,"ACACA",7.98311027262466e-05,NA,NA,NA
"degree_only_LCN2",3298,"ADH7",0,NA,NA,NA
"degree_only_LCN2",3299,"ALDH2",5.15659678518299e-05,NA,NA,NA
"degree_only_LCN2",3300,"ATG5",1.93264314094499e-05,NA,NA,NA
"degree_only_LCN2",3301,"ACACA",7.98311027262466e-05,NA,NA,NA
"degree_only_LCN2",3302,"ALDH1A2",0,NA,NA,NA
"degree_only_LCN2",3303,"PCNA",0.000281828068793732,NA,NA,NA
"degree_only_LCN2",3304,"PRKAG2",0.00023019859617357,NA,NA,NA
"degree_only_LCN2",3305,"SDHA",0.000611111269984921,NA,NA,NA
"degree_only_LCN2",3306,"ALDH3A1",7.8987277396747e-05,NA,NA,NA
"degree_only_LCN2",3307,"KDM1A",0,NA,NA,NA
"degree_only_LCN2",3308,"MT-CYB",0.000203007681716216,NA,NA,NA
"degree_only_LCN2",3309,"SELE",1.58407098771463e-06,NA,NA,NA
"degree_only_LCN2",3310,"ALDH1A3",0,NA,NA,NA
"degree_only_LCN2",3311,"SCN1B",0.00123489854843939,NA,NA,NA
"degree_only_LCN2",3312,"CCR6",0,NA,NA,NA
"degree_only_LCN2",3313,"SELE",1.58407098771463e-06,NA,NA,NA
"degree_only_LCN2",3314,"NOD2",2.72727341009693e-05,NA,NA,NA
"degree_only_LCN2",3315,"GRIN2C",0,NA,NA,NA
"degree_only_LCN2",3316,"BTK",0.000119272845312435,NA,NA,NA
"degree_only_LCN2",3317,"EPOR",4.26416671160945e-05,NA,NA,NA
"degree_only_LCN2",3318,"EPOR",4.26416671160945e-05,NA,NA,NA
"degree_only_LCN2",3319,"AGTR1",7.87895413547623e-05,NA,NA,NA
"degree_only_LCN2",3320,"ATG5",1.93264314094499e-05,NA,NA,NA
"degree_only_LCN2",3321,"SDHA",0.000611111269984921,NA,NA,NA
"degree_only_LCN2",3322,"SELE",1.58407098771463e-06,NA,NA,NA
"degree_only_LCN2",3323,"IRF1",0,NA,NA,NA
"degree_only_LCN2",3324,"BAX",8.97923976903581e-05,NA,NA,NA
"degree_only_LCN2",3325,"ACACA",7.98311027262466e-05,NA,NA,NA
"degree_only_LCN2",3326,"ADH4",0,NA,NA,NA
"degree_only_LCN2",3327,"RARA",0.000182812715244118,NA,NA,NA
"degree_only_LCN2",3328,"BAX",8.97923976903581e-05,NA,NA,NA
"degree_only_LCN2",3329,"GRIN2C",0,NA,NA,NA
"degree_only_LCN2",3330,"RYR2",4.78345186669671e-05,NA,NA,NA
"degree_only_LCN2",3331,"LGALS3",1.90104129516033e-06,NA,NA,NA
"degree_only_LCN2",3332,"IRF1",0,NA,NA,NA
"degree_only_LCN2",3333,"SDHA",0.000611111269984921,NA,NA,NA
"degree_only_LCN2",3334,"PCNA",0.000281828068793732,NA,NA,NA
"degree_only_LCN2",3335,"CCR6",0,NA,NA,NA
"degree_only_LCN2",3336,"ADRB2",0.000148693401879507,NA,NA,NA
"degree_only_LCN2",3337,"SELE",1.58407098771463e-06,NA,NA,NA
"degree_only_LCN2",3338,"ADH7",0,NA,NA,NA
"degree_only_LCN2",3339,"NCOA2",3.54820525111377e-05,NA,NA,NA
"degree_only_LCN2",3340,"LGALS3",1.90104129516033e-06,NA,NA,NA
"degree_only_LCN2",3341,"ACE2",6.17806475236016e-05,NA,NA,NA
"degree_only_LCN2",3342,"CCR6",0,NA,NA,NA
"degree_only_LCN2",3343,"PLAU",9.12459578450431e-06,NA,NA,NA
"degree_only_LCN2",3344,"IRF1",0,NA,NA,NA
"degree_only_LCN2",3345,"BTK",0.000119272845312435,NA,NA,NA
"degree_only_LCN2",3346,"PRKAG2",0.00023019859617357,NA,NA,NA
"degree_only_LCN2",3347,"ALDH1A2",0,NA,NA,NA
"degree_only_LCN2",3348,"CYP1B1",1.26701867375623e-06,NA,NA,NA
"degree_only_LCN2",3349,"ALDH2",5.15659678518299e-05,NA,NA,NA
"degree_only_LCN2",3350,"ITGA5",0.00127400659039045,NA,NA,NA
"degree_only_LCN2",3351,"ADCY1",8.87083575196179e-06,NA,NA,NA
"degree_only_LCN2",3352,"ADH4",0,NA,NA,NA
"degree_only_LCN2",3353,"KEAP1",8.90865911317151e-05,NA,NA,NA
"degree_only_LCN2",3354,"ACE2",6.17806475236016e-05,NA,NA,NA
"degree_only_LCN2",3355,"PCNA",0.000281828068793732,NA,NA,NA
"degree_only_LCN2",3356,"LGALS3",1.90104129516033e-06,NA,NA,NA
"degree_only_LCN2",3357,"SELE",1.58407098771463e-06,NA,NA,NA
"degree_only_LCN2",3358,"CCR6",0,NA,NA,NA
"degree_only_LCN2",3359,"PRKDC",3.48518119952512e-06,NA,NA,NA
"degree_only_LCN2",3360,"AGTR1",7.87895413547623e-05,NA,NA,NA
"degree_only_LCN2",3361,"ITGA5",0.00127400659039045,NA,NA,NA
"degree_only_LCN2",3362,"APAF1",0,NA,NA,NA
"degree_only_LCN2",3363,"DRD2",0.000217393825030943,NA,NA,NA
"degree_only_LCN2",3364,"SFN",1.88836433614448e-05,NA,NA,NA
"degree_only_LCN2",3365,"TGFA",3.48528190785569e-06,NA,NA,NA
"degree_only_LCN2",3366,"SDHA",0.000611111269984921,NA,NA,NA
"degree_only_LCN2",3367,"EPOR",4.26416671160945e-05,NA,NA,NA
"degree_only_LCN2",3368,"NOD2",2.72727341009693e-05,NA,NA,NA
"degree_only_LCN2",3369,"ALDH1A3",0,NA,NA,NA
"degree_only_LCN2",3370,"TEK",0,NA,NA,NA
"degree_only_LCN2",3371,"STAT4",0.000324242289791776,NA,NA,NA
"degree_only_LCN2",3372,"IRF1",0,NA,NA,NA
"degree_only_LCN2",3373,"SHH",1.43206732026169e-05,NA,NA,NA
"degree_only_LCN2",3374,"CYP1B1",1.26701867375623e-06,NA,NA,NA
"degree_only_LCN2",3375,"SHH",1.43206732026169e-05,NA,NA,NA
"degree_only_LCN2",3376,"ALDH2",5.15659678518299e-05,NA,NA,NA
"degree_only_LCN2",3377,"CACNA1B",0,NA,NA,NA
"degree_only_LCN2",3378,"SCN1B",0.00123489854843939,NA,NA,NA
"degree_only_LCN2",3379,"ADH4",0,NA,NA,NA
"degree_only_LCN2",3380,"PRKDC",3.48518119952512e-06,NA,NA,NA
"degree_only_LCN2",3381,"ADH4",0,NA,NA,NA
"degree_only_LCN2",3382,"EPOR",4.26416671160945e-05,NA,NA,NA
"degree_only_LCN2",3383,"IRF1",0,NA,NA,NA
"degree_only_LCN2",3384,"ALDH1A2",0,NA,NA,NA
"degree_only_LCN2",3385,"SDHA",0.000611111269984921,NA,NA,NA
"degree_only_LCN2",3386,"CCL22",0,NA,NA,NA
"degree_only_LCN2",3387,"EPOR",4.26416671160945e-05,NA,NA,NA
"degree_only_LCN2",3388,"RARA",0.000182812715244118,NA,NA,NA
"degree_only_LCN2",3389,"ADH4",0,NA,NA,NA
"degree_only_LCN2",3390,"PCNA",0.000281828068793732,NA,NA,NA
"degree_only_LCN2",3391,"CS",0.000203624857343709,NA,NA,NA
"degree_only_LCN2",3392,"TEK",0,NA,NA,NA
"degree_only_LCN2",3393,"RARA",0.000182812715244118,NA,NA,NA
"degree_only_LCN2",3394,"SHH",1.43206732026169e-05,NA,NA,NA
"degree_only_LCN2",3395,"CYP1B1",1.26701867375623e-06,NA,NA,NA
"degree_only_LCN2",3396,"GRIN2C",0,NA,NA,NA
"degree_only_LCN2",3397,"STAT4",0.000324242289791776,NA,NA,NA
"degree_only_LCN2",3398,"CACNA1B",0,NA,NA,NA
"degree_only_LCN2",3399,"ADH4",0,NA,NA,NA
"degree_only_LCN2",3400,"SELE",1.58407098771463e-06,NA,NA,NA
"degree_only_LCN2",3401,"EPOR",4.26416671160945e-05,NA,NA,NA
"degree_only_LCN2",3402,"CCR6",0,NA,NA,NA
"degree_only_LCN2",3403,"PRKDC",3.48518119952512e-06,NA,NA,NA
"degree_only_LCN2",3404,"ALDH2",5.15659678518299e-05,NA,NA,NA
"degree_only_LCN2",3405,"LGALS3",1.90104129516033e-06,NA,NA,NA
"degree_only_LCN2",3406,"DRD2",0.000217393825030943,NA,NA,NA
"degree_only_LCN2",3407,"CCL22",0,NA,NA,NA
"degree_only_LCN2",3408,"KDM1A",0,NA,NA,NA
"degree_only_LCN2",3409,"ADRB2",0.000148693401879507,NA,NA,NA
"degree_only_LCN2",3410,"CACNA1B",0,NA,NA,NA
"degree_only_LCN2",3411,"STAT4",0.000324242289791776,NA,NA,NA
"degree_only_LCN2",3412,"PRKDC",3.48518119952512e-06,NA,NA,NA
"degree_only_LCN2",3413,"KDM1A",0,NA,NA,NA
"degree_only_LCN2",3414,"GRIN2C",0,NA,NA,NA
"degree_only_LCN2",3415,"SCN1B",0.00123489854843939,NA,NA,NA
"degree_only_LCN2",3416,"LGALS3",1.90104129516033e-06,NA,NA,NA
"degree_only_LCN2",3417,"ADCY1",8.87083575196179e-06,NA,NA,NA
"degree_only_LCN2",3418,"BTK",0.000119272845312435,NA,NA,NA
"degree_only_LCN2",3419,"EPOR",4.26416671160945e-05,NA,NA,NA
"degree_only_LCN2",3420,"ADH4",0,NA,NA,NA
"degree_only_LCN2",3421,"AGTR1",7.87895413547623e-05,NA,NA,NA
"degree_only_LCN2",3422,"ALDH1A3",0,NA,NA,NA
"degree_only_LCN2",3423,"ALDH1A2",0,NA,NA,NA
"degree_only_LCN2",3424,"SHH",1.43206732026169e-05,NA,NA,NA
"degree_only_LCN2",3425,"ADH4",0,NA,NA,NA
"degree_only_LCN2",3426,"CCL22",0,NA,NA,NA
"degree_only_LCN2",3427,"SDHA",0.000611111269984921,NA,NA,NA
"degree_only_LCN2",3428,"BAX",8.97923976903581e-05,NA,NA,NA
"degree_only_LCN2",3429,"PRKDC",3.48518119952512e-06,NA,NA,NA
"degree_only_LCN2",3430,"SELE",1.58407098771463e-06,NA,NA,NA
"degree_only_LCN2",3431,"TGFA",3.48528190785569e-06,NA,NA,NA
"degree_only_LCN2",3432,"PLAU",9.12459578450431e-06,NA,NA,NA
"degree_only_LCN2",3433,"SHH",1.43206732026169e-05,NA,NA,NA
"degree_only_LCN2",3434,"SCN1B",0.00123489854843939,NA,NA,NA
"degree_only_LCN2",3435,"GRIN2C",0,NA,NA,NA
"degree_only_LCN2",3436,"CYP1B1",1.26701867375623e-06,NA,NA,NA
"degree_only_LCN2",3437,"SELE",1.58407098771463e-06,NA,NA,NA
"degree_only_LCN2",3438,"LGALS3",1.90104129516033e-06,NA,NA,NA
"degree_only_LCN2",3439,"CS",0.000203624857343709,NA,NA,NA
"degree_only_LCN2",3440,"BTK",0.000119272845312435,NA,NA,NA
"degree_only_LCN2",3441,"BGLAP",0.000139973984731978,NA,NA,NA
"degree_only_LCN2",3442,"ADRB2",0.000148693401879507,NA,NA,NA
"degree_only_LCN2",3443,"ACTG1",2.72461711825489e-06,NA,NA,NA
"degree_only_LCN2",3444,"TEK",0,NA,NA,NA
"degree_only_LCN2",3445,"PRKDC",3.48518119952512e-06,NA,NA,NA
"degree_only_LCN2",3446,"ALDH1A2",0,NA,NA,NA
"degree_only_LCN2",3447,"ALDH1A2",0,NA,NA,NA
"degree_only_LCN2",3448,"ADRB2",0.000148693401879507,NA,NA,NA
"degree_only_LCN2",3449,"MT-CYB",0.000203007681716216,NA,NA,NA
"degree_only_LCN2",3450,"ACACA",7.98311027262466e-05,NA,NA,NA
"degree_only_LCN2",3451,"KDM1A",0,NA,NA,NA
"degree_only_LCN2",3452,"LGALS3",1.90104129516033e-06,NA,NA,NA
"degree_only_LCN2",3453,"ADCY1",8.87083575196179e-06,NA,NA,NA
"degree_only_LCN2",3454,"STAT4",0.000324242289791776,NA,NA,NA
"degree_only_LCN2",3455,"ALDH2",5.15659678518299e-05,NA,NA,NA
"degree_only_LCN2",3456,"DRD2",0.000217393825030943,NA,NA,NA
"degree_only_LCN2",3457,"ACE2",6.17806475236016e-05,NA,NA,NA
"degree_only_LCN2",3458,"PLAU",9.12459578450431e-06,NA,NA,NA
"degree_only_LCN2",3459,"ALDH1A2",0,NA,NA,NA
"degree_only_LCN2",3460,"PCNA",0.000281828068793732,NA,NA,NA
"degree_only_LCN2",3461,"IRF1",0,NA,NA,NA
"degree_only_LCN2",3462,"NCOA2",3.54820525111377e-05,NA,NA,NA
"degree_only_LCN2",3463,"AGTR1",7.87895413547623e-05,NA,NA,NA
"degree_only_LCN2",3464,"PRKDC",3.48518119952512e-06,NA,NA,NA
"degree_only_LCN2",3465,"SELE",1.58407098771463e-06,NA,NA,NA
"degree_only_LCN2",3466,"ACACA",7.98311027262466e-05,NA,NA,NA
"degree_only_LCN2",3467,"ADRB2",0.000148693401879507,NA,NA,NA
"degree_only_LCN2",3468,"SDHA",0.000611111269984921,NA,NA,NA
"degree_only_LCN2",3469,"KEAP1",8.90865911317151e-05,NA,NA,NA
"degree_only_LCN2",3470,"SHH",1.43206732026169e-05,NA,NA,NA
"degree_only_LCN2",3471,"RYR2",4.78345186669671e-05,NA,NA,NA
"degree_only_LCN2",3472,"KDM1A",0,NA,NA,NA
"degree_only_LCN2",3473,"KDM1A",0,NA,NA,NA
"degree_only_LCN2",3474,"AGTR1",7.87895413547623e-05,NA,NA,NA
"degree_only_LCN2",3475,"ITGA5",0.00127400659039045,NA,NA,NA
"degree_only_LCN2",3476,"SLC6A3",0.000164253248760127,NA,NA,NA
"degree_only_LCN2",3477,"ALDH3A1",7.8987277396747e-05,NA,NA,NA
"degree_only_LCN2",3478,"SFN",1.88836433614448e-05,NA,NA,NA
"degree_only_LCN2",3479,"KDM1A",0,NA,NA,NA
"degree_only_LCN2",3480,"SDHA",0.000611111269984921,NA,NA,NA
"degree_only_LCN2",3481,"TGFA",3.48528190785569e-06,NA,NA,NA
"degree_only_LCN2",3482,"SELE",1.58407098771463e-06,NA,NA,NA
"degree_only_LCN2",3483,"BAX",8.97923976903581e-05,NA,NA,NA
"degree_only_LCN2",3484,"BAX",8.97923976903581e-05,NA,NA,NA
"degree_only_LCN2",3485,"CCL22",0,NA,NA,NA
"degree_only_LCN2",3486,"CACNA1B",0,NA,NA,NA
"degree_only_LCN2",3487,"MT-CYB",0.000203007681716216,NA,NA,NA
"degree_only_LCN2",3488,"BAX",8.97923976903581e-05,NA,NA,NA
"degree_only_LCN2",3489,"SFN",1.88836433614448e-05,NA,NA,NA
"degree_only_LCN2",3490,"ADCY2",0,NA,NA,NA
"degree_only_LCN2",3491,"TGFA",3.48528190785569e-06,NA,NA,NA
"degree_only_LCN2",3492,"AGTR1",7.87895413547623e-05,NA,NA,NA
"degree_only_LCN2",3493,"KDM1A",0,NA,NA,NA
"degree_only_LCN2",3494,"PRKDC",3.48518119952512e-06,NA,NA,NA
"degree_only_LCN2",3495,"RYR2",4.78345186669671e-05,NA,NA,NA
"degree_only_LCN2",3496,"ACACA",7.98311027262466e-05,NA,NA,NA
"degree_only_LCN2",3497,"SELE",1.58407098771463e-06,NA,NA,NA
"degree_only_LCN2",3498,"ALDH2",5.15659678518299e-05,NA,NA,NA
"degree_only_LCN2",3499,"ALDH1A3",0,NA,NA,NA
"degree_only_LCN2",3500,"ALDH1A3",0,NA,NA,NA
"degree_only_LCN2",3501,"BGLAP",0.000139973984731978,NA,NA,NA
"degree_only_LCN2",3502,"SFN",1.88836433614448e-05,NA,NA,NA
"degree_only_LCN2",3503,"CACNA1B",0,NA,NA,NA
"degree_only_LCN2",3504,"PRKAG2",0.00023019859617357,NA,NA,NA
"degree_only_LCN2",3505,"DRD2",0.000217393825030943,NA,NA,NA
"degree_only_LCN2",3506,"ADCY2",0,NA,NA,NA
"degree_only_LCN2",3507,"PRKDC",3.48518119952512e-06,NA,NA,NA
"degree_only_LCN2",3508,"EPOR",4.26416671160945e-05,NA,NA,NA
"degree_only_LCN2",3509,"PRKAG2",0.00023019859617357,NA,NA,NA
"degree_only_LCN2",3510,"ADCY2",0,NA,NA,NA
"degree_only_LCN2",3511,"SLC6A3",0.000164253248760127,NA,NA,NA
"degree_only_LCN2",3512,"ATG5",1.93264314094499e-05,NA,NA,NA
"degree_only_LCN2",3513,"ACTG1",2.72461711825489e-06,NA,NA,NA
"degree_only_LCN2",3514,"APAF1",0,NA,NA,NA
"degree_only_LCN2",3515,"NCOA2",3.54820525111377e-05,NA,NA,NA
"degree_only_LCN2",3516,"CS",0.000203624857343709,NA,NA,NA
"degree_only_LCN2",3517,"LGALS3",1.90104129516033e-06,NA,NA,NA
"degree_only_LCN2",3518,"NOD2",2.72727341009693e-05,NA,NA,NA
"degree_only_LCN2",3519,"ADCY2",0,NA,NA,NA
"degree_only_LCN2",3520,"MT-CYB",0.000203007681716216,NA,NA,NA
"degree_only_LCN2",3521,"MT-CYB",0.000203007681716216,NA,NA,NA
"degree_only_LCN2",3522,"NOD2",2.72727341009693e-05,NA,NA,NA
"degree_only_LCN2",3523,"ALDH1A3",0,NA,NA,NA
"degree_only_LCN2",3524,"RARA",0.000182812715244118,NA,NA,NA
"degree_only_LCN2",3525,"TEK",0,NA,NA,NA
"degree_only_LCN2",3526,"ACTG1",2.72461711825489e-06,NA,NA,NA
"degree_only_LCN2",3527,"BGLAP",0.000139973984731978,NA,NA,NA
"degree_only_LCN2",3528,"CCR6",0,NA,NA,NA
"degree_only_LCN2",3529,"GRIN2C",0,NA,NA,NA
"degree_only_LCN2",3530,"CACNA1B",0,NA,NA,NA
"degree_only_LCN2",3531,"ALDH3A1",7.8987277396747e-05,NA,NA,NA
"degree_only_LCN2",3532,"ALDH1A3",0,NA,NA,NA
"degree_only_LCN2",3533,"ADH4",0,NA,NA,NA
"degree_only_LCN2",3534,"BAX",8.97923976903581e-05,NA,NA,NA
"degree_only_LCN2",3535,"ITGA5",0.00127400659039045,NA,NA,NA
"degree_only_LCN2",3536,"ADH4",0,NA,NA,NA
"degree_only_LCN2",3537,"ADH7",0,NA,NA,NA
"degree_only_LCN2",3538,"AGTR1",7.87895413547623e-05,NA,NA,NA
"degree_only_LCN2",3539,"ACE2",6.17806475236016e-05,NA,NA,NA
"degree_only_LCN2",3540,"ACE2",6.17806475236016e-05,NA,NA,NA
"degree_only_LCN2",3541,"ALDH3A1",7.8987277396747e-05,NA,NA,NA
"degree_only_LCN2",3542,"TGFA",3.48528190785569e-06,NA,NA,NA
"degree_only_LCN2",3543,"ALDH1A3",0,NA,NA,NA
"degree_only_LCN2",3544,"ADH4",0,NA,NA,NA
"degree_only_LCN2",3545,"SELE",1.58407098771463e-06,NA,NA,NA
"degree_only_LCN2",3546,"SFN",1.88836433614448e-05,NA,NA,NA
"degree_only_LCN2",3547,"CCL22",0,NA,NA,NA
"degree_only_LCN2",3548,"SDHA",0.000611111269984921,NA,NA,NA
"degree_only_LCN2",3549,"ATG5",1.93264314094499e-05,NA,NA,NA
"degree_only_LCN2",3550,"ADH7",0,NA,NA,NA
"degree_only_LCN2",3551,"ALDH1A2",0,NA,NA,NA
"degree_only_LCN2",3552,"ADH4",0,NA,NA,NA
"degree_only_LCN2",3553,"ACTG1",2.72461711825489e-06,NA,NA,NA
"degree_only_LCN2",3554,"PRKDC",3.48518119952512e-06,NA,NA,NA
"degree_only_LCN2",3555,"TEK",0,NA,NA,NA
"degree_only_LCN2",3556,"MT-CYB",0.000203007681716216,NA,NA,NA
"degree_only_LCN2",3557,"DRD2",0.000217393825030943,NA,NA,NA
"degree_only_LCN2",3558,"PRKDC",3.48518119952512e-06,NA,NA,NA
"degree_only_LCN2",3559,"BTK",0.000119272845312435,NA,NA,NA
"degree_only_LCN2",3560,"ALDH1A3",0,NA,NA,NA
"degree_only_LCN2",3561,"GRIN2C",0,NA,NA,NA
"degree_only_LCN2",3562,"RYR2",4.78345186669671e-05,NA,NA,NA
"degree_only_LCN2",3563,"LGALS3",1.90104129516033e-06,NA,NA,NA
"degree_only_LCN2",3564,"PRKDC",3.48518119952512e-06,NA,NA,NA
"degree_only_LCN2",3565,"ALDH3A1",7.8987277396747e-05,NA,NA,NA
"degree_only_LCN2",3566,"LGALS3",1.90104129516033e-06,NA,NA,NA
"degree_only_LCN2",3567,"PLAU",9.12459578450431e-06,NA,NA,NA
"degree_only_LCN2",3568,"ATG5",1.93264314094499e-05,NA,NA,NA
"degree_only_LCN2",3569,"BGLAP",0.000139973984731978,NA,NA,NA
"degree_only_LCN2",3570,"ALDH1A2",0,NA,NA,NA
"degree_only_LCN2",3571,"DRD2",0.000217393825030943,NA,NA,NA
"degree_only_LCN2",3572,"NOD2",2.72727341009693e-05,NA,NA,NA
"degree_only_LCN2",3573,"SFN",1.88836433614448e-05,NA,NA,NA
"degree_only_LCN2",3574,"RARA",0.000182812715244118,NA,NA,NA
"degree_only_LCN2",3575,"PRKAG2",0.00023019859617357,NA,NA,NA
"degree_only_LCN2",3576,"CCR6",0,NA,NA,NA
"degree_only_LCN2",3577,"EPOR",4.26416671160945e-05,NA,NA,NA
"degree_only_LCN2",3578,"CCL22",0,NA,NA,NA
"degree_only_LCN2",3579,"SDHA",0.000611111269984921,NA,NA,NA
"degree_only_LCN2",3580,"ALDH2",5.15659678518299e-05,NA,NA,NA
"degree_only_LCN2",3581,"KEAP1",8.90865911317151e-05,NA,NA,NA
"degree_only_LCN2",3582,"ALDH1A3",0,NA,NA,NA
"degree_only_LCN2",3583,"LGALS3",1.90104129516033e-06,NA,NA,NA
"degree_only_LCN2",3584,"KEAP1",8.90865911317151e-05,NA,NA,NA
"degree_only_LCN2",3585,"AKR1C1",5.66614851992275e-05,NA,NA,NA
"degree_only_LCN2",3586,"ACE2",6.17806475236016e-05,NA,NA,NA
"degree_only_LCN2",3587,"SDHA",0.000611111269984921,NA,NA,NA
"degree_only_LCN2",3588,"MT-CYB",0.000203007681716216,NA,NA,NA
"degree_only_LCN2",3589,"MT-CYB",0.000203007681716216,NA,NA,NA
"degree_only_LCN2",3590,"ATG5",1.93264314094499e-05,NA,NA,NA
"degree_only_LCN2",3591,"PCNA",0.000281828068793732,NA,NA,NA
"degree_only_LCN2",3592,"APAF1",0,NA,NA,NA
"degree_only_LCN2",3593,"ADH4",0,NA,NA,NA
"degree_only_LCN2",3594,"ALDH3A1",7.8987277396747e-05,NA,NA,NA
"degree_only_LCN2",3595,"ACACA",7.98311027262466e-05,NA,NA,NA
"degree_only_LCN2",3596,"AKR1C1",5.66614851992275e-05,NA,NA,NA
"degree_only_LCN2",3597,"IRF1",0,NA,NA,NA
"degree_only_LCN2",3598,"SFN",1.88836433614448e-05,NA,NA,NA
"degree_only_LCN2",3599,"RARA",0.000182812715244118,NA,NA,NA
"degree_only_LCN2",3600,"SHH",1.43206732026169e-05,NA,NA,NA
"degree_only_LCN2",3601,"TEK",0,NA,NA,NA
"degree_only_LCN2",3602,"STAT4",0.000324242289791776,NA,NA,NA
"degree_only_LCN2",3603,"SCN1B",0.00123489854843939,NA,NA,NA
"degree_only_LCN2",3604,"SHH",1.43206732026169e-05,NA,NA,NA
"degree_only_LCN2",3605,"CS",0.000203624857343709,NA,NA,NA
"degree_only_LCN2",3606,"ALDH1A3",0,NA,NA,NA
"degree_only_LCN2",3607,"PRKAG2",0.00023019859617357,NA,NA,NA
"degree_only_LCN2",3608,"AGTR1",7.87895413547623e-05,NA,NA,NA
"degree_only_LCN2",3609,"TGFA",3.48528190785569e-06,NA,NA,NA
"degree_only_LCN2",3610,"ADH4",0,NA,NA,NA
"degree_only_LCN2",3611,"AGTR1",7.87895413547623e-05,NA,NA,NA
"degree_only_LCN2",3612,"PRKAG2",0.00023019859617357,NA,NA,NA
"degree_only_LCN2",3613,"ITGA5",0.00127400659039045,NA,NA,NA
"degree_only_LCN2",3614,"RYR2",4.78345186669671e-05,NA,NA,NA
"degree_only_LCN2",3615,"ADCY2",0,NA,NA,NA
"degree_only_LCN2",3616,"ALDH1A2",0,NA,NA,NA
"degree_only_LCN2",3617,"CCR6",0,NA,NA,NA
"degree_only_LCN2",3618,"CCR6",0,NA,NA,NA
"degree_only_LCN2",3619,"NCOA2",3.54820525111377e-05,NA,NA,NA
"degree_only_LCN2",3620,"ACTG1",2.72461711825489e-06,NA,NA,NA
"degree_only_LCN2",3621,"STAT4",0.000324242289791776,NA,NA,NA
"degree_only_LCN2",3622,"RYR2",4.78345186669671e-05,NA,NA,NA
"degree_only_LCN2",3623,"KEAP1",8.90865911317151e-05,NA,NA,NA
"degree_only_LCN2",3624,"MT-CYB",0.000203007681716216,NA,NA,NA
"degree_only_LCN2",3625,"NOD2",2.72727341009693e-05,NA,NA,NA
"degree_only_LCN2",3626,"EPOR",4.26416671160945e-05,NA,NA,NA
"degree_only_LCN2",3627,"IRF1",0,NA,NA,NA
"degree_only_LCN2",3628,"SDHA",0.000611111269984921,NA,NA,NA
"degree_only_LCN2",3629,"ATG5",1.93264314094499e-05,NA,NA,NA
"degree_only_LCN2",3630,"BTK",0.000119272845312435,NA,NA,NA
"degree_only_LCN2",3631,"ADH4",0,NA,NA,NA
"degree_only_LCN2",3632,"CYP1B1",1.26701867375623e-06,NA,NA,NA
"degree_only_LCN2",3633,"AGTR1",7.87895413547623e-05,NA,NA,NA
"degree_only_LCN2",3634,"BGLAP",0.000139973984731978,NA,NA,NA
"degree_only_LCN2",3635,"PRKAG2",0.00023019859617357,NA,NA,NA
"degree_only_LCN2",3636,"PRKDC",3.48518119952512e-06,NA,NA,NA
"degree_only_LCN2",3637,"STAT4",0.000324242289791776,NA,NA,NA
"degree_only_LCN2",3638,"ITGA5",0.00127400659039045,NA,NA,NA
"degree_only_LCN2",3639,"ALDH3A1",7.8987277396747e-05,NA,NA,NA
"degree_only_LCN2",3640,"TGFA",3.48528190785569e-06,NA,NA,NA
"degree_only_LCN2",3641,"CCR6",0,NA,NA,NA
"degree_only_LCN2",3642,"RYR2",4.78345186669671e-05,NA,NA,NA
"degree_only_LCN2",3643,"ACTG1",2.72461711825489e-06,NA,NA,NA
"degree_only_LCN2",3644,"BAX",8.97923976903581e-05,NA,NA,NA
"degree_only_LCN2",3645,"AGTR1",7.87895413547623e-05,NA,NA,NA
"degree_only_LCN2",3646,"SELE",1.58407098771463e-06,NA,NA,NA
"degree_only_LCN2",3647,"ALDH1A3",0,NA,NA,NA
"degree_only_LCN2",3648,"ADCY1",8.87083575196179e-06,NA,NA,NA
"degree_only_LCN2",3649,"NOD2",2.72727341009693e-05,NA,NA,NA
"degree_only_LCN2",3650,"ALDH2",5.15659678518299e-05,NA,NA,NA
"degree_only_LCN2",3651,"SHH",1.43206732026169e-05,NA,NA,NA
"degree_only_LCN2",3652,"ALDH1A2",0,NA,NA,NA
"degree_only_LCN2",3653,"ADCY1",8.87083575196179e-06,NA,NA,NA
"degree_only_LCN2",3654,"MT-CYB",0.000203007681716216,NA,NA,NA
"degree_only_LCN2",3655,"ATG5",1.93264314094499e-05,NA,NA,NA
"degree_only_LCN2",3656,"EPOR",4.26416671160945e-05,NA,NA,NA
"degree_only_LCN2",3657,"ALDH3A1",7.8987277396747e-05,NA,NA,NA
"degree_only_LCN2",3658,"ADH4",0,NA,NA,NA
"degree_only_LCN2",3659,"SFN",1.88836433614448e-05,NA,NA,NA
"degree_only_LCN2",3660,"SHH",1.43206732026169e-05,NA,NA,NA
"degree_only_LCN2",3661,"KDM1A",0,NA,NA,NA
"degree_only_LCN2",3662,"ADCY1",8.87083575196179e-06,NA,NA,NA
"degree_only_LCN2",3663,"ACACA",7.98311027262466e-05,NA,NA,NA
"degree_only_LCN2",3664,"KDM1A",0,NA,NA,NA
"degree_only_LCN2",3665,"SDHA",0.000611111269984921,NA,NA,NA
"degree_only_LCN2",3666,"ALDH3A1",7.8987277396747e-05,NA,NA,NA
"degree_only_LCN2",3667,"SDHA",0.000611111269984921,NA,NA,NA
"degree_only_LCN2",3668,"NCOA2",3.54820525111377e-05,NA,NA,NA
"degree_only_LCN2",3669,"ALDH1A3",0,NA,NA,NA
"degree_only_LCN2",3670,"NCOA2",3.54820525111377e-05,NA,NA,NA
"degree_only_LCN2",3671,"ADRB2",0.000148693401879507,NA,NA,NA
"degree_only_LCN2",3672,"NOD2",2.72727341009693e-05,NA,NA,NA
"degree_only_LCN2",3673,"PCNA",0.000281828068793732,NA,NA,NA
"degree_only_LCN2",3674,"ACTG1",2.72461711825489e-06,NA,NA,NA
"degree_only_LCN2",3675,"ACE2",6.17806475236016e-05,NA,NA,NA
"degree_only_LCN2",3676,"SHH",1.43206732026169e-05,NA,NA,NA
"degree_only_LCN2",3677,"BTK",0.000119272845312435,NA,NA,NA
"degree_only_LCN2",3678,"SLC6A3",0.000164253248760127,NA,NA,NA
"degree_only_LCN2",3679,"AGTR1",7.87895413547623e-05,NA,NA,NA
"degree_only_LCN2",3680,"ITGA5",0.00127400659039045,NA,NA,NA
"degree_only_LCN2",3681,"ACTG1",2.72461711825489e-06,NA,NA,NA
"degree_only_LCN2",3682,"SFN",1.88836433614448e-05,NA,NA,NA
"degree_only_LCN2",3683,"BTK",0.000119272845312435,NA,NA,NA
"degree_only_LCN2",3684,"STAT4",0.000324242289791776,NA,NA,NA
"degree_only_LCN2",3685,"NOD2",2.72727341009693e-05,NA,NA,NA
"degree_only_LCN2",3686,"DRD2",0.000217393825030943,NA,NA,NA
"degree_only_LCN2",3687,"ACACA",7.98311027262466e-05,NA,NA,NA
"degree_only_LCN2",3688,"ACTG1",2.72461711825489e-06,NA,NA,NA
"degree_only_LCN2",3689,"SELE",1.58407098771463e-06,NA,NA,NA
"degree_only_LCN2",3690,"AKR1C1",5.66614851992275e-05,NA,NA,NA
"degree_only_LCN2",3691,"KDM1A",0,NA,NA,NA
"degree_only_LCN2",3692,"APAF1",0,NA,NA,NA
"degree_only_LCN2",3693,"ADRB2",0.000148693401879507,NA,NA,NA
"degree_only_LCN2",3694,"NCOA2",3.54820525111377e-05,NA,NA,NA
"degree_only_LCN2",3695,"CCL22",0,NA,NA,NA
"degree_only_LCN2",3696,"SFN",1.88836433614448e-05,NA,NA,NA
"degree_only_LCN2",3697,"TEK",0,NA,NA,NA
"degree_only_LCN2",3698,"NOD2",2.72727341009693e-05,NA,NA,NA
"degree_only_LCN2",3699,"SHH",1.43206732026169e-05,NA,NA,NA
"degree_only_LCN2",3700,"IRF1",0,NA,NA,NA
"degree_only_LCN2",3701,"CCR6",0,NA,NA,NA
"degree_only_LCN2",3702,"PRKDC",3.48518119952512e-06,NA,NA,NA
"degree_only_LCN2",3703,"EPOR",4.26416671160945e-05,NA,NA,NA
"degree_only_LCN2",3704,"EPOR",4.26416671160945e-05,NA,NA,NA
"degree_only_LCN2",3705,"CS",0.000203624857343709,NA,NA,NA
"degree_only_LCN2",3706,"CCR6",0,NA,NA,NA
"degree_only_LCN2",3707,"ACE2",6.17806475236016e-05,NA,NA,NA
"degree_only_LCN2",3708,"SDHA",0.000611111269984921,NA,NA,NA
"degree_only_LCN2",3709,"ADCY2",0,NA,NA,NA
"degree_only_LCN2",3710,"AGTR1",7.87895413547623e-05,NA,NA,NA
"degree_only_LCN2",3711,"SDHA",0.000611111269984921,NA,NA,NA
"degree_only_LCN2",3712,"ADRB2",0.000148693401879507,NA,NA,NA
"degree_only_LCN2",3713,"ATG5",1.93264314094499e-05,NA,NA,NA
"degree_only_LCN2",3714,"CACNA1B",0,NA,NA,NA
"degree_only_LCN2",3715,"ADH4",0,NA,NA,NA
"degree_only_LCN2",3716,"KDM1A",0,NA,NA,NA
"degree_only_LCN2",3717,"CCR6",0,NA,NA,NA
"degree_only_LCN2",3718,"ATG5",1.93264314094499e-05,NA,NA,NA
"degree_only_LCN2",3719,"SELE",1.58407098771463e-06,NA,NA,NA
"degree_only_LCN2",3720,"ALDH1A3",0,NA,NA,NA
"degree_only_LCN2",3721,"CACNA1B",0,NA,NA,NA
"degree_only_LCN2",3722,"ACTG1",2.72461711825489e-06,NA,NA,NA
"degree_only_LCN2",3723,"CYP1B1",1.26701867375623e-06,NA,NA,NA
"degree_only_LCN2",3724,"RYR2",4.78345186669671e-05,NA,NA,NA
"degree_only_LCN2",3725,"GRIN2C",0,NA,NA,NA
"degree_only_LCN2",3726,"APAF1",0,NA,NA,NA
"degree_only_LCN2",3727,"RARA",0.000182812715244118,NA,NA,NA
"degree_only_LCN2",3728,"KEAP1",8.90865911317151e-05,NA,NA,NA
"degree_only_LCN2",3729,"ADH7",0,NA,NA,NA
"degree_only_LCN2",3730,"AKR1C1",5.66614851992275e-05,NA,NA,NA
"degree_only_LCN2",3731,"LGALS3",1.90104129516033e-06,NA,NA,NA
"degree_only_LCN2",3732,"LGALS3",1.90104129516033e-06,NA,NA,NA
"degree_only_LCN2",3733,"CACNA1B",0,NA,NA,NA
"degree_only_LCN2",3734,"CYP1B1",1.26701867375623e-06,NA,NA,NA
"degree_only_LCN2",3735,"NOD2",2.72727341009693e-05,NA,NA,NA
"degree_only_LCN2",3736,"CS",0.000203624857343709,NA,NA,NA
"degree_only_LCN2",3737,"STAT4",0.000324242289791776,NA,NA,NA
"degree_only_LCN2",3738,"ACACA",7.98311027262466e-05,NA,NA,NA
"degree_only_LCN2",3739,"CCL22",0,NA,NA,NA
"degree_only_LCN2",3740,"ITGA5",0.00127400659039045,NA,NA,NA
"degree_only_LCN2",3741,"AKR1C1",5.66614851992275e-05,NA,NA,NA
"degree_only_LCN2",3742,"GRIN2C",0,NA,NA,NA
"degree_only_LCN2",3743,"ACACA",7.98311027262466e-05,NA,NA,NA
"degree_only_LCN2",3744,"RYR2",4.78345186669671e-05,NA,NA,NA
"degree_only_LCN2",3745,"ADCY2",0,NA,NA,NA
"degree_only_LCN2",3746,"ITGA5",0.00127400659039045,NA,NA,NA
"degree_only_LCN2",3747,"PRKAG2",0.00023019859617357,NA,NA,NA
"degree_only_LCN2",3748,"NOD2",2.72727341009693e-05,NA,NA,NA
"degree_only_LCN2",3749,"MT-CYB",0.000203007681716216,NA,NA,NA
"degree_only_LCN2",3750,"PRKDC",3.48518119952512e-06,NA,NA,NA
"degree_only_LCN2",3751,"ALDH3A1",7.8987277396747e-05,NA,NA,NA
"degree_only_LCN2",3752,"IRF1",0,NA,NA,NA
"degree_only_LCN2",3753,"EPOR",4.26416671160945e-05,NA,NA,NA
"degree_only_LCN2",3754,"ALDH2",5.15659678518299e-05,NA,NA,NA
"degree_only_LCN2",3755,"TEK",0,NA,NA,NA
"degree_only_LCN2",3756,"ADCY1",8.87083575196179e-06,NA,NA,NA
"degree_only_LCN2",3757,"SDHA",0.000611111269984921,NA,NA,NA
"degree_only_LCN2",3758,"CCR6",0,NA,NA,NA
"degree_only_LCN2",3759,"ALDH3A1",7.8987277396747e-05,NA,NA,NA
"degree_only_LCN2",3760,"GRIN2C",0,NA,NA,NA
"degree_only_LCN2",3761,"PLAU",9.12459578450431e-06,NA,NA,NA
"degree_only_LCN2",3762,"SHH",1.43206732026169e-05,NA,NA,NA
"degree_only_LCN2",3763,"PCNA",0.000281828068793732,NA,NA,NA
"degree_only_LCN2",3764,"SLC6A3",0.000164253248760127,NA,NA,NA
"degree_only_LCN2",3765,"ADRB2",0.000148693401879507,NA,NA,NA
"degree_only_LCN2",3766,"ATG5",1.93264314094499e-05,NA,NA,NA
"degree_only_LCN2",3767,"CYP1B1",1.26701867375623e-06,NA,NA,NA
"degree_only_LCN2",3768,"SCN1B",0.00123489854843939,NA,NA,NA
"degree_only_LCN2",3769,"CCL22",0,NA,NA,NA
"degree_only_LCN2",3770,"CS",0.000203624857343709,NA,NA,NA
"degree_only_LCN2",3771,"CACNA1B",0,NA,NA,NA
"degree_only_LCN2",3772,"ALDH1A2",0,NA,NA,NA
"degree_only_LCN2",3773,"TGFA",3.48528190785569e-06,NA,NA,NA
"degree_only_LCN2",3774,"ADH7",0,NA,NA,NA
"degree_only_LCN2",3775,"GRIN2C",0,NA,NA,NA
"degree_only_LCN2",3776,"SLC6A3",0.000164253248760127,NA,NA,NA
"degree_only_LCN2",3777,"BTK",0.000119272845312435,NA,NA,NA
"degree_only_LCN2",3778,"ALDH3A1",7.8987277396747e-05,NA,NA,NA
"degree_only_LCN2",3779,"IRF1",0,NA,NA,NA
"degree_only_LCN2",3780,"ADH4",0,NA,NA,NA
"degree_only_LCN2",3781,"ITGA5",0.00127400659039045,NA,NA,NA
"degree_only_LCN2",3782,"AKR1C1",5.66614851992275e-05,NA,NA,NA
"degree_only_LCN2",3783,"NOD2",2.72727341009693e-05,NA,NA,NA
"degree_only_LCN2",3784,"BGLAP",0.000139973984731978,NA,NA,NA
"degree_only_LCN2",3785,"TEK",0,NA,NA,NA
"degree_only_LCN2",3786,"ALDH3A1",7.8987277396747e-05,NA,NA,NA
"degree_only_LCN2",3787,"ALDH1A2",0,NA,NA,NA
"degree_only_LCN2",3788,"ACACA",7.98311027262466e-05,NA,NA,NA
"degree_only_LCN2",3789,"PCNA",0.000281828068793732,NA,NA,NA
"degree_only_LCN2",3790,"ALDH1A2",0,NA,NA,NA
"degree_only_LCN2",3791,"TEK",0,NA,NA,NA
"degree_only_LCN2",3792,"EPOR",4.26416671160945e-05,NA,NA,NA
"degree_only_LCN2",3793,"ADH7",0,NA,NA,NA
"degree_only_LCN2",3794,"CCR6",0,NA,NA,NA
"degree_only_LCN2",3795,"DRD2",0.000217393825030943,NA,NA,NA
"degree_only_LCN2",3796,"APAF1",0,NA,NA,NA
"degree_only_LCN2",3797,"CCL22",0,NA,NA,NA
"degree_only_LCN2",3798,"BTK",0.000119272845312435,NA,NA,NA
"degree_only_LCN2",3799,"KDM1A",0,NA,NA,NA
"degree_only_LCN2",3800,"PLAU",9.12459578450431e-06,NA,NA,NA
"degree_only_LCN2",3801,"MT-CYB",0.000203007681716216,NA,NA,NA
"degree_only_LCN2",3802,"CS",0.000203624857343709,NA,NA,NA
"degree_only_LCN2",3803,"IRF1",0,NA,NA,NA
"degree_only_LCN2",3804,"LGALS3",1.90104129516033e-06,NA,NA,NA
"degree_only_LCN2",3805,"ALDH2",5.15659678518299e-05,NA,NA,NA
"degree_only_LCN2",3806,"ADCY1",8.87083575196179e-06,NA,NA,NA
"degree_only_LCN2",3807,"ADH4",0,NA,NA,NA
"degree_only_LCN2",3808,"PRKDC",3.48518119952512e-06,NA,NA,NA
"degree_only_LCN2",3809,"ADCY2",0,NA,NA,NA
"degree_only_LCN2",3810,"RYR2",4.78345186669671e-05,NA,NA,NA
"degree_only_LCN2",3811,"PRKDC",3.48518119952512e-06,NA,NA,NA
"degree_only_LCN2",3812,"ACTG1",2.72461711825489e-06,NA,NA,NA
"degree_only_LCN2",3813,"BTK",0.000119272845312435,NA,NA,NA
"degree_only_LCN2",3814,"BAX",8.97923976903581e-05,NA,NA,NA
"degree_only_LCN2",3815,"ALDH1A2",0,NA,NA,NA
"degree_only_LCN2",3816,"MT-CYB",0.000203007681716216,NA,NA,NA
"degree_only_LCN2",3817,"ADCY1",8.87083575196179e-06,NA,NA,NA
"degree_only_LCN2",3818,"SHH",1.43206732026169e-05,NA,NA,NA
"degree_only_LCN2",3819,"EPOR",4.26416671160945e-05,NA,NA,NA
"degree_only_LCN2",3820,"SHH",1.43206732026169e-05,NA,NA,NA
"degree_only_LCN2",3821,"SDHA",0.000611111269984921,NA,NA,NA
"degree_only_LCN2",3822,"TEK",0,NA,NA,NA
"degree_only_LCN2",3823,"PRKDC",3.48518119952512e-06,NA,NA,NA
"degree_only_LCN2",3824,"TEK",0,NA,NA,NA
"degree_only_LCN2",3825,"STAT4",0.000324242289791776,NA,NA,NA
"degree_only_LCN2",3826,"ATG5",1.93264314094499e-05,NA,NA,NA
"degree_only_LCN2",3827,"SHH",1.43206732026169e-05,NA,NA,NA
"degree_only_LCN2",3828,"SCN1B",0.00123489854843939,NA,NA,NA
"degree_only_LCN2",3829,"CYP1B1",1.26701867375623e-06,NA,NA,NA
"degree_only_LCN2",3830,"RYR2",4.78345186669671e-05,NA,NA,NA
"degree_only_LCN2",3831,"ACACA",7.98311027262466e-05,NA,NA,NA
"degree_only_LCN2",3832,"SFN",1.88836433614448e-05,NA,NA,NA
"degree_only_LCN2",3833,"ADCY2",0,NA,NA,NA
"degree_only_LCN2",3834,"DRD2",0.000217393825030943,NA,NA,NA
"degree_only_LCN2",3835,"RARA",0.000182812715244118,NA,NA,NA
"degree_only_LCN2",3836,"PLAU",9.12459578450431e-06,NA,NA,NA
"degree_only_LCN2",3837,"PRKAG2",0.00023019859617357,NA,NA,NA
"degree_only_LCN2",3838,"ACACA",7.98311027262466e-05,NA,NA,NA
"degree_only_LCN2",3839,"RYR2",4.78345186669671e-05,NA,NA,NA
"degree_only_LCN2",3840,"TGFA",3.48528190785569e-06,NA,NA,NA
"degree_only_LCN2",3841,"ACACA",7.98311027262466e-05,NA,NA,NA
"degree_only_LCN2",3842,"CCL22",0,NA,NA,NA
"degree_only_LCN2",3843,"LGALS3",1.90104129516033e-06,NA,NA,NA
"degree_only_LCN2",3844,"CYP1B1",1.26701867375623e-06,NA,NA,NA
"degree_only_LCN2",3845,"BGLAP",0.000139973984731978,NA,NA,NA
"degree_only_LCN2",3846,"KEAP1",8.90865911317151e-05,NA,NA,NA
"degree_only_LCN2",3847,"SHH",1.43206732026169e-05,NA,NA,NA
"degree_only_LCN2",3848,"RYR2",4.78345186669671e-05,NA,NA,NA
"degree_only_LCN2",3849,"TGFA",3.48528190785569e-06,NA,NA,NA
"degree_only_LCN2",3850,"IRF1",0,NA,NA,NA
"degree_only_LCN2",3851,"SDHA",0.000611111269984921,NA,NA,NA
"degree_only_LCN2",3852,"ADH4",0,NA,NA,NA
"degree_only_LCN2",3853,"ADH4",0,NA,NA,NA
"degree_only_LCN2",3854,"ITGA5",0.00127400659039045,NA,NA,NA
"degree_only_LCN2",3855,"PCNA",0.000281828068793732,NA,NA,NA
"degree_only_LCN2",3856,"SLC6A3",0.000164253248760127,NA,NA,NA
"degree_only_LCN2",3857,"SDHA",0.000611111269984921,NA,NA,NA
"degree_only_LCN2",3858,"CYP1B1",1.26701867375623e-06,NA,NA,NA
"degree_only_LCN2",3859,"ADRB2",0.000148693401879507,NA,NA,NA
"degree_only_LCN2",3860,"ADH4",0,NA,NA,NA
"degree_only_LCN2",3861,"CS",0.000203624857343709,NA,NA,NA
"degree_only_LCN2",3862,"ADCY2",0,NA,NA,NA
"degree_only_LCN2",3863,"RYR2",4.78345186669671e-05,NA,NA,NA
"degree_only_LCN2",3864,"SDHA",0.000611111269984921,NA,NA,NA
"degree_only_LCN2",3865,"RYR2",4.78345186669671e-05,NA,NA,NA
"degree_only_LCN2",3866,"ALDH3A1",7.8987277396747e-05,NA,NA,NA
"degree_only_LCN2",3867,"TEK",0,NA,NA,NA
"degree_only_LCN2",3868,"AKR1C1",5.66614851992275e-05,NA,NA,NA
"degree_only_LCN2",3869,"TGFA",3.48528190785569e-06,NA,NA,NA
"degree_only_LCN2",3870,"CS",0.000203624857343709,NA,NA,NA
"degree_only_LCN2",3871,"BGLAP",0.000139973984731978,NA,NA,NA
"degree_only_LCN2",3872,"ADCY1",8.87083575196179e-06,NA,NA,NA
"degree_only_LCN2",3873,"ALDH2",5.15659678518299e-05,NA,NA,NA
"degree_only_LCN2",3874,"ALDH1A2",0,NA,NA,NA
"degree_only_LCN2",3875,"ADCY2",0,NA,NA,NA
"degree_only_LCN2",3876,"ATG5",1.93264314094499e-05,NA,NA,NA
"degree_only_LCN2",3877,"SELE",1.58407098771463e-06,NA,NA,NA
"degree_only_LCN2",3878,"ITGA5",0.00127400659039045,NA,NA,NA
"degree_only_LCN2",3879,"NCOA2",3.54820525111377e-05,NA,NA,NA
"degree_only_LCN2",3880,"GRIN2C",0,NA,NA,NA
"degree_only_LCN2",3881,"ALDH2",5.15659678518299e-05,NA,NA,NA
"degree_only_LCN2",3882,"RYR2",4.78345186669671e-05,NA,NA,NA
"degree_only_LCN2",3883,"ADH7",0,NA,NA,NA
"degree_only_LCN2",3884,"KDM1A",0,NA,NA,NA
"degree_only_LCN2",3885,"SFN",1.88836433614448e-05,NA,NA,NA
"degree_only_LCN2",3886,"KEAP1",8.90865911317151e-05,NA,NA,NA
"degree_only_LCN2",3887,"PLAU",9.12459578450431e-06,NA,NA,NA
"degree_only_LCN2",3888,"GRIN2C",0,NA,NA,NA
"degree_only_LCN2",3889,"SDHA",0.000611111269984921,NA,NA,NA
"degree_only_LCN2",3890,"CYP1B1",1.26701867375623e-06,NA,NA,NA
"degree_only_LCN2",3891,"ALDH3A1",7.8987277396747e-05,NA,NA,NA
"degree_only_LCN2",3892,"NCOA2",3.54820525111377e-05,NA,NA,NA
"degree_only_LCN2",3893,"MT-CYB",0.000203007681716216,NA,NA,NA
"degree_only_LCN2",3894,"ADCY2",0,NA,NA,NA
"degree_only_LCN2",3895,"BTK",0.000119272845312435,NA,NA,NA
"degree_only_LCN2",3896,"APAF1",0,NA,NA,NA
"degree_only_LCN2",3897,"ITGA5",0.00127400659039045,NA,NA,NA
"degree_only_LCN2",3898,"AGTR1",7.87895413547623e-05,NA,NA,NA
"degree_only_LCN2",3899,"SLC6A3",0.000164253248760127,NA,NA,NA
"degree_only_LCN2",3900,"CACNA1B",0,NA,NA,NA
"degree_only_LCN2",3901,"ALDH1A2",0,NA,NA,NA
"degree_only_LCN2",3902,"ALDH2",5.15659678518299e-05,NA,NA,NA
"degree_only_LCN2",3903,"ITGA5",0.00127400659039045,NA,NA,NA
"degree_only_LCN2",3904,"ITGA5",0.00127400659039045,NA,NA,NA
"degree_only_LCN2",3905,"TEK",0,NA,NA,NA
"degree_only_LCN2",3906,"ITGA5",0.00127400659039045,NA,NA,NA
"degree_only_LCN2",3907,"ALDH3A1",7.8987277396747e-05,NA,NA,NA
"degree_only_LCN2",3908,"PRKDC",3.48518119952512e-06,NA,NA,NA
"degree_only_LCN2",3909,"ALDH1A2",0,NA,NA,NA
"degree_only_LCN2",3910,"EPOR",4.26416671160945e-05,NA,NA,NA
"degree_only_LCN2",3911,"SELE",1.58407098771463e-06,NA,NA,NA
"degree_only_LCN2",3912,"PRKDC",3.48518119952512e-06,NA,NA,NA
"degree_only_LCN2",3913,"SDHA",0.000611111269984921,NA,NA,NA
"degree_only_LCN2",3914,"CACNA1B",0,NA,NA,NA
"degree_only_LCN2",3915,"ADCY2",0,NA,NA,NA
"degree_only_LCN2",3916,"AKR1C1",5.66614851992275e-05,NA,NA,NA
"degree_only_LCN2",3917,"NOD2",2.72727341009693e-05,NA,NA,NA
"degree_only_LCN2",3918,"CCR6",0,NA,NA,NA
"degree_only_LCN2",3919,"SCN1B",0.00123489854843939,NA,NA,NA
"degree_only_LCN2",3920,"ADCY1",8.87083575196179e-06,NA,NA,NA
"degree_only_LCN2",3921,"ATG5",1.93264314094499e-05,NA,NA,NA
"degree_only_LCN2",3922,"ADRB2",0.000148693401879507,NA,NA,NA
"degree_only_LCN2",3923,"BTK",0.000119272845312435,NA,NA,NA
"degree_only_LCN2",3924,"SCN1B",0.00123489854843939,NA,NA,NA
"degree_only_LCN2",3925,"TEK",0,NA,NA,NA
"degree_only_LCN2",3926,"ACACA",7.98311027262466e-05,NA,NA,NA
"degree_only_LCN2",3927,"NCOA2",3.54820525111377e-05,NA,NA,NA
"degree_only_LCN2",3928,"ADCY1",8.87083575196179e-06,NA,NA,NA
"degree_only_LCN2",3929,"KEAP1",8.90865911317151e-05,NA,NA,NA
"degree_only_LCN2",3930,"PRKDC",3.48518119952512e-06,NA,NA,NA
"degree_only_LCN2",3931,"SFN",1.88836433614448e-05,NA,NA,NA
"degree_only_LCN2",3932,"AGTR1",7.87895413547623e-05,NA,NA,NA
"degree_only_LCN2",3933,"TEK",0,NA,NA,NA
"degree_only_LCN2",3934,"NOD2",2.72727341009693e-05,NA,NA,NA
"degree_only_LCN2",3935,"APAF1",0,NA,NA,NA
"degree_only_LCN2",3936,"ALDH3A1",7.8987277396747e-05,NA,NA,NA
"degree_only_LCN2",3937,"STAT4",0.000324242289791776,NA,NA,NA
"degree_only_LCN2",3938,"SLC6A3",0.000164253248760127,NA,NA,NA
"degree_only_LCN2",3939,"ADH4",0,NA,NA,NA
"degree_only_LCN2",3940,"BAX",8.97923976903581e-05,NA,NA,NA
"degree_only_LCN2",3941,"MT-CYB",0.000203007681716216,NA,NA,NA
"degree_only_LCN2",3942,"ACACA",7.98311027262466e-05,NA,NA,NA
"degree_only_LCN2",3943,"KDM1A",0,NA,NA,NA
"degree_only_LCN2",3944,"ADH4",0,NA,NA,NA
"degree_only_LCN2",3945,"ALDH2",5.15659678518299e-05,NA,NA,NA
"degree_only_LCN2",3946,"KDM1A",0,NA,NA,NA
"degree_only_LCN2",3947,"ACACA",7.98311027262466e-05,NA,NA,NA
"degree_only_LCN2",3948,"ATG5",1.93264314094499e-05,NA,NA,NA
"degree_only_LCN2",3949,"ADH4",0,NA,NA,NA
"degree_only_LCN2",3950,"KEAP1",8.90865911317151e-05,NA,NA,NA
"degree_only_LCN2",3951,"BAX",8.97923976903581e-05,NA,NA,NA
"degree_only_LCN2",3952,"ADCY1",8.87083575196179e-06,NA,NA,NA
"degree_only_LCN2",3953,"BTK",0.000119272845312435,NA,NA,NA
"degree_only_LCN2",3954,"CACNA1B",0,NA,NA,NA
"degree_only_LCN2",3955,"TGFA",3.48528190785569e-06,NA,NA,NA
"degree_only_LCN2",3956,"SELE",1.58407098771463e-06,NA,NA,NA
"degree_only_LCN2",3957,"ADH7",0,NA,NA,NA
"degree_only_LCN2",3958,"EPOR",4.26416671160945e-05,NA,NA,NA
"degree_only_LCN2",3959,"CACNA1B",0,NA,NA,NA
"degree_only_LCN2",3960,"ACE2",6.17806475236016e-05,NA,NA,NA
"degree_only_LCN2",3961,"IRF1",0,NA,NA,NA
"degree_only_LCN2",3962,"ALDH1A3",0,NA,NA,NA
"degree_only_LCN2",3963,"ACACA",7.98311027262466e-05,NA,NA,NA
"degree_only_LCN2",3964,"ACTG1",2.72461711825489e-06,NA,NA,NA
"degree_only_LCN2",3965,"MT-CYB",0.000203007681716216,NA,NA,NA
"degree_only_LCN2",3966,"SCN1B",0.00123489854843939,NA,NA,NA
"degree_only_LCN2",3967,"NCOA2",3.54820525111377e-05,NA,NA,NA
"degree_only_LCN2",3968,"PLAU",9.12459578450431e-06,NA,NA,NA
"degree_only_LCN2",3969,"SHH",1.43206732026169e-05,NA,NA,NA
"degree_only_LCN2",3970,"PCNA",0.000281828068793732,NA,NA,NA
"degree_only_LCN2",3971,"ADCY1",8.87083575196179e-06,NA,NA,NA
"degree_only_LCN2",3972,"ADH4",0,NA,NA,NA
"degree_only_LCN2",3973,"AGTR1",7.87895413547623e-05,NA,NA,NA
"degree_only_LCN2",3974,"CS",0.000203624857343709,NA,NA,NA
"degree_only_LCN2",3975,"KDM1A",0,NA,NA,NA
"degree_only_LCN2",3976,"KDM1A",0,NA,NA,NA
"degree_only_LCN2",3977,"SDHA",0.000611111269984921,NA,NA,NA
"degree_only_LCN2",3978,"RARA",0.000182812715244118,NA,NA,NA
"degree_only_LCN2",3979,"GRIN2C",0,NA,NA,NA
"degree_only_LCN2",3980,"NCOA2",3.54820525111377e-05,NA,NA,NA
"degree_only_LCN2",3981,"TEK",0,NA,NA,NA
"degree_only_LCN2",3982,"KDM1A",0,NA,NA,NA
"degree_only_LCN2",3983,"ADCY1",8.87083575196179e-06,NA,NA,NA
"degree_only_LCN2",3984,"CYP1B1",1.26701867375623e-06,NA,NA,NA
"degree_only_LCN2",3985,"SDHA",0.000611111269984921,NA,NA,NA
"degree_only_LCN2",3986,"IRF1",0,NA,NA,NA
"degree_only_LCN2",3987,"BTK",0.000119272845312435,NA,NA,NA
"degree_only_LCN2",3988,"SFN",1.88836433614448e-05,NA,NA,NA
"degree_only_LCN2",3989,"LGALS3",1.90104129516033e-06,NA,NA,NA
"degree_only_LCN2",3990,"ACE2",6.17806475236016e-05,NA,NA,NA
"degree_only_LCN2",3991,"CCR6",0,NA,NA,NA
"degree_only_LCN2",3992,"ADCY1",8.87083575196179e-06,NA,NA,NA
"degree_only_LCN2",3993,"GRIN2C",0,NA,NA,NA
"degree_only_LCN2",3994,"KEAP1",8.90865911317151e-05,NA,NA,NA
"degree_only_LCN2",3995,"BAX",8.97923976903581e-05,NA,NA,NA
"degree_only_LCN2",3996,"AKR1C1",5.66614851992275e-05,NA,NA,NA
"degree_only_LCN2",3997,"ACACA",7.98311027262466e-05,NA,NA,NA
"degree_only_LCN2",3998,"CACNA1B",0,NA,NA,NA
"degree_only_LCN2",3999,"CCR6",0,NA,NA,NA
"degree_only_LCN2",4000,"PLAU",9.12459578450431e-06,NA,NA,NA
"degree_only_LCN2",4001,"CCL22",0,NA,NA,NA
"degree_only_LCN2",4002,"AKR1C1",5.66614851992275e-05,NA,NA,NA
"degree_only_LCN2",4003,"ALDH3A1",7.8987277396747e-05,NA,NA,NA
"degree_only_LCN2",4004,"KEAP1",8.90865911317151e-05,NA,NA,NA
"degree_only_LCN2",4005,"ADCY2",0,NA,NA,NA
"degree_only_LCN2",4006,"ACACA",7.98311027262466e-05,NA,NA,NA
"degree_only_LCN2",4007,"NOD2",2.72727341009693e-05,NA,NA,NA
"degree_only_LCN2",4008,"ITGA5",0.00127400659039045,NA,NA,NA
"degree_only_LCN2",4009,"DRD2",0.000217393825030943,NA,NA,NA
"degree_only_LCN2",4010,"ADH4",0,NA,NA,NA
"degree_only_LCN2",4011,"ALDH1A2",0,NA,NA,NA
"degree_only_LCN2",4012,"STAT4",0.000324242289791776,NA,NA,NA
"degree_only_LCN2",4013,"RARA",0.000182812715244118,NA,NA,NA
"degree_only_LCN2",4014,"BAX",8.97923976903581e-05,NA,NA,NA
"degree_only_LCN2",4015,"ATG5",1.93264314094499e-05,NA,NA,NA
"degree_only_LCN2",4016,"ATG5",1.93264314094499e-05,NA,NA,NA
"degree_only_LCN2",4017,"ALDH2",5.15659678518299e-05,NA,NA,NA
"degree_only_LCN2",4018,"RYR2",4.78345186669671e-05,NA,NA,NA
"degree_only_LCN2",4019,"ADCY1",8.87083575196179e-06,NA,NA,NA
"degree_only_LCN2",4020,"STAT4",0.000324242289791776,NA,NA,NA
"degree_only_LCN2",4021,"SLC6A3",0.000164253248760127,NA,NA,NA
"degree_only_LCN2",4022,"BAX",8.97923976903581e-05,NA,NA,NA
"degree_only_LCN2",4023,"ALDH1A2",0,NA,NA,NA
"degree_only_LCN2",4024,"ITGA5",0.00127400659039045,NA,NA,NA
"degree_only_LCN2",4025,"SLC6A3",0.000164253248760127,NA,NA,NA
"degree_only_LCN2",4026,"ACACA",7.98311027262466e-05,NA,NA,NA
"degree_only_LCN2",4027,"PCNA",0.000281828068793732,NA,NA,NA
"degree_only_LCN2",4028,"ALDH1A3",0,NA,NA,NA
"degree_only_LCN2",4029,"ACE2",6.17806475236016e-05,NA,NA,NA
"degree_only_LCN2",4030,"SCN1B",0.00123489854843939,NA,NA,NA
"degree_only_LCN2",4031,"KEAP1",8.90865911317151e-05,NA,NA,NA
"degree_only_LCN2",4032,"SHH",1.43206732026169e-05,NA,NA,NA
"degree_only_LCN2",4033,"PCNA",0.000281828068793732,NA,NA,NA
"degree_only_LCN2",4034,"ADRB2",0.000148693401879507,NA,NA,NA
"degree_only_LCN2",4035,"PLAU",9.12459578450431e-06,NA,NA,NA
"degree_only_LCN2",4036,"ALDH2",5.15659678518299e-05,NA,NA,NA
"degree_only_LCN2",4037,"NCOA2",3.54820525111377e-05,NA,NA,NA
"degree_only_LCN2",4038,"PRKAG2",0.00023019859617357,NA,NA,NA
"degree_only_LCN2",4039,"SDHA",0.000611111269984921,NA,NA,NA
"degree_only_LCN2",4040,"ALDH1A3",0,NA,NA,NA
"degree_only_LCN2",4041,"ATG5",1.93264314094499e-05,NA,NA,NA
"degree_only_LCN2",4042,"CACNA1B",0,NA,NA,NA
"degree_only_LCN2",4043,"PRKDC",3.48518119952512e-06,NA,NA,NA
"degree_only_LCN2",4044,"ADCY2",0,NA,NA,NA
"degree_only_LCN2",4045,"ALDH1A2",0,NA,NA,NA
"degree_only_LCN2",4046,"KDM1A",0,NA,NA,NA
"degree_only_LCN2",4047,"CCR6",0,NA,NA,NA
"degree_only_LCN2",4048,"CS",0.000203624857343709,NA,NA,NA
"degree_only_LCN2",4049,"SFN",1.88836433614448e-05,NA,NA,NA
"degree_only_LCN2",4050,"CS",0.000203624857343709,NA,NA,NA
"degree_only_LCN2",4051,"BTK",0.000119272845312435,NA,NA,NA
"degree_only_LCN2",4052,"ADH4",0,NA,NA,NA
"degree_only_LCN2",4053,"MT-CYB",0.000203007681716216,NA,NA,NA
"degree_only_LCN2",4054,"PLAU",9.12459578450431e-06,NA,NA,NA
"degree_only_LCN2",4055,"ADCY1",8.87083575196179e-06,NA,NA,NA
"degree_only_LCN2",4056,"MT-CYB",0.000203007681716216,NA,NA,NA
"degree_only_LCN2",4057,"SCN1B",0.00123489854843939,NA,NA,NA
"degree_only_LCN2",4058,"AKR1C1",5.66614851992275e-05,NA,NA,NA
"degree_only_LCN2",4059,"ACACA",7.98311027262466e-05,NA,NA,NA
"degree_only_LCN2",4060,"CYP1B1",1.26701867375623e-06,NA,NA,NA
"degree_only_LCN2",4061,"BTK",0.000119272845312435,NA,NA,NA
"degree_only_LCN2",4062,"SLC6A3",0.000164253248760127,NA,NA,NA
"degree_only_LCN2",4063,"SDHA",0.000611111269984921,NA,NA,NA
"degree_only_LCN2",4064,"GRIN2C",0,NA,NA,NA
"degree_only_LCN2",4065,"ATG5",1.93264314094499e-05,NA,NA,NA
"degree_only_LCN2",4066,"ADCY1",8.87083575196179e-06,NA,NA,NA
"degree_only_LCN2",4067,"ACACA",7.98311027262466e-05,NA,NA,NA
"degree_only_LCN2",4068,"ACTG1",2.72461711825489e-06,NA,NA,NA
"degree_only_LCN2",4069,"KDM1A",0,NA,NA,NA
"degree_only_LCN2",4070,"RARA",0.000182812715244118,NA,NA,NA
"degree_only_LCN2",4071,"PRKAG2",0.00023019859617357,NA,NA,NA
"degree_only_LCN2",4072,"SELE",1.58407098771463e-06,NA,NA,NA
"degree_only_LCN2",4073,"PRKDC",3.48518119952512e-06,NA,NA,NA
"degree_only_LCN2",4074,"LGALS3",1.90104129516033e-06,NA,NA,NA
"degree_only_LCN2",4075,"ACTG1",2.72461711825489e-06,NA,NA,NA
"degree_only_LCN2",4076,"ACTG1",2.72461711825489e-06,NA,NA,NA
"degree_only_LCN2",4077,"PRKDC",3.48518119952512e-06,NA,NA,NA
"degree_only_LCN2",4078,"SCN1B",0.00123489854843939,NA,NA,NA
"degree_only_LCN2",4079,"ADCY2",0,NA,NA,NA
"degree_only_LCN2",4080,"CCR6",0,NA,NA,NA
"degree_only_LCN2",4081,"ALDH1A3",0,NA,NA,NA
"degree_only_LCN2",4082,"AGTR1",7.87895413547623e-05,NA,NA,NA
"degree_only_LCN2",4083,"ALDH1A2",0,NA,NA,NA
"degree_only_LCN2",4084,"APAF1",0,NA,NA,NA
"degree_only_LCN2",4085,"CYP1B1",1.26701867375623e-06,NA,NA,NA
"degree_only_LCN2",4086,"ITGA5",0.00127400659039045,NA,NA,NA
"degree_only_LCN2",4087,"BTK",0.000119272845312435,NA,NA,NA
"degree_only_LCN2",4088,"TEK",0,NA,NA,NA
"degree_only_LCN2",4089,"SCN1B",0.00123489854843939,NA,NA,NA
"degree_only_LCN2",4090,"PLAU",9.12459578450431e-06,NA,NA,NA
"degree_only_LCN2",4091,"ADCY2",0,NA,NA,NA
"degree_only_LCN2",4092,"SFN",1.88836433614448e-05,NA,NA,NA
"degree_only_LCN2",4093,"BTK",0.000119272845312435,NA,NA,NA
"degree_only_LCN2",4094,"ALDH1A3",0,NA,NA,NA
"degree_only_LCN2",4095,"ATG5",1.93264314094499e-05,NA,NA,NA
"degree_only_LCN2",4096,"ADCY2",0,NA,NA,NA
"degree_only_LCN2",4097,"TGFA",3.48528190785569e-06,NA,NA,NA
"degree_only_LCN2",4098,"CCR6",0,NA,NA,NA
"degree_only_LCN2",4099,"NCOA2",3.54820525111377e-05,NA,NA,NA
"degree_only_LCN2",4100,"GRIN2C",0,NA,NA,NA
"degree_only_LCN2",4101,"BTK",0.000119272845312435,NA,NA,NA
"degree_only_LCN2",4102,"RYR2",4.78345186669671e-05,NA,NA,NA
"degree_only_LCN2",4103,"CCR6",0,NA,NA,NA
"degree_only_LCN2",4104,"ALDH2",5.15659678518299e-05,NA,NA,NA
"degree_only_LCN2",4105,"ALDH1A3",0,NA,NA,NA
"degree_only_LCN2",4106,"ADRB2",0.000148693401879507,NA,NA,NA
"degree_only_LCN2",4107,"ACACA",7.98311027262466e-05,NA,NA,NA
"degree_only_LCN2",4108,"CCL22",0,NA,NA,NA
"degree_only_LCN2",4109,"AGTR1",7.87895413547623e-05,NA,NA,NA
"degree_only_LCN2",4110,"ADCY2",0,NA,NA,NA
"degree_only_LCN2",4111,"TEK",0,NA,NA,NA
"degree_only_LCN2",4112,"AKR1C1",5.66614851992275e-05,NA,NA,NA
"degree_only_LCN2",4113,"RARA",0.000182812715244118,NA,NA,NA
"degree_only_LCN2",4114,"SHH",1.43206732026169e-05,NA,NA,NA
"degree_only_LCN2",4115,"ATG5",1.93264314094499e-05,NA,NA,NA
"degree_only_LCN2",4116,"AGTR1",7.87895413547623e-05,NA,NA,NA
"degree_only_LCN2",4117,"IRF1",0,NA,NA,NA
"degree_only_LCN2",4118,"ADH7",0,NA,NA,NA
"degree_only_LCN2",4119,"AGTR1",7.87895413547623e-05,NA,NA,NA
"degree_only_LCN2",4120,"AKR1C1",5.66614851992275e-05,NA,NA,NA
"degree_only_LCN2",4121,"ALDH2",5.15659678518299e-05,NA,NA,NA
"degree_only_LCN2",4122,"APAF1",0,NA,NA,NA
"degree_only_LCN2",4123,"PLAU",9.12459578450431e-06,NA,NA,NA
"degree_only_LCN2",4124,"CYP1B1",1.26701867375623e-06,NA,NA,NA
"degree_only_LCN2",4125,"STAT4",0.000324242289791776,NA,NA,NA
"degree_only_LCN2",4126,"ALDH3A1",7.8987277396747e-05,NA,NA,NA
"degree_only_LCN2",4127,"EPOR",4.26416671160945e-05,NA,NA,NA
"degree_only_LCN2",4128,"ADH7",0,NA,NA,NA
"degree_only_LCN2",4129,"STAT4",0.000324242289791776,NA,NA,NA
"degree_only_LCN2",4130,"SDHA",0.000611111269984921,NA,NA,NA
"degree_only_LCN2",4131,"SELE",1.58407098771463e-06,NA,NA,NA
"degree_only_LCN2",4132,"BAX",8.97923976903581e-05,NA,NA,NA
"degree_only_LCN2",4133,"ALDH1A3",0,NA,NA,NA
"degree_only_LCN2",4134,"AGTR1",7.87895413547623e-05,NA,NA,NA
"degree_only_LCN2",4135,"SHH",1.43206732026169e-05,NA,NA,NA
"degree_only_LCN2",4136,"CYP1B1",1.26701867375623e-06,NA,NA,NA
"degree_only_LCN2",4137,"SLC6A3",0.000164253248760127,NA,NA,NA
"degree_only_LCN2",4138,"APAF1",0,NA,NA,NA
"degree_only_LCN2",4139,"ITGA5",0.00127400659039045,NA,NA,NA
"degree_only_LCN2",4140,"TEK",0,NA,NA,NA
"degree_only_LCN2",4141,"KEAP1",8.90865911317151e-05,NA,NA,NA
"degree_only_LCN2",4142,"STAT4",0.000324242289791776,NA,NA,NA
"degree_only_LCN2",4143,"ATG5",1.93264314094499e-05,NA,NA,NA
"degree_only_LCN2",4144,"ALDH1A2",0,NA,NA,NA
"degree_only_LCN2",4145,"ADCY2",0,NA,NA,NA
"degree_only_LCN2",4146,"CACNA1B",0,NA,NA,NA
"degree_only_LCN2",4147,"STAT4",0.000324242289791776,NA,NA,NA
"degree_only_LCN2",4148,"CCL22",0,NA,NA,NA
"degree_only_LCN2",4149,"ACTG1",2.72461711825489e-06,NA,NA,NA
"degree_only_LCN2",4150,"CCL22",0,NA,NA,NA
"degree_only_LCN2",4151,"CYP1B1",1.26701867375623e-06,NA,NA,NA
"degree_only_LCN2",4152,"PCNA",0.000281828068793732,NA,NA,NA
"degree_only_LCN2",4153,"SCN1B",0.00123489854843939,NA,NA,NA
"degree_only_LCN2",4154,"TGFA",3.48528190785569e-06,NA,NA,NA
"degree_only_LCN2",4155,"NOD2",2.72727341009693e-05,NA,NA,NA
"degree_only_LCN2",4156,"SELE",1.58407098771463e-06,NA,NA,NA
"degree_only_LCN2",4157,"SHH",1.43206732026169e-05,NA,NA,NA
"degree_only_LCN2",4158,"ALDH2",5.15659678518299e-05,NA,NA,NA
"degree_only_LCN2",4159,"GRIN2C",0,NA,NA,NA
"degree_only_LCN2",4160,"ACE2",6.17806475236016e-05,NA,NA,NA
"degree_only_LCN2",4161,"MT-CYB",0.000203007681716216,NA,NA,NA
"degree_only_LCN2",4162,"IRF1",0,NA,NA,NA
"degree_only_LCN2",4163,"ADCY1",8.87083575196179e-06,NA,NA,NA
"degree_only_LCN2",4164,"LGALS3",1.90104129516033e-06,NA,NA,NA
"degree_only_LCN2",4165,"SLC6A3",0.000164253248760127,NA,NA,NA
"degree_only_LCN2",4166,"NCOA2",3.54820525111377e-05,NA,NA,NA
"degree_only_LCN2",4167,"CCR6",0,NA,NA,NA
"degree_only_LCN2",4168,"LGALS3",1.90104129516033e-06,NA,NA,NA
"degree_only_LCN2",4169,"KDM1A",0,NA,NA,NA
"degree_only_LCN2",4170,"BGLAP",0.000139973984731978,NA,NA,NA
"degree_only_LCN2",4171,"RARA",0.000182812715244118,NA,NA,NA
"degree_only_LCN2",4172,"RARA",0.000182812715244118,NA,NA,NA
"degree_only_LCN2",4173,"ADH7",0,NA,NA,NA
"degree_only_LCN2",4174,"EPOR",4.26416671160945e-05,NA,NA,NA
"degree_only_LCN2",4175,"MT-CYB",0.000203007681716216,NA,NA,NA
"degree_only_LCN2",4176,"SLC6A3",0.000164253248760127,NA,NA,NA
"degree_only_LCN2",4177,"SLC6A3",0.000164253248760127,NA,NA,NA
"degree_only_LCN2",4178,"NOD2",2.72727341009693e-05,NA,NA,NA
"degree_only_LCN2",4179,"EPOR",4.26416671160945e-05,NA,NA,NA
"degree_only_LCN2",4180,"ADCY2",0,NA,NA,NA
"degree_only_LCN2",4181,"ADH7",0,NA,NA,NA
"degree_only_LCN2",4182,"CCR6",0,NA,NA,NA
"degree_only_LCN2",4183,"SLC6A3",0.000164253248760127,NA,NA,NA
"degree_only_LCN2",4184,"BGLAP",0.000139973984731978,NA,NA,NA
"degree_only_LCN2",4185,"CS",0.000203624857343709,NA,NA,NA
"degree_only_LCN2",4186,"IRF1",0,NA,NA,NA
"degree_only_LCN2",4187,"AGTR1",7.87895413547623e-05,NA,NA,NA
"degree_only_LCN2",4188,"SLC6A3",0.000164253248760127,NA,NA,NA
"degree_only_LCN2",4189,"GRIN2C",0,NA,NA,NA
"degree_only_LCN2",4190,"TGFA",3.48528190785569e-06,NA,NA,NA
"degree_only_LCN2",4191,"ATG5",1.93264314094499e-05,NA,NA,NA
"degree_only_LCN2",4192,"APAF1",0,NA,NA,NA
"degree_only_LCN2",4193,"PRKAG2",0.00023019859617357,NA,NA,NA
"degree_only_LCN2",4194,"BTK",0.000119272845312435,NA,NA,NA
"degree_only_LCN2",4195,"STAT4",0.000324242289791776,NA,NA,NA
"degree_only_LCN2",4196,"CS",0.000203624857343709,NA,NA,NA
"degree_only_LCN2",4197,"IRF1",0,NA,NA,NA
"degree_only_LCN2",4198,"ALDH1A2",0,NA,NA,NA
"degree_only_LCN2",4199,"TGFA",3.48528190785569e-06,NA,NA,NA
"degree_only_LCN2",4200,"IRF1",0,NA,NA,NA
"degree_only_LCN2",4201,"NOD2",2.72727341009693e-05,NA,NA,NA
"degree_only_LCN2",4202,"SCN1B",0.00123489854843939,NA,NA,NA
"degree_only_LCN2",4203,"ADRB2",0.000148693401879507,NA,NA,NA
"degree_only_LCN2",4204,"KDM1A",0,NA,NA,NA
"degree_only_LCN2",4205,"LGALS3",1.90104129516033e-06,NA,NA,NA
"degree_only_LCN2",4206,"ADCY2",0,NA,NA,NA
"degree_only_LCN2",4207,"TEK",0,NA,NA,NA
"degree_only_LCN2",4208,"ADCY1",8.87083575196179e-06,NA,NA,NA
"degree_only_LCN2",4209,"LGALS3",1.90104129516033e-06,NA,NA,NA
"degree_only_LCN2",4210,"BTK",0.000119272845312435,NA,NA,NA
"degree_only_LCN2",4211,"ALDH1A3",0,NA,NA,NA
"degree_only_LCN2",4212,"ADRB2",0.000148693401879507,NA,NA,NA
"degree_only_LCN2",4213,"CS",0.000203624857343709,NA,NA,NA
"degree_only_LCN2",4214,"CACNA1B",0,NA,NA,NA
"degree_only_LCN2",4215,"KDM1A",0,NA,NA,NA
"degree_only_LCN2",4216,"TEK",0,NA,NA,NA
"degree_only_LCN2",4217,"ADH4",0,NA,NA,NA
"degree_only_LCN2",4218,"SLC6A3",0.000164253248760127,NA,NA,NA
"degree_only_LCN2",4219,"ADCY2",0,NA,NA,NA
"degree_only_LCN2",4220,"CYP1B1",1.26701867375623e-06,NA,NA,NA
"degree_only_LCN2",4221,"ALDH1A3",0,NA,NA,NA
"degree_only_LCN2",4222,"MT-CYB",0.000203007681716216,NA,NA,NA
"degree_only_LCN2",4223,"CS",0.000203624857343709,NA,NA,NA
"degree_only_LCN2",4224,"ACTG1",2.72461711825489e-06,NA,NA,NA
"degree_only_LCN2",4225,"SLC6A3",0.000164253248760127,NA,NA,NA
"degree_only_LCN2",4226,"ACTG1",2.72461711825489e-06,NA,NA,NA
"degree_only_LCN2",4227,"SDHA",0.000611111269984921,NA,NA,NA
"degree_only_LCN2",4228,"GRIN2C",0,NA,NA,NA
"degree_only_LCN2",4229,"TEK",0,NA,NA,NA
"degree_only_LCN2",4230,"DRD2",0.000217393825030943,NA,NA,NA
"degree_only_LCN2",4231,"KDM1A",0,NA,NA,NA
"degree_only_LCN2",4232,"ALDH1A2",0,NA,NA,NA
"degree_only_LCN2",4233,"ALDH2",5.15659678518299e-05,NA,NA,NA
"degree_only_LCN2",4234,"SDHA",0.000611111269984921,NA,NA,NA
"degree_only_LCN2",4235,"IRF1",0,NA,NA,NA
"degree_only_LCN2",4236,"DRD2",0.000217393825030943,NA,NA,NA
"degree_only_LCN2",4237,"RYR2",4.78345186669671e-05,NA,NA,NA
"degree_only_LCN2",4238,"ALDH1A2",0,NA,NA,NA
"degree_only_LCN2",4239,"BTK",0.000119272845312435,NA,NA,NA
"degree_only_LCN2",4240,"CCR6",0,NA,NA,NA
"degree_only_LCN2",4241,"RARA",0.000182812715244118,NA,NA,NA
"degree_only_LCN2",4242,"NCOA2",3.54820525111377e-05,NA,NA,NA
"degree_only_LCN2",4243,"APAF1",0,NA,NA,NA
"degree_only_LCN2",4244,"AKR1C1",5.66614851992275e-05,NA,NA,NA
"degree_only_LCN2",4245,"ACE2",6.17806475236016e-05,NA,NA,NA
"degree_only_LCN2",4246,"ITGA5",0.00127400659039045,NA,NA,NA
"degree_only_LCN2",4247,"PCNA",0.000281828068793732,NA,NA,NA
"degree_only_LCN2",4248,"CS",0.000203624857343709,NA,NA,NA
"degree_only_LCN2",4249,"AKR1C1",5.66614851992275e-05,NA,NA,NA
"degree_only_LCN2",4250,"ALDH1A2",0,NA,NA,NA
"degree_only_LCN2",4251,"NOD2",2.72727341009693e-05,NA,NA,NA
"degree_only_LCN2",4252,"ACE2",6.17806475236016e-05,NA,NA,NA
"degree_only_LCN2",4253,"CACNA1B",0,NA,NA,NA
"degree_only_LCN2",4254,"APAF1",0,NA,NA,NA
"degree_only_LCN2",4255,"BAX",8.97923976903581e-05,NA,NA,NA
"degree_only_LCN2",4256,"CACNA1B",0,NA,NA,NA
"degree_only_LCN2",4257,"PCNA",0.000281828068793732,NA,NA,NA
"degree_only_LCN2",4258,"ALDH3A1",7.8987277396747e-05,NA,NA,NA
"degree_only_LCN2",4259,"RYR2",4.78345186669671e-05,NA,NA,NA
"degree_only_LCN2",4260,"RYR2",4.78345186669671e-05,NA,NA,NA
"degree_only_LCN2",4261,"BAX",8.97923976903581e-05,NA,NA,NA
"degree_only_LCN2",4262,"ADCY1",8.87083575196179e-06,NA,NA,NA
"degree_only_LCN2",4263,"LGALS3",1.90104129516033e-06,NA,NA,NA
"degree_only_LCN2",4264,"GRIN2C",0,NA,NA,NA
"degree_only_LCN2",4265,"RYR2",4.78345186669671e-05,NA,NA,NA
"degree_only_LCN2",4266,"TGFA",3.48528190785569e-06,NA,NA,NA
"degree_only_LCN2",4267,"AKR1C1",5.66614851992275e-05,NA,NA,NA
"degree_only_LCN2",4268,"SFN",1.88836433614448e-05,NA,NA,NA
"degree_only_LCN2",4269,"TEK",0,NA,NA,NA
"degree_only_LCN2",4270,"CYP1B1",1.26701867375623e-06,NA,NA,NA
"degree_only_LCN2",4271,"SLC6A3",0.000164253248760127,NA,NA,NA
"degree_only_LCN2",4272,"ALDH1A2",0,NA,NA,NA
"degree_only_LCN2",4273,"CACNA1B",0,NA,NA,NA
"degree_only_LCN2",4274,"ADCY2",0,NA,NA,NA
"degree_only_LCN2",4275,"DRD2",0.000217393825030943,NA,NA,NA
"degree_only_LCN2",4276,"IRF1",0,NA,NA,NA
"degree_only_LCN2",4277,"ADRB2",0.000148693401879507,NA,NA,NA
"degree_only_LCN2",4278,"AGTR1",7.87895413547623e-05,NA,NA,NA
"degree_only_LCN2",4279,"ADRB2",0.000148693401879507,NA,NA,NA
"degree_only_LCN2",4280,"DRD2",0.000217393825030943,NA,NA,NA
"degree_only_LCN2",4281,"DRD2",0.000217393825030943,NA,NA,NA
"degree_only_LCN2",4282,"BGLAP",0.000139973984731978,NA,NA,NA
"degree_only_LCN2",4283,"MT-CYB",0.000203007681716216,NA,NA,NA
"degree_only_LCN2",4284,"BAX",8.97923976903581e-05,NA,NA,NA
"degree_only_LCN2",4285,"LGALS3",1.90104129516033e-06,NA,NA,NA
"degree_only_LCN2",4286,"CYP1B1",1.26701867375623e-06,NA,NA,NA
"degree_only_LCN2",4287,"GRIN2C",0,NA,NA,NA
"degree_only_LCN2",4288,"ADH7",0,NA,NA,NA
"degree_only_LCN2",4289,"EPOR",4.26416671160945e-05,NA,NA,NA
"degree_only_LCN2",4290,"AKR1C1",5.66614851992275e-05,NA,NA,NA
"degree_only_LCN2",4291,"PRKDC",3.48518119952512e-06,NA,NA,NA
"degree_only_LCN2",4292,"EPOR",4.26416671160945e-05,NA,NA,NA
"degree_only_LCN2",4293,"ALDH3A1",7.8987277396747e-05,NA,NA,NA
"degree_only_LCN2",4294,"SLC6A3",0.000164253248760127,NA,NA,NA
"degree_only_LCN2",4295,"CCL22",0,NA,NA,NA
"degree_only_LCN2",4296,"APAF1",0,NA,NA,NA
"degree_only_LCN2",4297,"RARA",0.000182812715244118,NA,NA,NA
"degree_only_LCN2",4298,"SFN",1.88836433614448e-05,NA,NA,NA
"degree_only_LCN2",4299,"ADH7",0,NA,NA,NA
"degree_only_LCN2",4300,"BAX",8.97923976903581e-05,NA,NA,NA
"degree_only_LCN2",4301,"CACNA1B",0,NA,NA,NA
"degree_only_LCN2",4302,"ALDH1A3",0,NA,NA,NA
"degree_only_LCN2",4303,"ADH7",0,NA,NA,NA
"degree_only_LCN2",4304,"RARA",0.000182812715244118,NA,NA,NA
"degree_only_LCN2",4305,"KEAP1",8.90865911317151e-05,NA,NA,NA
"degree_only_LCN2",4306,"ACTG1",2.72461711825489e-06,NA,NA,NA
"degree_only_LCN2",4307,"DRD2",0.000217393825030943,NA,NA,NA
"degree_only_LCN2",4308,"ALDH1A2",0,NA,NA,NA
"degree_only_LCN2",4309,"SDHA",0.000611111269984921,NA,NA,NA
"degree_only_LCN2",4310,"DRD2",0.000217393825030943,NA,NA,NA
"degree_only_LCN2",4311,"EPOR",4.26416671160945e-05,NA,NA,NA
"degree_only_LCN2",4312,"CS",0.000203624857343709,NA,NA,NA
"degree_only_LCN2",4313,"RARA",0.000182812715244118,NA,NA,NA
"degree_only_LCN2",4314,"ACACA",7.98311027262466e-05,NA,NA,NA
"degree_only_LCN2",4315,"CYP1B1",1.26701867375623e-06,NA,NA,NA
"degree_only_LCN2",4316,"ADH4",0,NA,NA,NA
"degree_only_LCN2",4317,"ACE2",6.17806475236016e-05,NA,NA,NA
"degree_only_LCN2",4318,"SCN1B",0.00123489854843939,NA,NA,NA
"degree_only_LCN2",4319,"CS",0.000203624857343709,NA,NA,NA
"degree_only_LCN2",4320,"SLC6A3",0.000164253248760127,NA,NA,NA
"degree_only_LCN2",4321,"LGALS3",1.90104129516033e-06,NA,NA,NA
"degree_only_LCN2",4322,"SLC6A3",0.000164253248760127,NA,NA,NA
"degree_only_LCN2",4323,"ITGA5",0.00127400659039045,NA,NA,NA
"degree_only_LCN2",4324,"ATG5",1.93264314094499e-05,NA,NA,NA
"degree_only_LCN2",4325,"ITGA5",0.00127400659039045,NA,NA,NA
"degree_only_LCN2",4326,"ALDH3A1",7.8987277396747e-05,NA,NA,NA
"degree_only_LCN2",4327,"ACACA",7.98311027262466e-05,NA,NA,NA
"degree_only_LCN2",4328,"ATG5",1.93264314094499e-05,NA,NA,NA
"degree_only_LCN2",4329,"CCR6",0,NA,NA,NA
"degree_only_LCN2",4330,"SELE",1.58407098771463e-06,NA,NA,NA
"degree_only_LCN2",4331,"ADH4",0,NA,NA,NA
"degree_only_LCN2",4332,"ALDH3A1",7.8987277396747e-05,NA,NA,NA
"degree_only_LCN2",4333,"PRKDC",3.48518119952512e-06,NA,NA,NA
"degree_only_LCN2",4334,"KEAP1",8.90865911317151e-05,NA,NA,NA
"degree_only_LCN2",4335,"GRIN2C",0,NA,NA,NA
"degree_only_LCN2",4336,"TEK",0,NA,NA,NA
"degree_only_LCN2",4337,"ALDH2",5.15659678518299e-05,NA,NA,NA
"degree_only_LCN2",4338,"ALDH1A3",0,NA,NA,NA
"degree_only_LCN2",4339,"CS",0.000203624857343709,NA,NA,NA
"degree_only_LCN2",4340,"ALDH1A3",0,NA,NA,NA
"degree_only_LCN2",4341,"PCNA",0.000281828068793732,NA,NA,NA
"degree_only_LCN2",4342,"CCR6",0,NA,NA,NA
"degree_only_LCN2",4343,"SFN",1.88836433614448e-05,NA,NA,NA
"degree_only_LCN2",4344,"APAF1",0,NA,NA,NA
"degree_only_LCN2",4345,"PRKAG2",0.00023019859617357,NA,NA,NA
"degree_only_LCN2",4346,"STAT4",0.000324242289791776,NA,NA,NA
"degree_only_LCN2",4347,"ITGA5",0.00127400659039045,NA,NA,NA
"degree_only_LCN2",4348,"PLAU",9.12459578450431e-06,NA,NA,NA
"degree_only_LCN2",4349,"ALDH2",5.15659678518299e-05,NA,NA,NA
"degree_only_LCN2",4350,"IRF1",0,NA,NA,NA
"degree_only_LCN2",4351,"DRD2",0.000217393825030943,NA,NA,NA
"degree_only_LCN2",4352,"ALDH2",5.15659678518299e-05,NA,NA,NA
"degree_only_LCN2",4353,"BGLAP",0.000139973984731978,NA,NA,NA
"degree_only_LCN2",4354,"ALDH1A2",0,NA,NA,NA
"degree_only_LCN2",4355,"ALDH2",5.15659678518299e-05,NA,NA,NA
"degree_only_LCN2",4356,"ADRB2",0.000148693401879507,NA,NA,NA
"degree_only_LCN2",4357,"TEK",0,NA,NA,NA
"degree_only_LCN2",4358,"CYP1B1",1.26701867375623e-06,NA,NA,NA
"degree_only_LCN2",4359,"SDHA",0.000611111269984921,NA,NA,NA
"degree_only_LCN2",4360,"ALDH1A2",0,NA,NA,NA
"degree_only_LCN2",4361,"SFN",1.88836433614448e-05,NA,NA,NA
"degree_only_LCN2",4362,"KDM1A",0,NA,NA,NA
"degree_only_LCN2",4363,"BTK",0.000119272845312435,NA,NA,NA
"degree_only_LCN2",4364,"PCNA",0.000281828068793732,NA,NA,NA
"degree_only_LCN2",4365,"ITGA5",0.00127400659039045,NA,NA,NA
"degree_only_LCN2",4366,"GRIN2C",0,NA,NA,NA
"degree_only_LCN2",4367,"BTK",0.000119272845312435,NA,NA,NA
"degree_only_LCN2",4368,"MT-CYB",0.000203007681716216,NA,NA,NA
"degree_only_LCN2",4369,"BAX",8.97923976903581e-05,NA,NA,NA
"degree_only_LCN2",4370,"TEK",0,NA,NA,NA
"degree_only_LCN2",4371,"ADCY2",0,NA,NA,NA
"degree_only_LCN2",4372,"NCOA2",3.54820525111377e-05,NA,NA,NA
"degree_only_LCN2",4373,"CCL22",0,NA,NA,NA
"degree_only_LCN2",4374,"PRKDC",3.48518119952512e-06,NA,NA,NA
"degree_only_LCN2",4375,"ADCY2",0,NA,NA,NA
"degree_only_LCN2",4376,"ADCY2",0,NA,NA,NA
"degree_only_LCN2",4377,"ACACA",7.98311027262466e-05,NA,NA,NA
"degree_only_LCN2",4378,"CCR6",0,NA,NA,NA
"degree_only_LCN2",4379,"ADH4",0,NA,NA,NA
"degree_only_LCN2",4380,"ADH4",0,NA,NA,NA
"degree_only_LCN2",4381,"BTK",0.000119272845312435,NA,NA,NA
"degree_only_LCN2",4382,"SDHA",0.000611111269984921,NA,NA,NA
"degree_only_LCN2",4383,"KEAP1",8.90865911317151e-05,NA,NA,NA
"degree_only_LCN2",4384,"ADCY1",8.87083575196179e-06,NA,NA,NA
"degree_only_LCN2",4385,"ADRB2",0.000148693401879507,NA,NA,NA
"degree_only_LCN2",4386,"CYP1B1",1.26701867375623e-06,NA,NA,NA
"degree_only_LCN2",4387,"ACACA",7.98311027262466e-05,NA,NA,NA
"degree_only_LCN2",4388,"BGLAP",0.000139973984731978,NA,NA,NA
"degree_only_LCN2",4389,"CS",0.000203624857343709,NA,NA,NA
"degree_only_LCN2",4390,"SHH",1.43206732026169e-05,NA,NA,NA
"degree_only_LCN2",4391,"TGFA",3.48528190785569e-06,NA,NA,NA
"degree_only_LCN2",4392,"ATG5",1.93264314094499e-05,NA,NA,NA
"degree_only_LCN2",4393,"ITGA5",0.00127400659039045,NA,NA,NA
"degree_only_LCN2",4394,"RARA",0.000182812715244118,NA,NA,NA
"degree_only_LCN2",4395,"ALDH2",5.15659678518299e-05,NA,NA,NA
"degree_only_LCN2",4396,"RYR2",4.78345186669671e-05,NA,NA,NA
"degree_only_LCN2",4397,"ADH4",0,NA,NA,NA
"degree_only_LCN2",4398,"CS",0.000203624857343709,NA,NA,NA
"degree_only_LCN2",4399,"CCL22",0,NA,NA,NA
"degree_only_LCN2",4400,"AGTR1",7.87895413547623e-05,NA,NA,NA
"degree_only_LCN2",4401,"ADH7",0,NA,NA,NA
"degree_only_LCN2",4402,"ACACA",7.98311027262466e-05,NA,NA,NA
"degree_only_LCN2",4403,"CACNA1B",0,NA,NA,NA
"degree_only_LCN2",4404,"ADCY1",8.87083575196179e-06,NA,NA,NA
"degree_only_LCN2",4405,"CS",0.000203624857343709,NA,NA,NA
"degree_only_LCN2",4406,"RYR2",4.78345186669671e-05,NA,NA,NA
"degree_only_LCN2",4407,"ADCY1",8.87083575196179e-06,NA,NA,NA
"degree_only_LCN2",4408,"ADH4",0,NA,NA,NA
"degree_only_LCN2",4409,"ACE2",6.17806475236016e-05,NA,NA,NA
"degree_only_LCN2",4410,"ACTG1",2.72461711825489e-06,NA,NA,NA
"degree_only_LCN2",4411,"TGFA",3.48528190785569e-06,NA,NA,NA
"degree_only_LCN2",4412,"AGTR1",7.87895413547623e-05,NA,NA,NA
"degree_only_LCN2",4413,"SFN",1.88836433614448e-05,NA,NA,NA
"degree_only_LCN2",4414,"APAF1",0,NA,NA,NA
"degree_only_LCN2",4415,"SDHA",0.000611111269984921,NA,NA,NA
"degree_only_LCN2",4416,"ALDH1A3",0,NA,NA,NA
"degree_only_LCN2",4417,"LGALS3",1.90104129516033e-06,NA,NA,NA
"degree_only_LCN2",4418,"ADCY2",0,NA,NA,NA
"degree_only_LCN2",4419,"ACTG1",2.72461711825489e-06,NA,NA,NA
"degree_only_LCN2",4420,"BAX",8.97923976903581e-05,NA,NA,NA
"degree_only_LCN2",4421,"CACNA1B",0,NA,NA,NA
"degree_only_LCN2",4422,"EPOR",4.26416671160945e-05,NA,NA,NA
"degree_only_LCN2",4423,"BAX",8.97923976903581e-05,NA,NA,NA
"degree_only_LCN2",4424,"CYP1B1",1.26701867375623e-06,NA,NA,NA
"degree_only_LCN2",4425,"APAF1",0,NA,NA,NA
"degree_only_LCN2",4426,"GRIN2C",0,NA,NA,NA
"degree_only_LCN2",4427,"ITGA5",0.00127400659039045,NA,NA,NA
"degree_only_LCN2",4428,"STAT4",0.000324242289791776,NA,NA,NA
"degree_only_LCN2",4429,"SELE",1.58407098771463e-06,NA,NA,NA
"degree_only_LCN2",4430,"ACTG1",2.72461711825489e-06,NA,NA,NA
"degree_only_LCN2",4431,"ACE2",6.17806475236016e-05,NA,NA,NA
"degree_only_LCN2",4432,"NOD2",2.72727341009693e-05,NA,NA,NA
"degree_only_LCN2",4433,"LGALS3",1.90104129516033e-06,NA,NA,NA
"degree_only_LCN2",4434,"BGLAP",0.000139973984731978,NA,NA,NA
"degree_only_LCN2",4435,"ALDH1A2",0,NA,NA,NA
"degree_only_LCN2",4436,"IRF1",0,NA,NA,NA
"degree_only_LCN2",4437,"LGALS3",1.90104129516033e-06,NA,NA,NA
"degree_only_LCN2",4438,"SHH",1.43206732026169e-05,NA,NA,NA
"degree_only_LCN2",4439,"BGLAP",0.000139973984731978,NA,NA,NA
"degree_only_LCN2",4440,"DRD2",0.000217393825030943,NA,NA,NA
"degree_only_LCN2",4441,"SCN1B",0.00123489854843939,NA,NA,NA
"degree_only_LCN2",4442,"NOD2",2.72727341009693e-05,NA,NA,NA
"degree_only_LCN2",4443,"PRKDC",3.48518119952512e-06,NA,NA,NA
"degree_only_LCN2",4444,"TGFA",3.48528190785569e-06,NA,NA,NA
"degree_only_LCN2",4445,"CS",0.000203624857343709,NA,NA,NA
"degree_only_LCN2",4446,"ADCY2",0,NA,NA,NA
"degree_only_LCN2",4447,"ALDH1A2",0,NA,NA,NA
"degree_only_LCN2",4448,"CS",0.000203624857343709,NA,NA,NA
"degree_only_LCN2",4449,"AKR1C1",5.66614851992275e-05,NA,NA,NA
"degree_only_LCN2",4450,"ATG5",1.93264314094499e-05,NA,NA,NA
"degree_only_LCN2",4451,"MT-CYB",0.000203007681716216,NA,NA,NA
"degree_only_LCN2",4452,"ITGA5",0.00127400659039045,NA,NA,NA
"degree_only_LCN2",4453,"TGFA",3.48528190785569e-06,NA,NA,NA
"degree_only_LCN2",4454,"ALDH3A1",7.8987277396747e-05,NA,NA,NA
"degree_only_LCN2",4455,"ACE2",6.17806475236016e-05,NA,NA,NA
"degree_only_LCN2",4456,"RYR2",4.78345186669671e-05,NA,NA,NA
"degree_only_LCN2",4457,"ALDH1A3",0,NA,NA,NA
"degree_only_LCN2",4458,"NOD2",2.72727341009693e-05,NA,NA,NA
"degree_only_LCN2",4459,"ADH4",0,NA,NA,NA
"degree_only_LCN2",4460,"RYR2",4.78345186669671e-05,NA,NA,NA
"degree_only_LCN2",4461,"ADCY2",0,NA,NA,NA
"degree_only_LCN2",4462,"KDM1A",0,NA,NA,NA
"degree_only_LCN2",4463,"ATG5",1.93264314094499e-05,NA,NA,NA
"degree_only_LCN2",4464,"SDHA",0.000611111269984921,NA,NA,NA
"degree_only_LCN2",4465,"BAX",8.97923976903581e-05,NA,NA,NA
"degree_only_LCN2",4466,"TEK",0,NA,NA,NA
"degree_only_LCN2",4467,"CYP1B1",1.26701867375623e-06,NA,NA,NA
"degree_only_LCN2",4468,"SLC6A3",0.000164253248760127,NA,NA,NA
"degree_only_LCN2",4469,"CACNA1B",0,NA,NA,NA
"degree_only_LCN2",4470,"CS",0.000203624857343709,NA,NA,NA
"degree_only_LCN2",4471,"EPOR",4.26416671160945e-05,NA,NA,NA
"degree_only_LCN2",4472,"ITGA5",0.00127400659039045,NA,NA,NA
"degree_only_LCN2",4473,"PCNA",0.000281828068793732,NA,NA,NA
"degree_only_LCN2",4474,"APAF1",0,NA,NA,NA
"degree_only_LCN2",4475,"CYP1B1",1.26701867375623e-06,NA,NA,NA
"degree_only_LCN2",4476,"TGFA",3.48528190785569e-06,NA,NA,NA
"degree_only_LCN2",4477,"ITGA5",0.00127400659039045,NA,NA,NA
"degree_only_LCN2",4478,"IRF1",0,NA,NA,NA
"degree_only_LCN2",4479,"BAX",8.97923976903581e-05,NA,NA,NA
"degree_only_LCN2",4480,"ALDH1A2",0,NA,NA,NA
"degree_only_LCN2",4481,"CS",0.000203624857343709,NA,NA,NA
"degree_only_LCN2",4482,"ACACA",7.98311027262466e-05,NA,NA,NA
"degree_only_LCN2",4483,"RYR2",4.78345186669671e-05,NA,NA,NA
"degree_only_LCN2",4484,"PCNA",0.000281828068793732,NA,NA,NA
"degree_only_LCN2",4485,"CYP1B1",1.26701867375623e-06,NA,NA,NA
"degree_only_LCN2",4486,"AKR1C1",5.66614851992275e-05,NA,NA,NA
"degree_only_LCN2",4487,"ADH4",0,NA,NA,NA
"degree_only_LCN2",4488,"CCL22",0,NA,NA,NA
"degree_only_LCN2",4489,"ACE2",6.17806475236016e-05,NA,NA,NA
"degree_only_LCN2",4490,"SELE",1.58407098771463e-06,NA,NA,NA
"degree_only_LCN2",4491,"IRF1",0,NA,NA,NA
"degree_only_LCN2",4492,"AGTR1",7.87895413547623e-05,NA,NA,NA
"degree_only_LCN2",4493,"KDM1A",0,NA,NA,NA
"degree_only_LCN2",4494,"ALDH3A1",7.8987277396747e-05,NA,NA,NA
"degree_only_LCN2",4495,"ADCY1",8.87083575196179e-06,NA,NA,NA
"degree_only_LCN2",4496,"KEAP1",8.90865911317151e-05,NA,NA,NA
"degree_only_LCN2",4497,"PCNA",0.000281828068793732,NA,NA,NA
"degree_only_LCN2",4498,"NOD2",2.72727341009693e-05,NA,NA,NA
"degree_only_LCN2",4499,"SCN1B",0.00123489854843939,NA,NA,NA
"degree_only_LCN2",4500,"TGFA",3.48528190785569e-06,NA,NA,NA
"degree_only_LCN2",4501,"ADRB2",0.000148693401879507,NA,NA,NA
"degree_only_LCN2",4502,"ADRB2",0.000148693401879507,NA,NA,NA
"degree_only_LCN2",4503,"CACNA1B",0,NA,NA,NA
"degree_only_LCN2",4504,"CYP1B1",1.26701867375623e-06,NA,NA,NA
"degree_only_LCN2",4505,"GRIN2C",0,NA,NA,NA
"degree_only_LCN2",4506,"RARA",0.000182812715244118,NA,NA,NA
"degree_only_LCN2",4507,"NCOA2",3.54820525111377e-05,NA,NA,NA
"degree_only_LCN2",4508,"NOD2",2.72727341009693e-05,NA,NA,NA
"degree_only_LCN2",4509,"ADRB2",0.000148693401879507,NA,NA,NA
"degree_only_LCN2",4510,"PLAU",9.12459578450431e-06,NA,NA,NA
"degree_only_LCN2",4511,"ADH7",0,NA,NA,NA
"degree_only_LCN2",4512,"ALDH3A1",7.8987277396747e-05,NA,NA,NA
"degree_only_LCN2",4513,"ADH7",0,NA,NA,NA
"degree_only_LCN2",4514,"MT-CYB",0.000203007681716216,NA,NA,NA
"degree_only_LCN2",4515,"KEAP1",8.90865911317151e-05,NA,NA,NA
"degree_only_LCN2",4516,"NCOA2",3.54820525111377e-05,NA,NA,NA
"degree_only_LCN2",4517,"NCOA2",3.54820525111377e-05,NA,NA,NA
"degree_only_LCN2",4518,"DRD2",0.000217393825030943,NA,NA,NA
"degree_only_LCN2",4519,"CACNA1B",0,NA,NA,NA
"degree_only_LCN2",4520,"BAX",8.97923976903581e-05,NA,NA,NA
"degree_only_LCN2",4521,"ADRB2",0.000148693401879507,NA,NA,NA
"degree_only_LCN2",4522,"NOD2",2.72727341009693e-05,NA,NA,NA
"degree_only_LCN2",4523,"STAT4",0.000324242289791776,NA,NA,NA
"degree_only_LCN2",4524,"CS",0.000203624857343709,NA,NA,NA
"degree_only_LCN2",4525,"RYR2",4.78345186669671e-05,NA,NA,NA
"degree_only_LCN2",4526,"SHH",1.43206732026169e-05,NA,NA,NA
"degree_only_LCN2",4527,"ATG5",1.93264314094499e-05,NA,NA,NA
"degree_only_LCN2",4528,"NOD2",2.72727341009693e-05,NA,NA,NA
"degree_only_LCN2",4529,"BTK",0.000119272845312435,NA,NA,NA
"degree_only_LCN2",4530,"KEAP1",8.90865911317151e-05,NA,NA,NA
"degree_only_LCN2",4531,"ATG5",1.93264314094499e-05,NA,NA,NA
"degree_only_LCN2",4532,"BAX",8.97923976903581e-05,NA,NA,NA
"degree_only_LCN2",4533,"ALDH1A2",0,NA,NA,NA
"degree_only_LCN2",4534,"ACTG1",2.72461711825489e-06,NA,NA,NA
"degree_only_LCN2",4535,"PCNA",0.000281828068793732,NA,NA,NA
"degree_only_LCN2",4536,"IRF1",0,NA,NA,NA
"degree_only_LCN2",4537,"ALDH2",5.15659678518299e-05,NA,NA,NA
"degree_only_LCN2",4538,"TEK",0,NA,NA,NA
"degree_only_LCN2",4539,"ALDH1A3",0,NA,NA,NA
"degree_only_LCN2",4540,"ADCY2",0,NA,NA,NA
"degree_only_LCN2",4541,"GRIN2C",0,NA,NA,NA
"degree_only_LCN2",4542,"TEK",0,NA,NA,NA
"degree_only_LCN2",4543,"SHH",1.43206732026169e-05,NA,NA,NA
"degree_only_LCN2",4544,"APAF1",0,NA,NA,NA
"degree_only_LCN2",4545,"RYR2",4.78345186669671e-05,NA,NA,NA
"degree_only_LCN2",4546,"ADRB2",0.000148693401879507,NA,NA,NA
"degree_only_LCN2",4547,"SELE",1.58407098771463e-06,NA,NA,NA
"degree_only_LCN2",4548,"ADH4",0,NA,NA,NA
"degree_only_LCN2",4549,"IRF1",0,NA,NA,NA
"degree_only_LCN2",4550,"MT-CYB",0.000203007681716216,NA,NA,NA
"degree_only_LCN2",4551,"PLAU",9.12459578450431e-06,NA,NA,NA
"degree_only_LCN2",4552,"CCR6",0,NA,NA,NA
"degree_only_LCN2",4553,"STAT4",0.000324242289791776,NA,NA,NA
"degree_only_LCN2",4554,"RARA",0.000182812715244118,NA,NA,NA
"degree_only_LCN2",4555,"AGTR1",7.87895413547623e-05,NA,NA,NA
"degree_only_LCN2",4556,"KDM1A",0,NA,NA,NA
"degree_only_LCN2",4557,"ALDH1A3",0,NA,NA,NA
"degree_only_LCN2",4558,"SHH",1.43206732026169e-05,NA,NA,NA
"degree_only_LCN2",4559,"ADH4",0,NA,NA,NA
"degree_only_LCN2",4560,"AKR1C1",5.66614851992275e-05,NA,NA,NA
"degree_only_LCN2",4561,"ADCY2",0,NA,NA,NA
"degree_only_LCN2",4562,"ACACA",7.98311027262466e-05,NA,NA,NA
"degree_only_LCN2",4563,"TEK",0,NA,NA,NA
"degree_only_LCN2",4564,"IRF1",0,NA,NA,NA
"degree_only_LCN2",4565,"ADH7",0,NA,NA,NA
"degree_only_LCN2",4566,"TGFA",3.48528190785569e-06,NA,NA,NA
"degree_only_LCN2",4567,"BAX",8.97923976903581e-05,NA,NA,NA
"degree_only_LCN2",4568,"EPOR",4.26416671160945e-05,NA,NA,NA
"degree_only_LCN2",4569,"CYP1B1",1.26701867375623e-06,NA,NA,NA
"degree_only_LCN2",4570,"TEK",0,NA,NA,NA
"degree_only_LCN2",4571,"KDM1A",0,NA,NA,NA
"degree_only_LCN2",4572,"PRKAG2",0.00023019859617357,NA,NA,NA
"degree_only_LCN2",4573,"ADRB2",0.000148693401879507,NA,NA,NA
"degree_only_LCN2",4574,"ADCY2",0,NA,NA,NA
"degree_only_LCN2",4575,"CCR6",0,NA,NA,NA
"degree_only_LCN2",4576,"PRKAG2",0.00023019859617357,NA,NA,NA
"degree_only_LCN2",4577,"TEK",0,NA,NA,NA
"degree_only_LCN2",4578,"ADH7",0,NA,NA,NA
"degree_only_LCN2",4579,"ADCY1",8.87083575196179e-06,NA,NA,NA
"degree_only_LCN2",4580,"ALDH1A3",0,NA,NA,NA
"degree_only_LCN2",4581,"CYP1B1",1.26701867375623e-06,NA,NA,NA
"degree_only_LCN2",4582,"MT-CYB",0.000203007681716216,NA,NA,NA
"degree_only_LCN2",4583,"KDM1A",0,NA,NA,NA
"degree_only_LCN2",4584,"ADCY2",0,NA,NA,NA
"degree_only_LCN2",4585,"ALDH1A2",0,NA,NA,NA
"degree_only_LCN2",4586,"ADH4",0,NA,NA,NA
"degree_only_LCN2",4587,"ADCY1",8.87083575196179e-06,NA,NA,NA
"degree_only_LCN2",4588,"TGFA",3.48528190785569e-06,NA,NA,NA
"degree_only_LCN2",4589,"SCN1B",0.00123489854843939,NA,NA,NA
"degree_only_LCN2",4590,"SHH",1.43206732026169e-05,NA,NA,NA
"degree_only_LCN2",4591,"LGALS3",1.90104129516033e-06,NA,NA,NA
"degree_only_LCN2",4592,"ACACA",7.98311027262466e-05,NA,NA,NA
"degree_only_LCN2",4593,"PRKDC",3.48518119952512e-06,NA,NA,NA
"degree_only_LCN2",4594,"STAT4",0.000324242289791776,NA,NA,NA
"degree_only_LCN2",4595,"PRKAG2",0.00023019859617357,NA,NA,NA
"degree_only_LCN2",4596,"CCL22",0,NA,NA,NA
"degree_only_LCN2",4597,"PRKAG2",0.00023019859617357,NA,NA,NA
"degree_only_LCN2",4598,"SDHA",0.000611111269984921,NA,NA,NA
"degree_only_LCN2",4599,"ADCY1",8.87083575196179e-06,NA,NA,NA
"degree_only_LCN2",4600,"LGALS3",1.90104129516033e-06,NA,NA,NA
"degree_only_LCN2",4601,"BTK",0.000119272845312435,NA,NA,NA
"degree_only_LCN2",4602,"PLAU",9.12459578450431e-06,NA,NA,NA
"degree_only_LCN2",4603,"RYR2",4.78345186669671e-05,NA,NA,NA
"degree_only_LCN2",4604,"ACE2",6.17806475236016e-05,NA,NA,NA
"degree_only_LCN2",4605,"ADCY2",0,NA,NA,NA
"degree_only_LCN2",4606,"BAX",8.97923976903581e-05,NA,NA,NA
"degree_only_LCN2",4607,"PRKAG2",0.00023019859617357,NA,NA,NA
"degree_only_LCN2",4608,"MT-CYB",0.000203007681716216,NA,NA,NA
"degree_only_LCN2",4609,"KDM1A",0,NA,NA,NA
"degree_only_LCN2",4610,"KDM1A",0,NA,NA,NA
"degree_only_LCN2",4611,"ACACA",7.98311027262466e-05,NA,NA,NA
"degree_only_LCN2",4612,"SFN",1.88836433614448e-05,NA,NA,NA
"degree_only_LCN2",4613,"ALDH2",5.15659678518299e-05,NA,NA,NA
"degree_only_LCN2",4614,"SFN",1.88836433614448e-05,NA,NA,NA
"degree_only_LCN2",4615,"ITGA5",0.00127400659039045,NA,NA,NA
"degree_only_LCN2",4616,"ALDH1A3",0,NA,NA,NA
"degree_only_LCN2",4617,"ACACA",7.98311027262466e-05,NA,NA,NA
"degree_only_LCN2",4618,"ADCY1",8.87083575196179e-06,NA,NA,NA
"degree_only_LCN2",4619,"PRKDC",3.48518119952512e-06,NA,NA,NA
"degree_only_LCN2",4620,"NCOA2",3.54820525111377e-05,NA,NA,NA
"degree_only_LCN2",4621,"SDHA",0.000611111269984921,NA,NA,NA
"degree_only_LCN2",4622,"ATG5",1.93264314094499e-05,NA,NA,NA
"degree_only_LCN2",4623,"SCN1B",0.00123489854843939,NA,NA,NA
"degree_only_LCN2",4624,"CS",0.000203624857343709,NA,NA,NA
"degree_only_LCN2",4625,"KEAP1",8.90865911317151e-05,NA,NA,NA
"degree_only_LCN2",4626,"CS",0.000203624857343709,NA,NA,NA
"degree_only_LCN2",4627,"SFN",1.88836433614448e-05,NA,NA,NA
"degree_only_LCN2",4628,"BAX",8.97923976903581e-05,NA,NA,NA
"degree_only_LCN2",4629,"CCL22",0,NA,NA,NA
"degree_only_LCN2",4630,"PRKDC",3.48518119952512e-06,NA,NA,NA
"degree_only_LCN2",4631,"ITGA5",0.00127400659039045,NA,NA,NA
"degree_only_LCN2",4632,"ADCY1",8.87083575196179e-06,NA,NA,NA
"degree_only_LCN2",4633,"KEAP1",8.90865911317151e-05,NA,NA,NA
"degree_only_LCN2",4634,"CYP1B1",1.26701867375623e-06,NA,NA,NA
"degree_only_LCN2",4635,"CYP1B1",1.26701867375623e-06,NA,NA,NA
"degree_only_LCN2",4636,"ACTG1",2.72461711825489e-06,NA,NA,NA
"degree_only_LCN2",4637,"NCOA2",3.54820525111377e-05,NA,NA,NA
"degree_only_LCN2",4638,"SCN1B",0.00123489854843939,NA,NA,NA
"degree_only_LCN2",4639,"DRD2",0.000217393825030943,NA,NA,NA
"degree_only_LCN2",4640,"TGFA",3.48528190785569e-06,NA,NA,NA
"degree_only_LCN2",4641,"ACE2",6.17806475236016e-05,NA,NA,NA
"degree_only_LCN2",4642,"ADRB2",0.000148693401879507,NA,NA,NA
"degree_only_LCN2",4643,"KEAP1",8.90865911317151e-05,NA,NA,NA
"degree_only_LCN2",4644,"SFN",1.88836433614448e-05,NA,NA,NA
"degree_only_LCN2",4645,"TEK",0,NA,NA,NA
"degree_only_LCN2",4646,"APAF1",0,NA,NA,NA
"degree_only_LCN2",4647,"AGTR1",7.87895413547623e-05,NA,NA,NA
"degree_only_LCN2",4648,"CCL22",0,NA,NA,NA
"degree_only_LCN2",4649,"ALDH1A2",0,NA,NA,NA
"degree_only_LCN2",4650,"STAT4",0.000324242289791776,NA,NA,NA
"degree_only_LCN2",4651,"SLC6A3",0.000164253248760127,NA,NA,NA
"degree_only_LCN2",4652,"ACACA",7.98311027262466e-05,NA,NA,NA
"degree_only_LCN2",4653,"PCNA",0.000281828068793732,NA,NA,NA
"degree_only_LCN2",4654,"BAX",8.97923976903581e-05,NA,NA,NA
"degree_only_LCN2",4655,"ADCY2",0,NA,NA,NA
"degree_only_LCN2",4656,"CS",0.000203624857343709,NA,NA,NA
"degree_only_LCN2",4657,"CCR6",0,NA,NA,NA
"degree_only_LCN2",4658,"TGFA",3.48528190785569e-06,NA,NA,NA
"degree_only_LCN2",4659,"BTK",0.000119272845312435,NA,NA,NA
"degree_only_LCN2",4660,"SLC6A3",0.000164253248760127,NA,NA,NA
"degree_only_LCN2",4661,"SDHA",0.000611111269984921,NA,NA,NA
"degree_only_LCN2",4662,"SELE",1.58407098771463e-06,NA,NA,NA
"degree_only_LCN2",4663,"KEAP1",8.90865911317151e-05,NA,NA,NA
"degree_only_LCN2",4664,"TEK",0,NA,NA,NA
"degree_only_LCN2",4665,"KEAP1",8.90865911317151e-05,NA,NA,NA
"degree_only_LCN2",4666,"SDHA",0.000611111269984921,NA,NA,NA
"degree_only_LCN2",4667,"SCN1B",0.00123489854843939,NA,NA,NA
"degree_only_LCN2",4668,"EPOR",4.26416671160945e-05,NA,NA,NA
"degree_only_LCN2",4669,"ALDH3A1",7.8987277396747e-05,NA,NA,NA
"degree_only_LCN2",4670,"BTK",0.000119272845312435,NA,NA,NA
"degree_only_LCN2",4671,"MT-CYB",0.000203007681716216,NA,NA,NA
"degree_only_LCN2",4672,"EPOR",4.26416671160945e-05,NA,NA,NA
"degree_only_LCN2",4673,"SCN1B",0.00123489854843939,NA,NA,NA
"degree_only_LCN2",4674,"ALDH2",5.15659678518299e-05,NA,NA,NA
"degree_only_LCN2",4675,"SDHA",0.000611111269984921,NA,NA,NA
"degree_only_LCN2",4676,"CS",0.000203624857343709,NA,NA,NA
"degree_only_LCN2",4677,"ACACA",7.98311027262466e-05,NA,NA,NA
"degree_only_LCN2",4678,"IRF1",0,NA,NA,NA
"degree_only_LCN2",4679,"ADCY2",0,NA,NA,NA
"degree_only_LCN2",4680,"PRKAG2",0.00023019859617357,NA,NA,NA
"degree_only_LCN2",4681,"CCL22",0,NA,NA,NA
"degree_only_LCN2",4682,"CS",0.000203624857343709,NA,NA,NA
"degree_only_LCN2",4683,"ADH7",0,NA,NA,NA
"degree_only_LCN2",4684,"TEK",0,NA,NA,NA
"degree_only_LCN2",4685,"GRIN2C",0,NA,NA,NA
"degree_only_LCN2",4686,"AKR1C1",5.66614851992275e-05,NA,NA,NA
"degree_only_LCN2",4687,"RYR2",4.78345186669671e-05,NA,NA,NA
"degree_only_LCN2",4688,"DRD2",0.000217393825030943,NA,NA,NA
"degree_only_LCN2",4689,"ALDH2",5.15659678518299e-05,NA,NA,NA
"degree_only_LCN2",4690,"APAF1",0,NA,NA,NA
"degree_only_LCN2",4691,"DRD2",0.000217393825030943,NA,NA,NA
"degree_only_LCN2",4692,"KEAP1",8.90865911317151e-05,NA,NA,NA
"degree_only_LCN2",4693,"BTK",0.000119272845312435,NA,NA,NA
"degree_only_LCN2",4694,"RYR2",4.78345186669671e-05,NA,NA,NA
"degree_only_LCN2",4695,"ALDH1A2",0,NA,NA,NA
"degree_only_LCN2",4696,"CACNA1B",0,NA,NA,NA
"degree_only_LCN2",4697,"ADCY1",8.87083575196179e-06,NA,NA,NA
"degree_only_LCN2",4698,"ALDH1A3",0,NA,NA,NA
"degree_only_LCN2",4699,"SHH",1.43206732026169e-05,NA,NA,NA
"degree_only_LCN2",4700,"TEK",0,NA,NA,NA
"degree_only_LCN2",4701,"ITGA5",0.00127400659039045,NA,NA,NA
"degree_only_LCN2",4702,"IRF1",0,NA,NA,NA
"degree_only_LCN2",4703,"AGTR1",7.87895413547623e-05,NA,NA,NA
"degree_only_LCN2",4704,"SLC6A3",0.000164253248760127,NA,NA,NA
"degree_only_LCN2",4705,"PCNA",0.000281828068793732,NA,NA,NA
"degree_only_LCN2",4706,"TGFA",3.48528190785569e-06,NA,NA,NA
"degree_only_LCN2",4707,"TEK",0,NA,NA,NA
"degree_only_LCN2",4708,"CYP1B1",1.26701867375623e-06,NA,NA,NA
"degree_only_LCN2",4709,"BTK",0.000119272845312435,NA,NA,NA
"degree_only_LCN2",4710,"SFN",1.88836433614448e-05,NA,NA,NA
"degree_only_LCN2",4711,"RARA",0.000182812715244118,NA,NA,NA
"degree_only_LCN2",4712,"TEK",0,NA,NA,NA
"degree_only_LCN2",4713,"NCOA2",3.54820525111377e-05,NA,NA,NA
"degree_only_LCN2",4714,"SDHA",0.000611111269984921,NA,NA,NA
"degree_only_LCN2",4715,"PRKDC",3.48518119952512e-06,NA,NA,NA
"degree_only_LCN2",4716,"SFN",1.88836433614448e-05,NA,NA,NA
"degree_only_LCN2",4717,"CCL22",0,NA,NA,NA
"degree_only_LCN2",4718,"BTK",0.000119272845312435,NA,NA,NA
"degree_only_LCN2",4719,"KEAP1",8.90865911317151e-05,NA,NA,NA
"degree_only_LCN2",4720,"IRF1",0,NA,NA,NA
"degree_only_LCN2",4721,"CACNA1B",0,NA,NA,NA
"degree_only_LCN2",4722,"KEAP1",8.90865911317151e-05,NA,NA,NA
"degree_only_LCN2",4723,"CCL22",0,NA,NA,NA
"degree_only_LCN2",4724,"LGALS3",1.90104129516033e-06,NA,NA,NA
"degree_only_LCN2",4725,"ALDH3A1",7.8987277396747e-05,NA,NA,NA
"degree_only_LCN2",4726,"ADCY1",8.87083575196179e-06,NA,NA,NA
"degree_only_LCN2",4727,"ITGA5",0.00127400659039045,NA,NA,NA
"degree_only_LCN2",4728,"MT-CYB",0.000203007681716216,NA,NA,NA
"degree_only_LCN2",4729,"PRKAG2",0.00023019859617357,NA,NA,NA
"degree_only_LCN2",4730,"SLC6A3",0.000164253248760127,NA,NA,NA
"degree_only_LCN2",4731,"CCL22",0,NA,NA,NA
"degree_only_LCN2",4732,"TEK",0,NA,NA,NA
"degree_only_LCN2",4733,"ALDH1A2",0,NA,NA,NA
"degree_only_LCN2",4734,"LGALS3",1.90104129516033e-06,NA,NA,NA
"degree_only_LCN2",4735,"EPOR",4.26416671160945e-05,NA,NA,NA
"degree_only_LCN2",4736,"NCOA2",3.54820525111377e-05,NA,NA,NA
"degree_only_LCN2",4737,"ACE2",6.17806475236016e-05,NA,NA,NA
"degree_only_LCN2",4738,"TEK",0,NA,NA,NA
"degree_only_LCN2",4739,"ADRB2",0.000148693401879507,NA,NA,NA
"degree_only_LCN2",4740,"RYR2",4.78345186669671e-05,NA,NA,NA
"degree_only_LCN2",4741,"APAF1",0,NA,NA,NA
"degree_only_LCN2",4742,"AGTR1",7.87895413547623e-05,NA,NA,NA
"degree_only_LCN2",4743,"ALDH3A1",7.8987277396747e-05,NA,NA,NA
"degree_only_LCN2",4744,"AKR1C1",5.66614851992275e-05,NA,NA,NA
"degree_only_LCN2",4745,"NCOA2",3.54820525111377e-05,NA,NA,NA
"degree_only_LCN2",4746,"BAX",8.97923976903581e-05,NA,NA,NA
"degree_only_LCN2",4747,"BGLAP",0.000139973984731978,NA,NA,NA
"degree_only_LCN2",4748,"AKR1C1",5.66614851992275e-05,NA,NA,NA
"degree_only_LCN2",4749,"LGALS3",1.90104129516033e-06,NA,NA,NA
"degree_only_LCN2",4750,"SHH",1.43206732026169e-05,NA,NA,NA
"degree_only_LCN2",4751,"CYP1B1",1.26701867375623e-06,NA,NA,NA
"degree_only_LCN2",4752,"APAF1",0,NA,NA,NA
"degree_only_LCN2",4753,"ALDH3A1",7.8987277396747e-05,NA,NA,NA
"degree_only_LCN2",4754,"TEK",0,NA,NA,NA
"degree_only_LCN2",4755,"SHH",1.43206732026169e-05,NA,NA,NA
"degree_only_LCN2",4756,"RARA",0.000182812715244118,NA,NA,NA
"degree_only_LCN2",4757,"BGLAP",0.000139973984731978,NA,NA,NA
"degree_only_LCN2",4758,"RARA",0.000182812715244118,NA,NA,NA
"degree_only_LCN2",4759,"CCR6",0,NA,NA,NA
"degree_only_LCN2",4760,"GRIN2C",0,NA,NA,NA
"degree_only_LCN2",4761,"ADH4",0,NA,NA,NA
"degree_only_LCN2",4762,"CCR6",0,NA,NA,NA
"degree_only_LCN2",4763,"IRF1",0,NA,NA,NA
"degree_only_LCN2",4764,"ADCY2",0,NA,NA,NA
"degree_only_LCN2",4765,"AKR1C1",5.66614851992275e-05,NA,NA,NA
"degree_only_LCN2",4766,"SELE",1.58407098771463e-06,NA,NA,NA
"degree_only_LCN2",4767,"PCNA",0.000281828068793732,NA,NA,NA
"degree_only_LCN2",4768,"IRF1",0,NA,NA,NA
"degree_only_LCN2",4769,"CACNA1B",0,NA,NA,NA
"degree_only_LCN2",4770,"KDM1A",0,NA,NA,NA
"degree_only_LCN2",4771,"ACTG1",2.72461711825489e-06,NA,NA,NA
"degree_only_LCN2",4772,"BAX",8.97923976903581e-05,NA,NA,NA
"degree_only_LCN2",4773,"PRKAG2",0.00023019859617357,NA,NA,NA
"degree_only_LCN2",4774,"KEAP1",8.90865911317151e-05,NA,NA,NA
"degree_only_LCN2",4775,"EPOR",4.26416671160945e-05,NA,NA,NA
"degree_only_LCN2",4776,"SLC6A3",0.000164253248760127,NA,NA,NA
"degree_only_LCN2",4777,"ADRB2",0.000148693401879507,NA,NA,NA
"degree_only_LCN2",4778,"DRD2",0.000217393825030943,NA,NA,NA
"degree_only_LCN2",4779,"KEAP1",8.90865911317151e-05,NA,NA,NA
"degree_only_LCN2",4780,"PRKAG2",0.00023019859617357,NA,NA,NA
"degree_only_LCN2",4781,"PRKAG2",0.00023019859617357,NA,NA,NA
"degree_only_LCN2",4782,"KDM1A",0,NA,NA,NA
"degree_only_LCN2",4783,"SLC6A3",0.000164253248760127,NA,NA,NA
"degree_only_LCN2",4784,"BGLAP",0.000139973984731978,NA,NA,NA
"degree_only_LCN2",4785,"SELE",1.58407098771463e-06,NA,NA,NA
"degree_only_LCN2",4786,"CS",0.000203624857343709,NA,NA,NA
"degree_only_LCN2",4787,"ADH7",0,NA,NA,NA
"degree_only_LCN2",4788,"KDM1A",0,NA,NA,NA
"degree_only_LCN2",4789,"LGALS3",1.90104129516033e-06,NA,NA,NA
"degree_only_LCN2",4790,"IRF1",0,NA,NA,NA
"degree_only_LCN2",4791,"ADCY1",8.87083575196179e-06,NA,NA,NA
"degree_only_LCN2",4792,"NCOA2",3.54820525111377e-05,NA,NA,NA
"degree_only_LCN2",4793,"SHH",1.43206732026169e-05,NA,NA,NA
"degree_only_LCN2",4794,"SHH",1.43206732026169e-05,NA,NA,NA
"degree_only_LCN2",4795,"AGTR1",7.87895413547623e-05,NA,NA,NA
"degree_only_LCN2",4796,"SHH",1.43206732026169e-05,NA,NA,NA
"degree_only_LCN2",4797,"CCL22",0,NA,NA,NA
"degree_only_LCN2",4798,"TEK",0,NA,NA,NA
"degree_only_LCN2",4799,"ALDH1A2",0,NA,NA,NA
"degree_only_LCN2",4800,"ADCY1",8.87083575196179e-06,NA,NA,NA
"degree_only_LCN2",4801,"ADCY1",8.87083575196179e-06,NA,NA,NA
"degree_only_LCN2",4802,"SLC6A3",0.000164253248760127,NA,NA,NA
"degree_only_LCN2",4803,"ADRB2",0.000148693401879507,NA,NA,NA
"degree_only_LCN2",4804,"CYP1B1",1.26701867375623e-06,NA,NA,NA
"degree_only_LCN2",4805,"IRF1",0,NA,NA,NA
"degree_only_LCN2",4806,"PRKDC",3.48518119952512e-06,NA,NA,NA
"degree_only_LCN2",4807,"NCOA2",3.54820525111377e-05,NA,NA,NA
"degree_only_LCN2",4808,"CCL22",0,NA,NA,NA
"degree_only_LCN2",4809,"PLAU",9.12459578450431e-06,NA,NA,NA
"degree_only_LCN2",4810,"SDHA",0.000611111269984921,NA,NA,NA
"degree_only_LCN2",4811,"DRD2",0.000217393825030943,NA,NA,NA
"degree_only_LCN2",4812,"BAX",8.97923976903581e-05,NA,NA,NA
"degree_only_LCN2",4813,"DRD2",0.000217393825030943,NA,NA,NA
"degree_only_LCN2",4814,"PLAU",9.12459578450431e-06,NA,NA,NA
"degree_only_LCN2",4815,"APAF1",0,NA,NA,NA
"degree_only_LCN2",4816,"PRKAG2",0.00023019859617357,NA,NA,NA
"degree_only_LCN2",4817,"LGALS3",1.90104129516033e-06,NA,NA,NA
"degree_only_LCN2",4818,"BAX",8.97923976903581e-05,NA,NA,NA
"degree_only_LCN2",4819,"ACE2",6.17806475236016e-05,NA,NA,NA
"degree_only_LCN2",4820,"SELE",1.58407098771463e-06,NA,NA,NA
"degree_only_LCN2",4821,"EPOR",4.26416671160945e-05,NA,NA,NA
"degree_only_LCN2",4822,"ADH7",0,NA,NA,NA
"degree_only_LCN2",4823,"AGTR1",7.87895413547623e-05,NA,NA,NA
"degree_only_LCN2",4824,"PRKDC",3.48518119952512e-06,NA,NA,NA
"degree_only_LCN2",4825,"NCOA2",3.54820525111377e-05,NA,NA,NA
"degree_only_LCN2",4826,"EPOR",4.26416671160945e-05,NA,NA,NA
"degree_only_LCN2",4827,"AGTR1",7.87895413547623e-05,NA,NA,NA
"degree_only_LCN2",4828,"CCR6",0,NA,NA,NA
"degree_only_LCN2",4829,"STAT4",0.000324242289791776,NA,NA,NA
"degree_only_LCN2",4830,"ACACA",7.98311027262466e-05,NA,NA,NA
"degree_only_LCN2",4831,"TEK",0,NA,NA,NA
"degree_only_LCN2",4832,"ITGA5",0.00127400659039045,NA,NA,NA
"degree_only_LCN2",4833,"ALDH1A3",0,NA,NA,NA
"degree_only_LCN2",4834,"PCNA",0.000281828068793732,NA,NA,NA
"degree_only_LCN2",4835,"PLAU",9.12459578450431e-06,NA,NA,NA
"degree_only_LCN2",4836,"APAF1",0,NA,NA,NA
"degree_only_LCN2",4837,"ATG5",1.93264314094499e-05,NA,NA,NA
"degree_only_LCN2",4838,"SHH",1.43206732026169e-05,NA,NA,NA
"degree_only_LCN2",4839,"ADCY2",0,NA,NA,NA
"degree_only_LCN2",4840,"AKR1C1",5.66614851992275e-05,NA,NA,NA
"degree_only_LCN2",4841,"PRKDC",3.48518119952512e-06,NA,NA,NA
"degree_only_LCN2",4842,"SHH",1.43206732026169e-05,NA,NA,NA
"degree_only_LCN2",4843,"CS",0.000203624857343709,NA,NA,NA
"degree_only_LCN2",4844,"CS",0.000203624857343709,NA,NA,NA
"degree_only_LCN2",4845,"SFN",1.88836433614448e-05,NA,NA,NA
"degree_only_LCN2",4846,"SCN1B",0.00123489854843939,NA,NA,NA
"degree_only_LCN2",4847,"CS",0.000203624857343709,NA,NA,NA
"degree_only_LCN2",4848,"ALDH2",5.15659678518299e-05,NA,NA,NA
"degree_only_LCN2",4849,"ADH4",0,NA,NA,NA
"degree_only_LCN2",4850,"BTK",0.000119272845312435,NA,NA,NA
"degree_only_LCN2",4851,"ALDH2",5.15659678518299e-05,NA,NA,NA
"degree_only_LCN2",4852,"ACACA",7.98311027262466e-05,NA,NA,NA
"degree_only_LCN2",4853,"ALDH1A2",0,NA,NA,NA
"degree_only_LCN2",4854,"SELE",1.58407098771463e-06,NA,NA,NA
"degree_only_LCN2",4855,"ACTG1",2.72461711825489e-06,NA,NA,NA
"degree_only_LCN2",4856,"TEK",0,NA,NA,NA
"degree_only_LCN2",4857,"CS",0.000203624857343709,NA,NA,NA
"degree_only_LCN2",4858,"TGFA",3.48528190785569e-06,NA,NA,NA
"degree_only_LCN2",4859,"AGTR1",7.87895413547623e-05,NA,NA,NA
"degree_only_LCN2",4860,"ACACA",7.98311027262466e-05,NA,NA,NA
"degree_only_LCN2",4861,"TEK",0,NA,NA,NA
"degree_only_LCN2",4862,"PCNA",0.000281828068793732,NA,NA,NA
"degree_only_LCN2",4863,"ALDH2",5.15659678518299e-05,NA,NA,NA
"degree_only_LCN2",4864,"PRKAG2",0.00023019859617357,NA,NA,NA
"degree_only_LCN2",4865,"KDM1A",0,NA,NA,NA
"degree_only_LCN2",4866,"CYP1B1",1.26701867375623e-06,NA,NA,NA
"degree_only_LCN2",4867,"ALDH3A1",7.8987277396747e-05,NA,NA,NA
"degree_only_LCN2",4868,"ADCY1",8.87083575196179e-06,NA,NA,NA
"degree_only_LCN2",4869,"KDM1A",0,NA,NA,NA
"degree_only_LCN2",4870,"AKR1C1",5.66614851992275e-05,NA,NA,NA
"degree_only_LCN2",4871,"PRKAG2",0.00023019859617357,NA,NA,NA
"degree_only_LCN2",4872,"SCN1B",0.00123489854843939,NA,NA,NA
"degree_only_LCN2",4873,"ATG5",1.93264314094499e-05,NA,NA,NA
"degree_only_LCN2",4874,"ADH4",0,NA,NA,NA
"degree_only_LCN2",4875,"LGALS3",1.90104129516033e-06,NA,NA,NA
"degree_only_LCN2",4876,"CYP1B1",1.26701867375623e-06,NA,NA,NA
"degree_only_LCN2",4877,"AKR1C1",5.66614851992275e-05,NA,NA,NA
"degree_only_LCN2",4878,"STAT4",0.000324242289791776,NA,NA,NA
"degree_only_LCN2",4879,"ADCY1",8.87083575196179e-06,NA,NA,NA
"degree_only_LCN2",4880,"MT-CYB",0.000203007681716216,NA,NA,NA
"degree_only_LCN2",4881,"BGLAP",0.000139973984731978,NA,NA,NA
"degree_only_LCN2",4882,"DRD2",0.000217393825030943,NA,NA,NA
"degree_only_LCN2",4883,"ATG5",1.93264314094499e-05,NA,NA,NA
"degree_only_LCN2",4884,"ADH7",0,NA,NA,NA
"degree_only_LCN2",4885,"SDHA",0.000611111269984921,NA,NA,NA
"degree_only_LCN2",4886,"PRKAG2",0.00023019859617357,NA,NA,NA
"degree_only_LCN2",4887,"APAF1",0,NA,NA,NA
"degree_only_LCN2",4888,"SLC6A3",0.000164253248760127,NA,NA,NA
"degree_only_LCN2",4889,"SCN1B",0.00123489854843939,NA,NA,NA
"degree_only_LCN2",4890,"APAF1",0,NA,NA,NA
"degree_only_LCN2",4891,"SLC6A3",0.000164253248760127,NA,NA,NA
"degree_only_LCN2",4892,"PLAU",9.12459578450431e-06,NA,NA,NA
"degree_only_LCN2",4893,"SFN",1.88836433614448e-05,NA,NA,NA
"degree_only_LCN2",4894,"IRF1",0,NA,NA,NA
"degree_only_LCN2",4895,"SDHA",0.000611111269984921,NA,NA,NA
"degree_only_LCN2",4896,"CCR6",0,NA,NA,NA
"degree_only_LCN2",4897,"STAT4",0.000324242289791776,NA,NA,NA
"degree_only_LCN2",4898,"BTK",0.000119272845312435,NA,NA,NA
"degree_only_LCN2",4899,"CCR6",0,NA,NA,NA
"degree_only_LCN2",4900,"ACTG1",2.72461711825489e-06,NA,NA,NA
"degree_only_LCN2",4901,"NCOA2",3.54820525111377e-05,NA,NA,NA
"degree_only_LCN2",4902,"ALDH1A2",0,NA,NA,NA
"degree_only_LCN2",4903,"ITGA5",0.00127400659039045,NA,NA,NA
"degree_only_LCN2",4904,"SLC6A3",0.000164253248760127,NA,NA,NA
"degree_only_LCN2",4905,"AKR1C1",5.66614851992275e-05,NA,NA,NA
"degree_only_LCN2",4906,"AGTR1",7.87895413547623e-05,NA,NA,NA
"degree_only_LCN2",4907,"MT-CYB",0.000203007681716216,NA,NA,NA
"degree_only_LCN2",4908,"NCOA2",3.54820525111377e-05,NA,NA,NA
"degree_only_LCN2",4909,"ALDH3A1",7.8987277396747e-05,NA,NA,NA
"degree_only_LCN2",4910,"SCN1B",0.00123489854843939,NA,NA,NA
"degree_only_LCN2",4911,"SDHA",0.000611111269984921,NA,NA,NA
"degree_only_LCN2",4912,"SHH",1.43206732026169e-05,NA,NA,NA
"degree_only_LCN2",4913,"ITGA5",0.00127400659039045,NA,NA,NA
"degree_only_LCN2",4914,"ITGA5",0.00127400659039045,NA,NA,NA
"degree_only_LCN2",4915,"ACE2",6.17806475236016e-05,NA,NA,NA
"degree_only_LCN2",4916,"TGFA",3.48528190785569e-06,NA,NA,NA
"degree_only_LCN2",4917,"SDHA",0.000611111269984921,NA,NA,NA
"degree_only_LCN2",4918,"ATG5",1.93264314094499e-05,NA,NA,NA
"degree_only_LCN2",4919,"ADH7",0,NA,NA,NA
"degree_only_LCN2",4920,"ALDH3A1",7.8987277396747e-05,NA,NA,NA
"degree_only_LCN2",4921,"ACACA",7.98311027262466e-05,NA,NA,NA
"degree_only_LCN2",4922,"NCOA2",3.54820525111377e-05,NA,NA,NA
"degree_only_LCN2",4923,"KEAP1",8.90865911317151e-05,NA,NA,NA
"degree_only_LCN2",4924,"ACACA",7.98311027262466e-05,NA,NA,NA
"degree_only_LCN2",4925,"APAF1",0,NA,NA,NA
"degree_only_LCN2",4926,"KEAP1",8.90865911317151e-05,NA,NA,NA
"degree_only_LCN2",4927,"PCNA",0.000281828068793732,NA,NA,NA
"degree_only_LCN2",4928,"ADH7",0,NA,NA,NA
"degree_only_LCN2",4929,"SDHA",0.000611111269984921,NA,NA,NA
"degree_only_LCN2",4930,"SHH",1.43206732026169e-05,NA,NA,NA
"degree_only_LCN2",4931,"AKR1C1",5.66614851992275e-05,NA,NA,NA
"degree_only_LCN2",4932,"ATG5",1.93264314094499e-05,NA,NA,NA
"degree_only_LCN2",4933,"ADCY2",0,NA,NA,NA
"degree_only_LCN2",4934,"CCL22",0,NA,NA,NA
"degree_only_LCN2",4935,"ADRB2",0.000148693401879507,NA,NA,NA
"degree_only_LCN2",4936,"ACACA",7.98311027262466e-05,NA,NA,NA
"degree_only_LCN2",4937,"ACTG1",2.72461711825489e-06,NA,NA,NA
"degree_only_LCN2",4938,"ACE2",6.17806475236016e-05,NA,NA,NA
"degree_only_LCN2",4939,"PRKDC",3.48518119952512e-06,NA,NA,NA
"degree_only_LCN2",4940,"ADRB2",0.000148693401879507,NA,NA,NA
"degree_only_LCN2",4941,"DRD2",0.000217393825030943,NA,NA,NA
"degree_only_LCN2",4942,"RARA",0.000182812715244118,NA,NA,NA
"degree_only_LCN2",4943,"SFN",1.88836433614448e-05,NA,NA,NA
"degree_only_LCN2",4944,"CS",0.000203624857343709,NA,NA,NA
"degree_only_LCN2",4945,"ADH4",0,NA,NA,NA
"degree_only_LCN2",4946,"NCOA2",3.54820525111377e-05,NA,NA,NA
"degree_only_LCN2",4947,"CYP1B1",1.26701867375623e-06,NA,NA,NA
"degree_only_LCN2",4948,"CCL22",0,NA,NA,NA
"degree_only_LCN2",4949,"CCR6",0,NA,NA,NA
"degree_only_LCN2",4950,"SFN",1.88836433614448e-05,NA,NA,NA
"degree_only_LCN2",4951,"ITGA5",0.00127400659039045,NA,NA,NA
"degree_only_LCN2",4952,"EPOR",4.26416671160945e-05,NA,NA,NA
"degree_only_LCN2",4953,"NOD2",2.72727341009693e-05,NA,NA,NA
"degree_only_LCN2",4954,"CCR6",0,NA,NA,NA
"degree_only_LCN2",4955,"EPOR",4.26416671160945e-05,NA,NA,NA
"degree_only_LCN2",4956,"RARA",0.000182812715244118,NA,NA,NA
"degree_only_LCN2",4957,"ADCY1",8.87083575196179e-06,NA,NA,NA
"degree_only_LCN2",4958,"PCNA",0.000281828068793732,NA,NA,NA
"degree_only_LCN2",4959,"APAF1",0,NA,NA,NA
"degree_only_LCN2",4960,"SELE",1.58407098771463e-06,NA,NA,NA
"degree_only_LCN2",4961,"DRD2",0.000217393825030943,NA,NA,NA
"degree_only_LCN2",4962,"MT-CYB",0.000203007681716216,NA,NA,NA
"degree_only_LCN2",4963,"PRKDC",3.48518119952512e-06,NA,NA,NA
"degree_only_LCN2",4964,"ADH7",0,NA,NA,NA
"degree_only_LCN2",4965,"MT-CYB",0.000203007681716216,NA,NA,NA
"degree_only_LCN2",4966,"NOD2",2.72727341009693e-05,NA,NA,NA
"degree_only_LCN2",4967,"KEAP1",8.90865911317151e-05,NA,NA,NA
"degree_only_LCN2",4968,"MT-CYB",0.000203007681716216,NA,NA,NA
"degree_only_LCN2",4969,"ALDH2",5.15659678518299e-05,NA,NA,NA
"degree_only_LCN2",4970,"GRIN2C",0,NA,NA,NA
"degree_only_LCN2",4971,"SHH",1.43206732026169e-05,NA,NA,NA
"degree_only_LCN2",4972,"RYR2",4.78345186669671e-05,NA,NA,NA
"degree_only_LCN2",4973,"CS",0.000203624857343709,NA,NA,NA
"degree_only_LCN2",4974,"BTK",0.000119272845312435,NA,NA,NA
"degree_only_LCN2",4975,"ADH7",0,NA,NA,NA
"degree_only_LCN2",4976,"ADH7",0,NA,NA,NA
"degree_only_LCN2",4977,"ACTG1",2.72461711825489e-06,NA,NA,NA
"degree_only_LCN2",4978,"NOD2",2.72727341009693e-05,NA,NA,NA
"degree_only_LCN2",4979,"ACTG1",2.72461711825489e-06,NA,NA,NA
"degree_only_LCN2",4980,"CACNA1B",0,NA,NA,NA
"degree_only_LCN2",4981,"CYP1B1",1.26701867375623e-06,NA,NA,NA
"degree_only_LCN2",4982,"ACACA",7.98311027262466e-05,NA,NA,NA
"degree_only_LCN2",4983,"ADCY1",8.87083575196179e-06,NA,NA,NA
"degree_only_LCN2",4984,"LGALS3",1.90104129516033e-06,NA,NA,NA
"degree_only_LCN2",4985,"NOD2",2.72727341009693e-05,NA,NA,NA
"degree_only_LCN2",4986,"ADH7",0,NA,NA,NA
"degree_only_LCN2",4987,"APAF1",0,NA,NA,NA
"degree_only_LCN2",4988,"RYR2",4.78345186669671e-05,NA,NA,NA
"degree_only_LCN2",4989,"NOD2",2.72727341009693e-05,NA,NA,NA
"degree_only_LCN2",4990,"BGLAP",0.000139973984731978,NA,NA,NA
"degree_only_LCN2",4991,"BGLAP",0.000139973984731978,NA,NA,NA
"degree_only_LCN2",4992,"DRD2",0.000217393825030943,NA,NA,NA
"degree_only_LCN2",4993,"ACE2",6.17806475236016e-05,NA,NA,NA
"degree_only_LCN2",4994,"CACNA1B",0,NA,NA,NA
"degree_only_LCN2",4995,"ACE2",6.17806475236016e-05,NA,NA,NA
"degree_only_LCN2",4996,"ADCY2",0,NA,NA,NA
"degree_only_LCN2",4997,"SFN",1.88836433614448e-05,NA,NA,NA
"degree_only_LCN2",4998,"ALDH1A2",0,NA,NA,NA
"degree_only_LCN2",4999,"SDHA",0.000611111269984921,NA,NA,NA
"degree_only_LCN2",5000,"PCNA",0.000281828068793732,NA,NA,NA
"degree_only_LCN2",5001,"BAX",8.97923976903581e-05,NA,NA,NA
"degree_only_LCN2",5002,"SELE",1.58407098771463e-06,NA,NA,NA
"degree_only_LCN2",5003,"CACNA1B",0,NA,NA,NA
"degree_only_LCN2",5004,"PCNA",0.000281828068793732,NA,NA,NA
"degree_only_LCN2",5005,"CS",0.000203624857343709,NA,NA,NA
"degree_only_LCN2",5006,"TGFA",3.48528190785569e-06,NA,NA,NA
"degree_only_LCN2",5007,"TGFA",3.48528190785569e-06,NA,NA,NA
"degree_only_LCN2",5008,"PRKAG2",0.00023019859617357,NA,NA,NA
"degree_only_LCN2",5009,"LGALS3",1.90104129516033e-06,NA,NA,NA
"degree_only_LCN2",5010,"AGTR1",7.87895413547623e-05,NA,NA,NA
"degree_only_LCN2",5011,"CCL22",0,NA,NA,NA
"degree_only_LCN2",5012,"ADH7",0,NA,NA,NA
"degree_only_LCN2",5013,"MT-CYB",0.000203007681716216,NA,NA,NA
"degree_only_LCN2",5014,"ADH7",0,NA,NA,NA
"degree_only_LCN2",5015,"ACTG1",2.72461711825489e-06,NA,NA,NA
"degree_only_LCN2",5016,"BAX",8.97923976903581e-05,NA,NA,NA
"degree_only_LCN2",5017,"ADH7",0,NA,NA,NA
"degree_only_LCN2",5018,"ALDH3A1",7.8987277396747e-05,NA,NA,NA
"degree_only_LCN2",5019,"AGTR1",7.87895413547623e-05,NA,NA,NA
"degree_only_LCN2",5020,"AGTR1",7.87895413547623e-05,NA,NA,NA
"degree_only_LCN2",5021,"PLAU",9.12459578450431e-06,NA,NA,NA
"degree_only_LCN2",5022,"KEAP1",8.90865911317151e-05,NA,NA,NA
"degree_only_LCN2",5023,"SHH",1.43206732026169e-05,NA,NA,NA
"degree_only_LCN2",5024,"SCN1B",0.00123489854843939,NA,NA,NA
"degree_only_LCN2",5025,"SFN",1.88836433614448e-05,NA,NA,NA
"degree_only_LCN2",5026,"SELE",1.58407098771463e-06,NA,NA,NA
"degree_only_LCN2",5027,"ALDH1A2",0,NA,NA,NA
"degree_only_LCN2",5028,"PRKDC",3.48518119952512e-06,NA,NA,NA
"degree_only_LCN2",5029,"ATG5",1.93264314094499e-05,NA,NA,NA
"degree_only_LCN2",5030,"SDHA",0.000611111269984921,NA,NA,NA
"degree_only_LCN2",5031,"SLC6A3",0.000164253248760127,NA,NA,NA
"degree_only_LCN2",5032,"EPOR",4.26416671160945e-05,NA,NA,NA
"degree_only_LCN2",5033,"SCN1B",0.00123489854843939,NA,NA,NA
"degree_only_LCN2",5034,"BGLAP",0.000139973984731978,NA,NA,NA
"degree_only_LCN2",5035,"ADCY2",0,NA,NA,NA
"degree_only_LCN2",5036,"BGLAP",0.000139973984731978,NA,NA,NA
"degree_only_LCN2",5037,"TEK",0,NA,NA,NA
"degree_only_LCN2",5038,"NCOA2",3.54820525111377e-05,NA,NA,NA
"degree_only_LCN2",5039,"PRKDC",3.48518119952512e-06,NA,NA,NA
"degree_only_LCN2",5040,"AGTR1",7.87895413547623e-05,NA,NA,NA
"degree_only_LCN2",5041,"CCR6",0,NA,NA,NA
"degree_only_LCN2",5042,"SFN",1.88836433614448e-05,NA,NA,NA
"degree_only_LCN2",5043,"CACNA1B",0,NA,NA,NA
"degree_only_LCN2",5044,"ADCY2",0,NA,NA,NA
"degree_only_LCN2",5045,"SFN",1.88836433614448e-05,NA,NA,NA
"degree_only_LCN2",5046,"AGTR1",7.87895413547623e-05,NA,NA,NA
"degree_only_LCN2",5047,"IRF1",0,NA,NA,NA
"degree_only_LCN2",5048,"SCN1B",0.00123489854843939,NA,NA,NA
"degree_only_LCN2",5049,"CS",0.000203624857343709,NA,NA,NA
"degree_only_LCN2",5050,"ADCY2",0,NA,NA,NA
"degree_only_LCN2",5051,"MT-CYB",0.000203007681716216,NA,NA,NA
"degree_only_LCN2",5052,"MT-CYB",0.000203007681716216,NA,NA,NA
"degree_only_LCN2",5053,"CACNA1B",0,NA,NA,NA
"degree_only_LCN2",5054,"ADCY2",0,NA,NA,NA
"degree_only_LCN2",5055,"KDM1A",0,NA,NA,NA
"degree_only_LCN2",5056,"SCN1B",0.00123489854843939,NA,NA,NA
"degree_only_LCN2",5057,"BGLAP",0.000139973984731978,NA,NA,NA
"degree_only_LCN2",5058,"STAT4",0.000324242289791776,NA,NA,NA
"degree_only_LCN2",5059,"SLC6A3",0.000164253248760127,NA,NA,NA
"degree_only_LCN2",5060,"DRD2",0.000217393825030943,NA,NA,NA
"degree_only_LCN2",5061,"SELE",1.58407098771463e-06,NA,NA,NA
"degree_only_LCN2",5062,"PLAU",9.12459578450431e-06,NA,NA,NA
"degree_only_LCN2",5063,"ALDH1A2",0,NA,NA,NA
"degree_only_LCN2",5064,"ADH7",0,NA,NA,NA
"degree_only_LCN2",5065,"NCOA2",3.54820525111377e-05,NA,NA,NA
"degree_only_LCN2",5066,"GRIN2C",0,NA,NA,NA
"degree_only_LCN2",5067,"SFN",1.88836433614448e-05,NA,NA,NA
"degree_only_LCN2",5068,"MT-CYB",0.000203007681716216,NA,NA,NA
"degree_only_LCN2",5069,"DRD2",0.000217393825030943,NA,NA,NA
"degree_only_LCN2",5070,"SELE",1.58407098771463e-06,NA,NA,NA
"degree_only_LCN2",5071,"LGALS3",1.90104129516033e-06,NA,NA,NA
"degree_only_LCN2",5072,"TEK",0,NA,NA,NA
"degree_only_LCN2",5073,"CS",0.000203624857343709,NA,NA,NA
"degree_only_LCN2",5074,"ALDH2",5.15659678518299e-05,NA,NA,NA
"degree_only_LCN2",5075,"IRF1",0,NA,NA,NA
"degree_only_LCN2",5076,"SLC6A3",0.000164253248760127,NA,NA,NA
"degree_only_LCN2",5077,"DRD2",0.000217393825030943,NA,NA,NA
"degree_only_LCN2",5078,"ALDH2",5.15659678518299e-05,NA,NA,NA
"degree_only_LCN2",5079,"ACACA",7.98311027262466e-05,NA,NA,NA
"degree_only_LCN2",5080,"TGFA",3.48528190785569e-06,NA,NA,NA
"degree_only_LCN2",5081,"BAX",8.97923976903581e-05,NA,NA,NA
"degree_only_LCN2",5082,"ACTG1",2.72461711825489e-06,NA,NA,NA
"degree_only_LCN2",5083,"ALDH1A2",0,NA,NA,NA
"degree_only_LCN2",5084,"ALDH1A2",0,NA,NA,NA
"degree_only_LCN2",5085,"ADCY1",8.87083575196179e-06,NA,NA,NA
"degree_only_LCN2",5086,"SELE",1.58407098771463e-06,NA,NA,NA
"degree_only_LCN2",5087,"PRKDC",3.48518119952512e-06,NA,NA,NA
"degree_only_LCN2",5088,"AGTR1",7.87895413547623e-05,NA,NA,NA
"degree_only_LCN2",5089,"DRD2",0.000217393825030943,NA,NA,NA
"degree_only_LCN2",5090,"PCNA",0.000281828068793732,NA,NA,NA
"degree_only_LCN2",5091,"CACNA1B",0,NA,NA,NA
"degree_only_LCN2",5092,"CYP1B1",1.26701867375623e-06,NA,NA,NA
"degree_only_LCN2",5093,"NCOA2",3.54820525111377e-05,NA,NA,NA
"degree_only_LCN2",5094,"ACTG1",2.72461711825489e-06,NA,NA,NA
"degree_only_LCN2",5095,"SFN",1.88836433614448e-05,NA,NA,NA
"degree_only_LCN2",5096,"TEK",0,NA,NA,NA
"degree_only_LCN2",5097,"ALDH3A1",7.8987277396747e-05,NA,NA,NA
"degree_only_LCN2",5098,"CCL22",0,NA,NA,NA
"degree_only_LCN2",5099,"SDHA",0.000611111269984921,NA,NA,NA
"degree_only_LCN2",5100,"ALDH2",5.15659678518299e-05,NA,NA,NA
"degree_only_LCN2",5101,"ADRB2",0.000148693401879507,NA,NA,NA
"degree_only_LCN2",5102,"TEK",0,NA,NA,NA
"degree_only_LCN2",5103,"NCOA2",3.54820525111377e-05,NA,NA,NA
"degree_only_LCN2",5104,"TGFA",3.48528190785569e-06,NA,NA,NA
"degree_only_LCN2",5105,"ALDH1A2",0,NA,NA,NA
"degree_only_LCN2",5106,"ADCY1",8.87083575196179e-06,NA,NA,NA
"degree_only_LCN2",5107,"STAT4",0.000324242289791776,NA,NA,NA
"degree_only_LCN2",5108,"NOD2",2.72727341009693e-05,NA,NA,NA
"degree_only_LCN2",5109,"ACE2",6.17806475236016e-05,NA,NA,NA
"degree_only_LCN2",5110,"TGFA",3.48528190785569e-06,NA,NA,NA
"degree_only_LCN2",5111,"ACE2",6.17806475236016e-05,NA,NA,NA
"degree_only_LCN2",5112,"SHH",1.43206732026169e-05,NA,NA,NA
"degree_only_LCN2",5113,"CCL22",0,NA,NA,NA
"degree_only_LCN2",5114,"ALDH1A2",0,NA,NA,NA
"degree_only_LCN2",5115,"ADCY2",0,NA,NA,NA
"degree_only_LCN2",5116,"ALDH1A2",0,NA,NA,NA
"degree_only_LCN2",5117,"PLAU",9.12459578450431e-06,NA,NA,NA
"degree_only_LCN2",5118,"TEK",0,NA,NA,NA
"degree_only_LCN2",5119,"GRIN2C",0,NA,NA,NA
"degree_only_LCN2",5120,"SFN",1.88836433614448e-05,NA,NA,NA
"degree_only_LCN2",5121,"NOD2",2.72727341009693e-05,NA,NA,NA
"degree_only_LCN2",5122,"SELE",1.58407098771463e-06,NA,NA,NA
"degree_only_LCN2",5123,"RARA",0.000182812715244118,NA,NA,NA
"degree_only_LCN2",5124,"ITGA5",0.00127400659039045,NA,NA,NA
"degree_only_LCN2",5125,"CCL22",0,NA,NA,NA
"degree_only_LCN2",5126,"SCN1B",0.00123489854843939,NA,NA,NA
"degree_only_LCN2",5127,"ACE2",6.17806475236016e-05,NA,NA,NA
"degree_only_LCN2",5128,"SDHA",0.000611111269984921,NA,NA,NA
"degree_only_LCN2",5129,"ACACA",7.98311027262466e-05,NA,NA,NA
"degree_only_LCN2",5130,"ADCY2",0,NA,NA,NA
"degree_only_LCN2",5131,"AGTR1",7.87895413547623e-05,NA,NA,NA
"degree_only_LCN2",5132,"CACNA1B",0,NA,NA,NA
"degree_only_LCN2",5133,"KEAP1",8.90865911317151e-05,NA,NA,NA
"degree_only_LCN2",5134,"ITGA5",0.00127400659039045,NA,NA,NA
"degree_only_LCN2",5135,"BTK",0.000119272845312435,NA,NA,NA
"degree_only_LCN2",5136,"ITGA5",0.00127400659039045,NA,NA,NA
"degree_only_LCN2",5137,"ITGA5",0.00127400659039045,NA,NA,NA
"degree_only_LCN2",5138,"RARA",0.000182812715244118,NA,NA,NA
"degree_only_LCN2",5139,"RYR2",4.78345186669671e-05,NA,NA,NA
"degree_only_LCN2",5140,"BTK",0.000119272845312435,NA,NA,NA
"degree_only_LCN2",5141,"NOD2",2.72727341009693e-05,NA,NA,NA
"degree_only_LCN2",5142,"CACNA1B",0,NA,NA,NA
"degree_only_LCN2",5143,"ALDH2",5.15659678518299e-05,NA,NA,NA
"degree_only_LCN2",5144,"GRIN2C",0,NA,NA,NA
"degree_only_LCN2",5145,"PCNA",0.000281828068793732,NA,NA,NA
"degree_only_LCN2",5146,"BGLAP",0.000139973984731978,NA,NA,NA
"degree_only_LCN2",5147,"ADH7",0,NA,NA,NA
"degree_only_LCN2",5148,"SDHA",0.000611111269984921,NA,NA,NA
"degree_only_LCN2",5149,"ACTG1",2.72461711825489e-06,NA,NA,NA
"degree_only_LCN2",5150,"CCR6",0,NA,NA,NA
"degree_only_LCN2",5151,"SELE",1.58407098771463e-06,NA,NA,NA
"degree_only_LCN2",5152,"BAX",8.97923976903581e-05,NA,NA,NA
"degree_only_LCN2",5153,"ACTG1",2.72461711825489e-06,NA,NA,NA
"degree_only_LCN2",5154,"MT-CYB",0.000203007681716216,NA,NA,NA
"degree_only_LCN2",5155,"ITGA5",0.00127400659039045,NA,NA,NA
"degree_only_LCN2",5156,"NCOA2",3.54820525111377e-05,NA,NA,NA
"degree_only_LCN2",5157,"RYR2",4.78345186669671e-05,NA,NA,NA
"degree_only_LCN2",5158,"SCN1B",0.00123489854843939,NA,NA,NA
"degree_only_LCN2",5159,"RARA",0.000182812715244118,NA,NA,NA
"degree_only_LCN2",5160,"NOD2",2.72727341009693e-05,NA,NA,NA
"degree_only_LCN2",5161,"PCNA",0.000281828068793732,NA,NA,NA
"degree_only_LCN2",5162,"ACE2",6.17806475236016e-05,NA,NA,NA
"degree_only_LCN2",5163,"SELE",1.58407098771463e-06,NA,NA,NA
"degree_only_LCN2",5164,"ADCY2",0,NA,NA,NA
"degree_only_LCN2",5165,"ADRB2",0.000148693401879507,NA,NA,NA
"degree_only_LCN2",5166,"ACE2",6.17806475236016e-05,NA,NA,NA
"degree_only_LCN2",5167,"KEAP1",8.90865911317151e-05,NA,NA,NA
"degree_only_LCN2",5168,"KDM1A",0,NA,NA,NA
"degree_only_LCN2",5169,"ATG5",1.93264314094499e-05,NA,NA,NA
"degree_only_LCN2",5170,"ADH4",0,NA,NA,NA
"degree_only_LCN2",5171,"PRKAG2",0.00023019859617357,NA,NA,NA
"degree_only_LCN2",5172,"TEK",0,NA,NA,NA
"degree_only_LCN2",5173,"SLC6A3",0.000164253248760127,NA,NA,NA
"degree_only_LCN2",5174,"ADH7",0,NA,NA,NA
"degree_only_LCN2",5175,"RYR2",4.78345186669671e-05,NA,NA,NA
"degree_only_LCN2",5176,"IRF1",0,NA,NA,NA
"degree_only_LCN2",5177,"NCOA2",3.54820525111377e-05,NA,NA,NA
"degree_only_LCN2",5178,"DRD2",0.000217393825030943,NA,NA,NA
"degree_only_LCN2",5179,"ADH7",0,NA,NA,NA
"degree_only_LCN2",5180,"AKR1C1",5.66614851992275e-05,NA,NA,NA
"degree_only_LCN2",5181,"EPOR",4.26416671160945e-05,NA,NA,NA
"degree_only_LCN2",5182,"SLC6A3",0.000164253248760127,NA,NA,NA
"degree_only_LCN2",5183,"ADCY2",0,NA,NA,NA
"degree_only_LCN2",5184,"AGTR1",7.87895413547623e-05,NA,NA,NA
"degree_only_LCN2",5185,"SFN",1.88836433614448e-05,NA,NA,NA
"degree_only_LCN2",5186,"ALDH3A1",7.8987277396747e-05,NA,NA,NA
"degree_only_LCN2",5187,"ACE2",6.17806475236016e-05,NA,NA,NA
"degree_only_LCN2",5188,"EPOR",4.26416671160945e-05,NA,NA,NA
"degree_only_LCN2",5189,"ADRB2",0.000148693401879507,NA,NA,NA
"degree_only_LCN2",5190,"APAF1",0,NA,NA,NA
"degree_only_LCN2",5191,"ADH7",0,NA,NA,NA
"degree_only_LCN2",5192,"CCR6",0,NA,NA,NA
"degree_only_LCN2",5193,"LGALS3",1.90104129516033e-06,NA,NA,NA
"degree_only_LCN2",5194,"TEK",0,NA,NA,NA
"degree_only_LCN2",5195,"DRD2",0.000217393825030943,NA,NA,NA
"degree_only_LCN2",5196,"ADH7",0,NA,NA,NA
"degree_only_LCN2",5197,"ADH7",0,NA,NA,NA
"degree_only_LCN2",5198,"CACNA1B",0,NA,NA,NA
"degree_only_LCN2",5199,"ATG5",1.93264314094499e-05,NA,NA,NA
"degree_only_LCN2",5200,"TGFA",3.48528190785569e-06,NA,NA,NA
"degree_only_LCN2",5201,"ADH7",0,NA,NA,NA
"degree_only_LCN2",5202,"EPOR",4.26416671160945e-05,NA,NA,NA
"degree_only_LCN2",5203,"ACTG1",2.72461711825489e-06,NA,NA,NA
"degree_only_LCN2",5204,"CCL22",0,NA,NA,NA
"degree_only_LCN2",5205,"PRKAG2",0.00023019859617357,NA,NA,NA
"degree_only_LCN2",5206,"LGALS3",1.90104129516033e-06,NA,NA,NA
"degree_only_LCN2",5207,"ATG5",1.93264314094499e-05,NA,NA,NA
"degree_only_LCN2",5208,"NOD2",2.72727341009693e-05,NA,NA,NA
"degree_only_LCN2",5209,"ALDH2",5.15659678518299e-05,NA,NA,NA
"degree_only_LCN2",5210,"BTK",0.000119272845312435,NA,NA,NA
"degree_only_LCN2",5211,"ACACA",7.98311027262466e-05,NA,NA,NA
"degree_only_LCN2",5212,"CCL22",0,NA,NA,NA
"degree_only_LCN2",5213,"SHH",1.43206732026169e-05,NA,NA,NA
"degree_only_LCN2",5214,"LGALS3",1.90104129516033e-06,NA,NA,NA
"degree_only_LCN2",5215,"PRKAG2",0.00023019859617357,NA,NA,NA
"degree_only_LCN2",5216,"NCOA2",3.54820525111377e-05,NA,NA,NA
"degree_only_LCN2",5217,"PLAU",9.12459578450431e-06,NA,NA,NA
"degree_only_LCN2",5218,"CCL22",0,NA,NA,NA
"degree_only_LCN2",5219,"SELE",1.58407098771463e-06,NA,NA,NA
"degree_only_LCN2",5220,"ADRB2",0.000148693401879507,NA,NA,NA
"degree_only_LCN2",5221,"SFN",1.88836433614448e-05,NA,NA,NA
"degree_only_LCN2",5222,"CCR6",0,NA,NA,NA
"degree_only_LCN2",5223,"BAX",8.97923976903581e-05,NA,NA,NA
"degree_only_LCN2",5224,"TEK",0,NA,NA,NA
"degree_only_LCN2",5225,"ADCY2",0,NA,NA,NA
"degree_only_LCN2",5226,"SCN1B",0.00123489854843939,NA,NA,NA
"degree_only_LCN2",5227,"APAF1",0,NA,NA,NA
"degree_only_LCN2",5228,"CS",0.000203624857343709,NA,NA,NA
"degree_only_LCN2",5229,"PLAU",9.12459578450431e-06,NA,NA,NA
"degree_only_LCN2",5230,"CACNA1B",0,NA,NA,NA
"degree_only_LCN2",5231,"BAX",8.97923976903581e-05,NA,NA,NA
"degree_only_LCN2",5232,"ADRB2",0.000148693401879507,NA,NA,NA
"degree_only_LCN2",5233,"CCL22",0,NA,NA,NA
"degree_only_LCN2",5234,"TGFA",3.48528190785569e-06,NA,NA,NA
"degree_only_LCN2",5235,"BTK",0.000119272845312435,NA,NA,NA
"degree_only_LCN2",5236,"EPOR",4.26416671160945e-05,NA,NA,NA
"degree_only_LCN2",5237,"GRIN2C",0,NA,NA,NA
"degree_only_LCN2",5238,"TGFA",3.48528190785569e-06,NA,NA,NA
"degree_only_LCN2",5239,"TEK",0,NA,NA,NA
"degree_only_LCN2",5240,"BGLAP",0.000139973984731978,NA,NA,NA
"degree_only_LCN2",5241,"MT-CYB",0.000203007681716216,NA,NA,NA
"degree_only_LCN2",5242,"ACE2",6.17806475236016e-05,NA,NA,NA
"degree_only_LCN2",5243,"IRF1",0,NA,NA,NA
"degree_only_LCN2",5244,"ALDH3A1",7.8987277396747e-05,NA,NA,NA
"degree_only_LCN2",5245,"ALDH3A1",7.8987277396747e-05,NA,NA,NA
"degree_only_LCN2",5246,"RYR2",4.78345186669671e-05,NA,NA,NA
"degree_only_LCN2",5247,"TGFA",3.48528190785569e-06,NA,NA,NA
"degree_only_LCN2",5248,"RYR2",4.78345186669671e-05,NA,NA,NA
"degree_only_LCN2",5249,"BTK",0.000119272845312435,NA,NA,NA
"degree_only_LCN2",5250,"SFN",1.88836433614448e-05,NA,NA,NA
"degree_only_LCN2",5251,"SDHA",0.000611111269984921,NA,NA,NA
"degree_only_LCN2",5252,"ALDH1A3",0,NA,NA,NA
"degree_only_LCN2",5253,"SHH",1.43206732026169e-05,NA,NA,NA
"degree_only_LCN2",5254,"RARA",0.000182812715244118,NA,NA,NA
"degree_only_LCN2",5255,"MT-CYB",0.000203007681716216,NA,NA,NA
"degree_only_LCN2",5256,"SFN",1.88836433614448e-05,NA,NA,NA
"degree_only_LCN2",5257,"ACE2",6.17806475236016e-05,NA,NA,NA
"degree_only_LCN2",5258,"AGTR1",7.87895413547623e-05,NA,NA,NA
"degree_only_LCN2",5259,"SLC6A3",0.000164253248760127,NA,NA,NA
"degree_only_LCN2",5260,"NCOA2",3.54820525111377e-05,NA,NA,NA
"degree_only_LCN2",5261,"SELE",1.58407098771463e-06,NA,NA,NA
"degree_only_LCN2",5262,"NCOA2",3.54820525111377e-05,NA,NA,NA
"degree_only_LCN2",5263,"ADRB2",0.000148693401879507,NA,NA,NA
"degree_only_LCN2",5264,"BAX",8.97923976903581e-05,NA,NA,NA
"degree_only_LCN2",5265,"MT-CYB",0.000203007681716216,NA,NA,NA
"degree_only_LCN2",5266,"CS",0.000203624857343709,NA,NA,NA
"degree_only_LCN2",5267,"MT-CYB",0.000203007681716216,NA,NA,NA
"degree_only_LCN2",5268,"KEAP1",8.90865911317151e-05,NA,NA,NA
"degree_only_LCN2",5269,"KDM1A",0,NA,NA,NA
"degree_only_LCN2",5270,"RARA",0.000182812715244118,NA,NA,NA
"degree_only_LCN2",5271,"TGFA",3.48528190785569e-06,NA,NA,NA
"degree_only_LCN2",5272,"CCR6",0,NA,NA,NA
"degree_only_LCN2",5273,"ALDH3A1",7.8987277396747e-05,NA,NA,NA
"degree_only_LCN2",5274,"PCNA",0.000281828068793732,NA,NA,NA
"degree_only_LCN2",5275,"ALDH3A1",7.8987277396747e-05,NA,NA,NA
"degree_only_LCN2",5276,"SDHA",0.000611111269984921,NA,NA,NA
"degree_only_LCN2",5277,"SLC6A3",0.000164253248760127,NA,NA,NA
"degree_only_LCN2",5278,"SCN1B",0.00123489854843939,NA,NA,NA
"degree_only_LCN2",5279,"SELE",1.58407098771463e-06,NA,NA,NA
"degree_only_LCN2",5280,"PRKDC",3.48518119952512e-06,NA,NA,NA
"degree_only_LCN2",5281,"KDM1A",0,NA,NA,NA
"degree_only_LCN2",5282,"APAF1",0,NA,NA,NA
"degree_only_LCN2",5283,"ALDH1A2",0,NA,NA,NA
"degree_only_LCN2",5284,"PCNA",0.000281828068793732,NA,NA,NA
"degree_only_LCN2",5285,"ADH7",0,NA,NA,NA
"degree_only_LCN2",5286,"CCR6",0,NA,NA,NA
"degree_only_LCN2",5287,"DRD2",0.000217393825030943,NA,NA,NA
"degree_only_LCN2",5288,"NOD2",2.72727341009693e-05,NA,NA,NA
"degree_only_LCN2",5289,"CYP1B1",1.26701867375623e-06,NA,NA,NA
"degree_only_LCN2",5290,"ADRB2",0.000148693401879507,NA,NA,NA
"degree_only_LCN2",5291,"EPOR",4.26416671160945e-05,NA,NA,NA
"degree_only_LCN2",5292,"NOD2",2.72727341009693e-05,NA,NA,NA
"degree_only_LCN2",5293,"RYR2",4.78345186669671e-05,NA,NA,NA
"degree_only_LCN2",5294,"PLAU",9.12459578450431e-06,NA,NA,NA
"degree_only_LCN2",5295,"KEAP1",8.90865911317151e-05,NA,NA,NA
"degree_only_LCN2",5296,"SCN1B",0.00123489854843939,NA,NA,NA
"degree_only_LCN2",5297,"NCOA2",3.54820525111377e-05,NA,NA,NA
"degree_only_LCN2",5298,"ADH4",0,NA,NA,NA
"degree_only_LCN2",5299,"CCR6",0,NA,NA,NA
"degree_only_LCN2",5300,"AGTR1",7.87895413547623e-05,NA,NA,NA
"degree_only_LCN2",5301,"KEAP1",8.90865911317151e-05,NA,NA,NA
"degree_only_LCN2",5302,"SELE",1.58407098771463e-06,NA,NA,NA
"degree_only_LCN2",5303,"NOD2",2.72727341009693e-05,NA,NA,NA
"degree_only_LCN2",5304,"APAF1",0,NA,NA,NA
"degree_only_LCN2",5305,"MT-CYB",0.000203007681716216,NA,NA,NA
"degree_only_LCN2",5306,"ADH4",0,NA,NA,NA
"degree_only_LCN2",5307,"BGLAP",0.000139973984731978,NA,NA,NA
"degree_only_LCN2",5308,"TEK",0,NA,NA,NA
"degree_only_LCN2",5309,"TEK",0,NA,NA,NA
"degree_only_LCN2",5310,"APAF1",0,NA,NA,NA
"degree_only_LCN2",5311,"ACTG1",2.72461711825489e-06,NA,NA,NA
"degree_only_LCN2",5312,"NCOA2",3.54820525111377e-05,NA,NA,NA
"degree_only_LCN2",5313,"SCN1B",0.00123489854843939,NA,NA,NA
"degree_only_LCN2",5314,"ACTG1",2.72461711825489e-06,NA,NA,NA
"degree_only_LCN2",5315,"ALDH2",5.15659678518299e-05,NA,NA,NA
"degree_only_LCN2",5316,"LGALS3",1.90104129516033e-06,NA,NA,NA
"degree_only_LCN2",5317,"BGLAP",0.000139973984731978,NA,NA,NA
"degree_only_LCN2",5318,"ADCY1",8.87083575196179e-06,NA,NA,NA
"degree_only_LCN2",5319,"MT-CYB",0.000203007681716216,NA,NA,NA
"degree_only_LCN2",5320,"BAX",8.97923976903581e-05,NA,NA,NA
"degree_only_LCN2",5321,"SLC6A3",0.000164253248760127,NA,NA,NA
"degree_only_LCN2",5322,"ADH4",0,NA,NA,NA
"degree_only_LCN2",5323,"APAF1",0,NA,NA,NA
"degree_only_LCN2",5324,"SCN1B",0.00123489854843939,NA,NA,NA
"degree_only_LCN2",5325,"ITGA5",0.00127400659039045,NA,NA,NA
"degree_only_LCN2",5326,"SDHA",0.000611111269984921,NA,NA,NA
"degree_only_LCN2",5327,"GRIN2C",0,NA,NA,NA
"degree_only_LCN2",5328,"ALDH1A3",0,NA,NA,NA
"degree_only_LCN2",5329,"DRD2",0.000217393825030943,NA,NA,NA
"degree_only_LCN2",5330,"CCR6",0,NA,NA,NA
"degree_only_LCN2",5331,"ACACA",7.98311027262466e-05,NA,NA,NA
"degree_only_LCN2",5332,"CCR6",0,NA,NA,NA
"degree_only_LCN2",5333,"RYR2",4.78345186669671e-05,NA,NA,NA
"degree_only_LCN2",5334,"CYP1B1",1.26701867375623e-06,NA,NA,NA
"degree_only_LCN2",5335,"EPOR",4.26416671160945e-05,NA,NA,NA
"degree_only_LCN2",5336,"GRIN2C",0,NA,NA,NA
"degree_only_LCN2",5337,"CACNA1B",0,NA,NA,NA
"degree_only_LCN2",5338,"ALDH1A2",0,NA,NA,NA
"degree_only_LCN2",5339,"ALDH3A1",7.8987277396747e-05,NA,NA,NA
"degree_only_LCN2",5340,"GRIN2C",0,NA,NA,NA
"degree_only_LCN2",5341,"KDM1A",0,NA,NA,NA
"degree_only_LCN2",5342,"CYP1B1",1.26701867375623e-06,NA,NA,NA
"degree_only_LCN2",5343,"NCOA2",3.54820525111377e-05,NA,NA,NA
"degree_only_LCN2",5344,"NOD2",2.72727341009693e-05,NA,NA,NA
"degree_only_LCN2",5345,"PCNA",0.000281828068793732,NA,NA,NA
"degree_only_LCN2",5346,"BGLAP",0.000139973984731978,NA,NA,NA
"degree_only_LCN2",5347,"ACACA",7.98311027262466e-05,NA,NA,NA
"degree_only_LCN2",5348,"ADH4",0,NA,NA,NA
"degree_only_LCN2",5349,"ADCY1",8.87083575196179e-06,NA,NA,NA
"degree_only_LCN2",5350,"AKR1C1",5.66614851992275e-05,NA,NA,NA
"degree_only_LCN2",5351,"PCNA",0.000281828068793732,NA,NA,NA
"degree_only_LCN2",5352,"MT-CYB",0.000203007681716216,NA,NA,NA
"degree_only_LCN2",5353,"PLAU",9.12459578450431e-06,NA,NA,NA
"degree_only_LCN2",5354,"BTK",0.000119272845312435,NA,NA,NA
"degree_only_LCN2",5355,"MT-CYB",0.000203007681716216,NA,NA,NA
"degree_only_LCN2",5356,"ACTG1",2.72461711825489e-06,NA,NA,NA
"degree_only_LCN2",5357,"NCOA2",3.54820525111377e-05,NA,NA,NA
"degree_only_LCN2",5358,"ALDH1A2",0,NA,NA,NA
"degree_only_LCN2",5359,"ADCY2",0,NA,NA,NA
"degree_only_LCN2",5360,"SHH",1.43206732026169e-05,NA,NA,NA
"degree_only_LCN2",5361,"BAX",8.97923976903581e-05,NA,NA,NA
"degree_only_LCN2",5362,"ATG5",1.93264314094499e-05,NA,NA,NA
"degree_only_LCN2",5363,"ACACA",7.98311027262466e-05,NA,NA,NA
"degree_only_LCN2",5364,"PLAU",9.12459578450431e-06,NA,NA,NA
"degree_only_LCN2",5365,"ADH4",0,NA,NA,NA
"degree_only_LCN2",5366,"CCL22",0,NA,NA,NA
"degree_only_LCN2",5367,"PRKDC",3.48518119952512e-06,NA,NA,NA
"degree_only_LCN2",5368,"PRKAG2",0.00023019859617357,NA,NA,NA
"degree_only_LCN2",5369,"CS",0.000203624857343709,NA,NA,NA
"degree_only_LCN2",5370,"SDHA",0.000611111269984921,NA,NA,NA
"degree_only_LCN2",5371,"SELE",1.58407098771463e-06,NA,NA,NA
"degree_only_LCN2",5372,"SHH",1.43206732026169e-05,NA,NA,NA
"degree_only_LCN2",5373,"NOD2",2.72727341009693e-05,NA,NA,NA
"degree_only_LCN2",5374,"ADRB2",0.000148693401879507,NA,NA,NA
"degree_only_LCN2",5375,"IRF1",0,NA,NA,NA
"degree_only_LCN2",5376,"ALDH1A3",0,NA,NA,NA
"degree_only_LCN2",5377,"ADH4",0,NA,NA,NA
"degree_only_LCN2",5378,"ITGA5",0.00127400659039045,NA,NA,NA
"degree_only_LCN2",5379,"RARA",0.000182812715244118,NA,NA,NA
"degree_only_LCN2",5380,"SCN1B",0.00123489854843939,NA,NA,NA
"degree_only_LCN2",5381,"ALDH2",5.15659678518299e-05,NA,NA,NA
"degree_only_LCN2",5382,"PLAU",9.12459578450431e-06,NA,NA,NA
"degree_only_LCN2",5383,"MT-CYB",0.000203007681716216,NA,NA,NA
"degree_only_LCN2",5384,"PLAU",9.12459578450431e-06,NA,NA,NA
"degree_only_LCN2",5385,"ALDH1A3",0,NA,NA,NA
"degree_only_LCN2",5386,"APAF1",0,NA,NA,NA
"degree_only_LCN2",5387,"NOD2",2.72727341009693e-05,NA,NA,NA
"degree_only_LCN2",5388,"ADCY2",0,NA,NA,NA
"degree_only_LCN2",5389,"CS",0.000203624857343709,NA,NA,NA
"degree_only_LCN2",5390,"CYP1B1",1.26701867375623e-06,NA,NA,NA
"degree_only_LCN2",5391,"ADCY1",8.87083575196179e-06,NA,NA,NA
"degree_only_LCN2",5392,"PRKAG2",0.00023019859617357,NA,NA,NA
"degree_only_LCN2",5393,"SLC6A3",0.000164253248760127,NA,NA,NA
"degree_only_LCN2",5394,"ACTG1",2.72461711825489e-06,NA,NA,NA
"degree_only_LCN2",5395,"SDHA",0.000611111269984921,NA,NA,NA
"degree_only_LCN2",5396,"EPOR",4.26416671160945e-05,NA,NA,NA
"degree_only_LCN2",5397,"NCOA2",3.54820525111377e-05,NA,NA,NA
"degree_only_LCN2",5398,"ACTG1",2.72461711825489e-06,NA,NA,NA
"degree_only_LCN2",5399,"SFN",1.88836433614448e-05,NA,NA,NA
"degree_only_LCN2",5400,"PLAU",9.12459578450431e-06,NA,NA,NA
"degree_only_LCN2",5401,"CCL22",0,NA,NA,NA
"degree_only_LCN2",5402,"NOD2",2.72727341009693e-05,NA,NA,NA
"degree_only_LCN2",5403,"PRKAG2",0.00023019859617357,NA,NA,NA
"degree_only_LCN2",5404,"RYR2",4.78345186669671e-05,NA,NA,NA
"degree_only_LCN2",5405,"ADH7",0,NA,NA,NA
"degree_only_LCN2",5406,"BTK",0.000119272845312435,NA,NA,NA
"degree_only_LCN2",5407,"ACE2",6.17806475236016e-05,NA,NA,NA
"degree_only_LCN2",5408,"ADCY1",8.87083575196179e-06,NA,NA,NA
"degree_only_LCN2",5409,"TEK",0,NA,NA,NA
"degree_only_LCN2",5410,"BGLAP",0.000139973984731978,NA,NA,NA
"degree_only_LCN2",5411,"CS",0.000203624857343709,NA,NA,NA
"degree_only_LCN2",5412,"KDM1A",0,NA,NA,NA
"degree_only_LCN2",5413,"AGTR1",7.87895413547623e-05,NA,NA,NA
"degree_only_LCN2",5414,"RARA",0.000182812715244118,NA,NA,NA
"degree_only_LCN2",5415,"GRIN2C",0,NA,NA,NA
"degree_only_LCN2",5416,"DRD2",0.000217393825030943,NA,NA,NA
"degree_only_LCN2",5417,"ADRB2",0.000148693401879507,NA,NA,NA
"degree_only_LCN2",5418,"RARA",0.000182812715244118,NA,NA,NA
"degree_only_LCN2",5419,"GRIN2C",0,NA,NA,NA
"degree_only_LCN2",5420,"ITGA5",0.00127400659039045,NA,NA,NA
"degree_only_LCN2",5421,"SCN1B",0.00123489854843939,NA,NA,NA
"degree_only_LCN2",5422,"IRF1",0,NA,NA,NA
"degree_only_LCN2",5423,"ADH7",0,NA,NA,NA
"degree_only_LCN2",5424,"PCNA",0.000281828068793732,NA,NA,NA
"degree_only_LCN2",5425,"TGFA",3.48528190785569e-06,NA,NA,NA
"degree_only_LCN2",5426,"TEK",0,NA,NA,NA
"degree_only_LCN2",5427,"ACTG1",2.72461711825489e-06,NA,NA,NA
"degree_only_LCN2",5428,"PLAU",9.12459578450431e-06,NA,NA,NA
"degree_only_LCN2",5429,"EPOR",4.26416671160945e-05,NA,NA,NA
"degree_only_LCN2",5430,"ADH4",0,NA,NA,NA
"degree_only_LCN2",5431,"ACE2",6.17806475236016e-05,NA,NA,NA
"degree_only_LCN2",5432,"SDHA",0.000611111269984921,NA,NA,NA
"degree_only_LCN2",5433,"CACNA1B",0,NA,NA,NA
"degree_only_LCN2",5434,"KDM1A",0,NA,NA,NA
"degree_only_LCN2",5435,"SHH",1.43206732026169e-05,NA,NA,NA
"degree_only_LCN2",5436,"STAT4",0.000324242289791776,NA,NA,NA
"degree_only_LCN2",5437,"SHH",1.43206732026169e-05,NA,NA,NA
"degree_only_LCN2",5438,"SFN",1.88836433614448e-05,NA,NA,NA
"degree_only_LCN2",5439,"MT-CYB",0.000203007681716216,NA,NA,NA
"degree_only_LCN2",5440,"BTK",0.000119272845312435,NA,NA,NA
"degree_only_LCN2",5441,"ADRB2",0.000148693401879507,NA,NA,NA
"degree_only_LCN2",5442,"PCNA",0.000281828068793732,NA,NA,NA
"degree_only_LCN2",5443,"PCNA",0.000281828068793732,NA,NA,NA
"degree_only_LCN2",5444,"ADH4",0,NA,NA,NA
"degree_only_LCN2",5445,"NCOA2",3.54820525111377e-05,NA,NA,NA
"degree_only_LCN2",5446,"ADRB2",0.000148693401879507,NA,NA,NA
"degree_only_LCN2",5447,"PLAU",9.12459578450431e-06,NA,NA,NA
"degree_only_LCN2",5448,"MT-CYB",0.000203007681716216,NA,NA,NA
"degree_only_LCN2",5449,"BAX",8.97923976903581e-05,NA,NA,NA
"degree_only_LCN2",5450,"TGFA",3.48528190785569e-06,NA,NA,NA
"degree_only_LCN2",5451,"STAT4",0.000324242289791776,NA,NA,NA
"degree_only_LCN2",5452,"ACE2",6.17806475236016e-05,NA,NA,NA
"degree_only_LCN2",5453,"PRKAG2",0.00023019859617357,NA,NA,NA
"degree_only_LCN2",5454,"RYR2",4.78345186669671e-05,NA,NA,NA
"degree_only_LCN2",5455,"ATG5",1.93264314094499e-05,NA,NA,NA
"degree_only_LCN2",5456,"SELE",1.58407098771463e-06,NA,NA,NA
"degree_only_LCN2",5457,"CS",0.000203624857343709,NA,NA,NA
"degree_only_LCN2",5458,"ATG5",1.93264314094499e-05,NA,NA,NA
"degree_only_LCN2",5459,"CACNA1B",0,NA,NA,NA
"degree_only_LCN2",5460,"CCL22",0,NA,NA,NA
"degree_only_LCN2",5461,"MT-CYB",0.000203007681716216,NA,NA,NA
"degree_only_LCN2",5462,"ADCY2",0,NA,NA,NA
"degree_only_LCN2",5463,"TGFA",3.48528190785569e-06,NA,NA,NA
"degree_only_LCN2",5464,"ADCY2",0,NA,NA,NA
"degree_only_LCN2",5465,"ALDH2",5.15659678518299e-05,NA,NA,NA
"degree_only_LCN2",5466,"ADH4",0,NA,NA,NA
"degree_only_LCN2",5467,"SELE",1.58407098771463e-06,NA,NA,NA
"degree_only_LCN2",5468,"AKR1C1",5.66614851992275e-05,NA,NA,NA
"degree_only_LCN2",5469,"LGALS3",1.90104129516033e-06,NA,NA,NA
"degree_only_LCN2",5470,"ALDH1A2",0,NA,NA,NA
"degree_only_LCN2",5471,"AGTR1",7.87895413547623e-05,NA,NA,NA
"degree_only_LCN2",5472,"RARA",0.000182812715244118,NA,NA,NA
"degree_only_LCN2",5473,"ALDH2",5.15659678518299e-05,NA,NA,NA
"degree_only_LCN2",5474,"ALDH2",5.15659678518299e-05,NA,NA,NA
"degree_only_LCN2",5475,"RYR2",4.78345186669671e-05,NA,NA,NA
"degree_only_LCN2",5476,"ADCY2",0,NA,NA,NA
"degree_only_LCN2",5477,"NOD2",2.72727341009693e-05,NA,NA,NA
"degree_only_LCN2",5478,"ALDH3A1",7.8987277396747e-05,NA,NA,NA
"degree_only_LCN2",5479,"RARA",0.000182812715244118,NA,NA,NA
"degree_only_LCN2",5480,"ADH4",0,NA,NA,NA
"degree_only_LCN2",5481,"SLC6A3",0.000164253248760127,NA,NA,NA
"degree_only_LCN2",5482,"PRKAG2",0.00023019859617357,NA,NA,NA
"degree_only_LCN2",5483,"NCOA2",3.54820525111377e-05,NA,NA,NA
"degree_only_LCN2",5484,"ALDH3A1",7.8987277396747e-05,NA,NA,NA
"degree_only_LCN2",5485,"SDHA",0.000611111269984921,NA,NA,NA
"degree_only_LCN2",5486,"KEAP1",8.90865911317151e-05,NA,NA,NA
"degree_only_LCN2",5487,"AKR1C1",5.66614851992275e-05,NA,NA,NA
"degree_only_LCN2",5488,"ALDH1A3",0,NA,NA,NA
"degree_only_LCN2",5489,"NOD2",2.72727341009693e-05,NA,NA,NA
"degree_only_LCN2",5490,"KEAP1",8.90865911317151e-05,NA,NA,NA
"degree_only_LCN2",5491,"RARA",0.000182812715244118,NA,NA,NA
"degree_only_LCN2",5492,"MT-CYB",0.000203007681716216,NA,NA,NA
"degree_only_LCN2",5493,"KDM1A",0,NA,NA,NA
"degree_only_LCN2",5494,"ITGA5",0.00127400659039045,NA,NA,NA
"degree_only_LCN2",5495,"CCL22",0,NA,NA,NA
"degree_only_LCN2",5496,"SFN",1.88836433614448e-05,NA,NA,NA
"degree_only_LCN2",5497,"GRIN2C",0,NA,NA,NA
"degree_only_LCN2",5498,"SDHA",0.000611111269984921,NA,NA,NA
"degree_only_LCN2",5499,"ACTG1",2.72461711825489e-06,NA,NA,NA
"degree_only_LCN2",5500,"CACNA1B",0,NA,NA,NA
"degree_only_LCN2",5501,"BTK",0.000119272845312435,NA,NA,NA
"degree_only_LCN2",5502,"SELE",1.58407098771463e-06,NA,NA,NA
"degree_only_LCN2",5503,"ADRB2",0.000148693401879507,NA,NA,NA
"degree_only_LCN2",5504,"SLC6A3",0.000164253248760127,NA,NA,NA
"degree_only_LCN2",5505,"SELE",1.58407098771463e-06,NA,NA,NA
"degree_only_LCN2",5506,"KEAP1",8.90865911317151e-05,NA,NA,NA
"degree_only_LCN2",5507,"PCNA",0.000281828068793732,NA,NA,NA
"degree_only_LCN2",5508,"NOD2",2.72727341009693e-05,NA,NA,NA
"degree_only_LCN2",5509,"SHH",1.43206732026169e-05,NA,NA,NA
"degree_only_LCN2",5510,"APAF1",0,NA,NA,NA
"degree_only_LCN2",5511,"CCL22",0,NA,NA,NA
"degree_only_LCN2",5512,"CCR6",0,NA,NA,NA
"degree_only_LCN2",5513,"APAF1",0,NA,NA,NA
"degree_only_LCN2",5514,"NOD2",2.72727341009693e-05,NA,NA,NA
"degree_only_LCN2",5515,"MT-CYB",0.000203007681716216,NA,NA,NA
"degree_only_LCN2",5516,"NCOA2",3.54820525111377e-05,NA,NA,NA
"degree_only_LCN2",5517,"ADCY2",0,NA,NA,NA
"degree_only_LCN2",5518,"PLAU",9.12459578450431e-06,NA,NA,NA
"degree_only_LCN2",5519,"SHH",1.43206732026169e-05,NA,NA,NA
"degree_only_LCN2",5520,"ADCY1",8.87083575196179e-06,NA,NA,NA
"degree_only_LCN2",5521,"BGLAP",0.000139973984731978,NA,NA,NA
"degree_only_LCN2",5522,"DRD2",0.000217393825030943,NA,NA,NA
"degree_only_LCN2",5523,"SFN",1.88836433614448e-05,NA,NA,NA
"degree_only_LCN2",5524,"CACNA1B",0,NA,NA,NA
"degree_only_LCN2",5525,"ALDH2",5.15659678518299e-05,NA,NA,NA
"degree_only_LCN2",5526,"AKR1C1",5.66614851992275e-05,NA,NA,NA
"degree_only_LCN2",5527,"SDHA",0.000611111269984921,NA,NA,NA
"degree_only_LCN2",5528,"CCR6",0,NA,NA,NA
"degree_only_LCN2",5529,"ADH4",0,NA,NA,NA
"degree_only_LCN2",5530,"BAX",8.97923976903581e-05,NA,NA,NA
"degree_only_LCN2",5531,"SHH",1.43206732026169e-05,NA,NA,NA
"degree_only_LCN2",5532,"SLC6A3",0.000164253248760127,NA,NA,NA
"degree_only_LCN2",5533,"IRF1",0,NA,NA,NA
"degree_only_LCN2",5534,"GRIN2C",0,NA,NA,NA
"degree_only_LCN2",5535,"SFN",1.88836433614448e-05,NA,NA,NA
"degree_only_LCN2",5536,"PLAU",9.12459578450431e-06,NA,NA,NA
"degree_only_LCN2",5537,"ADCY2",0,NA,NA,NA
"degree_only_LCN2",5538,"GRIN2C",0,NA,NA,NA
"degree_only_LCN2",5539,"BGLAP",0.000139973984731978,NA,NA,NA
"degree_only_LCN2",5540,"TEK",0,NA,NA,NA
"degree_only_LCN2",5541,"ALDH3A1",7.8987277396747e-05,NA,NA,NA
"degree_only_LCN2",5542,"SDHA",0.000611111269984921,NA,NA,NA
"degree_only_LCN2",5543,"AGTR1",7.87895413547623e-05,NA,NA,NA
"degree_only_LCN2",5544,"TGFA",3.48528190785569e-06,NA,NA,NA
"degree_only_LCN2",5545,"EPOR",4.26416671160945e-05,NA,NA,NA
"degree_only_LCN2",5546,"ALDH3A1",7.8987277396747e-05,NA,NA,NA
"degree_only_LCN2",5547,"BAX",8.97923976903581e-05,NA,NA,NA
"degree_only_LCN2",5548,"CCR6",0,NA,NA,NA
"degree_only_LCN2",5549,"CS",0.000203624857343709,NA,NA,NA
"degree_only_LCN2",5550,"CS",0.000203624857343709,NA,NA,NA
"degree_only_LCN2",5551,"MT-CYB",0.000203007681716216,NA,NA,NA
"degree_only_LCN2",5552,"AGTR1",7.87895413547623e-05,NA,NA,NA
"degree_only_LCN2",5553,"LGALS3",1.90104129516033e-06,NA,NA,NA
"degree_only_LCN2",5554,"ADRB2",0.000148693401879507,NA,NA,NA
"degree_only_LCN2",5555,"BGLAP",0.000139973984731978,NA,NA,NA
"degree_only_LCN2",5556,"KDM1A",0,NA,NA,NA
"degree_only_LCN2",5557,"SCN1B",0.00123489854843939,NA,NA,NA
"degree_only_LCN2",5558,"ADCY1",8.87083575196179e-06,NA,NA,NA
"degree_only_LCN2",5559,"PRKAG2",0.00023019859617357,NA,NA,NA
"degree_only_LCN2",5560,"SFN",1.88836433614448e-05,NA,NA,NA
"degree_only_LCN2",5561,"KEAP1",8.90865911317151e-05,NA,NA,NA
"degree_only_LCN2",5562,"ALDH1A2",0,NA,NA,NA
"degree_only_LCN2",5563,"ACE2",6.17806475236016e-05,NA,NA,NA
"degree_only_LCN2",5564,"ITGA5",0.00127400659039045,NA,NA,NA
"degree_only_LCN2",5565,"ADRB2",0.000148693401879507,NA,NA,NA
"degree_only_LCN2",5566,"PRKAG2",0.00023019859617357,NA,NA,NA
"degree_only_LCN2",5567,"BAX",8.97923976903581e-05,NA,NA,NA
"degree_only_LCN2",5568,"SLC6A3",0.000164253248760127,NA,NA,NA
"degree_only_LCN2",5569,"SCN1B",0.00123489854843939,NA,NA,NA
"degree_only_LCN2",5570,"ADRB2",0.000148693401879507,NA,NA,NA
"degree_only_LCN2",5571,"ADCY2",0,NA,NA,NA
"degree_only_LCN2",5572,"RYR2",4.78345186669671e-05,NA,NA,NA
"degree_only_LCN2",5573,"DRD2",0.000217393825030943,NA,NA,NA
"degree_only_LCN2",5574,"ADH7",0,NA,NA,NA
"degree_only_LCN2",5575,"PRKDC",3.48518119952512e-06,NA,NA,NA
"degree_only_LCN2",5576,"CACNA1B",0,NA,NA,NA
"degree_only_LCN2",5577,"LGALS3",1.90104129516033e-06,NA,NA,NA
"degree_only_LCN2",5578,"GRIN2C",0,NA,NA,NA
"degree_only_LCN2",5579,"KEAP1",8.90865911317151e-05,NA,NA,NA
"degree_only_LCN2",5580,"ALDH3A1",7.8987277396747e-05,NA,NA,NA
"degree_only_LCN2",5581,"ADCY1",8.87083575196179e-06,NA,NA,NA
"degree_only_LCN2",5582,"TEK",0,NA,NA,NA
"degree_only_LCN2",5583,"ALDH3A1",7.8987277396747e-05,NA,NA,NA
"degree_only_LCN2",5584,"MT-CYB",0.000203007681716216,NA,NA,NA
"degree_only_LCN2",5585,"TEK",0,NA,NA,NA
"degree_only_LCN2",5586,"APAF1",0,NA,NA,NA
"degree_only_LCN2",5587,"ALDH1A2",0,NA,NA,NA
"degree_only_LCN2",5588,"EPOR",4.26416671160945e-05,NA,NA,NA
"degree_only_LCN2",5589,"PRKAG2",0.00023019859617357,NA,NA,NA
"degree_only_LCN2",5590,"LGALS3",1.90104129516033e-06,NA,NA,NA
"degree_only_LCN2",5591,"ADH4",0,NA,NA,NA
"degree_only_LCN2",5592,"ADH4",0,NA,NA,NA
"degree_only_LCN2",5593,"GRIN2C",0,NA,NA,NA
"degree_only_LCN2",5594,"BGLAP",0.000139973984731978,NA,NA,NA
"degree_only_LCN2",5595,"SDHA",0.000611111269984921,NA,NA,NA
"degree_only_LCN2",5596,"GRIN2C",0,NA,NA,NA
"degree_only_LCN2",5597,"ADH4",0,NA,NA,NA
"degree_only_LCN2",5598,"CYP1B1",1.26701867375623e-06,NA,NA,NA
"degree_only_LCN2",5599,"BGLAP",0.000139973984731978,NA,NA,NA
"degree_only_LCN2",5600,"STAT4",0.000324242289791776,NA,NA,NA
"degree_only_LCN2",5601,"ADRB2",0.000148693401879507,NA,NA,NA
"degree_only_LCN2",5602,"CYP1B1",1.26701867375623e-06,NA,NA,NA
"degree_only_LCN2",5603,"PLAU",9.12459578450431e-06,NA,NA,NA
"degree_only_LCN2",5604,"BTK",0.000119272845312435,NA,NA,NA
"degree_only_LCN2",5605,"SHH",1.43206732026169e-05,NA,NA,NA
"degree_only_LCN2",5606,"BGLAP",0.000139973984731978,NA,NA,NA
"degree_only_LCN2",5607,"ADRB2",0.000148693401879507,NA,NA,NA
"degree_only_LCN2",5608,"BGLAP",0.000139973984731978,NA,NA,NA
"degree_only_LCN2",5609,"PRKAG2",0.00023019859617357,NA,NA,NA
"degree_only_LCN2",5610,"BTK",0.000119272845312435,NA,NA,NA
"degree_only_LCN2",5611,"SELE",1.58407098771463e-06,NA,NA,NA
"degree_only_LCN2",5612,"ADH4",0,NA,NA,NA
"degree_only_LCN2",5613,"NCOA2",3.54820525111377e-05,NA,NA,NA
"degree_only_LCN2",5614,"KDM1A",0,NA,NA,NA
"degree_only_LCN2",5615,"SCN1B",0.00123489854843939,NA,NA,NA
"degree_only_LCN2",5616,"ADCY2",0,NA,NA,NA
"degree_only_LCN2",5617,"ACE2",6.17806475236016e-05,NA,NA,NA
"degree_only_LCN2",5618,"IRF1",0,NA,NA,NA
"degree_only_LCN2",5619,"STAT4",0.000324242289791776,NA,NA,NA
"degree_only_LCN2",5620,"ACTG1",2.72461711825489e-06,NA,NA,NA
"degree_only_LCN2",5621,"SELE",1.58407098771463e-06,NA,NA,NA
"degree_only_LCN2",5622,"TGFA",3.48528190785569e-06,NA,NA,NA
"degree_only_LCN2",5623,"AGTR1",7.87895413547623e-05,NA,NA,NA
"degree_only_LCN2",5624,"ITGA5",0.00127400659039045,NA,NA,NA
"degree_only_LCN2",5625,"ALDH3A1",7.8987277396747e-05,NA,NA,NA
"degree_only_LCN2",5626,"PLAU",9.12459578450431e-06,NA,NA,NA
"degree_only_LCN2",5627,"ITGA5",0.00127400659039045,NA,NA,NA
"degree_only_LCN2",5628,"SCN1B",0.00123489854843939,NA,NA,NA
"degree_only_LCN2",5629,"ADRB2",0.000148693401879507,NA,NA,NA
"degree_only_LCN2",5630,"IRF1",0,NA,NA,NA
"degree_only_LCN2",5631,"CACNA1B",0,NA,NA,NA
"degree_only_LCN2",5632,"BGLAP",0.000139973984731978,NA,NA,NA
"degree_only_LCN2",5633,"KEAP1",8.90865911317151e-05,NA,NA,NA
"degree_only_LCN2",5634,"APAF1",0,NA,NA,NA
"degree_only_LCN2",5635,"DRD2",0.000217393825030943,NA,NA,NA
"degree_only_LCN2",5636,"MT-CYB",0.000203007681716216,NA,NA,NA
"degree_only_LCN2",5637,"AGTR1",7.87895413547623e-05,NA,NA,NA
"degree_only_LCN2",5638,"ADH7",0,NA,NA,NA
"degree_only_LCN2",5639,"ADCY1",8.87083575196179e-06,NA,NA,NA
"degree_only_LCN2",5640,"SDHA",0.000611111269984921,NA,NA,NA
"degree_only_LCN2",5641,"BGLAP",0.000139973984731978,NA,NA,NA
"degree_only_LCN2",5642,"ALDH1A3",0,NA,NA,NA
"degree_only_LCN2",5643,"TEK",0,NA,NA,NA
"degree_only_LCN2",5644,"KDM1A",0,NA,NA,NA
"degree_only_LCN2",5645,"PCNA",0.000281828068793732,NA,NA,NA
"degree_only_LCN2",5646,"MT-CYB",0.000203007681716216,NA,NA,NA
"degree_only_LCN2",5647,"AGTR1",7.87895413547623e-05,NA,NA,NA
"degree_only_LCN2",5648,"STAT4",0.000324242289791776,NA,NA,NA
"degree_only_LCN2",5649,"SELE",1.58407098771463e-06,NA,NA,NA
"degree_only_LCN2",5650,"CYP1B1",1.26701867375623e-06,NA,NA,NA
"degree_only_LCN2",5651,"KDM1A",0,NA,NA,NA
"degree_only_LCN2",5652,"STAT4",0.000324242289791776,NA,NA,NA
"degree_only_LCN2",5653,"RARA",0.000182812715244118,NA,NA,NA
"degree_only_LCN2",5654,"KDM1A",0,NA,NA,NA
"degree_only_LCN2",5655,"CCL22",0,NA,NA,NA
"degree_only_LCN2",5656,"SLC6A3",0.000164253248760127,NA,NA,NA
"degree_only_LCN2",5657,"RYR2",4.78345186669671e-05,NA,NA,NA
"degree_only_LCN2",5658,"ACE2",6.17806475236016e-05,NA,NA,NA
"degree_only_LCN2",5659,"STAT4",0.000324242289791776,NA,NA,NA
"degree_only_LCN2",5660,"ALDH1A2",0,NA,NA,NA
"degree_only_LCN2",5661,"STAT4",0.000324242289791776,NA,NA,NA
"degree_only_LCN2",5662,"BTK",0.000119272845312435,NA,NA,NA
"degree_only_LCN2",5663,"CCL22",0,NA,NA,NA
"degree_only_LCN2",5664,"CYP1B1",1.26701867375623e-06,NA,NA,NA
"degree_only_LCN2",5665,"EPOR",4.26416671160945e-05,NA,NA,NA
"degree_only_LCN2",5666,"CACNA1B",0,NA,NA,NA
"degree_only_LCN2",5667,"BAX",8.97923976903581e-05,NA,NA,NA
"degree_only_LCN2",5668,"ACTG1",2.72461711825489e-06,NA,NA,NA
"degree_only_LCN2",5669,"SELE",1.58407098771463e-06,NA,NA,NA
"degree_only_LCN2",5670,"ADRB2",0.000148693401879507,NA,NA,NA
"degree_only_LCN2",5671,"TGFA",3.48528190785569e-06,NA,NA,NA
"degree_only_LCN2",5672,"ADH4",0,NA,NA,NA
"degree_only_LCN2",5673,"PRKAG2",0.00023019859617357,NA,NA,NA
"degree_only_LCN2",5674,"ACTG1",2.72461711825489e-06,NA,NA,NA
"degree_only_LCN2",5675,"SCN1B",0.00123489854843939,NA,NA,NA
"degree_only_LCN2",5676,"ITGA5",0.00127400659039045,NA,NA,NA
"degree_only_LCN2",5677,"BAX",8.97923976903581e-05,NA,NA,NA
"degree_only_LCN2",5678,"EPOR",4.26416671160945e-05,NA,NA,NA
"degree_only_LCN2",5679,"BTK",0.000119272845312435,NA,NA,NA
"degree_only_LCN2",5680,"CACNA1B",0,NA,NA,NA
"degree_only_LCN2",5681,"CS",0.000203624857343709,NA,NA,NA
"degree_only_LCN2",5682,"ADCY2",0,NA,NA,NA
"degree_only_LCN2",5683,"ADCY1",8.87083575196179e-06,NA,NA,NA
"degree_only_LCN2",5684,"PRKAG2",0.00023019859617357,NA,NA,NA
"degree_only_LCN2",5685,"BGLAP",0.000139973984731978,NA,NA,NA
"degree_only_LCN2",5686,"ACTG1",2.72461711825489e-06,NA,NA,NA
"degree_only_LCN2",5687,"BGLAP",0.000139973984731978,NA,NA,NA
"degree_only_LCN2",5688,"CYP1B1",1.26701867375623e-06,NA,NA,NA
"degree_only_LCN2",5689,"PRKAG2",0.00023019859617357,NA,NA,NA
"degree_only_LCN2",5690,"KEAP1",8.90865911317151e-05,NA,NA,NA
"degree_only_LCN2",5691,"ALDH2",5.15659678518299e-05,NA,NA,NA
"degree_only_LCN2",5692,"LGALS3",1.90104129516033e-06,NA,NA,NA
"degree_only_LCN2",5693,"ACTG1",2.72461711825489e-06,NA,NA,NA
"degree_only_LCN2",5694,"GRIN2C",0,NA,NA,NA
"degree_only_LCN2",5695,"ITGA5",0.00127400659039045,NA,NA,NA
"degree_only_LCN2",5696,"SCN1B",0.00123489854843939,NA,NA,NA
"degree_only_LCN2",5697,"EPOR",4.26416671160945e-05,NA,NA,NA
"degree_only_LCN2",5698,"ADCY1",8.87083575196179e-06,NA,NA,NA
"degree_only_LCN2",5699,"KEAP1",8.90865911317151e-05,NA,NA,NA
"degree_only_LCN2",5700,"ADH7",0,NA,NA,NA
"degree_only_LCN2",5701,"SHH",1.43206732026169e-05,NA,NA,NA
"degree_only_LCN2",5702,"AKR1C1",5.66614851992275e-05,NA,NA,NA
"degree_only_LCN2",5703,"NOD2",2.72727341009693e-05,NA,NA,NA
"degree_only_LCN2",5704,"PLAU",9.12459578450431e-06,NA,NA,NA
"degree_only_LCN2",5705,"NOD2",2.72727341009693e-05,NA,NA,NA
"degree_only_LCN2",5706,"EPOR",4.26416671160945e-05,NA,NA,NA
"degree_only_LCN2",5707,"STAT4",0.000324242289791776,NA,NA,NA
"degree_only_LCN2",5708,"AGTR1",7.87895413547623e-05,NA,NA,NA
"degree_only_LCN2",5709,"ADCY2",0,NA,NA,NA
"degree_only_LCN2",5710,"BGLAP",0.000139973984731978,NA,NA,NA
"degree_only_LCN2",5711,"CCL22",0,NA,NA,NA
"degree_only_LCN2",5712,"CACNA1B",0,NA,NA,NA
"degree_only_LCN2",5713,"TGFA",3.48528190785569e-06,NA,NA,NA
"degree_only_LCN2",5714,"ALDH3A1",7.8987277396747e-05,NA,NA,NA
"degree_only_LCN2",5715,"ALDH1A2",0,NA,NA,NA
"degree_only_LCN2",5716,"KEAP1",8.90865911317151e-05,NA,NA,NA
"degree_only_LCN2",5717,"ADCY2",0,NA,NA,NA
"degree_only_LCN2",5718,"ACE2",6.17806475236016e-05,NA,NA,NA
"degree_only_LCN2",5719,"SLC6A3",0.000164253248760127,NA,NA,NA
"degree_only_LCN2",5720,"APAF1",0,NA,NA,NA
"degree_only_LCN2",5721,"ACTG1",2.72461711825489e-06,NA,NA,NA
"degree_only_LCN2",5722,"RARA",0.000182812715244118,NA,NA,NA
"degree_only_LCN2",5723,"GRIN2C",0,NA,NA,NA
"degree_only_LCN2",5724,"SLC6A3",0.000164253248760127,NA,NA,NA
"degree_only_LCN2",5725,"ADH7",0,NA,NA,NA
"degree_only_LCN2",5726,"SELE",1.58407098771463e-06,NA,NA,NA
"degree_only_LCN2",5727,"CACNA1B",0,NA,NA,NA
"degree_only_LCN2",5728,"ACE2",6.17806475236016e-05,NA,NA,NA
"degree_only_LCN2",5729,"PRKAG2",0.00023019859617357,NA,NA,NA
"degree_only_LCN2",5730,"MT-CYB",0.000203007681716216,NA,NA,NA
"degree_only_LCN2",5731,"ATG5",1.93264314094499e-05,NA,NA,NA
"degree_only_LCN2",5732,"BTK",0.000119272845312435,NA,NA,NA
"degree_only_LCN2",5733,"ADRB2",0.000148693401879507,NA,NA,NA
"degree_only_LCN2",5734,"KEAP1",8.90865911317151e-05,NA,NA,NA
"degree_only_LCN2",5735,"PRKDC",3.48518119952512e-06,NA,NA,NA
"degree_only_LCN2",5736,"AGTR1",7.87895413547623e-05,NA,NA,NA
"degree_only_LCN2",5737,"ADCY2",0,NA,NA,NA
"degree_only_LCN2",5738,"PCNA",0.000281828068793732,NA,NA,NA
"degree_only_LCN2",5739,"RYR2",4.78345186669671e-05,NA,NA,NA
"degree_only_LCN2",5740,"DRD2",0.000217393825030943,NA,NA,NA
"degree_only_LCN2",5741,"ALDH2",5.15659678518299e-05,NA,NA,NA
"degree_only_LCN2",5742,"ITGA5",0.00127400659039045,NA,NA,NA
"degree_only_LCN2",5743,"RARA",0.000182812715244118,NA,NA,NA
"degree_only_LCN2",5744,"ADH4",0,NA,NA,NA
"degree_only_LCN2",5745,"BAX",8.97923976903581e-05,NA,NA,NA
"degree_only_LCN2",5746,"RYR2",4.78345186669671e-05,NA,NA,NA
"degree_only_LCN2",5747,"ADCY1",8.87083575196179e-06,NA,NA,NA
"degree_only_LCN2",5748,"AGTR1",7.87895413547623e-05,NA,NA,NA
"degree_only_LCN2",5749,"CCR6",0,NA,NA,NA
"degree_only_LCN2",5750,"BGLAP",0.000139973984731978,NA,NA,NA
"degree_only_LCN2",5751,"NOD2",2.72727341009693e-05,NA,NA,NA
"degree_only_LCN2",5752,"ALDH1A2",0,NA,NA,NA
"degree_only_LCN2",5753,"SFN",1.88836433614448e-05,NA,NA,NA
"degree_only_LCN2",5754,"DRD2",0.000217393825030943,NA,NA,NA
"degree_only_LCN2",5755,"AKR1C1",5.66614851992275e-05,NA,NA,NA
"degree_only_LCN2",5756,"TEK",0,NA,NA,NA
"degree_only_LCN2",5757,"GRIN2C",0,NA,NA,NA
"degree_only_LCN2",5758,"PCNA",0.000281828068793732,NA,NA,NA
"degree_only_LCN2",5759,"PCNA",0.000281828068793732,NA,NA,NA
"degree_only_LCN2",5760,"RYR2",4.78345186669671e-05,NA,NA,NA
"degree_only_LCN2",5761,"ADH4",0,NA,NA,NA
"degree_only_LCN2",5762,"ALDH2",5.15659678518299e-05,NA,NA,NA
"degree_only_LCN2",5763,"AKR1C1",5.66614851992275e-05,NA,NA,NA
"degree_only_LCN2",5764,"ATG5",1.93264314094499e-05,NA,NA,NA
"degree_only_LCN2",5765,"KEAP1",8.90865911317151e-05,NA,NA,NA
"degree_only_LCN2",5766,"ITGA5",0.00127400659039045,NA,NA,NA
"degree_only_LCN2",5767,"ADRB2",0.000148693401879507,NA,NA,NA
"degree_only_LCN2",5768,"LGALS3",1.90104129516033e-06,NA,NA,NA
"degree_only_LCN2",5769,"APAF1",0,NA,NA,NA
"degree_only_LCN2",5770,"ATG5",1.93264314094499e-05,NA,NA,NA
"degree_only_LCN2",5771,"RARA",0.000182812715244118,NA,NA,NA
"degree_only_LCN2",5772,"PRKDC",3.48518119952512e-06,NA,NA,NA
"degree_only_LCN2",5773,"CCR6",0,NA,NA,NA
"degree_only_LCN2",5774,"SCN1B",0.00123489854843939,NA,NA,NA
"degree_only_LCN2",5775,"PRKDC",3.48518119952512e-06,NA,NA,NA
"degree_only_LCN2",5776,"ALDH1A2",0,NA,NA,NA
"degree_only_LCN2",5777,"SCN1B",0.00123489854843939,NA,NA,NA
"degree_only_LCN2",5778,"SELE",1.58407098771463e-06,NA,NA,NA
"degree_only_LCN2",5779,"GRIN2C",0,NA,NA,NA
"degree_only_LCN2",5780,"ITGA5",0.00127400659039045,NA,NA,NA
"degree_only_LCN2",5781,"AKR1C1",5.66614851992275e-05,NA,NA,NA
"degree_only_LCN2",5782,"GRIN2C",0,NA,NA,NA
"degree_only_LCN2",5783,"KDM1A",0,NA,NA,NA
"degree_only_LCN2",5784,"CYP1B1",1.26701867375623e-06,NA,NA,NA
"degree_only_LCN2",5785,"SCN1B",0.00123489854843939,NA,NA,NA
"degree_only_LCN2",5786,"PLAU",9.12459578450431e-06,NA,NA,NA
"degree_only_LCN2",5787,"AKR1C1",5.66614851992275e-05,NA,NA,NA
"degree_only_LCN2",5788,"ADCY2",0,NA,NA,NA
"degree_only_LCN2",5789,"SHH",1.43206732026169e-05,NA,NA,NA
"degree_only_LCN2",5790,"CACNA1B",0,NA,NA,NA
"degree_only_LCN2",5791,"ALDH1A2",0,NA,NA,NA
"degree_only_LCN2",5792,"ALDH3A1",7.8987277396747e-05,NA,NA,NA
"degree_only_LCN2",5793,"ADRB2",0.000148693401879507,NA,NA,NA
"degree_only_LCN2",5794,"SELE",1.58407098771463e-06,NA,NA,NA
"degree_only_LCN2",5795,"SLC6A3",0.000164253248760127,NA,NA,NA
"degree_only_LCN2",5796,"RYR2",4.78345186669671e-05,NA,NA,NA
"degree_only_LCN2",5797,"SLC6A3",0.000164253248760127,NA,NA,NA
"degree_only_LCN2",5798,"CCL22",0,NA,NA,NA
"degree_only_LCN2",5799,"CS",0.000203624857343709,NA,NA,NA
"degree_only_LCN2",5800,"PRKAG2",0.00023019859617357,NA,NA,NA
"degree_only_LCN2",5801,"DRD2",0.000217393825030943,NA,NA,NA
"degree_only_LCN2",5802,"STAT4",0.000324242289791776,NA,NA,NA
"degree_only_LCN2",5803,"CCL22",0,NA,NA,NA
"degree_only_LCN2",5804,"RYR2",4.78345186669671e-05,NA,NA,NA
"degree_only_LCN2",5805,"NOD2",2.72727341009693e-05,NA,NA,NA
"degree_only_LCN2",5806,"APAF1",0,NA,NA,NA
"degree_only_LCN2",5807,"CCL22",0,NA,NA,NA
"degree_only_LCN2",5808,"ALDH3A1",7.8987277396747e-05,NA,NA,NA
"degree_only_LCN2",5809,"TEK",0,NA,NA,NA
"degree_only_LCN2",5810,"NCOA2",3.54820525111377e-05,NA,NA,NA
"degree_only_LCN2",5811,"APAF1",0,NA,NA,NA
"degree_only_LCN2",5812,"PRKDC",3.48518119952512e-06,NA,NA,NA
"degree_only_LCN2",5813,"ADH7",0,NA,NA,NA
"degree_only_LCN2",5814,"ADH4",0,NA,NA,NA
"degree_only_LCN2",5815,"SHH",1.43206732026169e-05,NA,NA,NA
"degree_only_LCN2",5816,"SLC6A3",0.000164253248760127,NA,NA,NA
"degree_only_LCN2",5817,"SHH",1.43206732026169e-05,NA,NA,NA
"degree_only_LCN2",5818,"ALDH1A2",0,NA,NA,NA
"degree_only_LCN2",5819,"KDM1A",0,NA,NA,NA
"degree_only_LCN2",5820,"KEAP1",8.90865911317151e-05,NA,NA,NA
"degree_only_LCN2",5821,"ADCY2",0,NA,NA,NA
"degree_only_LCN2",5822,"ADRB2",0.000148693401879507,NA,NA,NA
"degree_only_LCN2",5823,"LGALS3",1.90104129516033e-06,NA,NA,NA
"degree_only_LCN2",5824,"PCNA",0.000281828068793732,NA,NA,NA
"degree_only_LCN2",5825,"BGLAP",0.000139973984731978,NA,NA,NA
"degree_only_LCN2",5826,"RYR2",4.78345186669671e-05,NA,NA,NA
"degree_only_LCN2",5827,"BAX",8.97923976903581e-05,NA,NA,NA
"degree_only_LCN2",5828,"KDM1A",0,NA,NA,NA
"degree_only_LCN2",5829,"PRKAG2",0.00023019859617357,NA,NA,NA
"degree_only_LCN2",5830,"MT-CYB",0.000203007681716216,NA,NA,NA
"degree_only_LCN2",5831,"CCR6",0,NA,NA,NA
"degree_only_LCN2",5832,"EPOR",4.26416671160945e-05,NA,NA,NA
"degree_only_LCN2",5833,"ADH7",0,NA,NA,NA
"degree_only_LCN2",5834,"EPOR",4.26416671160945e-05,NA,NA,NA
"degree_only_LCN2",5835,"ADRB2",0.000148693401879507,NA,NA,NA
"degree_only_LCN2",5836,"ALDH3A1",7.8987277396747e-05,NA,NA,NA
"degree_only_LCN2",5837,"BTK",0.000119272845312435,NA,NA,NA
"degree_only_LCN2",5838,"RARA",0.000182812715244118,NA,NA,NA
"degree_only_LCN2",5839,"PRKAG2",0.00023019859617357,NA,NA,NA
"degree_only_LCN2",5840,"GRIN2C",0,NA,NA,NA
"degree_only_LCN2",5841,"APAF1",0,NA,NA,NA
"degree_only_LCN2",5842,"TEK",0,NA,NA,NA
"degree_only_LCN2",5843,"DRD2",0.000217393825030943,NA,NA,NA
"degree_only_LCN2",5844,"EPOR",4.26416671160945e-05,NA,NA,NA
"degree_only_LCN2",5845,"IRF1",0,NA,NA,NA
"degree_only_LCN2",5846,"GRIN2C",0,NA,NA,NA
"degree_only_LCN2",5847,"BTK",0.000119272845312435,NA,NA,NA
"degree_only_LCN2",5848,"KDM1A",0,NA,NA,NA
"degree_only_LCN2",5849,"NOD2",2.72727341009693e-05,NA,NA,NA
"degree_only_LCN2",5850,"SDHA",0.000611111269984921,NA,NA,NA
"degree_only_LCN2",5851,"ALDH1A3",0,NA,NA,NA
"degree_only_LCN2",5852,"ALDH1A3",0,NA,NA,NA
"degree_only_LCN2",5853,"KEAP1",8.90865911317151e-05,NA,NA,NA
"degree_only_LCN2",5854,"KEAP1",8.90865911317151e-05,NA,NA,NA
"degree_only_LCN2",5855,"BGLAP",0.000139973984731978,NA,NA,NA
"degree_only_LCN2",5856,"ADCY1",8.87083575196179e-06,NA,NA,NA
"degree_only_LCN2",5857,"LGALS3",1.90104129516033e-06,NA,NA,NA
"degree_only_LCN2",5858,"CYP1B1",1.26701867375623e-06,NA,NA,NA
"degree_only_LCN2",5859,"ACTG1",2.72461711825489e-06,NA,NA,NA
"degree_only_LCN2",5860,"AKR1C1",5.66614851992275e-05,NA,NA,NA
"degree_only_LCN2",5861,"ADRB2",0.000148693401879507,NA,NA,NA
"degree_only_LCN2",5862,"ADH4",0,NA,NA,NA
"degree_only_LCN2",5863,"TGFA",3.48528190785569e-06,NA,NA,NA
"degree_only_LCN2",5864,"PRKAG2",0.00023019859617357,NA,NA,NA
"degree_only_LCN2",5865,"ACE2",6.17806475236016e-05,NA,NA,NA
"degree_only_LCN2",5866,"PLAU",9.12459578450431e-06,NA,NA,NA
"degree_only_LCN2",5867,"PRKDC",3.48518119952512e-06,NA,NA,NA
"degree_only_LCN2",5868,"ALDH2",5.15659678518299e-05,NA,NA,NA
"degree_only_LCN2",5869,"STAT4",0.000324242289791776,NA,NA,NA
"degree_only_LCN2",5870,"IRF1",0,NA,NA,NA
"degree_only_LCN2",5871,"ACACA",7.98311027262466e-05,NA,NA,NA
"degree_only_LCN2",5872,"SDHA",0.000611111269984921,NA,NA,NA
"degree_only_LCN2",5873,"IRF1",0,NA,NA,NA
"degree_only_LCN2",5874,"TGFA",3.48528190785569e-06,NA,NA,NA
"degree_only_LCN2",5875,"CCR6",0,NA,NA,NA
"degree_only_LCN2",5876,"RYR2",4.78345186669671e-05,NA,NA,NA
"degree_only_LCN2",5877,"CS",0.000203624857343709,NA,NA,NA
"degree_only_LCN2",5878,"SHH",1.43206732026169e-05,NA,NA,NA
"degree_only_LCN2",5879,"SDHA",0.000611111269984921,NA,NA,NA
"degree_only_LCN2",5880,"RYR2",4.78345186669671e-05,NA,NA,NA
"degree_only_LCN2",5881,"ACACA",7.98311027262466e-05,NA,NA,NA
"degree_only_LCN2",5882,"APAF1",0,NA,NA,NA
"degree_only_LCN2",5883,"EPOR",4.26416671160945e-05,NA,NA,NA
"degree_only_LCN2",5884,"LGALS3",1.90104129516033e-06,NA,NA,NA
"degree_only_LCN2",5885,"BGLAP",0.000139973984731978,NA,NA,NA
"degree_only_LCN2",5886,"AKR1C1",5.66614851992275e-05,NA,NA,NA
"degree_only_LCN2",5887,"ATG5",1.93264314094499e-05,NA,NA,NA
"degree_only_LCN2",5888,"KEAP1",8.90865911317151e-05,NA,NA,NA
"degree_only_LCN2",5889,"CACNA1B",0,NA,NA,NA
"degree_only_LCN2",5890,"SDHA",0.000611111269984921,NA,NA,NA
"degree_only_LCN2",5891,"APAF1",0,NA,NA,NA
"degree_only_LCN2",5892,"CACNA1B",0,NA,NA,NA
"degree_only_LCN2",5893,"PCNA",0.000281828068793732,NA,NA,NA
"degree_only_LCN2",5894,"PCNA",0.000281828068793732,NA,NA,NA
"degree_only_LCN2",5895,"EPOR",4.26416671160945e-05,NA,NA,NA
"degree_only_LCN2",5896,"NCOA2",3.54820525111377e-05,NA,NA,NA
"degree_only_LCN2",5897,"TGFA",3.48528190785569e-06,NA,NA,NA
"degree_only_LCN2",5898,"NOD2",2.72727341009693e-05,NA,NA,NA
"degree_only_LCN2",5899,"APAF1",0,NA,NA,NA
"degree_only_LCN2",5900,"GRIN2C",0,NA,NA,NA
"degree_only_LCN2",5901,"APAF1",0,NA,NA,NA
"degree_only_LCN2",5902,"ALDH2",5.15659678518299e-05,NA,NA,NA
"degree_only_LCN2",5903,"SELE",1.58407098771463e-06,NA,NA,NA
"degree_only_LCN2",5904,"RYR2",4.78345186669671e-05,NA,NA,NA
"degree_only_LCN2",5905,"GRIN2C",0,NA,NA,NA
"degree_only_LCN2",5906,"ALDH1A2",0,NA,NA,NA
"degree_only_LCN2",5907,"PRKAG2",0.00023019859617357,NA,NA,NA
"degree_only_LCN2",5908,"AGTR1",7.87895413547623e-05,NA,NA,NA
"degree_only_LCN2",5909,"RARA",0.000182812715244118,NA,NA,NA
"degree_only_LCN2",5910,"EPOR",4.26416671160945e-05,NA,NA,NA
"degree_only_LCN2",5911,"PRKDC",3.48518119952512e-06,NA,NA,NA
"degree_only_LCN2",5912,"CS",0.000203624857343709,NA,NA,NA
"degree_only_LCN2",5913,"IRF1",0,NA,NA,NA
"degree_only_LCN2",5914,"ADCY1",8.87083575196179e-06,NA,NA,NA
"degree_only_LCN2",5915,"NCOA2",3.54820525111377e-05,NA,NA,NA
"degree_only_LCN2",5916,"TGFA",3.48528190785569e-06,NA,NA,NA
"degree_only_LCN2",5917,"ALDH1A2",0,NA,NA,NA
"degree_only_LCN2",5918,"BGLAP",0.000139973984731978,NA,NA,NA
"degree_only_LCN2",5919,"NCOA2",3.54820525111377e-05,NA,NA,NA
"degree_only_LCN2",5920,"GRIN2C",0,NA,NA,NA
"degree_only_LCN2",5921,"ALDH1A2",0,NA,NA,NA
"degree_only_LCN2",5922,"ADCY1",8.87083575196179e-06,NA,NA,NA
"degree_only_LCN2",5923,"ACACA",7.98311027262466e-05,NA,NA,NA
"degree_only_LCN2",5924,"NOD2",2.72727341009693e-05,NA,NA,NA
"degree_only_LCN2",5925,"CCL22",0,NA,NA,NA
"degree_only_LCN2",5926,"ACTG1",2.72461711825489e-06,NA,NA,NA
"degree_only_LCN2",5927,"ACACA",7.98311027262466e-05,NA,NA,NA
"degree_only_LCN2",5928,"KEAP1",8.90865911317151e-05,NA,NA,NA
"degree_only_LCN2",5929,"APAF1",0,NA,NA,NA
"degree_only_LCN2",5930,"CS",0.000203624857343709,NA,NA,NA
"degree_only_LCN2",5931,"TEK",0,NA,NA,NA
"degree_only_LCN2",5932,"TGFA",3.48528190785569e-06,NA,NA,NA
"degree_only_LCN2",5933,"AGTR1",7.87895413547623e-05,NA,NA,NA
"degree_only_LCN2",5934,"RARA",0.000182812715244118,NA,NA,NA
"degree_only_LCN2",5935,"ADH4",0,NA,NA,NA
"degree_only_LCN2",5936,"ACTG1",2.72461711825489e-06,NA,NA,NA
"degree_only_LCN2",5937,"ADH7",0,NA,NA,NA
"degree_only_LCN2",5938,"IRF1",0,NA,NA,NA
"degree_only_LCN2",5939,"SFN",1.88836433614448e-05,NA,NA,NA
"degree_only_LCN2",5940,"ADRB2",0.000148693401879507,NA,NA,NA
"degree_only_LCN2",5941,"ATG5",1.93264314094499e-05,NA,NA,NA
"degree_only_LCN2",5942,"ACTG1",2.72461711825489e-06,NA,NA,NA
"degree_only_LCN2",5943,"DRD2",0.000217393825030943,NA,NA,NA
"degree_only_LCN2",5944,"LGALS3",1.90104129516033e-06,NA,NA,NA
"degree_only_LCN2",5945,"APAF1",0,NA,NA,NA
"degree_only_LCN2",5946,"MT-CYB",0.000203007681716216,NA,NA,NA
"degree_only_LCN2",5947,"CACNA1B",0,NA,NA,NA
"degree_only_LCN2",5948,"TGFA",3.48528190785569e-06,NA,NA,NA
"degree_only_LCN2",5949,"SFN",1.88836433614448e-05,NA,NA,NA
"degree_only_LCN2",5950,"SLC6A3",0.000164253248760127,NA,NA,NA
"degree_only_LCN2",5951,"ITGA5",0.00127400659039045,NA,NA,NA
"degree_only_LCN2",5952,"ALDH3A1",7.8987277396747e-05,NA,NA,NA
"degree_only_LCN2",5953,"TEK",0,NA,NA,NA
"degree_only_LCN2",5954,"ATG5",1.93264314094499e-05,NA,NA,NA
"degree_only_LCN2",5955,"BAX",8.97923976903581e-05,NA,NA,NA
"degree_only_LCN2",5956,"RARA",0.000182812715244118,NA,NA,NA
"degree_only_LCN2",5957,"CCR6",0,NA,NA,NA
"degree_only_LCN2",5958,"SCN1B",0.00123489854843939,NA,NA,NA
"degree_only_LCN2",5959,"ALDH3A1",7.8987277396747e-05,NA,NA,NA
"degree_only_LCN2",5960,"DRD2",0.000217393825030943,NA,NA,NA
"degree_only_LCN2",5961,"LGALS3",1.90104129516033e-06,NA,NA,NA
"degree_only_LCN2",5962,"PRKDC",3.48518119952512e-06,NA,NA,NA
"degree_only_LCN2",5963,"AGTR1",7.87895413547623e-05,NA,NA,NA
"degree_only_LCN2",5964,"KDM1A",0,NA,NA,NA
"degree_only_LCN2",5965,"ADCY1",8.87083575196179e-06,NA,NA,NA
"degree_only_LCN2",5966,"TGFA",3.48528190785569e-06,NA,NA,NA
"degree_only_LCN2",5967,"ADH4",0,NA,NA,NA
"degree_only_LCN2",5968,"NOD2",2.72727341009693e-05,NA,NA,NA
"degree_only_LCN2",5969,"ADCY1",8.87083575196179e-06,NA,NA,NA
"degree_only_LCN2",5970,"IRF1",0,NA,NA,NA
"degree_only_LCN2",5971,"PRKAG2",0.00023019859617357,NA,NA,NA
"degree_only_LCN2",5972,"GRIN2C",0,NA,NA,NA
"degree_only_LCN2",5973,"SCN1B",0.00123489854843939,NA,NA,NA
"degree_only_LCN2",5974,"ACACA",7.98311027262466e-05,NA,NA,NA
"degree_only_LCN2",5975,"AGTR1",7.87895413547623e-05,NA,NA,NA
"degree_only_LCN2",5976,"NOD2",2.72727341009693e-05,NA,NA,NA
"degree_only_LCN2",5977,"NCOA2",3.54820525111377e-05,NA,NA,NA
"degree_only_LCN2",5978,"KDM1A",0,NA,NA,NA
"degree_only_LCN2",5979,"CYP1B1",1.26701867375623e-06,NA,NA,NA
"degree_only_LCN2",5980,"NCOA2",3.54820525111377e-05,NA,NA,NA
"degree_only_LCN2",5981,"TEK",0,NA,NA,NA
"degree_only_LCN2",5982,"ITGA5",0.00127400659039045,NA,NA,NA
"degree_only_LCN2",5983,"RYR2",4.78345186669671e-05,NA,NA,NA
"degree_only_LCN2",5984,"CS",0.000203624857343709,NA,NA,NA
"degree_only_LCN2",5985,"SCN1B",0.00123489854843939,NA,NA,NA
"degree_only_LCN2",5986,"PRKDC",3.48518119952512e-06,NA,NA,NA
"degree_only_LCN2",5987,"ADRB2",0.000148693401879507,NA,NA,NA
"degree_only_LCN2",5988,"TEK",0,NA,NA,NA
"degree_only_LCN2",5989,"TGFA",3.48528190785569e-06,NA,NA,NA
"degree_only_LCN2",5990,"AGTR1",7.87895413547623e-05,NA,NA,NA
"degree_only_LCN2",5991,"ADCY1",8.87083575196179e-06,NA,NA,NA
"degree_only_LCN2",5992,"DRD2",0.000217393825030943,NA,NA,NA
"degree_only_LCN2",5993,"CCL22",0,NA,NA,NA
"degree_only_LCN2",5994,"PRKAG2",0.00023019859617357,NA,NA,NA
"degree_only_LCN2",5995,"ALDH3A1",7.8987277396747e-05,NA,NA,NA
"degree_only_LCN2",5996,"SHH",1.43206732026169e-05,NA,NA,NA
"degree_only_LCN2",5997,"TGFA",3.48528190785569e-06,NA,NA,NA
"degree_only_LCN2",5998,"ADH7",0,NA,NA,NA
"degree_only_LCN2",5999,"ALDH2",5.15659678518299e-05,NA,NA,NA
"degree_only_LCN2",6000,"BAX",8.97923976903581e-05,NA,NA,NA
"degree_only_LCN2",6001,"SLC6A3",0.000164253248760127,NA,NA,NA
"degree_only_LCN2",6002,"ADCY2",0,NA,NA,NA
"degree_only_LCN2",6003,"GRIN2C",0,NA,NA,NA
"degree_only_LCN2",6004,"SHH",1.43206732026169e-05,NA,NA,NA
"degree_only_LCN2",6005,"RARA",0.000182812715244118,NA,NA,NA
"degree_only_LCN2",6006,"KEAP1",8.90865911317151e-05,NA,NA,NA
"degree_only_LCN2",6007,"GRIN2C",0,NA,NA,NA
"degree_only_LCN2",6008,"IRF1",0,NA,NA,NA
"degree_only_LCN2",6009,"RARA",0.000182812715244118,NA,NA,NA
"degree_only_LCN2",6010,"ADH4",0,NA,NA,NA
"degree_only_LCN2",6011,"RYR2",4.78345186669671e-05,NA,NA,NA
"degree_only_LCN2",6012,"CS",0.000203624857343709,NA,NA,NA
"degree_only_LCN2",6013,"IRF1",0,NA,NA,NA
"degree_only_LCN2",6014,"BGLAP",0.000139973984731978,NA,NA,NA
"degree_only_LCN2",6015,"PCNA",0.000281828068793732,NA,NA,NA
"degree_only_LCN2",6016,"PCNA",0.000281828068793732,NA,NA,NA
"degree_only_LCN2",6017,"KDM1A",0,NA,NA,NA
"degree_only_LCN2",6018,"MT-CYB",0.000203007681716216,NA,NA,NA
"degree_only_LCN2",6019,"PRKDC",3.48518119952512e-06,NA,NA,NA
"degree_only_LCN2",6020,"AGTR1",7.87895413547623e-05,NA,NA,NA
"degree_only_LCN2",6021,"CS",0.000203624857343709,NA,NA,NA
"degree_only_LCN2",6022,"BTK",0.000119272845312435,NA,NA,NA
"degree_only_LCN2",6023,"EPOR",4.26416671160945e-05,NA,NA,NA
"degree_only_LCN2",6024,"APAF1",0,NA,NA,NA
"degree_only_LCN2",6025,"IRF1",0,NA,NA,NA
"degree_only_LCN2",6026,"SCN1B",0.00123489854843939,NA,NA,NA
"degree_only_LCN2",6027,"RYR2",4.78345186669671e-05,NA,NA,NA
"degree_only_LCN2",6028,"ADCY1",8.87083575196179e-06,NA,NA,NA
"degree_only_LCN2",6029,"CYP1B1",1.26701867375623e-06,NA,NA,NA
"degree_only_LCN2",6030,"KEAP1",8.90865911317151e-05,NA,NA,NA
"degree_only_LCN2",6031,"PRKDC",3.48518119952512e-06,NA,NA,NA
"degree_only_LCN2",6032,"MT-CYB",0.000203007681716216,NA,NA,NA
"degree_only_LCN2",6033,"CCR6",0,NA,NA,NA
"degree_only_LCN2",6034,"ALDH1A2",0,NA,NA,NA
"degree_only_LCN2",6035,"ALDH3A1",7.8987277396747e-05,NA,NA,NA
"degree_only_LCN2",6036,"IRF1",0,NA,NA,NA
"degree_only_LCN2",6037,"SLC6A3",0.000164253248760127,NA,NA,NA
"degree_only_LCN2",6038,"SHH",1.43206732026169e-05,NA,NA,NA
"degree_only_LCN2",6039,"LGALS3",1.90104129516033e-06,NA,NA,NA
"degree_only_LCN2",6040,"AKR1C1",5.66614851992275e-05,NA,NA,NA
"degree_only_LCN2",6041,"NOD2",2.72727341009693e-05,NA,NA,NA
"degree_only_LCN2",6042,"SLC6A3",0.000164253248760127,NA,NA,NA
"degree_only_LCN2",6043,"NOD2",2.72727341009693e-05,NA,NA,NA
"degree_only_LCN2",6044,"SELE",1.58407098771463e-06,NA,NA,NA
"degree_only_LCN2",6045,"SDHA",0.000611111269984921,NA,NA,NA
"degree_only_LCN2",6046,"KEAP1",8.90865911317151e-05,NA,NA,NA
"degree_only_LCN2",6047,"SCN1B",0.00123489854843939,NA,NA,NA
"degree_only_LCN2",6048,"ACE2",6.17806475236016e-05,NA,NA,NA
"degree_only_LCN2",6049,"PRKAG2",0.00023019859617357,NA,NA,NA
"degree_only_LCN2",6050,"ALDH1A3",0,NA,NA,NA
"degree_only_LCN2",6051,"ACE2",6.17806475236016e-05,NA,NA,NA
"degree_only_LCN2",6052,"ADCY1",8.87083575196179e-06,NA,NA,NA
"degree_only_LCN2",6053,"ACTG1",2.72461711825489e-06,NA,NA,NA
"degree_only_LCN2",6054,"PRKAG2",0.00023019859617357,NA,NA,NA
"degree_only_LCN2",6055,"APAF1",0,NA,NA,NA
"degree_only_LCN2",6056,"KEAP1",8.90865911317151e-05,NA,NA,NA
"degree_only_LCN2",6057,"ALDH3A1",7.8987277396747e-05,NA,NA,NA
"degree_only_LCN2",6058,"ALDH1A3",0,NA,NA,NA
"degree_only_LCN2",6059,"SCN1B",0.00123489854843939,NA,NA,NA
"degree_only_LCN2",6060,"CCL22",0,NA,NA,NA
"degree_only_LCN2",6061,"ATG5",1.93264314094499e-05,NA,NA,NA
"degree_only_LCN2",6062,"KEAP1",8.90865911317151e-05,NA,NA,NA
"degree_only_LCN2",6063,"ALDH1A3",0,NA,NA,NA
"degree_only_LCN2",6064,"BGLAP",0.000139973984731978,NA,NA,NA
"degree_only_LCN2",6065,"ALDH1A2",0,NA,NA,NA
"degree_only_LCN2",6066,"SFN",1.88836433614448e-05,NA,NA,NA
"degree_only_LCN2",6067,"PRKAG2",0.00023019859617357,NA,NA,NA
"degree_only_LCN2",6068,"PRKDC",3.48518119952512e-06,NA,NA,NA
"degree_only_LCN2",6069,"EPOR",4.26416671160945e-05,NA,NA,NA
"degree_only_LCN2",6070,"DRD2",0.000217393825030943,NA,NA,NA
"degree_only_LCN2",6071,"ITGA5",0.00127400659039045,NA,NA,NA
"degree_only_LCN2",6072,"NOD2",2.72727341009693e-05,NA,NA,NA
"degree_only_LCN2",6073,"MT-CYB",0.000203007681716216,NA,NA,NA
"degree_only_LCN2",6074,"SFN",1.88836433614448e-05,NA,NA,NA
"degree_only_LCN2",6075,"SELE",1.58407098771463e-06,NA,NA,NA
"degree_only_LCN2",6076,"RARA",0.000182812715244118,NA,NA,NA
"degree_only_LCN2",6077,"ACE2",6.17806475236016e-05,NA,NA,NA
"degree_only_LCN2",6078,"PLAU",9.12459578450431e-06,NA,NA,NA
"degree_only_LCN2",6079,"MT-CYB",0.000203007681716216,NA,NA,NA
"degree_only_LCN2",6080,"BGLAP",0.000139973984731978,NA,NA,NA
"degree_only_LCN2",6081,"BGLAP",0.000139973984731978,NA,NA,NA
"degree_only_LCN2",6082,"AKR1C1",5.66614851992275e-05,NA,NA,NA
"degree_only_LCN2",6083,"ALDH1A2",0,NA,NA,NA
"degree_only_LCN2",6084,"MT-CYB",0.000203007681716216,NA,NA,NA
"degree_only_LCN2",6085,"DRD2",0.000217393825030943,NA,NA,NA
"degree_only_LCN2",6086,"DRD2",0.000217393825030943,NA,NA,NA
"degree_only_LCN2",6087,"ADCY1",8.87083575196179e-06,NA,NA,NA
"degree_only_LCN2",6088,"NOD2",2.72727341009693e-05,NA,NA,NA
"degree_only_LCN2",6089,"KDM1A",0,NA,NA,NA
"degree_only_LCN2",6090,"PRKDC",3.48518119952512e-06,NA,NA,NA
"degree_only_LCN2",6091,"AKR1C1",5.66614851992275e-05,NA,NA,NA
"degree_only_LCN2",6092,"LGALS3",1.90104129516033e-06,NA,NA,NA
"degree_only_LCN2",6093,"CS",0.000203624857343709,NA,NA,NA
"degree_only_LCN2",6094,"PRKDC",3.48518119952512e-06,NA,NA,NA
"degree_only_LCN2",6095,"LGALS3",1.90104129516033e-06,NA,NA,NA
"degree_only_LCN2",6096,"ACE2",6.17806475236016e-05,NA,NA,NA
"degree_only_LCN2",6097,"CCL22",0,NA,NA,NA
"degree_only_LCN2",6098,"ALDH1A3",0,NA,NA,NA
"degree_only_LCN2",6099,"TEK",0,NA,NA,NA
"degree_only_LCN2",6100,"NOD2",2.72727341009693e-05,NA,NA,NA
"degree_only_LCN2",6101,"BTK",0.000119272845312435,NA,NA,NA
"degree_only_LCN2",6102,"AKR1C1",5.66614851992275e-05,NA,NA,NA
"degree_only_LCN2",6103,"APAF1",0,NA,NA,NA
"degree_only_LCN2",6104,"SDHA",0.000611111269984921,NA,NA,NA
"degree_only_LCN2",6105,"SELE",1.58407098771463e-06,NA,NA,NA
"degree_only_LCN2",6106,"ADH7",0,NA,NA,NA
"degree_only_LCN2",6107,"PRKAG2",0.00023019859617357,NA,NA,NA
"degree_only_LCN2",6108,"ALDH3A1",7.8987277396747e-05,NA,NA,NA
"degree_only_LCN2",6109,"MT-CYB",0.000203007681716216,NA,NA,NA
"degree_only_LCN2",6110,"BAX",8.97923976903581e-05,NA,NA,NA
"degree_only_LCN2",6111,"CACNA1B",0,NA,NA,NA
"degree_only_LCN2",6112,"EPOR",4.26416671160945e-05,NA,NA,NA
"degree_only_LCN2",6113,"PRKAG2",0.00023019859617357,NA,NA,NA
"degree_only_LCN2",6114,"EPOR",4.26416671160945e-05,NA,NA,NA
"degree_only_LCN2",6115,"ADRB2",0.000148693401879507,NA,NA,NA
"degree_only_LCN2",6116,"SFN",1.88836433614448e-05,NA,NA,NA
"degree_only_LCN2",6117,"RYR2",4.78345186669671e-05,NA,NA,NA
"degree_only_LCN2",6118,"ACACA",7.98311027262466e-05,NA,NA,NA
"degree_only_LCN2",6119,"BGLAP",0.000139973984731978,NA,NA,NA
"degree_only_LCN2",6120,"BGLAP",0.000139973984731978,NA,NA,NA
"degree_only_LCN2",6121,"ALDH2",5.15659678518299e-05,NA,NA,NA
"degree_only_LCN2",6122,"BAX",8.97923976903581e-05,NA,NA,NA
"degree_only_LCN2",6123,"SHH",1.43206732026169e-05,NA,NA,NA
"degree_only_LCN2",6124,"ADH7",0,NA,NA,NA
"degree_only_LCN2",6125,"GRIN2C",0,NA,NA,NA
"degree_only_LCN2",6126,"BGLAP",0.000139973984731978,NA,NA,NA
"degree_only_LCN2",6127,"ACACA",7.98311027262466e-05,NA,NA,NA
"degree_only_LCN2",6128,"SELE",1.58407098771463e-06,NA,NA,NA
"degree_only_LCN2",6129,"AGTR1",7.87895413547623e-05,NA,NA,NA
"degree_only_LCN2",6130,"ALDH1A2",0,NA,NA,NA
"degree_only_LCN2",6131,"SFN",1.88836433614448e-05,NA,NA,NA
"degree_only_LCN2",6132,"SCN1B",0.00123489854843939,NA,NA,NA
"degree_only_LCN2",6133,"APAF1",0,NA,NA,NA
"degree_only_LCN2",6134,"TEK",0,NA,NA,NA
"degree_only_LCN2",6135,"ALDH1A2",0,NA,NA,NA
"degree_only_LCN2",6136,"IRF1",0,NA,NA,NA
"degree_only_LCN2",6137,"ADRB2",0.000148693401879507,NA,NA,NA
"degree_only_LCN2",6138,"RYR2",4.78345186669671e-05,NA,NA,NA
"degree_only_LCN2",6139,"NOD2",2.72727341009693e-05,NA,NA,NA
"degree_only_LCN2",6140,"ADH4",0,NA,NA,NA
"degree_only_LCN2",6141,"ADCY2",0,NA,NA,NA
"degree_only_LCN2",6142,"RARA",0.000182812715244118,NA,NA,NA
"degree_only_LCN2",6143,"SCN1B",0.00123489854843939,NA,NA,NA
"degree_only_LCN2",6144,"RYR2",4.78345186669671e-05,NA,NA,NA
"degree_only_LCN2",6145,"ALDH3A1",7.8987277396747e-05,NA,NA,NA
"degree_only_LCN2",6146,"BGLAP",0.000139973984731978,NA,NA,NA
"degree_only_LCN2",6147,"ACE2",6.17806475236016e-05,NA,NA,NA
"degree_only_LCN2",6148,"KEAP1",8.90865911317151e-05,NA,NA,NA
"degree_only_LCN2",6149,"LGALS3",1.90104129516033e-06,NA,NA,NA
"degree_only_LCN2",6150,"RARA",0.000182812715244118,NA,NA,NA
"degree_only_LCN2",6151,"TEK",0,NA,NA,NA
"degree_only_LCN2",6152,"IRF1",0,NA,NA,NA
"degree_only_LCN2",6153,"ACACA",7.98311027262466e-05,NA,NA,NA
"degree_only_LCN2",6154,"BAX",8.97923976903581e-05,NA,NA,NA
"degree_only_LCN2",6155,"TEK",0,NA,NA,NA
"degree_only_LCN2",6156,"APAF1",0,NA,NA,NA
"degree_only_LCN2",6157,"ADCY1",8.87083575196179e-06,NA,NA,NA
"degree_only_LCN2",6158,"ADH7",0,NA,NA,NA
"degree_only_LCN2",6159,"ALDH1A2",0,NA,NA,NA
"degree_only_LCN2",6160,"ACE2",6.17806475236016e-05,NA,NA,NA
"degree_only_LCN2",6161,"ADH7",0,NA,NA,NA
"degree_only_LCN2",6162,"STAT4",0.000324242289791776,NA,NA,NA
"degree_only_LCN2",6163,"ADH4",0,NA,NA,NA
"degree_only_LCN2",6164,"SHH",1.43206732026169e-05,NA,NA,NA
"degree_only_LCN2",6165,"KDM1A",0,NA,NA,NA
"degree_only_LCN2",6166,"ADRB2",0.000148693401879507,NA,NA,NA
"degree_only_LCN2",6167,"ADH4",0,NA,NA,NA
"degree_only_LCN2",6168,"BAX",8.97923976903581e-05,NA,NA,NA
"degree_only_LCN2",6169,"CCL22",0,NA,NA,NA
"degree_only_LCN2",6170,"APAF1",0,NA,NA,NA
"degree_only_LCN2",6171,"BTK",0.000119272845312435,NA,NA,NA
"degree_only_LCN2",6172,"SDHA",0.000611111269984921,NA,NA,NA
"degree_only_LCN2",6173,"ADCY2",0,NA,NA,NA
"degree_only_LCN2",6174,"SHH",1.43206732026169e-05,NA,NA,NA
"degree_only_LCN2",6175,"IRF1",0,NA,NA,NA
"degree_only_LCN2",6176,"SFN",1.88836433614448e-05,NA,NA,NA
"degree_only_LCN2",6177,"ACE2",6.17806475236016e-05,NA,NA,NA
"degree_only_LCN2",6178,"ADRB2",0.000148693401879507,NA,NA,NA
"degree_only_LCN2",6179,"NOD2",2.72727341009693e-05,NA,NA,NA
"degree_only_LCN2",6180,"CCL22",0,NA,NA,NA
"degree_only_LCN2",6181,"PLAU",9.12459578450431e-06,NA,NA,NA
"degree_only_LCN2",6182,"TGFA",3.48528190785569e-06,NA,NA,NA
"degree_only_LCN2",6183,"RYR2",4.78345186669671e-05,NA,NA,NA
"degree_only_LCN2",6184,"SCN1B",0.00123489854843939,NA,NA,NA
"degree_only_LCN2",6185,"ITGA5",0.00127400659039045,NA,NA,NA
"degree_only_LCN2",6186,"ADRB2",0.000148693401879507,NA,NA,NA
"degree_only_LCN2",6187,"PLAU",9.12459578450431e-06,NA,NA,NA
"degree_only_LCN2",6188,"GRIN2C",0,NA,NA,NA
"degree_only_LCN2",6189,"DRD2",0.000217393825030943,NA,NA,NA
"degree_only_LCN2",6190,"SFN",1.88836433614448e-05,NA,NA,NA
"degree_only_LCN2",6191,"NCOA2",3.54820525111377e-05,NA,NA,NA
"degree_only_LCN2",6192,"KEAP1",8.90865911317151e-05,NA,NA,NA
"degree_only_LCN2",6193,"STAT4",0.000324242289791776,NA,NA,NA
"degree_only_LCN2",6194,"ACTG1",2.72461711825489e-06,NA,NA,NA
"degree_only_LCN2",6195,"IRF1",0,NA,NA,NA
"degree_only_LCN2",6196,"GRIN2C",0,NA,NA,NA
"degree_only_LCN2",6197,"BGLAP",0.000139973984731978,NA,NA,NA
"degree_only_LCN2",6198,"CYP1B1",1.26701867375623e-06,NA,NA,NA
"degree_only_LCN2",6199,"SDHA",0.000611111269984921,NA,NA,NA
"degree_only_LCN2",6200,"APAF1",0,NA,NA,NA
"degree_only_LCN2",6201,"ADH4",0,NA,NA,NA
"degree_only_LCN2",6202,"ADRB2",0.000148693401879507,NA,NA,NA
"degree_only_LCN2",6203,"ALDH1A3",0,NA,NA,NA
"degree_only_LCN2",6204,"AKR1C1",5.66614851992275e-05,NA,NA,NA
"degree_only_LCN2",6205,"LGALS3",1.90104129516033e-06,NA,NA,NA
"degree_only_LCN2",6206,"ADH7",0,NA,NA,NA
"degree_only_LCN2",6207,"CACNA1B",0,NA,NA,NA
"degree_only_LCN2",6208,"ALDH1A3",0,NA,NA,NA
"degree_only_LCN2",6209,"CCR6",0,NA,NA,NA
"degree_only_LCN2",6210,"KDM1A",0,NA,NA,NA
"degree_only_LCN2",6211,"CYP1B1",1.26701867375623e-06,NA,NA,NA
"degree_only_LCN2",6212,"SDHA",0.000611111269984921,NA,NA,NA
"degree_only_LCN2",6213,"ADCY2",0,NA,NA,NA
"degree_only_LCN2",6214,"ADCY1",8.87083575196179e-06,NA,NA,NA
"degree_only_LCN2",6215,"ACTG1",2.72461711825489e-06,NA,NA,NA
"degree_only_LCN2",6216,"TEK",0,NA,NA,NA
"degree_only_LCN2",6217,"SDHA",0.000611111269984921,NA,NA,NA
"degree_only_LCN2",6218,"CCL22",0,NA,NA,NA
"degree_only_LCN2",6219,"ALDH1A3",0,NA,NA,NA
"degree_only_LCN2",6220,"IRF1",0,NA,NA,NA
"degree_only_LCN2",6221,"ATG5",1.93264314094499e-05,NA,NA,NA
"degree_only_LCN2",6222,"TEK",0,NA,NA,NA
"degree_only_LCN2",6223,"TEK",0,NA,NA,NA
"degree_only_LCN2",6224,"IRF1",0,NA,NA,NA
"degree_only_LCN2",6225,"ALDH3A1",7.8987277396747e-05,NA,NA,NA
"degree_only_LCN2",6226,"ADCY2",0,NA,NA,NA
"degree_only_LCN2",6227,"PCNA",0.000281828068793732,NA,NA,NA
"degree_only_LCN2",6228,"ADH7",0,NA,NA,NA
"degree_only_LCN2",6229,"SHH",1.43206732026169e-05,NA,NA,NA
"degree_only_LCN2",6230,"CCL22",0,NA,NA,NA
"degree_only_LCN2",6231,"ADCY1",8.87083575196179e-06,NA,NA,NA
"degree_only_LCN2",6232,"KDM1A",0,NA,NA,NA
"degree_only_LCN2",6233,"ACTG1",2.72461711825489e-06,NA,NA,NA
"degree_only_LCN2",6234,"ALDH3A1",7.8987277396747e-05,NA,NA,NA
"degree_only_LCN2",6235,"CYP1B1",1.26701867375623e-06,NA,NA,NA
"degree_only_LCN2",6236,"AKR1C1",5.66614851992275e-05,NA,NA,NA
"degree_only_LCN2",6237,"MT-CYB",0.000203007681716216,NA,NA,NA
"degree_only_LCN2",6238,"GRIN2C",0,NA,NA,NA
"degree_only_LCN2",6239,"MT-CYB",0.000203007681716216,NA,NA,NA
"degree_only_LCN2",6240,"ACACA",7.98311027262466e-05,NA,NA,NA
"degree_only_LCN2",6241,"SFN",1.88836433614448e-05,NA,NA,NA
"degree_only_LCN2",6242,"EPOR",4.26416671160945e-05,NA,NA,NA
"degree_only_LCN2",6243,"LGALS3",1.90104129516033e-06,NA,NA,NA
"degree_only_LCN2",6244,"ACE2",6.17806475236016e-05,NA,NA,NA
"degree_only_LCN2",6245,"ALDH1A2",0,NA,NA,NA
"degree_only_LCN2",6246,"ACACA",7.98311027262466e-05,NA,NA,NA
"degree_only_LCN2",6247,"ACACA",7.98311027262466e-05,NA,NA,NA
"degree_only_LCN2",6248,"ADRB2",0.000148693401879507,NA,NA,NA
"degree_only_LCN2",6249,"ADRB2",0.000148693401879507,NA,NA,NA
"degree_only_LCN2",6250,"ALDH2",5.15659678518299e-05,NA,NA,NA
"degree_only_LCN2",6251,"PRKAG2",0.00023019859617357,NA,NA,NA
"degree_only_LCN2",6252,"SDHA",0.000611111269984921,NA,NA,NA
"degree_only_LCN2",6253,"ADCY2",0,NA,NA,NA
"degree_only_LCN2",6254,"ADH4",0,NA,NA,NA
"degree_only_LCN2",6255,"KEAP1",8.90865911317151e-05,NA,NA,NA
"degree_only_LCN2",6256,"IRF1",0,NA,NA,NA
"degree_only_LCN2",6257,"PCNA",0.000281828068793732,NA,NA,NA
"degree_only_LCN2",6258,"ACTG1",2.72461711825489e-06,NA,NA,NA
"degree_only_LCN2",6259,"ADH4",0,NA,NA,NA
"degree_only_LCN2",6260,"ALDH3A1",7.8987277396747e-05,NA,NA,NA
"degree_only_LCN2",6261,"NCOA2",3.54820525111377e-05,NA,NA,NA
"degree_only_LCN2",6262,"CCR6",0,NA,NA,NA
"degree_only_LCN2",6263,"EPOR",4.26416671160945e-05,NA,NA,NA
"degree_only_LCN2",6264,"RARA",0.000182812715244118,NA,NA,NA
"degree_only_LCN2",6265,"PRKDC",3.48518119952512e-06,NA,NA,NA
"degree_only_LCN2",6266,"RYR2",4.78345186669671e-05,NA,NA,NA
"degree_only_LCN2",6267,"BGLAP",0.000139973984731978,NA,NA,NA
"degree_only_LCN2",6268,"EPOR",4.26416671160945e-05,NA,NA,NA
"degree_only_LCN2",6269,"NOD2",2.72727341009693e-05,NA,NA,NA
"degree_only_LCN2",6270,"SLC6A3",0.000164253248760127,NA,NA,NA
"degree_only_LCN2",6271,"ADH7",0,NA,NA,NA
"degree_only_LCN2",6272,"CCR6",0,NA,NA,NA
"degree_only_LCN2",6273,"ACE2",6.17806475236016e-05,NA,NA,NA
"degree_only_LCN2",6274,"PRKDC",3.48518119952512e-06,NA,NA,NA
"degree_only_LCN2",6275,"CYP1B1",1.26701867375623e-06,NA,NA,NA
"degree_only_LCN2",6276,"CACNA1B",0,NA,NA,NA
"degree_only_LCN2",6277,"ALDH1A2",0,NA,NA,NA
"degree_only_LCN2",6278,"ACE2",6.17806475236016e-05,NA,NA,NA
"degree_only_LCN2",6279,"IRF1",0,NA,NA,NA
"degree_only_LCN2",6280,"ITGA5",0.00127400659039045,NA,NA,NA
"degree_only_LCN2",6281,"ADH7",0,NA,NA,NA
"degree_only_LCN2",6282,"KDM1A",0,NA,NA,NA
"degree_only_LCN2",6283,"LGALS3",1.90104129516033e-06,NA,NA,NA
"degree_only_LCN2",6284,"AKR1C1",5.66614851992275e-05,NA,NA,NA
"degree_only_LCN2",6285,"RARA",0.000182812715244118,NA,NA,NA
"degree_only_LCN2",6286,"BTK",0.000119272845312435,NA,NA,NA
"degree_only_LCN2",6287,"TGFA",3.48528190785569e-06,NA,NA,NA
"degree_only_LCN2",6288,"KDM1A",0,NA,NA,NA
"degree_only_LCN2",6289,"BGLAP",0.000139973984731978,NA,NA,NA
"degree_only_LCN2",6290,"APAF1",0,NA,NA,NA
"degree_only_LCN2",6291,"RARA",0.000182812715244118,NA,NA,NA
"degree_only_LCN2",6292,"EPOR",4.26416671160945e-05,NA,NA,NA
"degree_only_LCN2",6293,"ATG5",1.93264314094499e-05,NA,NA,NA
"degree_only_LCN2",6294,"SLC6A3",0.000164253248760127,NA,NA,NA
"degree_only_LCN2",6295,"BGLAP",0.000139973984731978,NA,NA,NA
"degree_only_LCN2",6296,"STAT4",0.000324242289791776,NA,NA,NA
"degree_only_LCN2",6297,"CYP1B1",1.26701867375623e-06,NA,NA,NA
"degree_only_LCN2",6298,"BTK",0.000119272845312435,NA,NA,NA
"degree_only_LCN2",6299,"KEAP1",8.90865911317151e-05,NA,NA,NA
"degree_only_LCN2",6300,"CCL22",0,NA,NA,NA
"degree_only_LCN2",6301,"SFN",1.88836433614448e-05,NA,NA,NA
"degree_only_LCN2",6302,"MT-CYB",0.000203007681716216,NA,NA,NA
"degree_only_LCN2",6303,"TGFA",3.48528190785569e-06,NA,NA,NA
"degree_only_LCN2",6304,"CS",0.000203624857343709,NA,NA,NA
"degree_only_LCN2",6305,"SCN1B",0.00123489854843939,NA,NA,NA
"degree_only_LCN2",6306,"GRIN2C",0,NA,NA,NA
"degree_only_LCN2",6307,"ACACA",7.98311027262466e-05,NA,NA,NA
"degree_only_LCN2",6308,"RARA",0.000182812715244118,NA,NA,NA
"degree_only_LCN2",6309,"ALDH1A2",0,NA,NA,NA
"degree_only_LCN2",6310,"APAF1",0,NA,NA,NA
"degree_only_LCN2",6311,"ADCY1",8.87083575196179e-06,NA,NA,NA
"degree_only_LCN2",6312,"SELE",1.58407098771463e-06,NA,NA,NA
"degree_only_LCN2",6313,"ITGA5",0.00127400659039045,NA,NA,NA
"degree_only_LCN2",6314,"ALDH1A3",0,NA,NA,NA
"degree_only_LCN2",6315,"RYR2",4.78345186669671e-05,NA,NA,NA
"degree_only_LCN2",6316,"APAF1",0,NA,NA,NA
"degree_only_LCN2",6317,"NCOA2",3.54820525111377e-05,NA,NA,NA
"degree_only_LCN2",6318,"NCOA2",3.54820525111377e-05,NA,NA,NA
"degree_only_LCN2",6319,"PLAU",9.12459578450431e-06,NA,NA,NA
"degree_only_LCN2",6320,"PCNA",0.000281828068793732,NA,NA,NA
"degree_only_LCN2",6321,"IRF1",0,NA,NA,NA
"degree_only_LCN2",6322,"SLC6A3",0.000164253248760127,NA,NA,NA
"degree_only_LCN2",6323,"SELE",1.58407098771463e-06,NA,NA,NA
"degree_only_LCN2",6324,"SHH",1.43206732026169e-05,NA,NA,NA
"degree_only_LCN2",6325,"SDHA",0.000611111269984921,NA,NA,NA
"degree_only_LCN2",6326,"PRKDC",3.48518119952512e-06,NA,NA,NA
"degree_only_LCN2",6327,"PLAU",9.12459578450431e-06,NA,NA,NA
"degree_only_LCN2",6328,"CCL22",0,NA,NA,NA
"degree_only_LCN2",6329,"LGALS3",1.90104129516033e-06,NA,NA,NA
"degree_only_LCN2",6330,"SCN1B",0.00123489854843939,NA,NA,NA
"degree_only_LCN2",6331,"SCN1B",0.00123489854843939,NA,NA,NA
"degree_only_LCN2",6332,"AGTR1",7.87895413547623e-05,NA,NA,NA
"degree_only_LCN2",6333,"GRIN2C",0,NA,NA,NA
"degree_only_LCN2",6334,"NCOA2",3.54820525111377e-05,NA,NA,NA
"degree_only_LCN2",6335,"PLAU",9.12459578450431e-06,NA,NA,NA
"degree_only_LCN2",6336,"PLAU",9.12459578450431e-06,NA,NA,NA
"degree_only_LCN2",6337,"STAT4",0.000324242289791776,NA,NA,NA
"degree_only_LCN2",6338,"CYP1B1",1.26701867375623e-06,NA,NA,NA
"degree_only_LCN2",6339,"BTK",0.000119272845312435,NA,NA,NA
"degree_only_LCN2",6340,"CCR6",0,NA,NA,NA
"degree_only_LCN2",6341,"NOD2",2.72727341009693e-05,NA,NA,NA
"degree_only_LCN2",6342,"ACTG1",2.72461711825489e-06,NA,NA,NA
"degree_only_LCN2",6343,"BTK",0.000119272845312435,NA,NA,NA
"degree_only_LCN2",6344,"ADCY2",0,NA,NA,NA
"degree_only_LCN2",6345,"AGTR1",7.87895413547623e-05,NA,NA,NA
"degree_only_LCN2",6346,"CCR6",0,NA,NA,NA
"degree_only_LCN2",6347,"SFN",1.88836433614448e-05,NA,NA,NA
"degree_only_LCN2",6348,"DRD2",0.000217393825030943,NA,NA,NA
"degree_only_LCN2",6349,"KDM1A",0,NA,NA,NA
"degree_only_LCN2",6350,"CCL22",0,NA,NA,NA
"degree_only_LCN2",6351,"RYR2",4.78345186669671e-05,NA,NA,NA
"degree_only_LCN2",6352,"ADRB2",0.000148693401879507,NA,NA,NA
"degree_only_LCN2",6353,"CYP1B1",1.26701867375623e-06,NA,NA,NA
"degree_only_LCN2",6354,"CACNA1B",0,NA,NA,NA
"degree_only_LCN2",6355,"BAX",8.97923976903581e-05,NA,NA,NA
"degree_only_LCN2",6356,"RYR2",4.78345186669671e-05,NA,NA,NA
"degree_only_LCN2",6357,"ADH4",0,NA,NA,NA
"degree_only_LCN2",6358,"BGLAP",0.000139973984731978,NA,NA,NA
"degree_only_LCN2",6359,"MT-CYB",0.000203007681716216,NA,NA,NA
"degree_only_LCN2",6360,"PRKDC",3.48518119952512e-06,NA,NA,NA
"degree_only_LCN2",6361,"GRIN2C",0,NA,NA,NA
"degree_only_LCN2",6362,"BTK",0.000119272845312435,NA,NA,NA
"degree_only_LCN2",6363,"PCNA",0.000281828068793732,NA,NA,NA
"degree_only_LCN2",6364,"PRKDC",3.48518119952512e-06,NA,NA,NA
"degree_only_LCN2",6365,"BAX",8.97923976903581e-05,NA,NA,NA
"degree_only_LCN2",6366,"ITGA5",0.00127400659039045,NA,NA,NA
"degree_only_LCN2",6367,"CS",0.000203624857343709,NA,NA,NA
"degree_only_LCN2",6368,"TEK",0,NA,NA,NA
"degree_only_LCN2",6369,"CYP1B1",1.26701867375623e-06,NA,NA,NA
"degree_only_LCN2",6370,"ALDH1A2",0,NA,NA,NA
"degree_only_LCN2",6371,"ACTG1",2.72461711825489e-06,NA,NA,NA
"degree_only_LCN2",6372,"CCL22",0,NA,NA,NA
"degree_only_LCN2",6373,"ITGA5",0.00127400659039045,NA,NA,NA
"degree_only_LCN2",6374,"ACTG1",2.72461711825489e-06,NA,NA,NA
"degree_only_LCN2",6375,"TEK",0,NA,NA,NA
"degree_only_LCN2",6376,"CS",0.000203624857343709,NA,NA,NA
"degree_only_LCN2",6377,"ACACA",7.98311027262466e-05,NA,NA,NA
"degree_only_LCN2",6378,"MT-CYB",0.000203007681716216,NA,NA,NA
"degree_only_LCN2",6379,"ADCY1",8.87083575196179e-06,NA,NA,NA
"degree_only_LCN2",6380,"KEAP1",8.90865911317151e-05,NA,NA,NA
"degree_only_LCN2",6381,"LGALS3",1.90104129516033e-06,NA,NA,NA
"degree_only_LCN2",6382,"KDM1A",0,NA,NA,NA
"degree_only_LCN2",6383,"LGALS3",1.90104129516033e-06,NA,NA,NA
"degree_only_LCN2",6384,"NOD2",2.72727341009693e-05,NA,NA,NA
"degree_only_LCN2",6385,"APAF1",0,NA,NA,NA
"degree_only_LCN2",6386,"TEK",0,NA,NA,NA
"degree_only_LCN2",6387,"STAT4",0.000324242289791776,NA,NA,NA
"degree_only_LCN2",6388,"RARA",0.000182812715244118,NA,NA,NA
"degree_only_LCN2",6389,"SLC6A3",0.000164253248760127,NA,NA,NA
"degree_only_LCN2",6390,"LGALS3",1.90104129516033e-06,NA,NA,NA
"degree_only_LCN2",6391,"ADRB2",0.000148693401879507,NA,NA,NA
"degree_only_LCN2",6392,"RYR2",4.78345186669671e-05,NA,NA,NA
"degree_only_LCN2",6393,"ALDH2",5.15659678518299e-05,NA,NA,NA
"degree_only_LCN2",6394,"RYR2",4.78345186669671e-05,NA,NA,NA
"degree_only_LCN2",6395,"ACE2",6.17806475236016e-05,NA,NA,NA
"degree_only_LCN2",6396,"KEAP1",8.90865911317151e-05,NA,NA,NA
"degree_only_LCN2",6397,"SFN",1.88836433614448e-05,NA,NA,NA
"degree_only_LCN2",6398,"CACNA1B",0,NA,NA,NA
"degree_only_LCN2",6399,"PCNA",0.000281828068793732,NA,NA,NA
"degree_only_LCN2",6400,"STAT4",0.000324242289791776,NA,NA,NA
"degree_only_LCN2",6401,"DRD2",0.000217393825030943,NA,NA,NA
"degree_only_LCN2",6402,"ADH7",0,NA,NA,NA
"degree_only_LCN2",6403,"KDM1A",0,NA,NA,NA
"degree_only_LCN2",6404,"BAX",8.97923976903581e-05,NA,NA,NA
"degree_only_LCN2",6405,"STAT4",0.000324242289791776,NA,NA,NA
"degree_only_LCN2",6406,"NCOA2",3.54820525111377e-05,NA,NA,NA
"degree_only_LCN2",6407,"ADCY1",8.87083575196179e-06,NA,NA,NA
"degree_only_LCN2",6408,"ADCY1",8.87083575196179e-06,NA,NA,NA
"degree_only_LCN2",6409,"BGLAP",0.000139973984731978,NA,NA,NA
"degree_only_LCN2",6410,"SLC6A3",0.000164253248760127,NA,NA,NA
"degree_only_LCN2",6411,"SCN1B",0.00123489854843939,NA,NA,NA
"degree_only_LCN2",6412,"AGTR1",7.87895413547623e-05,NA,NA,NA
"degree_only_LCN2",6413,"CS",0.000203624857343709,NA,NA,NA
"degree_only_LCN2",6414,"SLC6A3",0.000164253248760127,NA,NA,NA
"degree_only_LCN2",6415,"APAF1",0,NA,NA,NA
"degree_only_LCN2",6416,"ITGA5",0.00127400659039045,NA,NA,NA
"degree_only_LCN2",6417,"GRIN2C",0,NA,NA,NA
"degree_only_LCN2",6418,"BTK",0.000119272845312435,NA,NA,NA
"degree_only_LCN2",6419,"SFN",1.88836433614448e-05,NA,NA,NA
"degree_only_LCN2",6420,"CACNA1B",0,NA,NA,NA
"degree_only_LCN2",6421,"NOD2",2.72727341009693e-05,NA,NA,NA
"degree_only_LCN2",6422,"AGTR1",7.87895413547623e-05,NA,NA,NA
"degree_only_LCN2",6423,"RYR2",4.78345186669671e-05,NA,NA,NA
"degree_only_LCN2",6424,"TEK",0,NA,NA,NA
"degree_only_LCN2",6425,"ITGA5",0.00127400659039045,NA,NA,NA
"degree_only_LCN2",6426,"ALDH1A2",0,NA,NA,NA
"degree_only_LCN2",6427,"NOD2",2.72727341009693e-05,NA,NA,NA
"degree_only_LCN2",6428,"CACNA1B",0,NA,NA,NA
"degree_only_LCN2",6429,"RYR2",4.78345186669671e-05,NA,NA,NA
"degree_only_LCN2",6430,"ALDH1A2",0,NA,NA,NA
"degree_only_LCN2",6431,"CS",0.000203624857343709,NA,NA,NA
"degree_only_LCN2",6432,"ADCY1",8.87083575196179e-06,NA,NA,NA
"degree_only_LCN2",6433,"ATG5",1.93264314094499e-05,NA,NA,NA
"degree_only_LCN2",6434,"ALDH2",5.15659678518299e-05,NA,NA,NA
"degree_only_LCN2",6435,"ALDH1A2",0,NA,NA,NA
"degree_only_LCN2",6436,"BAX",8.97923976903581e-05,NA,NA,NA
"degree_only_LCN2",6437,"KDM1A",0,NA,NA,NA
"degree_only_LCN2",6438,"PRKDC",3.48518119952512e-06,NA,NA,NA
"degree_only_LCN2",6439,"PCNA",0.000281828068793732,NA,NA,NA
"degree_only_LCN2",6440,"BTK",0.000119272845312435,NA,NA,NA
"degree_only_LCN2",6441,"ATG5",1.93264314094499e-05,NA,NA,NA
"degree_only_LCN2",6442,"ADCY1",8.87083575196179e-06,NA,NA,NA
"degree_only_LCN2",6443,"TEK",0,NA,NA,NA
"degree_only_LCN2",6444,"ACE2",6.17806475236016e-05,NA,NA,NA
"degree_only_LCN2",6445,"NOD2",2.72727341009693e-05,NA,NA,NA
"degree_only_LCN2",6446,"ALDH3A1",7.8987277396747e-05,NA,NA,NA
"degree_only_LCN2",6447,"DRD2",0.000217393825030943,NA,NA,NA
"degree_only_LCN2",6448,"ACACA",7.98311027262466e-05,NA,NA,NA
"degree_only_LCN2",6449,"CCL22",0,NA,NA,NA
"degree_only_LCN2",6450,"BAX",8.97923976903581e-05,NA,NA,NA
"degree_only_LCN2",6451,"ACACA",7.98311027262466e-05,NA,NA,NA
"degree_only_LCN2",6452,"ITGA5",0.00127400659039045,NA,NA,NA
"degree_only_LCN2",6453,"ADCY2",0,NA,NA,NA
"degree_only_LCN2",6454,"TEK",0,NA,NA,NA
"degree_only_LCN2",6455,"TGFA",3.48528190785569e-06,NA,NA,NA
"degree_only_LCN2",6456,"BTK",0.000119272845312435,NA,NA,NA
"degree_only_LCN2",6457,"SLC6A3",0.000164253248760127,NA,NA,NA
"degree_only_LCN2",6458,"LGALS3",1.90104129516033e-06,NA,NA,NA
"degree_only_LCN2",6459,"ADH4",0,NA,NA,NA
"degree_only_LCN2",6460,"KDM1A",0,NA,NA,NA
"degree_only_LCN2",6461,"LGALS3",1.90104129516033e-06,NA,NA,NA
"degree_only_LCN2",6462,"STAT4",0.000324242289791776,NA,NA,NA
"degree_only_LCN2",6463,"ALDH1A3",0,NA,NA,NA
"degree_only_LCN2",6464,"BTK",0.000119272845312435,NA,NA,NA
"degree_only_LCN2",6465,"ACE2",6.17806475236016e-05,NA,NA,NA
"degree_only_LCN2",6466,"PLAU",9.12459578450431e-06,NA,NA,NA
"degree_only_LCN2",6467,"BGLAP",0.000139973984731978,NA,NA,NA
"degree_only_LCN2",6468,"PLAU",9.12459578450431e-06,NA,NA,NA
"degree_only_LCN2",6469,"ALDH3A1",7.8987277396747e-05,NA,NA,NA
"degree_only_LCN2",6470,"KDM1A",0,NA,NA,NA
"degree_only_LCN2",6471,"ADH4",0,NA,NA,NA
"degree_only_LCN2",6472,"CACNA1B",0,NA,NA,NA
"degree_only_LCN2",6473,"ADH7",0,NA,NA,NA
"degree_only_LCN2",6474,"APAF1",0,NA,NA,NA
"degree_only_LCN2",6475,"BAX",8.97923976903581e-05,NA,NA,NA
"degree_only_LCN2",6476,"SCN1B",0.00123489854843939,NA,NA,NA
"degree_only_LCN2",6477,"CCR6",0,NA,NA,NA
"degree_only_LCN2",6478,"SFN",1.88836433614448e-05,NA,NA,NA
"degree_only_LCN2",6479,"ADH7",0,NA,NA,NA
"degree_only_LCN2",6480,"IRF1",0,NA,NA,NA
"degree_only_LCN2",6481,"ADCY2",0,NA,NA,NA
"degree_only_LCN2",6482,"ACACA",7.98311027262466e-05,NA,NA,NA
"degree_only_LCN2",6483,"CCR6",0,NA,NA,NA
"degree_only_LCN2",6484,"PRKAG2",0.00023019859617357,NA,NA,NA
"degree_only_LCN2",6485,"CACNA1B",0,NA,NA,NA
"degree_only_LCN2",6486,"NCOA2",3.54820525111377e-05,NA,NA,NA
"degree_only_LCN2",6487,"ADH7",0,NA,NA,NA
"degree_only_LCN2",6488,"ALDH3A1",7.8987277396747e-05,NA,NA,NA
"degree_only_LCN2",6489,"RARA",0.000182812715244118,NA,NA,NA
"degree_only_LCN2",6490,"NOD2",2.72727341009693e-05,NA,NA,NA
"degree_only_LCN2",6491,"ITGA5",0.00127400659039045,NA,NA,NA
"degree_only_LCN2",6492,"BTK",0.000119272845312435,NA,NA,NA
"degree_only_LCN2",6493,"PCNA",0.000281828068793732,NA,NA,NA
"degree_only_LCN2",6494,"BTK",0.000119272845312435,NA,NA,NA
"degree_only_LCN2",6495,"SELE",1.58407098771463e-06,NA,NA,NA
"degree_only_LCN2",6496,"PCNA",0.000281828068793732,NA,NA,NA
"degree_only_LCN2",6497,"KDM1A",0,NA,NA,NA
"degree_only_LCN2",6498,"STAT4",0.000324242289791776,NA,NA,NA
"degree_only_LCN2",6499,"LGALS3",1.90104129516033e-06,NA,NA,NA
"degree_only_LCN2",6500,"ALDH2",5.15659678518299e-05,NA,NA,NA
"degree_only_LCN2",6501,"EPOR",4.26416671160945e-05,NA,NA,NA
"degree_only_LCN2",6502,"TEK",0,NA,NA,NA
"degree_only_LCN2",6503,"PRKAG2",0.00023019859617357,NA,NA,NA
"degree_only_LCN2",6504,"PCNA",0.000281828068793732,NA,NA,NA
"degree_only_LCN2",6505,"STAT4",0.000324242289791776,NA,NA,NA
"degree_only_LCN2",6506,"NCOA2",3.54820525111377e-05,NA,NA,NA
"degree_only_LCN2",6507,"DRD2",0.000217393825030943,NA,NA,NA
"degree_only_LCN2",6508,"CS",0.000203624857343709,NA,NA,NA
"degree_only_LCN2",6509,"ACTG1",2.72461711825489e-06,NA,NA,NA
"degree_only_LCN2",6510,"PRKAG2",0.00023019859617357,NA,NA,NA
"degree_only_LCN2",6511,"GRIN2C",0,NA,NA,NA
"degree_only_LCN2",6512,"SLC6A3",0.000164253248760127,NA,NA,NA
"degree_only_LCN2",6513,"LGALS3",1.90104129516033e-06,NA,NA,NA
"degree_only_LCN2",6514,"ACTG1",2.72461711825489e-06,NA,NA,NA
"degree_only_LCN2",6515,"DRD2",0.000217393825030943,NA,NA,NA
"degree_only_LCN2",6516,"TEK",0,NA,NA,NA
"degree_only_LCN2",6517,"ALDH1A3",0,NA,NA,NA
"degree_only_LCN2",6518,"SELE",1.58407098771463e-06,NA,NA,NA
"degree_only_LCN2",6519,"ADRB2",0.000148693401879507,NA,NA,NA
"degree_only_LCN2",6520,"SFN",1.88836433614448e-05,NA,NA,NA
"degree_only_LCN2",6521,"APAF1",0,NA,NA,NA
"degree_only_LCN2",6522,"KDM1A",0,NA,NA,NA
"degree_only_LCN2",6523,"ALDH1A2",0,NA,NA,NA
"degree_only_LCN2",6524,"BAX",8.97923976903581e-05,NA,NA,NA
"degree_only_LCN2",6525,"RYR2",4.78345186669671e-05,NA,NA,NA
"degree_only_LCN2",6526,"BAX",8.97923976903581e-05,NA,NA,NA
"degree_only_LCN2",6527,"BAX",8.97923976903581e-05,NA,NA,NA
"degree_only_LCN2",6528,"CACNA1B",0,NA,NA,NA
"degree_only_LCN2",6529,"CACNA1B",0,NA,NA,NA
"degree_only_LCN2",6530,"ALDH3A1",7.8987277396747e-05,NA,NA,NA
"degree_only_LCN2",6531,"BGLAP",0.000139973984731978,NA,NA,NA
"degree_only_LCN2",6532,"CYP1B1",1.26701867375623e-06,NA,NA,NA
"degree_only_LCN2",6533,"ACACA",7.98311027262466e-05,NA,NA,NA
"degree_only_LCN2",6534,"ALDH1A3",0,NA,NA,NA
"degree_only_LCN2",6535,"ALDH3A1",7.8987277396747e-05,NA,NA,NA
"degree_only_LCN2",6536,"IRF1",0,NA,NA,NA
"degree_only_LCN2",6537,"BAX",8.97923976903581e-05,NA,NA,NA
"degree_only_LCN2",6538,"PRKDC",3.48518119952512e-06,NA,NA,NA
"degree_only_LCN2",6539,"LGALS3",1.90104129516033e-06,NA,NA,NA
"degree_only_LCN2",6540,"RYR2",4.78345186669671e-05,NA,NA,NA
"degree_only_LCN2",6541,"ACTG1",2.72461711825489e-06,NA,NA,NA
"degree_only_LCN2",6542,"SHH",1.43206732026169e-05,NA,NA,NA
"degree_only_LCN2",6543,"CCL22",0,NA,NA,NA
"degree_only_LCN2",6544,"ACE2",6.17806475236016e-05,NA,NA,NA
"degree_only_LCN2",6545,"ITGA5",0.00127400659039045,NA,NA,NA
"degree_only_LCN2",6546,"DRD2",0.000217393825030943,NA,NA,NA
"degree_only_LCN2",6547,"CACNA1B",0,NA,NA,NA
"degree_only_LCN2",6548,"CCL22",0,NA,NA,NA
"degree_only_LCN2",6549,"ACACA",7.98311027262466e-05,NA,NA,NA
"degree_only_LCN2",6550,"ALDH1A3",0,NA,NA,NA
"degree_only_LCN2",6551,"CACNA1B",0,NA,NA,NA
"degree_only_LCN2",6552,"SDHA",0.000611111269984921,NA,NA,NA
"degree_only_LCN2",6553,"EPOR",4.26416671160945e-05,NA,NA,NA
"degree_only_LCN2",6554,"PRKDC",3.48518119952512e-06,NA,NA,NA
"degree_only_LCN2",6555,"ADRB2",0.000148693401879507,NA,NA,NA
"degree_only_LCN2",6556,"CYP1B1",1.26701867375623e-06,NA,NA,NA
"degree_only_LCN2",6557,"ATG5",1.93264314094499e-05,NA,NA,NA
"degree_only_LCN2",6558,"ALDH1A3",0,NA,NA,NA
"degree_only_LCN2",6559,"PCNA",0.000281828068793732,NA,NA,NA
"degree_only_LCN2",6560,"IRF1",0,NA,NA,NA
"degree_only_LCN2",6561,"LGALS3",1.90104129516033e-06,NA,NA,NA
"degree_only_LCN2",6562,"TEK",0,NA,NA,NA
"degree_only_LCN2",6563,"SCN1B",0.00123489854843939,NA,NA,NA
"degree_only_LCN2",6564,"SDHA",0.000611111269984921,NA,NA,NA
"degree_only_LCN2",6565,"RYR2",4.78345186669671e-05,NA,NA,NA
"degree_only_LCN2",6566,"ALDH3A1",7.8987277396747e-05,NA,NA,NA
"degree_only_LCN2",6567,"ADCY2",0,NA,NA,NA
"degree_only_LCN2",6568,"CS",0.000203624857343709,NA,NA,NA
"degree_only_LCN2",6569,"CACNA1B",0,NA,NA,NA
"degree_only_LCN2",6570,"SLC6A3",0.000164253248760127,NA,NA,NA
"degree_only_LCN2",6571,"ACTG1",2.72461711825489e-06,NA,NA,NA
"degree_only_LCN2",6572,"SFN",1.88836433614448e-05,NA,NA,NA
"degree_only_LCN2",6573,"SELE",1.58407098771463e-06,NA,NA,NA
"degree_only_LCN2",6574,"ADCY2",0,NA,NA,NA
"degree_only_LCN2",6575,"KDM1A",0,NA,NA,NA
"degree_only_LCN2",6576,"AKR1C1",5.66614851992275e-05,NA,NA,NA
"degree_only_LCN2",6577,"SLC6A3",0.000164253248760127,NA,NA,NA
"degree_only_LCN2",6578,"TEK",0,NA,NA,NA
"degree_only_LCN2",6579,"AKR1C1",5.66614851992275e-05,NA,NA,NA
"degree_only_LCN2",6580,"EPOR",4.26416671160945e-05,NA,NA,NA
"degree_only_LCN2",6581,"PCNA",0.000281828068793732,NA,NA,NA
"degree_only_LCN2",6582,"KDM1A",0,NA,NA,NA
"degree_only_LCN2",6583,"SLC6A3",0.000164253248760127,NA,NA,NA
"degree_only_LCN2",6584,"BGLAP",0.000139973984731978,NA,NA,NA
"degree_only_LCN2",6585,"GRIN2C",0,NA,NA,NA
"degree_only_LCN2",6586,"ALDH1A3",0,NA,NA,NA
"degree_only_LCN2",6587,"STAT4",0.000324242289791776,NA,NA,NA
"degree_only_LCN2",6588,"SELE",1.58407098771463e-06,NA,NA,NA
"degree_only_LCN2",6589,"NOD2",2.72727341009693e-05,NA,NA,NA
"degree_only_LCN2",6590,"CCL22",0,NA,NA,NA
"degree_only_LCN2",6591,"ADRB2",0.000148693401879507,NA,NA,NA
"degree_only_LCN2",6592,"SFN",1.88836433614448e-05,NA,NA,NA
"degree_only_LCN2",6593,"ADH4",0,NA,NA,NA
"degree_only_LCN2",6594,"SFN",1.88836433614448e-05,NA,NA,NA
"degree_only_LCN2",6595,"ADRB2",0.000148693401879507,NA,NA,NA
"degree_only_LCN2",6596,"CCR6",0,NA,NA,NA
"degree_only_LCN2",6597,"LGALS3",1.90104129516033e-06,NA,NA,NA
"degree_only_LCN2",6598,"ALDH1A3",0,NA,NA,NA
"degree_only_LCN2",6599,"KEAP1",8.90865911317151e-05,NA,NA,NA
"degree_only_LCN2",6600,"RYR2",4.78345186669671e-05,NA,NA,NA
"degree_only_LCN2",6601,"SLC6A3",0.000164253248760127,NA,NA,NA
"degree_only_LCN2",6602,"KEAP1",8.90865911317151e-05,NA,NA,NA
"degree_only_LCN2",6603,"SCN1B",0.00123489854843939,NA,NA,NA
"degree_only_LCN2",6604,"ALDH1A3",0,NA,NA,NA
"degree_only_LCN2",6605,"SELE",1.58407098771463e-06,NA,NA,NA
"degree_only_LCN2",6606,"APAF1",0,NA,NA,NA
"degree_only_LCN2",6607,"SELE",1.58407098771463e-06,NA,NA,NA
"degree_only_LCN2",6608,"LGALS3",1.90104129516033e-06,NA,NA,NA
"degree_only_LCN2",6609,"EPOR",4.26416671160945e-05,NA,NA,NA
"degree_only_LCN2",6610,"ALDH2",5.15659678518299e-05,NA,NA,NA
"degree_only_LCN2",6611,"ALDH2",5.15659678518299e-05,NA,NA,NA
"degree_only_LCN2",6612,"ATG5",1.93264314094499e-05,NA,NA,NA
"degree_only_LCN2",6613,"ITGA5",0.00127400659039045,NA,NA,NA
"degree_only_LCN2",6614,"GRIN2C",0,NA,NA,NA
"degree_only_LCN2",6615,"PCNA",0.000281828068793732,NA,NA,NA
"degree_only_LCN2",6616,"ADCY1",8.87083575196179e-06,NA,NA,NA
"degree_only_LCN2",6617,"RYR2",4.78345186669671e-05,NA,NA,NA
"degree_only_LCN2",6618,"ATG5",1.93264314094499e-05,NA,NA,NA
"degree_only_LCN2",6619,"ALDH2",5.15659678518299e-05,NA,NA,NA
"degree_only_LCN2",6620,"TEK",0,NA,NA,NA
"degree_only_LCN2",6621,"CCR6",0,NA,NA,NA
"degree_only_LCN2",6622,"CCR6",0,NA,NA,NA
"degree_only_LCN2",6623,"TGFA",3.48528190785569e-06,NA,NA,NA
"degree_only_LCN2",6624,"SELE",1.58407098771463e-06,NA,NA,NA
"degree_only_LCN2",6625,"ACTG1",2.72461711825489e-06,NA,NA,NA
"degree_only_LCN2",6626,"ALDH3A1",7.8987277396747e-05,NA,NA,NA
"degree_only_LCN2",6627,"IRF1",0,NA,NA,NA
"degree_only_LCN2",6628,"SDHA",0.000611111269984921,NA,NA,NA
"degree_only_LCN2",6629,"ADH7",0,NA,NA,NA
"degree_only_LCN2",6630,"AKR1C1",5.66614851992275e-05,NA,NA,NA
"degree_only_LCN2",6631,"BTK",0.000119272845312435,NA,NA,NA
"degree_only_LCN2",6632,"ACTG1",2.72461711825489e-06,NA,NA,NA
"degree_only_LCN2",6633,"ITGA5",0.00127400659039045,NA,NA,NA
"degree_only_LCN2",6634,"PCNA",0.000281828068793732,NA,NA,NA
"degree_only_LCN2",6635,"RYR2",4.78345186669671e-05,NA,NA,NA
"degree_only_LCN2",6636,"TGFA",3.48528190785569e-06,NA,NA,NA
"degree_only_LCN2",6637,"PLAU",9.12459578450431e-06,NA,NA,NA
"degree_only_LCN2",6638,"BGLAP",0.000139973984731978,NA,NA,NA
"degree_only_LCN2",6639,"AGTR1",7.87895413547623e-05,NA,NA,NA
"degree_only_LCN2",6640,"ADRB2",0.000148693401879507,NA,NA,NA
"degree_only_LCN2",6641,"PCNA",0.000281828068793732,NA,NA,NA
"degree_only_LCN2",6642,"CS",0.000203624857343709,NA,NA,NA
"degree_only_LCN2",6643,"RYR2",4.78345186669671e-05,NA,NA,NA
"degree_only_LCN2",6644,"ALDH1A2",0,NA,NA,NA
"degree_only_LCN2",6645,"APAF1",0,NA,NA,NA
"degree_only_LCN2",6646,"NOD2",2.72727341009693e-05,NA,NA,NA
"degree_only_LCN2",6647,"CS",0.000203624857343709,NA,NA,NA
"degree_only_LCN2",6648,"BAX",8.97923976903581e-05,NA,NA,NA
"degree_only_LCN2",6649,"PLAU",9.12459578450431e-06,NA,NA,NA
"degree_only_LCN2",6650,"ITGA5",0.00127400659039045,NA,NA,NA
"degree_only_LCN2",6651,"ALDH3A1",7.8987277396747e-05,NA,NA,NA
"degree_only_LCN2",6652,"BTK",0.000119272845312435,NA,NA,NA
"degree_only_LCN2",6653,"AGTR1",7.87895413547623e-05,NA,NA,NA
"degree_only_LCN2",6654,"SLC6A3",0.000164253248760127,NA,NA,NA
"degree_only_LCN2",6655,"CACNA1B",0,NA,NA,NA
"degree_only_LCN2",6656,"MT-CYB",0.000203007681716216,NA,NA,NA
"degree_only_LCN2",6657,"RYR2",4.78345186669671e-05,NA,NA,NA
"degree_only_LCN2",6658,"PLAU",9.12459578450431e-06,NA,NA,NA
"degree_only_LCN2",6659,"KDM1A",0,NA,NA,NA
"degree_only_LCN2",6660,"CCR6",0,NA,NA,NA
"degree_only_LCN2",6661,"BAX",8.97923976903581e-05,NA,NA,NA
"degree_only_LCN2",6662,"KDM1A",0,NA,NA,NA
"degree_only_LCN2",6663,"SLC6A3",0.000164253248760127,NA,NA,NA
"degree_only_LCN2",6664,"KEAP1",8.90865911317151e-05,NA,NA,NA
"degree_only_LCN2",6665,"PLAU",9.12459578450431e-06,NA,NA,NA
"degree_only_LCN2",6666,"BTK",0.000119272845312435,NA,NA,NA
"degree_only_LCN2",6667,"CS",0.000203624857343709,NA,NA,NA
"degree_only_LCN2",6668,"PLAU",9.12459578450431e-06,NA,NA,NA
"degree_only_LCN2",6669,"PRKAG2",0.00023019859617357,NA,NA,NA
"degree_only_LCN2",6670,"ADRB2",0.000148693401879507,NA,NA,NA
"degree_only_LCN2",6671,"PLAU",9.12459578450431e-06,NA,NA,NA
"degree_only_LCN2",6672,"BTK",0.000119272845312435,NA,NA,NA
"degree_only_LCN2",6673,"AKR1C1",5.66614851992275e-05,NA,NA,NA
"degree_only_LCN2",6674,"KDM1A",0,NA,NA,NA
"degree_only_LCN2",6675,"PRKAG2",0.00023019859617357,NA,NA,NA
"degree_only_LCN2",6676,"TGFA",3.48528190785569e-06,NA,NA,NA
"degree_only_LCN2",6677,"CYP1B1",1.26701867375623e-06,NA,NA,NA
"degree_only_LCN2",6678,"ADRB2",0.000148693401879507,NA,NA,NA
"degree_only_LCN2",6679,"CACNA1B",0,NA,NA,NA
"degree_only_LCN2",6680,"AGTR1",7.87895413547623e-05,NA,NA,NA
"degree_only_LCN2",6681,"CS",0.000203624857343709,NA,NA,NA
"degree_only_LCN2",6682,"ATG5",1.93264314094499e-05,NA,NA,NA
"degree_only_LCN2",6683,"TGFA",3.48528190785569e-06,NA,NA,NA
"degree_only_LCN2",6684,"AKR1C1",5.66614851992275e-05,NA,NA,NA
"degree_only_LCN2",6685,"SHH",1.43206732026169e-05,NA,NA,NA
"degree_only_LCN2",6686,"DRD2",0.000217393825030943,NA,NA,NA
"degree_only_LCN2",6687,"ALDH2",5.15659678518299e-05,NA,NA,NA
"degree_only_LCN2",6688,"SHH",1.43206732026169e-05,NA,NA,NA
"degree_only_LCN2",6689,"TGFA",3.48528190785569e-06,NA,NA,NA
"degree_only_LCN2",6690,"IRF1",0,NA,NA,NA
"degree_only_LCN2",6691,"SCN1B",0.00123489854843939,NA,NA,NA
"degree_only_LCN2",6692,"ACTG1",2.72461711825489e-06,NA,NA,NA
"degree_only_LCN2",6693,"CCR6",0,NA,NA,NA
"degree_only_LCN2",6694,"CS",0.000203624857343709,NA,NA,NA
"degree_only_LCN2",6695,"SCN1B",0.00123489854843939,NA,NA,NA
"degree_only_LCN2",6696,"ITGA5",0.00127400659039045,NA,NA,NA
"degree_only_LCN2",6697,"APAF1",0,NA,NA,NA
"degree_only_LCN2",6698,"ACTG1",2.72461711825489e-06,NA,NA,NA
"degree_only_LCN2",6699,"BTK",0.000119272845312435,NA,NA,NA
"degree_only_LCN2",6700,"SHH",1.43206732026169e-05,NA,NA,NA
"degree_only_LCN2",6701,"DRD2",0.000217393825030943,NA,NA,NA
"degree_only_LCN2",6702,"KEAP1",8.90865911317151e-05,NA,NA,NA
"degree_only_LCN2",6703,"PRKAG2",0.00023019859617357,NA,NA,NA
"degree_only_LCN2",6704,"PCNA",0.000281828068793732,NA,NA,NA
"degree_only_LCN2",6705,"APAF1",0,NA,NA,NA
"degree_only_LCN2",6706,"NCOA2",3.54820525111377e-05,NA,NA,NA
"degree_only_LCN2",6707,"IRF1",0,NA,NA,NA
"degree_only_LCN2",6708,"ADH7",0,NA,NA,NA
"degree_only_LCN2",6709,"ACACA",7.98311027262466e-05,NA,NA,NA
"degree_only_LCN2",6710,"ALDH3A1",7.8987277396747e-05,NA,NA,NA
"degree_only_LCN2",6711,"DRD2",0.000217393825030943,NA,NA,NA
"degree_only_LCN2",6712,"CACNA1B",0,NA,NA,NA
"degree_only_LCN2",6713,"SDHA",0.000611111269984921,NA,NA,NA
"degree_only_LCN2",6714,"ADH7",0,NA,NA,NA
"degree_only_LCN2",6715,"ADCY1",8.87083575196179e-06,NA,NA,NA
"degree_only_LCN2",6716,"PRKDC",3.48518119952512e-06,NA,NA,NA
"degree_only_LCN2",6717,"CCL22",0,NA,NA,NA
"degree_only_LCN2",6718,"SELE",1.58407098771463e-06,NA,NA,NA
"degree_only_LCN2",6719,"STAT4",0.000324242289791776,NA,NA,NA
"degree_only_LCN2",6720,"ACACA",7.98311027262466e-05,NA,NA,NA
"degree_only_LCN2",6721,"EPOR",4.26416671160945e-05,NA,NA,NA
"degree_only_LCN2",6722,"CS",0.000203624857343709,NA,NA,NA
"degree_only_LCN2",6723,"ADH4",0,NA,NA,NA
"degree_only_LCN2",6724,"ALDH2",5.15659678518299e-05,NA,NA,NA
"degree_only_LCN2",6725,"STAT4",0.000324242289791776,NA,NA,NA
"degree_only_LCN2",6726,"SELE",1.58407098771463e-06,NA,NA,NA
"degree_only_LCN2",6727,"ADH7",0,NA,NA,NA
"degree_only_LCN2",6728,"DRD2",0.000217393825030943,NA,NA,NA
"degree_only_LCN2",6729,"CS",0.000203624857343709,NA,NA,NA
"degree_only_LCN2",6730,"KEAP1",8.90865911317151e-05,NA,NA,NA
"degree_only_LCN2",6731,"SFN",1.88836433614448e-05,NA,NA,NA
"degree_only_LCN2",6732,"RARA",0.000182812715244118,NA,NA,NA
"degree_only_LCN2",6733,"CYP1B1",1.26701867375623e-06,NA,NA,NA
"degree_only_LCN2",6734,"KEAP1",8.90865911317151e-05,NA,NA,NA
"degree_only_LCN2",6735,"ACACA",7.98311027262466e-05,NA,NA,NA
"degree_only_LCN2",6736,"KEAP1",8.90865911317151e-05,NA,NA,NA
"degree_only_LCN2",6737,"ACACA",7.98311027262466e-05,NA,NA,NA
"degree_only_LCN2",6738,"ADRB2",0.000148693401879507,NA,NA,NA
"degree_only_LCN2",6739,"CYP1B1",1.26701867375623e-06,NA,NA,NA
"degree_only_LCN2",6740,"MT-CYB",0.000203007681716216,NA,NA,NA
"degree_only_LCN2",6741,"BGLAP",0.000139973984731978,NA,NA,NA
"degree_only_LCN2",6742,"ALDH1A3",0,NA,NA,NA
"degree_only_LCN2",6743,"SLC6A3",0.000164253248760127,NA,NA,NA
"degree_only_LCN2",6744,"APAF1",0,NA,NA,NA
"degree_only_LCN2",6745,"NCOA2",3.54820525111377e-05,NA,NA,NA
"degree_only_LCN2",6746,"ALDH3A1",7.8987277396747e-05,NA,NA,NA
"degree_only_LCN2",6747,"DRD2",0.000217393825030943,NA,NA,NA
"degree_only_LCN2",6748,"RARA",0.000182812715244118,NA,NA,NA
"degree_only_LCN2",6749,"PRKDC",3.48518119952512e-06,NA,NA,NA
"degree_only_LCN2",6750,"BTK",0.000119272845312435,NA,NA,NA
"degree_only_LCN2",6751,"ADH7",0,NA,NA,NA
"degree_only_LCN2",6752,"DRD2",0.000217393825030943,NA,NA,NA
"degree_only_LCN2",6753,"KEAP1",8.90865911317151e-05,NA,NA,NA
"degree_only_LCN2",6754,"ADCY1",8.87083575196179e-06,NA,NA,NA
"degree_only_LCN2",6755,"AKR1C1",5.66614851992275e-05,NA,NA,NA
"degree_only_LCN2",6756,"ALDH1A3",0,NA,NA,NA
"degree_only_LCN2",6757,"ACE2",6.17806475236016e-05,NA,NA,NA
"degree_only_LCN2",6758,"ADCY2",0,NA,NA,NA
"degree_only_LCN2",6759,"ACTG1",2.72461711825489e-06,NA,NA,NA
"degree_only_LCN2",6760,"ALDH2",5.15659678518299e-05,NA,NA,NA
"degree_only_LCN2",6761,"BGLAP",0.000139973984731978,NA,NA,NA
"degree_only_LCN2",6762,"PLAU",9.12459578450431e-06,NA,NA,NA
"degree_only_LCN2",6763,"RARA",0.000182812715244118,NA,NA,NA
"degree_only_LCN2",6764,"MT-CYB",0.000203007681716216,NA,NA,NA
"degree_only_LCN2",6765,"ADH4",0,NA,NA,NA
"degree_only_LCN2",6766,"ADCY2",0,NA,NA,NA
"degree_only_LCN2",6767,"ACE2",6.17806475236016e-05,NA,NA,NA
"degree_only_LCN2",6768,"BAX",8.97923976903581e-05,NA,NA,NA
"degree_only_LCN2",6769,"TEK",0,NA,NA,NA
"degree_only_LCN2",6770,"ACE2",6.17806475236016e-05,NA,NA,NA
"degree_only_LCN2",6771,"ADRB2",0.000148693401879507,NA,NA,NA
"degree_only_LCN2",6772,"IRF1",0,NA,NA,NA
"degree_only_LCN2",6773,"AKR1C1",5.66614851992275e-05,NA,NA,NA
"degree_only_LCN2",6774,"KDM1A",0,NA,NA,NA
"degree_only_LCN2",6775,"ACACA",7.98311027262466e-05,NA,NA,NA
"degree_only_LCN2",6776,"PLAU",9.12459578450431e-06,NA,NA,NA
"degree_only_LCN2",6777,"CYP1B1",1.26701867375623e-06,NA,NA,NA
"degree_only_LCN2",6778,"TEK",0,NA,NA,NA
"degree_only_LCN2",6779,"NOD2",2.72727341009693e-05,NA,NA,NA
"degree_only_LCN2",6780,"GRIN2C",0,NA,NA,NA
"degree_only_LCN2",6781,"STAT4",0.000324242289791776,NA,NA,NA
"degree_only_LCN2",6782,"ALDH1A3",0,NA,NA,NA
"degree_only_LCN2",6783,"ADRB2",0.000148693401879507,NA,NA,NA
"degree_only_LCN2",6784,"PRKAG2",0.00023019859617357,NA,NA,NA
"degree_only_LCN2",6785,"BGLAP",0.000139973984731978,NA,NA,NA
"degree_only_LCN2",6786,"KEAP1",8.90865911317151e-05,NA,NA,NA
"degree_only_LCN2",6787,"ACTG1",2.72461711825489e-06,NA,NA,NA
"degree_only_LCN2",6788,"CCL22",0,NA,NA,NA
"degree_only_LCN2",6789,"SDHA",0.000611111269984921,NA,NA,NA
"degree_only_LCN2",6790,"CYP1B1",1.26701867375623e-06,NA,NA,NA
"degree_only_LCN2",6791,"TGFA",3.48528190785569e-06,NA,NA,NA
"degree_only_LCN2",6792,"ALDH1A3",0,NA,NA,NA
"degree_only_LCN2",6793,"CYP1B1",1.26701867375623e-06,NA,NA,NA
"degree_only_LCN2",6794,"MT-CYB",0.000203007681716216,NA,NA,NA
"degree_only_LCN2",6795,"ACACA",7.98311027262466e-05,NA,NA,NA
"degree_only_LCN2",6796,"KDM1A",0,NA,NA,NA
"degree_only_LCN2",6797,"ACE2",6.17806475236016e-05,NA,NA,NA
"degree_only_LCN2",6798,"IRF1",0,NA,NA,NA
"degree_only_LCN2",6799,"IRF1",0,NA,NA,NA
"degree_only_LCN2",6800,"ACTG1",2.72461711825489e-06,NA,NA,NA
"degree_only_LCN2",6801,"ITGA5",0.00127400659039045,NA,NA,NA
"degree_only_LCN2",6802,"SCN1B",0.00123489854843939,NA,NA,NA
"degree_only_LCN2",6803,"ACACA",7.98311027262466e-05,NA,NA,NA
"degree_only_LCN2",6804,"LGALS3",1.90104129516033e-06,NA,NA,NA
"degree_only_LCN2",6805,"RARA",0.000182812715244118,NA,NA,NA
"degree_only_LCN2",6806,"ITGA5",0.00127400659039045,NA,NA,NA
"degree_only_LCN2",6807,"CCR6",0,NA,NA,NA
"degree_only_LCN2",6808,"BTK",0.000119272845312435,NA,NA,NA
"degree_only_LCN2",6809,"ADH7",0,NA,NA,NA
"degree_only_LCN2",6810,"ADCY2",0,NA,NA,NA
"degree_only_LCN2",6811,"EPOR",4.26416671160945e-05,NA,NA,NA
"degree_only_LCN2",6812,"TGFA",3.48528190785569e-06,NA,NA,NA
"degree_only_LCN2",6813,"LGALS3",1.90104129516033e-06,NA,NA,NA
"degree_only_LCN2",6814,"ITGA5",0.00127400659039045,NA,NA,NA
"degree_only_LCN2",6815,"ACACA",7.98311027262466e-05,NA,NA,NA
"degree_only_LCN2",6816,"STAT4",0.000324242289791776,NA,NA,NA
"degree_only_LCN2",6817,"ADCY1",8.87083575196179e-06,NA,NA,NA
"degree_only_LCN2",6818,"SCN1B",0.00123489854843939,NA,NA,NA
"degree_only_LCN2",6819,"KEAP1",8.90865911317151e-05,NA,NA,NA
"degree_only_LCN2",6820,"RARA",0.000182812715244118,NA,NA,NA
"degree_only_LCN2",6821,"RYR2",4.78345186669671e-05,NA,NA,NA
"degree_only_LCN2",6822,"KDM1A",0,NA,NA,NA
"degree_only_LCN2",6823,"TEK",0,NA,NA,NA
"degree_only_LCN2",6824,"PRKDC",3.48518119952512e-06,NA,NA,NA
"degree_only_LCN2",6825,"KDM1A",0,NA,NA,NA
"degree_only_LCN2",6826,"SCN1B",0.00123489854843939,NA,NA,NA
"degree_only_LCN2",6827,"AKR1C1",5.66614851992275e-05,NA,NA,NA
"degree_only_LCN2",6828,"ALDH2",5.15659678518299e-05,NA,NA,NA
"degree_only_LCN2",6829,"CCL22",0,NA,NA,NA
"degree_only_LCN2",6830,"DRD2",0.000217393825030943,NA,NA,NA
"degree_only_LCN2",6831,"CCR6",0,NA,NA,NA
"degree_only_LCN2",6832,"ALDH2",5.15659678518299e-05,NA,NA,NA
"degree_only_LCN2",6833,"AGTR1",7.87895413547623e-05,NA,NA,NA
"degree_only_LCN2",6834,"ADCY2",0,NA,NA,NA
"degree_only_LCN2",6835,"ALDH1A3",0,NA,NA,NA
"degree_only_LCN2",6836,"BGLAP",0.000139973984731978,NA,NA,NA
"degree_only_LCN2",6837,"ACACA",7.98311027262466e-05,NA,NA,NA
"degree_only_LCN2",6838,"AGTR1",7.87895413547623e-05,NA,NA,NA
"degree_only_LCN2",6839,"ADRB2",0.000148693401879507,NA,NA,NA
"degree_only_LCN2",6840,"TEK",0,NA,NA,NA
"degree_only_LCN2",6841,"ADRB2",0.000148693401879507,NA,NA,NA
"degree_only_LCN2",6842,"APAF1",0,NA,NA,NA
"degree_only_LCN2",6843,"AGTR1",7.87895413547623e-05,NA,NA,NA
"degree_only_LCN2",6844,"BAX",8.97923976903581e-05,NA,NA,NA
"degree_only_LCN2",6845,"ACTG1",2.72461711825489e-06,NA,NA,NA
"degree_only_LCN2",6846,"PRKAG2",0.00023019859617357,NA,NA,NA
"degree_only_LCN2",6847,"IRF1",0,NA,NA,NA
"degree_only_LCN2",6848,"TEK",0,NA,NA,NA
"degree_only_LCN2",6849,"NOD2",2.72727341009693e-05,NA,NA,NA
"degree_only_LCN2",6850,"ADH7",0,NA,NA,NA
"degree_only_LCN2",6851,"SFN",1.88836433614448e-05,NA,NA,NA
"degree_only_LCN2",6852,"ACTG1",2.72461711825489e-06,NA,NA,NA
"degree_only_LCN2",6853,"BTK",0.000119272845312435,NA,NA,NA
"degree_only_LCN2",6854,"CYP1B1",1.26701867375623e-06,NA,NA,NA
"degree_only_LCN2",6855,"EPOR",4.26416671160945e-05,NA,NA,NA
"degree_only_LCN2",6856,"ADCY2",0,NA,NA,NA
"degree_only_LCN2",6857,"ALDH1A2",0,NA,NA,NA
"degree_only_LCN2",6858,"ACACA",7.98311027262466e-05,NA,NA,NA
"degree_only_LCN2",6859,"GRIN2C",0,NA,NA,NA
"degree_only_LCN2",6860,"AGTR1",7.87895413547623e-05,NA,NA,NA
"degree_only_LCN2",6861,"BAX",8.97923976903581e-05,NA,NA,NA
"degree_only_LCN2",6862,"ALDH1A2",0,NA,NA,NA
"degree_only_LCN2",6863,"ADH4",0,NA,NA,NA
"degree_only_LCN2",6864,"AGTR1",7.87895413547623e-05,NA,NA,NA
"degree_only_LCN2",6865,"APAF1",0,NA,NA,NA
"degree_only_LCN2",6866,"SFN",1.88836433614448e-05,NA,NA,NA
"degree_only_LCN2",6867,"ACACA",7.98311027262466e-05,NA,NA,NA
"degree_only_LCN2",6868,"NCOA2",3.54820525111377e-05,NA,NA,NA
"degree_only_LCN2",6869,"ADRB2",0.000148693401879507,NA,NA,NA
"degree_only_LCN2",6870,"IRF1",0,NA,NA,NA
"degree_only_LCN2",6871,"ALDH3A1",7.8987277396747e-05,NA,NA,NA
"degree_only_LCN2",6872,"SLC6A3",0.000164253248760127,NA,NA,NA
"degree_only_LCN2",6873,"APAF1",0,NA,NA,NA
"degree_only_LCN2",6874,"ADCY2",0,NA,NA,NA
"degree_only_LCN2",6875,"CS",0.000203624857343709,NA,NA,NA
"degree_only_LCN2",6876,"AGTR1",7.87895413547623e-05,NA,NA,NA
"degree_only_LCN2",6877,"CCR6",0,NA,NA,NA
"degree_only_LCN2",6878,"CACNA1B",0,NA,NA,NA
"degree_only_LCN2",6879,"SHH",1.43206732026169e-05,NA,NA,NA
"degree_only_LCN2",6880,"DRD2",0.000217393825030943,NA,NA,NA
"degree_only_LCN2",6881,"SELE",1.58407098771463e-06,NA,NA,NA
"degree_only_LCN2",6882,"ITGA5",0.00127400659039045,NA,NA,NA
"degree_only_LCN2",6883,"AKR1C1",5.66614851992275e-05,NA,NA,NA
"degree_only_LCN2",6884,"ACE2",6.17806475236016e-05,NA,NA,NA
"degree_only_LCN2",6885,"RARA",0.000182812715244118,NA,NA,NA
"degree_only_LCN2",6886,"DRD2",0.000217393825030943,NA,NA,NA
"degree_only_LCN2",6887,"EPOR",4.26416671160945e-05,NA,NA,NA
"degree_only_LCN2",6888,"ACTG1",2.72461711825489e-06,NA,NA,NA
"degree_only_LCN2",6889,"DRD2",0.000217393825030943,NA,NA,NA
"degree_only_LCN2",6890,"RARA",0.000182812715244118,NA,NA,NA
"degree_only_LCN2",6891,"ACE2",6.17806475236016e-05,NA,NA,NA
"degree_only_LCN2",6892,"TGFA",3.48528190785569e-06,NA,NA,NA
"degree_only_LCN2",6893,"STAT4",0.000324242289791776,NA,NA,NA
"degree_only_LCN2",6894,"MT-CYB",0.000203007681716216,NA,NA,NA
"degree_only_LCN2",6895,"AKR1C1",5.66614851992275e-05,NA,NA,NA
"degree_only_LCN2",6896,"AGTR1",7.87895413547623e-05,NA,NA,NA
"degree_only_LCN2",6897,"NCOA2",3.54820525111377e-05,NA,NA,NA
"degree_only_LCN2",6898,"BAX",8.97923976903581e-05,NA,NA,NA
"degree_only_LCN2",6899,"IRF1",0,NA,NA,NA
"degree_only_LCN2",6900,"ADCY2",0,NA,NA,NA
"degree_only_LCN2",6901,"KDM1A",0,NA,NA,NA
"degree_only_LCN2",6902,"BGLAP",0.000139973984731978,NA,NA,NA
"degree_only_LCN2",6903,"CCR6",0,NA,NA,NA
"degree_only_LCN2",6904,"KEAP1",8.90865911317151e-05,NA,NA,NA
"degree_only_LCN2",6905,"ADRB2",0.000148693401879507,NA,NA,NA
"degree_only_LCN2",6906,"ACTG1",2.72461711825489e-06,NA,NA,NA
"degree_only_LCN2",6907,"SLC6A3",0.000164253248760127,NA,NA,NA
"degree_only_LCN2",6908,"IRF1",0,NA,NA,NA
"degree_only_LCN2",6909,"ADH7",0,NA,NA,NA
"degree_only_LCN2",6910,"ITGA5",0.00127400659039045,NA,NA,NA
"degree_only_LCN2",6911,"NCOA2",3.54820525111377e-05,NA,NA,NA
"degree_only_LCN2",6912,"ALDH1A3",0,NA,NA,NA
"degree_only_LCN2",6913,"IRF1",0,NA,NA,NA
"degree_only_LCN2",6914,"DRD2",0.000217393825030943,NA,NA,NA
"degree_only_LCN2",6915,"ALDH3A1",7.8987277396747e-05,NA,NA,NA
"degree_only_LCN2",6916,"ALDH1A3",0,NA,NA,NA
"degree_only_LCN2",6917,"CCL22",0,NA,NA,NA
"degree_only_LCN2",6918,"NOD2",2.72727341009693e-05,NA,NA,NA
"degree_only_LCN2",6919,"ATG5",1.93264314094499e-05,NA,NA,NA
"degree_only_LCN2",6920,"BAX",8.97923976903581e-05,NA,NA,NA
"degree_only_LCN2",6921,"PCNA",0.000281828068793732,NA,NA,NA
"degree_only_LCN2",6922,"SHH",1.43206732026169e-05,NA,NA,NA
"degree_only_LCN2",6923,"CCL22",0,NA,NA,NA
"degree_only_LCN2",6924,"PCNA",0.000281828068793732,NA,NA,NA
"degree_only_LCN2",6925,"DRD2",0.000217393825030943,NA,NA,NA
"degree_only_LCN2",6926,"CACNA1B",0,NA,NA,NA
"degree_only_LCN2",6927,"IRF1",0,NA,NA,NA
"degree_only_LCN2",6928,"KDM1A",0,NA,NA,NA
"degree_only_LCN2",6929,"ALDH3A1",7.8987277396747e-05,NA,NA,NA
"degree_only_LCN2",6930,"CS",0.000203624857343709,NA,NA,NA
"degree_only_LCN2",6931,"ADH4",0,NA,NA,NA
"degree_only_LCN2",6932,"TGFA",3.48528190785569e-06,NA,NA,NA
"degree_only_LCN2",6933,"PRKAG2",0.00023019859617357,NA,NA,NA
"degree_only_LCN2",6934,"GRIN2C",0,NA,NA,NA
"degree_only_LCN2",6935,"BTK",0.000119272845312435,NA,NA,NA
"degree_only_LCN2",6936,"EPOR",4.26416671160945e-05,NA,NA,NA
"degree_only_LCN2",6937,"EPOR",4.26416671160945e-05,NA,NA,NA
"degree_only_LCN2",6938,"AGTR1",7.87895413547623e-05,NA,NA,NA
"degree_only_LCN2",6939,"ADH4",0,NA,NA,NA
"degree_only_LCN2",6940,"ADRB2",0.000148693401879507,NA,NA,NA
"degree_only_LCN2",6941,"APAF1",0,NA,NA,NA
"degree_only_LCN2",6942,"EPOR",4.26416671160945e-05,NA,NA,NA
"degree_only_LCN2",6943,"ACACA",7.98311027262466e-05,NA,NA,NA
"degree_only_LCN2",6944,"STAT4",0.000324242289791776,NA,NA,NA
"degree_only_LCN2",6945,"ALDH2",5.15659678518299e-05,NA,NA,NA
"degree_only_LCN2",6946,"CCL22",0,NA,NA,NA
"degree_only_LCN2",6947,"SDHA",0.000611111269984921,NA,NA,NA
"degree_only_LCN2",6948,"LGALS3",1.90104129516033e-06,NA,NA,NA
"degree_only_LCN2",6949,"BGLAP",0.000139973984731978,NA,NA,NA
"degree_only_LCN2",6950,"ALDH2",5.15659678518299e-05,NA,NA,NA
"degree_only_LCN2",6951,"SDHA",0.000611111269984921,NA,NA,NA
"degree_only_LCN2",6952,"SHH",1.43206732026169e-05,NA,NA,NA
"degree_only_LCN2",6953,"CS",0.000203624857343709,NA,NA,NA
"degree_only_LCN2",6954,"ALDH3A1",7.8987277396747e-05,NA,NA,NA
"degree_only_LCN2",6955,"BTK",0.000119272845312435,NA,NA,NA
"degree_only_LCN2",6956,"SCN1B",0.00123489854843939,NA,NA,NA
"degree_only_LCN2",6957,"PCNA",0.000281828068793732,NA,NA,NA
"degree_only_LCN2",6958,"BGLAP",0.000139973984731978,NA,NA,NA
"degree_only_LCN2",6959,"ALDH1A3",0,NA,NA,NA
"degree_only_LCN2",6960,"ALDH1A2",0,NA,NA,NA
"degree_only_LCN2",6961,"SHH",1.43206732026169e-05,NA,NA,NA
"degree_only_LCN2",6962,"SLC6A3",0.000164253248760127,NA,NA,NA
"degree_only_LCN2",6963,"KDM1A",0,NA,NA,NA
"degree_only_LCN2",6964,"KDM1A",0,NA,NA,NA
"degree_only_LCN2",6965,"RYR2",4.78345186669671e-05,NA,NA,NA
"degree_only_LCN2",6966,"SCN1B",0.00123489854843939,NA,NA,NA
"degree_only_LCN2",6967,"CACNA1B",0,NA,NA,NA
"degree_only_LCN2",6968,"STAT4",0.000324242289791776,NA,NA,NA
"degree_only_LCN2",6969,"ALDH2",5.15659678518299e-05,NA,NA,NA
"degree_only_LCN2",6970,"CCR6",0,NA,NA,NA
"degree_only_LCN2",6971,"ALDH3A1",7.8987277396747e-05,NA,NA,NA
"degree_only_LCN2",6972,"RYR2",4.78345186669671e-05,NA,NA,NA
"degree_only_LCN2",6973,"SCN1B",0.00123489854843939,NA,NA,NA
"degree_only_LCN2",6974,"SCN1B",0.00123489854843939,NA,NA,NA
"degree_only_LCN2",6975,"APAF1",0,NA,NA,NA
"degree_only_LCN2",6976,"EPOR",4.26416671160945e-05,NA,NA,NA
"degree_only_LCN2",6977,"PLAU",9.12459578450431e-06,NA,NA,NA
"degree_only_LCN2",6978,"ALDH1A2",0,NA,NA,NA
"degree_only_LCN2",6979,"PRKAG2",0.00023019859617357,NA,NA,NA
"degree_only_LCN2",6980,"SCN1B",0.00123489854843939,NA,NA,NA
"degree_only_LCN2",6981,"SCN1B",0.00123489854843939,NA,NA,NA
"degree_only_LCN2",6982,"PRKDC",3.48518119952512e-06,NA,NA,NA
"degree_only_LCN2",6983,"ALDH3A1",7.8987277396747e-05,NA,NA,NA
"degree_only_LCN2",6984,"ACACA",7.98311027262466e-05,NA,NA,NA
"degree_only_LCN2",6985,"GRIN2C",0,NA,NA,NA
"degree_only_LCN2",6986,"ADH7",0,NA,NA,NA
"degree_only_LCN2",6987,"ADRB2",0.000148693401879507,NA,NA,NA
"degree_only_LCN2",6988,"NOD2",2.72727341009693e-05,NA,NA,NA
"degree_only_LCN2",6989,"SELE",1.58407098771463e-06,NA,NA,NA
"degree_only_LCN2",6990,"MT-CYB",0.000203007681716216,NA,NA,NA
"degree_only_LCN2",6991,"MT-CYB",0.000203007681716216,NA,NA,NA
"degree_only_LCN2",6992,"ALDH3A1",7.8987277396747e-05,NA,NA,NA
"degree_only_LCN2",6993,"ALDH1A2",0,NA,NA,NA
"degree_only_LCN2",6994,"RYR2",4.78345186669671e-05,NA,NA,NA
"degree_only_LCN2",6995,"SCN1B",0.00123489854843939,NA,NA,NA
"degree_only_LCN2",6996,"TGFA",3.48528190785569e-06,NA,NA,NA
"degree_only_LCN2",6997,"STAT4",0.000324242289791776,NA,NA,NA
"degree_only_LCN2",6998,"SHH",1.43206732026169e-05,NA,NA,NA
"degree_only_LCN2",6999,"SDHA",0.000611111269984921,NA,NA,NA
"degree_only_LCN2",7000,"SHH",1.43206732026169e-05,NA,NA,NA
"degree_only_LCN2",7001,"SDHA",0.000611111269984921,NA,NA,NA
"degree_only_LCN2",7002,"LGALS3",1.90104129516033e-06,NA,NA,NA
"degree_only_LCN2",7003,"CCL22",0,NA,NA,NA
"degree_only_LCN2",7004,"RARA",0.000182812715244118,NA,NA,NA
"degree_only_LCN2",7005,"PCNA",0.000281828068793732,NA,NA,NA
"degree_only_LCN2",7006,"AKR1C1",5.66614851992275e-05,NA,NA,NA
"degree_only_LCN2",7007,"LGALS3",1.90104129516033e-06,NA,NA,NA
"degree_only_LCN2",7008,"CYP1B1",1.26701867375623e-06,NA,NA,NA
"degree_only_LCN2",7009,"SHH",1.43206732026169e-05,NA,NA,NA
"degree_only_LCN2",7010,"PRKDC",3.48518119952512e-06,NA,NA,NA
"degree_only_LCN2",7011,"PCNA",0.000281828068793732,NA,NA,NA
"degree_only_LCN2",7012,"RARA",0.000182812715244118,NA,NA,NA
"degree_only_LCN2",7013,"GRIN2C",0,NA,NA,NA
"degree_only_LCN2",7014,"BAX",8.97923976903581e-05,NA,NA,NA
"degree_only_LCN2",7015,"BGLAP",0.000139973984731978,NA,NA,NA
"degree_only_LCN2",7016,"NCOA2",3.54820525111377e-05,NA,NA,NA
"degree_only_LCN2",7017,"ALDH3A1",7.8987277396747e-05,NA,NA,NA
"degree_only_LCN2",7018,"KDM1A",0,NA,NA,NA
"degree_only_LCN2",7019,"KDM1A",0,NA,NA,NA
"degree_only_LCN2",7020,"RARA",0.000182812715244118,NA,NA,NA
"degree_only_LCN2",7021,"STAT4",0.000324242289791776,NA,NA,NA
"degree_only_LCN2",7022,"ADCY1",8.87083575196179e-06,NA,NA,NA
"degree_only_LCN2",7023,"ALDH1A2",0,NA,NA,NA
"degree_only_LCN2",7024,"PRKAG2",0.00023019859617357,NA,NA,NA
"degree_only_LCN2",7025,"TEK",0,NA,NA,NA
"degree_only_LCN2",7026,"RYR2",4.78345186669671e-05,NA,NA,NA
"degree_only_LCN2",7027,"BTK",0.000119272845312435,NA,NA,NA
"degree_only_LCN2",7028,"ALDH2",5.15659678518299e-05,NA,NA,NA
"degree_only_LCN2",7029,"ALDH1A3",0,NA,NA,NA
"degree_only_LCN2",7030,"PLAU",9.12459578450431e-06,NA,NA,NA
"degree_only_LCN2",7031,"SCN1B",0.00123489854843939,NA,NA,NA
"degree_only_LCN2",7032,"ADH7",0,NA,NA,NA
"degree_only_LCN2",7033,"ACTG1",2.72461711825489e-06,NA,NA,NA
"degree_only_LCN2",7034,"ACACA",7.98311027262466e-05,NA,NA,NA
"degree_only_LCN2",7035,"ALDH1A3",0,NA,NA,NA
"degree_only_LCN2",7036,"NOD2",2.72727341009693e-05,NA,NA,NA
"degree_only_LCN2",7037,"BGLAP",0.000139973984731978,NA,NA,NA
"degree_only_LCN2",7038,"SCN1B",0.00123489854843939,NA,NA,NA
"degree_only_LCN2",7039,"RYR2",4.78345186669671e-05,NA,NA,NA
"degree_only_LCN2",7040,"AGTR1",7.87895413547623e-05,NA,NA,NA
"degree_only_LCN2",7041,"STAT4",0.000324242289791776,NA,NA,NA
"degree_only_LCN2",7042,"BGLAP",0.000139973984731978,NA,NA,NA
"degree_only_LCN2",7043,"SCN1B",0.00123489854843939,NA,NA,NA
"degree_only_LCN2",7044,"APAF1",0,NA,NA,NA
"degree_only_LCN2",7045,"NOD2",2.72727341009693e-05,NA,NA,NA
"degree_only_LCN2",7046,"CCR6",0,NA,NA,NA
"degree_only_LCN2",7047,"ITGA5",0.00127400659039045,NA,NA,NA
"degree_only_LCN2",7048,"TGFA",3.48528190785569e-06,NA,NA,NA
"degree_only_LCN2",7049,"CS",0.000203624857343709,NA,NA,NA
"degree_only_LCN2",7050,"CYP1B1",1.26701867375623e-06,NA,NA,NA
"degree_only_LCN2",7051,"LGALS3",1.90104129516033e-06,NA,NA,NA
"degree_only_LCN2",7052,"PRKDC",3.48518119952512e-06,NA,NA,NA
"degree_only_LCN2",7053,"CCL22",0,NA,NA,NA
"degree_only_LCN2",7054,"SDHA",0.000611111269984921,NA,NA,NA
"degree_only_LCN2",7055,"ADH7",0,NA,NA,NA
"degree_only_LCN2",7056,"NOD2",2.72727341009693e-05,NA,NA,NA
"degree_only_LCN2",7057,"EPOR",4.26416671160945e-05,NA,NA,NA
"degree_only_LCN2",7058,"ACACA",7.98311027262466e-05,NA,NA,NA
"degree_only_LCN2",7059,"KDM1A",0,NA,NA,NA
"degree_only_LCN2",7060,"PLAU",9.12459578450431e-06,NA,NA,NA
"degree_only_LCN2",7061,"APAF1",0,NA,NA,NA
"degree_only_LCN2",7062,"ACE2",6.17806475236016e-05,NA,NA,NA
"degree_only_LCN2",7063,"APAF1",0,NA,NA,NA
"degree_only_LCN2",7064,"ADRB2",0.000148693401879507,NA,NA,NA
"degree_only_LCN2",7065,"ADRB2",0.000148693401879507,NA,NA,NA
"degree_only_LCN2",7066,"AGTR1",7.87895413547623e-05,NA,NA,NA
"degree_only_LCN2",7067,"GRIN2C",0,NA,NA,NA
"degree_only_LCN2",7068,"RARA",0.000182812715244118,NA,NA,NA
"degree_only_LCN2",7069,"ITGA5",0.00127400659039045,NA,NA,NA
"degree_only_LCN2",7070,"ALDH2",5.15659678518299e-05,NA,NA,NA
"degree_only_LCN2",7071,"SLC6A3",0.000164253248760127,NA,NA,NA
"degree_only_LCN2",7072,"ALDH1A3",0,NA,NA,NA
"degree_only_LCN2",7073,"SCN1B",0.00123489854843939,NA,NA,NA
"degree_only_LCN2",7074,"BTK",0.000119272845312435,NA,NA,NA
"degree_only_LCN2",7075,"KDM1A",0,NA,NA,NA
"degree_only_LCN2",7076,"MT-CYB",0.000203007681716216,NA,NA,NA
"degree_only_LCN2",7077,"CYP1B1",1.26701867375623e-06,NA,NA,NA
"degree_only_LCN2",7078,"KEAP1",8.90865911317151e-05,NA,NA,NA
"degree_only_LCN2",7079,"TEK",0,NA,NA,NA
"degree_only_LCN2",7080,"RYR2",4.78345186669671e-05,NA,NA,NA
"degree_only_LCN2",7081,"ITGA5",0.00127400659039045,NA,NA,NA
"degree_only_LCN2",7082,"ITGA5",0.00127400659039045,NA,NA,NA
"degree_only_LCN2",7083,"ITGA5",0.00127400659039045,NA,NA,NA
"degree_only_LCN2",7084,"ADRB2",0.000148693401879507,NA,NA,NA
"degree_only_LCN2",7085,"ALDH3A1",7.8987277396747e-05,NA,NA,NA
"degree_only_LCN2",7086,"TEK",0,NA,NA,NA
"degree_only_LCN2",7087,"PRKDC",3.48518119952512e-06,NA,NA,NA
"degree_only_LCN2",7088,"SFN",1.88836433614448e-05,NA,NA,NA
"degree_only_LCN2",7089,"ADCY1",8.87083575196179e-06,NA,NA,NA
"degree_only_LCN2",7090,"KDM1A",0,NA,NA,NA
"degree_only_LCN2",7091,"TGFA",3.48528190785569e-06,NA,NA,NA
"degree_only_LCN2",7092,"ALDH2",5.15659678518299e-05,NA,NA,NA
"degree_only_LCN2",7093,"GRIN2C",0,NA,NA,NA
"degree_only_LCN2",7094,"NCOA2",3.54820525111377e-05,NA,NA,NA
"degree_only_LCN2",7095,"SDHA",0.000611111269984921,NA,NA,NA
"degree_only_LCN2",7096,"ADCY1",8.87083575196179e-06,NA,NA,NA
"degree_only_LCN2",7097,"SLC6A3",0.000164253248760127,NA,NA,NA
"degree_only_LCN2",7098,"CACNA1B",0,NA,NA,NA
"degree_only_LCN2",7099,"ADH4",0,NA,NA,NA
"degree_only_LCN2",7100,"SHH",1.43206732026169e-05,NA,NA,NA
"degree_only_LCN2",7101,"NOD2",2.72727341009693e-05,NA,NA,NA
"degree_only_LCN2",7102,"SFN",1.88836433614448e-05,NA,NA,NA
"degree_only_LCN2",7103,"SLC6A3",0.000164253248760127,NA,NA,NA
"degree_only_LCN2",7104,"ADH4",0,NA,NA,NA
"degree_only_LCN2",7105,"ALDH1A3",0,NA,NA,NA
"degree_only_LCN2",7106,"DRD2",0.000217393825030943,NA,NA,NA
"degree_only_LCN2",7107,"LGALS3",1.90104129516033e-06,NA,NA,NA
"degree_only_LCN2",7108,"CYP1B1",1.26701867375623e-06,NA,NA,NA
"degree_only_LCN2",7109,"SHH",1.43206732026169e-05,NA,NA,NA
"degree_only_LCN2",7110,"ACACA",7.98311027262466e-05,NA,NA,NA
"degree_only_LCN2",7111,"GRIN2C",0,NA,NA,NA
"degree_only_LCN2",7112,"BGLAP",0.000139973984731978,NA,NA,NA
"degree_only_LCN2",7113,"LGALS3",1.90104129516033e-06,NA,NA,NA
"degree_only_LCN2",7114,"MT-CYB",0.000203007681716216,NA,NA,NA
"degree_only_LCN2",7115,"TEK",0,NA,NA,NA
"degree_only_LCN2",7116,"SDHA",0.000611111269984921,NA,NA,NA
"degree_only_LCN2",7117,"PLAU",9.12459578450431e-06,NA,NA,NA
"degree_only_LCN2",7118,"NCOA2",3.54820525111377e-05,NA,NA,NA
"degree_only_LCN2",7119,"TEK",0,NA,NA,NA
"degree_only_LCN2",7120,"EPOR",4.26416671160945e-05,NA,NA,NA
"degree_only_LCN2",7121,"APAF1",0,NA,NA,NA
"degree_only_LCN2",7122,"RYR2",4.78345186669671e-05,NA,NA,NA
"degree_only_LCN2",7123,"KEAP1",8.90865911317151e-05,NA,NA,NA
"degree_only_LCN2",7124,"CCR6",0,NA,NA,NA
"degree_only_LCN2",7125,"ACACA",7.98311027262466e-05,NA,NA,NA
"degree_only_LCN2",7126,"ACE2",6.17806475236016e-05,NA,NA,NA
"degree_only_LCN2",7127,"ACE2",6.17806475236016e-05,NA,NA,NA
"degree_only_LCN2",7128,"PRKAG2",0.00023019859617357,NA,NA,NA
"degree_only_LCN2",7129,"ALDH1A2",0,NA,NA,NA
"degree_only_LCN2",7130,"LGALS3",1.90104129516033e-06,NA,NA,NA
"degree_only_LCN2",7131,"MT-CYB",0.000203007681716216,NA,NA,NA
"degree_only_LCN2",7132,"TEK",0,NA,NA,NA
"degree_only_LCN2",7133,"KDM1A",0,NA,NA,NA
"degree_only_LCN2",7134,"PCNA",0.000281828068793732,NA,NA,NA
"degree_only_LCN2",7135,"ALDH1A2",0,NA,NA,NA
"degree_only_LCN2",7136,"ADCY2",0,NA,NA,NA
"degree_only_LCN2",7137,"PRKDC",3.48518119952512e-06,NA,NA,NA
"degree_only_LCN2",7138,"PRKDC",3.48518119952512e-06,NA,NA,NA
"degree_only_LCN2",7139,"ACE2",6.17806475236016e-05,NA,NA,NA
"degree_only_LCN2",7140,"GRIN2C",0,NA,NA,NA
"degree_only_LCN2",7141,"PCNA",0.000281828068793732,NA,NA,NA
"degree_only_LCN2",7142,"ADRB2",0.000148693401879507,NA,NA,NA
"degree_only_LCN2",7143,"BAX",8.97923976903581e-05,NA,NA,NA
"degree_only_LCN2",7144,"PCNA",0.000281828068793732,NA,NA,NA
"degree_only_LCN2",7145,"ALDH1A3",0,NA,NA,NA
"degree_only_LCN2",7146,"RYR2",4.78345186669671e-05,NA,NA,NA
"degree_only_LCN2",7147,"ATG5",1.93264314094499e-05,NA,NA,NA
"degree_only_LCN2",7148,"ALDH2",5.15659678518299e-05,NA,NA,NA
"degree_only_LCN2",7149,"SFN",1.88836433614448e-05,NA,NA,NA
"degree_only_LCN2",7150,"ALDH1A3",0,NA,NA,NA
"degree_only_LCN2",7151,"ALDH2",5.15659678518299e-05,NA,NA,NA
"degree_only_LCN2",7152,"RARA",0.000182812715244118,NA,NA,NA
"degree_only_LCN2",7153,"TEK",0,NA,NA,NA
"degree_only_LCN2",7154,"ACE2",6.17806475236016e-05,NA,NA,NA
"degree_only_LCN2",7155,"NOD2",2.72727341009693e-05,NA,NA,NA
"degree_only_LCN2",7156,"AKR1C1",5.66614851992275e-05,NA,NA,NA
"degree_only_LCN2",7157,"ALDH3A1",7.8987277396747e-05,NA,NA,NA
"degree_only_LCN2",7158,"AKR1C1",5.66614851992275e-05,NA,NA,NA
"degree_only_LCN2",7159,"RYR2",4.78345186669671e-05,NA,NA,NA
"degree_only_LCN2",7160,"SHH",1.43206732026169e-05,NA,NA,NA
"degree_only_LCN2",7161,"APAF1",0,NA,NA,NA
"degree_only_LCN2",7162,"PCNA",0.000281828068793732,NA,NA,NA
"degree_only_LCN2",7163,"CYP1B1",1.26701867375623e-06,NA,NA,NA
"degree_only_LCN2",7164,"ADCY2",0,NA,NA,NA
"degree_only_LCN2",7165,"SFN",1.88836433614448e-05,NA,NA,NA
"degree_only_LCN2",7166,"PLAU",9.12459578450431e-06,NA,NA,NA
"degree_only_LCN2",7167,"SDHA",0.000611111269984921,NA,NA,NA
"degree_only_LCN2",7168,"ALDH1A3",0,NA,NA,NA
"degree_only_LCN2",7169,"CACNA1B",0,NA,NA,NA
"degree_only_LCN2",7170,"ACTG1",2.72461711825489e-06,NA,NA,NA
"degree_only_LCN2",7171,"ACACA",7.98311027262466e-05,NA,NA,NA
"degree_only_LCN2",7172,"AGTR1",7.87895413547623e-05,NA,NA,NA
"degree_only_LCN2",7173,"CS",0.000203624857343709,NA,NA,NA
"degree_only_LCN2",7174,"DRD2",0.000217393825030943,NA,NA,NA
"degree_only_LCN2",7175,"ADRB2",0.000148693401879507,NA,NA,NA
"degree_only_LCN2",7176,"PCNA",0.000281828068793732,NA,NA,NA
"degree_only_LCN2",7177,"DRD2",0.000217393825030943,NA,NA,NA
"degree_only_LCN2",7178,"AKR1C1",5.66614851992275e-05,NA,NA,NA
"degree_only_LCN2",7179,"PLAU",9.12459578450431e-06,NA,NA,NA
"degree_only_LCN2",7180,"ADCY2",0,NA,NA,NA
"degree_only_LCN2",7181,"KEAP1",8.90865911317151e-05,NA,NA,NA
"degree_only_LCN2",7182,"ACTG1",2.72461711825489e-06,NA,NA,NA
"degree_only_LCN2",7183,"PRKDC",3.48518119952512e-06,NA,NA,NA
"degree_only_LCN2",7184,"ACACA",7.98311027262466e-05,NA,NA,NA
"degree_only_LCN2",7185,"ACACA",7.98311027262466e-05,NA,NA,NA
"degree_only_LCN2",7186,"ACE2",6.17806475236016e-05,NA,NA,NA
"degree_only_LCN2",7187,"AKR1C1",5.66614851992275e-05,NA,NA,NA
"degree_only_LCN2",7188,"TEK",0,NA,NA,NA
"degree_only_LCN2",7189,"DRD2",0.000217393825030943,NA,NA,NA
"degree_only_LCN2",7190,"SFN",1.88836433614448e-05,NA,NA,NA
"degree_only_LCN2",7191,"RYR2",4.78345186669671e-05,NA,NA,NA
"degree_only_LCN2",7192,"PLAU",9.12459578450431e-06,NA,NA,NA
"degree_only_LCN2",7193,"ACE2",6.17806475236016e-05,NA,NA,NA
"degree_only_LCN2",7194,"PRKAG2",0.00023019859617357,NA,NA,NA
"degree_only_LCN2",7195,"BTK",0.000119272845312435,NA,NA,NA
"degree_only_LCN2",7196,"KEAP1",8.90865911317151e-05,NA,NA,NA
"degree_only_LCN2",7197,"GRIN2C",0,NA,NA,NA
"degree_only_LCN2",7198,"ADCY1",8.87083575196179e-06,NA,NA,NA
"degree_only_LCN2",7199,"AKR1C1",5.66614851992275e-05,NA,NA,NA
"degree_only_LCN2",7200,"CS",0.000203624857343709,NA,NA,NA
"degree_only_LCN2",7201,"AGTR1",7.87895413547623e-05,NA,NA,NA
"degree_only_LCN2",7202,"ADH4",0,NA,NA,NA
"degree_only_LCN2",7203,"ADCY2",0,NA,NA,NA
"degree_only_LCN2",7204,"BAX",8.97923976903581e-05,NA,NA,NA
"degree_only_LCN2",7205,"DRD2",0.000217393825030943,NA,NA,NA
"degree_only_LCN2",7206,"ACACA",7.98311027262466e-05,NA,NA,NA
"degree_only_LCN2",7207,"PLAU",9.12459578450431e-06,NA,NA,NA
"degree_only_LCN2",7208,"ALDH2",5.15659678518299e-05,NA,NA,NA
"degree_only_LCN2",7209,"BGLAP",0.000139973984731978,NA,NA,NA
"degree_only_LCN2",7210,"CACNA1B",0,NA,NA,NA
"degree_only_LCN2",7211,"SDHA",0.000611111269984921,NA,NA,NA
"degree_only_LCN2",7212,"NCOA2",3.54820525111377e-05,NA,NA,NA
"degree_only_LCN2",7213,"TGFA",3.48528190785569e-06,NA,NA,NA
"degree_only_LCN2",7214,"APAF1",0,NA,NA,NA
"degree_only_LCN2",7215,"CS",0.000203624857343709,NA,NA,NA
"degree_only_LCN2",7216,"ACTG1",2.72461711825489e-06,NA,NA,NA
"degree_only_LCN2",7217,"ACACA",7.98311027262466e-05,NA,NA,NA
"degree_only_LCN2",7218,"SLC6A3",0.000164253248760127,NA,NA,NA
"degree_only_LCN2",7219,"ADCY1",8.87083575196179e-06,NA,NA,NA
"degree_only_LCN2",7220,"PCNA",0.000281828068793732,NA,NA,NA
"degree_only_LCN2",7221,"CYP1B1",1.26701867375623e-06,NA,NA,NA
"degree_only_LCN2",7222,"ITGA5",0.00127400659039045,NA,NA,NA
"degree_only_LCN2",7223,"GRIN2C",0,NA,NA,NA
"degree_only_LCN2",7224,"ACE2",6.17806475236016e-05,NA,NA,NA
"degree_only_LCN2",7225,"EPOR",4.26416671160945e-05,NA,NA,NA
"degree_only_LCN2",7226,"TGFA",3.48528190785569e-06,NA,NA,NA
"degree_only_LCN2",7227,"GRIN2C",0,NA,NA,NA
"degree_only_LCN2",7228,"TGFA",3.48528190785569e-06,NA,NA,NA
"degree_only_LCN2",7229,"STAT4",0.000324242289791776,NA,NA,NA
"degree_only_LCN2",7230,"ALDH1A3",0,NA,NA,NA
"degree_only_LCN2",7231,"AKR1C1",5.66614851992275e-05,NA,NA,NA
"degree_only_LCN2",7232,"RYR2",4.78345186669671e-05,NA,NA,NA
"degree_only_LCN2",7233,"NOD2",2.72727341009693e-05,NA,NA,NA
"degree_only_LCN2",7234,"PRKDC",3.48518119952512e-06,NA,NA,NA
"degree_only_LCN2",7235,"PCNA",0.000281828068793732,NA,NA,NA
"degree_only_LCN2",7236,"SFN",1.88836433614448e-05,NA,NA,NA
"degree_only_LCN2",7237,"SHH",1.43206732026169e-05,NA,NA,NA
"degree_only_LCN2",7238,"PCNA",0.000281828068793732,NA,NA,NA
"degree_only_LCN2",7239,"CCR6",0,NA,NA,NA
"degree_only_LCN2",7240,"ADRB2",0.000148693401879507,NA,NA,NA
"degree_only_LCN2",7241,"EPOR",4.26416671160945e-05,NA,NA,NA
"degree_only_LCN2",7242,"LGALS3",1.90104129516033e-06,NA,NA,NA
"degree_only_LCN2",7243,"ADH7",0,NA,NA,NA
"degree_only_LCN2",7244,"ITGA5",0.00127400659039045,NA,NA,NA
"degree_only_LCN2",7245,"AKR1C1",5.66614851992275e-05,NA,NA,NA
"degree_only_LCN2",7246,"PLAU",9.12459578450431e-06,NA,NA,NA
"degree_only_LCN2",7247,"IRF1",0,NA,NA,NA
"degree_only_LCN2",7248,"TEK",0,NA,NA,NA
"degree_only_LCN2",7249,"ATG5",1.93264314094499e-05,NA,NA,NA
"degree_only_LCN2",7250,"ALDH2",5.15659678518299e-05,NA,NA,NA
"degree_only_LCN2",7251,"CCR6",0,NA,NA,NA
"degree_only_LCN2",7252,"CCL22",0,NA,NA,NA
"degree_only_LCN2",7253,"ACTG1",2.72461711825489e-06,NA,NA,NA
"degree_only_LCN2",7254,"TEK",0,NA,NA,NA
"degree_only_LCN2",7255,"NCOA2",3.54820525111377e-05,NA,NA,NA
"degree_only_LCN2",7256,"AGTR1",7.87895413547623e-05,NA,NA,NA
"degree_only_LCN2",7257,"ALDH3A1",7.8987277396747e-05,NA,NA,NA
"degree_only_LCN2",7258,"ALDH1A2",0,NA,NA,NA
"degree_only_LCN2",7259,"KEAP1",8.90865911317151e-05,NA,NA,NA
"degree_only_LCN2",7260,"NCOA2",3.54820525111377e-05,NA,NA,NA
"degree_only_LCN2",7261,"SELE",1.58407098771463e-06,NA,NA,NA
"degree_only_LCN2",7262,"STAT4",0.000324242289791776,NA,NA,NA
"degree_only_LCN2",7263,"PLAU",9.12459578450431e-06,NA,NA,NA
"degree_only_LCN2",7264,"STAT4",0.000324242289791776,NA,NA,NA
"degree_only_LCN2",7265,"APAF1",0,NA,NA,NA
"degree_only_LCN2",7266,"PRKAG2",0.00023019859617357,NA,NA,NA
"degree_only_LCN2",7267,"ADCY1",8.87083575196179e-06,NA,NA,NA
"degree_only_LCN2",7268,"KDM1A",0,NA,NA,NA
"degree_only_LCN2",7269,"SELE",1.58407098771463e-06,NA,NA,NA
"degree_only_LCN2",7270,"EPOR",4.26416671160945e-05,NA,NA,NA
"degree_only_LCN2",7271,"ADCY2",0,NA,NA,NA
"degree_only_LCN2",7272,"PLAU",9.12459578450431e-06,NA,NA,NA
"degree_only_LCN2",7273,"LGALS3",1.90104129516033e-06,NA,NA,NA
"degree_only_LCN2",7274,"ALDH1A3",0,NA,NA,NA
"degree_only_LCN2",7275,"TGFA",3.48528190785569e-06,NA,NA,NA
"degree_only_LCN2",7276,"SHH",1.43206732026169e-05,NA,NA,NA
"degree_only_LCN2",7277,"RARA",0.000182812715244118,NA,NA,NA
"degree_only_LCN2",7278,"TEK",0,NA,NA,NA
"degree_only_LCN2",7279,"BGLAP",0.000139973984731978,NA,NA,NA
"degree_only_LCN2",7280,"ALDH1A3",0,NA,NA,NA
"degree_only_LCN2",7281,"EPOR",4.26416671160945e-05,NA,NA,NA
"degree_only_LCN2",7282,"ADCY1",8.87083575196179e-06,NA,NA,NA
"degree_only_LCN2",7283,"APAF1",0,NA,NA,NA
"degree_only_LCN2",7284,"BGLAP",0.000139973984731978,NA,NA,NA
"degree_only_LCN2",7285,"AKR1C1",5.66614851992275e-05,NA,NA,NA
"degree_only_LCN2",7286,"KDM1A",0,NA,NA,NA
"degree_only_LCN2",7287,"PCNA",0.000281828068793732,NA,NA,NA
"degree_only_LCN2",7288,"PCNA",0.000281828068793732,NA,NA,NA
"degree_only_LCN2",7289,"CACNA1B",0,NA,NA,NA
"degree_only_LCN2",7290,"BTK",0.000119272845312435,NA,NA,NA
"degree_only_LCN2",7291,"SLC6A3",0.000164253248760127,NA,NA,NA
"degree_only_LCN2",7292,"PLAU",9.12459578450431e-06,NA,NA,NA
"degree_only_LCN2",7293,"RYR2",4.78345186669671e-05,NA,NA,NA
"degree_only_LCN2",7294,"STAT4",0.000324242289791776,NA,NA,NA
"degree_only_LCN2",7295,"ADRB2",0.000148693401879507,NA,NA,NA
"degree_only_LCN2",7296,"SHH",1.43206732026169e-05,NA,NA,NA
"degree_only_LCN2",7297,"PLAU",9.12459578450431e-06,NA,NA,NA
"degree_only_LCN2",7298,"TGFA",3.48528190785569e-06,NA,NA,NA
"degree_only_LCN2",7299,"ACE2",6.17806475236016e-05,NA,NA,NA
"degree_only_LCN2",7300,"NOD2",2.72727341009693e-05,NA,NA,NA
"degree_only_LCN2",7301,"CCL22",0,NA,NA,NA
"degree_only_LCN2",7302,"BTK",0.000119272845312435,NA,NA,NA
"degree_only_LCN2",7303,"ALDH2",5.15659678518299e-05,NA,NA,NA
"degree_only_LCN2",7304,"CCR6",0,NA,NA,NA
"degree_only_LCN2",7305,"KDM1A",0,NA,NA,NA
"degree_only_LCN2",7306,"NCOA2",3.54820525111377e-05,NA,NA,NA
"degree_only_LCN2",7307,"ALDH1A2",0,NA,NA,NA
"degree_only_LCN2",7308,"SFN",1.88836433614448e-05,NA,NA,NA
"degree_only_LCN2",7309,"PRKDC",3.48518119952512e-06,NA,NA,NA
"degree_only_LCN2",7310,"ACTG1",2.72461711825489e-06,NA,NA,NA
"degree_only_LCN2",7311,"SDHA",0.000611111269984921,NA,NA,NA
"degree_only_LCN2",7312,"DRD2",0.000217393825030943,NA,NA,NA
"degree_only_LCN2",7313,"CACNA1B",0,NA,NA,NA
"degree_only_LCN2",7314,"KEAP1",8.90865911317151e-05,NA,NA,NA
"degree_only_LCN2",7315,"ADH4",0,NA,NA,NA
"degree_only_LCN2",7316,"ADH4",0,NA,NA,NA
"degree_only_LCN2",7317,"MT-CYB",0.000203007681716216,NA,NA,NA
"degree_only_LCN2",7318,"STAT4",0.000324242289791776,NA,NA,NA
"degree_only_LCN2",7319,"BTK",0.000119272845312435,NA,NA,NA
"degree_only_LCN2",7320,"CCR6",0,NA,NA,NA
"degree_only_LCN2",7321,"SELE",1.58407098771463e-06,NA,NA,NA
"degree_only_LCN2",7322,"ITGA5",0.00127400659039045,NA,NA,NA
"degree_only_LCN2",7323,"APAF1",0,NA,NA,NA
"degree_only_LCN2",7324,"PRKDC",3.48518119952512e-06,NA,NA,NA
"degree_only_LCN2",7325,"CYP1B1",1.26701867375623e-06,NA,NA,NA
"degree_only_LCN2",7326,"ALDH1A3",0,NA,NA,NA
"degree_only_LCN2",7327,"ALDH1A2",0,NA,NA,NA
"degree_only_LCN2",7328,"MT-CYB",0.000203007681716216,NA,NA,NA
"degree_only_LCN2",7329,"ADCY1",8.87083575196179e-06,NA,NA,NA
"degree_only_LCN2",7330,"ACACA",7.98311027262466e-05,NA,NA,NA
"degree_only_LCN2",7331,"LGALS3",1.90104129516033e-06,NA,NA,NA
"degree_only_LCN2",7332,"PRKDC",3.48518119952512e-06,NA,NA,NA
"degree_only_LCN2",7333,"SLC6A3",0.000164253248760127,NA,NA,NA
"degree_only_LCN2",7334,"SDHA",0.000611111269984921,NA,NA,NA
"degree_only_LCN2",7335,"APAF1",0,NA,NA,NA
"degree_only_LCN2",7336,"SDHA",0.000611111269984921,NA,NA,NA
"degree_only_LCN2",7337,"ACE2",6.17806475236016e-05,NA,NA,NA
"degree_only_LCN2",7338,"SCN1B",0.00123489854843939,NA,NA,NA
"degree_only_LCN2",7339,"PCNA",0.000281828068793732,NA,NA,NA
"degree_only_LCN2",7340,"ADH7",0,NA,NA,NA
"degree_only_LCN2",7341,"STAT4",0.000324242289791776,NA,NA,NA
"degree_only_LCN2",7342,"IRF1",0,NA,NA,NA
"degree_only_LCN2",7343,"ACE2",6.17806475236016e-05,NA,NA,NA
"degree_only_LCN2",7344,"PCNA",0.000281828068793732,NA,NA,NA
"degree_only_LCN2",7345,"NCOA2",3.54820525111377e-05,NA,NA,NA
"degree_only_LCN2",7346,"PCNA",0.000281828068793732,NA,NA,NA
"degree_only_LCN2",7347,"ALDH1A3",0,NA,NA,NA
"degree_only_LCN2",7348,"ALDH1A3",0,NA,NA,NA
"degree_only_LCN2",7349,"ALDH2",5.15659678518299e-05,NA,NA,NA
"degree_only_LCN2",7350,"AKR1C1",5.66614851992275e-05,NA,NA,NA
"degree_only_LCN2",7351,"APAF1",0,NA,NA,NA
"degree_only_LCN2",7352,"ACACA",7.98311027262466e-05,NA,NA,NA
"degree_only_LCN2",7353,"KEAP1",8.90865911317151e-05,NA,NA,NA
"degree_only_LCN2",7354,"CYP1B1",1.26701867375623e-06,NA,NA,NA
"degree_only_LCN2",7355,"ALDH1A3",0,NA,NA,NA
"degree_only_LCN2",7356,"CACNA1B",0,NA,NA,NA
"degree_only_LCN2",7357,"BTK",0.000119272845312435,NA,NA,NA
"degree_only_LCN2",7358,"ADH4",0,NA,NA,NA
"degree_only_LCN2",7359,"CCL22",0,NA,NA,NA
"degree_only_LCN2",7360,"BTK",0.000119272845312435,NA,NA,NA
"degree_only_LCN2",7361,"ADH7",0,NA,NA,NA
"degree_only_LCN2",7362,"RYR2",4.78345186669671e-05,NA,NA,NA
"degree_only_LCN2",7363,"SELE",1.58407098771463e-06,NA,NA,NA
"degree_only_LCN2",7364,"BTK",0.000119272845312435,NA,NA,NA
"degree_only_LCN2",7365,"SELE",1.58407098771463e-06,NA,NA,NA
"degree_only_LCN2",7366,"APAF1",0,NA,NA,NA
"degree_only_LCN2",7367,"ADRB2",0.000148693401879507,NA,NA,NA
"degree_only_LCN2",7368,"CACNA1B",0,NA,NA,NA
"degree_only_LCN2",7369,"ACTG1",2.72461711825489e-06,NA,NA,NA
"degree_only_LCN2",7370,"PRKAG2",0.00023019859617357,NA,NA,NA
"degree_only_LCN2",7371,"PRKAG2",0.00023019859617357,NA,NA,NA
"degree_only_LCN2",7372,"LGALS3",1.90104129516033e-06,NA,NA,NA
"degree_only_LCN2",7373,"NCOA2",3.54820525111377e-05,NA,NA,NA
"degree_only_LCN2",7374,"AKR1C1",5.66614851992275e-05,NA,NA,NA
"degree_only_LCN2",7375,"STAT4",0.000324242289791776,NA,NA,NA
"degree_only_LCN2",7376,"ALDH1A3",0,NA,NA,NA
"degree_only_LCN2",7377,"ALDH3A1",7.8987277396747e-05,NA,NA,NA
"degree_only_LCN2",7378,"CYP1B1",1.26701867375623e-06,NA,NA,NA
"degree_only_LCN2",7379,"BTK",0.000119272845312435,NA,NA,NA
"degree_only_LCN2",7380,"STAT4",0.000324242289791776,NA,NA,NA
"degree_only_LCN2",7381,"SHH",1.43206732026169e-05,NA,NA,NA
"degree_only_LCN2",7382,"GRIN2C",0,NA,NA,NA
"degree_only_LCN2",7383,"BAX",8.97923976903581e-05,NA,NA,NA
"degree_only_LCN2",7384,"ALDH1A3",0,NA,NA,NA
"degree_only_LCN2",7385,"TEK",0,NA,NA,NA
"degree_only_LCN2",7386,"LGALS3",1.90104129516033e-06,NA,NA,NA
"degree_only_LCN2",7387,"ALDH3A1",7.8987277396747e-05,NA,NA,NA
"degree_only_LCN2",7388,"APAF1",0,NA,NA,NA
"degree_only_LCN2",7389,"ALDH1A2",0,NA,NA,NA
"degree_only_LCN2",7390,"ADCY2",0,NA,NA,NA
"degree_only_LCN2",7391,"STAT4",0.000324242289791776,NA,NA,NA
"degree_only_LCN2",7392,"KEAP1",8.90865911317151e-05,NA,NA,NA
"degree_only_LCN2",7393,"PLAU",9.12459578450431e-06,NA,NA,NA
"degree_only_LCN2",7394,"STAT4",0.000324242289791776,NA,NA,NA
"degree_only_LCN2",7395,"ACACA",7.98311027262466e-05,NA,NA,NA
"degree_only_LCN2",7396,"APAF1",0,NA,NA,NA
"degree_only_LCN2",7397,"ITGA5",0.00127400659039045,NA,NA,NA
"degree_only_LCN2",7398,"AKR1C1",5.66614851992275e-05,NA,NA,NA
"degree_only_LCN2",7399,"EPOR",4.26416671160945e-05,NA,NA,NA
"degree_only_LCN2",7400,"BTK",0.000119272845312435,NA,NA,NA
"degree_only_LCN2",7401,"NOD2",2.72727341009693e-05,NA,NA,NA
"degree_only_LCN2",7402,"BAX",8.97923976903581e-05,NA,NA,NA
"degree_only_LCN2",7403,"CCL22",0,NA,NA,NA
"degree_only_LCN2",7404,"PCNA",0.000281828068793732,NA,NA,NA
"degree_only_LCN2",7405,"SELE",1.58407098771463e-06,NA,NA,NA
"degree_only_LCN2",7406,"TEK",0,NA,NA,NA
"degree_only_LCN2",7407,"ADCY1",8.87083575196179e-06,NA,NA,NA
"degree_only_LCN2",7408,"ALDH3A1",7.8987277396747e-05,NA,NA,NA
"degree_only_LCN2",7409,"TEK",0,NA,NA,NA
"degree_only_LCN2",7410,"ADRB2",0.000148693401879507,NA,NA,NA
"degree_only_LCN2",7411,"SCN1B",0.00123489854843939,NA,NA,NA
"degree_only_LCN2",7412,"NCOA2",3.54820525111377e-05,NA,NA,NA
"degree_only_LCN2",7413,"SHH",1.43206732026169e-05,NA,NA,NA
"degree_only_LCN2",7414,"ATG5",1.93264314094499e-05,NA,NA,NA
"degree_only_LCN2",7415,"ADCY1",8.87083575196179e-06,NA,NA,NA
"degree_only_LCN2",7416,"PCNA",0.000281828068793732,NA,NA,NA
"degree_only_LCN2",7417,"EPOR",4.26416671160945e-05,NA,NA,NA
"degree_only_LCN2",7418,"MT-CYB",0.000203007681716216,NA,NA,NA
"degree_only_LCN2",7419,"ALDH2",5.15659678518299e-05,NA,NA,NA
"degree_only_LCN2",7420,"RYR2",4.78345186669671e-05,NA,NA,NA
"degree_only_LCN2",7421,"CACNA1B",0,NA,NA,NA
"degree_only_LCN2",7422,"BTK",0.000119272845312435,NA,NA,NA
"degree_only_LCN2",7423,"RARA",0.000182812715244118,NA,NA,NA
"degree_only_LCN2",7424,"ADCY1",8.87083575196179e-06,NA,NA,NA
"degree_only_LCN2",7425,"CACNA1B",0,NA,NA,NA
"degree_only_LCN2",7426,"CCR6",0,NA,NA,NA
"degree_only_LCN2",7427,"SHH",1.43206732026169e-05,NA,NA,NA
"degree_only_LCN2",7428,"BAX",8.97923976903581e-05,NA,NA,NA
"degree_only_LCN2",7429,"CACNA1B",0,NA,NA,NA
"degree_only_LCN2",7430,"KDM1A",0,NA,NA,NA
"degree_only_LCN2",7431,"LGALS3",1.90104129516033e-06,NA,NA,NA
"degree_only_LCN2",7432,"PLAU",9.12459578450431e-06,NA,NA,NA
"degree_only_LCN2",7433,"AKR1C1",5.66614851992275e-05,NA,NA,NA
"degree_only_LCN2",7434,"STAT4",0.000324242289791776,NA,NA,NA
"degree_only_LCN2",7435,"AKR1C1",5.66614851992275e-05,NA,NA,NA
"degree_only_LCN2",7436,"ACE2",6.17806475236016e-05,NA,NA,NA
"degree_only_LCN2",7437,"ALDH2",5.15659678518299e-05,NA,NA,NA
"degree_only_LCN2",7438,"CACNA1B",0,NA,NA,NA
"degree_only_LCN2",7439,"ATG5",1.93264314094499e-05,NA,NA,NA
"degree_only_LCN2",7440,"PLAU",9.12459578450431e-06,NA,NA,NA
"degree_only_LCN2",7441,"NCOA2",3.54820525111377e-05,NA,NA,NA
"degree_only_LCN2",7442,"KDM1A",0,NA,NA,NA
"degree_only_LCN2",7443,"ALDH3A1",7.8987277396747e-05,NA,NA,NA
"degree_only_LCN2",7444,"CCL22",0,NA,NA,NA
"degree_only_LCN2",7445,"AGTR1",7.87895413547623e-05,NA,NA,NA
"degree_only_LCN2",7446,"SDHA",0.000611111269984921,NA,NA,NA
"degree_only_LCN2",7447,"SFN",1.88836433614448e-05,NA,NA,NA
"degree_only_LCN2",7448,"BTK",0.000119272845312435,NA,NA,NA
"degree_only_LCN2",7449,"BTK",0.000119272845312435,NA,NA,NA
"degree_only_LCN2",7450,"CYP1B1",1.26701867375623e-06,NA,NA,NA
"degree_only_LCN2",7451,"CYP1B1",1.26701867375623e-06,NA,NA,NA
"degree_only_LCN2",7452,"RARA",0.000182812715244118,NA,NA,NA
"degree_only_LCN2",7453,"APAF1",0,NA,NA,NA
"degree_only_LCN2",7454,"LGALS3",1.90104129516033e-06,NA,NA,NA
"degree_only_LCN2",7455,"ATG5",1.93264314094499e-05,NA,NA,NA
"degree_only_LCN2",7456,"ALDH1A2",0,NA,NA,NA
"degree_only_LCN2",7457,"KDM1A",0,NA,NA,NA
"degree_only_LCN2",7458,"APAF1",0,NA,NA,NA
"degree_only_LCN2",7459,"AGTR1",7.87895413547623e-05,NA,NA,NA
"degree_only_LCN2",7460,"ADRB2",0.000148693401879507,NA,NA,NA
"degree_only_LCN2",7461,"SDHA",0.000611111269984921,NA,NA,NA
"degree_only_LCN2",7462,"NOD2",2.72727341009693e-05,NA,NA,NA
"degree_only_LCN2",7463,"SFN",1.88836433614448e-05,NA,NA,NA
"degree_only_LCN2",7464,"ITGA5",0.00127400659039045,NA,NA,NA
"degree_only_LCN2",7465,"ATG5",1.93264314094499e-05,NA,NA,NA
"degree_only_LCN2",7466,"BAX",8.97923976903581e-05,NA,NA,NA
"degree_only_LCN2",7467,"SFN",1.88836433614448e-05,NA,NA,NA
"degree_only_LCN2",7468,"PRKAG2",0.00023019859617357,NA,NA,NA
"degree_only_LCN2",7469,"CYP1B1",1.26701867375623e-06,NA,NA,NA
"degree_only_LCN2",7470,"CACNA1B",0,NA,NA,NA
"degree_only_LCN2",7471,"RARA",0.000182812715244118,NA,NA,NA
"degree_only_LCN2",7472,"BGLAP",0.000139973984731978,NA,NA,NA
"degree_only_LCN2",7473,"AKR1C1",5.66614851992275e-05,NA,NA,NA
"degree_only_LCN2",7474,"RYR2",4.78345186669671e-05,NA,NA,NA
"degree_only_LCN2",7475,"PLAU",9.12459578450431e-06,NA,NA,NA
"degree_only_LCN2",7476,"ITGA5",0.00127400659039045,NA,NA,NA
"degree_only_LCN2",7477,"CACNA1B",0,NA,NA,NA
"degree_only_LCN2",7478,"SELE",1.58407098771463e-06,NA,NA,NA
"degree_only_LCN2",7479,"ACE2",6.17806475236016e-05,NA,NA,NA
"degree_only_LCN2",7480,"EPOR",4.26416671160945e-05,NA,NA,NA
"degree_only_LCN2",7481,"APAF1",0,NA,NA,NA
"degree_only_LCN2",7482,"RARA",0.000182812715244118,NA,NA,NA
"degree_only_LCN2",7483,"ALDH3A1",7.8987277396747e-05,NA,NA,NA
"degree_only_LCN2",7484,"PRKAG2",0.00023019859617357,NA,NA,NA
"degree_only_LCN2",7485,"BAX",8.97923976903581e-05,NA,NA,NA
"degree_only_LCN2",7486,"STAT4",0.000324242289791776,NA,NA,NA
"degree_only_LCN2",7487,"KEAP1",8.90865911317151e-05,NA,NA,NA
"degree_only_LCN2",7488,"BGLAP",0.000139973984731978,NA,NA,NA
"degree_only_LCN2",7489,"CYP1B1",1.26701867375623e-06,NA,NA,NA
"degree_only_LCN2",7490,"ADH7",0,NA,NA,NA
"degree_only_LCN2",7491,"TGFA",3.48528190785569e-06,NA,NA,NA
"degree_only_LCN2",7492,"KDM1A",0,NA,NA,NA
"degree_only_LCN2",7493,"ITGA5",0.00127400659039045,NA,NA,NA
"degree_only_LCN2",7494,"RARA",0.000182812715244118,NA,NA,NA
"degree_only_LCN2",7495,"ADH4",0,NA,NA,NA
"degree_only_LCN2",7496,"ALDH2",5.15659678518299e-05,NA,NA,NA
"degree_only_LCN2",7497,"CCL22",0,NA,NA,NA
"degree_only_LCN2",7498,"TEK",0,NA,NA,NA
"degree_only_LCN2",7499,"NCOA2",3.54820525111377e-05,NA,NA,NA
"degree_only_LCN2",7500,"NOD2",2.72727341009693e-05,NA,NA,NA
"degree_only_LCN2",7501,"SFN",1.88836433614448e-05,NA,NA,NA
"degree_only_LCN2",7502,"ITGA5",0.00127400659039045,NA,NA,NA
"degree_only_LCN2",7503,"SLC6A3",0.000164253248760127,NA,NA,NA
"degree_only_LCN2",7504,"SHH",1.43206732026169e-05,NA,NA,NA
"degree_only_LCN2",7505,"CCR6",0,NA,NA,NA
"degree_only_LCN2",7506,"BAX",8.97923976903581e-05,NA,NA,NA
"degree_only_LCN2",7507,"RYR2",4.78345186669671e-05,NA,NA,NA
"degree_only_LCN2",7508,"AGTR1",7.87895413547623e-05,NA,NA,NA
"degree_only_LCN2",7509,"AKR1C1",5.66614851992275e-05,NA,NA,NA
"degree_only_LCN2",7510,"RYR2",4.78345186669671e-05,NA,NA,NA
"degree_only_LCN2",7511,"STAT4",0.000324242289791776,NA,NA,NA
"degree_only_LCN2",7512,"SELE",1.58407098771463e-06,NA,NA,NA
"degree_only_LCN2",7513,"ALDH2",5.15659678518299e-05,NA,NA,NA
"degree_only_LCN2",7514,"ADCY2",0,NA,NA,NA
"degree_only_LCN2",7515,"NOD2",2.72727341009693e-05,NA,NA,NA
"degree_only_LCN2",7516,"PLAU",9.12459578450431e-06,NA,NA,NA
"degree_only_LCN2",7517,"ADH4",0,NA,NA,NA
"degree_only_LCN2",7518,"PRKDC",3.48518119952512e-06,NA,NA,NA
"degree_only_LCN2",7519,"SHH",1.43206732026169e-05,NA,NA,NA
"degree_only_LCN2",7520,"AGTR1",7.87895413547623e-05,NA,NA,NA
"degree_only_LCN2",7521,"PRKAG2",0.00023019859617357,NA,NA,NA
"degree_only_LCN2",7522,"ADH4",0,NA,NA,NA
"degree_only_LCN2",7523,"ADH4",0,NA,NA,NA
"degree_only_LCN2",7524,"SDHA",0.000611111269984921,NA,NA,NA
"degree_only_LCN2",7525,"ADH4",0,NA,NA,NA
"degree_only_LCN2",7526,"IRF1",0,NA,NA,NA
"degree_only_LCN2",7527,"ALDH3A1",7.8987277396747e-05,NA,NA,NA
"degree_only_LCN2",7528,"KDM1A",0,NA,NA,NA
"degree_only_LCN2",7529,"PLAU",9.12459578450431e-06,NA,NA,NA
"degree_only_LCN2",7530,"KEAP1",8.90865911317151e-05,NA,NA,NA
"degree_only_LCN2",7531,"ADRB2",0.000148693401879507,NA,NA,NA
"degree_only_LCN2",7532,"NOD2",2.72727341009693e-05,NA,NA,NA
"degree_only_LCN2",7533,"IRF1",0,NA,NA,NA
"degree_only_LCN2",7534,"PCNA",0.000281828068793732,NA,NA,NA
"degree_only_LCN2",7535,"SCN1B",0.00123489854843939,NA,NA,NA
"degree_only_LCN2",7536,"APAF1",0,NA,NA,NA
"degree_only_LCN2",7537,"CCL22",0,NA,NA,NA
"degree_only_LCN2",7538,"SDHA",0.000611111269984921,NA,NA,NA
"degree_only_LCN2",7539,"PLAU",9.12459578450431e-06,NA,NA,NA
"degree_only_LCN2",7540,"LGALS3",1.90104129516033e-06,NA,NA,NA
"degree_only_LCN2",7541,"NOD2",2.72727341009693e-05,NA,NA,NA
"degree_only_LCN2",7542,"ACE2",6.17806475236016e-05,NA,NA,NA
"degree_only_LCN2",7543,"KEAP1",8.90865911317151e-05,NA,NA,NA
"degree_only_LCN2",7544,"ACACA",7.98311027262466e-05,NA,NA,NA
"degree_only_LCN2",7545,"ITGA5",0.00127400659039045,NA,NA,NA
"degree_only_LCN2",7546,"ADH7",0,NA,NA,NA
"degree_only_LCN2",7547,"ALDH3A1",7.8987277396747e-05,NA,NA,NA
"degree_only_LCN2",7548,"ADH4",0,NA,NA,NA
"degree_only_LCN2",7549,"MT-CYB",0.000203007681716216,NA,NA,NA
"degree_only_LCN2",7550,"ADCY2",0,NA,NA,NA
"degree_only_LCN2",7551,"CYP1B1",1.26701867375623e-06,NA,NA,NA
"degree_only_LCN2",7552,"ACTG1",2.72461711825489e-06,NA,NA,NA
"degree_only_LCN2",7553,"SLC6A3",0.000164253248760127,NA,NA,NA
"degree_only_LCN2",7554,"BAX",8.97923976903581e-05,NA,NA,NA
"degree_only_LCN2",7555,"BAX",8.97923976903581e-05,NA,NA,NA
"degree_only_LCN2",7556,"ACTG1",2.72461711825489e-06,NA,NA,NA
"degree_only_LCN2",7557,"SFN",1.88836433614448e-05,NA,NA,NA
"degree_only_LCN2",7558,"SELE",1.58407098771463e-06,NA,NA,NA
"degree_only_LCN2",7559,"SELE",1.58407098771463e-06,NA,NA,NA
"degree_only_LCN2",7560,"PRKDC",3.48518119952512e-06,NA,NA,NA
"degree_only_LCN2",7561,"CS",0.000203624857343709,NA,NA,NA
"degree_only_LCN2",7562,"CS",0.000203624857343709,NA,NA,NA
"degree_only_LCN2",7563,"STAT4",0.000324242289791776,NA,NA,NA
"degree_only_LCN2",7564,"IRF1",0,NA,NA,NA
"degree_only_LCN2",7565,"CS",0.000203624857343709,NA,NA,NA
"degree_only_LCN2",7566,"ADRB2",0.000148693401879507,NA,NA,NA
"degree_only_LCN2",7567,"ALDH2",5.15659678518299e-05,NA,NA,NA
"degree_only_LCN2",7568,"CCR6",0,NA,NA,NA
"degree_only_LCN2",7569,"DRD2",0.000217393825030943,NA,NA,NA
"degree_only_LCN2",7570,"MT-CYB",0.000203007681716216,NA,NA,NA
"degree_only_LCN2",7571,"EPOR",4.26416671160945e-05,NA,NA,NA
"degree_only_LCN2",7572,"PRKAG2",0.00023019859617357,NA,NA,NA
"degree_only_LCN2",7573,"ACE2",6.17806475236016e-05,NA,NA,NA
"degree_only_LCN2",7574,"NCOA2",3.54820525111377e-05,NA,NA,NA
"degree_only_LCN2",7575,"CACNA1B",0,NA,NA,NA
"degree_only_LCN2",7576,"ACE2",6.17806475236016e-05,NA,NA,NA
"degree_only_LCN2",7577,"NCOA2",3.54820525111377e-05,NA,NA,NA
"degree_only_LCN2",7578,"ALDH1A2",0,NA,NA,NA
"degree_only_LCN2",7579,"PRKDC",3.48518119952512e-06,NA,NA,NA
"degree_only_LCN2",7580,"CCR6",0,NA,NA,NA
"degree_only_LCN2",7581,"TGFA",3.48528190785569e-06,NA,NA,NA
"degree_only_LCN2",7582,"SDHA",0.000611111269984921,NA,NA,NA
"degree_only_LCN2",7583,"ADRB2",0.000148693401879507,NA,NA,NA
"degree_only_LCN2",7584,"ALDH2",5.15659678518299e-05,NA,NA,NA
"degree_only_LCN2",7585,"CS",0.000203624857343709,NA,NA,NA
"degree_only_LCN2",7586,"ALDH1A2",0,NA,NA,NA
"degree_only_LCN2",7587,"BTK",0.000119272845312435,NA,NA,NA
"degree_only_LCN2",7588,"SCN1B",0.00123489854843939,NA,NA,NA
"degree_only_LCN2",7589,"SELE",1.58407098771463e-06,NA,NA,NA
"degree_only_LCN2",7590,"SFN",1.88836433614448e-05,NA,NA,NA
"degree_only_LCN2",7591,"ACACA",7.98311027262466e-05,NA,NA,NA
"degree_only_LCN2",7592,"PRKDC",3.48518119952512e-06,NA,NA,NA
"degree_only_LCN2",7593,"ALDH3A1",7.8987277396747e-05,NA,NA,NA
"degree_only_LCN2",7594,"ACACA",7.98311027262466e-05,NA,NA,NA
"degree_only_LCN2",7595,"MT-CYB",0.000203007681716216,NA,NA,NA
"degree_only_LCN2",7596,"RYR2",4.78345186669671e-05,NA,NA,NA
"degree_only_LCN2",7597,"DRD2",0.000217393825030943,NA,NA,NA
"degree_only_LCN2",7598,"ITGA5",0.00127400659039045,NA,NA,NA
"degree_only_LCN2",7599,"SELE",1.58407098771463e-06,NA,NA,NA
"degree_only_LCN2",7600,"APAF1",0,NA,NA,NA
"degree_only_LCN2",7601,"EPOR",4.26416671160945e-05,NA,NA,NA
"degree_only_LCN2",7602,"RARA",0.000182812715244118,NA,NA,NA
"degree_only_LCN2",7603,"CACNA1B",0,NA,NA,NA
"degree_only_LCN2",7604,"ATG5",1.93264314094499e-05,NA,NA,NA
"degree_only_LCN2",7605,"ADCY2",0,NA,NA,NA
"degree_only_LCN2",7606,"LGALS3",1.90104129516033e-06,NA,NA,NA
"degree_only_LCN2",7607,"TEK",0,NA,NA,NA
"degree_only_LCN2",7608,"ADCY1",8.87083575196179e-06,NA,NA,NA
"degree_only_LCN2",7609,"ADRB2",0.000148693401879507,NA,NA,NA
"degree_only_LCN2",7610,"TEK",0,NA,NA,NA
"degree_only_LCN2",7611,"ADH7",0,NA,NA,NA
"degree_only_LCN2",7612,"PLAU",9.12459578450431e-06,NA,NA,NA
"degree_only_LCN2",7613,"ACTG1",2.72461711825489e-06,NA,NA,NA
"degree_only_LCN2",7614,"BTK",0.000119272845312435,NA,NA,NA
"degree_only_LCN2",7615,"CCL22",0,NA,NA,NA
"degree_only_LCN2",7616,"ACACA",7.98311027262466e-05,NA,NA,NA
"degree_only_LCN2",7617,"ALDH3A1",7.8987277396747e-05,NA,NA,NA
"degree_only_LCN2",7618,"ALDH1A2",0,NA,NA,NA
"degree_only_LCN2",7619,"APAF1",0,NA,NA,NA
"degree_only_LCN2",7620,"KDM1A",0,NA,NA,NA
"degree_only_LCN2",7621,"ITGA5",0.00127400659039045,NA,NA,NA
"degree_only_LCN2",7622,"CCR6",0,NA,NA,NA
"degree_only_LCN2",7623,"ADCY1",8.87083575196179e-06,NA,NA,NA
"degree_only_LCN2",7624,"ALDH1A3",0,NA,NA,NA
"degree_only_LCN2",7625,"ITGA5",0.00127400659039045,NA,NA,NA
"degree_only_LCN2",7626,"SLC6A3",0.000164253248760127,NA,NA,NA
"degree_only_LCN2",7627,"ALDH1A2",0,NA,NA,NA
"degree_only_LCN2",7628,"SCN1B",0.00123489854843939,NA,NA,NA
"degree_only_LCN2",7629,"ADH4",0,NA,NA,NA
"degree_only_LCN2",7630,"SHH",1.43206732026169e-05,NA,NA,NA
"degree_only_LCN2",7631,"IRF1",0,NA,NA,NA
"degree_only_LCN2",7632,"ATG5",1.93264314094499e-05,NA,NA,NA
"degree_only_LCN2",7633,"SDHA",0.000611111269984921,NA,NA,NA
"degree_only_LCN2",7634,"CYP1B1",1.26701867375623e-06,NA,NA,NA
"degree_only_LCN2",7635,"KEAP1",8.90865911317151e-05,NA,NA,NA
"degree_only_LCN2",7636,"ALDH2",5.15659678518299e-05,NA,NA,NA
"degree_only_LCN2",7637,"ACE2",6.17806475236016e-05,NA,NA,NA
"degree_only_LCN2",7638,"RYR2",4.78345186669671e-05,NA,NA,NA
"degree_only_LCN2",7639,"SDHA",0.000611111269984921,NA,NA,NA
"degree_only_LCN2",7640,"ALDH2",5.15659678518299e-05,NA,NA,NA
"degree_only_LCN2",7641,"CCR6",0,NA,NA,NA
"degree_only_LCN2",7642,"LGALS3",1.90104129516033e-06,NA,NA,NA
"degree_only_LCN2",7643,"CCR6",0,NA,NA,NA
"degree_only_LCN2",7644,"ADH4",0,NA,NA,NA
"degree_only_LCN2",7645,"IRF1",0,NA,NA,NA
"degree_only_LCN2",7646,"NCOA2",3.54820525111377e-05,NA,NA,NA
"degree_only_LCN2",7647,"ADH7",0,NA,NA,NA
"degree_only_LCN2",7648,"ALDH1A2",0,NA,NA,NA
"degree_only_LCN2",7649,"PCNA",0.000281828068793732,NA,NA,NA
"degree_only_LCN2",7650,"ALDH2",5.15659678518299e-05,NA,NA,NA
"degree_only_LCN2",7651,"GRIN2C",0,NA,NA,NA
"degree_only_LCN2",7652,"PRKDC",3.48518119952512e-06,NA,NA,NA
"degree_only_LCN2",7653,"BAX",8.97923976903581e-05,NA,NA,NA
"degree_only_LCN2",7654,"ALDH1A2",0,NA,NA,NA
"degree_only_LCN2",7655,"ALDH1A3",0,NA,NA,NA
"degree_only_LCN2",7656,"EPOR",4.26416671160945e-05,NA,NA,NA
"degree_only_LCN2",7657,"SFN",1.88836433614448e-05,NA,NA,NA
"degree_only_LCN2",7658,"APAF1",0,NA,NA,NA
"degree_only_LCN2",7659,"SCN1B",0.00123489854843939,NA,NA,NA
"degree_only_LCN2",7660,"NCOA2",3.54820525111377e-05,NA,NA,NA
"degree_only_LCN2",7661,"TGFA",3.48528190785569e-06,NA,NA,NA
"degree_only_LCN2",7662,"NCOA2",3.54820525111377e-05,NA,NA,NA
"degree_only_LCN2",7663,"BGLAP",0.000139973984731978,NA,NA,NA
"degree_only_LCN2",7664,"IRF1",0,NA,NA,NA
"degree_only_LCN2",7665,"RYR2",4.78345186669671e-05,NA,NA,NA
"degree_only_LCN2",7666,"SHH",1.43206732026169e-05,NA,NA,NA
"degree_only_LCN2",7667,"GRIN2C",0,NA,NA,NA
"degree_only_LCN2",7668,"SFN",1.88836433614448e-05,NA,NA,NA
"degree_only_LCN2",7669,"BAX",8.97923976903581e-05,NA,NA,NA
"degree_only_LCN2",7670,"RARA",0.000182812715244118,NA,NA,NA
"degree_only_LCN2",7671,"ALDH2",5.15659678518299e-05,NA,NA,NA
"degree_only_LCN2",7672,"DRD2",0.000217393825030943,NA,NA,NA
"degree_only_LCN2",7673,"ITGA5",0.00127400659039045,NA,NA,NA
"degree_only_LCN2",7674,"SFN",1.88836433614448e-05,NA,NA,NA
"degree_only_LCN2",7675,"EPOR",4.26416671160945e-05,NA,NA,NA
"degree_only_LCN2",7676,"ADH4",0,NA,NA,NA
"degree_only_LCN2",7677,"CCR6",0,NA,NA,NA
"degree_only_LCN2",7678,"IRF1",0,NA,NA,NA
"degree_only_LCN2",7679,"PLAU",9.12459578450431e-06,NA,NA,NA
"degree_only_LCN2",7680,"LGALS3",1.90104129516033e-06,NA,NA,NA
"degree_only_LCN2",7681,"TGFA",3.48528190785569e-06,NA,NA,NA
"degree_only_LCN2",7682,"SDHA",0.000611111269984921,NA,NA,NA
"degree_only_LCN2",7683,"ATG5",1.93264314094499e-05,NA,NA,NA
"degree_only_LCN2",7684,"LGALS3",1.90104129516033e-06,NA,NA,NA
"degree_only_LCN2",7685,"ACE2",6.17806475236016e-05,NA,NA,NA
"degree_only_LCN2",7686,"ATG5",1.93264314094499e-05,NA,NA,NA
"degree_only_LCN2",7687,"CS",0.000203624857343709,NA,NA,NA
"degree_only_LCN2",7688,"PRKDC",3.48518119952512e-06,NA,NA,NA
"degree_only_LCN2",7689,"SDHA",0.000611111269984921,NA,NA,NA
"degree_only_LCN2",7690,"APAF1",0,NA,NA,NA
"degree_only_LCN2",7691,"PRKDC",3.48518119952512e-06,NA,NA,NA
"degree_only_LCN2",7692,"GRIN2C",0,NA,NA,NA
"degree_only_LCN2",7693,"ALDH1A2",0,NA,NA,NA
"degree_only_LCN2",7694,"ITGA5",0.00127400659039045,NA,NA,NA
"degree_only_LCN2",7695,"SLC6A3",0.000164253248760127,NA,NA,NA
"degree_only_LCN2",7696,"CCL22",0,NA,NA,NA
"degree_only_LCN2",7697,"SLC6A3",0.000164253248760127,NA,NA,NA
"degree_only_LCN2",7698,"ADCY2",0,NA,NA,NA
"degree_only_LCN2",7699,"GRIN2C",0,NA,NA,NA
"degree_only_LCN2",7700,"ALDH3A1",7.8987277396747e-05,NA,NA,NA
"degree_only_LCN2",7701,"ATG5",1.93264314094499e-05,NA,NA,NA
"degree_only_LCN2",7702,"RYR2",4.78345186669671e-05,NA,NA,NA
"degree_only_LCN2",7703,"GRIN2C",0,NA,NA,NA
"degree_only_LCN2",7704,"ADRB2",0.000148693401879507,NA,NA,NA
"degree_only_LCN2",7705,"GRIN2C",0,NA,NA,NA
"degree_only_LCN2",7706,"KDM1A",0,NA,NA,NA
"degree_only_LCN2",7707,"TEK",0,NA,NA,NA
"degree_only_LCN2",7708,"CYP1B1",1.26701867375623e-06,NA,NA,NA
"degree_only_LCN2",7709,"NOD2",2.72727341009693e-05,NA,NA,NA
"degree_only_LCN2",7710,"CYP1B1",1.26701867375623e-06,NA,NA,NA
"degree_only_LCN2",7711,"EPOR",4.26416671160945e-05,NA,NA,NA
"degree_only_LCN2",7712,"ACTG1",2.72461711825489e-06,NA,NA,NA
"degree_only_LCN2",7713,"AGTR1",7.87895413547623e-05,NA,NA,NA
"degree_only_LCN2",7714,"ACACA",7.98311027262466e-05,NA,NA,NA
"degree_only_LCN2",7715,"APAF1",0,NA,NA,NA
"degree_only_LCN2",7716,"TEK",0,NA,NA,NA
"degree_only_LCN2",7717,"STAT4",0.000324242289791776,NA,NA,NA
"degree_only_LCN2",7718,"ATG5",1.93264314094499e-05,NA,NA,NA
"degree_only_LCN2",7719,"ACACA",7.98311027262466e-05,NA,NA,NA
"degree_only_LCN2",7720,"STAT4",0.000324242289791776,NA,NA,NA
"degree_only_LCN2",7721,"EPOR",4.26416671160945e-05,NA,NA,NA
"degree_only_LCN2",7722,"ADH4",0,NA,NA,NA
"degree_only_LCN2",7723,"PRKAG2",0.00023019859617357,NA,NA,NA
"degree_only_LCN2",7724,"CCR6",0,NA,NA,NA
"degree_only_LCN2",7725,"LGALS3",1.90104129516033e-06,NA,NA,NA
"degree_only_LCN2",7726,"KDM1A",0,NA,NA,NA
"degree_only_LCN2",7727,"GRIN2C",0,NA,NA,NA
"degree_only_LCN2",7728,"BAX",8.97923976903581e-05,NA,NA,NA
"degree_only_LCN2",7729,"APAF1",0,NA,NA,NA
"degree_only_LCN2",7730,"KEAP1",8.90865911317151e-05,NA,NA,NA
"degree_only_LCN2",7731,"SHH",1.43206732026169e-05,NA,NA,NA
"degree_only_LCN2",7732,"ADCY2",0,NA,NA,NA
"degree_only_LCN2",7733,"BAX",8.97923976903581e-05,NA,NA,NA
"degree_only_LCN2",7734,"NCOA2",3.54820525111377e-05,NA,NA,NA
"degree_only_LCN2",7735,"ADCY1",8.87083575196179e-06,NA,NA,NA
"degree_only_LCN2",7736,"ATG5",1.93264314094499e-05,NA,NA,NA
"degree_only_LCN2",7737,"PRKDC",3.48518119952512e-06,NA,NA,NA
"degree_only_LCN2",7738,"KDM1A",0,NA,NA,NA
"degree_only_LCN2",7739,"KDM1A",0,NA,NA,NA
"degree_only_LCN2",7740,"ITGA5",0.00127400659039045,NA,NA,NA
"degree_only_LCN2",7741,"BAX",8.97923976903581e-05,NA,NA,NA
"degree_only_LCN2",7742,"AKR1C1",5.66614851992275e-05,NA,NA,NA
"degree_only_LCN2",7743,"RYR2",4.78345186669671e-05,NA,NA,NA
"degree_only_LCN2",7744,"NOD2",2.72727341009693e-05,NA,NA,NA
"degree_only_LCN2",7745,"PRKAG2",0.00023019859617357,NA,NA,NA
"degree_only_LCN2",7746,"TGFA",3.48528190785569e-06,NA,NA,NA
"degree_only_LCN2",7747,"ADCY1",8.87083575196179e-06,NA,NA,NA
"degree_only_LCN2",7748,"SFN",1.88836433614448e-05,NA,NA,NA
"degree_only_LCN2",7749,"NCOA2",3.54820525111377e-05,NA,NA,NA
"degree_only_LCN2",7750,"CS",0.000203624857343709,NA,NA,NA
"degree_only_LCN2",7751,"NOD2",2.72727341009693e-05,NA,NA,NA
"degree_only_LCN2",7752,"ADH7",0,NA,NA,NA
"degree_only_LCN2",7753,"PRKDC",3.48518119952512e-06,NA,NA,NA
"degree_only_LCN2",7754,"ALDH3A1",7.8987277396747e-05,NA,NA,NA
"degree_only_LCN2",7755,"KDM1A",0,NA,NA,NA
"degree_only_LCN2",7756,"TEK",0,NA,NA,NA
"degree_only_LCN2",7757,"ATG5",1.93264314094499e-05,NA,NA,NA
"degree_only_LCN2",7758,"ACTG1",2.72461711825489e-06,NA,NA,NA
"degree_only_LCN2",7759,"BTK",0.000119272845312435,NA,NA,NA
"degree_only_LCN2",7760,"ADH7",0,NA,NA,NA
"degree_only_LCN2",7761,"ATG5",1.93264314094499e-05,NA,NA,NA
"degree_only_LCN2",7762,"TGFA",3.48528190785569e-06,NA,NA,NA
"degree_only_LCN2",7763,"TGFA",3.48528190785569e-06,NA,NA,NA
"degree_only_LCN2",7764,"BGLAP",0.000139973984731978,NA,NA,NA
"degree_only_LCN2",7765,"SHH",1.43206732026169e-05,NA,NA,NA
"degree_only_LCN2",7766,"BTK",0.000119272845312435,NA,NA,NA
"degree_only_LCN2",7767,"PRKAG2",0.00023019859617357,NA,NA,NA
"degree_only_LCN2",7768,"RARA",0.000182812715244118,NA,NA,NA
"degree_only_LCN2",7769,"PRKDC",3.48518119952512e-06,NA,NA,NA
"degree_only_LCN2",7770,"BGLAP",0.000139973984731978,NA,NA,NA
"degree_only_LCN2",7771,"ALDH2",5.15659678518299e-05,NA,NA,NA
"degree_only_LCN2",7772,"SFN",1.88836433614448e-05,NA,NA,NA
"degree_only_LCN2",7773,"SFN",1.88836433614448e-05,NA,NA,NA
"degree_only_LCN2",7774,"ACTG1",2.72461711825489e-06,NA,NA,NA
"degree_only_LCN2",7775,"ITGA5",0.00127400659039045,NA,NA,NA
"degree_only_LCN2",7776,"NOD2",2.72727341009693e-05,NA,NA,NA
"degree_only_LCN2",7777,"SHH",1.43206732026169e-05,NA,NA,NA
"degree_only_LCN2",7778,"ALDH1A2",0,NA,NA,NA
"degree_only_LCN2",7779,"ADCY1",8.87083575196179e-06,NA,NA,NA
"degree_only_LCN2",7780,"RYR2",4.78345186669671e-05,NA,NA,NA
"degree_only_LCN2",7781,"KDM1A",0,NA,NA,NA
"degree_only_LCN2",7782,"RARA",0.000182812715244118,NA,NA,NA
"degree_only_LCN2",7783,"PRKAG2",0.00023019859617357,NA,NA,NA
"degree_only_LCN2",7784,"NCOA2",3.54820525111377e-05,NA,NA,NA
"degree_only_LCN2",7785,"ACE2",6.17806475236016e-05,NA,NA,NA
"degree_only_LCN2",7786,"ADCY2",0,NA,NA,NA
"degree_only_LCN2",7787,"ACACA",7.98311027262466e-05,NA,NA,NA
"degree_only_LCN2",7788,"GRIN2C",0,NA,NA,NA
"degree_only_LCN2",7789,"ADCY2",0,NA,NA,NA
"degree_only_LCN2",7790,"TEK",0,NA,NA,NA
"degree_only_LCN2",7791,"NOD2",2.72727341009693e-05,NA,NA,NA
"degree_only_LCN2",7792,"ITGA5",0.00127400659039045,NA,NA,NA
"degree_only_LCN2",7793,"IRF1",0,NA,NA,NA
"degree_only_LCN2",7794,"KEAP1",8.90865911317151e-05,NA,NA,NA
"degree_only_LCN2",7795,"STAT4",0.000324242289791776,NA,NA,NA
"degree_only_LCN2",7796,"STAT4",0.000324242289791776,NA,NA,NA
"degree_only_LCN2",7797,"PCNA",0.000281828068793732,NA,NA,NA
"degree_only_LCN2",7798,"CCL22",0,NA,NA,NA
"degree_only_LCN2",7799,"ACACA",7.98311027262466e-05,NA,NA,NA
"degree_only_LCN2",7800,"ATG5",1.93264314094499e-05,NA,NA,NA
"degree_only_LCN2",7801,"ADH7",0,NA,NA,NA
"degree_only_LCN2",7802,"LGALS3",1.90104129516033e-06,NA,NA,NA
"degree_only_LCN2",7803,"BGLAP",0.000139973984731978,NA,NA,NA
"degree_only_LCN2",7804,"LGALS3",1.90104129516033e-06,NA,NA,NA
"degree_only_LCN2",7805,"LGALS3",1.90104129516033e-06,NA,NA,NA
"degree_only_LCN2",7806,"PRKDC",3.48518119952512e-06,NA,NA,NA
"degree_only_LCN2",7807,"LGALS3",1.90104129516033e-06,NA,NA,NA
"degree_only_LCN2",7808,"ITGA5",0.00127400659039045,NA,NA,NA
"degree_only_LCN2",7809,"AKR1C1",5.66614851992275e-05,NA,NA,NA
"degree_only_LCN2",7810,"TGFA",3.48528190785569e-06,NA,NA,NA
"degree_only_LCN2",7811,"STAT4",0.000324242289791776,NA,NA,NA
"degree_only_LCN2",7812,"IRF1",0,NA,NA,NA
"degree_only_LCN2",7813,"PLAU",9.12459578450431e-06,NA,NA,NA
"degree_only_LCN2",7814,"BAX",8.97923976903581e-05,NA,NA,NA
"degree_only_LCN2",7815,"ADH7",0,NA,NA,NA
"degree_only_LCN2",7816,"SLC6A3",0.000164253248760127,NA,NA,NA
"degree_only_LCN2",7817,"EPOR",4.26416671160945e-05,NA,NA,NA
"degree_only_LCN2",7818,"SCN1B",0.00123489854843939,NA,NA,NA
"degree_only_LCN2",7819,"LGALS3",1.90104129516033e-06,NA,NA,NA
"degree_only_LCN2",7820,"SLC6A3",0.000164253248760127,NA,NA,NA
"degree_only_LCN2",7821,"MT-CYB",0.000203007681716216,NA,NA,NA
"degree_only_LCN2",7822,"GRIN2C",0,NA,NA,NA
"degree_only_LCN2",7823,"PRKDC",3.48518119952512e-06,NA,NA,NA
"degree_only_LCN2",7824,"NOD2",2.72727341009693e-05,NA,NA,NA
"degree_only_LCN2",7825,"IRF1",0,NA,NA,NA
"degree_only_LCN2",7826,"ADH4",0,NA,NA,NA
"degree_only_LCN2",7827,"EPOR",4.26416671160945e-05,NA,NA,NA
"degree_only_LCN2",7828,"LGALS3",1.90104129516033e-06,NA,NA,NA
"degree_only_LCN2",7829,"TEK",0,NA,NA,NA
"degree_only_LCN2",7830,"SFN",1.88836433614448e-05,NA,NA,NA
"degree_only_LCN2",7831,"AKR1C1",5.66614851992275e-05,NA,NA,NA
"degree_only_LCN2",7832,"PRKDC",3.48518119952512e-06,NA,NA,NA
"degree_only_LCN2",7833,"IRF1",0,NA,NA,NA
"degree_only_LCN2",7834,"ATG5",1.93264314094499e-05,NA,NA,NA
"degree_only_LCN2",7835,"SELE",1.58407098771463e-06,NA,NA,NA
"degree_only_LCN2",7836,"PRKAG2",0.00023019859617357,NA,NA,NA
"degree_only_LCN2",7837,"SCN1B",0.00123489854843939,NA,NA,NA
"degree_only_LCN2",7838,"ADH4",0,NA,NA,NA
"degree_only_LCN2",7839,"AKR1C1",5.66614851992275e-05,NA,NA,NA
"degree_only_LCN2",7840,"ACE2",6.17806475236016e-05,NA,NA,NA
"degree_only_LCN2",7841,"TGFA",3.48528190785569e-06,NA,NA,NA
"degree_only_LCN2",7842,"TGFA",3.48528190785569e-06,NA,NA,NA
"degree_only_LCN2",7843,"SLC6A3",0.000164253248760127,NA,NA,NA
"degree_only_LCN2",7844,"ALDH1A2",0,NA,NA,NA
"degree_only_LCN2",7845,"CCL22",0,NA,NA,NA
"degree_only_LCN2",7846,"IRF1",0,NA,NA,NA
"degree_only_LCN2",7847,"PRKDC",3.48518119952512e-06,NA,NA,NA
"degree_only_LCN2",7848,"PLAU",9.12459578450431e-06,NA,NA,NA
"degree_only_LCN2",7849,"SHH",1.43206732026169e-05,NA,NA,NA
"degree_only_LCN2",7850,"CS",0.000203624857343709,NA,NA,NA
"degree_only_LCN2",7851,"CYP1B1",1.26701867375623e-06,NA,NA,NA
"degree_only_LCN2",7852,"STAT4",0.000324242289791776,NA,NA,NA
"degree_only_LCN2",7853,"SDHA",0.000611111269984921,NA,NA,NA
"degree_only_LCN2",7854,"APAF1",0,NA,NA,NA
"degree_only_LCN2",7855,"ALDH2",5.15659678518299e-05,NA,NA,NA
"degree_only_LCN2",7856,"ALDH1A2",0,NA,NA,NA
"degree_only_LCN2",7857,"RARA",0.000182812715244118,NA,NA,NA
"degree_only_LCN2",7858,"ADCY2",0,NA,NA,NA
"degree_only_LCN2",7859,"BGLAP",0.000139973984731978,NA,NA,NA
"degree_only_LCN2",7860,"ACE2",6.17806475236016e-05,NA,NA,NA
"degree_only_LCN2",7861,"SELE",1.58407098771463e-06,NA,NA,NA
"degree_only_LCN2",7862,"CCL22",0,NA,NA,NA
"degree_only_LCN2",7863,"ALDH1A2",0,NA,NA,NA
"degree_only_LCN2",7864,"ALDH2",5.15659678518299e-05,NA,NA,NA
"degree_only_LCN2",7865,"DRD2",0.000217393825030943,NA,NA,NA
"degree_only_LCN2",7866,"ATG5",1.93264314094499e-05,NA,NA,NA
"degree_only_LCN2",7867,"PCNA",0.000281828068793732,NA,NA,NA
"degree_only_LCN2",7868,"BGLAP",0.000139973984731978,NA,NA,NA
"degree_only_LCN2",7869,"AKR1C1",5.66614851992275e-05,NA,NA,NA
"degree_only_LCN2",7870,"AGTR1",7.87895413547623e-05,NA,NA,NA
"degree_only_LCN2",7871,"AGTR1",7.87895413547623e-05,NA,NA,NA
"degree_only_LCN2",7872,"ALDH1A2",0,NA,NA,NA
"degree_only_LCN2",7873,"TGFA",3.48528190785569e-06,NA,NA,NA
"degree_only_LCN2",7874,"ALDH1A3",0,NA,NA,NA
"degree_only_LCN2",7875,"ADH7",0,NA,NA,NA
"degree_only_LCN2",7876,"ACTG1",2.72461711825489e-06,NA,NA,NA
"degree_only_LCN2",7877,"SDHA",0.000611111269984921,NA,NA,NA
"degree_only_LCN2",7878,"NOD2",2.72727341009693e-05,NA,NA,NA
"degree_only_LCN2",7879,"ADH4",0,NA,NA,NA
"degree_only_LCN2",7880,"BTK",0.000119272845312435,NA,NA,NA
"degree_only_LCN2",7881,"CS",0.000203624857343709,NA,NA,NA
"degree_only_LCN2",7882,"NOD2",2.72727341009693e-05,NA,NA,NA
"degree_only_LCN2",7883,"SCN1B",0.00123489854843939,NA,NA,NA
"degree_only_LCN2",7884,"CACNA1B",0,NA,NA,NA
"degree_only_LCN2",7885,"SLC6A3",0.000164253248760127,NA,NA,NA
"degree_only_LCN2",7886,"MT-CYB",0.000203007681716216,NA,NA,NA
"degree_only_LCN2",7887,"DRD2",0.000217393825030943,NA,NA,NA
"degree_only_LCN2",7888,"BGLAP",0.000139973984731978,NA,NA,NA
"degree_only_LCN2",7889,"CYP1B1",1.26701867375623e-06,NA,NA,NA
"degree_only_LCN2",7890,"ITGA5",0.00127400659039045,NA,NA,NA
"degree_only_LCN2",7891,"BAX",8.97923976903581e-05,NA,NA,NA
"degree_only_LCN2",7892,"PLAU",9.12459578450431e-06,NA,NA,NA
"degree_only_LCN2",7893,"NCOA2",3.54820525111377e-05,NA,NA,NA
"degree_only_LCN2",7894,"ITGA5",0.00127400659039045,NA,NA,NA
"degree_only_LCN2",7895,"ITGA5",0.00127400659039045,NA,NA,NA
"degree_only_LCN2",7896,"ACACA",7.98311027262466e-05,NA,NA,NA
"degree_only_LCN2",7897,"ALDH1A2",0,NA,NA,NA
"degree_only_LCN2",7898,"CYP1B1",1.26701867375623e-06,NA,NA,NA
"degree_only_LCN2",7899,"PRKDC",3.48518119952512e-06,NA,NA,NA
"degree_only_LCN2",7900,"CYP1B1",1.26701867375623e-06,NA,NA,NA
"degree_only_LCN2",7901,"ADCY2",0,NA,NA,NA
"degree_only_LCN2",7902,"STAT4",0.000324242289791776,NA,NA,NA
"degree_only_LCN2",7903,"NOD2",2.72727341009693e-05,NA,NA,NA
"degree_only_LCN2",7904,"BAX",8.97923976903581e-05,NA,NA,NA
"degree_only_LCN2",7905,"DRD2",0.000217393825030943,NA,NA,NA
"degree_only_LCN2",7906,"APAF1",0,NA,NA,NA
"degree_only_LCN2",7907,"PLAU",9.12459578450431e-06,NA,NA,NA
"degree_only_LCN2",7908,"ADH4",0,NA,NA,NA
"degree_only_LCN2",7909,"ALDH3A1",7.8987277396747e-05,NA,NA,NA
"degree_only_LCN2",7910,"CCR6",0,NA,NA,NA
"degree_only_LCN2",7911,"AGTR1",7.87895413547623e-05,NA,NA,NA
"degree_only_LCN2",7912,"PRKAG2",0.00023019859617357,NA,NA,NA
"degree_only_LCN2",7913,"CCL22",0,NA,NA,NA
"degree_only_LCN2",7914,"SCN1B",0.00123489854843939,NA,NA,NA
"degree_only_LCN2",7915,"ACTG1",2.72461711825489e-06,NA,NA,NA
"degree_only_LCN2",7916,"SDHA",0.000611111269984921,NA,NA,NA
"degree_only_LCN2",7917,"GRIN2C",0,NA,NA,NA
"degree_only_LCN2",7918,"ALDH2",5.15659678518299e-05,NA,NA,NA
"degree_only_LCN2",7919,"GRIN2C",0,NA,NA,NA
"degree_only_LCN2",7920,"STAT4",0.000324242289791776,NA,NA,NA
"degree_only_LCN2",7921,"CCL22",0,NA,NA,NA
"degree_only_LCN2",7922,"AKR1C1",5.66614851992275e-05,NA,NA,NA
"degree_only_LCN2",7923,"EPOR",4.26416671160945e-05,NA,NA,NA
"degree_only_LCN2",7924,"IRF1",0,NA,NA,NA
"degree_only_LCN2",7925,"CACNA1B",0,NA,NA,NA
"degree_only_LCN2",7926,"ACACA",7.98311027262466e-05,NA,NA,NA
"degree_only_LCN2",7927,"RYR2",4.78345186669671e-05,NA,NA,NA
"degree_only_LCN2",7928,"ITGA5",0.00127400659039045,NA,NA,NA
"degree_only_LCN2",7929,"ADRB2",0.000148693401879507,NA,NA,NA
"degree_only_LCN2",7930,"NOD2",2.72727341009693e-05,NA,NA,NA
"degree_only_LCN2",7931,"NCOA2",3.54820525111377e-05,NA,NA,NA
"degree_only_LCN2",7932,"AGTR1",7.87895413547623e-05,NA,NA,NA
"degree_only_LCN2",7933,"SELE",1.58407098771463e-06,NA,NA,NA
"degree_only_LCN2",7934,"CS",0.000203624857343709,NA,NA,NA
"degree_only_LCN2",7935,"GRIN2C",0,NA,NA,NA
"degree_only_LCN2",7936,"RYR2",4.78345186669671e-05,NA,NA,NA
"degree_only_LCN2",7937,"ACTG1",2.72461711825489e-06,NA,NA,NA
"degree_only_LCN2",7938,"CCR6",0,NA,NA,NA
"degree_only_LCN2",7939,"ITGA5",0.00127400659039045,NA,NA,NA
"degree_only_LCN2",7940,"ALDH2",5.15659678518299e-05,NA,NA,NA
"degree_only_LCN2",7941,"NCOA2",3.54820525111377e-05,NA,NA,NA
"degree_only_LCN2",7942,"SELE",1.58407098771463e-06,NA,NA,NA
"degree_only_LCN2",7943,"EPOR",4.26416671160945e-05,NA,NA,NA
"degree_only_LCN2",7944,"IRF1",0,NA,NA,NA
"degree_only_LCN2",7945,"SHH",1.43206732026169e-05,NA,NA,NA
"degree_only_LCN2",7946,"CACNA1B",0,NA,NA,NA
"degree_only_LCN2",7947,"ITGA5",0.00127400659039045,NA,NA,NA
"degree_only_LCN2",7948,"CACNA1B",0,NA,NA,NA
"degree_only_LCN2",7949,"SDHA",0.000611111269984921,NA,NA,NA
"degree_only_LCN2",7950,"PCNA",0.000281828068793732,NA,NA,NA
"degree_only_LCN2",7951,"ACE2",6.17806475236016e-05,NA,NA,NA
"degree_only_LCN2",7952,"SHH",1.43206732026169e-05,NA,NA,NA
"degree_only_LCN2",7953,"SFN",1.88836433614448e-05,NA,NA,NA
"degree_only_LCN2",7954,"ADRB2",0.000148693401879507,NA,NA,NA
"degree_only_LCN2",7955,"ALDH1A3",0,NA,NA,NA
"degree_only_LCN2",7956,"SLC6A3",0.000164253248760127,NA,NA,NA
"degree_only_LCN2",7957,"EPOR",4.26416671160945e-05,NA,NA,NA
"degree_only_LCN2",7958,"ACE2",6.17806475236016e-05,NA,NA,NA
"degree_only_LCN2",7959,"CCL22",0,NA,NA,NA
"degree_only_LCN2",7960,"ACACA",7.98311027262466e-05,NA,NA,NA
"degree_only_LCN2",7961,"CS",0.000203624857343709,NA,NA,NA
"degree_only_LCN2",7962,"SDHA",0.000611111269984921,NA,NA,NA
"degree_only_LCN2",7963,"SFN",1.88836433614448e-05,NA,NA,NA
"degree_only_LCN2",7964,"SELE",1.58407098771463e-06,NA,NA,NA
"degree_only_LCN2",7965,"PLAU",9.12459578450431e-06,NA,NA,NA
"degree_only_LCN2",7966,"CYP1B1",1.26701867375623e-06,NA,NA,NA
"degree_only_LCN2",7967,"MT-CYB",0.000203007681716216,NA,NA,NA
"degree_only_LCN2",7968,"APAF1",0,NA,NA,NA
"degree_only_LCN2",7969,"CACNA1B",0,NA,NA,NA
"degree_only_LCN2",7970,"KDM1A",0,NA,NA,NA
"degree_only_LCN2",7971,"TGFA",3.48528190785569e-06,NA,NA,NA
"degree_only_LCN2",7972,"ALDH2",5.15659678518299e-05,NA,NA,NA
"degree_only_LCN2",7973,"ALDH1A2",0,NA,NA,NA
"degree_only_LCN2",7974,"ACE2",6.17806475236016e-05,NA,NA,NA
"degree_only_LCN2",7975,"AKR1C1",5.66614851992275e-05,NA,NA,NA
"degree_only_LCN2",7976,"RARA",0.000182812715244118,NA,NA,NA
"degree_only_LCN2",7977,"CACNA1B",0,NA,NA,NA
"degree_only_LCN2",7978,"BTK",0.000119272845312435,NA,NA,NA
"degree_only_LCN2",7979,"ACE2",6.17806475236016e-05,NA,NA,NA
"degree_only_LCN2",7980,"ACE2",6.17806475236016e-05,NA,NA,NA
"degree_only_LCN2",7981,"ADH4",0,NA,NA,NA
"degree_only_LCN2",7982,"AGTR1",7.87895413547623e-05,NA,NA,NA
"degree_only_LCN2",7983,"APAF1",0,NA,NA,NA
"degree_only_LCN2",7984,"BGLAP",0.000139973984731978,NA,NA,NA
"degree_only_LCN2",7985,"GRIN2C",0,NA,NA,NA
"degree_only_LCN2",7986,"NOD2",2.72727341009693e-05,NA,NA,NA
"degree_only_LCN2",7987,"ATG5",1.93264314094499e-05,NA,NA,NA
"degree_only_LCN2",7988,"GRIN2C",0,NA,NA,NA
"degree_only_LCN2",7989,"NCOA2",3.54820525111377e-05,NA,NA,NA
"degree_only_LCN2",7990,"ADCY1",8.87083575196179e-06,NA,NA,NA
"degree_only_LCN2",7991,"EPOR",4.26416671160945e-05,NA,NA,NA
"degree_only_LCN2",7992,"ALDH1A3",0,NA,NA,NA
"degree_only_LCN2",7993,"LGALS3",1.90104129516033e-06,NA,NA,NA
"degree_only_LCN2",7994,"APAF1",0,NA,NA,NA
"degree_only_LCN2",7995,"SFN",1.88836433614448e-05,NA,NA,NA
"degree_only_LCN2",7996,"CYP1B1",1.26701867375623e-06,NA,NA,NA
"degree_only_LCN2",7997,"APAF1",0,NA,NA,NA
"degree_only_LCN2",7998,"ADCY1",8.87083575196179e-06,NA,NA,NA
"degree_only_LCN2",7999,"ALDH2",5.15659678518299e-05,NA,NA,NA
"degree_only_LCN2",8000,"EPOR",4.26416671160945e-05,NA,NA,NA
"degree_only_LCN2",8001,"ADCY2",0,NA,NA,NA
"degree_only_LCN2",8002,"RARA",0.000182812715244118,NA,NA,NA
"degree_only_LCN2",8003,"SCN1B",0.00123489854843939,NA,NA,NA
"degree_only_LCN2",8004,"MT-CYB",0.000203007681716216,NA,NA,NA
"degree_only_LCN2",8005,"ALDH1A3",0,NA,NA,NA
"degree_only_LCN2",8006,"ADH7",0,NA,NA,NA
"degree_only_LCN2",8007,"KEAP1",8.90865911317151e-05,NA,NA,NA
"degree_only_LCN2",8008,"APAF1",0,NA,NA,NA
"degree_only_LCN2",8009,"ACACA",7.98311027262466e-05,NA,NA,NA
"degree_only_LCN2",8010,"CS",0.000203624857343709,NA,NA,NA
"degree_only_LCN2",8011,"ACACA",7.98311027262466e-05,NA,NA,NA
"degree_only_LCN2",8012,"STAT4",0.000324242289791776,NA,NA,NA
"degree_only_LCN2",8013,"SCN1B",0.00123489854843939,NA,NA,NA
"degree_only_LCN2",8014,"GRIN2C",0,NA,NA,NA
"degree_only_LCN2",8015,"KEAP1",8.90865911317151e-05,NA,NA,NA
"degree_only_LCN2",8016,"STAT4",0.000324242289791776,NA,NA,NA
"degree_only_LCN2",8017,"SCN1B",0.00123489854843939,NA,NA,NA
"degree_only_LCN2",8018,"ADH4",0,NA,NA,NA
"degree_only_LCN2",8019,"CACNA1B",0,NA,NA,NA
"degree_only_LCN2",8020,"KDM1A",0,NA,NA,NA
"degree_only_LCN2",8021,"ADCY1",8.87083575196179e-06,NA,NA,NA
"degree_only_LCN2",8022,"AKR1C1",5.66614851992275e-05,NA,NA,NA
"degree_only_LCN2",8023,"BGLAP",0.000139973984731978,NA,NA,NA
"degree_only_LCN2",8024,"SDHA",0.000611111269984921,NA,NA,NA
"degree_only_LCN2",8025,"ADH4",0,NA,NA,NA
"degree_only_LCN2",8026,"RYR2",4.78345186669671e-05,NA,NA,NA
"degree_only_LCN2",8027,"NOD2",2.72727341009693e-05,NA,NA,NA
"degree_only_LCN2",8028,"EPOR",4.26416671160945e-05,NA,NA,NA
"degree_only_LCN2",8029,"TGFA",3.48528190785569e-06,NA,NA,NA
"degree_only_LCN2",8030,"DRD2",0.000217393825030943,NA,NA,NA
"degree_only_LCN2",8031,"GRIN2C",0,NA,NA,NA
"degree_only_LCN2",8032,"BGLAP",0.000139973984731978,NA,NA,NA
"degree_only_LCN2",8033,"APAF1",0,NA,NA,NA
"degree_only_LCN2",8034,"TGFA",3.48528190785569e-06,NA,NA,NA
"degree_only_LCN2",8035,"ADCY1",8.87083575196179e-06,NA,NA,NA
"degree_only_LCN2",8036,"CCL22",0,NA,NA,NA
"degree_only_LCN2",8037,"CS",0.000203624857343709,NA,NA,NA
"degree_only_LCN2",8038,"ALDH1A3",0,NA,NA,NA
"degree_only_LCN2",8039,"PRKDC",3.48518119952512e-06,NA,NA,NA
"degree_only_LCN2",8040,"BAX",8.97923976903581e-05,NA,NA,NA
"degree_only_LCN2",8041,"BAX",8.97923976903581e-05,NA,NA,NA
"degree_only_LCN2",8042,"APAF1",0,NA,NA,NA
"degree_only_LCN2",8043,"RYR2",4.78345186669671e-05,NA,NA,NA
"degree_only_LCN2",8044,"BAX",8.97923976903581e-05,NA,NA,NA
"degree_only_LCN2",8045,"ATG5",1.93264314094499e-05,NA,NA,NA
"degree_only_LCN2",8046,"SFN",1.88836433614448e-05,NA,NA,NA
"degree_only_LCN2",8047,"PCNA",0.000281828068793732,NA,NA,NA
"degree_only_LCN2",8048,"BGLAP",0.000139973984731978,NA,NA,NA
"degree_only_LCN2",8049,"TEK",0,NA,NA,NA
"degree_only_LCN2",8050,"GRIN2C",0,NA,NA,NA
"degree_only_LCN2",8051,"AKR1C1",5.66614851992275e-05,NA,NA,NA
"degree_only_LCN2",8052,"MT-CYB",0.000203007681716216,NA,NA,NA
"degree_only_LCN2",8053,"ALDH3A1",7.8987277396747e-05,NA,NA,NA
"degree_only_LCN2",8054,"ADRB2",0.000148693401879507,NA,NA,NA
"degree_only_LCN2",8055,"ALDH2",5.15659678518299e-05,NA,NA,NA
"degree_only_LCN2",8056,"SELE",1.58407098771463e-06,NA,NA,NA
"degree_only_LCN2",8057,"ACE2",6.17806475236016e-05,NA,NA,NA
"degree_only_LCN2",8058,"PCNA",0.000281828068793732,NA,NA,NA
"degree_only_LCN2",8059,"BAX",8.97923976903581e-05,NA,NA,NA
"degree_only_LCN2",8060,"RYR2",4.78345186669671e-05,NA,NA,NA
"degree_only_LCN2",8061,"AKR1C1",5.66614851992275e-05,NA,NA,NA
"degree_only_LCN2",8062,"CCR6",0,NA,NA,NA
"degree_only_LCN2",8063,"PCNA",0.000281828068793732,NA,NA,NA
"degree_only_LCN2",8064,"ITGA5",0.00127400659039045,NA,NA,NA
"degree_only_LCN2",8065,"NOD2",2.72727341009693e-05,NA,NA,NA
"degree_only_LCN2",8066,"IRF1",0,NA,NA,NA
"degree_only_LCN2",8067,"ALDH2",5.15659678518299e-05,NA,NA,NA
"degree_only_LCN2",8068,"ALDH1A2",0,NA,NA,NA
"degree_only_LCN2",8069,"ALDH2",5.15659678518299e-05,NA,NA,NA
"degree_only_LCN2",8070,"ADCY2",0,NA,NA,NA
"degree_only_LCN2",8071,"NCOA2",3.54820525111377e-05,NA,NA,NA
"degree_only_LCN2",8072,"BGLAP",0.000139973984731978,NA,NA,NA
"degree_only_LCN2",8073,"AKR1C1",5.66614851992275e-05,NA,NA,NA
"degree_only_LCN2",8074,"IRF1",0,NA,NA,NA
"degree_only_LCN2",8075,"EPOR",4.26416671160945e-05,NA,NA,NA
"degree_only_LCN2",8076,"CCR6",0,NA,NA,NA
"degree_only_LCN2",8077,"APAF1",0,NA,NA,NA
"degree_only_LCN2",8078,"SHH",1.43206732026169e-05,NA,NA,NA
"degree_only_LCN2",8079,"ALDH1A2",0,NA,NA,NA
"degree_only_LCN2",8080,"PLAU",9.12459578450431e-06,NA,NA,NA
"degree_only_LCN2",8081,"ADCY1",8.87083575196179e-06,NA,NA,NA
"degree_only_LCN2",8082,"SFN",1.88836433614448e-05,NA,NA,NA
"degree_only_LCN2",8083,"ACACA",7.98311027262466e-05,NA,NA,NA
"degree_only_LCN2",8084,"ATG5",1.93264314094499e-05,NA,NA,NA
"degree_only_LCN2",8085,"GRIN2C",0,NA,NA,NA
"degree_only_LCN2",8086,"ATG5",1.93264314094499e-05,NA,NA,NA
"degree_only_LCN2",8087,"MT-CYB",0.000203007681716216,NA,NA,NA
"degree_only_LCN2",8088,"IRF1",0,NA,NA,NA
"degree_only_LCN2",8089,"ALDH3A1",7.8987277396747e-05,NA,NA,NA
"degree_only_LCN2",8090,"PLAU",9.12459578450431e-06,NA,NA,NA
"degree_only_LCN2",8091,"SHH",1.43206732026169e-05,NA,NA,NA
"degree_only_LCN2",8092,"ADCY2",0,NA,NA,NA
"degree_only_LCN2",8093,"CS",0.000203624857343709,NA,NA,NA
"degree_only_LCN2",8094,"SHH",1.43206732026169e-05,NA,NA,NA
"degree_only_LCN2",8095,"TGFA",3.48528190785569e-06,NA,NA,NA
"degree_only_LCN2",8096,"ALDH1A2",0,NA,NA,NA
"degree_only_LCN2",8097,"SCN1B",0.00123489854843939,NA,NA,NA
"degree_only_LCN2",8098,"SFN",1.88836433614448e-05,NA,NA,NA
"degree_only_LCN2",8099,"BGLAP",0.000139973984731978,NA,NA,NA
"degree_only_LCN2",8100,"ALDH1A2",0,NA,NA,NA
"degree_only_LCN2",8101,"NCOA2",3.54820525111377e-05,NA,NA,NA
"degree_only_LCN2",8102,"MT-CYB",0.000203007681716216,NA,NA,NA
"degree_only_LCN2",8103,"KEAP1",8.90865911317151e-05,NA,NA,NA
"degree_only_LCN2",8104,"ALDH2",5.15659678518299e-05,NA,NA,NA
"degree_only_LCN2",8105,"ALDH1A2",0,NA,NA,NA
"degree_only_LCN2",8106,"APAF1",0,NA,NA,NA
"degree_only_LCN2",8107,"IRF1",0,NA,NA,NA
"degree_only_LCN2",8108,"BTK",0.000119272845312435,NA,NA,NA
"degree_only_LCN2",8109,"TEK",0,NA,NA,NA
"degree_only_LCN2",8110,"SCN1B",0.00123489854843939,NA,NA,NA
"degree_only_LCN2",8111,"CACNA1B",0,NA,NA,NA
"degree_only_LCN2",8112,"ACE2",6.17806475236016e-05,NA,NA,NA
"degree_only_LCN2",8113,"TGFA",3.48528190785569e-06,NA,NA,NA
"degree_only_LCN2",8114,"SFN",1.88836433614448e-05,NA,NA,NA
"degree_only_LCN2",8115,"NCOA2",3.54820525111377e-05,NA,NA,NA
"degree_only_LCN2",8116,"ADCY2",0,NA,NA,NA
"degree_only_LCN2",8117,"SCN1B",0.00123489854843939,NA,NA,NA
"degree_only_LCN2",8118,"IRF1",0,NA,NA,NA
"degree_only_LCN2",8119,"DRD2",0.000217393825030943,NA,NA,NA
"degree_only_LCN2",8120,"GRIN2C",0,NA,NA,NA
"degree_only_LCN2",8121,"ADH7",0,NA,NA,NA
"degree_only_LCN2",8122,"TGFA",3.48528190785569e-06,NA,NA,NA
"degree_only_LCN2",8123,"ACTG1",2.72461711825489e-06,NA,NA,NA
"degree_only_LCN2",8124,"EPOR",4.26416671160945e-05,NA,NA,NA
"degree_only_LCN2",8125,"BGLAP",0.000139973984731978,NA,NA,NA
"degree_only_LCN2",8126,"PRKAG2",0.00023019859617357,NA,NA,NA
"degree_only_LCN2",8127,"SHH",1.43206732026169e-05,NA,NA,NA
"degree_only_LCN2",8128,"ALDH1A3",0,NA,NA,NA
"degree_only_LCN2",8129,"ACTG1",2.72461711825489e-06,NA,NA,NA
"degree_only_LCN2",8130,"APAF1",0,NA,NA,NA
"degree_only_LCN2",8131,"BTK",0.000119272845312435,NA,NA,NA
"degree_only_LCN2",8132,"SHH",1.43206732026169e-05,NA,NA,NA
"degree_only_LCN2",8133,"PCNA",0.000281828068793732,NA,NA,NA
"degree_only_LCN2",8134,"SDHA",0.000611111269984921,NA,NA,NA
"degree_only_LCN2",8135,"CCR6",0,NA,NA,NA
"degree_only_LCN2",8136,"BAX",8.97923976903581e-05,NA,NA,NA
"degree_only_LCN2",8137,"SLC6A3",0.000164253248760127,NA,NA,NA
"degree_only_LCN2",8138,"APAF1",0,NA,NA,NA
"degree_only_LCN2",8139,"SCN1B",0.00123489854843939,NA,NA,NA
"degree_only_LCN2",8140,"ALDH1A3",0,NA,NA,NA
"degree_only_LCN2",8141,"ADH4",0,NA,NA,NA
"degree_only_LCN2",8142,"RYR2",4.78345186669671e-05,NA,NA,NA
"degree_only_LCN2",8143,"RARA",0.000182812715244118,NA,NA,NA
"degree_only_LCN2",8144,"AKR1C1",5.66614851992275e-05,NA,NA,NA
"degree_only_LCN2",8145,"ACACA",7.98311027262466e-05,NA,NA,NA
"degree_only_LCN2",8146,"BGLAP",0.000139973984731978,NA,NA,NA
"degree_only_LCN2",8147,"CCL22",0,NA,NA,NA
"degree_only_LCN2",8148,"APAF1",0,NA,NA,NA
"degree_only_LCN2",8149,"PCNA",0.000281828068793732,NA,NA,NA
"degree_only_LCN2",8150,"KDM1A",0,NA,NA,NA
"degree_only_LCN2",8151,"CACNA1B",0,NA,NA,NA
"degree_only_LCN2",8152,"ALDH1A2",0,NA,NA,NA
"degree_only_LCN2",8153,"BAX",8.97923976903581e-05,NA,NA,NA
"degree_only_LCN2",8154,"ALDH1A3",0,NA,NA,NA
"degree_only_LCN2",8155,"BTK",0.000119272845312435,NA,NA,NA
"degree_only_LCN2",8156,"ALDH2",5.15659678518299e-05,NA,NA,NA
"degree_only_LCN2",8157,"ACACA",7.98311027262466e-05,NA,NA,NA
"degree_only_LCN2",8158,"SHH",1.43206732026169e-05,NA,NA,NA
"degree_only_LCN2",8159,"SFN",1.88836433614448e-05,NA,NA,NA
"degree_only_LCN2",8160,"KDM1A",0,NA,NA,NA
"degree_only_LCN2",8161,"KDM1A",0,NA,NA,NA
"degree_only_LCN2",8162,"RARA",0.000182812715244118,NA,NA,NA
"degree_only_LCN2",8163,"AKR1C1",5.66614851992275e-05,NA,NA,NA
"degree_only_LCN2",8164,"ADRB2",0.000148693401879507,NA,NA,NA
"degree_only_LCN2",8165,"TGFA",3.48528190785569e-06,NA,NA,NA
"degree_only_LCN2",8166,"BAX",8.97923976903581e-05,NA,NA,NA
"degree_only_LCN2",8167,"ADCY1",8.87083575196179e-06,NA,NA,NA
"degree_only_LCN2",8168,"ADCY2",0,NA,NA,NA
"degree_only_LCN2",8169,"ALDH2",5.15659678518299e-05,NA,NA,NA
"degree_only_LCN2",8170,"TGFA",3.48528190785569e-06,NA,NA,NA
"degree_only_LCN2",8171,"PRKDC",3.48518119952512e-06,NA,NA,NA
"degree_only_LCN2",8172,"CYP1B1",1.26701867375623e-06,NA,NA,NA
"degree_only_LCN2",8173,"NCOA2",3.54820525111377e-05,NA,NA,NA
"degree_only_LCN2",8174,"ACACA",7.98311027262466e-05,NA,NA,NA
"degree_only_LCN2",8175,"ALDH3A1",7.8987277396747e-05,NA,NA,NA
"degree_only_LCN2",8176,"ADH7",0,NA,NA,NA
"degree_only_LCN2",8177,"RYR2",4.78345186669671e-05,NA,NA,NA
"degree_only_LCN2",8178,"RARA",0.000182812715244118,NA,NA,NA
"degree_only_LCN2",8179,"SLC6A3",0.000164253248760127,NA,NA,NA
"degree_only_LCN2",8180,"ATG5",1.93264314094499e-05,NA,NA,NA
"degree_only_LCN2",8181,"ADCY2",0,NA,NA,NA
"degree_only_LCN2",8182,"SLC6A3",0.000164253248760127,NA,NA,NA
"degree_only_LCN2",8183,"ADCY2",0,NA,NA,NA
"degree_only_LCN2",8184,"KEAP1",8.90865911317151e-05,NA,NA,NA
"degree_only_LCN2",8185,"ITGA5",0.00127400659039045,NA,NA,NA
"degree_only_LCN2",8186,"STAT4",0.000324242289791776,NA,NA,NA
"degree_only_LCN2",8187,"STAT4",0.000324242289791776,NA,NA,NA
"degree_only_LCN2",8188,"TGFA",3.48528190785569e-06,NA,NA,NA
"degree_only_LCN2",8189,"RYR2",4.78345186669671e-05,NA,NA,NA
"degree_only_LCN2",8190,"IRF1",0,NA,NA,NA
"degree_only_LCN2",8191,"PRKDC",3.48518119952512e-06,NA,NA,NA
"degree_only_LCN2",8192,"KDM1A",0,NA,NA,NA
"degree_only_LCN2",8193,"ADH7",0,NA,NA,NA
"degree_only_LCN2",8194,"AGTR1",7.87895413547623e-05,NA,NA,NA
"degree_only_LCN2",8195,"DRD2",0.000217393825030943,NA,NA,NA
"degree_only_LCN2",8196,"MT-CYB",0.000203007681716216,NA,NA,NA
"degree_only_LCN2",8197,"BAX",8.97923976903581e-05,NA,NA,NA
"degree_only_LCN2",8198,"SLC6A3",0.000164253248760127,NA,NA,NA
"degree_only_LCN2",8199,"EPOR",4.26416671160945e-05,NA,NA,NA
"degree_only_LCN2",8200,"SELE",1.58407098771463e-06,NA,NA,NA
"degree_only_LCN2",8201,"ALDH1A2",0,NA,NA,NA
"degree_only_LCN2",8202,"ADCY1",8.87083575196179e-06,NA,NA,NA
"degree_only_LCN2",8203,"ADCY1",8.87083575196179e-06,NA,NA,NA
"degree_only_LCN2",8204,"AGTR1",7.87895413547623e-05,NA,NA,NA
"degree_only_LCN2",8205,"NOD2",2.72727341009693e-05,NA,NA,NA
"degree_only_LCN2",8206,"PRKAG2",0.00023019859617357,NA,NA,NA
"degree_only_LCN2",8207,"PRKAG2",0.00023019859617357,NA,NA,NA
"degree_only_LCN2",8208,"CYP1B1",1.26701867375623e-06,NA,NA,NA
"degree_only_LCN2",8209,"KEAP1",8.90865911317151e-05,NA,NA,NA
"degree_only_LCN2",8210,"NCOA2",3.54820525111377e-05,NA,NA,NA
"degree_only_LCN2",8211,"ACACA",7.98311027262466e-05,NA,NA,NA
"degree_only_LCN2",8212,"BTK",0.000119272845312435,NA,NA,NA
"degree_only_LCN2",8213,"EPOR",4.26416671160945e-05,NA,NA,NA
"degree_only_LCN2",8214,"PRKAG2",0.00023019859617357,NA,NA,NA
"degree_only_LCN2",8215,"SHH",1.43206732026169e-05,NA,NA,NA
"degree_only_LCN2",8216,"ACE2",6.17806475236016e-05,NA,NA,NA
"degree_only_LCN2",8217,"NOD2",2.72727341009693e-05,NA,NA,NA
"degree_only_LCN2",8218,"STAT4",0.000324242289791776,NA,NA,NA
"degree_only_LCN2",8219,"SDHA",0.000611111269984921,NA,NA,NA
"degree_only_LCN2",8220,"MT-CYB",0.000203007681716216,NA,NA,NA
"degree_only_LCN2",8221,"GRIN2C",0,NA,NA,NA
"degree_only_LCN2",8222,"CCL22",0,NA,NA,NA
"degree_only_LCN2",8223,"ADH7",0,NA,NA,NA
"degree_only_LCN2",8224,"EPOR",4.26416671160945e-05,NA,NA,NA
"degree_only_LCN2",8225,"ALDH3A1",7.8987277396747e-05,NA,NA,NA
"degree_only_LCN2",8226,"PCNA",0.000281828068793732,NA,NA,NA
"degree_only_LCN2",8227,"PRKDC",3.48518119952512e-06,NA,NA,NA
"degree_only_LCN2",8228,"SHH",1.43206732026169e-05,NA,NA,NA
"degree_only_LCN2",8229,"BTK",0.000119272845312435,NA,NA,NA
"degree_only_LCN2",8230,"STAT4",0.000324242289791776,NA,NA,NA
"degree_only_LCN2",8231,"ACACA",7.98311027262466e-05,NA,NA,NA
"degree_only_LCN2",8232,"SFN",1.88836433614448e-05,NA,NA,NA
"degree_only_LCN2",8233,"CCL22",0,NA,NA,NA
"degree_only_LCN2",8234,"ADH4",0,NA,NA,NA
"degree_only_LCN2",8235,"ACACA",7.98311027262466e-05,NA,NA,NA
"degree_only_LCN2",8236,"ADCY2",0,NA,NA,NA
"degree_only_LCN2",8237,"ACACA",7.98311027262466e-05,NA,NA,NA
"degree_only_LCN2",8238,"SCN1B",0.00123489854843939,NA,NA,NA
"degree_only_LCN2",8239,"PRKAG2",0.00023019859617357,NA,NA,NA
"degree_only_LCN2",8240,"IRF1",0,NA,NA,NA
"degree_only_LCN2",8241,"ALDH2",5.15659678518299e-05,NA,NA,NA
"degree_only_LCN2",8242,"LGALS3",1.90104129516033e-06,NA,NA,NA
"degree_only_LCN2",8243,"KEAP1",8.90865911317151e-05,NA,NA,NA
"degree_only_LCN2",8244,"APAF1",0,NA,NA,NA
"degree_only_LCN2",8245,"SCN1B",0.00123489854843939,NA,NA,NA
"degree_only_LCN2",8246,"LGALS3",1.90104129516033e-06,NA,NA,NA
"degree_only_LCN2",8247,"ALDH1A2",0,NA,NA,NA
"degree_only_LCN2",8248,"KDM1A",0,NA,NA,NA
"degree_only_LCN2",8249,"PRKAG2",0.00023019859617357,NA,NA,NA
"degree_only_LCN2",8250,"EPOR",4.26416671160945e-05,NA,NA,NA
"degree_only_LCN2",8251,"SCN1B",0.00123489854843939,NA,NA,NA
"degree_only_LCN2",8252,"MT-CYB",0.000203007681716216,NA,NA,NA
"degree_only_LCN2",8253,"NCOA2",3.54820525111377e-05,NA,NA,NA
"degree_only_LCN2",8254,"SFN",1.88836433614448e-05,NA,NA,NA
"degree_only_LCN2",8255,"ACACA",7.98311027262466e-05,NA,NA,NA
"degree_only_LCN2",8256,"TEK",0,NA,NA,NA
"degree_only_LCN2",8257,"ADCY1",8.87083575196179e-06,NA,NA,NA
"degree_only_LCN2",8258,"PCNA",0.000281828068793732,NA,NA,NA
"degree_only_LCN2",8259,"DRD2",0.000217393825030943,NA,NA,NA
"degree_only_LCN2",8260,"SELE",1.58407098771463e-06,NA,NA,NA
"degree_only_LCN2",8261,"BTK",0.000119272845312435,NA,NA,NA
"degree_only_LCN2",8262,"STAT4",0.000324242289791776,NA,NA,NA
"degree_only_LCN2",8263,"APAF1",0,NA,NA,NA
"degree_only_LCN2",8264,"ADH4",0,NA,NA,NA
"degree_only_LCN2",8265,"AKR1C1",5.66614851992275e-05,NA,NA,NA
"degree_only_LCN2",8266,"IRF1",0,NA,NA,NA
"degree_only_LCN2",8267,"ATG5",1.93264314094499e-05,NA,NA,NA
"degree_only_LCN2",8268,"BAX",8.97923976903581e-05,NA,NA,NA
"degree_only_LCN2",8269,"BGLAP",0.000139973984731978,NA,NA,NA
"degree_only_LCN2",8270,"TGFA",3.48528190785569e-06,NA,NA,NA
"degree_only_LCN2",8271,"ALDH3A1",7.8987277396747e-05,NA,NA,NA
"degree_only_LCN2",8272,"AGTR1",7.87895413547623e-05,NA,NA,NA
"degree_only_LCN2",8273,"BAX",8.97923976903581e-05,NA,NA,NA
"degree_only_LCN2",8274,"SLC6A3",0.000164253248760127,NA,NA,NA
"degree_only_LCN2",8275,"SLC6A3",0.000164253248760127,NA,NA,NA
"degree_only_LCN2",8276,"RARA",0.000182812715244118,NA,NA,NA
"degree_only_LCN2",8277,"DRD2",0.000217393825030943,NA,NA,NA
"degree_only_LCN2",8278,"BTK",0.000119272845312435,NA,NA,NA
"degree_only_LCN2",8279,"EPOR",4.26416671160945e-05,NA,NA,NA
"degree_only_LCN2",8280,"CACNA1B",0,NA,NA,NA
"degree_only_LCN2",8281,"STAT4",0.000324242289791776,NA,NA,NA
"degree_only_LCN2",8282,"NOD2",2.72727341009693e-05,NA,NA,NA
"degree_only_LCN2",8283,"CYP1B1",1.26701867375623e-06,NA,NA,NA
"degree_only_LCN2",8284,"IRF1",0,NA,NA,NA
"degree_only_LCN2",8285,"SFN",1.88836433614448e-05,NA,NA,NA
"degree_only_LCN2",8286,"PRKAG2",0.00023019859617357,NA,NA,NA
"degree_only_LCN2",8287,"ACACA",7.98311027262466e-05,NA,NA,NA
"degree_only_LCN2",8288,"KEAP1",8.90865911317151e-05,NA,NA,NA
"degree_only_LCN2",8289,"CCR6",0,NA,NA,NA
"degree_only_LCN2",8290,"BGLAP",0.000139973984731978,NA,NA,NA
"degree_only_LCN2",8291,"ITGA5",0.00127400659039045,NA,NA,NA
"degree_only_LCN2",8292,"SCN1B",0.00123489854843939,NA,NA,NA
"degree_only_LCN2",8293,"APAF1",0,NA,NA,NA
"degree_only_LCN2",8294,"TGFA",3.48528190785569e-06,NA,NA,NA
"degree_only_LCN2",8295,"STAT4",0.000324242289791776,NA,NA,NA
"degree_only_LCN2",8296,"STAT4",0.000324242289791776,NA,NA,NA
"degree_only_LCN2",8297,"ADRB2",0.000148693401879507,NA,NA,NA
"degree_only_LCN2",8298,"ACE2",6.17806475236016e-05,NA,NA,NA
"degree_only_LCN2",8299,"ADCY1",8.87083575196179e-06,NA,NA,NA
"degree_only_LCN2",8300,"EPOR",4.26416671160945e-05,NA,NA,NA
"degree_only_LCN2",8301,"NCOA2",3.54820525111377e-05,NA,NA,NA
"degree_only_LCN2",8302,"ADRB2",0.000148693401879507,NA,NA,NA
"degree_only_LCN2",8303,"ACACA",7.98311027262466e-05,NA,NA,NA
"degree_only_LCN2",8304,"PRKAG2",0.00023019859617357,NA,NA,NA
"degree_only_LCN2",8305,"TEK",0,NA,NA,NA
"degree_only_LCN2",8306,"ALDH2",5.15659678518299e-05,NA,NA,NA
"degree_only_LCN2",8307,"CYP1B1",1.26701867375623e-06,NA,NA,NA
"degree_only_LCN2",8308,"ADH4",0,NA,NA,NA
"degree_only_LCN2",8309,"NOD2",2.72727341009693e-05,NA,NA,NA
"degree_only_LCN2",8310,"CYP1B1",1.26701867375623e-06,NA,NA,NA
"degree_only_LCN2",8311,"ALDH1A3",0,NA,NA,NA
"degree_only_LCN2",8312,"PRKDC",3.48518119952512e-06,NA,NA,NA
"degree_only_LCN2",8313,"ALDH2",5.15659678518299e-05,NA,NA,NA
"degree_only_LCN2",8314,"ADRB2",0.000148693401879507,NA,NA,NA
"degree_only_LCN2",8315,"SDHA",0.000611111269984921,NA,NA,NA
"degree_only_LCN2",8316,"SFN",1.88836433614448e-05,NA,NA,NA
"degree_only_LCN2",8317,"DRD2",0.000217393825030943,NA,NA,NA
"degree_only_LCN2",8318,"IRF1",0,NA,NA,NA
"degree_only_LCN2",8319,"ATG5",1.93264314094499e-05,NA,NA,NA
"degree_only_LCN2",8320,"KEAP1",8.90865911317151e-05,NA,NA,NA
"degree_only_LCN2",8321,"NCOA2",3.54820525111377e-05,NA,NA,NA
"degree_only_LCN2",8322,"KEAP1",8.90865911317151e-05,NA,NA,NA
"degree_only_LCN2",8323,"PRKDC",3.48518119952512e-06,NA,NA,NA
"degree_only_LCN2",8324,"ADCY2",0,NA,NA,NA
"degree_only_LCN2",8325,"STAT4",0.000324242289791776,NA,NA,NA
"degree_only_LCN2",8326,"STAT4",0.000324242289791776,NA,NA,NA
"degree_only_LCN2",8327,"RARA",0.000182812715244118,NA,NA,NA
"degree_only_LCN2",8328,"LGALS3",1.90104129516033e-06,NA,NA,NA
"degree_only_LCN2",8329,"PRKDC",3.48518119952512e-06,NA,NA,NA
"degree_only_LCN2",8330,"MT-CYB",0.000203007681716216,NA,NA,NA
"degree_only_LCN2",8331,"SLC6A3",0.000164253248760127,NA,NA,NA
"degree_only_LCN2",8332,"ADCY2",0,NA,NA,NA
"degree_only_LCN2",8333,"AGTR1",7.87895413547623e-05,NA,NA,NA
"degree_only_LCN2",8334,"ATG5",1.93264314094499e-05,NA,NA,NA
"degree_only_LCN2",8335,"TGFA",3.48528190785569e-06,NA,NA,NA
"degree_only_LCN2",8336,"RYR2",4.78345186669671e-05,NA,NA,NA
"degree_only_LCN2",8337,"AGTR1",7.87895413547623e-05,NA,NA,NA
"degree_only_LCN2",8338,"ALDH2",5.15659678518299e-05,NA,NA,NA
"degree_only_LCN2",8339,"ADH7",0,NA,NA,NA
"degree_only_LCN2",8340,"STAT4",0.000324242289791776,NA,NA,NA
"degree_only_LCN2",8341,"ALDH3A1",7.8987277396747e-05,NA,NA,NA
"degree_only_LCN2",8342,"EPOR",4.26416671160945e-05,NA,NA,NA
"degree_only_LCN2",8343,"CCR6",0,NA,NA,NA
"degree_only_LCN2",8344,"PLAU",9.12459578450431e-06,NA,NA,NA
"degree_only_LCN2",8345,"PLAU",9.12459578450431e-06,NA,NA,NA
"degree_only_LCN2",8346,"CYP1B1",1.26701867375623e-06,NA,NA,NA
"degree_only_LCN2",8347,"ATG5",1.93264314094499e-05,NA,NA,NA
"degree_only_LCN2",8348,"NCOA2",3.54820525111377e-05,NA,NA,NA
"degree_only_LCN2",8349,"ACE2",6.17806475236016e-05,NA,NA,NA
"degree_only_LCN2",8350,"ACTG1",2.72461711825489e-06,NA,NA,NA
"degree_only_LCN2",8351,"KEAP1",8.90865911317151e-05,NA,NA,NA
"degree_only_LCN2",8352,"PCNA",0.000281828068793732,NA,NA,NA
"degree_only_LCN2",8353,"RYR2",4.78345186669671e-05,NA,NA,NA
"degree_only_LCN2",8354,"ALDH2",5.15659678518299e-05,NA,NA,NA
"degree_only_LCN2",8355,"CCR6",0,NA,NA,NA
"degree_only_LCN2",8356,"IRF1",0,NA,NA,NA
"degree_only_LCN2",8357,"ALDH1A3",0,NA,NA,NA
"degree_only_LCN2",8358,"NOD2",2.72727341009693e-05,NA,NA,NA
"degree_only_LCN2",8359,"ADRB2",0.000148693401879507,NA,NA,NA
"degree_only_LCN2",8360,"ITGA5",0.00127400659039045,NA,NA,NA
"degree_only_LCN2",8361,"SELE",1.58407098771463e-06,NA,NA,NA
"degree_only_LCN2",8362,"NCOA2",3.54820525111377e-05,NA,NA,NA
"degree_only_LCN2",8363,"ATG5",1.93264314094499e-05,NA,NA,NA
"degree_only_LCN2",8364,"KEAP1",8.90865911317151e-05,NA,NA,NA
"degree_only_LCN2",8365,"MT-CYB",0.000203007681716216,NA,NA,NA
"degree_only_LCN2",8366,"ADRB2",0.000148693401879507,NA,NA,NA
"degree_only_LCN2",8367,"ALDH3A1",7.8987277396747e-05,NA,NA,NA
"degree_only_LCN2",8368,"ITGA5",0.00127400659039045,NA,NA,NA
"degree_only_LCN2",8369,"CCR6",0,NA,NA,NA
"degree_only_LCN2",8370,"ATG5",1.93264314094499e-05,NA,NA,NA
"degree_only_LCN2",8371,"CYP1B1",1.26701867375623e-06,NA,NA,NA
"degree_only_LCN2",8372,"CCR6",0,NA,NA,NA
"degree_only_LCN2",8373,"ADCY1",8.87083575196179e-06,NA,NA,NA
"degree_only_LCN2",8374,"PLAU",9.12459578450431e-06,NA,NA,NA
"degree_only_LCN2",8375,"TEK",0,NA,NA,NA
"degree_only_LCN2",8376,"ALDH3A1",7.8987277396747e-05,NA,NA,NA
"degree_only_LCN2",8377,"PCNA",0.000281828068793732,NA,NA,NA
"degree_only_LCN2",8378,"SDHA",0.000611111269984921,NA,NA,NA
"degree_only_LCN2",8379,"ACACA",7.98311027262466e-05,NA,NA,NA
"degree_only_LCN2",8380,"ALDH3A1",7.8987277396747e-05,NA,NA,NA
"degree_only_LCN2",8381,"ATG5",1.93264314094499e-05,NA,NA,NA
"degree_only_LCN2",8382,"ADCY2",0,NA,NA,NA
"degree_only_LCN2",8383,"PCNA",0.000281828068793732,NA,NA,NA
"degree_only_LCN2",8384,"ALDH3A1",7.8987277396747e-05,NA,NA,NA
"degree_only_LCN2",8385,"SLC6A3",0.000164253248760127,NA,NA,NA
"degree_only_LCN2",8386,"GRIN2C",0,NA,NA,NA
"degree_only_LCN2",8387,"ADRB2",0.000148693401879507,NA,NA,NA
"degree_only_LCN2",8388,"PRKDC",3.48518119952512e-06,NA,NA,NA
"degree_only_LCN2",8389,"DRD2",0.000217393825030943,NA,NA,NA
"degree_only_LCN2",8390,"ALDH2",5.15659678518299e-05,NA,NA,NA
"degree_only_LCN2",8391,"ACACA",7.98311027262466e-05,NA,NA,NA
"degree_only_LCN2",8392,"TEK",0,NA,NA,NA
"degree_only_LCN2",8393,"CACNA1B",0,NA,NA,NA
"degree_only_LCN2",8394,"LGALS3",1.90104129516033e-06,NA,NA,NA
"degree_only_LCN2",8395,"NOD2",2.72727341009693e-05,NA,NA,NA
"degree_only_LCN2",8396,"ADCY2",0,NA,NA,NA
"degree_only_LCN2",8397,"GRIN2C",0,NA,NA,NA
"degree_only_LCN2",8398,"ALDH1A2",0,NA,NA,NA
"degree_only_LCN2",8399,"BAX",8.97923976903581e-05,NA,NA,NA
"degree_only_LCN2",8400,"SELE",1.58407098771463e-06,NA,NA,NA
"degree_only_LCN2",8401,"ALDH3A1",7.8987277396747e-05,NA,NA,NA
"degree_only_LCN2",8402,"SELE",1.58407098771463e-06,NA,NA,NA
"degree_only_LCN2",8403,"EPOR",4.26416671160945e-05,NA,NA,NA
"degree_only_LCN2",8404,"ITGA5",0.00127400659039045,NA,NA,NA
"degree_only_LCN2",8405,"ALDH1A3",0,NA,NA,NA
"degree_only_LCN2",8406,"ACTG1",2.72461711825489e-06,NA,NA,NA
"degree_only_LCN2",8407,"CS",0.000203624857343709,NA,NA,NA
"degree_only_LCN2",8408,"DRD2",0.000217393825030943,NA,NA,NA
"degree_only_LCN2",8409,"ADH4",0,NA,NA,NA
"degree_only_LCN2",8410,"RARA",0.000182812715244118,NA,NA,NA
"degree_only_LCN2",8411,"SDHA",0.000611111269984921,NA,NA,NA
"degree_only_LCN2",8412,"PRKDC",3.48518119952512e-06,NA,NA,NA
"degree_only_LCN2",8413,"ACACA",7.98311027262466e-05,NA,NA,NA
"degree_only_LCN2",8414,"PRKDC",3.48518119952512e-06,NA,NA,NA
"degree_only_LCN2",8415,"ACE2",6.17806475236016e-05,NA,NA,NA
"degree_only_LCN2",8416,"CCR6",0,NA,NA,NA
"degree_only_LCN2",8417,"SDHA",0.000611111269984921,NA,NA,NA
"degree_only_LCN2",8418,"BAX",8.97923976903581e-05,NA,NA,NA
"degree_only_LCN2",8419,"MT-CYB",0.000203007681716216,NA,NA,NA
"degree_only_LCN2",8420,"TGFA",3.48528190785569e-06,NA,NA,NA
"degree_only_LCN2",8421,"BGLAP",0.000139973984731978,NA,NA,NA
"degree_only_LCN2",8422,"AGTR1",7.87895413547623e-05,NA,NA,NA
"degree_only_LCN2",8423,"ALDH2",5.15659678518299e-05,NA,NA,NA
"degree_only_LCN2",8424,"CS",0.000203624857343709,NA,NA,NA
"degree_only_LCN2",8425,"ADH7",0,NA,NA,NA
"degree_only_LCN2",8426,"LGALS3",1.90104129516033e-06,NA,NA,NA
"degree_only_LCN2",8427,"ITGA5",0.00127400659039045,NA,NA,NA
"degree_only_LCN2",8428,"NOD2",2.72727341009693e-05,NA,NA,NA
"degree_only_LCN2",8429,"CS",0.000203624857343709,NA,NA,NA
"degree_only_LCN2",8430,"RARA",0.000182812715244118,NA,NA,NA
"degree_only_LCN2",8431,"BTK",0.000119272845312435,NA,NA,NA
"degree_only_LCN2",8432,"TEK",0,NA,NA,NA
"degree_only_LCN2",8433,"GRIN2C",0,NA,NA,NA
"degree_only_LCN2",8434,"EPOR",4.26416671160945e-05,NA,NA,NA
"degree_only_LCN2",8435,"ATG5",1.93264314094499e-05,NA,NA,NA
"degree_only_LCN2",8436,"ACE2",6.17806475236016e-05,NA,NA,NA
"degree_only_LCN2",8437,"ALDH1A2",0,NA,NA,NA
"degree_only_LCN2",8438,"CYP1B1",1.26701867375623e-06,NA,NA,NA
"degree_only_LCN2",8439,"KEAP1",8.90865911317151e-05,NA,NA,NA
"degree_only_LCN2",8440,"ALDH2",5.15659678518299e-05,NA,NA,NA
"degree_only_LCN2",8441,"KEAP1",8.90865911317151e-05,NA,NA,NA
"degree_only_LCN2",8442,"BTK",0.000119272845312435,NA,NA,NA
"degree_only_LCN2",8443,"BTK",0.000119272845312435,NA,NA,NA
"degree_only_LCN2",8444,"LGALS3",1.90104129516033e-06,NA,NA,NA
"degree_only_LCN2",8445,"ADCY2",0,NA,NA,NA
"degree_only_LCN2",8446,"SELE",1.58407098771463e-06,NA,NA,NA
"degree_only_LCN2",8447,"SHH",1.43206732026169e-05,NA,NA,NA
"degree_only_LCN2",8448,"BAX",8.97923976903581e-05,NA,NA,NA
"degree_only_LCN2",8449,"NCOA2",3.54820525111377e-05,NA,NA,NA
"degree_only_LCN2",8450,"ITGA5",0.00127400659039045,NA,NA,NA
"degree_only_LCN2",8451,"EPOR",4.26416671160945e-05,NA,NA,NA
"degree_only_LCN2",8452,"ADRB2",0.000148693401879507,NA,NA,NA
"degree_only_LCN2",8453,"APAF1",0,NA,NA,NA
"degree_only_LCN2",8454,"ADRB2",0.000148693401879507,NA,NA,NA
"degree_only_LCN2",8455,"TEK",0,NA,NA,NA
"degree_only_LCN2",8456,"SFN",1.88836433614448e-05,NA,NA,NA
"degree_only_LCN2",8457,"ALDH1A2",0,NA,NA,NA
"degree_only_LCN2",8458,"ACACA",7.98311027262466e-05,NA,NA,NA
"degree_only_LCN2",8459,"ALDH3A1",7.8987277396747e-05,NA,NA,NA
"degree_only_LCN2",8460,"PRKDC",3.48518119952512e-06,NA,NA,NA
"degree_only_LCN2",8461,"CCR6",0,NA,NA,NA
"degree_only_LCN2",8462,"CACNA1B",0,NA,NA,NA
"degree_only_LCN2",8463,"AKR1C1",5.66614851992275e-05,NA,NA,NA
"degree_only_LCN2",8464,"CCR6",0,NA,NA,NA
"degree_only_LCN2",8465,"ACTG1",2.72461711825489e-06,NA,NA,NA
"degree_only_LCN2",8466,"ALDH2",5.15659678518299e-05,NA,NA,NA
"degree_only_LCN2",8467,"ADCY2",0,NA,NA,NA
"degree_only_LCN2",8468,"SELE",1.58407098771463e-06,NA,NA,NA
"degree_only_LCN2",8469,"ALDH2",5.15659678518299e-05,NA,NA,NA
"degree_only_LCN2",8470,"SHH",1.43206732026169e-05,NA,NA,NA
"degree_only_LCN2",8471,"ADRB2",0.000148693401879507,NA,NA,NA
"degree_only_LCN2",8472,"SFN",1.88836433614448e-05,NA,NA,NA
"degree_only_LCN2",8473,"EPOR",4.26416671160945e-05,NA,NA,NA
"degree_only_LCN2",8474,"DRD2",0.000217393825030943,NA,NA,NA
"degree_only_LCN2",8475,"CS",0.000203624857343709,NA,NA,NA
"degree_only_LCN2",8476,"GRIN2C",0,NA,NA,NA
"degree_only_LCN2",8477,"GRIN2C",0,NA,NA,NA
"degree_only_LCN2",8478,"ALDH1A3",0,NA,NA,NA
"degree_only_LCN2",8479,"BAX",8.97923976903581e-05,NA,NA,NA
"degree_only_LCN2",8480,"APAF1",0,NA,NA,NA
"degree_only_LCN2",8481,"NCOA2",3.54820525111377e-05,NA,NA,NA
"degree_only_LCN2",8482,"ALDH1A2",0,NA,NA,NA
"degree_only_LCN2",8483,"SFN",1.88836433614448e-05,NA,NA,NA
"degree_only_LCN2",8484,"ALDH1A3",0,NA,NA,NA
"degree_only_LCN2",8485,"CCR6",0,NA,NA,NA
"degree_only_LCN2",8486,"RYR2",4.78345186669671e-05,NA,NA,NA
"degree_only_LCN2",8487,"ACACA",7.98311027262466e-05,NA,NA,NA
"degree_only_LCN2",8488,"RARA",0.000182812715244118,NA,NA,NA
"degree_only_LCN2",8489,"ACACA",7.98311027262466e-05,NA,NA,NA
"degree_only_LCN2",8490,"TGFA",3.48528190785569e-06,NA,NA,NA
"degree_only_LCN2",8491,"TEK",0,NA,NA,NA
"degree_only_LCN2",8492,"BTK",0.000119272845312435,NA,NA,NA
"degree_only_LCN2",8493,"BAX",8.97923976903581e-05,NA,NA,NA
"degree_only_LCN2",8494,"IRF1",0,NA,NA,NA
"degree_only_LCN2",8495,"ADCY1",8.87083575196179e-06,NA,NA,NA
"degree_only_LCN2",8496,"SFN",1.88836433614448e-05,NA,NA,NA
"degree_only_LCN2",8497,"TGFA",3.48528190785569e-06,NA,NA,NA
"degree_only_LCN2",8498,"SLC6A3",0.000164253248760127,NA,NA,NA
"degree_only_LCN2",8499,"TEK",0,NA,NA,NA
"degree_only_LCN2",8500,"KEAP1",8.90865911317151e-05,NA,NA,NA
"degree_only_LCN2",8501,"SCN1B",0.00123489854843939,NA,NA,NA
"degree_only_LCN2",8502,"APAF1",0,NA,NA,NA
"degree_only_LCN2",8503,"AKR1C1",5.66614851992275e-05,NA,NA,NA
"degree_only_LCN2",8504,"CACNA1B",0,NA,NA,NA
"degree_only_LCN2",8505,"KDM1A",0,NA,NA,NA
"degree_only_LCN2",8506,"SDHA",0.000611111269984921,NA,NA,NA
"degree_only_LCN2",8507,"ACE2",6.17806475236016e-05,NA,NA,NA
"degree_only_LCN2",8508,"SDHA",0.000611111269984921,NA,NA,NA
"degree_only_LCN2",8509,"KDM1A",0,NA,NA,NA
"degree_only_LCN2",8510,"ACE2",6.17806475236016e-05,NA,NA,NA
"degree_only_LCN2",8511,"PRKDC",3.48518119952512e-06,NA,NA,NA
"degree_only_LCN2",8512,"ALDH2",5.15659678518299e-05,NA,NA,NA
"degree_only_LCN2",8513,"SELE",1.58407098771463e-06,NA,NA,NA
"degree_only_LCN2",8514,"CCR6",0,NA,NA,NA
"degree_only_LCN2",8515,"RARA",0.000182812715244118,NA,NA,NA
"degree_only_LCN2",8516,"KDM1A",0,NA,NA,NA
"degree_only_LCN2",8517,"RYR2",4.78345186669671e-05,NA,NA,NA
"degree_only_LCN2",8518,"PCNA",0.000281828068793732,NA,NA,NA
"degree_only_LCN2",8519,"SDHA",0.000611111269984921,NA,NA,NA
"degree_only_LCN2",8520,"NOD2",2.72727341009693e-05,NA,NA,NA
"degree_only_LCN2",8521,"EPOR",4.26416671160945e-05,NA,NA,NA
"degree_only_LCN2",8522,"CACNA1B",0,NA,NA,NA
"degree_only_LCN2",8523,"PRKAG2",0.00023019859617357,NA,NA,NA
"degree_only_LCN2",8524,"DRD2",0.000217393825030943,NA,NA,NA
"degree_only_LCN2",8525,"PRKDC",3.48518119952512e-06,NA,NA,NA
"degree_only_LCN2",8526,"CYP1B1",1.26701867375623e-06,NA,NA,NA
"degree_only_LCN2",8527,"LGALS3",1.90104129516033e-06,NA,NA,NA
"degree_only_LCN2",8528,"RYR2",4.78345186669671e-05,NA,NA,NA
"degree_only_LCN2",8529,"ADH7",0,NA,NA,NA
"degree_only_LCN2",8530,"BGLAP",0.000139973984731978,NA,NA,NA
"degree_only_LCN2",8531,"ACE2",6.17806475236016e-05,NA,NA,NA
"degree_only_LCN2",8532,"SDHA",0.000611111269984921,NA,NA,NA
"degree_only_LCN2",8533,"TGFA",3.48528190785569e-06,NA,NA,NA
"degree_only_LCN2",8534,"RYR2",4.78345186669671e-05,NA,NA,NA
"degree_only_LCN2",8535,"ALDH2",5.15659678518299e-05,NA,NA,NA
"degree_only_LCN2",8536,"DRD2",0.000217393825030943,NA,NA,NA
"degree_only_LCN2",8537,"BGLAP",0.000139973984731978,NA,NA,NA
"degree_only_LCN2",8538,"CACNA1B",0,NA,NA,NA
"degree_only_LCN2",8539,"PCNA",0.000281828068793732,NA,NA,NA
"degree_only_LCN2",8540,"SHH",1.43206732026169e-05,NA,NA,NA
"degree_only_LCN2",8541,"STAT4",0.000324242289791776,NA,NA,NA
"degree_only_LCN2",8542,"PCNA",0.000281828068793732,NA,NA,NA
"degree_only_LCN2",8543,"CYP1B1",1.26701867375623e-06,NA,NA,NA
"degree_only_LCN2",8544,"CS",0.000203624857343709,NA,NA,NA
"degree_only_LCN2",8545,"ADRB2",0.000148693401879507,NA,NA,NA
"degree_only_LCN2",8546,"RYR2",4.78345186669671e-05,NA,NA,NA
"degree_only_LCN2",8547,"SHH",1.43206732026169e-05,NA,NA,NA
"degree_only_LCN2",8548,"RYR2",4.78345186669671e-05,NA,NA,NA
"degree_only_LCN2",8549,"ACE2",6.17806475236016e-05,NA,NA,NA
"degree_only_LCN2",8550,"SELE",1.58407098771463e-06,NA,NA,NA
"degree_only_LCN2",8551,"PRKDC",3.48518119952512e-06,NA,NA,NA
"degree_only_LCN2",8552,"ADCY1",8.87083575196179e-06,NA,NA,NA
"degree_only_LCN2",8553,"KDM1A",0,NA,NA,NA
"degree_only_LCN2",8554,"ADRB2",0.000148693401879507,NA,NA,NA
"degree_only_LCN2",8555,"ITGA5",0.00127400659039045,NA,NA,NA
"degree_only_LCN2",8556,"ALDH1A3",0,NA,NA,NA
"degree_only_LCN2",8557,"ALDH3A1",7.8987277396747e-05,NA,NA,NA
"degree_only_LCN2",8558,"RARA",0.000182812715244118,NA,NA,NA
"degree_only_LCN2",8559,"ALDH1A3",0,NA,NA,NA
"degree_only_LCN2",8560,"LGALS3",1.90104129516033e-06,NA,NA,NA
"degree_only_LCN2",8561,"ADH7",0,NA,NA,NA
"degree_only_LCN2",8562,"ADCY2",0,NA,NA,NA
"degree_only_LCN2",8563,"ATG5",1.93264314094499e-05,NA,NA,NA
"degree_only_LCN2",8564,"SELE",1.58407098771463e-06,NA,NA,NA
"degree_only_LCN2",8565,"SCN1B",0.00123489854843939,NA,NA,NA
"degree_only_LCN2",8566,"BTK",0.000119272845312435,NA,NA,NA
"degree_only_LCN2",8567,"ADRB2",0.000148693401879507,NA,NA,NA
"degree_only_LCN2",8568,"PCNA",0.000281828068793732,NA,NA,NA
"degree_only_LCN2",8569,"PRKAG2",0.00023019859617357,NA,NA,NA
"degree_only_LCN2",8570,"TEK",0,NA,NA,NA
"degree_only_LCN2",8571,"ATG5",1.93264314094499e-05,NA,NA,NA
"degree_only_LCN2",8572,"AKR1C1",5.66614851992275e-05,NA,NA,NA
"degree_only_LCN2",8573,"BTK",0.000119272845312435,NA,NA,NA
"degree_only_LCN2",8574,"STAT4",0.000324242289791776,NA,NA,NA
"degree_only_LCN2",8575,"KDM1A",0,NA,NA,NA
"degree_only_LCN2",8576,"PRKAG2",0.00023019859617357,NA,NA,NA
"degree_only_LCN2",8577,"SCN1B",0.00123489854843939,NA,NA,NA
"degree_only_LCN2",8578,"STAT4",0.000324242289791776,NA,NA,NA
"degree_only_LCN2",8579,"ADCY1",8.87083575196179e-06,NA,NA,NA
"degree_only_LCN2",8580,"ITGA5",0.00127400659039045,NA,NA,NA
"degree_only_LCN2",8581,"MT-CYB",0.000203007681716216,NA,NA,NA
"degree_only_LCN2",8582,"CCL22",0,NA,NA,NA
"degree_only_LCN2",8583,"ADCY2",0,NA,NA,NA
"degree_only_LCN2",8584,"ADCY2",0,NA,NA,NA
"degree_only_LCN2",8585,"SDHA",0.000611111269984921,NA,NA,NA
"degree_only_LCN2",8586,"AKR1C1",5.66614851992275e-05,NA,NA,NA
"degree_only_LCN2",8587,"CS",0.000203624857343709,NA,NA,NA
"degree_only_LCN2",8588,"CCL22",0,NA,NA,NA
"degree_only_LCN2",8589,"ACTG1",2.72461711825489e-06,NA,NA,NA
"degree_only_LCN2",8590,"BTK",0.000119272845312435,NA,NA,NA
"degree_only_LCN2",8591,"IRF1",0,NA,NA,NA
"degree_only_LCN2",8592,"TGFA",3.48528190785569e-06,NA,NA,NA
"degree_only_LCN2",8593,"PRKDC",3.48518119952512e-06,NA,NA,NA
"degree_only_LCN2",8594,"KDM1A",0,NA,NA,NA
"degree_only_LCN2",8595,"ADH4",0,NA,NA,NA
"degree_only_LCN2",8596,"ACACA",7.98311027262466e-05,NA,NA,NA
"degree_only_LCN2",8597,"ADH4",0,NA,NA,NA
"degree_only_LCN2",8598,"ADCY2",0,NA,NA,NA
"degree_only_LCN2",8599,"STAT4",0.000324242289791776,NA,NA,NA
"degree_only_LCN2",8600,"ADRB2",0.000148693401879507,NA,NA,NA
"degree_only_LCN2",8601,"ITGA5",0.00127400659039045,NA,NA,NA
"degree_only_LCN2",8602,"PCNA",0.000281828068793732,NA,NA,NA
"degree_only_LCN2",8603,"SELE",1.58407098771463e-06,NA,NA,NA
"degree_only_LCN2",8604,"ACACA",7.98311027262466e-05,NA,NA,NA
"degree_only_LCN2",8605,"NCOA2",3.54820525111377e-05,NA,NA,NA
"degree_only_LCN2",8606,"RYR2",4.78345186669671e-05,NA,NA,NA
"degree_only_LCN2",8607,"RARA",0.000182812715244118,NA,NA,NA
"degree_only_LCN2",8608,"GRIN2C",0,NA,NA,NA
"degree_only_LCN2",8609,"ADH7",0,NA,NA,NA
"degree_only_LCN2",8610,"SELE",1.58407098771463e-06,NA,NA,NA
"degree_only_LCN2",8611,"NOD2",2.72727341009693e-05,NA,NA,NA
"degree_only_LCN2",8612,"ITGA5",0.00127400659039045,NA,NA,NA
"degree_only_LCN2",8613,"TEK",0,NA,NA,NA
"degree_only_LCN2",8614,"ADRB2",0.000148693401879507,NA,NA,NA
"degree_only_LCN2",8615,"BTK",0.000119272845312435,NA,NA,NA
"degree_only_LCN2",8616,"BTK",0.000119272845312435,NA,NA,NA
"degree_only_LCN2",8617,"EPOR",4.26416671160945e-05,NA,NA,NA
"degree_only_LCN2",8618,"NCOA2",3.54820525111377e-05,NA,NA,NA
"degree_only_LCN2",8619,"KDM1A",0,NA,NA,NA
"degree_only_LCN2",8620,"PLAU",9.12459578450431e-06,NA,NA,NA
"degree_only_LCN2",8621,"AGTR1",7.87895413547623e-05,NA,NA,NA
"degree_only_LCN2",8622,"BTK",0.000119272845312435,NA,NA,NA
"degree_only_LCN2",8623,"LGALS3",1.90104129516033e-06,NA,NA,NA
"degree_only_LCN2",8624,"ALDH2",5.15659678518299e-05,NA,NA,NA
"degree_only_LCN2",8625,"AKR1C1",5.66614851992275e-05,NA,NA,NA
"degree_only_LCN2",8626,"PLAU",9.12459578450431e-06,NA,NA,NA
"degree_only_LCN2",8627,"SCN1B",0.00123489854843939,NA,NA,NA
"degree_only_LCN2",8628,"NOD2",2.72727341009693e-05,NA,NA,NA
"degree_only_LCN2",8629,"CYP1B1",1.26701867375623e-06,NA,NA,NA
"degree_only_LCN2",8630,"SELE",1.58407098771463e-06,NA,NA,NA
"degree_only_LCN2",8631,"EPOR",4.26416671160945e-05,NA,NA,NA
"degree_only_LCN2",8632,"PRKAG2",0.00023019859617357,NA,NA,NA
"degree_only_LCN2",8633,"ITGA5",0.00127400659039045,NA,NA,NA
"degree_only_LCN2",8634,"SELE",1.58407098771463e-06,NA,NA,NA
"degree_only_LCN2",8635,"ATG5",1.93264314094499e-05,NA,NA,NA
"degree_only_LCN2",8636,"PCNA",0.000281828068793732,NA,NA,NA
"degree_only_LCN2",8637,"PRKDC",3.48518119952512e-06,NA,NA,NA
"degree_only_LCN2",8638,"ITGA5",0.00127400659039045,NA,NA,NA
"degree_only_LCN2",8639,"RARA",0.000182812715244118,NA,NA,NA
"degree_only_LCN2",8640,"ITGA5",0.00127400659039045,NA,NA,NA
"degree_only_LCN2",8641,"SFN",1.88836433614448e-05,NA,NA,NA
"degree_only_LCN2",8642,"ACE2",6.17806475236016e-05,NA,NA,NA
"degree_only_LCN2",8643,"ADRB2",0.000148693401879507,NA,NA,NA
"degree_only_LCN2",8644,"PLAU",9.12459578450431e-06,NA,NA,NA
"degree_only_LCN2",8645,"PLAU",9.12459578450431e-06,NA,NA,NA
"degree_only_LCN2",8646,"NOD2",2.72727341009693e-05,NA,NA,NA
"degree_only_LCN2",8647,"BAX",8.97923976903581e-05,NA,NA,NA
"degree_only_LCN2",8648,"EPOR",4.26416671160945e-05,NA,NA,NA
"degree_only_LCN2",8649,"KDM1A",0,NA,NA,NA
"degree_only_LCN2",8650,"ADCY1",8.87083575196179e-06,NA,NA,NA
"degree_only_LCN2",8651,"DRD2",0.000217393825030943,NA,NA,NA
"degree_only_LCN2",8652,"DRD2",0.000217393825030943,NA,NA,NA
"degree_only_LCN2",8653,"PRKDC",3.48518119952512e-06,NA,NA,NA
"degree_only_LCN2",8654,"CCL22",0,NA,NA,NA
"degree_only_LCN2",8655,"SHH",1.43206732026169e-05,NA,NA,NA
"degree_only_LCN2",8656,"ADCY1",8.87083575196179e-06,NA,NA,NA
"degree_only_LCN2",8657,"BAX",8.97923976903581e-05,NA,NA,NA
"degree_only_LCN2",8658,"ATG5",1.93264314094499e-05,NA,NA,NA
"degree_only_LCN2",8659,"CYP1B1",1.26701867375623e-06,NA,NA,NA
"degree_only_LCN2",8660,"NOD2",2.72727341009693e-05,NA,NA,NA
"degree_only_LCN2",8661,"NOD2",2.72727341009693e-05,NA,NA,NA
"degree_only_LCN2",8662,"SCN1B",0.00123489854843939,NA,NA,NA
"degree_only_LCN2",8663,"CS",0.000203624857343709,NA,NA,NA
"degree_only_LCN2",8664,"PRKAG2",0.00023019859617357,NA,NA,NA
"degree_only_LCN2",8665,"ADH7",0,NA,NA,NA
"degree_only_LCN2",8666,"ALDH1A2",0,NA,NA,NA
"degree_only_LCN2",8667,"LGALS3",1.90104129516033e-06,NA,NA,NA
"degree_only_LCN2",8668,"LGALS3",1.90104129516033e-06,NA,NA,NA
"degree_only_LCN2",8669,"ADH4",0,NA,NA,NA
"degree_only_LCN2",8670,"STAT4",0.000324242289791776,NA,NA,NA
"degree_only_LCN2",8671,"ADCY2",0,NA,NA,NA
"degree_only_LCN2",8672,"SCN1B",0.00123489854843939,NA,NA,NA
"degree_only_LCN2",8673,"CCR6",0,NA,NA,NA
"degree_only_LCN2",8674,"SDHA",0.000611111269984921,NA,NA,NA
"degree_only_LCN2",8675,"CCR6",0,NA,NA,NA
"degree_only_LCN2",8676,"PRKDC",3.48518119952512e-06,NA,NA,NA
"degree_only_LCN2",8677,"DRD2",0.000217393825030943,NA,NA,NA
"degree_only_LCN2",8678,"TEK",0,NA,NA,NA
"degree_only_LCN2",8679,"ACACA",7.98311027262466e-05,NA,NA,NA
"degree_only_LCN2",8680,"BAX",8.97923976903581e-05,NA,NA,NA
"degree_only_LCN2",8681,"BAX",8.97923976903581e-05,NA,NA,NA
"degree_only_LCN2",8682,"RARA",0.000182812715244118,NA,NA,NA
"degree_only_LCN2",8683,"ALDH1A3",0,NA,NA,NA
"degree_only_LCN2",8684,"SHH",1.43206732026169e-05,NA,NA,NA
"degree_only_LCN2",8685,"SFN",1.88836433614448e-05,NA,NA,NA
"degree_only_LCN2",8686,"CYP1B1",1.26701867375623e-06,NA,NA,NA
"degree_only_LCN2",8687,"RYR2",4.78345186669671e-05,NA,NA,NA
"degree_only_LCN2",8688,"DRD2",0.000217393825030943,NA,NA,NA
"degree_only_LCN2",8689,"PCNA",0.000281828068793732,NA,NA,NA
"degree_only_LCN2",8690,"KDM1A",0,NA,NA,NA
"degree_only_LCN2",8691,"RYR2",4.78345186669671e-05,NA,NA,NA
"degree_only_LCN2",8692,"RARA",0.000182812715244118,NA,NA,NA
"degree_only_LCN2",8693,"ITGA5",0.00127400659039045,NA,NA,NA
"degree_only_LCN2",8694,"ADRB2",0.000148693401879507,NA,NA,NA
"degree_only_LCN2",8695,"DRD2",0.000217393825030943,NA,NA,NA
"degree_only_LCN2",8696,"ADCY1",8.87083575196179e-06,NA,NA,NA
"degree_only_LCN2",8697,"ADH7",0,NA,NA,NA
"degree_only_LCN2",8698,"NOD2",2.72727341009693e-05,NA,NA,NA
"degree_only_LCN2",8699,"ALDH1A3",0,NA,NA,NA
"degree_only_LCN2",8700,"ADCY2",0,NA,NA,NA
"degree_only_LCN2",8701,"ITGA5",0.00127400659039045,NA,NA,NA
"degree_only_LCN2",8702,"ADH4",0,NA,NA,NA
"degree_only_LCN2",8703,"CACNA1B",0,NA,NA,NA
"degree_only_LCN2",8704,"APAF1",0,NA,NA,NA
"degree_only_LCN2",8705,"SFN",1.88836433614448e-05,NA,NA,NA
"degree_only_LCN2",8706,"CCR6",0,NA,NA,NA
"degree_only_LCN2",8707,"NOD2",2.72727341009693e-05,NA,NA,NA
"degree_only_LCN2",8708,"SLC6A3",0.000164253248760127,NA,NA,NA
"degree_only_LCN2",8709,"CYP1B1",1.26701867375623e-06,NA,NA,NA
"degree_only_LCN2",8710,"CS",0.000203624857343709,NA,NA,NA
"degree_only_LCN2",8711,"PRKAG2",0.00023019859617357,NA,NA,NA
"degree_only_LCN2",8712,"ADCY1",8.87083575196179e-06,NA,NA,NA
"degree_only_LCN2",8713,"APAF1",0,NA,NA,NA
"degree_only_LCN2",8714,"MT-CYB",0.000203007681716216,NA,NA,NA
"degree_only_LCN2",8715,"RARA",0.000182812715244118,NA,NA,NA
"degree_only_LCN2",8716,"BTK",0.000119272845312435,NA,NA,NA
"degree_only_LCN2",8717,"KDM1A",0,NA,NA,NA
"degree_only_LCN2",8718,"CCR6",0,NA,NA,NA
"degree_only_LCN2",8719,"APAF1",0,NA,NA,NA
"degree_only_LCN2",8720,"BTK",0.000119272845312435,NA,NA,NA
"degree_only_LCN2",8721,"BGLAP",0.000139973984731978,NA,NA,NA
"degree_only_LCN2",8722,"KEAP1",8.90865911317151e-05,NA,NA,NA
"degree_only_LCN2",8723,"ADCY2",0,NA,NA,NA
"degree_only_LCN2",8724,"ALDH1A3",0,NA,NA,NA
"degree_only_LCN2",8725,"ALDH2",5.15659678518299e-05,NA,NA,NA
"degree_only_LCN2",8726,"ALDH1A3",0,NA,NA,NA
"degree_only_LCN2",8727,"CCR6",0,NA,NA,NA
"degree_only_LCN2",8728,"SELE",1.58407098771463e-06,NA,NA,NA
"degree_only_LCN2",8729,"BTK",0.000119272845312435,NA,NA,NA
"degree_only_LCN2",8730,"SCN1B",0.00123489854843939,NA,NA,NA
"degree_only_LCN2",8731,"ALDH3A1",7.8987277396747e-05,NA,NA,NA
"degree_only_LCN2",8732,"CACNA1B",0,NA,NA,NA
"degree_only_LCN2",8733,"DRD2",0.000217393825030943,NA,NA,NA
"degree_only_LCN2",8734,"SDHA",0.000611111269984921,NA,NA,NA
"degree_only_LCN2",8735,"RYR2",4.78345186669671e-05,NA,NA,NA
"degree_only_LCN2",8736,"ADCY2",0,NA,NA,NA
"degree_only_LCN2",8737,"CACNA1B",0,NA,NA,NA
"degree_only_LCN2",8738,"CACNA1B",0,NA,NA,NA
"degree_only_LCN2",8739,"SFN",1.88836433614448e-05,NA,NA,NA
"degree_only_LCN2",8740,"STAT4",0.000324242289791776,NA,NA,NA
"degree_only_LCN2",8741,"BTK",0.000119272845312435,NA,NA,NA
"degree_only_LCN2",8742,"CYP1B1",1.26701867375623e-06,NA,NA,NA
"degree_only_LCN2",8743,"STAT4",0.000324242289791776,NA,NA,NA
"degree_only_LCN2",8744,"SCN1B",0.00123489854843939,NA,NA,NA
"degree_only_LCN2",8745,"NOD2",2.72727341009693e-05,NA,NA,NA
"degree_only_LCN2",8746,"BTK",0.000119272845312435,NA,NA,NA
"degree_only_LCN2",8747,"SHH",1.43206732026169e-05,NA,NA,NA
"degree_only_LCN2",8748,"CCL22",0,NA,NA,NA
"degree_only_LCN2",8749,"SHH",1.43206732026169e-05,NA,NA,NA
"degree_only_LCN2",8750,"APAF1",0,NA,NA,NA
"degree_only_LCN2",8751,"ADCY2",0,NA,NA,NA
"degree_only_LCN2",8752,"AGTR1",7.87895413547623e-05,NA,NA,NA
"degree_only_LCN2",8753,"ALDH1A2",0,NA,NA,NA
"degree_only_LCN2",8754,"DRD2",0.000217393825030943,NA,NA,NA
"degree_only_LCN2",8755,"APAF1",0,NA,NA,NA
"degree_only_LCN2",8756,"IRF1",0,NA,NA,NA
"degree_only_LCN2",8757,"ADH4",0,NA,NA,NA
"degree_only_LCN2",8758,"ADH7",0,NA,NA,NA
"degree_only_LCN2",8759,"ITGA5",0.00127400659039045,NA,NA,NA
"degree_only_LCN2",8760,"ACE2",6.17806475236016e-05,NA,NA,NA
"degree_only_LCN2",8761,"AGTR1",7.87895413547623e-05,NA,NA,NA
"degree_only_LCN2",8762,"ITGA5",0.00127400659039045,NA,NA,NA
"degree_only_LCN2",8763,"BGLAP",0.000139973984731978,NA,NA,NA
"degree_only_LCN2",8764,"ACACA",7.98311027262466e-05,NA,NA,NA
"degree_only_LCN2",8765,"AGTR1",7.87895413547623e-05,NA,NA,NA
"degree_only_LCN2",8766,"ADH4",0,NA,NA,NA
"degree_only_LCN2",8767,"NCOA2",3.54820525111377e-05,NA,NA,NA
"degree_only_LCN2",8768,"ADCY1",8.87083575196179e-06,NA,NA,NA
"degree_only_LCN2",8769,"ALDH3A1",7.8987277396747e-05,NA,NA,NA
"degree_only_LCN2",8770,"NCOA2",3.54820525111377e-05,NA,NA,NA
"degree_only_LCN2",8771,"IRF1",0,NA,NA,NA
"degree_only_LCN2",8772,"KDM1A",0,NA,NA,NA
"degree_only_LCN2",8773,"BTK",0.000119272845312435,NA,NA,NA
"degree_only_LCN2",8774,"SELE",1.58407098771463e-06,NA,NA,NA
"degree_only_LCN2",8775,"KDM1A",0,NA,NA,NA
"degree_only_LCN2",8776,"PLAU",9.12459578450431e-06,NA,NA,NA
"degree_only_LCN2",8777,"KEAP1",8.90865911317151e-05,NA,NA,NA
"degree_only_LCN2",8778,"DRD2",0.000217393825030943,NA,NA,NA
"degree_only_LCN2",8779,"EPOR",4.26416671160945e-05,NA,NA,NA
"degree_only_LCN2",8780,"APAF1",0,NA,NA,NA
"degree_only_LCN2",8781,"AKR1C1",5.66614851992275e-05,NA,NA,NA
"degree_only_LCN2",8782,"CACNA1B",0,NA,NA,NA
"degree_only_LCN2",8783,"CS",0.000203624857343709,NA,NA,NA
"degree_only_LCN2",8784,"BAX",8.97923976903581e-05,NA,NA,NA
"degree_only_LCN2",8785,"RYR2",4.78345186669671e-05,NA,NA,NA
"degree_only_LCN2",8786,"GRIN2C",0,NA,NA,NA
"degree_only_LCN2",8787,"TEK",0,NA,NA,NA
"degree_only_LCN2",8788,"ADCY2",0,NA,NA,NA
"degree_only_LCN2",8789,"SFN",1.88836433614448e-05,NA,NA,NA
"degree_only_LCN2",8790,"SLC6A3",0.000164253248760127,NA,NA,NA
"degree_only_LCN2",8791,"ATG5",1.93264314094499e-05,NA,NA,NA
"degree_only_LCN2",8792,"BAX",8.97923976903581e-05,NA,NA,NA
"degree_only_LCN2",8793,"NCOA2",3.54820525111377e-05,NA,NA,NA
"degree_only_LCN2",8794,"BTK",0.000119272845312435,NA,NA,NA
"degree_only_LCN2",8795,"CS",0.000203624857343709,NA,NA,NA
"degree_only_LCN2",8796,"RARA",0.000182812715244118,NA,NA,NA
"degree_only_LCN2",8797,"SLC6A3",0.000164253248760127,NA,NA,NA
"degree_only_LCN2",8798,"TGFA",3.48528190785569e-06,NA,NA,NA
"degree_only_LCN2",8799,"SHH",1.43206732026169e-05,NA,NA,NA
"degree_only_LCN2",8800,"ADCY1",8.87083575196179e-06,NA,NA,NA
"degree_only_LCN2",8801,"AGTR1",7.87895413547623e-05,NA,NA,NA
"degree_only_LCN2",8802,"IRF1",0,NA,NA,NA
"degree_only_LCN2",8803,"ATG5",1.93264314094499e-05,NA,NA,NA
"degree_only_LCN2",8804,"BAX",8.97923976903581e-05,NA,NA,NA
"degree_only_LCN2",8805,"ADCY2",0,NA,NA,NA
"degree_only_LCN2",8806,"CYP1B1",1.26701867375623e-06,NA,NA,NA
"degree_only_LCN2",8807,"RYR2",4.78345186669671e-05,NA,NA,NA
"degree_only_LCN2",8808,"PRKDC",3.48518119952512e-06,NA,NA,NA
"degree_only_LCN2",8809,"PRKAG2",0.00023019859617357,NA,NA,NA
"degree_only_LCN2",8810,"ALDH3A1",7.8987277396747e-05,NA,NA,NA
"degree_only_LCN2",8811,"RARA",0.000182812715244118,NA,NA,NA
"degree_only_LCN2",8812,"APAF1",0,NA,NA,NA
"degree_only_LCN2",8813,"ITGA5",0.00127400659039045,NA,NA,NA
"degree_only_LCN2",8814,"PLAU",9.12459578450431e-06,NA,NA,NA
"degree_only_LCN2",8815,"AGTR1",7.87895413547623e-05,NA,NA,NA
"degree_only_LCN2",8816,"AGTR1",7.87895413547623e-05,NA,NA,NA
"degree_only_LCN2",8817,"CS",0.000203624857343709,NA,NA,NA
"degree_only_LCN2",8818,"GRIN2C",0,NA,NA,NA
"degree_only_LCN2",8819,"ITGA5",0.00127400659039045,NA,NA,NA
"degree_only_LCN2",8820,"RARA",0.000182812715244118,NA,NA,NA
"degree_only_LCN2",8821,"CCL22",0,NA,NA,NA
"degree_only_LCN2",8822,"CS",0.000203624857343709,NA,NA,NA
"degree_only_LCN2",8823,"TGFA",3.48528190785569e-06,NA,NA,NA
"degree_only_LCN2",8824,"SELE",1.58407098771463e-06,NA,NA,NA
"degree_only_LCN2",8825,"RYR2",4.78345186669671e-05,NA,NA,NA
"degree_only_LCN2",8826,"SDHA",0.000611111269984921,NA,NA,NA
"degree_only_LCN2",8827,"DRD2",0.000217393825030943,NA,NA,NA
"degree_only_LCN2",8828,"CCL22",0,NA,NA,NA
"degree_only_LCN2",8829,"ALDH1A3",0,NA,NA,NA
"degree_only_LCN2",8830,"PLAU",9.12459578450431e-06,NA,NA,NA
"degree_only_LCN2",8831,"AGTR1",7.87895413547623e-05,NA,NA,NA
"degree_only_LCN2",8832,"BAX",8.97923976903581e-05,NA,NA,NA
"degree_only_LCN2",8833,"AKR1C1",5.66614851992275e-05,NA,NA,NA
"degree_only_LCN2",8834,"SFN",1.88836433614448e-05,NA,NA,NA
"degree_only_LCN2",8835,"SDHA",0.000611111269984921,NA,NA,NA
"degree_only_LCN2",8836,"EPOR",4.26416671160945e-05,NA,NA,NA
"degree_only_LCN2",8837,"ACACA",7.98311027262466e-05,NA,NA,NA
"degree_only_LCN2",8838,"ALDH3A1",7.8987277396747e-05,NA,NA,NA
"degree_only_LCN2",8839,"AKR1C1",5.66614851992275e-05,NA,NA,NA
"degree_only_LCN2",8840,"RARA",0.000182812715244118,NA,NA,NA
"degree_only_LCN2",8841,"AGTR1",7.87895413547623e-05,NA,NA,NA
"degree_only_LCN2",8842,"PRKDC",3.48518119952512e-06,NA,NA,NA
"degree_only_LCN2",8843,"BAX",8.97923976903581e-05,NA,NA,NA
"degree_only_LCN2",8844,"BGLAP",0.000139973984731978,NA,NA,NA
"degree_only_LCN2",8845,"ALDH1A3",0,NA,NA,NA
"degree_only_LCN2",8846,"KEAP1",8.90865911317151e-05,NA,NA,NA
"degree_only_LCN2",8847,"IRF1",0,NA,NA,NA
"degree_only_LCN2",8848,"ADH4",0,NA,NA,NA
"degree_only_LCN2",8849,"CS",0.000203624857343709,NA,NA,NA
"degree_only_LCN2",8850,"AKR1C1",5.66614851992275e-05,NA,NA,NA
"degree_only_LCN2",8851,"ADH4",0,NA,NA,NA
"degree_only_LCN2",8852,"CYP1B1",1.26701867375623e-06,NA,NA,NA
"degree_only_LCN2",8853,"CYP1B1",1.26701867375623e-06,NA,NA,NA
"degree_only_LCN2",8854,"ATG5",1.93264314094499e-05,NA,NA,NA
"degree_only_LCN2",8855,"SDHA",0.000611111269984921,NA,NA,NA
"degree_only_LCN2",8856,"RARA",0.000182812715244118,NA,NA,NA
"degree_only_LCN2",8857,"SCN1B",0.00123489854843939,NA,NA,NA
"degree_only_LCN2",8858,"ATG5",1.93264314094499e-05,NA,NA,NA
"degree_only_LCN2",8859,"ATG5",1.93264314094499e-05,NA,NA,NA
"degree_only_LCN2",8860,"PRKAG2",0.00023019859617357,NA,NA,NA
"degree_only_LCN2",8861,"AGTR1",7.87895413547623e-05,NA,NA,NA
"degree_only_LCN2",8862,"DRD2",0.000217393825030943,NA,NA,NA
"degree_only_LCN2",8863,"CCL22",0,NA,NA,NA
"degree_only_LCN2",8864,"TEK",0,NA,NA,NA
"degree_only_LCN2",8865,"BTK",0.000119272845312435,NA,NA,NA
"degree_only_LCN2",8866,"ADH4",0,NA,NA,NA
"degree_only_LCN2",8867,"ALDH1A3",0,NA,NA,NA
"degree_only_LCN2",8868,"CCR6",0,NA,NA,NA
"degree_only_LCN2",8869,"ALDH3A1",7.8987277396747e-05,NA,NA,NA
"degree_only_LCN2",8870,"BAX",8.97923976903581e-05,NA,NA,NA
"degree_only_LCN2",8871,"PLAU",9.12459578450431e-06,NA,NA,NA
"degree_only_LCN2",8872,"BTK",0.000119272845312435,NA,NA,NA
"degree_only_LCN2",8873,"ALDH2",5.15659678518299e-05,NA,NA,NA
"degree_only_LCN2",8874,"NCOA2",3.54820525111377e-05,NA,NA,NA
"degree_only_LCN2",8875,"ALDH1A3",0,NA,NA,NA
"degree_only_LCN2",8876,"MT-CYB",0.000203007681716216,NA,NA,NA
"degree_only_LCN2",8877,"IRF1",0,NA,NA,NA
"degree_only_LCN2",8878,"ADCY1",8.87083575196179e-06,NA,NA,NA
"degree_only_LCN2",8879,"RYR2",4.78345186669671e-05,NA,NA,NA
"degree_only_LCN2",8880,"NCOA2",3.54820525111377e-05,NA,NA,NA
"degree_only_LCN2",8881,"GRIN2C",0,NA,NA,NA
"degree_only_LCN2",8882,"SLC6A3",0.000164253248760127,NA,NA,NA
"degree_only_LCN2",8883,"BGLAP",0.000139973984731978,NA,NA,NA
"degree_only_LCN2",8884,"ALDH1A3",0,NA,NA,NA
"degree_only_LCN2",8885,"TEK",0,NA,NA,NA
"degree_only_LCN2",8886,"ADCY1",8.87083575196179e-06,NA,NA,NA
"degree_only_LCN2",8887,"ALDH1A3",0,NA,NA,NA
"degree_only_LCN2",8888,"ITGA5",0.00127400659039045,NA,NA,NA
"degree_only_LCN2",8889,"KDM1A",0,NA,NA,NA
"degree_only_LCN2",8890,"APAF1",0,NA,NA,NA
"degree_only_LCN2",8891,"TGFA",3.48528190785569e-06,NA,NA,NA
"degree_only_LCN2",8892,"SCN1B",0.00123489854843939,NA,NA,NA
"degree_only_LCN2",8893,"ACACA",7.98311027262466e-05,NA,NA,NA
"degree_only_LCN2",8894,"ATG5",1.93264314094499e-05,NA,NA,NA
"degree_only_LCN2",8895,"GRIN2C",0,NA,NA,NA
"degree_only_LCN2",8896,"AKR1C1",5.66614851992275e-05,NA,NA,NA
"degree_only_LCN2",8897,"ADCY2",0,NA,NA,NA
"degree_only_LCN2",8898,"BTK",0.000119272845312435,NA,NA,NA
"degree_only_LCN2",8899,"SELE",1.58407098771463e-06,NA,NA,NA
"degree_only_LCN2",8900,"ALDH2",5.15659678518299e-05,NA,NA,NA
"degree_only_LCN2",8901,"ACTG1",2.72461711825489e-06,NA,NA,NA
"degree_only_LCN2",8902,"BGLAP",0.000139973984731978,NA,NA,NA
"degree_only_LCN2",8903,"IRF1",0,NA,NA,NA
"degree_only_LCN2",8904,"STAT4",0.000324242289791776,NA,NA,NA
"degree_only_LCN2",8905,"ALDH2",5.15659678518299e-05,NA,NA,NA
"degree_only_LCN2",8906,"SDHA",0.000611111269984921,NA,NA,NA
"degree_only_LCN2",8907,"ACACA",7.98311027262466e-05,NA,NA,NA
"degree_only_LCN2",8908,"LGALS3",1.90104129516033e-06,NA,NA,NA
"degree_only_LCN2",8909,"PLAU",9.12459578450431e-06,NA,NA,NA
"degree_only_LCN2",8910,"STAT4",0.000324242289791776,NA,NA,NA
"degree_only_LCN2",8911,"RYR2",4.78345186669671e-05,NA,NA,NA
"degree_only_LCN2",8912,"EPOR",4.26416671160945e-05,NA,NA,NA
"degree_only_LCN2",8913,"SELE",1.58407098771463e-06,NA,NA,NA
"degree_only_LCN2",8914,"NCOA2",3.54820525111377e-05,NA,NA,NA
"degree_only_LCN2",8915,"ACACA",7.98311027262466e-05,NA,NA,NA
"degree_only_LCN2",8916,"SCN1B",0.00123489854843939,NA,NA,NA
"degree_only_LCN2",8917,"SELE",1.58407098771463e-06,NA,NA,NA
"degree_only_LCN2",8918,"STAT4",0.000324242289791776,NA,NA,NA
"degree_only_LCN2",8919,"ALDH2",5.15659678518299e-05,NA,NA,NA
"degree_only_LCN2",8920,"KEAP1",8.90865911317151e-05,NA,NA,NA
"degree_only_LCN2",8921,"AKR1C1",5.66614851992275e-05,NA,NA,NA
"degree_only_LCN2",8922,"CS",0.000203624857343709,NA,NA,NA
"degree_only_LCN2",8923,"ADH7",0,NA,NA,NA
"degree_only_LCN2",8924,"LGALS3",1.90104129516033e-06,NA,NA,NA
"degree_only_LCN2",8925,"ADCY1",8.87083575196179e-06,NA,NA,NA
"degree_only_LCN2",8926,"ADRB2",0.000148693401879507,NA,NA,NA
"degree_only_LCN2",8927,"ACE2",6.17806475236016e-05,NA,NA,NA
"degree_only_LCN2",8928,"SLC6A3",0.000164253248760127,NA,NA,NA
"degree_only_LCN2",8929,"BAX",8.97923976903581e-05,NA,NA,NA
"degree_only_LCN2",8930,"ADH7",0,NA,NA,NA
"degree_only_LCN2",8931,"ITGA5",0.00127400659039045,NA,NA,NA
"degree_only_LCN2",8932,"CCR6",0,NA,NA,NA
"degree_only_LCN2",8933,"PLAU",9.12459578450431e-06,NA,NA,NA
"degree_only_LCN2",8934,"CACNA1B",0,NA,NA,NA
"degree_only_LCN2",8935,"STAT4",0.000324242289791776,NA,NA,NA
"degree_only_LCN2",8936,"CCR6",0,NA,NA,NA
"degree_only_LCN2",8937,"GRIN2C",0,NA,NA,NA
"degree_only_LCN2",8938,"PRKAG2",0.00023019859617357,NA,NA,NA
"degree_only_LCN2",8939,"ACE2",6.17806475236016e-05,NA,NA,NA
"degree_only_LCN2",8940,"CCL22",0,NA,NA,NA
"degree_only_LCN2",8941,"ALDH1A2",0,NA,NA,NA
"degree_only_LCN2",8942,"ADCY2",0,NA,NA,NA
"degree_only_LCN2",8943,"RYR2",4.78345186669671e-05,NA,NA,NA
"degree_only_LCN2",8944,"PLAU",9.12459578450431e-06,NA,NA,NA
"degree_only_LCN2",8945,"SLC6A3",0.000164253248760127,NA,NA,NA
"degree_only_LCN2",8946,"AKR1C1",5.66614851992275e-05,NA,NA,NA
"degree_only_LCN2",8947,"BTK",0.000119272845312435,NA,NA,NA
"degree_only_LCN2",8948,"SHH",1.43206732026169e-05,NA,NA,NA
"degree_only_LCN2",8949,"KDM1A",0,NA,NA,NA
"degree_only_LCN2",8950,"SFN",1.88836433614448e-05,NA,NA,NA
"degree_only_LCN2",8951,"ALDH1A2",0,NA,NA,NA
"degree_only_LCN2",8952,"KEAP1",8.90865911317151e-05,NA,NA,NA
"degree_only_LCN2",8953,"LGALS3",1.90104129516033e-06,NA,NA,NA
"degree_only_LCN2",8954,"SHH",1.43206732026169e-05,NA,NA,NA
"degree_only_LCN2",8955,"CYP1B1",1.26701867375623e-06,NA,NA,NA
"degree_only_LCN2",8956,"ALDH1A2",0,NA,NA,NA
"degree_only_LCN2",8957,"ALDH3A1",7.8987277396747e-05,NA,NA,NA
"degree_only_LCN2",8958,"SCN1B",0.00123489854843939,NA,NA,NA
"degree_only_LCN2",8959,"ATG5",1.93264314094499e-05,NA,NA,NA
"degree_only_LCN2",8960,"MT-CYB",0.000203007681716216,NA,NA,NA
"degree_only_LCN2",8961,"PLAU",9.12459578450431e-06,NA,NA,NA
"degree_only_LCN2",8962,"CACNA1B",0,NA,NA,NA
"degree_only_LCN2",8963,"ALDH1A2",0,NA,NA,NA
"degree_only_LCN2",8964,"ALDH2",5.15659678518299e-05,NA,NA,NA
"degree_only_LCN2",8965,"ITGA5",0.00127400659039045,NA,NA,NA
"degree_only_LCN2",8966,"RYR2",4.78345186669671e-05,NA,NA,NA
"degree_only_LCN2",8967,"EPOR",4.26416671160945e-05,NA,NA,NA
"degree_only_LCN2",8968,"ADRB2",0.000148693401879507,NA,NA,NA
"degree_only_LCN2",8969,"CACNA1B",0,NA,NA,NA
"degree_only_LCN2",8970,"KDM1A",0,NA,NA,NA
"degree_only_LCN2",8971,"CCL22",0,NA,NA,NA
"degree_only_LCN2",8972,"CYP1B1",1.26701867375623e-06,NA,NA,NA
"degree_only_LCN2",8973,"CS",0.000203624857343709,NA,NA,NA
"degree_only_LCN2",8974,"ACE2",6.17806475236016e-05,NA,NA,NA
"degree_only_LCN2",8975,"ADH4",0,NA,NA,NA
"degree_only_LCN2",8976,"TEK",0,NA,NA,NA
"degree_only_LCN2",8977,"NCOA2",3.54820525111377e-05,NA,NA,NA
"degree_only_LCN2",8978,"MT-CYB",0.000203007681716216,NA,NA,NA
"degree_only_LCN2",8979,"AGTR1",7.87895413547623e-05,NA,NA,NA
"degree_only_LCN2",8980,"AKR1C1",5.66614851992275e-05,NA,NA,NA
"degree_only_LCN2",8981,"MT-CYB",0.000203007681716216,NA,NA,NA
"degree_only_LCN2",8982,"PRKAG2",0.00023019859617357,NA,NA,NA
"degree_only_LCN2",8983,"ADRB2",0.000148693401879507,NA,NA,NA
"degree_only_LCN2",8984,"ALDH1A3",0,NA,NA,NA
"degree_only_LCN2",8985,"RYR2",4.78345186669671e-05,NA,NA,NA
"degree_only_LCN2",8986,"RARA",0.000182812715244118,NA,NA,NA
"degree_only_LCN2",8987,"APAF1",0,NA,NA,NA
"degree_only_LCN2",8988,"RYR2",4.78345186669671e-05,NA,NA,NA
"degree_only_LCN2",8989,"ACACA",7.98311027262466e-05,NA,NA,NA
"degree_only_LCN2",8990,"KEAP1",8.90865911317151e-05,NA,NA,NA
"degree_only_LCN2",8991,"STAT4",0.000324242289791776,NA,NA,NA
"degree_only_LCN2",8992,"STAT4",0.000324242289791776,NA,NA,NA
"degree_only_LCN2",8993,"BGLAP",0.000139973984731978,NA,NA,NA
"degree_only_LCN2",8994,"ACTG1",2.72461711825489e-06,NA,NA,NA
"degree_only_LCN2",8995,"CS",0.000203624857343709,NA,NA,NA
"degree_only_LCN2",8996,"SDHA",0.000611111269984921,NA,NA,NA
"degree_only_LCN2",8997,"NCOA2",3.54820525111377e-05,NA,NA,NA
"degree_only_LCN2",8998,"CCR6",0,NA,NA,NA
"degree_only_LCN2",8999,"SELE",1.58407098771463e-06,NA,NA,NA
"degree_only_LCN2",9000,"SCN1B",0.00123489854843939,NA,NA,NA
"degree_only_LCN2",9001,"PRKAG2",0.00023019859617357,NA,NA,NA
"degree_only_LCN2",9002,"SHH",1.43206732026169e-05,NA,NA,NA
"degree_only_LCN2",9003,"ITGA5",0.00127400659039045,NA,NA,NA
"degree_only_LCN2",9004,"AKR1C1",5.66614851992275e-05,NA,NA,NA
"degree_only_LCN2",9005,"APAF1",0,NA,NA,NA
"degree_only_LCN2",9006,"NCOA2",3.54820525111377e-05,NA,NA,NA
"degree_only_LCN2",9007,"ADH7",0,NA,NA,NA
"degree_only_LCN2",9008,"RARA",0.000182812715244118,NA,NA,NA
"degree_only_LCN2",9009,"ACE2",6.17806475236016e-05,NA,NA,NA
"degree_only_LCN2",9010,"PLAU",9.12459578450431e-06,NA,NA,NA
"degree_only_LCN2",9011,"PRKDC",3.48518119952512e-06,NA,NA,NA
"degree_only_LCN2",9012,"ATG5",1.93264314094499e-05,NA,NA,NA
"degree_only_LCN2",9013,"SDHA",0.000611111269984921,NA,NA,NA
"degree_only_LCN2",9014,"CCL22",0,NA,NA,NA
"degree_only_LCN2",9015,"ALDH1A2",0,NA,NA,NA
"degree_only_LCN2",9016,"STAT4",0.000324242289791776,NA,NA,NA
"degree_only_LCN2",9017,"AGTR1",7.87895413547623e-05,NA,NA,NA
"degree_only_LCN2",9018,"ATG5",1.93264314094499e-05,NA,NA,NA
"degree_only_LCN2",9019,"ALDH2",5.15659678518299e-05,NA,NA,NA
"degree_only_LCN2",9020,"EPOR",4.26416671160945e-05,NA,NA,NA
"degree_only_LCN2",9021,"SDHA",0.000611111269984921,NA,NA,NA
"degree_only_LCN2",9022,"SLC6A3",0.000164253248760127,NA,NA,NA
"degree_only_LCN2",9023,"ADCY2",0,NA,NA,NA
"degree_only_LCN2",9024,"RARA",0.000182812715244118,NA,NA,NA
"degree_only_LCN2",9025,"SHH",1.43206732026169e-05,NA,NA,NA
"degree_only_LCN2",9026,"DRD2",0.000217393825030943,NA,NA,NA
"degree_only_LCN2",9027,"ALDH1A3",0,NA,NA,NA
"degree_only_LCN2",9028,"TEK",0,NA,NA,NA
"degree_only_LCN2",9029,"ATG5",1.93264314094499e-05,NA,NA,NA
"degree_only_LCN2",9030,"LGALS3",1.90104129516033e-06,NA,NA,NA
"degree_only_LCN2",9031,"CCR6",0,NA,NA,NA
"degree_only_LCN2",9032,"ALDH2",5.15659678518299e-05,NA,NA,NA
"degree_only_LCN2",9033,"ADRB2",0.000148693401879507,NA,NA,NA
"degree_only_LCN2",9034,"PLAU",9.12459578450431e-06,NA,NA,NA
"degree_only_LCN2",9035,"MT-CYB",0.000203007681716216,NA,NA,NA
"degree_only_LCN2",9036,"PRKDC",3.48518119952512e-06,NA,NA,NA
"degree_only_LCN2",9037,"PRKDC",3.48518119952512e-06,NA,NA,NA
"degree_only_LCN2",9038,"IRF1",0,NA,NA,NA
"degree_only_LCN2",9039,"AKR1C1",5.66614851992275e-05,NA,NA,NA
"degree_only_LCN2",9040,"SDHA",0.000611111269984921,NA,NA,NA
"degree_only_LCN2",9041,"ADCY1",8.87083575196179e-06,NA,NA,NA
"degree_only_LCN2",9042,"PRKDC",3.48518119952512e-06,NA,NA,NA
"degree_only_LCN2",9043,"TEK",0,NA,NA,NA
"degree_only_LCN2",9044,"CCL22",0,NA,NA,NA
"degree_only_LCN2",9045,"ADH4",0,NA,NA,NA
"degree_only_LCN2",9046,"ATG5",1.93264314094499e-05,NA,NA,NA
"degree_only_LCN2",9047,"ADCY1",8.87083575196179e-06,NA,NA,NA
"degree_only_LCN2",9048,"EPOR",4.26416671160945e-05,NA,NA,NA
"degree_only_LCN2",9049,"SCN1B",0.00123489854843939,NA,NA,NA
"degree_only_LCN2",9050,"SELE",1.58407098771463e-06,NA,NA,NA
"degree_only_LCN2",9051,"ACE2",6.17806475236016e-05,NA,NA,NA
"degree_only_LCN2",9052,"BGLAP",0.000139973984731978,NA,NA,NA
"degree_only_LCN2",9053,"STAT4",0.000324242289791776,NA,NA,NA
"degree_only_LCN2",9054,"AGTR1",7.87895413547623e-05,NA,NA,NA
"degree_only_LCN2",9055,"EPOR",4.26416671160945e-05,NA,NA,NA
"degree_only_LCN2",9056,"ADCY1",8.87083575196179e-06,NA,NA,NA
"degree_only_LCN2",9057,"IRF1",0,NA,NA,NA
"degree_only_LCN2",9058,"PCNA",0.000281828068793732,NA,NA,NA
"degree_only_LCN2",9059,"ALDH1A3",0,NA,NA,NA
"degree_only_LCN2",9060,"ADRB2",0.000148693401879507,NA,NA,NA
"degree_only_LCN2",9061,"ADCY2",0,NA,NA,NA
"degree_only_LCN2",9062,"MT-CYB",0.000203007681716216,NA,NA,NA
"degree_only_LCN2",9063,"ATG5",1.93264314094499e-05,NA,NA,NA
"degree_only_LCN2",9064,"KEAP1",8.90865911317151e-05,NA,NA,NA
"degree_only_LCN2",9065,"GRIN2C",0,NA,NA,NA
"degree_only_LCN2",9066,"NCOA2",3.54820525111377e-05,NA,NA,NA
"degree_only_LCN2",9067,"PRKDC",3.48518119952512e-06,NA,NA,NA
"degree_only_LCN2",9068,"TEK",0,NA,NA,NA
"degree_only_LCN2",9069,"ADCY2",0,NA,NA,NA
"degree_only_LCN2",9070,"NCOA2",3.54820525111377e-05,NA,NA,NA
"degree_only_LCN2",9071,"ADH4",0,NA,NA,NA
"degree_only_LCN2",9072,"SLC6A3",0.000164253248760127,NA,NA,NA
"degree_only_LCN2",9073,"RARA",0.000182812715244118,NA,NA,NA
"degree_only_LCN2",9074,"GRIN2C",0,NA,NA,NA
"degree_only_LCN2",9075,"MT-CYB",0.000203007681716216,NA,NA,NA
"degree_only_LCN2",9076,"KDM1A",0,NA,NA,NA
"degree_only_LCN2",9077,"BGLAP",0.000139973984731978,NA,NA,NA
"degree_only_LCN2",9078,"KEAP1",8.90865911317151e-05,NA,NA,NA
"degree_only_LCN2",9079,"ALDH2",5.15659678518299e-05,NA,NA,NA
"degree_only_LCN2",9080,"PCNA",0.000281828068793732,NA,NA,NA
"degree_only_LCN2",9081,"LGALS3",1.90104129516033e-06,NA,NA,NA
"degree_only_LCN2",9082,"TEK",0,NA,NA,NA
"degree_only_LCN2",9083,"RARA",0.000182812715244118,NA,NA,NA
"degree_only_LCN2",9084,"GRIN2C",0,NA,NA,NA
"degree_only_LCN2",9085,"BTK",0.000119272845312435,NA,NA,NA
"degree_only_LCN2",9086,"SELE",1.58407098771463e-06,NA,NA,NA
"degree_only_LCN2",9087,"SHH",1.43206732026169e-05,NA,NA,NA
"degree_only_LCN2",9088,"ACE2",6.17806475236016e-05,NA,NA,NA
"degree_only_LCN2",9089,"BAX",8.97923976903581e-05,NA,NA,NA
"degree_only_LCN2",9090,"ADH7",0,NA,NA,NA
"degree_only_LCN2",9091,"NCOA2",3.54820525111377e-05,NA,NA,NA
"degree_only_LCN2",9092,"ADH7",0,NA,NA,NA
"degree_only_LCN2",9093,"PCNA",0.000281828068793732,NA,NA,NA
"degree_only_LCN2",9094,"PRKAG2",0.00023019859617357,NA,NA,NA
"degree_only_LCN2",9095,"ACTG1",2.72461711825489e-06,NA,NA,NA
"degree_only_LCN2",9096,"TGFA",3.48528190785569e-06,NA,NA,NA
"degree_only_LCN2",9097,"CYP1B1",1.26701867375623e-06,NA,NA,NA
"degree_only_LCN2",9098,"TEK",0,NA,NA,NA
"degree_only_LCN2",9099,"SLC6A3",0.000164253248760127,NA,NA,NA
"degree_only_LCN2",9100,"PCNA",0.000281828068793732,NA,NA,NA
"degree_only_LCN2",9101,"SELE",1.58407098771463e-06,NA,NA,NA
"degree_only_LCN2",9102,"RYR2",4.78345186669671e-05,NA,NA,NA
"degree_only_LCN2",9103,"TGFA",3.48528190785569e-06,NA,NA,NA
"degree_only_LCN2",9104,"AKR1C1",5.66614851992275e-05,NA,NA,NA
"degree_only_LCN2",9105,"ADH7",0,NA,NA,NA
"degree_only_LCN2",9106,"DRD2",0.000217393825030943,NA,NA,NA
"degree_only_LCN2",9107,"BAX",8.97923976903581e-05,NA,NA,NA
"degree_only_LCN2",9108,"STAT4",0.000324242289791776,NA,NA,NA
"degree_only_LCN2",9109,"STAT4",0.000324242289791776,NA,NA,NA
"degree_only_LCN2",9110,"ALDH2",5.15659678518299e-05,NA,NA,NA
"degree_only_LCN2",9111,"RYR2",4.78345186669671e-05,NA,NA,NA
"degree_only_LCN2",9112,"ADCY1",8.87083575196179e-06,NA,NA,NA
"degree_only_LCN2",9113,"DRD2",0.000217393825030943,NA,NA,NA
"degree_only_LCN2",9114,"BAX",8.97923976903581e-05,NA,NA,NA
"degree_only_LCN2",9115,"RARA",0.000182812715244118,NA,NA,NA
"degree_only_LCN2",9116,"SHH",1.43206732026169e-05,NA,NA,NA
"degree_only_LCN2",9117,"GRIN2C",0,NA,NA,NA
"degree_only_LCN2",9118,"AKR1C1",5.66614851992275e-05,NA,NA,NA
"degree_only_LCN2",9119,"ADH4",0,NA,NA,NA
"degree_only_LCN2",9120,"IRF1",0,NA,NA,NA
"degree_only_LCN2",9121,"ADRB2",0.000148693401879507,NA,NA,NA
"degree_only_LCN2",9122,"ITGA5",0.00127400659039045,NA,NA,NA
"degree_only_LCN2",9123,"CACNA1B",0,NA,NA,NA
"degree_only_LCN2",9124,"KEAP1",8.90865911317151e-05,NA,NA,NA
"degree_only_LCN2",9125,"PRKAG2",0.00023019859617357,NA,NA,NA
"degree_only_LCN2",9126,"BGLAP",0.000139973984731978,NA,NA,NA
"degree_only_LCN2",9127,"SFN",1.88836433614448e-05,NA,NA,NA
"degree_only_LCN2",9128,"AKR1C1",5.66614851992275e-05,NA,NA,NA
"degree_only_LCN2",9129,"STAT4",0.000324242289791776,NA,NA,NA
"degree_only_LCN2",9130,"SHH",1.43206732026169e-05,NA,NA,NA
"degree_only_LCN2",9131,"STAT4",0.000324242289791776,NA,NA,NA
"degree_only_LCN2",9132,"AKR1C1",5.66614851992275e-05,NA,NA,NA
"degree_only_LCN2",9133,"CS",0.000203624857343709,NA,NA,NA
"degree_only_LCN2",9134,"CCR6",0,NA,NA,NA
"degree_only_LCN2",9135,"ALDH3A1",7.8987277396747e-05,NA,NA,NA
"degree_only_LCN2",9136,"SHH",1.43206732026169e-05,NA,NA,NA
"degree_only_LCN2",9137,"KDM1A",0,NA,NA,NA
"degree_only_LCN2",9138,"PRKAG2",0.00023019859617357,NA,NA,NA
"degree_only_LCN2",9139,"ALDH2",5.15659678518299e-05,NA,NA,NA
"degree_only_LCN2",9140,"ALDH1A2",0,NA,NA,NA
"degree_only_LCN2",9141,"CCL22",0,NA,NA,NA
"degree_only_LCN2",9142,"CCR6",0,NA,NA,NA
"degree_only_LCN2",9143,"SDHA",0.000611111269984921,NA,NA,NA
"degree_only_LCN2",9144,"PLAU",9.12459578450431e-06,NA,NA,NA
"degree_only_LCN2",9145,"DRD2",0.000217393825030943,NA,NA,NA
"degree_only_LCN2",9146,"CCL22",0,NA,NA,NA
"degree_only_LCN2",9147,"ALDH2",5.15659678518299e-05,NA,NA,NA
"degree_only_LCN2",9148,"MT-CYB",0.000203007681716216,NA,NA,NA
"degree_only_LCN2",9149,"SLC6A3",0.000164253248760127,NA,NA,NA
"degree_only_LCN2",9150,"CACNA1B",0,NA,NA,NA
"degree_only_LCN2",9151,"PRKAG2",0.00023019859617357,NA,NA,NA
"degree_only_LCN2",9152,"RARA",0.000182812715244118,NA,NA,NA
"degree_only_LCN2",9153,"NCOA2",3.54820525111377e-05,NA,NA,NA
"degree_only_LCN2",9154,"ADRB2",0.000148693401879507,NA,NA,NA
"degree_only_LCN2",9155,"KEAP1",8.90865911317151e-05,NA,NA,NA
"degree_only_LCN2",9156,"KDM1A",0,NA,NA,NA
"degree_only_LCN2",9157,"GRIN2C",0,NA,NA,NA
"degree_only_LCN2",9158,"ALDH2",5.15659678518299e-05,NA,NA,NA
"degree_only_LCN2",9159,"ADH7",0,NA,NA,NA
"degree_only_LCN2",9160,"LGALS3",1.90104129516033e-06,NA,NA,NA
"degree_only_LCN2",9161,"ITGA5",0.00127400659039045,NA,NA,NA
"degree_only_LCN2",9162,"ADH4",0,NA,NA,NA
"degree_only_LCN2",9163,"PCNA",0.000281828068793732,NA,NA,NA
"degree_only_LCN2",9164,"SELE",1.58407098771463e-06,NA,NA,NA
"degree_only_LCN2",9165,"KEAP1",8.90865911317151e-05,NA,NA,NA
"degree_only_LCN2",9166,"AKR1C1",5.66614851992275e-05,NA,NA,NA
"degree_only_LCN2",9167,"PLAU",9.12459578450431e-06,NA,NA,NA
"degree_only_LCN2",9168,"ADH7",0,NA,NA,NA
"degree_only_LCN2",9169,"ALDH1A2",0,NA,NA,NA
"degree_only_LCN2",9170,"ACTG1",2.72461711825489e-06,NA,NA,NA
"degree_only_LCN2",9171,"STAT4",0.000324242289791776,NA,NA,NA
"degree_only_LCN2",9172,"ADRB2",0.000148693401879507,NA,NA,NA
"degree_only_LCN2",9173,"APAF1",0,NA,NA,NA
"degree_only_LCN2",9174,"RYR2",4.78345186669671e-05,NA,NA,NA
"degree_only_LCN2",9175,"ADH4",0,NA,NA,NA
"degree_only_LCN2",9176,"DRD2",0.000217393825030943,NA,NA,NA
"degree_only_LCN2",9177,"IRF1",0,NA,NA,NA
"degree_only_LCN2",9178,"SCN1B",0.00123489854843939,NA,NA,NA
"degree_only_LCN2",9179,"TEK",0,NA,NA,NA
"degree_only_LCN2",9180,"RYR2",4.78345186669671e-05,NA,NA,NA
"degree_only_LCN2",9181,"AKR1C1",5.66614851992275e-05,NA,NA,NA
"degree_only_LCN2",9182,"ADCY1",8.87083575196179e-06,NA,NA,NA
"degree_only_LCN2",9183,"AGTR1",7.87895413547623e-05,NA,NA,NA
"degree_only_LCN2",9184,"NOD2",2.72727341009693e-05,NA,NA,NA
"degree_only_LCN2",9185,"ADRB2",0.000148693401879507,NA,NA,NA
"degree_only_LCN2",9186,"SHH",1.43206732026169e-05,NA,NA,NA
"degree_only_LCN2",9187,"ADRB2",0.000148693401879507,NA,NA,NA
"degree_only_LCN2",9188,"AGTR1",7.87895413547623e-05,NA,NA,NA
"degree_only_LCN2",9189,"RYR2",4.78345186669671e-05,NA,NA,NA
"degree_only_LCN2",9190,"BGLAP",0.000139973984731978,NA,NA,NA
"degree_only_LCN2",9191,"ATG5",1.93264314094499e-05,NA,NA,NA
"degree_only_LCN2",9192,"SHH",1.43206732026169e-05,NA,NA,NA
"degree_only_LCN2",9193,"PRKDC",3.48518119952512e-06,NA,NA,NA
"degree_only_LCN2",9194,"PLAU",9.12459578450431e-06,NA,NA,NA
"degree_only_LCN2",9195,"BAX",8.97923976903581e-05,NA,NA,NA
"degree_only_LCN2",9196,"CACNA1B",0,NA,NA,NA
"degree_only_LCN2",9197,"AKR1C1",5.66614851992275e-05,NA,NA,NA
"degree_only_LCN2",9198,"CACNA1B",0,NA,NA,NA
"degree_only_LCN2",9199,"LGALS3",1.90104129516033e-06,NA,NA,NA
"degree_only_LCN2",9200,"NCOA2",3.54820525111377e-05,NA,NA,NA
"degree_only_LCN2",9201,"ALDH3A1",7.8987277396747e-05,NA,NA,NA
"degree_only_LCN2",9202,"ACTG1",2.72461711825489e-06,NA,NA,NA
"degree_only_LCN2",9203,"PRKAG2",0.00023019859617357,NA,NA,NA
"degree_only_LCN2",9204,"PLAU",9.12459578450431e-06,NA,NA,NA
"degree_only_LCN2",9205,"NCOA2",3.54820525111377e-05,NA,NA,NA
"degree_only_LCN2",9206,"RARA",0.000182812715244118,NA,NA,NA
"degree_only_LCN2",9207,"BGLAP",0.000139973984731978,NA,NA,NA
"degree_only_LCN2",9208,"SHH",1.43206732026169e-05,NA,NA,NA
"degree_only_LCN2",9209,"KDM1A",0,NA,NA,NA
"degree_only_LCN2",9210,"SFN",1.88836433614448e-05,NA,NA,NA
"degree_only_LCN2",9211,"ACE2",6.17806475236016e-05,NA,NA,NA
"degree_only_LCN2",9212,"IRF1",0,NA,NA,NA
"degree_only_LCN2",9213,"BGLAP",0.000139973984731978,NA,NA,NA
"degree_only_LCN2",9214,"ATG5",1.93264314094499e-05,NA,NA,NA
"degree_only_LCN2",9215,"GRIN2C",0,NA,NA,NA
"degree_only_LCN2",9216,"CYP1B1",1.26701867375623e-06,NA,NA,NA
"degree_only_LCN2",9217,"STAT4",0.000324242289791776,NA,NA,NA
"degree_only_LCN2",9218,"BTK",0.000119272845312435,NA,NA,NA
"degree_only_LCN2",9219,"SFN",1.88836433614448e-05,NA,NA,NA
"degree_only_LCN2",9220,"LGALS3",1.90104129516033e-06,NA,NA,NA
"degree_only_LCN2",9221,"NOD2",2.72727341009693e-05,NA,NA,NA
"degree_only_LCN2",9222,"PLAU",9.12459578450431e-06,NA,NA,NA
"degree_only_LCN2",9223,"CACNA1B",0,NA,NA,NA
"degree_only_LCN2",9224,"ALDH2",5.15659678518299e-05,NA,NA,NA
"degree_only_LCN2",9225,"ADH7",0,NA,NA,NA
"degree_only_LCN2",9226,"ALDH2",5.15659678518299e-05,NA,NA,NA
"degree_only_LCN2",9227,"ACTG1",2.72461711825489e-06,NA,NA,NA
"degree_only_LCN2",9228,"RARA",0.000182812715244118,NA,NA,NA
"degree_only_LCN2",9229,"DRD2",0.000217393825030943,NA,NA,NA
"degree_only_LCN2",9230,"RYR2",4.78345186669671e-05,NA,NA,NA
"degree_only_LCN2",9231,"KDM1A",0,NA,NA,NA
"degree_only_LCN2",9232,"ACTG1",2.72461711825489e-06,NA,NA,NA
"degree_only_LCN2",9233,"PCNA",0.000281828068793732,NA,NA,NA
"degree_only_LCN2",9234,"CCR6",0,NA,NA,NA
"degree_only_LCN2",9235,"KEAP1",8.90865911317151e-05,NA,NA,NA
"degree_only_LCN2",9236,"KDM1A",0,NA,NA,NA
"degree_only_LCN2",9237,"ITGA5",0.00127400659039045,NA,NA,NA
"degree_only_LCN2",9238,"SLC6A3",0.000164253248760127,NA,NA,NA
"degree_only_LCN2",9239,"ADCY1",8.87083575196179e-06,NA,NA,NA
"degree_only_LCN2",9240,"PRKDC",3.48518119952512e-06,NA,NA,NA
"degree_only_LCN2",9241,"AGTR1",7.87895413547623e-05,NA,NA,NA
"degree_only_LCN2",9242,"BTK",0.000119272845312435,NA,NA,NA
"degree_only_LCN2",9243,"PCNA",0.000281828068793732,NA,NA,NA
"degree_only_LCN2",9244,"ATG5",1.93264314094499e-05,NA,NA,NA
"degree_only_LCN2",9245,"ADCY2",0,NA,NA,NA
"degree_only_LCN2",9246,"BAX",8.97923976903581e-05,NA,NA,NA
"degree_only_LCN2",9247,"CCR6",0,NA,NA,NA
"degree_only_LCN2",9248,"ITGA5",0.00127400659039045,NA,NA,NA
"degree_only_LCN2",9249,"PLAU",9.12459578450431e-06,NA,NA,NA
"degree_only_LCN2",9250,"MT-CYB",0.000203007681716216,NA,NA,NA
"degree_only_LCN2",9251,"DRD2",0.000217393825030943,NA,NA,NA
"degree_only_LCN2",9252,"CCR6",0,NA,NA,NA
"degree_only_LCN2",9253,"AGTR1",7.87895413547623e-05,NA,NA,NA
"degree_only_LCN2",9254,"NCOA2",3.54820525111377e-05,NA,NA,NA
"degree_only_LCN2",9255,"CS",0.000203624857343709,NA,NA,NA
"degree_only_LCN2",9256,"SELE",1.58407098771463e-06,NA,NA,NA
"degree_only_LCN2",9257,"TGFA",3.48528190785569e-06,NA,NA,NA
"degree_only_LCN2",9258,"NCOA2",3.54820525111377e-05,NA,NA,NA
"degree_only_LCN2",9259,"SCN1B",0.00123489854843939,NA,NA,NA
"degree_only_LCN2",9260,"CCR6",0,NA,NA,NA
"degree_only_LCN2",9261,"ACTG1",2.72461711825489e-06,NA,NA,NA
"degree_only_LCN2",9262,"NCOA2",3.54820525111377e-05,NA,NA,NA
"degree_only_LCN2",9263,"NCOA2",3.54820525111377e-05,NA,NA,NA
"degree_only_LCN2",9264,"NOD2",2.72727341009693e-05,NA,NA,NA
"degree_only_LCN2",9265,"LGALS3",1.90104129516033e-06,NA,NA,NA
"degree_only_LCN2",9266,"CCL22",0,NA,NA,NA
"degree_only_LCN2",9267,"AKR1C1",5.66614851992275e-05,NA,NA,NA
"degree_only_LCN2",9268,"CYP1B1",1.26701867375623e-06,NA,NA,NA
"degree_only_LCN2",9269,"AKR1C1",5.66614851992275e-05,NA,NA,NA
"degree_only_LCN2",9270,"KDM1A",0,NA,NA,NA
"degree_only_LCN2",9271,"RARA",0.000182812715244118,NA,NA,NA
"degree_only_LCN2",9272,"GRIN2C",0,NA,NA,NA
"degree_only_LCN2",9273,"PLAU",9.12459578450431e-06,NA,NA,NA
"degree_only_LCN2",9274,"TGFA",3.48528190785569e-06,NA,NA,NA
"degree_only_LCN2",9275,"SELE",1.58407098771463e-06,NA,NA,NA
"degree_only_LCN2",9276,"PRKDC",3.48518119952512e-06,NA,NA,NA
"degree_only_LCN2",9277,"MT-CYB",0.000203007681716216,NA,NA,NA
"degree_only_LCN2",9278,"ADCY1",8.87083575196179e-06,NA,NA,NA
"degree_only_LCN2",9279,"KDM1A",0,NA,NA,NA
"degree_only_LCN2",9280,"NOD2",2.72727341009693e-05,NA,NA,NA
"degree_only_LCN2",9281,"CCL22",0,NA,NA,NA
"degree_only_LCN2",9282,"DRD2",0.000217393825030943,NA,NA,NA
"degree_only_LCN2",9283,"CCL22",0,NA,NA,NA
"degree_only_LCN2",9284,"ALDH3A1",7.8987277396747e-05,NA,NA,NA
"degree_only_LCN2",9285,"SELE",1.58407098771463e-06,NA,NA,NA
"degree_only_LCN2",9286,"ACE2",6.17806475236016e-05,NA,NA,NA
"degree_only_LCN2",9287,"CACNA1B",0,NA,NA,NA
"degree_only_LCN2",9288,"SELE",1.58407098771463e-06,NA,NA,NA
"degree_only_LCN2",9289,"SCN1B",0.00123489854843939,NA,NA,NA
"degree_only_LCN2",9290,"LGALS3",1.90104129516033e-06,NA,NA,NA
"degree_only_LCN2",9291,"PRKAG2",0.00023019859617357,NA,NA,NA
"degree_only_LCN2",9292,"SCN1B",0.00123489854843939,NA,NA,NA
"degree_only_LCN2",9293,"AKR1C1",5.66614851992275e-05,NA,NA,NA
"degree_only_LCN2",9294,"RYR2",4.78345186669671e-05,NA,NA,NA
"degree_only_LCN2",9295,"CCL22",0,NA,NA,NA
"degree_only_LCN2",9296,"RYR2",4.78345186669671e-05,NA,NA,NA
"degree_only_LCN2",9297,"STAT4",0.000324242289791776,NA,NA,NA
"degree_only_LCN2",9298,"PCNA",0.000281828068793732,NA,NA,NA
"degree_only_LCN2",9299,"ACACA",7.98311027262466e-05,NA,NA,NA
"degree_only_LCN2",9300,"NOD2",2.72727341009693e-05,NA,NA,NA
"degree_only_LCN2",9301,"SLC6A3",0.000164253248760127,NA,NA,NA
"degree_only_LCN2",9302,"LGALS3",1.90104129516033e-06,NA,NA,NA
"degree_only_LCN2",9303,"SCN1B",0.00123489854843939,NA,NA,NA
"degree_only_LCN2",9304,"KDM1A",0,NA,NA,NA
"degree_only_LCN2",9305,"ALDH1A3",0,NA,NA,NA
"degree_only_LCN2",9306,"PRKDC",3.48518119952512e-06,NA,NA,NA
"degree_only_LCN2",9307,"ATG5",1.93264314094499e-05,NA,NA,NA
"degree_only_LCN2",9308,"NOD2",2.72727341009693e-05,NA,NA,NA
"degree_only_LCN2",9309,"PCNA",0.000281828068793732,NA,NA,NA
"degree_only_LCN2",9310,"MT-CYB",0.000203007681716216,NA,NA,NA
"degree_only_LCN2",9311,"PRKAG2",0.00023019859617357,NA,NA,NA
"degree_only_LCN2",9312,"LGALS3",1.90104129516033e-06,NA,NA,NA
"degree_only_LCN2",9313,"SFN",1.88836433614448e-05,NA,NA,NA
"degree_only_LCN2",9314,"ADCY2",0,NA,NA,NA
"degree_only_LCN2",9315,"CCL22",0,NA,NA,NA
"degree_only_LCN2",9316,"ADRB2",0.000148693401879507,NA,NA,NA
"degree_only_LCN2",9317,"TEK",0,NA,NA,NA
"degree_only_LCN2",9318,"SFN",1.88836433614448e-05,NA,NA,NA
"degree_only_LCN2",9319,"RARA",0.000182812715244118,NA,NA,NA
"degree_only_LCN2",9320,"ADCY1",8.87083575196179e-06,NA,NA,NA
"degree_only_LCN2",9321,"ALDH2",5.15659678518299e-05,NA,NA,NA
"degree_only_LCN2",9322,"ITGA5",0.00127400659039045,NA,NA,NA
"degree_only_LCN2",9323,"ADCY1",8.87083575196179e-06,NA,NA,NA
"degree_only_LCN2",9324,"TEK",0,NA,NA,NA
"degree_only_LCN2",9325,"GRIN2C",0,NA,NA,NA
"degree_only_LCN2",9326,"MT-CYB",0.000203007681716216,NA,NA,NA
"degree_only_LCN2",9327,"DRD2",0.000217393825030943,NA,NA,NA
"degree_only_LCN2",9328,"CCR6",0,NA,NA,NA
"degree_only_LCN2",9329,"CACNA1B",0,NA,NA,NA
"degree_only_LCN2",9330,"TEK",0,NA,NA,NA
"degree_only_LCN2",9331,"PCNA",0.000281828068793732,NA,NA,NA
"degree_only_LCN2",9332,"LGALS3",1.90104129516033e-06,NA,NA,NA
"degree_only_LCN2",9333,"SLC6A3",0.000164253248760127,NA,NA,NA
"degree_only_LCN2",9334,"CCR6",0,NA,NA,NA
"degree_only_LCN2",9335,"LGALS3",1.90104129516033e-06,NA,NA,NA
"degree_only_LCN2",9336,"TGFA",3.48528190785569e-06,NA,NA,NA
"degree_only_LCN2",9337,"CCR6",0,NA,NA,NA
"degree_only_LCN2",9338,"DRD2",0.000217393825030943,NA,NA,NA
"degree_only_LCN2",9339,"TEK",0,NA,NA,NA
"degree_only_LCN2",9340,"SHH",1.43206732026169e-05,NA,NA,NA
"degree_only_LCN2",9341,"ALDH3A1",7.8987277396747e-05,NA,NA,NA
"degree_only_LCN2",9342,"ALDH1A2",0,NA,NA,NA
"degree_only_LCN2",9343,"SCN1B",0.00123489854843939,NA,NA,NA
"degree_only_LCN2",9344,"NOD2",2.72727341009693e-05,NA,NA,NA
"degree_only_LCN2",9345,"GRIN2C",0,NA,NA,NA
"degree_only_LCN2",9346,"RYR2",4.78345186669671e-05,NA,NA,NA
"degree_only_LCN2",9347,"NCOA2",3.54820525111377e-05,NA,NA,NA
"degree_only_LCN2",9348,"ADH7",0,NA,NA,NA
"degree_only_LCN2",9349,"ACTG1",2.72461711825489e-06,NA,NA,NA
"degree_only_LCN2",9350,"IRF1",0,NA,NA,NA
"degree_only_LCN2",9351,"AKR1C1",5.66614851992275e-05,NA,NA,NA
"degree_only_LCN2",9352,"SFN",1.88836433614448e-05,NA,NA,NA
"degree_only_LCN2",9353,"SHH",1.43206732026169e-05,NA,NA,NA
"degree_only_LCN2",9354,"GRIN2C",0,NA,NA,NA
"degree_only_LCN2",9355,"RARA",0.000182812715244118,NA,NA,NA
"degree_only_LCN2",9356,"ADH7",0,NA,NA,NA
"degree_only_LCN2",9357,"CYP1B1",1.26701867375623e-06,NA,NA,NA
"degree_only_LCN2",9358,"LGALS3",1.90104129516033e-06,NA,NA,NA
"degree_only_LCN2",9359,"ADCY1",8.87083575196179e-06,NA,NA,NA
"degree_only_LCN2",9360,"CACNA1B",0,NA,NA,NA
"degree_only_LCN2",9361,"ADH4",0,NA,NA,NA
"degree_only_LCN2",9362,"IRF1",0,NA,NA,NA
"degree_only_LCN2",9363,"ACACA",7.98311027262466e-05,NA,NA,NA
"degree_only_LCN2",9364,"CCR6",0,NA,NA,NA
"degree_only_LCN2",9365,"ITGA5",0.00127400659039045,NA,NA,NA
"degree_only_LCN2",9366,"CACNA1B",0,NA,NA,NA
"degree_only_LCN2",9367,"SCN1B",0.00123489854843939,NA,NA,NA
"degree_only_LCN2",9368,"TEK",0,NA,NA,NA
"degree_only_LCN2",9369,"SCN1B",0.00123489854843939,NA,NA,NA
"degree_only_LCN2",9370,"ALDH1A2",0,NA,NA,NA
"degree_only_LCN2",9371,"TGFA",3.48528190785569e-06,NA,NA,NA
"degree_only_LCN2",9372,"SHH",1.43206732026169e-05,NA,NA,NA
"degree_only_LCN2",9373,"PRKAG2",0.00023019859617357,NA,NA,NA
"degree_only_LCN2",9374,"ITGA5",0.00127400659039045,NA,NA,NA
"degree_only_LCN2",9375,"ALDH1A3",0,NA,NA,NA
"degree_only_LCN2",9376,"AGTR1",7.87895413547623e-05,NA,NA,NA
"degree_only_LCN2",9377,"ALDH3A1",7.8987277396747e-05,NA,NA,NA
"degree_only_LCN2",9378,"APAF1",0,NA,NA,NA
"degree_only_LCN2",9379,"AGTR1",7.87895413547623e-05,NA,NA,NA
"degree_only_LCN2",9380,"MT-CYB",0.000203007681716216,NA,NA,NA
"degree_only_LCN2",9381,"CACNA1B",0,NA,NA,NA
"degree_only_LCN2",9382,"KEAP1",8.90865911317151e-05,NA,NA,NA
"degree_only_LCN2",9383,"ALDH1A2",0,NA,NA,NA
"degree_only_LCN2",9384,"CCL22",0,NA,NA,NA
"degree_only_LCN2",9385,"ADCY2",0,NA,NA,NA
"degree_only_LCN2",9386,"STAT4",0.000324242289791776,NA,NA,NA
"degree_only_LCN2",9387,"BTK",0.000119272845312435,NA,NA,NA
"degree_only_LCN2",9388,"ALDH1A2",0,NA,NA,NA
"degree_only_LCN2",9389,"SFN",1.88836433614448e-05,NA,NA,NA
"degree_only_LCN2",9390,"ACE2",6.17806475236016e-05,NA,NA,NA
"degree_only_LCN2",9391,"SCN1B",0.00123489854843939,NA,NA,NA
"degree_only_LCN2",9392,"NCOA2",3.54820525111377e-05,NA,NA,NA
"degree_only_LCN2",9393,"ALDH1A3",0,NA,NA,NA
"degree_only_LCN2",9394,"BAX",8.97923976903581e-05,NA,NA,NA
"degree_only_LCN2",9395,"CS",0.000203624857343709,NA,NA,NA
"degree_only_LCN2",9396,"CACNA1B",0,NA,NA,NA
"degree_only_LCN2",9397,"AKR1C1",5.66614851992275e-05,NA,NA,NA
"degree_only_LCN2",9398,"TGFA",3.48528190785569e-06,NA,NA,NA
"degree_only_LCN2",9399,"ALDH1A3",0,NA,NA,NA
"degree_only_LCN2",9400,"IRF1",0,NA,NA,NA
"degree_only_LCN2",9401,"GRIN2C",0,NA,NA,NA
"degree_only_LCN2",9402,"CYP1B1",1.26701867375623e-06,NA,NA,NA
"degree_only_LCN2",9403,"DRD2",0.000217393825030943,NA,NA,NA
"degree_only_LCN2",9404,"PRKDC",3.48518119952512e-06,NA,NA,NA
"degree_only_LCN2",9405,"PLAU",9.12459578450431e-06,NA,NA,NA
"degree_only_LCN2",9406,"TGFA",3.48528190785569e-06,NA,NA,NA
"degree_only_LCN2",9407,"AGTR1",7.87895413547623e-05,NA,NA,NA
"degree_only_LCN2",9408,"TEK",0,NA,NA,NA
"degree_only_LCN2",9409,"ADH4",0,NA,NA,NA
"degree_only_LCN2",9410,"PLAU",9.12459578450431e-06,NA,NA,NA
"degree_only_LCN2",9411,"ADH4",0,NA,NA,NA
"degree_only_LCN2",9412,"CYP1B1",1.26701867375623e-06,NA,NA,NA
"degree_only_LCN2",9413,"LGALS3",1.90104129516033e-06,NA,NA,NA
"degree_only_LCN2",9414,"RYR2",4.78345186669671e-05,NA,NA,NA
"degree_only_LCN2",9415,"ALDH1A3",0,NA,NA,NA
"degree_only_LCN2",9416,"BTK",0.000119272845312435,NA,NA,NA
"degree_only_LCN2",9417,"AGTR1",7.87895413547623e-05,NA,NA,NA
"degree_only_LCN2",9418,"ADCY2",0,NA,NA,NA
"degree_only_LCN2",9419,"ITGA5",0.00127400659039045,NA,NA,NA
"degree_only_LCN2",9420,"GRIN2C",0,NA,NA,NA
"degree_only_LCN2",9421,"CYP1B1",1.26701867375623e-06,NA,NA,NA
"degree_only_LCN2",9422,"NCOA2",3.54820525111377e-05,NA,NA,NA
"degree_only_LCN2",9423,"ADH4",0,NA,NA,NA
"degree_only_LCN2",9424,"APAF1",0,NA,NA,NA
"degree_only_LCN2",9425,"ALDH1A2",0,NA,NA,NA
"degree_only_LCN2",9426,"LGALS3",1.90104129516033e-06,NA,NA,NA
"degree_only_LCN2",9427,"CCR6",0,NA,NA,NA
"degree_only_LCN2",9428,"PCNA",0.000281828068793732,NA,NA,NA
"degree_only_LCN2",9429,"CCR6",0,NA,NA,NA
"degree_only_LCN2",9430,"ADRB2",0.000148693401879507,NA,NA,NA
"degree_only_LCN2",9431,"ADH7",0,NA,NA,NA
"degree_only_LCN2",9432,"KEAP1",8.90865911317151e-05,NA,NA,NA
"degree_only_LCN2",9433,"AKR1C1",5.66614851992275e-05,NA,NA,NA
"degree_only_LCN2",9434,"ATG5",1.93264314094499e-05,NA,NA,NA
"degree_only_LCN2",9435,"PRKAG2",0.00023019859617357,NA,NA,NA
"degree_only_LCN2",9436,"PRKAG2",0.00023019859617357,NA,NA,NA
"degree_only_LCN2",9437,"CYP1B1",1.26701867375623e-06,NA,NA,NA
"degree_only_LCN2",9438,"EPOR",4.26416671160945e-05,NA,NA,NA
"degree_only_LCN2",9439,"SFN",1.88836433614448e-05,NA,NA,NA
"degree_only_LCN2",9440,"ACTG1",2.72461711825489e-06,NA,NA,NA
"degree_only_LCN2",9441,"PRKAG2",0.00023019859617357,NA,NA,NA
"degree_only_LCN2",9442,"LGALS3",1.90104129516033e-06,NA,NA,NA
"degree_only_LCN2",9443,"BGLAP",0.000139973984731978,NA,NA,NA
"degree_only_LCN2",9444,"PRKDC",3.48518119952512e-06,NA,NA,NA
"degree_only_LCN2",9445,"CS",0.000203624857343709,NA,NA,NA
"degree_only_LCN2",9446,"ATG5",1.93264314094499e-05,NA,NA,NA
"degree_only_LCN2",9447,"BGLAP",0.000139973984731978,NA,NA,NA
"degree_only_LCN2",9448,"PCNA",0.000281828068793732,NA,NA,NA
"degree_only_LCN2",9449,"KEAP1",8.90865911317151e-05,NA,NA,NA
"degree_only_LCN2",9450,"SLC6A3",0.000164253248760127,NA,NA,NA
"degree_only_LCN2",9451,"SCN1B",0.00123489854843939,NA,NA,NA
"degree_only_LCN2",9452,"LGALS3",1.90104129516033e-06,NA,NA,NA
"degree_only_LCN2",9453,"RYR2",4.78345186669671e-05,NA,NA,NA
"degree_only_LCN2",9454,"BGLAP",0.000139973984731978,NA,NA,NA
"degree_only_LCN2",9455,"ADRB2",0.000148693401879507,NA,NA,NA
"degree_only_LCN2",9456,"RARA",0.000182812715244118,NA,NA,NA
"degree_only_LCN2",9457,"AGTR1",7.87895413547623e-05,NA,NA,NA
"degree_only_LCN2",9458,"CYP1B1",1.26701867375623e-06,NA,NA,NA
"degree_only_LCN2",9459,"DRD2",0.000217393825030943,NA,NA,NA
"degree_only_LCN2",9460,"BGLAP",0.000139973984731978,NA,NA,NA
"degree_only_LCN2",9461,"SHH",1.43206732026169e-05,NA,NA,NA
"degree_only_LCN2",9462,"ACTG1",2.72461711825489e-06,NA,NA,NA
"degree_only_LCN2",9463,"BAX",8.97923976903581e-05,NA,NA,NA
"degree_only_LCN2",9464,"CACNA1B",0,NA,NA,NA
"degree_only_LCN2",9465,"ALDH1A3",0,NA,NA,NA
"degree_only_LCN2",9466,"TEK",0,NA,NA,NA
"degree_only_LCN2",9467,"TEK",0,NA,NA,NA
"degree_only_LCN2",9468,"NCOA2",3.54820525111377e-05,NA,NA,NA
"degree_only_LCN2",9469,"ALDH1A3",0,NA,NA,NA
"degree_only_LCN2",9470,"SCN1B",0.00123489854843939,NA,NA,NA
"degree_only_LCN2",9471,"APAF1",0,NA,NA,NA
"degree_only_LCN2",9472,"NCOA2",3.54820525111377e-05,NA,NA,NA
"degree_only_LCN2",9473,"APAF1",0,NA,NA,NA
"degree_only_LCN2",9474,"RYR2",4.78345186669671e-05,NA,NA,NA
"degree_only_LCN2",9475,"ATG5",1.93264314094499e-05,NA,NA,NA
"degree_only_LCN2",9476,"SCN1B",0.00123489854843939,NA,NA,NA
"degree_only_LCN2",9477,"ACACA",7.98311027262466e-05,NA,NA,NA
"degree_only_LCN2",9478,"ADH4",0,NA,NA,NA
"degree_only_LCN2",9479,"TEK",0,NA,NA,NA
"degree_only_LCN2",9480,"ACE2",6.17806475236016e-05,NA,NA,NA
"degree_only_LCN2",9481,"CCL22",0,NA,NA,NA
"degree_only_LCN2",9482,"PLAU",9.12459578450431e-06,NA,NA,NA
"degree_only_LCN2",9483,"ADH7",0,NA,NA,NA
"degree_only_LCN2",9484,"PLAU",9.12459578450431e-06,NA,NA,NA
"degree_only_LCN2",9485,"LGALS3",1.90104129516033e-06,NA,NA,NA
"degree_only_LCN2",9486,"RYR2",4.78345186669671e-05,NA,NA,NA
"degree_only_LCN2",9487,"CACNA1B",0,NA,NA,NA
"degree_only_LCN2",9488,"IRF1",0,NA,NA,NA
"degree_only_LCN2",9489,"APAF1",0,NA,NA,NA
"degree_only_LCN2",9490,"LGALS3",1.90104129516033e-06,NA,NA,NA
"degree_only_LCN2",9491,"KDM1A",0,NA,NA,NA
"degree_only_LCN2",9492,"CCR6",0,NA,NA,NA
"degree_only_LCN2",9493,"PRKDC",3.48518119952512e-06,NA,NA,NA
"degree_only_LCN2",9494,"ADCY2",0,NA,NA,NA
"degree_only_LCN2",9495,"PCNA",0.000281828068793732,NA,NA,NA
"degree_only_LCN2",9496,"ADCY2",0,NA,NA,NA
"degree_only_LCN2",9497,"ACE2",6.17806475236016e-05,NA,NA,NA
"degree_only_LCN2",9498,"KDM1A",0,NA,NA,NA
"degree_only_LCN2",9499,"RYR2",4.78345186669671e-05,NA,NA,NA
"degree_only_LCN2",9500,"APAF1",0,NA,NA,NA
"degree_only_LCN2",9501,"CCL22",0,NA,NA,NA
"degree_only_LCN2",9502,"AGTR1",7.87895413547623e-05,NA,NA,NA
"degree_only_LCN2",9503,"EPOR",4.26416671160945e-05,NA,NA,NA
"degree_only_LCN2",9504,"BGLAP",0.000139973984731978,NA,NA,NA
"degree_only_LCN2",9505,"ADH4",0,NA,NA,NA
"degree_only_LCN2",9506,"CS",0.000203624857343709,NA,NA,NA
"degree_only_LCN2",9507,"NCOA2",3.54820525111377e-05,NA,NA,NA
"degree_only_LCN2",9508,"SELE",1.58407098771463e-06,NA,NA,NA
"degree_only_LCN2",9509,"KDM1A",0,NA,NA,NA
"degree_only_LCN2",9510,"ACTG1",2.72461711825489e-06,NA,NA,NA
"degree_only_LCN2",9511,"NOD2",2.72727341009693e-05,NA,NA,NA
"degree_only_LCN2",9512,"BAX",8.97923976903581e-05,NA,NA,NA
"degree_only_LCN2",9513,"SHH",1.43206732026169e-05,NA,NA,NA
"degree_only_LCN2",9514,"PLAU",9.12459578450431e-06,NA,NA,NA
"degree_only_LCN2",9515,"NOD2",2.72727341009693e-05,NA,NA,NA
"degree_only_LCN2",9516,"TEK",0,NA,NA,NA
"degree_only_LCN2",9517,"ALDH3A1",7.8987277396747e-05,NA,NA,NA
"degree_only_LCN2",9518,"AKR1C1",5.66614851992275e-05,NA,NA,NA
"degree_only_LCN2",9519,"ITGA5",0.00127400659039045,NA,NA,NA
"degree_only_LCN2",9520,"ADRB2",0.000148693401879507,NA,NA,NA
"degree_only_LCN2",9521,"TEK",0,NA,NA,NA
"degree_only_LCN2",9522,"SFN",1.88836433614448e-05,NA,NA,NA
"degree_only_LCN2",9523,"AGTR1",7.87895413547623e-05,NA,NA,NA
"degree_only_LCN2",9524,"ACE2",6.17806475236016e-05,NA,NA,NA
"degree_only_LCN2",9525,"ADRB2",0.000148693401879507,NA,NA,NA
"degree_only_LCN2",9526,"SHH",1.43206732026169e-05,NA,NA,NA
"degree_only_LCN2",9527,"DRD2",0.000217393825030943,NA,NA,NA
"degree_only_LCN2",9528,"EPOR",4.26416671160945e-05,NA,NA,NA
"degree_only_LCN2",9529,"SLC6A3",0.000164253248760127,NA,NA,NA
"degree_only_LCN2",9530,"ACE2",6.17806475236016e-05,NA,NA,NA
"degree_only_LCN2",9531,"ADH7",0,NA,NA,NA
"degree_only_LCN2",9532,"SDHA",0.000611111269984921,NA,NA,NA
"degree_only_LCN2",9533,"GRIN2C",0,NA,NA,NA
"degree_only_LCN2",9534,"SHH",1.43206732026169e-05,NA,NA,NA
"degree_only_LCN2",9535,"SELE",1.58407098771463e-06,NA,NA,NA
"degree_only_LCN2",9536,"ADH7",0,NA,NA,NA
"degree_only_LCN2",9537,"NCOA2",3.54820525111377e-05,NA,NA,NA
"degree_only_LCN2",9538,"LGALS3",1.90104129516033e-06,NA,NA,NA
"degree_only_LCN2",9539,"BTK",0.000119272845312435,NA,NA,NA
"degree_only_LCN2",9540,"ALDH3A1",7.8987277396747e-05,NA,NA,NA
"degree_only_LCN2",9541,"ADRB2",0.000148693401879507,NA,NA,NA
"degree_only_LCN2",9542,"IRF1",0,NA,NA,NA
"degree_only_LCN2",9543,"ALDH2",5.15659678518299e-05,NA,NA,NA
"degree_only_LCN2",9544,"ADH4",0,NA,NA,NA
"degree_only_LCN2",9545,"BTK",0.000119272845312435,NA,NA,NA
"degree_only_LCN2",9546,"DRD2",0.000217393825030943,NA,NA,NA
"degree_only_LCN2",9547,"BAX",8.97923976903581e-05,NA,NA,NA
"degree_only_LCN2",9548,"ITGA5",0.00127400659039045,NA,NA,NA
"degree_only_LCN2",9549,"CCR6",0,NA,NA,NA
"degree_only_LCN2",9550,"ACE2",6.17806475236016e-05,NA,NA,NA
"degree_only_LCN2",9551,"PLAU",9.12459578450431e-06,NA,NA,NA
"degree_only_LCN2",9552,"AKR1C1",5.66614851992275e-05,NA,NA,NA
"degree_only_LCN2",9553,"ACACA",7.98311027262466e-05,NA,NA,NA
"degree_only_LCN2",9554,"ALDH1A3",0,NA,NA,NA
"degree_only_LCN2",9555,"PLAU",9.12459578450431e-06,NA,NA,NA
"degree_only_LCN2",9556,"DRD2",0.000217393825030943,NA,NA,NA
"degree_only_LCN2",9557,"SDHA",0.000611111269984921,NA,NA,NA
"degree_only_LCN2",9558,"PRKAG2",0.00023019859617357,NA,NA,NA
"degree_only_LCN2",9559,"PCNA",0.000281828068793732,NA,NA,NA
"degree_only_LCN2",9560,"TEK",0,NA,NA,NA
"degree_only_LCN2",9561,"ALDH2",5.15659678518299e-05,NA,NA,NA
"degree_only_LCN2",9562,"CS",0.000203624857343709,NA,NA,NA
"degree_only_LCN2",9563,"CACNA1B",0,NA,NA,NA
"degree_only_LCN2",9564,"CYP1B1",1.26701867375623e-06,NA,NA,NA
"degree_only_LCN2",9565,"MT-CYB",0.000203007681716216,NA,NA,NA
"degree_only_LCN2",9566,"MT-CYB",0.000203007681716216,NA,NA,NA
"degree_only_LCN2",9567,"PRKDC",3.48518119952512e-06,NA,NA,NA
"degree_only_LCN2",9568,"PCNA",0.000281828068793732,NA,NA,NA
"degree_only_LCN2",9569,"SELE",1.58407098771463e-06,NA,NA,NA
"degree_only_LCN2",9570,"RYR2",4.78345186669671e-05,NA,NA,NA
"degree_only_LCN2",9571,"RARA",0.000182812715244118,NA,NA,NA
"degree_only_LCN2",9572,"BGLAP",0.000139973984731978,NA,NA,NA
"degree_only_LCN2",9573,"AKR1C1",5.66614851992275e-05,NA,NA,NA
"degree_only_LCN2",9574,"PRKAG2",0.00023019859617357,NA,NA,NA
"degree_only_LCN2",9575,"PCNA",0.000281828068793732,NA,NA,NA
"degree_only_LCN2",9576,"PCNA",0.000281828068793732,NA,NA,NA
"degree_only_LCN2",9577,"ADCY1",8.87083575196179e-06,NA,NA,NA
"degree_only_LCN2",9578,"SELE",1.58407098771463e-06,NA,NA,NA
"degree_only_LCN2",9579,"ADCY1",8.87083575196179e-06,NA,NA,NA
"degree_only_LCN2",9580,"EPOR",4.26416671160945e-05,NA,NA,NA
"degree_only_LCN2",9581,"ADRB2",0.000148693401879507,NA,NA,NA
"degree_only_LCN2",9582,"ADRB2",0.000148693401879507,NA,NA,NA
"degree_only_LCN2",9583,"BGLAP",0.000139973984731978,NA,NA,NA
"degree_only_LCN2",9584,"ADCY2",0,NA,NA,NA
"degree_only_LCN2",9585,"ALDH3A1",7.8987277396747e-05,NA,NA,NA
"degree_only_LCN2",9586,"SCN1B",0.00123489854843939,NA,NA,NA
"degree_only_LCN2",9587,"LGALS3",1.90104129516033e-06,NA,NA,NA
"degree_only_LCN2",9588,"CYP1B1",1.26701867375623e-06,NA,NA,NA
"degree_only_LCN2",9589,"TEK",0,NA,NA,NA
"degree_only_LCN2",9590,"STAT4",0.000324242289791776,NA,NA,NA
"degree_only_LCN2",9591,"KEAP1",8.90865911317151e-05,NA,NA,NA
"degree_only_LCN2",9592,"ACE2",6.17806475236016e-05,NA,NA,NA
"degree_only_LCN2",9593,"SCN1B",0.00123489854843939,NA,NA,NA
"degree_only_LCN2",9594,"GRIN2C",0,NA,NA,NA
"degree_only_LCN2",9595,"ITGA5",0.00127400659039045,NA,NA,NA
"degree_only_LCN2",9596,"CCR6",0,NA,NA,NA
"degree_only_LCN2",9597,"SHH",1.43206732026169e-05,NA,NA,NA
"degree_only_LCN2",9598,"ACE2",6.17806475236016e-05,NA,NA,NA
"degree_only_LCN2",9599,"BTK",0.000119272845312435,NA,NA,NA
"degree_only_LCN2",9600,"ACACA",7.98311027262466e-05,NA,NA,NA
"degree_only_LCN2",9601,"RYR2",4.78345186669671e-05,NA,NA,NA
"degree_only_LCN2",9602,"ALDH3A1",7.8987277396747e-05,NA,NA,NA
"degree_only_LCN2",9603,"PLAU",9.12459578450431e-06,NA,NA,NA
"degree_only_LCN2",9604,"PLAU",9.12459578450431e-06,NA,NA,NA
"degree_only_LCN2",9605,"LGALS3",1.90104129516033e-06,NA,NA,NA
"degree_only_LCN2",9606,"PCNA",0.000281828068793732,NA,NA,NA
"degree_only_LCN2",9607,"ACACA",7.98311027262466e-05,NA,NA,NA
"degree_only_LCN2",9608,"PRKAG2",0.00023019859617357,NA,NA,NA
"degree_only_LCN2",9609,"ADH7",0,NA,NA,NA
"degree_only_LCN2",9610,"RARA",0.000182812715244118,NA,NA,NA
"degree_only_LCN2",9611,"BGLAP",0.000139973984731978,NA,NA,NA
"degree_only_LCN2",9612,"ACTG1",2.72461711825489e-06,NA,NA,NA
"degree_only_LCN2",9613,"STAT4",0.000324242289791776,NA,NA,NA
"degree_only_LCN2",9614,"BAX",8.97923976903581e-05,NA,NA,NA
"degree_only_LCN2",9615,"PRKDC",3.48518119952512e-06,NA,NA,NA
"degree_only_LCN2",9616,"TGFA",3.48528190785569e-06,NA,NA,NA
"degree_only_LCN2",9617,"AKR1C1",5.66614851992275e-05,NA,NA,NA
"degree_only_LCN2",9618,"ALDH1A2",0,NA,NA,NA
"degree_only_LCN2",9619,"DRD2",0.000217393825030943,NA,NA,NA
"degree_only_LCN2",9620,"LGALS3",1.90104129516033e-06,NA,NA,NA
"degree_only_LCN2",9621,"AGTR1",7.87895413547623e-05,NA,NA,NA
"degree_only_LCN2",9622,"CACNA1B",0,NA,NA,NA
"degree_only_LCN2",9623,"TEK",0,NA,NA,NA
"degree_only_LCN2",9624,"PCNA",0.000281828068793732,NA,NA,NA
"degree_only_LCN2",9625,"STAT4",0.000324242289791776,NA,NA,NA
"degree_only_LCN2",9626,"KEAP1",8.90865911317151e-05,NA,NA,NA
"degree_only_LCN2",9627,"NCOA2",3.54820525111377e-05,NA,NA,NA
"degree_only_LCN2",9628,"SFN",1.88836433614448e-05,NA,NA,NA
"degree_only_LCN2",9629,"SHH",1.43206732026169e-05,NA,NA,NA
"degree_only_LCN2",9630,"ACE2",6.17806475236016e-05,NA,NA,NA
"degree_only_LCN2",9631,"IRF1",0,NA,NA,NA
"degree_only_LCN2",9632,"ATG5",1.93264314094499e-05,NA,NA,NA
"degree_only_LCN2",9633,"CCR6",0,NA,NA,NA
"degree_only_LCN2",9634,"CS",0.000203624857343709,NA,NA,NA
"degree_only_LCN2",9635,"ALDH3A1",7.8987277396747e-05,NA,NA,NA
"degree_only_LCN2",9636,"PRKAG2",0.00023019859617357,NA,NA,NA
"degree_only_LCN2",9637,"ADCY2",0,NA,NA,NA
"degree_only_LCN2",9638,"STAT4",0.000324242289791776,NA,NA,NA
"degree_only_LCN2",9639,"CS",0.000203624857343709,NA,NA,NA
"degree_only_LCN2",9640,"KDM1A",0,NA,NA,NA
"degree_only_LCN2",9641,"ADH7",0,NA,NA,NA
"degree_only_LCN2",9642,"ALDH1A2",0,NA,NA,NA
"degree_only_LCN2",9643,"SFN",1.88836433614448e-05,NA,NA,NA
"degree_only_LCN2",9644,"ALDH2",5.15659678518299e-05,NA,NA,NA
"degree_only_LCN2",9645,"ALDH2",5.15659678518299e-05,NA,NA,NA
"degree_only_LCN2",9646,"ACE2",6.17806475236016e-05,NA,NA,NA
"degree_only_LCN2",9647,"KDM1A",0,NA,NA,NA
"degree_only_LCN2",9648,"PRKDC",3.48518119952512e-06,NA,NA,NA
"degree_only_LCN2",9649,"CCR6",0,NA,NA,NA
"degree_only_LCN2",9650,"PLAU",9.12459578450431e-06,NA,NA,NA
"degree_only_LCN2",9651,"RYR2",4.78345186669671e-05,NA,NA,NA
"degree_only_LCN2",9652,"PCNA",0.000281828068793732,NA,NA,NA
"degree_only_LCN2",9653,"ATG5",1.93264314094499e-05,NA,NA,NA
"degree_only_LCN2",9654,"AGTR1",7.87895413547623e-05,NA,NA,NA
"degree_only_LCN2",9655,"TGFA",3.48528190785569e-06,NA,NA,NA
"degree_only_LCN2",9656,"DRD2",0.000217393825030943,NA,NA,NA
"degree_only_LCN2",9657,"BAX",8.97923976903581e-05,NA,NA,NA
"degree_only_LCN2",9658,"CCL22",0,NA,NA,NA
"degree_only_LCN2",9659,"ADCY2",0,NA,NA,NA
"degree_only_LCN2",9660,"SHH",1.43206732026169e-05,NA,NA,NA
"degree_only_LCN2",9661,"APAF1",0,NA,NA,NA
"degree_only_LCN2",9662,"DRD2",0.000217393825030943,NA,NA,NA
"degree_only_LCN2",9663,"ACACA",7.98311027262466e-05,NA,NA,NA
"degree_only_LCN2",9664,"AGTR1",7.87895413547623e-05,NA,NA,NA
"degree_only_LCN2",9665,"SHH",1.43206732026169e-05,NA,NA,NA
"degree_only_LCN2",9666,"GRIN2C",0,NA,NA,NA
"degree_only_LCN2",9667,"ATG5",1.93264314094499e-05,NA,NA,NA
"degree_only_LCN2",9668,"SCN1B",0.00123489854843939,NA,NA,NA
"degree_only_LCN2",9669,"ACACA",7.98311027262466e-05,NA,NA,NA
"degree_only_LCN2",9670,"DRD2",0.000217393825030943,NA,NA,NA
"degree_only_LCN2",9671,"CYP1B1",1.26701867375623e-06,NA,NA,NA
"degree_only_LCN2",9672,"ADH7",0,NA,NA,NA
"degree_only_LCN2",9673,"NCOA2",3.54820525111377e-05,NA,NA,NA
"degree_only_LCN2",9674,"AGTR1",7.87895413547623e-05,NA,NA,NA
"degree_only_LCN2",9675,"SHH",1.43206732026169e-05,NA,NA,NA
"degree_only_LCN2",9676,"NCOA2",3.54820525111377e-05,NA,NA,NA
"degree_only_LCN2",9677,"SDHA",0.000611111269984921,NA,NA,NA
"degree_only_LCN2",9678,"EPOR",4.26416671160945e-05,NA,NA,NA
"degree_only_LCN2",9679,"SHH",1.43206732026169e-05,NA,NA,NA
"degree_only_LCN2",9680,"KDM1A",0,NA,NA,NA
"degree_only_LCN2",9681,"CCL22",0,NA,NA,NA
"degree_only_LCN2",9682,"ALDH1A3",0,NA,NA,NA
"degree_only_LCN2",9683,"KEAP1",8.90865911317151e-05,NA,NA,NA
"degree_only_LCN2",9684,"AKR1C1",5.66614851992275e-05,NA,NA,NA
"degree_only_LCN2",9685,"PRKAG2",0.00023019859617357,NA,NA,NA
"degree_only_LCN2",9686,"ADRB2",0.000148693401879507,NA,NA,NA
"degree_only_LCN2",9687,"AGTR1",7.87895413547623e-05,NA,NA,NA
"degree_only_LCN2",9688,"PRKAG2",0.00023019859617357,NA,NA,NA
"degree_only_LCN2",9689,"CACNA1B",0,NA,NA,NA
"degree_only_LCN2",9690,"NCOA2",3.54820525111377e-05,NA,NA,NA
"degree_only_LCN2",9691,"ACE2",6.17806475236016e-05,NA,NA,NA
"degree_only_LCN2",9692,"ADCY2",0,NA,NA,NA
"degree_only_LCN2",9693,"RYR2",4.78345186669671e-05,NA,NA,NA
"degree_only_LCN2",9694,"STAT4",0.000324242289791776,NA,NA,NA
"degree_only_LCN2",9695,"ACE2",6.17806475236016e-05,NA,NA,NA
"degree_only_LCN2",9696,"CCL22",0,NA,NA,NA
"degree_only_LCN2",9697,"TEK",0,NA,NA,NA
"degree_only_LCN2",9698,"KEAP1",8.90865911317151e-05,NA,NA,NA
"degree_only_LCN2",9699,"SHH",1.43206732026169e-05,NA,NA,NA
"degree_only_LCN2",9700,"EPOR",4.26416671160945e-05,NA,NA,NA
"degree_only_LCN2",9701,"SELE",1.58407098771463e-06,NA,NA,NA
"degree_only_LCN2",9702,"DRD2",0.000217393825030943,NA,NA,NA
"degree_only_LCN2",9703,"DRD2",0.000217393825030943,NA,NA,NA
"degree_only_LCN2",9704,"RYR2",4.78345186669671e-05,NA,NA,NA
"degree_only_LCN2",9705,"SDHA",0.000611111269984921,NA,NA,NA
"degree_only_LCN2",9706,"NCOA2",3.54820525111377e-05,NA,NA,NA
"degree_only_LCN2",9707,"AGTR1",7.87895413547623e-05,NA,NA,NA
"degree_only_LCN2",9708,"KDM1A",0,NA,NA,NA
"degree_only_LCN2",9709,"ITGA5",0.00127400659039045,NA,NA,NA
"degree_only_LCN2",9710,"RARA",0.000182812715244118,NA,NA,NA
"degree_only_LCN2",9711,"PCNA",0.000281828068793732,NA,NA,NA
"degree_only_LCN2",9712,"KDM1A",0,NA,NA,NA
"degree_only_LCN2",9713,"DRD2",0.000217393825030943,NA,NA,NA
"degree_only_LCN2",9714,"BGLAP",0.000139973984731978,NA,NA,NA
"degree_only_LCN2",9715,"SHH",1.43206732026169e-05,NA,NA,NA
"degree_only_LCN2",9716,"LGALS3",1.90104129516033e-06,NA,NA,NA
"degree_only_LCN2",9717,"CCL22",0,NA,NA,NA
"degree_only_LCN2",9718,"CYP1B1",1.26701867375623e-06,NA,NA,NA
"degree_only_LCN2",9719,"ADCY1",8.87083575196179e-06,NA,NA,NA
"degree_only_LCN2",9720,"ACE2",6.17806475236016e-05,NA,NA,NA
"degree_only_LCN2",9721,"TEK",0,NA,NA,NA
"degree_only_LCN2",9722,"GRIN2C",0,NA,NA,NA
"degree_only_LCN2",9723,"IRF1",0,NA,NA,NA
"degree_only_LCN2",9724,"MT-CYB",0.000203007681716216,NA,NA,NA
"degree_only_LCN2",9725,"ADCY1",8.87083575196179e-06,NA,NA,NA
"degree_only_LCN2",9726,"EPOR",4.26416671160945e-05,NA,NA,NA
"degree_only_LCN2",9727,"MT-CYB",0.000203007681716216,NA,NA,NA
"degree_only_LCN2",9728,"GRIN2C",0,NA,NA,NA
"degree_only_LCN2",9729,"ALDH3A1",7.8987277396747e-05,NA,NA,NA
"degree_only_LCN2",9730,"ADH7",0,NA,NA,NA
"degree_only_LCN2",9731,"ACE2",6.17806475236016e-05,NA,NA,NA
"degree_only_LCN2",9732,"ALDH1A2",0,NA,NA,NA
"degree_only_LCN2",9733,"SDHA",0.000611111269984921,NA,NA,NA
"degree_only_LCN2",9734,"CYP1B1",1.26701867375623e-06,NA,NA,NA
"degree_only_LCN2",9735,"TEK",0,NA,NA,NA
"degree_only_LCN2",9736,"ALDH1A3",0,NA,NA,NA
"degree_only_LCN2",9737,"ADCY2",0,NA,NA,NA
"degree_only_LCN2",9738,"SLC6A3",0.000164253248760127,NA,NA,NA
"degree_only_LCN2",9739,"PRKDC",3.48518119952512e-06,NA,NA,NA
"degree_only_LCN2",9740,"NOD2",2.72727341009693e-05,NA,NA,NA
"degree_only_LCN2",9741,"KDM1A",0,NA,NA,NA
"degree_only_LCN2",9742,"RARA",0.000182812715244118,NA,NA,NA
"degree_only_LCN2",9743,"RYR2",4.78345186669671e-05,NA,NA,NA
"degree_only_LCN2",9744,"SHH",1.43206732026169e-05,NA,NA,NA
"degree_only_LCN2",9745,"ADCY1",8.87083575196179e-06,NA,NA,NA
"degree_only_LCN2",9746,"CS",0.000203624857343709,NA,NA,NA
"degree_only_LCN2",9747,"ITGA5",0.00127400659039045,NA,NA,NA
"degree_only_LCN2",9748,"ADCY2",0,NA,NA,NA
"degree_only_LCN2",9749,"EPOR",4.26416671160945e-05,NA,NA,NA
"degree_only_LCN2",9750,"ALDH1A2",0,NA,NA,NA
"degree_only_LCN2",9751,"SFN",1.88836433614448e-05,NA,NA,NA
"degree_only_LCN2",9752,"TEK",0,NA,NA,NA
"degree_only_LCN2",9753,"KEAP1",8.90865911317151e-05,NA,NA,NA
"degree_only_LCN2",9754,"SFN",1.88836433614448e-05,NA,NA,NA
"degree_only_LCN2",9755,"GRIN2C",0,NA,NA,NA
"degree_only_LCN2",9756,"BGLAP",0.000139973984731978,NA,NA,NA
"degree_only_LCN2",9757,"SHH",1.43206732026169e-05,NA,NA,NA
"degree_only_LCN2",9758,"EPOR",4.26416671160945e-05,NA,NA,NA
"degree_only_LCN2",9759,"SCN1B",0.00123489854843939,NA,NA,NA
"degree_only_LCN2",9760,"AKR1C1",5.66614851992275e-05,NA,NA,NA
"degree_only_LCN2",9761,"TEK",0,NA,NA,NA
"degree_only_LCN2",9762,"CCR6",0,NA,NA,NA
"degree_only_LCN2",9763,"ALDH3A1",7.8987277396747e-05,NA,NA,NA
"degree_only_LCN2",9764,"ITGA5",0.00127400659039045,NA,NA,NA
"degree_only_LCN2",9765,"ALDH1A2",0,NA,NA,NA
"degree_only_LCN2",9766,"BTK",0.000119272845312435,NA,NA,NA
"degree_only_LCN2",9767,"ADH4",0,NA,NA,NA
"degree_only_LCN2",9768,"MT-CYB",0.000203007681716216,NA,NA,NA
"degree_only_LCN2",9769,"BTK",0.000119272845312435,NA,NA,NA
"degree_only_LCN2",9770,"ADH7",0,NA,NA,NA
"degree_only_LCN2",9771,"ADCY2",0,NA,NA,NA
"degree_only_LCN2",9772,"ADH4",0,NA,NA,NA
"degree_only_LCN2",9773,"CCR6",0,NA,NA,NA
"degree_only_LCN2",9774,"SCN1B",0.00123489854843939,NA,NA,NA
"degree_only_LCN2",9775,"BTK",0.000119272845312435,NA,NA,NA
"degree_only_LCN2",9776,"ALDH2",5.15659678518299e-05,NA,NA,NA
"degree_only_LCN2",9777,"ALDH3A1",7.8987277396747e-05,NA,NA,NA
"degree_only_LCN2",9778,"PLAU",9.12459578450431e-06,NA,NA,NA
"degree_only_LCN2",9779,"BGLAP",0.000139973984731978,NA,NA,NA
"degree_only_LCN2",9780,"GRIN2C",0,NA,NA,NA
"degree_only_LCN2",9781,"IRF1",0,NA,NA,NA
"degree_only_LCN2",9782,"TGFA",3.48528190785569e-06,NA,NA,NA
"degree_only_LCN2",9783,"PRKDC",3.48518119952512e-06,NA,NA,NA
"degree_only_LCN2",9784,"ADCY2",0,NA,NA,NA
"degree_only_LCN2",9785,"ACACA",7.98311027262466e-05,NA,NA,NA
"degree_only_LCN2",9786,"RYR2",4.78345186669671e-05,NA,NA,NA
"degree_only_LCN2",9787,"ACTG1",2.72461711825489e-06,NA,NA,NA
"degree_only_LCN2",9788,"SELE",1.58407098771463e-06,NA,NA,NA
"degree_only_LCN2",9789,"KEAP1",8.90865911317151e-05,NA,NA,NA
"degree_only_LCN2",9790,"APAF1",0,NA,NA,NA
"degree_only_LCN2",9791,"ADH7",0,NA,NA,NA
"degree_only_LCN2",9792,"ADRB2",0.000148693401879507,NA,NA,NA
"degree_only_LCN2",9793,"ATG5",1.93264314094499e-05,NA,NA,NA
"degree_only_LCN2",9794,"ADCY1",8.87083575196179e-06,NA,NA,NA
"degree_only_LCN2",9795,"KEAP1",8.90865911317151e-05,NA,NA,NA
"degree_only_LCN2",9796,"ALDH3A1",7.8987277396747e-05,NA,NA,NA
"degree_only_LCN2",9797,"BGLAP",0.000139973984731978,NA,NA,NA
"degree_only_LCN2",9798,"ALDH3A1",7.8987277396747e-05,NA,NA,NA
"degree_only_LCN2",9799,"KEAP1",8.90865911317151e-05,NA,NA,NA
"degree_only_LCN2",9800,"NOD2",2.72727341009693e-05,NA,NA,NA
"degree_only_LCN2",9801,"ITGA5",0.00127400659039045,NA,NA,NA
"degree_only_LCN2",9802,"ACE2",6.17806475236016e-05,NA,NA,NA
"degree_only_LCN2",9803,"PRKDC",3.48518119952512e-06,NA,NA,NA
"degree_only_LCN2",9804,"MT-CYB",0.000203007681716216,NA,NA,NA
"degree_only_LCN2",9805,"ACACA",7.98311027262466e-05,NA,NA,NA
"degree_only_LCN2",9806,"PLAU",9.12459578450431e-06,NA,NA,NA
"degree_only_LCN2",9807,"ADCY2",0,NA,NA,NA
"degree_only_LCN2",9808,"BAX",8.97923976903581e-05,NA,NA,NA
"degree_only_LCN2",9809,"TGFA",3.48528190785569e-06,NA,NA,NA
"degree_only_LCN2",9810,"NOD2",2.72727341009693e-05,NA,NA,NA
"degree_only_LCN2",9811,"SELE",1.58407098771463e-06,NA,NA,NA
"degree_only_LCN2",9812,"BAX",8.97923976903581e-05,NA,NA,NA
"degree_only_LCN2",9813,"SCN1B",0.00123489854843939,NA,NA,NA
"degree_only_LCN2",9814,"CACNA1B",0,NA,NA,NA
"degree_only_LCN2",9815,"GRIN2C",0,NA,NA,NA
"degree_only_LCN2",9816,"KDM1A",0,NA,NA,NA
"degree_only_LCN2",9817,"AGTR1",7.87895413547623e-05,NA,NA,NA
"degree_only_LCN2",9818,"ACTG1",2.72461711825489e-06,NA,NA,NA
"degree_only_LCN2",9819,"BAX",8.97923976903581e-05,NA,NA,NA
"degree_only_LCN2",9820,"PCNA",0.000281828068793732,NA,NA,NA
"degree_only_LCN2",9821,"BGLAP",0.000139973984731978,NA,NA,NA
"degree_only_LCN2",9822,"SLC6A3",0.000164253248760127,NA,NA,NA
"degree_only_LCN2",9823,"SDHA",0.000611111269984921,NA,NA,NA
"degree_only_LCN2",9824,"KEAP1",8.90865911317151e-05,NA,NA,NA
"degree_only_LCN2",9825,"TEK",0,NA,NA,NA
"degree_only_LCN2",9826,"BTK",0.000119272845312435,NA,NA,NA
"degree_only_LCN2",9827,"EPOR",4.26416671160945e-05,NA,NA,NA
"degree_only_LCN2",9828,"NCOA2",3.54820525111377e-05,NA,NA,NA
"degree_only_LCN2",9829,"KDM1A",0,NA,NA,NA
"degree_only_LCN2",9830,"SHH",1.43206732026169e-05,NA,NA,NA
"degree_only_LCN2",9831,"KDM1A",0,NA,NA,NA
"degree_only_LCN2",9832,"CCL22",0,NA,NA,NA
"degree_only_LCN2",9833,"AGTR1",7.87895413547623e-05,NA,NA,NA
"degree_only_LCN2",9834,"MT-CYB",0.000203007681716216,NA,NA,NA
"degree_only_LCN2",9835,"KEAP1",8.90865911317151e-05,NA,NA,NA
"degree_only_LCN2",9836,"ALDH1A3",0,NA,NA,NA
"degree_only_LCN2",9837,"ADH7",0,NA,NA,NA
"degree_only_LCN2",9838,"EPOR",4.26416671160945e-05,NA,NA,NA
"degree_only_LCN2",9839,"SCN1B",0.00123489854843939,NA,NA,NA
"degree_only_LCN2",9840,"PRKDC",3.48518119952512e-06,NA,NA,NA
"degree_only_LCN2",9841,"CCR6",0,NA,NA,NA
"degree_only_LCN2",9842,"CCR6",0,NA,NA,NA
"degree_only_LCN2",9843,"BTK",0.000119272845312435,NA,NA,NA
"degree_only_LCN2",9844,"ITGA5",0.00127400659039045,NA,NA,NA
"degree_only_LCN2",9845,"ACTG1",2.72461711825489e-06,NA,NA,NA
"degree_only_LCN2",9846,"ATG5",1.93264314094499e-05,NA,NA,NA
"degree_only_LCN2",9847,"ADH4",0,NA,NA,NA
"degree_only_LCN2",9848,"SFN",1.88836433614448e-05,NA,NA,NA
"degree_only_LCN2",9849,"CCL22",0,NA,NA,NA
"degree_only_LCN2",9850,"CYP1B1",1.26701867375623e-06,NA,NA,NA
"degree_only_LCN2",9851,"CS",0.000203624857343709,NA,NA,NA
"degree_only_LCN2",9852,"TEK",0,NA,NA,NA
"degree_only_LCN2",9853,"SFN",1.88836433614448e-05,NA,NA,NA
"degree_only_LCN2",9854,"KDM1A",0,NA,NA,NA
"degree_only_LCN2",9855,"ALDH2",5.15659678518299e-05,NA,NA,NA
"degree_only_LCN2",9856,"ADH7",0,NA,NA,NA
"degree_only_LCN2",9857,"ITGA5",0.00127400659039045,NA,NA,NA
"degree_only_LCN2",9858,"SCN1B",0.00123489854843939,NA,NA,NA
"degree_only_LCN2",9859,"ACTG1",2.72461711825489e-06,NA,NA,NA
"degree_only_LCN2",9860,"ADH7",0,NA,NA,NA
"degree_only_LCN2",9861,"APAF1",0,NA,NA,NA
"degree_only_LCN2",9862,"MT-CYB",0.000203007681716216,NA,NA,NA
"degree_only_LCN2",9863,"IRF1",0,NA,NA,NA
"degree_only_LCN2",9864,"SFN",1.88836433614448e-05,NA,NA,NA
"degree_only_LCN2",9865,"PRKAG2",0.00023019859617357,NA,NA,NA
"degree_only_LCN2",9866,"AKR1C1",5.66614851992275e-05,NA,NA,NA
"degree_only_LCN2",9867,"SLC6A3",0.000164253248760127,NA,NA,NA
"degree_only_LCN2",9868,"PCNA",0.000281828068793732,NA,NA,NA
"degree_only_LCN2",9869,"ADH7",0,NA,NA,NA
"degree_only_LCN2",9870,"DRD2",0.000217393825030943,NA,NA,NA
"degree_only_LCN2",9871,"TGFA",3.48528190785569e-06,NA,NA,NA
"degree_only_LCN2",9872,"BGLAP",0.000139973984731978,NA,NA,NA
"degree_only_LCN2",9873,"SELE",1.58407098771463e-06,NA,NA,NA
"degree_only_LCN2",9874,"ALDH1A2",0,NA,NA,NA
"degree_only_LCN2",9875,"SFN",1.88836433614448e-05,NA,NA,NA
"degree_only_LCN2",9876,"DRD2",0.000217393825030943,NA,NA,NA
"degree_only_LCN2",9877,"DRD2",0.000217393825030943,NA,NA,NA
"degree_only_LCN2",9878,"ADCY2",0,NA,NA,NA
"degree_only_LCN2",9879,"SHH",1.43206732026169e-05,NA,NA,NA
"degree_only_LCN2",9880,"DRD2",0.000217393825030943,NA,NA,NA
"degree_only_LCN2",9881,"KEAP1",8.90865911317151e-05,NA,NA,NA
"degree_only_LCN2",9882,"CYP1B1",1.26701867375623e-06,NA,NA,NA
"degree_only_LCN2",9883,"ACACA",7.98311027262466e-05,NA,NA,NA
"degree_only_LCN2",9884,"BAX",8.97923976903581e-05,NA,NA,NA
"degree_only_LCN2",9885,"AKR1C1",5.66614851992275e-05,NA,NA,NA
"degree_only_LCN2",9886,"SLC6A3",0.000164253248760127,NA,NA,NA
"degree_only_LCN2",9887,"SCN1B",0.00123489854843939,NA,NA,NA
"degree_only_LCN2",9888,"MT-CYB",0.000203007681716216,NA,NA,NA
"degree_only_LCN2",9889,"BAX",8.97923976903581e-05,NA,NA,NA
"degree_only_LCN2",9890,"STAT4",0.000324242289791776,NA,NA,NA
"degree_only_LCN2",9891,"CCR6",0,NA,NA,NA
"degree_only_LCN2",9892,"SLC6A3",0.000164253248760127,NA,NA,NA
"degree_only_LCN2",9893,"STAT4",0.000324242289791776,NA,NA,NA
"degree_only_LCN2",9894,"CCL22",0,NA,NA,NA
"degree_only_LCN2",9895,"ADCY1",8.87083575196179e-06,NA,NA,NA
"degree_only_LCN2",9896,"AGTR1",7.87895413547623e-05,NA,NA,NA
"degree_only_LCN2",9897,"MT-CYB",0.000203007681716216,NA,NA,NA
"degree_only_LCN2",9898,"ACTG1",2.72461711825489e-06,NA,NA,NA
"degree_only_LCN2",9899,"ALDH2",5.15659678518299e-05,NA,NA,NA
"degree_only_LCN2",9900,"CYP1B1",1.26701867375623e-06,NA,NA,NA
"degree_only_LCN2",9901,"CACNA1B",0,NA,NA,NA
"degree_only_LCN2",9902,"NOD2",2.72727341009693e-05,NA,NA,NA
"degree_only_LCN2",9903,"TEK",0,NA,NA,NA
"degree_only_LCN2",9904,"NCOA2",3.54820525111377e-05,NA,NA,NA
"degree_only_LCN2",9905,"NCOA2",3.54820525111377e-05,NA,NA,NA
"degree_only_LCN2",9906,"ADH4",0,NA,NA,NA
"degree_only_LCN2",9907,"AGTR1",7.87895413547623e-05,NA,NA,NA
"degree_only_LCN2",9908,"DRD2",0.000217393825030943,NA,NA,NA
"degree_only_LCN2",9909,"ADCY1",8.87083575196179e-06,NA,NA,NA
"degree_only_LCN2",9910,"ATG5",1.93264314094499e-05,NA,NA,NA
"degree_only_LCN2",9911,"ACACA",7.98311027262466e-05,NA,NA,NA
"degree_only_LCN2",9912,"PRKAG2",0.00023019859617357,NA,NA,NA
"degree_only_LCN2",9913,"PLAU",9.12459578450431e-06,NA,NA,NA
"degree_only_LCN2",9914,"SLC6A3",0.000164253248760127,NA,NA,NA
"degree_only_LCN2",9915,"ALDH1A3",0,NA,NA,NA
"degree_only_LCN2",9916,"STAT4",0.000324242289791776,NA,NA,NA
"degree_only_LCN2",9917,"MT-CYB",0.000203007681716216,NA,NA,NA
"degree_only_LCN2",9918,"RARA",0.000182812715244118,NA,NA,NA
"degree_only_LCN2",9919,"CCL22",0,NA,NA,NA
"degree_only_LCN2",9920,"ALDH1A3",0,NA,NA,NA
"degree_only_LCN2",9921,"TGFA",3.48528190785569e-06,NA,NA,NA
"degree_only_LCN2",9922,"SELE",1.58407098771463e-06,NA,NA,NA
"degree_only_LCN2",9923,"PRKAG2",0.00023019859617357,NA,NA,NA
"degree_only_LCN2",9924,"ACACA",7.98311027262466e-05,NA,NA,NA
"degree_only_LCN2",9925,"PLAU",9.12459578450431e-06,NA,NA,NA
"degree_only_LCN2",9926,"BTK",0.000119272845312435,NA,NA,NA
"degree_only_LCN2",9927,"CACNA1B",0,NA,NA,NA
"degree_only_LCN2",9928,"KEAP1",8.90865911317151e-05,NA,NA,NA
"degree_only_LCN2",9929,"ADRB2",0.000148693401879507,NA,NA,NA
"degree_only_LCN2",9930,"APAF1",0,NA,NA,NA
"degree_only_LCN2",9931,"ADCY2",0,NA,NA,NA
"degree_only_LCN2",9932,"ACACA",7.98311027262466e-05,NA,NA,NA
"degree_only_LCN2",9933,"ADH4",0,NA,NA,NA
"degree_only_LCN2",9934,"PLAU",9.12459578450431e-06,NA,NA,NA
"degree_only_LCN2",9935,"ALDH1A2",0,NA,NA,NA
"degree_only_LCN2",9936,"EPOR",4.26416671160945e-05,NA,NA,NA
"degree_only_LCN2",9937,"EPOR",4.26416671160945e-05,NA,NA,NA
"degree_only_LCN2",9938,"RYR2",4.78345186669671e-05,NA,NA,NA
"degree_only_LCN2",9939,"IRF1",0,NA,NA,NA
"degree_only_LCN2",9940,"ATG5",1.93264314094499e-05,NA,NA,NA
"degree_only_LCN2",9941,"ACTG1",2.72461711825489e-06,NA,NA,NA
"degree_only_LCN2",9942,"ACE2",6.17806475236016e-05,NA,NA,NA
"degree_only_LCN2",9943,"STAT4",0.000324242289791776,NA,NA,NA
"degree_only_LCN2",9944,"CYP1B1",1.26701867375623e-06,NA,NA,NA
"degree_only_LCN2",9945,"ATG5",1.93264314094499e-05,NA,NA,NA
"degree_only_LCN2",9946,"CS",0.000203624857343709,NA,NA,NA
"degree_only_LCN2",9947,"PCNA",0.000281828068793732,NA,NA,NA
"degree_only_LCN2",9948,"NOD2",2.72727341009693e-05,NA,NA,NA
"degree_only_LCN2",9949,"AGTR1",7.87895413547623e-05,NA,NA,NA
"degree_only_LCN2",9950,"PCNA",0.000281828068793732,NA,NA,NA
"degree_only_LCN2",9951,"ALDH2",5.15659678518299e-05,NA,NA,NA
"degree_only_LCN2",9952,"MT-CYB",0.000203007681716216,NA,NA,NA
"degree_only_LCN2",9953,"PRKDC",3.48518119952512e-06,NA,NA,NA
"degree_only_LCN2",9954,"RARA",0.000182812715244118,NA,NA,NA
"degree_only_LCN2",9955,"ADCY2",0,NA,NA,NA
"degree_only_LCN2",9956,"ACACA",7.98311027262466e-05,NA,NA,NA
"degree_only_LCN2",9957,"STAT4",0.000324242289791776,NA,NA,NA
"degree_only_LCN2",9958,"SCN1B",0.00123489854843939,NA,NA,NA
"degree_only_LCN2",9959,"CYP1B1",1.26701867375623e-06,NA,NA,NA
"degree_only_LCN2",9960,"RARA",0.000182812715244118,NA,NA,NA
"degree_only_LCN2",9961,"SELE",1.58407098771463e-06,NA,NA,NA
"degree_only_LCN2",9962,"ACACA",7.98311027262466e-05,NA,NA,NA
"degree_only_LCN2",9963,"SELE",1.58407098771463e-06,NA,NA,NA
"degree_only_LCN2",9964,"BGLAP",0.000139973984731978,NA,NA,NA
"degree_only_LCN2",9965,"SHH",1.43206732026169e-05,NA,NA,NA
"degree_only_LCN2",9966,"ATG5",1.93264314094499e-05,NA,NA,NA
"degree_only_LCN2",9967,"ITGA5",0.00127400659039045,NA,NA,NA
"degree_only_LCN2",9968,"BAX",8.97923976903581e-05,NA,NA,NA
"degree_only_LCN2",9969,"ALDH1A2",0,NA,NA,NA
"degree_only_LCN2",9970,"CACNA1B",0,NA,NA,NA
"degree_only_LCN2",9971,"CCR6",0,NA,NA,NA
"degree_only_LCN2",9972,"NCOA2",3.54820525111377e-05,NA,NA,NA
"degree_only_LCN2",9973,"KEAP1",8.90865911317151e-05,NA,NA,NA
"degree_only_LCN2",9974,"BGLAP",0.000139973984731978,NA,NA,NA
"degree_only_LCN2",9975,"ACACA",7.98311027262466e-05,NA,NA,NA
"degree_only_LCN2",9976,"KDM1A",0,NA,NA,NA
"degree_only_LCN2",9977,"SDHA",0.000611111269984921,NA,NA,NA
"degree_only_LCN2",9978,"PRKAG2",0.00023019859617357,NA,NA,NA
"degree_only_LCN2",9979,"BGLAP",0.000139973984731978,NA,NA,NA
"degree_only_LCN2",9980,"PLAU",9.12459578450431e-06,NA,NA,NA
"degree_only_LCN2",9981,"ADRB2",0.000148693401879507,NA,NA,NA
"degree_only_LCN2",9982,"ALDH3A1",7.8987277396747e-05,NA,NA,NA
"degree_only_LCN2",9983,"SDHA",0.000611111269984921,NA,NA,NA
"degree_only_LCN2",9984,"SHH",1.43206732026169e-05,NA,NA,NA
"degree_only_LCN2",9985,"SLC6A3",0.000164253248760127,NA,NA,NA
"degree_only_LCN2",9986,"SHH",1.43206732026169e-05,NA,NA,NA
"degree_only_LCN2",9987,"NCOA2",3.54820525111377e-05,NA,NA,NA
"degree_only_LCN2",9988,"PRKDC",3.48518119952512e-06,NA,NA,NA
"degree_only_LCN2",9989,"PRKAG2",0.00023019859617357,NA,NA,NA
"degree_only_LCN2",9990,"SLC6A3",0.000164253248760127,NA,NA,NA
"degree_only_LCN2",9991,"ADH7",0,NA,NA,NA
"degree_only_LCN2",9992,"SCN1B",0.00123489854843939,NA,NA,NA
"degree_only_LCN2",9993,"PRKDC",3.48518119952512e-06,NA,NA,NA
"degree_only_LCN2",9994,"NCOA2",3.54820525111377e-05,NA,NA,NA
"degree_only_LCN2",9995,"CS",0.000203624857343709,NA,NA,NA
"degree_only_LCN2",9996,"APAF1",0,NA,NA,NA
"degree_only_LCN2",9997,"BGLAP",0.000139973984731978,NA,NA,NA
"degree_only_LCN2",9998,"STAT4",0.000324242289791776,NA,NA,NA
"degree_only_LCN2",9999,"ADCY1",8.87083575196179e-06,NA,NA,NA
"degree_only_LCN2",10000,"LGALS3",1.90104129516033e-06,NA,NA,NA
