"null_label","iteration","sampled_set","D_E","bliss_expected","Syn_Bliss","Syn_add"
"run02_uniform_k1",1,"TFRC",0.000239327299633385,NA,NA,NA
"run02_uniform_k1",2,"ITPR2",6.33550958140106e-07,NA,NA,NA
"run02_uniform_k1",3,"AMY2B",0,NA,NA,NA
"run02_uniform_k1",4,"HTR3A",8.53896962736966e-05,NA,NA,NA
"run02_uniform_k1",5,"SOCS3",1.47020577304646e-05,NA,NA,NA
"run02_uniform_k1",6,"TIMP2",0,NA,NA,NA
"run02_uniform_k1",7,"ALOX12",1.1402958573159e-05,NA,NA,NA
"run02_uniform_k1",8,"PTGER2",3.0407837517954e-06,NA,NA,NA
"run02_uniform_k1",9,"TP53",0.00427693686378816,NA,NA,NA
"run02_uniform_k1",10,"GABBR1",0.000629351098106912,NA,NA,NA
"run02_uniform_k1",11,"TEP1",0,NA,NA,NA
"run02_uniform_k1",12,"POR",3.92763746058788e-05,NA,NA,NA
"run02_uniform_k1",13,"YAP1",2.37641275353528e-05,NA,NA,NA
"run02_uniform_k1",14,"ADCY1",8.87083575196179e-06,NA,NA,NA
"run02_uniform_k1",15,"ARF5",0,NA,NA,NA
"run02_uniform_k1",16,"HNRNPA1",0.0011965986405017,NA,NA,NA
"run02_uniform_k1",17,"ATF1",3.16751357498646e-06,NA,NA,NA
"run02_uniform_k1",18,"ACTA2",4.98567078929257e-05,NA,NA,NA
"run02_uniform_k1",19,"MAP3K7",0.000279295362734966,NA,NA,NA
"run02_uniform_k1",20,"SCN2A",9.6829057864789e-05,NA,NA,NA
"run02_uniform_k1",21,"PRKCI",0,NA,NA,NA
"run02_uniform_k1",22,"CHEK2",2.4076159734765e-06,NA,NA,NA
"run02_uniform_k1",23,"GABRA2",5.10094626082758e-05,NA,NA,NA
"run02_uniform_k1",24,"MAP2K7",3.16786999277063e-06,NA,NA,NA
"run02_uniform_k1",25,"CYP11B2",0.000106525313512962,NA,NA,NA
"run02_uniform_k1",26,"PRKAA2",4.11841833947157e-06,NA,NA,NA
"run02_uniform_k1",27,"AKR1B10",1.92579176795382e-05,NA,NA,NA
"run02_uniform_k1",28,"SLC18A2",1.33665330134258e-05,NA,NA,NA
"run02_uniform_k1",29,"ACSL1",4.92269468655993e-05,NA,NA,NA
"run02_uniform_k1",30,"CD86",0,NA,NA,NA
"run02_uniform_k1",31,"GRIK2",0,NA,NA,NA
"run02_uniform_k1",32,"SLC8A1",0,NA,NA,NA
"run02_uniform_k1",33,"HDAC5",0,NA,NA,NA
"run02_uniform_k1",34,"YWHAZ",0.000329867224154401,NA,NA,NA
"run02_uniform_k1",35,"ERBB3",0,NA,NA,NA
"run02_uniform_k1",36,"PTGES2",2.81266331965124e-05,NA,NA,NA
"run02_uniform_k1",37,"CYP17A1",3.31356115126358e-05,NA,NA,NA
"run02_uniform_k1",38,"HDAC4",8.23760862456169e-06,NA,NA,NA
"run02_uniform_k1",39,"MGAM",0.000137027144681112,NA,NA,NA
"run02_uniform_k1",40,"SLC11A1",0,NA,NA,NA
"run02_uniform_k1",41,"MCU",0,NA,NA,NA
"run02_uniform_k1",42,"RDH11",6.71381155781248e-06,NA,NA,NA
"run02_uniform_k1",43,"ACTB",0.0035966824210889,NA,NA,NA
"run02_uniform_k1",44,"GOT1",5.88174838508371e-05,NA,NA,NA
"run02_uniform_k1",45,"SHBG",3.16169811188649e-05,NA,NA,NA
"run02_uniform_k1",46,"SLC6A2",0,NA,NA,NA
"run02_uniform_k1",47,"ERN1",4.11862188642864e-06,NA,NA,NA
"run02_uniform_k1",48,"AXL",2.56876487623181e-05,NA,NA,NA
"run02_uniform_k1",49,"TG",5.56234870203731e-05,NA,NA,NA
"run02_uniform_k1",50,"APOE",0.000621735352925756,NA,NA,NA
"run02_uniform_k1",51,"AQP3",0,NA,NA,NA
"run02_uniform_k1",52,"SCN2A",9.6829057864789e-05,NA,NA,NA
"run02_uniform_k1",53,"ITGA5",0.00127400659039045,NA,NA,NA
"run02_uniform_k1",54,"SIRT6",5.06879720008069e-06,NA,NA,NA
"run02_uniform_k1",55,"FOXO1",0.000280307095370635,NA,NA,NA
"run02_uniform_k1",56,"KHK",0,NA,NA,NA
"run02_uniform_k1",57,"AGT",0.000967403269813816,NA,NA,NA
"run02_uniform_k1",58,"PRKCZ",0.00127837750571802,NA,NA,NA
"run02_uniform_k1",59,"CASQ1",2.53341735867441e-06,NA,NA,NA
"run02_uniform_k1",60,"NNMT",2.43922960370124e-05,NA,NA,NA
"run02_uniform_k1",61,"KCNMA1",2.73028963679867e-05,NA,NA,NA
"run02_uniform_k1",62,"HMGB1",1.24840005174542e-05,NA,NA,NA
"run02_uniform_k1",63,"MECP2",0.000428908523146032,NA,NA,NA
"run02_uniform_k1",64,"ALB",0.00274688176313465,NA,NA,NA
"run02_uniform_k1",65,"FTH1",3.16391560746254e-05,NA,NA,NA
"run02_uniform_k1",66,"THRB",3.80151793299977e-06,NA,NA,NA
"run02_uniform_k1",67,"SLC1A6",0,NA,NA,NA
"run02_uniform_k1",68,"PENK",0,NA,NA,NA
"run02_uniform_k1",69,"APOA1",0.00156761777246528,NA,NA,NA
"run02_uniform_k1",70,"ADCY2",0,NA,NA,NA
"run02_uniform_k1",71,"ADH1B",0,NA,NA,NA
"run02_uniform_k1",72,"ANXA5",7.92192003495895e-06,NA,NA,NA
"run02_uniform_k1",73,"SLC6A8",0,NA,NA,NA
"run02_uniform_k1",74,"EBP",6.01605713679287e-06,NA,NA,NA
"run02_uniform_k1",75,"MAP3K5",7.04706361130958e-05,NA,NA,NA
"run02_uniform_k1",76,"CACNA1E",0,NA,NA,NA
"run02_uniform_k1",77,"ABCB1",2.07166464523123e-05,NA,NA,NA
"run02_uniform_k1",78,"STAT1",0.000487010105838959,NA,NA,NA
"run02_uniform_k1",79,"IL33",0,NA,NA,NA
"run02_uniform_k1",80,"SOX9",0.000102527928081186,NA,NA,NA
"run02_uniform_k1",81,"XBP1",0.00130705850242441,NA,NA,NA
"run02_uniform_k1",82,"CACNA2D4",0,NA,NA,NA
"run02_uniform_k1",83,"SIRT6",5.06879720008069e-06,NA,NA,NA
"run02_uniform_k1",84,"PRKDC",3.48518119952512e-06,NA,NA,NA
"run02_uniform_k1",85,"CTRC",0,NA,NA,NA
"run02_uniform_k1",86,"CTNNB1",0.00262517195452239,NA,NA,NA
"run02_uniform_k1",87,"GLDC",4.87735973941916e-06,NA,NA,NA
"run02_uniform_k1",88,"PDXK",0.00104366135249789,NA,NA,NA
"run02_uniform_k1",89,"CASQ1",2.53341735867441e-06,NA,NA,NA
"run02_uniform_k1",90,"CEBPB",0.000269764234292591,NA,NA,NA
"run02_uniform_k1",91,"PDE1B",3.71225818049936e-05,NA,NA,NA
"run02_uniform_k1",92,"DNPEP",0,NA,NA,NA
"run02_uniform_k1",93,"GOT2",0.00078289580737978,NA,NA,NA
"run02_uniform_k1",94,"RASGRF1",5.25865086087318e-06,NA,NA,NA
"run02_uniform_k1",95,"ABCB11",0,NA,NA,NA
"run02_uniform_k1",96,"MAPK8IP1",9.56119621767781e-05,NA,NA,NA
"run02_uniform_k1",97,"NOX1",2.49654080184403e-05,NA,NA,NA
"run02_uniform_k1",98,"DRD3",0,NA,NA,NA
"run02_uniform_k1",99,"NPPA",7.28658572474172e-05,NA,NA,NA
"run02_uniform_k1",100,"CHRNA2",0,NA,NA,NA
"run02_uniform_k1",101,"MAPK11",0,NA,NA,NA
"run02_uniform_k1",102,"ITGB3",8.18152205451783e-05,NA,NA,NA
"run02_uniform_k1",103,"MAOB",5.4236212515657e-05,NA,NA,NA
"run02_uniform_k1",104,"ADIPOQ",2.77581439246388e-05,NA,NA,NA
"run02_uniform_k1",105,"MGLL",0.000230459075350131,NA,NA,NA
"run02_uniform_k1",106,"LGALS3",1.90104129516033e-06,NA,NA,NA
"run02_uniform_k1",107,"PNP",0.000105291533052498,NA,NA,NA
"run02_uniform_k1",108,"C8G",8.92998568191583e-06,NA,NA,NA
"run02_uniform_k1",109,"PTGFR",3.10411217574469e-06,NA,NA,NA
"run02_uniform_k1",110,"EIF2S1",0.000110140192739028,NA,NA,NA
"run02_uniform_k1",111,"CYP19A1",0.000459651716543275,NA,NA,NA
"run02_uniform_k1",112,"SLC6A2",0,NA,NA,NA
"run02_uniform_k1",113,"MAP3K7",0.000279295362734966,NA,NA,NA
"run02_uniform_k1",114,"AXL",2.56876487623181e-05,NA,NA,NA
"run02_uniform_k1",115,"CYP1B1",1.26701867375623e-06,NA,NA,NA
"run02_uniform_k1",116,"HTR1B",2.2171580924546e-06,NA,NA,NA
"run02_uniform_k1",117,"FABP7",3.9904553374992e-06,NA,NA,NA
"run02_uniform_k1",118,"RXRA",0.000142637488181885,NA,NA,NA
"run02_uniform_k1",119,"ARRB2",0.0018446708322335,NA,NA,NA
"run02_uniform_k1",120,"EIF4G1",1.23532645966984e-05,NA,NA,NA
"run02_uniform_k1",121,"SLC2A1",0.000140046836469954,NA,NA,NA
"run02_uniform_k1",122,"ITGB3",8.18152205451783e-05,NA,NA,NA
"run02_uniform_k1",123,"RXRA",0.000142637488181885,NA,NA,NA
"run02_uniform_k1",124,"SOD1",0.00055040968937059,NA,NA,NA
"run02_uniform_k1",125,"TOP2B",0,NA,NA,NA
"run02_uniform_k1",126,"ADH1C",0,NA,NA,NA
"run02_uniform_k1",127,"TUBA1A",1.10247379909723e-05,NA,NA,NA
"run02_uniform_k1",128,"FGB",2.53425344454161e-06,NA,NA,NA
"run02_uniform_k1",129,"HTR1A",8.14355352558582e-05,NA,NA,NA
"run02_uniform_k1",130,"IL1A",0.00038306531858312,NA,NA,NA
"run02_uniform_k1",131,"CEBPB",0.000269764234292591,NA,NA,NA
"run02_uniform_k1",132,"CRYZ",0,NA,NA,NA
"run02_uniform_k1",133,"BACE1",5.67015318772013e-05,NA,NA,NA
"run02_uniform_k1",134,"HCRT",0.000169339993540296,NA,NA,NA
"run02_uniform_k1",135,"DKK1",0,NA,NA,NA
"run02_uniform_k1",136,"CD40",1.65401335883164e-05,NA,NA,NA
"run02_uniform_k1",137,"CASP9",0,NA,NA,NA
"run02_uniform_k1",138,"CYP2D6",2.95879994604009e-05,NA,NA,NA
"run02_uniform_k1",139,"SPP1",0.000133522093562433,NA,NA,NA
"run02_uniform_k1",140,"ATM",2.74398232945616e-05,NA,NA,NA
"run02_uniform_k1",141,"MYD88",9.12615367376635e-06,NA,NA,NA
"run02_uniform_k1",142,"CDC25A",1.90080256301517e-06,NA,NA,NA
"run02_uniform_k1",143,"CRTC2",2.09096071963621e-05,NA,NA,NA
"run02_uniform_k1",144,"PRDX2",0,NA,NA,NA
"run02_uniform_k1",145,"PRKAG2",0.00023019859617357,NA,NA,NA
"run02_uniform_k1",146,"ELOVL5",0,NA,NA,NA
"run02_uniform_k1",147,"GCG",0.000221045982158996,NA,NA,NA
"run02_uniform_k1",148,"S100A8",5.866975145008e-05,NA,NA,NA
"run02_uniform_k1",149,"KCND2",2.72386185307116e-06,NA,NA,NA
"run02_uniform_k1",150,"SLC11A2",1.77338485018996e-06,NA,NA,NA
"run02_uniform_k1",151,"OR51E1",0,NA,NA,NA
"run02_uniform_k1",152,"TFF1",9.5019484058767e-07,NA,NA,NA
"run02_uniform_k1",153,"DRD2",0.000217393825030943,NA,NA,NA
"run02_uniform_k1",154,"GRIA2",6.42468498274207e-05,NA,NA,NA
"run02_uniform_k1",155,"HRH1",0,NA,NA,NA
"run02_uniform_k1",156,"SOD1",0.00055040968937059,NA,NA,NA
"run02_uniform_k1",157,"CYP2C19",1.83094707274511e-05,NA,NA,NA
"run02_uniform_k1",158,"ATF6",1.47631880090815e-05,NA,NA,NA
"run02_uniform_k1",159,"PGR",2.93426634963012e-05,NA,NA,NA
"run02_uniform_k1",160,"PNPLA2",2.72449938232278e-06,NA,NA,NA
"run02_uniform_k1",161,"CTSL",5.7015753640588e-06,NA,NA,NA
"run02_uniform_k1",162,"COX6B1",0,NA,NA,NA
"run02_uniform_k1",163,"MAPK8IP1",9.56119621767781e-05,NA,NA,NA
"run02_uniform_k1",164,"CHRM1",6.15364589550138e-05,NA,NA,NA
"run02_uniform_k1",165,"AMY2B",0,NA,NA,NA
"run02_uniform_k1",166,"DGKD",3.99034614917415e-06,NA,NA,NA
"run02_uniform_k1",167,"PEMT",2.1976081664099e-05,NA,NA,NA
"run02_uniform_k1",168,"LPO",0,NA,NA,NA
"run02_uniform_k1",169,"SCN4B",6.14500670026441e-06,NA,NA,NA
"run02_uniform_k1",170,"ACTR1A",0.00117031116279964,NA,NA,NA
"run02_uniform_k1",171,"FEN1",1.98912329634204e-05,NA,NA,NA
"run02_uniform_k1",172,"UGT1A1",6.43666731126036e-05,NA,NA,NA
"run02_uniform_k1",173,"COX6A2",0,NA,NA,NA
"run02_uniform_k1",174,"NTRK1",3.04810969022906e-05,NA,NA,NA
"run02_uniform_k1",175,"RASSF1",1.82470571705728e-05,NA,NA,NA
"run02_uniform_k1",176,"ATG7",2.9146658695467e-06,NA,NA,NA
"run02_uniform_k1",177,"KCNH2",0.000463751185241779,NA,NA,NA
"run02_uniform_k1",178,"IMPDH2",1.60872446202109e-05,NA,NA,NA
"run02_uniform_k1",179,"CSAD",0,NA,NA,NA
"run02_uniform_k1",180,"LPL",0.000483720734164583,NA,NA,NA
"run02_uniform_k1",181,"KRT18",1.90069610461752e-06,NA,NA,NA
"run02_uniform_k1",182,"CFTR",0.00160265872797649,NA,NA,NA
"run02_uniform_k1",183,"CD86",0,NA,NA,NA
"run02_uniform_k1",184,"PTPN6",0,NA,NA,NA
"run02_uniform_k1",185,"ATR",0,NA,NA,NA
"run02_uniform_k1",186,"HTR2C",1.81821061465692e-05,NA,NA,NA
"run02_uniform_k1",187,"CYBA",0,NA,NA,NA
"run02_uniform_k1",188,"FOSL2",0,NA,NA,NA
"run02_uniform_k1",189,"AXL",2.56876487623181e-05,NA,NA,NA
"run02_uniform_k1",190,"GABRA1",0.000512519672648093,NA,NA,NA
"run02_uniform_k1",191,"SCN1A",4.8526600018195e-05,NA,NA,NA
"run02_uniform_k1",192,"POR",3.92763746058788e-05,NA,NA,NA
"run02_uniform_k1",193,"NTRK2",0.000178668928783821,NA,NA,NA
"run02_uniform_k1",194,"GGCX",3.08495731728975e-05,NA,NA,NA
"run02_uniform_k1",195,"HSPA4",0.000770336012735795,NA,NA,NA
"run02_uniform_k1",196,"ALAD",1.1590275771578e-05,NA,NA,NA
"run02_uniform_k1",197,"CYP11B1",0,NA,NA,NA
"run02_uniform_k1",198,"FTL",4.87730474807435e-06,NA,NA,NA
"run02_uniform_k1",199,"TFAM",0,NA,NA,NA
"run02_uniform_k1",200,"PTGDS",0.0001023719829093,NA,NA,NA
"run02_uniform_k1",201,"MAP1LC3B",8.68078161708752e-06,NA,NA,NA
"run02_uniform_k1",202,"CALML5",7.42946995627713e-05,NA,NA,NA
"run02_uniform_k1",203,"SERPINE1",0.000106720941403182,NA,NA,NA
"run02_uniform_k1",204,"HCAR2",0,NA,NA,NA
"run02_uniform_k1",205,"POLB",0,NA,NA,NA
"run02_uniform_k1",206,"CYP17A1",3.31356115126358e-05,NA,NA,NA
"run02_uniform_k1",207,"SCARB1",0.000336871406579009,NA,NA,NA
"run02_uniform_k1",208,"ERBB2",0.000157327965161547,NA,NA,NA
"run02_uniform_k1",209,"CYCS",0.0019228192201588,NA,NA,NA
"run02_uniform_k1",210,"AKR1C4",0,NA,NA,NA
"run02_uniform_k1",211,"FABP7",3.9904553374992e-06,NA,NA,NA
"run02_uniform_k1",212,"E2F2",0,NA,NA,NA
"run02_uniform_k1",213,"MARK4",0,NA,NA,NA
"run02_uniform_k1",214,"HIF1AN",8.74219236624008e-06,NA,NA,NA
"run02_uniform_k1",215,"NCOA6",0,NA,NA,NA
"run02_uniform_k1",216,"AHR",1.17841620478343e-05,NA,NA,NA
"run02_uniform_k1",217,"ALDH3A1",7.8987277396747e-05,NA,NA,NA
"run02_uniform_k1",218,"SHH",1.43206732026169e-05,NA,NA,NA
"run02_uniform_k1",219,"BCAT2",2.6019618702966e-05,NA,NA,NA
"run02_uniform_k1",220,"TNFAIP6",4.94186435140431e-06,NA,NA,NA
"run02_uniform_k1",221,"BAX",8.97923976903581e-05,NA,NA,NA
"run02_uniform_k1",222,"DUSP1",0,NA,NA,NA
"run02_uniform_k1",223,"SCN4B",6.14500670026441e-06,NA,NA,NA
"run02_uniform_k1",224,"APOD",0.00195383273850436,NA,NA,NA
"run02_uniform_k1",225,"GABRA4",0,NA,NA,NA
"run02_uniform_k1",226,"FABP3",6.33463026478154e-07,NA,NA,NA
"run02_uniform_k1",227,"PTGER1",3.16733579774908e-06,NA,NA,NA
"run02_uniform_k1",228,"AMY2B",0,NA,NA,NA
"run02_uniform_k1",229,"PGR",2.93426634963012e-05,NA,NA,NA
"run02_uniform_k1",230,"VTN",6.33650236725458e-07,NA,NA,NA
"run02_uniform_k1",231,"CXCL1",0,NA,NA,NA
"run02_uniform_k1",232,"LY96",0,NA,NA,NA
"run02_uniform_k1",233,"BHLHE40",0,NA,NA,NA
"run02_uniform_k1",234,"PARK7",5.03123803161643e-05,NA,NA,NA
"run02_uniform_k1",235,"ADIPOQ",2.77581439246388e-05,NA,NA,NA
"run02_uniform_k1",236,"HGF",0,NA,NA,NA
"run02_uniform_k1",237,"CACNA1A",0.000251442934202317,NA,NA,NA
"run02_uniform_k1",238,"CXCL2",0,NA,NA,NA
"run02_uniform_k1",239,"GPR18",0,NA,NA,NA
"run02_uniform_k1",240,"HSPB1",6.97066364507837e-06,NA,NA,NA
"run02_uniform_k1",241,"ALAS2",0.000126132338585272,NA,NA,NA
"run02_uniform_k1",242,"TUBB",0.000162866051467092,NA,NA,NA
"run02_uniform_k1",243,"MGLL",0.000230459075350131,NA,NA,NA
"run02_uniform_k1",244,"TFF2",0,NA,NA,NA
"run02_uniform_k1",245,"CYP2C9",0.000117781048131316,NA,NA,NA
"run02_uniform_k1",246,"MAP2",5.57507217935349e-06,NA,NA,NA
"run02_uniform_k1",247,"MARK4",0,NA,NA,NA
"run02_uniform_k1",248,"TAT",6.1444352762341e-05,NA,NA,NA
"run02_uniform_k1",249,"PROS1",2.21693788693411e-06,NA,NA,NA
"run02_uniform_k1",250,"SLC6A8",0,NA,NA,NA
"run02_uniform_k1",251,"FCER1A",0,NA,NA,NA
"run02_uniform_k1",252,"ELOVL2",0,NA,NA,NA
"run02_uniform_k1",253,"CHRM2",2.51721592002818e-05,NA,NA,NA
"run02_uniform_k1",254,"HNF1A",0.00122815220873107,NA,NA,NA
"run02_uniform_k1",255,"HSPB1",6.97066364507837e-06,NA,NA,NA
"run02_uniform_k1",256,"GLA",5.69983816256503e-06,NA,NA,NA
"run02_uniform_k1",257,"SLC2A2",5.38855759126822e-05,NA,NA,NA
"run02_uniform_k1",258,"ADRA2A",6.33347720935262e-07,NA,NA,NA
"run02_uniform_k1",259,"FTH1",3.16391560746254e-05,NA,NA,NA
"run02_uniform_k1",260,"FUS",6.90480253662251e-06,NA,NA,NA
"run02_uniform_k1",261,"TPMT",8.77949444514359e-05,NA,NA,NA
"run02_uniform_k1",262,"CACNG4",8.23535373972728e-06,NA,NA,NA
"run02_uniform_k1",263,"KCNJ10",0,NA,NA,NA
"run02_uniform_k1",264,"APOB",0.000254184152158166,NA,NA,NA
"run02_uniform_k1",265,"HCRT",0.000169339993540296,NA,NA,NA
"run02_uniform_k1",266,"LPCAT2",0,NA,NA,NA
"run02_uniform_k1",267,"PHB2",3.20568660923115e-05,NA,NA,NA
"run02_uniform_k1",268,"KCNJ14",0,NA,NA,NA
"run02_uniform_k1",269,"UQCRC1",5.15309632885819e-05,NA,NA,NA
"run02_uniform_k1",270,"CREB1",0.000475073453506725,NA,NA,NA
"run02_uniform_k1",271,"MYH6",5.61947915448391e-05,NA,NA,NA
"run02_uniform_k1",272,"FABP1",2.30624266933654e-05,NA,NA,NA
"run02_uniform_k1",273,"CYP21A2",0,NA,NA,NA
"run02_uniform_k1",274,"TPH1",7.17150924056664e-05,NA,NA,NA
"run02_uniform_k1",275,"ITPR2",6.33550958140106e-07,NA,NA,NA
"run02_uniform_k1",276,"PDXK",0.00104366135249789,NA,NA,NA
"run02_uniform_k1",277,"AHR",1.17841620478343e-05,NA,NA,NA
"run02_uniform_k1",278,"GFAP",0.000240332727610593,NA,NA,NA
"run02_uniform_k1",279,"CAT",1.06411717700761e-05,NA,NA,NA
"run02_uniform_k1",280,"MAPT",0.000248151462638568,NA,NA,NA
"run02_uniform_k1",281,"HTR1B",2.2171580924546e-06,NA,NA,NA
"run02_uniform_k1",282,"CYP2C8",0,NA,NA,NA
"run02_uniform_k1",283,"AHCYL1",1.90022934498657e-06,NA,NA,NA
"run02_uniform_k1",284,"PRL",2.17984549072403e-05,NA,NA,NA
"run02_uniform_k1",285,"CXCR4",0.000366755254582851,NA,NA,NA
"run02_uniform_k1",286,"MECP2",0.000428908523146032,NA,NA,NA
"run02_uniform_k1",287,"PRKCE",5.79752275315926e-05,NA,NA,NA
"run02_uniform_k1",288,"ADRA1B",0,NA,NA,NA
"run02_uniform_k1",289,"CALM1",5.91918174835948e-05,NA,NA,NA
"run02_uniform_k1",290,"POMC",0.00149342435047795,NA,NA,NA
"run02_uniform_k1",291,"AMY2A",0,NA,NA,NA
"run02_uniform_k1",292,"GLYAT",0,NA,NA,NA
"run02_uniform_k1",293,"THBS1",7.4650161333345e-05,NA,NA,NA
"run02_uniform_k1",294,"GABRG3",0,NA,NA,NA
"run02_uniform_k1",295,"SNCA",0.000455106191969867,NA,NA,NA
"run02_uniform_k1",296,"E2F1",6.05857808446686e-05,NA,NA,NA
"run02_uniform_k1",297,"APAF1",0,NA,NA,NA
"run02_uniform_k1",298,"ADH7",0,NA,NA,NA
"run02_uniform_k1",299,"PKD1",3.50334081220538e-05,NA,NA,NA
"run02_uniform_k1",300,"CHRM1",6.15364589550138e-05,NA,NA,NA
"run02_uniform_k1",301,"CYP2C8",0,NA,NA,NA
"run02_uniform_k1",302,"ACADM",0.000194896326079275,NA,NA,NA
"run02_uniform_k1",303,"PSMD11",6.3344408685051e-07,NA,NA,NA
"run02_uniform_k1",304,"AHSA1",0,NA,NA,NA
"run02_uniform_k1",305,"ACSL4",0,NA,NA,NA
"run02_uniform_k1",306,"PRKCB",0.000129467861105015,NA,NA,NA
"run02_uniform_k1",307,"FABP4",8.52242665472236e-05,NA,NA,NA
"run02_uniform_k1",308,"SLC1A6",0,NA,NA,NA
"run02_uniform_k1",309,"DNPEP",0,NA,NA,NA
"run02_uniform_k1",310,"GRM5",0.000204723227971049,NA,NA,NA
"run02_uniform_k1",311,"NCF2",1.00748274538542e-05,NA,NA,NA
"run02_uniform_k1",312,"TNFRSF10B",0,NA,NA,NA
"run02_uniform_k1",313,"DLG4",0.000800645688133095,NA,NA,NA
"run02_uniform_k1",314,"METTL3",0,NA,NA,NA
"run02_uniform_k1",315,"KIT",0.000262263529464124,NA,NA,NA
"run02_uniform_k1",316,"TRAF6",3.65690661311424e-05,NA,NA,NA
"run02_uniform_k1",317,"CAMP",0.00129691841056656,NA,NA,NA
"run02_uniform_k1",318,"TGFB1",0.000170827591538192,NA,NA,NA
"run02_uniform_k1",319,"ATF4",6.17859641668383e-05,NA,NA,NA
"run02_uniform_k1",320,"ODC1",0.00121583500905476,NA,NA,NA
"run02_uniform_k1",321,"MT2A",0.00087441544054756,NA,NA,NA
"run02_uniform_k1",322,"ABCC1",0,NA,NA,NA
"run02_uniform_k1",323,"PFAS",0,NA,NA,NA
"run02_uniform_k1",324,"PPP3R1",0,NA,NA,NA
"run02_uniform_k1",325,"MYD88",9.12615367376635e-06,NA,NA,NA
"run02_uniform_k1",326,"SHBG",3.16169811188649e-05,NA,NA,NA
"run02_uniform_k1",327,"HAS2",0,NA,NA,NA
"run02_uniform_k1",328,"BACE1",5.67015318772013e-05,NA,NA,NA
"run02_uniform_k1",329,"HDAC3",1.29907353231262e-05,NA,NA,NA
"run02_uniform_k1",330,"TXNIP",0,NA,NA,NA
"run02_uniform_k1",331,"ADRA1B",0,NA,NA,NA
"run02_uniform_k1",332,"DLG1",6.50075176803488e-05,NA,NA,NA
"run02_uniform_k1",333,"NFKB2",0,NA,NA,NA
"run02_uniform_k1",334,"TAC1",0.001463424927591,NA,NA,NA
"run02_uniform_k1",335,"CDH5",6.33662563265247e-06,NA,NA,NA
"run02_uniform_k1",336,"CNR1",0.000234330328976462,NA,NA,NA
"run02_uniform_k1",337,"GRIN3A",0,NA,NA,NA
"run02_uniform_k1",338,"AFP",5.4874124395865e-05,NA,NA,NA
"run02_uniform_k1",339,"IDO1",0.000463661718947295,NA,NA,NA
"run02_uniform_k1",340,"GSK3B",0.000254805416997517,NA,NA,NA
"run02_uniform_k1",341,"PNPLA2",2.72449938232278e-06,NA,NA,NA
"run02_uniform_k1",342,"PPARG",0.000681665233701723,NA,NA,NA
"run02_uniform_k1",343,"APOB",0.000254184152158166,NA,NA,NA
"run02_uniform_k1",344,"HCN4",0.00104282749963691,NA,NA,NA
"run02_uniform_k1",345,"PEMT",2.1976081664099e-05,NA,NA,NA
"run02_uniform_k1",346,"VKORC1",4.64325427618206e-05,NA,NA,NA
"run02_uniform_k1",347,"PAPSS1",0,NA,NA,NA
"run02_uniform_k1",348,"NKX3-1",0,NA,NA,NA
"run02_uniform_k1",349,"SQLE",9.90930470378126e-05,NA,NA,NA
"run02_uniform_k1",350,"PGRMC1",1.54584083279508e-05,NA,NA,NA
"run02_uniform_k1",351,"TAC1",0.001463424927591,NA,NA,NA
"run02_uniform_k1",352,"CRMP1",1.10844121046227e-05,NA,NA,NA
"run02_uniform_k1",353,"CDK4",5.9067280737346e-05,NA,NA,NA
"run02_uniform_k1",354,"NR1H2",0,NA,NA,NA
"run02_uniform_k1",355,"FGB",2.53425344454161e-06,NA,NA,NA
"run02_uniform_k1",356,"CRH",2.05295196740174e-05,NA,NA,NA
"run02_uniform_k1",357,"KCNJ6",2.88254911089414e-05,NA,NA,NA
"run02_uniform_k1",358,"TUBB4B",6.33455001119998e-07,NA,NA,NA
"run02_uniform_k1",359,"GRIA2",6.42468498274207e-05,NA,NA,NA
"run02_uniform_k1",360,"CTSL",5.7015753640588e-06,NA,NA,NA
"run02_uniform_k1",361,"OAZ1",0,NA,NA,NA
"run02_uniform_k1",362,"FOXO1",0.000280307095370635,NA,NA,NA
"run02_uniform_k1",363,"PPARG",0.000681665233701723,NA,NA,NA
"run02_uniform_k1",364,"KCNJ2",0.00119679281819129,NA,NA,NA
"run02_uniform_k1",365,"PDE3B",4.40978259571567e-05,NA,NA,NA
"run02_uniform_k1",366,"S100A13",2.28031262317074e-06,NA,NA,NA
"run02_uniform_k1",367,"KCNC3",0,NA,NA,NA
"run02_uniform_k1",368,"KCNJ1",8.80361918675909e-06,NA,NA,NA
"run02_uniform_k1",369,"PTGER1",3.16733579774908e-06,NA,NA,NA
"run02_uniform_k1",370,"ADAMTS4",0,NA,NA,NA
"run02_uniform_k1",371,"RARG",0,NA,NA,NA
"run02_uniform_k1",372,"ATP5F1E",7.91669737976175e-06,NA,NA,NA
"run02_uniform_k1",373,"SYK",5.32926492629038e-05,NA,NA,NA
"run02_uniform_k1",374,"CA2",1.50098666125142e-05,NA,NA,NA
"run02_uniform_k1",375,"NOS1",0.000381812082027921,NA,NA,NA
"run02_uniform_k1",376,"MSI1",0,NA,NA,NA
"run02_uniform_k1",377,"CDK2",1.73911829558504e-05,NA,NA,NA
"run02_uniform_k1",378,"GRIN2A",0.000361526992004202,NA,NA,NA
"run02_uniform_k1",379,"LTA4H",0,NA,NA,NA
"run02_uniform_k1",380,"EIF4EBP1",0,NA,NA,NA
"run02_uniform_k1",381,"CACNA1D",0.00017135132572077,NA,NA,NA
"run02_uniform_k1",382,"SREBF1",0.000334685132546086,NA,NA,NA
"run02_uniform_k1",383,"IL36B",0,NA,NA,NA
"run02_uniform_k1",384,"FABP5",6.2410696410331e-05,NA,NA,NA
"run02_uniform_k1",385,"TFRC",0.000239327299633385,NA,NA,NA
"run02_uniform_k1",386,"UGT1A1",6.43666731126036e-05,NA,NA,NA
"run02_uniform_k1",387,"FGF4",2.2179929671795e-06,NA,NA,NA
"run02_uniform_k1",388,"ACTBL2",0,NA,NA,NA
"run02_uniform_k1",389,"CA1",4.61079535398756e-05,NA,NA,NA
"run02_uniform_k1",390,"XDH",0.000207347108110545,NA,NA,NA
"run02_uniform_k1",391,"SNAI1",9.50644381658705e-07,NA,NA,NA
"run02_uniform_k1",392,"EEF2K",3.67443795490363e-06,NA,NA,NA
"run02_uniform_k1",393,"NCF4",0,NA,NA,NA
"run02_uniform_k1",394,"HDAC8",0,NA,NA,NA
"run02_uniform_k1",395,"F2RL1",1.81154153372498e-05,NA,NA,NA
"run02_uniform_k1",396,"SFN",1.88836433614448e-05,NA,NA,NA
"run02_uniform_k1",397,"NCOA2",3.54820525111377e-05,NA,NA,NA
"run02_uniform_k1",398,"ACACA",7.98311027262466e-05,NA,NA,NA
"run02_uniform_k1",399,"NCF1",8.14327396577719e-05,NA,NA,NA
"run02_uniform_k1",400,"GGCX",3.08495731728975e-05,NA,NA,NA
"run02_uniform_k1",401,"CALM1",5.91918174835948e-05,NA,NA,NA
"run02_uniform_k1",402,"TPMT",8.77949444514359e-05,NA,NA,NA
"run02_uniform_k1",403,"LGALS1",0,NA,NA,NA
"run02_uniform_k1",404,"CD55",7.47448208604506e-06,NA,NA,NA
"run02_uniform_k1",405,"PPID",0,NA,NA,NA
"run02_uniform_k1",406,"CHRNA7",7.98054415862559e-05,NA,NA,NA
"run02_uniform_k1",407,"MARK4",0,NA,NA,NA
"run02_uniform_k1",408,"COX6A2",0,NA,NA,NA
"run02_uniform_k1",409,"ESRRG",0.00109032893649263,NA,NA,NA
"run02_uniform_k1",410,"NFATC1",5.51292228962996e-05,NA,NA,NA
"run02_uniform_k1",411,"P2RX7",5.59297818042426e-05,NA,NA,NA
"run02_uniform_k1",412,"CYP3A5",2.12871813713988e-05,NA,NA,NA
"run02_uniform_k1",413,"TEK",0,NA,NA,NA
"run02_uniform_k1",414,"IL2",8.48661529537775e-05,NA,NA,NA
"run02_uniform_k1",415,"ADH1C",0,NA,NA,NA
"run02_uniform_k1",416,"ADA",5.3173443308685e-05,NA,NA,NA
"run02_uniform_k1",417,"IL1RN",0,NA,NA,NA
"run02_uniform_k1",418,"KLF4",2.5346502531276e-06,NA,NA,NA
"run02_uniform_k1",419,"CACNG6",0,NA,NA,NA
"run02_uniform_k1",420,"ITPR3",1.88839173905775e-05,NA,NA,NA
"run02_uniform_k1",421,"MCL1",1.67940085561424e-05,NA,NA,NA
"run02_uniform_k1",422,"SLC6A4",7.25412905625555e-05,NA,NA,NA
"run02_uniform_k1",423,"EGR1",5.67823039951953e-05,NA,NA,NA
"run02_uniform_k1",424,"PPIF",5.98208087934093e-05,NA,NA,NA
"run02_uniform_k1",425,"PTGER3",1.07329013246948e-05,NA,NA,NA
"run02_uniform_k1",426,"CYP51A1",3.41436506348103e-05,NA,NA,NA
"run02_uniform_k1",427,"OR51E1",0,NA,NA,NA
"run02_uniform_k1",428,"ACTC1",1.57742735648059e-05,NA,NA,NA
"run02_uniform_k1",429,"VTN",6.33650236725458e-07,NA,NA,NA
"run02_uniform_k1",430,"RAPGEF4",2.51523475149895e-05,NA,NA,NA
"run02_uniform_k1",431,"ATG12",0,NA,NA,NA
"run02_uniform_k1",432,"CELF1",0,NA,NA,NA
"run02_uniform_k1",433,"CCNA2",1.83133006516067e-05,NA,NA,NA
"run02_uniform_k1",434,"PRSS1",0.0011573163436972,NA,NA,NA
"run02_uniform_k1",435,"THBS1",7.4650161333345e-05,NA,NA,NA
"run02_uniform_k1",436,"S100A13",2.28031262317074e-06,NA,NA,NA
"run02_uniform_k1",437,"TNNI3",8.64888291552957e-05,NA,NA,NA
"run02_uniform_k1",438,"CLDN4",0,NA,NA,NA
"run02_uniform_k1",439,"HBB",6.40684097101829e-05,NA,NA,NA
"run02_uniform_k1",440,"NOS1",0.000381812082027921,NA,NA,NA
"run02_uniform_k1",441,"GABRD",9.49995296650741e-07,NA,NA,NA
"run02_uniform_k1",442,"TUBB4B",6.33455001119998e-07,NA,NA,NA
"run02_uniform_k1",443,"CACNB4",5.59340801313812e-05,NA,NA,NA
"run02_uniform_k1",444,"CCK",1.36890006087187e-05,NA,NA,NA
"run02_uniform_k1",445,"CALM3",0.000527160893726952,NA,NA,NA
"run02_uniform_k1",446,"EGF",0.000230000691015642,NA,NA,NA
"run02_uniform_k1",447,"CEBPB",0.000269764234292591,NA,NA,NA
"run02_uniform_k1",448,"TUBA1A",1.10247379909723e-05,NA,NA,NA
"run02_uniform_k1",449,"ADRA1B",0,NA,NA,NA
"run02_uniform_k1",450,"MAP3K5",7.04706361130958e-05,NA,NA,NA
"run02_uniform_k1",451,"AR",0.000302154756725348,NA,NA,NA
"run02_uniform_k1",452,"CACNA2D3",0,NA,NA,NA
"run02_uniform_k1",453,"MAPK13",0,NA,NA,NA
"run02_uniform_k1",454,"SLC5A1",1.62831065815272e-05,NA,NA,NA
"run02_uniform_k1",455,"FASN",0.000342772066284303,NA,NA,NA
"run02_uniform_k1",456,"SRC",0.0010396286840485,NA,NA,NA
"run02_uniform_k1",457,"CES1",0.000115566529133249,NA,NA,NA
"run02_uniform_k1",458,"PRDX5",0,NA,NA,NA
"run02_uniform_k1",459,"IL1RN",0,NA,NA,NA
"run02_uniform_k1",460,"KCNN4",9.50269363275691e-06,NA,NA,NA
"run02_uniform_k1",461,"DUSP1",0,NA,NA,NA
"run02_uniform_k1",462,"HMOX1",0.000383241490365949,NA,NA,NA
"run02_uniform_k1",463,"ARF1",2.85051391907265e-05,NA,NA,NA
"run02_uniform_k1",464,"BRCA1",0.00150305205251045,NA,NA,NA
"run02_uniform_k1",465,"MT1X",0,NA,NA,NA
"run02_uniform_k1",466,"GSK3B",0.000254805416997517,NA,NA,NA
"run02_uniform_k1",467,"APRT",5.32709672381726e-05,NA,NA,NA
"run02_uniform_k1",468,"CCL8",0,NA,NA,NA
"run02_uniform_k1",469,"CRTC2",2.09096071963621e-05,NA,NA,NA
"run02_uniform_k1",470,"ACSL4",0,NA,NA,NA
"run02_uniform_k1",471,"NISCH",0,NA,NA,NA
"run02_uniform_k1",472,"S100A7A",0,NA,NA,NA
"run02_uniform_k1",473,"CACNG6",0,NA,NA,NA
"run02_uniform_k1",474,"LBP",1.90061939919772e-06,NA,NA,NA
"run02_uniform_k1",475,"DMP1",0,NA,NA,NA
"run02_uniform_k1",476,"PTPN6",0,NA,NA,NA
"run02_uniform_k1",477,"VLDLR",0,NA,NA,NA
"run02_uniform_k1",478,"WEE1",0,NA,NA,NA
"run02_uniform_k1",479,"KEAP1",8.90865911317151e-05,NA,NA,NA
"run02_uniform_k1",480,"ERBB3",0,NA,NA,NA
"run02_uniform_k1",481,"KCNJ8",1.89387005555819e-05,NA,NA,NA
"run02_uniform_k1",482,"KCND3",0.00107729447119487,NA,NA,NA
"run02_uniform_k1",483,"PLA2G2A",5.81866140334508e-05,NA,NA,NA
"run02_uniform_k1",484,"KCNJ1",8.80361918675909e-06,NA,NA,NA
"run02_uniform_k1",485,"FN1",0.00237698824343124,NA,NA,NA
"run02_uniform_k1",486,"JAK2",0.000791453142699572,NA,NA,NA
"run02_uniform_k1",487,"CASP6",1.26723751903146e-06,NA,NA,NA
"run02_uniform_k1",488,"BCAT2",2.6019618702966e-05,NA,NA,NA
"run02_uniform_k1",489,"PTH",0.00019439506068486,NA,NA,NA
"run02_uniform_k1",490,"HMGCR",0.000154038156850445,NA,NA,NA
"run02_uniform_k1",491,"BECN1",8.42248076059482e-05,NA,NA,NA
"run02_uniform_k1",492,"LEF1",5.06903005115245e-06,NA,NA,NA
"run02_uniform_k1",493,"TF",8.42569713455088e-06,NA,NA,NA
"run02_uniform_k1",494,"BIRC3",6.3362084734564e-07,NA,NA,NA
"run02_uniform_k1",495,"AOX1",0.000679762836007236,NA,NA,NA
"run02_uniform_k1",496,"CYP2C19",1.83094707274511e-05,NA,NA,NA
"run02_uniform_k1",497,"DBH",9.818852931609e-06,NA,NA,NA
"run02_uniform_k1",498,"ABCB11",0,NA,NA,NA
"run02_uniform_k1",499,"VKORC1",4.64325427618206e-05,NA,NA,NA
"run02_uniform_k1",500,"YWHAE",2.37606312166738e-05,NA,NA,NA
"run02_uniform_k1",501,"AGT",0.000967403269813816,NA,NA,NA
"run02_uniform_k1",502,"CXCL13",0,NA,NA,NA
"run02_uniform_k1",503,"PDE4B",1.76110095406745e-05,NA,NA,NA
"run02_uniform_k1",504,"TAT",6.1444352762341e-05,NA,NA,NA
"run02_uniform_k1",505,"ADRB1",3.16756855778255e-06,NA,NA,NA
"run02_uniform_k1",506,"GLA",5.69983816256503e-06,NA,NA,NA
"run02_uniform_k1",507,"AR",0.000302154756725348,NA,NA,NA
"run02_uniform_k1",508,"CAV1",0.00188167408582673,NA,NA,NA
"run02_uniform_k1",509,"CCR6",0,NA,NA,NA
"run02_uniform_k1",510,"AHR",1.17841620478343e-05,NA,NA,NA
"run02_uniform_k1",511,"CYP2C8",0,NA,NA,NA
"run02_uniform_k1",512,"CTTN",2.99716390974591e-05,NA,NA,NA
"run02_uniform_k1",513,"GGCX",3.08495731728975e-05,NA,NA,NA
"run02_uniform_k1",514,"PLEK",3.16787882370662e-06,NA,NA,NA
"run02_uniform_k1",515,"HCN2",0,NA,NA,NA
"run02_uniform_k1",516,"CASP6",1.26723751903146e-06,NA,NA,NA
"run02_uniform_k1",517,"BGLAP",0.000139973984731978,NA,NA,NA
"run02_uniform_k1",518,"E2F1",6.05857808446686e-05,NA,NA,NA
"run02_uniform_k1",519,"ITPR3",1.88839173905775e-05,NA,NA,NA
"run02_uniform_k1",520,"CYP1B1",1.26701867375623e-06,NA,NA,NA
"run02_uniform_k1",521,"CALML5",7.42946995627713e-05,NA,NA,NA
"run02_uniform_k1",522,"TH",0.000370274680685401,NA,NA,NA
"run02_uniform_k1",523,"TYMS",0.000142484575824997,NA,NA,NA
"run02_uniform_k1",524,"ORM2",0,NA,NA,NA
"run02_uniform_k1",525,"PTGDS",0.0001023719829093,NA,NA,NA
"run02_uniform_k1",526,"KCNA4",2.7111367415289e-05,NA,NA,NA
"run02_uniform_k1",527,"CCL22",0,NA,NA,NA
"run02_uniform_k1",528,"SCN2B",0,NA,NA,NA
"run02_uniform_k1",529,"THBS1",7.4650161333345e-05,NA,NA,NA
"run02_uniform_k1",530,"HTR1A",8.14355352558582e-05,NA,NA,NA
"run02_uniform_k1",531,"RBL1",0,NA,NA,NA
"run02_uniform_k1",532,"TP53",0.00427693686378816,NA,NA,NA
"run02_uniform_k1",533,"HDAC5",0,NA,NA,NA
"run02_uniform_k1",534,"DRD4",1.19735525129228e-05,NA,NA,NA
"run02_uniform_k1",535,"MAPK14",6.8388883402215e-05,NA,NA,NA
"run02_uniform_k1",536,"MGLL",0.000230459075350131,NA,NA,NA
"run02_uniform_k1",537,"GSR",0.00032731672891706,NA,NA,NA
"run02_uniform_k1",538,"CAMK2G",0,NA,NA,NA
"run02_uniform_k1",539,"ITGB3",8.18152205451783e-05,NA,NA,NA
"run02_uniform_k1",540,"GATM",0.000449150320023683,NA,NA,NA
"run02_uniform_k1",541,"USP10",4.9733160998211e-05,NA,NA,NA
"run02_uniform_k1",542,"HCAR2",0,NA,NA,NA
"run02_uniform_k1",543,"PLSCR1",0,NA,NA,NA
"run02_uniform_k1",544,"PENK",0,NA,NA,NA
"run02_uniform_k1",545,"PLA2G2D",0,NA,NA,NA
"run02_uniform_k1",546,"ACHE",0.000111252964972719,NA,NA,NA
"run02_uniform_k1",547,"KCNJ6",2.88254911089414e-05,NA,NA,NA
"run02_uniform_k1",548,"HBA1",2.89514794086232e-05,NA,NA,NA
"run02_uniform_k1",549,"MYH7",2.03333890326229e-05,NA,NA,NA
"run02_uniform_k1",550,"FGB",2.53425344454161e-06,NA,NA,NA
"run02_uniform_k1",551,"RASA1",5.55702489675181e-05,NA,NA,NA
"run02_uniform_k1",552,"PRKCG",2.62982428581582e-05,NA,NA,NA
"run02_uniform_k1",553,"CALM1",5.91918174835948e-05,NA,NA,NA
"run02_uniform_k1",554,"MMP2",1.88862703024428e-05,NA,NA,NA
"run02_uniform_k1",555,"CAMLG",0,NA,NA,NA
"run02_uniform_k1",556,"ALAS2",0.000126132338585272,NA,NA,NA
"run02_uniform_k1",557,"DBP",0,NA,NA,NA
"run02_uniform_k1",558,"DBP",0,NA,NA,NA
"run02_uniform_k1",559,"TOP2A",1.51432024206866e-05,NA,NA,NA
"run02_uniform_k1",560,"ACLY",0.000136799781064179,NA,NA,NA
"run02_uniform_k1",561,"TACR3",0,NA,NA,NA
"run02_uniform_k1",562,"ADRB2",0.000148693401879507,NA,NA,NA
"run02_uniform_k1",563,"SFN",1.88836433614448e-05,NA,NA,NA
"run02_uniform_k1",564,"CCND3",6.33604306909952e-07,NA,NA,NA
"run02_uniform_k1",565,"CCND1",0.000116503278948743,NA,NA,NA
"run02_uniform_k1",566,"POMC",0.00149342435047795,NA,NA,NA
"run02_uniform_k1",567,"DGAT1",0.000583801314570143,NA,NA,NA
"run02_uniform_k1",568,"AHCYL1",1.90022934498657e-06,NA,NA,NA
"run02_uniform_k1",569,"SFN",1.88836433614448e-05,NA,NA,NA
"run02_uniform_k1",570,"KCNH6",1.57066122082883e-05,NA,NA,NA
"run02_uniform_k1",571,"CACNB3",0,NA,NA,NA
"run02_uniform_k1",572,"HMOX1",0.000383241490365949,NA,NA,NA
"run02_uniform_k1",573,"XPO1",1.66633213304346e-05,NA,NA,NA
"run02_uniform_k1",574,"CHRNA7",7.98054415862559e-05,NA,NA,NA
"run02_uniform_k1",575,"CXCL13",0,NA,NA,NA
"run02_uniform_k1",576,"PBK",1.43184911400862e-05,NA,NA,NA
"run02_uniform_k1",577,"REN",0.000113239453789604,NA,NA,NA
"run02_uniform_k1",578,"ATP2B3",0,NA,NA,NA
"run02_uniform_k1",579,"F2",0.000128821901214549,NA,NA,NA
"run02_uniform_k1",580,"TRPV3",0,NA,NA,NA
"run02_uniform_k1",581,"SULT1A1",8.93034087123823e-06,NA,NA,NA
"run02_uniform_k1",582,"NPR1",8.07015894644936e-05,NA,NA,NA
"run02_uniform_k1",583,"CYP2C8",0,NA,NA,NA
"run02_uniform_k1",584,"PTP4A1",0,NA,NA,NA
"run02_uniform_k1",585,"SMO",0,NA,NA,NA
"run02_uniform_k1",586,"GSTP1",0.0017997845794786,NA,NA,NA
"run02_uniform_k1",587,"ARF3",1.01355586621388e-05,NA,NA,NA
"run02_uniform_k1",588,"FGF1",4.22001056762378e-05,NA,NA,NA
"run02_uniform_k1",589,"PTGER1",3.16733579774908e-06,NA,NA,NA
"run02_uniform_k1",590,"NFATC2",1.95162479730282e-05,NA,NA,NA
"run02_uniform_k1",591,"CACNA1G",7.41987078123341e-05,NA,NA,NA
"run02_uniform_k1",592,"CCNA2",1.83133006516067e-05,NA,NA,NA
"run02_uniform_k1",593,"CDKN1A",2.78509173701202e-05,NA,NA,NA
"run02_uniform_k1",594,"TPMT",8.77949444514359e-05,NA,NA,NA
"run02_uniform_k1",595,"PTGER1",3.16733579774908e-06,NA,NA,NA
"run02_uniform_k1",596,"AGTR2",0,NA,NA,NA
"run02_uniform_k1",597,"MUC5AC",6.33425870422144e-07,NA,NA,NA
"run02_uniform_k1",598,"HCRT",0.000169339993540296,NA,NA,NA
"run02_uniform_k1",599,"DNPEP",0,NA,NA,NA
"run02_uniform_k1",600,"CHAT",0.00035285368960325,NA,NA,NA
"run02_uniform_k1",601,"ESR1",0.00102478911944048,NA,NA,NA
"run02_uniform_k1",602,"PDE6C",0,NA,NA,NA
"run02_uniform_k1",603,"CDH1",0.000350253039747228,NA,NA,NA
"run02_uniform_k1",604,"CREB1",0.000475073453506725,NA,NA,NA
"run02_uniform_k1",605,"AVPR1A",0,NA,NA,NA
"run02_uniform_k1",606,"GAA",0,NA,NA,NA
"run02_uniform_k1",607,"NCOA2",3.54820525111377e-05,NA,NA,NA
"run02_uniform_k1",608,"HDAC4",8.23760862456169e-06,NA,NA,NA
"run02_uniform_k1",609,"E2F2",0,NA,NA,NA
"run02_uniform_k1",610,"SERPINB9",0,NA,NA,NA
"run02_uniform_k1",611,"FCER1A",0,NA,NA,NA
"run02_uniform_k1",612,"RXRG",0,NA,NA,NA
"run02_uniform_k1",613,"GOT2",0.00078289580737978,NA,NA,NA
"run02_uniform_k1",614,"MMP3",1.90743297472373e-05,NA,NA,NA
"run02_uniform_k1",615,"CASP6",1.26723751903146e-06,NA,NA,NA
"run02_uniform_k1",616,"TPH1",7.17150924056664e-05,NA,NA,NA
"run02_uniform_k1",617,"AMY1B",0.00114246836222298,NA,NA,NA
"run02_uniform_k1",618,"HDAC7",6.01926074750292e-06,NA,NA,NA
"run02_uniform_k1",619,"ATF3",8.55513091113647e-06,NA,NA,NA
"run02_uniform_k1",620,"TNFRSF11B",0,NA,NA,NA
"run02_uniform_k1",621,"TRAF2",5.75385733394551e-05,NA,NA,NA
"run02_uniform_k1",622,"AGTR2",0,NA,NA,NA
"run02_uniform_k1",623,"RGN",1.78637354256717e-05,NA,NA,NA
"run02_uniform_k1",624,"EIF2AK2",0.000116554297583948,NA,NA,NA
"run02_uniform_k1",625,"CDKN2A",0.000523536323894791,NA,NA,NA
"run02_uniform_k1",626,"CXCL8",0.000252410434066541,NA,NA,NA
"run02_uniform_k1",627,"CCND3",6.33604306909952e-07,NA,NA,NA
"run02_uniform_k1",628,"CXCR4",0.000366755254582851,NA,NA,NA
"run02_uniform_k1",629,"AMY2A",0,NA,NA,NA
"run02_uniform_k1",630,"KCNJ5",8.95444816781943e-05,NA,NA,NA
"run02_uniform_k1",631,"TYR",3.79481492692735e-05,NA,NA,NA
"run02_uniform_k1",632,"KIT",0.000262263529464124,NA,NA,NA
"run02_uniform_k1",633,"GRIN1",6.96987215653699e-06,NA,NA,NA
"run02_uniform_k1",634,"TRPV2",1.87502442750009e-05,NA,NA,NA
"run02_uniform_k1",635,"PDE4B",1.76110095406745e-05,NA,NA,NA
"run02_uniform_k1",636,"APP",0.00112835552814228,NA,NA,NA
"run02_uniform_k1",637,"PLG",0.000475913758970048,NA,NA,NA
"run02_uniform_k1",638,"PIM1",0,NA,NA,NA
"run02_uniform_k1",639,"DDB1",2.07812890326009e-05,NA,NA,NA
"run02_uniform_k1",640,"NOX1",2.49654080184403e-05,NA,NA,NA
"run02_uniform_k1",641,"NPEPPS",0,NA,NA,NA
"run02_uniform_k1",642,"NR3C1",8.7083319149972e-05,NA,NA,NA
"run02_uniform_k1",643,"CLDN4",0,NA,NA,NA
"run02_uniform_k1",644,"IL6",0.00104909499545724,NA,NA,NA
"run02_uniform_k1",645,"RRM1",0.000117817230330219,NA,NA,NA
"run02_uniform_k1",646,"SLCO1A2",6.33397825744453e-07,NA,NA,NA
"run02_uniform_k1",647,"GLUD1",0.00010300883354164,NA,NA,NA
"run02_uniform_k1",648,"STAT3",0.000956982443180987,NA,NA,NA
"run02_uniform_k1",649,"SLC7A1",0,NA,NA,NA
"run02_uniform_k1",650,"GSTM1",0.000122658682697341,NA,NA,NA
"run02_uniform_k1",651,"CPT1C",0,NA,NA,NA
"run02_uniform_k1",652,"GABRE",0,NA,NA,NA
"run02_uniform_k1",653,"CTSD",0.000133066364187417,NA,NA,NA
"run02_uniform_k1",654,"NFE2L2",7.2947073822438e-05,NA,NA,NA
"run02_uniform_k1",655,"FKBP1A",0.000367396925605612,NA,NA,NA
"run02_uniform_k1",656,"NOS2",2.38274351227474e-05,NA,NA,NA
"run02_uniform_k1",657,"PLA2G7",0.00013847975796788,NA,NA,NA
"run02_uniform_k1",658,"ADCY1",8.87083575196179e-06,NA,NA,NA
"run02_uniform_k1",659,"CASR",1.85576382838448e-05,NA,NA,NA
"run02_uniform_k1",660,"CYP2D6",2.95879994604009e-05,NA,NA,NA
"run02_uniform_k1",661,"CLIP1",0,NA,NA,NA
"run02_uniform_k1",662,"KCNC3",0,NA,NA,NA
"run02_uniform_k1",663,"KCNA4",2.7111367415289e-05,NA,NA,NA
"run02_uniform_k1",664,"APOB",0.000254184152158166,NA,NA,NA
"run02_uniform_k1",665,"CYP2E1",0.000529547743911452,NA,NA,NA
"run02_uniform_k1",666,"CLIP1",0,NA,NA,NA
"run02_uniform_k1",667,"AURKC",0,NA,NA,NA
"run02_uniform_k1",668,"GFAP",0.000240332727610593,NA,NA,NA
"run02_uniform_k1",669,"IL1RN",0,NA,NA,NA
"run02_uniform_k1",670,"GPD1",0,NA,NA,NA
"run02_uniform_k1",671,"GLYAT",0,NA,NA,NA
"run02_uniform_k1",672,"ACACA",7.98311027262466e-05,NA,NA,NA
"run02_uniform_k1",673,"MSI1",0,NA,NA,NA
"run02_uniform_k1",674,"UGT1A9",0,NA,NA,NA
"run02_uniform_k1",675,"SLC29A1",0.00102903201870796,NA,NA,NA
"run02_uniform_k1",676,"ADRA1B",0,NA,NA,NA
"run02_uniform_k1",677,"UGT2B28",0,NA,NA,NA
"run02_uniform_k1",678,"RORA",0.00130690437409919,NA,NA,NA
"run02_uniform_k1",679,"CALCR",3.30019686509697e-05,NA,NA,NA
"run02_uniform_k1",680,"COX6A2",0,NA,NA,NA
"run02_uniform_k1",681,"CHRNA10",0,NA,NA,NA
"run02_uniform_k1",682,"COX5B",5.70133156496677e-06,NA,NA,NA
"run02_uniform_k1",683,"E2F2",0,NA,NA,NA
"run02_uniform_k1",684,"F12",0,NA,NA,NA
"run02_uniform_k1",685,"ATF5",6.59972627514716e-05,NA,NA,NA
"run02_uniform_k1",686,"PLAT",2.05933169041828e-05,NA,NA,NA
"run02_uniform_k1",687,"KCNA1",1.36823220714399e-05,NA,NA,NA
"run02_uniform_k1",688,"STAT5B",1.13440953091182e-05,NA,NA,NA
"run02_uniform_k1",689,"PRL",2.17984549072403e-05,NA,NA,NA
"run02_uniform_k1",690,"PRKAB2",0,NA,NA,NA
"run02_uniform_k1",691,"ESRRB",2.36306737284586e-05,NA,NA,NA
"run02_uniform_k1",692,"APCS",0.00117690914019986,NA,NA,NA
"run02_uniform_k1",693,"CXCL13",0,NA,NA,NA
"run02_uniform_k1",694,"ERBB3",0,NA,NA,NA
"run02_uniform_k1",695,"TUBA4A",0,NA,NA,NA
"run02_uniform_k1",696,"NOS1",0.000381812082027921,NA,NA,NA
"run02_uniform_k1",697,"ICAM2",0,NA,NA,NA
"run02_uniform_k1",698,"ACTG1",2.72461711825489e-06,NA,NA,NA
"run02_uniform_k1",699,"GNMT",0,NA,NA,NA
"run02_uniform_k1",700,"IL36B",0,NA,NA,NA
"run02_uniform_k1",701,"EGLN3",1.26699828650878e-06,NA,NA,NA
"run02_uniform_k1",702,"GATM",0.000449150320023683,NA,NA,NA
"run02_uniform_k1",703,"INSR",1.12798026006278e-05,NA,NA,NA
"run02_uniform_k1",704,"PTPN11",2.43987962315062e-05,NA,NA,NA
"run02_uniform_k1",705,"MUC5AC",6.33425870422144e-07,NA,NA,NA
"run02_uniform_k1",706,"CRYZ",0,NA,NA,NA
"run02_uniform_k1",707,"NKX3-1",0,NA,NA,NA
"run02_uniform_k1",708,"MGST1",0,NA,NA,NA
"run02_uniform_k1",709,"CREB1",0.000475073453506725,NA,NA,NA
"run02_uniform_k1",710,"MITF",2.87659544899732e-05,NA,NA,NA
"run02_uniform_k1",711,"HCRTR1",0,NA,NA,NA
"run02_uniform_k1",712,"ACLY",0.000136799781064179,NA,NA,NA
"run02_uniform_k1",713,"RYR1",8.59077355945814e-05,NA,NA,NA
"run02_uniform_k1",714,"CHRNA10",0,NA,NA,NA
"run02_uniform_k1",715,"ATP1A3",0,NA,NA,NA
"run02_uniform_k1",716,"ICAM1",0.000172524776509531,NA,NA,NA
"run02_uniform_k1",717,"TFAM",0,NA,NA,NA
"run02_uniform_k1",718,"KCNA5",1.99569664441901e-05,NA,NA,NA
"run02_uniform_k1",719,"MOCOS",1.83708339053235e-05,NA,NA,NA
"run02_uniform_k1",720,"PRKCG",2.62982428581582e-05,NA,NA,NA
"run02_uniform_k1",721,"HBA2",0,NA,NA,NA
"run02_uniform_k1",722,"GSK3B",0.000254805416997517,NA,NA,NA
"run02_uniform_k1",723,"UGT1A3",1.26699491542759e-06,NA,NA,NA
"run02_uniform_k1",724,"ATP1A3",0,NA,NA,NA
"run02_uniform_k1",725,"IFNG",3.71450469081047e-05,NA,NA,NA
"run02_uniform_k1",726,"ACACA",7.98311027262466e-05,NA,NA,NA
"run02_uniform_k1",727,"NOD2",2.72727341009693e-05,NA,NA,NA
"run02_uniform_k1",728,"GRIA2",6.42468498274207e-05,NA,NA,NA
"run02_uniform_k1",729,"TYRP1",6.65147512002306e-06,NA,NA,NA
"run02_uniform_k1",730,"CHRNA9",1.46296272366397e-05,NA,NA,NA
"run02_uniform_k1",731,"VLDLR",0,NA,NA,NA
"run02_uniform_k1",732,"DUOX2",0.00118948957190246,NA,NA,NA
"run02_uniform_k1",733,"PRKDC",3.48518119952512e-06,NA,NA,NA
"run02_uniform_k1",734,"IL6",0.00104909499545724,NA,NA,NA
"run02_uniform_k1",735,"SLC16A1",1.22233950207162e-05,NA,NA,NA
"run02_uniform_k1",736,"KHK",0,NA,NA,NA
"run02_uniform_k1",737,"CXCL13",0,NA,NA,NA
"run02_uniform_k1",738,"CNR2",0,NA,NA,NA
"run02_uniform_k1",739,"CLDN1",4.94148239504888e-06,NA,NA,NA
"run02_uniform_k1",740,"SIRT3",7.24858712728427e-05,NA,NA,NA
"run02_uniform_k1",741,"MGAM",0.000137027144681112,NA,NA,NA
"run02_uniform_k1",742,"CYP1A1",0.000371673359131575,NA,NA,NA
"run02_uniform_k1",743,"ABCB1",2.07166464523123e-05,NA,NA,NA
"run02_uniform_k1",744,"PROC",3.8004925289048e-06,NA,NA,NA
"run02_uniform_k1",745,"CLIP1",0,NA,NA,NA
"run02_uniform_k1",746,"PHB2",3.20568660923115e-05,NA,NA,NA
"run02_uniform_k1",747,"LEF1",5.06903005115245e-06,NA,NA,NA
"run02_uniform_k1",748,"AKR1B10",1.92579176795382e-05,NA,NA,NA
"run02_uniform_k1",749,"CALR",4.38793673526172e-05,NA,NA,NA
"run02_uniform_k1",750,"E2F1",6.05857808446686e-05,NA,NA,NA
"run02_uniform_k1",751,"PDE4B",1.76110095406745e-05,NA,NA,NA
"run02_uniform_k1",752,"CCK",1.36890006087187e-05,NA,NA,NA
"run02_uniform_k1",753,"SOCS3",1.47020577304646e-05,NA,NA,NA
"run02_uniform_k1",754,"COX5A",0,NA,NA,NA
"run02_uniform_k1",755,"TOP2B",0,NA,NA,NA
"run02_uniform_k1",756,"ABCC9",1.45674367513227e-06,NA,NA,NA
"run02_uniform_k1",757,"TXNIP",0,NA,NA,NA
"run02_uniform_k1",758,"CAMKK2",3.48444593978314e-06,NA,NA,NA
"run02_uniform_k1",759,"HDAC2",2.26872919905086e-05,NA,NA,NA
"run02_uniform_k1",760,"PPID",0,NA,NA,NA
"run02_uniform_k1",761,"BAD",6.33634698421481e-06,NA,NA,NA
"run02_uniform_k1",762,"ERN1",4.11862188642864e-06,NA,NA,NA
"run02_uniform_k1",763,"PDE1B",3.71225818049936e-05,NA,NA,NA
"run02_uniform_k1",764,"HDAC5",0,NA,NA,NA
"run02_uniform_k1",765,"CDH5",6.33662563265247e-06,NA,NA,NA
"run02_uniform_k1",766,"HNRNPA1",0.0011965986405017,NA,NA,NA
"run02_uniform_k1",767,"EIF2AK2",0.000116554297583948,NA,NA,NA
"run02_uniform_k1",768,"HDAC4",8.23760862456169e-06,NA,NA,NA
"run02_uniform_k1",769,"CYP2E1",0.000529547743911452,NA,NA,NA
"run02_uniform_k1",770,"KCNC2",0,NA,NA,NA
"run02_uniform_k1",771,"HSD11B1",5.68914811439614e-05,NA,NA,NA
"run02_uniform_k1",772,"CDK5",0.000348117516928759,NA,NA,NA
"run02_uniform_k1",773,"SERPINB9",0,NA,NA,NA
"run02_uniform_k1",774,"CLDN4",0,NA,NA,NA
"run02_uniform_k1",775,"PIK3CA",2.52878809748891e-05,NA,NA,NA
"run02_uniform_k1",776,"CACNA2D4",0,NA,NA,NA
"run02_uniform_k1",777,"AHSP",1.89993871424488e-06,NA,NA,NA
"run02_uniform_k1",778,"SLC2A2",5.38855759126822e-05,NA,NA,NA
"run02_uniform_k1",779,"AQP1",7.97847562783449e-06,NA,NA,NA
"run02_uniform_k1",780,"PRKCA",0.000374278990026067,NA,NA,NA
"run02_uniform_k1",781,"NOS2",2.38274351227474e-05,NA,NA,NA
"run02_uniform_k1",782,"PIK3CA",2.52878809748891e-05,NA,NA,NA
"run02_uniform_k1",783,"PARK7",5.03123803161643e-05,NA,NA,NA
"run02_uniform_k1",784,"GABRA3",0,NA,NA,NA
"run02_uniform_k1",785,"COX6B1",0,NA,NA,NA
"run02_uniform_k1",786,"CD80",0,NA,NA,NA
"run02_uniform_k1",787,"STAT5A",4.23996396073933e-05,NA,NA,NA
"run02_uniform_k1",788,"BMP2",1.27361599282505e-05,NA,NA,NA
"run02_uniform_k1",789,"VLDLR",0,NA,NA,NA
"run02_uniform_k1",790,"SEMA3A",6.84073768231208e-06,NA,NA,NA
"run02_uniform_k1",791,"APAF1",0,NA,NA,NA
"run02_uniform_k1",792,"HDAC4",8.23760862456169e-06,NA,NA,NA
"run02_uniform_k1",793,"FBP1",7.28503339286757e-06,NA,NA,NA
"run02_uniform_k1",794,"ADORA2B",0,NA,NA,NA
"run02_uniform_k1",795,"HCN2",0,NA,NA,NA
"run02_uniform_k1",796,"RELA",8.98188410365375e-05,NA,NA,NA
"run02_uniform_k1",797,"MAP2K5",0,NA,NA,NA
"run02_uniform_k1",798,"CS",0.000203624857343709,NA,NA,NA
"run02_uniform_k1",799,"NPPA",7.28658572474172e-05,NA,NA,NA
"run02_uniform_k1",800,"SCN1A",4.8526600018195e-05,NA,NA,NA
"run02_uniform_k1",801,"LGALS1",0,NA,NA,NA
"run02_uniform_k1",802,"RIPK1",9.50457768944535e-06,NA,NA,NA
"run02_uniform_k1",803,"RBP2",3.01152514644576e-05,NA,NA,NA
"run02_uniform_k1",804,"UGT1A3",1.26699491542759e-06,NA,NA,NA
"run02_uniform_k1",805,"CHRM2",2.51721592002818e-05,NA,NA,NA
"run02_uniform_k1",806,"EIF2A",0,NA,NA,NA
"run02_uniform_k1",807,"FOXP3",1.50821877838991e-05,NA,NA,NA
"run02_uniform_k1",808,"MARK4",0,NA,NA,NA
"run02_uniform_k1",809,"HDAC8",0,NA,NA,NA
"run02_uniform_k1",810,"ATP2B3",0,NA,NA,NA
"run02_uniform_k1",811,"CASR",1.85576382838448e-05,NA,NA,NA
"run02_uniform_k1",812,"MMP10",1.00093054868911e-05,NA,NA,NA
"run02_uniform_k1",813,"SLC5A1",1.62831065815272e-05,NA,NA,NA
"run02_uniform_k1",814,"ACSL1",4.92269468655993e-05,NA,NA,NA
"run02_uniform_k1",815,"PLAU",9.12459578450431e-06,NA,NA,NA
"run02_uniform_k1",816,"CDKN1A",2.78509173701202e-05,NA,NA,NA
"run02_uniform_k1",817,"PTGDR2",6.33406652128521e-07,NA,NA,NA
"run02_uniform_k1",818,"CXADR",1.64676675717956e-06,NA,NA,NA
"run02_uniform_k1",819,"PTGDR2",6.33406652128521e-07,NA,NA,NA
"run02_uniform_k1",820,"TXN",0.000162772847540738,NA,NA,NA
"run02_uniform_k1",821,"CYP2D6",2.95879994604009e-05,NA,NA,NA
"run02_uniform_k1",822,"SOD1",0.00055040968937059,NA,NA,NA
"run02_uniform_k1",823,"CCR7",5.06918390497102e-06,NA,NA,NA
"run02_uniform_k1",824,"CCN2",1.134369344169e-05,NA,NA,NA
"run02_uniform_k1",825,"METTL3",0,NA,NA,NA
"run02_uniform_k1",826,"AMY1A",0,NA,NA,NA
"run02_uniform_k1",827,"EBP",6.01605713679287e-06,NA,NA,NA
"run02_uniform_k1",828,"TGFA",3.48528190785569e-06,NA,NA,NA
"run02_uniform_k1",829,"COX6B1",0,NA,NA,NA
"run02_uniform_k1",830,"SCN1B",0.00123489854843939,NA,NA,NA
"run02_uniform_k1",831,"INSR",1.12798026006278e-05,NA,NA,NA
"run02_uniform_k1",832,"AKR1A1",6.17051045759265e-06,NA,NA,NA
"run02_uniform_k1",833,"PKIA",2.53383300530263e-06,NA,NA,NA
"run02_uniform_k1",834,"DDB1",2.07812890326009e-05,NA,NA,NA
"run02_uniform_k1",835,"CALML3",0,NA,NA,NA
"run02_uniform_k1",836,"NDUFV2",0,NA,NA,NA
"run02_uniform_k1",837,"FASN",0.000342772066284303,NA,NA,NA
"run02_uniform_k1",838,"C8G",8.92998568191583e-06,NA,NA,NA
"run02_uniform_k1",839,"ARF3",1.01355586621388e-05,NA,NA,NA
"run02_uniform_k1",840,"CHRNA3",2.85056538062989e-06,NA,NA,NA
"run02_uniform_k1",841,"HDAC11",2.40710719945358e-06,NA,NA,NA
"run02_uniform_k1",842,"CALML5",7.42946995627713e-05,NA,NA,NA
"run02_uniform_k1",843,"AKT1",0.00346325271049452,NA,NA,NA
"run02_uniform_k1",844,"AGXT",0.000106059050095864,NA,NA,NA
"run02_uniform_k1",845,"SCN2B",0,NA,NA,NA
"run02_uniform_k1",846,"DKK1",0,NA,NA,NA
"run02_uniform_k1",847,"GABRB1",1.70995530076601e-05,NA,NA,NA
"run02_uniform_k1",848,"CDK4",5.9067280737346e-05,NA,NA,NA
"run02_uniform_k1",849,"COL11A2",7.28347388034845e-06,NA,NA,NA
"run02_uniform_k1",850,"PRDX5",0,NA,NA,NA
"run02_uniform_k1",851,"FDPS",0,NA,NA,NA
"run02_uniform_k1",852,"HGF",0,NA,NA,NA
"run02_uniform_k1",853,"PGRMC1",1.54584083279508e-05,NA,NA,NA
"run02_uniform_k1",854,"TOP1",1.90060302329709e-06,NA,NA,NA
"run02_uniform_k1",855,"CSAD",0,NA,NA,NA
"run02_uniform_k1",856,"MYB",0,NA,NA,NA
"run02_uniform_k1",857,"TRPM3",0,NA,NA,NA
"run02_uniform_k1",858,"ELOVL5",0,NA,NA,NA
"run02_uniform_k1",859,"CTSL",5.7015753640588e-06,NA,NA,NA
"run02_uniform_k1",860,"ADK",7.61409486743636e-05,NA,NA,NA
"run02_uniform_k1",861,"TRAF2",5.75385733394551e-05,NA,NA,NA
"run02_uniform_k1",862,"HSP90AA1",0.000781176350650004,NA,NA,NA
"run02_uniform_k1",863,"DYSF",0.00102310635249714,NA,NA,NA
"run02_uniform_k1",864,"COX6B1",0,NA,NA,NA
"run02_uniform_k1",865,"SCN2B",0,NA,NA,NA
"run02_uniform_k1",866,"GPER1",8.61720038791702e-06,NA,NA,NA
"run02_uniform_k1",867,"PCNA",0.000281828068793732,NA,NA,NA
"run02_uniform_k1",868,"TNF",0.00134281467430086,NA,NA,NA
"run02_uniform_k1",869,"TH",0.000370274680685401,NA,NA,NA
"run02_uniform_k1",870,"SLC2A1",0.000140046836469954,NA,NA,NA
"run02_uniform_k1",871,"CFTR",0.00160265872797649,NA,NA,NA
"run02_uniform_k1",872,"ESRRA",6.99494678408907e-05,NA,NA,NA
"run02_uniform_k1",873,"MAPK13",0,NA,NA,NA
"run02_uniform_k1",874,"TGFA",3.48528190785569e-06,NA,NA,NA
"run02_uniform_k1",875,"SRI",0,NA,NA,NA
"run02_uniform_k1",876,"DDIT3",5.44896803789108e-06,NA,NA,NA
"run02_uniform_k1",877,"BCL2L1",5.13395632928404e-05,NA,NA,NA
"run02_uniform_k1",878,"ADRB3",5.25856990074569e-06,NA,NA,NA
"run02_uniform_k1",879,"IRAK1",2.62328604830886e-05,NA,NA,NA
"run02_uniform_k1",880,"COMT",0.000258432034107248,NA,NA,NA
"run02_uniform_k1",881,"SPP1",0.000133522093562433,NA,NA,NA
"run02_uniform_k1",882,"UCHL1",0,NA,NA,NA
"run02_uniform_k1",883,"EBP",6.01605713679287e-06,NA,NA,NA
"run02_uniform_k1",884,"GPR83",0,NA,NA,NA
"run02_uniform_k1",885,"IKBKB",6.84471676271059e-06,NA,NA,NA
"run02_uniform_k1",886,"RARB",1.39344317841017e-05,NA,NA,NA
"run02_uniform_k1",887,"GAMT",4.09153874207924e-05,NA,NA,NA
"run02_uniform_k1",888,"SRPK1",0.00108816969760961,NA,NA,NA
"run02_uniform_k1",889,"GABRA6",0,NA,NA,NA
"run02_uniform_k1",890,"SDHA",0.000611111269984921,NA,NA,NA
"run02_uniform_k1",891,"GABRP",0,NA,NA,NA
"run02_uniform_k1",892,"BIRC2",2.53453445775431e-06,NA,NA,NA
"run02_uniform_k1",893,"FOS",0.000387693900821828,NA,NA,NA
"run02_uniform_k1",894,"CYP2E1",0.000529547743911452,NA,NA,NA
"run02_uniform_k1",895,"SULT1E1",0,NA,NA,NA
"run02_uniform_k1",896,"TBK1",8.23758983270473e-06,NA,NA,NA
"run02_uniform_k1",897,"ADAMTS5",0,NA,NA,NA
"run02_uniform_k1",898,"GCG",0.000221045982158996,NA,NA,NA
"run02_uniform_k1",899,"NFATC1",5.51292228962996e-05,NA,NA,NA
"run02_uniform_k1",900,"DKK1",0,NA,NA,NA
"run02_uniform_k1",901,"DBP",0,NA,NA,NA
"run02_uniform_k1",902,"CHRNB2",1.93198243616521e-05,NA,NA,NA
"run02_uniform_k1",903,"PRKCI",0,NA,NA,NA
"run02_uniform_k1",904,"JDP2",0,NA,NA,NA
"run02_uniform_k1",905,"AIMP2",0,NA,NA,NA
"run02_uniform_k1",906,"ACTB",0.0035966824210889,NA,NA,NA
"run02_uniform_k1",907,"HBB",6.40684097101829e-05,NA,NA,NA
"run02_uniform_k1",908,"TUBB4B",6.33455001119998e-07,NA,NA,NA
"run02_uniform_k1",909,"IL1B",0.000829865649814021,NA,NA,NA
"run02_uniform_k1",910,"KCNA5",1.99569664441901e-05,NA,NA,NA
"run02_uniform_k1",911,"HDAC5",0,NA,NA,NA
"run02_uniform_k1",912,"NOS2",2.38274351227474e-05,NA,NA,NA
"run02_uniform_k1",913,"RAF1",1.33718501759139e-05,NA,NA,NA
"run02_uniform_k1",914,"ATF1",3.16751357498646e-06,NA,NA,NA
"run02_uniform_k1",915,"TRPM3",0,NA,NA,NA
"run02_uniform_k1",916,"GABRR3",0,NA,NA,NA
"run02_uniform_k1",917,"GABRA4",0,NA,NA,NA
"run02_uniform_k1",918,"PDE4A",1.34575381137703e-05,NA,NA,NA
"run02_uniform_k1",919,"AHSP",1.89993871424488e-06,NA,NA,NA
"run02_uniform_k1",920,"PRDX1",5.7026663956572e-06,NA,NA,NA
"run02_uniform_k1",921,"GLP1R",3.86497402737884e-06,NA,NA,NA
"run02_uniform_k1",922,"PPARGC1A",0.000942132031227727,NA,NA,NA
"run02_uniform_k1",923,"REN",0.000113239453789604,NA,NA,NA
"run02_uniform_k1",924,"GRIN2B",0.000317728868907574,NA,NA,NA
"run02_uniform_k1",925,"AKR1B1",1.36198355478179e-05,NA,NA,NA
"run02_uniform_k1",926,"XPO1",1.66633213304346e-05,NA,NA,NA
"run02_uniform_k1",927,"ADH1A",0,NA,NA,NA
"run02_uniform_k1",928,"HBA2",0,NA,NA,NA
"run02_uniform_k1",929,"RPS6KB1",2.01533684008881e-05,NA,NA,NA
"run02_uniform_k1",930,"NEU1",0,NA,NA,NA
"run02_uniform_k1",931,"PHB2",3.20568660923115e-05,NA,NA,NA
"run02_uniform_k1",932,"AMY1B",0.00114246836222298,NA,NA,NA
"run02_uniform_k1",933,"FABP4",8.52242665472236e-05,NA,NA,NA
"run02_uniform_k1",934,"SERPINE1",0.000106720941403182,NA,NA,NA
"run02_uniform_k1",935,"MDM2",4.86757533122439e-05,NA,NA,NA
"run02_uniform_k1",936,"SLC1A6",0,NA,NA,NA
"run02_uniform_k1",937,"PDE7B",0,NA,NA,NA
"run02_uniform_k1",938,"BCAT2",2.6019618702966e-05,NA,NA,NA
"run02_uniform_k1",939,"SLC1A3",2.4134429150835e-05,NA,NA,NA
"run02_uniform_k1",940,"METTL3",0,NA,NA,NA
"run02_uniform_k1",941,"FURIN",9.05415850372959e-05,NA,NA,NA
"run02_uniform_k1",942,"CYP11B2",0.000106525313512962,NA,NA,NA
"run02_uniform_k1",943,"KCNH7",0,NA,NA,NA
"run02_uniform_k1",944,"KCNJ6",2.88254911089414e-05,NA,NA,NA
"run02_uniform_k1",945,"CMA1",0,NA,NA,NA
"run02_uniform_k1",946,"CRH",2.05295196740174e-05,NA,NA,NA
"run02_uniform_k1",947,"ICAM2",0,NA,NA,NA
"run02_uniform_k1",948,"CASR",1.85576382838448e-05,NA,NA,NA
"run02_uniform_k1",949,"CAV1",0.00188167408582673,NA,NA,NA
"run02_uniform_k1",950,"APLP1",0,NA,NA,NA
"run02_uniform_k1",951,"GCG",0.000221045982158996,NA,NA,NA
"run02_uniform_k1",952,"ATF1",3.16751357498646e-06,NA,NA,NA
"run02_uniform_k1",953,"HCN2",0,NA,NA,NA
"run02_uniform_k1",954,"NEU1",0,NA,NA,NA
"run02_uniform_k1",955,"PLK4",2.22339198402421e-05,NA,NA,NA
"run02_uniform_k1",956,"DHODH",1.42497466326663e-05,NA,NA,NA
"run02_uniform_k1",957,"CYB5A",5.4039383747595e-05,NA,NA,NA
"run02_uniform_k1",958,"PDE2A",0,NA,NA,NA
"run02_uniform_k1",959,"TYRP1",6.65147512002306e-06,NA,NA,NA
"run02_uniform_k1",960,"CCN2",1.134369344169e-05,NA,NA,NA
"run02_uniform_k1",961,"FASN",0.000342772066284303,NA,NA,NA
"run02_uniform_k1",962,"SNAI2",6.33686013218338e-07,NA,NA,NA
"run02_uniform_k1",963,"UCHL1",0,NA,NA,NA
"run02_uniform_k1",964,"CYP2C8",0,NA,NA,NA
"run02_uniform_k1",965,"NR3C2",1.6726748852447e-05,NA,NA,NA
"run02_uniform_k1",966,"HDAC3",1.29907353231262e-05,NA,NA,NA
"run02_uniform_k1",967,"CTNNB1",0.00262517195452239,NA,NA,NA
"run02_uniform_k1",968,"EREG",0,NA,NA,NA
"run02_uniform_k1",969,"ACHE",0.000111252964972719,NA,NA,NA
"run02_uniform_k1",970,"IGFBP3",2.54114516418102e-05,NA,NA,NA
"run02_uniform_k1",971,"ADH4",0,NA,NA,NA
"run02_uniform_k1",972,"KCNA5",1.99569664441901e-05,NA,NA,NA
"run02_uniform_k1",973,"MT-CYB",0.000203007681716216,NA,NA,NA
"run02_uniform_k1",974,"NOS2",2.38274351227474e-05,NA,NA,NA
"run02_uniform_k1",975,"CDK5",0.000348117516928759,NA,NA,NA
"run02_uniform_k1",976,"FN1",0.00237698824343124,NA,NA,NA
"run02_uniform_k1",977,"IL1A",0.00038306531858312,NA,NA,NA
"run02_uniform_k1",978,"MT-CYB",0.000203007681716216,NA,NA,NA
"run02_uniform_k1",979,"ORM2",0,NA,NA,NA
"run02_uniform_k1",980,"MT-CYB",0.000203007681716216,NA,NA,NA
"run02_uniform_k1",981,"ADORA1",2.74909074123864e-05,NA,NA,NA
"run02_uniform_k1",982,"SNAI1",9.50644381658705e-07,NA,NA,NA
"run02_uniform_k1",983,"ADIPOQ",2.77581439246388e-05,NA,NA,NA
"run02_uniform_k1",984,"SRC",0.0010396286840485,NA,NA,NA
"run02_uniform_k1",985,"UGT2B28",0,NA,NA,NA
"run02_uniform_k1",986,"DHCR7",7.41792346372616e-05,NA,NA,NA
"run02_uniform_k1",987,"SCN2B",0,NA,NA,NA
"run02_uniform_k1",988,"COMT",0.000258432034107248,NA,NA,NA
"run02_uniform_k1",989,"S100A8",5.866975145008e-05,NA,NA,NA
"run02_uniform_k1",990,"CPT1C",0,NA,NA,NA
"run02_uniform_k1",991,"PPID",0,NA,NA,NA
"run02_uniform_k1",992,"GPER1",8.61720038791702e-06,NA,NA,NA
"run02_uniform_k1",993,"ASPA",0,NA,NA,NA
"run02_uniform_k1",994,"FADS2",4.0853135067076e-05,NA,NA,NA
"run02_uniform_k1",995,"RDH12",1.33642751130036e-05,NA,NA,NA
"run02_uniform_k1",996,"CBR1",3.06594182049036e-05,NA,NA,NA
"run02_uniform_k1",997,"AURKA",5.49029298524406e-05,NA,NA,NA
"run02_uniform_k1",998,"HLA-B",6.33520976234259e-07,NA,NA,NA
"run02_uniform_k1",999,"ADORA2A",0.00134091820301629,NA,NA,NA
"run02_uniform_k1",1000,"KCNH6",1.57066122082883e-05,NA,NA,NA
"run02_uniform_k1",1001,"POU5F1",3.4853680447311e-06,NA,NA,NA
"run02_uniform_k1",1002,"PAPSS2",2.08994383624761e-05,NA,NA,NA
"run02_uniform_k1",1003,"RXRB",3.7531212242814e-05,NA,NA,NA
"run02_uniform_k1",1004,"CD40LG",1.90089891605183e-06,NA,NA,NA
"run02_uniform_k1",1005,"LDLR",0,NA,NA,NA
"run02_uniform_k1",1006,"MYD88",9.12615367376635e-06,NA,NA,NA
"run02_uniform_k1",1007,"ITPR3",1.88839173905775e-05,NA,NA,NA
"run02_uniform_k1",1008,"IGF1",0.000380119663706879,NA,NA,NA
"run02_uniform_k1",1009,"DBP",0,NA,NA,NA
"run02_uniform_k1",1010,"CD163",2.80685125135793e-05,NA,NA,NA
"run02_uniform_k1",1011,"PTP4A1",0,NA,NA,NA
"run02_uniform_k1",1012,"GPD1",0,NA,NA,NA
"run02_uniform_k1",1013,"ITPR2",6.33550958140106e-07,NA,NA,NA
"run02_uniform_k1",1014,"PPIF",5.98208087934093e-05,NA,NA,NA
"run02_uniform_k1",1015,"ACTR1A",0.00117031116279964,NA,NA,NA
"run02_uniform_k1",1016,"ACACA",7.98311027262466e-05,NA,NA,NA
"run02_uniform_k1",1017,"KCNJ14",0,NA,NA,NA
"run02_uniform_k1",1018,"PRKCZ",0.00127837750571802,NA,NA,NA
"run02_uniform_k1",1019,"MARK4",0,NA,NA,NA
"run02_uniform_k1",1020,"PRKCG",2.62982428581582e-05,NA,NA,NA
"run02_uniform_k1",1021,"ICAM1",0.000172524776509531,NA,NA,NA
"run02_uniform_k1",1022,"CYP7A1",0.000286565174003384,NA,NA,NA
"run02_uniform_k1",1023,"ESRRB",2.36306737284586e-05,NA,NA,NA
"run02_uniform_k1",1024,"PPP3CA",1.20382530055529e-05,NA,NA,NA
"run02_uniform_k1",1025,"ATG12",0,NA,NA,NA
"run02_uniform_k1",1026,"F12",0,NA,NA,NA
"run02_uniform_k1",1027,"KLF4",2.5346502531276e-06,NA,NA,NA
"run02_uniform_k1",1028,"CD40",1.65401335883164e-05,NA,NA,NA
"run02_uniform_k1",1029,"KCNMB4",0,NA,NA,NA
"run02_uniform_k1",1030,"POR",3.92763746058788e-05,NA,NA,NA
"run02_uniform_k1",1031,"HBA2",0,NA,NA,NA
"run02_uniform_k1",1032,"CTNNB1",0.00262517195452239,NA,NA,NA
"run02_uniform_k1",1033,"TEK",0,NA,NA,NA
"run02_uniform_k1",1034,"NOX4",3.0792080655373e-05,NA,NA,NA
"run02_uniform_k1",1035,"SLC2A4",1.81861109559422e-05,NA,NA,NA
"run02_uniform_k1",1036,"SPI1",3.16810202792839e-05,NA,NA,NA
"run02_uniform_k1",1037,"AANAT",0,NA,NA,NA
"run02_uniform_k1",1038,"GRIN3A",0,NA,NA,NA
"run02_uniform_k1",1039,"PCYT1B",0,NA,NA,NA
"run02_uniform_k1",1040,"NLRP3",7.47722630090042e-06,NA,NA,NA
"run02_uniform_k1",1041,"CEBPA",7.73820750388232e-05,NA,NA,NA
"run02_uniform_k1",1042,"NOTCH1",1.52730959466219e-05,NA,NA,NA
"run02_uniform_k1",1043,"GABRD",9.49995296650741e-07,NA,NA,NA
"run02_uniform_k1",1044,"DDC",2.58462116191627e-05,NA,NA,NA
"run02_uniform_k1",1045,"PTH",0.00019439506068486,NA,NA,NA
"run02_uniform_k1",1046,"CHRM3",0,NA,NA,NA
"run02_uniform_k1",1047,"TFR2",1.9001036434263e-06,NA,NA,NA
"run02_uniform_k1",1048,"LY96",0,NA,NA,NA
"run02_uniform_k1",1049,"MMP1",6.13390297496963e-05,NA,NA,NA
"run02_uniform_k1",1050,"GCK",0.000213793988103061,NA,NA,NA
"run02_uniform_k1",1051,"KCNJ5",8.95444816781943e-05,NA,NA,NA
"run02_uniform_k1",1052,"CAMK4",1.22274351069818e-05,NA,NA,NA
"run02_uniform_k1",1053,"TFF1",9.5019484058767e-07,NA,NA,NA
"run02_uniform_k1",1054,"TGM2",0,NA,NA,NA
"run02_uniform_k1",1055,"PLD2",0.000135771725086054,NA,NA,NA
"run02_uniform_k1",1056,"FOXP3",1.50821877838991e-05,NA,NA,NA
"run02_uniform_k1",1057,"UGT1A9",0,NA,NA,NA
"run02_uniform_k1",1058,"PTEN",0.000112385888386912,NA,NA,NA
"run02_uniform_k1",1059,"ACLY",0.000136799781064179,NA,NA,NA
"run02_uniform_k1",1060,"GABRA5",0,NA,NA,NA
"run02_uniform_k1",1061,"CACNG1",0,NA,NA,NA
"run02_uniform_k1",1062,"CCND3",6.33604306909952e-07,NA,NA,NA
"run02_uniform_k1",1063,"CEBPA",7.73820750388232e-05,NA,NA,NA
"run02_uniform_k1",1064,"CD36",0.000286748685116911,NA,NA,NA
"run02_uniform_k1",1065,"IL36B",0,NA,NA,NA
"run02_uniform_k1",1066,"SOD1",0.00055040968937059,NA,NA,NA
"run02_uniform_k1",1067,"MYLK",7.38323399127605e-05,NA,NA,NA
"run02_uniform_k1",1068,"SRPK2",0,NA,NA,NA
"run02_uniform_k1",1069,"APOA4",2.27717166977337e-05,NA,NA,NA
"run02_uniform_k1",1070,"PRKCE",5.79752275315926e-05,NA,NA,NA
"run02_uniform_k1",1071,"BCHE",1.59661831168334e-05,NA,NA,NA
"run02_uniform_k1",1072,"SIRT3",7.24858712728427e-05,NA,NA,NA
"run02_uniform_k1",1073,"HTR2C",1.81821061465692e-05,NA,NA,NA
"run02_uniform_k1",1074,"FGF1",4.22001056762378e-05,NA,NA,NA
"run02_uniform_k1",1075,"KCNJ11",0.00241899994818762,NA,NA,NA
"run02_uniform_k1",1076,"GAP43",5.95559822758052e-06,NA,NA,NA
"run02_uniform_k1",1077,"TOP2B",0,NA,NA,NA
"run02_uniform_k1",1078,"P2RX4",0,NA,NA,NA
"run02_uniform_k1",1079,"DRD2",0.000217393825030943,NA,NA,NA
"run02_uniform_k1",1080,"BMI1",2.14799290956247e-05,NA,NA,NA
"run02_uniform_k1",1081,"DUOXA1",0,NA,NA,NA
"run02_uniform_k1",1082,"PRKCB",0.000129467861105015,NA,NA,NA
"run02_uniform_k1",1083,"PBK",1.43184911400862e-05,NA,NA,NA
"run02_uniform_k1",1084,"FXN",3.98458264223578e-05,NA,NA,NA
"run02_uniform_k1",1085,"BECN1",8.42248076059482e-05,NA,NA,NA
"run02_uniform_k1",1086,"CLIP1",0,NA,NA,NA
"run02_uniform_k1",1087,"PRL",2.17984549072403e-05,NA,NA,NA
"run02_uniform_k1",1088,"CYP21A2",0,NA,NA,NA
"run02_uniform_k1",1089,"SOD2",0.000296172336680667,NA,NA,NA
"run02_uniform_k1",1090,"GABRG2",6.25131802217682e-05,NA,NA,NA
"run02_uniform_k1",1091,"PLA2G2A",5.81866140334508e-05,NA,NA,NA
"run02_uniform_k1",1092,"RDH5",1.18445408441303e-05,NA,NA,NA
"run02_uniform_k1",1093,"KCNJ2",0.00119679281819129,NA,NA,NA
"run02_uniform_k1",1094,"ICAM2",0,NA,NA,NA
"run02_uniform_k1",1095,"SYK",5.32926492629038e-05,NA,NA,NA
"run02_uniform_k1",1096,"COL11A2",7.28347388034845e-06,NA,NA,NA
"run02_uniform_k1",1097,"PNPLA2",2.72449938232278e-06,NA,NA,NA
"run02_uniform_k1",1098,"ADAMTS5",0,NA,NA,NA
"run02_uniform_k1",1099,"TG",5.56234870203731e-05,NA,NA,NA
"run02_uniform_k1",1100,"PRMT3",0,NA,NA,NA
"run02_uniform_k1",1101,"TNF",0.00134281467430086,NA,NA,NA
"run02_uniform_k1",1102,"SLC1A3",2.4134429150835e-05,NA,NA,NA
"run02_uniform_k1",1103,"HTR3A",8.53896962736966e-05,NA,NA,NA
"run02_uniform_k1",1104,"NOS3",0.000136759922833574,NA,NA,NA
"run02_uniform_k1",1105,"ELK1",0,NA,NA,NA
"run02_uniform_k1",1106,"COX5B",5.70133156496677e-06,NA,NA,NA
"run02_uniform_k1",1107,"SLC5A1",1.62831065815272e-05,NA,NA,NA
"run02_uniform_k1",1108,"MMP11",6.33353078760557e-07,NA,NA,NA
"run02_uniform_k1",1109,"PLK4",2.22339198402421e-05,NA,NA,NA
"run02_uniform_k1",1110,"SNAI2",6.33686013218338e-07,NA,NA,NA
"run02_uniform_k1",1111,"AQP9",0,NA,NA,NA
"run02_uniform_k1",1112,"TNNI3",8.64888291552957e-05,NA,NA,NA
"run02_uniform_k1",1113,"NPPA",7.28658572474172e-05,NA,NA,NA
"run02_uniform_k1",1114,"TOMM70",0,NA,NA,NA
"run02_uniform_k1",1115,"CXCL2",0,NA,NA,NA
"run02_uniform_k1",1116,"NRF1",1.38741902355743e-05,NA,NA,NA
"run02_uniform_k1",1117,"VLDLR",0,NA,NA,NA
"run02_uniform_k1",1118,"ELOVL6",0,NA,NA,NA
"run02_uniform_k1",1119,"PRKCD",2.05317703156904e-05,NA,NA,NA
"run02_uniform_k1",1120,"FOSL2",0,NA,NA,NA
"run02_uniform_k1",1121,"SLPI",0,NA,NA,NA
"run02_uniform_k1",1122,"CBR1",3.06594182049036e-05,NA,NA,NA
"run02_uniform_k1",1123,"FASN",0.000342772066284303,NA,NA,NA
"run02_uniform_k1",1124,"MMP1",6.13390297496963e-05,NA,NA,NA
"run02_uniform_k1",1125,"FADS1",9.28518306324566e-05,NA,NA,NA
"run02_uniform_k1",1126,"TRPV1",0.00166711359586047,NA,NA,NA
"run02_uniform_k1",1127,"RBL1",0,NA,NA,NA
"run02_uniform_k1",1128,"HMGB1",1.24840005174542e-05,NA,NA,NA
"run02_uniform_k1",1129,"SIRT3",7.24858712728427e-05,NA,NA,NA
"run02_uniform_k1",1130,"SYP",2.45220699257587e-05,NA,NA,NA
"run02_uniform_k1",1131,"DRD2",0.000217393825030943,NA,NA,NA
"run02_uniform_k1",1132,"APCS",0.00117690914019986,NA,NA,NA
"run02_uniform_k1",1133,"HCRT",0.000169339993540296,NA,NA,NA
"run02_uniform_k1",1134,"SQLE",9.90930470378126e-05,NA,NA,NA
"run02_uniform_k1",1135,"FABP2",0,NA,NA,NA
"run02_uniform_k1",1136,"RBP1",1.67206208291359e-05,NA,NA,NA
"run02_uniform_k1",1137,"AFM",0,NA,NA,NA
"run02_uniform_k1",1138,"GSTM1",0.000122658682697341,NA,NA,NA
"run02_uniform_k1",1139,"POR",3.92763746058788e-05,NA,NA,NA
"run02_uniform_k1",1140,"EGLN3",1.26699828650878e-06,NA,NA,NA
"run02_uniform_k1",1141,"FGB",2.53425344454161e-06,NA,NA,NA
"run02_uniform_k1",1142,"TNFRSF9",0,NA,NA,NA
"run02_uniform_k1",1143,"NR1H4",0.000150320210463128,NA,NA,NA
"run02_uniform_k1",1144,"PTH",0.00019439506068486,NA,NA,NA
"run02_uniform_k1",1145,"NDUFS3",7.91874029407724e-05,NA,NA,NA
"run02_uniform_k1",1146,"THRB",3.80151793299977e-06,NA,NA,NA
"run02_uniform_k1",1147,"MGLL",0.000230459075350131,NA,NA,NA
"run02_uniform_k1",1148,"HCAR2",0,NA,NA,NA
"run02_uniform_k1",1149,"GSTM3",0,NA,NA,NA
"run02_uniform_k1",1150,"FABP5",6.2410696410331e-05,NA,NA,NA
"run02_uniform_k1",1151,"ACTR2",9.50262921906031e-06,NA,NA,NA
"run02_uniform_k1",1152,"BIRC2",2.53453445775431e-06,NA,NA,NA
"run02_uniform_k1",1153,"FCER1A",0,NA,NA,NA
"run02_uniform_k1",1154,"ERN1",4.11862188642864e-06,NA,NA,NA
"run02_uniform_k1",1155,"NR1H3",0,NA,NA,NA
"run02_uniform_k1",1156,"AASS",1.96337880520314e-06,NA,NA,NA
"run02_uniform_k1",1157,"DHRS3",0,NA,NA,NA
"run02_uniform_k1",1158,"MT2A",0.00087441544054756,NA,NA,NA
"run02_uniform_k1",1159,"ACSL1",4.92269468655993e-05,NA,NA,NA
"run02_uniform_k1",1160,"ERBB2",0.000157327965161547,NA,NA,NA
"run02_uniform_k1",1161,"AASS",1.96337880520314e-06,NA,NA,NA
"run02_uniform_k1",1162,"KIT",0.000262263529464124,NA,NA,NA
"run02_uniform_k1",1163,"KCNJ14",0,NA,NA,NA
"run02_uniform_k1",1164,"MSI1",0,NA,NA,NA
"run02_uniform_k1",1165,"ACHE",0.000111252964972719,NA,NA,NA
"run02_uniform_k1",1166,"TRPV4",0.000106153420904809,NA,NA,NA
"run02_uniform_k1",1167,"PAPSS1",0,NA,NA,NA
"run02_uniform_k1",1168,"HERC5",0,NA,NA,NA
"run02_uniform_k1",1169,"FOXM1",1.90088265561439e-06,NA,NA,NA
"run02_uniform_k1",1170,"NR1H4",0.000150320210463128,NA,NA,NA
"run02_uniform_k1",1171,"NEIL1",0,NA,NA,NA
"run02_uniform_k1",1172,"IL10",0.000109475292591865,NA,NA,NA
"run02_uniform_k1",1173,"CDKN1C",1.58390438897982e-06,NA,NA,NA
"run02_uniform_k1",1174,"GABBR1",0.000629351098106912,NA,NA,NA
"run02_uniform_k1",1175,"PRKAB1",0,NA,NA,NA
"run02_uniform_k1",1176,"PBK",1.43184911400862e-05,NA,NA,NA
"run02_uniform_k1",1177,"VIM",5.2598025607753e-05,NA,NA,NA
"run02_uniform_k1",1178,"KCNE2",0,NA,NA,NA
"run02_uniform_k1",1179,"DUOXA1",0,NA,NA,NA
"run02_uniform_k1",1180,"PTPN1",3.86549374464806e-06,NA,NA,NA
"run02_uniform_k1",1181,"DLG1",6.50075176803488e-05,NA,NA,NA
"run02_uniform_k1",1182,"GSTM3",0,NA,NA,NA
"run02_uniform_k1",1183,"AKR1C3",0.000173978783267859,NA,NA,NA
"run02_uniform_k1",1184,"LRAT",5.06328770298881e-05,NA,NA,NA
"run02_uniform_k1",1185,"ALDH3A1",7.8987277396747e-05,NA,NA,NA
"run02_uniform_k1",1186,"MOCOS",1.83708339053235e-05,NA,NA,NA
"run02_uniform_k1",1187,"TBK1",8.23758983270473e-06,NA,NA,NA
"run02_uniform_k1",1188,"HMGB1",1.24840005174542e-05,NA,NA,NA
"run02_uniform_k1",1189,"GRIK1",0,NA,NA,NA
"run02_uniform_k1",1190,"CRH",2.05295196740174e-05,NA,NA,NA
"run02_uniform_k1",1191,"MYD88",9.12615367376635e-06,NA,NA,NA
"run02_uniform_k1",1192,"IFNG",3.71450469081047e-05,NA,NA,NA
"run02_uniform_k1",1193,"CFTR",0.00160265872797649,NA,NA,NA
"run02_uniform_k1",1194,"KCND3",0.00107729447119487,NA,NA,NA
"run02_uniform_k1",1195,"MAP1LC3A",0,NA,NA,NA
"run02_uniform_k1",1196,"GABBR1",0.000629351098106912,NA,NA,NA
"run02_uniform_k1",1197,"CASP8",8.23939107075233e-06,NA,NA,NA
"run02_uniform_k1",1198,"ACTA1",3.96575036063496e-05,NA,NA,NA
"run02_uniform_k1",1199,"GK",0.000406543096133638,NA,NA,NA
"run02_uniform_k1",1200,"DRD4",1.19735525129228e-05,NA,NA,NA
"run02_uniform_k1",1201,"EIF2A",0,NA,NA,NA
"run02_uniform_k1",1202,"PKIA",2.53383300530263e-06,NA,NA,NA
"run02_uniform_k1",1203,"CYP24A1",2.95788072831593e-05,NA,NA,NA
"run02_uniform_k1",1204,"EGR1",5.67823039951953e-05,NA,NA,NA
"run02_uniform_k1",1205,"CASP8",8.23939107075233e-06,NA,NA,NA
"run02_uniform_k1",1206,"NOS2",2.38274351227474e-05,NA,NA,NA
"run02_uniform_k1",1207,"MAP3K5",7.04706361130958e-05,NA,NA,NA
"run02_uniform_k1",1208,"SHBG",3.16169811188649e-05,NA,NA,NA
"run02_uniform_k1",1209,"RIPK1",9.50457768944535e-06,NA,NA,NA
"run02_uniform_k1",1210,"CXCR4",0.000366755254582851,NA,NA,NA
"run02_uniform_k1",1211,"LGALS1",0,NA,NA,NA
"run02_uniform_k1",1212,"CD274",2.2623615720252e-05,NA,NA,NA
"run02_uniform_k1",1213,"CYP21A2",0,NA,NA,NA
"run02_uniform_k1",1214,"CELF1",0,NA,NA,NA
"run02_uniform_k1",1215,"GLO1",4.94041980381166e-06,NA,NA,NA
"run02_uniform_k1",1216,"SIRT3",7.24858712728427e-05,NA,NA,NA
"run02_uniform_k1",1217,"TFEB",4.43464879762434e-06,NA,NA,NA
"run02_uniform_k1",1218,"CTSD",0.000133066364187417,NA,NA,NA
"run02_uniform_k1",1219,"ADRA2C",1.26052450867276e-05,NA,NA,NA
"run02_uniform_k1",1220,"MGST1",0,NA,NA,NA
"run02_uniform_k1",1221,"PRL",2.17984549072403e-05,NA,NA,NA
"run02_uniform_k1",1222,"CACNB2",2.53388741833227e-06,NA,NA,NA
"run02_uniform_k1",1223,"BHLHE40",0,NA,NA,NA
"run02_uniform_k1",1224,"NR1H4",0.000150320210463128,NA,NA,NA
"run02_uniform_k1",1225,"CCR6",0,NA,NA,NA
"run02_uniform_k1",1226,"ATF6",1.47631880090815e-05,NA,NA,NA
"run02_uniform_k1",1227,"SOD1",0.00055040968937059,NA,NA,NA
"run02_uniform_k1",1228,"CSAD",0,NA,NA,NA
"run02_uniform_k1",1229,"PPARD",4.39109792027548e-05,NA,NA,NA
"run02_uniform_k1",1230,"PARK7",5.03123803161643e-05,NA,NA,NA
"run02_uniform_k1",1231,"PAPSS2",2.08994383624761e-05,NA,NA,NA
"run02_uniform_k1",1232,"ADAMTS4",0,NA,NA,NA
"run02_uniform_k1",1233,"MCU",0,NA,NA,NA
"run02_uniform_k1",1234,"SRPK2",0,NA,NA,NA
"run02_uniform_k1",1235,"ACTA2",4.98567078929257e-05,NA,NA,NA
"run02_uniform_k1",1236,"PGRMC1",1.54584083279508e-05,NA,NA,NA
"run02_uniform_k1",1237,"ATF7",0.00117103741166447,NA,NA,NA
"run02_uniform_k1",1238,"CHRNA7",7.98054415862559e-05,NA,NA,NA
"run02_uniform_k1",1239,"GRIN2B",0.000317728868907574,NA,NA,NA
"run02_uniform_k1",1240,"CALCR",3.30019686509697e-05,NA,NA,NA
"run02_uniform_k1",1241,"TRPC5",4.86789497714524e-05,NA,NA,NA
"run02_uniform_k1",1242,"SNAI1",9.50644381658705e-07,NA,NA,NA
"run02_uniform_k1",1243,"TJP1",0.000326838626150905,NA,NA,NA
"run02_uniform_k1",1244,"NRXN1",6.46433704953875e-05,NA,NA,NA
"run02_uniform_k1",1245,"LGALS3",1.90104129516033e-06,NA,NA,NA
"run02_uniform_k1",1246,"XPO1",1.66633213304346e-05,NA,NA,NA
"run02_uniform_k1",1247,"IGFBP6",0,NA,NA,NA
"run02_uniform_k1",1248,"MAP1LC3B",8.68078161708752e-06,NA,NA,NA
"run02_uniform_k1",1249,"RARB",1.39344317841017e-05,NA,NA,NA
"run02_uniform_k1",1250,"CHRM1",6.15364589550138e-05,NA,NA,NA
"run02_uniform_k1",1251,"KCNH6",1.57066122082883e-05,NA,NA,NA
"run02_uniform_k1",1252,"SULT2A1",1.31748566971623e-05,NA,NA,NA
"run02_uniform_k1",1253,"FOXO3",4.79174602721066e-05,NA,NA,NA
"run02_uniform_k1",1254,"PFAS",0,NA,NA,NA
"run02_uniform_k1",1255,"ATG12",0,NA,NA,NA
"run02_uniform_k1",1256,"MMP10",1.00093054868911e-05,NA,NA,NA
"run02_uniform_k1",1257,"GPD1",0,NA,NA,NA
"run02_uniform_k1",1258,"GLDC",4.87735973941916e-06,NA,NA,NA
"run02_uniform_k1",1259,"ATR",0,NA,NA,NA
"run02_uniform_k1",1260,"CHRNB3",0,NA,NA,NA
"run02_uniform_k1",1261,"TYR",3.79481492692735e-05,NA,NA,NA
"run02_uniform_k1",1262,"SLC5A5",3.67365014874999e-06,NA,NA,NA
"run02_uniform_k1",1263,"UCP3",0,NA,NA,NA
"run02_uniform_k1",1264,"S100A7A",0,NA,NA,NA
"run02_uniform_k1",1265,"CFTR",0.00160265872797649,NA,NA,NA
"run02_uniform_k1",1266,"ERBB3",0,NA,NA,NA
"run02_uniform_k1",1267,"MMP1",6.13390297496963e-05,NA,NA,NA
"run02_uniform_k1",1268,"VWF",5.62078033525815e-05,NA,NA,NA
"run02_uniform_k1",1269,"AGTR1",7.87895413547623e-05,NA,NA,NA
"run02_uniform_k1",1270,"SREBF1",0.000334685132546086,NA,NA,NA
"run02_uniform_k1",1271,"CSF2",1.26743081751979e-06,NA,NA,NA
"run02_uniform_k1",1272,"GRIN1",6.96987215653699e-06,NA,NA,NA
"run02_uniform_k1",1273,"ZEB2",0,NA,NA,NA
"run02_uniform_k1",1274,"PTGER4",5.57531554357116e-06,NA,NA,NA
"run02_uniform_k1",1275,"UGT1A3",1.26699491542759e-06,NA,NA,NA
"run02_uniform_k1",1276,"PDE4D",1.08964365290731e-05,NA,NA,NA
"run02_uniform_k1",1277,"ASPA",0,NA,NA,NA
"run02_uniform_k1",1278,"HTR1D",0,NA,NA,NA
"run02_uniform_k1",1279,"PTX3",0,NA,NA,NA
"run02_uniform_k1",1280,"CREB1",0.000475073453506725,NA,NA,NA
"run02_uniform_k1",1281,"PIK3CA",2.52878809748891e-05,NA,NA,NA
"run02_uniform_k1",1282,"SLC2A2",5.38855759126822e-05,NA,NA,NA
"run02_uniform_k1",1283,"PLAU",9.12459578450431e-06,NA,NA,NA
"run02_uniform_k1",1284,"CASP8",8.23939107075233e-06,NA,NA,NA
"run02_uniform_k1",1285,"DRD3",0,NA,NA,NA
"run02_uniform_k1",1286,"TFF2",0,NA,NA,NA
"run02_uniform_k1",1287,"CASR",1.85576382838448e-05,NA,NA,NA
"run02_uniform_k1",1288,"PIK3CA",2.52878809748891e-05,NA,NA,NA
"run02_uniform_k1",1289,"TRPM3",0,NA,NA,NA
"run02_uniform_k1",1290,"HRH1",0,NA,NA,NA
"run02_uniform_k1",1291,"PRKAB1",0,NA,NA,NA
"run02_uniform_k1",1292,"CPT1C",0,NA,NA,NA
"run02_uniform_k1",1293,"CDKN1A",2.78509173701202e-05,NA,NA,NA
"run02_uniform_k1",1294,"AR",0.000302154756725348,NA,NA,NA
"run02_uniform_k1",1295,"YY1",6.08348672959114e-06,NA,NA,NA
"run02_uniform_k1",1296,"KCNJ8",1.89387005555819e-05,NA,NA,NA
"run02_uniform_k1",1297,"POLE4",6.33352637668949e-07,NA,NA,NA
"run02_uniform_k1",1298,"NCOA2",3.54820525111377e-05,NA,NA,NA
"run02_uniform_k1",1299,"HCRTR2",0,NA,NA,NA
"run02_uniform_k1",1300,"FGF1",4.22001056762378e-05,NA,NA,NA
"run02_uniform_k1",1301,"RPS6KA3",0,NA,NA,NA
"run02_uniform_k1",1302,"PDE4D",1.08964365290731e-05,NA,NA,NA
"run02_uniform_k1",1303,"BAK1",0,NA,NA,NA
"run02_uniform_k1",1304,"CYC1",4.87786738601059e-06,NA,NA,NA
"run02_uniform_k1",1305,"CHEK2",2.4076159734765e-06,NA,NA,NA
"run02_uniform_k1",1306,"APOE",0.000621735352925756,NA,NA,NA
"run02_uniform_k1",1307,"ATF5",6.59972627514716e-05,NA,NA,NA
"run02_uniform_k1",1308,"GCLM",0,NA,NA,NA
"run02_uniform_k1",1309,"RGN",1.78637354256717e-05,NA,NA,NA
"run02_uniform_k1",1310,"CYP3A5",2.12871813713988e-05,NA,NA,NA
"run02_uniform_k1",1311,"ALDOA",1.76112505224646e-05,NA,NA,NA
"run02_uniform_k1",1312,"CASP9",0,NA,NA,NA
"run02_uniform_k1",1313,"COL1A1",0.000181222784889745,NA,NA,NA
"run02_uniform_k1",1314,"PARK7",5.03123803161643e-05,NA,NA,NA
"run02_uniform_k1",1315,"TYR",3.79481492692735e-05,NA,NA,NA
"run02_uniform_k1",1316,"IL18",2.23696138260676e-05,NA,NA,NA
"run02_uniform_k1",1317,"CELF1",0,NA,NA,NA
"run02_uniform_k1",1318,"UGT1A3",1.26699491542759e-06,NA,NA,NA
"run02_uniform_k1",1319,"GLA",5.69983816256503e-06,NA,NA,NA
"run02_uniform_k1",1320,"ACTB",0.0035966824210889,NA,NA,NA
"run02_uniform_k1",1321,"AMY2A",0,NA,NA,NA
"run02_uniform_k1",1322,"CCND3",6.33604306909952e-07,NA,NA,NA
"run02_uniform_k1",1323,"IGF2",1.43217522315942e-05,NA,NA,NA
"run02_uniform_k1",1324,"RB1",5.60807039972078e-05,NA,NA,NA
"run02_uniform_k1",1325,"NDUFV3",0,NA,NA,NA
"run02_uniform_k1",1326,"SOCS3",1.47020577304646e-05,NA,NA,NA
"run02_uniform_k1",1327,"RUNX1T1",0,NA,NA,NA
"run02_uniform_k1",1328,"FGF23",6.25962068182551e-05,NA,NA,NA
"run02_uniform_k1",1329,"KCNJ2",0.00119679281819129,NA,NA,NA
"run02_uniform_k1",1330,"IMPDH2",1.60872446202109e-05,NA,NA,NA
"run02_uniform_k1",1331,"NAAA",0,NA,NA,NA
"run02_uniform_k1",1332,"GPR83",0,NA,NA,NA
"run02_uniform_k1",1333,"CYP1B1",1.26701867375623e-06,NA,NA,NA
"run02_uniform_k1",1334,"TEP1",0,NA,NA,NA
"run02_uniform_k1",1335,"CHRM3",0,NA,NA,NA
"run02_uniform_k1",1336,"SLC8A2",0,NA,NA,NA
"run02_uniform_k1",1337,"CHUK",1.55270045979483e-05,NA,NA,NA
"run02_uniform_k1",1338,"CALML3",0,NA,NA,NA
"run02_uniform_k1",1339,"NANOG",9.82225146706206e-06,NA,NA,NA
"run02_uniform_k1",1340,"TNFRSF10B",0,NA,NA,NA
"run02_uniform_k1",1341,"RUNX1T1",0,NA,NA,NA
"run02_uniform_k1",1342,"IL6",0.00104909499545724,NA,NA,NA
"run02_uniform_k1",1343,"PDE7B",0,NA,NA,NA
"run02_uniform_k1",1344,"CBR3",0,NA,NA,NA
"run02_uniform_k1",1345,"PLEK",3.16787882370662e-06,NA,NA,NA
"run02_uniform_k1",1346,"GRIA1",1.90084712514693e-06,NA,NA,NA
"run02_uniform_k1",1347,"GABBR1",0.000629351098106912,NA,NA,NA
"run02_uniform_k1",1348,"CXCL2",0,NA,NA,NA
"run02_uniform_k1",1349,"SCN1B",0.00123489854843939,NA,NA,NA
"run02_uniform_k1",1350,"F12",0,NA,NA,NA
"run02_uniform_k1",1351,"MT-CYB",0.000203007681716216,NA,NA,NA
"run02_uniform_k1",1352,"PDE5A",1.15913843198312e-05,NA,NA,NA
"run02_uniform_k1",1353,"ATF1",3.16751357498646e-06,NA,NA,NA
"run02_uniform_k1",1354,"CHRNA9",1.46296272366397e-05,NA,NA,NA
"run02_uniform_k1",1355,"KCNJ11",0.00241899994818762,NA,NA,NA
"run02_uniform_k1",1356,"TFEB",4.43464879762434e-06,NA,NA,NA
"run02_uniform_k1",1357,"GRIN2B",0.000317728868907574,NA,NA,NA
"run02_uniform_k1",1358,"ITGB3",8.18152205451783e-05,NA,NA,NA
"run02_uniform_k1",1359,"RYR2",4.78345186669671e-05,NA,NA,NA
"run02_uniform_k1",1360,"AASS",1.96337880520314e-06,NA,NA,NA
"run02_uniform_k1",1361,"RYR2",4.78345186669671e-05,NA,NA,NA
"run02_uniform_k1",1362,"ITGAL",2.85118848919463e-06,NA,NA,NA
"run02_uniform_k1",1363,"BIRC2",2.53453445775431e-06,NA,NA,NA
"run02_uniform_k1",1364,"DNPEP",0,NA,NA,NA
"run02_uniform_k1",1365,"SMAD2",3.42235274195524e-05,NA,NA,NA
"run02_uniform_k1",1366,"IL33",0,NA,NA,NA
"run02_uniform_k1",1367,"KCNJ8",1.89387005555819e-05,NA,NA,NA
"run02_uniform_k1",1368,"ACSL4",0,NA,NA,NA
"run02_uniform_k1",1369,"CALR",4.38793673526172e-05,NA,NA,NA
"run02_uniform_k1",1370,"PRKAB1",0,NA,NA,NA
"run02_uniform_k1",1371,"CD274",2.2623615720252e-05,NA,NA,NA
"run02_uniform_k1",1372,"AKT2",0,NA,NA,NA
"run02_uniform_k1",1373,"CASP6",1.26723751903146e-06,NA,NA,NA
"run02_uniform_k1",1374,"PEMT",2.1976081664099e-05,NA,NA,NA
"run02_uniform_k1",1375,"DBH",9.818852931609e-06,NA,NA,NA
"run02_uniform_k1",1376,"RUNX2",0.000299161144537541,NA,NA,NA
"run02_uniform_k1",1377,"FOXO1",0.000280307095370635,NA,NA,NA
"run02_uniform_k1",1378,"FXN",3.98458264223578e-05,NA,NA,NA
"run02_uniform_k1",1379,"CYP27C1",0,NA,NA,NA
"run02_uniform_k1",1380,"SLC11A1",0,NA,NA,NA
"run02_uniform_k1",1381,"RBL1",0,NA,NA,NA
"run02_uniform_k1",1382,"TRPM4",3.67379046295468e-05,NA,NA,NA
"run02_uniform_k1",1383,"AQP9",0,NA,NA,NA
"run02_uniform_k1",1384,"PLK4",2.22339198402421e-05,NA,NA,NA
"run02_uniform_k1",1385,"FUS",6.90480253662251e-06,NA,NA,NA
"run02_uniform_k1",1386,"GANAB",0,NA,NA,NA
"run02_uniform_k1",1387,"BAX",8.97923976903581e-05,NA,NA,NA
"run02_uniform_k1",1388,"NOX4",3.0792080655373e-05,NA,NA,NA
"run02_uniform_k1",1389,"AKR1A1",6.17051045759265e-06,NA,NA,NA
"run02_uniform_k1",1390,"CELF1",0,NA,NA,NA
"run02_uniform_k1",1391,"TG",5.56234870203731e-05,NA,NA,NA
"run02_uniform_k1",1392,"UGT1A9",0,NA,NA,NA
"run02_uniform_k1",1393,"NOX4",3.0792080655373e-05,NA,NA,NA
"run02_uniform_k1",1394,"TYMS",0.000142484575824997,NA,NA,NA
"run02_uniform_k1",1395,"KLK3",0.00125308407979507,NA,NA,NA
"run02_uniform_k1",1396,"CDC25A",1.90080256301517e-06,NA,NA,NA
"run02_uniform_k1",1397,"PNRC2",0,NA,NA,NA
"run02_uniform_k1",1398,"LPCAT2",0,NA,NA,NA
"run02_uniform_k1",1399,"FADS2",4.0853135067076e-05,NA,NA,NA
"run02_uniform_k1",1400,"UGT1A3",1.26699491542759e-06,NA,NA,NA
"run02_uniform_k1",1401,"CCR6",0,NA,NA,NA
"run02_uniform_k1",1402,"ARF1",2.85051391907265e-05,NA,NA,NA
"run02_uniform_k1",1403,"CACNA1G",7.41987078123341e-05,NA,NA,NA
"run02_uniform_k1",1404,"CASQ1",2.53341735867441e-06,NA,NA,NA
"run02_uniform_k1",1405,"EDN1",0.000187385953273167,NA,NA,NA
"run02_uniform_k1",1406,"FBP1",7.28503339286757e-06,NA,NA,NA
"run02_uniform_k1",1407,"GNMT",0,NA,NA,NA
"run02_uniform_k1",1408,"BMI1",2.14799290956247e-05,NA,NA,NA
"run02_uniform_k1",1409,"CMA1",0,NA,NA,NA
"run02_uniform_k1",1410,"AFM",0,NA,NA,NA
"run02_uniform_k1",1411,"MSI1",0,NA,NA,NA
"run02_uniform_k1",1412,"CMA1",0,NA,NA,NA
"run02_uniform_k1",1413,"ANXA5",7.92192003495895e-06,NA,NA,NA
"run02_uniform_k1",1414,"DRD1",0.000110991854724962,NA,NA,NA
"run02_uniform_k1",1415,"VKORC1",4.64325427618206e-05,NA,NA,NA
"run02_uniform_k1",1416,"HDAC5",0,NA,NA,NA
"run02_uniform_k1",1417,"BCL2L1",5.13395632928404e-05,NA,NA,NA
"run02_uniform_k1",1418,"LPCAT2",0,NA,NA,NA
"run02_uniform_k1",1419,"CCL2",3.6509767629811e-05,NA,NA,NA
"run02_uniform_k1",1420,"CBR3",0,NA,NA,NA
"run02_uniform_k1",1421,"KCNH6",1.57066122082883e-05,NA,NA,NA
"run02_uniform_k1",1422,"LPCAT2",0,NA,NA,NA
"run02_uniform_k1",1423,"TUBB4B",6.33455001119998e-07,NA,NA,NA
"run02_uniform_k1",1424,"IRAK1",2.62328604830886e-05,NA,NA,NA
"run02_uniform_k1",1425,"NR3C1",8.7083319149972e-05,NA,NA,NA
"run02_uniform_k1",1426,"SLC11A1",0,NA,NA,NA
"run02_uniform_k1",1427,"PLG",0.000475913758970048,NA,NA,NA
"run02_uniform_k1",1428,"AKR1B1",1.36198355478179e-05,NA,NA,NA
"run02_uniform_k1",1429,"CREB1",0.000475073453506725,NA,NA,NA
"run02_uniform_k1",1430,"PTPN6",0,NA,NA,NA
"run02_uniform_k1",1431,"CD40LG",1.90089891605183e-06,NA,NA,NA
"run02_uniform_k1",1432,"KCND3",0.00107729447119487,NA,NA,NA
"run02_uniform_k1",1433,"RPS6KB1",2.01533684008881e-05,NA,NA,NA
"run02_uniform_k1",1434,"GJA1",0.000128446445619601,NA,NA,NA
"run02_uniform_k1",1435,"GABRD",9.49995296650741e-07,NA,NA,NA
"run02_uniform_k1",1436,"GOT2",0.00078289580737978,NA,NA,NA
"run02_uniform_k1",1437,"DKK1",0,NA,NA,NA
"run02_uniform_k1",1438,"PPT1",8.42388961930229e-06,NA,NA,NA
"run02_uniform_k1",1439,"AKR1B1",1.36198355478179e-05,NA,NA,NA
"run02_uniform_k1",1440,"CYP2D6",2.95879994604009e-05,NA,NA,NA
"run02_uniform_k1",1441,"KCNMA1",2.73028963679867e-05,NA,NA,NA
"run02_uniform_k1",1442,"POU5F1",3.4853680447311e-06,NA,NA,NA
"run02_uniform_k1",1443,"TFRC",0.000239327299633385,NA,NA,NA
"run02_uniform_k1",1444,"ALAS1",5.9411598420489e-05,NA,NA,NA
"run02_uniform_k1",1445,"AASS",1.96337880520314e-06,NA,NA,NA
"run02_uniform_k1",1446,"AHCYL1",1.90022934498657e-06,NA,NA,NA
"run02_uniform_k1",1447,"MAOB",5.4236212515657e-05,NA,NA,NA
"run02_uniform_k1",1448,"ADH6",4.11775851749674e-06,NA,NA,NA
"run02_uniform_k1",1449,"RCAN1",0,NA,NA,NA
"run02_uniform_k1",1450,"CACNA2D3",0,NA,NA,NA
"run02_uniform_k1",1451,"PDE1B",3.71225818049936e-05,NA,NA,NA
"run02_uniform_k1",1452,"STAT3",0.000956982443180987,NA,NA,NA
"run02_uniform_k1",1453,"ARF5",0,NA,NA,NA
"run02_uniform_k1",1454,"SLC8A2",0,NA,NA,NA
"run02_uniform_k1",1455,"KLK5",0,NA,NA,NA
"run02_uniform_k1",1456,"CDKN2A",0.000523536323894791,NA,NA,NA
"run02_uniform_k1",1457,"CTSG",5.59397568715703e-05,NA,NA,NA
"run02_uniform_k1",1458,"ATP1A2",4.63378248599655e-05,NA,NA,NA
"run02_uniform_k1",1459,"MPO",0.000259217982351401,NA,NA,NA
"run02_uniform_k1",1460,"EGF",0.000230000691015642,NA,NA,NA
"run02_uniform_k1",1461,"KEAP1",8.90865911317151e-05,NA,NA,NA
"run02_uniform_k1",1462,"VEGFC",0,NA,NA,NA
"run02_uniform_k1",1463,"DDB1",2.07812890326009e-05,NA,NA,NA
"run02_uniform_k1",1464,"GABRR3",0,NA,NA,NA
"run02_uniform_k1",1465,"HDAC7",6.01926074750292e-06,NA,NA,NA
"run02_uniform_k1",1466,"XIAP",6.16233323891269e-05,NA,NA,NA
"run02_uniform_k1",1467,"ADH6",4.11775851749674e-06,NA,NA,NA
"run02_uniform_k1",1468,"KCNN2",6.33510621184108e-07,NA,NA,NA
"run02_uniform_k1",1469,"COL1A2",8.49027404237201e-06,NA,NA,NA
"run02_uniform_k1",1470,"GSTM2",0,NA,NA,NA
"run02_uniform_k1",1471,"CELF1",0,NA,NA,NA
"run02_uniform_k1",1472,"RASGRF1",5.25865086087318e-06,NA,NA,NA
"run02_uniform_k1",1473,"PTGER4",5.57531554357116e-06,NA,NA,NA
"run02_uniform_k1",1474,"PRKAG2",0.00023019859617357,NA,NA,NA
"run02_uniform_k1",1475,"DRD1",0.000110991854724962,NA,NA,NA
"run02_uniform_k1",1476,"TOP2A",1.51432024206866e-05,NA,NA,NA
"run02_uniform_k1",1477,"HTR1A",8.14355352558582e-05,NA,NA,NA
"run02_uniform_k1",1478,"SHH",1.43206732026169e-05,NA,NA,NA
"run02_uniform_k1",1479,"AGXT2",0.000181321349120078,NA,NA,NA
"run02_uniform_k1",1480,"HDAC1",0.00033891246936113,NA,NA,NA
"run02_uniform_k1",1481,"EPHB6",0,NA,NA,NA
"run02_uniform_k1",1482,"SCN1A",4.8526600018195e-05,NA,NA,NA
"run02_uniform_k1",1483,"ALOX12",1.1402958573159e-05,NA,NA,NA
"run02_uniform_k1",1484,"MAPK9",3.16862262561557e-06,NA,NA,NA
"run02_uniform_k1",1485,"GRIK1",0,NA,NA,NA
"run02_uniform_k1",1486,"UGT1A9",0,NA,NA,NA
"run02_uniform_k1",1487,"LDLR",0,NA,NA,NA
"run02_uniform_k1",1488,"CALM3",0.000527160893726952,NA,NA,NA
"run02_uniform_k1",1489,"IGF1",0.000380119663706879,NA,NA,NA
"run02_uniform_k1",1490,"KHK",0,NA,NA,NA
"run02_uniform_k1",1491,"ELK1",0,NA,NA,NA
"run02_uniform_k1",1492,"MGAM",0.000137027144681112,NA,NA,NA
"run02_uniform_k1",1493,"TYMS",0.000142484575824997,NA,NA,NA
"run02_uniform_k1",1494,"GRIN2C",0,NA,NA,NA
"run02_uniform_k1",1495,"RAC2",7.2870543702308e-05,NA,NA,NA
"run02_uniform_k1",1496,"OAZ1",0,NA,NA,NA
"run02_uniform_k1",1497,"PPP2CA",7.29428022572254e-05,NA,NA,NA
"run02_uniform_k1",1498,"ADA",5.3173443308685e-05,NA,NA,NA
"run02_uniform_k1",1499,"MAPT",0.000248151462638568,NA,NA,NA
"run02_uniform_k1",1500,"HTR1B",2.2171580924546e-06,NA,NA,NA
"run02_uniform_k1",1501,"NOD2",2.72727341009693e-05,NA,NA,NA
"run02_uniform_k1",1502,"NOS2",2.38274351227474e-05,NA,NA,NA
"run02_uniform_k1",1503,"CYP2E1",0.000529547743911452,NA,NA,NA
"run02_uniform_k1",1504,"ABCA7",0,NA,NA,NA
"run02_uniform_k1",1505,"HMOX1",0.000383241490365949,NA,NA,NA
"run02_uniform_k1",1506,"CDT1",1.38729255214631e-05,NA,NA,NA
"run02_uniform_k1",1507,"HSPB1",6.97066364507837e-06,NA,NA,NA
"run02_uniform_k1",1508,"RASSF1",1.82470571705728e-05,NA,NA,NA
"run02_uniform_k1",1509,"S100A8",5.866975145008e-05,NA,NA,NA
"run02_uniform_k1",1510,"PDE10A",6.52492584996001e-06,NA,NA,NA
"run02_uniform_k1",1511,"CSF3",4.44861479179659e-05,NA,NA,NA
"run02_uniform_k1",1512,"NR1H4",0.000150320210463128,NA,NA,NA
"run02_uniform_k1",1513,"HIF1A",0.000545020548238462,NA,NA,NA
"run02_uniform_k1",1514,"BMP4",1.58394663751782e-06,NA,NA,NA
"run02_uniform_k1",1515,"FASLG",6.21033622971723e-06,NA,NA,NA
"run02_uniform_k1",1516,"MITF",2.87659544899732e-05,NA,NA,NA
"run02_uniform_k1",1517,"TNFAIP6",4.94186435140431e-06,NA,NA,NA
"run02_uniform_k1",1518,"SRPK1",0.00108816969760961,NA,NA,NA
"run02_uniform_k1",1519,"ATG7",2.9146658695467e-06,NA,NA,NA
"run02_uniform_k1",1520,"CSF3",4.44861479179659e-05,NA,NA,NA
"run02_uniform_k1",1521,"TEK",0,NA,NA,NA
"run02_uniform_k1",1522,"OAT",1.33641726925982e-05,NA,NA,NA
"run02_uniform_k1",1523,"PTPN1",3.86549374464806e-06,NA,NA,NA
"run02_uniform_k1",1524,"STXBP1",8.80325064156473e-06,NA,NA,NA
"run02_uniform_k1",1525,"CYP1B1",1.26701867375623e-06,NA,NA,NA
"run02_uniform_k1",1526,"PLB1",0.00110895479500295,NA,NA,NA
"run02_uniform_k1",1527,"S100A13",2.28031262317074e-06,NA,NA,NA
"run02_uniform_k1",1528,"SLC18A2",1.33665330134258e-05,NA,NA,NA
"run02_uniform_k1",1529,"SERPINE1",0.000106720941403182,NA,NA,NA
"run02_uniform_k1",1530,"KCNJ8",1.89387005555819e-05,NA,NA,NA
"run02_uniform_k1",1531,"CALR",4.38793673526172e-05,NA,NA,NA
"run02_uniform_k1",1532,"ATOX1",0,NA,NA,NA
"run02_uniform_k1",1533,"ALDOA",1.76112505224646e-05,NA,NA,NA
"run02_uniform_k1",1534,"GPR35",0,NA,NA,NA
"run02_uniform_k1",1535,"ACTBL2",0,NA,NA,NA
"run02_uniform_k1",1536,"HCRT",0.000169339993540296,NA,NA,NA
"run02_uniform_k1",1537,"ATF2",1.14067009802099e-05,NA,NA,NA
"run02_uniform_k1",1538,"ATF7",0.00117103741166447,NA,NA,NA
"run02_uniform_k1",1539,"ACAA2",8.36077927990342e-06,NA,NA,NA
"run02_uniform_k1",1540,"AIMP2",0,NA,NA,NA
"run02_uniform_k1",1541,"S100A8",5.866975145008e-05,NA,NA,NA
"run02_uniform_k1",1542,"CHRNA5",1.55794812480847e-05,NA,NA,NA
"run02_uniform_k1",1543,"SREBF2",1.69818952083789e-05,NA,NA,NA
"run02_uniform_k1",1544,"ATF4",6.17859641668383e-05,NA,NA,NA
"run02_uniform_k1",1545,"CACNA1E",0,NA,NA,NA
"run02_uniform_k1",1546,"ADA",5.3173443308685e-05,NA,NA,NA
"run02_uniform_k1",1547,"AKR1A1",6.17051045759265e-06,NA,NA,NA
"run02_uniform_k1",1548,"KRT2",0,NA,NA,NA
"run02_uniform_k1",1549,"APP",0.00112835552814228,NA,NA,NA
"run02_uniform_k1",1550,"PRL",2.17984549072403e-05,NA,NA,NA
"run02_uniform_k1",1551,"GABRB1",1.70995530076601e-05,NA,NA,NA
"run02_uniform_k1",1552,"PTAFR",0,NA,NA,NA
"run02_uniform_k1",1553,"CYP24A1",2.95788072831593e-05,NA,NA,NA
"run02_uniform_k1",1554,"CACNA1A",0.000251442934202317,NA,NA,NA
"run02_uniform_k1",1555,"DGAT1",0.000583801314570143,NA,NA,NA
"run02_uniform_k1",1556,"AR",0.000302154756725348,NA,NA,NA
"run02_uniform_k1",1557,"SLC2A2",5.38855759126822e-05,NA,NA,NA
"run02_uniform_k1",1558,"TFEB",4.43464879762434e-06,NA,NA,NA
"run02_uniform_k1",1559,"SLC11A1",0,NA,NA,NA
"run02_uniform_k1",1560,"PLB1",0.00110895479500295,NA,NA,NA
"run02_uniform_k1",1561,"OPRM1",8.74989474437537e-05,NA,NA,NA
"run02_uniform_k1",1562,"NUF2",6.20773671455854e-06,NA,NA,NA
"run02_uniform_k1",1563,"CHRNA5",1.55794812480847e-05,NA,NA,NA
"run02_uniform_k1",1564,"LGALS1",0,NA,NA,NA
"run02_uniform_k1",1565,"MAPK9",3.16862262561557e-06,NA,NA,NA
"run02_uniform_k1",1566,"AIMP2",0,NA,NA,NA
"run02_uniform_k1",1567,"ADCY1",8.87083575196179e-06,NA,NA,NA
"run02_uniform_k1",1568,"ACAA2",8.36077927990342e-06,NA,NA,NA
"run02_uniform_k1",1569,"DSPP",0,NA,NA,NA
"run02_uniform_k1",1570,"RARB",1.39344317841017e-05,NA,NA,NA
"run02_uniform_k1",1571,"MAP2K1",0,NA,NA,NA
"run02_uniform_k1",1572,"ITGA5",0.00127400659039045,NA,NA,NA
"run02_uniform_k1",1573,"HNRNPA1",0.0011965986405017,NA,NA,NA
"run02_uniform_k1",1574,"METTL3",0,NA,NA,NA
"run02_uniform_k1",1575,"ACTR1B",0,NA,NA,NA
"run02_uniform_k1",1576,"ADRA1A",0,NA,NA,NA
"run02_uniform_k1",1577,"SKP2",4.435492915289e-06,NA,NA,NA
"run02_uniform_k1",1578,"SCNN1A",5.25143809567696e-05,NA,NA,NA
"run02_uniform_k1",1579,"CYP2C8",0,NA,NA,NA
"run02_uniform_k1",1580,"HMGB1",1.24840005174542e-05,NA,NA,NA
"run02_uniform_k1",1581,"BDNF",0.000792185293056469,NA,NA,NA
"run02_uniform_k1",1582,"TNFRSF9",0,NA,NA,NA
"run02_uniform_k1",1583,"SPI1",3.16810202792839e-05,NA,NA,NA
"run02_uniform_k1",1584,"ESRRB",2.36306737284586e-05,NA,NA,NA
"run02_uniform_k1",1585,"MAP1LC3B",8.68078161708752e-06,NA,NA,NA
"run02_uniform_k1",1586,"P4HB",2.24939291733062e-05,NA,NA,NA
"run02_uniform_k1",1587,"CTSD",0.000133066364187417,NA,NA,NA
"run02_uniform_k1",1588,"FEN1",1.98912329634204e-05,NA,NA,NA
"run02_uniform_k1",1589,"AOX1",0.000679762836007236,NA,NA,NA
"run02_uniform_k1",1590,"MYH6",5.61947915448391e-05,NA,NA,NA
"run02_uniform_k1",1591,"MPO",0.000259217982351401,NA,NA,NA
"run02_uniform_k1",1592,"TACR1",0,NA,NA,NA
"run02_uniform_k1",1593,"TXN",0.000162772847540738,NA,NA,NA
"run02_uniform_k1",1594,"PLAT",2.05933169041828e-05,NA,NA,NA
"run02_uniform_k1",1595,"OPRM1",8.74989474437537e-05,NA,NA,NA
"run02_uniform_k1",1596,"TUBA1C",0,NA,NA,NA
"run02_uniform_k1",1597,"PRKCZ",0.00127837750571802,NA,NA,NA
"run02_uniform_k1",1598,"BHLHE40",0,NA,NA,NA
"run02_uniform_k1",1599,"TRPM7",0,NA,NA,NA
"run02_uniform_k1",1600,"CHRNA5",1.55794812480847e-05,NA,NA,NA
"run02_uniform_k1",1601,"RYR1",8.59077355945814e-05,NA,NA,NA
"run02_uniform_k1",1602,"HTR1B",2.2171580924546e-06,NA,NA,NA
"run02_uniform_k1",1603,"PTGER3",1.07329013246948e-05,NA,NA,NA
"run02_uniform_k1",1604,"CX3CR1",0,NA,NA,NA
"run02_uniform_k1",1605,"DHFR",0.000279606338591143,NA,NA,NA
"run02_uniform_k1",1606,"CDKN1A",2.78509173701202e-05,NA,NA,NA
"run02_uniform_k1",1607,"CMA1",0,NA,NA,NA
"run02_uniform_k1",1608,"ODC1",0.00121583500905476,NA,NA,NA
"run02_uniform_k1",1609,"TIMP2",0,NA,NA,NA
"run02_uniform_k1",1610,"MTOR",0.000351853732282081,NA,NA,NA
"run02_uniform_k1",1611,"TUBA1A",1.10247379909723e-05,NA,NA,NA
"run02_uniform_k1",1612,"DUOX2",0.00118948957190246,NA,NA,NA
"run02_uniform_k1",1613,"SULT2A1",1.31748566971623e-05,NA,NA,NA
"run02_uniform_k1",1614,"CXCL2",0,NA,NA,NA
"run02_uniform_k1",1615,"KCNH6",1.57066122082883e-05,NA,NA,NA
"run02_uniform_k1",1616,"CCR7",5.06918390497102e-06,NA,NA,NA
"run02_uniform_k1",1617,"CYCS",0.0019228192201588,NA,NA,NA
"run02_uniform_k1",1618,"HCAR2",0,NA,NA,NA
"run02_uniform_k1",1619,"SLC8A2",0,NA,NA,NA
"run02_uniform_k1",1620,"NTRK2",0.000178668928783821,NA,NA,NA
"run02_uniform_k1",1621,"HDAC8",0,NA,NA,NA
"run02_uniform_k1",1622,"ADAMTS4",0,NA,NA,NA
"run02_uniform_k1",1623,"PARP1",0.000202075672702362,NA,NA,NA
"run02_uniform_k1",1624,"SPP1",0.000133522093562433,NA,NA,NA
"run02_uniform_k1",1625,"GAA",0,NA,NA,NA
"run02_uniform_k1",1626,"OR51E1",0,NA,NA,NA
"run02_uniform_k1",1627,"RAPGEF4",2.51523475149895e-05,NA,NA,NA
"run02_uniform_k1",1628,"KCNN2",6.33510621184108e-07,NA,NA,NA
"run02_uniform_k1",1629,"AXIN2",0,NA,NA,NA
"run02_uniform_k1",1630,"TUBA1C",0,NA,NA,NA
"run02_uniform_k1",1631,"IGF1",0.000380119663706879,NA,NA,NA
"run02_uniform_k1",1632,"SLC6A8",0,NA,NA,NA
"run02_uniform_k1",1633,"CCL22",0,NA,NA,NA
"run02_uniform_k1",1634,"CD55",7.47448208604506e-06,NA,NA,NA
"run02_uniform_k1",1635,"PTEN",0.000112385888386912,NA,NA,NA
"run02_uniform_k1",1636,"TRAF6",3.65690661311424e-05,NA,NA,NA
"run02_uniform_k1",1637,"DNM1L",6.33522741710912e-07,NA,NA,NA
"run02_uniform_k1",1638,"DLG4",0.000800645688133095,NA,NA,NA
"run02_uniform_k1",1639,"AKT1",0.00346325271049452,NA,NA,NA
"run02_uniform_k1",1640,"AHCYL1",1.90022934498657e-06,NA,NA,NA
"run02_uniform_k1",1641,"CCR6",0,NA,NA,NA
"run02_uniform_k1",1642,"GCLM",0,NA,NA,NA
"run02_uniform_k1",1643,"PTEN",0.000112385888386912,NA,NA,NA
"run02_uniform_k1",1644,"BMPR2",8.59954951424324e-05,NA,NA,NA
"run02_uniform_k1",1645,"GLDC",4.87735973941916e-06,NA,NA,NA
"run02_uniform_k1",1646,"SIGMAR1",0.000141138269685426,NA,NA,NA
"run02_uniform_k1",1647,"PPP3R1",0,NA,NA,NA
"run02_uniform_k1",1648,"BCL2",0.00028337947071766,NA,NA,NA
"run02_uniform_k1",1649,"NOX4",3.0792080655373e-05,NA,NA,NA
"run02_uniform_k1",1650,"JDP2",0,NA,NA,NA
"run02_uniform_k1",1651,"PRKCG",2.62982428581582e-05,NA,NA,NA
"run02_uniform_k1",1652,"NPPB",3.61091583611639e-06,NA,NA,NA
"run02_uniform_k1",1653,"WEE1",0,NA,NA,NA
"run02_uniform_k1",1654,"HCN4",0.00104282749963691,NA,NA,NA
"run02_uniform_k1",1655,"CRTC2",2.09096071963621e-05,NA,NA,NA
"run02_uniform_k1",1656,"F12",0,NA,NA,NA
"run02_uniform_k1",1657,"MT-CYB",0.000203007681716216,NA,NA,NA
"run02_uniform_k1",1658,"PTGES2",2.81266331965124e-05,NA,NA,NA
"run02_uniform_k1",1659,"RPL17",9.4906952489815e-05,NA,NA,NA
"run02_uniform_k1",1660,"HNF4A",0.000115908516808982,NA,NA,NA
"run02_uniform_k1",1661,"HSPA1B",2.53472574274216e-06,NA,NA,NA
"run02_uniform_k1",1662,"ABCB11",0,NA,NA,NA
"run02_uniform_k1",1663,"BAX",8.97923976903581e-05,NA,NA,NA
"run02_uniform_k1",1664,"GABRA1",0.000512519672648093,NA,NA,NA
"run02_uniform_k1",1665,"MAP3K5",7.04706361130958e-05,NA,NA,NA
"run02_uniform_k1",1666,"ALDH1A1",0.000768800994206509,NA,NA,NA
"run02_uniform_k1",1667,"KCNH7",0,NA,NA,NA
"run02_uniform_k1",1668,"ATG12",0,NA,NA,NA
"run02_uniform_k1",1669,"AANAT",0,NA,NA,NA
"run02_uniform_k1",1670,"TUBB4A",0,NA,NA,NA
"run02_uniform_k1",1671,"GPBAR1",0.00120167517532488,NA,NA,NA
"run02_uniform_k1",1672,"AURKA",5.49029298524406e-05,NA,NA,NA
"run02_uniform_k1",1673,"GNMT",0,NA,NA,NA
"run02_uniform_k1",1674,"LMNB1",7.2866286621176e-06,NA,NA,NA
"run02_uniform_k1",1675,"NLN",0,NA,NA,NA
"run02_uniform_k1",1676,"CPT1C",0,NA,NA,NA
"run02_uniform_k1",1677,"E2F2",0,NA,NA,NA
"run02_uniform_k1",1678,"GSTZ1",0,NA,NA,NA
"run02_uniform_k1",1679,"HNF4G",0,NA,NA,NA
"run02_uniform_k1",1680,"MAP1LC3B",8.68078161708752e-06,NA,NA,NA
"run02_uniform_k1",1681,"USP10",4.9733160998211e-05,NA,NA,NA
"run02_uniform_k1",1682,"MYLK",7.38323399127605e-05,NA,NA,NA
"run02_uniform_k1",1683,"CDKN1A",2.78509173701202e-05,NA,NA,NA
"run02_uniform_k1",1684,"PTH",0.00019439506068486,NA,NA,NA
"run02_uniform_k1",1685,"TRPV4",0.000106153420904809,NA,NA,NA
"run02_uniform_k1",1686,"DSPP",0,NA,NA,NA
"run02_uniform_k1",1687,"PRL",2.17984549072403e-05,NA,NA,NA
"run02_uniform_k1",1688,"ERN1",4.11862188642864e-06,NA,NA,NA
"run02_uniform_k1",1689,"TPMT",8.77949444514359e-05,NA,NA,NA
"run02_uniform_k1",1690,"RRM2B",0,NA,NA,NA
"run02_uniform_k1",1691,"CHRM1",6.15364589550138e-05,NA,NA,NA
"run02_uniform_k1",1692,"CACNG4",8.23535373972728e-06,NA,NA,NA
"run02_uniform_k1",1693,"CD40LG",1.90089891605183e-06,NA,NA,NA
"run02_uniform_k1",1694,"ABCG4",0,NA,NA,NA
"run02_uniform_k1",1695,"MCL1",1.67940085561424e-05,NA,NA,NA
"run02_uniform_k1",1696,"HERC5",0,NA,NA,NA
"run02_uniform_k1",1697,"ADORA2B",0,NA,NA,NA
"run02_uniform_k1",1698,"ACE2",6.17806475236016e-05,NA,NA,NA
"run02_uniform_k1",1699,"SRPK2",0,NA,NA,NA
"run02_uniform_k1",1700,"CYB5A",5.4039383747595e-05,NA,NA,NA
"run02_uniform_k1",1701,"SULT1A1",8.93034087123823e-06,NA,NA,NA
"run02_uniform_k1",1702,"CXCL1",0,NA,NA,NA
"run02_uniform_k1",1703,"ORM2",0,NA,NA,NA
"run02_uniform_k1",1704,"PDE4B",1.76110095406745e-05,NA,NA,NA
"run02_uniform_k1",1705,"SNCA",0.000455106191969867,NA,NA,NA
"run02_uniform_k1",1706,"CYP27C1",0,NA,NA,NA
"run02_uniform_k1",1707,"GOT2",0.00078289580737978,NA,NA,NA
"run02_uniform_k1",1708,"NEDD4L",4.56173481240274e-05,NA,NA,NA
"run02_uniform_k1",1709,"IL4",0.000213216805235672,NA,NA,NA
"run02_uniform_k1",1710,"GRIK1",0,NA,NA,NA
"run02_uniform_k1",1711,"PTPN1",3.86549374464806e-06,NA,NA,NA
"run02_uniform_k1",1712,"HDAC8",0,NA,NA,NA
"run02_uniform_k1",1713,"PARK7",5.03123803161643e-05,NA,NA,NA
"run02_uniform_k1",1714,"SELP",5.7028163548134e-06,NA,NA,NA
"run02_uniform_k1",1715,"P2RX4",0,NA,NA,NA
"run02_uniform_k1",1716,"CHAT",0.00035285368960325,NA,NA,NA
"run02_uniform_k1",1717,"DHRS3",0,NA,NA,NA
"run02_uniform_k1",1718,"BGLAP",0.000139973984731978,NA,NA,NA
"run02_uniform_k1",1719,"YWHAE",2.37606312166738e-05,NA,NA,NA
"run02_uniform_k1",1720,"CLEC4E",0,NA,NA,NA
"run02_uniform_k1",1721,"FDPS",0,NA,NA,NA
"run02_uniform_k1",1722,"AKR1B1",1.36198355478179e-05,NA,NA,NA
"run02_uniform_k1",1723,"NFE2L2",7.2947073822438e-05,NA,NA,NA
"run02_uniform_k1",1724,"FKBP1A",0.000367396925605612,NA,NA,NA
"run02_uniform_k1",1725,"SOX2",0.00140571719586968,NA,NA,NA
"run02_uniform_k1",1726,"ESRRG",0.00109032893649263,NA,NA,NA
"run02_uniform_k1",1727,"ALDH1A1",0.000768800994206509,NA,NA,NA
"run02_uniform_k1",1728,"PIK3CA",2.52878809748891e-05,NA,NA,NA
"run02_uniform_k1",1729,"HINT1",4.87617046518452e-06,NA,NA,NA
"run02_uniform_k1",1730,"SLC8A1",0,NA,NA,NA
"run02_uniform_k1",1731,"SIGMAR1",0.000141138269685426,NA,NA,NA
"run02_uniform_k1",1732,"FGB",2.53425344454161e-06,NA,NA,NA
"run02_uniform_k1",1733,"SLC6A4",7.25412905625555e-05,NA,NA,NA
"run02_uniform_k1",1734,"DHRS3",0,NA,NA,NA
"run02_uniform_k1",1735,"ALB",0.00274688176313465,NA,NA,NA
"run02_uniform_k1",1736,"PLAU",9.12459578450431e-06,NA,NA,NA
"run02_uniform_k1",1737,"RPL17",9.4906952489815e-05,NA,NA,NA
"run02_uniform_k1",1738,"ORM1",1.43183478092945e-05,NA,NA,NA
"run02_uniform_k1",1739,"CYP24A1",2.95788072831593e-05,NA,NA,NA
"run02_uniform_k1",1740,"PTGFR",3.10411217574469e-06,NA,NA,NA
"run02_uniform_k1",1741,"CHRNB2",1.93198243616521e-05,NA,NA,NA
"run02_uniform_k1",1742,"PDE1B",3.71225818049936e-05,NA,NA,NA
"run02_uniform_k1",1743,"CRP",0.00025559836793676,NA,NA,NA
"run02_uniform_k1",1744,"NFATC1",5.51292228962996e-05,NA,NA,NA
"run02_uniform_k1",1745,"GCLC",8.05799891081538e-05,NA,NA,NA
"run02_uniform_k1",1746,"HSD11B1",5.68914811439614e-05,NA,NA,NA
"run02_uniform_k1",1747,"CD36",0.000286748685116911,NA,NA,NA
"run02_uniform_k1",1748,"CANX",2.08728829651506e-05,NA,NA,NA
"run02_uniform_k1",1749,"RXRA",0.000142637488181885,NA,NA,NA
"run02_uniform_k1",1750,"GLP1R",3.86497402737884e-06,NA,NA,NA
"run02_uniform_k1",1751,"SMAD2",3.42235274195524e-05,NA,NA,NA
"run02_uniform_k1",1752,"NR3C2",1.6726748852447e-05,NA,NA,NA
"run02_uniform_k1",1753,"PTPN11",2.43987962315062e-05,NA,NA,NA
"run02_uniform_k1",1754,"MGAM",0.000137027144681112,NA,NA,NA
"run02_uniform_k1",1755,"CCND3",6.33604306909952e-07,NA,NA,NA
"run02_uniform_k1",1756,"PGRMC1",1.54584083279508e-05,NA,NA,NA
"run02_uniform_k1",1757,"POR",3.92763746058788e-05,NA,NA,NA
"run02_uniform_k1",1758,"NFKB1",0.000211104315194666,NA,NA,NA
"run02_uniform_k1",1759,"RDH5",1.18445408441303e-05,NA,NA,NA
"run02_uniform_k1",1760,"ATF6",1.47631880090815e-05,NA,NA,NA
"run02_uniform_k1",1761,"ESRRA",6.99494678408907e-05,NA,NA,NA
"run02_uniform_k1",1762,"CACNA1H",5.72384790692437e-05,NA,NA,NA
"run02_uniform_k1",1763,"PDE4D",1.08964365290731e-05,NA,NA,NA
"run02_uniform_k1",1764,"NLRP3",7.47722630090042e-06,NA,NA,NA
"run02_uniform_k1",1765,"TYR",3.79481492692735e-05,NA,NA,NA
"run02_uniform_k1",1766,"ACHE",0.000111252964972719,NA,NA,NA
"run02_uniform_k1",1767,"CASQ1",2.53341735867441e-06,NA,NA,NA
"run02_uniform_k1",1768,"ROS1",0,NA,NA,NA
"run02_uniform_k1",1769,"PRDX2",0,NA,NA,NA
"run02_uniform_k1",1770,"HSD3B2",2.44539251612608e-05,NA,NA,NA
"run02_uniform_k1",1771,"MAPK8IP1",9.56119621767781e-05,NA,NA,NA
"run02_uniform_k1",1772,"CCK",1.36890006087187e-05,NA,NA,NA
"run02_uniform_k1",1773,"APAF1",0,NA,NA,NA
"run02_uniform_k1",1774,"CAMP",0.00129691841056656,NA,NA,NA
"run02_uniform_k1",1775,"PPARD",4.39109792027548e-05,NA,NA,NA
"run02_uniform_k1",1776,"KCNE2",0,NA,NA,NA
"run02_uniform_k1",1777,"FOXO1",0.000280307095370635,NA,NA,NA
"run02_uniform_k1",1778,"TOMM70",0,NA,NA,NA
"run02_uniform_k1",1779,"UGT1A9",0,NA,NA,NA
"run02_uniform_k1",1780,"VKORC1",4.64325427618206e-05,NA,NA,NA
"run02_uniform_k1",1781,"RB1",5.60807039972078e-05,NA,NA,NA
"run02_uniform_k1",1782,"AKR1C3",0.000173978783267859,NA,NA,NA
"run02_uniform_k1",1783,"SLC2A4",1.81861109559422e-05,NA,NA,NA
"run02_uniform_k1",1784,"CACNB2",2.53388741833227e-06,NA,NA,NA
"run02_uniform_k1",1785,"CDT1",1.38729255214631e-05,NA,NA,NA
"run02_uniform_k1",1786,"CD80",0,NA,NA,NA
"run02_uniform_k1",1787,"DSPP",0,NA,NA,NA
"run02_uniform_k1",1788,"GSK3A",9.50447229808304e-07,NA,NA,NA
"run02_uniform_k1",1789,"HMGB1",1.24840005174542e-05,NA,NA,NA
"run02_uniform_k1",1790,"JDP2",0,NA,NA,NA
"run02_uniform_k1",1791,"SHH",1.43206732026169e-05,NA,NA,NA
"run02_uniform_k1",1792,"LYZ",0,NA,NA,NA
"run02_uniform_k1",1793,"GLUD1",0.00010300883354164,NA,NA,NA
"run02_uniform_k1",1794,"GOT2",0.00078289580737978,NA,NA,NA
"run02_uniform_k1",1795,"NFATC1",5.51292228962996e-05,NA,NA,NA
"run02_uniform_k1",1796,"VCAM1",2.14834315839241e-05,NA,NA,NA
"run02_uniform_k1",1797,"BIRC5",3.23786530762593e-05,NA,NA,NA
"run02_uniform_k1",1798,"FADS1",9.28518306324566e-05,NA,NA,NA
"run02_uniform_k1",1799,"HTR2B",3.80070954153489e-06,NA,NA,NA
"run02_uniform_k1",1800,"BCAT2",2.6019618702966e-05,NA,NA,NA
"run02_uniform_k1",1801,"CHRNA7",7.98054415862559e-05,NA,NA,NA
"run02_uniform_k1",1802,"ACTA2",4.98567078929257e-05,NA,NA,NA
"run02_uniform_k1",1803,"APCS",0.00117690914019986,NA,NA,NA
"run02_uniform_k1",1804,"IMPDH1",3.87605638363375e-05,NA,NA,NA
"run02_uniform_k1",1805,"RAF1",1.33718501759139e-05,NA,NA,NA
"run02_uniform_k1",1806,"ACTBL2",0,NA,NA,NA
"run02_uniform_k1",1807,"GABRA6",0,NA,NA,NA
"run02_uniform_k1",1808,"CYP11A1",1.84332824758604e-05,NA,NA,NA
"run02_uniform_k1",1809,"PNPLA2",2.72449938232278e-06,NA,NA,NA
"run02_uniform_k1",1810,"LYN",0.000110145713016818,NA,NA,NA
"run02_uniform_k1",1811,"ADAMTS5",0,NA,NA,NA
"run02_uniform_k1",1812,"APAF1",0,NA,NA,NA
"run02_uniform_k1",1813,"SLC5A5",3.67365014874999e-06,NA,NA,NA
"run02_uniform_k1",1814,"SLC11A1",0,NA,NA,NA
"run02_uniform_k1",1815,"SRPK2",0,NA,NA,NA
"run02_uniform_k1",1816,"SCD",0.000143791042404695,NA,NA,NA
"run02_uniform_k1",1817,"MGST1",0,NA,NA,NA
"run02_uniform_k1",1818,"ADRB3",5.25856990074569e-06,NA,NA,NA
"run02_uniform_k1",1819,"CXCR4",0.000366755254582851,NA,NA,NA
"run02_uniform_k1",1820,"RNASE1",0,NA,NA,NA
"run02_uniform_k1",1821,"PARP1",0.000202075672702362,NA,NA,NA
"run02_uniform_k1",1822,"CHRNA3",2.85056538062989e-06,NA,NA,NA
"run02_uniform_k1",1823,"PLA2G2D",0,NA,NA,NA
"run02_uniform_k1",1824,"PTGDR2",6.33406652128521e-07,NA,NA,NA
"run02_uniform_k1",1825,"HSPB1",6.97066364507837e-06,NA,NA,NA
"run02_uniform_k1",1826,"AURKB",0.000100012341094136,NA,NA,NA
"run02_uniform_k1",1827,"HTR1D",0,NA,NA,NA
"run02_uniform_k1",1828,"KCNJ5",8.95444816781943e-05,NA,NA,NA
"run02_uniform_k1",1829,"AHR",1.17841620478343e-05,NA,NA,NA
"run02_uniform_k1",1830,"AHSP",1.89993871424488e-06,NA,NA,NA
"run02_uniform_k1",1831,"TUBA1B",0,NA,NA,NA
"run02_uniform_k1",1832,"POR",3.92763746058788e-05,NA,NA,NA
"run02_uniform_k1",1833,"ACACA",7.98311027262466e-05,NA,NA,NA
"run02_uniform_k1",1834,"ARF3",1.01355586621388e-05,NA,NA,NA
"run02_uniform_k1",1835,"ITPR1",0.000202309527979283,NA,NA,NA
"run02_uniform_k1",1836,"TAC1",0.001463424927591,NA,NA,NA
"run02_uniform_k1",1837,"ESRRA",6.99494678408907e-05,NA,NA,NA
"run02_uniform_k1",1838,"TEP1",0,NA,NA,NA
"run02_uniform_k1",1839,"GSTM1",0.000122658682697341,NA,NA,NA
"run02_uniform_k1",1840,"HRH3",0,NA,NA,NA
"run02_uniform_k1",1841,"NR4A1",4.04919306976614e-05,NA,NA,NA
"run02_uniform_k1",1842,"CASP6",1.26723751903146e-06,NA,NA,NA
"run02_uniform_k1",1843,"FKRP",0,NA,NA,NA
"run02_uniform_k1",1844,"PAEP",3.16647909515133e-06,NA,NA,NA
"run02_uniform_k1",1845,"DNMT1",4.56882288469851e-05,NA,NA,NA
"run02_uniform_k1",1846,"ALOX12",1.1402958573159e-05,NA,NA,NA
"run02_uniform_k1",1847,"CYP11A1",1.84332824758604e-05,NA,NA,NA
"run02_uniform_k1",1848,"RETSAT",0,NA,NA,NA
"run02_uniform_k1",1849,"RARB",1.39344317841017e-05,NA,NA,NA
"run02_uniform_k1",1850,"UCHL1",0,NA,NA,NA
"run02_uniform_k1",1851,"HSPA4",0.000770336012735795,NA,NA,NA
"run02_uniform_k1",1852,"CEBPA",7.73820750388232e-05,NA,NA,NA
"run02_uniform_k1",1853,"CXCL1",0,NA,NA,NA
"run02_uniform_k1",1854,"IGF1R",3.6000843736117e-05,NA,NA,NA
"run02_uniform_k1",1855,"PTPN6",0,NA,NA,NA
"run02_uniform_k1",1856,"BMP2",1.27361599282505e-05,NA,NA,NA
"run02_uniform_k1",1857,"PTGES2",2.81266331965124e-05,NA,NA,NA
"run02_uniform_k1",1858,"ICAM1",0.000172524776509531,NA,NA,NA
"run02_uniform_k1",1859,"POMC",0.00149342435047795,NA,NA,NA
"run02_uniform_k1",1860,"WEE1",0,NA,NA,NA
"run02_uniform_k1",1861,"CX3CR1",0,NA,NA,NA
"run02_uniform_k1",1862,"GLUD1",0.00010300883354164,NA,NA,NA
"run02_uniform_k1",1863,"APLP1",0,NA,NA,NA
"run02_uniform_k1",1864,"RORA",0.00130690437409919,NA,NA,NA
"run02_uniform_k1",1865,"ACP1",0,NA,NA,NA
"run02_uniform_k1",1866,"VEGFC",0,NA,NA,NA
"run02_uniform_k1",1867,"PLAU",9.12459578450431e-06,NA,NA,NA
"run02_uniform_k1",1868,"PTH",0.00019439506068486,NA,NA,NA
"run02_uniform_k1",1869,"PKD1",3.50334081220538e-05,NA,NA,NA
"run02_uniform_k1",1870,"YAP1",2.37641275353528e-05,NA,NA,NA
"run02_uniform_k1",1871,"PDE4D",1.08964365290731e-05,NA,NA,NA
"run02_uniform_k1",1872,"CASP9",0,NA,NA,NA
"run02_uniform_k1",1873,"IDO1",0.000463661718947295,NA,NA,NA
"run02_uniform_k1",1874,"MAPK11",0,NA,NA,NA
"run02_uniform_k1",1875,"MAP2K1",0,NA,NA,NA
"run02_uniform_k1",1876,"ABCC8",3.66842389862843e-05,NA,NA,NA
"run02_uniform_k1",1877,"FOXO1",0.000280307095370635,NA,NA,NA
"run02_uniform_k1",1878,"FSHR",1.23538226016739e-05,NA,NA,NA
"run02_uniform_k1",1879,"LEF1",5.06903005115245e-06,NA,NA,NA
"run02_uniform_k1",1880,"SCNN1A",5.25143809567696e-05,NA,NA,NA
"run02_uniform_k1",1881,"ATM",2.74398232945616e-05,NA,NA,NA
"run02_uniform_k1",1882,"GABRG3",0,NA,NA,NA
"run02_uniform_k1",1883,"MYLK",7.38323399127605e-05,NA,NA,NA
"run02_uniform_k1",1884,"NOX4",3.0792080655373e-05,NA,NA,NA
"run02_uniform_k1",1885,"STAT1",0.000487010105838959,NA,NA,NA
"run02_uniform_k1",1886,"MAPK1",6.82101559971171e-05,NA,NA,NA
"run02_uniform_k1",1887,"RBP2",3.01152514644576e-05,NA,NA,NA
"run02_uniform_k1",1888,"PRKDC",3.48518119952512e-06,NA,NA,NA
"run02_uniform_k1",1889,"RPS6KA3",0,NA,NA,NA
"run02_uniform_k1",1890,"EDN1",0.000187385953273167,NA,NA,NA
"run02_uniform_k1",1891,"MMP9",0.000204115785623737,NA,NA,NA
"run02_uniform_k1",1892,"CXCL13",0,NA,NA,NA
"run02_uniform_k1",1893,"ACTC1",1.57742735648059e-05,NA,NA,NA
"run02_uniform_k1",1894,"TNFRSF9",0,NA,NA,NA
"run02_uniform_k1",1895,"ADH4",0,NA,NA,NA
"run02_uniform_k1",1896,"PTGS1",0.0001138588382259,NA,NA,NA
"run02_uniform_k1",1897,"SQLE",9.90930470378126e-05,NA,NA,NA
"run02_uniform_k1",1898,"AHCYL1",1.90022934498657e-06,NA,NA,NA
"run02_uniform_k1",1899,"CRTC2",2.09096071963621e-05,NA,NA,NA
"run02_uniform_k1",1900,"TRAF6",3.65690661311424e-05,NA,NA,NA
"run02_uniform_k1",1901,"CHRNA9",1.46296272366397e-05,NA,NA,NA
"run02_uniform_k1",1902,"NCF1",8.14327396577719e-05,NA,NA,NA
"run02_uniform_k1",1903,"NRP1",0.000102455056317119,NA,NA,NA
"run02_uniform_k1",1904,"ACTG2",0,NA,NA,NA
"run02_uniform_k1",1905,"SH3BP5",6.33329974131236e-07,NA,NA,NA
"run02_uniform_k1",1906,"TNFSF11",7.5283725537223e-05,NA,NA,NA
"run02_uniform_k1",1907,"CYP11B2",0.000106525313512962,NA,NA,NA
"run02_uniform_k1",1908,"SMAD3",0.000326994785442403,NA,NA,NA
"run02_uniform_k1",1909,"NOS3",0.000136759922833574,NA,NA,NA
"run02_uniform_k1",1910,"TUBB4A",0,NA,NA,NA
"run02_uniform_k1",1911,"NAAA",0,NA,NA,NA
"run02_uniform_k1",1912,"ARF6",0,NA,NA,NA
"run02_uniform_k1",1913,"HSD3B1",7.1585802265961e-06,NA,NA,NA
"run02_uniform_k1",1914,"LGALS3",1.90104129516033e-06,NA,NA,NA
"run02_uniform_k1",1915,"NDUFV2",0,NA,NA,NA
"run02_uniform_k1",1916,"NCF4",0,NA,NA,NA
"run02_uniform_k1",1917,"ARF3",1.01355586621388e-05,NA,NA,NA
"run02_uniform_k1",1918,"CACNA2D3",0,NA,NA,NA
"run02_uniform_k1",1919,"ANPEP",7.21688108924479e-05,NA,NA,NA
"run02_uniform_k1",1920,"SNCA",0.000455106191969867,NA,NA,NA
"run02_uniform_k1",1921,"HCN2",0,NA,NA,NA
"run02_uniform_k1",1922,"ATG5",1.93264314094499e-05,NA,NA,NA
"run02_uniform_k1",1923,"PRKCE",5.79752275315926e-05,NA,NA,NA
"run02_uniform_k1",1924,"IGFBP6",0,NA,NA,NA
"run02_uniform_k1",1925,"BIRC5",3.23786530762593e-05,NA,NA,NA
"run02_uniform_k1",1926,"MMP3",1.90743297472373e-05,NA,NA,NA
"run02_uniform_k1",1927,"PLD2",0.000135771725086054,NA,NA,NA
"run02_uniform_k1",1928,"GNMT",0,NA,NA,NA
"run02_uniform_k1",1929,"LTA4H",0,NA,NA,NA
"run02_uniform_k1",1930,"GLYAT",0,NA,NA,NA
"run02_uniform_k1",1931,"RRM1",0.000117817230330219,NA,NA,NA
"run02_uniform_k1",1932,"IMPDH2",1.60872446202109e-05,NA,NA,NA
"run02_uniform_k1",1933,"ACTBL2",0,NA,NA,NA
"run02_uniform_k1",1934,"FAS",6.33677821770817e-07,NA,NA,NA
"run02_uniform_k1",1935,"P2RX4",0,NA,NA,NA
"run02_uniform_k1",1936,"CYP51A1",3.41436506348103e-05,NA,NA,NA
"run02_uniform_k1",1937,"CACNA1H",5.72384790692437e-05,NA,NA,NA
"run02_uniform_k1",1938,"HCN4",0.00104282749963691,NA,NA,NA
"run02_uniform_k1",1939,"CATSPER1",0,NA,NA,NA
"run02_uniform_k1",1940,"RARA",0.000182812715244118,NA,NA,NA
"run02_uniform_k1",1941,"CYCS",0.0019228192201588,NA,NA,NA
"run02_uniform_k1",1942,"HTR1A",8.14355352558582e-05,NA,NA,NA
"run02_uniform_k1",1943,"BACE1",5.67015318772013e-05,NA,NA,NA
"run02_uniform_k1",1944,"NR1I2",0.000123041356779652,NA,NA,NA
"run02_uniform_k1",1945,"SLCO2B1",0,NA,NA,NA
"run02_uniform_k1",1946,"GABRB2",0,NA,NA,NA
"run02_uniform_k1",1947,"CD274",2.2623615720252e-05,NA,NA,NA
"run02_uniform_k1",1948,"NCOA6",0,NA,NA,NA
"run02_uniform_k1",1949,"SELP",5.7028163548134e-06,NA,NA,NA
"run02_uniform_k1",1950,"AXIN1",1.08355886352385e-05,NA,NA,NA
"run02_uniform_k1",1951,"SCD",0.000143791042404695,NA,NA,NA
"run02_uniform_k1",1952,"AXL",2.56876487623181e-05,NA,NA,NA
"run02_uniform_k1",1953,"SOX2",0.00140571719586968,NA,NA,NA
"run02_uniform_k1",1954,"CD36",0.000286748685116911,NA,NA,NA
"run02_uniform_k1",1955,"CD80",0,NA,NA,NA
"run02_uniform_k1",1956,"SLC7A1",0,NA,NA,NA
"run02_uniform_k1",1957,"CYP51A1",3.41436506348103e-05,NA,NA,NA
"run02_uniform_k1",1958,"TIMP2",0,NA,NA,NA
"run02_uniform_k1",1959,"EGLN3",1.26699828650878e-06,NA,NA,NA
"run02_uniform_k1",1960,"YWHAE",2.37606312166738e-05,NA,NA,NA
"run02_uniform_k1",1961,"SRPK1",0.00108816969760961,NA,NA,NA
"run02_uniform_k1",1962,"PLK4",2.22339198402421e-05,NA,NA,NA
"run02_uniform_k1",1963,"CHRNA7",7.98054415862559e-05,NA,NA,NA
"run02_uniform_k1",1964,"RUNX1T1",0,NA,NA,NA
"run02_uniform_k1",1965,"PRKAB1",0,NA,NA,NA
"run02_uniform_k1",1966,"UGT1A1",6.43666731126036e-05,NA,NA,NA
"run02_uniform_k1",1967,"PNRC2",0,NA,NA,NA
"run02_uniform_k1",1968,"FGFR2",9.18874357280774e-06,NA,NA,NA
"run02_uniform_k1",1969,"PDE4B",1.76110095406745e-05,NA,NA,NA
"run02_uniform_k1",1970,"CCN2",1.134369344169e-05,NA,NA,NA
"run02_uniform_k1",1971,"RUNX3",2.26216416990832e-05,NA,NA,NA
"run02_uniform_k1",1972,"IRAK1",2.62328604830886e-05,NA,NA,NA
"run02_uniform_k1",1973,"SRR",0,NA,NA,NA
"run02_uniform_k1",1974,"SFN",1.88836433614448e-05,NA,NA,NA
"run02_uniform_k1",1975,"ATF1",3.16751357498646e-06,NA,NA,NA
"run02_uniform_k1",1976,"BIRC3",6.3362084734564e-07,NA,NA,NA
"run02_uniform_k1",1977,"ACADM",0.000194896326079275,NA,NA,NA
"run02_uniform_k1",1978,"MT2A",0.00087441544054756,NA,NA,NA
"run02_uniform_k1",1979,"ACTA2",4.98567078929257e-05,NA,NA,NA
"run02_uniform_k1",1980,"SLC18A2",1.33665330134258e-05,NA,NA,NA
"run02_uniform_k1",1981,"ACSS2",8.1011205171122e-05,NA,NA,NA
"run02_uniform_k1",1982,"SCN8A",0,NA,NA,NA
"run02_uniform_k1",1983,"ABCC2",6.29649746844985e-05,NA,NA,NA
"run02_uniform_k1",1984,"CYP2C8",0,NA,NA,NA
"run02_uniform_k1",1985,"SERPINB9",0,NA,NA,NA
"run02_uniform_k1",1986,"GSTM2",0,NA,NA,NA
"run02_uniform_k1",1987,"NPPA",7.28658572474172e-05,NA,NA,NA
"run02_uniform_k1",1988,"SRD5A2",3.08503783238434e-05,NA,NA,NA
"run02_uniform_k1",1989,"TIMP1",6.97061284626876e-06,NA,NA,NA
"run02_uniform_k1",1990,"CRTC1",0,NA,NA,NA
"run02_uniform_k1",1991,"GPT2",8.61690501118284e-05,NA,NA,NA
"run02_uniform_k1",1992,"GRIA1",1.90084712514693e-06,NA,NA,NA
"run02_uniform_k1",1993,"ICAM1",0.000172524776509531,NA,NA,NA
"run02_uniform_k1",1994,"STAT5B",1.13440953091182e-05,NA,NA,NA
"run02_uniform_k1",1995,"PPT1",8.42388961930229e-06,NA,NA,NA
"run02_uniform_k1",1996,"GPER1",8.61720038791702e-06,NA,NA,NA
"run02_uniform_k1",1997,"CBR3",0,NA,NA,NA
"run02_uniform_k1",1998,"PSMD11",6.3344408685051e-07,NA,NA,NA
"run02_uniform_k1",1999,"CDC25A",1.90080256301517e-06,NA,NA,NA
"run02_uniform_k1",2000,"DYSF",0.00102310635249714,NA,NA,NA
"run02_uniform_k1",2001,"JUN",0.000712792808186147,NA,NA,NA
"run02_uniform_k1",2002,"CLDN4",0,NA,NA,NA
"run02_uniform_k1",2003,"PRMT3",0,NA,NA,NA
"run02_uniform_k1",2004,"SOX9",0.000102527928081186,NA,NA,NA
"run02_uniform_k1",2005,"KCNH6",1.57066122082883e-05,NA,NA,NA
"run02_uniform_k1",2006,"GCLM",0,NA,NA,NA
"run02_uniform_k1",2007,"CACNA2D3",0,NA,NA,NA
"run02_uniform_k1",2008,"CYP2C19",1.83094707274511e-05,NA,NA,NA
"run02_uniform_k1",2009,"HDAC1",0.00033891246936113,NA,NA,NA
"run02_uniform_k1",2010,"NCF2",1.00748274538542e-05,NA,NA,NA
"run02_uniform_k1",2011,"PRKACA",0.00408086083662407,NA,NA,NA
"run02_uniform_k1",2012,"PFAS",0,NA,NA,NA
"run02_uniform_k1",2013,"CHRNA2",0,NA,NA,NA
"run02_uniform_k1",2014,"PARK7",5.03123803161643e-05,NA,NA,NA
"run02_uniform_k1",2015,"ACAA2",8.36077927990342e-06,NA,NA,NA
"run02_uniform_k1",2016,"SLC2A4",1.81861109559422e-05,NA,NA,NA
"run02_uniform_k1",2017,"SLC7A2",0,NA,NA,NA
"run02_uniform_k1",2018,"SIRT6",5.06879720008069e-06,NA,NA,NA
"run02_uniform_k1",2019,"MAPK11",0,NA,NA,NA
"run02_uniform_k1",2020,"PAEP",3.16647909515133e-06,NA,NA,NA
"run02_uniform_k1",2021,"SRPK1",0.00108816969760961,NA,NA,NA
"run02_uniform_k1",2022,"SLC2A2",5.38855759126822e-05,NA,NA,NA
"run02_uniform_k1",2023,"CHRNA10",0,NA,NA,NA
"run02_uniform_k1",2024,"GABRR1",0.000892072607181937,NA,NA,NA
"run02_uniform_k1",2025,"TFEB",4.43464879762434e-06,NA,NA,NA
"run02_uniform_k1",2026,"ATP1A1",1.2671361954153e-06,NA,NA,NA
"run02_uniform_k1",2027,"ABCG8",0,NA,NA,NA
"run02_uniform_k1",2028,"SRPK1",0.00108816969760961,NA,NA,NA
"run02_uniform_k1",2029,"NDUFV2",0,NA,NA,NA
"run02_uniform_k1",2030,"F2",0.000128821901214549,NA,NA,NA
"run02_uniform_k1",2031,"PRSS1",0.0011573163436972,NA,NA,NA
"run02_uniform_k1",2032,"ATF6",1.47631880090815e-05,NA,NA,NA
"run02_uniform_k1",2033,"ADCY2",0,NA,NA,NA
"run02_uniform_k1",2034,"PTGER2",3.0407837517954e-06,NA,NA,NA
"run02_uniform_k1",2035,"OPRM1",8.74989474437537e-05,NA,NA,NA
"run02_uniform_k1",2036,"ZEB1",0,NA,NA,NA
"run02_uniform_k1",2037,"CCND1",0.000116503278948743,NA,NA,NA
"run02_uniform_k1",2038,"ABCG5",4.53604007359942e-05,NA,NA,NA
"run02_uniform_k1",2039,"CYBB",6.42615564472315e-05,NA,NA,NA
"run02_uniform_k1",2040,"ACLY",0.000136799781064179,NA,NA,NA
"run02_uniform_k1",2041,"PPARG",0.000681665233701723,NA,NA,NA
"run02_uniform_k1",2042,"AKR1C3",0.000173978783267859,NA,NA,NA
"run02_uniform_k1",2043,"NR1H2",0,NA,NA,NA
"run02_uniform_k1",2044,"MMP3",1.90743297472373e-05,NA,NA,NA
"run02_uniform_k1",2045,"GLUD1",0.00010300883354164,NA,NA,NA
"run02_uniform_k1",2046,"TLR4",0.000516160551537248,NA,NA,NA
"run02_uniform_k1",2047,"NFE2L2",7.2947073822438e-05,NA,NA,NA
"run02_uniform_k1",2048,"BGLAP",0.000139973984731978,NA,NA,NA
"run02_uniform_k1",2049,"FOSL1",5.14461500070729e-05,NA,NA,NA
"run02_uniform_k1",2050,"ADORA2B",0,NA,NA,NA
"run02_uniform_k1",2051,"CBR3",0,NA,NA,NA
"run02_uniform_k1",2052,"ADH7",0,NA,NA,NA
"run02_uniform_k1",2053,"RPS6KA3",0,NA,NA,NA
"run02_uniform_k1",2054,"NR1H2",0,NA,NA,NA
"run02_uniform_k1",2055,"CYP2E1",0.000529547743911452,NA,NA,NA
"run02_uniform_k1",2056,"ABCG2",0.00154702083903102,NA,NA,NA
"run02_uniform_k1",2057,"POU5F1",3.4853680447311e-06,NA,NA,NA
"run02_uniform_k1",2058,"AADAT",3.54591244267066e-06,NA,NA,NA
"run02_uniform_k1",2059,"CDT1",1.38729255214631e-05,NA,NA,NA
"run02_uniform_k1",2060,"HCN2",0,NA,NA,NA
"run02_uniform_k1",2061,"SPP1",0.000133522093562433,NA,NA,NA
"run02_uniform_k1",2062,"NFATC3",3.48468834243665e-06,NA,NA,NA
"run02_uniform_k1",2063,"TAC1",0.001463424927591,NA,NA,NA
"run02_uniform_k1",2064,"PLK4",2.22339198402421e-05,NA,NA,NA
"run02_uniform_k1",2065,"GCA",0.000913104018283151,NA,NA,NA
"run02_uniform_k1",2066,"GABRA2",5.10094626082758e-05,NA,NA,NA
"run02_uniform_k1",2067,"ATG12",0,NA,NA,NA
"run02_uniform_k1",2068,"HSP90AA1",0.000781176350650004,NA,NA,NA
"run02_uniform_k1",2069,"DHODH",1.42497466326663e-05,NA,NA,NA
"run02_uniform_k1",2070,"SLC2A4",1.81861109559422e-05,NA,NA,NA
"run02_uniform_k1",2071,"TUBA1B",0,NA,NA,NA
"run02_uniform_k1",2072,"AKR1D1",0.0010662752740489,NA,NA,NA
"run02_uniform_k1",2073,"SYK",5.32926492629038e-05,NA,NA,NA
"run02_uniform_k1",2074,"NFATC2",1.95162479730282e-05,NA,NA,NA
"run02_uniform_k1",2075,"EBP",6.01605713679287e-06,NA,NA,NA
"run02_uniform_k1",2076,"CRMP1",1.10844121046227e-05,NA,NA,NA
"run02_uniform_k1",2077,"GRM5",0.000204723227971049,NA,NA,NA
"run02_uniform_k1",2078,"BACE1",5.67015318772013e-05,NA,NA,NA
"run02_uniform_k1",2079,"ADH1C",0,NA,NA,NA
"run02_uniform_k1",2080,"FTCD",1.21257629834837e-05,NA,NA,NA
"run02_uniform_k1",2081,"CD40",1.65401335883164e-05,NA,NA,NA
"run02_uniform_k1",2082,"ADRB1",3.16756855778255e-06,NA,NA,NA
"run02_uniform_k1",2083,"HMOX1",0.000383241490365949,NA,NA,NA
"run02_uniform_k1",2084,"NOS3",0.000136759922833574,NA,NA,NA
"run02_uniform_k1",2085,"CYP51A1",3.41436506348103e-05,NA,NA,NA
"run02_uniform_k1",2086,"ATM",2.74398232945616e-05,NA,NA,NA
"run02_uniform_k1",2087,"IL36A",0,NA,NA,NA
"run02_uniform_k1",2088,"GPER1",8.61720038791702e-06,NA,NA,NA
"run02_uniform_k1",2089,"ADH7",0,NA,NA,NA
"run02_uniform_k1",2090,"GRIN3A",0,NA,NA,NA
"run02_uniform_k1",2091,"CANX",2.08728829651506e-05,NA,NA,NA
"run02_uniform_k1",2092,"NTRK1",3.04810969022906e-05,NA,NA,NA
"run02_uniform_k1",2093,"CACNB4",5.59340801313812e-05,NA,NA,NA
"run02_uniform_k1",2094,"HLA-B",6.33520976234259e-07,NA,NA,NA
"run02_uniform_k1",2095,"ACE2",6.17806475236016e-05,NA,NA,NA
"run02_uniform_k1",2096,"CYP1A2",5.25226389015421e-05,NA,NA,NA
"run02_uniform_k1",2097,"SPI1",3.16810202792839e-05,NA,NA,NA
"run02_uniform_k1",2098,"EIF4EBP1",0,NA,NA,NA
"run02_uniform_k1",2099,"DAO",0,NA,NA,NA
"run02_uniform_k1",2100,"PDE6C",0,NA,NA,NA
"run02_uniform_k1",2101,"NCF4",0,NA,NA,NA
"run02_uniform_k1",2102,"PDXK",0.00104366135249789,NA,NA,NA
"run02_uniform_k1",2103,"RARB",1.39344317841017e-05,NA,NA,NA
"run02_uniform_k1",2104,"GABRP",0,NA,NA,NA
"run02_uniform_k1",2105,"CANX",2.08728829651506e-05,NA,NA,NA
"run02_uniform_k1",2106,"KDM1A",0,NA,NA,NA
"run02_uniform_k1",2107,"HRH1",0,NA,NA,NA
"run02_uniform_k1",2108,"ABCB1",2.07166464523123e-05,NA,NA,NA
"run02_uniform_k1",2109,"CDKN1A",2.78509173701202e-05,NA,NA,NA
"run02_uniform_k1",2110,"AQP9",0,NA,NA,NA
"run02_uniform_k1",2111,"CNR1",0.000234330328976462,NA,NA,NA
"run02_uniform_k1",2112,"GABRB3",0.000120726283226125,NA,NA,NA
"run02_uniform_k1",2113,"CCL2",3.6509767629811e-05,NA,NA,NA
"run02_uniform_k1",2114,"FUS",6.90480253662251e-06,NA,NA,NA
"run02_uniform_k1",2115,"GPR18",0,NA,NA,NA
"run02_uniform_k1",2116,"EBP",6.01605713679287e-06,NA,NA,NA
"run02_uniform_k1",2117,"GABRD",9.49995296650741e-07,NA,NA,NA
"run02_uniform_k1",2118,"IL5",0,NA,NA,NA
"run02_uniform_k1",2119,"P2RX4",0,NA,NA,NA
"run02_uniform_k1",2120,"TYRP1",6.65147512002306e-06,NA,NA,NA
"run02_uniform_k1",2121,"SLC6A8",0,NA,NA,NA
"run02_uniform_k1",2122,"ESR1",0.00102478911944048,NA,NA,NA
"run02_uniform_k1",2123,"HTR2B",3.80070954153489e-06,NA,NA,NA
"run02_uniform_k1",2124,"DMP1",0,NA,NA,NA
"run02_uniform_k1",2125,"COL1A2",8.49027404237201e-06,NA,NA,NA
"run02_uniform_k1",2126,"RASA1",5.55702489675181e-05,NA,NA,NA
"run02_uniform_k1",2127,"TPO",1.92561135294866e-05,NA,NA,NA
"run02_uniform_k1",2128,"NCOA6",0,NA,NA,NA
"run02_uniform_k1",2129,"GLUD1",0.00010300883354164,NA,NA,NA
"run02_uniform_k1",2130,"STAT3",0.000956982443180987,NA,NA,NA
"run02_uniform_k1",2131,"CACNB2",2.53388741833227e-06,NA,NA,NA
"run02_uniform_k1",2132,"CDKN1C",1.58390438897982e-06,NA,NA,NA
"run02_uniform_k1",2133,"SOD1",0.00055040968937059,NA,NA,NA
"run02_uniform_k1",2134,"DIO1",0,NA,NA,NA
"run02_uniform_k1",2135,"CDH5",6.33662563265247e-06,NA,NA,NA
"run02_uniform_k1",2136,"ABCG5",4.53604007359942e-05,NA,NA,NA
"run02_uniform_k1",2137,"CSF3",4.44861479179659e-05,NA,NA,NA
"run02_uniform_k1",2138,"GLDC",4.87735973941916e-06,NA,NA,NA
"run02_uniform_k1",2139,"HAMP",0.000187982524293195,NA,NA,NA
"run02_uniform_k1",2140,"BAX",8.97923976903581e-05,NA,NA,NA
"run02_uniform_k1",2141,"PLD1",0,NA,NA,NA
"run02_uniform_k1",2142,"PTX3",0,NA,NA,NA
"run02_uniform_k1",2143,"PYGM",4.94772798226295e-05,NA,NA,NA
"run02_uniform_k1",2144,"BIRC3",6.3362084734564e-07,NA,NA,NA
"run02_uniform_k1",2145,"GSTZ1",0,NA,NA,NA
"run02_uniform_k1",2146,"LY96",0,NA,NA,NA
"run02_uniform_k1",2147,"KCND1",0,NA,NA,NA
"run02_uniform_k1",2148,"SH3BP5",6.33329974131236e-07,NA,NA,NA
"run02_uniform_k1",2149,"DUOX2",0.00118948957190246,NA,NA,NA
"run02_uniform_k1",2150,"BCAT2",2.6019618702966e-05,NA,NA,NA
"run02_uniform_k1",2151,"AMY1A",0,NA,NA,NA
"run02_uniform_k1",2152,"CCN2",1.134369344169e-05,NA,NA,NA
"run02_uniform_k1",2153,"IL4",0.000213216805235672,NA,NA,NA
"run02_uniform_k1",2154,"CYP51A1",3.41436506348103e-05,NA,NA,NA
"run02_uniform_k1",2155,"HCN2",0,NA,NA,NA
"run02_uniform_k1",2156,"SRPK2",0,NA,NA,NA
"run02_uniform_k1",2157,"PLK4",2.22339198402421e-05,NA,NA,NA
"run02_uniform_k1",2158,"HINT1",4.87617046518452e-06,NA,NA,NA
"run02_uniform_k1",2159,"MAOA",0.000132428913549143,NA,NA,NA
"run02_uniform_k1",2160,"CYB5A",5.4039383747595e-05,NA,NA,NA
"run02_uniform_k1",2161,"CACNG1",0,NA,NA,NA
"run02_uniform_k1",2162,"NTRK2",0.000178668928783821,NA,NA,NA
"run02_uniform_k1",2163,"ACSL4",0,NA,NA,NA
"run02_uniform_k1",2164,"RBP2",3.01152514644576e-05,NA,NA,NA
"run02_uniform_k1",2165,"PRDX2",0,NA,NA,NA
"run02_uniform_k1",2166,"PPP3R1",0,NA,NA,NA
"run02_uniform_k1",2167,"CAMK4",1.22274351069818e-05,NA,NA,NA
"run02_uniform_k1",2168,"KEAP1",8.90865911317151e-05,NA,NA,NA
"run02_uniform_k1",2169,"RCAN1",0,NA,NA,NA
"run02_uniform_k1",2170,"ITPR1",0.000202309527979283,NA,NA,NA
"run02_uniform_k1",2171,"SCARB1",0.000336871406579009,NA,NA,NA
"run02_uniform_k1",2172,"APOD",0.00195383273850436,NA,NA,NA
"run02_uniform_k1",2173,"LPL",0.000483720734164583,NA,NA,NA
"run02_uniform_k1",2174,"AMY1A",0,NA,NA,NA
"run02_uniform_k1",2175,"GPD1",0,NA,NA,NA
"run02_uniform_k1",2176,"POR",3.92763746058788e-05,NA,NA,NA
"run02_uniform_k1",2177,"PCOLCE",0,NA,NA,NA
"run02_uniform_k1",2178,"FOXM1",1.90088265561439e-06,NA,NA,NA
"run02_uniform_k1",2179,"APOB",0.000254184152158166,NA,NA,NA
"run02_uniform_k1",2180,"RARB",1.39344317841017e-05,NA,NA,NA
"run02_uniform_k1",2181,"CACNA2D3",0,NA,NA,NA
"run02_uniform_k1",2182,"NFATC4",0,NA,NA,NA
"run02_uniform_k1",2183,"PDE5A",1.15913843198312e-05,NA,NA,NA
"run02_uniform_k1",2184,"GOT1",5.88174838508371e-05,NA,NA,NA
"run02_uniform_k1",2185,"CACNB2",2.53388741833227e-06,NA,NA,NA
"run02_uniform_k1",2186,"THBD",8.99612495086632e-06,NA,NA,NA
"run02_uniform_k1",2187,"NOS1",0.000381812082027921,NA,NA,NA
"run02_uniform_k1",2188,"LGALS3",1.90104129516033e-06,NA,NA,NA
"run02_uniform_k1",2189,"IMPDH2",1.60872446202109e-05,NA,NA,NA
"run02_uniform_k1",2190,"GRIA2",6.42468498274207e-05,NA,NA,NA
"run02_uniform_k1",2191,"PAPSS2",2.08994383624761e-05,NA,NA,NA
"run02_uniform_k1",2192,"CLDN5",3.48460731747213e-06,NA,NA,NA
"run02_uniform_k1",2193,"PPARG",0.000681665233701723,NA,NA,NA
"run02_uniform_k1",2194,"NDUFV3",0,NA,NA,NA
"run02_uniform_k1",2195,"P2RX4",0,NA,NA,NA
"run02_uniform_k1",2196,"KCNA4",2.7111367415289e-05,NA,NA,NA
"run02_uniform_k1",2197,"SYT1",8.62163058744647e-05,NA,NA,NA
"run02_uniform_k1",2198,"ESR2",7.37049367650622e-05,NA,NA,NA
"run02_uniform_k1",2199,"GJA1",0.000128446445619601,NA,NA,NA
"run02_uniform_k1",2200,"CFTR",0.00160265872797649,NA,NA,NA
"run02_uniform_k1",2201,"TIGAR",0,NA,NA,NA
"run02_uniform_k1",2202,"HSD3B1",7.1585802265961e-06,NA,NA,NA
"run02_uniform_k1",2203,"SQLE",9.90930470378126e-05,NA,NA,NA
"run02_uniform_k1",2204,"RXRA",0.000142637488181885,NA,NA,NA
"run02_uniform_k1",2205,"CYP51A1",3.41436506348103e-05,NA,NA,NA
"run02_uniform_k1",2206,"TFR2",1.9001036434263e-06,NA,NA,NA
"run02_uniform_k1",2207,"NISCH",0,NA,NA,NA
"run02_uniform_k1",2208,"POMC",0.00149342435047795,NA,NA,NA
"run02_uniform_k1",2209,"IGFBP6",0,NA,NA,NA
"run02_uniform_k1",2210,"IL33",0,NA,NA,NA
"run02_uniform_k1",2211,"GJA1",0.000128446445619601,NA,NA,NA
"run02_uniform_k1",2212,"CHEK1",1.20395101235182e-05,NA,NA,NA
"run02_uniform_k1",2213,"CATSPER1",0,NA,NA,NA
"run02_uniform_k1",2214,"ADK",7.61409486743636e-05,NA,NA,NA
"run02_uniform_k1",2215,"KCNH2",0.000463751185241779,NA,NA,NA
"run02_uniform_k1",2216,"TGFB1",0.000170827591538192,NA,NA,NA
"run02_uniform_k1",2217,"ABCG4",0,NA,NA,NA
"run02_uniform_k1",2218,"CHRNA4",0.00010936479964363,NA,NA,NA
"run02_uniform_k1",2219,"AKR1A1",6.17051045759265e-06,NA,NA,NA
"run02_uniform_k1",2220,"PROC",3.8004925289048e-06,NA,NA,NA
"run02_uniform_k1",2221,"STAT5A",4.23996396073933e-05,NA,NA,NA
"run02_uniform_k1",2222,"CYBA",0,NA,NA,NA
"run02_uniform_k1",2223,"LPCAT2",0,NA,NA,NA
"run02_uniform_k1",2224,"FGF1",4.22001056762378e-05,NA,NA,NA
"run02_uniform_k1",2225,"AQP3",0,NA,NA,NA
"run02_uniform_k1",2226,"PCYT1B",0,NA,NA,NA
"run02_uniform_k1",2227,"KCNQ2",0.000154321192943452,NA,NA,NA
"run02_uniform_k1",2228,"MAPK1",6.82101559971171e-05,NA,NA,NA
"run02_uniform_k1",2229,"MDM2",4.86757533122439e-05,NA,NA,NA
"run02_uniform_k1",2230,"HDAC5",0,NA,NA,NA
"run02_uniform_k1",2231,"RASSF1",1.82470571705728e-05,NA,NA,NA
"run02_uniform_k1",2232,"APOD",0.00195383273850436,NA,NA,NA
"run02_uniform_k1",2233,"CPT1A",1.49157660161992e-05,NA,NA,NA
"run02_uniform_k1",2234,"NDUFV2",0,NA,NA,NA
"run02_uniform_k1",2235,"RDH12",1.33642751130036e-05,NA,NA,NA
"run02_uniform_k1",2236,"TJP1",0.000326838626150905,NA,NA,NA
"run02_uniform_k1",2237,"NFATC4",0,NA,NA,NA
"run02_uniform_k1",2238,"CTNNB1",0.00262517195452239,NA,NA,NA
"run02_uniform_k1",2239,"PDE1B",3.71225818049936e-05,NA,NA,NA
"run02_uniform_k1",2240,"NDUFV3",0,NA,NA,NA
"run02_uniform_k1",2241,"IL36B",0,NA,NA,NA
"run02_uniform_k1",2242,"ACADM",0.000194896326079275,NA,NA,NA
"run02_uniform_k1",2243,"PRKCZ",0.00127837750571802,NA,NA,NA
"run02_uniform_k1",2244,"CACNA1A",0.000251442934202317,NA,NA,NA
"run02_uniform_k1",2245,"LALBA",3.81683006253075e-05,NA,NA,NA
"run02_uniform_k1",2246,"F10",1.53928141654047e-05,NA,NA,NA
"run02_uniform_k1",2247,"CAV1",0.00188167408582673,NA,NA,NA
"run02_uniform_k1",2248,"KCNC2",0,NA,NA,NA
"run02_uniform_k1",2249,"CLDN4",0,NA,NA,NA
"run02_uniform_k1",2250,"F12",0,NA,NA,NA
"run02_uniform_k1",2251,"APOE",0.000621735352925756,NA,NA,NA
"run02_uniform_k1",2252,"CYP2C9",0.000117781048131316,NA,NA,NA
"run02_uniform_k1",2253,"STAT5B",1.13440953091182e-05,NA,NA,NA
"run02_uniform_k1",2254,"HAMP",0.000187982524293195,NA,NA,NA
"run02_uniform_k1",2255,"CTTN",2.99716390974591e-05,NA,NA,NA
"run02_uniform_k1",2256,"NPPB",3.61091583611639e-06,NA,NA,NA
"run02_uniform_k1",2257,"MMP2",1.88862703024428e-05,NA,NA,NA
"run02_uniform_k1",2258,"IKBKB",6.84471676271059e-06,NA,NA,NA
"run02_uniform_k1",2259,"MAP2K5",0,NA,NA,NA
"run02_uniform_k1",2260,"APP",0.00112835552814228,NA,NA,NA
"run02_uniform_k1",2261,"ABCG2",0.00154702083903102,NA,NA,NA
"run02_uniform_k1",2262,"CD40",1.65401335883164e-05,NA,NA,NA
"run02_uniform_k1",2263,"TPMT",8.77949444514359e-05,NA,NA,NA
"run02_uniform_k1",2264,"GRIN3B",0,NA,NA,NA
"run02_uniform_k1",2265,"CALML3",0,NA,NA,NA
"run02_uniform_k1",2266,"KLK3",0.00125308407979507,NA,NA,NA
"run02_uniform_k1",2267,"CHUK",1.55270045979483e-05,NA,NA,NA
"run02_uniform_k1",2268,"ADIPOQ",2.77581439246388e-05,NA,NA,NA
"run02_uniform_k1",2269,"MAPK13",0,NA,NA,NA
"run02_uniform_k1",2270,"PLG",0.000475913758970048,NA,NA,NA
"run02_uniform_k1",2271,"CD36",0.000286748685116911,NA,NA,NA
"run02_uniform_k1",2272,"AMY2A",0,NA,NA,NA
"run02_uniform_k1",2273,"TNFRSF10B",0,NA,NA,NA
"run02_uniform_k1",2274,"AKR1C3",0.000173978783267859,NA,NA,NA
"run02_uniform_k1",2275,"HTR1D",0,NA,NA,NA
"run02_uniform_k1",2276,"CXADR",1.64676675717956e-06,NA,NA,NA
"run02_uniform_k1",2277,"MAP2",5.57507217935349e-06,NA,NA,NA
"run02_uniform_k1",2278,"PDE3B",4.40978259571567e-05,NA,NA,NA
"run02_uniform_k1",2279,"FASLG",6.21033622971723e-06,NA,NA,NA
"run02_uniform_k1",2280,"SLC2A1",0.000140046836469954,NA,NA,NA
"run02_uniform_k1",2281,"CYCS",0.0019228192201588,NA,NA,NA
"run02_uniform_k1",2282,"CHRNB2",1.93198243616521e-05,NA,NA,NA
"run02_uniform_k1",2283,"MUC5AC",6.33425870422144e-07,NA,NA,NA
"run02_uniform_k1",2284,"LYZ",0,NA,NA,NA
"run02_uniform_k1",2285,"ANPEP",7.21688108924479e-05,NA,NA,NA
"run02_uniform_k1",2286,"CNR2",0,NA,NA,NA
"run02_uniform_k1",2287,"ZEB1",0,NA,NA,NA
"run02_uniform_k1",2288,"TRPM7",0,NA,NA,NA
"run02_uniform_k1",2289,"AMY2A",0,NA,NA,NA
"run02_uniform_k1",2290,"DBP",0,NA,NA,NA
"run02_uniform_k1",2291,"MYD88",9.12615367376635e-06,NA,NA,NA
"run02_uniform_k1",2292,"ABCG8",0,NA,NA,NA
"run02_uniform_k1",2293,"DRD5",0.00110886310796687,NA,NA,NA
"run02_uniform_k1",2294,"GABRE",0,NA,NA,NA
"run02_uniform_k1",2295,"DGAT1",0.000583801314570143,NA,NA,NA
"run02_uniform_k1",2296,"HTR7",2.21651978515869e-06,NA,NA,NA
"run02_uniform_k1",2297,"ATP5F1E",7.91669737976175e-06,NA,NA,NA
"run02_uniform_k1",2298,"TACR1",0,NA,NA,NA
"run02_uniform_k1",2299,"FOXM1",1.90088265561439e-06,NA,NA,NA
"run02_uniform_k1",2300,"RXRG",0,NA,NA,NA
"run02_uniform_k1",2301,"XPO1",1.66633213304346e-05,NA,NA,NA
"run02_uniform_k1",2302,"CAMKK2",3.48444593978314e-06,NA,NA,NA
"run02_uniform_k1",2303,"KCNJ10",0,NA,NA,NA
"run02_uniform_k1",2304,"CACNB4",5.59340801313812e-05,NA,NA,NA
"run02_uniform_k1",2305,"DUOXA1",0,NA,NA,NA
"run02_uniform_k1",2306,"DGAT1",0.000583801314570143,NA,NA,NA
"run02_uniform_k1",2307,"CHEK1",1.20395101235182e-05,NA,NA,NA
"run02_uniform_k1",2308,"SOD2",0.000296172336680667,NA,NA,NA
"run02_uniform_k1",2309,"STAT1",0.000487010105838959,NA,NA,NA
"run02_uniform_k1",2310,"ADRB3",5.25856990074569e-06,NA,NA,NA
"run02_uniform_k1",2311,"CHRM2",2.51721592002818e-05,NA,NA,NA
"run02_uniform_k1",2312,"GRIN3B",0,NA,NA,NA
"run02_uniform_k1",2313,"DHFR",0.000279606338591143,NA,NA,NA
"run02_uniform_k1",2314,"PRKCB",0.000129467861105015,NA,NA,NA
"run02_uniform_k1",2315,"LY96",0,NA,NA,NA
"run02_uniform_k1",2316,"LCP1",0.00205551981329799,NA,NA,NA
"run02_uniform_k1",2317,"NOD2",2.72727341009693e-05,NA,NA,NA
"run02_uniform_k1",2318,"KCNJ6",2.88254911089414e-05,NA,NA,NA
"run02_uniform_k1",2319,"JAK2",0.000791453142699572,NA,NA,NA
"run02_uniform_k1",2320,"CALCA",1.96344956293615e-06,NA,NA,NA
"run02_uniform_k1",2321,"PKD1",3.50334081220538e-05,NA,NA,NA
"run02_uniform_k1",2322,"S100A7A",0,NA,NA,NA
"run02_uniform_k1",2323,"DRD3",0,NA,NA,NA
"run02_uniform_k1",2324,"CHRNA4",0.00010936479964363,NA,NA,NA
"run02_uniform_k1",2325,"CA2",1.50098666125142e-05,NA,NA,NA
"run02_uniform_k1",2326,"TNFRSF1A",1.26749186291075e-05,NA,NA,NA
"run02_uniform_k1",2327,"CYP11B2",0.000106525313512962,NA,NA,NA
"run02_uniform_k1",2328,"IGFBP3",2.54114516418102e-05,NA,NA,NA
"run02_uniform_k1",2329,"GSR",0.00032731672891706,NA,NA,NA
"run02_uniform_k1",2330,"TPMT",8.77949444514359e-05,NA,NA,NA
"run02_uniform_k1",2331,"CD274",2.2623615720252e-05,NA,NA,NA
"run02_uniform_k1",2332,"RBL1",0,NA,NA,NA
"run02_uniform_k1",2333,"NFKBIE",0,NA,NA,NA
"run02_uniform_k1",2334,"RYR2",4.78345186669671e-05,NA,NA,NA
"run02_uniform_k1",2335,"SLC29A1",0.00102903201870796,NA,NA,NA
"run02_uniform_k1",2336,"CHRNA4",0.00010936479964363,NA,NA,NA
"run02_uniform_k1",2337,"PIK3CA",2.52878809748891e-05,NA,NA,NA
"run02_uniform_k1",2338,"CD86",0,NA,NA,NA
"run02_uniform_k1",2339,"BGLAP",0.000139973984731978,NA,NA,NA
"run02_uniform_k1",2340,"GLA",5.69983816256503e-06,NA,NA,NA
"run02_uniform_k1",2341,"NPEPPS",0,NA,NA,NA
"run02_uniform_k1",2342,"CYP7A1",0.000286565174003384,NA,NA,NA
"run02_uniform_k1",2343,"GPR18",0,NA,NA,NA
"run02_uniform_k1",2344,"ORM2",0,NA,NA,NA
"run02_uniform_k1",2345,"ATF3",8.55513091113647e-06,NA,NA,NA
"run02_uniform_k1",2346,"CNR2",0,NA,NA,NA
"run02_uniform_k1",2347,"PRKDC",3.48518119952512e-06,NA,NA,NA
"run02_uniform_k1",2348,"SOAT1",2.72368448894778e-06,NA,NA,NA
"run02_uniform_k1",2349,"PLSCR1",0,NA,NA,NA
"run02_uniform_k1",2350,"AQP3",0,NA,NA,NA
"run02_uniform_k1",2351,"AGXT2",0.000181321349120078,NA,NA,NA
"run02_uniform_k1",2352,"CLDN5",3.48460731747213e-06,NA,NA,NA
"run02_uniform_k1",2353,"TEK",0,NA,NA,NA
"run02_uniform_k1",2354,"MOCOS",1.83708339053235e-05,NA,NA,NA
"run02_uniform_k1",2355,"CDKN1B",8.87190608878097e-06,NA,NA,NA
"run02_uniform_k1",2356,"SQLE",9.90930470378126e-05,NA,NA,NA
"run02_uniform_k1",2357,"PIM1",0,NA,NA,NA
"run02_uniform_k1",2358,"ACTR1B",0,NA,NA,NA
"run02_uniform_k1",2359,"S100A7",0.00101836981567682,NA,NA,NA
"run02_uniform_k1",2360,"DAO",0,NA,NA,NA
"run02_uniform_k1",2361,"CDK4",5.9067280737346e-05,NA,NA,NA
"run02_uniform_k1",2362,"CHUK",1.55270045979483e-05,NA,NA,NA
"run02_uniform_k1",2363,"CP",4.75143862451732e-05,NA,NA,NA
"run02_uniform_k1",2364,"AQP3",0,NA,NA,NA
"run02_uniform_k1",2365,"F10",1.53928141654047e-05,NA,NA,NA
"run02_uniform_k1",2366,"DHRS4",0,NA,NA,NA
"run02_uniform_k1",2367,"KCNN4",9.50269363275691e-06,NA,NA,NA
"run02_uniform_k1",2368,"NUF2",6.20773671455854e-06,NA,NA,NA
"run02_uniform_k1",2369,"PPP3CA",1.20382530055529e-05,NA,NA,NA
"run02_uniform_k1",2370,"PTH",0.00019439506068486,NA,NA,NA
"run02_uniform_k1",2371,"BACE1",5.67015318772013e-05,NA,NA,NA
"run02_uniform_k1",2372,"EGR1",5.67823039951953e-05,NA,NA,NA
"run02_uniform_k1",2373,"TUBA1A",1.10247379909723e-05,NA,NA,NA
"run02_uniform_k1",2374,"ITPR2",6.33550958140106e-07,NA,NA,NA
"run02_uniform_k1",2375,"HCRTR1",0,NA,NA,NA
"run02_uniform_k1",2376,"COX7B",0,NA,NA,NA
"run02_uniform_k1",2377,"KRAS",0.00012277649828063,NA,NA,NA
"run02_uniform_k1",2378,"TOP1",1.90060302329709e-06,NA,NA,NA
"run02_uniform_k1",2379,"AKT2",0,NA,NA,NA
"run02_uniform_k1",2380,"ELOVL6",0,NA,NA,NA
"run02_uniform_k1",2381,"ACSS2",8.1011205171122e-05,NA,NA,NA
"run02_uniform_k1",2382,"PPARA",0.00137693094911007,NA,NA,NA
"run02_uniform_k1",2383,"MYC",0.000561856827766771,NA,NA,NA
"run02_uniform_k1",2384,"AKR1A1",6.17051045759265e-06,NA,NA,NA
"run02_uniform_k1",2385,"CACNG1",0,NA,NA,NA
"run02_uniform_k1",2386,"APLP1",0,NA,NA,NA
"run02_uniform_k1",2387,"AADAT",3.54591244267066e-06,NA,NA,NA
"run02_uniform_k1",2388,"APOD",0.00195383273850436,NA,NA,NA
"run02_uniform_k1",2389,"GRIN3A",0,NA,NA,NA
"run02_uniform_k1",2390,"RBP2",3.01152514644576e-05,NA,NA,NA
"run02_uniform_k1",2391,"ARF3",1.01355586621388e-05,NA,NA,NA
"run02_uniform_k1",2392,"AFM",0,NA,NA,NA
"run02_uniform_k1",2393,"APOD",0.00195383273850436,NA,NA,NA
"run02_uniform_k1",2394,"VTN",6.33650236725458e-07,NA,NA,NA
"run02_uniform_k1",2395,"IKBKB",6.84471676271059e-06,NA,NA,NA
"run02_uniform_k1",2396,"TP53",0.00427693686378816,NA,NA,NA
"run02_uniform_k1",2397,"MAPK8",0.00014699135508045,NA,NA,NA
"run02_uniform_k1",2398,"PRKCA",0.000374278990026067,NA,NA,NA
"run02_uniform_k1",2399,"GNMT",0,NA,NA,NA
"run02_uniform_k1",2400,"CACNA1D",0.00017135132572077,NA,NA,NA
"run02_uniform_k1",2401,"CACNG3",0,NA,NA,NA
"run02_uniform_k1",2402,"ADORA1",2.74909074123864e-05,NA,NA,NA
"run02_uniform_k1",2403,"AHSA1",0,NA,NA,NA
"run02_uniform_k1",2404,"ITPR1",0.000202309527979283,NA,NA,NA
"run02_uniform_k1",2405,"CXCL13",0,NA,NA,NA
"run02_uniform_k1",2406,"ABCG8",0,NA,NA,NA
"run02_uniform_k1",2407,"INS",0.00437927624027923,NA,NA,NA
"run02_uniform_k1",2408,"SULT1A1",8.93034087123823e-06,NA,NA,NA
"run02_uniform_k1",2409,"SLC15A1",1.58338604960839e-06,NA,NA,NA
"run02_uniform_k1",2410,"DBH",9.818852931609e-06,NA,NA,NA
"run02_uniform_k1",2411,"CYP27C1",0,NA,NA,NA
"run02_uniform_k1",2412,"GRIN2C",0,NA,NA,NA
"run02_uniform_k1",2413,"CFLAR",6.33631245472444e-07,NA,NA,NA
"run02_uniform_k1",2414,"COX5A",0,NA,NA,NA
"run02_uniform_k1",2415,"TUBA4A",0,NA,NA,NA
"run02_uniform_k1",2416,"CHRNA10",0,NA,NA,NA
"run02_uniform_k1",2417,"CD36",0.000286748685116911,NA,NA,NA
"run02_uniform_k1",2418,"AHR",1.17841620478343e-05,NA,NA,NA
"run02_uniform_k1",2419,"AGTR2",0,NA,NA,NA
"run02_uniform_k1",2420,"OAT",1.33641726925982e-05,NA,NA,NA
"run02_uniform_k1",2421,"APRT",5.32709672381726e-05,NA,NA,NA
"run02_uniform_k1",2422,"CRYZ",0,NA,NA,NA
"run02_uniform_k1",2423,"SLC2A4",1.81861109559422e-05,NA,NA,NA
"run02_uniform_k1",2424,"PLSCR1",0,NA,NA,NA
"run02_uniform_k1",2425,"ABCA1",1.90091421303773e-06,NA,NA,NA
"run02_uniform_k1",2426,"GDNF",3.48479365919196e-06,NA,NA,NA
"run02_uniform_k1",2427,"ATP1A4",0,NA,NA,NA
"run02_uniform_k1",2428,"CLDN1",4.94148239504888e-06,NA,NA,NA
"run02_uniform_k1",2429,"ACE2",6.17806475236016e-05,NA,NA,NA
"run02_uniform_k1",2430,"F2",0.000128821901214549,NA,NA,NA
"run02_uniform_k1",2431,"FGF23",6.25962068182551e-05,NA,NA,NA
"run02_uniform_k1",2432,"IRF1",0,NA,NA,NA
"run02_uniform_k1",2433,"RUNX1T1",0,NA,NA,NA
"run02_uniform_k1",2434,"CD83",0,NA,NA,NA
"run02_uniform_k1",2435,"EIF4E",1.3685843489597e-05,NA,NA,NA
"run02_uniform_k1",2436,"ACACB",1.55840957074549e-05,NA,NA,NA
"run02_uniform_k1",2437,"HIF1AN",8.74219236624008e-06,NA,NA,NA
"run02_uniform_k1",2438,"KCNJ15",0,NA,NA,NA
"run02_uniform_k1",2439,"GABRR3",0,NA,NA,NA
"run02_uniform_k1",2440,"IDO1",0.000463661718947295,NA,NA,NA
"run02_uniform_k1",2441,"FXN",3.98458264223578e-05,NA,NA,NA
"run02_uniform_k1",2442,"UGT2B28",0,NA,NA,NA
"run02_uniform_k1",2443,"SLPI",0,NA,NA,NA
"run02_uniform_k1",2444,"GLP1R",3.86497402737884e-06,NA,NA,NA
"run02_uniform_k1",2445,"AXIN1",1.08355886352385e-05,NA,NA,NA
"run02_uniform_k1",2446,"CTSD",0.000133066364187417,NA,NA,NA
"run02_uniform_k1",2447,"PTGER3",1.07329013246948e-05,NA,NA,NA
"run02_uniform_k1",2448,"ALDOA",1.76112505224646e-05,NA,NA,NA
"run02_uniform_k1",2449,"TYR",3.79481492692735e-05,NA,NA,NA
"run02_uniform_k1",2450,"RXRA",0.000142637488181885,NA,NA,NA
"run02_uniform_k1",2451,"GRM5",0.000204723227971049,NA,NA,NA
"run02_uniform_k1",2452,"PIK3CA",2.52878809748891e-05,NA,NA,NA
"run02_uniform_k1",2453,"APOD",0.00195383273850436,NA,NA,NA
"run02_uniform_k1",2454,"HDAC7",6.01926074750292e-06,NA,NA,NA
"run02_uniform_k1",2455,"RAB5A",9.06001518752308e-06,NA,NA,NA
"run02_uniform_k1",2456,"CACNA2D3",0,NA,NA,NA
"run02_uniform_k1",2457,"GRIN1",6.96987215653699e-06,NA,NA,NA
"run02_uniform_k1",2458,"AKR1C1",5.66614851992275e-05,NA,NA,NA
"run02_uniform_k1",2459,"PRKAB2",0,NA,NA,NA
"run02_uniform_k1",2460,"GLUL",0.000147191537224312,NA,NA,NA
"run02_uniform_k1",2461,"AKR1B1",1.36198355478179e-05,NA,NA,NA
"run02_uniform_k1",2462,"CACNB1",0,NA,NA,NA
"run02_uniform_k1",2463,"NFATC4",0,NA,NA,NA
"run02_uniform_k1",2464,"PPT1",8.42388961930229e-06,NA,NA,NA
"run02_uniform_k1",2465,"KLK5",0,NA,NA,NA
"run02_uniform_k1",2466,"RBP1",1.67206208291359e-05,NA,NA,NA
"run02_uniform_k1",2467,"MMP10",1.00093054868911e-05,NA,NA,NA
"run02_uniform_k1",2468,"PRKAG2",0.00023019859617357,NA,NA,NA
"run02_uniform_k1",2469,"CYP27B1",5.34712469113519e-05,NA,NA,NA
"run02_uniform_k1",2470,"AHSP",1.89993871424488e-06,NA,NA,NA
"run02_uniform_k1",2471,"MYH6",5.61947915448391e-05,NA,NA,NA
"run02_uniform_k1",2472,"ORM2",0,NA,NA,NA
"run02_uniform_k1",2473,"MCU",0,NA,NA,NA
"run02_uniform_k1",2474,"HDAC10",0,NA,NA,NA
"run02_uniform_k1",2475,"KCNJ10",0,NA,NA,NA
"run02_uniform_k1",2476,"NR4A1",4.04919306976614e-05,NA,NA,NA
"run02_uniform_k1",2477,"NEDD4L",4.56173481240274e-05,NA,NA,NA
"run02_uniform_k1",2478,"BMPR2",8.59954951424324e-05,NA,NA,NA
"run02_uniform_k1",2479,"MRC1",0,NA,NA,NA
"run02_uniform_k1",2480,"SRPK2",0,NA,NA,NA
"run02_uniform_k1",2481,"MMP2",1.88862703024428e-05,NA,NA,NA
"run02_uniform_k1",2482,"GRIN2A",0.000361526992004202,NA,NA,NA
"run02_uniform_k1",2483,"APOM",0,NA,NA,NA
"run02_uniform_k1",2484,"ABCC9",1.45674367513227e-06,NA,NA,NA
"run02_uniform_k1",2485,"ABL1",0.000131212002905445,NA,NA,NA
"run02_uniform_k1",2486,"ELOVL4",0,NA,NA,NA
"run02_uniform_k1",2487,"ADORA2A",0.00134091820301629,NA,NA,NA
"run02_uniform_k1",2488,"FOXO3",4.79174602721066e-05,NA,NA,NA
"run02_uniform_k1",2489,"AR",0.000302154756725348,NA,NA,NA
"run02_uniform_k1",2490,"DBH",9.818852931609e-06,NA,NA,NA
"run02_uniform_k1",2491,"F2RL1",1.81154153372498e-05,NA,NA,NA
"run02_uniform_k1",2492,"PDXK",0.00104366135249789,NA,NA,NA
"run02_uniform_k1",2493,"CSF3",4.44861479179659e-05,NA,NA,NA
"run02_uniform_k1",2494,"SDHA",0.000611111269984921,NA,NA,NA
"run02_uniform_k1",2495,"CCR7",5.06918390497102e-06,NA,NA,NA
"run02_uniform_k1",2496,"EIF2A",0,NA,NA,NA
"run02_uniform_k1",2497,"GABRA2",5.10094626082758e-05,NA,NA,NA
"run02_uniform_k1",2498,"KCNJ11",0.00241899994818762,NA,NA,NA
"run02_uniform_k1",2499,"ABCC9",1.45674367513227e-06,NA,NA,NA
"run02_uniform_k1",2500,"SPP1",0.000133522093562433,NA,NA,NA
"run02_uniform_k1",2501,"PTPN11",2.43987962315062e-05,NA,NA,NA
"run02_uniform_k1",2502,"PTGER2",3.0407837517954e-06,NA,NA,NA
"run02_uniform_k1",2503,"SLC8A2",0,NA,NA,NA
"run02_uniform_k1",2504,"FXN",3.98458264223578e-05,NA,NA,NA
"run02_uniform_k1",2505,"COX6A2",0,NA,NA,NA
"run02_uniform_k1",2506,"GPER1",8.61720038791702e-06,NA,NA,NA
"run02_uniform_k1",2507,"ACTA1",3.96575036063496e-05,NA,NA,NA
"run02_uniform_k1",2508,"CHRNA4",0.00010936479964363,NA,NA,NA
"run02_uniform_k1",2509,"TNFAIP6",4.94186435140431e-06,NA,NA,NA
"run02_uniform_k1",2510,"ADRA1A",0,NA,NA,NA
"run02_uniform_k1",2511,"NEDD4L",4.56173481240274e-05,NA,NA,NA
"run02_uniform_k1",2512,"GSTM2",0,NA,NA,NA
"run02_uniform_k1",2513,"PPP3CA",1.20382530055529e-05,NA,NA,NA
"run02_uniform_k1",2514,"CXCL10",6.0199614313472e-06,NA,NA,NA
"run02_uniform_k1",2515,"HSD3B2",2.44539251612608e-05,NA,NA,NA
"run02_uniform_k1",2516,"PCOLCE",0,NA,NA,NA
"run02_uniform_k1",2517,"PTGIS",1.23522684530863e-05,NA,NA,NA
"run02_uniform_k1",2518,"CYBA",0,NA,NA,NA
"run02_uniform_k1",2519,"PARP1",0.000202075672702362,NA,NA,NA
"run02_uniform_k1",2520,"RHOA",0.000165621123898174,NA,NA,NA
"run02_uniform_k1",2521,"FDPS",0,NA,NA,NA
"run02_uniform_k1",2522,"PRDX2",0,NA,NA,NA
"run02_uniform_k1",2523,"KLF4",2.5346502531276e-06,NA,NA,NA
"run02_uniform_k1",2524,"HPRT1",0.00041877379526456,NA,NA,NA
"run02_uniform_k1",2525,"EIF4E",1.3685843489597e-05,NA,NA,NA
"run02_uniform_k1",2526,"GABRD",9.49995296650741e-07,NA,NA,NA
"run02_uniform_k1",2527,"HK2",0.000296209764147126,NA,NA,NA
"run02_uniform_k1",2528,"CCND3",6.33604306909952e-07,NA,NA,NA
"run02_uniform_k1",2529,"GAS6",1.2544836703432e-05,NA,NA,NA
"run02_uniform_k1",2530,"TFRC",0.000239327299633385,NA,NA,NA
"run02_uniform_k1",2531,"AURKB",0.000100012341094136,NA,NA,NA
"run02_uniform_k1",2532,"ERBB3",0,NA,NA,NA
"run02_uniform_k1",2533,"CRBN",3.83289296229661e-05,NA,NA,NA
"run02_uniform_k1",2534,"IGF1",0.000380119663706879,NA,NA,NA
"run02_uniform_k1",2535,"SRI",0,NA,NA,NA
"run02_uniform_k1",2536,"GSTM1",0.000122658682697341,NA,NA,NA
"run02_uniform_k1",2537,"RASGRF1",5.25865086087318e-06,NA,NA,NA
"run02_uniform_k1",2538,"TRPM3",0,NA,NA,NA
"run02_uniform_k1",2539,"CYP2D6",2.95879994604009e-05,NA,NA,NA
"run02_uniform_k1",2540,"TNFRSF10B",0,NA,NA,NA
"run02_uniform_k1",2541,"RGN",1.78637354256717e-05,NA,NA,NA
"run02_uniform_k1",2542,"S100A8",5.866975145008e-05,NA,NA,NA
"run02_uniform_k1",2543,"ALAS2",0.000126132338585272,NA,NA,NA
"run02_uniform_k1",2544,"SLC7A2",0,NA,NA,NA
"run02_uniform_k1",2545,"CACNB1",0,NA,NA,NA
"run02_uniform_k1",2546,"ACACB",1.55840957074549e-05,NA,NA,NA
"run02_uniform_k1",2547,"NGF",7.00958583023104e-05,NA,NA,NA
"run02_uniform_k1",2548,"MAPK13",0,NA,NA,NA
"run02_uniform_k1",2549,"KCNA3",7.03184449912797e-06,NA,NA,NA
"run02_uniform_k1",2550,"MAP1LC3A",0,NA,NA,NA
"run02_uniform_k1",2551,"DKK1",0,NA,NA,NA
"run02_uniform_k1",2552,"MAP3K7",0.000279295362734966,NA,NA,NA
"run02_uniform_k1",2553,"HSPA4",0.000770336012735795,NA,NA,NA
"run02_uniform_k1",2554,"TRPC5",4.86789497714524e-05,NA,NA,NA
"run02_uniform_k1",2555,"CPT1C",0,NA,NA,NA
"run02_uniform_k1",2556,"CD14",0,NA,NA,NA
"run02_uniform_k1",2557,"CRP",0.00025559836793676,NA,NA,NA
"run02_uniform_k1",2558,"RASGRF1",5.25865086087318e-06,NA,NA,NA
"run02_uniform_k1",2559,"GABRA4",0,NA,NA,NA
"run02_uniform_k1",2560,"ATP5F1E",7.91669737976175e-06,NA,NA,NA
"run02_uniform_k1",2561,"ADRA2A",6.33347720935262e-07,NA,NA,NA
"run02_uniform_k1",2562,"FGFR2",9.18874357280774e-06,NA,NA,NA
"run02_uniform_k1",2563,"GNMT",0,NA,NA,NA
"run02_uniform_k1",2564,"LMNB1",7.2866286621176e-06,NA,NA,NA
"run02_uniform_k1",2565,"BRCA1",0.00150305205251045,NA,NA,NA
"run02_uniform_k1",2566,"AMY1A",0,NA,NA,NA
"run02_uniform_k1",2567,"CCL2",3.6509767629811e-05,NA,NA,NA
"run02_uniform_k1",2568,"RORA",0.00130690437409919,NA,NA,NA
"run02_uniform_k1",2569,"MAP2K5",0,NA,NA,NA
"run02_uniform_k1",2570,"PROM1",0.00127729251749653,NA,NA,NA
"run02_uniform_k1",2571,"MAPK11",0,NA,NA,NA
"run02_uniform_k1",2572,"PPP3CA",1.20382530055529e-05,NA,NA,NA
"run02_uniform_k1",2573,"MYB",0,NA,NA,NA
"run02_uniform_k1",2574,"NCF1",8.14327396577719e-05,NA,NA,NA
"run02_uniform_k1",2575,"ABCC9",1.45674367513227e-06,NA,NA,NA
"run02_uniform_k1",2576,"MCU",0,NA,NA,NA
"run02_uniform_k1",2577,"SDHA",0.000611111269984921,NA,NA,NA
"run02_uniform_k1",2578,"PTGDS",0.0001023719829093,NA,NA,NA
"run02_uniform_k1",2579,"GABRP",0,NA,NA,NA
"run02_uniform_k1",2580,"POLA1",6.90421997273649e-06,NA,NA,NA
"run02_uniform_k1",2581,"CCNA2",1.83133006516067e-05,NA,NA,NA
"run02_uniform_k1",2582,"MARK4",0,NA,NA,NA
"run02_uniform_k1",2583,"HDAC7",6.01926074750292e-06,NA,NA,NA
"run02_uniform_k1",2584,"SCD",0.000143791042404695,NA,NA,NA
"run02_uniform_k1",2585,"PROC",3.8004925289048e-06,NA,NA,NA
"run02_uniform_k1",2586,"ATP2C2",0,NA,NA,NA
"run02_uniform_k1",2587,"PTK2",8.5307122116185e-05,NA,NA,NA
"run02_uniform_k1",2588,"DBH",9.818852931609e-06,NA,NA,NA
"run02_uniform_k1",2589,"CCND1",0.000116503278948743,NA,NA,NA
"run02_uniform_k1",2590,"ESRRA",6.99494678408907e-05,NA,NA,NA
"run02_uniform_k1",2591,"MYC",0.000561856827766771,NA,NA,NA
"run02_uniform_k1",2592,"COL1A1",0.000181222784889745,NA,NA,NA
"run02_uniform_k1",2593,"NTRK1",3.04810969022906e-05,NA,NA,NA
"run02_uniform_k1",2594,"CYC1",4.87786738601059e-06,NA,NA,NA
"run02_uniform_k1",2595,"CYC1",4.87786738601059e-06,NA,NA,NA
"run02_uniform_k1",2596,"NPPB",3.61091583611639e-06,NA,NA,NA
"run02_uniform_k1",2597,"CACNB4",5.59340801313812e-05,NA,NA,NA
"run02_uniform_k1",2598,"SCN11A",4.43375248559974e-06,NA,NA,NA
"run02_uniform_k1",2599,"HCRT",0.000169339993540296,NA,NA,NA
"run02_uniform_k1",2600,"CD163",2.80685125135793e-05,NA,NA,NA
"run02_uniform_k1",2601,"GLB1",8.47570012040277e-05,NA,NA,NA
"run02_uniform_k1",2602,"PPARD",4.39109792027548e-05,NA,NA,NA
"run02_uniform_k1",2603,"KCNMB4",0,NA,NA,NA
"run02_uniform_k1",2604,"NRF1",1.38741902355743e-05,NA,NA,NA
"run02_uniform_k1",2605,"DRD3",0,NA,NA,NA
"run02_uniform_k1",2606,"FDPS",0,NA,NA,NA
"run02_uniform_k1",2607,"EIF4E",1.3685843489597e-05,NA,NA,NA
"run02_uniform_k1",2608,"AKR1B1",1.36198355478179e-05,NA,NA,NA
"run02_uniform_k1",2609,"CACNB3",0,NA,NA,NA
"run02_uniform_k1",2610,"CYP11B1",0,NA,NA,NA
"run02_uniform_k1",2611,"ICAM1",0.000172524776509531,NA,NA,NA
"run02_uniform_k1",2612,"CAT",1.06411717700761e-05,NA,NA,NA
"run02_uniform_k1",2613,"ABCG4",0,NA,NA,NA
"run02_uniform_k1",2614,"ARRDC3",6.33407013395093e-07,NA,NA,NA
"run02_uniform_k1",2615,"CYP11A1",1.84332824758604e-05,NA,NA,NA
"run02_uniform_k1",2616,"PTGER2",3.0407837517954e-06,NA,NA,NA
"run02_uniform_k1",2617,"PTPN1",3.86549374464806e-06,NA,NA,NA
"run02_uniform_k1",2618,"SCNN1A",5.25143809567696e-05,NA,NA,NA
"run02_uniform_k1",2619,"SLPI",0,NA,NA,NA
"run02_uniform_k1",2620,"DKK1",0,NA,NA,NA
"run02_uniform_k1",2621,"OAT",1.33641726925982e-05,NA,NA,NA
"run02_uniform_k1",2622,"POLB",0,NA,NA,NA
"run02_uniform_k1",2623,"ABCA1",1.90091421303773e-06,NA,NA,NA
"run02_uniform_k1",2624,"DNMT3B",1.03906004091936e-05,NA,NA,NA
"run02_uniform_k1",2625,"CYP1B1",1.26701867375623e-06,NA,NA,NA
"run02_uniform_k1",2626,"POLB",0,NA,NA,NA
"run02_uniform_k1",2627,"CALM3",0.000527160893726952,NA,NA,NA
"run02_uniform_k1",2628,"CDK1",0.000268330391133942,NA,NA,NA
"run02_uniform_k1",2629,"CCL22",0,NA,NA,NA
"run02_uniform_k1",2630,"CHRNA2",0,NA,NA,NA
"run02_uniform_k1",2631,"DRD4",1.19735525129228e-05,NA,NA,NA
"run02_uniform_k1",2632,"CACNA2D2",0,NA,NA,NA
"run02_uniform_k1",2633,"PDE3B",4.40978259571567e-05,NA,NA,NA
"run02_uniform_k1",2634,"SOD2",0.000296172336680667,NA,NA,NA
"run02_uniform_k1",2635,"IL1A",0.00038306531858312,NA,NA,NA
"run02_uniform_k1",2636,"SFN",1.88836433614448e-05,NA,NA,NA
"run02_uniform_k1",2637,"GAS6",1.2544836703432e-05,NA,NA,NA
"run02_uniform_k1",2638,"NAAA",0,NA,NA,NA
"run02_uniform_k1",2639,"TIMP2",0,NA,NA,NA
"run02_uniform_k1",2640,"NPR1",8.07015894644936e-05,NA,NA,NA
"run02_uniform_k1",2641,"LALBA",3.81683006253075e-05,NA,NA,NA
"run02_uniform_k1",2642,"MYB",0,NA,NA,NA
"run02_uniform_k1",2643,"PCYT1A",2.85706032163713e-05,NA,NA,NA
"run02_uniform_k1",2644,"ZEB2",0,NA,NA,NA
"run02_uniform_k1",2645,"CYP2E1",0.000529547743911452,NA,NA,NA
"run02_uniform_k1",2646,"PAEP",3.16647909515133e-06,NA,NA,NA
"run02_uniform_k1",2647,"TIMP2",0,NA,NA,NA
"run02_uniform_k1",2648,"GABRA1",0.000512519672648093,NA,NA,NA
"run02_uniform_k1",2649,"CAT",1.06411717700761e-05,NA,NA,NA
"run02_uniform_k1",2650,"SH3BP5",6.33329974131236e-07,NA,NA,NA
"run02_uniform_k1",2651,"TOP2A",1.51432024206866e-05,NA,NA,NA
"run02_uniform_k1",2652,"CACNG3",0,NA,NA,NA
"run02_uniform_k1",2653,"RXRA",0.000142637488181885,NA,NA,NA
"run02_uniform_k1",2654,"CSAD",0,NA,NA,NA
"run02_uniform_k1",2655,"PROC",3.8004925289048e-06,NA,NA,NA
"run02_uniform_k1",2656,"KCNA3",7.03184449912797e-06,NA,NA,NA
"run02_uniform_k1",2657,"NFATC4",0,NA,NA,NA
"run02_uniform_k1",2658,"MT-CYB",0.000203007681716216,NA,NA,NA
"run02_uniform_k1",2659,"APOA4",2.27717166977337e-05,NA,NA,NA
"run02_uniform_k1",2660,"HLA-B",6.33520976234259e-07,NA,NA,NA
"run02_uniform_k1",2661,"ADA",5.3173443308685e-05,NA,NA,NA
"run02_uniform_k1",2662,"AGT",0.000967403269813816,NA,NA,NA
"run02_uniform_k1",2663,"RDH12",1.33642751130036e-05,NA,NA,NA
"run02_uniform_k1",2664,"ITGB3",8.18152205451783e-05,NA,NA,NA
"run02_uniform_k1",2665,"PTGER4",5.57531554357116e-06,NA,NA,NA
"run02_uniform_k1",2666,"ATP2C2",0,NA,NA,NA
"run02_uniform_k1",2667,"DLG1",6.50075176803488e-05,NA,NA,NA
"run02_uniform_k1",2668,"KCNE2",0,NA,NA,NA
"run02_uniform_k1",2669,"PCOLCE",0,NA,NA,NA
"run02_uniform_k1",2670,"SRPK1",0.00108816969760961,NA,NA,NA
"run02_uniform_k1",2671,"FGFR2",9.18874357280774e-06,NA,NA,NA
"run02_uniform_k1",2672,"STAT5A",4.23996396073933e-05,NA,NA,NA
"run02_uniform_k1",2673,"KCNA1",1.36823220714399e-05,NA,NA,NA
"run02_uniform_k1",2674,"SLC6A2",0,NA,NA,NA
"run02_uniform_k1",2675,"MAOB",5.4236212515657e-05,NA,NA,NA
"run02_uniform_k1",2676,"ALDH1A2",0,NA,NA,NA
"run02_uniform_k1",2677,"RAC2",7.2870543702308e-05,NA,NA,NA
"run02_uniform_k1",2678,"CXCL10",6.0199614313472e-06,NA,NA,NA
"run02_uniform_k1",2679,"PAPSS2",2.08994383624761e-05,NA,NA,NA
"run02_uniform_k1",2680,"PTK2B",6.52603876749591e-06,NA,NA,NA
"run02_uniform_k1",2681,"COX7B",0,NA,NA,NA
"run02_uniform_k1",2682,"ADAMTS4",0,NA,NA,NA
"run02_uniform_k1",2683,"KCNN2",6.33510621184108e-07,NA,NA,NA
"run02_uniform_k1",2684,"S100A7",0.00101836981567682,NA,NA,NA
"run02_uniform_k1",2685,"AHCYL1",1.90022934498657e-06,NA,NA,NA
"run02_uniform_k1",2686,"IGFBP3",2.54114516418102e-05,NA,NA,NA
"run02_uniform_k1",2687,"NOS2",2.38274351227474e-05,NA,NA,NA
"run02_uniform_k1",2688,"GJA1",0.000128446445619601,NA,NA,NA
"run02_uniform_k1",2689,"NPR1",8.07015894644936e-05,NA,NA,NA
"run02_uniform_k1",2690,"ACE2",6.17806475236016e-05,NA,NA,NA
"run02_uniform_k1",2691,"AKT2",0,NA,NA,NA
"run02_uniform_k1",2692,"MITF",2.87659544899732e-05,NA,NA,NA
"run02_uniform_k1",2693,"KDM1A",0,NA,NA,NA
"run02_uniform_k1",2694,"KYNU",3.41288525791406e-05,NA,NA,NA
"run02_uniform_k1",2695,"MUC5AC",6.33425870422144e-07,NA,NA,NA
"run02_uniform_k1",2696,"AXL",2.56876487623181e-05,NA,NA,NA
"run02_uniform_k1",2697,"CYCS",0.0019228192201588,NA,NA,NA
"run02_uniform_k1",2698,"CEBPA",7.73820750388232e-05,NA,NA,NA
"run02_uniform_k1",2699,"TJP1",0.000326838626150905,NA,NA,NA
"run02_uniform_k1",2700,"AGXT2",0.000181321349120078,NA,NA,NA
"run02_uniform_k1",2701,"DRD5",0.00110886310796687,NA,NA,NA
"run02_uniform_k1",2702,"ACADM",0.000194896326079275,NA,NA,NA
"run02_uniform_k1",2703,"ESRRG",0.00109032893649263,NA,NA,NA
"run02_uniform_k1",2704,"HCN2",0,NA,NA,NA
"run02_uniform_k1",2705,"CRMP1",1.10844121046227e-05,NA,NA,NA
"run02_uniform_k1",2706,"APOA4",2.27717166977337e-05,NA,NA,NA
"run02_uniform_k1",2707,"TEK",0,NA,NA,NA
"run02_uniform_k1",2708,"ANPEP",7.21688108924479e-05,NA,NA,NA
"run02_uniform_k1",2709,"GABRQ",0,NA,NA,NA
"run02_uniform_k1",2710,"UGT1A3",1.26699491542759e-06,NA,NA,NA
"run02_uniform_k1",2711,"DKK1",0,NA,NA,NA
"run02_uniform_k1",2712,"NR1H3",0,NA,NA,NA
"run02_uniform_k1",2713,"NOX1",2.49654080184403e-05,NA,NA,NA
"run02_uniform_k1",2714,"BDNF",0.000792185293056469,NA,NA,NA
"run02_uniform_k1",2715,"OAT",1.33641726925982e-05,NA,NA,NA
"run02_uniform_k1",2716,"MT-CYB",0.000203007681716216,NA,NA,NA
"run02_uniform_k1",2717,"LGALS1",0,NA,NA,NA
"run02_uniform_k1",2718,"IDE",1.32413576375834e-05,NA,NA,NA
"run02_uniform_k1",2719,"TYMS",0.000142484575824997,NA,NA,NA
"run02_uniform_k1",2720,"BGLAP",0.000139973984731978,NA,NA,NA
"run02_uniform_k1",2721,"PTGIS",1.23522684530863e-05,NA,NA,NA
"run02_uniform_k1",2722,"LRIG1",0,NA,NA,NA
"run02_uniform_k1",2723,"RXRG",0,NA,NA,NA
"run02_uniform_k1",2724,"ADRB2",0.000148693401879507,NA,NA,NA
"run02_uniform_k1",2725,"KEAP1",8.90865911317151e-05,NA,NA,NA
"run02_uniform_k1",2726,"GABRA2",5.10094626082758e-05,NA,NA,NA
"run02_uniform_k1",2727,"POLB",0,NA,NA,NA
"run02_uniform_k1",2728,"MAPT",0.000248151462638568,NA,NA,NA
"run02_uniform_k1",2729,"TBK1",8.23758983270473e-06,NA,NA,NA
"run02_uniform_k1",2730,"CACNA1D",0.00017135132572077,NA,NA,NA
"run02_uniform_k1",2731,"SMO",0,NA,NA,NA
"run02_uniform_k1",2732,"PPARA",0.00137693094911007,NA,NA,NA
"run02_uniform_k1",2733,"AGXT2",0.000181321349120078,NA,NA,NA
"run02_uniform_k1",2734,"KLK5",0,NA,NA,NA
"run02_uniform_k1",2735,"TAC1",0.001463424927591,NA,NA,NA
"run02_uniform_k1",2736,"CTTN",2.99716390974591e-05,NA,NA,NA
"run02_uniform_k1",2737,"NR3C2",1.6726748852447e-05,NA,NA,NA
"run02_uniform_k1",2738,"F12",0,NA,NA,NA
"run02_uniform_k1",2739,"LTA4H",0,NA,NA,NA
"run02_uniform_k1",2740,"ITPR2",6.33550958140106e-07,NA,NA,NA
"run02_uniform_k1",2741,"NR1I2",0.000123041356779652,NA,NA,NA
"run02_uniform_k1",2742,"RHO",0.00017143146028642,NA,NA,NA
"run02_uniform_k1",2743,"MMP9",0.000204115785623737,NA,NA,NA
"run02_uniform_k1",2744,"ABCB11",0,NA,NA,NA
"run02_uniform_k1",2745,"PRKCZ",0.00127837750571802,NA,NA,NA
"run02_uniform_k1",2746,"ATG12",0,NA,NA,NA
"run02_uniform_k1",2747,"SLC7A1",0,NA,NA,NA
"run02_uniform_k1",2748,"FOXO1",0.000280307095370635,NA,NA,NA
"run02_uniform_k1",2749,"TRPM3",0,NA,NA,NA
"run02_uniform_k1",2750,"CACNA1H",5.72384790692437e-05,NA,NA,NA
"run02_uniform_k1",2751,"TRAF6",3.65690661311424e-05,NA,NA,NA
"run02_uniform_k1",2752,"FSHR",1.23538226016739e-05,NA,NA,NA
"run02_uniform_k1",2753,"PLA2G2D",0,NA,NA,NA
"run02_uniform_k1",2754,"NEIL1",0,NA,NA,NA
"run02_uniform_k1",2755,"TEK",0,NA,NA,NA
"run02_uniform_k1",2756,"HMOX1",0.000383241490365949,NA,NA,NA
"run02_uniform_k1",2757,"BTK",0.000119272845312435,NA,NA,NA
"run02_uniform_k1",2758,"CHRNA4",0.00010936479964363,NA,NA,NA
"run02_uniform_k1",2759,"MAPK14",6.8388883402215e-05,NA,NA,NA
"run02_uniform_k1",2760,"ACSL1",4.92269468655993e-05,NA,NA,NA
"run02_uniform_k1",2761,"PDE2A",0,NA,NA,NA
"run02_uniform_k1",2762,"UCP3",0,NA,NA,NA
"run02_uniform_k1",2763,"IL6",0.00104909499545724,NA,NA,NA
"run02_uniform_k1",2764,"DIO1",0,NA,NA,NA
"run02_uniform_k1",2765,"ITPR1",0.000202309527979283,NA,NA,NA
"run02_uniform_k1",2766,"FABP3",6.33463026478154e-07,NA,NA,NA
"run02_uniform_k1",2767,"CALM2",0,NA,NA,NA
"run02_uniform_k1",2768,"COMT",0.000258432034107248,NA,NA,NA
"run02_uniform_k1",2769,"ACSL1",4.92269468655993e-05,NA,NA,NA
"run02_uniform_k1",2770,"FOXM1",1.90088265561439e-06,NA,NA,NA
"run02_uniform_k1",2771,"ALOX5",1.82447360282945e-05,NA,NA,NA
"run02_uniform_k1",2772,"AKR1C3",0.000173978783267859,NA,NA,NA
"run02_uniform_k1",2773,"HNF4G",0,NA,NA,NA
"run02_uniform_k1",2774,"TNNI3",8.64888291552957e-05,NA,NA,NA
"run02_uniform_k1",2775,"AKR1B10",1.92579176795382e-05,NA,NA,NA
"run02_uniform_k1",2776,"RUNX1T1",0,NA,NA,NA
"run02_uniform_k1",2777,"ZEB1",0,NA,NA,NA
"run02_uniform_k1",2778,"DCK",6.65095605247856e-05,NA,NA,NA
"run02_uniform_k1",2779,"SERPINE1",0.000106720941403182,NA,NA,NA
"run02_uniform_k1",2780,"AURKC",0,NA,NA,NA
"run02_uniform_k1",2781,"FABP4",8.52242665472236e-05,NA,NA,NA
"run02_uniform_k1",2782,"PLAU",9.12459578450431e-06,NA,NA,NA
"run02_uniform_k1",2783,"DLG2",0,NA,NA,NA
"run02_uniform_k1",2784,"CASP6",1.26723751903146e-06,NA,NA,NA
"run02_uniform_k1",2785,"TYRP1",6.65147512002306e-06,NA,NA,NA
"run02_uniform_k1",2786,"PRKCI",0,NA,NA,NA
"run02_uniform_k1",2787,"MGST1",0,NA,NA,NA
"run02_uniform_k1",2788,"COL1A2",8.49027404237201e-06,NA,NA,NA
"run02_uniform_k1",2789,"CTSD",0.000133066364187417,NA,NA,NA
"run02_uniform_k1",2790,"GCA",0.000913104018283151,NA,NA,NA
"run02_uniform_k1",2791,"PRKAB1",0,NA,NA,NA
"run02_uniform_k1",2792,"TUBA1C",0,NA,NA,NA
"run02_uniform_k1",2793,"SLC11A1",0,NA,NA,NA
"run02_uniform_k1",2794,"CTTN",2.99716390974591e-05,NA,NA,NA
"run02_uniform_k1",2795,"ACADM",0.000194896326079275,NA,NA,NA
"run02_uniform_k1",2796,"MB",4.23248293774936e-05,NA,NA,NA
"run02_uniform_k1",2797,"ATG5",1.93264314094499e-05,NA,NA,NA
"run02_uniform_k1",2798,"TAT",6.1444352762341e-05,NA,NA,NA
"run02_uniform_k1",2799,"TNNI3",8.64888291552957e-05,NA,NA,NA
"run02_uniform_k1",2800,"BTK",0.000119272845312435,NA,NA,NA
"run02_uniform_k1",2801,"PFAS",0,NA,NA,NA
"run02_uniform_k1",2802,"ACTG2",0,NA,NA,NA
"run02_uniform_k1",2803,"NOS2",2.38274351227474e-05,NA,NA,NA
"run02_uniform_k1",2804,"CHRNA3",2.85056538062989e-06,NA,NA,NA
"run02_uniform_k1",2805,"CYP24A1",2.95788072831593e-05,NA,NA,NA
"run02_uniform_k1",2806,"HDAC6",0.00238463941154432,NA,NA,NA
"run02_uniform_k1",2807,"NEU1",0,NA,NA,NA
"run02_uniform_k1",2808,"FDPS",0,NA,NA,NA
"run02_uniform_k1",2809,"ABCG4",0,NA,NA,NA
"run02_uniform_k1",2810,"PRMT3",0,NA,NA,NA
"run02_uniform_k1",2811,"GP1BA",3.18056444478243e-05,NA,NA,NA
"run02_uniform_k1",2812,"RPL17",9.4906952489815e-05,NA,NA,NA
"run02_uniform_k1",2813,"KCNA3",7.03184449912797e-06,NA,NA,NA
"run02_uniform_k1",2814,"TNF",0.00134281467430086,NA,NA,NA
"run02_uniform_k1",2815,"OR51E1",0,NA,NA,NA
"run02_uniform_k1",2816,"HTR2C",1.81821061465692e-05,NA,NA,NA
"run02_uniform_k1",2817,"TFAM",0,NA,NA,NA
"run02_uniform_k1",2818,"LBP",1.90061939919772e-06,NA,NA,NA
"run02_uniform_k1",2819,"ADCY2",0,NA,NA,NA
"run02_uniform_k1",2820,"MMP9",0.000204115785623737,NA,NA,NA
"run02_uniform_k1",2821,"IGFBP3",2.54114516418102e-05,NA,NA,NA
"run02_uniform_k1",2822,"ADRA2A",6.33347720935262e-07,NA,NA,NA
"run02_uniform_k1",2823,"MLXIPL",0,NA,NA,NA
"run02_uniform_k1",2824,"ELOVL4",0,NA,NA,NA
"run02_uniform_k1",2825,"CDK5",0.000348117516928759,NA,NA,NA
"run02_uniform_k1",2826,"UGT1A1",6.43666731126036e-05,NA,NA,NA
"run02_uniform_k1",2827,"GPD1",0,NA,NA,NA
"run02_uniform_k1",2828,"OAT",1.33641726925982e-05,NA,NA,NA
"run02_uniform_k1",2829,"NDUFS3",7.91874029407724e-05,NA,NA,NA
"run02_uniform_k1",2830,"TPMT",8.77949444514359e-05,NA,NA,NA
"run02_uniform_k1",2831,"GAA",0,NA,NA,NA
"run02_uniform_k1",2832,"CSF2",1.26743081751979e-06,NA,NA,NA
"run02_uniform_k1",2833,"HTR1A",8.14355352558582e-05,NA,NA,NA
"run02_uniform_k1",2834,"NR1H2",0,NA,NA,NA
"run02_uniform_k1",2835,"CACNG6",0,NA,NA,NA
"run02_uniform_k1",2836,"CTTN",2.99716390974591e-05,NA,NA,NA
"run02_uniform_k1",2837,"DLG2",0,NA,NA,NA
"run02_uniform_k1",2838,"CXCR4",0.000366755254582851,NA,NA,NA
"run02_uniform_k1",2839,"ITPR2",6.33550958140106e-07,NA,NA,NA
"run02_uniform_k1",2840,"AHSP",1.89993871424488e-06,NA,NA,NA
"run02_uniform_k1",2841,"CSF3",4.44861479179659e-05,NA,NA,NA
"run02_uniform_k1",2842,"CAT",1.06411717700761e-05,NA,NA,NA
"run02_uniform_k1",2843,"CAMLG",0,NA,NA,NA
"run02_uniform_k1",2844,"MAP1LC3B",8.68078161708752e-06,NA,NA,NA
"run02_uniform_k1",2845,"NFKB1",0.000211104315194666,NA,NA,NA
"run02_uniform_k1",2846,"ATIC",0.0011952594694814,NA,NA,NA
"run02_uniform_k1",2847,"ABCC8",3.66842389862843e-05,NA,NA,NA
"run02_uniform_k1",2848,"LPCAT1",1.456721531512e-06,NA,NA,NA
"run02_uniform_k1",2849,"C8G",8.92998568191583e-06,NA,NA,NA
"run02_uniform_k1",2850,"CPT1A",1.49157660161992e-05,NA,NA,NA
"run02_uniform_k1",2851,"GP6",2.19854467736758e-05,NA,NA,NA
"run02_uniform_k1",2852,"AKR1A1",6.17051045759265e-06,NA,NA,NA
"run02_uniform_k1",2853,"HTR1A",8.14355352558582e-05,NA,NA,NA
"run02_uniform_k1",2854,"MAP1LC3B",8.68078161708752e-06,NA,NA,NA
"run02_uniform_k1",2855,"ARF5",0,NA,NA,NA
"run02_uniform_k1",2856,"ALDH1A2",0,NA,NA,NA
"run02_uniform_k1",2857,"NFATC3",3.48468834243665e-06,NA,NA,NA
"run02_uniform_k1",2858,"GRIN1",6.96987215653699e-06,NA,NA,NA
"run02_uniform_k1",2859,"PENK",0,NA,NA,NA
"run02_uniform_k1",2860,"ADRB3",5.25856990074569e-06,NA,NA,NA
"run02_uniform_k1",2861,"MUC5AC",6.33425870422144e-07,NA,NA,NA
"run02_uniform_k1",2862,"CSF3",4.44861479179659e-05,NA,NA,NA
"run02_uniform_k1",2863,"UCHL1",0,NA,NA,NA
"run02_uniform_k1",2864,"DHFR",0.000279606338591143,NA,NA,NA
"run02_uniform_k1",2865,"KRT18",1.90069610461752e-06,NA,NA,NA
"run02_uniform_k1",2866,"NCOA2",3.54820525111377e-05,NA,NA,NA
"run02_uniform_k1",2867,"CES1",0.000115566529133249,NA,NA,NA
"run02_uniform_k1",2868,"PIK3CD",0,NA,NA,NA
"run02_uniform_k1",2869,"NTRK2",0.000178668928783821,NA,NA,NA
"run02_uniform_k1",2870,"BMP4",1.58394663751782e-06,NA,NA,NA
"run02_uniform_k1",2871,"NKX3-1",0,NA,NA,NA
"run02_uniform_k1",2872,"MB",4.23248293774936e-05,NA,NA,NA
"run02_uniform_k1",2873,"NRXN1",6.46433704953875e-05,NA,NA,NA
"run02_uniform_k1",2874,"TIGAR",0,NA,NA,NA
"run02_uniform_k1",2875,"TPMT",8.77949444514359e-05,NA,NA,NA
"run02_uniform_k1",2876,"NPPA",7.28658572474172e-05,NA,NA,NA
"run02_uniform_k1",2877,"SRC",0.0010396286840485,NA,NA,NA
"run02_uniform_k1",2878,"PRKAA2",4.11841833947157e-06,NA,NA,NA
"run02_uniform_k1",2879,"ACTG2",0,NA,NA,NA
"run02_uniform_k1",2880,"NPPB",3.61091583611639e-06,NA,NA,NA
"run02_uniform_k1",2881,"AKR1B1",1.36198355478179e-05,NA,NA,NA
"run02_uniform_k1",2882,"OAT",1.33641726925982e-05,NA,NA,NA
"run02_uniform_k1",2883,"UGT2B28",0,NA,NA,NA
"run02_uniform_k1",2884,"LYN",0.000110145713016818,NA,NA,NA
"run02_uniform_k1",2885,"ERBB2",0.000157327965161547,NA,NA,NA
"run02_uniform_k1",2886,"PTGS2",0.00143001964027745,NA,NA,NA
"run02_uniform_k1",2887,"BHLHE40",0,NA,NA,NA
"run02_uniform_k1",2888,"PTGER3",1.07329013246948e-05,NA,NA,NA
"run02_uniform_k1",2889,"PRKCA",0.000374278990026067,NA,NA,NA
"run02_uniform_k1",2890,"UGT1A1",6.43666731126036e-05,NA,NA,NA
"run02_uniform_k1",2891,"CYP1A2",5.25226389015421e-05,NA,NA,NA
"run02_uniform_k1",2892,"ABCC2",6.29649746844985e-05,NA,NA,NA
"run02_uniform_k1",2893,"LRP5",0,NA,NA,NA
"run02_uniform_k1",2894,"SCN4B",6.14500670026441e-06,NA,NA,NA
"run02_uniform_k1",2895,"METTL3",0,NA,NA,NA
"run02_uniform_k1",2896,"IL36A",0,NA,NA,NA
"run02_uniform_k1",2897,"SOD1",0.00055040968937059,NA,NA,NA
"run02_uniform_k1",2898,"C8G",8.92998568191583e-06,NA,NA,NA
"run02_uniform_k1",2899,"IDE",1.32413576375834e-05,NA,NA,NA
"run02_uniform_k1",2900,"GSTM2",0,NA,NA,NA
"run02_uniform_k1",2901,"GABRE",0,NA,NA,NA
"run02_uniform_k1",2902,"DHCR7",7.41792346372616e-05,NA,NA,NA
"run02_uniform_k1",2903,"NANOG",9.82225146706206e-06,NA,NA,NA
"run02_uniform_k1",2904,"SLCO2B1",0,NA,NA,NA
"run02_uniform_k1",2905,"CYP27B1",5.34712469113519e-05,NA,NA,NA
"run02_uniform_k1",2906,"FASN",0.000342772066284303,NA,NA,NA
"run02_uniform_k1",2907,"TEK",0,NA,NA,NA
"run02_uniform_k1",2908,"PLK4",2.22339198402421e-05,NA,NA,NA
"run02_uniform_k1",2909,"CYP2D6",2.95879994604009e-05,NA,NA,NA
"run02_uniform_k1",2910,"RIPK1",9.50457768944535e-06,NA,NA,NA
"run02_uniform_k1",2911,"ATM",2.74398232945616e-05,NA,NA,NA
"run02_uniform_k1",2912,"ATF7",0.00117103741166447,NA,NA,NA
"run02_uniform_k1",2913,"CYP1A2",5.25226389015421e-05,NA,NA,NA
"run02_uniform_k1",2914,"CYB5A",5.4039383747595e-05,NA,NA,NA
"run02_uniform_k1",2915,"ALAS1",5.9411598420489e-05,NA,NA,NA
"run02_uniform_k1",2916,"ABAT",2.2801866788047e-06,NA,NA,NA
"run02_uniform_k1",2917,"PDE5A",1.15913843198312e-05,NA,NA,NA
"run02_uniform_k1",2918,"MGLL",0.000230459075350131,NA,NA,NA
"run02_uniform_k1",2919,"VTN",6.33650236725458e-07,NA,NA,NA
"run02_uniform_k1",2920,"PDK1",0,NA,NA,NA
"run02_uniform_k1",2921,"SCN1B",0.00123489854843939,NA,NA,NA
"run02_uniform_k1",2922,"ATP2B3",0,NA,NA,NA
"run02_uniform_k1",2923,"ATP1A2",4.63378248599655e-05,NA,NA,NA
"run02_uniform_k1",2924,"NPPB",3.61091583611639e-06,NA,NA,NA
"run02_uniform_k1",2925,"TIMP1",6.97061284626876e-06,NA,NA,NA
"run02_uniform_k1",2926,"FASLG",6.21033622971723e-06,NA,NA,NA
"run02_uniform_k1",2927,"INSR",1.12798026006278e-05,NA,NA,NA
"run02_uniform_k1",2928,"NFATC2",1.95162479730282e-05,NA,NA,NA
"run02_uniform_k1",2929,"CD80",0,NA,NA,NA
"run02_uniform_k1",2930,"IL2",8.48661529537775e-05,NA,NA,NA
"run02_uniform_k1",2931,"SHANK1",1.22897159903212e-05,NA,NA,NA
"run02_uniform_k1",2932,"FURIN",9.05415850372959e-05,NA,NA,NA
"run02_uniform_k1",2933,"GSTZ1",0,NA,NA,NA
"run02_uniform_k1",2934,"NCOA2",3.54820525111377e-05,NA,NA,NA
"run02_uniform_k1",2935,"MAPK3",0.000389312216340865,NA,NA,NA
"run02_uniform_k1",2936,"DKK1",0,NA,NA,NA
"run02_uniform_k1",2937,"IL1RN",0,NA,NA,NA
"run02_uniform_k1",2938,"CAT",1.06411717700761e-05,NA,NA,NA
"run02_uniform_k1",2939,"TYRP1",6.65147512002306e-06,NA,NA,NA
"run02_uniform_k1",2940,"EGLN3",1.26699828650878e-06,NA,NA,NA
"run02_uniform_k1",2941,"UCHL1",0,NA,NA,NA
"run02_uniform_k1",2942,"SCN2B",0,NA,NA,NA
"run02_uniform_k1",2943,"CRTC1",0,NA,NA,NA
"run02_uniform_k1",2944,"AKR1A1",6.17051045759265e-06,NA,NA,NA
"run02_uniform_k1",2945,"MAPK8IP1",9.56119621767781e-05,NA,NA,NA
"run02_uniform_k1",2946,"DHRS4",0,NA,NA,NA
"run02_uniform_k1",2947,"PTPN1",3.86549374464806e-06,NA,NA,NA
"run02_uniform_k1",2948,"CRTC1",0,NA,NA,NA
"run02_uniform_k1",2949,"HMOX1",0.000383241490365949,NA,NA,NA
"run02_uniform_k1",2950,"CBR3",0,NA,NA,NA
"run02_uniform_k1",2951,"SRC",0.0010396286840485,NA,NA,NA
"run02_uniform_k1",2952,"ARF5",0,NA,NA,NA
"run02_uniform_k1",2953,"ADRB1",3.16756855778255e-06,NA,NA,NA
"run02_uniform_k1",2954,"NEIL1",0,NA,NA,NA
"run02_uniform_k1",2955,"ADH5",7.50101523409041e-05,NA,NA,NA
"run02_uniform_k1",2956,"SEMA3A",6.84073768231208e-06,NA,NA,NA
"run02_uniform_k1",2957,"TGFB1",0.000170827591538192,NA,NA,NA
"run02_uniform_k1",2958,"C8G",8.92998568191583e-06,NA,NA,NA
"run02_uniform_k1",2959,"MYD88",9.12615367376635e-06,NA,NA,NA
"run02_uniform_k1",2960,"ATP5F1E",7.91669737976175e-06,NA,NA,NA
"run02_uniform_k1",2961,"TRPM4",3.67379046295468e-05,NA,NA,NA
"run02_uniform_k1",2962,"STAT1",0.000487010105838959,NA,NA,NA
"run02_uniform_k1",2963,"HCN2",0,NA,NA,NA
"run02_uniform_k1",2964,"UCP3",0,NA,NA,NA
"run02_uniform_k1",2965,"PLA2G4A",0.000158908171599248,NA,NA,NA
"run02_uniform_k1",2966,"PLAT",2.05933169041828e-05,NA,NA,NA
"run02_uniform_k1",2967,"AXIN1",1.08355886352385e-05,NA,NA,NA
"run02_uniform_k1",2968,"BIRC3",6.3362084734564e-07,NA,NA,NA
"run02_uniform_k1",2969,"DHRS3",0,NA,NA,NA
"run02_uniform_k1",2970,"ARF3",1.01355586621388e-05,NA,NA,NA
"run02_uniform_k1",2971,"CNR1",0.000234330328976462,NA,NA,NA
"run02_uniform_k1",2972,"XDH",0.000207347108110545,NA,NA,NA
"run02_uniform_k1",2973,"ADORA1",2.74909074123864e-05,NA,NA,NA
"run02_uniform_k1",2974,"SLC29A1",0.00102903201870796,NA,NA,NA
"run02_uniform_k1",2975,"PLA2G4A",0.000158908171599248,NA,NA,NA
"run02_uniform_k1",2976,"IL17A",0,NA,NA,NA
"run02_uniform_k1",2977,"HDAC2",2.26872919905086e-05,NA,NA,NA
"run02_uniform_k1",2978,"GRIN2A",0.000361526992004202,NA,NA,NA
"run02_uniform_k1",2979,"SLC6A4",7.25412905625555e-05,NA,NA,NA
"run02_uniform_k1",2980,"RDH12",1.33642751130036e-05,NA,NA,NA
"run02_uniform_k1",2981,"GRIN3B",0,NA,NA,NA
"run02_uniform_k1",2982,"KIT",0.000262263529464124,NA,NA,NA
"run02_uniform_k1",2983,"IL33",0,NA,NA,NA
"run02_uniform_k1",2984,"HSPA1B",2.53472574274216e-06,NA,NA,NA
"run02_uniform_k1",2985,"SNCA",0.000455106191969867,NA,NA,NA
"run02_uniform_k1",2986,"CES1",0.000115566529133249,NA,NA,NA
"run02_uniform_k1",2987,"TP53",0.00427693686378816,NA,NA,NA
"run02_uniform_k1",2988,"HTR1D",0,NA,NA,NA
"run02_uniform_k1",2989,"TYR",3.79481492692735e-05,NA,NA,NA
"run02_uniform_k1",2990,"BHLHE40",0,NA,NA,NA
"run02_uniform_k1",2991,"RPL17",9.4906952489815e-05,NA,NA,NA
"run02_uniform_k1",2992,"BTK",0.000119272845312435,NA,NA,NA
"run02_uniform_k1",2993,"FOSL1",5.14461500070729e-05,NA,NA,NA
"run02_uniform_k1",2994,"CSF3",4.44861479179659e-05,NA,NA,NA
"run02_uniform_k1",2995,"GK",0.000406543096133638,NA,NA,NA
"run02_uniform_k1",2996,"TAC1",0.001463424927591,NA,NA,NA
"run02_uniform_k1",2997,"BTK",0.000119272845312435,NA,NA,NA
"run02_uniform_k1",2998,"CYP24A1",2.95788072831593e-05,NA,NA,NA
"run02_uniform_k1",2999,"POLE",6.84091707048307e-06,NA,NA,NA
"run02_uniform_k1",3000,"CACNA1C",0.000498320638157024,NA,NA,NA
"run02_uniform_k1",3001,"GRIA1",1.90084712514693e-06,NA,NA,NA
"run02_uniform_k1",3002,"ABCA1",1.90091421303773e-06,NA,NA,NA
"run02_uniform_k1",3003,"CDC25A",1.90080256301517e-06,NA,NA,NA
"run02_uniform_k1",3004,"SCN5A",0.000167082927235662,NA,NA,NA
"run02_uniform_k1",3005,"SLC7A1",0,NA,NA,NA
"run02_uniform_k1",3006,"CYP1A2",5.25226389015421e-05,NA,NA,NA
"run02_uniform_k1",3007,"TIMP2",0,NA,NA,NA
"run02_uniform_k1",3008,"PENK",0,NA,NA,NA
"run02_uniform_k1",3009,"VTN",6.33650236725458e-07,NA,NA,NA
"run02_uniform_k1",3010,"PRKCB",0.000129467861105015,NA,NA,NA
"run02_uniform_k1",3011,"ADRA2C",1.26052450867276e-05,NA,NA,NA
"run02_uniform_k1",3012,"AKR1C1",5.66614851992275e-05,NA,NA,NA
"run02_uniform_k1",3013,"MAP2K7",3.16786999277063e-06,NA,NA,NA
"run02_uniform_k1",3014,"GANAB",0,NA,NA,NA
"run02_uniform_k1",3015,"CA2",1.50098666125142e-05,NA,NA,NA
"run02_uniform_k1",3016,"CCR6",0,NA,NA,NA
"run02_uniform_k1",3017,"KDR",2.14857653940692e-05,NA,NA,NA
"run02_uniform_k1",3018,"KCNC3",0,NA,NA,NA
"run02_uniform_k1",3019,"ZEB1",0,NA,NA,NA
"run02_uniform_k1",3020,"UCP1",0,NA,NA,NA
"run02_uniform_k1",3021,"TRPV2",1.87502442750009e-05,NA,NA,NA
"run02_uniform_k1",3022,"SYK",5.32926492629038e-05,NA,NA,NA
"run02_uniform_k1",3023,"RARG",0,NA,NA,NA
"run02_uniform_k1",3024,"DNMT3B",1.03906004091936e-05,NA,NA,NA
"run02_uniform_k1",3025,"ACTA1",3.96575036063496e-05,NA,NA,NA
"run02_uniform_k1",3026,"HTR2C",1.81821061465692e-05,NA,NA,NA
"run02_uniform_k1",3027,"ACTB",0.0035966824210889,NA,NA,NA
"run02_uniform_k1",3028,"COX5A",0,NA,NA,NA
"run02_uniform_k1",3029,"CCN2",1.134369344169e-05,NA,NA,NA
"run02_uniform_k1",3030,"GRIN2A",0.000361526992004202,NA,NA,NA
"run02_uniform_k1",3031,"MGAM",0.000137027144681112,NA,NA,NA
"run02_uniform_k1",3032,"CEBPA",7.73820750388232e-05,NA,NA,NA
"run02_uniform_k1",3033,"P4HB",2.24939291733062e-05,NA,NA,NA
"run02_uniform_k1",3034,"TUBB4B",6.33455001119998e-07,NA,NA,NA
"run02_uniform_k1",3035,"SQLE",9.90930470378126e-05,NA,NA,NA
"run02_uniform_k1",3036,"EGLN1",1.90063023630671e-06,NA,NA,NA
"run02_uniform_k1",3037,"HK2",0.000296209764147126,NA,NA,NA
"run02_uniform_k1",3038,"PLA2G4A",0.000158908171599248,NA,NA,NA
"run02_uniform_k1",3039,"KCNMA1",2.73028963679867e-05,NA,NA,NA
"run02_uniform_k1",3040,"ADCY2",0,NA,NA,NA
"run02_uniform_k1",3041,"ADORA1",2.74909074123864e-05,NA,NA,NA
"run02_uniform_k1",3042,"KLF4",2.5346502531276e-06,NA,NA,NA
"run02_uniform_k1",3043,"RIPK1",9.50457768944535e-06,NA,NA,NA
"run02_uniform_k1",3044,"CYP3A5",2.12871813713988e-05,NA,NA,NA
"run02_uniform_k1",3045,"CYP7B1",5.06699999092142e-06,NA,NA,NA
"run02_uniform_k1",3046,"RASSF1",1.82470571705728e-05,NA,NA,NA
"run02_uniform_k1",3047,"ATP2A1",4.62343104201679e-06,NA,NA,NA
"run02_uniform_k1",3048,"FABP7",3.9904553374992e-06,NA,NA,NA
"run02_uniform_k1",3049,"GLUL",0.000147191537224312,NA,NA,NA
"run02_uniform_k1",3050,"NRF1",1.38741902355743e-05,NA,NA,NA
"run02_uniform_k1",3051,"EIF4G1",1.23532645966984e-05,NA,NA,NA
"run02_uniform_k1",3052,"COL3A1",0,NA,NA,NA
"run02_uniform_k1",3053,"ACLY",0.000136799781064179,NA,NA,NA
"run02_uniform_k1",3054,"TRAF6",3.65690661311424e-05,NA,NA,NA
"run02_uniform_k1",3055,"ALDH1A1",0.000768800994206509,NA,NA,NA
"run02_uniform_k1",3056,"STAT4",0.000324242289791776,NA,NA,NA
"run02_uniform_k1",3057,"ITGA5",0.00127400659039045,NA,NA,NA
"run02_uniform_k1",3058,"IL36A",0,NA,NA,NA
"run02_uniform_k1",3059,"C8G",8.92998568191583e-06,NA,NA,NA
"run02_uniform_k1",3060,"ATP5F1E",7.91669737976175e-06,NA,NA,NA
"run02_uniform_k1",3061,"ADH1B",0,NA,NA,NA
"run02_uniform_k1",3062,"AKR1C3",0.000173978783267859,NA,NA,NA
"run02_uniform_k1",3063,"OLR1",0,NA,NA,NA
"run02_uniform_k1",3064,"CD14",0,NA,NA,NA
"run02_uniform_k1",3065,"EREG",0,NA,NA,NA
"run02_uniform_k1",3066,"CYP2C8",0,NA,NA,NA
"run02_uniform_k1",3067,"GGPS1",0,NA,NA,NA
"run02_uniform_k1",3068,"PLA2G2D",0,NA,NA,NA
"run02_uniform_k1",3069,"DNM1L",6.33522741710912e-07,NA,NA,NA
"run02_uniform_k1",3070,"HRH1",0,NA,NA,NA
"run02_uniform_k1",3071,"GAMT",4.09153874207924e-05,NA,NA,NA
"run02_uniform_k1",3072,"AXIN1",1.08355886352385e-05,NA,NA,NA
"run02_uniform_k1",3073,"ABCB1",2.07166464523123e-05,NA,NA,NA
"run02_uniform_k1",3074,"CAT",1.06411717700761e-05,NA,NA,NA
"run02_uniform_k1",3075,"KCNJ5",8.95444816781943e-05,NA,NA,NA
"run02_uniform_k1",3076,"ABCG4",0,NA,NA,NA
"run02_uniform_k1",3077,"PDE1B",3.71225818049936e-05,NA,NA,NA
"run02_uniform_k1",3078,"CTSG",5.59397568715703e-05,NA,NA,NA
"run02_uniform_k1",3079,"ADH1B",0,NA,NA,NA
"run02_uniform_k1",3080,"HSF1",0,NA,NA,NA
"run02_uniform_k1",3081,"IDO1",0.000463661718947295,NA,NA,NA
"run02_uniform_k1",3082,"PTK2B",6.52603876749591e-06,NA,NA,NA
"run02_uniform_k1",3083,"NRXN1",6.46433704953875e-05,NA,NA,NA
"run02_uniform_k1",3084,"XBP1",0.00130705850242441,NA,NA,NA
"run02_uniform_k1",3085,"AKT1",0.00346325271049452,NA,NA,NA
"run02_uniform_k1",3086,"KCNA3",7.03184449912797e-06,NA,NA,NA
"run02_uniform_k1",3087,"CYBA",0,NA,NA,NA
"run02_uniform_k1",3088,"ICAM1",0.000172524776509531,NA,NA,NA
"run02_uniform_k1",3089,"MAPK8IP1",9.56119621767781e-05,NA,NA,NA
"run02_uniform_k1",3090,"CPT1C",0,NA,NA,NA
"run02_uniform_k1",3091,"AGTR2",0,NA,NA,NA
"run02_uniform_k1",3092,"TIGAR",0,NA,NA,NA
"run02_uniform_k1",3093,"GABRG2",6.25131802217682e-05,NA,NA,NA
"run02_uniform_k1",3094,"ASPA",0,NA,NA,NA
"run02_uniform_k1",3095,"CYCS",0.0019228192201588,NA,NA,NA
"run02_uniform_k1",3096,"ABCG5",4.53604007359942e-05,NA,NA,NA
"run02_uniform_k1",3097,"KCNMA1",2.73028963679867e-05,NA,NA,NA
"run02_uniform_k1",3098,"SLC15A1",1.58338604960839e-06,NA,NA,NA
"run02_uniform_k1",3099,"LPL",0.000483720734164583,NA,NA,NA
"run02_uniform_k1",3100,"BCL2L1",5.13395632928404e-05,NA,NA,NA
"run02_uniform_k1",3101,"SLC11A1",0,NA,NA,NA
"run02_uniform_k1",3102,"GRIN2C",0,NA,NA,NA
"run02_uniform_k1",3103,"HDAC1",0.00033891246936113,NA,NA,NA
"run02_uniform_k1",3104,"ADK",7.61409486743636e-05,NA,NA,NA
"run02_uniform_k1",3105,"GLO1",4.94041980381166e-06,NA,NA,NA
"run02_uniform_k1",3106,"CACNG3",0,NA,NA,NA
"run02_uniform_k1",3107,"ADA",5.3173443308685e-05,NA,NA,NA
"run02_uniform_k1",3108,"HTR1A",8.14355352558582e-05,NA,NA,NA
"run02_uniform_k1",3109,"KCNJ8",1.89387005555819e-05,NA,NA,NA
"run02_uniform_k1",3110,"BMI1",2.14799290956247e-05,NA,NA,NA
"run02_uniform_k1",3111,"ALDH2",5.15659678518299e-05,NA,NA,NA
"run02_uniform_k1",3112,"ICAM1",0.000172524776509531,NA,NA,NA
"run02_uniform_k1",3113,"EGLN1",1.90063023630671e-06,NA,NA,NA
"run02_uniform_k1",3114,"RPL17",9.4906952489815e-05,NA,NA,NA
"run02_uniform_k1",3115,"JAK2",0.000791453142699572,NA,NA,NA
"run02_uniform_k1",3116,"GABRA4",0,NA,NA,NA
"run02_uniform_k1",3117,"ALDH2",5.15659678518299e-05,NA,NA,NA
"run02_uniform_k1",3118,"NDUFS3",7.91874029407724e-05,NA,NA,NA
"run02_uniform_k1",3119,"SELE",1.58407098771463e-06,NA,NA,NA
"run02_uniform_k1",3120,"DMP1",0,NA,NA,NA
"run02_uniform_k1",3121,"ZEB2",0,NA,NA,NA
"run02_uniform_k1",3122,"ARF1",2.85051391907265e-05,NA,NA,NA
"run02_uniform_k1",3123,"TRPM7",0,NA,NA,NA
"run02_uniform_k1",3124,"PNPLA2",2.72449938232278e-06,NA,NA,NA
"run02_uniform_k1",3125,"NKX3-1",0,NA,NA,NA
"run02_uniform_k1",3126,"CACNA2D4",0,NA,NA,NA
"run02_uniform_k1",3127,"NPR1",8.07015894644936e-05,NA,NA,NA
"run02_uniform_k1",3128,"TP53",0.00427693686378816,NA,NA,NA
"run02_uniform_k1",3129,"KCNJ8",1.89387005555819e-05,NA,NA,NA
"run02_uniform_k1",3130,"INS",0.00437927624027923,NA,NA,NA
"run02_uniform_k1",3131,"CHRNA5",1.55794812480847e-05,NA,NA,NA
"run02_uniform_k1",3132,"CCND3",6.33604306909952e-07,NA,NA,NA
"run02_uniform_k1",3133,"KCNJ11",0.00241899994818762,NA,NA,NA
"run02_uniform_k1",3134,"NFATC4",0,NA,NA,NA
"run02_uniform_k1",3135,"SLC15A1",1.58338604960839e-06,NA,NA,NA
"run02_uniform_k1",3136,"ACACB",1.55840957074549e-05,NA,NA,NA
"run02_uniform_k1",3137,"POU5F1",3.4853680447311e-06,NA,NA,NA
"run02_uniform_k1",3138,"CACNA1I",0,NA,NA,NA
"run02_uniform_k1",3139,"MAP2",5.57507217935349e-06,NA,NA,NA
"run02_uniform_k1",3140,"ATF5",6.59972627514716e-05,NA,NA,NA
"run02_uniform_k1",3141,"HDAC4",8.23760862456169e-06,NA,NA,NA
"run02_uniform_k1",3142,"METTL3",0,NA,NA,NA
"run02_uniform_k1",3143,"GP1BA",3.18056444478243e-05,NA,NA,NA
"run02_uniform_k1",3144,"CASP1",0.00024876408303065,NA,NA,NA
"run02_uniform_k1",3145,"TRPV3",0,NA,NA,NA
"run02_uniform_k1",3146,"ACACA",7.98311027262466e-05,NA,NA,NA
"run02_uniform_k1",3147,"EIF4G1",1.23532645966984e-05,NA,NA,NA
"run02_uniform_k1",3148,"ADAMTS5",0,NA,NA,NA
"run02_uniform_k1",3149,"BAX",8.97923976903581e-05,NA,NA,NA
"run02_uniform_k1",3150,"PENK",0,NA,NA,NA
"run02_uniform_k1",3151,"PPP3R1",0,NA,NA,NA
"run02_uniform_k1",3152,"JUNB",0,NA,NA,NA
"run02_uniform_k1",3153,"MGST1",0,NA,NA,NA
"run02_uniform_k1",3154,"POU5F1",3.4853680447311e-06,NA,NA,NA
"run02_uniform_k1",3155,"PPIA",3.28180373492248e-05,NA,NA,NA
"run02_uniform_k1",3156,"POLB",0,NA,NA,NA
"run02_uniform_k1",3157,"PLB1",0.00110895479500295,NA,NA,NA
"run02_uniform_k1",3158,"GABRA5",0,NA,NA,NA
"run02_uniform_k1",3159,"GNMT",0,NA,NA,NA
"run02_uniform_k1",3160,"CYP11B1",0,NA,NA,NA
"run02_uniform_k1",3161,"ALDOA",1.76112505224646e-05,NA,NA,NA
"run02_uniform_k1",3162,"AGTR2",0,NA,NA,NA
"run02_uniform_k1",3163,"SLC5A1",1.62831065815272e-05,NA,NA,NA
"run02_uniform_k1",3164,"FTH1",3.16391560746254e-05,NA,NA,NA
"run02_uniform_k1",3165,"PRDX2",0,NA,NA,NA
"run02_uniform_k1",3166,"HTR2A",4.49190304361302e-05,NA,NA,NA
"run02_uniform_k1",3167,"EIF2AK2",0.000116554297583948,NA,NA,NA
"run02_uniform_k1",3168,"DKK1",0,NA,NA,NA
"run02_uniform_k1",3169,"RXRB",3.7531212242814e-05,NA,NA,NA
"run02_uniform_k1",3170,"UGT2B4",1.61543980341516e-05,NA,NA,NA
"run02_uniform_k1",3171,"AQP1",7.97847562783449e-06,NA,NA,NA
"run02_uniform_k1",3172,"GABBR1",0.000629351098106912,NA,NA,NA
"run02_uniform_k1",3173,"SLC7A1",0,NA,NA,NA
"run02_uniform_k1",3174,"CA1",4.61079535398756e-05,NA,NA,NA
"run02_uniform_k1",3175,"LRAT",5.06328770298881e-05,NA,NA,NA
"run02_uniform_k1",3176,"XDH",0.000207347108110545,NA,NA,NA
"run02_uniform_k1",3177,"FOXP3",1.50821877838991e-05,NA,NA,NA
"run02_uniform_k1",3178,"GABRA3",0,NA,NA,NA
"run02_uniform_k1",3179,"IL5",0,NA,NA,NA
"run02_uniform_k1",3180,"GP1BA",3.18056444478243e-05,NA,NA,NA
"run02_uniform_k1",3181,"RXRG",0,NA,NA,NA
"run02_uniform_k1",3182,"PARK7",5.03123803161643e-05,NA,NA,NA
"run02_uniform_k1",3183,"ABCC9",1.45674367513227e-06,NA,NA,NA
"run02_uniform_k1",3184,"RHO",0.00017143146028642,NA,NA,NA
"run02_uniform_k1",3185,"MAOA",0.000132428913549143,NA,NA,NA
"run02_uniform_k1",3186,"BMP2",1.27361599282505e-05,NA,NA,NA
"run02_uniform_k1",3187,"TYRP1",6.65147512002306e-06,NA,NA,NA
"run02_uniform_k1",3188,"EIF4EBP1",0,NA,NA,NA
"run02_uniform_k1",3189,"ACTR1A",0.00117031116279964,NA,NA,NA
"run02_uniform_k1",3190,"HSF1",0,NA,NA,NA
"run02_uniform_k1",3191,"AFP",5.4874124395865e-05,NA,NA,NA
"run02_uniform_k1",3192,"CANX",2.08728829651506e-05,NA,NA,NA
"run02_uniform_k1",3193,"ERBB2",0.000157327965161547,NA,NA,NA
"run02_uniform_k1",3194,"ACLY",0.000136799781064179,NA,NA,NA
"run02_uniform_k1",3195,"RDH11",6.71381155781248e-06,NA,NA,NA
"run02_uniform_k1",3196,"IGFBP6",0,NA,NA,NA
"run02_uniform_k1",3197,"PGR",2.93426634963012e-05,NA,NA,NA
"run02_uniform_k1",3198,"CCL3",1.67921707164842e-05,NA,NA,NA
"run02_uniform_k1",3199,"APOE",0.000621735352925756,NA,NA,NA
"run02_uniform_k1",3200,"LPL",0.000483720734164583,NA,NA,NA
"run02_uniform_k1",3201,"CSK",0,NA,NA,NA
"run02_uniform_k1",3202,"BCAT2",2.6019618702966e-05,NA,NA,NA
"run02_uniform_k1",3203,"FTH1",3.16391560746254e-05,NA,NA,NA
"run02_uniform_k1",3204,"TGM2",0,NA,NA,NA
"run02_uniform_k1",3205,"CHRNA3",2.85056538062989e-06,NA,NA,NA
"run02_uniform_k1",3206,"SFN",1.88836433614448e-05,NA,NA,NA
"run02_uniform_k1",3207,"LGALS3",1.90104129516033e-06,NA,NA,NA
"run02_uniform_k1",3208,"COX6C",0,NA,NA,NA
"run02_uniform_k1",3209,"ATP1A4",0,NA,NA,NA
"run02_uniform_k1",3210,"HMGB1",1.24840005174542e-05,NA,NA,NA
"run02_uniform_k1",3211,"ESRRB",2.36306737284586e-05,NA,NA,NA
"run02_uniform_k1",3212,"PROS1",2.21693788693411e-06,NA,NA,NA
"run02_uniform_k1",3213,"GFAP",0.000240332727610593,NA,NA,NA
"run02_uniform_k1",3214,"SLCO1A2",6.33397825744453e-07,NA,NA,NA
"run02_uniform_k1",3215,"CFTR",0.00160265872797649,NA,NA,NA
"run02_uniform_k1",3216,"CRH",2.05295196740174e-05,NA,NA,NA
"run02_uniform_k1",3217,"CSF2",1.26743081751979e-06,NA,NA,NA
"run02_uniform_k1",3218,"INS",0.00437927624027923,NA,NA,NA
"run02_uniform_k1",3219,"PRDX5",0,NA,NA,NA
"run02_uniform_k1",3220,"SCNN1A",5.25143809567696e-05,NA,NA,NA
"run02_uniform_k1",3221,"PTK2B",6.52603876749591e-06,NA,NA,NA
"run02_uniform_k1",3222,"CHRM3",0,NA,NA,NA
"run02_uniform_k1",3223,"MAP2K7",3.16786999277063e-06,NA,NA,NA
"run02_uniform_k1",3224,"GRIN1",6.96987215653699e-06,NA,NA,NA
"run02_uniform_k1",3225,"CCNA2",1.83133006516067e-05,NA,NA,NA
"run02_uniform_k1",3226,"COX7B",0,NA,NA,NA
"run02_uniform_k1",3227,"HCRT",0.000169339993540296,NA,NA,NA
"run02_uniform_k1",3228,"CDKN1C",1.58390438897982e-06,NA,NA,NA
"run02_uniform_k1",3229,"NCF1",8.14327396577719e-05,NA,NA,NA
"run02_uniform_k1",3230,"COX6C",0,NA,NA,NA
"run02_uniform_k1",3231,"DDB1",2.07812890326009e-05,NA,NA,NA
"run02_uniform_k1",3232,"TOP2B",0,NA,NA,NA
"run02_uniform_k1",3233,"FOSL1",5.14461500070729e-05,NA,NA,NA
"run02_uniform_k1",3234,"GABRQ",0,NA,NA,NA
"run02_uniform_k1",3235,"KCNJ14",0,NA,NA,NA
"run02_uniform_k1",3236,"CBR1",3.06594182049036e-05,NA,NA,NA
"run02_uniform_k1",3237,"MYC",0.000561856827766771,NA,NA,NA
"run02_uniform_k1",3238,"RAC2",7.2870543702308e-05,NA,NA,NA
"run02_uniform_k1",3239,"KDR",2.14857653940692e-05,NA,NA,NA
"run02_uniform_k1",3240,"TEK",0,NA,NA,NA
"run02_uniform_k1",3241,"HAMP",0.000187982524293195,NA,NA,NA
"run02_uniform_k1",3242,"STAT1",0.000487010105838959,NA,NA,NA
"run02_uniform_k1",3243,"AQP1",7.97847562783449e-06,NA,NA,NA
"run02_uniform_k1",3244,"CATSPER1",0,NA,NA,NA
"run02_uniform_k1",3245,"APOA1",0.00156761777246528,NA,NA,NA
"run02_uniform_k1",3246,"GGPS1",0,NA,NA,NA
"run02_uniform_k1",3247,"MYH6",5.61947915448391e-05,NA,NA,NA
"run02_uniform_k1",3248,"AR",0.000302154756725348,NA,NA,NA
"run02_uniform_k1",3249,"CAT",1.06411717700761e-05,NA,NA,NA
"run02_uniform_k1",3250,"CYC1",4.87786738601059e-06,NA,NA,NA
"run02_uniform_k1",3251,"ZEB1",0,NA,NA,NA
"run02_uniform_k1",3252,"CCND3",6.33604306909952e-07,NA,NA,NA
"run02_uniform_k1",3253,"CRYZ",0,NA,NA,NA
"run02_uniform_k1",3254,"SULT2A1",1.31748566971623e-05,NA,NA,NA
"run02_uniform_k1",3255,"AADAT",3.54591244267066e-06,NA,NA,NA
"run02_uniform_k1",3256,"CAV1",0.00188167408582673,NA,NA,NA
"run02_uniform_k1",3257,"CDK2",1.73911829558504e-05,NA,NA,NA
"run02_uniform_k1",3258,"GNMT",0,NA,NA,NA
"run02_uniform_k1",3259,"COL7A1",0,NA,NA,NA
"run02_uniform_k1",3260,"DNMT1",4.56882288469851e-05,NA,NA,NA
"run02_uniform_k1",3261,"SMAD3",0.000326994785442403,NA,NA,NA
"run02_uniform_k1",3262,"KRT2",0,NA,NA,NA
"run02_uniform_k1",3263,"CYP24A1",2.95788072831593e-05,NA,NA,NA
"run02_uniform_k1",3264,"HK2",0.000296209764147126,NA,NA,NA
"run02_uniform_k1",3265,"ALDH2",5.15659678518299e-05,NA,NA,NA
"run02_uniform_k1",3266,"CPT1C",0,NA,NA,NA
"run02_uniform_k1",3267,"ALAS1",5.9411598420489e-05,NA,NA,NA
"run02_uniform_k1",3268,"DNMT1",4.56882288469851e-05,NA,NA,NA
"run02_uniform_k1",3269,"MYH7",2.03333890326229e-05,NA,NA,NA
"run02_uniform_k1",3270,"AFM",0,NA,NA,NA
"run02_uniform_k1",3271,"ADH1A",0,NA,NA,NA
"run02_uniform_k1",3272,"PRKAA2",4.11841833947157e-06,NA,NA,NA
"run02_uniform_k1",3273,"GRIA1",1.90084712514693e-06,NA,NA,NA
"run02_uniform_k1",3274,"GABRE",0,NA,NA,NA
"run02_uniform_k1",3275,"KCNJ15",0,NA,NA,NA
"run02_uniform_k1",3276,"RPS6KB1",2.01533684008881e-05,NA,NA,NA
"run02_uniform_k1",3277,"AKR1A1",6.17051045759265e-06,NA,NA,NA
"run02_uniform_k1",3278,"NFATC2",1.95162479730282e-05,NA,NA,NA
"run02_uniform_k1",3279,"TACR3",0,NA,NA,NA
"run02_uniform_k1",3280,"PTPN6",0,NA,NA,NA
"run02_uniform_k1",3281,"NR3C2",1.6726748852447e-05,NA,NA,NA
"run02_uniform_k1",3282,"SH3BP5",6.33329974131236e-07,NA,NA,NA
"run02_uniform_k1",3283,"MCU",0,NA,NA,NA
"run02_uniform_k1",3284,"HBA2",0,NA,NA,NA
"run02_uniform_k1",3285,"GABRR3",0,NA,NA,NA
"run02_uniform_k1",3286,"TNFSF11",7.5283725537223e-05,NA,NA,NA
"run02_uniform_k1",3287,"NOX1",2.49654080184403e-05,NA,NA,NA
"run02_uniform_k1",3288,"SRPK1",0.00108816969760961,NA,NA,NA
"run02_uniform_k1",3289,"TIMP1",6.97061284626876e-06,NA,NA,NA
"run02_uniform_k1",3290,"KDR",2.14857653940692e-05,NA,NA,NA
"run02_uniform_k1",3291,"RPS6KA3",0,NA,NA,NA
"run02_uniform_k1",3292,"TFRC",0.000239327299633385,NA,NA,NA
"run02_uniform_k1",3293,"CTTN",2.99716390974591e-05,NA,NA,NA
"run02_uniform_k1",3294,"PTPN6",0,NA,NA,NA
"run02_uniform_k1",3295,"APCS",0.00117690914019986,NA,NA,NA
"run02_uniform_k1",3296,"RUNX2",0.000299161144537541,NA,NA,NA
"run02_uniform_k1",3297,"PLB1",0.00110895479500295,NA,NA,NA
"run02_uniform_k1",3298,"PGRMC1",1.54584083279508e-05,NA,NA,NA
"run02_uniform_k1",3299,"NFE2L2",7.2947073822438e-05,NA,NA,NA
"run02_uniform_k1",3300,"CCN2",1.134369344169e-05,NA,NA,NA
"run02_uniform_k1",3301,"AQP1",7.97847562783449e-06,NA,NA,NA
"run02_uniform_k1",3302,"TUBA1B",0,NA,NA,NA
"run02_uniform_k1",3303,"HTR2A",4.49190304361302e-05,NA,NA,NA
"run02_uniform_k1",3304,"CEBPB",0.000269764234292591,NA,NA,NA
"run02_uniform_k1",3305,"KLK3",0.00125308407979507,NA,NA,NA
"run02_uniform_k1",3306,"HERC5",0,NA,NA,NA
"run02_uniform_k1",3307,"HAMP",0.000187982524293195,NA,NA,NA
"run02_uniform_k1",3308,"HSD11B1",5.68914811439614e-05,NA,NA,NA
"run02_uniform_k1",3309,"CHRNA2",0,NA,NA,NA
"run02_uniform_k1",3310,"KYNU",3.41288525791406e-05,NA,NA,NA
"run02_uniform_k1",3311,"ATF3",8.55513091113647e-06,NA,NA,NA
"run02_uniform_k1",3312,"MTTP",6.39846903005559e-06,NA,NA,NA
"run02_uniform_k1",3313,"FOXO1",0.000280307095370635,NA,NA,NA
"run02_uniform_k1",3314,"HTR1B",2.2171580924546e-06,NA,NA,NA
"run02_uniform_k1",3315,"SOX9",0.000102527928081186,NA,NA,NA
"run02_uniform_k1",3316,"SCN1B",0.00123489854843939,NA,NA,NA
"run02_uniform_k1",3317,"MGST1",0,NA,NA,NA
"run02_uniform_k1",3318,"HSD17B2",0,NA,NA,NA
"run02_uniform_k1",3319,"FGF1",4.22001056762378e-05,NA,NA,NA
"run02_uniform_k1",3320,"TFRC",0.000239327299633385,NA,NA,NA
"run02_uniform_k1",3321,"NR1I3",2.35048730797827e-05,NA,NA,NA
"run02_uniform_k1",3322,"COL11A2",7.28347388034845e-06,NA,NA,NA
"run02_uniform_k1",3323,"GABRD",9.49995296650741e-07,NA,NA,NA
"run02_uniform_k1",3324,"KEAP1",8.90865911317151e-05,NA,NA,NA
"run02_uniform_k1",3325,"ACHE",0.000111252964972719,NA,NA,NA
"run02_uniform_k1",3326,"SLPI",0,NA,NA,NA
"run02_uniform_k1",3327,"HMGB1",1.24840005174542e-05,NA,NA,NA
"run02_uniform_k1",3328,"CTSL",5.7015753640588e-06,NA,NA,NA
"run02_uniform_k1",3329,"SNAI1",9.50644381658705e-07,NA,NA,NA
"run02_uniform_k1",3330,"RASSF1",1.82470571705728e-05,NA,NA,NA
"run02_uniform_k1",3331,"TEP1",0,NA,NA,NA
"run02_uniform_k1",3332,"RNASE1",0,NA,NA,NA
"run02_uniform_k1",3333,"KCNE2",0,NA,NA,NA
"run02_uniform_k1",3334,"CLIP1",0,NA,NA,NA
"run02_uniform_k1",3335,"FADS1",9.28518306324566e-05,NA,NA,NA
"run02_uniform_k1",3336,"RETSAT",0,NA,NA,NA
"run02_uniform_k1",3337,"GPBAR1",0.00120167517532488,NA,NA,NA
"run02_uniform_k1",3338,"QPRT",2.95780448075211e-05,NA,NA,NA
"run02_uniform_k1",3339,"DIO1",0,NA,NA,NA
"run02_uniform_k1",3340,"SLC47A1",0,NA,NA,NA
"run02_uniform_k1",3341,"NOS2",2.38274351227474e-05,NA,NA,NA
"run02_uniform_k1",3342,"RBL1",0,NA,NA,NA
"run02_uniform_k1",3343,"CRK",6.33660876869779e-06,NA,NA,NA
"run02_uniform_k1",3344,"SLC7A2",0,NA,NA,NA
"run02_uniform_k1",3345,"DLG4",0.000800645688133095,NA,NA,NA
"run02_uniform_k1",3346,"CCNA2",1.83133006516067e-05,NA,NA,NA
"run02_uniform_k1",3347,"FAS",6.33677821770817e-07,NA,NA,NA
"run02_uniform_k1",3348,"SLCO1A2",6.33397825744453e-07,NA,NA,NA
"run02_uniform_k1",3349,"SRC",0.0010396286840485,NA,NA,NA
"run02_uniform_k1",3350,"HDAC7",6.01926074750292e-06,NA,NA,NA
"run02_uniform_k1",3351,"SNCA",0.000455106191969867,NA,NA,NA
"run02_uniform_k1",3352,"PTGER3",1.07329013246948e-05,NA,NA,NA
"run02_uniform_k1",3353,"GABRB2",0,NA,NA,NA
"run02_uniform_k1",3354,"CDC25A",1.90080256301517e-06,NA,NA,NA
"run02_uniform_k1",3355,"TNNI3",8.64888291552957e-05,NA,NA,NA
"run02_uniform_k1",3356,"CACNA1H",5.72384790692437e-05,NA,NA,NA
"run02_uniform_k1",3357,"AURKC",0,NA,NA,NA
"run02_uniform_k1",3358,"NPR1",8.07015894644936e-05,NA,NA,NA
"run02_uniform_k1",3359,"GANAB",0,NA,NA,NA
"run02_uniform_k1",3360,"CASP3",0.000462575099730467,NA,NA,NA
"run02_uniform_k1",3361,"GRIN2B",0.000317728868907574,NA,NA,NA
"run02_uniform_k1",3362,"SCARB1",0.000336871406579009,NA,NA,NA
"run02_uniform_k1",3363,"MAOA",0.000132428913549143,NA,NA,NA
"run02_uniform_k1",3364,"HBA1",2.89514794086232e-05,NA,NA,NA
"run02_uniform_k1",3365,"HK2",0.000296209764147126,NA,NA,NA
"run02_uniform_k1",3366,"SLC18A2",1.33665330134258e-05,NA,NA,NA
"run02_uniform_k1",3367,"TACR3",0,NA,NA,NA
"run02_uniform_k1",3368,"CASP3",0.000462575099730467,NA,NA,NA
"run02_uniform_k1",3369,"SRR",0,NA,NA,NA
"run02_uniform_k1",3370,"ORM1",1.43183478092945e-05,NA,NA,NA
"run02_uniform_k1",3371,"KCNA5",1.99569664441901e-05,NA,NA,NA
"run02_uniform_k1",3372,"ATG5",1.93264314094499e-05,NA,NA,NA
"run02_uniform_k1",3373,"SCN5A",0.000167082927235662,NA,NA,NA
"run02_uniform_k1",3374,"KDM1A",0,NA,NA,NA
"run02_uniform_k1",3375,"TRPC5",4.86789497714524e-05,NA,NA,NA
"run02_uniform_k1",3376,"NDUFV3",0,NA,NA,NA
"run02_uniform_k1",3377,"ARF1",2.85051391907265e-05,NA,NA,NA
"run02_uniform_k1",3378,"PRKCI",0,NA,NA,NA
"run02_uniform_k1",3379,"GRIN2C",0,NA,NA,NA
"run02_uniform_k1",3380,"SYK",5.32926492629038e-05,NA,NA,NA
"run02_uniform_k1",3381,"ADK",7.61409486743636e-05,NA,NA,NA
"run02_uniform_k1",3382,"CASQ1",2.53341735867441e-06,NA,NA,NA
"run02_uniform_k1",3383,"ESRRG",0.00109032893649263,NA,NA,NA
"run02_uniform_k1",3384,"PTGFR",3.10411217574469e-06,NA,NA,NA
"run02_uniform_k1",3385,"HDAC2",2.26872919905086e-05,NA,NA,NA
"run02_uniform_k1",3386,"PENK",0,NA,NA,NA
"run02_uniform_k1",3387,"EIF4E",1.3685843489597e-05,NA,NA,NA
"run02_uniform_k1",3388,"KEAP1",8.90865911317151e-05,NA,NA,NA
"run02_uniform_k1",3389,"KCNJ10",0,NA,NA,NA
"run02_uniform_k1",3390,"LBP",1.90061939919772e-06,NA,NA,NA
"run02_uniform_k1",3391,"SQLE",9.90930470378126e-05,NA,NA,NA
"run02_uniform_k1",3392,"HCRTR1",0,NA,NA,NA
"run02_uniform_k1",3393,"GPBAR1",0.00120167517532488,NA,NA,NA
"run02_uniform_k1",3394,"SLC18A2",1.33665330134258e-05,NA,NA,NA
"run02_uniform_k1",3395,"KCNA1",1.36823220714399e-05,NA,NA,NA
"run02_uniform_k1",3396,"BAK1",0,NA,NA,NA
"run02_uniform_k1",3397,"SULT2A1",1.31748566971623e-05,NA,NA,NA
"run02_uniform_k1",3398,"LPO",0,NA,NA,NA
"run02_uniform_k1",3399,"PROM1",0.00127729251749653,NA,NA,NA
"run02_uniform_k1",3400,"NNT",0,NA,NA,NA
"run02_uniform_k1",3401,"SLC8A1",0,NA,NA,NA
"run02_uniform_k1",3402,"TEK",0,NA,NA,NA
"run02_uniform_k1",3403,"ADIPOQ",2.77581439246388e-05,NA,NA,NA
"run02_uniform_k1",3404,"HSD11B1",5.68914811439614e-05,NA,NA,NA
"run02_uniform_k1",3405,"FABP5",6.2410696410331e-05,NA,NA,NA
"run02_uniform_k1",3406,"LIPG",0,NA,NA,NA
"run02_uniform_k1",3407,"CDKN2A",0.000523536323894791,NA,NA,NA
"run02_uniform_k1",3408,"HSPA4",0.000770336012735795,NA,NA,NA
"run02_uniform_k1",3409,"TOP2A",1.51432024206866e-05,NA,NA,NA
"run02_uniform_k1",3410,"IFNG",3.71450469081047e-05,NA,NA,NA
"run02_uniform_k1",3411,"NFKBIA",5.47616073202084e-05,NA,NA,NA
"run02_uniform_k1",3412,"REN",0.000113239453789604,NA,NA,NA
"run02_uniform_k1",3413,"EIF4E",1.3685843489597e-05,NA,NA,NA
"run02_uniform_k1",3414,"KEAP1",8.90865911317151e-05,NA,NA,NA
"run02_uniform_k1",3415,"AGT",0.000967403269813816,NA,NA,NA
"run02_uniform_k1",3416,"ALDH2",5.15659678518299e-05,NA,NA,NA
"run02_uniform_k1",3417,"DHFR",0.000279606338591143,NA,NA,NA
"run02_uniform_k1",3418,"ARF1",2.85051391907265e-05,NA,NA,NA
"run02_uniform_k1",3419,"CCL2",3.6509767629811e-05,NA,NA,NA
"run02_uniform_k1",3420,"GNMT",0,NA,NA,NA
"run02_uniform_k1",3421,"ADA",5.3173443308685e-05,NA,NA,NA
"run02_uniform_k1",3422,"TEP1",0,NA,NA,NA
"run02_uniform_k1",3423,"CD274",2.2623615720252e-05,NA,NA,NA
"run02_uniform_k1",3424,"PRDX2",0,NA,NA,NA
"run02_uniform_k1",3425,"OAT",1.33641726925982e-05,NA,NA,NA
"run02_uniform_k1",3426,"HSPB1",6.97066364507837e-06,NA,NA,NA
"run02_uniform_k1",3427,"NCF2",1.00748274538542e-05,NA,NA,NA
"run02_uniform_k1",3428,"CD40LG",1.90089891605183e-06,NA,NA,NA
"run02_uniform_k1",3429,"JUN",0.000712792808186147,NA,NA,NA
"run02_uniform_k1",3430,"INSR",1.12798026006278e-05,NA,NA,NA
"run02_uniform_k1",3431,"HINT1",4.87617046518452e-06,NA,NA,NA
"run02_uniform_k1",3432,"MRC1",0,NA,NA,NA
"run02_uniform_k1",3433,"SYT1",8.62163058744647e-05,NA,NA,NA
"run02_uniform_k1",3434,"PDXK",0.00104366135249789,NA,NA,NA
"run02_uniform_k1",3435,"CACNA1C",0.000498320638157024,NA,NA,NA
"run02_uniform_k1",3436,"NCF1",8.14327396577719e-05,NA,NA,NA
"run02_uniform_k1",3437,"RETSAT",0,NA,NA,NA
"run02_uniform_k1",3438,"ABCC8",3.66842389862843e-05,NA,NA,NA
"run02_uniform_k1",3439,"THBD",8.99612495086632e-06,NA,NA,NA
"run02_uniform_k1",3440,"HAS2",0,NA,NA,NA
"run02_uniform_k1",3441,"RELA",8.98188410365375e-05,NA,NA,NA
"run02_uniform_k1",3442,"FGF4",2.2179929671795e-06,NA,NA,NA
"run02_uniform_k1",3443,"CACNG4",8.23535373972728e-06,NA,NA,NA
"run02_uniform_k1",3444,"EEF2K",3.67443795490363e-06,NA,NA,NA
"run02_uniform_k1",3445,"GAMT",4.09153874207924e-05,NA,NA,NA
"run02_uniform_k1",3446,"MMP9",0.000204115785623737,NA,NA,NA
"run02_uniform_k1",3447,"PLAT",2.05933169041828e-05,NA,NA,NA
"run02_uniform_k1",3448,"SCN2B",0,NA,NA,NA
"run02_uniform_k1",3449,"AXIN1",1.08355886352385e-05,NA,NA,NA
"run02_uniform_k1",3450,"CEBPB",0.000269764234292591,NA,NA,NA
"run02_uniform_k1",3451,"KCNH6",1.57066122082883e-05,NA,NA,NA
"run02_uniform_k1",3452,"PLA2G2A",5.81866140334508e-05,NA,NA,NA
"run02_uniform_k1",3453,"GAP43",5.95559822758052e-06,NA,NA,NA
"run02_uniform_k1",3454,"CYP2D6",2.95879994604009e-05,NA,NA,NA
"run02_uniform_k1",3455,"ABCA7",0,NA,NA,NA
"run02_uniform_k1",3456,"GNMT",0,NA,NA,NA
"run02_uniform_k1",3457,"RDH5",1.18445408441303e-05,NA,NA,NA
"run02_uniform_k1",3458,"PRKAG2",0.00023019859617357,NA,NA,NA
"run02_uniform_k1",3459,"KCNA1",1.36823220714399e-05,NA,NA,NA
"run02_uniform_k1",3460,"ADA",5.3173443308685e-05,NA,NA,NA
"run02_uniform_k1",3461,"HTR1D",0,NA,NA,NA
"run02_uniform_k1",3462,"GATM",0.000449150320023683,NA,NA,NA
"run02_uniform_k1",3463,"NTRK2",0.000178668928783821,NA,NA,NA
"run02_uniform_k1",3464,"IL36A",0,NA,NA,NA
"run02_uniform_k1",3465,"APOA1",0.00156761777246528,NA,NA,NA
"run02_uniform_k1",3466,"SLC1A6",0,NA,NA,NA
"run02_uniform_k1",3467,"HCRTR2",0,NA,NA,NA
"run02_uniform_k1",3468,"PPP2CA",7.29428022572254e-05,NA,NA,NA
"run02_uniform_k1",3469,"GLP1R",3.86497402737884e-06,NA,NA,NA
"run02_uniform_k1",3470,"SLCO1B1",3.08486910148842e-05,NA,NA,NA
"run02_uniform_k1",3471,"GPR35",0,NA,NA,NA
"run02_uniform_k1",3472,"HCN4",0.00104282749963691,NA,NA,NA
"run02_uniform_k1",3473,"RORA",0.00130690437409919,NA,NA,NA
"run02_uniform_k1",3474,"PRKCB",0.000129467861105015,NA,NA,NA
"run02_uniform_k1",3475,"CD14",0,NA,NA,NA
"run02_uniform_k1",3476,"PLA2G2D",0,NA,NA,NA
"run02_uniform_k1",3477,"HSP90AA1",0.000781176350650004,NA,NA,NA
"run02_uniform_k1",3478,"BIRC5",3.23786530762593e-05,NA,NA,NA
"run02_uniform_k1",3479,"CD163",2.80685125135793e-05,NA,NA,NA
"run02_uniform_k1",3480,"BIRC3",6.3362084734564e-07,NA,NA,NA
"run02_uniform_k1",3481,"PKD2",3.16666038624458e-06,NA,NA,NA
"run02_uniform_k1",3482,"ACTG1",2.72461711825489e-06,NA,NA,NA
"run02_uniform_k1",3483,"CYP11A1",1.84332824758604e-05,NA,NA,NA
"run02_uniform_k1",3484,"HCRTR1",0,NA,NA,NA
"run02_uniform_k1",3485,"CYP1A1",0.000371673359131575,NA,NA,NA
"run02_uniform_k1",3486,"KCND1",0,NA,NA,NA
"run02_uniform_k1",3487,"CACNA1G",7.41987078123341e-05,NA,NA,NA
"run02_uniform_k1",3488,"DRD2",0.000217393825030943,NA,NA,NA
"run02_uniform_k1",3489,"PPIA",3.28180373492248e-05,NA,NA,NA
"run02_uniform_k1",3490,"CTSL",5.7015753640588e-06,NA,NA,NA
"run02_uniform_k1",3491,"TACR1",0,NA,NA,NA
"run02_uniform_k1",3492,"LGALS3",1.90104129516033e-06,NA,NA,NA
"run02_uniform_k1",3493,"WEE1",0,NA,NA,NA
"run02_uniform_k1",3494,"ATP2C2",0,NA,NA,NA
"run02_uniform_k1",3495,"SDHA",0.000611111269984921,NA,NA,NA
"run02_uniform_k1",3496,"CCL22",0,NA,NA,NA
"run02_uniform_k1",3497,"GSTM2",0,NA,NA,NA
"run02_uniform_k1",3498,"RASA1",5.55702489675181e-05,NA,NA,NA
"run02_uniform_k1",3499,"NFE2L2",7.2947073822438e-05,NA,NA,NA
"run02_uniform_k1",3500,"ARF1",2.85051391907265e-05,NA,NA,NA
"run02_uniform_k1",3501,"PTGDR2",6.33406652128521e-07,NA,NA,NA
"run02_uniform_k1",3502,"MGAM",0.000137027144681112,NA,NA,NA
"run02_uniform_k1",3503,"ITPR3",1.88839173905775e-05,NA,NA,NA
"run02_uniform_k1",3504,"LRP5",0,NA,NA,NA
"run02_uniform_k1",3505,"GABRP",0,NA,NA,NA
"run02_uniform_k1",3506,"NNMT",2.43922960370124e-05,NA,NA,NA
"run02_uniform_k1",3507,"IKBKB",6.84471676271059e-06,NA,NA,NA
"run02_uniform_k1",3508,"ARRB2",0.0018446708322335,NA,NA,NA
"run02_uniform_k1",3509,"CHRNA7",7.98054415862559e-05,NA,NA,NA
"run02_uniform_k1",3510,"PLA2G7",0.00013847975796788,NA,NA,NA
"run02_uniform_k1",3511,"EBP",6.01605713679287e-06,NA,NA,NA
"run02_uniform_k1",3512,"HDAC7",6.01926074750292e-06,NA,NA,NA
"run02_uniform_k1",3513,"PARP1",0.000202075672702362,NA,NA,NA
"run02_uniform_k1",3514,"AGTR1",7.87895413547623e-05,NA,NA,NA
"run02_uniform_k1",3515,"COX6A2",0,NA,NA,NA
"run02_uniform_k1",3516,"CYP2C9",0.000117781048131316,NA,NA,NA
"run02_uniform_k1",3517,"DBP",0,NA,NA,NA
"run02_uniform_k1",3518,"CACNA2D3",0,NA,NA,NA
"run02_uniform_k1",3519,"HMGB1",1.24840005174542e-05,NA,NA,NA
"run02_uniform_k1",3520,"CLDN1",4.94148239504888e-06,NA,NA,NA
"run02_uniform_k1",3521,"NLRP3",7.47722630090042e-06,NA,NA,NA
"run02_uniform_k1",3522,"CDKN1A",2.78509173701202e-05,NA,NA,NA
"run02_uniform_k1",3523,"CPT1C",0,NA,NA,NA
"run02_uniform_k1",3524,"HDAC10",0,NA,NA,NA
"run02_uniform_k1",3525,"GSTP1",0.0017997845794786,NA,NA,NA
"run02_uniform_k1",3526,"PLA2G7",0.00013847975796788,NA,NA,NA
"run02_uniform_k1",3527,"FABP7",3.9904553374992e-06,NA,NA,NA
"run02_uniform_k1",3528,"HMGB1",1.24840005174542e-05,NA,NA,NA
"run02_uniform_k1",3529,"CACNB3",0,NA,NA,NA
"run02_uniform_k1",3530,"PLA2G2A",5.81866140334508e-05,NA,NA,NA
"run02_uniform_k1",3531,"TFRC",0.000239327299633385,NA,NA,NA
"run02_uniform_k1",3532,"HCAR2",0,NA,NA,NA
"run02_uniform_k1",3533,"SLCO1A2",6.33397825744453e-07,NA,NA,NA
"run02_uniform_k1",3534,"AR",0.000302154756725348,NA,NA,NA
"run02_uniform_k1",3535,"MAPK11",0,NA,NA,NA
"run02_uniform_k1",3536,"ACAA2",8.36077927990342e-06,NA,NA,NA
"run02_uniform_k1",3537,"IL6",0.00104909499545724,NA,NA,NA
"run02_uniform_k1",3538,"PRKAG2",0.00023019859617357,NA,NA,NA
"run02_uniform_k1",3539,"KCNJ8",1.89387005555819e-05,NA,NA,NA
"run02_uniform_k1",3540,"CES1",0.000115566529133249,NA,NA,NA
"run02_uniform_k1",3541,"EIF4G1",1.23532645966984e-05,NA,NA,NA
"run02_uniform_k1",3542,"CYP11A1",1.84332824758604e-05,NA,NA,NA
"run02_uniform_k1",3543,"KCND1",0,NA,NA,NA
"run02_uniform_k1",3544,"ELOVL2",0,NA,NA,NA
"run02_uniform_k1",3545,"ACTB",0.0035966824210889,NA,NA,NA
"run02_uniform_k1",3546,"CDK1",0.000268330391133942,NA,NA,NA
"run02_uniform_k1",3547,"OPRD1",0,NA,NA,NA
"run02_uniform_k1",3548,"CYP11A1",1.84332824758604e-05,NA,NA,NA
"run02_uniform_k1",3549,"LDLR",0,NA,NA,NA
"run02_uniform_k1",3550,"HDAC10",0,NA,NA,NA
"run02_uniform_k1",3551,"RAC2",7.2870543702308e-05,NA,NA,NA
"run02_uniform_k1",3552,"METTL3",0,NA,NA,NA
"run02_uniform_k1",3553,"PAPSS1",0,NA,NA,NA
"run02_uniform_k1",3554,"ALOX5",1.82447360282945e-05,NA,NA,NA
"run02_uniform_k1",3555,"ACTBL2",0,NA,NA,NA
"run02_uniform_k1",3556,"GSTM3",0,NA,NA,NA
"run02_uniform_k1",3557,"CCL8",0,NA,NA,NA
"run02_uniform_k1",3558,"LTA4H",0,NA,NA,NA
"run02_uniform_k1",3559,"CAPN10",0.000977887184816284,NA,NA,NA
"run02_uniform_k1",3560,"TAT",6.1444352762341e-05,NA,NA,NA
"run02_uniform_k1",3561,"CYP2A6",0.000367474741212792,NA,NA,NA
"run02_uniform_k1",3562,"CYP2C8",0,NA,NA,NA
"run02_uniform_k1",3563,"TNFRSF10B",0,NA,NA,NA
"run02_uniform_k1",3564,"HMGB1",1.24840005174542e-05,NA,NA,NA
"run02_uniform_k1",3565,"DSPP",0,NA,NA,NA
"run02_uniform_k1",3566,"NOX4",3.0792080655373e-05,NA,NA,NA
"run02_uniform_k1",3567,"F3",4.30244857466677e-05,NA,NA,NA
"run02_uniform_k1",3568,"PLG",0.000475913758970048,NA,NA,NA
"run02_uniform_k1",3569,"CA2",1.50098666125142e-05,NA,NA,NA
"run02_uniform_k1",3570,"ARF3",1.01355586621388e-05,NA,NA,NA
"run02_uniform_k1",3571,"RPS6KB1",2.01533684008881e-05,NA,NA,NA
"run02_uniform_k1",3572,"ATG5",1.93264314094499e-05,NA,NA,NA
"run02_uniform_k1",3573,"FTCD",1.21257629834837e-05,NA,NA,NA
"run02_uniform_k1",3574,"ADH1B",0,NA,NA,NA
"run02_uniform_k1",3575,"TUBA1C",0,NA,NA,NA
"run02_uniform_k1",3576,"AURKA",5.49029298524406e-05,NA,NA,NA
"run02_uniform_k1",3577,"CANX",2.08728829651506e-05,NA,NA,NA
"run02_uniform_k1",3578,"TXNIP",0,NA,NA,NA
"run02_uniform_k1",3579,"SLC6A2",0,NA,NA,NA
"run02_uniform_k1",3580,"PYGM",4.94772798226295e-05,NA,NA,NA
"run02_uniform_k1",3581,"CCNA2",1.83133006516067e-05,NA,NA,NA
"run02_uniform_k1",3582,"GRIN2C",0,NA,NA,NA
"run02_uniform_k1",3583,"APOD",0.00195383273850436,NA,NA,NA
"run02_uniform_k1",3584,"MB",4.23248293774936e-05,NA,NA,NA
"run02_uniform_k1",3585,"SLC10A1",8.11595436944756e-05,NA,NA,NA
"run02_uniform_k1",3586,"STAT3",0.000956982443180987,NA,NA,NA
"run02_uniform_k1",3587,"CHRM1",6.15364589550138e-05,NA,NA,NA
"run02_uniform_k1",3588,"CD44",0.000889730591565385,NA,NA,NA
"run02_uniform_k1",3589,"ACTBL2",0,NA,NA,NA
"run02_uniform_k1",3590,"CXCL13",0,NA,NA,NA
"run02_uniform_k1",3591,"TYR",3.79481492692735e-05,NA,NA,NA
"run02_uniform_k1",3592,"NR1H4",0.000150320210463128,NA,NA,NA
"run02_uniform_k1",3593,"CDK2",1.73911829558504e-05,NA,NA,NA
"run02_uniform_k1",3594,"GP1BA",3.18056444478243e-05,NA,NA,NA
"run02_uniform_k1",3595,"FOSL1",5.14461500070729e-05,NA,NA,NA
"run02_uniform_k1",3596,"ADAMTS4",0,NA,NA,NA
"run02_uniform_k1",3597,"SKP2",4.435492915289e-06,NA,NA,NA
"run02_uniform_k1",3598,"PDE7B",0,NA,NA,NA
"run02_uniform_k1",3599,"BRCA1",0.00150305205251045,NA,NA,NA
"run02_uniform_k1",3600,"SRPK1",0.00108816969760961,NA,NA,NA
"run02_uniform_k1",3601,"PDXK",0.00104366135249789,NA,NA,NA
"run02_uniform_k1",3602,"RDH5",1.18445408441303e-05,NA,NA,NA
"run02_uniform_k1",3603,"PAPSS2",2.08994383624761e-05,NA,NA,NA
"run02_uniform_k1",3604,"RYR2",4.78345186669671e-05,NA,NA,NA
"run02_uniform_k1",3605,"BAD",6.33634698421481e-06,NA,NA,NA
"run02_uniform_k1",3606,"DHFR",0.000279606338591143,NA,NA,NA
"run02_uniform_k1",3607,"SLC16A1",1.22233950207162e-05,NA,NA,NA
"run02_uniform_k1",3608,"NFKBIA",5.47616073202084e-05,NA,NA,NA
"run02_uniform_k1",3609,"ITGAL",2.85118848919463e-06,NA,NA,NA
"run02_uniform_k1",3610,"CYP1A2",5.25226389015421e-05,NA,NA,NA
"run02_uniform_k1",3611,"CRH",2.05295196740174e-05,NA,NA,NA
"run02_uniform_k1",3612,"IL33",0,NA,NA,NA
"run02_uniform_k1",3613,"ESR1",0.00102478911944048,NA,NA,NA
"run02_uniform_k1",3614,"RETSAT",0,NA,NA,NA
"run02_uniform_k1",3615,"PROS1",2.21693788693411e-06,NA,NA,NA
"run02_uniform_k1",3616,"RPS6KB1",2.01533684008881e-05,NA,NA,NA
"run02_uniform_k1",3617,"SRC",0.0010396286840485,NA,NA,NA
"run02_uniform_k1",3618,"HDAC2",2.26872919905086e-05,NA,NA,NA
"run02_uniform_k1",3619,"PRKCA",0.000374278990026067,NA,NA,NA
"run02_uniform_k1",3620,"TG",5.56234870203731e-05,NA,NA,NA
"run02_uniform_k1",3621,"AGTR1",7.87895413547623e-05,NA,NA,NA
"run02_uniform_k1",3622,"SHH",1.43206732026169e-05,NA,NA,NA
"run02_uniform_k1",3623,"HRH1",0,NA,NA,NA
"run02_uniform_k1",3624,"UCHL1",0,NA,NA,NA
"run02_uniform_k1",3625,"EREG",0,NA,NA,NA
"run02_uniform_k1",3626,"TAT",6.1444352762341e-05,NA,NA,NA
"run02_uniform_k1",3627,"ATF5",6.59972627514716e-05,NA,NA,NA
"run02_uniform_k1",3628,"NPEPPS",0,NA,NA,NA
"run02_uniform_k1",3629,"METTL3",0,NA,NA,NA
"run02_uniform_k1",3630,"AADAT",3.54591244267066e-06,NA,NA,NA
"run02_uniform_k1",3631,"GOT2",0.00078289580737978,NA,NA,NA
"run02_uniform_k1",3632,"NR1I2",0.000123041356779652,NA,NA,NA
"run02_uniform_k1",3633,"IL36B",0,NA,NA,NA
"run02_uniform_k1",3634,"FN1",0.00237698824343124,NA,NA,NA
"run02_uniform_k1",3635,"PGR",2.93426634963012e-05,NA,NA,NA
"run02_uniform_k1",3636,"GATM",0.000449150320023683,NA,NA,NA
"run02_uniform_k1",3637,"ORM1",1.43183478092945e-05,NA,NA,NA
"run02_uniform_k1",3638,"ACTG1",2.72461711825489e-06,NA,NA,NA
"run02_uniform_k1",3639,"PLSCR1",0,NA,NA,NA
"run02_uniform_k1",3640,"ADRA1B",0,NA,NA,NA
"run02_uniform_k1",3641,"GLDC",4.87735973941916e-06,NA,NA,NA
"run02_uniform_k1",3642,"PIK3R1",5.3428249282339e-05,NA,NA,NA
"run02_uniform_k1",3643,"TUBA1A",1.10247379909723e-05,NA,NA,NA
"run02_uniform_k1",3644,"AHSP",1.89993871424488e-06,NA,NA,NA
"run02_uniform_k1",3645,"HAS2",0,NA,NA,NA
"run02_uniform_k1",3646,"VCAM1",2.14834315839241e-05,NA,NA,NA
"run02_uniform_k1",3647,"AMY2A",0,NA,NA,NA
"run02_uniform_k1",3648,"MAPK9",3.16862262561557e-06,NA,NA,NA
"run02_uniform_k1",3649,"GLO1",4.94041980381166e-06,NA,NA,NA
"run02_uniform_k1",3650,"NDUFV2",0,NA,NA,NA
"run02_uniform_k1",3651,"GPR83",0,NA,NA,NA
"run02_uniform_k1",3652,"ADRA2A",6.33347720935262e-07,NA,NA,NA
"run02_uniform_k1",3653,"PDE4A",1.34575381137703e-05,NA,NA,NA
"run02_uniform_k1",3654,"KCNJ1",8.80361918675909e-06,NA,NA,NA
"run02_uniform_k1",3655,"HLA-B",6.33520976234259e-07,NA,NA,NA
"run02_uniform_k1",3656,"GRIN2D",0,NA,NA,NA
"run02_uniform_k1",3657,"LPCAT1",1.456721531512e-06,NA,NA,NA
"run02_uniform_k1",3658,"PFAS",0,NA,NA,NA
"run02_uniform_k1",3659,"CXCL13",0,NA,NA,NA
"run02_uniform_k1",3660,"MYH7",2.03333890326229e-05,NA,NA,NA
"run02_uniform_k1",3661,"CRP",0.00025559836793676,NA,NA,NA
"run02_uniform_k1",3662,"CHEK2",2.4076159734765e-06,NA,NA,NA
"run02_uniform_k1",3663,"HTR3A",8.53896962736966e-05,NA,NA,NA
"run02_uniform_k1",3664,"LRP5",0,NA,NA,NA
"run02_uniform_k1",3665,"CKB",5.32096942710281e-05,NA,NA,NA
"run02_uniform_k1",3666,"ARF5",0,NA,NA,NA
"run02_uniform_k1",3667,"CHRNA2",0,NA,NA,NA
"run02_uniform_k1",3668,"ATR",0,NA,NA,NA
"run02_uniform_k1",3669,"TFRC",0.000239327299633385,NA,NA,NA
"run02_uniform_k1",3670,"ABAT",2.2801866788047e-06,NA,NA,NA
"run02_uniform_k1",3671,"PRKDC",3.48518119952512e-06,NA,NA,NA
"run02_uniform_k1",3672,"AIMP2",0,NA,NA,NA
"run02_uniform_k1",3673,"NTRK1",3.04810969022906e-05,NA,NA,NA
"run02_uniform_k1",3674,"FSHR",1.23538226016739e-05,NA,NA,NA
"run02_uniform_k1",3675,"NDUFS3",7.91874029407724e-05,NA,NA,NA
"run02_uniform_k1",3676,"CYC1",4.87786738601059e-06,NA,NA,NA
"run02_uniform_k1",3677,"AANAT",0,NA,NA,NA
"run02_uniform_k1",3678,"CAPN10",0.000977887184816284,NA,NA,NA
"run02_uniform_k1",3679,"GAMT",4.09153874207924e-05,NA,NA,NA
"run02_uniform_k1",3680,"MLXIPL",0,NA,NA,NA
"run02_uniform_k1",3681,"TIMP2",0,NA,NA,NA
"run02_uniform_k1",3682,"TNFRSF1A",1.26749186291075e-05,NA,NA,NA
"run02_uniform_k1",3683,"MYLK",7.38323399127605e-05,NA,NA,NA
"run02_uniform_k1",3684,"SERPINE1",0.000106720941403182,NA,NA,NA
"run02_uniform_k1",3685,"KCNA4",2.7111367415289e-05,NA,NA,NA
"run02_uniform_k1",3686,"GABRR1",0.000892072607181937,NA,NA,NA
"run02_uniform_k1",3687,"ACSL1",4.92269468655993e-05,NA,NA,NA
"run02_uniform_k1",3688,"PTGIS",1.23522684530863e-05,NA,NA,NA
"run02_uniform_k1",3689,"GLDC",4.87735973941916e-06,NA,NA,NA
"run02_uniform_k1",3690,"NTRK1",3.04810969022906e-05,NA,NA,NA
"run02_uniform_k1",3691,"HDAC2",2.26872919905086e-05,NA,NA,NA
"run02_uniform_k1",3692,"HAS2",0,NA,NA,NA
"run02_uniform_k1",3693,"HBB",6.40684097101829e-05,NA,NA,NA
"run02_uniform_k1",3694,"SIRT3",7.24858712728427e-05,NA,NA,NA
"run02_uniform_k1",3695,"HSPA1B",2.53472574274216e-06,NA,NA,NA
"run02_uniform_k1",3696,"NKX3-1",0,NA,NA,NA
"run02_uniform_k1",3697,"RNASE1",0,NA,NA,NA
"run02_uniform_k1",3698,"CACNA1D",0.00017135132572077,NA,NA,NA
"run02_uniform_k1",3699,"FKBP1A",0.000367396925605612,NA,NA,NA
"run02_uniform_k1",3700,"XBP1",0.00130705850242441,NA,NA,NA
"run02_uniform_k1",3701,"DIO1",0,NA,NA,NA
"run02_uniform_k1",3702,"PDK1",0,NA,NA,NA
"run02_uniform_k1",3703,"EIF2A",0,NA,NA,NA
"run02_uniform_k1",3704,"PLB1",0.00110895479500295,NA,NA,NA
"run02_uniform_k1",3705,"SYT1",8.62163058744647e-05,NA,NA,NA
"run02_uniform_k1",3706,"GLI1",5.44927221779457e-06,NA,NA,NA
"run02_uniform_k1",3707,"IL4",0.000213216805235672,NA,NA,NA
"run02_uniform_k1",3708,"GLYAT",0,NA,NA,NA
"run02_uniform_k1",3709,"KCNH2",0.000463751185241779,NA,NA,NA
"run02_uniform_k1",3710,"NR1I2",0.000123041356779652,NA,NA,NA
"run02_uniform_k1",3711,"NCOA2",3.54820525111377e-05,NA,NA,NA
"run02_uniform_k1",3712,"FTCD",1.21257629834837e-05,NA,NA,NA
"run02_uniform_k1",3713,"APCS",0.00117690914019986,NA,NA,NA
"run02_uniform_k1",3714,"TRPA1",6.7343185876978e-05,NA,NA,NA
"run02_uniform_k1",3715,"NUF2",6.20773671455854e-06,NA,NA,NA
"run02_uniform_k1",3716,"SLC8A2",0,NA,NA,NA
"run02_uniform_k1",3717,"FTL",4.87730474807435e-06,NA,NA,NA
"run02_uniform_k1",3718,"GCA",0.000913104018283151,NA,NA,NA
"run02_uniform_k1",3719,"GRIN3A",0,NA,NA,NA
"run02_uniform_k1",3720,"AXL",2.56876487623181e-05,NA,NA,NA
"run02_uniform_k1",3721,"RAF1",1.33718501759139e-05,NA,NA,NA
"run02_uniform_k1",3722,"CYP24A1",2.95788072831593e-05,NA,NA,NA
"run02_uniform_k1",3723,"SYK",5.32926492629038e-05,NA,NA,NA
"run02_uniform_k1",3724,"GABRA5",0,NA,NA,NA
"run02_uniform_k1",3725,"IL1RN",0,NA,NA,NA
"run02_uniform_k1",3726,"CLDN1",4.94148239504888e-06,NA,NA,NA
"run02_uniform_k1",3727,"AGXT2",0.000181321349120078,NA,NA,NA
"run02_uniform_k1",3728,"SIGMAR1",0.000141138269685426,NA,NA,NA
"run02_uniform_k1",3729,"ATF1",3.16751357498646e-06,NA,NA,NA
"run02_uniform_k1",3730,"HBA2",0,NA,NA,NA
"run02_uniform_k1",3731,"PPIF",5.98208087934093e-05,NA,NA,NA
"run02_uniform_k1",3732,"JAK2",0.000791453142699572,NA,NA,NA
"run02_uniform_k1",3733,"CACNA1G",7.41987078123341e-05,NA,NA,NA
"run02_uniform_k1",3734,"DYSF",0.00102310635249714,NA,NA,NA
"run02_uniform_k1",3735,"EBP",6.01605713679287e-06,NA,NA,NA
"run02_uniform_k1",3736,"KCNA1",1.36823220714399e-05,NA,NA,NA
"run02_uniform_k1",3737,"TFEB",4.43464879762434e-06,NA,NA,NA
"run02_uniform_k1",3738,"NPY",0.00200669165182288,NA,NA,NA
"run02_uniform_k1",3739,"RPL17",9.4906952489815e-05,NA,NA,NA
"run02_uniform_k1",3740,"BECN1",8.42248076059482e-05,NA,NA,NA
"run02_uniform_k1",3741,"NRP1",0.000102455056317119,NA,NA,NA
"run02_uniform_k1",3742,"ATG7",2.9146658695467e-06,NA,NA,NA
"run02_uniform_k1",3743,"CCNA2",1.83133006516067e-05,NA,NA,NA
"run02_uniform_k1",3744,"GABRQ",0,NA,NA,NA
"run02_uniform_k1",3745,"MAPK8",0.00014699135508045,NA,NA,NA
"run02_uniform_k1",3746,"NPPA",7.28658572474172e-05,NA,NA,NA
"run02_uniform_k1",3747,"GLP1R",3.86497402737884e-06,NA,NA,NA
"run02_uniform_k1",3748,"RAC2",7.2870543702308e-05,NA,NA,NA
"run02_uniform_k1",3749,"AGXT2",0.000181321349120078,NA,NA,NA
"run02_uniform_k1",3750,"PKD1",3.50334081220538e-05,NA,NA,NA
"run02_uniform_k1",3751,"DNMT3B",1.03906004091936e-05,NA,NA,NA
"run02_uniform_k1",3752,"MGAM",0.000137027144681112,NA,NA,NA
"run02_uniform_k1",3753,"PLA2G2A",5.81866140334508e-05,NA,NA,NA
"run02_uniform_k1",3754,"ADH1A",0,NA,NA,NA
"run02_uniform_k1",3755,"COL3A1",0,NA,NA,NA
"run02_uniform_k1",3756,"IMPDH2",1.60872446202109e-05,NA,NA,NA
"run02_uniform_k1",3757,"CBR1",3.06594182049036e-05,NA,NA,NA
"run02_uniform_k1",3758,"FTCD",1.21257629834837e-05,NA,NA,NA
"run02_uniform_k1",3759,"STAT5A",4.23996396073933e-05,NA,NA,NA
"run02_uniform_k1",3760,"PARP1",0.000202075672702362,NA,NA,NA
"run02_uniform_k1",3761,"MUC5AC",6.33425870422144e-07,NA,NA,NA
"run02_uniform_k1",3762,"CDK8",0,NA,NA,NA
"run02_uniform_k1",3763,"CACNA1C",0.000498320638157024,NA,NA,NA
"run02_uniform_k1",3764,"PLB1",0.00110895479500295,NA,NA,NA
"run02_uniform_k1",3765,"DUOXA1",0,NA,NA,NA
"run02_uniform_k1",3766,"CDH1",0.000350253039747228,NA,NA,NA
"run02_uniform_k1",3767,"ATG12",0,NA,NA,NA
"run02_uniform_k1",3768,"NQO1",0.000518240501310552,NA,NA,NA
"run02_uniform_k1",3769,"PCNA",0.000281828068793732,NA,NA,NA
"run02_uniform_k1",3770,"PPARG",0.000681665233701723,NA,NA,NA
"run02_uniform_k1",3771,"NGF",7.00958583023104e-05,NA,NA,NA
"run02_uniform_k1",3772,"TRPV4",0.000106153420904809,NA,NA,NA
"run02_uniform_k1",3773,"NISCH",0,NA,NA,NA
"run02_uniform_k1",3774,"PHOSPHO2",0,NA,NA,NA
"run02_uniform_k1",3775,"GABRR1",0.000892072607181937,NA,NA,NA
"run02_uniform_k1",3776,"FKBP1A",0.000367396925605612,NA,NA,NA
"run02_uniform_k1",3777,"RHO",0.00017143146028642,NA,NA,NA
"run02_uniform_k1",3778,"GPT2",8.61690501118284e-05,NA,NA,NA
"run02_uniform_k1",3779,"HSF1",0,NA,NA,NA
"run02_uniform_k1",3780,"KRT18",1.90069610461752e-06,NA,NA,NA
"run02_uniform_k1",3781,"PTGER3",1.07329013246948e-05,NA,NA,NA
"run02_uniform_k1",3782,"PDXK",0.00104366135249789,NA,NA,NA
"run02_uniform_k1",3783,"MT1X",0,NA,NA,NA
"run02_uniform_k1",3784,"GRIN2A",0.000361526992004202,NA,NA,NA
"run02_uniform_k1",3785,"PTAFR",0,NA,NA,NA
"run02_uniform_k1",3786,"RB1",5.60807039972078e-05,NA,NA,NA
"run02_uniform_k1",3787,"SIRT2",1.36869569887788e-05,NA,NA,NA
"run02_uniform_k1",3788,"POLE4",6.33352637668949e-07,NA,NA,NA
"run02_uniform_k1",3789,"TBK1",8.23758983270473e-06,NA,NA,NA
"run02_uniform_k1",3790,"ARRB2",0.0018446708322335,NA,NA,NA
"run02_uniform_k1",3791,"CACNA2D3",0,NA,NA,NA
"run02_uniform_k1",3792,"THRB",3.80151793299977e-06,NA,NA,NA
"run02_uniform_k1",3793,"TUBB",0.000162866051467092,NA,NA,NA
"run02_uniform_k1",3794,"SFN",1.88836433614448e-05,NA,NA,NA
"run02_uniform_k1",3795,"TNNI3",8.64888291552957e-05,NA,NA,NA
"run02_uniform_k1",3796,"ATP1A4",0,NA,NA,NA
"run02_uniform_k1",3797,"YAP1",2.37641275353528e-05,NA,NA,NA
"run02_uniform_k1",3798,"ANO1",0,NA,NA,NA
"run02_uniform_k1",3799,"CFLAR",6.33631245472444e-07,NA,NA,NA
"run02_uniform_k1",3800,"CACNA1C",0.000498320638157024,NA,NA,NA
"run02_uniform_k1",3801,"AGTR1",7.87895413547623e-05,NA,NA,NA
"run02_uniform_k1",3802,"TFF2",0,NA,NA,NA
"run02_uniform_k1",3803,"PDE7B",0,NA,NA,NA
"run02_uniform_k1",3804,"TFR2",1.9001036434263e-06,NA,NA,NA
"run02_uniform_k1",3805,"PLG",0.000475913758970048,NA,NA,NA
"run02_uniform_k1",3806,"CCL2",3.6509767629811e-05,NA,NA,NA
"run02_uniform_k1",3807,"SHH",1.43206732026169e-05,NA,NA,NA
"run02_uniform_k1",3808,"AIFM1",1.58347085155164e-06,NA,NA,NA
"run02_uniform_k1",3809,"TOP1",1.90060302329709e-06,NA,NA,NA
"run02_uniform_k1",3810,"POLE4",6.33352637668949e-07,NA,NA,NA
"run02_uniform_k1",3811,"PHOSPHO1",8.36011896465649e-06,NA,NA,NA
"run02_uniform_k1",3812,"KCNH2",0.000463751185241779,NA,NA,NA
"run02_uniform_k1",3813,"PPARD",4.39109792027548e-05,NA,NA,NA
"run02_uniform_k1",3814,"CXADR",1.64676675717956e-06,NA,NA,NA
"run02_uniform_k1",3815,"IL36B",0,NA,NA,NA
"run02_uniform_k1",3816,"DRD5",0.00110886310796687,NA,NA,NA
"run02_uniform_k1",3817,"FOXP3",1.50821877838991e-05,NA,NA,NA
"run02_uniform_k1",3818,"CASP9",0,NA,NA,NA
"run02_uniform_k1",3819,"AIFM1",1.58347085155164e-06,NA,NA,NA
"run02_uniform_k1",3820,"GABRP",0,NA,NA,NA
"run02_uniform_k1",3821,"ALAS2",0.000126132338585272,NA,NA,NA
"run02_uniform_k1",3822,"SCN1A",4.8526600018195e-05,NA,NA,NA
"run02_uniform_k1",3823,"ALOX5",1.82447360282945e-05,NA,NA,NA
"run02_uniform_k1",3824,"ANO1",0,NA,NA,NA
"run02_uniform_k1",3825,"CYP3A5",2.12871813713988e-05,NA,NA,NA
"run02_uniform_k1",3826,"TRAF2",5.75385733394551e-05,NA,NA,NA
"run02_uniform_k1",3827,"OPRM1",8.74989474437537e-05,NA,NA,NA
"run02_uniform_k1",3828,"DKK1",0,NA,NA,NA
"run02_uniform_k1",3829,"FASLG",6.21033622971723e-06,NA,NA,NA
"run02_uniform_k1",3830,"TRPV3",0,NA,NA,NA
"run02_uniform_k1",3831,"HTR1A",8.14355352558582e-05,NA,NA,NA
"run02_uniform_k1",3832,"NQO1",0.000518240501310552,NA,NA,NA
"run02_uniform_k1",3833,"KHK",0,NA,NA,NA
"run02_uniform_k1",3834,"ATF4",6.17859641668383e-05,NA,NA,NA
"run02_uniform_k1",3835,"ALDH1A2",0,NA,NA,NA
"run02_uniform_k1",3836,"ABAT",2.2801866788047e-06,NA,NA,NA
"run02_uniform_k1",3837,"GRIK1",0,NA,NA,NA
"run02_uniform_k1",3838,"APOM",0,NA,NA,NA
"run02_uniform_k1",3839,"MGAM",0.000137027144681112,NA,NA,NA
"run02_uniform_k1",3840,"SKP2",4.435492915289e-06,NA,NA,NA
"run02_uniform_k1",3841,"KCNA1",1.36823220714399e-05,NA,NA,NA
"run02_uniform_k1",3842,"CALM2",0,NA,NA,NA
"run02_uniform_k1",3843,"RPS6KA3",0,NA,NA,NA
"run02_uniform_k1",3844,"IL1RN",0,NA,NA,NA
"run02_uniform_k1",3845,"CRH",2.05295196740174e-05,NA,NA,NA
"run02_uniform_k1",3846,"EGLN3",1.26699828650878e-06,NA,NA,NA
"run02_uniform_k1",3847,"GABRA5",0,NA,NA,NA
"run02_uniform_k1",3848,"F12",0,NA,NA,NA
"run02_uniform_k1",3849,"SRPK2",0,NA,NA,NA
"run02_uniform_k1",3850,"CALCR",3.30019686509697e-05,NA,NA,NA
"run02_uniform_k1",3851,"CSF1",1.07725687046312e-05,NA,NA,NA
"run02_uniform_k1",3852,"ATF5",6.59972627514716e-05,NA,NA,NA
"run02_uniform_k1",3853,"LTA4H",0,NA,NA,NA
"run02_uniform_k1",3854,"CSF3",4.44861479179659e-05,NA,NA,NA
"run02_uniform_k1",3855,"CYP3A5",2.12871813713988e-05,NA,NA,NA
"run02_uniform_k1",3856,"FXN",3.98458264223578e-05,NA,NA,NA
"run02_uniform_k1",3857,"MTTP",6.39846903005559e-06,NA,NA,NA
"run02_uniform_k1",3858,"COL7A1",0,NA,NA,NA
"run02_uniform_k1",3859,"ABCG2",0.00154702083903102,NA,NA,NA
"run02_uniform_k1",3860,"MPO",0.000259217982351401,NA,NA,NA
"run02_uniform_k1",3861,"DLG4",0.000800645688133095,NA,NA,NA
"run02_uniform_k1",3862,"DBP",0,NA,NA,NA
"run02_uniform_k1",3863,"CDT1",1.38729255214631e-05,NA,NA,NA
"run02_uniform_k1",3864,"CALM3",0.000527160893726952,NA,NA,NA
"run02_uniform_k1",3865,"PDE4D",1.08964365290731e-05,NA,NA,NA
"run02_uniform_k1",3866,"MAP2",5.57507217935349e-06,NA,NA,NA
"run02_uniform_k1",3867,"PDE7B",0,NA,NA,NA
"run02_uniform_k1",3868,"ADRA1B",0,NA,NA,NA
"run02_uniform_k1",3869,"TGFA",3.48528190785569e-06,NA,NA,NA
"run02_uniform_k1",3870,"ARF4",1.97623946650571e-05,NA,NA,NA
"run02_uniform_k1",3871,"DLG2",0,NA,NA,NA
"run02_uniform_k1",3872,"ESRRG",0.00109032893649263,NA,NA,NA
"run02_uniform_k1",3873,"SCNN1A",5.25143809567696e-05,NA,NA,NA
"run02_uniform_k1",3874,"FOXO1",0.000280307095370635,NA,NA,NA
"run02_uniform_k1",3875,"AKR1D1",0.0010662752740489,NA,NA,NA
"run02_uniform_k1",3876,"F10",1.53928141654047e-05,NA,NA,NA
"run02_uniform_k1",3877,"ATM",2.74398232945616e-05,NA,NA,NA
"run02_uniform_k1",3878,"SREBF2",1.69818952083789e-05,NA,NA,NA
"run02_uniform_k1",3879,"COX6B1",0,NA,NA,NA
"run02_uniform_k1",3880,"FEN1",1.98912329634204e-05,NA,NA,NA
"run02_uniform_k1",3881,"KCND2",2.72386185307116e-06,NA,NA,NA
"run02_uniform_k1",3882,"CD14",0,NA,NA,NA
"run02_uniform_k1",3883,"MAP3K5",7.04706361130958e-05,NA,NA,NA
"run02_uniform_k1",3884,"SREBF1",0.000334685132546086,NA,NA,NA
"run02_uniform_k1",3885,"PLSCR1",0,NA,NA,NA
"run02_uniform_k1",3886,"BMP2",1.27361599282505e-05,NA,NA,NA
"run02_uniform_k1",3887,"MYLK",7.38323399127605e-05,NA,NA,NA
"run02_uniform_k1",3888,"CHUK",1.55270045979483e-05,NA,NA,NA
"run02_uniform_k1",3889,"SLC5A1",1.62831065815272e-05,NA,NA,NA
"run02_uniform_k1",3890,"F2RL1",1.81154153372498e-05,NA,NA,NA
"run02_uniform_k1",3891,"PDE6C",0,NA,NA,NA
"run02_uniform_k1",3892,"ANO1",0,NA,NA,NA
"run02_uniform_k1",3893,"SMAD7",1.26728738392146e-06,NA,NA,NA
"run02_uniform_k1",3894,"MYLK",7.38323399127605e-05,NA,NA,NA
"run02_uniform_k1",3895,"IGF2",1.43217522315942e-05,NA,NA,NA
"run02_uniform_k1",3896,"GRIA1",1.90084712514693e-06,NA,NA,NA
"run02_uniform_k1",3897,"KCNQ2",0.000154321192943452,NA,NA,NA
"run02_uniform_k1",3898,"EIF2A",0,NA,NA,NA
"run02_uniform_k1",3899,"HTR2C",1.81821061465692e-05,NA,NA,NA
"run02_uniform_k1",3900,"MAP3K5",7.04706361130958e-05,NA,NA,NA
"run02_uniform_k1",3901,"CYBB",6.42615564472315e-05,NA,NA,NA
"run02_uniform_k1",3902,"CASP1",0.00024876408303065,NA,NA,NA
"run02_uniform_k1",3903,"ACTR1B",0,NA,NA,NA
"run02_uniform_k1",3904,"HCRT",0.000169339993540296,NA,NA,NA
"run02_uniform_k1",3905,"CYCS",0.0019228192201588,NA,NA,NA
"run02_uniform_k1",3906,"P2RX7",5.59297818042426e-05,NA,NA,NA
"run02_uniform_k1",3907,"GFAP",0.000240332727610593,NA,NA,NA
"run02_uniform_k1",3908,"NR3C2",1.6726748852447e-05,NA,NA,NA
"run02_uniform_k1",3909,"CDK5",0.000348117516928759,NA,NA,NA
"run02_uniform_k1",3910,"CYP2C8",0,NA,NA,NA
"run02_uniform_k1",3911,"COL3A1",0,NA,NA,NA
"run02_uniform_k1",3912,"YWHAE",2.37606312166738e-05,NA,NA,NA
"run02_uniform_k1",3913,"HK2",0.000296209764147126,NA,NA,NA
"run02_uniform_k1",3914,"SMO",0,NA,NA,NA
"run02_uniform_k1",3915,"SLC10A1",8.11595436944756e-05,NA,NA,NA
"run02_uniform_k1",3916,"NCOA6",0,NA,NA,NA
"run02_uniform_k1",3917,"AGXT",0.000106059050095864,NA,NA,NA
"run02_uniform_k1",3918,"PIK3CD",0,NA,NA,NA
"run02_uniform_k1",3919,"SOD1",0.00055040968937059,NA,NA,NA
"run02_uniform_k1",3920,"SOX9",0.000102527928081186,NA,NA,NA
"run02_uniform_k1",3921,"KCND1",0,NA,NA,NA
"run02_uniform_k1",3922,"GP6",2.19854467736758e-05,NA,NA,NA
"run02_uniform_k1",3923,"ACADM",0.000194896326079275,NA,NA,NA
"run02_uniform_k1",3924,"CD36",0.000286748685116911,NA,NA,NA
"run02_uniform_k1",3925,"ACTB",0.0035966824210889,NA,NA,NA
"run02_uniform_k1",3926,"CACNB3",0,NA,NA,NA
"run02_uniform_k1",3927,"KEAP1",8.90865911317151e-05,NA,NA,NA
"run02_uniform_k1",3928,"AIFM1",1.58347085155164e-06,NA,NA,NA
"run02_uniform_k1",3929,"CES1",0.000115566529133249,NA,NA,NA
"run02_uniform_k1",3930,"CRH",2.05295196740174e-05,NA,NA,NA
"run02_uniform_k1",3931,"GRIA2",6.42468498274207e-05,NA,NA,NA
"run02_uniform_k1",3932,"GABRA2",5.10094626082758e-05,NA,NA,NA
"run02_uniform_k1",3933,"PTGER1",3.16733579774908e-06,NA,NA,NA
"run02_uniform_k1",3934,"COX6A2",0,NA,NA,NA
"run02_uniform_k1",3935,"SCN4B",6.14500670026441e-06,NA,NA,NA
"run02_uniform_k1",3936,"CDK5",0.000348117516928759,NA,NA,NA
"run02_uniform_k1",3937,"MSI1",0,NA,NA,NA
"run02_uniform_k1",3938,"ARF6",0,NA,NA,NA
"run02_uniform_k1",3939,"PDE7B",0,NA,NA,NA
"run02_uniform_k1",3940,"MRC1",0,NA,NA,NA
"run02_uniform_k1",3941,"CHRNA10",0,NA,NA,NA
"run02_uniform_k1",3942,"ADRA1A",0,NA,NA,NA
"run02_uniform_k1",3943,"PTPN6",0,NA,NA,NA
"run02_uniform_k1",3944,"RUNX1T1",0,NA,NA,NA
"run02_uniform_k1",3945,"FTH1",3.16391560746254e-05,NA,NA,NA
"run02_uniform_k1",3946,"FOXM1",1.90088265561439e-06,NA,NA,NA
"run02_uniform_k1",3947,"FABP5",6.2410696410331e-05,NA,NA,NA
"run02_uniform_k1",3948,"EPOR",4.26416671160945e-05,NA,NA,NA
"run02_uniform_k1",3949,"BGLAP",0.000139973984731978,NA,NA,NA
"run02_uniform_k1",3950,"MAP2K5",0,NA,NA,NA
"run02_uniform_k1",3951,"CYP27C1",0,NA,NA,NA
"run02_uniform_k1",3952,"UCP2",2.4330049283483e-05,NA,NA,NA
"run02_uniform_k1",3953,"SYT1",8.62163058744647e-05,NA,NA,NA
"run02_uniform_k1",3954,"TJP1",0.000326838626150905,NA,NA,NA
"run02_uniform_k1",3955,"SLC18A2",1.33665330134258e-05,NA,NA,NA
"run02_uniform_k1",3956,"CP",4.75143862451732e-05,NA,NA,NA
"run02_uniform_k1",3957,"FOXO3",4.79174602721066e-05,NA,NA,NA
"run02_uniform_k1",3958,"HK2",0.000296209764147126,NA,NA,NA
"run02_uniform_k1",3959,"PLK4",2.22339198402421e-05,NA,NA,NA
"run02_uniform_k1",3960,"COL3A1",0,NA,NA,NA
"run02_uniform_k1",3961,"ALOX5",1.82447360282945e-05,NA,NA,NA
"run02_uniform_k1",3962,"FGFR2",9.18874357280774e-06,NA,NA,NA
"run02_uniform_k1",3963,"NCF1",8.14327396577719e-05,NA,NA,NA
"run02_uniform_k1",3964,"SKP2",4.435492915289e-06,NA,NA,NA
"run02_uniform_k1",3965,"XDH",0.000207347108110545,NA,NA,NA
"run02_uniform_k1",3966,"IRF1",0,NA,NA,NA
"run02_uniform_k1",3967,"CCL22",0,NA,NA,NA
"run02_uniform_k1",3968,"MT-CYB",0.000203007681716216,NA,NA,NA
"run02_uniform_k1",3969,"GRIA2",6.42468498274207e-05,NA,NA,NA
"run02_uniform_k1",3970,"GRIA1",1.90084712514693e-06,NA,NA,NA
"run02_uniform_k1",3971,"PLB1",0.00110895479500295,NA,NA,NA
"run02_uniform_k1",3972,"AXL",2.56876487623181e-05,NA,NA,NA
"run02_uniform_k1",3973,"GDNF",3.48479365919196e-06,NA,NA,NA
"run02_uniform_k1",3974,"APP",0.00112835552814228,NA,NA,NA
"run02_uniform_k1",3975,"COX6C",0,NA,NA,NA
"run02_uniform_k1",3976,"VCAM1",2.14834315839241e-05,NA,NA,NA
"run02_uniform_k1",3977,"GRIN2C",0,NA,NA,NA
"run02_uniform_k1",3978,"F10",1.53928141654047e-05,NA,NA,NA
"run02_uniform_k1",3979,"DSPP",0,NA,NA,NA
"run02_uniform_k1",3980,"TUBB",0.000162866051467092,NA,NA,NA
"run02_uniform_k1",3981,"SMAD2",3.42235274195524e-05,NA,NA,NA
"run02_uniform_k1",3982,"GRIA4",0,NA,NA,NA
"run02_uniform_k1",3983,"PRKCD",2.05317703156904e-05,NA,NA,NA
"run02_uniform_k1",3984,"NOX1",2.49654080184403e-05,NA,NA,NA
"run02_uniform_k1",3985,"CACNA2D2",0,NA,NA,NA
"run02_uniform_k1",3986,"GYPA",0.000261429870861529,NA,NA,NA
"run02_uniform_k1",3987,"CDT1",1.38729255214631e-05,NA,NA,NA
"run02_uniform_k1",3988,"FGF1",4.22001056762378e-05,NA,NA,NA
"run02_uniform_k1",3989,"MAP2K1",0,NA,NA,NA
"run02_uniform_k1",3990,"FABP2",0,NA,NA,NA
"run02_uniform_k1",3991,"CHRM2",2.51721592002818e-05,NA,NA,NA
"run02_uniform_k1",3992,"CFLAR",6.33631245472444e-07,NA,NA,NA
"run02_uniform_k1",3993,"PTH",0.00019439506068486,NA,NA,NA
"run02_uniform_k1",3994,"PPT1",8.42388961930229e-06,NA,NA,NA
"run02_uniform_k1",3995,"FSHR",1.23538226016739e-05,NA,NA,NA
"run02_uniform_k1",3996,"AVPR1A",0,NA,NA,NA
"run02_uniform_k1",3997,"PTGDS",0.0001023719829093,NA,NA,NA
"run02_uniform_k1",3998,"FTL",4.87730474807435e-06,NA,NA,NA
"run02_uniform_k1",3999,"TXN",0.000162772847540738,NA,NA,NA
"run02_uniform_k1",4000,"APOD",0.00195383273850436,NA,NA,NA
"run02_uniform_k1",4001,"TBK1",8.23758983270473e-06,NA,NA,NA
"run02_uniform_k1",4002,"NR1H3",0,NA,NA,NA
"run02_uniform_k1",4003,"CCNA2",1.83133006516067e-05,NA,NA,NA
"run02_uniform_k1",4004,"NISCH",0,NA,NA,NA
"run02_uniform_k1",4005,"IMPDH2",1.60872446202109e-05,NA,NA,NA
"run02_uniform_k1",4006,"SLC29A2",0,NA,NA,NA
"run02_uniform_k1",4007,"SLC29A1",0.00102903201870796,NA,NA,NA
"run02_uniform_k1",4008,"OPRD1",0,NA,NA,NA
"run02_uniform_k1",4009,"OR51E1",0,NA,NA,NA
"run02_uniform_k1",4010,"TACR1",0,NA,NA,NA
"run02_uniform_k1",4011,"UGT1A9",0,NA,NA,NA
"run02_uniform_k1",4012,"TRPV4",0.000106153420904809,NA,NA,NA
"run02_uniform_k1",4013,"ADH4",0,NA,NA,NA
"run02_uniform_k1",4014,"SLC29A2",0,NA,NA,NA
"run02_uniform_k1",4015,"CES1",0.000115566529133249,NA,NA,NA
"run02_uniform_k1",4016,"SIRT3",7.24858712728427e-05,NA,NA,NA
"run02_uniform_k1",4017,"ACHE",0.000111252964972719,NA,NA,NA
"run02_uniform_k1",4018,"CCL8",0,NA,NA,NA
"run02_uniform_k1",4019,"AHSP",1.89993871424488e-06,NA,NA,NA
"run02_uniform_k1",4020,"EPOR",4.26416671160945e-05,NA,NA,NA
"run02_uniform_k1",4021,"UGT2B4",1.61543980341516e-05,NA,NA,NA
"run02_uniform_k1",4022,"KCNJ15",0,NA,NA,NA
"run02_uniform_k1",4023,"ATP2C2",0,NA,NA,NA
"run02_uniform_k1",4024,"TGFA",3.48528190785569e-06,NA,NA,NA
"run02_uniform_k1",4025,"THRB",3.80151793299977e-06,NA,NA,NA
"run02_uniform_k1",4026,"SLC1A6",0,NA,NA,NA
"run02_uniform_k1",4027,"GCG",0.000221045982158996,NA,NA,NA
"run02_uniform_k1",4028,"TFAM",0,NA,NA,NA
"run02_uniform_k1",4029,"AIMP2",0,NA,NA,NA
"run02_uniform_k1",4030,"CATSPER1",0,NA,NA,NA
"run02_uniform_k1",4031,"PIM1",0,NA,NA,NA
"run02_uniform_k1",4032,"TPO",1.92561135294866e-05,NA,NA,NA
"run02_uniform_k1",4033,"COL1A2",8.49027404237201e-06,NA,NA,NA
"run02_uniform_k1",4034,"AIMP2",0,NA,NA,NA
"run02_uniform_k1",4035,"MYH7",2.03333890326229e-05,NA,NA,NA
"run02_uniform_k1",4036,"ITGAL",2.85118848919463e-06,NA,NA,NA
"run02_uniform_k1",4037,"CHRNB3",0,NA,NA,NA
"run02_uniform_k1",4038,"PARP1",0.000202075672702362,NA,NA,NA
"run02_uniform_k1",4039,"PTGS2",0.00143001964027745,NA,NA,NA
"run02_uniform_k1",4040,"SLC1A6",0,NA,NA,NA
"run02_uniform_k1",4041,"MCL1",1.67940085561424e-05,NA,NA,NA
"run02_uniform_k1",4042,"ELK1",0,NA,NA,NA
"run02_uniform_k1",4043,"CAMP",0.00129691841056656,NA,NA,NA
"run02_uniform_k1",4044,"EGLN3",1.26699828650878e-06,NA,NA,NA
"run02_uniform_k1",4045,"MAPK8",0.00014699135508045,NA,NA,NA
"run02_uniform_k1",4046,"THRB",3.80151793299977e-06,NA,NA,NA
"run02_uniform_k1",4047,"MAPK9",3.16862262561557e-06,NA,NA,NA
"run02_uniform_k1",4048,"CHRNA3",2.85056538062989e-06,NA,NA,NA
"run02_uniform_k1",4049,"TYR",3.79481492692735e-05,NA,NA,NA
"run02_uniform_k1",4050,"CACNA1G",7.41987078123341e-05,NA,NA,NA
"run02_uniform_k1",4051,"PTK2B",6.52603876749591e-06,NA,NA,NA
"run02_uniform_k1",4052,"CYP21A2",0,NA,NA,NA
"run02_uniform_k1",4053,"CDT1",1.38729255214631e-05,NA,NA,NA
"run02_uniform_k1",4054,"NCOA6",0,NA,NA,NA
"run02_uniform_k1",4055,"CLEC4E",0,NA,NA,NA
"run02_uniform_k1",4056,"TGFB1",0.000170827591538192,NA,NA,NA
"run02_uniform_k1",4057,"RDH12",1.33642751130036e-05,NA,NA,NA
"run02_uniform_k1",4058,"TUBB4A",0,NA,NA,NA
"run02_uniform_k1",4059,"SPP1",0.000133522093562433,NA,NA,NA
"run02_uniform_k1",4060,"GGCX",3.08495731728975e-05,NA,NA,NA
"run02_uniform_k1",4061,"TYRP1",6.65147512002306e-06,NA,NA,NA
"run02_uniform_k1",4062,"ABCC1",0,NA,NA,NA
"run02_uniform_k1",4063,"HTR2A",4.49190304361302e-05,NA,NA,NA
"run02_uniform_k1",4064,"NFKBIE",0,NA,NA,NA
"run02_uniform_k1",4065,"JAK2",0.000791453142699572,NA,NA,NA
"run02_uniform_k1",4066,"AXIN1",1.08355886352385e-05,NA,NA,NA
"run02_uniform_k1",4067,"CHUK",1.55270045979483e-05,NA,NA,NA
"run02_uniform_k1",4068,"NLRP3",7.47722630090042e-06,NA,NA,NA
"run02_uniform_k1",4069,"KCND3",0.00107729447119487,NA,NA,NA
"run02_uniform_k1",4070,"PTGDS",0.0001023719829093,NA,NA,NA
"run02_uniform_k1",4071,"ADK",7.61409486743636e-05,NA,NA,NA
"run02_uniform_k1",4072,"CBR3",0,NA,NA,NA
"run02_uniform_k1",4073,"CRBN",3.83289296229661e-05,NA,NA,NA
"run02_uniform_k1",4074,"GABRG2",6.25131802217682e-05,NA,NA,NA
"run02_uniform_k1",4075,"CSAD",0,NA,NA,NA
"run02_uniform_k1",4076,"MOCOS",1.83708339053235e-05,NA,NA,NA
"run02_uniform_k1",4077,"PLA2G7",0.00013847975796788,NA,NA,NA
"run02_uniform_k1",4078,"ABCA7",0,NA,NA,NA
"run02_uniform_k1",4079,"ADAMTS4",0,NA,NA,NA
"run02_uniform_k1",4080,"ARF6",0,NA,NA,NA
"run02_uniform_k1",4081,"ORM1",1.43183478092945e-05,NA,NA,NA
"run02_uniform_k1",4082,"RPL17",9.4906952489815e-05,NA,NA,NA
"run02_uniform_k1",4083,"TAT",6.1444352762341e-05,NA,NA,NA
"run02_uniform_k1",4084,"CPT1A",1.49157660161992e-05,NA,NA,NA
"run02_uniform_k1",4085,"GP1BA",3.18056444478243e-05,NA,NA,NA
"run02_uniform_k1",4086,"KCNJ2",0.00119679281819129,NA,NA,NA
"run02_uniform_k1",4087,"CYP7A1",0.000286565174003384,NA,NA,NA
"run02_uniform_k1",4088,"CMA1",0,NA,NA,NA
"run02_uniform_k1",4089,"ABAT",2.2801866788047e-06,NA,NA,NA
"run02_uniform_k1",4090,"HPRT1",0.00041877379526456,NA,NA,NA
"run02_uniform_k1",4091,"GSTA2",5.30422370040862e-05,NA,NA,NA
"run02_uniform_k1",4092,"IGFBP3",2.54114516418102e-05,NA,NA,NA
"run02_uniform_k1",4093,"AANAT",0,NA,NA,NA
"run02_uniform_k1",4094,"NFKB1",0.000211104315194666,NA,NA,NA
"run02_uniform_k1",4095,"VWF",5.62078033525815e-05,NA,NA,NA
"run02_uniform_k1",4096,"MMP2",1.88862703024428e-05,NA,NA,NA
"run02_uniform_k1",4097,"ACPP",0,NA,NA,NA
"run02_uniform_k1",4098,"GLO1",4.94041980381166e-06,NA,NA,NA
"run02_uniform_k1",4099,"MMP3",1.90743297472373e-05,NA,NA,NA
"run02_uniform_k1",4100,"GRIN2B",0.000317728868907574,NA,NA,NA
"run02_uniform_k1",4101,"DGKA",5.13043205019326e-06,NA,NA,NA
"run02_uniform_k1",4102,"ADRA2A",6.33347720935262e-07,NA,NA,NA
"run02_uniform_k1",4103,"ADRA2A",6.33347720935262e-07,NA,NA,NA
"run02_uniform_k1",4104,"PPP3R1",0,NA,NA,NA
"run02_uniform_k1",4105,"RARA",0.000182812715244118,NA,NA,NA
"run02_uniform_k1",4106,"ERBB2",0.000157327965161547,NA,NA,NA
"run02_uniform_k1",4107,"SLC6A3",0.000164253248760127,NA,NA,NA
"run02_uniform_k1",4108,"PPARG",0.000681665233701723,NA,NA,NA
"run02_uniform_k1",4109,"NFE2L2",7.2947073822438e-05,NA,NA,NA
"run02_uniform_k1",4110,"BAX",8.97923976903581e-05,NA,NA,NA
"run02_uniform_k1",4111,"ATR",0,NA,NA,NA
"run02_uniform_k1",4112,"DRD1",0.000110991854724962,NA,NA,NA
"run02_uniform_k1",4113,"NCOA2",3.54820525111377e-05,NA,NA,NA
"run02_uniform_k1",4114,"GSTZ1",0,NA,NA,NA
"run02_uniform_k1",4115,"SMAD7",1.26728738392146e-06,NA,NA,NA
"run02_uniform_k1",4116,"IRAK1",2.62328604830886e-05,NA,NA,NA
"run02_uniform_k1",4117,"SCN2A",9.6829057864789e-05,NA,NA,NA
"run02_uniform_k1",4118,"KCNQ2",0.000154321192943452,NA,NA,NA
"run02_uniform_k1",4119,"CPS1",1.2666988915111e-05,NA,NA,NA
"run02_uniform_k1",4120,"DYSF",0.00102310635249714,NA,NA,NA
"run02_uniform_k1",4121,"ACTB",0.0035966824210889,NA,NA,NA
"run02_uniform_k1",4122,"DLG2",0,NA,NA,NA
"run02_uniform_k1",4123,"ODC1",0.00121583500905476,NA,NA,NA
"run02_uniform_k1",4124,"PDXK",0.00104366135249789,NA,NA,NA
"run02_uniform_k1",4125,"IL2",8.48661529537775e-05,NA,NA,NA
"run02_uniform_k1",4126,"NOX1",2.49654080184403e-05,NA,NA,NA
"run02_uniform_k1",4127,"SMAD7",1.26728738392146e-06,NA,NA,NA
"run02_uniform_k1",4128,"CYP27B1",5.34712469113519e-05,NA,NA,NA
"run02_uniform_k1",4129,"ACP1",0,NA,NA,NA
"run02_uniform_k1",4130,"LEF1",5.06903005115245e-06,NA,NA,NA
"run02_uniform_k1",4131,"CDK1",0.000268330391133942,NA,NA,NA
"run02_uniform_k1",4132,"EGR1",5.67823039951953e-05,NA,NA,NA
"run02_uniform_k1",4133,"CHRNA2",0,NA,NA,NA
"run02_uniform_k1",4134,"SLC7A1",0,NA,NA,NA
"run02_uniform_k1",4135,"PNRC2",0,NA,NA,NA
"run02_uniform_k1",4136,"SNAI2",6.33686013218338e-07,NA,NA,NA
"run02_uniform_k1",4137,"IKBKB",6.84471676271059e-06,NA,NA,NA
"run02_uniform_k1",4138,"CTSL",5.7015753640588e-06,NA,NA,NA
"run02_uniform_k1",4139,"ACSL1",4.92269468655993e-05,NA,NA,NA
"run02_uniform_k1",4140,"MYLK",7.38323399127605e-05,NA,NA,NA
"run02_uniform_k1",4141,"PLD2",0.000135771725086054,NA,NA,NA
"run02_uniform_k1",4142,"SLC11A1",0,NA,NA,NA
"run02_uniform_k1",4143,"LY96",0,NA,NA,NA
"run02_uniform_k1",4144,"TAC1",0.001463424927591,NA,NA,NA
"run02_uniform_k1",4145,"CD36",0.000286748685116911,NA,NA,NA
"run02_uniform_k1",4146,"PCYT1B",0,NA,NA,NA
"run02_uniform_k1",4147,"SMAD7",1.26728738392146e-06,NA,NA,NA
"run02_uniform_k1",4148,"TNFRSF10B",0,NA,NA,NA
"run02_uniform_k1",4149,"SCARB1",0.000336871406579009,NA,NA,NA
"run02_uniform_k1",4150,"APCS",0.00117690914019986,NA,NA,NA
"run02_uniform_k1",4151,"F10",1.53928141654047e-05,NA,NA,NA
"run02_uniform_k1",4152,"CBR3",0,NA,NA,NA
"run02_uniform_k1",4153,"SLC16A1",1.22233950207162e-05,NA,NA,NA
"run02_uniform_k1",4154,"PENK",0,NA,NA,NA
"run02_uniform_k1",4155,"COX6A2",0,NA,NA,NA
"run02_uniform_k1",4156,"ATF2",1.14067009802099e-05,NA,NA,NA
"run02_uniform_k1",4157,"TUBA4A",0,NA,NA,NA
"run02_uniform_k1",4158,"RRM1",0.000117817230330219,NA,NA,NA
"run02_uniform_k1",4159,"IL2",8.48661529537775e-05,NA,NA,NA
"run02_uniform_k1",4160,"KCND2",2.72386185307116e-06,NA,NA,NA
"run02_uniform_k1",4161,"NGF",7.00958583023104e-05,NA,NA,NA
"run02_uniform_k1",4162,"FKRP",0,NA,NA,NA
"run02_uniform_k1",4163,"ALDOA",1.76112505224646e-05,NA,NA,NA
"run02_uniform_k1",4164,"KDR",2.14857653940692e-05,NA,NA,NA
"run02_uniform_k1",4165,"CACNA2D4",0,NA,NA,NA
"run02_uniform_k1",4166,"KRT2",0,NA,NA,NA
"run02_uniform_k1",4167,"PTH",0.00019439506068486,NA,NA,NA
"run02_uniform_k1",4168,"METTL3",0,NA,NA,NA
"run02_uniform_k1",4169,"ABCB1",2.07166464523123e-05,NA,NA,NA
"run02_uniform_k1",4170,"TUBA1C",0,NA,NA,NA
"run02_uniform_k1",4171,"IL1A",0.00038306531858312,NA,NA,NA
"run02_uniform_k1",4172,"GDNF",3.48479365919196e-06,NA,NA,NA
"run02_uniform_k1",4173,"CDT1",1.38729255214631e-05,NA,NA,NA
"run02_uniform_k1",4174,"ATF2",1.14067009802099e-05,NA,NA,NA
"run02_uniform_k1",4175,"OPRD1",0,NA,NA,NA
"run02_uniform_k1",4176,"OPRD1",0,NA,NA,NA
"run02_uniform_k1",4177,"ACTA1",3.96575036063496e-05,NA,NA,NA
"run02_uniform_k1",4178,"PTGFR",3.10411217574469e-06,NA,NA,NA
"run02_uniform_k1",4179,"ABCG5",4.53604007359942e-05,NA,NA,NA
"run02_uniform_k1",4180,"HDAC6",0.00238463941154432,NA,NA,NA
"run02_uniform_k1",4181,"ATP5F1E",7.91669737976175e-06,NA,NA,NA
"run02_uniform_k1",4182,"AURKC",0,NA,NA,NA
"run02_uniform_k1",4183,"SLPI",0,NA,NA,NA
"run02_uniform_k1",4184,"ITPR2",6.33550958140106e-07,NA,NA,NA
"run02_uniform_k1",4185,"CTSK",0.000205253306110875,NA,NA,NA
"run02_uniform_k1",4186,"SLC8A2",0,NA,NA,NA
"run02_uniform_k1",4187,"CAMP",0.00129691841056656,NA,NA,NA
"run02_uniform_k1",4188,"PRKAB1",0,NA,NA,NA
"run02_uniform_k1",4189,"MMP3",1.90743297472373e-05,NA,NA,NA
"run02_uniform_k1",4190,"ATF6",1.47631880090815e-05,NA,NA,NA
"run02_uniform_k1",4191,"CHRM3",0,NA,NA,NA
"run02_uniform_k1",4192,"AKR1A1",6.17051045759265e-06,NA,NA,NA
"run02_uniform_k1",4193,"AMY1B",0.00114246836222298,NA,NA,NA
"run02_uniform_k1",4194,"RPS6KA3",0,NA,NA,NA
"run02_uniform_k1",4195,"ESRRB",2.36306737284586e-05,NA,NA,NA
"run02_uniform_k1",4196,"IL33",0,NA,NA,NA
"run02_uniform_k1",4197,"ABCG5",4.53604007359942e-05,NA,NA,NA
"run02_uniform_k1",4198,"ALOX5",1.82447360282945e-05,NA,NA,NA
"run02_uniform_k1",4199,"CYP3A5",2.12871813713988e-05,NA,NA,NA
"run02_uniform_k1",4200,"IL4",0.000213216805235672,NA,NA,NA
"run02_uniform_k1",4201,"MAOA",0.000132428913549143,NA,NA,NA
"run02_uniform_k1",4202,"AGXT",0.000106059050095864,NA,NA,NA
"run02_uniform_k1",4203,"UQCRC1",5.15309632885819e-05,NA,NA,NA
"run02_uniform_k1",4204,"LDLR",0,NA,NA,NA
"run02_uniform_k1",4205,"PRKCE",5.79752275315926e-05,NA,NA,NA
"run02_uniform_k1",4206,"ATP1A2",4.63378248599655e-05,NA,NA,NA
"run02_uniform_k1",4207,"SPI1",3.16810202792839e-05,NA,NA,NA
"run02_uniform_k1",4208,"RASSF1",1.82470571705728e-05,NA,NA,NA
"run02_uniform_k1",4209,"CYP26C1",0,NA,NA,NA
"run02_uniform_k1",4210,"NOS3",0.000136759922833574,NA,NA,NA
"run02_uniform_k1",4211,"KCNA1",1.36823220714399e-05,NA,NA,NA
"run02_uniform_k1",4212,"PRSS1",0.0011573163436972,NA,NA,NA
"run02_uniform_k1",4213,"SLC6A4",7.25412905625555e-05,NA,NA,NA
"run02_uniform_k1",4214,"SCN4B",6.14500670026441e-06,NA,NA,NA
"run02_uniform_k1",4215,"FN1",0.00237698824343124,NA,NA,NA
"run02_uniform_k1",4216,"KCNN2",6.33510621184108e-07,NA,NA,NA
"run02_uniform_k1",4217,"CCR7",5.06918390497102e-06,NA,NA,NA
"run02_uniform_k1",4218,"NUF2",6.20773671455854e-06,NA,NA,NA
"run02_uniform_k1",4219,"XBP1",0.00130705850242441,NA,NA,NA
"run02_uniform_k1",4220,"PBK",1.43184911400862e-05,NA,NA,NA
"run02_uniform_k1",4221,"TRPM4",3.67379046295468e-05,NA,NA,NA
"run02_uniform_k1",4222,"FKRP",0,NA,NA,NA
"run02_uniform_k1",4223,"UCP3",0,NA,NA,NA
"run02_uniform_k1",4224,"CTSD",0.000133066364187417,NA,NA,NA
"run02_uniform_k1",4225,"ITPR1",0.000202309527979283,NA,NA,NA
"run02_uniform_k1",4226,"LGALS3",1.90104129516033e-06,NA,NA,NA
"run02_uniform_k1",4227,"UGT1A9",0,NA,NA,NA
"run02_uniform_k1",4228,"SLC7A2",0,NA,NA,NA
"run02_uniform_k1",4229,"TUBA1A",1.10247379909723e-05,NA,NA,NA
"run02_uniform_k1",4230,"HCRTR2",0,NA,NA,NA
"run02_uniform_k1",4231,"PDE7B",0,NA,NA,NA
"run02_uniform_k1",4232,"CRTC2",2.09096071963621e-05,NA,NA,NA
"run02_uniform_k1",4233,"ELOVL4",0,NA,NA,NA
"run02_uniform_k1",4234,"ITGA5",0.00127400659039045,NA,NA,NA
"run02_uniform_k1",4235,"TNFSF11",7.5283725537223e-05,NA,NA,NA
"run02_uniform_k1",4236,"NLRP3",7.47722630090042e-06,NA,NA,NA
"run02_uniform_k1",4237,"CYP1B1",1.26701867375623e-06,NA,NA,NA
"run02_uniform_k1",4238,"CTSD",0.000133066364187417,NA,NA,NA
"run02_uniform_k1",4239,"AADAT",3.54591244267066e-06,NA,NA,NA
"run02_uniform_k1",4240,"LBP",1.90061939919772e-06,NA,NA,NA
"run02_uniform_k1",4241,"CYBB",6.42615564472315e-05,NA,NA,NA
"run02_uniform_k1",4242,"POU5F1",3.4853680447311e-06,NA,NA,NA
"run02_uniform_k1",4243,"DNMT3B",1.03906004091936e-05,NA,NA,NA
"run02_uniform_k1",4244,"VEGFC",0,NA,NA,NA
"run02_uniform_k1",4245,"ATG5",1.93264314094499e-05,NA,NA,NA
"run02_uniform_k1",4246,"GABBR1",0.000629351098106912,NA,NA,NA
"run02_uniform_k1",4247,"AFP",5.4874124395865e-05,NA,NA,NA
"run02_uniform_k1",4248,"DUOX2",0.00118948957190246,NA,NA,NA
"run02_uniform_k1",4249,"NFE2L2",7.2947073822438e-05,NA,NA,NA
"run02_uniform_k1",4250,"CDKN1C",1.58390438897982e-06,NA,NA,NA
"run02_uniform_k1",4251,"CP",4.75143862451732e-05,NA,NA,NA
"run02_uniform_k1",4252,"ATP1A1",1.2671361954153e-06,NA,NA,NA
"run02_uniform_k1",4253,"SLC6A8",0,NA,NA,NA
"run02_uniform_k1",4254,"GAD1",0.000786829139807432,NA,NA,NA
"run02_uniform_k1",4255,"STAT3",0.000956982443180987,NA,NA,NA
"run02_uniform_k1",4256,"HCN4",0.00104282749963691,NA,NA,NA
"run02_uniform_k1",4257,"TXNIP",0,NA,NA,NA
"run02_uniform_k1",4258,"ATIC",0.0011952594694814,NA,NA,NA
"run02_uniform_k1",4259,"CANX",2.08728829651506e-05,NA,NA,NA
"run02_uniform_k1",4260,"COL1A1",0.000181222784889745,NA,NA,NA
"run02_uniform_k1",4261,"ERBB3",0,NA,NA,NA
"run02_uniform_k1",4262,"LYZ",0,NA,NA,NA
"run02_uniform_k1",4263,"NR1I2",0.000123041356779652,NA,NA,NA
"run02_uniform_k1",4264,"BID",6.01936829902616e-06,NA,NA,NA
"run02_uniform_k1",4265,"IGFBP6",0,NA,NA,NA
"run02_uniform_k1",4266,"CYCS",0.0019228192201588,NA,NA,NA
"run02_uniform_k1",4267,"NLN",0,NA,NA,NA
"run02_uniform_k1",4268,"ADORA2B",0,NA,NA,NA
"run02_uniform_k1",4269,"ADK",7.61409486743636e-05,NA,NA,NA
"run02_uniform_k1",4270,"KRT18",1.90069610461752e-06,NA,NA,NA
"run02_uniform_k1",4271,"CACNB1",0,NA,NA,NA
"run02_uniform_k1",4272,"PAEP",3.16647909515133e-06,NA,NA,NA
"run02_uniform_k1",4273,"NTRK2",0.000178668928783821,NA,NA,NA
"run02_uniform_k1",4274,"GLI1",5.44927221779457e-06,NA,NA,NA
"run02_uniform_k1",4275,"EEF2K",3.67443795490363e-06,NA,NA,NA
"run02_uniform_k1",4276,"CDKN1B",8.87190608878097e-06,NA,NA,NA
"run02_uniform_k1",4277,"STAT5B",1.13440953091182e-05,NA,NA,NA
"run02_uniform_k1",4278,"COL7A1",0,NA,NA,NA
"run02_uniform_k1",4279,"DHFR",0.000279606338591143,NA,NA,NA
"run02_uniform_k1",4280,"GPD1",0,NA,NA,NA
"run02_uniform_k1",4281,"HCN4",0.00104282749963691,NA,NA,NA
"run02_uniform_k1",4282,"LPL",0.000483720734164583,NA,NA,NA
"run02_uniform_k1",4283,"PTP4A1",0,NA,NA,NA
"run02_uniform_k1",4284,"PROM1",0.00127729251749653,NA,NA,NA
"run02_uniform_k1",4285,"UQCRC1",5.15309632885819e-05,NA,NA,NA
"run02_uniform_k1",4286,"PDE4D",1.08964365290731e-05,NA,NA,NA
"run02_uniform_k1",4287,"ARF6",0,NA,NA,NA
"run02_uniform_k1",4288,"TAT",6.1444352762341e-05,NA,NA,NA
"run02_uniform_k1",4289,"C3",4.60004945984638e-05,NA,NA,NA
"run02_uniform_k1",4290,"KCND2",2.72386185307116e-06,NA,NA,NA
"run02_uniform_k1",4291,"HSPB1",6.97066364507837e-06,NA,NA,NA
"run02_uniform_k1",4292,"XBP1",0.00130705850242441,NA,NA,NA
"run02_uniform_k1",4293,"BIRC3",6.3362084734564e-07,NA,NA,NA
"run02_uniform_k1",4294,"CHRM2",2.51721592002818e-05,NA,NA,NA
"run02_uniform_k1",4295,"AGTR1",7.87895413547623e-05,NA,NA,NA
"run02_uniform_k1",4296,"NOX4",3.0792080655373e-05,NA,NA,NA
"run02_uniform_k1",4297,"HDAC6",0.00238463941154432,NA,NA,NA
"run02_uniform_k1",4298,"STAT5A",4.23996396073933e-05,NA,NA,NA
"run02_uniform_k1",4299,"RETSAT",0,NA,NA,NA
"run02_uniform_k1",4300,"EIF2S1",0.000110140192739028,NA,NA,NA
"run02_uniform_k1",4301,"ACPP",0,NA,NA,NA
"run02_uniform_k1",4302,"GOT2",0.00078289580737978,NA,NA,NA
"run02_uniform_k1",4303,"MAP2K7",3.16786999277063e-06,NA,NA,NA
"run02_uniform_k1",4304,"SCN5A",0.000167082927235662,NA,NA,NA
"run02_uniform_k1",4305,"CYP2C8",0,NA,NA,NA
"run02_uniform_k1",4306,"NR3C2",1.6726748852447e-05,NA,NA,NA
"run02_uniform_k1",4307,"CYP24A1",2.95788072831593e-05,NA,NA,NA
"run02_uniform_k1",4308,"PNP",0.000105291533052498,NA,NA,NA
"run02_uniform_k1",4309,"KCNH2",0.000463751185241779,NA,NA,NA
"run02_uniform_k1",4310,"GRM5",0.000204723227971049,NA,NA,NA
"run02_uniform_k1",4311,"IL1RN",0,NA,NA,NA
"run02_uniform_k1",4312,"HTR1D",0,NA,NA,NA
"run02_uniform_k1",4313,"ITPR3",1.88839173905775e-05,NA,NA,NA
"run02_uniform_k1",4314,"CACNA1G",7.41987078123341e-05,NA,NA,NA
"run02_uniform_k1",4315,"COX7B",0,NA,NA,NA
"run02_uniform_k1",4316,"CDK1",0.000268330391133942,NA,NA,NA
"run02_uniform_k1",4317,"MTTP",6.39846903005559e-06,NA,NA,NA
"run02_uniform_k1",4318,"ASPA",0,NA,NA,NA
"run02_uniform_k1",4319,"BCL2",0.00028337947071766,NA,NA,NA
"run02_uniform_k1",4320,"GAD1",0.000786829139807432,NA,NA,NA
"run02_uniform_k1",4321,"PDE7B",0,NA,NA,NA
"run02_uniform_k1",4322,"S100A7A",0,NA,NA,NA
"run02_uniform_k1",4323,"CAMK2G",0,NA,NA,NA
"run02_uniform_k1",4324,"VKORC1L1",0,NA,NA,NA
"run02_uniform_k1",4325,"SHANK1",1.22897159903212e-05,NA,NA,NA
"run02_uniform_k1",4326,"HSPB1",6.97066364507837e-06,NA,NA,NA
"run02_uniform_k1",4327,"CRTC2",2.09096071963621e-05,NA,NA,NA
"run02_uniform_k1",4328,"CAMK4",1.22274351069818e-05,NA,NA,NA
"run02_uniform_k1",4329,"PTGES2",2.81266331965124e-05,NA,NA,NA
"run02_uniform_k1",4330,"ELOVL4",0,NA,NA,NA
"run02_uniform_k1",4331,"MAPK8IP1",9.56119621767781e-05,NA,NA,NA
"run02_uniform_k1",4332,"EBP",6.01605713679287e-06,NA,NA,NA
"run02_uniform_k1",4333,"MAPK14",6.8388883402215e-05,NA,NA,NA
"run02_uniform_k1",4334,"SMAD1",0,NA,NA,NA
"run02_uniform_k1",4335,"SIGMAR1",0.000141138269685426,NA,NA,NA
"run02_uniform_k1",4336,"PPP2CB",0,NA,NA,NA
"run02_uniform_k1",4337,"KCND1",0,NA,NA,NA
"run02_uniform_k1",4338,"ACTR2",9.50262921906031e-06,NA,NA,NA
"run02_uniform_k1",4339,"CTSD",0.000133066364187417,NA,NA,NA
"run02_uniform_k1",4340,"S100A7",0.00101836981567682,NA,NA,NA
"run02_uniform_k1",4341,"SCD",0.000143791042404695,NA,NA,NA
"run02_uniform_k1",4342,"CNR1",0.000234330328976462,NA,NA,NA
"run02_uniform_k1",4343,"CHEK1",1.20395101235182e-05,NA,NA,NA
"run02_uniform_k1",4344,"MAP2",5.57507217935349e-06,NA,NA,NA
"run02_uniform_k1",4345,"CD163",2.80685125135793e-05,NA,NA,NA
"run02_uniform_k1",4346,"SMO",0,NA,NA,NA
"run02_uniform_k1",4347,"KRT18",1.90069610461752e-06,NA,NA,NA
"run02_uniform_k1",4348,"IL5",0,NA,NA,NA
"run02_uniform_k1",4349,"ALDH3A1",7.8987277396747e-05,NA,NA,NA
"run02_uniform_k1",4350,"CHRNA9",1.46296272366397e-05,NA,NA,NA
"run02_uniform_k1",4351,"SOX2",0.00140571719586968,NA,NA,NA
"run02_uniform_k1",4352,"PDE5A",1.15913843198312e-05,NA,NA,NA
"run02_uniform_k1",4353,"SOD2",0.000296172336680667,NA,NA,NA
"run02_uniform_k1",4354,"MMP11",6.33353078760557e-07,NA,NA,NA
"run02_uniform_k1",4355,"CYP11B2",0.000106525313512962,NA,NA,NA
"run02_uniform_k1",4356,"HDAC11",2.40710719945358e-06,NA,NA,NA
"run02_uniform_k1",4357,"RETSAT",0,NA,NA,NA
"run02_uniform_k1",4358,"EIF4G1",1.23532645966984e-05,NA,NA,NA
"run02_uniform_k1",4359,"F12",0,NA,NA,NA
"run02_uniform_k1",4360,"CHRNB3",0,NA,NA,NA
"run02_uniform_k1",4361,"KCNH6",1.57066122082883e-05,NA,NA,NA
"run02_uniform_k1",4362,"MAOB",5.4236212515657e-05,NA,NA,NA
"run02_uniform_k1",4363,"THBS1",7.4650161333345e-05,NA,NA,NA
"run02_uniform_k1",4364,"CYP27B1",5.34712469113519e-05,NA,NA,NA
"run02_uniform_k1",4365,"MAPK11",0,NA,NA,NA
"run02_uniform_k1",4366,"CCR6",0,NA,NA,NA
"run02_uniform_k1",4367,"GABBR1",0.000629351098106912,NA,NA,NA
"run02_uniform_k1",4368,"CTSG",5.59397568715703e-05,NA,NA,NA
"run02_uniform_k1",4369,"NFKBIA",5.47616073202084e-05,NA,NA,NA
"run02_uniform_k1",4370,"APCS",0.00117690914019986,NA,NA,NA
"run02_uniform_k1",4371,"SSTR5",0,NA,NA,NA
"run02_uniform_k1",4372,"POU5F1",3.4853680447311e-06,NA,NA,NA
"run02_uniform_k1",4373,"MB",4.23248293774936e-05,NA,NA,NA
"run02_uniform_k1",4374,"CTRB1",3.90273843604572e-05,NA,NA,NA
"run02_uniform_k1",4375,"GSTM1",0.000122658682697341,NA,NA,NA
"run02_uniform_k1",4376,"GSTZ1",0,NA,NA,NA
"run02_uniform_k1",4377,"TNFSF11",7.5283725537223e-05,NA,NA,NA
"run02_uniform_k1",4378,"NOS2",2.38274351227474e-05,NA,NA,NA
"run02_uniform_k1",4379,"TRPM3",0,NA,NA,NA
"run02_uniform_k1",4380,"PKIA",2.53383300530263e-06,NA,NA,NA
"run02_uniform_k1",4381,"ATP2A1",4.62343104201679e-06,NA,NA,NA
"run02_uniform_k1",4382,"LRP5",0,NA,NA,NA
"run02_uniform_k1",4383,"GRIA4",0,NA,NA,NA
"run02_uniform_k1",4384,"TRPV1",0.00166711359586047,NA,NA,NA
"run02_uniform_k1",4385,"PTGDR2",6.33406652128521e-07,NA,NA,NA
"run02_uniform_k1",4386,"ORM2",0,NA,NA,NA
"run02_uniform_k1",4387,"HCRTR1",0,NA,NA,NA
"run02_uniform_k1",4388,"HSD11B1",5.68914811439614e-05,NA,NA,NA
"run02_uniform_k1",4389,"ATG5",1.93264314094499e-05,NA,NA,NA
"run02_uniform_k1",4390,"MAP3K5",7.04706361130958e-05,NA,NA,NA
"run02_uniform_k1",4391,"MAPK9",3.16862262561557e-06,NA,NA,NA
"run02_uniform_k1",4392,"PLA2G4A",0.000158908171599248,NA,NA,NA
"run02_uniform_k1",4393,"AASS",1.96337880520314e-06,NA,NA,NA
"run02_uniform_k1",4394,"PLG",0.000475913758970048,NA,NA,NA
"run02_uniform_k1",4395,"GGPS1",0,NA,NA,NA
"run02_uniform_k1",4396,"MMP10",1.00093054868911e-05,NA,NA,NA
"run02_uniform_k1",4397,"NUF2",6.20773671455854e-06,NA,NA,NA
"run02_uniform_k1",4398,"FABP1",2.30624266933654e-05,NA,NA,NA
"run02_uniform_k1",4399,"RAF1",1.33718501759139e-05,NA,NA,NA
"run02_uniform_k1",4400,"GJA1",0.000128446445619601,NA,NA,NA
"run02_uniform_k1",4401,"PRKCA",0.000374278990026067,NA,NA,NA
"run02_uniform_k1",4402,"MAPK3",0.000389312216340865,NA,NA,NA
"run02_uniform_k1",4403,"CPT1A",1.49157660161992e-05,NA,NA,NA
"run02_uniform_k1",4404,"HTR1D",0,NA,NA,NA
"run02_uniform_k1",4405,"ARF6",0,NA,NA,NA
"run02_uniform_k1",4406,"GYPA",0.000261429870861529,NA,NA,NA
"run02_uniform_k1",4407,"NR4A1",4.04919306976614e-05,NA,NA,NA
"run02_uniform_k1",4408,"FOXO1",0.000280307095370635,NA,NA,NA
"run02_uniform_k1",4409,"MT1X",0,NA,NA,NA
"run02_uniform_k1",4410,"CEBPB",0.000269764234292591,NA,NA,NA
"run02_uniform_k1",4411,"PTP4A1",0,NA,NA,NA
"run02_uniform_k1",4412,"GSTZ1",0,NA,NA,NA
"run02_uniform_k1",4413,"DDIT3",5.44896803789108e-06,NA,NA,NA
"run02_uniform_k1",4414,"ATIC",0.0011952594694814,NA,NA,NA
"run02_uniform_k1",4415,"RUNX2",0.000299161144537541,NA,NA,NA
"run02_uniform_k1",4416,"SCN2B",0,NA,NA,NA
"run02_uniform_k1",4417,"GCLC",8.05799891081538e-05,NA,NA,NA
"run02_uniform_k1",4418,"ATP1A2",4.63378248599655e-05,NA,NA,NA
"run02_uniform_k1",4419,"PRDX1",5.7026663956572e-06,NA,NA,NA
"run02_uniform_k1",4420,"GRIN3B",0,NA,NA,NA
"run02_uniform_k1",4421,"DRD1",0.000110991854724962,NA,NA,NA
"run02_uniform_k1",4422,"GABRA1",0.000512519672648093,NA,NA,NA
"run02_uniform_k1",4423,"NFKBIA",5.47616073202084e-05,NA,NA,NA
"run02_uniform_k1",4424,"FOXO1",0.000280307095370635,NA,NA,NA
"run02_uniform_k1",4425,"AIFM1",1.58347085155164e-06,NA,NA,NA
"run02_uniform_k1",4426,"AXIN2",0,NA,NA,NA
"run02_uniform_k1",4427,"SLC16A1",1.22233950207162e-05,NA,NA,NA
"run02_uniform_k1",4428,"CLDN5",3.48460731747213e-06,NA,NA,NA
"run02_uniform_k1",4429,"CYP11B1",0,NA,NA,NA
"run02_uniform_k1",4430,"GPR18",0,NA,NA,NA
"run02_uniform_k1",4431,"CRTC2",2.09096071963621e-05,NA,NA,NA
"run02_uniform_k1",4432,"CHUK",1.55270045979483e-05,NA,NA,NA
"run02_uniform_k1",4433,"ADH1A",0,NA,NA,NA
"run02_uniform_k1",4434,"MGLL",0.000230459075350131,NA,NA,NA
"run02_uniform_k1",4435,"GLA",5.69983816256503e-06,NA,NA,NA
"run02_uniform_k1",4436,"SCN4B",6.14500670026441e-06,NA,NA,NA
"run02_uniform_k1",4437,"LGALS1",0,NA,NA,NA
"run02_uniform_k1",4438,"NTRK2",0.000178668928783821,NA,NA,NA
"run02_uniform_k1",4439,"ATP1A1",1.2671361954153e-06,NA,NA,NA
"run02_uniform_k1",4440,"KCND1",0,NA,NA,NA
"run02_uniform_k1",4441,"CACNA1C",0.000498320638157024,NA,NA,NA
"run02_uniform_k1",4442,"SLC8A1",0,NA,NA,NA
"run02_uniform_k1",4443,"KCNH6",1.57066122082883e-05,NA,NA,NA
"run02_uniform_k1",4444,"CTTN",2.99716390974591e-05,NA,NA,NA
"run02_uniform_k1",4445,"SCN1A",4.8526600018195e-05,NA,NA,NA
"run02_uniform_k1",4446,"IGFBP6",0,NA,NA,NA
"run02_uniform_k1",4447,"COX6B1",0,NA,NA,NA
"run02_uniform_k1",4448,"PPIA",3.28180373492248e-05,NA,NA,NA
"run02_uniform_k1",4449,"IL1RN",0,NA,NA,NA
"run02_uniform_k1",4450,"SIGMAR1",0.000141138269685426,NA,NA,NA
"run02_uniform_k1",4451,"ANPEP",7.21688108924479e-05,NA,NA,NA
"run02_uniform_k1",4452,"CALML5",7.42946995627713e-05,NA,NA,NA
"run02_uniform_k1",4453,"LGALS3",1.90104129516033e-06,NA,NA,NA
"run02_uniform_k1",4454,"KCNJ10",0,NA,NA,NA
"run02_uniform_k1",4455,"CCNA2",1.83133006516067e-05,NA,NA,NA
"run02_uniform_k1",4456,"GABRA1",0.000512519672648093,NA,NA,NA
"run02_uniform_k1",4457,"ELOVL4",0,NA,NA,NA
"run02_uniform_k1",4458,"KCND1",0,NA,NA,NA
"run02_uniform_k1",4459,"HSF1",0,NA,NA,NA
"run02_uniform_k1",4460,"F2",0.000128821901214549,NA,NA,NA
"run02_uniform_k1",4461,"SLC5A5",3.67365014874999e-06,NA,NA,NA
"run02_uniform_k1",4462,"NFATC3",3.48468834243665e-06,NA,NA,NA
"run02_uniform_k1",4463,"RUNX2",0.000299161144537541,NA,NA,NA
"run02_uniform_k1",4464,"CREB1",0.000475073453506725,NA,NA,NA
"run02_uniform_k1",4465,"TNFAIP6",4.94186435140431e-06,NA,NA,NA
"run02_uniform_k1",4466,"FSHR",1.23538226016739e-05,NA,NA,NA
"run02_uniform_k1",4467,"KCNJ15",0,NA,NA,NA
"run02_uniform_k1",4468,"FABP5",6.2410696410331e-05,NA,NA,NA
"run02_uniform_k1",4469,"TLR2",1.15981297473811e-05,NA,NA,NA
"run02_uniform_k1",4470,"COL11A2",7.28347388034845e-06,NA,NA,NA
"run02_uniform_k1",4471,"CTSG",5.59397568715703e-05,NA,NA,NA
"run02_uniform_k1",4472,"GSS",1.96391900666448e-05,NA,NA,NA
"run02_uniform_k1",4473,"TPO",1.92561135294866e-05,NA,NA,NA
"run02_uniform_k1",4474,"CACNA2D4",0,NA,NA,NA
"run02_uniform_k1",4475,"CYP7B1",5.06699999092142e-06,NA,NA,NA
"run02_uniform_k1",4476,"ATF6",1.47631880090815e-05,NA,NA,NA
"run02_uniform_k1",4477,"PRKDC",3.48518119952512e-06,NA,NA,NA
"run02_uniform_k1",4478,"CYP17A1",3.31356115126358e-05,NA,NA,NA
"run02_uniform_k1",4479,"GCG",0.000221045982158996,NA,NA,NA
"run02_uniform_k1",4480,"GAD1",0.000786829139807432,NA,NA,NA
"run02_uniform_k1",4481,"ROS1",0,NA,NA,NA
"run02_uniform_k1",4482,"AQP9",0,NA,NA,NA
"run02_uniform_k1",4483,"CD40",1.65401335883164e-05,NA,NA,NA
"run02_uniform_k1",4484,"ICAM2",0,NA,NA,NA
"run02_uniform_k1",4485,"STAT5A",4.23996396073933e-05,NA,NA,NA
"run02_uniform_k1",4486,"PTPN11",2.43987962315062e-05,NA,NA,NA
"run02_uniform_k1",4487,"OPA1",9.50142898359374e-07,NA,NA,NA
"run02_uniform_k1",4488,"ACTA2",4.98567078929257e-05,NA,NA,NA
"run02_uniform_k1",4489,"GOT1",5.88174838508371e-05,NA,NA,NA
"run02_uniform_k1",4490,"HTR1D",0,NA,NA,NA
"run02_uniform_k1",4491,"PTGER4",5.57531554357116e-06,NA,NA,NA
"run02_uniform_k1",4492,"PTGER4",5.57531554357116e-06,NA,NA,NA
"run02_uniform_k1",4493,"C8G",8.92998568191583e-06,NA,NA,NA
"run02_uniform_k1",4494,"PDE2A",0,NA,NA,NA
"run02_uniform_k1",4495,"PLG",0.000475913758970048,NA,NA,NA
"run02_uniform_k1",4496,"ATG12",0,NA,NA,NA
"run02_uniform_k1",4497,"CANX",2.08728829651506e-05,NA,NA,NA
"run02_uniform_k1",4498,"NR1I2",0.000123041356779652,NA,NA,NA
"run02_uniform_k1",4499,"KRAS",0.00012277649828063,NA,NA,NA
"run02_uniform_k1",4500,"POLB",0,NA,NA,NA
"run02_uniform_k1",4501,"C8G",8.92998568191583e-06,NA,NA,NA
"run02_uniform_k1",4502,"PLEK",3.16787882370662e-06,NA,NA,NA
"run02_uniform_k1",4503,"CYP2C8",0,NA,NA,NA
"run02_uniform_k1",4504,"FOXO3",4.79174602721066e-05,NA,NA,NA
"run02_uniform_k1",4505,"IL4",0.000213216805235672,NA,NA,NA
"run02_uniform_k1",4506,"SHBG",3.16169811188649e-05,NA,NA,NA
"run02_uniform_k1",4507,"FGF1",4.22001056762378e-05,NA,NA,NA
"run02_uniform_k1",4508,"ELK1",0,NA,NA,NA
"run02_uniform_k1",4509,"NUF2",6.20773671455854e-06,NA,NA,NA
"run02_uniform_k1",4510,"GCLM",0,NA,NA,NA
"run02_uniform_k1",4511,"SLCO1A2",6.33397825744453e-07,NA,NA,NA
"run02_uniform_k1",4512,"SCN2A",9.6829057864789e-05,NA,NA,NA
"run02_uniform_k1",4513,"CKB",5.32096942710281e-05,NA,NA,NA
"run02_uniform_k1",4514,"GABRG1",0,NA,NA,NA
"run02_uniform_k1",4515,"SNAI1",9.50644381658705e-07,NA,NA,NA
"run02_uniform_k1",4516,"MAP2K7",3.16786999277063e-06,NA,NA,NA
"run02_uniform_k1",4517,"ANXA5",7.92192003495895e-06,NA,NA,NA
"run02_uniform_k1",4518,"FGFR2",9.18874357280774e-06,NA,NA,NA
"run02_uniform_k1",4519,"STAT4",0.000324242289791776,NA,NA,NA
"run02_uniform_k1",4520,"MTTP",6.39846903005559e-06,NA,NA,NA
"run02_uniform_k1",4521,"HSD3B1",7.1585802265961e-06,NA,NA,NA
"run02_uniform_k1",4522,"GPT2",8.61690501118284e-05,NA,NA,NA
"run02_uniform_k1",4523,"GABRA5",0,NA,NA,NA
"run02_uniform_k1",4524,"SLC18A2",1.33665330134258e-05,NA,NA,NA
"run02_uniform_k1",4525,"GLYAT",0,NA,NA,NA
"run02_uniform_k1",4526,"ACTA2",4.98567078929257e-05,NA,NA,NA
"run02_uniform_k1",4527,"STAT3",0.000956982443180987,NA,NA,NA
"run02_uniform_k1",4528,"APP",0.00112835552814228,NA,NA,NA
"run02_uniform_k1",4529,"RYR1",8.59077355945814e-05,NA,NA,NA
"run02_uniform_k1",4530,"SULT1A1",8.93034087123823e-06,NA,NA,NA
"run02_uniform_k1",4531,"CYP27C1",0,NA,NA,NA
"run02_uniform_k1",4532,"CXCL1",0,NA,NA,NA
"run02_uniform_k1",4533,"FADS1",9.28518306324566e-05,NA,NA,NA
"run02_uniform_k1",4534,"CACNA1I",0,NA,NA,NA
"run02_uniform_k1",4535,"ACLY",0.000136799781064179,NA,NA,NA
"run02_uniform_k1",4536,"PTGS1",0.0001138588382259,NA,NA,NA
"run02_uniform_k1",4537,"PRKCI",0,NA,NA,NA
"run02_uniform_k1",4538,"CRYZ",0,NA,NA,NA
"run02_uniform_k1",4539,"RXRB",3.7531212242814e-05,NA,NA,NA
"run02_uniform_k1",4540,"AFP",5.4874124395865e-05,NA,NA,NA
"run02_uniform_k1",4541,"APOA1",0.00156761777246528,NA,NA,NA
"run02_uniform_k1",4542,"PTGER4",5.57531554357116e-06,NA,NA,NA
"run02_uniform_k1",4543,"CA2",1.50098666125142e-05,NA,NA,NA
"run02_uniform_k1",4544,"GCG",0.000221045982158996,NA,NA,NA
"run02_uniform_k1",4545,"PYGM",4.94772798226295e-05,NA,NA,NA
"run02_uniform_k1",4546,"EGR1",5.67823039951953e-05,NA,NA,NA
"run02_uniform_k1",4547,"FOXP3",1.50821877838991e-05,NA,NA,NA
"run02_uniform_k1",4548,"HCRTR1",0,NA,NA,NA
"run02_uniform_k1",4549,"HSPA5",0.000228473516780459,NA,NA,NA
"run02_uniform_k1",4550,"HNRNPA1",0.0011965986405017,NA,NA,NA
"run02_uniform_k1",4551,"PTGER2",3.0407837517954e-06,NA,NA,NA
"run02_uniform_k1",4552,"BACE1",5.67015318772013e-05,NA,NA,NA
"run02_uniform_k1",4553,"KCNH2",0.000463751185241779,NA,NA,NA
"run02_uniform_k1",4554,"PRKCD",2.05317703156904e-05,NA,NA,NA
"run02_uniform_k1",4555,"ANXA5",7.92192003495895e-06,NA,NA,NA
"run02_uniform_k1",4556,"GABRG3",0,NA,NA,NA
"run02_uniform_k1",4557,"GRIA2",6.42468498274207e-05,NA,NA,NA
"run02_uniform_k1",4558,"HK2",0.000296209764147126,NA,NA,NA
"run02_uniform_k1",4559,"ALOX5",1.82447360282945e-05,NA,NA,NA
"run02_uniform_k1",4560,"TFR2",1.9001036434263e-06,NA,NA,NA
"run02_uniform_k1",4561,"DHCR7",7.41792346372616e-05,NA,NA,NA
"run02_uniform_k1",4562,"SRI",0,NA,NA,NA
"run02_uniform_k1",4563,"EBP",6.01605713679287e-06,NA,NA,NA
"run02_uniform_k1",4564,"TNFRSF9",0,NA,NA,NA
"run02_uniform_k1",4565,"MAP2K7",3.16786999277063e-06,NA,NA,NA
"run02_uniform_k1",4566,"KLF4",2.5346502531276e-06,NA,NA,NA
"run02_uniform_k1",4567,"PAPSS1",0,NA,NA,NA
"run02_uniform_k1",4568,"ATOX1",0,NA,NA,NA
"run02_uniform_k1",4569,"PRSS1",0.0011573163436972,NA,NA,NA
"run02_uniform_k1",4570,"DUOX2",0.00118948957190246,NA,NA,NA
"run02_uniform_k1",4571,"GABRD",9.49995296650741e-07,NA,NA,NA
"run02_uniform_k1",4572,"IDE",1.32413576375834e-05,NA,NA,NA
"run02_uniform_k1",4573,"ATF2",1.14067009802099e-05,NA,NA,NA
"run02_uniform_k1",4574,"SLC11A2",1.77338485018996e-06,NA,NA,NA
"run02_uniform_k1",4575,"IL36A",0,NA,NA,NA
"run02_uniform_k1",4576,"TFRC",0.000239327299633385,NA,NA,NA
"run02_uniform_k1",4577,"RETSAT",0,NA,NA,NA
"run02_uniform_k1",4578,"GRM5",0.000204723227971049,NA,NA,NA
"run02_uniform_k1",4579,"SCN2B",0,NA,NA,NA
"run02_uniform_k1",4580,"IL1A",0.00038306531858312,NA,NA,NA
"run02_uniform_k1",4581,"SCNN1A",5.25143809567696e-05,NA,NA,NA
"run02_uniform_k1",4582,"CACNA1B",0,NA,NA,NA
"run02_uniform_k1",4583,"GRIN1",6.96987215653699e-06,NA,NA,NA
"run02_uniform_k1",4584,"CAPN10",0.000977887184816284,NA,NA,NA
"run02_uniform_k1",4585,"SLCO1B1",3.08486910148842e-05,NA,NA,NA
"run02_uniform_k1",4586,"CYP7B1",5.06699999092142e-06,NA,NA,NA
"run02_uniform_k1",4587,"MYB",0,NA,NA,NA
"run02_uniform_k1",4588,"WEE1",0,NA,NA,NA
"run02_uniform_k1",4589,"SCARB1",0.000336871406579009,NA,NA,NA
"run02_uniform_k1",4590,"TACR3",0,NA,NA,NA
"run02_uniform_k1",4591,"PNPLA2",2.72449938232278e-06,NA,NA,NA
"run02_uniform_k1",4592,"CXCL10",6.0199614313472e-06,NA,NA,NA
"run02_uniform_k1",4593,"DDB1",2.07812890326009e-05,NA,NA,NA
"run02_uniform_k1",4594,"PPARG",0.000681665233701723,NA,NA,NA
"run02_uniform_k1",4595,"KEAP1",8.90865911317151e-05,NA,NA,NA
"run02_uniform_k1",4596,"NTRK2",0.000178668928783821,NA,NA,NA
"run02_uniform_k1",4597,"EBP",6.01605713679287e-06,NA,NA,NA
"run02_uniform_k1",4598,"IRAK1",2.62328604830886e-05,NA,NA,NA
"run02_uniform_k1",4599,"DHRS3",0,NA,NA,NA
"run02_uniform_k1",4600,"PPARG",0.000681665233701723,NA,NA,NA
"run02_uniform_k1",4601,"AVPR1A",0,NA,NA,NA
"run02_uniform_k1",4602,"ALDH1B1",0,NA,NA,NA
"run02_uniform_k1",4603,"SOD2",0.000296172336680667,NA,NA,NA
"run02_uniform_k1",4604,"ATF3",8.55513091113647e-06,NA,NA,NA
"run02_uniform_k1",4605,"IL1RN",0,NA,NA,NA
"run02_uniform_k1",4606,"JUN",0.000712792808186147,NA,NA,NA
"run02_uniform_k1",4607,"MPO",0.000259217982351401,NA,NA,NA
"run02_uniform_k1",4608,"PRKAG2",0.00023019859617357,NA,NA,NA
"run02_uniform_k1",4609,"PRKCE",5.79752275315926e-05,NA,NA,NA
"run02_uniform_k1",4610,"ADH5",7.50101523409041e-05,NA,NA,NA
"run02_uniform_k1",4611,"PRDX5",0,NA,NA,NA
"run02_uniform_k1",4612,"GSK3B",0.000254805416997517,NA,NA,NA
"run02_uniform_k1",4613,"PLEK",3.16787882370662e-06,NA,NA,NA
"run02_uniform_k1",4614,"MAPT",0.000248151462638568,NA,NA,NA
"run02_uniform_k1",4615,"CTSL",5.7015753640588e-06,NA,NA,NA
"run02_uniform_k1",4616,"ATF1",3.16751357498646e-06,NA,NA,NA
"run02_uniform_k1",4617,"FGF2",4.67782227966396e-05,NA,NA,NA
"run02_uniform_k1",4618,"ADK",7.61409486743636e-05,NA,NA,NA
"run02_uniform_k1",4619,"CALCR",3.30019686509697e-05,NA,NA,NA
"run02_uniform_k1",4620,"KCND1",0,NA,NA,NA
"run02_uniform_k1",4621,"DKK1",0,NA,NA,NA
"run02_uniform_k1",4622,"CTSG",5.59397568715703e-05,NA,NA,NA
"run02_uniform_k1",4623,"STAT4",0.000324242289791776,NA,NA,NA
"run02_uniform_k1",4624,"CSK",0,NA,NA,NA
"run02_uniform_k1",4625,"SYP",2.45220699257587e-05,NA,NA,NA
"run02_uniform_k1",4626,"SLC8A2",0,NA,NA,NA
"run02_uniform_k1",4627,"RELA",8.98188410365375e-05,NA,NA,NA
"run02_uniform_k1",4628,"SLC6A8",0,NA,NA,NA
"run02_uniform_k1",4629,"NCF2",1.00748274538542e-05,NA,NA,NA
"run02_uniform_k1",4630,"RELA",8.98188410365375e-05,NA,NA,NA
"run02_uniform_k1",4631,"NTRK2",0.000178668928783821,NA,NA,NA
"run02_uniform_k1",4632,"CYBA",0,NA,NA,NA
"run02_uniform_k1",4633,"MITF",2.87659544899732e-05,NA,NA,NA
"run02_uniform_k1",4634,"FABP3",6.33463026478154e-07,NA,NA,NA
"run02_uniform_k1",4635,"KIT",0.000262263529464124,NA,NA,NA
"run02_uniform_k1",4636,"CHEK2",2.4076159734765e-06,NA,NA,NA
"run02_uniform_k1",4637,"CACNG2",5.72736887810565e-05,NA,NA,NA
"run02_uniform_k1",4638,"SCD",0.000143791042404695,NA,NA,NA
"run02_uniform_k1",4639,"IGF1R",3.6000843736117e-05,NA,NA,NA
"run02_uniform_k1",4640,"MT2A",0.00087441544054756,NA,NA,NA
"run02_uniform_k1",4641,"TEP1",0,NA,NA,NA
"run02_uniform_k1",4642,"AURKC",0,NA,NA,NA
"run02_uniform_k1",4643,"DNPEP",0,NA,NA,NA
"run02_uniform_k1",4644,"AIFM1",1.58347085155164e-06,NA,NA,NA
"run02_uniform_k1",4645,"SIRT6",5.06879720008069e-06,NA,NA,NA
"run02_uniform_k1",4646,"CDK2",1.73911829558504e-05,NA,NA,NA
"run02_uniform_k1",4647,"RHOA",0.000165621123898174,NA,NA,NA
"run02_uniform_k1",4648,"SLC2A4",1.81861109559422e-05,NA,NA,NA
"run02_uniform_k1",4649,"MYD88",9.12615367376635e-06,NA,NA,NA
"run02_uniform_k1",4650,"GLDC",4.87735973941916e-06,NA,NA,NA
"run02_uniform_k1",4651,"PTGER2",3.0407837517954e-06,NA,NA,NA
"run02_uniform_k1",4652,"VEGFC",0,NA,NA,NA
"run02_uniform_k1",4653,"CXCL10",6.0199614313472e-06,NA,NA,NA
"run02_uniform_k1",4654,"GRIN2C",0,NA,NA,NA
"run02_uniform_k1",4655,"NUF2",6.20773671455854e-06,NA,NA,NA
"run02_uniform_k1",4656,"GABRA3",0,NA,NA,NA
"run02_uniform_k1",4657,"FDPS",0,NA,NA,NA
"run02_uniform_k1",4658,"HCN4",0.00104282749963691,NA,NA,NA
"run02_uniform_k1",4659,"HCN4",0.00104282749963691,NA,NA,NA
"run02_uniform_k1",4660,"ABL1",0.000131212002905445,NA,NA,NA
"run02_uniform_k1",4661,"UGT2B28",0,NA,NA,NA
"run02_uniform_k1",4662,"INS",0.00437927624027923,NA,NA,NA
"run02_uniform_k1",4663,"TIMP1",6.97061284626876e-06,NA,NA,NA
"run02_uniform_k1",4664,"MGAM",0.000137027144681112,NA,NA,NA
"run02_uniform_k1",4665,"TRPM7",0,NA,NA,NA
"run02_uniform_k1",4666,"FTCD",1.21257629834837e-05,NA,NA,NA
"run02_uniform_k1",4667,"DNPEP",0,NA,NA,NA
"run02_uniform_k1",4668,"HRH3",0,NA,NA,NA
"run02_uniform_k1",4669,"ALB",0.00274688176313465,NA,NA,NA
"run02_uniform_k1",4670,"EPOR",4.26416671160945e-05,NA,NA,NA
"run02_uniform_k1",4671,"HCRTR1",0,NA,NA,NA
"run02_uniform_k1",4672,"ESR1",0.00102478911944048,NA,NA,NA
"run02_uniform_k1",4673,"SMAD1",0,NA,NA,NA
"run02_uniform_k1",4674,"GABRA3",0,NA,NA,NA
"run02_uniform_k1",4675,"CANX",2.08728829651506e-05,NA,NA,NA
"run02_uniform_k1",4676,"CYP7B1",5.06699999092142e-06,NA,NA,NA
"run02_uniform_k1",4677,"FGF1",4.22001056762378e-05,NA,NA,NA
"run02_uniform_k1",4678,"HDAC2",2.26872919905086e-05,NA,NA,NA
"run02_uniform_k1",4679,"F3",4.30244857466677e-05,NA,NA,NA
"run02_uniform_k1",4680,"NRXN1",6.46433704953875e-05,NA,NA,NA
"run02_uniform_k1",4681,"ACTA1",3.96575036063496e-05,NA,NA,NA
"run02_uniform_k1",4682,"LIPG",0,NA,NA,NA
"run02_uniform_k1",4683,"CACNA1G",7.41987078123341e-05,NA,NA,NA
"run02_uniform_k1",4684,"CASR",1.85576382838448e-05,NA,NA,NA
"run02_uniform_k1",4685,"TYR",3.79481492692735e-05,NA,NA,NA
"run02_uniform_k1",4686,"WEE1",0,NA,NA,NA
"run02_uniform_k1",4687,"MPO",0.000259217982351401,NA,NA,NA
"run02_uniform_k1",4688,"SIRT3",7.24858712728427e-05,NA,NA,NA
"run02_uniform_k1",4689,"KCND2",2.72386185307116e-06,NA,NA,NA
"run02_uniform_k1",4690,"NDUFV2",0,NA,NA,NA
"run02_uniform_k1",4691,"GUSB",4.43396339928626e-05,NA,NA,NA
"run02_uniform_k1",4692,"TF",8.42569713455088e-06,NA,NA,NA
"run02_uniform_k1",4693,"ALB",0.00274688176313465,NA,NA,NA
"run02_uniform_k1",4694,"RORA",0.00130690437409919,NA,NA,NA
"run02_uniform_k1",4695,"CCR6",0,NA,NA,NA
"run02_uniform_k1",4696,"DHRS4",0,NA,NA,NA
"run02_uniform_k1",4697,"SEMA3A",6.84073768231208e-06,NA,NA,NA
"run02_uniform_k1",4698,"FCER1A",0,NA,NA,NA
"run02_uniform_k1",4699,"GRIK2",0,NA,NA,NA
"run02_uniform_k1",4700,"RDH12",1.33642751130036e-05,NA,NA,NA
"run02_uniform_k1",4701,"TF",8.42569713455088e-06,NA,NA,NA
"run02_uniform_k1",4702,"CHRNA9",1.46296272366397e-05,NA,NA,NA
"run02_uniform_k1",4703,"RB1",5.60807039972078e-05,NA,NA,NA
"run02_uniform_k1",4704,"GCK",0.000213793988103061,NA,NA,NA
"run02_uniform_k1",4705,"SNAI1",9.50644381658705e-07,NA,NA,NA
"run02_uniform_k1",4706,"GK",0.000406543096133638,NA,NA,NA
"run02_uniform_k1",4707,"KCNA5",1.99569664441901e-05,NA,NA,NA
"run02_uniform_k1",4708,"PHB2",3.20568660923115e-05,NA,NA,NA
"run02_uniform_k1",4709,"ABCC1",0,NA,NA,NA
"run02_uniform_k1",4710,"CD163",2.80685125135793e-05,NA,NA,NA
"run02_uniform_k1",4711,"ACTC1",1.57742735648059e-05,NA,NA,NA
"run02_uniform_k1",4712,"ATP2B3",0,NA,NA,NA
"run02_uniform_k1",4713,"CAMK4",1.22274351069818e-05,NA,NA,NA
"run02_uniform_k1",4714,"CTSG",5.59397568715703e-05,NA,NA,NA
"run02_uniform_k1",4715,"KLK5",0,NA,NA,NA
"run02_uniform_k1",4716,"ADCY2",0,NA,NA,NA
"run02_uniform_k1",4717,"HSPA5",0.000228473516780459,NA,NA,NA
"run02_uniform_k1",4718,"PAEP",3.16647909515133e-06,NA,NA,NA
"run02_uniform_k1",4719,"CSAD",0,NA,NA,NA
"run02_uniform_k1",4720,"ACTA1",3.96575036063496e-05,NA,NA,NA
"run02_uniform_k1",4721,"POLA1",6.90421997273649e-06,NA,NA,NA
"run02_uniform_k1",4722,"ADRB1",3.16756855778255e-06,NA,NA,NA
"run02_uniform_k1",4723,"CTSL",5.7015753640588e-06,NA,NA,NA
"run02_uniform_k1",4724,"HERC5",0,NA,NA,NA
"run02_uniform_k1",4725,"GABRG1",0,NA,NA,NA
"run02_uniform_k1",4726,"LALBA",3.81683006253075e-05,NA,NA,NA
"run02_uniform_k1",4727,"ABCG5",4.53604007359942e-05,NA,NA,NA
"run02_uniform_k1",4728,"PLA2G7",0.00013847975796788,NA,NA,NA
"run02_uniform_k1",4729,"RAB5A",9.06001518752308e-06,NA,NA,NA
"run02_uniform_k1",4730,"STXBP1",8.80325064156473e-06,NA,NA,NA
"run02_uniform_k1",4731,"METTL3",0,NA,NA,NA
"run02_uniform_k1",4732,"GRIK2",0,NA,NA,NA
"run02_uniform_k1",4733,"ESRRA",6.99494678408907e-05,NA,NA,NA
"run02_uniform_k1",4734,"MMP13",1.63470522265285e-05,NA,NA,NA
"run02_uniform_k1",4735,"SLC29A1",0.00102903201870796,NA,NA,NA
"run02_uniform_k1",4736,"FABP3",6.33463026478154e-07,NA,NA,NA
"run02_uniform_k1",4737,"ATP1A3",0,NA,NA,NA
"run02_uniform_k1",4738,"PARK7",5.03123803161643e-05,NA,NA,NA
"run02_uniform_k1",4739,"APCS",0.00117690914019986,NA,NA,NA
"run02_uniform_k1",4740,"CHAT",0.00035285368960325,NA,NA,NA
"run02_uniform_k1",4741,"EDN1",0.000187385953273167,NA,NA,NA
"run02_uniform_k1",4742,"YWHAE",2.37606312166738e-05,NA,NA,NA
"run02_uniform_k1",4743,"NANOG",9.82225146706206e-06,NA,NA,NA
"run02_uniform_k1",4744,"ALB",0.00274688176313465,NA,NA,NA
"run02_uniform_k1",4745,"GCLM",0,NA,NA,NA
"run02_uniform_k1",4746,"NR1I2",0.000123041356779652,NA,NA,NA
"run02_uniform_k1",4747,"AKR1B10",1.92579176795382e-05,NA,NA,NA
"run02_uniform_k1",4748,"LIPG",0,NA,NA,NA
"run02_uniform_k1",4749,"BACE1",5.67015318772013e-05,NA,NA,NA
"run02_uniform_k1",4750,"F10",1.53928141654047e-05,NA,NA,NA
"run02_uniform_k1",4751,"DDIT3",5.44896803789108e-06,NA,NA,NA
"run02_uniform_k1",4752,"CYBA",0,NA,NA,NA
"run02_uniform_k1",4753,"CRP",0.00025559836793676,NA,NA,NA
"run02_uniform_k1",4754,"NEDD4L",4.56173481240274e-05,NA,NA,NA
"run02_uniform_k1",4755,"NNT",0,NA,NA,NA
"run02_uniform_k1",4756,"ACHE",0.000111252964972719,NA,NA,NA
"run02_uniform_k1",4757,"SCN2A",9.6829057864789e-05,NA,NA,NA
"run02_uniform_k1",4758,"HCAR2",0,NA,NA,NA
"run02_uniform_k1",4759,"NDUFV2",0,NA,NA,NA
"run02_uniform_k1",4760,"PNRC2",0,NA,NA,NA
"run02_uniform_k1",4761,"ICAM2",0,NA,NA,NA
"run02_uniform_k1",4762,"TFF2",0,NA,NA,NA
"run02_uniform_k1",4763,"MYH6",5.61947915448391e-05,NA,NA,NA
"run02_uniform_k1",4764,"YWHAE",2.37606312166738e-05,NA,NA,NA
"run02_uniform_k1",4765,"TNFRSF9",0,NA,NA,NA
"run02_uniform_k1",4766,"AKR1B1",1.36198355478179e-05,NA,NA,NA
"run02_uniform_k1",4767,"CYP2D6",2.95879994604009e-05,NA,NA,NA
"run02_uniform_k1",4768,"KCNH2",0.000463751185241779,NA,NA,NA
"run02_uniform_k1",4769,"NTRK2",0.000178668928783821,NA,NA,NA
"run02_uniform_k1",4770,"ABCA7",0,NA,NA,NA
"run02_uniform_k1",4771,"PPARA",0.00137693094911007,NA,NA,NA
"run02_uniform_k1",4772,"CELF1",0,NA,NA,NA
"run02_uniform_k1",4773,"UCHL1",0,NA,NA,NA
"run02_uniform_k1",4774,"ATP1A2",4.63378248599655e-05,NA,NA,NA
"run02_uniform_k1",4775,"QPRT",2.95780448075211e-05,NA,NA,NA
"run02_uniform_k1",4776,"GPD1",0,NA,NA,NA
"run02_uniform_k1",4777,"TRPV4",0.000106153420904809,NA,NA,NA
"run02_uniform_k1",4778,"HRH3",0,NA,NA,NA
"run02_uniform_k1",4779,"ATF1",3.16751357498646e-06,NA,NA,NA
"run02_uniform_k1",4780,"MYH6",5.61947915448391e-05,NA,NA,NA
"run02_uniform_k1",4781,"STAT3",0.000956982443180987,NA,NA,NA
"run02_uniform_k1",4782,"COX7B",0,NA,NA,NA
"run02_uniform_k1",4783,"GPT2",8.61690501118284e-05,NA,NA,NA
"run02_uniform_k1",4784,"FASN",0.000342772066284303,NA,NA,NA
"run02_uniform_k1",4785,"ATF3",8.55513091113647e-06,NA,NA,NA
"run02_uniform_k1",4786,"HRH3",0,NA,NA,NA
"run02_uniform_k1",4787,"IDE",1.32413576375834e-05,NA,NA,NA
"run02_uniform_k1",4788,"CCL3",1.67921707164842e-05,NA,NA,NA
"run02_uniform_k1",4789,"ABAT",2.2801866788047e-06,NA,NA,NA
"run02_uniform_k1",4790,"GATM",0.000449150320023683,NA,NA,NA
"run02_uniform_k1",4791,"CASP8",8.23939107075233e-06,NA,NA,NA
"run02_uniform_k1",4792,"TEK",0,NA,NA,NA
"run02_uniform_k1",4793,"DNMT1",4.56882288469851e-05,NA,NA,NA
"run02_uniform_k1",4794,"NPPB",3.61091583611639e-06,NA,NA,NA
"run02_uniform_k1",4795,"UGT2B28",0,NA,NA,NA
"run02_uniform_k1",4796,"PTGER4",5.57531554357116e-06,NA,NA,NA
"run02_uniform_k1",4797,"POU5F1",3.4853680447311e-06,NA,NA,NA
"run02_uniform_k1",4798,"TPO",1.92561135294866e-05,NA,NA,NA
"run02_uniform_k1",4799,"CP",4.75143862451732e-05,NA,NA,NA
"run02_uniform_k1",4800,"ACAA2",8.36077927990342e-06,NA,NA,NA
"run02_uniform_k1",4801,"FOXO1",0.000280307095370635,NA,NA,NA
"run02_uniform_k1",4802,"AKR1C3",0.000173978783267859,NA,NA,NA
"run02_uniform_k1",4803,"PLAT",2.05933169041828e-05,NA,NA,NA
"run02_uniform_k1",4804,"AANAT",0,NA,NA,NA
"run02_uniform_k1",4805,"SLC8A2",0,NA,NA,NA
"run02_uniform_k1",4806,"KCND3",0.00107729447119487,NA,NA,NA
"run02_uniform_k1",4807,"PPP3R1",0,NA,NA,NA
"run02_uniform_k1",4808,"TUBA1C",0,NA,NA,NA
"run02_uniform_k1",4809,"SLCO1A2",6.33397825744453e-07,NA,NA,NA
"run02_uniform_k1",4810,"AANAT",0,NA,NA,NA
"run02_uniform_k1",4811,"LPL",0.000483720734164583,NA,NA,NA
"run02_uniform_k1",4812,"PTX3",0,NA,NA,NA
"run02_uniform_k1",4813,"ALDH2",5.15659678518299e-05,NA,NA,NA
"run02_uniform_k1",4814,"ADORA1",2.74909074123864e-05,NA,NA,NA
"run02_uniform_k1",4815,"CYP2E1",0.000529547743911452,NA,NA,NA
"run02_uniform_k1",4816,"CYP2A6",0.000367474741212792,NA,NA,NA
"run02_uniform_k1",4817,"BMP4",1.58394663751782e-06,NA,NA,NA
"run02_uniform_k1",4818,"NCF1",8.14327396577719e-05,NA,NA,NA
"run02_uniform_k1",4819,"CS",0.000203624857343709,NA,NA,NA
"run02_uniform_k1",4820,"PKIA",2.53383300530263e-06,NA,NA,NA
"run02_uniform_k1",4821,"RBP2",3.01152514644576e-05,NA,NA,NA
"run02_uniform_k1",4822,"MAP2K7",3.16786999277063e-06,NA,NA,NA
"run02_uniform_k1",4823,"OPRD1",0,NA,NA,NA
"run02_uniform_k1",4824,"ADCY2",0,NA,NA,NA
"run02_uniform_k1",4825,"HSP90AB1",4.19011535922609e-05,NA,NA,NA
"run02_uniform_k1",4826,"TOP1",1.90060302329709e-06,NA,NA,NA
"run02_uniform_k1",4827,"SLC6A3",0.000164253248760127,NA,NA,NA
"run02_uniform_k1",4828,"PYGM",4.94772798226295e-05,NA,NA,NA
"run02_uniform_k1",4829,"MRC1",0,NA,NA,NA
"run02_uniform_k1",4830,"LPCAT2",0,NA,NA,NA
"run02_uniform_k1",4831,"CDK8",0,NA,NA,NA
"run02_uniform_k1",4832,"RARB",1.39344317841017e-05,NA,NA,NA
"run02_uniform_k1",4833,"BAD",6.33634698421481e-06,NA,NA,NA
"run02_uniform_k1",4834,"COL1A1",0.000181222784889745,NA,NA,NA
"run02_uniform_k1",4835,"SLC11A2",1.77338485018996e-06,NA,NA,NA
"run02_uniform_k1",4836,"SLC6A2",0,NA,NA,NA
"run02_uniform_k1",4837,"ADRA1B",0,NA,NA,NA
"run02_uniform_k1",4838,"TEP1",0,NA,NA,NA
"run02_uniform_k1",4839,"APAF1",0,NA,NA,NA
"run02_uniform_k1",4840,"PLD2",0.000135771725086054,NA,NA,NA
"run02_uniform_k1",4841,"GABRG3",0,NA,NA,NA
"run02_uniform_k1",4842,"CACNG3",0,NA,NA,NA
"run02_uniform_k1",4843,"SLC7A2",0,NA,NA,NA
"run02_uniform_k1",4844,"BACE1",5.67015318772013e-05,NA,NA,NA
"run02_uniform_k1",4845,"PRKCG",2.62982428581582e-05,NA,NA,NA
"run02_uniform_k1",4846,"PRMT3",0,NA,NA,NA
"run02_uniform_k1",4847,"CHEK1",1.20395101235182e-05,NA,NA,NA
"run02_uniform_k1",4848,"ADRA2C",1.26052450867276e-05,NA,NA,NA
"run02_uniform_k1",4849,"ACSS2",8.1011205171122e-05,NA,NA,NA
"run02_uniform_k1",4850,"SLPI",0,NA,NA,NA
"run02_uniform_k1",4851,"KCNJ9",0,NA,NA,NA
"run02_uniform_k1",4852,"DGAT1",0.000583801314570143,NA,NA,NA
"run02_uniform_k1",4853,"MAPK14",6.8388883402215e-05,NA,NA,NA
"run02_uniform_k1",4854,"IGFBP6",0,NA,NA,NA
"run02_uniform_k1",4855,"RAPGEF4",2.51523475149895e-05,NA,NA,NA
"run02_uniform_k1",4856,"JUNB",0,NA,NA,NA
"run02_uniform_k1",4857,"SYT1",8.62163058744647e-05,NA,NA,NA
"run02_uniform_k1",4858,"CTRC",0,NA,NA,NA
"run02_uniform_k1",4859,"CALML5",7.42946995627713e-05,NA,NA,NA
"run02_uniform_k1",4860,"GLB1",8.47570012040277e-05,NA,NA,NA
"run02_uniform_k1",4861,"PKIA",2.53383300530263e-06,NA,NA,NA
"run02_uniform_k1",4862,"ITGAL",2.85118848919463e-06,NA,NA,NA
"run02_uniform_k1",4863,"RBP4",4.16853263397465e-05,NA,NA,NA
"run02_uniform_k1",4864,"KEAP1",8.90865911317151e-05,NA,NA,NA
"run02_uniform_k1",4865,"NR4A1",4.04919306976614e-05,NA,NA,NA
"run02_uniform_k1",4866,"CACNG6",0,NA,NA,NA
"run02_uniform_k1",4867,"MAPK8IP1",9.56119621767781e-05,NA,NA,NA
"run02_uniform_k1",4868,"AR",0.000302154756725348,NA,NA,NA
"run02_uniform_k1",4869,"CYBB",6.42615564472315e-05,NA,NA,NA
"run02_uniform_k1",4870,"AQP3",0,NA,NA,NA
"run02_uniform_k1",4871,"CYP11B2",0.000106525313512962,NA,NA,NA
"run02_uniform_k1",4872,"PHOSPHO2",0,NA,NA,NA
"run02_uniform_k1",4873,"SLCO1B1",3.08486910148842e-05,NA,NA,NA
"run02_uniform_k1",4874,"PPARG",0.000681665233701723,NA,NA,NA
"run02_uniform_k1",4875,"ESR1",0.00102478911944048,NA,NA,NA
"run02_uniform_k1",4876,"CALM2",0,NA,NA,NA
"run02_uniform_k1",4877,"ALOX12",1.1402958573159e-05,NA,NA,NA
"run02_uniform_k1",4878,"MAPK11",0,NA,NA,NA
"run02_uniform_k1",4879,"KCNMA1",2.73028963679867e-05,NA,NA,NA
"run02_uniform_k1",4880,"ITPR2",6.33550958140106e-07,NA,NA,NA
"run02_uniform_k1",4881,"IL4",0.000213216805235672,NA,NA,NA
"run02_uniform_k1",4882,"SLC29A1",0.00102903201870796,NA,NA,NA
"run02_uniform_k1",4883,"KCND1",0,NA,NA,NA
"run02_uniform_k1",4884,"F7",0.00116938158797564,NA,NA,NA
"run02_uniform_k1",4885,"UGT1A1",6.43666731126036e-05,NA,NA,NA
"run02_uniform_k1",4886,"RASGRF1",5.25865086087318e-06,NA,NA,NA
"run02_uniform_k1",4887,"CYP1B1",1.26701867375623e-06,NA,NA,NA
"run02_uniform_k1",4888,"GRIK1",0,NA,NA,NA
"run02_uniform_k1",4889,"MITF",2.87659544899732e-05,NA,NA,NA
"run02_uniform_k1",4890,"ALDH1A2",0,NA,NA,NA
"run02_uniform_k1",4891,"GOT2",0.00078289580737978,NA,NA,NA
"run02_uniform_k1",4892,"SYK",5.32926492629038e-05,NA,NA,NA
"run02_uniform_k1",4893,"KCNH7",0,NA,NA,NA
"run02_uniform_k1",4894,"MAP2K7",3.16786999277063e-06,NA,NA,NA
"run02_uniform_k1",4895,"APLP1",0,NA,NA,NA
"run02_uniform_k1",4896,"GSK3A",9.50447229808304e-07,NA,NA,NA
"run02_uniform_k1",4897,"SREBF1",0.000334685132546086,NA,NA,NA
"run02_uniform_k1",4898,"PLA2G7",0.00013847975796788,NA,NA,NA
"run02_uniform_k1",4899,"PYGM",4.94772798226295e-05,NA,NA,NA
"run02_uniform_k1",4900,"CXCL1",0,NA,NA,NA
"run02_uniform_k1",4901,"PDE5A",1.15913843198312e-05,NA,NA,NA
"run02_uniform_k1",4902,"POLDIP2",0,NA,NA,NA
"run02_uniform_k1",4903,"APP",0.00112835552814228,NA,NA,NA
"run02_uniform_k1",4904,"CPT1A",1.49157660161992e-05,NA,NA,NA
"run02_uniform_k1",4905,"HMGB1",1.24840005174542e-05,NA,NA,NA
"run02_uniform_k1",4906,"SCN4B",6.14500670026441e-06,NA,NA,NA
"run02_uniform_k1",4907,"CES1",0.000115566529133249,NA,NA,NA
"run02_uniform_k1",4908,"C8G",8.92998568191583e-06,NA,NA,NA
"run02_uniform_k1",4909,"ADCY1",8.87083575196179e-06,NA,NA,NA
"run02_uniform_k1",4910,"KCNQ2",0.000154321192943452,NA,NA,NA
"run02_uniform_k1",4911,"KCNJ1",8.80361918675909e-06,NA,NA,NA
"run02_uniform_k1",4912,"MAP2K5",0,NA,NA,NA
"run02_uniform_k1",4913,"ACADM",0.000194896326079275,NA,NA,NA
"run02_uniform_k1",4914,"SULT1A1",8.93034087123823e-06,NA,NA,NA
"run02_uniform_k1",4915,"MECP2",0.000428908523146032,NA,NA,NA
"run02_uniform_k1",4916,"RAC1",1.74887232585741e-05,NA,NA,NA
"run02_uniform_k1",4917,"PRKDC",3.48518119952512e-06,NA,NA,NA
"run02_uniform_k1",4918,"ABCG2",0.00154702083903102,NA,NA,NA
"run02_uniform_k1",4919,"C3",4.60004945984638e-05,NA,NA,NA
"run02_uniform_k1",4920,"HBB",6.40684097101829e-05,NA,NA,NA
"run02_uniform_k1",4921,"FOXM1",1.90088265561439e-06,NA,NA,NA
"run02_uniform_k1",4922,"AURKA",5.49029298524406e-05,NA,NA,NA
"run02_uniform_k1",4923,"SCNN1A",5.25143809567696e-05,NA,NA,NA
"run02_uniform_k1",4924,"SMAD1",0,NA,NA,NA
"run02_uniform_k1",4925,"ATP1A2",4.63378248599655e-05,NA,NA,NA
"run02_uniform_k1",4926,"NRF1",1.38741902355743e-05,NA,NA,NA
"run02_uniform_k1",4927,"SLC10A1",8.11595436944756e-05,NA,NA,NA
"run02_uniform_k1",4928,"HCRTR1",0,NA,NA,NA
"run02_uniform_k1",4929,"PTPN6",0,NA,NA,NA
"run02_uniform_k1",4930,"TP53",0.00427693686378816,NA,NA,NA
"run02_uniform_k1",4931,"ACTA2",4.98567078929257e-05,NA,NA,NA
"run02_uniform_k1",4932,"ELOVL5",0,NA,NA,NA
"run02_uniform_k1",4933,"S100A8",5.866975145008e-05,NA,NA,NA
"run02_uniform_k1",4934,"NEIL1",0,NA,NA,NA
"run02_uniform_k1",4935,"KCNJ14",0,NA,NA,NA
"run02_uniform_k1",4936,"NR4A1",4.04919306976614e-05,NA,NA,NA
"run02_uniform_k1",4937,"GABRG1",0,NA,NA,NA
"run02_uniform_k1",4938,"RASGRF1",5.25865086087318e-06,NA,NA,NA
"run02_uniform_k1",4939,"CACNA1H",5.72384790692437e-05,NA,NA,NA
"run02_uniform_k1",4940,"KCNA1",1.36823220714399e-05,NA,NA,NA
"run02_uniform_k1",4941,"LDLR",0,NA,NA,NA
"run02_uniform_k1",4942,"SLC18A2",1.33665330134258e-05,NA,NA,NA
"run02_uniform_k1",4943,"RHOA",0.000165621123898174,NA,NA,NA
"run02_uniform_k1",4944,"ALDH1A3",0,NA,NA,NA
"run02_uniform_k1",4945,"ERBB3",0,NA,NA,NA
"run02_uniform_k1",4946,"MMP10",1.00093054868911e-05,NA,NA,NA
"run02_uniform_k1",4947,"CDK4",5.9067280737346e-05,NA,NA,NA
"run02_uniform_k1",4948,"ATG7",2.9146658695467e-06,NA,NA,NA
"run02_uniform_k1",4949,"NEDD4L",4.56173481240274e-05,NA,NA,NA
"run02_uniform_k1",4950,"MGAM",0.000137027144681112,NA,NA,NA
"run02_uniform_k1",4951,"CTSK",0.000205253306110875,NA,NA,NA
"run02_uniform_k1",4952,"GCA",0.000913104018283151,NA,NA,NA
"run02_uniform_k1",4953,"AGXT",0.000106059050095864,NA,NA,NA
"run02_uniform_k1",4954,"SDHA",0.000611111269984921,NA,NA,NA
"run02_uniform_k1",4955,"CMA1",0,NA,NA,NA
"run02_uniform_k1",4956,"GPBAR1",0.00120167517532488,NA,NA,NA
"run02_uniform_k1",4957,"CNR1",0.000234330328976462,NA,NA,NA
"run02_uniform_k1",4958,"RASSF1",1.82470571705728e-05,NA,NA,NA
"run02_uniform_k1",4959,"SOAT1",2.72368448894778e-06,NA,NA,NA
"run02_uniform_k1",4960,"CPT1B",0,NA,NA,NA
"run02_uniform_k1",4961,"GPR35",0,NA,NA,NA
"run02_uniform_k1",4962,"CCNB1",1.05829380095956e-05,NA,NA,NA
"run02_uniform_k1",4963,"SNAI1",9.50644381658705e-07,NA,NA,NA
"run02_uniform_k1",4964,"PTAFR",0,NA,NA,NA
"run02_uniform_k1",4965,"CYP3A4",0.000708964295377368,NA,NA,NA
"run02_uniform_k1",4966,"SFN",1.88836433614448e-05,NA,NA,NA
"run02_uniform_k1",4967,"AKR1A1",6.17051045759265e-06,NA,NA,NA
"run02_uniform_k1",4968,"PDE7B",0,NA,NA,NA
"run02_uniform_k1",4969,"NOS3",0.000136759922833574,NA,NA,NA
"run02_uniform_k1",4970,"EIF2AK2",0.000116554297583948,NA,NA,NA
"run02_uniform_k1",4971,"ESRRG",0.00109032893649263,NA,NA,NA
"run02_uniform_k1",4972,"NFATC4",0,NA,NA,NA
"run02_uniform_k1",4973,"ABCG2",0.00154702083903102,NA,NA,NA
"run02_uniform_k1",4974,"RDH5",1.18445408441303e-05,NA,NA,NA
"run02_uniform_k1",4975,"CYP11A1",1.84332824758604e-05,NA,NA,NA
"run02_uniform_k1",4976,"CHRNB3",0,NA,NA,NA
"run02_uniform_k1",4977,"CD40LG",1.90089891605183e-06,NA,NA,NA
"run02_uniform_k1",4978,"LCP1",0.00205551981329799,NA,NA,NA
"run02_uniform_k1",4979,"UCP3",0,NA,NA,NA
"run02_uniform_k1",4980,"GABRA5",0,NA,NA,NA
"run02_uniform_k1",4981,"ELOVL5",0,NA,NA,NA
"run02_uniform_k1",4982,"SRPK1",0.00108816969760961,NA,NA,NA
"run02_uniform_k1",4983,"HCRTR2",0,NA,NA,NA
"run02_uniform_k1",4984,"HAMP",0.000187982524293195,NA,NA,NA
"run02_uniform_k1",4985,"GCLC",8.05799891081538e-05,NA,NA,NA
"run02_uniform_k1",4986,"PDE5A",1.15913843198312e-05,NA,NA,NA
"run02_uniform_k1",4987,"ACTB",0.0035966824210889,NA,NA,NA
"run02_uniform_k1",4988,"ATOX1",0,NA,NA,NA
"run02_uniform_k1",4989,"PCNA",0.000281828068793732,NA,NA,NA
"run02_uniform_k1",4990,"CDH5",6.33662563265247e-06,NA,NA,NA
"run02_uniform_k1",4991,"GPD1",0,NA,NA,NA
"run02_uniform_k1",4992,"ADRA2A",6.33347720935262e-07,NA,NA,NA
"run02_uniform_k1",4993,"KCNH6",1.57066122082883e-05,NA,NA,NA
"run02_uniform_k1",4994,"SLC2A2",5.38855759126822e-05,NA,NA,NA
"run02_uniform_k1",4995,"PPARG",0.000681665233701723,NA,NA,NA
"run02_uniform_k1",4996,"CYP1A2",5.25226389015421e-05,NA,NA,NA
"run02_uniform_k1",4997,"PRDX2",0,NA,NA,NA
"run02_uniform_k1",4998,"KRT18",1.90069610461752e-06,NA,NA,NA
"run02_uniform_k1",4999,"SYK",5.32926492629038e-05,NA,NA,NA
"run02_uniform_k1",5000,"POLDIP2",0,NA,NA,NA
"run02_uniform_k1",5001,"DHODH",1.42497466326663e-05,NA,NA,NA
"run02_uniform_k1",5002,"HDAC8",0,NA,NA,NA
"run02_uniform_k1",5003,"GNMT",0,NA,NA,NA
"run02_uniform_k1",5004,"ABCC9",1.45674367513227e-06,NA,NA,NA
"run02_uniform_k1",5005,"SMAD3",0.000326994785442403,NA,NA,NA
"run02_uniform_k1",5006,"GATM",0.000449150320023683,NA,NA,NA
"run02_uniform_k1",5007,"RCAN1",0,NA,NA,NA
"run02_uniform_k1",5008,"GRIN2A",0.000361526992004202,NA,NA,NA
"run02_uniform_k1",5009,"NLN",0,NA,NA,NA
"run02_uniform_k1",5010,"PRDX2",0,NA,NA,NA
"run02_uniform_k1",5011,"RBP1",1.67206208291359e-05,NA,NA,NA
"run02_uniform_k1",5012,"MYD88",9.12615367376635e-06,NA,NA,NA
"run02_uniform_k1",5013,"CRMP1",1.10844121046227e-05,NA,NA,NA
"run02_uniform_k1",5014,"SLCO1A2",6.33397825744453e-07,NA,NA,NA
"run02_uniform_k1",5015,"APOB",0.000254184152158166,NA,NA,NA
"run02_uniform_k1",5016,"LPCAT2",0,NA,NA,NA
"run02_uniform_k1",5017,"FOXO1",0.000280307095370635,NA,NA,NA
"run02_uniform_k1",5018,"PTGDS",0.0001023719829093,NA,NA,NA
"run02_uniform_k1",5019,"SCN4B",6.14500670026441e-06,NA,NA,NA
"run02_uniform_k1",5020,"ATF2",1.14067009802099e-05,NA,NA,NA
"run02_uniform_k1",5021,"MAPK11",0,NA,NA,NA
"run02_uniform_k1",5022,"MAPT",0.000248151462638568,NA,NA,NA
"run02_uniform_k1",5023,"HSD11B1",5.68914811439614e-05,NA,NA,NA
"run02_uniform_k1",5024,"BRCA1",0.00150305205251045,NA,NA,NA
"run02_uniform_k1",5025,"GRIN3B",0,NA,NA,NA
"run02_uniform_k1",5026,"RHOA",0.000165621123898174,NA,NA,NA
"run02_uniform_k1",5027,"CSF2",1.26743081751979e-06,NA,NA,NA
"run02_uniform_k1",5028,"LPCAT1",1.456721531512e-06,NA,NA,NA
"run02_uniform_k1",5029,"ACACA",7.98311027262466e-05,NA,NA,NA
"run02_uniform_k1",5030,"CSF1",1.07725687046312e-05,NA,NA,NA
"run02_uniform_k1",5031,"PROC",3.8004925289048e-06,NA,NA,NA
"run02_uniform_k1",5032,"AKR1B10",1.92579176795382e-05,NA,NA,NA
"run02_uniform_k1",5033,"CCN2",1.134369344169e-05,NA,NA,NA
"run02_uniform_k1",5034,"SIRT2",1.36869569887788e-05,NA,NA,NA
"run02_uniform_k1",5035,"FXN",3.98458264223578e-05,NA,NA,NA
"run02_uniform_k1",5036,"ABCA1",1.90091421303773e-06,NA,NA,NA
"run02_uniform_k1",5037,"SLC5A1",1.62831065815272e-05,NA,NA,NA
"run02_uniform_k1",5038,"KCNC2",0,NA,NA,NA
"run02_uniform_k1",5039,"IL1A",0.00038306531858312,NA,NA,NA
"run02_uniform_k1",5040,"SULT1A1",8.93034087123823e-06,NA,NA,NA
"run02_uniform_k1",5041,"RASA1",5.55702489675181e-05,NA,NA,NA
"run02_uniform_k1",5042,"AKR1C4",0,NA,NA,NA
"run02_uniform_k1",5043,"PDE4B",1.76110095406745e-05,NA,NA,NA
"run02_uniform_k1",5044,"BACE1",5.67015318772013e-05,NA,NA,NA
"run02_uniform_k1",5045,"TRPC5",4.86789497714524e-05,NA,NA,NA
"run02_uniform_k1",5046,"CHEK2",2.4076159734765e-06,NA,NA,NA
"run02_uniform_k1",5047,"DMP1",0,NA,NA,NA
"run02_uniform_k1",5048,"KEAP1",8.90865911317151e-05,NA,NA,NA
"run02_uniform_k1",5049,"SLCO2B1",0,NA,NA,NA
"run02_uniform_k1",5050,"CACNG2",5.72736887810565e-05,NA,NA,NA
"run02_uniform_k1",5051,"CACNA2D3",0,NA,NA,NA
"run02_uniform_k1",5052,"ELOVL6",0,NA,NA,NA
"run02_uniform_k1",5053,"MMP13",1.63470522265285e-05,NA,NA,NA
"run02_uniform_k1",5054,"KCNJ10",0,NA,NA,NA
"run02_uniform_k1",5055,"CDKN1C",1.58390438897982e-06,NA,NA,NA
"run02_uniform_k1",5056,"POLB",0,NA,NA,NA
"run02_uniform_k1",5057,"FTL",4.87730474807435e-06,NA,NA,NA
"run02_uniform_k1",5058,"SOD1",0.00055040968937059,NA,NA,NA
"run02_uniform_k1",5059,"PTGDR2",6.33406652128521e-07,NA,NA,NA
"run02_uniform_k1",5060,"CYP27B1",5.34712469113519e-05,NA,NA,NA
"run02_uniform_k1",5061,"DRD5",0.00110886310796687,NA,NA,NA
"run02_uniform_k1",5062,"AANAT",0,NA,NA,NA
"run02_uniform_k1",5063,"MT-ATP6",9.5010961728148e-06,NA,NA,NA
"run02_uniform_k1",5064,"NFKB2",0,NA,NA,NA
"run02_uniform_k1",5065,"TJP1",0.000326838626150905,NA,NA,NA
"run02_uniform_k1",5066,"GCLM",0,NA,NA,NA
"run02_uniform_k1",5067,"GABRP",0,NA,NA,NA
"run02_uniform_k1",5068,"CDH1",0.000350253039747228,NA,NA,NA
"run02_uniform_k1",5069,"ATP1A1",1.2671361954153e-06,NA,NA,NA
"run02_uniform_k1",5070,"AQP3",0,NA,NA,NA
"run02_uniform_k1",5071,"SRR",0,NA,NA,NA
"run02_uniform_k1",5072,"SHMT1",4.44281784347522e-05,NA,NA,NA
"run02_uniform_k1",5073,"PRKCG",2.62982428581582e-05,NA,NA,NA
"run02_uniform_k1",5074,"RRM2B",0,NA,NA,NA
"run02_uniform_k1",5075,"SHMT1",4.44281784347522e-05,NA,NA,NA
"run02_uniform_k1",5076,"KCNQ2",0.000154321192943452,NA,NA,NA
"run02_uniform_k1",5077,"HDAC5",0,NA,NA,NA
"run02_uniform_k1",5078,"CSAD",0,NA,NA,NA
"run02_uniform_k1",5079,"KYNU",3.41288525791406e-05,NA,NA,NA
"run02_uniform_k1",5080,"TYRP1",6.65147512002306e-06,NA,NA,NA
"run02_uniform_k1",5081,"CRK",6.33660876869779e-06,NA,NA,NA
"run02_uniform_k1",5082,"JDP2",0,NA,NA,NA
"run02_uniform_k1",5083,"SULT1A1",8.93034087123823e-06,NA,NA,NA
"run02_uniform_k1",5084,"CDH5",6.33662563265247e-06,NA,NA,NA
"run02_uniform_k1",5085,"SHBG",3.16169811188649e-05,NA,NA,NA
"run02_uniform_k1",5086,"EGFR",0.00376976574950694,NA,NA,NA
"run02_uniform_k1",5087,"PPARG",0.000681665233701723,NA,NA,NA
"run02_uniform_k1",5088,"AHCYL1",1.90022934498657e-06,NA,NA,NA
"run02_uniform_k1",5089,"EIF2A",0,NA,NA,NA
"run02_uniform_k1",5090,"CYP27C1",0,NA,NA,NA
"run02_uniform_k1",5091,"RAF1",1.33718501759139e-05,NA,NA,NA
"run02_uniform_k1",5092,"SKP2",4.435492915289e-06,NA,NA,NA
"run02_uniform_k1",5093,"SCN8A",0,NA,NA,NA
"run02_uniform_k1",5094,"TUBA1C",0,NA,NA,NA
"run02_uniform_k1",5095,"SLC2A4",1.81861109559422e-05,NA,NA,NA
"run02_uniform_k1",5096,"IKBKB",6.84471676271059e-06,NA,NA,NA
"run02_uniform_k1",5097,"CHRNA5",1.55794812480847e-05,NA,NA,NA
"run02_uniform_k1",5098,"MMP11",6.33353078760557e-07,NA,NA,NA
"run02_uniform_k1",5099,"DBH",9.818852931609e-06,NA,NA,NA
"run02_uniform_k1",5100,"CCNA2",1.83133006516067e-05,NA,NA,NA
"run02_uniform_k1",5101,"LPCAT2",0,NA,NA,NA
"run02_uniform_k1",5102,"BTK",0.000119272845312435,NA,NA,NA
"run02_uniform_k1",5103,"IL10",0.000109475292591865,NA,NA,NA
"run02_uniform_k1",5104,"AQP1",7.97847562783449e-06,NA,NA,NA
"run02_uniform_k1",5105,"CASP9",0,NA,NA,NA
"run02_uniform_k1",5106,"MLXIPL",0,NA,NA,NA
"run02_uniform_k1",5107,"NTRK1",3.04810969022906e-05,NA,NA,NA
"run02_uniform_k1",5108,"GCLM",0,NA,NA,NA
"run02_uniform_k1",5109,"AKR1C2",0,NA,NA,NA
"run02_uniform_k1",5110,"ACTR2",9.50262921906031e-06,NA,NA,NA
"run02_uniform_k1",5111,"MT-ATP6",9.5010961728148e-06,NA,NA,NA
"run02_uniform_k1",5112,"TACR3",0,NA,NA,NA
"run02_uniform_k1",5113,"MCL1",1.67940085561424e-05,NA,NA,NA
"run02_uniform_k1",5114,"PNP",0.000105291533052498,NA,NA,NA
"run02_uniform_k1",5115,"GLI1",5.44927221779457e-06,NA,NA,NA
"run02_uniform_k1",5116,"SLC2A2",5.38855759126822e-05,NA,NA,NA
"run02_uniform_k1",5117,"REN",0.000113239453789604,NA,NA,NA
"run02_uniform_k1",5118,"RBP4",4.16853263397465e-05,NA,NA,NA
"run02_uniform_k1",5119,"FABP4",8.52242665472236e-05,NA,NA,NA
"run02_uniform_k1",5120,"CDK5",0.000348117516928759,NA,NA,NA
"run02_uniform_k1",5121,"MITF",2.87659544899732e-05,NA,NA,NA
"run02_uniform_k1",5122,"SPI1",3.16810202792839e-05,NA,NA,NA
"run02_uniform_k1",5123,"DCK",6.65095605247856e-05,NA,NA,NA
"run02_uniform_k1",5124,"CRK",6.33660876869779e-06,NA,NA,NA
"run02_uniform_k1",5125,"HDAC10",0,NA,NA,NA
"run02_uniform_k1",5126,"ATF4",6.17859641668383e-05,NA,NA,NA
"run02_uniform_k1",5127,"ABCG2",0.00154702083903102,NA,NA,NA
"run02_uniform_k1",5128,"KCNMB4",0,NA,NA,NA
"run02_uniform_k1",5129,"POLDIP2",0,NA,NA,NA
"run02_uniform_k1",5130,"ADRA1B",0,NA,NA,NA
"run02_uniform_k1",5131,"S100A8",5.866975145008e-05,NA,NA,NA
"run02_uniform_k1",5132,"AKR1D1",0.0010662752740489,NA,NA,NA
"run02_uniform_k1",5133,"FTL",4.87730474807435e-06,NA,NA,NA
"run02_uniform_k1",5134,"PDE4A",1.34575381137703e-05,NA,NA,NA
"run02_uniform_k1",5135,"CSF1",1.07725687046312e-05,NA,NA,NA
"run02_uniform_k1",5136,"DUSP1",0,NA,NA,NA
"run02_uniform_k1",5137,"TEP1",0,NA,NA,NA
"run02_uniform_k1",5138,"AKR1B10",1.92579176795382e-05,NA,NA,NA
"run02_uniform_k1",5139,"RPS6KB1",2.01533684008881e-05,NA,NA,NA
"run02_uniform_k1",5140,"UQCRC1",5.15309632885819e-05,NA,NA,NA
"run02_uniform_k1",5141,"ADAMTS5",0,NA,NA,NA
"run02_uniform_k1",5142,"GLUL",0.000147191537224312,NA,NA,NA
"run02_uniform_k1",5143,"ICAM1",0.000172524776509531,NA,NA,NA
"run02_uniform_k1",5144,"ARRB2",0.0018446708322335,NA,NA,NA
"run02_uniform_k1",5145,"ACHE",0.000111252964972719,NA,NA,NA
"run02_uniform_k1",5146,"CHRNA2",0,NA,NA,NA
"run02_uniform_k1",5147,"CANX",2.08728829651506e-05,NA,NA,NA
"run02_uniform_k1",5148,"GAMT",4.09153874207924e-05,NA,NA,NA
"run02_uniform_k1",5149,"ELOVL2",0,NA,NA,NA
"run02_uniform_k1",5150,"DKK1",0,NA,NA,NA
"run02_uniform_k1",5151,"ADRA1A",0,NA,NA,NA
"run02_uniform_k1",5152,"HCAR2",0,NA,NA,NA
"run02_uniform_k1",5153,"BMP4",1.58394663751782e-06,NA,NA,NA
"run02_uniform_k1",5154,"RAPGEF4",2.51523475149895e-05,NA,NA,NA
"run02_uniform_k1",5155,"CYBB",6.42615564472315e-05,NA,NA,NA
"run02_uniform_k1",5156,"SCNN1A",5.25143809567696e-05,NA,NA,NA
"run02_uniform_k1",5157,"AHCYL1",1.90022934498657e-06,NA,NA,NA
"run02_uniform_k1",5158,"FKBP1A",0.000367396925605612,NA,NA,NA
"run02_uniform_k1",5159,"TUBA1C",0,NA,NA,NA
"run02_uniform_k1",5160,"DYSF",0.00102310635249714,NA,NA,NA
"run02_uniform_k1",5161,"CDK4",5.9067280737346e-05,NA,NA,NA
"run02_uniform_k1",5162,"LGALS3",1.90104129516033e-06,NA,NA,NA
"run02_uniform_k1",5163,"ATP1A4",0,NA,NA,NA
"run02_uniform_k1",5164,"TACR3",0,NA,NA,NA
"run02_uniform_k1",5165,"KCNH2",0.000463751185241779,NA,NA,NA
"run02_uniform_k1",5166,"NNMT",2.43922960370124e-05,NA,NA,NA
"run02_uniform_k1",5167,"APP",0.00112835552814228,NA,NA,NA
"run02_uniform_k1",5168,"CYP11A1",1.84332824758604e-05,NA,NA,NA
"run02_uniform_k1",5169,"GPR35",0,NA,NA,NA
"run02_uniform_k1",5170,"KCNH6",1.57066122082883e-05,NA,NA,NA
"run02_uniform_k1",5171,"SLC8A2",0,NA,NA,NA
"run02_uniform_k1",5172,"NRP1",0.000102455056317119,NA,NA,NA
"run02_uniform_k1",5173,"THBD",8.99612495086632e-06,NA,NA,NA
"run02_uniform_k1",5174,"LYN",0.000110145713016818,NA,NA,NA
"run02_uniform_k1",5175,"S100A7A",0,NA,NA,NA
"run02_uniform_k1",5176,"AKR1B1",1.36198355478179e-05,NA,NA,NA
"run02_uniform_k1",5177,"CTSK",0.000205253306110875,NA,NA,NA
"run02_uniform_k1",5178,"CAMP",0.00129691841056656,NA,NA,NA
"run02_uniform_k1",5179,"PPARA",0.00137693094911007,NA,NA,NA
"run02_uniform_k1",5180,"PDE6C",0,NA,NA,NA
"run02_uniform_k1",5181,"SHH",1.43206732026169e-05,NA,NA,NA
"run02_uniform_k1",5182,"BMPR2",8.59954951424324e-05,NA,NA,NA
"run02_uniform_k1",5183,"ADA",5.3173443308685e-05,NA,NA,NA
"run02_uniform_k1",5184,"EREG",0,NA,NA,NA
"run02_uniform_k1",5185,"SCN2B",0,NA,NA,NA
"run02_uniform_k1",5186,"TIGAR",0,NA,NA,NA
"run02_uniform_k1",5187,"SEMA3A",6.84073768231208e-06,NA,NA,NA
"run02_uniform_k1",5188,"CLDN4",0,NA,NA,NA
"run02_uniform_k1",5189,"PPARG",0.000681665233701723,NA,NA,NA
"run02_uniform_k1",5190,"ADRB1",3.16756855778255e-06,NA,NA,NA
"run02_uniform_k1",5191,"CALML5",7.42946995627713e-05,NA,NA,NA
"run02_uniform_k1",5192,"AKR1A1",6.17051045759265e-06,NA,NA,NA
"run02_uniform_k1",5193,"NRP1",0.000102455056317119,NA,NA,NA
"run02_uniform_k1",5194,"GSK3A",9.50447229808304e-07,NA,NA,NA
"run02_uniform_k1",5195,"RTCB",0,NA,NA,NA
"run02_uniform_k1",5196,"RUNX1T1",0,NA,NA,NA
"run02_uniform_k1",5197,"EIF2AK2",0.000116554297583948,NA,NA,NA
"run02_uniform_k1",5198,"CAMP",0.00129691841056656,NA,NA,NA
"run02_uniform_k1",5199,"ATG5",1.93264314094499e-05,NA,NA,NA
"run02_uniform_k1",5200,"DDB1",2.07812890326009e-05,NA,NA,NA
"run02_uniform_k1",5201,"GABBR1",0.000629351098106912,NA,NA,NA
"run02_uniform_k1",5202,"RARA",0.000182812715244118,NA,NA,NA
"run02_uniform_k1",5203,"ABCG8",0,NA,NA,NA
"run02_uniform_k1",5204,"THBD",8.99612495086632e-06,NA,NA,NA
"run02_uniform_k1",5205,"AFP",5.4874124395865e-05,NA,NA,NA
"run02_uniform_k1",5206,"HIF1A",0.000545020548238462,NA,NA,NA
"run02_uniform_k1",5207,"BECN1",8.42248076059482e-05,NA,NA,NA
"run02_uniform_k1",5208,"PLB1",0.00110895479500295,NA,NA,NA
"run02_uniform_k1",5209,"GSTM1",0.000122658682697341,NA,NA,NA
"run02_uniform_k1",5210,"SRD5A2",3.08503783238434e-05,NA,NA,NA
"run02_uniform_k1",5211,"HSD3B1",7.1585802265961e-06,NA,NA,NA
"run02_uniform_k1",5212,"ABCA7",0,NA,NA,NA
"run02_uniform_k1",5213,"GPER1",8.61720038791702e-06,NA,NA,NA
"run02_uniform_k1",5214,"SLC2A1",0.000140046836469954,NA,NA,NA
"run02_uniform_k1",5215,"CDK2",1.73911829558504e-05,NA,NA,NA
"run02_uniform_k1",5216,"LALBA",3.81683006253075e-05,NA,NA,NA
"run02_uniform_k1",5217,"PTGES2",2.81266331965124e-05,NA,NA,NA
"run02_uniform_k1",5218,"RYR2",4.78345186669671e-05,NA,NA,NA
"run02_uniform_k1",5219,"SPP1",0.000133522093562433,NA,NA,NA
"run02_uniform_k1",5220,"PDE3B",4.40978259571567e-05,NA,NA,NA
"run02_uniform_k1",5221,"TUBB4B",6.33455001119998e-07,NA,NA,NA
"run02_uniform_k1",5222,"NFATC2",1.95162479730282e-05,NA,NA,NA
"run02_uniform_k1",5223,"COL7A1",0,NA,NA,NA
"run02_uniform_k1",5224,"ODC1",0.00121583500905476,NA,NA,NA
"run02_uniform_k1",5225,"SULT1A1",8.93034087123823e-06,NA,NA,NA
"run02_uniform_k1",5226,"OR51E1",0,NA,NA,NA
"run02_uniform_k1",5227,"KCNJ11",0.00241899994818762,NA,NA,NA
"run02_uniform_k1",5228,"PRKAA1",2.85143022038525e-06,NA,NA,NA
"run02_uniform_k1",5229,"ANO1",0,NA,NA,NA
"run02_uniform_k1",5230,"PRL",2.17984549072403e-05,NA,NA,NA
"run02_uniform_k1",5231,"GYPA",0.000261429870861529,NA,NA,NA
"run02_uniform_k1",5232,"ADA",5.3173443308685e-05,NA,NA,NA
"run02_uniform_k1",5233,"KRT2",0,NA,NA,NA
"run02_uniform_k1",5234,"SNCA",0.000455106191969867,NA,NA,NA
"run02_uniform_k1",5235,"ADRB3",5.25856990074569e-06,NA,NA,NA
"run02_uniform_k1",5236,"PDK1",0,NA,NA,NA
"run02_uniform_k1",5237,"ACTG2",0,NA,NA,NA
"run02_uniform_k1",5238,"GDNF",3.48479365919196e-06,NA,NA,NA
"run02_uniform_k1",5239,"ADH1B",0,NA,NA,NA
"run02_uniform_k1",5240,"F10",1.53928141654047e-05,NA,NA,NA
"run02_uniform_k1",5241,"CYP24A1",2.95788072831593e-05,NA,NA,NA
"run02_uniform_k1",5242,"BID",6.01936829902616e-06,NA,NA,NA
"run02_uniform_k1",5243,"DGKD",3.99034614917415e-06,NA,NA,NA
"run02_uniform_k1",5244,"PLA2G4A",0.000158908171599248,NA,NA,NA
"run02_uniform_k1",5245,"ACE2",6.17806475236016e-05,NA,NA,NA
"run02_uniform_k1",5246,"DPP4",0.00143001137023646,NA,NA,NA
"run02_uniform_k1",5247,"CACNB1",0,NA,NA,NA
"run02_uniform_k1",5248,"HDAC5",0,NA,NA,NA
"run02_uniform_k1",5249,"HSD3B2",2.44539251612608e-05,NA,NA,NA
"run02_uniform_k1",5250,"SIGMAR1",0.000141138269685426,NA,NA,NA
"run02_uniform_k1",5251,"DRD2",0.000217393825030943,NA,NA,NA
"run02_uniform_k1",5252,"PRKCE",5.79752275315926e-05,NA,NA,NA
"run02_uniform_k1",5253,"RASA1",5.55702489675181e-05,NA,NA,NA
"run02_uniform_k1",5254,"DBH",9.818852931609e-06,NA,NA,NA
"run02_uniform_k1",5255,"SLC10A1",8.11595436944756e-05,NA,NA,NA
"run02_uniform_k1",5256,"TOMM70",0,NA,NA,NA
"run02_uniform_k1",5257,"CASR",1.85576382838448e-05,NA,NA,NA
"run02_uniform_k1",5258,"PDE5A",1.15913843198312e-05,NA,NA,NA
"run02_uniform_k1",5259,"ADH5",7.50101523409041e-05,NA,NA,NA
"run02_uniform_k1",5260,"CRP",0.00025559836793676,NA,NA,NA
"run02_uniform_k1",5261,"AKT1",0.00346325271049452,NA,NA,NA
"run02_uniform_k1",5262,"CHRNB3",0,NA,NA,NA
"run02_uniform_k1",5263,"TUBA1C",0,NA,NA,NA
"run02_uniform_k1",5264,"CDK4",5.9067280737346e-05,NA,NA,NA
"run02_uniform_k1",5265,"CACNA1G",7.41987078123341e-05,NA,NA,NA
"run02_uniform_k1",5266,"ATIC",0.0011952594694814,NA,NA,NA
"run02_uniform_k1",5267,"TUBB",0.000162866051467092,NA,NA,NA
"run02_uniform_k1",5268,"TUBB4A",0,NA,NA,NA
"run02_uniform_k1",5269,"SCN5A",0.000167082927235662,NA,NA,NA
"run02_uniform_k1",5270,"GSR",0.00032731672891706,NA,NA,NA
"run02_uniform_k1",5271,"SLC2A4",1.81861109559422e-05,NA,NA,NA
"run02_uniform_k1",5272,"PHOSPHO1",8.36011896465649e-06,NA,NA,NA
"run02_uniform_k1",5273,"HTR2B",3.80070954153489e-06,NA,NA,NA
"run02_uniform_k1",5274,"CLIP1",0,NA,NA,NA
"run02_uniform_k1",5275,"ACSL1",4.92269468655993e-05,NA,NA,NA
"run02_uniform_k1",5276,"AIMP2",0,NA,NA,NA
"run02_uniform_k1",5277,"AGXT2",0.000181321349120078,NA,NA,NA
"run02_uniform_k1",5278,"IRAK1",2.62328604830886e-05,NA,NA,NA
"run02_uniform_k1",5279,"CSK",0,NA,NA,NA
"run02_uniform_k1",5280,"MT-CYB",0.000203007681716216,NA,NA,NA
"run02_uniform_k1",5281,"CDK4",5.9067280737346e-05,NA,NA,NA
"run02_uniform_k1",5282,"FKBP1A",0.000367396925605612,NA,NA,NA
"run02_uniform_k1",5283,"AQP1",7.97847562783449e-06,NA,NA,NA
"run02_uniform_k1",5284,"GNMT",0,NA,NA,NA
"run02_uniform_k1",5285,"CASP7",1.26727879179445e-06,NA,NA,NA
"run02_uniform_k1",5286,"RASA1",5.55702489675181e-05,NA,NA,NA
"run02_uniform_k1",5287,"CYP7A1",0.000286565174003384,NA,NA,NA
"run02_uniform_k1",5288,"CTTN",2.99716390974591e-05,NA,NA,NA
"run02_uniform_k1",5289,"ADH1B",0,NA,NA,NA
"run02_uniform_k1",5290,"ACTA1",3.96575036063496e-05,NA,NA,NA
"run02_uniform_k1",5291,"TRPV3",0,NA,NA,NA
"run02_uniform_k1",5292,"UGT1A9",0,NA,NA,NA
"run02_uniform_k1",5293,"HDAC1",0.00033891246936113,NA,NA,NA
"run02_uniform_k1",5294,"AGTR1",7.87895413547623e-05,NA,NA,NA
"run02_uniform_k1",5295,"HINT1",4.87617046518452e-06,NA,NA,NA
"run02_uniform_k1",5296,"CA1",4.61079535398756e-05,NA,NA,NA
"run02_uniform_k1",5297,"BAK1",0,NA,NA,NA
"run02_uniform_k1",5298,"HBA2",0,NA,NA,NA
"run02_uniform_k1",5299,"TRAF2",5.75385733394551e-05,NA,NA,NA
"run02_uniform_k1",5300,"PROM1",0.00127729251749653,NA,NA,NA
"run02_uniform_k1",5301,"AURKC",0,NA,NA,NA
"run02_uniform_k1",5302,"TNF",0.00134281467430086,NA,NA,NA
"run02_uniform_k1",5303,"DNMT3B",1.03906004091936e-05,NA,NA,NA
"run02_uniform_k1",5304,"SLC6A2",0,NA,NA,NA
"run02_uniform_k1",5305,"ROS1",0,NA,NA,NA
"run02_uniform_k1",5306,"ITGB3",8.18152205451783e-05,NA,NA,NA
"run02_uniform_k1",5307,"ATG7",2.9146658695467e-06,NA,NA,NA
"run02_uniform_k1",5308,"LCP1",0.00205551981329799,NA,NA,NA
"run02_uniform_k1",5309,"TNFRSF10B",0,NA,NA,NA
"run02_uniform_k1",5310,"VTN",6.33650236725458e-07,NA,NA,NA
"run02_uniform_k1",5311,"AASS",1.96337880520314e-06,NA,NA,NA
"run02_uniform_k1",5312,"HSD11B1",5.68914811439614e-05,NA,NA,NA
"run02_uniform_k1",5313,"CLDN1",4.94148239504888e-06,NA,NA,NA
"run02_uniform_k1",5314,"MMP9",0.000204115785623737,NA,NA,NA
"run02_uniform_k1",5315,"PIK3CD",0,NA,NA,NA
"run02_uniform_k1",5316,"GLP1R",3.86497402737884e-06,NA,NA,NA
"run02_uniform_k1",5317,"SPP1",0.000133522093562433,NA,NA,NA
"run02_uniform_k1",5318,"MYC",0.000561856827766771,NA,NA,NA
"run02_uniform_k1",5319,"NFATC4",0,NA,NA,NA
"run02_uniform_k1",5320,"ATIC",0.0011952594694814,NA,NA,NA
"run02_uniform_k1",5321,"TRAF6",3.65690661311424e-05,NA,NA,NA
"run02_uniform_k1",5322,"CHRM1",6.15364589550138e-05,NA,NA,NA
"run02_uniform_k1",5323,"HDAC6",0.00238463941154432,NA,NA,NA
"run02_uniform_k1",5324,"ANPEP",7.21688108924479e-05,NA,NA,NA
"run02_uniform_k1",5325,"IL2",8.48661529537775e-05,NA,NA,NA
"run02_uniform_k1",5326,"PTPN11",2.43987962315062e-05,NA,NA,NA
"run02_uniform_k1",5327,"CRTC2",2.09096071963621e-05,NA,NA,NA
"run02_uniform_k1",5328,"CRP",0.00025559836793676,NA,NA,NA
"run02_uniform_k1",5329,"GLA",5.69983816256503e-06,NA,NA,NA
"run02_uniform_k1",5330,"IRF1",0,NA,NA,NA
"run02_uniform_k1",5331,"AFM",0,NA,NA,NA
"run02_uniform_k1",5332,"HCN2",0,NA,NA,NA
"run02_uniform_k1",5333,"DHCR7",7.41792346372616e-05,NA,NA,NA
"run02_uniform_k1",5334,"CXCL10",6.0199614313472e-06,NA,NA,NA
"run02_uniform_k1",5335,"HNRNPA1",0.0011965986405017,NA,NA,NA
"run02_uniform_k1",5336,"HDAC8",0,NA,NA,NA
"run02_uniform_k1",5337,"FTCD",1.21257629834837e-05,NA,NA,NA
"run02_uniform_k1",5338,"CYP2A6",0.000367474741212792,NA,NA,NA
"run02_uniform_k1",5339,"PDE2A",0,NA,NA,NA
"run02_uniform_k1",5340,"AXIN2",0,NA,NA,NA
"run02_uniform_k1",5341,"AHSA1",0,NA,NA,NA
"run02_uniform_k1",5342,"SHANK1",1.22897159903212e-05,NA,NA,NA
"run02_uniform_k1",5343,"SLC16A1",1.22233950207162e-05,NA,NA,NA
"run02_uniform_k1",5344,"NNT",0,NA,NA,NA
"run02_uniform_k1",5345,"CCL3",1.67921707164842e-05,NA,NA,NA
"run02_uniform_k1",5346,"SLC16A1",1.22233950207162e-05,NA,NA,NA
"run02_uniform_k1",5347,"MAPK1",6.82101559971171e-05,NA,NA,NA
"run02_uniform_k1",5348,"APP",0.00112835552814228,NA,NA,NA
"run02_uniform_k1",5349,"PTAFR",0,NA,NA,NA
"run02_uniform_k1",5350,"TAT",6.1444352762341e-05,NA,NA,NA
"run02_uniform_k1",5351,"ARF6",0,NA,NA,NA
"run02_uniform_k1",5352,"PLA2G2A",5.81866140334508e-05,NA,NA,NA
"run02_uniform_k1",5353,"TGM2",0,NA,NA,NA
"run02_uniform_k1",5354,"ATM",2.74398232945616e-05,NA,NA,NA
"run02_uniform_k1",5355,"FOSL2",0,NA,NA,NA
"run02_uniform_k1",5356,"CALM2",0,NA,NA,NA
"run02_uniform_k1",5357,"DNM1L",6.33522741710912e-07,NA,NA,NA
"run02_uniform_k1",5358,"SIRT3",7.24858712728427e-05,NA,NA,NA
"run02_uniform_k1",5359,"CNR1",0.000234330328976462,NA,NA,NA
"run02_uniform_k1",5360,"CTRB1",3.90273843604572e-05,NA,NA,NA
"run02_uniform_k1",5361,"CASP6",1.26723751903146e-06,NA,NA,NA
"run02_uniform_k1",5362,"CYC1",4.87786738601059e-06,NA,NA,NA
"run02_uniform_k1",5363,"ADH1C",0,NA,NA,NA
"run02_uniform_k1",5364,"GAS6",1.2544836703432e-05,NA,NA,NA
"run02_uniform_k1",5365,"CAPN10",0.000977887184816284,NA,NA,NA
"run02_uniform_k1",5366,"BACE1",5.67015318772013e-05,NA,NA,NA
"run02_uniform_k1",5367,"DRD3",0,NA,NA,NA
"run02_uniform_k1",5368,"ESR1",0.00102478911944048,NA,NA,NA
"run02_uniform_k1",5369,"UCP1",0,NA,NA,NA
"run02_uniform_k1",5370,"TNF",0.00134281467430086,NA,NA,NA
"run02_uniform_k1",5371,"SFN",1.88836433614448e-05,NA,NA,NA
"run02_uniform_k1",5372,"MAPK8",0.00014699135508045,NA,NA,NA
"run02_uniform_k1",5373,"FASN",0.000342772066284303,NA,NA,NA
"run02_uniform_k1",5374,"TGFB1",0.000170827591538192,NA,NA,NA
"run02_uniform_k1",5375,"ELOVL5",0,NA,NA,NA
"run02_uniform_k1",5376,"RDH12",1.33642751130036e-05,NA,NA,NA
"run02_uniform_k1",5377,"ABCG8",0,NA,NA,NA
"run02_uniform_k1",5378,"ACE",0.00145679149577593,NA,NA,NA
"run02_uniform_k1",5379,"GSR",0.00032731672891706,NA,NA,NA
"run02_uniform_k1",5380,"MTTP",6.39846903005559e-06,NA,NA,NA
"run02_uniform_k1",5381,"PRKAA1",2.85143022038525e-06,NA,NA,NA
"run02_uniform_k1",5382,"PTGS2",0.00143001964027745,NA,NA,NA
"run02_uniform_k1",5383,"C3",4.60004945984638e-05,NA,NA,NA
"run02_uniform_k1",5384,"ZEB1",0,NA,NA,NA
"run02_uniform_k1",5385,"SLC15A1",1.58338604960839e-06,NA,NA,NA
"run02_uniform_k1",5386,"MCU",0,NA,NA,NA
"run02_uniform_k1",5387,"DLG4",0.000800645688133095,NA,NA,NA
"run02_uniform_k1",5388,"GK",0.000406543096133638,NA,NA,NA
"run02_uniform_k1",5389,"ARRB2",0.0018446708322335,NA,NA,NA
"run02_uniform_k1",5390,"QPRT",2.95780448075211e-05,NA,NA,NA
"run02_uniform_k1",5391,"CYP19A1",0.000459651716543275,NA,NA,NA
"run02_uniform_k1",5392,"PTPN11",2.43987962315062e-05,NA,NA,NA
"run02_uniform_k1",5393,"IL1B",0.000829865649814021,NA,NA,NA
"run02_uniform_k1",5394,"ALDH1B1",0,NA,NA,NA
"run02_uniform_k1",5395,"NFKB2",0,NA,NA,NA
"run02_uniform_k1",5396,"IL4",0.000213216805235672,NA,NA,NA
"run02_uniform_k1",5397,"MGST1",0,NA,NA,NA
"run02_uniform_k1",5398,"CYP2D6",2.95879994604009e-05,NA,NA,NA
"run02_uniform_k1",5399,"ATOX1",0,NA,NA,NA
"run02_uniform_k1",5400,"SNAI1",9.50644381658705e-07,NA,NA,NA
"run02_uniform_k1",5401,"CASP3",0.000462575099730467,NA,NA,NA
"run02_uniform_k1",5402,"PRKCE",5.79752275315926e-05,NA,NA,NA
"run02_uniform_k1",5403,"PRKCE",5.79752275315926e-05,NA,NA,NA
"run02_uniform_k1",5404,"ATIC",0.0011952594694814,NA,NA,NA
"run02_uniform_k1",5405,"MMP13",1.63470522265285e-05,NA,NA,NA
"run02_uniform_k1",5406,"AURKA",5.49029298524406e-05,NA,NA,NA
"run02_uniform_k1",5407,"CTNNB1",0.00262517195452239,NA,NA,NA
"run02_uniform_k1",5408,"DRD3",0,NA,NA,NA
"run02_uniform_k1",5409,"CYP11A1",1.84332824758604e-05,NA,NA,NA
"run02_uniform_k1",5410,"AFP",5.4874124395865e-05,NA,NA,NA
"run02_uniform_k1",5411,"SOD2",0.000296172336680667,NA,NA,NA
"run02_uniform_k1",5412,"E2F1",6.05857808446686e-05,NA,NA,NA
"run02_uniform_k1",5413,"GPD1",0,NA,NA,NA
"run02_uniform_k1",5414,"NGF",7.00958583023104e-05,NA,NA,NA
"run02_uniform_k1",5415,"KCNA1",1.36823220714399e-05,NA,NA,NA
"run02_uniform_k1",5416,"SNAI2",6.33686013218338e-07,NA,NA,NA
"run02_uniform_k1",5417,"GSTM2",0,NA,NA,NA
"run02_uniform_k1",5418,"ITGAL",2.85118848919463e-06,NA,NA,NA
"run02_uniform_k1",5419,"SOX9",0.000102527928081186,NA,NA,NA
"run02_uniform_k1",5420,"RCAN1",0,NA,NA,NA
"run02_uniform_k1",5421,"MYLK",7.38323399127605e-05,NA,NA,NA
"run02_uniform_k1",5422,"GABRA1",0.000512519672648093,NA,NA,NA
"run02_uniform_k1",5423,"ANXA5",7.92192003495895e-06,NA,NA,NA
"run02_uniform_k1",5424,"SLC11A2",1.77338485018996e-06,NA,NA,NA
"run02_uniform_k1",5425,"CDKN1B",8.87190608878097e-06,NA,NA,NA
"run02_uniform_k1",5426,"LRAT",5.06328770298881e-05,NA,NA,NA
"run02_uniform_k1",5427,"PDE3B",4.40978259571567e-05,NA,NA,NA
"run02_uniform_k1",5428,"TFRC",0.000239327299633385,NA,NA,NA
"run02_uniform_k1",5429,"RAPGEF4",2.51523475149895e-05,NA,NA,NA
"run02_uniform_k1",5430,"NFATC1",5.51292228962996e-05,NA,NA,NA
"run02_uniform_k1",5431,"AKR1C3",0.000173978783267859,NA,NA,NA
"run02_uniform_k1",5432,"SULT1E1",0,NA,NA,NA
"run02_uniform_k1",5433,"F12",0,NA,NA,NA
"run02_uniform_k1",5434,"CACNG2",5.72736887810565e-05,NA,NA,NA
"run02_uniform_k1",5435,"STAT5A",4.23996396073933e-05,NA,NA,NA
"run02_uniform_k1",5436,"KCNA4",2.7111367415289e-05,NA,NA,NA
"run02_uniform_k1",5437,"CALM3",0.000527160893726952,NA,NA,NA
"run02_uniform_k1",5438,"SSTR5",0,NA,NA,NA
"run02_uniform_k1",5439,"AURKA",5.49029298524406e-05,NA,NA,NA
"run02_uniform_k1",5440,"SOD2",0.000296172336680667,NA,NA,NA
"run02_uniform_k1",5441,"AHSA1",0,NA,NA,NA
"run02_uniform_k1",5442,"CDKN1B",8.87190608878097e-06,NA,NA,NA
"run02_uniform_k1",5443,"ITGB3",8.18152205451783e-05,NA,NA,NA
"run02_uniform_k1",5444,"FABP5",6.2410696410331e-05,NA,NA,NA
"run02_uniform_k1",5445,"CHRNA3",2.85056538062989e-06,NA,NA,NA
"run02_uniform_k1",5446,"HBB",6.40684097101829e-05,NA,NA,NA
"run02_uniform_k1",5447,"AR",0.000302154756725348,NA,NA,NA
"run02_uniform_k1",5448,"HDAC1",0.00033891246936113,NA,NA,NA
"run02_uniform_k1",5449,"THBS1",7.4650161333345e-05,NA,NA,NA
"run02_uniform_k1",5450,"AKR1B10",1.92579176795382e-05,NA,NA,NA
"run02_uniform_k1",5451,"CYP2A6",0.000367474741212792,NA,NA,NA
"run02_uniform_k1",5452,"NR1H3",0,NA,NA,NA
"run02_uniform_k1",5453,"KLK5",0,NA,NA,NA
"run02_uniform_k1",5454,"RB1",5.60807039972078e-05,NA,NA,NA
"run02_uniform_k1",5455,"PNPLA2",2.72449938232278e-06,NA,NA,NA
"run02_uniform_k1",5456,"PDE7B",0,NA,NA,NA
"run02_uniform_k1",5457,"GSTM1",0.000122658682697341,NA,NA,NA
"run02_uniform_k1",5458,"FGF23",6.25962068182551e-05,NA,NA,NA
"run02_uniform_k1",5459,"MYLK",7.38323399127605e-05,NA,NA,NA
"run02_uniform_k1",5460,"NOS3",0.000136759922833574,NA,NA,NA
"run02_uniform_k1",5461,"CACNG2",5.72736887810565e-05,NA,NA,NA
"run02_uniform_k1",5462,"CASP7",1.26727879179445e-06,NA,NA,NA
"run02_uniform_k1",5463,"PRMT3",0,NA,NA,NA
"run02_uniform_k1",5464,"DHFR",0.000279606338591143,NA,NA,NA
"run02_uniform_k1",5465,"CEBPA",7.73820750388232e-05,NA,NA,NA
"run02_uniform_k1",5466,"CYP3A4",0.000708964295377368,NA,NA,NA
"run02_uniform_k1",5467,"PTEN",0.000112385888386912,NA,NA,NA
"run02_uniform_k1",5468,"PLEK",3.16787882370662e-06,NA,NA,NA
"run02_uniform_k1",5469,"F2",0.000128821901214549,NA,NA,NA
"run02_uniform_k1",5470,"FABP7",3.9904553374992e-06,NA,NA,NA
"run02_uniform_k1",5471,"CCL8",0,NA,NA,NA
"run02_uniform_k1",5472,"PTK2B",6.52603876749591e-06,NA,NA,NA
"run02_uniform_k1",5473,"GLO1",4.94041980381166e-06,NA,NA,NA
"run02_uniform_k1",5474,"HIF1A",0.000545020548238462,NA,NA,NA
"run02_uniform_k1",5475,"ICAM2",0,NA,NA,NA
"run02_uniform_k1",5476,"NCOA2",3.54820525111377e-05,NA,NA,NA
"run02_uniform_k1",5477,"ABCC8",3.66842389862843e-05,NA,NA,NA
"run02_uniform_k1",5478,"TJP1",0.000326838626150905,NA,NA,NA
"run02_uniform_k1",5479,"EDN1",0.000187385953273167,NA,NA,NA
"run02_uniform_k1",5480,"GRIN2A",0.000361526992004202,NA,NA,NA
"run02_uniform_k1",5481,"MAP2K1",0,NA,NA,NA
"run02_uniform_k1",5482,"SLC6A2",0,NA,NA,NA
"run02_uniform_k1",5483,"CTRB1",3.90273843604572e-05,NA,NA,NA
"run02_uniform_k1",5484,"SLCO1B1",3.08486910148842e-05,NA,NA,NA
"run02_uniform_k1",5485,"GNMT",0,NA,NA,NA
"run02_uniform_k1",5486,"PTH",0.00019439506068486,NA,NA,NA
"run02_uniform_k1",5487,"GSTM1",0.000122658682697341,NA,NA,NA
"run02_uniform_k1",5488,"DKK1",0,NA,NA,NA
"run02_uniform_k1",5489,"ESRRG",0.00109032893649263,NA,NA,NA
"run02_uniform_k1",5490,"BCL2L1",5.13395632928404e-05,NA,NA,NA
"run02_uniform_k1",5491,"SLCO1B1",3.08486910148842e-05,NA,NA,NA
"run02_uniform_k1",5492,"DRD2",0.000217393825030943,NA,NA,NA
"run02_uniform_k1",5493,"CRBN",3.83289296229661e-05,NA,NA,NA
"run02_uniform_k1",5494,"ACTR1B",0,NA,NA,NA
"run02_uniform_k1",5495,"APOM",0,NA,NA,NA
"run02_uniform_k1",5496,"TNFRSF9",0,NA,NA,NA
"run02_uniform_k1",5497,"AKR1A1",6.17051045759265e-06,NA,NA,NA
"run02_uniform_k1",5498,"WEE1",0,NA,NA,NA
"run02_uniform_k1",5499,"SRPK1",0.00108816969760961,NA,NA,NA
"run02_uniform_k1",5500,"NOTCH1",1.52730959466219e-05,NA,NA,NA
"run02_uniform_k1",5501,"IL1RN",0,NA,NA,NA
"run02_uniform_k1",5502,"SLC47A1",0,NA,NA,NA
"run02_uniform_k1",5503,"SYP",2.45220699257587e-05,NA,NA,NA
"run02_uniform_k1",5504,"KCNJ10",0,NA,NA,NA
"run02_uniform_k1",5505,"HTR3A",8.53896962736966e-05,NA,NA,NA
"run02_uniform_k1",5506,"ATG7",2.9146658695467e-06,NA,NA,NA
"run02_uniform_k1",5507,"CCNA2",1.83133006516067e-05,NA,NA,NA
"run02_uniform_k1",5508,"AIFM1",1.58347085155164e-06,NA,NA,NA
"run02_uniform_k1",5509,"MAOB",5.4236212515657e-05,NA,NA,NA
"run02_uniform_k1",5510,"CAMKK2",3.48444593978314e-06,NA,NA,NA
"run02_uniform_k1",5511,"GAA",0,NA,NA,NA
"run02_uniform_k1",5512,"DMP1",0,NA,NA,NA
"run02_uniform_k1",5513,"SNAI1",9.50644381658705e-07,NA,NA,NA
"run02_uniform_k1",5514,"DMP1",0,NA,NA,NA
"run02_uniform_k1",5515,"BACE1",5.67015318772013e-05,NA,NA,NA
"run02_uniform_k1",5516,"NPPA",7.28658572474172e-05,NA,NA,NA
"run02_uniform_k1",5517,"ACTG2",0,NA,NA,NA
"run02_uniform_k1",5518,"IL5",0,NA,NA,NA
"run02_uniform_k1",5519,"CHRNB2",1.93198243616521e-05,NA,NA,NA
"run02_uniform_k1",5520,"TNFRSF11B",0,NA,NA,NA
"run02_uniform_k1",5521,"PDE1B",3.71225818049936e-05,NA,NA,NA
"run02_uniform_k1",5522,"KRAS",0.00012277649828063,NA,NA,NA
"run02_uniform_k1",5523,"INSR",1.12798026006278e-05,NA,NA,NA
"run02_uniform_k1",5524,"COX6C",0,NA,NA,NA
"run02_uniform_k1",5525,"NRP1",0.000102455056317119,NA,NA,NA
"run02_uniform_k1",5526,"CFTR",0.00160265872797649,NA,NA,NA
"run02_uniform_k1",5527,"SOX2",0.00140571719586968,NA,NA,NA
"run02_uniform_k1",5528,"DUOX2",0.00118948957190246,NA,NA,NA
"run02_uniform_k1",5529,"ADH1A",0,NA,NA,NA
"run02_uniform_k1",5530,"IKBKB",6.84471676271059e-06,NA,NA,NA
"run02_uniform_k1",5531,"PRDX5",0,NA,NA,NA
"run02_uniform_k1",5532,"CDK1",0.000268330391133942,NA,NA,NA
"run02_uniform_k1",5533,"CCR7",5.06918390497102e-06,NA,NA,NA
"run02_uniform_k1",5534,"TG",5.56234870203731e-05,NA,NA,NA
"run02_uniform_k1",5535,"GABBR1",0.000629351098106912,NA,NA,NA
"run02_uniform_k1",5536,"PDE4A",1.34575381137703e-05,NA,NA,NA
"run02_uniform_k1",5537,"VEGFC",0,NA,NA,NA
"run02_uniform_k1",5538,"YWHAE",2.37606312166738e-05,NA,NA,NA
"run02_uniform_k1",5539,"PTK2B",6.52603876749591e-06,NA,NA,NA
"run02_uniform_k1",5540,"ADRA1B",0,NA,NA,NA
"run02_uniform_k1",5541,"S100A7",0.00101836981567682,NA,NA,NA
"run02_uniform_k1",5542,"GDNF",3.48479365919196e-06,NA,NA,NA
"run02_uniform_k1",5543,"PKD1",3.50334081220538e-05,NA,NA,NA
"run02_uniform_k1",5544,"SLC2A4",1.81861109559422e-05,NA,NA,NA
"run02_uniform_k1",5545,"NNT",0,NA,NA,NA
"run02_uniform_k1",5546,"PARK7",5.03123803161643e-05,NA,NA,NA
"run02_uniform_k1",5547,"THRB",3.80151793299977e-06,NA,NA,NA
"run02_uniform_k1",5548,"CTTN",2.99716390974591e-05,NA,NA,NA
"run02_uniform_k1",5549,"AKR1A1",6.17051045759265e-06,NA,NA,NA
"run02_uniform_k1",5550,"RAPGEF4",2.51523475149895e-05,NA,NA,NA
"run02_uniform_k1",5551,"CALM2",0,NA,NA,NA
"run02_uniform_k1",5552,"HBA2",0,NA,NA,NA
"run02_uniform_k1",5553,"NLN",0,NA,NA,NA
"run02_uniform_k1",5554,"CXCR4",0.000366755254582851,NA,NA,NA
"run02_uniform_k1",5555,"CYP11B1",0,NA,NA,NA
"run02_uniform_k1",5556,"RGN",1.78637354256717e-05,NA,NA,NA
"run02_uniform_k1",5557,"CASP8",8.23939107075233e-06,NA,NA,NA
"run02_uniform_k1",5558,"TBK1",8.23758983270473e-06,NA,NA,NA
"run02_uniform_k1",5559,"TUBB",0.000162866051467092,NA,NA,NA
"run02_uniform_k1",5560,"SSTR5",0,NA,NA,NA
"run02_uniform_k1",5561,"GABRA5",0,NA,NA,NA
"run02_uniform_k1",5562,"TG",5.56234870203731e-05,NA,NA,NA
"run02_uniform_k1",5563,"KCNJ15",0,NA,NA,NA
"run02_uniform_k1",5564,"PPARD",4.39109792027548e-05,NA,NA,NA
"run02_uniform_k1",5565,"POR",3.92763746058788e-05,NA,NA,NA
"run02_uniform_k1",5566,"IL36A",0,NA,NA,NA
"run02_uniform_k1",5567,"CYP1B1",1.26701867375623e-06,NA,NA,NA
"run02_uniform_k1",5568,"HRH3",0,NA,NA,NA
"run02_uniform_k1",5569,"ATP1A3",0,NA,NA,NA
"run02_uniform_k1",5570,"CX3CR1",0,NA,NA,NA
"run02_uniform_k1",5571,"TNFAIP6",4.94186435140431e-06,NA,NA,NA
"run02_uniform_k1",5572,"SOAT1",2.72368448894778e-06,NA,NA,NA
"run02_uniform_k1",5573,"TFEB",4.43464879762434e-06,NA,NA,NA
"run02_uniform_k1",5574,"GSTA2",5.30422370040862e-05,NA,NA,NA
"run02_uniform_k1",5575,"PROS1",2.21693788693411e-06,NA,NA,NA
"run02_uniform_k1",5576,"MAP2",5.57507217935349e-06,NA,NA,NA
"run02_uniform_k1",5577,"IL33",0,NA,NA,NA
"run02_uniform_k1",5578,"EIF4G1",1.23532645966984e-05,NA,NA,NA
"run02_uniform_k1",5579,"OPRD1",0,NA,NA,NA
"run02_uniform_k1",5580,"RAC2",7.2870543702308e-05,NA,NA,NA
"run02_uniform_k1",5581,"TH",0.000370274680685401,NA,NA,NA
"run02_uniform_k1",5582,"ASPA",0,NA,NA,NA
"run02_uniform_k1",5583,"RXRA",0.000142637488181885,NA,NA,NA
"run02_uniform_k1",5584,"ABCC9",1.45674367513227e-06,NA,NA,NA
"run02_uniform_k1",5585,"ARRDC3",6.33407013395093e-07,NA,NA,NA
"run02_uniform_k1",5586,"CYB5A",5.4039383747595e-05,NA,NA,NA
"run02_uniform_k1",5587,"NOS3",0.000136759922833574,NA,NA,NA
"run02_uniform_k1",5588,"ADRB2",0.000148693401879507,NA,NA,NA
"run02_uniform_k1",5589,"FOXP3",1.50821877838991e-05,NA,NA,NA
"run02_uniform_k1",5590,"LYN",0.000110145713016818,NA,NA,NA
"run02_uniform_k1",5591,"NOX1",2.49654080184403e-05,NA,NA,NA
"run02_uniform_k1",5592,"HDAC3",1.29907353231262e-05,NA,NA,NA
"run02_uniform_k1",5593,"AMY2A",0,NA,NA,NA
"run02_uniform_k1",5594,"GATM",0.000449150320023683,NA,NA,NA
"run02_uniform_k1",5595,"AMY2B",0,NA,NA,NA
"run02_uniform_k1",5596,"HAS2",0,NA,NA,NA
"run02_uniform_k1",5597,"F12",0,NA,NA,NA
"run02_uniform_k1",5598,"KCNA4",2.7111367415289e-05,NA,NA,NA
"run02_uniform_k1",5599,"PRKAB1",0,NA,NA,NA
"run02_uniform_k1",5600,"TNFAIP6",4.94186435140431e-06,NA,NA,NA
"run02_uniform_k1",5601,"TPH1",7.17150924056664e-05,NA,NA,NA
"run02_uniform_k1",5602,"RXRG",0,NA,NA,NA
"run02_uniform_k1",5603,"CPT1C",0,NA,NA,NA
"run02_uniform_k1",5604,"TNFAIP6",4.94186435140431e-06,NA,NA,NA
"run02_uniform_k1",5605,"NLN",0,NA,NA,NA
"run02_uniform_k1",5606,"TOP1",1.90060302329709e-06,NA,NA,NA
"run02_uniform_k1",5607,"COX5A",0,NA,NA,NA
"run02_uniform_k1",5608,"MAPK3",0.000389312216340865,NA,NA,NA
"run02_uniform_k1",5609,"KCNJ9",0,NA,NA,NA
"run02_uniform_k1",5610,"CCR6",0,NA,NA,NA
"run02_uniform_k1",5611,"COMT",0.000258432034107248,NA,NA,NA
"run02_uniform_k1",5612,"MOCOS",1.83708339053235e-05,NA,NA,NA
"run02_uniform_k1",5613,"HTR1A",8.14355352558582e-05,NA,NA,NA
"run02_uniform_k1",5614,"HTR6",2.29298407665723e-05,NA,NA,NA
"run02_uniform_k1",5615,"HDAC2",2.26872919905086e-05,NA,NA,NA
"run02_uniform_k1",5616,"FOXM1",1.90088265561439e-06,NA,NA,NA
"run02_uniform_k1",5617,"CHRM1",6.15364589550138e-05,NA,NA,NA
"run02_uniform_k1",5618,"LALBA",3.81683006253075e-05,NA,NA,NA
"run02_uniform_k1",5619,"KDR",2.14857653940692e-05,NA,NA,NA
"run02_uniform_k1",5620,"SMAD7",1.26728738392146e-06,NA,NA,NA
"run02_uniform_k1",5621,"KCNJ14",0,NA,NA,NA
"run02_uniform_k1",5622,"BACE1",5.67015318772013e-05,NA,NA,NA
"run02_uniform_k1",5623,"CTSD",0.000133066364187417,NA,NA,NA
"run02_uniform_k1",5624,"KCNA1",1.36823220714399e-05,NA,NA,NA
"run02_uniform_k1",5625,"RXRB",3.7531212242814e-05,NA,NA,NA
"run02_uniform_k1",5626,"POR",3.92763746058788e-05,NA,NA,NA
"run02_uniform_k1",5627,"C8G",8.92998568191583e-06,NA,NA,NA
"run02_uniform_k1",5628,"SLC2A1",0.000140046836469954,NA,NA,NA
"run02_uniform_k1",5629,"EPOR",4.26416671160945e-05,NA,NA,NA
"run02_uniform_k1",5630,"GSTK1",0,NA,NA,NA
"run02_uniform_k1",5631,"AGXT2",0.000181321349120078,NA,NA,NA
"run02_uniform_k1",5632,"HIF1A",0.000545020548238462,NA,NA,NA
"run02_uniform_k1",5633,"CD274",2.2623615720252e-05,NA,NA,NA
"run02_uniform_k1",5634,"CTTN",2.99716390974591e-05,NA,NA,NA
"run02_uniform_k1",5635,"ADH7",0,NA,NA,NA
"run02_uniform_k1",5636,"SNAI1",9.50644381658705e-07,NA,NA,NA
"run02_uniform_k1",5637,"CYCS",0.0019228192201588,NA,NA,NA
"run02_uniform_k1",5638,"LEF1",5.06903005115245e-06,NA,NA,NA
"run02_uniform_k1",5639,"SOCS3",1.47020577304646e-05,NA,NA,NA
"run02_uniform_k1",5640,"THRB",3.80151793299977e-06,NA,NA,NA
"run02_uniform_k1",5641,"PLAU",9.12459578450431e-06,NA,NA,NA
"run02_uniform_k1",5642,"RXRG",0,NA,NA,NA
"run02_uniform_k1",5643,"ESR1",0.00102478911944048,NA,NA,NA
"run02_uniform_k1",5644,"SLCO2B1",0,NA,NA,NA
"run02_uniform_k1",5645,"SERPINE1",0.000106720941403182,NA,NA,NA
"run02_uniform_k1",5646,"CYP2E1",0.000529547743911452,NA,NA,NA
"run02_uniform_k1",5647,"SELE",1.58407098771463e-06,NA,NA,NA
"run02_uniform_k1",5648,"SIRT2",1.36869569887788e-05,NA,NA,NA
"run02_uniform_k1",5649,"AGTR1",7.87895413547623e-05,NA,NA,NA
"run02_uniform_k1",5650,"CMA1",0,NA,NA,NA
"run02_uniform_k1",5651,"CASP1",0.00024876408303065,NA,NA,NA
"run02_uniform_k1",5652,"KCND1",0,NA,NA,NA
"run02_uniform_k1",5653,"DCK",6.65095605247856e-05,NA,NA,NA
"run02_uniform_k1",5654,"DLG1",6.50075176803488e-05,NA,NA,NA
"run02_uniform_k1",5655,"KLF4",2.5346502531276e-06,NA,NA,NA
"run02_uniform_k1",5656,"GABRA4",0,NA,NA,NA
"run02_uniform_k1",5657,"TP53",0.00427693686378816,NA,NA,NA
"run02_uniform_k1",5658,"FEN1",1.98912329634204e-05,NA,NA,NA
"run02_uniform_k1",5659,"DGKD",3.99034614917415e-06,NA,NA,NA
"run02_uniform_k1",5660,"PTEN",0.000112385888386912,NA,NA,NA
"run02_uniform_k1",5661,"ADH1B",0,NA,NA,NA
"run02_uniform_k1",5662,"PPID",0,NA,NA,NA
"run02_uniform_k1",5663,"ITPR2",6.33550958140106e-07,NA,NA,NA
"run02_uniform_k1",5664,"ATOX1",0,NA,NA,NA
"run02_uniform_k1",5665,"CYP1A1",0.000371673359131575,NA,NA,NA
"run02_uniform_k1",5666,"MAPK8",0.00014699135508045,NA,NA,NA
"run02_uniform_k1",5667,"CXCL1",0,NA,NA,NA
"run02_uniform_k1",5668,"DAO",0,NA,NA,NA
"run02_uniform_k1",5669,"THRB",3.80151793299977e-06,NA,NA,NA
"run02_uniform_k1",5670,"DGKA",5.13043205019326e-06,NA,NA,NA
"run02_uniform_k1",5671,"CHUK",1.55270045979483e-05,NA,NA,NA
"run02_uniform_k1",5672,"SPP1",0.000133522093562433,NA,NA,NA
"run02_uniform_k1",5673,"CD83",0,NA,NA,NA
"run02_uniform_k1",5674,"PARK7",5.03123803161643e-05,NA,NA,NA
"run02_uniform_k1",5675,"ADRA1A",0,NA,NA,NA
"run02_uniform_k1",5676,"CACNG2",5.72736887810565e-05,NA,NA,NA
"run02_uniform_k1",5677,"GRIN3B",0,NA,NA,NA
"run02_uniform_k1",5678,"REN",0.000113239453789604,NA,NA,NA
"run02_uniform_k1",5679,"PKIA",2.53383300530263e-06,NA,NA,NA
"run02_uniform_k1",5680,"HTR2A",4.49190304361302e-05,NA,NA,NA
"run02_uniform_k1",5681,"PLD1",0,NA,NA,NA
"run02_uniform_k1",5682,"ITPR2",6.33550958140106e-07,NA,NA,NA
"run02_uniform_k1",5683,"ADH1B",0,NA,NA,NA
"run02_uniform_k1",5684,"CASP8",8.23939107075233e-06,NA,NA,NA
"run02_uniform_k1",5685,"ATP2A1",4.62343104201679e-06,NA,NA,NA
"run02_uniform_k1",5686,"PLA2G2A",5.81866140334508e-05,NA,NA,NA
"run02_uniform_k1",5687,"TPO",1.92561135294866e-05,NA,NA,NA
"run02_uniform_k1",5688,"EPOR",4.26416671160945e-05,NA,NA,NA
"run02_uniform_k1",5689,"CRK",6.33660876869779e-06,NA,NA,NA
"run02_uniform_k1",5690,"IL4",0.000213216805235672,NA,NA,NA
"run02_uniform_k1",5691,"CFTR",0.00160265872797649,NA,NA,NA
"run02_uniform_k1",5692,"GLI1",5.44927221779457e-06,NA,NA,NA
"run02_uniform_k1",5693,"ESRRG",0.00109032893649263,NA,NA,NA
"run02_uniform_k1",5694,"JUN",0.000712792808186147,NA,NA,NA
"run02_uniform_k1",5695,"SPP1",0.000133522093562433,NA,NA,NA
"run02_uniform_k1",5696,"EGFR",0.00376976574950694,NA,NA,NA
"run02_uniform_k1",5697,"S100A13",2.28031262317074e-06,NA,NA,NA
"run02_uniform_k1",5698,"HGF",0,NA,NA,NA
"run02_uniform_k1",5699,"KCNJ11",0.00241899994818762,NA,NA,NA
"run02_uniform_k1",5700,"MMP13",1.63470522265285e-05,NA,NA,NA
"run02_uniform_k1",5701,"LPO",0,NA,NA,NA
"run02_uniform_k1",5702,"TUBG1",1.58373381198285e-06,NA,NA,NA
"run02_uniform_k1",5703,"HSD3B1",7.1585802265961e-06,NA,NA,NA
"run02_uniform_k1",5704,"TFRC",0.000239327299633385,NA,NA,NA
"run02_uniform_k1",5705,"CREB1",0.000475073453506725,NA,NA,NA
"run02_uniform_k1",5706,"HAMP",0.000187982524293195,NA,NA,NA
"run02_uniform_k1",5707,"MTOR",0.000351853732282081,NA,NA,NA
"run02_uniform_k1",5708,"BMPR2",8.59954951424324e-05,NA,NA,NA
"run02_uniform_k1",5709,"FABP1",2.30624266933654e-05,NA,NA,NA
"run02_uniform_k1",5710,"ACTG1",2.72461711825489e-06,NA,NA,NA
"run02_uniform_k1",5711,"TEK",0,NA,NA,NA
"run02_uniform_k1",5712,"UGT1A1",6.43666731126036e-05,NA,NA,NA
"run02_uniform_k1",5713,"APCS",0.00117690914019986,NA,NA,NA
"run02_uniform_k1",5714,"PLD1",0,NA,NA,NA
"run02_uniform_k1",5715,"ROS1",0,NA,NA,NA
"run02_uniform_k1",5716,"CBR1",3.06594182049036e-05,NA,NA,NA
"run02_uniform_k1",5717,"NAAA",0,NA,NA,NA
"run02_uniform_k1",5718,"IGF1",0.000380119663706879,NA,NA,NA
"run02_uniform_k1",5719,"STAT5A",4.23996396073933e-05,NA,NA,NA
"run02_uniform_k1",5720,"NFE2L2",7.2947073822438e-05,NA,NA,NA
"run02_uniform_k1",5721,"NOX4",3.0792080655373e-05,NA,NA,NA
"run02_uniform_k1",5722,"F12",0,NA,NA,NA
"run02_uniform_k1",5723,"SLC6A2",0,NA,NA,NA
"run02_uniform_k1",5724,"COL1A2",8.49027404237201e-06,NA,NA,NA
"run02_uniform_k1",5725,"SLC8A1",0,NA,NA,NA
"run02_uniform_k1",5726,"DRD4",1.19735525129228e-05,NA,NA,NA
"run02_uniform_k1",5727,"EIF4G1",1.23532645966984e-05,NA,NA,NA
"run02_uniform_k1",5728,"ADH7",0,NA,NA,NA
"run02_uniform_k1",5729,"TLR4",0.000516160551537248,NA,NA,NA
"run02_uniform_k1",5730,"TFR2",1.9001036434263e-06,NA,NA,NA
"run02_uniform_k1",5731,"CPT1A",1.49157660161992e-05,NA,NA,NA
"run02_uniform_k1",5732,"FABP4",8.52242665472236e-05,NA,NA,NA
"run02_uniform_k1",5733,"LCP1",0.00205551981329799,NA,NA,NA
"run02_uniform_k1",5734,"ATG5",1.93264314094499e-05,NA,NA,NA
"run02_uniform_k1",5735,"CCL22",0,NA,NA,NA
"run02_uniform_k1",5736,"CA2",1.50098666125142e-05,NA,NA,NA
"run02_uniform_k1",5737,"TGM2",0,NA,NA,NA
"run02_uniform_k1",5738,"NDUFV2",0,NA,NA,NA
"run02_uniform_k1",5739,"SCARB1",0.000336871406579009,NA,NA,NA
"run02_uniform_k1",5740,"F7",0.00116938158797564,NA,NA,NA
"run02_uniform_k1",5741,"NFKB1",0.000211104315194666,NA,NA,NA
"run02_uniform_k1",5742,"LMNB1",7.2866286621176e-06,NA,NA,NA
"run02_uniform_k1",5743,"P4HB",2.24939291733062e-05,NA,NA,NA
"run02_uniform_k1",5744,"NDUFV2",0,NA,NA,NA
"run02_uniform_k1",5745,"ACTG1",2.72461711825489e-06,NA,NA,NA
"run02_uniform_k1",5746,"S100A7",0.00101836981567682,NA,NA,NA
"run02_uniform_k1",5747,"SREBF2",1.69818952083789e-05,NA,NA,NA
"run02_uniform_k1",5748,"F2RL1",1.81154153372498e-05,NA,NA,NA
"run02_uniform_k1",5749,"SRD5A2",3.08503783238434e-05,NA,NA,NA
"run02_uniform_k1",5750,"CXCL1",0,NA,NA,NA
"run02_uniform_k1",5751,"MCL1",1.67940085561424e-05,NA,NA,NA
"run02_uniform_k1",5752,"XPO1",1.66633213304346e-05,NA,NA,NA
"run02_uniform_k1",5753,"GRIA1",1.90084712514693e-06,NA,NA,NA
"run02_uniform_k1",5754,"GABRD",9.49995296650741e-07,NA,NA,NA
"run02_uniform_k1",5755,"HSP90AA1",0.000781176350650004,NA,NA,NA
"run02_uniform_k1",5756,"CYP21A2",0,NA,NA,NA
"run02_uniform_k1",5757,"DGKA",5.13043205019326e-06,NA,NA,NA
"run02_uniform_k1",5758,"SLPI",0,NA,NA,NA
"run02_uniform_k1",5759,"TFF1",9.5019484058767e-07,NA,NA,NA
"run02_uniform_k1",5760,"AMY2A",0,NA,NA,NA
"run02_uniform_k1",5761,"PLA2G2A",5.81866140334508e-05,NA,NA,NA
"run02_uniform_k1",5762,"CYP11B2",0.000106525313512962,NA,NA,NA
"run02_uniform_k1",5763,"TRPV4",0.000106153420904809,NA,NA,NA
"run02_uniform_k1",5764,"USP10",4.9733160998211e-05,NA,NA,NA
"run02_uniform_k1",5765,"SLC29A2",0,NA,NA,NA
"run02_uniform_k1",5766,"IL1RN",0,NA,NA,NA
"run02_uniform_k1",5767,"HIF1A",0.000545020548238462,NA,NA,NA
"run02_uniform_k1",5768,"TAT",6.1444352762341e-05,NA,NA,NA
"run02_uniform_k1",5769,"CSF3",4.44861479179659e-05,NA,NA,NA
"run02_uniform_k1",5770,"VIM",5.2598025607753e-05,NA,NA,NA
"run02_uniform_k1",5771,"FABP4",8.52242665472236e-05,NA,NA,NA
"run02_uniform_k1",5772,"TOP2A",1.51432024206866e-05,NA,NA,NA
"run02_uniform_k1",5773,"IL1RN",0,NA,NA,NA
"run02_uniform_k1",5774,"AKR1C3",0.000173978783267859,NA,NA,NA
"run02_uniform_k1",5775,"CD80",0,NA,NA,NA
"run02_uniform_k1",5776,"COL7A1",0,NA,NA,NA
"run02_uniform_k1",5777,"INS",0.00437927624027923,NA,NA,NA
"run02_uniform_k1",5778,"SLC2A4",1.81861109559422e-05,NA,NA,NA
"run02_uniform_k1",5779,"SOAT1",2.72368448894778e-06,NA,NA,NA
"run02_uniform_k1",5780,"ALAS2",0.000126132338585272,NA,NA,NA
"run02_uniform_k1",5781,"ITPR2",6.33550958140106e-07,NA,NA,NA
"run02_uniform_k1",5782,"NFKBIE",0,NA,NA,NA
"run02_uniform_k1",5783,"CSF1",1.07725687046312e-05,NA,NA,NA
"run02_uniform_k1",5784,"VLDLR",0,NA,NA,NA
"run02_uniform_k1",5785,"NLN",0,NA,NA,NA
"run02_uniform_k1",5786,"CASP8",8.23939107075233e-06,NA,NA,NA
"run02_uniform_k1",5787,"PKIA",2.53383300530263e-06,NA,NA,NA
"run02_uniform_k1",5788,"CASP3",0.000462575099730467,NA,NA,NA
"run02_uniform_k1",5789,"BDNF",0.000792185293056469,NA,NA,NA
"run02_uniform_k1",5790,"ALAS2",0.000126132338585272,NA,NA,NA
"run02_uniform_k1",5791,"TAC1",0.001463424927591,NA,NA,NA
"run02_uniform_k1",5792,"NFKBIA",5.47616073202084e-05,NA,NA,NA
"run02_uniform_k1",5793,"HDAC3",1.29907353231262e-05,NA,NA,NA
"run02_uniform_k1",5794,"SLC2A1",0.000140046836469954,NA,NA,NA
"run02_uniform_k1",5795,"HTR7",2.21651978515869e-06,NA,NA,NA
"run02_uniform_k1",5796,"VTN",6.33650236725458e-07,NA,NA,NA
"run02_uniform_k1",5797,"TOMM70",0,NA,NA,NA
"run02_uniform_k1",5798,"CALM2",0,NA,NA,NA
"run02_uniform_k1",5799,"RXRA",0.000142637488181885,NA,NA,NA
"run02_uniform_k1",5800,"CALML5",7.42946995627713e-05,NA,NA,NA
"run02_uniform_k1",5801,"FSHR",1.23538226016739e-05,NA,NA,NA
"run02_uniform_k1",5802,"HRH3",0,NA,NA,NA
"run02_uniform_k1",5803,"AANAT",0,NA,NA,NA
"run02_uniform_k1",5804,"IGFBP3",2.54114516418102e-05,NA,NA,NA
"run02_uniform_k1",5805,"SHBG",3.16169811188649e-05,NA,NA,NA
"run02_uniform_k1",5806,"SLCO1B1",3.08486910148842e-05,NA,NA,NA
"run02_uniform_k1",5807,"PPIF",5.98208087934093e-05,NA,NA,NA
"run02_uniform_k1",5808,"CALM2",0,NA,NA,NA
"run02_uniform_k1",5809,"CEBPA",7.73820750388232e-05,NA,NA,NA
"run02_uniform_k1",5810,"GPR18",0,NA,NA,NA
"run02_uniform_k1",5811,"CEBPA",7.73820750388232e-05,NA,NA,NA
"run02_uniform_k1",5812,"HCRTR2",0,NA,NA,NA
"run02_uniform_k1",5813,"BIRC3",6.3362084734564e-07,NA,NA,NA
"run02_uniform_k1",5814,"TYMS",0.000142484575824997,NA,NA,NA
"run02_uniform_k1",5815,"GABRA6",0,NA,NA,NA
"run02_uniform_k1",5816,"CP",4.75143862451732e-05,NA,NA,NA
"run02_uniform_k1",5817,"GAS6",1.2544836703432e-05,NA,NA,NA
"run02_uniform_k1",5818,"SOAT1",2.72368448894778e-06,NA,NA,NA
"run02_uniform_k1",5819,"AQP9",0,NA,NA,NA
"run02_uniform_k1",5820,"GABRA6",0,NA,NA,NA
"run02_uniform_k1",5821,"GABRQ",0,NA,NA,NA
"run02_uniform_k1",5822,"KCNH2",0.000463751185241779,NA,NA,NA
"run02_uniform_k1",5823,"CASP8",8.23939107075233e-06,NA,NA,NA
"run02_uniform_k1",5824,"PPID",0,NA,NA,NA
"run02_uniform_k1",5825,"CRBN",3.83289296229661e-05,NA,NA,NA
"run02_uniform_k1",5826,"PTPN1",3.86549374464806e-06,NA,NA,NA
"run02_uniform_k1",5827,"ATP1A3",0,NA,NA,NA
"run02_uniform_k1",5828,"BAX",8.97923976903581e-05,NA,NA,NA
"run02_uniform_k1",5829,"GPER1",8.61720038791702e-06,NA,NA,NA
"run02_uniform_k1",5830,"SOX9",0.000102527928081186,NA,NA,NA
"run02_uniform_k1",5831,"MT2A",0.00087441544054756,NA,NA,NA
"run02_uniform_k1",5832,"SULT1E1",0,NA,NA,NA
"run02_uniform_k1",5833,"KCND3",0.00107729447119487,NA,NA,NA
"run02_uniform_k1",5834,"SLC8A2",0,NA,NA,NA
"run02_uniform_k1",5835,"TFR2",1.9001036434263e-06,NA,NA,NA
"run02_uniform_k1",5836,"ADRA2C",1.26052450867276e-05,NA,NA,NA
"run02_uniform_k1",5837,"PTGS2",0.00143001964027745,NA,NA,NA
"run02_uniform_k1",5838,"NOS3",0.000136759922833574,NA,NA,NA
"run02_uniform_k1",5839,"TH",0.000370274680685401,NA,NA,NA
"run02_uniform_k1",5840,"E2F1",6.05857808446686e-05,NA,NA,NA
"run02_uniform_k1",5841,"KEAP1",8.90865911317151e-05,NA,NA,NA
"run02_uniform_k1",5842,"CDK4",5.9067280737346e-05,NA,NA,NA
"run02_uniform_k1",5843,"CPT1B",0,NA,NA,NA
"run02_uniform_k1",5844,"HNF4G",0,NA,NA,NA
"run02_uniform_k1",5845,"HDAC11",2.40710719945358e-06,NA,NA,NA
"run02_uniform_k1",5846,"RELA",8.98188410365375e-05,NA,NA,NA
"run02_uniform_k1",5847,"HNF4G",0,NA,NA,NA
"run02_uniform_k1",5848,"CFLAR",6.33631245472444e-07,NA,NA,NA
"run02_uniform_k1",5849,"GAS6",1.2544836703432e-05,NA,NA,NA
"run02_uniform_k1",5850,"HDAC10",0,NA,NA,NA
"run02_uniform_k1",5851,"SCN4B",6.14500670026441e-06,NA,NA,NA
"run02_uniform_k1",5852,"RRM1",0.000117817230330219,NA,NA,NA
"run02_uniform_k1",5853,"TEP1",0,NA,NA,NA
"run02_uniform_k1",5854,"YAP1",2.37641275353528e-05,NA,NA,NA
"run02_uniform_k1",5855,"SCN4B",6.14500670026441e-06,NA,NA,NA
"run02_uniform_k1",5856,"DHRS3",0,NA,NA,NA
"run02_uniform_k1",5857,"STAT1",0.000487010105838959,NA,NA,NA
"run02_uniform_k1",5858,"VWF",5.62078033525815e-05,NA,NA,NA
"run02_uniform_k1",5859,"MAP2K1",0,NA,NA,NA
"run02_uniform_k1",5860,"GPER1",8.61720038791702e-06,NA,NA,NA
"run02_uniform_k1",5861,"GCA",0.000913104018283151,NA,NA,NA
"run02_uniform_k1",5862,"ERBB2",0.000157327965161547,NA,NA,NA
"run02_uniform_k1",5863,"RAC1",1.74887232585741e-05,NA,NA,NA
"run02_uniform_k1",5864,"ESRRB",2.36306737284586e-05,NA,NA,NA
"run02_uniform_k1",5865,"CACNA1H",5.72384790692437e-05,NA,NA,NA
"run02_uniform_k1",5866,"GLDC",4.87735973941916e-06,NA,NA,NA
"run02_uniform_k1",5867,"PENK",0,NA,NA,NA
"run02_uniform_k1",5868,"MMP13",1.63470522265285e-05,NA,NA,NA
"run02_uniform_k1",5869,"HBB",6.40684097101829e-05,NA,NA,NA
"run02_uniform_k1",5870,"PKD2",3.16666038624458e-06,NA,NA,NA
"run02_uniform_k1",5871,"AGTR1",7.87895413547623e-05,NA,NA,NA
"run02_uniform_k1",5872,"MT2A",0.00087441544054756,NA,NA,NA
"run02_uniform_k1",5873,"KCNJ10",0,NA,NA,NA
"run02_uniform_k1",5874,"PIM1",0,NA,NA,NA
"run02_uniform_k1",5875,"HMGCR",0.000154038156850445,NA,NA,NA
"run02_uniform_k1",5876,"RARG",0,NA,NA,NA
"run02_uniform_k1",5877,"NDUFV3",0,NA,NA,NA
"run02_uniform_k1",5878,"FOXO1",0.000280307095370635,NA,NA,NA
"run02_uniform_k1",5879,"ARF4",1.97623946650571e-05,NA,NA,NA
"run02_uniform_k1",5880,"DNPEP",0,NA,NA,NA
"run02_uniform_k1",5881,"RASGRF1",5.25865086087318e-06,NA,NA,NA
"run02_uniform_k1",5882,"SLC1A3",2.4134429150835e-05,NA,NA,NA
"run02_uniform_k1",5883,"TJP1",0.000326838626150905,NA,NA,NA
"run02_uniform_k1",5884,"PKD1",3.50334081220538e-05,NA,NA,NA
"run02_uniform_k1",5885,"LRP5",0,NA,NA,NA
"run02_uniform_k1",5886,"GUSB",4.43396339928626e-05,NA,NA,NA
"run02_uniform_k1",5887,"RXRA",0.000142637488181885,NA,NA,NA
"run02_uniform_k1",5888,"CATSPER1",0,NA,NA,NA
"run02_uniform_k1",5889,"FOXO3",4.79174602721066e-05,NA,NA,NA
"run02_uniform_k1",5890,"TNFRSF1A",1.26749186291075e-05,NA,NA,NA
"run02_uniform_k1",5891,"REN",0.000113239453789604,NA,NA,NA
"run02_uniform_k1",5892,"ESR1",0.00102478911944048,NA,NA,NA
"run02_uniform_k1",5893,"EIF2AK2",0.000116554297583948,NA,NA,NA
"run02_uniform_k1",5894,"ORM1",1.43183478092945e-05,NA,NA,NA
"run02_uniform_k1",5895,"CX3CR1",0,NA,NA,NA
"run02_uniform_k1",5896,"ITPR1",0.000202309527979283,NA,NA,NA
"run02_uniform_k1",5897,"APOM",0,NA,NA,NA
"run02_uniform_k1",5898,"CYP7B1",5.06699999092142e-06,NA,NA,NA
"run02_uniform_k1",5899,"BID",6.01936829902616e-06,NA,NA,NA
"run02_uniform_k1",5900,"CRBN",3.83289296229661e-05,NA,NA,NA
"run02_uniform_k1",5901,"F10",1.53928141654047e-05,NA,NA,NA
"run02_uniform_k1",5902,"ALDH3A1",7.8987277396747e-05,NA,NA,NA
"run02_uniform_k1",5903,"ARF5",0,NA,NA,NA
"run02_uniform_k1",5904,"GDNF",3.48479365919196e-06,NA,NA,NA
"run02_uniform_k1",5905,"CACNA2D4",0,NA,NA,NA
"run02_uniform_k1",5906,"SLC11A1",0,NA,NA,NA
"run02_uniform_k1",5907,"CCL3",1.67921707164842e-05,NA,NA,NA
"run02_uniform_k1",5908,"HCRT",0.000169339993540296,NA,NA,NA
"run02_uniform_k1",5909,"OPRM1",8.74989474437537e-05,NA,NA,NA
"run02_uniform_k1",5910,"PROS1",2.21693788693411e-06,NA,NA,NA
"run02_uniform_k1",5911,"SIRT2",1.36869569887788e-05,NA,NA,NA
"run02_uniform_k1",5912,"ACTR1A",0.00117031116279964,NA,NA,NA
"run02_uniform_k1",5913,"CP",4.75143862451732e-05,NA,NA,NA
"run02_uniform_k1",5914,"DHODH",1.42497466326663e-05,NA,NA,NA
"run02_uniform_k1",5915,"AMY1A",0,NA,NA,NA
"run02_uniform_k1",5916,"F3",4.30244857466677e-05,NA,NA,NA
"run02_uniform_k1",5917,"SHMT1",4.44281784347522e-05,NA,NA,NA
"run02_uniform_k1",5918,"KCNJ6",2.88254911089414e-05,NA,NA,NA
"run02_uniform_k1",5919,"PDE5A",1.15913843198312e-05,NA,NA,NA
"run02_uniform_k1",5920,"GABRB2",0,NA,NA,NA
"run02_uniform_k1",5921,"TIGAR",0,NA,NA,NA
"run02_uniform_k1",5922,"ORM2",0,NA,NA,NA
"run02_uniform_k1",5923,"PDE7B",0,NA,NA,NA
"run02_uniform_k1",5924,"CHRM2",2.51721592002818e-05,NA,NA,NA
"run02_uniform_k1",5925,"PIM1",0,NA,NA,NA
"run02_uniform_k1",5926,"CASP8",8.23939107075233e-06,NA,NA,NA
"run02_uniform_k1",5927,"PDE7B",0,NA,NA,NA
"run02_uniform_k1",5928,"RBP4",4.16853263397465e-05,NA,NA,NA
"run02_uniform_k1",5929,"THBD",8.99612495086632e-06,NA,NA,NA
"run02_uniform_k1",5930,"PDE3B",4.40978259571567e-05,NA,NA,NA
"run02_uniform_k1",5931,"IL4",0.000213216805235672,NA,NA,NA
"run02_uniform_k1",5932,"CASP1",0.00024876408303065,NA,NA,NA
"run02_uniform_k1",5933,"PRKCI",0,NA,NA,NA
"run02_uniform_k1",5934,"JAK2",0.000791453142699572,NA,NA,NA
"run02_uniform_k1",5935,"ITPR3",1.88839173905775e-05,NA,NA,NA
"run02_uniform_k1",5936,"ZEB1",0,NA,NA,NA
"run02_uniform_k1",5937,"NCOA6",0,NA,NA,NA
"run02_uniform_k1",5938,"P2RX4",0,NA,NA,NA
"run02_uniform_k1",5939,"IMPDH1",3.87605638363375e-05,NA,NA,NA
"run02_uniform_k1",5940,"TIMP1",6.97061284626876e-06,NA,NA,NA
"run02_uniform_k1",5941,"PRKAA1",2.85143022038525e-06,NA,NA,NA
"run02_uniform_k1",5942,"SLC11A1",0,NA,NA,NA
"run02_uniform_k1",5943,"GRIN2C",0,NA,NA,NA
"run02_uniform_k1",5944,"ATF2",1.14067009802099e-05,NA,NA,NA
"run02_uniform_k1",5945,"ADH1C",0,NA,NA,NA
"run02_uniform_k1",5946,"LDLR",0,NA,NA,NA
"run02_uniform_k1",5947,"COL1A2",8.49027404237201e-06,NA,NA,NA
"run02_uniform_k1",5948,"FADS1",9.28518306324566e-05,NA,NA,NA
"run02_uniform_k1",5949,"PPP3R1",0,NA,NA,NA
"run02_uniform_k1",5950,"NFATC3",3.48468834243665e-06,NA,NA,NA
"run02_uniform_k1",5951,"MB",4.23248293774936e-05,NA,NA,NA
"run02_uniform_k1",5952,"JAK2",0.000791453142699572,NA,NA,NA
"run02_uniform_k1",5953,"CACNA1H",5.72384790692437e-05,NA,NA,NA
"run02_uniform_k1",5954,"PLA2G2D",0,NA,NA,NA
"run02_uniform_k1",5955,"BAD",6.33634698421481e-06,NA,NA,NA
"run02_uniform_k1",5956,"P2RX4",0,NA,NA,NA
"run02_uniform_k1",5957,"EGF",0.000230000691015642,NA,NA,NA
"run02_uniform_k1",5958,"BAD",6.33634698421481e-06,NA,NA,NA
"run02_uniform_k1",5959,"RUNX3",2.26216416990832e-05,NA,NA,NA
"run02_uniform_k1",5960,"GRIN2A",0.000361526992004202,NA,NA,NA
"run02_uniform_k1",5961,"CHAT",0.00035285368960325,NA,NA,NA
"run02_uniform_k1",5962,"PHB2",3.20568660923115e-05,NA,NA,NA
"run02_uniform_k1",5963,"MMP13",1.63470522265285e-05,NA,NA,NA
"run02_uniform_k1",5964,"P2RX7",5.59297818042426e-05,NA,NA,NA
"run02_uniform_k1",5965,"ADH1B",0,NA,NA,NA
"run02_uniform_k1",5966,"IL4",0.000213216805235672,NA,NA,NA
"run02_uniform_k1",5967,"NOD2",2.72727341009693e-05,NA,NA,NA
"run02_uniform_k1",5968,"ELK1",0,NA,NA,NA
"run02_uniform_k1",5969,"GPER1",8.61720038791702e-06,NA,NA,NA
"run02_uniform_k1",5970,"ATP2C2",0,NA,NA,NA
"run02_uniform_k1",5971,"PIK3CD",0,NA,NA,NA
"run02_uniform_k1",5972,"CBR1",3.06594182049036e-05,NA,NA,NA
"run02_uniform_k1",5973,"ALOX12",1.1402958573159e-05,NA,NA,NA
"run02_uniform_k1",5974,"CYP11A1",1.84332824758604e-05,NA,NA,NA
"run02_uniform_k1",5975,"FABP1",2.30624266933654e-05,NA,NA,NA
"run02_uniform_k1",5976,"F2",0.000128821901214549,NA,NA,NA
"run02_uniform_k1",5977,"SCN8A",0,NA,NA,NA
"run02_uniform_k1",5978,"TRPA1",6.7343185876978e-05,NA,NA,NA
"run02_uniform_k1",5979,"PTAFR",0,NA,NA,NA
"run02_uniform_k1",5980,"FADS2",4.0853135067076e-05,NA,NA,NA
"run02_uniform_k1",5981,"OPA1",9.50142898359374e-07,NA,NA,NA
"run02_uniform_k1",5982,"BCAT2",2.6019618702966e-05,NA,NA,NA
"run02_uniform_k1",5983,"CACNA2D3",0,NA,NA,NA
"run02_uniform_k1",5984,"SREBF2",1.69818952083789e-05,NA,NA,NA
"run02_uniform_k1",5985,"TFAM",0,NA,NA,NA
"run02_uniform_k1",5986,"HTR2C",1.81821061465692e-05,NA,NA,NA
"run02_uniform_k1",5987,"TACR3",0,NA,NA,NA
"run02_uniform_k1",5988,"BTK",0.000119272845312435,NA,NA,NA
"run02_uniform_k1",5989,"CYP1B1",1.26701867375623e-06,NA,NA,NA
"run02_uniform_k1",5990,"LYN",0.000110145713016818,NA,NA,NA
"run02_uniform_k1",5991,"CHUK",1.55270045979483e-05,NA,NA,NA
"run02_uniform_k1",5992,"AKR1C1",5.66614851992275e-05,NA,NA,NA
"run02_uniform_k1",5993,"AURKC",0,NA,NA,NA
"run02_uniform_k1",5994,"GPR35",0,NA,NA,NA
"run02_uniform_k1",5995,"MAPT",0.000248151462638568,NA,NA,NA
"run02_uniform_k1",5996,"ORM2",0,NA,NA,NA
"run02_uniform_k1",5997,"ADA",5.3173443308685e-05,NA,NA,NA
"run02_uniform_k1",5998,"MT2A",0.00087441544054756,NA,NA,NA
"run02_uniform_k1",5999,"PCYT1A",2.85706032163713e-05,NA,NA,NA
"run02_uniform_k1",6000,"CDK8",0,NA,NA,NA
"run02_uniform_k1",6001,"GLI1",5.44927221779457e-06,NA,NA,NA
"run02_uniform_k1",6002,"CXADR",1.64676675717956e-06,NA,NA,NA
"run02_uniform_k1",6003,"LDLR",0,NA,NA,NA
"run02_uniform_k1",6004,"HTR2B",3.80070954153489e-06,NA,NA,NA
"run02_uniform_k1",6005,"MYH6",5.61947915448391e-05,NA,NA,NA
"run02_uniform_k1",6006,"MAPT",0.000248151462638568,NA,NA,NA
"run02_uniform_k1",6007,"FGF23",6.25962068182551e-05,NA,NA,NA
"run02_uniform_k1",6008,"GRIN2D",0,NA,NA,NA
"run02_uniform_k1",6009,"ICAM1",0.000172524776509531,NA,NA,NA
"run02_uniform_k1",6010,"FSHR",1.23538226016739e-05,NA,NA,NA
"run02_uniform_k1",6011,"SLC1A3",2.4134429150835e-05,NA,NA,NA
"run02_uniform_k1",6012,"CD274",2.2623615720252e-05,NA,NA,NA
"run02_uniform_k1",6013,"SLC15A1",1.58338604960839e-06,NA,NA,NA
"run02_uniform_k1",6014,"KCNMA1",2.73028963679867e-05,NA,NA,NA
"run02_uniform_k1",6015,"ACACB",1.55840957074549e-05,NA,NA,NA
"run02_uniform_k1",6016,"FADS1",9.28518306324566e-05,NA,NA,NA
"run02_uniform_k1",6017,"SLC2A4",1.81861109559422e-05,NA,NA,NA
"run02_uniform_k1",6018,"TIMP1",6.97061284626876e-06,NA,NA,NA
"run02_uniform_k1",6019,"THBD",8.99612495086632e-06,NA,NA,NA
"run02_uniform_k1",6020,"AIFM1",1.58347085155164e-06,NA,NA,NA
"run02_uniform_k1",6021,"HNRNPA1",0.0011965986405017,NA,NA,NA
"run02_uniform_k1",6022,"TGFB1",0.000170827591538192,NA,NA,NA
"run02_uniform_k1",6023,"NFKB2",0,NA,NA,NA
"run02_uniform_k1",6024,"RASA1",5.55702489675181e-05,NA,NA,NA
"run02_uniform_k1",6025,"CLDN1",4.94148239504888e-06,NA,NA,NA
"run02_uniform_k1",6026,"IL33",0,NA,NA,NA
"run02_uniform_k1",6027,"AGTR1",7.87895413547623e-05,NA,NA,NA
"run02_uniform_k1",6028,"HCN2",0,NA,NA,NA
"run02_uniform_k1",6029,"COX6C",0,NA,NA,NA
"run02_uniform_k1",6030,"GCK",0.000213793988103061,NA,NA,NA
"run02_uniform_k1",6031,"CDKN1C",1.58390438897982e-06,NA,NA,NA
"run02_uniform_k1",6032,"TRPM4",3.67379046295468e-05,NA,NA,NA
"run02_uniform_k1",6033,"COL1A2",8.49027404237201e-06,NA,NA,NA
"run02_uniform_k1",6034,"ACTG1",2.72461711825489e-06,NA,NA,NA
"run02_uniform_k1",6035,"POLA1",6.90421997273649e-06,NA,NA,NA
"run02_uniform_k1",6036,"CYP7A1",0.000286565174003384,NA,NA,NA
"run02_uniform_k1",6037,"SCD",0.000143791042404695,NA,NA,NA
"run02_uniform_k1",6038,"ABL1",0.000131212002905445,NA,NA,NA
"run02_uniform_k1",6039,"ARF4",1.97623946650571e-05,NA,NA,NA
"run02_uniform_k1",6040,"POMC",0.00149342435047795,NA,NA,NA
"run02_uniform_k1",6041,"LPCAT2",0,NA,NA,NA
"run02_uniform_k1",6042,"BMI1",2.14799290956247e-05,NA,NA,NA
"run02_uniform_k1",6043,"ABCC8",3.66842389862843e-05,NA,NA,NA
"run02_uniform_k1",6044,"CKB",5.32096942710281e-05,NA,NA,NA
"run02_uniform_k1",6045,"TNFSF11",7.5283725537223e-05,NA,NA,NA
"run02_uniform_k1",6046,"LRIG1",0,NA,NA,NA
"run02_uniform_k1",6047,"PPID",0,NA,NA,NA
"run02_uniform_k1",6048,"PCYT1B",0,NA,NA,NA
"run02_uniform_k1",6049,"LALBA",3.81683006253075e-05,NA,NA,NA
"run02_uniform_k1",6050,"CD40LG",1.90089891605183e-06,NA,NA,NA
"run02_uniform_k1",6051,"CA1",4.61079535398756e-05,NA,NA,NA
"run02_uniform_k1",6052,"EGLN3",1.26699828650878e-06,NA,NA,NA
"run02_uniform_k1",6053,"CACNG6",0,NA,NA,NA
"run02_uniform_k1",6054,"SRPK1",0.00108816969760961,NA,NA,NA
"run02_uniform_k1",6055,"ALB",0.00274688176313465,NA,NA,NA
"run02_uniform_k1",6056,"COL11A2",7.28347388034845e-06,NA,NA,NA
"run02_uniform_k1",6057,"SPP1",0.000133522093562433,NA,NA,NA
"run02_uniform_k1",6058,"ATOX1",0,NA,NA,NA
"run02_uniform_k1",6059,"KCNN2",6.33510621184108e-07,NA,NA,NA
"run02_uniform_k1",6060,"CCR7",5.06918390497102e-06,NA,NA,NA
"run02_uniform_k1",6061,"PLEK",3.16787882370662e-06,NA,NA,NA
"run02_uniform_k1",6062,"CDK4",5.9067280737346e-05,NA,NA,NA
"run02_uniform_k1",6063,"HDAC10",0,NA,NA,NA
"run02_uniform_k1",6064,"DRD5",0.00110886310796687,NA,NA,NA
"run02_uniform_k1",6065,"SLC5A5",3.67365014874999e-06,NA,NA,NA
"run02_uniform_k1",6066,"PNP",0.000105291533052498,NA,NA,NA
"run02_uniform_k1",6067,"PTGFR",3.10411217574469e-06,NA,NA,NA
"run02_uniform_k1",6068,"ADK",7.61409486743636e-05,NA,NA,NA
"run02_uniform_k1",6069,"GANAB",0,NA,NA,NA
"run02_uniform_k1",6070,"P2RX7",5.59297818042426e-05,NA,NA,NA
"run02_uniform_k1",6071,"NLRP3",7.47722630090042e-06,NA,NA,NA
"run02_uniform_k1",6072,"KLF4",2.5346502531276e-06,NA,NA,NA
"run02_uniform_k1",6073,"HK2",0.000296209764147126,NA,NA,NA
"run02_uniform_k1",6074,"YY1",6.08348672959114e-06,NA,NA,NA
"run02_uniform_k1",6075,"FAS",6.33677821770817e-07,NA,NA,NA
"run02_uniform_k1",6076,"CYBA",0,NA,NA,NA
"run02_uniform_k1",6077,"PDE4A",1.34575381137703e-05,NA,NA,NA
"run02_uniform_k1",6078,"CTSK",0.000205253306110875,NA,NA,NA
"run02_uniform_k1",6079,"PLAT",2.05933169041828e-05,NA,NA,NA
"run02_uniform_k1",6080,"CLDN1",4.94148239504888e-06,NA,NA,NA
"run02_uniform_k1",6081,"DUOXA1",0,NA,NA,NA
"run02_uniform_k1",6082,"CATSPER1",0,NA,NA,NA
"run02_uniform_k1",6083,"PCYT1A",2.85706032163713e-05,NA,NA,NA
"run02_uniform_k1",6084,"CALCR",3.30019686509697e-05,NA,NA,NA
"run02_uniform_k1",6085,"CASP6",1.26723751903146e-06,NA,NA,NA
"run02_uniform_k1",6086,"IL1RN",0,NA,NA,NA
"run02_uniform_k1",6087,"NPY",0.00200669165182288,NA,NA,NA
"run02_uniform_k1",6088,"ESRRA",6.99494678408907e-05,NA,NA,NA
"run02_uniform_k1",6089,"CACNA2D4",0,NA,NA,NA
"run02_uniform_k1",6090,"MAOA",0.000132428913549143,NA,NA,NA
"run02_uniform_k1",6091,"CACNG4",8.23535373972728e-06,NA,NA,NA
"run02_uniform_k1",6092,"CTSD",0.000133066364187417,NA,NA,NA
"run02_uniform_k1",6093,"FDPS",0,NA,NA,NA
"run02_uniform_k1",6094,"FOXP3",1.50821877838991e-05,NA,NA,NA
"run02_uniform_k1",6095,"CD274",2.2623615720252e-05,NA,NA,NA
"run02_uniform_k1",6096,"AIFM1",1.58347085155164e-06,NA,NA,NA
"run02_uniform_k1",6097,"MAP3K5",7.04706361130958e-05,NA,NA,NA
"run02_uniform_k1",6098,"MAPK13",0,NA,NA,NA
"run02_uniform_k1",6099,"MAP2K7",3.16786999277063e-06,NA,NA,NA
"run02_uniform_k1",6100,"SLC11A1",0,NA,NA,NA
"run02_uniform_k1",6101,"CALCA",1.96344956293615e-06,NA,NA,NA
"run02_uniform_k1",6102,"THBS1",7.4650161333345e-05,NA,NA,NA
"run02_uniform_k1",6103,"TP53",0.00427693686378816,NA,NA,NA
"run02_uniform_k1",6104,"CP",4.75143862451732e-05,NA,NA,NA
"run02_uniform_k1",6105,"IL6",0.00104909499545724,NA,NA,NA
"run02_uniform_k1",6106,"KRT2",0,NA,NA,NA
"run02_uniform_k1",6107,"PDXK",0.00104366135249789,NA,NA,NA
"run02_uniform_k1",6108,"HSF1",0,NA,NA,NA
"run02_uniform_k1",6109,"JDP2",0,NA,NA,NA
"run02_uniform_k1",6110,"PRKACA",0.00408086083662407,NA,NA,NA
"run02_uniform_k1",6111,"EPOR",4.26416671160945e-05,NA,NA,NA
"run02_uniform_k1",6112,"DNMT1",4.56882288469851e-05,NA,NA,NA
"run02_uniform_k1",6113,"YAP1",2.37641275353528e-05,NA,NA,NA
"run02_uniform_k1",6114,"BACE1",5.67015318772013e-05,NA,NA,NA
"run02_uniform_k1",6115,"LPL",0.000483720734164583,NA,NA,NA
"run02_uniform_k1",6116,"HDAC5",0,NA,NA,NA
"run02_uniform_k1",6117,"HINT1",4.87617046518452e-06,NA,NA,NA
"run02_uniform_k1",6118,"KCNJ2",0.00119679281819129,NA,NA,NA
"run02_uniform_k1",6119,"SDHA",0.000611111269984921,NA,NA,NA
"run02_uniform_k1",6120,"F2RL1",1.81154153372498e-05,NA,NA,NA
"run02_uniform_k1",6121,"AIFM1",1.58347085155164e-06,NA,NA,NA
"run02_uniform_k1",6122,"GCG",0.000221045982158996,NA,NA,NA
"run02_uniform_k1",6123,"ARF1",2.85051391907265e-05,NA,NA,NA
"run02_uniform_k1",6124,"UCP1",0,NA,NA,NA
"run02_uniform_k1",6125,"PIM1",0,NA,NA,NA
"run02_uniform_k1",6126,"RPS6KA3",0,NA,NA,NA
"run02_uniform_k1",6127,"CYP7B1",5.06699999092142e-06,NA,NA,NA
"run02_uniform_k1",6128,"PHOSPHO2",0,NA,NA,NA
"run02_uniform_k1",6129,"CHRNA4",0.00010936479964363,NA,NA,NA
"run02_uniform_k1",6130,"CDKN2A",0.000523536323894791,NA,NA,NA
"run02_uniform_k1",6131,"MAPT",0.000248151462638568,NA,NA,NA
"run02_uniform_k1",6132,"PRKCZ",0.00127837750571802,NA,NA,NA
"run02_uniform_k1",6133,"PRKCI",0,NA,NA,NA
"run02_uniform_k1",6134,"KCNJ11",0.00241899994818762,NA,NA,NA
"run02_uniform_k1",6135,"IL18",2.23696138260676e-05,NA,NA,NA
"run02_uniform_k1",6136,"ABL1",0.000131212002905445,NA,NA,NA
"run02_uniform_k1",6137,"ARF1",2.85051391907265e-05,NA,NA,NA
"run02_uniform_k1",6138,"CHRNA5",1.55794812480847e-05,NA,NA,NA
"run02_uniform_k1",6139,"CAMKK2",3.48444593978314e-06,NA,NA,NA
"run02_uniform_k1",6140,"MMP3",1.90743297472373e-05,NA,NA,NA
"run02_uniform_k1",6141,"RETSAT",0,NA,NA,NA
"run02_uniform_k1",6142,"KEAP1",8.90865911317151e-05,NA,NA,NA
"run02_uniform_k1",6143,"LIPG",0,NA,NA,NA
"run02_uniform_k1",6144,"RRM2B",0,NA,NA,NA
"run02_uniform_k1",6145,"IL2",8.48661529537775e-05,NA,NA,NA
"run02_uniform_k1",6146,"MSI1",0,NA,NA,NA
"run02_uniform_k1",6147,"SMAD2",3.42235274195524e-05,NA,NA,NA
"run02_uniform_k1",6148,"SYK",5.32926492629038e-05,NA,NA,NA
"run02_uniform_k1",6149,"DBH",9.818852931609e-06,NA,NA,NA
"run02_uniform_k1",6150,"PPP3CA",1.20382530055529e-05,NA,NA,NA
"run02_uniform_k1",6151,"SIRT1",0.000506319994551752,NA,NA,NA
"run02_uniform_k1",6152,"ITPR1",0.000202309527979283,NA,NA,NA
"run02_uniform_k1",6153,"CACNG1",0,NA,NA,NA
"run02_uniform_k1",6154,"GLDC",4.87735973941916e-06,NA,NA,NA
"run02_uniform_k1",6155,"COL7A1",0,NA,NA,NA
"run02_uniform_k1",6156,"AADAT",3.54591244267066e-06,NA,NA,NA
"run02_uniform_k1",6157,"GK",0.000406543096133638,NA,NA,NA
"run02_uniform_k1",6158,"NFKBIE",0,NA,NA,NA
"run02_uniform_k1",6159,"UCP1",0,NA,NA,NA
"run02_uniform_k1",6160,"HDAC7",6.01926074750292e-06,NA,NA,NA
"run02_uniform_k1",6161,"CD86",0,NA,NA,NA
"run02_uniform_k1",6162,"CSF1",1.07725687046312e-05,NA,NA,NA
"run02_uniform_k1",6163,"DRD5",0.00110886310796687,NA,NA,NA
"run02_uniform_k1",6164,"SLC1A6",0,NA,NA,NA
"run02_uniform_k1",6165,"KCNA5",1.99569664441901e-05,NA,NA,NA
"run02_uniform_k1",6166,"PKD1",3.50334081220538e-05,NA,NA,NA
"run02_uniform_k1",6167,"BMI1",2.14799290956247e-05,NA,NA,NA
"run02_uniform_k1",6168,"SIRT1",0.000506319994551752,NA,NA,NA
"run02_uniform_k1",6169,"TFEB",4.43464879762434e-06,NA,NA,NA
"run02_uniform_k1",6170,"CLDN1",4.94148239504888e-06,NA,NA,NA
"run02_uniform_k1",6171,"REN",0.000113239453789604,NA,NA,NA
"run02_uniform_k1",6172,"CALM2",0,NA,NA,NA
"run02_uniform_k1",6173,"IRF1",0,NA,NA,NA
"run02_uniform_k1",6174,"ABCA7",0,NA,NA,NA
"run02_uniform_k1",6175,"CLIP1",0,NA,NA,NA
"run02_uniform_k1",6176,"SOD2",0.000296172336680667,NA,NA,NA
"run02_uniform_k1",6177,"TGFA",3.48528190785569e-06,NA,NA,NA
"run02_uniform_k1",6178,"KCNJ15",0,NA,NA,NA
"run02_uniform_k1",6179,"CDK4",5.9067280737346e-05,NA,NA,NA
"run02_uniform_k1",6180,"KCNJ5",8.95444816781943e-05,NA,NA,NA
"run02_uniform_k1",6181,"NEU1",0,NA,NA,NA
"run02_uniform_k1",6182,"IL33",0,NA,NA,NA
"run02_uniform_k1",6183,"KCNJ14",0,NA,NA,NA
"run02_uniform_k1",6184,"PRKCA",0.000374278990026067,NA,NA,NA
"run02_uniform_k1",6185,"HK2",0.000296209764147126,NA,NA,NA
"run02_uniform_k1",6186,"MAP3K7",0.000279295362734966,NA,NA,NA
"run02_uniform_k1",6187,"SCN4B",6.14500670026441e-06,NA,NA,NA
"run02_uniform_k1",6188,"AIFM1",1.58347085155164e-06,NA,NA,NA
"run02_uniform_k1",6189,"RPS6KA3",0,NA,NA,NA
"run02_uniform_k1",6190,"RDH12",1.33642751130036e-05,NA,NA,NA
"run02_uniform_k1",6191,"RDH11",6.71381155781248e-06,NA,NA,NA
"run02_uniform_k1",6192,"CLEC4E",0,NA,NA,NA
"run02_uniform_k1",6193,"ACHE",0.000111252964972719,NA,NA,NA
"run02_uniform_k1",6194,"AKR1C1",5.66614851992275e-05,NA,NA,NA
"run02_uniform_k1",6195,"ESR1",0.00102478911944048,NA,NA,NA
"run02_uniform_k1",6196,"ADRB2",0.000148693401879507,NA,NA,NA
"run02_uniform_k1",6197,"FGF2",4.67782227966396e-05,NA,NA,NA
"run02_uniform_k1",6198,"SOAT1",2.72368448894778e-06,NA,NA,NA
"run02_uniform_k1",6199,"IL2",8.48661529537775e-05,NA,NA,NA
"run02_uniform_k1",6200,"CACNA2D4",0,NA,NA,NA
"run02_uniform_k1",6201,"PCYT1A",2.85706032163713e-05,NA,NA,NA
"run02_uniform_k1",6202,"CALML3",0,NA,NA,NA
"run02_uniform_k1",6203,"FGB",2.53425344454161e-06,NA,NA,NA
"run02_uniform_k1",6204,"ATG12",0,NA,NA,NA
"run02_uniform_k1",6205,"S100A13",2.28031262317074e-06,NA,NA,NA
"run02_uniform_k1",6206,"ARF5",0,NA,NA,NA
"run02_uniform_k1",6207,"ASPA",0,NA,NA,NA
"run02_uniform_k1",6208,"CASP7",1.26727879179445e-06,NA,NA,NA
"run02_uniform_k1",6209,"IL4",0.000213216805235672,NA,NA,NA
"run02_uniform_k1",6210,"KCNC2",0,NA,NA,NA
"run02_uniform_k1",6211,"EIF4G1",1.23532645966984e-05,NA,NA,NA
"run02_uniform_k1",6212,"APOD",0.00195383273850436,NA,NA,NA
"run02_uniform_k1",6213,"ACTR1A",0.00117031116279964,NA,NA,NA
"run02_uniform_k1",6214,"SLC6A3",0.000164253248760127,NA,NA,NA
"run02_uniform_k1",6215,"CALR",4.38793673526172e-05,NA,NA,NA
"run02_uniform_k1",6216,"CYP2E1",0.000529547743911452,NA,NA,NA
"run02_uniform_k1",6217,"GJA1",0.000128446445619601,NA,NA,NA
"run02_uniform_k1",6218,"MMP2",1.88862703024428e-05,NA,NA,NA
"run02_uniform_k1",6219,"MYH6",5.61947915448391e-05,NA,NA,NA
"run02_uniform_k1",6220,"FXN",3.98458264223578e-05,NA,NA,NA
"run02_uniform_k1",6221,"HMGB1",1.24840005174542e-05,NA,NA,NA
"run02_uniform_k1",6222,"RBP1",1.67206208291359e-05,NA,NA,NA
"run02_uniform_k1",6223,"CHRM3",0,NA,NA,NA
"run02_uniform_k1",6224,"ALAS1",5.9411598420489e-05,NA,NA,NA
"run02_uniform_k1",6225,"CD274",2.2623615720252e-05,NA,NA,NA
"run02_uniform_k1",6226,"APOA4",2.27717166977337e-05,NA,NA,NA
"run02_uniform_k1",6227,"TYMS",0.000142484575824997,NA,NA,NA
"run02_uniform_k1",6228,"PDE7B",0,NA,NA,NA
"run02_uniform_k1",6229,"CD55",7.47448208604506e-06,NA,NA,NA
"run02_uniform_k1",6230,"CCL3",1.67921707164842e-05,NA,NA,NA
"run02_uniform_k1",6231,"CNR2",0,NA,NA,NA
"run02_uniform_k1",6232,"SYK",5.32926492629038e-05,NA,NA,NA
"run02_uniform_k1",6233,"NR1I2",0.000123041356779652,NA,NA,NA
"run02_uniform_k1",6234,"CAMKK2",3.48444593978314e-06,NA,NA,NA
"run02_uniform_k1",6235,"YAP1",2.37641275353528e-05,NA,NA,NA
"run02_uniform_k1",6236,"BCHE",1.59661831168334e-05,NA,NA,NA
"run02_uniform_k1",6237,"COX6B1",0,NA,NA,NA
"run02_uniform_k1",6238,"HTR1A",8.14355352558582e-05,NA,NA,NA
"run02_uniform_k1",6239,"POU5F1",3.4853680447311e-06,NA,NA,NA
"run02_uniform_k1",6240,"SLC7A1",0,NA,NA,NA
"run02_uniform_k1",6241,"SCN2B",0,NA,NA,NA
"run02_uniform_k1",6242,"CDK8",0,NA,NA,NA
"run02_uniform_k1",6243,"PHOSPHO2",0,NA,NA,NA
"run02_uniform_k1",6244,"NCF2",1.00748274538542e-05,NA,NA,NA
"run02_uniform_k1",6245,"DUSP1",0,NA,NA,NA
"run02_uniform_k1",6246,"ABCA1",1.90091421303773e-06,NA,NA,NA
"run02_uniform_k1",6247,"CYP11A1",1.84332824758604e-05,NA,NA,NA
"run02_uniform_k1",6248,"PDE1B",3.71225818049936e-05,NA,NA,NA
"run02_uniform_k1",6249,"CCL2",3.6509767629811e-05,NA,NA,NA
"run02_uniform_k1",6250,"CACNA1C",0.000498320638157024,NA,NA,NA
"run02_uniform_k1",6251,"HSPA1B",2.53472574274216e-06,NA,NA,NA
"run02_uniform_k1",6252,"F7",0.00116938158797564,NA,NA,NA
"run02_uniform_k1",6253,"HCN2",0,NA,NA,NA
"run02_uniform_k1",6254,"TOP2B",0,NA,NA,NA
"run02_uniform_k1",6255,"GLP1R",3.86497402737884e-06,NA,NA,NA
"run02_uniform_k1",6256,"IGF2",1.43217522315942e-05,NA,NA,NA
"run02_uniform_k1",6257,"RAPGEF4",2.51523475149895e-05,NA,NA,NA
"run02_uniform_k1",6258,"TRPA1",6.7343185876978e-05,NA,NA,NA
"run02_uniform_k1",6259,"GPR83",0,NA,NA,NA
"run02_uniform_k1",6260,"RHO",0.00017143146028642,NA,NA,NA
"run02_uniform_k1",6261,"NFATC3",3.48468834243665e-06,NA,NA,NA
"run02_uniform_k1",6262,"AKR1C2",0,NA,NA,NA
"run02_uniform_k1",6263,"GSTP1",0.0017997845794786,NA,NA,NA
"run02_uniform_k1",6264,"SLC11A1",0,NA,NA,NA
"run02_uniform_k1",6265,"KRT18",1.90069610461752e-06,NA,NA,NA
"run02_uniform_k1",6266,"FOXP3",1.50821877838991e-05,NA,NA,NA
"run02_uniform_k1",6267,"YY1",6.08348672959114e-06,NA,NA,NA
"run02_uniform_k1",6268,"CACNG1",0,NA,NA,NA
"run02_uniform_k1",6269,"PRL",2.17984549072403e-05,NA,NA,NA
"run02_uniform_k1",6270,"FGB",2.53425344454161e-06,NA,NA,NA
"run02_uniform_k1",6271,"HSP90AB1",4.19011535922609e-05,NA,NA,NA
"run02_uniform_k1",6272,"CLDN5",3.48460731747213e-06,NA,NA,NA
"run02_uniform_k1",6273,"TF",8.42569713455088e-06,NA,NA,NA
"run02_uniform_k1",6274,"RYR1",8.59077355945814e-05,NA,NA,NA
"run02_uniform_k1",6275,"CDC25A",1.90080256301517e-06,NA,NA,NA
"run02_uniform_k1",6276,"CLDN1",4.94148239504888e-06,NA,NA,NA
"run02_uniform_k1",6277,"NPPB",3.61091583611639e-06,NA,NA,NA
"run02_uniform_k1",6278,"LGALS3",1.90104129516033e-06,NA,NA,NA
"run02_uniform_k1",6279,"CAMLG",0,NA,NA,NA
"run02_uniform_k1",6280,"ALDH1B1",0,NA,NA,NA
"run02_uniform_k1",6281,"AOX1",0.000679762836007236,NA,NA,NA
"run02_uniform_k1",6282,"BHLHE40",0,NA,NA,NA
"run02_uniform_k1",6283,"GNMT",0,NA,NA,NA
"run02_uniform_k1",6284,"HPRT1",0.00041877379526456,NA,NA,NA
"run02_uniform_k1",6285,"UGT1A9",0,NA,NA,NA
"run02_uniform_k1",6286,"COX6C",0,NA,NA,NA
"run02_uniform_k1",6287,"GRIK2",0,NA,NA,NA
"run02_uniform_k1",6288,"KCNJ6",2.88254911089414e-05,NA,NA,NA
"run02_uniform_k1",6289,"CDKN1A",2.78509173701202e-05,NA,NA,NA
"run02_uniform_k1",6290,"IGFBP3",2.54114516418102e-05,NA,NA,NA
"run02_uniform_k1",6291,"SOD2",0.000296172336680667,NA,NA,NA
"run02_uniform_k1",6292,"AHR",1.17841620478343e-05,NA,NA,NA
"run02_uniform_k1",6293,"DUOXA1",0,NA,NA,NA
"run02_uniform_k1",6294,"SRR",0,NA,NA,NA
"run02_uniform_k1",6295,"CASP3",0.000462575099730467,NA,NA,NA
"run02_uniform_k1",6296,"HTR3A",8.53896962736966e-05,NA,NA,NA
"run02_uniform_k1",6297,"PNRC2",0,NA,NA,NA
"run02_uniform_k1",6298,"TUBA1B",0,NA,NA,NA
"run02_uniform_k1",6299,"CHRNA4",0.00010936479964363,NA,NA,NA
"run02_uniform_k1",6300,"FABP2",0,NA,NA,NA
"run02_uniform_k1",6301,"CHRM3",0,NA,NA,NA
"run02_uniform_k1",6302,"HDAC1",0.00033891246936113,NA,NA,NA
"run02_uniform_k1",6303,"ATM",2.74398232945616e-05,NA,NA,NA
"run02_uniform_k1",6304,"GSTK1",0,NA,NA,NA
"run02_uniform_k1",6305,"NCOA2",3.54820525111377e-05,NA,NA,NA
"run02_uniform_k1",6306,"DHCR7",7.41792346372616e-05,NA,NA,NA
"run02_uniform_k1",6307,"AHSP",1.89993871424488e-06,NA,NA,NA
"run02_uniform_k1",6308,"PTGDS",0.0001023719829093,NA,NA,NA
"run02_uniform_k1",6309,"CYP7A1",0.000286565174003384,NA,NA,NA
"run02_uniform_k1",6310,"TUBA4A",0,NA,NA,NA
"run02_uniform_k1",6311,"ARF1",2.85051391907265e-05,NA,NA,NA
"run02_uniform_k1",6312,"ATR",0,NA,NA,NA
"run02_uniform_k1",6313,"PDE5A",1.15913843198312e-05,NA,NA,NA
"run02_uniform_k1",6314,"P4HB",2.24939291733062e-05,NA,NA,NA
"run02_uniform_k1",6315,"JAK2",0.000791453142699572,NA,NA,NA
"run02_uniform_k1",6316,"ADCY1",8.87083575196179e-06,NA,NA,NA
"run02_uniform_k1",6317,"TRPM7",0,NA,NA,NA
"run02_uniform_k1",6318,"VTN",6.33650236725458e-07,NA,NA,NA
"run02_uniform_k1",6319,"ARRDC3",6.33407013395093e-07,NA,NA,NA
"run02_uniform_k1",6320,"HIF1A",0.000545020548238462,NA,NA,NA
"run02_uniform_k1",6321,"APOB",0.000254184152158166,NA,NA,NA
"run02_uniform_k1",6322,"ADH5",7.50101523409041e-05,NA,NA,NA
"run02_uniform_k1",6323,"FXN",3.98458264223578e-05,NA,NA,NA
"run02_uniform_k1",6324,"DDC",2.58462116191627e-05,NA,NA,NA
"run02_uniform_k1",6325,"PLD2",0.000135771725086054,NA,NA,NA
"run02_uniform_k1",6326,"HSP90AB1",4.19011535922609e-05,NA,NA,NA
"run02_uniform_k1",6327,"ERBB2",0.000157327965161547,NA,NA,NA
"run02_uniform_k1",6328,"COL3A1",0,NA,NA,NA
"run02_uniform_k1",6329,"VLDLR",0,NA,NA,NA
"run02_uniform_k1",6330,"NKX3-1",0,NA,NA,NA
"run02_uniform_k1",6331,"POMC",0.00149342435047795,NA,NA,NA
"run02_uniform_k1",6332,"MAP2K7",3.16786999277063e-06,NA,NA,NA
"run02_uniform_k1",6333,"ELK1",0,NA,NA,NA
"run02_uniform_k1",6334,"ARRDC3",6.33407013395093e-07,NA,NA,NA
"run02_uniform_k1",6335,"AMY2B",0,NA,NA,NA
"run02_uniform_k1",6336,"ZEB2",0,NA,NA,NA
"run02_uniform_k1",6337,"HIF1A",0.000545020548238462,NA,NA,NA
"run02_uniform_k1",6338,"UQCRC1",5.15309632885819e-05,NA,NA,NA
"run02_uniform_k1",6339,"CYP11B2",0.000106525313512962,NA,NA,NA
"run02_uniform_k1",6340,"FN1",0.00237698824343124,NA,NA,NA
"run02_uniform_k1",6341,"TTK",1.26686474088977e-06,NA,NA,NA
"run02_uniform_k1",6342,"RB1",5.60807039972078e-05,NA,NA,NA
"run02_uniform_k1",6343,"SLCO1B1",3.08486910148842e-05,NA,NA,NA
"run02_uniform_k1",6344,"CYP21A2",0,NA,NA,NA
"run02_uniform_k1",6345,"TRPV4",0.000106153420904809,NA,NA,NA
"run02_uniform_k1",6346,"PRKAB2",0,NA,NA,NA
"run02_uniform_k1",6347,"AKR1C4",0,NA,NA,NA
"run02_uniform_k1",6348,"FAS",6.33677821770817e-07,NA,NA,NA
"run02_uniform_k1",6349,"CYP2A6",0.000367474741212792,NA,NA,NA
"run02_uniform_k1",6350,"HAMP",0.000187982524293195,NA,NA,NA
"run02_uniform_k1",6351,"SMAD2",3.42235274195524e-05,NA,NA,NA
"run02_uniform_k1",6352,"NDUFV2",0,NA,NA,NA
"run02_uniform_k1",6353,"SYP",2.45220699257587e-05,NA,NA,NA
"run02_uniform_k1",6354,"PTGES2",2.81266331965124e-05,NA,NA,NA
"run02_uniform_k1",6355,"CD274",2.2623615720252e-05,NA,NA,NA
"run02_uniform_k1",6356,"HTR1A",8.14355352558582e-05,NA,NA,NA
"run02_uniform_k1",6357,"MMP13",1.63470522265285e-05,NA,NA,NA
"run02_uniform_k1",6358,"FOXM1",1.90088265561439e-06,NA,NA,NA
"run02_uniform_k1",6359,"ACTR1B",0,NA,NA,NA
"run02_uniform_k1",6360,"ADORA1",2.74909074123864e-05,NA,NA,NA
"run02_uniform_k1",6361,"TUBA1C",0,NA,NA,NA
"run02_uniform_k1",6362,"EIF4G1",1.23532645966984e-05,NA,NA,NA
"run02_uniform_k1",6363,"CKB",5.32096942710281e-05,NA,NA,NA
"run02_uniform_k1",6364,"RBP1",1.67206208291359e-05,NA,NA,NA
"run02_uniform_k1",6365,"TNFRSF11B",0,NA,NA,NA
"run02_uniform_k1",6366,"TACR1",0,NA,NA,NA
"run02_uniform_k1",6367,"ACTR1B",0,NA,NA,NA
"run02_uniform_k1",6368,"EIF2A",0,NA,NA,NA
"run02_uniform_k1",6369,"TJP1",0.000326838626150905,NA,NA,NA
"run02_uniform_k1",6370,"MAPK8",0.00014699135508045,NA,NA,NA
"run02_uniform_k1",6371,"SMAD1",0,NA,NA,NA
"run02_uniform_k1",6372,"TUBA1A",1.10247379909723e-05,NA,NA,NA
"run02_uniform_k1",6373,"GOT2",0.00078289580737978,NA,NA,NA
"run02_uniform_k1",6374,"FKBP1A",0.000367396925605612,NA,NA,NA
"run02_uniform_k1",6375,"ACE2",6.17806475236016e-05,NA,NA,NA
"run02_uniform_k1",6376,"PDE6C",0,NA,NA,NA
"run02_uniform_k1",6377,"EPHB6",0,NA,NA,NA
"run02_uniform_k1",6378,"PRMT3",0,NA,NA,NA
"run02_uniform_k1",6379,"F10",1.53928141654047e-05,NA,NA,NA
"run02_uniform_k1",6380,"POU5F1",3.4853680447311e-06,NA,NA,NA
"run02_uniform_k1",6381,"CALML3",0,NA,NA,NA
"run02_uniform_k1",6382,"MMP1",6.13390297496963e-05,NA,NA,NA
"run02_uniform_k1",6383,"HTR1D",0,NA,NA,NA
"run02_uniform_k1",6384,"DHRS4",0,NA,NA,NA
"run02_uniform_k1",6385,"CALR",4.38793673526172e-05,NA,NA,NA
"run02_uniform_k1",6386,"PTH",0.00019439506068486,NA,NA,NA
"run02_uniform_k1",6387,"DBH",9.818852931609e-06,NA,NA,NA
"run02_uniform_k1",6388,"TFR2",1.9001036434263e-06,NA,NA,NA
"run02_uniform_k1",6389,"IGF1R",3.6000843736117e-05,NA,NA,NA
"run02_uniform_k1",6390,"ADAMTS4",0,NA,NA,NA
"run02_uniform_k1",6391,"CD163",2.80685125135793e-05,NA,NA,NA
"run02_uniform_k1",6392,"ABCC2",6.29649746844985e-05,NA,NA,NA
"run02_uniform_k1",6393,"APOE",0.000621735352925756,NA,NA,NA
"run02_uniform_k1",6394,"DUOXA1",0,NA,NA,NA
"run02_uniform_k1",6395,"COL1A1",0.000181222784889745,NA,NA,NA
"run02_uniform_k1",6396,"PHB2",3.20568660923115e-05,NA,NA,NA
"run02_uniform_k1",6397,"DDB1",2.07812890326009e-05,NA,NA,NA
"run02_uniform_k1",6398,"PPP3R1",0,NA,NA,NA
"run02_uniform_k1",6399,"CTSG",5.59397568715703e-05,NA,NA,NA
"run02_uniform_k1",6400,"MDM2",4.86757533122439e-05,NA,NA,NA
"run02_uniform_k1",6401,"ATF3",8.55513091113647e-06,NA,NA,NA
"run02_uniform_k1",6402,"PAPSS1",0,NA,NA,NA
"run02_uniform_k1",6403,"SH3BP5",6.33329974131236e-07,NA,NA,NA
"run02_uniform_k1",6404,"KCND3",0.00107729447119487,NA,NA,NA
"run02_uniform_k1",6405,"CHEK1",1.20395101235182e-05,NA,NA,NA
"run02_uniform_k1",6406,"COL11A2",7.28347388034845e-06,NA,NA,NA
"run02_uniform_k1",6407,"GPBAR1",0.00120167517532488,NA,NA,NA
"run02_uniform_k1",6408,"CD274",2.2623615720252e-05,NA,NA,NA
"run02_uniform_k1",6409,"ANO1",0,NA,NA,NA
"run02_uniform_k1",6410,"PRKCG",2.62982428581582e-05,NA,NA,NA
"run02_uniform_k1",6411,"AVPR1A",0,NA,NA,NA
"run02_uniform_k1",6412,"CXADR",1.64676675717956e-06,NA,NA,NA
"run02_uniform_k1",6413,"TGFA",3.48528190785569e-06,NA,NA,NA
"run02_uniform_k1",6414,"BAK1",0,NA,NA,NA
"run02_uniform_k1",6415,"GABRR3",0,NA,NA,NA
"run02_uniform_k1",6416,"BTK",0.000119272845312435,NA,NA,NA
"run02_uniform_k1",6417,"TPMT",8.77949444514359e-05,NA,NA,NA
"run02_uniform_k1",6418,"SRD5A2",3.08503783238434e-05,NA,NA,NA
"run02_uniform_k1",6419,"HTR7",2.21651978515869e-06,NA,NA,NA
"run02_uniform_k1",6420,"ABAT",2.2801866788047e-06,NA,NA,NA
"run02_uniform_k1",6421,"TPH1",7.17150924056664e-05,NA,NA,NA
"run02_uniform_k1",6422,"NR1H2",0,NA,NA,NA
"run02_uniform_k1",6423,"ACSS2",8.1011205171122e-05,NA,NA,NA
"run02_uniform_k1",6424,"GRIN2B",0.000317728868907574,NA,NA,NA
"run02_uniform_k1",6425,"FKBP1A",0.000367396925605612,NA,NA,NA
"run02_uniform_k1",6426,"SYK",5.32926492629038e-05,NA,NA,NA
"run02_uniform_k1",6427,"ACACA",7.98311027262466e-05,NA,NA,NA
"run02_uniform_k1",6428,"ABCG5",4.53604007359942e-05,NA,NA,NA
"run02_uniform_k1",6429,"CRMP1",1.10844121046227e-05,NA,NA,NA
"run02_uniform_k1",6430,"FOSL2",0,NA,NA,NA
"run02_uniform_k1",6431,"CHRNA4",0.00010936479964363,NA,NA,NA
"run02_uniform_k1",6432,"EPOR",4.26416671160945e-05,NA,NA,NA
"run02_uniform_k1",6433,"HSD3B2",2.44539251612608e-05,NA,NA,NA
"run02_uniform_k1",6434,"ANPEP",7.21688108924479e-05,NA,NA,NA
"run02_uniform_k1",6435,"CYP2C9",0.000117781048131316,NA,NA,NA
"run02_uniform_k1",6436,"CRH",2.05295196740174e-05,NA,NA,NA
"run02_uniform_k1",6437,"P4HB",2.24939291733062e-05,NA,NA,NA
"run02_uniform_k1",6438,"MGAM",0.000137027144681112,NA,NA,NA
"run02_uniform_k1",6439,"RBP4",4.16853263397465e-05,NA,NA,NA
"run02_uniform_k1",6440,"VLDLR",0,NA,NA,NA
"run02_uniform_k1",6441,"CES1",0.000115566529133249,NA,NA,NA
"run02_uniform_k1",6442,"LRAT",5.06328770298881e-05,NA,NA,NA
"run02_uniform_k1",6443,"CYP17A1",3.31356115126358e-05,NA,NA,NA
"run02_uniform_k1",6444,"INSR",1.12798026006278e-05,NA,NA,NA
"run02_uniform_k1",6445,"SOX9",0.000102527928081186,NA,NA,NA
"run02_uniform_k1",6446,"TACR3",0,NA,NA,NA
"run02_uniform_k1",6447,"AKR1B10",1.92579176795382e-05,NA,NA,NA
"run02_uniform_k1",6448,"CYP2D6",2.95879994604009e-05,NA,NA,NA
"run02_uniform_k1",6449,"ADORA2B",0,NA,NA,NA
"run02_uniform_k1",6450,"CACNG2",5.72736887810565e-05,NA,NA,NA
"run02_uniform_k1",6451,"HDAC11",2.40710719945358e-06,NA,NA,NA
"run02_uniform_k1",6452,"PDE3B",4.40978259571567e-05,NA,NA,NA
"run02_uniform_k1",6453,"ABCB11",0,NA,NA,NA
"run02_uniform_k1",6454,"ELK1",0,NA,NA,NA
"run02_uniform_k1",6455,"LTA4H",0,NA,NA,NA
"run02_uniform_k1",6456,"CACNG3",0,NA,NA,NA
"run02_uniform_k1",6457,"HNF1A",0.00122815220873107,NA,NA,NA
"run02_uniform_k1",6458,"KLK5",0,NA,NA,NA
"run02_uniform_k1",6459,"SYK",5.32926492629038e-05,NA,NA,NA
"run02_uniform_k1",6460,"KCNA3",7.03184449912797e-06,NA,NA,NA
"run02_uniform_k1",6461,"FURIN",9.05415850372959e-05,NA,NA,NA
"run02_uniform_k1",6462,"FOXM1",1.90088265561439e-06,NA,NA,NA
"run02_uniform_k1",6463,"INS",0.00437927624027923,NA,NA,NA
"run02_uniform_k1",6464,"DRD3",0,NA,NA,NA
"run02_uniform_k1",6465,"SHBG",3.16169811188649e-05,NA,NA,NA
"run02_uniform_k1",6466,"CYP24A1",2.95788072831593e-05,NA,NA,NA
"run02_uniform_k1",6467,"IKBKB",6.84471676271059e-06,NA,NA,NA
"run02_uniform_k1",6468,"GABRG1",0,NA,NA,NA
"run02_uniform_k1",6469,"ADH4",0,NA,NA,NA
"run02_uniform_k1",6470,"ABCA7",0,NA,NA,NA
"run02_uniform_k1",6471,"DRD1",0.000110991854724962,NA,NA,NA
"run02_uniform_k1",6472,"CACNA2D3",0,NA,NA,NA
"run02_uniform_k1",6473,"PON1",7.22265572195013e-06,NA,NA,NA
"run02_uniform_k1",6474,"VWF",5.62078033525815e-05,NA,NA,NA
"run02_uniform_k1",6475,"EBP",6.01605713679287e-06,NA,NA,NA
"run02_uniform_k1",6476,"NFATC2",1.95162479730282e-05,NA,NA,NA
"run02_uniform_k1",6477,"CACNA2D3",0,NA,NA,NA
"run02_uniform_k1",6478,"FGF4",2.2179929671795e-06,NA,NA,NA
"run02_uniform_k1",6479,"FOS",0.000387693900821828,NA,NA,NA
"run02_uniform_k1",6480,"ATP2A1",4.62343104201679e-06,NA,NA,NA
"run02_uniform_k1",6481,"CD83",0,NA,NA,NA
"run02_uniform_k1",6482,"YWHAE",2.37606312166738e-05,NA,NA,NA
"run02_uniform_k1",6483,"SLC6A2",0,NA,NA,NA
"run02_uniform_k1",6484,"FOXO3",4.79174602721066e-05,NA,NA,NA
"run02_uniform_k1",6485,"EIF4G1",1.23532645966984e-05,NA,NA,NA
"run02_uniform_k1",6486,"S100A7",0.00101836981567682,NA,NA,NA
"run02_uniform_k1",6487,"FABP5",6.2410696410331e-05,NA,NA,NA
"run02_uniform_k1",6488,"MPO",0.000259217982351401,NA,NA,NA
"run02_uniform_k1",6489,"NR1I3",2.35048730797827e-05,NA,NA,NA
"run02_uniform_k1",6490,"SOX2",0.00140571719586968,NA,NA,NA
"run02_uniform_k1",6491,"SLC29A2",0,NA,NA,NA
"run02_uniform_k1",6492,"ABCB11",0,NA,NA,NA
"run02_uniform_k1",6493,"MGLL",0.000230459075350131,NA,NA,NA
"run02_uniform_k1",6494,"KCND2",2.72386185307116e-06,NA,NA,NA
"run02_uniform_k1",6495,"PRKCA",0.000374278990026067,NA,NA,NA
"run02_uniform_k1",6496,"MAP2K1",0,NA,NA,NA
"run02_uniform_k1",6497,"CLDN1",4.94148239504888e-06,NA,NA,NA
"run02_uniform_k1",6498,"CYP3A5",2.12871813713988e-05,NA,NA,NA
"run02_uniform_k1",6499,"SMAD7",1.26728738392146e-06,NA,NA,NA
"run02_uniform_k1",6500,"SCN2B",0,NA,NA,NA
"run02_uniform_k1",6501,"ESRRA",6.99494678408907e-05,NA,NA,NA
"run02_uniform_k1",6502,"GAP43",5.95559822758052e-06,NA,NA,NA
"run02_uniform_k1",6503,"MMP9",0.000204115785623737,NA,NA,NA
"run02_uniform_k1",6504,"PLD1",0,NA,NA,NA
"run02_uniform_k1",6505,"KRT2",0,NA,NA,NA
"run02_uniform_k1",6506,"SOCS3",1.47020577304646e-05,NA,NA,NA
"run02_uniform_k1",6507,"BGLAP",0.000139973984731978,NA,NA,NA
"run02_uniform_k1",6508,"MAP1LC3B",8.68078161708752e-06,NA,NA,NA
"run02_uniform_k1",6509,"CFTR",0.00160265872797649,NA,NA,NA
"run02_uniform_k1",6510,"FTCD",1.21257629834837e-05,NA,NA,NA
"run02_uniform_k1",6511,"LRP5",0,NA,NA,NA
"run02_uniform_k1",6512,"ZEB2",0,NA,NA,NA
"run02_uniform_k1",6513,"ACTB",0.0035966824210889,NA,NA,NA
"run02_uniform_k1",6514,"GAMT",4.09153874207924e-05,NA,NA,NA
"run02_uniform_k1",6515,"APOA4",2.27717166977337e-05,NA,NA,NA
"run02_uniform_k1",6516,"CHEK2",2.4076159734765e-06,NA,NA,NA
"run02_uniform_k1",6517,"MCU",0,NA,NA,NA
"run02_uniform_k1",6518,"UCP3",0,NA,NA,NA
"run02_uniform_k1",6519,"TNFRSF1A",1.26749186291075e-05,NA,NA,NA
"run02_uniform_k1",6520,"SLC5A1",1.62831065815272e-05,NA,NA,NA
"run02_uniform_k1",6521,"F2",0.000128821901214549,NA,NA,NA
"run02_uniform_k1",6522,"FGF4",2.2179929671795e-06,NA,NA,NA
"run02_uniform_k1",6523,"CCND1",0.000116503278948743,NA,NA,NA
"run02_uniform_k1",6524,"FDPS",0,NA,NA,NA
"run02_uniform_k1",6525,"SRPK1",0.00108816969760961,NA,NA,NA
"run02_uniform_k1",6526,"GPR83",0,NA,NA,NA
"run02_uniform_k1",6527,"RHOA",0.000165621123898174,NA,NA,NA
"run02_uniform_k1",6528,"ALOX5",1.82447360282945e-05,NA,NA,NA
"run02_uniform_k1",6529,"SCN4B",6.14500670026441e-06,NA,NA,NA
"run02_uniform_k1",6530,"BACE1",5.67015318772013e-05,NA,NA,NA
"run02_uniform_k1",6531,"PHB2",3.20568660923115e-05,NA,NA,NA
"run02_uniform_k1",6532,"NOS1",0.000381812082027921,NA,NA,NA
"run02_uniform_k1",6533,"KCNC2",0,NA,NA,NA
"run02_uniform_k1",6534,"ACTG2",0,NA,NA,NA
"run02_uniform_k1",6535,"GLO1",4.94041980381166e-06,NA,NA,NA
"run02_uniform_k1",6536,"TUBA1C",0,NA,NA,NA
"run02_uniform_k1",6537,"KCND2",2.72386185307116e-06,NA,NA,NA
"run02_uniform_k1",6538,"SRPK2",0,NA,NA,NA
"run02_uniform_k1",6539,"RAC2",7.2870543702308e-05,NA,NA,NA
"run02_uniform_k1",6540,"TUBA1A",1.10247379909723e-05,NA,NA,NA
"run02_uniform_k1",6541,"PKIA",2.53383300530263e-06,NA,NA,NA
"run02_uniform_k1",6542,"ABCC1",0,NA,NA,NA
"run02_uniform_k1",6543,"MAPK8",0.00014699135508045,NA,NA,NA
"run02_uniform_k1",6544,"CD40LG",1.90089891605183e-06,NA,NA,NA
"run02_uniform_k1",6545,"HSP90AA1",0.000781176350650004,NA,NA,NA
"run02_uniform_k1",6546,"CTRC",0,NA,NA,NA
"run02_uniform_k1",6547,"KCNJ1",8.80361918675909e-06,NA,NA,NA
"run02_uniform_k1",6548,"IKBKB",6.84471676271059e-06,NA,NA,NA
"run02_uniform_k1",6549,"NFATC1",5.51292228962996e-05,NA,NA,NA
"run02_uniform_k1",6550,"GRIN3B",0,NA,NA,NA
"run02_uniform_k1",6551,"ADRB1",3.16756855778255e-06,NA,NA,NA
"run02_uniform_k1",6552,"FOSL2",0,NA,NA,NA
"run02_uniform_k1",6553,"AKT2",0,NA,NA,NA
"run02_uniform_k1",6554,"AIFM1",1.58347085155164e-06,NA,NA,NA
"run02_uniform_k1",6555,"KCNA4",2.7111367415289e-05,NA,NA,NA
"run02_uniform_k1",6556,"AXIN2",0,NA,NA,NA
"run02_uniform_k1",6557,"TLR2",1.15981297473811e-05,NA,NA,NA
"run02_uniform_k1",6558,"ACTB",0.0035966824210889,NA,NA,NA
"run02_uniform_k1",6559,"KLF4",2.5346502531276e-06,NA,NA,NA
"run02_uniform_k1",6560,"GABRB2",0,NA,NA,NA
"run02_uniform_k1",6561,"SIRT3",7.24858712728427e-05,NA,NA,NA
"run02_uniform_k1",6562,"PTPN11",2.43987962315062e-05,NA,NA,NA
"run02_uniform_k1",6563,"HDAC4",8.23760862456169e-06,NA,NA,NA
"run02_uniform_k1",6564,"GSR",0.00032731672891706,NA,NA,NA
"run02_uniform_k1",6565,"BCL2",0.00028337947071766,NA,NA,NA
"run02_uniform_k1",6566,"NTRK1",3.04810969022906e-05,NA,NA,NA
"run02_uniform_k1",6567,"PHB2",3.20568660923115e-05,NA,NA,NA
"run02_uniform_k1",6568,"F2RL1",1.81154153372498e-05,NA,NA,NA
"run02_uniform_k1",6569,"CD163",2.80685125135793e-05,NA,NA,NA
"run02_uniform_k1",6570,"CHRM3",0,NA,NA,NA
"run02_uniform_k1",6571,"TIGAR",0,NA,NA,NA
"run02_uniform_k1",6572,"ELOVL2",0,NA,NA,NA
"run02_uniform_k1",6573,"ABCA1",1.90091421303773e-06,NA,NA,NA
"run02_uniform_k1",6574,"AQP1",7.97847562783449e-06,NA,NA,NA
"run02_uniform_k1",6575,"SCN4B",6.14500670026441e-06,NA,NA,NA
"run02_uniform_k1",6576,"CBR1",3.06594182049036e-05,NA,NA,NA
"run02_uniform_k1",6577,"DRD4",1.19735525129228e-05,NA,NA,NA
"run02_uniform_k1",6578,"MAPK8",0.00014699135508045,NA,NA,NA
"run02_uniform_k1",6579,"SCN1B",0.00123489854843939,NA,NA,NA
"run02_uniform_k1",6580,"LY96",0,NA,NA,NA
"run02_uniform_k1",6581,"OPRD1",0,NA,NA,NA
"run02_uniform_k1",6582,"CYP19A1",0.000459651716543275,NA,NA,NA
"run02_uniform_k1",6583,"KCNJ11",0.00241899994818762,NA,NA,NA
"run02_uniform_k1",6584,"CMA1",0,NA,NA,NA
"run02_uniform_k1",6585,"ABCC9",1.45674367513227e-06,NA,NA,NA
"run02_uniform_k1",6586,"DRD3",0,NA,NA,NA
"run02_uniform_k1",6587,"CFLAR",6.33631245472444e-07,NA,NA,NA
"run02_uniform_k1",6588,"RXRB",3.7531212242814e-05,NA,NA,NA
"run02_uniform_k1",6589,"PTPN11",2.43987962315062e-05,NA,NA,NA
"run02_uniform_k1",6590,"HDAC3",1.29907353231262e-05,NA,NA,NA
"run02_uniform_k1",6591,"DKK1",0,NA,NA,NA
"run02_uniform_k1",6592,"SCN4B",6.14500670026441e-06,NA,NA,NA
"run02_uniform_k1",6593,"ACSL4",0,NA,NA,NA
"run02_uniform_k1",6594,"JUN",0.000712792808186147,NA,NA,NA
"run02_uniform_k1",6595,"F12",0,NA,NA,NA
"run02_uniform_k1",6596,"SELP",5.7028163548134e-06,NA,NA,NA
"run02_uniform_k1",6597,"GABRG3",0,NA,NA,NA
"run02_uniform_k1",6598,"GAA",0,NA,NA,NA
"run02_uniform_k1",6599,"ATG7",2.9146658695467e-06,NA,NA,NA
"run02_uniform_k1",6600,"DSPP",0,NA,NA,NA
"run02_uniform_k1",6601,"APCS",0.00117690914019986,NA,NA,NA
"run02_uniform_k1",6602,"CAMKK2",3.48444593978314e-06,NA,NA,NA
"run02_uniform_k1",6603,"SMAD2",3.42235274195524e-05,NA,NA,NA
"run02_uniform_k1",6604,"CA2",1.50098666125142e-05,NA,NA,NA
"run02_uniform_k1",6605,"HSD3B2",2.44539251612608e-05,NA,NA,NA
"run02_uniform_k1",6606,"ATG7",2.9146658695467e-06,NA,NA,NA
"run02_uniform_k1",6607,"OAZ1",0,NA,NA,NA
"run02_uniform_k1",6608,"HSF1",0,NA,NA,NA
"run02_uniform_k1",6609,"GRIK2",0,NA,NA,NA
"run02_uniform_k1",6610,"TRPM3",0,NA,NA,NA
"run02_uniform_k1",6611,"NPPA",7.28658572474172e-05,NA,NA,NA
"run02_uniform_k1",6612,"KHK",0,NA,NA,NA
"run02_uniform_k1",6613,"ADH4",0,NA,NA,NA
"run02_uniform_k1",6614,"MGAM",0.000137027144681112,NA,NA,NA
"run02_uniform_k1",6615,"WEE1",0,NA,NA,NA
"run02_uniform_k1",6616,"SELE",1.58407098771463e-06,NA,NA,NA
"run02_uniform_k1",6617,"TLR4",0.000516160551537248,NA,NA,NA
"run02_uniform_k1",6618,"ATP2A1",4.62343104201679e-06,NA,NA,NA
"run02_uniform_k1",6619,"AKT2",0,NA,NA,NA
"run02_uniform_k1",6620,"HDAC6",0.00238463941154432,NA,NA,NA
"run02_uniform_k1",6621,"ALDH2",5.15659678518299e-05,NA,NA,NA
"run02_uniform_k1",6622,"POMC",0.00149342435047795,NA,NA,NA
"run02_uniform_k1",6623,"TUBB4B",6.33455001119998e-07,NA,NA,NA
"run02_uniform_k1",6624,"CYP21A2",0,NA,NA,NA
"run02_uniform_k1",6625,"TEK",0,NA,NA,NA
"run02_uniform_k1",6626,"ATP2A1",4.62343104201679e-06,NA,NA,NA
"run02_uniform_k1",6627,"KYNU",3.41288525791406e-05,NA,NA,NA
"run02_uniform_k1",6628,"PLB1",0.00110895479500295,NA,NA,NA
"run02_uniform_k1",6629,"GAMT",4.09153874207924e-05,NA,NA,NA
"run02_uniform_k1",6630,"ATF1",3.16751357498646e-06,NA,NA,NA
"run02_uniform_k1",6631,"DHRS3",0,NA,NA,NA
"run02_uniform_k1",6632,"PPARD",4.39109792027548e-05,NA,NA,NA
"run02_uniform_k1",6633,"DDC",2.58462116191627e-05,NA,NA,NA
"run02_uniform_k1",6634,"KCNN4",9.50269363275691e-06,NA,NA,NA
"run02_uniform_k1",6635,"FADS2",4.0853135067076e-05,NA,NA,NA
"run02_uniform_k1",6636,"SLC5A1",1.62831065815272e-05,NA,NA,NA
"run02_uniform_k1",6637,"LGALS3",1.90104129516033e-06,NA,NA,NA
"run02_uniform_k1",6638,"HRH1",0,NA,NA,NA
"run02_uniform_k1",6639,"PPIF",5.98208087934093e-05,NA,NA,NA
"run02_uniform_k1",6640,"XIAP",6.16233323891269e-05,NA,NA,NA
"run02_uniform_k1",6641,"SIRT6",5.06879720008069e-06,NA,NA,NA
"run02_uniform_k1",6642,"KCNN4",9.50269363275691e-06,NA,NA,NA
"run02_uniform_k1",6643,"ALDH2",5.15659678518299e-05,NA,NA,NA
"run02_uniform_k1",6644,"HDAC2",2.26872919905086e-05,NA,NA,NA
"run02_uniform_k1",6645,"AMY2A",0,NA,NA,NA
"run02_uniform_k1",6646,"KCNJ14",0,NA,NA,NA
"run02_uniform_k1",6647,"KDR",2.14857653940692e-05,NA,NA,NA
"run02_uniform_k1",6648,"BGLAP",0.000139973984731978,NA,NA,NA
"run02_uniform_k1",6649,"NTRK2",0.000178668928783821,NA,NA,NA
"run02_uniform_k1",6650,"CATSPER1",0,NA,NA,NA
"run02_uniform_k1",6651,"HCRTR1",0,NA,NA,NA
"run02_uniform_k1",6652,"EIF2S1",0.000110140192739028,NA,NA,NA
"run02_uniform_k1",6653,"PDE10A",6.52492584996001e-06,NA,NA,NA
"run02_uniform_k1",6654,"ACE",0.00145679149577593,NA,NA,NA
"run02_uniform_k1",6655,"CHRNB2",1.93198243616521e-05,NA,NA,NA
"run02_uniform_k1",6656,"NCOA6",0,NA,NA,NA
"run02_uniform_k1",6657,"PDE2A",0,NA,NA,NA
"run02_uniform_k1",6658,"BRCA1",0.00150305205251045,NA,NA,NA
"run02_uniform_k1",6659,"CACNG1",0,NA,NA,NA
"run02_uniform_k1",6660,"FABP2",0,NA,NA,NA
"run02_uniform_k1",6661,"PTK2B",6.52603876749591e-06,NA,NA,NA
"run02_uniform_k1",6662,"AKT2",0,NA,NA,NA
"run02_uniform_k1",6663,"CYP51A1",3.41436506348103e-05,NA,NA,NA
"run02_uniform_k1",6664,"HIF1A",0.000545020548238462,NA,NA,NA
"run02_uniform_k1",6665,"CSF2",1.26743081751979e-06,NA,NA,NA
"run02_uniform_k1",6666,"MT2A",0.00087441544054756,NA,NA,NA
"run02_uniform_k1",6667,"GRIK1",0,NA,NA,NA
"run02_uniform_k1",6668,"ITPR2",6.33550958140106e-07,NA,NA,NA
"run02_uniform_k1",6669,"COL3A1",0,NA,NA,NA
"run02_uniform_k1",6670,"YAP1",2.37641275353528e-05,NA,NA,NA
"run02_uniform_k1",6671,"GABRD",9.49995296650741e-07,NA,NA,NA
"run02_uniform_k1",6672,"ADRB1",3.16756855778255e-06,NA,NA,NA
"run02_uniform_k1",6673,"CALCA",1.96344956293615e-06,NA,NA,NA
"run02_uniform_k1",6674,"TXNIP",0,NA,NA,NA
"run02_uniform_k1",6675,"SRR",0,NA,NA,NA
"run02_uniform_k1",6676,"EREG",0,NA,NA,NA
"run02_uniform_k1",6677,"APLP1",0,NA,NA,NA
"run02_uniform_k1",6678,"PAEP",3.16647909515133e-06,NA,NA,NA
"run02_uniform_k1",6679,"COMT",0.000258432034107248,NA,NA,NA
"run02_uniform_k1",6680,"SFN",1.88836433614448e-05,NA,NA,NA
"run02_uniform_k1",6681,"NCOA6",0,NA,NA,NA
"run02_uniform_k1",6682,"CHUK",1.55270045979483e-05,NA,NA,NA
"run02_uniform_k1",6683,"ATG5",1.93264314094499e-05,NA,NA,NA
"run02_uniform_k1",6684,"PON1",7.22265572195013e-06,NA,NA,NA
"run02_uniform_k1",6685,"SULT1E1",0,NA,NA,NA
"run02_uniform_k1",6686,"IFNG",3.71450469081047e-05,NA,NA,NA
"run02_uniform_k1",6687,"ICAM2",0,NA,NA,NA
"run02_uniform_k1",6688,"SPI1",3.16810202792839e-05,NA,NA,NA
"run02_uniform_k1",6689,"PTK2B",6.52603876749591e-06,NA,NA,NA
"run02_uniform_k1",6690,"ATOX1",0,NA,NA,NA
"run02_uniform_k1",6691,"GJA1",0.000128446445619601,NA,NA,NA
"run02_uniform_k1",6692,"SOCS3",1.47020577304646e-05,NA,NA,NA
"run02_uniform_k1",6693,"PLA2G4A",0.000158908171599248,NA,NA,NA
"run02_uniform_k1",6694,"CYP1A1",0.000371673359131575,NA,NA,NA
"run02_uniform_k1",6695,"AXL",2.56876487623181e-05,NA,NA,NA
"run02_uniform_k1",6696,"GSTA2",5.30422370040862e-05,NA,NA,NA
"run02_uniform_k1",6697,"NFKBIE",0,NA,NA,NA
"run02_uniform_k1",6698,"PPIF",5.98208087934093e-05,NA,NA,NA
"run02_uniform_k1",6699,"NOX1",2.49654080184403e-05,NA,NA,NA
"run02_uniform_k1",6700,"RDH12",1.33642751130036e-05,NA,NA,NA
"run02_uniform_k1",6701,"GCLC",8.05799891081538e-05,NA,NA,NA
"run02_uniform_k1",6702,"RBL1",0,NA,NA,NA
"run02_uniform_k1",6703,"MT2A",0.00087441544054756,NA,NA,NA
"run02_uniform_k1",6704,"PLD2",0.000135771725086054,NA,NA,NA
"run02_uniform_k1",6705,"HNF4A",0.000115908516808982,NA,NA,NA
"run02_uniform_k1",6706,"ERN1",4.11862188642864e-06,NA,NA,NA
"run02_uniform_k1",6707,"TRPM7",0,NA,NA,NA
"run02_uniform_k1",6708,"ADH1B",0,NA,NA,NA
"run02_uniform_k1",6709,"ITGAL",2.85118848919463e-06,NA,NA,NA
"run02_uniform_k1",6710,"DYSF",0.00102310635249714,NA,NA,NA
"run02_uniform_k1",6711,"TNF",0.00134281467430086,NA,NA,NA
"run02_uniform_k1",6712,"APOA4",2.27717166977337e-05,NA,NA,NA
"run02_uniform_k1",6713,"ORM1",1.43183478092945e-05,NA,NA,NA
"run02_uniform_k1",6714,"KCNE2",0,NA,NA,NA
"run02_uniform_k1",6715,"AGT",0.000967403269813816,NA,NA,NA
"run02_uniform_k1",6716,"SLC1A6",0,NA,NA,NA
"run02_uniform_k1",6717,"BAX",8.97923976903581e-05,NA,NA,NA
"run02_uniform_k1",6718,"NTRK2",0.000178668928783821,NA,NA,NA
"run02_uniform_k1",6719,"SRPK1",0.00108816969760961,NA,NA,NA
"run02_uniform_k1",6720,"SIRT1",0.000506319994551752,NA,NA,NA
"run02_uniform_k1",6721,"NTRK1",3.04810969022906e-05,NA,NA,NA
"run02_uniform_k1",6722,"PTGES2",2.81266331965124e-05,NA,NA,NA
"run02_uniform_k1",6723,"LCP1",0.00205551981329799,NA,NA,NA
"run02_uniform_k1",6724,"GK",0.000406543096133638,NA,NA,NA
"run02_uniform_k1",6725,"LGALS3",1.90104129516033e-06,NA,NA,NA
"run02_uniform_k1",6726,"BECN1",8.42248076059482e-05,NA,NA,NA
"run02_uniform_k1",6727,"AGXT2",0.000181321349120078,NA,NA,NA
"run02_uniform_k1",6728,"CP",4.75143862451732e-05,NA,NA,NA
"run02_uniform_k1",6729,"FABP3",6.33463026478154e-07,NA,NA,NA
"run02_uniform_k1",6730,"RARG",0,NA,NA,NA
"run02_uniform_k1",6731,"CAPN10",0.000977887184816284,NA,NA,NA
"run02_uniform_k1",6732,"RAC2",7.2870543702308e-05,NA,NA,NA
"run02_uniform_k1",6733,"CFLAR",6.33631245472444e-07,NA,NA,NA
"run02_uniform_k1",6734,"HCRTR2",0,NA,NA,NA
"run02_uniform_k1",6735,"ASPA",0,NA,NA,NA
"run02_uniform_k1",6736,"GABRP",0,NA,NA,NA
"run02_uniform_k1",6737,"TRPV2",1.87502442750009e-05,NA,NA,NA
"run02_uniform_k1",6738,"CASP7",1.26727879179445e-06,NA,NA,NA
"run02_uniform_k1",6739,"SRI",0,NA,NA,NA
"run02_uniform_k1",6740,"PDE4B",1.76110095406745e-05,NA,NA,NA
"run02_uniform_k1",6741,"F3",4.30244857466677e-05,NA,NA,NA
"run02_uniform_k1",6742,"DGAT1",0.000583801314570143,NA,NA,NA
"run02_uniform_k1",6743,"CTRC",0,NA,NA,NA
"run02_uniform_k1",6744,"NAAA",0,NA,NA,NA
"run02_uniform_k1",6745,"EIF4E",1.3685843489597e-05,NA,NA,NA
"run02_uniform_k1",6746,"SCARB1",0.000336871406579009,NA,NA,NA
"run02_uniform_k1",6747,"CYBB",6.42615564472315e-05,NA,NA,NA
"run02_uniform_k1",6748,"PTGER3",1.07329013246948e-05,NA,NA,NA
"run02_uniform_k1",6749,"MRC1",0,NA,NA,NA
"run02_uniform_k1",6750,"ACTR1B",0,NA,NA,NA
"run02_uniform_k1",6751,"CD44",0.000889730591565385,NA,NA,NA
"run02_uniform_k1",6752,"ACHE",0.000111252964972719,NA,NA,NA
"run02_uniform_k1",6753,"PRKACA",0.00408086083662407,NA,NA,NA
"run02_uniform_k1",6754,"HBB",6.40684097101829e-05,NA,NA,NA
"run02_uniform_k1",6755,"COX5B",5.70133156496677e-06,NA,NA,NA
"run02_uniform_k1",6756,"TOP1",1.90060302329709e-06,NA,NA,NA
"run02_uniform_k1",6757,"DLG3",1.07692098152423e-05,NA,NA,NA
"run02_uniform_k1",6758,"STAT1",0.000487010105838959,NA,NA,NA
"run02_uniform_k1",6759,"KCNJ14",0,NA,NA,NA
"run02_uniform_k1",6760,"ATG12",0,NA,NA,NA
"run02_uniform_k1",6761,"MAP3K7",0.000279295362734966,NA,NA,NA
"run02_uniform_k1",6762,"HCN4",0.00104282749963691,NA,NA,NA
"run02_uniform_k1",6763,"NOX1",2.49654080184403e-05,NA,NA,NA
"run02_uniform_k1",6764,"VWF",5.62078033525815e-05,NA,NA,NA
"run02_uniform_k1",6765,"TFF2",0,NA,NA,NA
"run02_uniform_k1",6766,"WEE1",0,NA,NA,NA
"run02_uniform_k1",6767,"COL11A2",7.28347388034845e-06,NA,NA,NA
"run02_uniform_k1",6768,"RARB",1.39344317841017e-05,NA,NA,NA
"run02_uniform_k1",6769,"AKR1C3",0.000173978783267859,NA,NA,NA
"run02_uniform_k1",6770,"RYR2",4.78345186669671e-05,NA,NA,NA
"run02_uniform_k1",6771,"RBL1",0,NA,NA,NA
"run02_uniform_k1",6772,"AHR",1.17841620478343e-05,NA,NA,NA
"run02_uniform_k1",6773,"ELOVL2",0,NA,NA,NA
"run02_uniform_k1",6774,"ATP2A1",4.62343104201679e-06,NA,NA,NA
"run02_uniform_k1",6775,"PLA2G2A",5.81866140334508e-05,NA,NA,NA
"run02_uniform_k1",6776,"BTK",0.000119272845312435,NA,NA,NA
"run02_uniform_k1",6777,"IL1B",0.000829865649814021,NA,NA,NA
"run02_uniform_k1",6778,"MYH6",5.61947915448391e-05,NA,NA,NA
"run02_uniform_k1",6779,"MYC",0.000561856827766771,NA,NA,NA
"run02_uniform_k1",6780,"EIF4E",1.3685843489597e-05,NA,NA,NA
"run02_uniform_k1",6781,"SLC8A1",0,NA,NA,NA
"run02_uniform_k1",6782,"ADRA2C",1.26052450867276e-05,NA,NA,NA
"run02_uniform_k1",6783,"SPI1",3.16810202792839e-05,NA,NA,NA
"run02_uniform_k1",6784,"COL1A1",0.000181222784889745,NA,NA,NA
"run02_uniform_k1",6785,"TUBB4B",6.33455001119998e-07,NA,NA,NA
"run02_uniform_k1",6786,"EGF",0.000230000691015642,NA,NA,NA
"run02_uniform_k1",6787,"PLD2",0.000135771725086054,NA,NA,NA
"run02_uniform_k1",6788,"LGALS1",0,NA,NA,NA
"run02_uniform_k1",6789,"GABRB3",0.000120726283226125,NA,NA,NA
"run02_uniform_k1",6790,"SHH",1.43206732026169e-05,NA,NA,NA
"run02_uniform_k1",6791,"MAPK1",6.82101559971171e-05,NA,NA,NA
"run02_uniform_k1",6792,"FABP5",6.2410696410331e-05,NA,NA,NA
"run02_uniform_k1",6793,"DYSF",0.00102310635249714,NA,NA,NA
"run02_uniform_k1",6794,"TNFRSF1A",1.26749186291075e-05,NA,NA,NA
"run02_uniform_k1",6795,"CPT1C",0,NA,NA,NA
"run02_uniform_k1",6796,"KIT",0.000262263529464124,NA,NA,NA
"run02_uniform_k1",6797,"NPPB",3.61091583611639e-06,NA,NA,NA
"run02_uniform_k1",6798,"HDAC2",2.26872919905086e-05,NA,NA,NA
"run02_uniform_k1",6799,"SLC29A2",0,NA,NA,NA
"run02_uniform_k1",6800,"SELE",1.58407098771463e-06,NA,NA,NA
"run02_uniform_k1",6801,"ACACA",7.98311027262466e-05,NA,NA,NA
"run02_uniform_k1",6802,"MUC5AC",6.33425870422144e-07,NA,NA,NA
"run02_uniform_k1",6803,"PRDX1",5.7026663956572e-06,NA,NA,NA
"run02_uniform_k1",6804,"STAT3",0.000956982443180987,NA,NA,NA
"run02_uniform_k1",6805,"CYP11B2",0.000106525313512962,NA,NA,NA
"run02_uniform_k1",6806,"ESRRB",2.36306737284586e-05,NA,NA,NA
"run02_uniform_k1",6807,"CHRM1",6.15364589550138e-05,NA,NA,NA
"run02_uniform_k1",6808,"TYRP1",6.65147512002306e-06,NA,NA,NA
"run02_uniform_k1",6809,"CACNG1",0,NA,NA,NA
"run02_uniform_k1",6810,"CSF2",1.26743081751979e-06,NA,NA,NA
"run02_uniform_k1",6811,"SDHA",0.000611111269984921,NA,NA,NA
"run02_uniform_k1",6812,"HTR2B",3.80070954153489e-06,NA,NA,NA
"run02_uniform_k1",6813,"OAZ1",0,NA,NA,NA
"run02_uniform_k1",6814,"CDK8",0,NA,NA,NA
"run02_uniform_k1",6815,"PLD2",0.000135771725086054,NA,NA,NA
"run02_uniform_k1",6816,"BIRC3",6.3362084734564e-07,NA,NA,NA
"run02_uniform_k1",6817,"POU5F1",3.4853680447311e-06,NA,NA,NA
"run02_uniform_k1",6818,"CLDN4",0,NA,NA,NA
"run02_uniform_k1",6819,"MAP2K1",0,NA,NA,NA
"run02_uniform_k1",6820,"KLF4",2.5346502531276e-06,NA,NA,NA
"run02_uniform_k1",6821,"SLC6A3",0.000164253248760127,NA,NA,NA
"run02_uniform_k1",6822,"FOSL1",5.14461500070729e-05,NA,NA,NA
"run02_uniform_k1",6823,"CCL2",3.6509767629811e-05,NA,NA,NA
"run02_uniform_k1",6824,"ADH7",0,NA,NA,NA
"run02_uniform_k1",6825,"FKRP",0,NA,NA,NA
"run02_uniform_k1",6826,"UCP3",0,NA,NA,NA
"run02_uniform_k1",6827,"GRIN2D",0,NA,NA,NA
"run02_uniform_k1",6828,"MGST1",0,NA,NA,NA
"run02_uniform_k1",6829,"ATR",0,NA,NA,NA
"run02_uniform_k1",6830,"NPPB",3.61091583611639e-06,NA,NA,NA
"run02_uniform_k1",6831,"GABRP",0,NA,NA,NA
"run02_uniform_k1",6832,"TNFAIP6",4.94186435140431e-06,NA,NA,NA
"run02_uniform_k1",6833,"RAF1",1.33718501759139e-05,NA,NA,NA
"run02_uniform_k1",6834,"HDAC7",6.01926074750292e-06,NA,NA,NA
"run02_uniform_k1",6835,"SMAD2",3.42235274195524e-05,NA,NA,NA
"run02_uniform_k1",6836,"KCNH2",0.000463751185241779,NA,NA,NA
"run02_uniform_k1",6837,"ABCC8",3.66842389862843e-05,NA,NA,NA
"run02_uniform_k1",6838,"SCN1A",4.8526600018195e-05,NA,NA,NA
"run02_uniform_k1",6839,"SLC6A3",0.000164253248760127,NA,NA,NA
"run02_uniform_k1",6840,"FGB",2.53425344454161e-06,NA,NA,NA
"run02_uniform_k1",6841,"AKR1C2",0,NA,NA,NA
"run02_uniform_k1",6842,"SLC7A1",0,NA,NA,NA
"run02_uniform_k1",6843,"NISCH",0,NA,NA,NA
"run02_uniform_k1",6844,"HTR2C",1.81821061465692e-05,NA,NA,NA
"run02_uniform_k1",6845,"HDAC2",2.26872919905086e-05,NA,NA,NA
"run02_uniform_k1",6846,"SLC16A1",1.22233950207162e-05,NA,NA,NA
"run02_uniform_k1",6847,"ALDH2",5.15659678518299e-05,NA,NA,NA
"run02_uniform_k1",6848,"ADAMTS4",0,NA,NA,NA
"run02_uniform_k1",6849,"MAPT",0.000248151462638568,NA,NA,NA
"run02_uniform_k1",6850,"CNR1",0.000234330328976462,NA,NA,NA
"run02_uniform_k1",6851,"PROM1",0.00127729251749653,NA,NA,NA
"run02_uniform_k1",6852,"ARF5",0,NA,NA,NA
"run02_uniform_k1",6853,"HSPA4",0.000770336012735795,NA,NA,NA
"run02_uniform_k1",6854,"PLEK",3.16787882370662e-06,NA,NA,NA
"run02_uniform_k1",6855,"ATM",2.74398232945616e-05,NA,NA,NA
"run02_uniform_k1",6856,"FUS",6.90480253662251e-06,NA,NA,NA
"run02_uniform_k1",6857,"HDAC7",6.01926074750292e-06,NA,NA,NA
"run02_uniform_k1",6858,"PRMT3",0,NA,NA,NA
"run02_uniform_k1",6859,"SCN2A",9.6829057864789e-05,NA,NA,NA
"run02_uniform_k1",6860,"CXCR4",0.000366755254582851,NA,NA,NA
"run02_uniform_k1",6861,"GABRA6",0,NA,NA,NA
"run02_uniform_k1",6862,"DIO1",0,NA,NA,NA
"run02_uniform_k1",6863,"VLDLR",0,NA,NA,NA
"run02_uniform_k1",6864,"TBK1",8.23758983270473e-06,NA,NA,NA
"run02_uniform_k1",6865,"APP",0.00112835552814228,NA,NA,NA
"run02_uniform_k1",6866,"GSTZ1",0,NA,NA,NA
"run02_uniform_k1",6867,"MAPT",0.000248151462638568,NA,NA,NA
"run02_uniform_k1",6868,"CAMK2G",0,NA,NA,NA
"run02_uniform_k1",6869,"OLR1",0,NA,NA,NA
"run02_uniform_k1",6870,"AHSA1",0,NA,NA,NA
"run02_uniform_k1",6871,"NLN",0,NA,NA,NA
"run02_uniform_k1",6872,"AMY2A",0,NA,NA,NA
"run02_uniform_k1",6873,"GRIN2C",0,NA,NA,NA
"run02_uniform_k1",6874,"CACNA2D3",0,NA,NA,NA
"run02_uniform_k1",6875,"F7",0.00116938158797564,NA,NA,NA
"run02_uniform_k1",6876,"CCNB1",1.05829380095956e-05,NA,NA,NA
"run02_uniform_k1",6877,"AANAT",0,NA,NA,NA
"run02_uniform_k1",6878,"PTK2B",6.52603876749591e-06,NA,NA,NA
"run02_uniform_k1",6879,"UGT1A1",6.43666731126036e-05,NA,NA,NA
"run02_uniform_k1",6880,"AKR1A1",6.17051045759265e-06,NA,NA,NA
"run02_uniform_k1",6881,"NPEPPS",0,NA,NA,NA
"run02_uniform_k1",6882,"SULT1A1",8.93034087123823e-06,NA,NA,NA
"run02_uniform_k1",6883,"ATF3",8.55513091113647e-06,NA,NA,NA
"run02_uniform_k1",6884,"NNMT",2.43922960370124e-05,NA,NA,NA
"run02_uniform_k1",6885,"CYP2A6",0.000367474741212792,NA,NA,NA
"run02_uniform_k1",6886,"CS",0.000203624857343709,NA,NA,NA
"run02_uniform_k1",6887,"HAMP",0.000187982524293195,NA,NA,NA
"run02_uniform_k1",6888,"MARK4",0,NA,NA,NA
"run02_uniform_k1",6889,"ALDOA",1.76112505224646e-05,NA,NA,NA
"run02_uniform_k1",6890,"JAK2",0.000791453142699572,NA,NA,NA
"run02_uniform_k1",6891,"ADRB3",5.25856990074569e-06,NA,NA,NA
"run02_uniform_k1",6892,"FABP1",2.30624266933654e-05,NA,NA,NA
"run02_uniform_k1",6893,"GOT2",0.00078289580737978,NA,NA,NA
"run02_uniform_k1",6894,"GRIN2A",0.000361526992004202,NA,NA,NA
"run02_uniform_k1",6895,"CASR",1.85576382838448e-05,NA,NA,NA
"run02_uniform_k1",6896,"POU5F1",3.4853680447311e-06,NA,NA,NA
"run02_uniform_k1",6897,"RUNX3",2.26216416990832e-05,NA,NA,NA
"run02_uniform_k1",6898,"EPHB6",0,NA,NA,NA
"run02_uniform_k1",6899,"IL1A",0.00038306531858312,NA,NA,NA
"run02_uniform_k1",6900,"CYP1A1",0.000371673359131575,NA,NA,NA
"run02_uniform_k1",6901,"UCP2",2.4330049283483e-05,NA,NA,NA
"run02_uniform_k1",6902,"APLP1",0,NA,NA,NA
"run02_uniform_k1",6903,"ASPA",0,NA,NA,NA
"run02_uniform_k1",6904,"PLAU",9.12459578450431e-06,NA,NA,NA
"run02_uniform_k1",6905,"COX6A2",0,NA,NA,NA
"run02_uniform_k1",6906,"ESR1",0.00102478911944048,NA,NA,NA
"run02_uniform_k1",6907,"UCP3",0,NA,NA,NA
"run02_uniform_k1",6908,"FKRP",0,NA,NA,NA
"run02_uniform_k1",6909,"FXN",3.98458264223578e-05,NA,NA,NA
"run02_uniform_k1",6910,"PRKACA",0.00408086083662407,NA,NA,NA
"run02_uniform_k1",6911,"CTSG",5.59397568715703e-05,NA,NA,NA
"run02_uniform_k1",6912,"GPR35",0,NA,NA,NA
"run02_uniform_k1",6913,"ACTB",0.0035966824210889,NA,NA,NA
"run02_uniform_k1",6914,"ACTA2",4.98567078929257e-05,NA,NA,NA
"run02_uniform_k1",6915,"CNR1",0.000234330328976462,NA,NA,NA
"run02_uniform_k1",6916,"ADORA2A",0.00134091820301629,NA,NA,NA
"run02_uniform_k1",6917,"CDT1",1.38729255214631e-05,NA,NA,NA
"run02_uniform_k1",6918,"ACTG1",2.72461711825489e-06,NA,NA,NA
"run02_uniform_k1",6919,"SCD",0.000143791042404695,NA,NA,NA
"run02_uniform_k1",6920,"RYR2",4.78345186669671e-05,NA,NA,NA
"run02_uniform_k1",6921,"GRIN1",6.96987215653699e-06,NA,NA,NA
"run02_uniform_k1",6922,"P2RX4",0,NA,NA,NA
"run02_uniform_k1",6923,"GLYAT",0,NA,NA,NA
"run02_uniform_k1",6924,"SOX9",0.000102527928081186,NA,NA,NA
"run02_uniform_k1",6925,"TEP1",0,NA,NA,NA
"run02_uniform_k1",6926,"CYP21A2",0,NA,NA,NA
"run02_uniform_k1",6927,"RUNX3",2.26216416990832e-05,NA,NA,NA
"run02_uniform_k1",6928,"ACTA1",3.96575036063496e-05,NA,NA,NA
"run02_uniform_k1",6929,"E2F1",6.05857808446686e-05,NA,NA,NA
"run02_uniform_k1",6930,"KCNJ2",0.00119679281819129,NA,NA,NA
"run02_uniform_k1",6931,"CACNG1",0,NA,NA,NA
"run02_uniform_k1",6932,"GABRA2",5.10094626082758e-05,NA,NA,NA
"run02_uniform_k1",6933,"KCNH2",0.000463751185241779,NA,NA,NA
"run02_uniform_k1",6934,"AHSP",1.89993871424488e-06,NA,NA,NA
"run02_uniform_k1",6935,"CACNA1A",0.000251442934202317,NA,NA,NA
"run02_uniform_k1",6936,"SLC1A3",2.4134429150835e-05,NA,NA,NA
"run02_uniform_k1",6937,"VLDLR",0,NA,NA,NA
"run02_uniform_k1",6938,"SRR",0,NA,NA,NA
"run02_uniform_k1",6939,"ROS1",0,NA,NA,NA
"run02_uniform_k1",6940,"HCRTR2",0,NA,NA,NA
"run02_uniform_k1",6941,"HDAC2",2.26872919905086e-05,NA,NA,NA
"run02_uniform_k1",6942,"CRH",2.05295196740174e-05,NA,NA,NA
"run02_uniform_k1",6943,"GLO1",4.94041980381166e-06,NA,NA,NA
"run02_uniform_k1",6944,"HK2",0.000296209764147126,NA,NA,NA
"run02_uniform_k1",6945,"CACNG2",5.72736887810565e-05,NA,NA,NA
"run02_uniform_k1",6946,"CACNA1I",0,NA,NA,NA
"run02_uniform_k1",6947,"NR1H2",0,NA,NA,NA
"run02_uniform_k1",6948,"CKB",5.32096942710281e-05,NA,NA,NA
"run02_uniform_k1",6949,"ADRA2A",6.33347720935262e-07,NA,NA,NA
"run02_uniform_k1",6950,"BIRC5",3.23786530762593e-05,NA,NA,NA
"run02_uniform_k1",6951,"PDE2A",0,NA,NA,NA
"run02_uniform_k1",6952,"GFAP",0.000240332727610593,NA,NA,NA
"run02_uniform_k1",6953,"CNR1",0.000234330328976462,NA,NA,NA
"run02_uniform_k1",6954,"IL2",8.48661529537775e-05,NA,NA,NA
"run02_uniform_k1",6955,"NCF1",8.14327396577719e-05,NA,NA,NA
"run02_uniform_k1",6956,"COL1A2",8.49027404237201e-06,NA,NA,NA
"run02_uniform_k1",6957,"ALDH1A1",0.000768800994206509,NA,NA,NA
"run02_uniform_k1",6958,"APLP1",0,NA,NA,NA
"run02_uniform_k1",6959,"FABP7",3.9904553374992e-06,NA,NA,NA
"run02_uniform_k1",6960,"DBH",9.818852931609e-06,NA,NA,NA
"run02_uniform_k1",6961,"HDAC7",6.01926074750292e-06,NA,NA,NA
"run02_uniform_k1",6962,"NEIL1",0,NA,NA,NA
"run02_uniform_k1",6963,"PPT1",8.42388961930229e-06,NA,NA,NA
"run02_uniform_k1",6964,"PTGDS",0.0001023719829093,NA,NA,NA
"run02_uniform_k1",6965,"NR1I2",0.000123041356779652,NA,NA,NA
"run02_uniform_k1",6966,"CRP",0.00025559836793676,NA,NA,NA
"run02_uniform_k1",6967,"CDKN2A",0.000523536323894791,NA,NA,NA
"run02_uniform_k1",6968,"PRDX2",0,NA,NA,NA
"run02_uniform_k1",6969,"HCRTR2",0,NA,NA,NA
"run02_uniform_k1",6970,"SLC1A6",0,NA,NA,NA
"run02_uniform_k1",6971,"SLC29A1",0.00102903201870796,NA,NA,NA
"run02_uniform_k1",6972,"LGALS3",1.90104129516033e-06,NA,NA,NA
"run02_uniform_k1",6973,"GLUD1",0.00010300883354164,NA,NA,NA
"run02_uniform_k1",6974,"AOX1",0.000679762836007236,NA,NA,NA
"run02_uniform_k1",6975,"RCAN1",0,NA,NA,NA
"run02_uniform_k1",6976,"NLN",0,NA,NA,NA
"run02_uniform_k1",6977,"CYCS",0.0019228192201588,NA,NA,NA
"run02_uniform_k1",6978,"LRAT",5.06328770298881e-05,NA,NA,NA
"run02_uniform_k1",6979,"ASPA",0,NA,NA,NA
"run02_uniform_k1",6980,"HSPA5",0.000228473516780459,NA,NA,NA
"run02_uniform_k1",6981,"EGLN3",1.26699828650878e-06,NA,NA,NA
"run02_uniform_k1",6982,"CALCR",3.30019686509697e-05,NA,NA,NA
"run02_uniform_k1",6983,"CATSPER1",0,NA,NA,NA
"run02_uniform_k1",6984,"TRPC5",4.86789497714524e-05,NA,NA,NA
"run02_uniform_k1",6985,"GJA1",0.000128446445619601,NA,NA,NA
"run02_uniform_k1",6986,"CHEK2",2.4076159734765e-06,NA,NA,NA
"run02_uniform_k1",6987,"SLPI",0,NA,NA,NA
"run02_uniform_k1",6988,"CALCA",1.96344956293615e-06,NA,NA,NA
"run02_uniform_k1",6989,"HNF4G",0,NA,NA,NA
"run02_uniform_k1",6990,"CD14",0,NA,NA,NA
"run02_uniform_k1",6991,"CP",4.75143862451732e-05,NA,NA,NA
"run02_uniform_k1",6992,"CYP2C9",0.000117781048131316,NA,NA,NA
"run02_uniform_k1",6993,"CALML3",0,NA,NA,NA
"run02_uniform_k1",6994,"SDHA",0.000611111269984921,NA,NA,NA
"run02_uniform_k1",6995,"CLIP1",0,NA,NA,NA
"run02_uniform_k1",6996,"CTSD",0.000133066364187417,NA,NA,NA
"run02_uniform_k1",6997,"COX5B",5.70133156496677e-06,NA,NA,NA
"run02_uniform_k1",6998,"OPA1",9.50142898359374e-07,NA,NA,NA
"run02_uniform_k1",6999,"PTK2B",6.52603876749591e-06,NA,NA,NA
"run02_uniform_k1",7000,"F3",4.30244857466677e-05,NA,NA,NA
"run02_uniform_k1",7001,"GRIN1",6.96987215653699e-06,NA,NA,NA
"run02_uniform_k1",7002,"TUBB",0.000162866051467092,NA,NA,NA
"run02_uniform_k1",7003,"IDO1",0.000463661718947295,NA,NA,NA
"run02_uniform_k1",7004,"GJA1",0.000128446445619601,NA,NA,NA
"run02_uniform_k1",7005,"HAMP",0.000187982524293195,NA,NA,NA
"run02_uniform_k1",7006,"E2F1",6.05857808446686e-05,NA,NA,NA
"run02_uniform_k1",7007,"ADH5",7.50101523409041e-05,NA,NA,NA
"run02_uniform_k1",7008,"PDE5A",1.15913843198312e-05,NA,NA,NA
"run02_uniform_k1",7009,"SNAI2",6.33686013218338e-07,NA,NA,NA
"run02_uniform_k1",7010,"MAP1LC3A",0,NA,NA,NA
"run02_uniform_k1",7011,"BAK1",0,NA,NA,NA
"run02_uniform_k1",7012,"UGT1A3",1.26699491542759e-06,NA,NA,NA
"run02_uniform_k1",7013,"PTPN11",2.43987962315062e-05,NA,NA,NA
"run02_uniform_k1",7014,"APOA4",2.27717166977337e-05,NA,NA,NA
"run02_uniform_k1",7015,"PTGER3",1.07329013246948e-05,NA,NA,NA
"run02_uniform_k1",7016,"FOXM1",1.90088265561439e-06,NA,NA,NA
"run02_uniform_k1",7017,"FGB",2.53425344454161e-06,NA,NA,NA
"run02_uniform_k1",7018,"GABRR3",0,NA,NA,NA
"run02_uniform_k1",7019,"ACP1",0,NA,NA,NA
"run02_uniform_k1",7020,"ORM1",1.43183478092945e-05,NA,NA,NA
"run02_uniform_k1",7021,"DMP1",0,NA,NA,NA
"run02_uniform_k1",7022,"PPARD",4.39109792027548e-05,NA,NA,NA
"run02_uniform_k1",7023,"GABRG1",0,NA,NA,NA
"run02_uniform_k1",7024,"APOE",0.000621735352925756,NA,NA,NA
"run02_uniform_k1",7025,"FKRP",0,NA,NA,NA
"run02_uniform_k1",7026,"FOSL1",5.14461500070729e-05,NA,NA,NA
"run02_uniform_k1",7027,"CYP1B1",1.26701867375623e-06,NA,NA,NA
"run02_uniform_k1",7028,"SIRT1",0.000506319994551752,NA,NA,NA
"run02_uniform_k1",7029,"AR",0.000302154756725348,NA,NA,NA
"run02_uniform_k1",7030,"ARF4",1.97623946650571e-05,NA,NA,NA
"run02_uniform_k1",7031,"GPT2",8.61690501118284e-05,NA,NA,NA
"run02_uniform_k1",7032,"HSD11B1",5.68914811439614e-05,NA,NA,NA
"run02_uniform_k1",7033,"LIPG",0,NA,NA,NA
"run02_uniform_k1",7034,"SERPINE1",0.000106720941403182,NA,NA,NA
"run02_uniform_k1",7035,"NRF1",1.38741902355743e-05,NA,NA,NA
"run02_uniform_k1",7036,"GABRG2",6.25131802217682e-05,NA,NA,NA
"run02_uniform_k1",7037,"STAT5B",1.13440953091182e-05,NA,NA,NA
"run02_uniform_k1",7038,"CSF3",4.44861479179659e-05,NA,NA,NA
"run02_uniform_k1",7039,"TOMM70",0,NA,NA,NA
"run02_uniform_k1",7040,"CACNA1I",0,NA,NA,NA
"run02_uniform_k1",7041,"ADH1C",0,NA,NA,NA
"run02_uniform_k1",7042,"GSTM3",0,NA,NA,NA
"run02_uniform_k1",7043,"CACNA2D3",0,NA,NA,NA
"run02_uniform_k1",7044,"PNP",0.000105291533052498,NA,NA,NA
"run02_uniform_k1",7045,"GOT2",0.00078289580737978,NA,NA,NA
"run02_uniform_k1",7046,"SLC10A1",8.11595436944756e-05,NA,NA,NA
"run02_uniform_k1",7047,"AKT1",0.00346325271049452,NA,NA,NA
"run02_uniform_k1",7048,"UGT2B28",0,NA,NA,NA
"run02_uniform_k1",7049,"CDKN1B",8.87190608878097e-06,NA,NA,NA
"run02_uniform_k1",7050,"TFR2",1.9001036434263e-06,NA,NA,NA
"run02_uniform_k1",7051,"TRPM7",0,NA,NA,NA
"run02_uniform_k1",7052,"SOX2",0.00140571719586968,NA,NA,NA
"run02_uniform_k1",7053,"RBP4",4.16853263397465e-05,NA,NA,NA
"run02_uniform_k1",7054,"HSD11B1",5.68914811439614e-05,NA,NA,NA
"run02_uniform_k1",7055,"TF",8.42569713455088e-06,NA,NA,NA
"run02_uniform_k1",7056,"CYP2D6",2.95879994604009e-05,NA,NA,NA
"run02_uniform_k1",7057,"GCLC",8.05799891081538e-05,NA,NA,NA
"run02_uniform_k1",7058,"HDAC7",6.01926074750292e-06,NA,NA,NA
"run02_uniform_k1",7059,"UCP2",2.4330049283483e-05,NA,NA,NA
"run02_uniform_k1",7060,"PRKDC",3.48518119952512e-06,NA,NA,NA
"run02_uniform_k1",7061,"CYP3A4",0.000708964295377368,NA,NA,NA
"run02_uniform_k1",7062,"SLC5A5",3.67365014874999e-06,NA,NA,NA
"run02_uniform_k1",7063,"LGALS3",1.90104129516033e-06,NA,NA,NA
"run02_uniform_k1",7064,"CDK4",5.9067280737346e-05,NA,NA,NA
"run02_uniform_k1",7065,"CXADR",1.64676675717956e-06,NA,NA,NA
"run02_uniform_k1",7066,"CLDN4",0,NA,NA,NA
"run02_uniform_k1",7067,"XDH",0.000207347108110545,NA,NA,NA
"run02_uniform_k1",7068,"PDE4A",1.34575381137703e-05,NA,NA,NA
"run02_uniform_k1",7069,"GYPA",0.000261429870861529,NA,NA,NA
"run02_uniform_k1",7070,"TNFRSF11B",0,NA,NA,NA
"run02_uniform_k1",7071,"SOX9",0.000102527928081186,NA,NA,NA
"run02_uniform_k1",7072,"DDB1",2.07812890326009e-05,NA,NA,NA
"run02_uniform_k1",7073,"HMOX1",0.000383241490365949,NA,NA,NA
"run02_uniform_k1",7074,"CYP2E1",0.000529547743911452,NA,NA,NA
"run02_uniform_k1",7075,"FURIN",9.05415850372959e-05,NA,NA,NA
"run02_uniform_k1",7076,"MAP2",5.57507217935349e-06,NA,NA,NA
"run02_uniform_k1",7077,"KCNJ15",0,NA,NA,NA
"run02_uniform_k1",7078,"NFKBIA",5.47616073202084e-05,NA,NA,NA
"run02_uniform_k1",7079,"PNP",0.000105291533052498,NA,NA,NA
"run02_uniform_k1",7080,"MGST1",0,NA,NA,NA
"run02_uniform_k1",7081,"BMP2",1.27361599282505e-05,NA,NA,NA
"run02_uniform_k1",7082,"ACTB",0.0035966824210889,NA,NA,NA
"run02_uniform_k1",7083,"CACNA1G",7.41987078123341e-05,NA,NA,NA
"run02_uniform_k1",7084,"PTGER4",5.57531554357116e-06,NA,NA,NA
"run02_uniform_k1",7085,"RBP4",4.16853263397465e-05,NA,NA,NA
"run02_uniform_k1",7086,"CDKN2A",0.000523536323894791,NA,NA,NA
"run02_uniform_k1",7087,"RHOA",0.000165621123898174,NA,NA,NA
"run02_uniform_k1",7088,"GP6",2.19854467736758e-05,NA,NA,NA
"run02_uniform_k1",7089,"ROS1",0,NA,NA,NA
"run02_uniform_k1",7090,"PGRMC1",1.54584083279508e-05,NA,NA,NA
"run02_uniform_k1",7091,"DGKD",3.99034614917415e-06,NA,NA,NA
"run02_uniform_k1",7092,"CASP1",0.00024876408303065,NA,NA,NA
"run02_uniform_k1",7093,"CCL8",0,NA,NA,NA
"run02_uniform_k1",7094,"FOSL2",0,NA,NA,NA
"run02_uniform_k1",7095,"ACP1",0,NA,NA,NA
"run02_uniform_k1",7096,"CACNA1I",0,NA,NA,NA
"run02_uniform_k1",7097,"ABCC9",1.45674367513227e-06,NA,NA,NA
"run02_uniform_k1",7098,"KCNJ10",0,NA,NA,NA
"run02_uniform_k1",7099,"LYN",0.000110145713016818,NA,NA,NA
"run02_uniform_k1",7100,"F2",0.000128821901214549,NA,NA,NA
"run02_uniform_k1",7101,"SREBF2",1.69818952083789e-05,NA,NA,NA
"run02_uniform_k1",7102,"HDAC1",0.00033891246936113,NA,NA,NA
"run02_uniform_k1",7103,"CHAT",0.00035285368960325,NA,NA,NA
"run02_uniform_k1",7104,"LGALS1",0,NA,NA,NA
"run02_uniform_k1",7105,"TRPM7",0,NA,NA,NA
"run02_uniform_k1",7106,"C8G",8.92998568191583e-06,NA,NA,NA
"run02_uniform_k1",7107,"RAPGEF4",2.51523475149895e-05,NA,NA,NA
"run02_uniform_k1",7108,"AGTR1",7.87895413547623e-05,NA,NA,NA
"run02_uniform_k1",7109,"ADAMTS4",0,NA,NA,NA
"run02_uniform_k1",7110,"SLC8A2",0,NA,NA,NA
"run02_uniform_k1",7111,"GABRA1",0.000512519672648093,NA,NA,NA
"run02_uniform_k1",7112,"PRKAG2",0.00023019859617357,NA,NA,NA
"run02_uniform_k1",7113,"TACR3",0,NA,NA,NA
"run02_uniform_k1",7114,"TFF1",9.5019484058767e-07,NA,NA,NA
"run02_uniform_k1",7115,"AMY2A",0,NA,NA,NA
"run02_uniform_k1",7116,"MYH7",2.03333890326229e-05,NA,NA,NA
"run02_uniform_k1",7117,"HK2",0.000296209764147126,NA,NA,NA
"run02_uniform_k1",7118,"FOSL1",5.14461500070729e-05,NA,NA,NA
"run02_uniform_k1",7119,"MAPK13",0,NA,NA,NA
"run02_uniform_k1",7120,"AURKB",0.000100012341094136,NA,NA,NA
"run02_uniform_k1",7121,"DDIT3",5.44896803789108e-06,NA,NA,NA
"run02_uniform_k1",7122,"AASS",1.96337880520314e-06,NA,NA,NA
"run02_uniform_k1",7123,"TUBA1C",0,NA,NA,NA
"run02_uniform_k1",7124,"AKR1D1",0.0010662752740489,NA,NA,NA
"run02_uniform_k1",7125,"NRF1",1.38741902355743e-05,NA,NA,NA
"run02_uniform_k1",7126,"GABRP",0,NA,NA,NA
"run02_uniform_k1",7127,"CACNA1I",0,NA,NA,NA
"run02_uniform_k1",7128,"ADA",5.3173443308685e-05,NA,NA,NA
"run02_uniform_k1",7129,"CYP1A1",0.000371673359131575,NA,NA,NA
"run02_uniform_k1",7130,"CACNA2D2",0,NA,NA,NA
"run02_uniform_k1",7131,"CHRM1",6.15364589550138e-05,NA,NA,NA
"run02_uniform_k1",7132,"HNF4G",0,NA,NA,NA
"run02_uniform_k1",7133,"GOT2",0.00078289580737978,NA,NA,NA
"run02_uniform_k1",7134,"LRP5",0,NA,NA,NA
"run02_uniform_k1",7135,"GABRQ",0,NA,NA,NA
"run02_uniform_k1",7136,"YWHAE",2.37606312166738e-05,NA,NA,NA
"run02_uniform_k1",7137,"KHK",0,NA,NA,NA
"run02_uniform_k1",7138,"SLC6A3",0.000164253248760127,NA,NA,NA
"run02_uniform_k1",7139,"PDE7B",0,NA,NA,NA
"run02_uniform_k1",7140,"ARRDC3",6.33407013395093e-07,NA,NA,NA
"run02_uniform_k1",7141,"NLRP3",7.47722630090042e-06,NA,NA,NA
"run02_uniform_k1",7142,"CAMKK2",3.48444593978314e-06,NA,NA,NA
"run02_uniform_k1",7143,"CALML5",7.42946995627713e-05,NA,NA,NA
"run02_uniform_k1",7144,"ATG7",2.9146658695467e-06,NA,NA,NA
"run02_uniform_k1",7145,"KCNA4",2.7111367415289e-05,NA,NA,NA
"run02_uniform_k1",7146,"GDNF",3.48479365919196e-06,NA,NA,NA
"run02_uniform_k1",7147,"CANX",2.08728829651506e-05,NA,NA,NA
"run02_uniform_k1",7148,"ARF1",2.85051391907265e-05,NA,NA,NA
"run02_uniform_k1",7149,"PPP3CA",1.20382530055529e-05,NA,NA,NA
"run02_uniform_k1",7150,"HBA2",0,NA,NA,NA
"run02_uniform_k1",7151,"SSTR5",0,NA,NA,NA
"run02_uniform_k1",7152,"ADH1C",0,NA,NA,NA
"run02_uniform_k1",7153,"MMP13",1.63470522265285e-05,NA,NA,NA
"run02_uniform_k1",7154,"MAPK8",0.00014699135508045,NA,NA,NA
"run02_uniform_k1",7155,"SOD1",0.00055040968937059,NA,NA,NA
"run02_uniform_k1",7156,"PRKAG2",0.00023019859617357,NA,NA,NA
"run02_uniform_k1",7157,"SCN11A",4.43375248559974e-06,NA,NA,NA
"run02_uniform_k1",7158,"TGM2",0,NA,NA,NA
"run02_uniform_k1",7159,"SLC1A6",0,NA,NA,NA
"run02_uniform_k1",7160,"CAMP",0.00129691841056656,NA,NA,NA
"run02_uniform_k1",7161,"ABCC2",6.29649746844985e-05,NA,NA,NA
"run02_uniform_k1",7162,"ATP2B3",0,NA,NA,NA
"run02_uniform_k1",7163,"ASPA",0,NA,NA,NA
"run02_uniform_k1",7164,"NR1I3",2.35048730797827e-05,NA,NA,NA
"run02_uniform_k1",7165,"PTGDR2",6.33406652128521e-07,NA,NA,NA
"run02_uniform_k1",7166,"AKR1C4",0,NA,NA,NA
"run02_uniform_k1",7167,"DNM1L",6.33522741710912e-07,NA,NA,NA
"run02_uniform_k1",7168,"FKBP1A",0.000367396925605612,NA,NA,NA
"run02_uniform_k1",7169,"CRBN",3.83289296229661e-05,NA,NA,NA
"run02_uniform_k1",7170,"AHSP",1.89993871424488e-06,NA,NA,NA
"run02_uniform_k1",7171,"SLC10A1",8.11595436944756e-05,NA,NA,NA
"run02_uniform_k1",7172,"PFAS",0,NA,NA,NA
"run02_uniform_k1",7173,"GP1BA",3.18056444478243e-05,NA,NA,NA
"run02_uniform_k1",7174,"MGST1",0,NA,NA,NA
"run02_uniform_k1",7175,"POLE",6.84091707048307e-06,NA,NA,NA
"run02_uniform_k1",7176,"AXL",2.56876487623181e-05,NA,NA,NA
"run02_uniform_k1",7177,"HBB",6.40684097101829e-05,NA,NA,NA
"run02_uniform_k1",7178,"OR51E1",0,NA,NA,NA
"run02_uniform_k1",7179,"DAO",0,NA,NA,NA
"run02_uniform_k1",7180,"DUOX2",0.00118948957190246,NA,NA,NA
"run02_uniform_k1",7181,"SPI1",3.16810202792839e-05,NA,NA,NA
"run02_uniform_k1",7182,"PNRC2",0,NA,NA,NA
"run02_uniform_k1",7183,"CDK1",0.000268330391133942,NA,NA,NA
"run02_uniform_k1",7184,"NUF2",6.20773671455854e-06,NA,NA,NA
"run02_uniform_k1",7185,"BCHE",1.59661831168334e-05,NA,NA,NA
"run02_uniform_k1",7186,"FABP7",3.9904553374992e-06,NA,NA,NA
"run02_uniform_k1",7187,"EIF2S1",0.000110140192739028,NA,NA,NA
"run02_uniform_k1",7188,"PRKAA2",4.11841833947157e-06,NA,NA,NA
"run02_uniform_k1",7189,"ATF3",8.55513091113647e-06,NA,NA,NA
"run02_uniform_k1",7190,"S100A8",5.866975145008e-05,NA,NA,NA
"run02_uniform_k1",7191,"GRIA4",0,NA,NA,NA
"run02_uniform_k1",7192,"GABRE",0,NA,NA,NA
"run02_uniform_k1",7193,"SRC",0.0010396286840485,NA,NA,NA
"run02_uniform_k1",7194,"SERPINB9",0,NA,NA,NA
"run02_uniform_k1",7195,"RARB",1.39344317841017e-05,NA,NA,NA
"run02_uniform_k1",7196,"TPH1",7.17150924056664e-05,NA,NA,NA
"run02_uniform_k1",7197,"PRSS1",0.0011573163436972,NA,NA,NA
"run02_uniform_k1",7198,"CYP19A1",0.000459651716543275,NA,NA,NA
"run02_uniform_k1",7199,"CHRM1",6.15364589550138e-05,NA,NA,NA
"run02_uniform_k1",7200,"PLAT",2.05933169041828e-05,NA,NA,NA
"run02_uniform_k1",7201,"APP",0.00112835552814228,NA,NA,NA
"run02_uniform_k1",7202,"GYPA",0.000261429870861529,NA,NA,NA
"run02_uniform_k1",7203,"ACTC1",1.57742735648059e-05,NA,NA,NA
"run02_uniform_k1",7204,"OPRD1",0,NA,NA,NA
"run02_uniform_k1",7205,"FDPS",0,NA,NA,NA
"run02_uniform_k1",7206,"DNPEP",0,NA,NA,NA
"run02_uniform_k1",7207,"CALR",4.38793673526172e-05,NA,NA,NA
"run02_uniform_k1",7208,"SLC18A2",1.33665330134258e-05,NA,NA,NA
"run02_uniform_k1",7209,"FGFR2",9.18874357280774e-06,NA,NA,NA
"run02_uniform_k1",7210,"OPRD1",0,NA,NA,NA
"run02_uniform_k1",7211,"ALDOA",1.76112505224646e-05,NA,NA,NA
"run02_uniform_k1",7212,"UGT1A1",6.43666731126036e-05,NA,NA,NA
"run02_uniform_k1",7213,"ATP1A3",0,NA,NA,NA
"run02_uniform_k1",7214,"PTGFR",3.10411217574469e-06,NA,NA,NA
"run02_uniform_k1",7215,"TFF1",9.5019484058767e-07,NA,NA,NA
"run02_uniform_k1",7216,"SREBF1",0.000334685132546086,NA,NA,NA
"run02_uniform_k1",7217,"HTR1D",0,NA,NA,NA
"run02_uniform_k1",7218,"CS",0.000203624857343709,NA,NA,NA
"run02_uniform_k1",7219,"TNFAIP6",4.94186435140431e-06,NA,NA,NA
"run02_uniform_k1",7220,"MAPT",0.000248151462638568,NA,NA,NA
"run02_uniform_k1",7221,"PIK3R1",5.3428249282339e-05,NA,NA,NA
"run02_uniform_k1",7222,"ABCC1",0,NA,NA,NA
"run02_uniform_k1",7223,"YWHAZ",0.000329867224154401,NA,NA,NA
"run02_uniform_k1",7224,"EIF4E",1.3685843489597e-05,NA,NA,NA
"run02_uniform_k1",7225,"SOCS3",1.47020577304646e-05,NA,NA,NA
"run02_uniform_k1",7226,"HBB",6.40684097101829e-05,NA,NA,NA
"run02_uniform_k1",7227,"CPT1C",0,NA,NA,NA
"run02_uniform_k1",7228,"GLP1R",3.86497402737884e-06,NA,NA,NA
"run02_uniform_k1",7229,"PIK3CA",2.52878809748891e-05,NA,NA,NA
"run02_uniform_k1",7230,"CYP11B1",0,NA,NA,NA
"run02_uniform_k1",7231,"NRF1",1.38741902355743e-05,NA,NA,NA
"run02_uniform_k1",7232,"NOS1",0.000381812082027921,NA,NA,NA
"run02_uniform_k1",7233,"ERBB3",0,NA,NA,NA
"run02_uniform_k1",7234,"ADH1B",0,NA,NA,NA
"run02_uniform_k1",7235,"HDAC2",2.26872919905086e-05,NA,NA,NA
"run02_uniform_k1",7236,"HAS2",0,NA,NA,NA
"run02_uniform_k1",7237,"SOD1",0.00055040968937059,NA,NA,NA
"run02_uniform_k1",7238,"CYBB",6.42615564472315e-05,NA,NA,NA
"run02_uniform_k1",7239,"ACADM",0.000194896326079275,NA,NA,NA
"run02_uniform_k1",7240,"NDUFV3",0,NA,NA,NA
"run02_uniform_k1",7241,"SCD",0.000143791042404695,NA,NA,NA
"run02_uniform_k1",7242,"MYC",0.000561856827766771,NA,NA,NA
"run02_uniform_k1",7243,"GRIA1",1.90084712514693e-06,NA,NA,NA
"run02_uniform_k1",7244,"ABAT",2.2801866788047e-06,NA,NA,NA
"run02_uniform_k1",7245,"PRKAB2",0,NA,NA,NA
"run02_uniform_k1",7246,"HSD11B1",5.68914811439614e-05,NA,NA,NA
"run02_uniform_k1",7247,"ATG7",2.9146658695467e-06,NA,NA,NA
"run02_uniform_k1",7248,"IMPDH2",1.60872446202109e-05,NA,NA,NA
"run02_uniform_k1",7249,"UGT1A3",1.26699491542759e-06,NA,NA,NA
"run02_uniform_k1",7250,"COX5A",0,NA,NA,NA
"run02_uniform_k1",7251,"APRT",5.32709672381726e-05,NA,NA,NA
"run02_uniform_k1",7252,"FGF23",6.25962068182551e-05,NA,NA,NA
"run02_uniform_k1",7253,"PLA2G2A",5.81866140334508e-05,NA,NA,NA
"run02_uniform_k1",7254,"PTH",0.00019439506068486,NA,NA,NA
"run02_uniform_k1",7255,"CAPN10",0.000977887184816284,NA,NA,NA
"run02_uniform_k1",7256,"BMP4",1.58394663751782e-06,NA,NA,NA
"run02_uniform_k1",7257,"DAO",0,NA,NA,NA
"run02_uniform_k1",7258,"PLA2G4A",0.000158908171599248,NA,NA,NA
"run02_uniform_k1",7259,"OPRD1",0,NA,NA,NA
"run02_uniform_k1",7260,"ACTR2",9.50262921906031e-06,NA,NA,NA
"run02_uniform_k1",7261,"ADAMTS4",0,NA,NA,NA
"run02_uniform_k1",7262,"HCRTR2",0,NA,NA,NA
"run02_uniform_k1",7263,"NFATC4",0,NA,NA,NA
"run02_uniform_k1",7264,"HTR1B",2.2171580924546e-06,NA,NA,NA
"run02_uniform_k1",7265,"CALM2",0,NA,NA,NA
"run02_uniform_k1",7266,"DGKD",3.99034614917415e-06,NA,NA,NA
"run02_uniform_k1",7267,"CASP8",8.23939107075233e-06,NA,NA,NA
"run02_uniform_k1",7268,"JDP2",0,NA,NA,NA
"run02_uniform_k1",7269,"CCNA2",1.83133006516067e-05,NA,NA,NA
"run02_uniform_k1",7270,"ATG12",0,NA,NA,NA
"run02_uniform_k1",7271,"AHSP",1.89993871424488e-06,NA,NA,NA
"run02_uniform_k1",7272,"NFATC4",0,NA,NA,NA
"run02_uniform_k1",7273,"CHEK1",1.20395101235182e-05,NA,NA,NA
"run02_uniform_k1",7274,"SYT1",8.62163058744647e-05,NA,NA,NA
"run02_uniform_k1",7275,"SERPINB9",0,NA,NA,NA
"run02_uniform_k1",7276,"CACNG6",0,NA,NA,NA
"run02_uniform_k1",7277,"KCNH6",1.57066122082883e-05,NA,NA,NA
"run02_uniform_k1",7278,"PRKAB2",0,NA,NA,NA
"run02_uniform_k1",7279,"LYZ",0,NA,NA,NA
"run02_uniform_k1",7280,"TUBB4A",0,NA,NA,NA
"run02_uniform_k1",7281,"AKR1B1",1.36198355478179e-05,NA,NA,NA
"run02_uniform_k1",7282,"IL17A",0,NA,NA,NA
"run02_uniform_k1",7283,"GABBR1",0.000629351098106912,NA,NA,NA
"run02_uniform_k1",7284,"INS",0.00437927624027923,NA,NA,NA
"run02_uniform_k1",7285,"RORA",0.00130690437409919,NA,NA,NA
"run02_uniform_k1",7286,"AHSA1",0,NA,NA,NA
"run02_uniform_k1",7287,"TRPV1",0.00166711359586047,NA,NA,NA
"run02_uniform_k1",7288,"MMP2",1.88862703024428e-05,NA,NA,NA
"run02_uniform_k1",7289,"JUNB",0,NA,NA,NA
"run02_uniform_k1",7290,"CSF1",1.07725687046312e-05,NA,NA,NA
"run02_uniform_k1",7291,"PRKAB1",0,NA,NA,NA
"run02_uniform_k1",7292,"AURKB",0.000100012341094136,NA,NA,NA
"run02_uniform_k1",7293,"TH",0.000370274680685401,NA,NA,NA
"run02_uniform_k1",7294,"CACNA1E",0,NA,NA,NA
"run02_uniform_k1",7295,"OPA1",9.50142898359374e-07,NA,NA,NA
"run02_uniform_k1",7296,"CX3CR1",0,NA,NA,NA
"run02_uniform_k1",7297,"RAB5A",9.06001518752308e-06,NA,NA,NA
"run02_uniform_k1",7298,"CAMK4",1.22274351069818e-05,NA,NA,NA
"run02_uniform_k1",7299,"RXRA",0.000142637488181885,NA,NA,NA
"run02_uniform_k1",7300,"IL33",0,NA,NA,NA
"run02_uniform_k1",7301,"DBH",9.818852931609e-06,NA,NA,NA
"run02_uniform_k1",7302,"GPR35",0,NA,NA,NA
"run02_uniform_k1",7303,"TF",8.42569713455088e-06,NA,NA,NA
"run02_uniform_k1",7304,"PPP3CA",1.20382530055529e-05,NA,NA,NA
"run02_uniform_k1",7305,"DCK",6.65095605247856e-05,NA,NA,NA
"run02_uniform_k1",7306,"PIM1",0,NA,NA,NA
"run02_uniform_k1",7307,"ACE",0.00145679149577593,NA,NA,NA
"run02_uniform_k1",7308,"TOP2A",1.51432024206866e-05,NA,NA,NA
"run02_uniform_k1",7309,"EREG",0,NA,NA,NA
"run02_uniform_k1",7310,"CD40",1.65401335883164e-05,NA,NA,NA
"run02_uniform_k1",7311,"SHMT1",4.44281784347522e-05,NA,NA,NA
"run02_uniform_k1",7312,"AKR1A1",6.17051045759265e-06,NA,NA,NA
"run02_uniform_k1",7313,"LY96",0,NA,NA,NA
"run02_uniform_k1",7314,"PDE2A",0,NA,NA,NA
"run02_uniform_k1",7315,"PCNA",0.000281828068793732,NA,NA,NA
"run02_uniform_k1",7316,"PHB2",3.20568660923115e-05,NA,NA,NA
"run02_uniform_k1",7317,"TNF",0.00134281467430086,NA,NA,NA
"run02_uniform_k1",7318,"GSR",0.00032731672891706,NA,NA,NA
"run02_uniform_k1",7319,"ERBB2",0.000157327965161547,NA,NA,NA
"run02_uniform_k1",7320,"CYP2C8",0,NA,NA,NA
"run02_uniform_k1",7321,"HNRNPA1",0.0011965986405017,NA,NA,NA
"run02_uniform_k1",7322,"FDPS",0,NA,NA,NA
"run02_uniform_k1",7323,"NRP1",0.000102455056317119,NA,NA,NA
"run02_uniform_k1",7324,"GLP1R",3.86497402737884e-06,NA,NA,NA
"run02_uniform_k1",7325,"CDK1",0.000268330391133942,NA,NA,NA
"run02_uniform_k1",7326,"FABP5",6.2410696410331e-05,NA,NA,NA
"run02_uniform_k1",7327,"ITGB3",8.18152205451783e-05,NA,NA,NA
"run02_uniform_k1",7328,"DUOXA1",0,NA,NA,NA
"run02_uniform_k1",7329,"UGT1A9",0,NA,NA,NA
"run02_uniform_k1",7330,"EIF4G1",1.23532645966984e-05,NA,NA,NA
"run02_uniform_k1",7331,"RXRB",3.7531212242814e-05,NA,NA,NA
"run02_uniform_k1",7332,"MMP13",1.63470522265285e-05,NA,NA,NA
"run02_uniform_k1",7333,"COL11A2",7.28347388034845e-06,NA,NA,NA
"run02_uniform_k1",7334,"CACNG1",0,NA,NA,NA
"run02_uniform_k1",7335,"CACNG3",0,NA,NA,NA
"run02_uniform_k1",7336,"CDK4",5.9067280737346e-05,NA,NA,NA
"run02_uniform_k1",7337,"ATF4",6.17859641668383e-05,NA,NA,NA
"run02_uniform_k1",7338,"NKX3-1",0,NA,NA,NA
"run02_uniform_k1",7339,"LTA4H",0,NA,NA,NA
"run02_uniform_k1",7340,"PCOLCE",0,NA,NA,NA
"run02_uniform_k1",7341,"PIK3CD",0,NA,NA,NA
"run02_uniform_k1",7342,"CACNA2D2",0,NA,NA,NA
"run02_uniform_k1",7343,"RHOA",0.000165621123898174,NA,NA,NA
"run02_uniform_k1",7344,"TUBG1",1.58373381198285e-06,NA,NA,NA
"run02_uniform_k1",7345,"NISCH",0,NA,NA,NA
"run02_uniform_k1",7346,"MAPK11",0,NA,NA,NA
"run02_uniform_k1",7347,"TGFB1",0.000170827591538192,NA,NA,NA
"run02_uniform_k1",7348,"HMGCR",0.000154038156850445,NA,NA,NA
"run02_uniform_k1",7349,"ITGA5",0.00127400659039045,NA,NA,NA
"run02_uniform_k1",7350,"PLA2G7",0.00013847975796788,NA,NA,NA
"run02_uniform_k1",7351,"RAC1",1.74887232585741e-05,NA,NA,NA
"run02_uniform_k1",7352,"CYBB",6.42615564472315e-05,NA,NA,NA
"run02_uniform_k1",7353,"CALML5",7.42946995627713e-05,NA,NA,NA
"run02_uniform_k1",7354,"GABBR1",0.000629351098106912,NA,NA,NA
"run02_uniform_k1",7355,"RHO",0.00017143146028642,NA,NA,NA
"run02_uniform_k1",7356,"TUBB",0.000162866051467092,NA,NA,NA
"run02_uniform_k1",7357,"TRPV3",0,NA,NA,NA
"run02_uniform_k1",7358,"TG",5.56234870203731e-05,NA,NA,NA
"run02_uniform_k1",7359,"DBH",9.818852931609e-06,NA,NA,NA
"run02_uniform_k1",7360,"ITPR3",1.88839173905775e-05,NA,NA,NA
"run02_uniform_k1",7361,"PNRC2",0,NA,NA,NA
"run02_uniform_k1",7362,"BCAT2",2.6019618702966e-05,NA,NA,NA
"run02_uniform_k1",7363,"CHRNA2",0,NA,NA,NA
"run02_uniform_k1",7364,"HTR1B",2.2171580924546e-06,NA,NA,NA
"run02_uniform_k1",7365,"NUF2",6.20773671455854e-06,NA,NA,NA
"run02_uniform_k1",7366,"CAPN10",0.000977887184816284,NA,NA,NA
"run02_uniform_k1",7367,"SLC6A2",0,NA,NA,NA
"run02_uniform_k1",7368,"PCYT1A",2.85706032163713e-05,NA,NA,NA
"run02_uniform_k1",7369,"STAT4",0.000324242289791776,NA,NA,NA
"run02_uniform_k1",7370,"DCK",6.65095605247856e-05,NA,NA,NA
"run02_uniform_k1",7371,"RORA",0.00130690437409919,NA,NA,NA
"run02_uniform_k1",7372,"TUBA1B",0,NA,NA,NA
"run02_uniform_k1",7373,"PTGFR",3.10411217574469e-06,NA,NA,NA
"run02_uniform_k1",7374,"HCRTR1",0,NA,NA,NA
"run02_uniform_k1",7375,"BIRC3",6.3362084734564e-07,NA,NA,NA
"run02_uniform_k1",7376,"SLC2A2",5.38855759126822e-05,NA,NA,NA
"run02_uniform_k1",7377,"DRD3",0,NA,NA,NA
"run02_uniform_k1",7378,"HDAC8",0,NA,NA,NA
"run02_uniform_k1",7379,"IGFBP6",0,NA,NA,NA
"run02_uniform_k1",7380,"ATP1A3",0,NA,NA,NA
"run02_uniform_k1",7381,"RXRG",0,NA,NA,NA
"run02_uniform_k1",7382,"PROM1",0.00127729251749653,NA,NA,NA
"run02_uniform_k1",7383,"ATOX1",0,NA,NA,NA
"run02_uniform_k1",7384,"CYP19A1",0.000459651716543275,NA,NA,NA
"run02_uniform_k1",7385,"CHRNB3",0,NA,NA,NA
"run02_uniform_k1",7386,"KCNC3",0,NA,NA,NA
"run02_uniform_k1",7387,"MMP1",6.13390297496963e-05,NA,NA,NA
"run02_uniform_k1",7388,"EGFR",0.00376976574950694,NA,NA,NA
"run02_uniform_k1",7389,"IL36A",0,NA,NA,NA
"run02_uniform_k1",7390,"HAMP",0.000187982524293195,NA,NA,NA
"run02_uniform_k1",7391,"CALR",4.38793673526172e-05,NA,NA,NA
"run02_uniform_k1",7392,"CYP51A1",3.41436506348103e-05,NA,NA,NA
"run02_uniform_k1",7393,"AHSP",1.89993871424488e-06,NA,NA,NA
"run02_uniform_k1",7394,"DGKD",3.99034614917415e-06,NA,NA,NA
"run02_uniform_k1",7395,"PLB1",0.00110895479500295,NA,NA,NA
"run02_uniform_k1",7396,"CLDN1",4.94148239504888e-06,NA,NA,NA
"run02_uniform_k1",7397,"CACNB3",0,NA,NA,NA
"run02_uniform_k1",7398,"DGKD",3.99034614917415e-06,NA,NA,NA
"run02_uniform_k1",7399,"ACTG2",0,NA,NA,NA
"run02_uniform_k1",7400,"EIF4G1",1.23532645966984e-05,NA,NA,NA
"run02_uniform_k1",7401,"KHK",0,NA,NA,NA
"run02_uniform_k1",7402,"CLDN1",4.94148239504888e-06,NA,NA,NA
"run02_uniform_k1",7403,"SLC8A1",0,NA,NA,NA
"run02_uniform_k1",7404,"PTK2B",6.52603876749591e-06,NA,NA,NA
"run02_uniform_k1",7405,"BCL2L1",5.13395632928404e-05,NA,NA,NA
"run02_uniform_k1",7406,"MAPK1",6.82101559971171e-05,NA,NA,NA
"run02_uniform_k1",7407,"ITGAL",2.85118848919463e-06,NA,NA,NA
"run02_uniform_k1",7408,"HSPA5",0.000228473516780459,NA,NA,NA
"run02_uniform_k1",7409,"YWHAE",2.37606312166738e-05,NA,NA,NA
"run02_uniform_k1",7410,"CX3CR1",0,NA,NA,NA
"run02_uniform_k1",7411,"PENK",0,NA,NA,NA
"run02_uniform_k1",7412,"KCNJ11",0.00241899994818762,NA,NA,NA
"run02_uniform_k1",7413,"PLA2G2A",5.81866140334508e-05,NA,NA,NA
"run02_uniform_k1",7414,"PLA2G7",0.00013847975796788,NA,NA,NA
"run02_uniform_k1",7415,"AMY2A",0,NA,NA,NA
"run02_uniform_k1",7416,"SIRT1",0.000506319994551752,NA,NA,NA
"run02_uniform_k1",7417,"CDK2",1.73911829558504e-05,NA,NA,NA
"run02_uniform_k1",7418,"SIRT6",5.06879720008069e-06,NA,NA,NA
"run02_uniform_k1",7419,"AIMP2",0,NA,NA,NA
"run02_uniform_k1",7420,"GRIN1",6.96987215653699e-06,NA,NA,NA
"run02_uniform_k1",7421,"ALDH1B1",0,NA,NA,NA
"run02_uniform_k1",7422,"AGTR2",0,NA,NA,NA
"run02_uniform_k1",7423,"DDC",2.58462116191627e-05,NA,NA,NA
"run02_uniform_k1",7424,"PLAT",2.05933169041828e-05,NA,NA,NA
"run02_uniform_k1",7425,"GABRR3",0,NA,NA,NA
"run02_uniform_k1",7426,"DLG2",0,NA,NA,NA
"run02_uniform_k1",7427,"LYZ",0,NA,NA,NA
"run02_uniform_k1",7428,"NFKB1",0.000211104315194666,NA,NA,NA
"run02_uniform_k1",7429,"COX6B1",0,NA,NA,NA
"run02_uniform_k1",7430,"MMP1",6.13390297496963e-05,NA,NA,NA
"run02_uniform_k1",7431,"HDAC7",6.01926074750292e-06,NA,NA,NA
"run02_uniform_k1",7432,"TH",0.000370274680685401,NA,NA,NA
"run02_uniform_k1",7433,"ACP1",0,NA,NA,NA
"run02_uniform_k1",7434,"YWHAE",2.37606312166738e-05,NA,NA,NA
"run02_uniform_k1",7435,"GPR83",0,NA,NA,NA
"run02_uniform_k1",7436,"IL1B",0.000829865649814021,NA,NA,NA
"run02_uniform_k1",7437,"ACP1",0,NA,NA,NA
"run02_uniform_k1",7438,"HDAC11",2.40710719945358e-06,NA,NA,NA
"run02_uniform_k1",7439,"EIF4E",1.3685843489597e-05,NA,NA,NA
"run02_uniform_k1",7440,"GLUL",0.000147191537224312,NA,NA,NA
"run02_uniform_k1",7441,"RPL17",9.4906952489815e-05,NA,NA,NA
"run02_uniform_k1",7442,"ABCG5",4.53604007359942e-05,NA,NA,NA
"run02_uniform_k1",7443,"PROM1",0.00127729251749653,NA,NA,NA
"run02_uniform_k1",7444,"AHCYL1",1.90022934498657e-06,NA,NA,NA
"run02_uniform_k1",7445,"BMPR2",8.59954951424324e-05,NA,NA,NA
"run02_uniform_k1",7446,"GRIN2C",0,NA,NA,NA
"run02_uniform_k1",7447,"RASSF1",1.82470571705728e-05,NA,NA,NA
"run02_uniform_k1",7448,"BAK1",0,NA,NA,NA
"run02_uniform_k1",7449,"ELOVL2",0,NA,NA,NA
"run02_uniform_k1",7450,"KCNN2",6.33510621184108e-07,NA,NA,NA
"run02_uniform_k1",7451,"GPR35",0,NA,NA,NA
"run02_uniform_k1",7452,"GRIN3A",0,NA,NA,NA
"run02_uniform_k1",7453,"OLR1",0,NA,NA,NA
"run02_uniform_k1",7454,"LRIG1",0,NA,NA,NA
"run02_uniform_k1",7455,"FOXO1",0.000280307095370635,NA,NA,NA
"run02_uniform_k1",7456,"NFATC4",0,NA,NA,NA
"run02_uniform_k1",7457,"EGLN1",1.90063023630671e-06,NA,NA,NA
"run02_uniform_k1",7458,"LCP1",0.00205551981329799,NA,NA,NA
"run02_uniform_k1",7459,"AHSA1",0,NA,NA,NA
"run02_uniform_k1",7460,"CACNA1D",0.00017135132572077,NA,NA,NA
"run02_uniform_k1",7461,"TRPV3",0,NA,NA,NA
"run02_uniform_k1",7462,"ATP1A4",0,NA,NA,NA
"run02_uniform_k1",7463,"PTEN",0.000112385888386912,NA,NA,NA
"run02_uniform_k1",7464,"CRTC2",2.09096071963621e-05,NA,NA,NA
"run02_uniform_k1",7465,"GSTP1",0.0017997845794786,NA,NA,NA
"run02_uniform_k1",7466,"HSPA5",0.000228473516780459,NA,NA,NA
"run02_uniform_k1",7467,"ELOVL4",0,NA,NA,NA
"run02_uniform_k1",7468,"KCNA3",7.03184449912797e-06,NA,NA,NA
"run02_uniform_k1",7469,"FOS",0.000387693900821828,NA,NA,NA
"run02_uniform_k1",7470,"TXN",0.000162772847540738,NA,NA,NA
"run02_uniform_k1",7471,"CACNA2D3",0,NA,NA,NA
"run02_uniform_k1",7472,"CA1",4.61079535398756e-05,NA,NA,NA
"run02_uniform_k1",7473,"HSP90AA1",0.000781176350650004,NA,NA,NA
"run02_uniform_k1",7474,"ELOVL2",0,NA,NA,NA
"run02_uniform_k1",7475,"CSF2",1.26743081751979e-06,NA,NA,NA
"run02_uniform_k1",7476,"MAP3K5",7.04706361130958e-05,NA,NA,NA
"run02_uniform_k1",7477,"RAC1",1.74887232585741e-05,NA,NA,NA
"run02_uniform_k1",7478,"KCNJ2",0.00119679281819129,NA,NA,NA
"run02_uniform_k1",7479,"LALBA",3.81683006253075e-05,NA,NA,NA
"run02_uniform_k1",7480,"AKR1A1",6.17051045759265e-06,NA,NA,NA
"run02_uniform_k1",7481,"TOMM70",0,NA,NA,NA
"run02_uniform_k1",7482,"S100A7",0.00101836981567682,NA,NA,NA
"run02_uniform_k1",7483,"PKIA",2.53383300530263e-06,NA,NA,NA
"run02_uniform_k1",7484,"SIRT3",7.24858712728427e-05,NA,NA,NA
"run02_uniform_k1",7485,"RBP1",1.67206208291359e-05,NA,NA,NA
"run02_uniform_k1",7486,"TUBA1C",0,NA,NA,NA
"run02_uniform_k1",7487,"CA1",4.61079535398756e-05,NA,NA,NA
"run02_uniform_k1",7488,"ADRA1A",0,NA,NA,NA
"run02_uniform_k1",7489,"FKRP",0,NA,NA,NA
"run02_uniform_k1",7490,"GABBR1",0.000629351098106912,NA,NA,NA
"run02_uniform_k1",7491,"APOA4",2.27717166977337e-05,NA,NA,NA
"run02_uniform_k1",7492,"GRIA4",0,NA,NA,NA
"run02_uniform_k1",7493,"ALAS2",0.000126132338585272,NA,NA,NA
"run02_uniform_k1",7494,"SLC6A3",0.000164253248760127,NA,NA,NA
"run02_uniform_k1",7495,"TUBA1B",0,NA,NA,NA
"run02_uniform_k1",7496,"LIPG",0,NA,NA,NA
"run02_uniform_k1",7497,"STAT1",0.000487010105838959,NA,NA,NA
"run02_uniform_k1",7498,"CSF2",1.26743081751979e-06,NA,NA,NA
"run02_uniform_k1",7499,"GATM",0.000449150320023683,NA,NA,NA
"run02_uniform_k1",7500,"GANAB",0,NA,NA,NA
"run02_uniform_k1",7501,"KDR",2.14857653940692e-05,NA,NA,NA
"run02_uniform_k1",7502,"NQO1",0.000518240501310552,NA,NA,NA
"run02_uniform_k1",7503,"ALAS2",0.000126132338585272,NA,NA,NA
"run02_uniform_k1",7504,"SOAT1",2.72368448894778e-06,NA,NA,NA
"run02_uniform_k1",7505,"NPR1",8.07015894644936e-05,NA,NA,NA
"run02_uniform_k1",7506,"GLB1",8.47570012040277e-05,NA,NA,NA
"run02_uniform_k1",7507,"F10",1.53928141654047e-05,NA,NA,NA
"run02_uniform_k1",7508,"TTK",1.26686474088977e-06,NA,NA,NA
"run02_uniform_k1",7509,"MAP3K5",7.04706361130958e-05,NA,NA,NA
"run02_uniform_k1",7510,"GABRA1",0.000512519672648093,NA,NA,NA
"run02_uniform_k1",7511,"PPIF",5.98208087934093e-05,NA,NA,NA
"run02_uniform_k1",7512,"GABRQ",0,NA,NA,NA
"run02_uniform_k1",7513,"ARF6",0,NA,NA,NA
"run02_uniform_k1",7514,"RIPK1",9.50457768944535e-06,NA,NA,NA
"run02_uniform_k1",7515,"KCNJ8",1.89387005555819e-05,NA,NA,NA
"run02_uniform_k1",7516,"KCNN2",6.33510621184108e-07,NA,NA,NA
"run02_uniform_k1",7517,"CAMK2G",0,NA,NA,NA
"run02_uniform_k1",7518,"RORA",0.00130690437409919,NA,NA,NA
"run02_uniform_k1",7519,"SLC10A1",8.11595436944756e-05,NA,NA,NA
"run02_uniform_k1",7520,"KCNC3",0,NA,NA,NA
"run02_uniform_k1",7521,"GRIA1",1.90084712514693e-06,NA,NA,NA
"run02_uniform_k1",7522,"PIK3R1",5.3428249282339e-05,NA,NA,NA
"run02_uniform_k1",7523,"ELOVL5",0,NA,NA,NA
"run02_uniform_k1",7524,"F2RL1",1.81154153372498e-05,NA,NA,NA
"run02_uniform_k1",7525,"USP10",4.9733160998211e-05,NA,NA,NA
"run02_uniform_k1",7526,"TP53",0.00427693686378816,NA,NA,NA
"run02_uniform_k1",7527,"CDKN2A",0.000523536323894791,NA,NA,NA
"run02_uniform_k1",7528,"IDE",1.32413576375834e-05,NA,NA,NA
"run02_uniform_k1",7529,"S100A13",2.28031262317074e-06,NA,NA,NA
"run02_uniform_k1",7530,"FADS2",4.0853135067076e-05,NA,NA,NA
"run02_uniform_k1",7531,"EIF2AK2",0.000116554297583948,NA,NA,NA
"run02_uniform_k1",7532,"XBP1",0.00130705850242441,NA,NA,NA
"run02_uniform_k1",7533,"CYP11B2",0.000106525313512962,NA,NA,NA
"run02_uniform_k1",7534,"PRKCB",0.000129467861105015,NA,NA,NA
"run02_uniform_k1",7535,"MAPK1",6.82101559971171e-05,NA,NA,NA
"run02_uniform_k1",7536,"AHSP",1.89993871424488e-06,NA,NA,NA
"run02_uniform_k1",7537,"SOX9",0.000102527928081186,NA,NA,NA
"run02_uniform_k1",7538,"ADRA2A",6.33347720935262e-07,NA,NA,NA
"run02_uniform_k1",7539,"SOD1",0.00055040968937059,NA,NA,NA
"run02_uniform_k1",7540,"VCAM1",2.14834315839241e-05,NA,NA,NA
"run02_uniform_k1",7541,"CACNA1C",0.000498320638157024,NA,NA,NA
"run02_uniform_k1",7542,"CYP2C8",0,NA,NA,NA
"run02_uniform_k1",7543,"AKT2",0,NA,NA,NA
"run02_uniform_k1",7544,"HTR1D",0,NA,NA,NA
"run02_uniform_k1",7545,"POLB",0,NA,NA,NA
"run02_uniform_k1",7546,"LTA4H",0,NA,NA,NA
"run02_uniform_k1",7547,"ATF4",6.17859641668383e-05,NA,NA,NA
"run02_uniform_k1",7548,"ATOX1",0,NA,NA,NA
"run02_uniform_k1",7549,"GGPS1",0,NA,NA,NA
"run02_uniform_k1",7550,"PHOSPHO1",8.36011896465649e-06,NA,NA,NA
"run02_uniform_k1",7551,"ATF5",6.59972627514716e-05,NA,NA,NA
"run02_uniform_k1",7552,"SLC2A1",0.000140046836469954,NA,NA,NA
"run02_uniform_k1",7553,"CXCL10",6.0199614313472e-06,NA,NA,NA
"run02_uniform_k1",7554,"SLC11A1",0,NA,NA,NA
"run02_uniform_k1",7555,"CYP51A1",3.41436506348103e-05,NA,NA,NA
"run02_uniform_k1",7556,"NR1H2",0,NA,NA,NA
"run02_uniform_k1",7557,"NCF4",0,NA,NA,NA
"run02_uniform_k1",7558,"VEGFC",0,NA,NA,NA
"run02_uniform_k1",7559,"CDK2",1.73911829558504e-05,NA,NA,NA
"run02_uniform_k1",7560,"GOT1",5.88174838508371e-05,NA,NA,NA
"run02_uniform_k1",7561,"AMY1B",0.00114246836222298,NA,NA,NA
"run02_uniform_k1",7562,"CAPN10",0.000977887184816284,NA,NA,NA
"run02_uniform_k1",7563,"CKB",5.32096942710281e-05,NA,NA,NA
"run02_uniform_k1",7564,"PRKCZ",0.00127837750571802,NA,NA,NA
"run02_uniform_k1",7565,"APOA1",0.00156761777246528,NA,NA,NA
"run02_uniform_k1",7566,"NR1H4",0.000150320210463128,NA,NA,NA
"run02_uniform_k1",7567,"ACADM",0.000194896326079275,NA,NA,NA
"run02_uniform_k1",7568,"GRIN2B",0.000317728868907574,NA,NA,NA
"run02_uniform_k1",7569,"PPT1",8.42388961930229e-06,NA,NA,NA
"run02_uniform_k1",7570,"CYP11B2",0.000106525313512962,NA,NA,NA
"run02_uniform_k1",7571,"PHB2",3.20568660923115e-05,NA,NA,NA
"run02_uniform_k1",7572,"PTPN1",3.86549374464806e-06,NA,NA,NA
"run02_uniform_k1",7573,"EGR1",5.67823039951953e-05,NA,NA,NA
"run02_uniform_k1",7574,"AKR1C3",0.000173978783267859,NA,NA,NA
"run02_uniform_k1",7575,"GATM",0.000449150320023683,NA,NA,NA
"run02_uniform_k1",7576,"PRKCZ",0.00127837750571802,NA,NA,NA
"run02_uniform_k1",7577,"CASR",1.85576382838448e-05,NA,NA,NA
"run02_uniform_k1",7578,"DRD5",0.00110886310796687,NA,NA,NA
"run02_uniform_k1",7579,"HSP90AA1",0.000781176350650004,NA,NA,NA
"run02_uniform_k1",7580,"ARF5",0,NA,NA,NA
"run02_uniform_k1",7581,"GNMT",0,NA,NA,NA
"run02_uniform_k1",7582,"TIMP2",0,NA,NA,NA
"run02_uniform_k1",7583,"CAV1",0.00188167408582673,NA,NA,NA
"run02_uniform_k1",7584,"PHOSPHO2",0,NA,NA,NA
"run02_uniform_k1",7585,"LTA4H",0,NA,NA,NA
"run02_uniform_k1",7586,"UCHL1",0,NA,NA,NA
"run02_uniform_k1",7587,"GSTM3",0,NA,NA,NA
"run02_uniform_k1",7588,"CCNA2",1.83133006516067e-05,NA,NA,NA
"run02_uniform_k1",7589,"KYNU",3.41288525791406e-05,NA,NA,NA
"run02_uniform_k1",7590,"CACNA1G",7.41987078123341e-05,NA,NA,NA
"run02_uniform_k1",7591,"TTK",1.26686474088977e-06,NA,NA,NA
"run02_uniform_k1",7592,"STXBP1",8.80325064156473e-06,NA,NA,NA
"run02_uniform_k1",7593,"CMA1",0,NA,NA,NA
"run02_uniform_k1",7594,"XBP1",0.00130705850242441,NA,NA,NA
"run02_uniform_k1",7595,"HSD17B2",0,NA,NA,NA
"run02_uniform_k1",7596,"VKORC1",4.64325427618206e-05,NA,NA,NA
"run02_uniform_k1",7597,"CACNA1G",7.41987078123341e-05,NA,NA,NA
"run02_uniform_k1",7598,"PPID",0,NA,NA,NA
"run02_uniform_k1",7599,"HSPA4",0.000770336012735795,NA,NA,NA
"run02_uniform_k1",7600,"HDAC6",0.00238463941154432,NA,NA,NA
"run02_uniform_k1",7601,"NFKB1",0.000211104315194666,NA,NA,NA
"run02_uniform_k1",7602,"CKB",5.32096942710281e-05,NA,NA,NA
"run02_uniform_k1",7603,"ITPR1",0.000202309527979283,NA,NA,NA
"run02_uniform_k1",7604,"TPMT",8.77949444514359e-05,NA,NA,NA
"run02_uniform_k1",7605,"AGXT",0.000106059050095864,NA,NA,NA
"run02_uniform_k1",7606,"BCAT2",2.6019618702966e-05,NA,NA,NA
"run02_uniform_k1",7607,"DAO",0,NA,NA,NA
"run02_uniform_k1",7608,"CTSL",5.7015753640588e-06,NA,NA,NA
"run02_uniform_k1",7609,"ACSL1",4.92269468655993e-05,NA,NA,NA
"run02_uniform_k1",7610,"TRAF6",3.65690661311424e-05,NA,NA,NA
"run02_uniform_k1",7611,"PARP1",0.000202075672702362,NA,NA,NA
"run02_uniform_k1",7612,"GSTA2",5.30422370040862e-05,NA,NA,NA
"run02_uniform_k1",7613,"GLI1",5.44927221779457e-06,NA,NA,NA
"run02_uniform_k1",7614,"CAMK4",1.22274351069818e-05,NA,NA,NA
"run02_uniform_k1",7615,"PDE4B",1.76110095406745e-05,NA,NA,NA
"run02_uniform_k1",7616,"FGFR2",9.18874357280774e-06,NA,NA,NA
"run02_uniform_k1",7617,"NDUFS3",7.91874029407724e-05,NA,NA,NA
"run02_uniform_k1",7618,"NCOA6",0,NA,NA,NA
"run02_uniform_k1",7619,"ALAS2",0.000126132338585272,NA,NA,NA
"run02_uniform_k1",7620,"OPRD1",0,NA,NA,NA
"run02_uniform_k1",7621,"CFLAR",6.33631245472444e-07,NA,NA,NA
"run02_uniform_k1",7622,"PDE5A",1.15913843198312e-05,NA,NA,NA
"run02_uniform_k1",7623,"CALM2",0,NA,NA,NA
"run02_uniform_k1",7624,"DLG1",6.50075176803488e-05,NA,NA,NA
"run02_uniform_k1",7625,"ABCC9",1.45674367513227e-06,NA,NA,NA
"run02_uniform_k1",7626,"SQLE",9.90930470378126e-05,NA,NA,NA
"run02_uniform_k1",7627,"CANX",2.08728829651506e-05,NA,NA,NA
"run02_uniform_k1",7628,"ACHE",0.000111252964972719,NA,NA,NA
"run02_uniform_k1",7629,"SLC6A3",0.000164253248760127,NA,NA,NA
"run02_uniform_k1",7630,"DUSP1",0,NA,NA,NA
"run02_uniform_k1",7631,"CACNA2D2",0,NA,NA,NA
"run02_uniform_k1",7632,"IL18",2.23696138260676e-05,NA,NA,NA
"run02_uniform_k1",7633,"ATF4",6.17859641668383e-05,NA,NA,NA
"run02_uniform_k1",7634,"CD14",0,NA,NA,NA
"run02_uniform_k1",7635,"RBP2",3.01152514644576e-05,NA,NA,NA
"run02_uniform_k1",7636,"AGT",0.000967403269813816,NA,NA,NA
"run02_uniform_k1",7637,"KCNE2",0,NA,NA,NA
"run02_uniform_k1",7638,"DPP4",0.00143001137023646,NA,NA,NA
"run02_uniform_k1",7639,"VWF",5.62078033525815e-05,NA,NA,NA
"run02_uniform_k1",7640,"AQP9",0,NA,NA,NA
"run02_uniform_k1",7641,"FABP4",8.52242665472236e-05,NA,NA,NA
"run02_uniform_k1",7642,"NDUFV2",0,NA,NA,NA
"run02_uniform_k1",7643,"XPO1",1.66633213304346e-05,NA,NA,NA
"run02_uniform_k1",7644,"HTR2C",1.81821061465692e-05,NA,NA,NA
"run02_uniform_k1",7645,"RAC1",1.74887232585741e-05,NA,NA,NA
"run02_uniform_k1",7646,"NOS3",0.000136759922833574,NA,NA,NA
"run02_uniform_k1",7647,"DAO",0,NA,NA,NA
"run02_uniform_k1",7648,"APOA4",2.27717166977337e-05,NA,NA,NA
"run02_uniform_k1",7649,"TYMS",0.000142484575824997,NA,NA,NA
"run02_uniform_k1",7650,"TUBG1",1.58373381198285e-06,NA,NA,NA
"run02_uniform_k1",7651,"GRIN2D",0,NA,NA,NA
"run02_uniform_k1",7652,"ADRA2A",6.33347720935262e-07,NA,NA,NA
"run02_uniform_k1",7653,"RCAN1",0,NA,NA,NA
"run02_uniform_k1",7654,"GPER1",8.61720038791702e-06,NA,NA,NA
"run02_uniform_k1",7655,"PTEN",0.000112385888386912,NA,NA,NA
"run02_uniform_k1",7656,"IMPDH1",3.87605638363375e-05,NA,NA,NA
"run02_uniform_k1",7657,"TYMS",0.000142484575824997,NA,NA,NA
"run02_uniform_k1",7658,"SSTR5",0,NA,NA,NA
"run02_uniform_k1",7659,"DPP4",0.00143001137023646,NA,NA,NA
"run02_uniform_k1",7660,"INSR",1.12798026006278e-05,NA,NA,NA
"run02_uniform_k1",7661,"PAEP",3.16647909515133e-06,NA,NA,NA
"run02_uniform_k1",7662,"ELOVL5",0,NA,NA,NA
"run02_uniform_k1",7663,"TPO",1.92561135294866e-05,NA,NA,NA
"run02_uniform_k1",7664,"PAPSS1",0,NA,NA,NA
"run02_uniform_k1",7665,"SLC47A1",0,NA,NA,NA
"run02_uniform_k1",7666,"SHH",1.43206732026169e-05,NA,NA,NA
"run02_uniform_k1",7667,"CYP24A1",2.95788072831593e-05,NA,NA,NA
"run02_uniform_k1",7668,"SLCO1A2",6.33397825744453e-07,NA,NA,NA
"run02_uniform_k1",7669,"PDE4B",1.76110095406745e-05,NA,NA,NA
"run02_uniform_k1",7670,"PTP4A1",0,NA,NA,NA
"run02_uniform_k1",7671,"MAPK14",6.8388883402215e-05,NA,NA,NA
"run02_uniform_k1",7672,"SRPK2",0,NA,NA,NA
"run02_uniform_k1",7673,"GCA",0.000913104018283151,NA,NA,NA
"run02_uniform_k1",7674,"EIF2AK2",0.000116554297583948,NA,NA,NA
"run02_uniform_k1",7675,"RPS6KB1",2.01533684008881e-05,NA,NA,NA
"run02_uniform_k1",7676,"SLC29A1",0.00102903201870796,NA,NA,NA
"run02_uniform_k1",7677,"GRIN3A",0,NA,NA,NA
"run02_uniform_k1",7678,"BCAT2",2.6019618702966e-05,NA,NA,NA
"run02_uniform_k1",7679,"FXN",3.98458264223578e-05,NA,NA,NA
"run02_uniform_k1",7680,"ACTR2",9.50262921906031e-06,NA,NA,NA
"run02_uniform_k1",7681,"ARF4",1.97623946650571e-05,NA,NA,NA
"run02_uniform_k1",7682,"TOP2B",0,NA,NA,NA
"run02_uniform_k1",7683,"KDM1A",0,NA,NA,NA
"run02_uniform_k1",7684,"HDAC10",0,NA,NA,NA
"run02_uniform_k1",7685,"HDAC5",0,NA,NA,NA
"run02_uniform_k1",7686,"ACADM",0.000194896326079275,NA,NA,NA
"run02_uniform_k1",7687,"GABRA4",0,NA,NA,NA
"run02_uniform_k1",7688,"DDC",2.58462116191627e-05,NA,NA,NA
"run02_uniform_k1",7689,"CALML3",0,NA,NA,NA
"run02_uniform_k1",7690,"ITPR1",0.000202309527979283,NA,NA,NA
"run02_uniform_k1",7691,"GSS",1.96391900666448e-05,NA,NA,NA
"run02_uniform_k1",7692,"TRPM4",3.67379046295468e-05,NA,NA,NA
"run02_uniform_k1",7693,"ALDH3A1",7.8987277396747e-05,NA,NA,NA
"run02_uniform_k1",7694,"ALDOA",1.76112505224646e-05,NA,NA,NA
"run02_uniform_k1",7695,"ARF1",2.85051391907265e-05,NA,NA,NA
"run02_uniform_k1",7696,"CASP8",8.23939107075233e-06,NA,NA,NA
"run02_uniform_k1",7697,"AURKA",5.49029298524406e-05,NA,NA,NA
"run02_uniform_k1",7698,"CYP21A2",0,NA,NA,NA
"run02_uniform_k1",7699,"ESR1",0.00102478911944048,NA,NA,NA
"run02_uniform_k1",7700,"COL1A1",0.000181222784889745,NA,NA,NA
"run02_uniform_k1",7701,"ALDH3A1",7.8987277396747e-05,NA,NA,NA
"run02_uniform_k1",7702,"ADH4",0,NA,NA,NA
"run02_uniform_k1",7703,"ABCB1",2.07166464523123e-05,NA,NA,NA
"run02_uniform_k1",7704,"HNF4A",0.000115908516808982,NA,NA,NA
"run02_uniform_k1",7705,"SCN1A",4.8526600018195e-05,NA,NA,NA
"run02_uniform_k1",7706,"GRIK2",0,NA,NA,NA
"run02_uniform_k1",7707,"HRH3",0,NA,NA,NA
"run02_uniform_k1",7708,"F2",0.000128821901214549,NA,NA,NA
"run02_uniform_k1",7709,"HMOX1",0.000383241490365949,NA,NA,NA
"run02_uniform_k1",7710,"ABCA1",1.90091421303773e-06,NA,NA,NA
"run02_uniform_k1",7711,"CHRNB3",0,NA,NA,NA
"run02_uniform_k1",7712,"PRKCB",0.000129467861105015,NA,NA,NA
"run02_uniform_k1",7713,"CYP17A1",3.31356115126358e-05,NA,NA,NA
"run02_uniform_k1",7714,"NRXN1",6.46433704953875e-05,NA,NA,NA
"run02_uniform_k1",7715,"CRH",2.05295196740174e-05,NA,NA,NA
"run02_uniform_k1",7716,"GABRA3",0,NA,NA,NA
"run02_uniform_k1",7717,"STAT5B",1.13440953091182e-05,NA,NA,NA
"run02_uniform_k1",7718,"CHRNA9",1.46296272366397e-05,NA,NA,NA
"run02_uniform_k1",7719,"HTR7",2.21651978515869e-06,NA,NA,NA
"run02_uniform_k1",7720,"GSTM2",0,NA,NA,NA
"run02_uniform_k1",7721,"DYSF",0.00102310635249714,NA,NA,NA
"run02_uniform_k1",7722,"HBA2",0,NA,NA,NA
"run02_uniform_k1",7723,"UCHL1",0,NA,NA,NA
"run02_uniform_k1",7724,"CASP7",1.26727879179445e-06,NA,NA,NA
"run02_uniform_k1",7725,"OPRD1",0,NA,NA,NA
"run02_uniform_k1",7726,"CA1",4.61079535398756e-05,NA,NA,NA
"run02_uniform_k1",7727,"MAPK8",0.00014699135508045,NA,NA,NA
"run02_uniform_k1",7728,"CACNA1B",0,NA,NA,NA
"run02_uniform_k1",7729,"RARA",0.000182812715244118,NA,NA,NA
"run02_uniform_k1",7730,"TUBA1C",0,NA,NA,NA
"run02_uniform_k1",7731,"HDAC1",0.00033891246936113,NA,NA,NA
"run02_uniform_k1",7732,"FTCD",1.21257629834837e-05,NA,NA,NA
"run02_uniform_k1",7733,"TUBG1",1.58373381198285e-06,NA,NA,NA
"run02_uniform_k1",7734,"BAX",8.97923976903581e-05,NA,NA,NA
"run02_uniform_k1",7735,"ABCC8",3.66842389862843e-05,NA,NA,NA
"run02_uniform_k1",7736,"RPS6KA3",0,NA,NA,NA
"run02_uniform_k1",7737,"NUF2",6.20773671455854e-06,NA,NA,NA
"run02_uniform_k1",7738,"HSPA5",0.000228473516780459,NA,NA,NA
"run02_uniform_k1",7739,"RUNX3",2.26216416990832e-05,NA,NA,NA
"run02_uniform_k1",7740,"SRI",0,NA,NA,NA
"run02_uniform_k1",7741,"VEGFC",0,NA,NA,NA
"run02_uniform_k1",7742,"SRR",0,NA,NA,NA
"run02_uniform_k1",7743,"SLC6A4",7.25412905625555e-05,NA,NA,NA
"run02_uniform_k1",7744,"SULT1E1",0,NA,NA,NA
"run02_uniform_k1",7745,"NPY",0.00200669165182288,NA,NA,NA
"run02_uniform_k1",7746,"RXRA",0.000142637488181885,NA,NA,NA
"run02_uniform_k1",7747,"GCA",0.000913104018283151,NA,NA,NA
"run02_uniform_k1",7748,"CYP2E1",0.000529547743911452,NA,NA,NA
"run02_uniform_k1",7749,"MYH6",5.61947915448391e-05,NA,NA,NA
"run02_uniform_k1",7750,"CAPN10",0.000977887184816284,NA,NA,NA
"run02_uniform_k1",7751,"CRK",6.33660876869779e-06,NA,NA,NA
"run02_uniform_k1",7752,"DHRS4",0,NA,NA,NA
"run02_uniform_k1",7753,"ATF7",0.00117103741166447,NA,NA,NA
"run02_uniform_k1",7754,"GABRG1",0,NA,NA,NA
"run02_uniform_k1",7755,"PPIF",5.98208087934093e-05,NA,NA,NA
"run02_uniform_k1",7756,"UGT2B4",1.61543980341516e-05,NA,NA,NA
"run02_uniform_k1",7757,"IL5",0,NA,NA,NA
"run02_uniform_k1",7758,"SLC15A1",1.58338604960839e-06,NA,NA,NA
"run02_uniform_k1",7759,"ACTA2",4.98567078929257e-05,NA,NA,NA
"run02_uniform_k1",7760,"PTGFR",3.10411217574469e-06,NA,NA,NA
"run02_uniform_k1",7761,"BCAT2",2.6019618702966e-05,NA,NA,NA
"run02_uniform_k1",7762,"MLXIPL",0,NA,NA,NA
"run02_uniform_k1",7763,"BIRC3",6.3362084734564e-07,NA,NA,NA
"run02_uniform_k1",7764,"ALDH1A1",0.000768800994206509,NA,NA,NA
"run02_uniform_k1",7765,"ADH6",4.11775851749674e-06,NA,NA,NA
"run02_uniform_k1",7766,"LDLR",0,NA,NA,NA
"run02_uniform_k1",7767,"ELK1",0,NA,NA,NA
"run02_uniform_k1",7768,"EREG",0,NA,NA,NA
"run02_uniform_k1",7769,"PRKCD",2.05317703156904e-05,NA,NA,NA
"run02_uniform_k1",7770,"ELOVL4",0,NA,NA,NA
"run02_uniform_k1",7771,"S100A7A",0,NA,NA,NA
"run02_uniform_k1",7772,"ATP1A1",1.2671361954153e-06,NA,NA,NA
"run02_uniform_k1",7773,"FGF1",4.22001056762378e-05,NA,NA,NA
"run02_uniform_k1",7774,"BCAT2",2.6019618702966e-05,NA,NA,NA
"run02_uniform_k1",7775,"IL5",0,NA,NA,NA
"run02_uniform_k1",7776,"MDM2",4.86757533122439e-05,NA,NA,NA
"run02_uniform_k1",7777,"PTPN6",0,NA,NA,NA
"run02_uniform_k1",7778,"MRC1",0,NA,NA,NA
"run02_uniform_k1",7779,"CASP9",0,NA,NA,NA
"run02_uniform_k1",7780,"SERPINB9",0,NA,NA,NA
"run02_uniform_k1",7781,"MAPK11",0,NA,NA,NA
"run02_uniform_k1",7782,"CLIP1",0,NA,NA,NA
"run02_uniform_k1",7783,"PTP4A1",0,NA,NA,NA
"run02_uniform_k1",7784,"CCND3",6.33604306909952e-07,NA,NA,NA
"run02_uniform_k1",7785,"CHRM2",2.51721592002818e-05,NA,NA,NA
"run02_uniform_k1",7786,"NOS3",0.000136759922833574,NA,NA,NA
"run02_uniform_k1",7787,"PROC",3.8004925289048e-06,NA,NA,NA
"run02_uniform_k1",7788,"ESR2",7.37049367650622e-05,NA,NA,NA
"run02_uniform_k1",7789,"SYT1",8.62163058744647e-05,NA,NA,NA
"run02_uniform_k1",7790,"AKR1C3",0.000173978783267859,NA,NA,NA
"run02_uniform_k1",7791,"ADAMTS5",0,NA,NA,NA
"run02_uniform_k1",7792,"AOX1",0.000679762836007236,NA,NA,NA
"run02_uniform_k1",7793,"RIPK1",9.50457768944535e-06,NA,NA,NA
"run02_uniform_k1",7794,"TNFRSF10B",0,NA,NA,NA
"run02_uniform_k1",7795,"COL1A1",0.000181222784889745,NA,NA,NA
"run02_uniform_k1",7796,"KCNA4",2.7111367415289e-05,NA,NA,NA
"run02_uniform_k1",7797,"TOP2B",0,NA,NA,NA
"run02_uniform_k1",7798,"DHRS3",0,NA,NA,NA
"run02_uniform_k1",7799,"TUBG1",1.58373381198285e-06,NA,NA,NA
"run02_uniform_k1",7800,"CKB",5.32096942710281e-05,NA,NA,NA
"run02_uniform_k1",7801,"MITF",2.87659544899732e-05,NA,NA,NA
"run02_uniform_k1",7802,"PCOLCE",0,NA,NA,NA
"run02_uniform_k1",7803,"XIAP",6.16233323891269e-05,NA,NA,NA
"run02_uniform_k1",7804,"TRPV2",1.87502442750009e-05,NA,NA,NA
"run02_uniform_k1",7805,"ACSL4",0,NA,NA,NA
"run02_uniform_k1",7806,"PLD2",0.000135771725086054,NA,NA,NA
"run02_uniform_k1",7807,"TP73",6.33561354046464e-07,NA,NA,NA
"run02_uniform_k1",7808,"ATF3",8.55513091113647e-06,NA,NA,NA
"run02_uniform_k1",7809,"CACNA1H",5.72384790692437e-05,NA,NA,NA
"run02_uniform_k1",7810,"GGCX",3.08495731728975e-05,NA,NA,NA
"run02_uniform_k1",7811,"HIF1A",0.000545020548238462,NA,NA,NA
"run02_uniform_k1",7812,"RAF1",1.33718501759139e-05,NA,NA,NA
"run02_uniform_k1",7813,"SLC47A1",0,NA,NA,NA
"run02_uniform_k1",7814,"SOD2",0.000296172336680667,NA,NA,NA
"run02_uniform_k1",7815,"VCAM1",2.14834315839241e-05,NA,NA,NA
"run02_uniform_k1",7816,"ATP1A1",1.2671361954153e-06,NA,NA,NA
"run02_uniform_k1",7817,"UCHL1",0,NA,NA,NA
"run02_uniform_k1",7818,"RARG",0,NA,NA,NA
"run02_uniform_k1",7819,"TRPV2",1.87502442750009e-05,NA,NA,NA
"run02_uniform_k1",7820,"IGF2",1.43217522315942e-05,NA,NA,NA
"run02_uniform_k1",7821,"TACR1",0,NA,NA,NA
"run02_uniform_k1",7822,"CXCL2",0,NA,NA,NA
"run02_uniform_k1",7823,"HNF1A",0.00122815220873107,NA,NA,NA
"run02_uniform_k1",7824,"NTRK1",3.04810969022906e-05,NA,NA,NA
"run02_uniform_k1",7825,"APOD",0.00195383273850436,NA,NA,NA
"run02_uniform_k1",7826,"CYP2C8",0,NA,NA,NA
"run02_uniform_k1",7827,"PTGES2",2.81266331965124e-05,NA,NA,NA
"run02_uniform_k1",7828,"CHRNA3",2.85056538062989e-06,NA,NA,NA
"run02_uniform_k1",7829,"BRCA1",0.00150305205251045,NA,NA,NA
"run02_uniform_k1",7830,"DSPP",0,NA,NA,NA
"run02_uniform_k1",7831,"NDUFV2",0,NA,NA,NA
"run02_uniform_k1",7832,"CEBPB",0.000269764234292591,NA,NA,NA
"run02_uniform_k1",7833,"TPMT",8.77949444514359e-05,NA,NA,NA
"run02_uniform_k1",7834,"PCOLCE",0,NA,NA,NA
"run02_uniform_k1",7835,"GANAB",0,NA,NA,NA
"run02_uniform_k1",7836,"PHB2",3.20568660923115e-05,NA,NA,NA
"run02_uniform_k1",7837,"CYP27C1",0,NA,NA,NA
"run02_uniform_k1",7838,"F10",1.53928141654047e-05,NA,NA,NA
"run02_uniform_k1",7839,"CTSG",5.59397568715703e-05,NA,NA,NA
"run02_uniform_k1",7840,"RB1",5.60807039972078e-05,NA,NA,NA
"run02_uniform_k1",7841,"CDK2",1.73911829558504e-05,NA,NA,NA
"run02_uniform_k1",7842,"NOS3",0.000136759922833574,NA,NA,NA
"run02_uniform_k1",7843,"SPI1",3.16810202792839e-05,NA,NA,NA
"run02_uniform_k1",7844,"APOA1",0.00156761777246528,NA,NA,NA
"run02_uniform_k1",7845,"ABCG5",4.53604007359942e-05,NA,NA,NA
"run02_uniform_k1",7846,"KCNJ5",8.95444816781943e-05,NA,NA,NA
"run02_uniform_k1",7847,"CLIP1",0,NA,NA,NA
"run02_uniform_k1",7848,"GK",0.000406543096133638,NA,NA,NA
"run02_uniform_k1",7849,"IRAK1",2.62328604830886e-05,NA,NA,NA
"run02_uniform_k1",7850,"RARA",0.000182812715244118,NA,NA,NA
"run02_uniform_k1",7851,"TACR3",0,NA,NA,NA
"run02_uniform_k1",7852,"ACTG2",0,NA,NA,NA
"run02_uniform_k1",7853,"IRF1",0,NA,NA,NA
"run02_uniform_k1",7854,"PTPN6",0,NA,NA,NA
"run02_uniform_k1",7855,"CYP3A4",0.000708964295377368,NA,NA,NA
"run02_uniform_k1",7856,"SRPK2",0,NA,NA,NA
"run02_uniform_k1",7857,"TAT",6.1444352762341e-05,NA,NA,NA
"run02_uniform_k1",7858,"PRKAB1",0,NA,NA,NA
"run02_uniform_k1",7859,"EPOR",4.26416671160945e-05,NA,NA,NA
"run02_uniform_k1",7860,"MARK4",0,NA,NA,NA
"run02_uniform_k1",7861,"FABP7",3.9904553374992e-06,NA,NA,NA
"run02_uniform_k1",7862,"SNCA",0.000455106191969867,NA,NA,NA
"run02_uniform_k1",7863,"PRDX2",0,NA,NA,NA
"run02_uniform_k1",7864,"IGFBP6",0,NA,NA,NA
"run02_uniform_k1",7865,"FSHR",1.23538226016739e-05,NA,NA,NA
"run02_uniform_k1",7866,"PPP3CA",1.20382530055529e-05,NA,NA,NA
"run02_uniform_k1",7867,"P2RX7",5.59297818042426e-05,NA,NA,NA
"run02_uniform_k1",7868,"AGTR2",0,NA,NA,NA
"run02_uniform_k1",7869,"ESR1",0.00102478911944048,NA,NA,NA
"run02_uniform_k1",7870,"NUF2",6.20773671455854e-06,NA,NA,NA
"run02_uniform_k1",7871,"PENK",0,NA,NA,NA
"run02_uniform_k1",7872,"NAAA",0,NA,NA,NA
"run02_uniform_k1",7873,"PDE10A",6.52492584996001e-06,NA,NA,NA
"run02_uniform_k1",7874,"PRKCZ",0.00127837750571802,NA,NA,NA
"run02_uniform_k1",7875,"GSTM2",0,NA,NA,NA
"run02_uniform_k1",7876,"PAPSS1",0,NA,NA,NA
"run02_uniform_k1",7877,"BACE1",5.67015318772013e-05,NA,NA,NA
"run02_uniform_k1",7878,"ESRRB",2.36306737284586e-05,NA,NA,NA
"run02_uniform_k1",7879,"ATOX1",0,NA,NA,NA
"run02_uniform_k1",7880,"HDAC3",1.29907353231262e-05,NA,NA,NA
"run02_uniform_k1",7881,"PTGS1",0.0001138588382259,NA,NA,NA
"run02_uniform_k1",7882,"NFATC3",3.48468834243665e-06,NA,NA,NA
"run02_uniform_k1",7883,"SULT1A1",8.93034087123823e-06,NA,NA,NA
"run02_uniform_k1",7884,"APLP1",0,NA,NA,NA
"run02_uniform_k1",7885,"CPT1A",1.49157660161992e-05,NA,NA,NA
"run02_uniform_k1",7886,"DNPEP",0,NA,NA,NA
"run02_uniform_k1",7887,"IL6",0.00104909499545724,NA,NA,NA
"run02_uniform_k1",7888,"PIK3R1",5.3428249282339e-05,NA,NA,NA
"run02_uniform_k1",7889,"TFF1",9.5019484058767e-07,NA,NA,NA
"run02_uniform_k1",7890,"LDLR",0,NA,NA,NA
"run02_uniform_k1",7891,"CD14",0,NA,NA,NA
"run02_uniform_k1",7892,"KYNU",3.41288525791406e-05,NA,NA,NA
"run02_uniform_k1",7893,"HMGB1",1.24840005174542e-05,NA,NA,NA
"run02_uniform_k1",7894,"FOXO3",4.79174602721066e-05,NA,NA,NA
"run02_uniform_k1",7895,"TRPM7",0,NA,NA,NA
"run02_uniform_k1",7896,"CCL3",1.67921707164842e-05,NA,NA,NA
"run02_uniform_k1",7897,"KCND1",0,NA,NA,NA
"run02_uniform_k1",7898,"PDE6C",0,NA,NA,NA
"run02_uniform_k1",7899,"AIMP2",0,NA,NA,NA
"run02_uniform_k1",7900,"SMO",0,NA,NA,NA
"run02_uniform_k1",7901,"SELE",1.58407098771463e-06,NA,NA,NA
"run02_uniform_k1",7902,"ADRA1A",0,NA,NA,NA
"run02_uniform_k1",7903,"HTR2B",3.80070954153489e-06,NA,NA,NA
"run02_uniform_k1",7904,"ATP5F1E",7.91669737976175e-06,NA,NA,NA
"run02_uniform_k1",7905,"HCRTR1",0,NA,NA,NA
"run02_uniform_k1",7906,"ADH1C",0,NA,NA,NA
"run02_uniform_k1",7907,"VEGFC",0,NA,NA,NA
"run02_uniform_k1",7908,"RHO",0.00017143146028642,NA,NA,NA
"run02_uniform_k1",7909,"GP6",2.19854467736758e-05,NA,NA,NA
"run02_uniform_k1",7910,"HNRNPA1",0.0011965986405017,NA,NA,NA
"run02_uniform_k1",7911,"CYP11B2",0.000106525313512962,NA,NA,NA
"run02_uniform_k1",7912,"TRPV2",1.87502442750009e-05,NA,NA,NA
"run02_uniform_k1",7913,"IL5",0,NA,NA,NA
"run02_uniform_k1",7914,"CES1",0.000115566529133249,NA,NA,NA
"run02_uniform_k1",7915,"FKBP1A",0.000367396925605612,NA,NA,NA
"run02_uniform_k1",7916,"DUOXA1",0,NA,NA,NA
"run02_uniform_k1",7917,"PYGM",4.94772798226295e-05,NA,NA,NA
"run02_uniform_k1",7918,"TNFRSF1A",1.26749186291075e-05,NA,NA,NA
"run02_uniform_k1",7919,"OLR1",0,NA,NA,NA
"run02_uniform_k1",7920,"BMI1",2.14799290956247e-05,NA,NA,NA
"run02_uniform_k1",7921,"JUNB",0,NA,NA,NA
"run02_uniform_k1",7922,"RDH11",6.71381155781248e-06,NA,NA,NA
"run02_uniform_k1",7923,"MAP2K7",3.16786999277063e-06,NA,NA,NA
"run02_uniform_k1",7924,"RPS6KA3",0,NA,NA,NA
"run02_uniform_k1",7925,"CALML5",7.42946995627713e-05,NA,NA,NA
"run02_uniform_k1",7926,"GCLC",8.05799891081538e-05,NA,NA,NA
"run02_uniform_k1",7927,"ZEB1",0,NA,NA,NA
"run02_uniform_k1",7928,"CYP2C9",0.000117781048131316,NA,NA,NA
"run02_uniform_k1",7929,"GCLM",0,NA,NA,NA
"run02_uniform_k1",7930,"CP",4.75143862451732e-05,NA,NA,NA
"run02_uniform_k1",7931,"AIMP2",0,NA,NA,NA
"run02_uniform_k1",7932,"AMY2A",0,NA,NA,NA
"run02_uniform_k1",7933,"YWHAE",2.37606312166738e-05,NA,NA,NA
"run02_uniform_k1",7934,"HSF1",0,NA,NA,NA
"run02_uniform_k1",7935,"CHRM1",6.15364589550138e-05,NA,NA,NA
"run02_uniform_k1",7936,"FABP7",3.9904553374992e-06,NA,NA,NA
"run02_uniform_k1",7937,"CACNA2D3",0,NA,NA,NA
"run02_uniform_k1",7938,"CASQ1",2.53341735867441e-06,NA,NA,NA
"run02_uniform_k1",7939,"EGLN3",1.26699828650878e-06,NA,NA,NA
"run02_uniform_k1",7940,"HCAR2",0,NA,NA,NA
"run02_uniform_k1",7941,"CHRM2",2.51721592002818e-05,NA,NA,NA
"run02_uniform_k1",7942,"NDUFV3",0,NA,NA,NA
"run02_uniform_k1",7943,"IL1B",0.000829865649814021,NA,NA,NA
"run02_uniform_k1",7944,"MAP1LC3B",8.68078161708752e-06,NA,NA,NA
"run02_uniform_k1",7945,"TNFAIP6",4.94186435140431e-06,NA,NA,NA
"run02_uniform_k1",7946,"MMP2",1.88862703024428e-05,NA,NA,NA
"run02_uniform_k1",7947,"CACNB4",5.59340801313812e-05,NA,NA,NA
"run02_uniform_k1",7948,"ACSL4",0,NA,NA,NA
"run02_uniform_k1",7949,"RRM1",0.000117817230330219,NA,NA,NA
"run02_uniform_k1",7950,"PTGFR",3.10411217574469e-06,NA,NA,NA
"run02_uniform_k1",7951,"BDNF",0.000792185293056469,NA,NA,NA
"run02_uniform_k1",7952,"ABCG8",0,NA,NA,NA
"run02_uniform_k1",7953,"ABCC9",1.45674367513227e-06,NA,NA,NA
"run02_uniform_k1",7954,"PTGDS",0.0001023719829093,NA,NA,NA
"run02_uniform_k1",7955,"SIRT2",1.36869569887788e-05,NA,NA,NA
"run02_uniform_k1",7956,"GLDC",4.87735973941916e-06,NA,NA,NA
"run02_uniform_k1",7957,"SDHA",0.000611111269984921,NA,NA,NA
"run02_uniform_k1",7958,"ALDH1A1",0.000768800994206509,NA,NA,NA
"run02_uniform_k1",7959,"GGPS1",0,NA,NA,NA
"run02_uniform_k1",7960,"F10",1.53928141654047e-05,NA,NA,NA
"run02_uniform_k1",7961,"PHOSPHO1",8.36011896465649e-06,NA,NA,NA
"run02_uniform_k1",7962,"ATP1A3",0,NA,NA,NA
"run02_uniform_k1",7963,"CASP3",0.000462575099730467,NA,NA,NA
"run02_uniform_k1",7964,"HSPB1",6.97066364507837e-06,NA,NA,NA
"run02_uniform_k1",7965,"EPHB6",0,NA,NA,NA
"run02_uniform_k1",7966,"ACAA2",8.36077927990342e-06,NA,NA,NA
"run02_uniform_k1",7967,"MAP1LC3A",0,NA,NA,NA
"run02_uniform_k1",7968,"SLC5A1",1.62831065815272e-05,NA,NA,NA
"run02_uniform_k1",7969,"F10",1.53928141654047e-05,NA,NA,NA
"run02_uniform_k1",7970,"ATP1A3",0,NA,NA,NA
"run02_uniform_k1",7971,"BGLAP",0.000139973984731978,NA,NA,NA
"run02_uniform_k1",7972,"CD83",0,NA,NA,NA
"run02_uniform_k1",7973,"GSTK1",0,NA,NA,NA
"run02_uniform_k1",7974,"DRD3",0,NA,NA,NA
"run02_uniform_k1",7975,"CSF2",1.26743081751979e-06,NA,NA,NA
"run02_uniform_k1",7976,"GDNF",3.48479365919196e-06,NA,NA,NA
"run02_uniform_k1",7977,"GLUL",0.000147191537224312,NA,NA,NA
"run02_uniform_k1",7978,"ANXA5",7.92192003495895e-06,NA,NA,NA
"run02_uniform_k1",7979,"CYC1",4.87786738601059e-06,NA,NA,NA
"run02_uniform_k1",7980,"ADCY2",0,NA,NA,NA
"run02_uniform_k1",7981,"CPT1C",0,NA,NA,NA
"run02_uniform_k1",7982,"LBP",1.90061939919772e-06,NA,NA,NA
"run02_uniform_k1",7983,"BDNF",0.000792185293056469,NA,NA,NA
"run02_uniform_k1",7984,"SLC1A3",2.4134429150835e-05,NA,NA,NA
"run02_uniform_k1",7985,"PYGM",4.94772798226295e-05,NA,NA,NA
"run02_uniform_k1",7986,"DNMT3B",1.03906004091936e-05,NA,NA,NA
"run02_uniform_k1",7987,"PRSS1",0.0011573163436972,NA,NA,NA
"run02_uniform_k1",7988,"NANOG",9.82225146706206e-06,NA,NA,NA
"run02_uniform_k1",7989,"CACNG2",5.72736887810565e-05,NA,NA,NA
"run02_uniform_k1",7990,"FBP1",7.28503339286757e-06,NA,NA,NA
"run02_uniform_k1",7991,"MMP2",1.88862703024428e-05,NA,NA,NA
"run02_uniform_k1",7992,"IGFBP6",0,NA,NA,NA
"run02_uniform_k1",7993,"CDK8",0,NA,NA,NA
"run02_uniform_k1",7994,"TYR",3.79481492692735e-05,NA,NA,NA
"run02_uniform_k1",7995,"F2",0.000128821901214549,NA,NA,NA
"run02_uniform_k1",7996,"TYR",3.79481492692735e-05,NA,NA,NA
"run02_uniform_k1",7997,"ACTR1A",0.00117031116279964,NA,NA,NA
"run02_uniform_k1",7998,"PRKAA1",2.85143022038525e-06,NA,NA,NA
"run02_uniform_k1",7999,"GCLC",8.05799891081538e-05,NA,NA,NA
"run02_uniform_k1",8000,"AKR1C3",0.000173978783267859,NA,NA,NA
"run02_uniform_k1",8001,"DGKA",5.13043205019326e-06,NA,NA,NA
"run02_uniform_k1",8002,"BMPR2",8.59954951424324e-05,NA,NA,NA
"run02_uniform_k1",8003,"PROS1",2.21693788693411e-06,NA,NA,NA
"run02_uniform_k1",8004,"CALM3",0.000527160893726952,NA,NA,NA
"run02_uniform_k1",8005,"CPT1C",0,NA,NA,NA
"run02_uniform_k1",8006,"TIGAR",0,NA,NA,NA
"run02_uniform_k1",8007,"HMOX1",0.000383241490365949,NA,NA,NA
"run02_uniform_k1",8008,"HSD3B1",7.1585802265961e-06,NA,NA,NA
"run02_uniform_k1",8009,"ADAMTS4",0,NA,NA,NA
"run02_uniform_k1",8010,"MYC",0.000561856827766771,NA,NA,NA
"run02_uniform_k1",8011,"AXIN2",0,NA,NA,NA
"run02_uniform_k1",8012,"PIK3CA",2.52878809748891e-05,NA,NA,NA
"run02_uniform_k1",8013,"RAPGEF4",2.51523475149895e-05,NA,NA,NA
"run02_uniform_k1",8014,"DSPP",0,NA,NA,NA
"run02_uniform_k1",8015,"NPY",0.00200669165182288,NA,NA,NA
"run02_uniform_k1",8016,"AXIN1",1.08355886352385e-05,NA,NA,NA
"run02_uniform_k1",8017,"NOS1",0.000381812082027921,NA,NA,NA
"run02_uniform_k1",8018,"HDAC4",8.23760862456169e-06,NA,NA,NA
"run02_uniform_k1",8019,"CTNNB1",0.00262517195452239,NA,NA,NA
"run02_uniform_k1",8020,"IRF1",0,NA,NA,NA
"run02_uniform_k1",8021,"SULT1E1",0,NA,NA,NA
"run02_uniform_k1",8022,"LYZ",0,NA,NA,NA
"run02_uniform_k1",8023,"ACE2",6.17806475236016e-05,NA,NA,NA
"run02_uniform_k1",8024,"PDE4D",1.08964365290731e-05,NA,NA,NA
"run02_uniform_k1",8025,"DDIT3",5.44896803789108e-06,NA,NA,NA
"run02_uniform_k1",8026,"VEGFC",0,NA,NA,NA
"run02_uniform_k1",8027,"SRPK2",0,NA,NA,NA
"run02_uniform_k1",8028,"TRPV4",0.000106153420904809,NA,NA,NA
"run02_uniform_k1",8029,"CASP9",0,NA,NA,NA
"run02_uniform_k1",8030,"ABCA7",0,NA,NA,NA
"run02_uniform_k1",8031,"AADAT",3.54591244267066e-06,NA,NA,NA
"run02_uniform_k1",8032,"IKBKB",6.84471676271059e-06,NA,NA,NA
"run02_uniform_k1",8033,"CAMKK2",3.48444593978314e-06,NA,NA,NA
"run02_uniform_k1",8034,"AHCYL1",1.90022934498657e-06,NA,NA,NA
"run02_uniform_k1",8035,"KCNC2",0,NA,NA,NA
"run02_uniform_k1",8036,"APOE",0.000621735352925756,NA,NA,NA
"run02_uniform_k1",8037,"GUSB",4.43396339928626e-05,NA,NA,NA
"run02_uniform_k1",8038,"CSF1",1.07725687046312e-05,NA,NA,NA
"run02_uniform_k1",8039,"AKT1",0.00346325271049452,NA,NA,NA
"run02_uniform_k1",8040,"CXCL13",0,NA,NA,NA
"run02_uniform_k1",8041,"SLC8A1",0,NA,NA,NA
"run02_uniform_k1",8042,"ABCC9",1.45674367513227e-06,NA,NA,NA
"run02_uniform_k1",8043,"UGT2B28",0,NA,NA,NA
"run02_uniform_k1",8044,"AASS",1.96337880520314e-06,NA,NA,NA
"run02_uniform_k1",8045,"PDE4A",1.34575381137703e-05,NA,NA,NA
"run02_uniform_k1",8046,"TYR",3.79481492692735e-05,NA,NA,NA
"run02_uniform_k1",8047,"HTR2A",4.49190304361302e-05,NA,NA,NA
"run02_uniform_k1",8048,"P2RX7",5.59297818042426e-05,NA,NA,NA
"run02_uniform_k1",8049,"DRD1",0.000110991854724962,NA,NA,NA
"run02_uniform_k1",8050,"PPP3CA",1.20382530055529e-05,NA,NA,NA
"run02_uniform_k1",8051,"LALBA",3.81683006253075e-05,NA,NA,NA
"run02_uniform_k1",8052,"RARA",0.000182812715244118,NA,NA,NA
"run02_uniform_k1",8053,"NR3C1",8.7083319149972e-05,NA,NA,NA
"run02_uniform_k1",8054,"CYP24A1",2.95788072831593e-05,NA,NA,NA
"run02_uniform_k1",8055,"CCR6",0,NA,NA,NA
"run02_uniform_k1",8056,"AIFM1",1.58347085155164e-06,NA,NA,NA
"run02_uniform_k1",8057,"ALDH1A1",0.000768800994206509,NA,NA,NA
"run02_uniform_k1",8058,"GGCX",3.08495731728975e-05,NA,NA,NA
"run02_uniform_k1",8059,"NRF1",1.38741902355743e-05,NA,NA,NA
"run02_uniform_k1",8060,"ERN1",4.11862188642864e-06,NA,NA,NA
"run02_uniform_k1",8061,"CTSD",0.000133066364187417,NA,NA,NA
"run02_uniform_k1",8062,"PRKAB1",0,NA,NA,NA
"run02_uniform_k1",8063,"ABCG5",4.53604007359942e-05,NA,NA,NA
"run02_uniform_k1",8064,"DHODH",1.42497466326663e-05,NA,NA,NA
"run02_uniform_k1",8065,"SULT1E1",0,NA,NA,NA
"run02_uniform_k1",8066,"KCNJ1",8.80361918675909e-06,NA,NA,NA
"run02_uniform_k1",8067,"FOXP3",1.50821877838991e-05,NA,NA,NA
"run02_uniform_k1",8068,"ACE",0.00145679149577593,NA,NA,NA
"run02_uniform_k1",8069,"CACNG1",0,NA,NA,NA
"run02_uniform_k1",8070,"PRKCG",2.62982428581582e-05,NA,NA,NA
"run02_uniform_k1",8071,"ADORA2B",0,NA,NA,NA
"run02_uniform_k1",8072,"KLK3",0.00125308407979507,NA,NA,NA
"run02_uniform_k1",8073,"ATM",2.74398232945616e-05,NA,NA,NA
"run02_uniform_k1",8074,"GPBAR1",0.00120167517532488,NA,NA,NA
"run02_uniform_k1",8075,"LGALS1",0,NA,NA,NA
"run02_uniform_k1",8076,"SLC11A2",1.77338485018996e-06,NA,NA,NA
"run02_uniform_k1",8077,"REN",0.000113239453789604,NA,NA,NA
"run02_uniform_k1",8078,"CSAD",0,NA,NA,NA
"run02_uniform_k1",8079,"TUBG1",1.58373381198285e-06,NA,NA,NA
"run02_uniform_k1",8080,"DNAJC5",5.30276407040287e-05,NA,NA,NA
"run02_uniform_k1",8081,"EGFR",0.00376976574950694,NA,NA,NA
"run02_uniform_k1",8082,"FOSL1",5.14461500070729e-05,NA,NA,NA
"run02_uniform_k1",8083,"MMP1",6.13390297496963e-05,NA,NA,NA
"run02_uniform_k1",8084,"SOX9",0.000102527928081186,NA,NA,NA
"run02_uniform_k1",8085,"ARF3",1.01355586621388e-05,NA,NA,NA
"run02_uniform_k1",8086,"HAMP",0.000187982524293195,NA,NA,NA
"run02_uniform_k1",8087,"SH3BP5",6.33329974131236e-07,NA,NA,NA
"run02_uniform_k1",8088,"FGF23",6.25962068182551e-05,NA,NA,NA
"run02_uniform_k1",8089,"CACNA1B",0,NA,NA,NA
"run02_uniform_k1",8090,"S100A7",0.00101836981567682,NA,NA,NA
"run02_uniform_k1",8091,"ATP2C2",0,NA,NA,NA
"run02_uniform_k1",8092,"PPARD",4.39109792027548e-05,NA,NA,NA
"run02_uniform_k1",8093,"BAD",6.33634698421481e-06,NA,NA,NA
"run02_uniform_k1",8094,"CAMKK2",3.48444593978314e-06,NA,NA,NA
"run02_uniform_k1",8095,"CACNG3",0,NA,NA,NA
"run02_uniform_k1",8096,"UCP1",0,NA,NA,NA
"run02_uniform_k1",8097,"MT-ATP6",9.5010961728148e-06,NA,NA,NA
"run02_uniform_k1",8098,"TUBB",0.000162866051467092,NA,NA,NA
"run02_uniform_k1",8099,"PRKCE",5.79752275315926e-05,NA,NA,NA
"run02_uniform_k1",8100,"GSS",1.96391900666448e-05,NA,NA,NA
"run02_uniform_k1",8101,"KCNJ10",0,NA,NA,NA
"run02_uniform_k1",8102,"IL1A",0.00038306531858312,NA,NA,NA
"run02_uniform_k1",8103,"UCP1",0,NA,NA,NA
"run02_uniform_k1",8104,"IGF2",1.43217522315942e-05,NA,NA,NA
"run02_uniform_k1",8105,"PDE3B",4.40978259571567e-05,NA,NA,NA
"run02_uniform_k1",8106,"KCNE2",0,NA,NA,NA
"run02_uniform_k1",8107,"CYP11B1",0,NA,NA,NA
"run02_uniform_k1",8108,"NAAA",0,NA,NA,NA
"run02_uniform_k1",8109,"S100A7A",0,NA,NA,NA
"run02_uniform_k1",8110,"HSD3B1",7.1585802265961e-06,NA,NA,NA
"run02_uniform_k1",8111,"DNMT1",4.56882288469851e-05,NA,NA,NA
"run02_uniform_k1",8112,"ACE2",6.17806475236016e-05,NA,NA,NA
"run02_uniform_k1",8113,"CDKN1C",1.58390438897982e-06,NA,NA,NA
"run02_uniform_k1",8114,"SLPI",0,NA,NA,NA
"run02_uniform_k1",8115,"TNFSF11",7.5283725537223e-05,NA,NA,NA
"run02_uniform_k1",8116,"PRKACA",0.00408086083662407,NA,NA,NA
"run02_uniform_k1",8117,"IL4",0.000213216805235672,NA,NA,NA
"run02_uniform_k1",8118,"KCND1",0,NA,NA,NA
"run02_uniform_k1",8119,"PIK3CA",2.52878809748891e-05,NA,NA,NA
"run02_uniform_k1",8120,"HSPA4",0.000770336012735795,NA,NA,NA
"run02_uniform_k1",8121,"PRKAB2",0,NA,NA,NA
"run02_uniform_k1",8122,"TYR",3.79481492692735e-05,NA,NA,NA
"run02_uniform_k1",8123,"ESR2",7.37049367650622e-05,NA,NA,NA
"run02_uniform_k1",8124,"RBP2",3.01152514644576e-05,NA,NA,NA
"run02_uniform_k1",8125,"PDK1",0,NA,NA,NA
"run02_uniform_k1",8126,"ADCY2",0,NA,NA,NA
"run02_uniform_k1",8127,"HBA1",2.89514794086232e-05,NA,NA,NA
"run02_uniform_k1",8128,"NCOA2",3.54820525111377e-05,NA,NA,NA
"run02_uniform_k1",8129,"TRPM3",0,NA,NA,NA
"run02_uniform_k1",8130,"FTH1",3.16391560746254e-05,NA,NA,NA
"run02_uniform_k1",8131,"EEF2K",3.67443795490363e-06,NA,NA,NA
"run02_uniform_k1",8132,"CD14",0,NA,NA,NA
"run02_uniform_k1",8133,"SCN2B",0,NA,NA,NA
"run02_uniform_k1",8134,"UCP1",0,NA,NA,NA
"run02_uniform_k1",8135,"HCN4",0.00104282749963691,NA,NA,NA
"run02_uniform_k1",8136,"PON1",7.22265572195013e-06,NA,NA,NA
"run02_uniform_k1",8137,"ADRA2A",6.33347720935262e-07,NA,NA,NA
"run02_uniform_k1",8138,"TRPM3",0,NA,NA,NA
"run02_uniform_k1",8139,"HTR7",2.21651978515869e-06,NA,NA,NA
"run02_uniform_k1",8140,"CYP2A6",0.000367474741212792,NA,NA,NA
"run02_uniform_k1",8141,"NPEPPS",0,NA,NA,NA
"run02_uniform_k1",8142,"PTGER2",3.0407837517954e-06,NA,NA,NA
"run02_uniform_k1",8143,"MCL1",1.67940085561424e-05,NA,NA,NA
"run02_uniform_k1",8144,"GYPA",0.000261429870861529,NA,NA,NA
"run02_uniform_k1",8145,"LPL",0.000483720734164583,NA,NA,NA
"run02_uniform_k1",8146,"ASPA",0,NA,NA,NA
"run02_uniform_k1",8147,"ARF4",1.97623946650571e-05,NA,NA,NA
"run02_uniform_k1",8148,"SLC1A3",2.4134429150835e-05,NA,NA,NA
"run02_uniform_k1",8149,"NPY",0.00200669165182288,NA,NA,NA
"run02_uniform_k1",8150,"SPI1",3.16810202792839e-05,NA,NA,NA
"run02_uniform_k1",8151,"TFF1",9.5019484058767e-07,NA,NA,NA
"run02_uniform_k1",8152,"GRIN2D",0,NA,NA,NA
"run02_uniform_k1",8153,"BIRC5",3.23786530762593e-05,NA,NA,NA
"run02_uniform_k1",8154,"CACNA1G",7.41987078123341e-05,NA,NA,NA
"run02_uniform_k1",8155,"BIRC5",3.23786530762593e-05,NA,NA,NA
"run02_uniform_k1",8156,"PCOLCE",0,NA,NA,NA
"run02_uniform_k1",8157,"CNR1",0.000234330328976462,NA,NA,NA
"run02_uniform_k1",8158,"NCOA2",3.54820525111377e-05,NA,NA,NA
"run02_uniform_k1",8159,"NOTCH1",1.52730959466219e-05,NA,NA,NA
"run02_uniform_k1",8160,"RXRB",3.7531212242814e-05,NA,NA,NA
"run02_uniform_k1",8161,"THBS1",7.4650161333345e-05,NA,NA,NA
"run02_uniform_k1",8162,"ADRA2C",1.26052450867276e-05,NA,NA,NA
"run02_uniform_k1",8163,"LMNB1",7.2866286621176e-06,NA,NA,NA
"run02_uniform_k1",8164,"TGFA",3.48528190785569e-06,NA,NA,NA
"run02_uniform_k1",8165,"RARB",1.39344317841017e-05,NA,NA,NA
"run02_uniform_k1",8166,"OAT",1.33641726925982e-05,NA,NA,NA
"run02_uniform_k1",8167,"GABRB1",1.70995530076601e-05,NA,NA,NA
"run02_uniform_k1",8168,"F10",1.53928141654047e-05,NA,NA,NA
"run02_uniform_k1",8169,"NOS1",0.000381812082027921,NA,NA,NA
"run02_uniform_k1",8170,"IL36A",0,NA,NA,NA
"run02_uniform_k1",8171,"PLK4",2.22339198402421e-05,NA,NA,NA
"run02_uniform_k1",8172,"IL6",0.00104909499545724,NA,NA,NA
"run02_uniform_k1",8173,"YAP1",2.37641275353528e-05,NA,NA,NA
"run02_uniform_k1",8174,"HSF1",0,NA,NA,NA
"run02_uniform_k1",8175,"HTR7",2.21651978515869e-06,NA,NA,NA
"run02_uniform_k1",8176,"CHRNB3",0,NA,NA,NA
"run02_uniform_k1",8177,"RAC1",1.74887232585741e-05,NA,NA,NA
"run02_uniform_k1",8178,"PRKCD",2.05317703156904e-05,NA,NA,NA
"run02_uniform_k1",8179,"MT-ATP6",9.5010961728148e-06,NA,NA,NA
"run02_uniform_k1",8180,"COL3A1",0,NA,NA,NA
"run02_uniform_k1",8181,"CHRNA2",0,NA,NA,NA
"run02_uniform_k1",8182,"PYGM",4.94772798226295e-05,NA,NA,NA
"run02_uniform_k1",8183,"GSTM3",0,NA,NA,NA
"run02_uniform_k1",8184,"AURKC",0,NA,NA,NA
"run02_uniform_k1",8185,"DGAT1",0.000583801314570143,NA,NA,NA
"run02_uniform_k1",8186,"RTCB",0,NA,NA,NA
"run02_uniform_k1",8187,"AKT1",0.00346325271049452,NA,NA,NA
"run02_uniform_k1",8188,"BMP4",1.58394663751782e-06,NA,NA,NA
"run02_uniform_k1",8189,"ADH4",0,NA,NA,NA
"run02_uniform_k1",8190,"C8G",8.92998568191583e-06,NA,NA,NA
"run02_uniform_k1",8191,"ACACA",7.98311027262466e-05,NA,NA,NA
"run02_uniform_k1",8192,"CCL3",1.67921707164842e-05,NA,NA,NA
"run02_uniform_k1",8193,"JUNB",0,NA,NA,NA
"run02_uniform_k1",8194,"TGM2",0,NA,NA,NA
"run02_uniform_k1",8195,"ELK1",0,NA,NA,NA
"run02_uniform_k1",8196,"NLRP3",7.47722630090042e-06,NA,NA,NA
"run02_uniform_k1",8197,"ATF1",3.16751357498646e-06,NA,NA,NA
"run02_uniform_k1",8198,"ELOVL2",0,NA,NA,NA
"run02_uniform_k1",8199,"ESR2",7.37049367650622e-05,NA,NA,NA
"run02_uniform_k1",8200,"SCN11A",4.43375248559974e-06,NA,NA,NA
"run02_uniform_k1",8201,"DLG1",6.50075176803488e-05,NA,NA,NA
"run02_uniform_k1",8202,"DHFR",0.000279606338591143,NA,NA,NA
"run02_uniform_k1",8203,"ATF2",1.14067009802099e-05,NA,NA,NA
"run02_uniform_k1",8204,"GSS",1.96391900666448e-05,NA,NA,NA
"run02_uniform_k1",8205,"SDHA",0.000611111269984921,NA,NA,NA
"run02_uniform_k1",8206,"ANXA5",7.92192003495895e-06,NA,NA,NA
"run02_uniform_k1",8207,"SOD1",0.00055040968937059,NA,NA,NA
"run02_uniform_k1",8208,"DGKD",3.99034614917415e-06,NA,NA,NA
"run02_uniform_k1",8209,"MTOR",0.000351853732282081,NA,NA,NA
"run02_uniform_k1",8210,"FABP5",6.2410696410331e-05,NA,NA,NA
"run02_uniform_k1",8211,"ATP2C2",0,NA,NA,NA
"run02_uniform_k1",8212,"KCNQ2",0.000154321192943452,NA,NA,NA
"run02_uniform_k1",8213,"NKX3-1",0,NA,NA,NA
"run02_uniform_k1",8214,"AXIN2",0,NA,NA,NA
"run02_uniform_k1",8215,"ATP1A2",4.63378248599655e-05,NA,NA,NA
"run02_uniform_k1",8216,"KCNN2",6.33510621184108e-07,NA,NA,NA
"run02_uniform_k1",8217,"PTP4A1",0,NA,NA,NA
"run02_uniform_k1",8218,"GRIA4",0,NA,NA,NA
"run02_uniform_k1",8219,"IDO1",0.000463661718947295,NA,NA,NA
"run02_uniform_k1",8220,"CALCR",3.30019686509697e-05,NA,NA,NA
"run02_uniform_k1",8221,"TFF1",9.5019484058767e-07,NA,NA,NA
"run02_uniform_k1",8222,"HNRNPA1",0.0011965986405017,NA,NA,NA
"run02_uniform_k1",8223,"HCN4",0.00104282749963691,NA,NA,NA
"run02_uniform_k1",8224,"PDE3B",4.40978259571567e-05,NA,NA,NA
"run02_uniform_k1",8225,"FGF23",6.25962068182551e-05,NA,NA,NA
"run02_uniform_k1",8226,"PTGS2",0.00143001964027745,NA,NA,NA
"run02_uniform_k1",8227,"ZEB2",0,NA,NA,NA
"run02_uniform_k1",8228,"NFKB1",0.000211104315194666,NA,NA,NA
"run02_uniform_k1",8229,"DLG2",0,NA,NA,NA
"run02_uniform_k1",8230,"GPR35",0,NA,NA,NA
"run02_uniform_k1",8231,"SOX9",0.000102527928081186,NA,NA,NA
"run02_uniform_k1",8232,"MAPK11",0,NA,NA,NA
"run02_uniform_k1",8233,"HSD3B1",7.1585802265961e-06,NA,NA,NA
"run02_uniform_k1",8234,"NLN",0,NA,NA,NA
"run02_uniform_k1",8235,"NPPA",7.28658572474172e-05,NA,NA,NA
"run02_uniform_k1",8236,"MDM2",4.86757533122439e-05,NA,NA,NA
"run02_uniform_k1",8237,"TGM2",0,NA,NA,NA
"run02_uniform_k1",8238,"AXIN2",0,NA,NA,NA
"run02_uniform_k1",8239,"TLR2",1.15981297473811e-05,NA,NA,NA
"run02_uniform_k1",8240,"F7",0.00116938158797564,NA,NA,NA
"run02_uniform_k1",8241,"CALCA",1.96344956293615e-06,NA,NA,NA
"run02_uniform_k1",8242,"CAPN10",0.000977887184816284,NA,NA,NA
"run02_uniform_k1",8243,"FURIN",9.05415850372959e-05,NA,NA,NA
"run02_uniform_k1",8244,"YWHAE",2.37606312166738e-05,NA,NA,NA
"run02_uniform_k1",8245,"PPIF",5.98208087934093e-05,NA,NA,NA
"run02_uniform_k1",8246,"NAAA",0,NA,NA,NA
"run02_uniform_k1",8247,"SYT1",8.62163058744647e-05,NA,NA,NA
"run02_uniform_k1",8248,"KHK",0,NA,NA,NA
"run02_uniform_k1",8249,"YWHAZ",0.000329867224154401,NA,NA,NA
"run02_uniform_k1",8250,"TOMM70",0,NA,NA,NA
"run02_uniform_k1",8251,"RB1",5.60807039972078e-05,NA,NA,NA
"run02_uniform_k1",8252,"NOX4",3.0792080655373e-05,NA,NA,NA
"run02_uniform_k1",8253,"PAPSS1",0,NA,NA,NA
"run02_uniform_k1",8254,"NR3C2",1.6726748852447e-05,NA,NA,NA
"run02_uniform_k1",8255,"MMP2",1.88862703024428e-05,NA,NA,NA
"run02_uniform_k1",8256,"RHO",0.00017143146028642,NA,NA,NA
"run02_uniform_k1",8257,"ATP1A2",4.63378248599655e-05,NA,NA,NA
"run02_uniform_k1",8258,"GCLM",0,NA,NA,NA
"run02_uniform_k1",8259,"CDH5",6.33662563265247e-06,NA,NA,NA
"run02_uniform_k1",8260,"CCNB1",1.05829380095956e-05,NA,NA,NA
"run02_uniform_k1",8261,"ABCC2",6.29649746844985e-05,NA,NA,NA
"run02_uniform_k1",8262,"E2F1",6.05857808446686e-05,NA,NA,NA
"run02_uniform_k1",8263,"NCF4",0,NA,NA,NA
"run02_uniform_k1",8264,"SULT1E1",0,NA,NA,NA
"run02_uniform_k1",8265,"PHB2",3.20568660923115e-05,NA,NA,NA
"run02_uniform_k1",8266,"SLC2A4",1.81861109559422e-05,NA,NA,NA
"run02_uniform_k1",8267,"UQCRC1",5.15309632885819e-05,NA,NA,NA
"run02_uniform_k1",8268,"SLC6A2",0,NA,NA,NA
"run02_uniform_k1",8269,"PHOSPHO2",0,NA,NA,NA
"run02_uniform_k1",8270,"SELP",5.7028163548134e-06,NA,NA,NA
"run02_uniform_k1",8271,"FOXM1",1.90088265561439e-06,NA,NA,NA
"run02_uniform_k1",8272,"ADRA2C",1.26052450867276e-05,NA,NA,NA
"run02_uniform_k1",8273,"COL1A1",0.000181222784889745,NA,NA,NA
"run02_uniform_k1",8274,"EIF2S1",0.000110140192739028,NA,NA,NA
"run02_uniform_k1",8275,"CHEK1",1.20395101235182e-05,NA,NA,NA
"run02_uniform_k1",8276,"EPHB6",0,NA,NA,NA
"run02_uniform_k1",8277,"LYZ",0,NA,NA,NA
"run02_uniform_k1",8278,"RBL1",0,NA,NA,NA
"run02_uniform_k1",8279,"CTTN",2.99716390974591e-05,NA,NA,NA
"run02_uniform_k1",8280,"GABRP",0,NA,NA,NA
"run02_uniform_k1",8281,"PDE7B",0,NA,NA,NA
"run02_uniform_k1",8282,"LGALS3",1.90104129516033e-06,NA,NA,NA
"run02_uniform_k1",8283,"MAPK8",0.00014699135508045,NA,NA,NA
"run02_uniform_k1",8284,"ACTBL2",0,NA,NA,NA
"run02_uniform_k1",8285,"SHH",1.43206732026169e-05,NA,NA,NA
"run02_uniform_k1",8286,"IMPDH2",1.60872446202109e-05,NA,NA,NA
"run02_uniform_k1",8287,"PTP4A1",0,NA,NA,NA
"run02_uniform_k1",8288,"CREB1",0.000475073453506725,NA,NA,NA
"run02_uniform_k1",8289,"P2RX7",5.59297818042426e-05,NA,NA,NA
"run02_uniform_k1",8290,"CHAT",0.00035285368960325,NA,NA,NA
"run02_uniform_k1",8291,"ADIPOQ",2.77581439246388e-05,NA,NA,NA
"run02_uniform_k1",8292,"TFAM",0,NA,NA,NA
"run02_uniform_k1",8293,"APOA4",2.27717166977337e-05,NA,NA,NA
"run02_uniform_k1",8294,"FKRP",0,NA,NA,NA
"run02_uniform_k1",8295,"EEF2K",3.67443795490363e-06,NA,NA,NA
"run02_uniform_k1",8296,"NOTCH1",1.52730959466219e-05,NA,NA,NA
"run02_uniform_k1",8297,"MCL1",1.67940085561424e-05,NA,NA,NA
"run02_uniform_k1",8298,"GABRR1",0.000892072607181937,NA,NA,NA
"run02_uniform_k1",8299,"PHOSPHO1",8.36011896465649e-06,NA,NA,NA
"run02_uniform_k1",8300,"PRDX5",0,NA,NA,NA
"run02_uniform_k1",8301,"NFATC1",5.51292228962996e-05,NA,NA,NA
"run02_uniform_k1",8302,"AIMP2",0,NA,NA,NA
"run02_uniform_k1",8303,"ABCG5",4.53604007359942e-05,NA,NA,NA
"run02_uniform_k1",8304,"PIK3CD",0,NA,NA,NA
"run02_uniform_k1",8305,"PYGM",4.94772798226295e-05,NA,NA,NA
"run02_uniform_k1",8306,"ICAM2",0,NA,NA,NA
"run02_uniform_k1",8307,"CCR6",0,NA,NA,NA
"run02_uniform_k1",8308,"POLB",0,NA,NA,NA
"run02_uniform_k1",8309,"ADAMTS4",0,NA,NA,NA
"run02_uniform_k1",8310,"POMC",0.00149342435047795,NA,NA,NA
"run02_uniform_k1",8311,"TRPC5",4.86789497714524e-05,NA,NA,NA
"run02_uniform_k1",8312,"NOX1",2.49654080184403e-05,NA,NA,NA
"run02_uniform_k1",8313,"AHSA1",0,NA,NA,NA
"run02_uniform_k1",8314,"NTRK1",3.04810969022906e-05,NA,NA,NA
"run02_uniform_k1",8315,"AGTR1",7.87895413547623e-05,NA,NA,NA
"run02_uniform_k1",8316,"PNP",0.000105291533052498,NA,NA,NA
"run02_uniform_k1",8317,"HRH3",0,NA,NA,NA
"run02_uniform_k1",8318,"MDH2",0.000134051798597046,NA,NA,NA
"run02_uniform_k1",8319,"FGF4",2.2179929671795e-06,NA,NA,NA
"run02_uniform_k1",8320,"CAV1",0.00188167408582673,NA,NA,NA
"run02_uniform_k1",8321,"CREB1",0.000475073453506725,NA,NA,NA
"run02_uniform_k1",8322,"ATF1",3.16751357498646e-06,NA,NA,NA
"run02_uniform_k1",8323,"CHRNB3",0,NA,NA,NA
"run02_uniform_k1",8324,"FASLG",6.21033622971723e-06,NA,NA,NA
"run02_uniform_k1",8325,"DHRS4",0,NA,NA,NA
"run02_uniform_k1",8326,"FGF1",4.22001056762378e-05,NA,NA,NA
"run02_uniform_k1",8327,"GLP1R",3.86497402737884e-06,NA,NA,NA
"run02_uniform_k1",8328,"MCU",0,NA,NA,NA
"run02_uniform_k1",8329,"ERBB2",0.000157327965161547,NA,NA,NA
"run02_uniform_k1",8330,"CAMKK2",3.48444593978314e-06,NA,NA,NA
"run02_uniform_k1",8331,"CAMP",0.00129691841056656,NA,NA,NA
"run02_uniform_k1",8332,"MAPK8IP1",9.56119621767781e-05,NA,NA,NA
"run02_uniform_k1",8333,"PTX3",0,NA,NA,NA
"run02_uniform_k1",8334,"TNF",0.00134281467430086,NA,NA,NA
"run02_uniform_k1",8335,"NCF2",1.00748274538542e-05,NA,NA,NA
"run02_uniform_k1",8336,"ZEB2",0,NA,NA,NA
"run02_uniform_k1",8337,"HSPA5",0.000228473516780459,NA,NA,NA
"run02_uniform_k1",8338,"SCN11A",4.43375248559974e-06,NA,NA,NA
"run02_uniform_k1",8339,"ITGA5",0.00127400659039045,NA,NA,NA
"run02_uniform_k1",8340,"SQLE",9.90930470378126e-05,NA,NA,NA
"run02_uniform_k1",8341,"PLK4",2.22339198402421e-05,NA,NA,NA
"run02_uniform_k1",8342,"ELOVL5",0,NA,NA,NA
"run02_uniform_k1",8343,"POU5F1",3.4853680447311e-06,NA,NA,NA
"run02_uniform_k1",8344,"GPER1",8.61720038791702e-06,NA,NA,NA
"run02_uniform_k1",8345,"RAC1",1.74887232585741e-05,NA,NA,NA
"run02_uniform_k1",8346,"GCA",0.000913104018283151,NA,NA,NA
"run02_uniform_k1",8347,"DIO1",0,NA,NA,NA
"run02_uniform_k1",8348,"KLK3",0.00125308407979507,NA,NA,NA
"run02_uniform_k1",8349,"CCK",1.36890006087187e-05,NA,NA,NA
"run02_uniform_k1",8350,"ARF5",0,NA,NA,NA
"run02_uniform_k1",8351,"ABCG5",4.53604007359942e-05,NA,NA,NA
"run02_uniform_k1",8352,"HTR2A",4.49190304361302e-05,NA,NA,NA
"run02_uniform_k1",8353,"GRIN2B",0.000317728868907574,NA,NA,NA
"run02_uniform_k1",8354,"ELOVL6",0,NA,NA,NA
"run02_uniform_k1",8355,"CYB5A",5.4039383747595e-05,NA,NA,NA
"run02_uniform_k1",8356,"NLN",0,NA,NA,NA
"run02_uniform_k1",8357,"SRC",0.0010396286840485,NA,NA,NA
"run02_uniform_k1",8358,"F10",1.53928141654047e-05,NA,NA,NA
"run02_uniform_k1",8359,"TEK",0,NA,NA,NA
"run02_uniform_k1",8360,"MAP2K5",0,NA,NA,NA
"run02_uniform_k1",8361,"SCN11A",4.43375248559974e-06,NA,NA,NA
"run02_uniform_k1",8362,"GRIK2",0,NA,NA,NA
"run02_uniform_k1",8363,"TFF1",9.5019484058767e-07,NA,NA,NA
"run02_uniform_k1",8364,"TTK",1.26686474088977e-06,NA,NA,NA
"run02_uniform_k1",8365,"TRPA1",6.7343185876978e-05,NA,NA,NA
"run02_uniform_k1",8366,"PRDX2",0,NA,NA,NA
"run02_uniform_k1",8367,"XIAP",6.16233323891269e-05,NA,NA,NA
"run02_uniform_k1",8368,"RDH12",1.33642751130036e-05,NA,NA,NA
"run02_uniform_k1",8369,"SHH",1.43206732026169e-05,NA,NA,NA
"run02_uniform_k1",8370,"FABP7",3.9904553374992e-06,NA,NA,NA
"run02_uniform_k1",8371,"TTK",1.26686474088977e-06,NA,NA,NA
"run02_uniform_k1",8372,"PTX3",0,NA,NA,NA
"run02_uniform_k1",8373,"YAP1",2.37641275353528e-05,NA,NA,NA
"run02_uniform_k1",8374,"DRD1",0.000110991854724962,NA,NA,NA
"run02_uniform_k1",8375,"TTK",1.26686474088977e-06,NA,NA,NA
"run02_uniform_k1",8376,"UQCRC1",5.15309632885819e-05,NA,NA,NA
"run02_uniform_k1",8377,"ITGB3",8.18152205451783e-05,NA,NA,NA
"run02_uniform_k1",8378,"MPO",0.000259217982351401,NA,NA,NA
"run02_uniform_k1",8379,"THBD",8.99612495086632e-06,NA,NA,NA
"run02_uniform_k1",8380,"FADS2",4.0853135067076e-05,NA,NA,NA
"run02_uniform_k1",8381,"PLD2",0.000135771725086054,NA,NA,NA
"run02_uniform_k1",8382,"FXN",3.98458264223578e-05,NA,NA,NA
"run02_uniform_k1",8383,"HTR2A",4.49190304361302e-05,NA,NA,NA
"run02_uniform_k1",8384,"DUOX2",0.00118948957190246,NA,NA,NA
"run02_uniform_k1",8385,"SLC11A2",1.77338485018996e-06,NA,NA,NA
"run02_uniform_k1",8386,"MAPT",0.000248151462638568,NA,NA,NA
"run02_uniform_k1",8387,"HIF1A",0.000545020548238462,NA,NA,NA
"run02_uniform_k1",8388,"FXN",3.98458264223578e-05,NA,NA,NA
"run02_uniform_k1",8389,"PFAS",0,NA,NA,NA
"run02_uniform_k1",8390,"PTEN",0.000112385888386912,NA,NA,NA
"run02_uniform_k1",8391,"CBR1",3.06594182049036e-05,NA,NA,NA
"run02_uniform_k1",8392,"XIAP",6.16233323891269e-05,NA,NA,NA
"run02_uniform_k1",8393,"TEP1",0,NA,NA,NA
"run02_uniform_k1",8394,"HRH3",0,NA,NA,NA
"run02_uniform_k1",8395,"DRD3",0,NA,NA,NA
"run02_uniform_k1",8396,"NNT",0,NA,NA,NA
"run02_uniform_k1",8397,"EIF4EBP1",0,NA,NA,NA
"run02_uniform_k1",8398,"DNPEP",0,NA,NA,NA
"run02_uniform_k1",8399,"CXCL13",0,NA,NA,NA
"run02_uniform_k1",8400,"CAMLG",0,NA,NA,NA
"run02_uniform_k1",8401,"PTPN6",0,NA,NA,NA
"run02_uniform_k1",8402,"CACNG6",0,NA,NA,NA
"run02_uniform_k1",8403,"SLC1A6",0,NA,NA,NA
"run02_uniform_k1",8404,"ALDH2",5.15659678518299e-05,NA,NA,NA
"run02_uniform_k1",8405,"SLC6A3",0.000164253248760127,NA,NA,NA
"run02_uniform_k1",8406,"GSTM3",0,NA,NA,NA
"run02_uniform_k1",8407,"ADH1C",0,NA,NA,NA
"run02_uniform_k1",8408,"LIPG",0,NA,NA,NA
"run02_uniform_k1",8409,"LTA4H",0,NA,NA,NA
"run02_uniform_k1",8410,"CAMKK2",3.48444593978314e-06,NA,NA,NA
"run02_uniform_k1",8411,"ABAT",2.2801866788047e-06,NA,NA,NA
"run02_uniform_k1",8412,"CLDN5",3.48460731747213e-06,NA,NA,NA
"run02_uniform_k1",8413,"COMT",0.000258432034107248,NA,NA,NA
"run02_uniform_k1",8414,"SLCO2B1",0,NA,NA,NA
"run02_uniform_k1",8415,"TTK",1.26686474088977e-06,NA,NA,NA
"run02_uniform_k1",8416,"SRPK1",0.00108816969760961,NA,NA,NA
"run02_uniform_k1",8417,"DHODH",1.42497466326663e-05,NA,NA,NA
"run02_uniform_k1",8418,"SCN1B",0.00123489854843939,NA,NA,NA
"run02_uniform_k1",8419,"ATOX1",0,NA,NA,NA
"run02_uniform_k1",8420,"CTSD",0.000133066364187417,NA,NA,NA
"run02_uniform_k1",8421,"SELP",5.7028163548134e-06,NA,NA,NA
"run02_uniform_k1",8422,"GABBR1",0.000629351098106912,NA,NA,NA
"run02_uniform_k1",8423,"APOA4",2.27717166977337e-05,NA,NA,NA
"run02_uniform_k1",8424,"PKD2",3.16666038624458e-06,NA,NA,NA
"run02_uniform_k1",8425,"CXCL2",0,NA,NA,NA
"run02_uniform_k1",8426,"MT-ATP6",9.5010961728148e-06,NA,NA,NA
"run02_uniform_k1",8427,"ERN1",4.11862188642864e-06,NA,NA,NA
"run02_uniform_k1",8428,"CYBB",6.42615564472315e-05,NA,NA,NA
"run02_uniform_k1",8429,"SNAI2",6.33686013218338e-07,NA,NA,NA
"run02_uniform_k1",8430,"RARA",0.000182812715244118,NA,NA,NA
"run02_uniform_k1",8431,"NRXN1",6.46433704953875e-05,NA,NA,NA
"run02_uniform_k1",8432,"GFAP",0.000240332727610593,NA,NA,NA
"run02_uniform_k1",8433,"RARA",0.000182812715244118,NA,NA,NA
"run02_uniform_k1",8434,"OPRD1",0,NA,NA,NA
"run02_uniform_k1",8435,"LRAT",5.06328770298881e-05,NA,NA,NA
"run02_uniform_k1",8436,"SMAD2",3.42235274195524e-05,NA,NA,NA
"run02_uniform_k1",8437,"EGLN1",1.90063023630671e-06,NA,NA,NA
"run02_uniform_k1",8438,"FGF4",2.2179929671795e-06,NA,NA,NA
"run02_uniform_k1",8439,"HGF",0,NA,NA,NA
"run02_uniform_k1",8440,"DPP4",0.00143001137023646,NA,NA,NA
"run02_uniform_k1",8441,"TLR2",1.15981297473811e-05,NA,NA,NA
"run02_uniform_k1",8442,"METTL3",0,NA,NA,NA
"run02_uniform_k1",8443,"GRIN2A",0.000361526992004202,NA,NA,NA
"run02_uniform_k1",8444,"AXL",2.56876487623181e-05,NA,NA,NA
"run02_uniform_k1",8445,"CDK5",0.000348117516928759,NA,NA,NA
"run02_uniform_k1",8446,"ITGAL",2.85118848919463e-06,NA,NA,NA
"run02_uniform_k1",8447,"SKP2",4.435492915289e-06,NA,NA,NA
"run02_uniform_k1",8448,"KRAS",0.00012277649828063,NA,NA,NA
"run02_uniform_k1",8449,"LCP1",0.00205551981329799,NA,NA,NA
"run02_uniform_k1",8450,"AXIN1",1.08355886352385e-05,NA,NA,NA
"run02_uniform_k1",8451,"NISCH",0,NA,NA,NA
"run02_uniform_k1",8452,"AQP3",0,NA,NA,NA
"run02_uniform_k1",8453,"PHOSPHO1",8.36011896465649e-06,NA,NA,NA
"run02_uniform_k1",8454,"AMY2A",0,NA,NA,NA
"run02_uniform_k1",8455,"CCN2",1.134369344169e-05,NA,NA,NA
"run02_uniform_k1",8456,"GABRB3",0.000120726283226125,NA,NA,NA
"run02_uniform_k1",8457,"CACNA2D4",0,NA,NA,NA
"run02_uniform_k1",8458,"CALR",4.38793673526172e-05,NA,NA,NA
"run02_uniform_k1",8459,"CHRNA5",1.55794812480847e-05,NA,NA,NA
"run02_uniform_k1",8460,"EIF2S1",0.000110140192739028,NA,NA,NA
"run02_uniform_k1",8461,"TTK",1.26686474088977e-06,NA,NA,NA
"run02_uniform_k1",8462,"DLG2",0,NA,NA,NA
"run02_uniform_k1",8463,"DHRS3",0,NA,NA,NA
"run02_uniform_k1",8464,"NRF1",1.38741902355743e-05,NA,NA,NA
"run02_uniform_k1",8465,"SRC",0.0010396286840485,NA,NA,NA
"run02_uniform_k1",8466,"POR",3.92763746058788e-05,NA,NA,NA
"run02_uniform_k1",8467,"TNF",0.00134281467430086,NA,NA,NA
"run02_uniform_k1",8468,"GAS6",1.2544836703432e-05,NA,NA,NA
"run02_uniform_k1",8469,"ALAD",1.1590275771578e-05,NA,NA,NA
"run02_uniform_k1",8470,"CYP11B2",0.000106525313512962,NA,NA,NA
"run02_uniform_k1",8471,"KCNJ14",0,NA,NA,NA
"run02_uniform_k1",8472,"CASP3",0.000462575099730467,NA,NA,NA
"run02_uniform_k1",8473,"PTGER2",3.0407837517954e-06,NA,NA,NA
"run02_uniform_k1",8474,"SLC6A2",0,NA,NA,NA
"run02_uniform_k1",8475,"PDE4A",1.34575381137703e-05,NA,NA,NA
"run02_uniform_k1",8476,"CYP11B1",0,NA,NA,NA
"run02_uniform_k1",8477,"JAK2",0.000791453142699572,NA,NA,NA
"run02_uniform_k1",8478,"IL1A",0.00038306531858312,NA,NA,NA
"run02_uniform_k1",8479,"ACSL4",0,NA,NA,NA
"run02_uniform_k1",8480,"NOS2",2.38274351227474e-05,NA,NA,NA
"run02_uniform_k1",8481,"PCNA",0.000281828068793732,NA,NA,NA
"run02_uniform_k1",8482,"ADH7",0,NA,NA,NA
"run02_uniform_k1",8483,"NOS3",0.000136759922833574,NA,NA,NA
"run02_uniform_k1",8484,"RXRG",0,NA,NA,NA
"run02_uniform_k1",8485,"ALB",0.00274688176313465,NA,NA,NA
"run02_uniform_k1",8486,"EGFR",0.00376976574950694,NA,NA,NA
"run02_uniform_k1",8487,"TRPV1",0.00166711359586047,NA,NA,NA
"run02_uniform_k1",8488,"ACSL1",4.92269468655993e-05,NA,NA,NA
"run02_uniform_k1",8489,"HCRTR2",0,NA,NA,NA
"run02_uniform_k1",8490,"BGLAP",0.000139973984731978,NA,NA,NA
"run02_uniform_k1",8491,"NGF",7.00958583023104e-05,NA,NA,NA
"run02_uniform_k1",8492,"KCNE2",0,NA,NA,NA
"run02_uniform_k1",8493,"SLC7A2",0,NA,NA,NA
"run02_uniform_k1",8494,"GSR",0.00032731672891706,NA,NA,NA
"run02_uniform_k1",8495,"GFAP",0.000240332727610593,NA,NA,NA
"run02_uniform_k1",8496,"MMP11",6.33353078760557e-07,NA,NA,NA
"run02_uniform_k1",8497,"NDUFV2",0,NA,NA,NA
"run02_uniform_k1",8498,"CD14",0,NA,NA,NA
"run02_uniform_k1",8499,"SIGMAR1",0.000141138269685426,NA,NA,NA
"run02_uniform_k1",8500,"PTPN6",0,NA,NA,NA
"run02_uniform_k1",8501,"PAPSS2",2.08994383624761e-05,NA,NA,NA
"run02_uniform_k1",8502,"PDK1",0,NA,NA,NA
"run02_uniform_k1",8503,"SOAT1",2.72368448894778e-06,NA,NA,NA
"run02_uniform_k1",8504,"ATF2",1.14067009802099e-05,NA,NA,NA
"run02_uniform_k1",8505,"TNFRSF10B",0,NA,NA,NA
"run02_uniform_k1",8506,"AXIN2",0,NA,NA,NA
"run02_uniform_k1",8507,"GSK3B",0.000254805416997517,NA,NA,NA
"run02_uniform_k1",8508,"PTK2",8.5307122116185e-05,NA,NA,NA
"run02_uniform_k1",8509,"FGB",2.53425344454161e-06,NA,NA,NA
"run02_uniform_k1",8510,"CATSPER1",0,NA,NA,NA
"run02_uniform_k1",8511,"TIGAR",0,NA,NA,NA
"run02_uniform_k1",8512,"CYP2C19",1.83094707274511e-05,NA,NA,NA
"run02_uniform_k1",8513,"ADH1A",0,NA,NA,NA
"run02_uniform_k1",8514,"AGTR2",0,NA,NA,NA
"run02_uniform_k1",8515,"CACNG6",0,NA,NA,NA
"run02_uniform_k1",8516,"CHRNA3",2.85056538062989e-06,NA,NA,NA
"run02_uniform_k1",8517,"MAPK13",0,NA,NA,NA
"run02_uniform_k1",8518,"PTGER2",3.0407837517954e-06,NA,NA,NA
"run02_uniform_k1",8519,"CASP9",0,NA,NA,NA
"run02_uniform_k1",8520,"ATF3",8.55513091113647e-06,NA,NA,NA
"run02_uniform_k1",8521,"SLC5A1",1.62831065815272e-05,NA,NA,NA
"run02_uniform_k1",8522,"MAP1LC3A",0,NA,NA,NA
"run02_uniform_k1",8523,"NOS3",0.000136759922833574,NA,NA,NA
"run02_uniform_k1",8524,"ROS1",0,NA,NA,NA
"run02_uniform_k1",8525,"MMP2",1.88862703024428e-05,NA,NA,NA
"run02_uniform_k1",8526,"CHRNA2",0,NA,NA,NA
"run02_uniform_k1",8527,"RUNX1T1",0,NA,NA,NA
"run02_uniform_k1",8528,"GRIN2C",0,NA,NA,NA
"run02_uniform_k1",8529,"RB1",5.60807039972078e-05,NA,NA,NA
"run02_uniform_k1",8530,"SCN1A",4.8526600018195e-05,NA,NA,NA
"run02_uniform_k1",8531,"ABCG5",4.53604007359942e-05,NA,NA,NA
"run02_uniform_k1",8532,"MSI1",0,NA,NA,NA
"run02_uniform_k1",8533,"SCD",0.000143791042404695,NA,NA,NA
"run02_uniform_k1",8534,"ELK1",0,NA,NA,NA
"run02_uniform_k1",8535,"CRH",2.05295196740174e-05,NA,NA,NA
"run02_uniform_k1",8536,"CRBN",3.83289296229661e-05,NA,NA,NA
"run02_uniform_k1",8537,"CFLAR",6.33631245472444e-07,NA,NA,NA
"run02_uniform_k1",8538,"ABCA1",1.90091421303773e-06,NA,NA,NA
"run02_uniform_k1",8539,"ADRA2A",6.33347720935262e-07,NA,NA,NA
"run02_uniform_k1",8540,"GUSB",4.43396339928626e-05,NA,NA,NA
"run02_uniform_k1",8541,"UQCRC1",5.15309632885819e-05,NA,NA,NA
"run02_uniform_k1",8542,"IL5",0,NA,NA,NA
"run02_uniform_k1",8543,"IL6",0.00104909499545724,NA,NA,NA
"run02_uniform_k1",8544,"UQCRC1",5.15309632885819e-05,NA,NA,NA
"run02_uniform_k1",8545,"ZEB1",0,NA,NA,NA
"run02_uniform_k1",8546,"ADRB3",5.25856990074569e-06,NA,NA,NA
"run02_uniform_k1",8547,"AGTR2",0,NA,NA,NA
"run02_uniform_k1",8548,"SLC8A2",0,NA,NA,NA
"run02_uniform_k1",8549,"ARF6",0,NA,NA,NA
"run02_uniform_k1",8550,"NRF1",1.38741902355743e-05,NA,NA,NA
"run02_uniform_k1",8551,"HDAC10",0,NA,NA,NA
"run02_uniform_k1",8552,"CCK",1.36890006087187e-05,NA,NA,NA
"run02_uniform_k1",8553,"CACNA1I",0,NA,NA,NA
"run02_uniform_k1",8554,"ALDOA",1.76112505224646e-05,NA,NA,NA
"run02_uniform_k1",8555,"HTR3A",8.53896962736966e-05,NA,NA,NA
"run02_uniform_k1",8556,"TAT",6.1444352762341e-05,NA,NA,NA
"run02_uniform_k1",8557,"MAP2K7",3.16786999277063e-06,NA,NA,NA
"run02_uniform_k1",8558,"EREG",0,NA,NA,NA
"run02_uniform_k1",8559,"CALML5",7.42946995627713e-05,NA,NA,NA
"run02_uniform_k1",8560,"CACNA1D",0.00017135132572077,NA,NA,NA
"run02_uniform_k1",8561,"GP1BA",3.18056444478243e-05,NA,NA,NA
"run02_uniform_k1",8562,"DNMT1",4.56882288469851e-05,NA,NA,NA
"run02_uniform_k1",8563,"KCNJ2",0.00119679281819129,NA,NA,NA
"run02_uniform_k1",8564,"PRKCZ",0.00127837750571802,NA,NA,NA
"run02_uniform_k1",8565,"RXRB",3.7531212242814e-05,NA,NA,NA
"run02_uniform_k1",8566,"GABRA3",0,NA,NA,NA
"run02_uniform_k1",8567,"ACTG2",0,NA,NA,NA
"run02_uniform_k1",8568,"TNF",0.00134281467430086,NA,NA,NA
"run02_uniform_k1",8569,"ACACB",1.55840957074549e-05,NA,NA,NA
"run02_uniform_k1",8570,"REN",0.000113239453789604,NA,NA,NA
"run02_uniform_k1",8571,"NTRK1",3.04810969022906e-05,NA,NA,NA
"run02_uniform_k1",8572,"ARF5",0,NA,NA,NA
"run02_uniform_k1",8573,"ATP1A1",1.2671361954153e-06,NA,NA,NA
"run02_uniform_k1",8574,"CYP2E1",0.000529547743911452,NA,NA,NA
"run02_uniform_k1",8575,"CD36",0.000286748685116911,NA,NA,NA
"run02_uniform_k1",8576,"CTRC",0,NA,NA,NA
"run02_uniform_k1",8577,"FOXO1",0.000280307095370635,NA,NA,NA
"run02_uniform_k1",8578,"HDAC4",8.23760862456169e-06,NA,NA,NA
"run02_uniform_k1",8579,"TG",5.56234870203731e-05,NA,NA,NA
"run02_uniform_k1",8580,"KRAS",0.00012277649828063,NA,NA,NA
"run02_uniform_k1",8581,"ACP1",0,NA,NA,NA
"run02_uniform_k1",8582,"DSPP",0,NA,NA,NA
"run02_uniform_k1",8583,"HSP90AB1",4.19011535922609e-05,NA,NA,NA
"run02_uniform_k1",8584,"IRF1",0,NA,NA,NA
"run02_uniform_k1",8585,"NFATC3",3.48468834243665e-06,NA,NA,NA
"run02_uniform_k1",8586,"MAPK1",6.82101559971171e-05,NA,NA,NA
"run02_uniform_k1",8587,"CYP1A1",0.000371673359131575,NA,NA,NA
"run02_uniform_k1",8588,"FASLG",6.21033622971723e-06,NA,NA,NA
"run02_uniform_k1",8589,"KCNH7",0,NA,NA,NA
"run02_uniform_k1",8590,"MUC5AC",6.33425870422144e-07,NA,NA,NA
"run02_uniform_k1",8591,"GUSB",4.43396339928626e-05,NA,NA,NA
"run02_uniform_k1",8592,"HTR3A",8.53896962736966e-05,NA,NA,NA
"run02_uniform_k1",8593,"ADH1B",0,NA,NA,NA
"run02_uniform_k1",8594,"RBP1",1.67206208291359e-05,NA,NA,NA
"run02_uniform_k1",8595,"SLC8A1",0,NA,NA,NA
"run02_uniform_k1",8596,"AASS",1.96337880520314e-06,NA,NA,NA
"run02_uniform_k1",8597,"ABL1",0.000131212002905445,NA,NA,NA
"run02_uniform_k1",8598,"TOP2B",0,NA,NA,NA
"run02_uniform_k1",8599,"PCNA",0.000281828068793732,NA,NA,NA
"run02_uniform_k1",8600,"GPD1",0,NA,NA,NA
"run02_uniform_k1",8601,"MYD88",9.12615367376635e-06,NA,NA,NA
"run02_uniform_k1",8602,"AHR",1.17841620478343e-05,NA,NA,NA
"run02_uniform_k1",8603,"CASP9",0,NA,NA,NA
"run02_uniform_k1",8604,"SLC18A2",1.33665330134258e-05,NA,NA,NA
"run02_uniform_k1",8605,"CAV1",0.00188167408582673,NA,NA,NA
"run02_uniform_k1",8606,"TIMP2",0,NA,NA,NA
"run02_uniform_k1",8607,"DGAT1",0.000583801314570143,NA,NA,NA
"run02_uniform_k1",8608,"NOS1",0.000381812082027921,NA,NA,NA
"run02_uniform_k1",8609,"XPO1",1.66633213304346e-05,NA,NA,NA
"run02_uniform_k1",8610,"CACNG1",0,NA,NA,NA
"run02_uniform_k1",8611,"KCNN4",9.50269363275691e-06,NA,NA,NA
"run02_uniform_k1",8612,"GPER1",8.61720038791702e-06,NA,NA,NA
"run02_uniform_k1",8613,"EREG",0,NA,NA,NA
"run02_uniform_k1",8614,"HAS2",0,NA,NA,NA
"run02_uniform_k1",8615,"SLCO1A2",6.33397825744453e-07,NA,NA,NA
"run02_uniform_k1",8616,"TGFA",3.48528190785569e-06,NA,NA,NA
"run02_uniform_k1",8617,"MAPT",0.000248151462638568,NA,NA,NA
"run02_uniform_k1",8618,"XPO1",1.66633213304346e-05,NA,NA,NA
"run02_uniform_k1",8619,"GRIN1",6.96987215653699e-06,NA,NA,NA
"run02_uniform_k1",8620,"GABRB3",0.000120726283226125,NA,NA,NA
"run02_uniform_k1",8621,"PTGIS",1.23522684530863e-05,NA,NA,NA
"run02_uniform_k1",8622,"TIGAR",0,NA,NA,NA
"run02_uniform_k1",8623,"ORM2",0,NA,NA,NA
"run02_uniform_k1",8624,"ATG12",0,NA,NA,NA
"run02_uniform_k1",8625,"CCK",1.36890006087187e-05,NA,NA,NA
"run02_uniform_k1",8626,"LPCAT1",1.456721531512e-06,NA,NA,NA
"run02_uniform_k1",8627,"ADRA1B",0,NA,NA,NA
"run02_uniform_k1",8628,"RUNX2",0.000299161144537541,NA,NA,NA
"run02_uniform_k1",8629,"SLC47A1",0,NA,NA,NA
"run02_uniform_k1",8630,"PPID",0,NA,NA,NA
"run02_uniform_k1",8631,"POLB",0,NA,NA,NA
"run02_uniform_k1",8632,"ACTBL2",0,NA,NA,NA
"run02_uniform_k1",8633,"MDM2",4.86757533122439e-05,NA,NA,NA
"run02_uniform_k1",8634,"RXRB",3.7531212242814e-05,NA,NA,NA
"run02_uniform_k1",8635,"SKP2",4.435492915289e-06,NA,NA,NA
"run02_uniform_k1",8636,"CALCR",3.30019686509697e-05,NA,NA,NA
"run02_uniform_k1",8637,"CHRNA2",0,NA,NA,NA
"run02_uniform_k1",8638,"BID",6.01936829902616e-06,NA,NA,NA
"run02_uniform_k1",8639,"USP10",4.9733160998211e-05,NA,NA,NA
"run02_uniform_k1",8640,"KCNJ5",8.95444816781943e-05,NA,NA,NA
"run02_uniform_k1",8641,"SLC7A2",0,NA,NA,NA
"run02_uniform_k1",8642,"CYP19A1",0.000459651716543275,NA,NA,NA
"run02_uniform_k1",8643,"NLN",0,NA,NA,NA
"run02_uniform_k1",8644,"AXIN2",0,NA,NA,NA
"run02_uniform_k1",8645,"HBB",6.40684097101829e-05,NA,NA,NA
"run02_uniform_k1",8646,"PNRC2",0,NA,NA,NA
"run02_uniform_k1",8647,"AKT1",0.00346325271049452,NA,NA,NA
"run02_uniform_k1",8648,"GABRG3",0,NA,NA,NA
"run02_uniform_k1",8649,"TFRC",0.000239327299633385,NA,NA,NA
"run02_uniform_k1",8650,"TFAM",0,NA,NA,NA
"run02_uniform_k1",8651,"SLC18A2",1.33665330134258e-05,NA,NA,NA
"run02_uniform_k1",8652,"HK2",0.000296209764147126,NA,NA,NA
"run02_uniform_k1",8653,"CTSL",5.7015753640588e-06,NA,NA,NA
"run02_uniform_k1",8654,"TRPV1",0.00166711359586047,NA,NA,NA
"run02_uniform_k1",8655,"NPEPPS",0,NA,NA,NA
"run02_uniform_k1",8656,"LIPG",0,NA,NA,NA
"run02_uniform_k1",8657,"CLIP1",0,NA,NA,NA
"run02_uniform_k1",8658,"RYR1",8.59077355945814e-05,NA,NA,NA
"run02_uniform_k1",8659,"FGB",2.53425344454161e-06,NA,NA,NA
"run02_uniform_k1",8660,"CYP27C1",0,NA,NA,NA
"run02_uniform_k1",8661,"ADRA2C",1.26052450867276e-05,NA,NA,NA
"run02_uniform_k1",8662,"RASGRF1",5.25865086087318e-06,NA,NA,NA
"run02_uniform_k1",8663,"YAP1",2.37641275353528e-05,NA,NA,NA
"run02_uniform_k1",8664,"ALOX5",1.82447360282945e-05,NA,NA,NA
"run02_uniform_k1",8665,"VCAM1",2.14834315839241e-05,NA,NA,NA
"run02_uniform_k1",8666,"SERPINE1",0.000106720941403182,NA,NA,NA
"run02_uniform_k1",8667,"HTR1D",0,NA,NA,NA
"run02_uniform_k1",8668,"MAPK8",0.00014699135508045,NA,NA,NA
"run02_uniform_k1",8669,"FEN1",1.98912329634204e-05,NA,NA,NA
"run02_uniform_k1",8670,"HGF",0,NA,NA,NA
"run02_uniform_k1",8671,"RRM1",0.000117817230330219,NA,NA,NA
"run02_uniform_k1",8672,"HSD17B2",0,NA,NA,NA
"run02_uniform_k1",8673,"IL2",8.48661529537775e-05,NA,NA,NA
"run02_uniform_k1",8674,"JAK2",0.000791453142699572,NA,NA,NA
"run02_uniform_k1",8675,"CRP",0.00025559836793676,NA,NA,NA
"run02_uniform_k1",8676,"NCF2",1.00748274538542e-05,NA,NA,NA
"run02_uniform_k1",8677,"WEE1",0,NA,NA,NA
"run02_uniform_k1",8678,"PEMT",2.1976081664099e-05,NA,NA,NA
"run02_uniform_k1",8679,"LPL",0.000483720734164583,NA,NA,NA
"run02_uniform_k1",8680,"CALCR",3.30019686509697e-05,NA,NA,NA
"run02_uniform_k1",8681,"SCN8A",0,NA,NA,NA
"run02_uniform_k1",8682,"ALOX12",1.1402958573159e-05,NA,NA,NA
"run02_uniform_k1",8683,"NFATC1",5.51292228962996e-05,NA,NA,NA
"run02_uniform_k1",8684,"PDE6C",0,NA,NA,NA
"run02_uniform_k1",8685,"CHRM3",0,NA,NA,NA
"run02_uniform_k1",8686,"PTGES2",2.81266331965124e-05,NA,NA,NA
"run02_uniform_k1",8687,"MB",4.23248293774936e-05,NA,NA,NA
"run02_uniform_k1",8688,"HDAC10",0,NA,NA,NA
"run02_uniform_k1",8689,"APOE",0.000621735352925756,NA,NA,NA
"run02_uniform_k1",8690,"CPT1B",0,NA,NA,NA
"run02_uniform_k1",8691,"GLYAT",0,NA,NA,NA
"run02_uniform_k1",8692,"GABRA5",0,NA,NA,NA
"run02_uniform_k1",8693,"PRKCZ",0.00127837750571802,NA,NA,NA
"run02_uniform_k1",8694,"CACNA1I",0,NA,NA,NA
"run02_uniform_k1",8695,"GK",0.000406543096133638,NA,NA,NA
"run02_uniform_k1",8696,"SOX2",0.00140571719586968,NA,NA,NA
"run02_uniform_k1",8697,"SRC",0.0010396286840485,NA,NA,NA
"run02_uniform_k1",8698,"REN",0.000113239453789604,NA,NA,NA
"run02_uniform_k1",8699,"ATP5F1E",7.91669737976175e-06,NA,NA,NA
"run02_uniform_k1",8700,"RETSAT",0,NA,NA,NA
"run02_uniform_k1",8701,"SIGMAR1",0.000141138269685426,NA,NA,NA
"run02_uniform_k1",8702,"CCR7",5.06918390497102e-06,NA,NA,NA
"run02_uniform_k1",8703,"CHRNB3",0,NA,NA,NA
"run02_uniform_k1",8704,"COX6B1",0,NA,NA,NA
"run02_uniform_k1",8705,"CCND3",6.33604306909952e-07,NA,NA,NA
"run02_uniform_k1",8706,"AKT2",0,NA,NA,NA
"run02_uniform_k1",8707,"ACTR2",9.50262921906031e-06,NA,NA,NA
"run02_uniform_k1",8708,"BTK",0.000119272845312435,NA,NA,NA
"run02_uniform_k1",8709,"GLDC",4.87735973941916e-06,NA,NA,NA
"run02_uniform_k1",8710,"ADIPOQ",2.77581439246388e-05,NA,NA,NA
"run02_uniform_k1",8711,"GABRE",0,NA,NA,NA
"run02_uniform_k1",8712,"LYN",0.000110145713016818,NA,NA,NA
"run02_uniform_k1",8713,"IGF2",1.43217522315942e-05,NA,NA,NA
"run02_uniform_k1",8714,"SCN2B",0,NA,NA,NA
"run02_uniform_k1",8715,"CXCR4",0.000366755254582851,NA,NA,NA
"run02_uniform_k1",8716,"GLYAT",0,NA,NA,NA
"run02_uniform_k1",8717,"GABRP",0,NA,NA,NA
"run02_uniform_k1",8718,"FKBP1A",0.000367396925605612,NA,NA,NA
"run02_uniform_k1",8719,"GABRA2",5.10094626082758e-05,NA,NA,NA
"run02_uniform_k1",8720,"KCNJ9",0,NA,NA,NA
"run02_uniform_k1",8721,"LY96",0,NA,NA,NA
"run02_uniform_k1",8722,"CSF1",1.07725687046312e-05,NA,NA,NA
"run02_uniform_k1",8723,"SIGMAR1",0.000141138269685426,NA,NA,NA
"run02_uniform_k1",8724,"VCAM1",2.14834315839241e-05,NA,NA,NA
"run02_uniform_k1",8725,"GAS6",1.2544836703432e-05,NA,NA,NA
"run02_uniform_k1",8726,"AQP9",0,NA,NA,NA
"run02_uniform_k1",8727,"PTGS1",0.0001138588382259,NA,NA,NA
"run02_uniform_k1",8728,"DKK1",0,NA,NA,NA
"run02_uniform_k1",8729,"PPP3R1",0,NA,NA,NA
"run02_uniform_k1",8730,"PRKCI",0,NA,NA,NA
"run02_uniform_k1",8731,"SMO",0,NA,NA,NA
"run02_uniform_k1",8732,"KEAP1",8.90865911317151e-05,NA,NA,NA
"run02_uniform_k1",8733,"EGR1",5.67823039951953e-05,NA,NA,NA
"run02_uniform_k1",8734,"DDB1",2.07812890326009e-05,NA,NA,NA
"run02_uniform_k1",8735,"KLK3",0.00125308407979507,NA,NA,NA
"run02_uniform_k1",8736,"KCNA5",1.99569664441901e-05,NA,NA,NA
"run02_uniform_k1",8737,"SLC47A1",0,NA,NA,NA
"run02_uniform_k1",8738,"ARF3",1.01355586621388e-05,NA,NA,NA
"run02_uniform_k1",8739,"ADRA1B",0,NA,NA,NA
"run02_uniform_k1",8740,"CLDN5",3.48460731747213e-06,NA,NA,NA
"run02_uniform_k1",8741,"VKORC1L1",0,NA,NA,NA
"run02_uniform_k1",8742,"KCNC2",0,NA,NA,NA
"run02_uniform_k1",8743,"AMY2A",0,NA,NA,NA
"run02_uniform_k1",8744,"ALDOA",1.76112505224646e-05,NA,NA,NA
"run02_uniform_k1",8745,"FABP1",2.30624266933654e-05,NA,NA,NA
"run02_uniform_k1",8746,"DRD4",1.19735525129228e-05,NA,NA,NA
"run02_uniform_k1",8747,"PROS1",2.21693788693411e-06,NA,NA,NA
"run02_uniform_k1",8748,"F12",0,NA,NA,NA
"run02_uniform_k1",8749,"PTX3",0,NA,NA,NA
"run02_uniform_k1",8750,"IL1A",0.00038306531858312,NA,NA,NA
"run02_uniform_k1",8751,"POLB",0,NA,NA,NA
"run02_uniform_k1",8752,"TPO",1.92561135294866e-05,NA,NA,NA
"run02_uniform_k1",8753,"CACNA1E",0,NA,NA,NA
"run02_uniform_k1",8754,"CPT1A",1.49157660161992e-05,NA,NA,NA
"run02_uniform_k1",8755,"ALAS1",5.9411598420489e-05,NA,NA,NA
"run02_uniform_k1",8756,"SLC6A3",0.000164253248760127,NA,NA,NA
"run02_uniform_k1",8757,"HSPA4",0.000770336012735795,NA,NA,NA
"run02_uniform_k1",8758,"CASP6",1.26723751903146e-06,NA,NA,NA
"run02_uniform_k1",8759,"SNCA",0.000455106191969867,NA,NA,NA
"run02_uniform_k1",8760,"ALDOA",1.76112505224646e-05,NA,NA,NA
"run02_uniform_k1",8761,"HAMP",0.000187982524293195,NA,NA,NA
"run02_uniform_k1",8762,"SOD2",0.000296172336680667,NA,NA,NA
"run02_uniform_k1",8763,"SIGMAR1",0.000141138269685426,NA,NA,NA
"run02_uniform_k1",8764,"BMI1",2.14799290956247e-05,NA,NA,NA
"run02_uniform_k1",8765,"EPOR",4.26416671160945e-05,NA,NA,NA
"run02_uniform_k1",8766,"PDE4A",1.34575381137703e-05,NA,NA,NA
"run02_uniform_k1",8767,"CACNA1H",5.72384790692437e-05,NA,NA,NA
"run02_uniform_k1",8768,"CP",4.75143862451732e-05,NA,NA,NA
"run02_uniform_k1",8769,"CD83",0,NA,NA,NA
"run02_uniform_k1",8770,"PLA2G7",0.00013847975796788,NA,NA,NA
"run02_uniform_k1",8771,"NPEPPS",0,NA,NA,NA
"run02_uniform_k1",8772,"CRTC1",0,NA,NA,NA
"run02_uniform_k1",8773,"LRAT",5.06328770298881e-05,NA,NA,NA
"run02_uniform_k1",8774,"SLC6A3",0.000164253248760127,NA,NA,NA
"run02_uniform_k1",8775,"SRR",0,NA,NA,NA
"run02_uniform_k1",8776,"PRKAG2",0.00023019859617357,NA,NA,NA
"run02_uniform_k1",8777,"PCOLCE",0,NA,NA,NA
"run02_uniform_k1",8778,"APOB",0.000254184152158166,NA,NA,NA
"run02_uniform_k1",8779,"POU5F1",3.4853680447311e-06,NA,NA,NA
"run02_uniform_k1",8780,"NCOA2",3.54820525111377e-05,NA,NA,NA
"run02_uniform_k1",8781,"OLR1",0,NA,NA,NA
"run02_uniform_k1",8782,"PLAT",2.05933169041828e-05,NA,NA,NA
"run02_uniform_k1",8783,"RAB5A",9.06001518752308e-06,NA,NA,NA
"run02_uniform_k1",8784,"KCNC3",0,NA,NA,NA
"run02_uniform_k1",8785,"SLC11A2",1.77338485018996e-06,NA,NA,NA
"run02_uniform_k1",8786,"GSTM1",0.000122658682697341,NA,NA,NA
"run02_uniform_k1",8787,"NRF1",1.38741902355743e-05,NA,NA,NA
"run02_uniform_k1",8788,"S100A8",5.866975145008e-05,NA,NA,NA
"run02_uniform_k1",8789,"PPIF",5.98208087934093e-05,NA,NA,NA
"run02_uniform_k1",8790,"DLG1",6.50075176803488e-05,NA,NA,NA
"run02_uniform_k1",8791,"POMC",0.00149342435047795,NA,NA,NA
"run02_uniform_k1",8792,"CDK5",0.000348117516928759,NA,NA,NA
"run02_uniform_k1",8793,"CDKN1A",2.78509173701202e-05,NA,NA,NA
"run02_uniform_k1",8794,"KCNE2",0,NA,NA,NA
"run02_uniform_k1",8795,"VWF",5.62078033525815e-05,NA,NA,NA
"run02_uniform_k1",8796,"ABCB1",2.07166464523123e-05,NA,NA,NA
"run02_uniform_k1",8797,"RXRB",3.7531212242814e-05,NA,NA,NA
"run02_uniform_k1",8798,"CREB1",0.000475073453506725,NA,NA,NA
"run02_uniform_k1",8799,"DNPEP",0,NA,NA,NA
"run02_uniform_k1",8800,"GAD1",0.000786829139807432,NA,NA,NA
"run02_uniform_k1",8801,"INS",0.00437927624027923,NA,NA,NA
"run02_uniform_k1",8802,"FOXM1",1.90088265561439e-06,NA,NA,NA
"run02_uniform_k1",8803,"AHCYL1",1.90022934498657e-06,NA,NA,NA
"run02_uniform_k1",8804,"AQP3",0,NA,NA,NA
"run02_uniform_k1",8805,"IL2",8.48661529537775e-05,NA,NA,NA
"run02_uniform_k1",8806,"SMAD2",3.42235274195524e-05,NA,NA,NA
"run02_uniform_k1",8807,"GPR83",0,NA,NA,NA
"run02_uniform_k1",8808,"SHANK1",1.22897159903212e-05,NA,NA,NA
"run02_uniform_k1",8809,"IL4",0.000213216805235672,NA,NA,NA
"run02_uniform_k1",8810,"TNFRSF9",0,NA,NA,NA
"run02_uniform_k1",8811,"AQP1",7.97847562783449e-06,NA,NA,NA
"run02_uniform_k1",8812,"CYP26C1",0,NA,NA,NA
"run02_uniform_k1",8813,"PBK",1.43184911400862e-05,NA,NA,NA
"run02_uniform_k1",8814,"CYP51A1",3.41436506348103e-05,NA,NA,NA
"run02_uniform_k1",8815,"RELA",8.98188410365375e-05,NA,NA,NA
"run02_uniform_k1",8816,"SCN2B",0,NA,NA,NA
"run02_uniform_k1",8817,"ACSL1",4.92269468655993e-05,NA,NA,NA
"run02_uniform_k1",8818,"KCND1",0,NA,NA,NA
"run02_uniform_k1",8819,"PRDX5",0,NA,NA,NA
"run02_uniform_k1",8820,"CA1",4.61079535398756e-05,NA,NA,NA
"run02_uniform_k1",8821,"HSD11B1",5.68914811439614e-05,NA,NA,NA
"run02_uniform_k1",8822,"GRIN2A",0.000361526992004202,NA,NA,NA
"run02_uniform_k1",8823,"SIRT3",7.24858712728427e-05,NA,NA,NA
"run02_uniform_k1",8824,"DHCR7",7.41792346372616e-05,NA,NA,NA
"run02_uniform_k1",8825,"UGT2B4",1.61543980341516e-05,NA,NA,NA
"run02_uniform_k1",8826,"GABRQ",0,NA,NA,NA
"run02_uniform_k1",8827,"ABCB11",0,NA,NA,NA
"run02_uniform_k1",8828,"HCN4",0.00104282749963691,NA,NA,NA
"run02_uniform_k1",8829,"PTPN1",3.86549374464806e-06,NA,NA,NA
"run02_uniform_k1",8830,"PTP4A1",0,NA,NA,NA
"run02_uniform_k1",8831,"PDK1",0,NA,NA,NA
"run02_uniform_k1",8832,"CXADR",1.64676675717956e-06,NA,NA,NA
"run02_uniform_k1",8833,"SIGMAR1",0.000141138269685426,NA,NA,NA
"run02_uniform_k1",8834,"SHANK1",1.22897159903212e-05,NA,NA,NA
"run02_uniform_k1",8835,"GSK3B",0.000254805416997517,NA,NA,NA
"run02_uniform_k1",8836,"REN",0.000113239453789604,NA,NA,NA
"run02_uniform_k1",8837,"ARF6",0,NA,NA,NA
"run02_uniform_k1",8838,"ACP1",0,NA,NA,NA
"run02_uniform_k1",8839,"LRIG1",0,NA,NA,NA
"run02_uniform_k1",8840,"PPIF",5.98208087934093e-05,NA,NA,NA
"run02_uniform_k1",8841,"ZEB1",0,NA,NA,NA
"run02_uniform_k1",8842,"PCYT1B",0,NA,NA,NA
"run02_uniform_k1",8843,"SCN8A",0,NA,NA,NA
"run02_uniform_k1",8844,"PPARA",0.00137693094911007,NA,NA,NA
"run02_uniform_k1",8845,"CYP11B2",0.000106525313512962,NA,NA,NA
"run02_uniform_k1",8846,"CPT1C",0,NA,NA,NA
"run02_uniform_k1",8847,"OR51E1",0,NA,NA,NA
"run02_uniform_k1",8848,"PLAT",2.05933169041828e-05,NA,NA,NA
"run02_uniform_k1",8849,"XPO1",1.66633213304346e-05,NA,NA,NA
"run02_uniform_k1",8850,"COL1A1",0.000181222784889745,NA,NA,NA
"run02_uniform_k1",8851,"TUBA1C",0,NA,NA,NA
"run02_uniform_k1",8852,"CYP51A1",3.41436506348103e-05,NA,NA,NA
"run02_uniform_k1",8853,"PTEN",0.000112385888386912,NA,NA,NA
"run02_uniform_k1",8854,"GABRG1",0,NA,NA,NA
"run02_uniform_k1",8855,"PPP2CA",7.29428022572254e-05,NA,NA,NA
"run02_uniform_k1",8856,"ANXA5",7.92192003495895e-06,NA,NA,NA
"run02_uniform_k1",8857,"ADAMTS5",0,NA,NA,NA
"run02_uniform_k1",8858,"ABCA7",0,NA,NA,NA
"run02_uniform_k1",8859,"EIF4EBP1",0,NA,NA,NA
"run02_uniform_k1",8860,"SMO",0,NA,NA,NA
"run02_uniform_k1",8861,"CPT1B",0,NA,NA,NA
"run02_uniform_k1",8862,"GLDC",4.87735973941916e-06,NA,NA,NA
"run02_uniform_k1",8863,"PCYT1B",0,NA,NA,NA
"run02_uniform_k1",8864,"CMA1",0,NA,NA,NA
"run02_uniform_k1",8865,"AIMP2",0,NA,NA,NA
"run02_uniform_k1",8866,"ADIPOQ",2.77581439246388e-05,NA,NA,NA
"run02_uniform_k1",8867,"AIMP2",0,NA,NA,NA
"run02_uniform_k1",8868,"MAPK13",0,NA,NA,NA
"run02_uniform_k1",8869,"ELOVL4",0,NA,NA,NA
"run02_uniform_k1",8870,"E2F1",6.05857808446686e-05,NA,NA,NA
"run02_uniform_k1",8871,"CS",0.000203624857343709,NA,NA,NA
"run02_uniform_k1",8872,"PRDX1",5.7026663956572e-06,NA,NA,NA
"run02_uniform_k1",8873,"CD14",0,NA,NA,NA
"run02_uniform_k1",8874,"CYP7B1",5.06699999092142e-06,NA,NA,NA
"run02_uniform_k1",8875,"ADH7",0,NA,NA,NA
"run02_uniform_k1",8876,"IMPDH1",3.87605638363375e-05,NA,NA,NA
"run02_uniform_k1",8877,"MMP11",6.33353078760557e-07,NA,NA,NA
"run02_uniform_k1",8878,"PLA2G7",0.00013847975796788,NA,NA,NA
"run02_uniform_k1",8879,"TRPV2",1.87502442750009e-05,NA,NA,NA
"run02_uniform_k1",8880,"AASS",1.96337880520314e-06,NA,NA,NA
"run02_uniform_k1",8881,"CA2",1.50098666125142e-05,NA,NA,NA
"run02_uniform_k1",8882,"CPT1B",0,NA,NA,NA
"run02_uniform_k1",8883,"DYSF",0.00102310635249714,NA,NA,NA
"run02_uniform_k1",8884,"UCP2",2.4330049283483e-05,NA,NA,NA
"run02_uniform_k1",8885,"DNM1L",6.33522741710912e-07,NA,NA,NA
"run02_uniform_k1",8886,"CHRNA10",0,NA,NA,NA
"run02_uniform_k1",8887,"TG",5.56234870203731e-05,NA,NA,NA
"run02_uniform_k1",8888,"CXCL2",0,NA,NA,NA
"run02_uniform_k1",8889,"GUSB",4.43396339928626e-05,NA,NA,NA
"run02_uniform_k1",8890,"CAPN10",0.000977887184816284,NA,NA,NA
"run02_uniform_k1",8891,"DNPEP",0,NA,NA,NA
"run02_uniform_k1",8892,"AKR1A1",6.17051045759265e-06,NA,NA,NA
"run02_uniform_k1",8893,"CXCL13",0,NA,NA,NA
"run02_uniform_k1",8894,"MAP2K7",3.16786999277063e-06,NA,NA,NA
"run02_uniform_k1",8895,"NOD2",2.72727341009693e-05,NA,NA,NA
"run02_uniform_k1",8896,"PPP2CA",7.29428022572254e-05,NA,NA,NA
"run02_uniform_k1",8897,"NOD2",2.72727341009693e-05,NA,NA,NA
"run02_uniform_k1",8898,"ACP1",0,NA,NA,NA
"run02_uniform_k1",8899,"HAMP",0.000187982524293195,NA,NA,NA
"run02_uniform_k1",8900,"GSK3B",0.000254805416997517,NA,NA,NA
"run02_uniform_k1",8901,"YY1",6.08348672959114e-06,NA,NA,NA
"run02_uniform_k1",8902,"CXCL1",0,NA,NA,NA
"run02_uniform_k1",8903,"F12",0,NA,NA,NA
"run02_uniform_k1",8904,"PNPLA2",2.72449938232278e-06,NA,NA,NA
"run02_uniform_k1",8905,"FGF1",4.22001056762378e-05,NA,NA,NA
"run02_uniform_k1",8906,"TUBB",0.000162866051467092,NA,NA,NA
"run02_uniform_k1",8907,"NR1H2",0,NA,NA,NA
"run02_uniform_k1",8908,"TRPM3",0,NA,NA,NA
"run02_uniform_k1",8909,"IGFBP6",0,NA,NA,NA
"run02_uniform_k1",8910,"MAP1LC3B",8.68078161708752e-06,NA,NA,NA
"run02_uniform_k1",8911,"APRT",5.32709672381726e-05,NA,NA,NA
"run02_uniform_k1",8912,"ACSS2",8.1011205171122e-05,NA,NA,NA
"run02_uniform_k1",8913,"CACNB1",0,NA,NA,NA
"run02_uniform_k1",8914,"MAOA",0.000132428913549143,NA,NA,NA
"run02_uniform_k1",8915,"BIRC5",3.23786530762593e-05,NA,NA,NA
"run02_uniform_k1",8916,"TIMP2",0,NA,NA,NA
"run02_uniform_k1",8917,"DRD2",0.000217393825030943,NA,NA,NA
"run02_uniform_k1",8918,"CHRNA5",1.55794812480847e-05,NA,NA,NA
"run02_uniform_k1",8919,"FGB",2.53425344454161e-06,NA,NA,NA
"run02_uniform_k1",8920,"BACE1",5.67015318772013e-05,NA,NA,NA
"run02_uniform_k1",8921,"HDAC11",2.40710719945358e-06,NA,NA,NA
"run02_uniform_k1",8922,"GLP1R",3.86497402737884e-06,NA,NA,NA
"run02_uniform_k1",8923,"SCN1B",0.00123489854843939,NA,NA,NA
"run02_uniform_k1",8924,"PNRC2",0,NA,NA,NA
"run02_uniform_k1",8925,"NR1H2",0,NA,NA,NA
"run02_uniform_k1",8926,"CYP1A2",5.25226389015421e-05,NA,NA,NA
"run02_uniform_k1",8927,"AKR1B1",1.36198355478179e-05,NA,NA,NA
"run02_uniform_k1",8928,"BCL2",0.00028337947071766,NA,NA,NA
"run02_uniform_k1",8929,"SHBG",3.16169811188649e-05,NA,NA,NA
"run02_uniform_k1",8930,"HIF1AN",8.74219236624008e-06,NA,NA,NA
"run02_uniform_k1",8931,"GLB1",8.47570012040277e-05,NA,NA,NA
"run02_uniform_k1",8932,"AGTR1",7.87895413547623e-05,NA,NA,NA
"run02_uniform_k1",8933,"ROS1",0,NA,NA,NA
"run02_uniform_k1",8934,"CAMK4",1.22274351069818e-05,NA,NA,NA
"run02_uniform_k1",8935,"ADORA2B",0,NA,NA,NA
"run02_uniform_k1",8936,"RAB5A",9.06001518752308e-06,NA,NA,NA
"run02_uniform_k1",8937,"PRKAB1",0,NA,NA,NA
"run02_uniform_k1",8938,"APRT",5.32709672381726e-05,NA,NA,NA
"run02_uniform_k1",8939,"APOE",0.000621735352925756,NA,NA,NA
"run02_uniform_k1",8940,"HTR2C",1.81821061465692e-05,NA,NA,NA
"run02_uniform_k1",8941,"WEE1",0,NA,NA,NA
"run02_uniform_k1",8942,"PLD1",0,NA,NA,NA
"run02_uniform_k1",8943,"CYP2A6",0.000367474741212792,NA,NA,NA
"run02_uniform_k1",8944,"PIK3CD",0,NA,NA,NA
"run02_uniform_k1",8945,"IDE",1.32413576375834e-05,NA,NA,NA
"run02_uniform_k1",8946,"EGLN1",1.90063023630671e-06,NA,NA,NA
"run02_uniform_k1",8947,"HTR1B",2.2171580924546e-06,NA,NA,NA
"run02_uniform_k1",8948,"APOM",0,NA,NA,NA
"run02_uniform_k1",8949,"ASPA",0,NA,NA,NA
"run02_uniform_k1",8950,"CYP27C1",0,NA,NA,NA
"run02_uniform_k1",8951,"ATR",0,NA,NA,NA
"run02_uniform_k1",8952,"HSD3B1",7.1585802265961e-06,NA,NA,NA
"run02_uniform_k1",8953,"CREB1",0.000475073453506725,NA,NA,NA
"run02_uniform_k1",8954,"MOCOS",1.83708339053235e-05,NA,NA,NA
"run02_uniform_k1",8955,"TTK",1.26686474088977e-06,NA,NA,NA
"run02_uniform_k1",8956,"PPP2CB",0,NA,NA,NA
"run02_uniform_k1",8957,"GAD1",0.000786829139807432,NA,NA,NA
"run02_uniform_k1",8958,"UCHL1",0,NA,NA,NA
"run02_uniform_k1",8959,"PRKDC",3.48518119952512e-06,NA,NA,NA
"run02_uniform_k1",8960,"PLAT",2.05933169041828e-05,NA,NA,NA
"run02_uniform_k1",8961,"XBP1",0.00130705850242441,NA,NA,NA
"run02_uniform_k1",8962,"F2RL1",1.81154153372498e-05,NA,NA,NA
"run02_uniform_k1",8963,"SMAD1",0,NA,NA,NA
"run02_uniform_k1",8964,"HTR6",2.29298407665723e-05,NA,NA,NA
"run02_uniform_k1",8965,"AHSA1",0,NA,NA,NA
"run02_uniform_k1",8966,"SOX2",0.00140571719586968,NA,NA,NA
"run02_uniform_k1",8967,"CLEC4E",0,NA,NA,NA
"run02_uniform_k1",8968,"BCHE",1.59661831168334e-05,NA,NA,NA
"run02_uniform_k1",8969,"CHRNA5",1.55794812480847e-05,NA,NA,NA
"run02_uniform_k1",8970,"TP73",6.33561354046464e-07,NA,NA,NA
"run02_uniform_k1",8971,"CHEK2",2.4076159734765e-06,NA,NA,NA
"run02_uniform_k1",8972,"PTGDR2",6.33406652128521e-07,NA,NA,NA
"run02_uniform_k1",8973,"ABCC9",1.45674367513227e-06,NA,NA,NA
"run02_uniform_k1",8974,"POR",3.92763746058788e-05,NA,NA,NA
"run02_uniform_k1",8975,"ARRDC3",6.33407013395093e-07,NA,NA,NA
"run02_uniform_k1",8976,"CD163",2.80685125135793e-05,NA,NA,NA
"run02_uniform_k1",8977,"VKORC1L1",0,NA,NA,NA
"run02_uniform_k1",8978,"PDE5A",1.15913843198312e-05,NA,NA,NA
"run02_uniform_k1",8979,"SLC10A1",8.11595436944756e-05,NA,NA,NA
"run02_uniform_k1",8980,"CYP26C1",0,NA,NA,NA
"run02_uniform_k1",8981,"LYZ",0,NA,NA,NA
"run02_uniform_k1",8982,"APOE",0.000621735352925756,NA,NA,NA
"run02_uniform_k1",8983,"IMPDH2",1.60872446202109e-05,NA,NA,NA
"run02_uniform_k1",8984,"FOSL2",0,NA,NA,NA
"run02_uniform_k1",8985,"ACACA",7.98311027262466e-05,NA,NA,NA
"run02_uniform_k1",8986,"COL7A1",0,NA,NA,NA
"run02_uniform_k1",8987,"TNFRSF1A",1.26749186291075e-05,NA,NA,NA
"run02_uniform_k1",8988,"NFKB1",0.000211104315194666,NA,NA,NA
"run02_uniform_k1",8989,"GPR35",0,NA,NA,NA
"run02_uniform_k1",8990,"CYP51A1",3.41436506348103e-05,NA,NA,NA
"run02_uniform_k1",8991,"SCN11A",4.43375248559974e-06,NA,NA,NA
"run02_uniform_k1",8992,"PDE2A",0,NA,NA,NA
"run02_uniform_k1",8993,"KCNH2",0.000463751185241779,NA,NA,NA
"run02_uniform_k1",8994,"CDK2",1.73911829558504e-05,NA,NA,NA
"run02_uniform_k1",8995,"NPPA",7.28658572474172e-05,NA,NA,NA
"run02_uniform_k1",8996,"CASP3",0.000462575099730467,NA,NA,NA
"run02_uniform_k1",8997,"RASGRF1",5.25865086087318e-06,NA,NA,NA
"run02_uniform_k1",8998,"SRI",0,NA,NA,NA
"run02_uniform_k1",8999,"DRD3",0,NA,NA,NA
"run02_uniform_k1",9000,"YY1",6.08348672959114e-06,NA,NA,NA
"run02_uniform_k1",9001,"CRTC1",0,NA,NA,NA
"run02_uniform_k1",9002,"LEF1",5.06903005115245e-06,NA,NA,NA
"run02_uniform_k1",9003,"SLC2A4",1.81861109559422e-05,NA,NA,NA
"run02_uniform_k1",9004,"MB",4.23248293774936e-05,NA,NA,NA
"run02_uniform_k1",9005,"CACNB2",2.53388741833227e-06,NA,NA,NA
"run02_uniform_k1",9006,"KCNE2",0,NA,NA,NA
"run02_uniform_k1",9007,"TFRC",0.000239327299633385,NA,NA,NA
"run02_uniform_k1",9008,"DRD3",0,NA,NA,NA
"run02_uniform_k1",9009,"SRI",0,NA,NA,NA
"run02_uniform_k1",9010,"LPL",0.000483720734164583,NA,NA,NA
"run02_uniform_k1",9011,"EGR1",5.67823039951953e-05,NA,NA,NA
"run02_uniform_k1",9012,"TGFB1",0.000170827591538192,NA,NA,NA
"run02_uniform_k1",9013,"SIRT6",5.06879720008069e-06,NA,NA,NA
"run02_uniform_k1",9014,"LCP1",0.00205551981329799,NA,NA,NA
"run02_uniform_k1",9015,"APP",0.00112835552814228,NA,NA,NA
"run02_uniform_k1",9016,"GABRA5",0,NA,NA,NA
"run02_uniform_k1",9017,"CSF2",1.26743081751979e-06,NA,NA,NA
"run02_uniform_k1",9018,"PENK",0,NA,NA,NA
"run02_uniform_k1",9019,"SYK",5.32926492629038e-05,NA,NA,NA
"run02_uniform_k1",9020,"UGT1A3",1.26699491542759e-06,NA,NA,NA
"run02_uniform_k1",9021,"HSPA1B",2.53472574274216e-06,NA,NA,NA
"run02_uniform_k1",9022,"HSF1",0,NA,NA,NA
"run02_uniform_k1",9023,"RORA",0.00130690437409919,NA,NA,NA
"run02_uniform_k1",9024,"CASP3",0.000462575099730467,NA,NA,NA
"run02_uniform_k1",9025,"GGPS1",0,NA,NA,NA
"run02_uniform_k1",9026,"PRKCE",5.79752275315926e-05,NA,NA,NA
"run02_uniform_k1",9027,"ACTBL2",0,NA,NA,NA
"run02_uniform_k1",9028,"CAV1",0.00188167408582673,NA,NA,NA
"run02_uniform_k1",9029,"PTGS1",0.0001138588382259,NA,NA,NA
"run02_uniform_k1",9030,"BAD",6.33634698421481e-06,NA,NA,NA
"run02_uniform_k1",9031,"HNF4A",0.000115908516808982,NA,NA,NA
"run02_uniform_k1",9032,"E2F1",6.05857808446686e-05,NA,NA,NA
"run02_uniform_k1",9033,"TF",8.42569713455088e-06,NA,NA,NA
"run02_uniform_k1",9034,"ITGB3",8.18152205451783e-05,NA,NA,NA
"run02_uniform_k1",9035,"AGTR2",0,NA,NA,NA
"run02_uniform_k1",9036,"CRTC2",2.09096071963621e-05,NA,NA,NA
"run02_uniform_k1",9037,"CRBN",3.83289296229661e-05,NA,NA,NA
"run02_uniform_k1",9038,"KCND1",0,NA,NA,NA
"run02_uniform_k1",9039,"IL18",2.23696138260676e-05,NA,NA,NA
"run02_uniform_k1",9040,"HSP90AB1",4.19011535922609e-05,NA,NA,NA
"run02_uniform_k1",9041,"ABCB11",0,NA,NA,NA
"run02_uniform_k1",9042,"ACTBL2",0,NA,NA,NA
"run02_uniform_k1",9043,"ITPR2",6.33550958140106e-07,NA,NA,NA
"run02_uniform_k1",9044,"GPBAR1",0.00120167517532488,NA,NA,NA
"run02_uniform_k1",9045,"XDH",0.000207347108110545,NA,NA,NA
"run02_uniform_k1",9046,"ERN1",4.11862188642864e-06,NA,NA,NA
"run02_uniform_k1",9047,"NFATC2",1.95162479730282e-05,NA,NA,NA
"run02_uniform_k1",9048,"SIRT1",0.000506319994551752,NA,NA,NA
"run02_uniform_k1",9049,"CXCR4",0.000366755254582851,NA,NA,NA
"run02_uniform_k1",9050,"CAMK4",1.22274351069818e-05,NA,NA,NA
"run02_uniform_k1",9051,"CPS1",1.2666988915111e-05,NA,NA,NA
"run02_uniform_k1",9052,"PRKAA1",2.85143022038525e-06,NA,NA,NA
"run02_uniform_k1",9053,"ADAMTS4",0,NA,NA,NA
"run02_uniform_k1",9054,"SCN11A",4.43375248559974e-06,NA,NA,NA
"run02_uniform_k1",9055,"TUBA1B",0,NA,NA,NA
"run02_uniform_k1",9056,"ARF5",0,NA,NA,NA
"run02_uniform_k1",9057,"HDAC10",0,NA,NA,NA
"run02_uniform_k1",9058,"COMT",0.000258432034107248,NA,NA,NA
"run02_uniform_k1",9059,"BAD",6.33634698421481e-06,NA,NA,NA
"run02_uniform_k1",9060,"AIFM1",1.58347085155164e-06,NA,NA,NA
"run02_uniform_k1",9061,"GLUD1",0.00010300883354164,NA,NA,NA
"run02_uniform_k1",9062,"CACNG2",5.72736887810565e-05,NA,NA,NA
"run02_uniform_k1",9063,"DLG3",1.07692098152423e-05,NA,NA,NA
"run02_uniform_k1",9064,"GANAB",0,NA,NA,NA
"run02_uniform_k1",9065,"MAP3K7",0.000279295362734966,NA,NA,NA
"run02_uniform_k1",9066,"HPRT1",0.00041877379526456,NA,NA,NA
"run02_uniform_k1",9067,"PHOSPHO1",8.36011896465649e-06,NA,NA,NA
"run02_uniform_k1",9068,"BCAT2",2.6019618702966e-05,NA,NA,NA
"run02_uniform_k1",9069,"GLO1",4.94041980381166e-06,NA,NA,NA
"run02_uniform_k1",9070,"RPS6KA3",0,NA,NA,NA
"run02_uniform_k1",9071,"HSD11B1",5.68914811439614e-05,NA,NA,NA
"run02_uniform_k1",9072,"BIRC5",3.23786530762593e-05,NA,NA,NA
"run02_uniform_k1",9073,"SKP2",4.435492915289e-06,NA,NA,NA
"run02_uniform_k1",9074,"TOP1",1.90060302329709e-06,NA,NA,NA
"run02_uniform_k1",9075,"CSF1",1.07725687046312e-05,NA,NA,NA
"run02_uniform_k1",9076,"FGFR2",9.18874357280774e-06,NA,NA,NA
"run02_uniform_k1",9077,"AKR1A1",6.17051045759265e-06,NA,NA,NA
"run02_uniform_k1",9078,"IL36A",0,NA,NA,NA
"run02_uniform_k1",9079,"ALDH1A3",0,NA,NA,NA
"run02_uniform_k1",9080,"PDK1",0,NA,NA,NA
"run02_uniform_k1",9081,"AMY1B",0.00114246836222298,NA,NA,NA
"run02_uniform_k1",9082,"RUNX3",2.26216416990832e-05,NA,NA,NA
"run02_uniform_k1",9083,"ADRA1B",0,NA,NA,NA
"run02_uniform_k1",9084,"ADORA2B",0,NA,NA,NA
"run02_uniform_k1",9085,"MYB",0,NA,NA,NA
"run02_uniform_k1",9086,"GK",0.000406543096133638,NA,NA,NA
"run02_uniform_k1",9087,"KCNMB4",0,NA,NA,NA
"run02_uniform_k1",9088,"DCK",6.65095605247856e-05,NA,NA,NA
"run02_uniform_k1",9089,"BTK",0.000119272845312435,NA,NA,NA
"run02_uniform_k1",9090,"CRK",6.33660876869779e-06,NA,NA,NA
"run02_uniform_k1",9091,"GNMT",0,NA,NA,NA
"run02_uniform_k1",9092,"SCN1B",0.00123489854843939,NA,NA,NA
"run02_uniform_k1",9093,"MGLL",0.000230459075350131,NA,NA,NA
"run02_uniform_k1",9094,"NEU1",0,NA,NA,NA
"run02_uniform_k1",9095,"POLE",6.84091707048307e-06,NA,NA,NA
"run02_uniform_k1",9096,"VEGFC",0,NA,NA,NA
"run02_uniform_k1",9097,"IRF1",0,NA,NA,NA
"run02_uniform_k1",9098,"SCN11A",4.43375248559974e-06,NA,NA,NA
"run02_uniform_k1",9099,"HSD3B2",2.44539251612608e-05,NA,NA,NA
"run02_uniform_k1",9100,"MMP9",0.000204115785623737,NA,NA,NA
"run02_uniform_k1",9101,"CNR1",0.000234330328976462,NA,NA,NA
"run02_uniform_k1",9102,"CDT1",1.38729255214631e-05,NA,NA,NA
"run02_uniform_k1",9103,"BCL2L1",5.13395632928404e-05,NA,NA,NA
"run02_uniform_k1",9104,"DNPEP",0,NA,NA,NA
"run02_uniform_k1",9105,"KCNH7",0,NA,NA,NA
"run02_uniform_k1",9106,"HPRT1",0.00041877379526456,NA,NA,NA
"run02_uniform_k1",9107,"ATG5",1.93264314094499e-05,NA,NA,NA
"run02_uniform_k1",9108,"CYP1B1",1.26701867375623e-06,NA,NA,NA
"run02_uniform_k1",9109,"DNPEP",0,NA,NA,NA
"run02_uniform_k1",9110,"SRPK1",0.00108816969760961,NA,NA,NA
"run02_uniform_k1",9111,"SULT2A1",1.31748566971623e-05,NA,NA,NA
"run02_uniform_k1",9112,"ADH5",7.50101523409041e-05,NA,NA,NA
"run02_uniform_k1",9113,"CALM3",0.000527160893726952,NA,NA,NA
"run02_uniform_k1",9114,"GABRA5",0,NA,NA,NA
"run02_uniform_k1",9115,"CCND3",6.33604306909952e-07,NA,NA,NA
"run02_uniform_k1",9116,"PLD1",0,NA,NA,NA
"run02_uniform_k1",9117,"CKB",5.32096942710281e-05,NA,NA,NA
"run02_uniform_k1",9118,"MAPK8",0.00014699135508045,NA,NA,NA
"run02_uniform_k1",9119,"ATF5",6.59972627514716e-05,NA,NA,NA
"run02_uniform_k1",9120,"SMAD7",1.26728738392146e-06,NA,NA,NA
"run02_uniform_k1",9121,"RDH5",1.18445408441303e-05,NA,NA,NA
"run02_uniform_k1",9122,"RASGRF1",5.25865086087318e-06,NA,NA,NA
"run02_uniform_k1",9123,"SLC8A2",0,NA,NA,NA
"run02_uniform_k1",9124,"AFP",5.4874124395865e-05,NA,NA,NA
"run02_uniform_k1",9125,"EGF",0.000230000691015642,NA,NA,NA
"run02_uniform_k1",9126,"ACE",0.00145679149577593,NA,NA,NA
"run02_uniform_k1",9127,"SLC2A1",0.000140046836469954,NA,NA,NA
"run02_uniform_k1",9128,"MAP3K5",7.04706361130958e-05,NA,NA,NA
"run02_uniform_k1",9129,"DGAT1",0.000583801314570143,NA,NA,NA
"run02_uniform_k1",9130,"HCRTR2",0,NA,NA,NA
"run02_uniform_k1",9131,"PROM1",0.00127729251749653,NA,NA,NA
"run02_uniform_k1",9132,"JUNB",0,NA,NA,NA
"run02_uniform_k1",9133,"ABCG2",0.00154702083903102,NA,NA,NA
"run02_uniform_k1",9134,"ADRA2C",1.26052450867276e-05,NA,NA,NA
"run02_uniform_k1",9135,"TAC1",0.001463424927591,NA,NA,NA
"run02_uniform_k1",9136,"RBL1",0,NA,NA,NA
"run02_uniform_k1",9137,"GRIK2",0,NA,NA,NA
"run02_uniform_k1",9138,"CASR",1.85576382838448e-05,NA,NA,NA
"run02_uniform_k1",9139,"ERN1",4.11862188642864e-06,NA,NA,NA
"run02_uniform_k1",9140,"BRCA1",0.00150305205251045,NA,NA,NA
"run02_uniform_k1",9141,"CPS1",1.2666988915111e-05,NA,NA,NA
"run02_uniform_k1",9142,"ACSS2",8.1011205171122e-05,NA,NA,NA
"run02_uniform_k1",9143,"SPP1",0.000133522093562433,NA,NA,NA
"run02_uniform_k1",9144,"JUN",0.000712792808186147,NA,NA,NA
"run02_uniform_k1",9145,"SRR",0,NA,NA,NA
"run02_uniform_k1",9146,"HMOX1",0.000383241490365949,NA,NA,NA
"run02_uniform_k1",9147,"IGF1",0.000380119663706879,NA,NA,NA
"run02_uniform_k1",9148,"NCF1",8.14327396577719e-05,NA,NA,NA
"run02_uniform_k1",9149,"TFR2",1.9001036434263e-06,NA,NA,NA
"run02_uniform_k1",9150,"JAK2",0.000791453142699572,NA,NA,NA
"run02_uniform_k1",9151,"ORM2",0,NA,NA,NA
"run02_uniform_k1",9152,"PDE1B",3.71225818049936e-05,NA,NA,NA
"run02_uniform_k1",9153,"NTRK2",0.000178668928783821,NA,NA,NA
"run02_uniform_k1",9154,"COL1A1",0.000181222784889745,NA,NA,NA
"run02_uniform_k1",9155,"HIF1AN",8.74219236624008e-06,NA,NA,NA
"run02_uniform_k1",9156,"DMP1",0,NA,NA,NA
"run02_uniform_k1",9157,"SELE",1.58407098771463e-06,NA,NA,NA
"run02_uniform_k1",9158,"ANXA5",7.92192003495895e-06,NA,NA,NA
"run02_uniform_k1",9159,"CRBN",3.83289296229661e-05,NA,NA,NA
"run02_uniform_k1",9160,"GK",0.000406543096133638,NA,NA,NA
"run02_uniform_k1",9161,"HBA2",0,NA,NA,NA
"run02_uniform_k1",9162,"TNFAIP6",4.94186435140431e-06,NA,NA,NA
"run02_uniform_k1",9163,"IGFBP3",2.54114516418102e-05,NA,NA,NA
"run02_uniform_k1",9164,"DRD5",0.00110886310796687,NA,NA,NA
"run02_uniform_k1",9165,"F2RL1",1.81154153372498e-05,NA,NA,NA
"run02_uniform_k1",9166,"RTCB",0,NA,NA,NA
"run02_uniform_k1",9167,"HRH1",0,NA,NA,NA
"run02_uniform_k1",9168,"NR1I2",0.000123041356779652,NA,NA,NA
"run02_uniform_k1",9169,"PLAU",9.12459578450431e-06,NA,NA,NA
"run02_uniform_k1",9170,"OPA1",9.50142898359374e-07,NA,NA,NA
"run02_uniform_k1",9171,"DAO",0,NA,NA,NA
"run02_uniform_k1",9172,"HK2",0.000296209764147126,NA,NA,NA
"run02_uniform_k1",9173,"CD44",0.000889730591565385,NA,NA,NA
"run02_uniform_k1",9174,"TUBB4B",6.33455001119998e-07,NA,NA,NA
"run02_uniform_k1",9175,"HTR1A",8.14355352558582e-05,NA,NA,NA
"run02_uniform_k1",9176,"CELF1",0,NA,NA,NA
"run02_uniform_k1",9177,"CD83",0,NA,NA,NA
"run02_uniform_k1",9178,"COMT",0.000258432034107248,NA,NA,NA
"run02_uniform_k1",9179,"PGRMC1",1.54584083279508e-05,NA,NA,NA
"run02_uniform_k1",9180,"CALM1",5.91918174835948e-05,NA,NA,NA
"run02_uniform_k1",9181,"SHMT1",4.44281784347522e-05,NA,NA,NA
"run02_uniform_k1",9182,"TRPV1",0.00166711359586047,NA,NA,NA
"run02_uniform_k1",9183,"GSTK1",0,NA,NA,NA
"run02_uniform_k1",9184,"ALDOA",1.76112505224646e-05,NA,NA,NA
"run02_uniform_k1",9185,"NOS3",0.000136759922833574,NA,NA,NA
"run02_uniform_k1",9186,"PKD1",3.50334081220538e-05,NA,NA,NA
"run02_uniform_k1",9187,"FGF2",4.67782227966396e-05,NA,NA,NA
"run02_uniform_k1",9188,"CXCL10",6.0199614313472e-06,NA,NA,NA
"run02_uniform_k1",9189,"DHFR",0.000279606338591143,NA,NA,NA
"run02_uniform_k1",9190,"AKR1A1",6.17051045759265e-06,NA,NA,NA
"run02_uniform_k1",9191,"CASQ1",2.53341735867441e-06,NA,NA,NA
"run02_uniform_k1",9192,"PTGES2",2.81266331965124e-05,NA,NA,NA
"run02_uniform_k1",9193,"CALM2",0,NA,NA,NA
"run02_uniform_k1",9194,"IL33",0,NA,NA,NA
"run02_uniform_k1",9195,"UGT1A3",1.26699491542759e-06,NA,NA,NA
"run02_uniform_k1",9196,"IDO1",0.000463661718947295,NA,NA,NA
"run02_uniform_k1",9197,"UGT1A1",6.43666731126036e-05,NA,NA,NA
"run02_uniform_k1",9198,"MTOR",0.000351853732282081,NA,NA,NA
"run02_uniform_k1",9199,"GAMT",4.09153874207924e-05,NA,NA,NA
"run02_uniform_k1",9200,"S100A8",5.866975145008e-05,NA,NA,NA
"run02_uniform_k1",9201,"MAP1LC3A",0,NA,NA,NA
"run02_uniform_k1",9202,"SRR",0,NA,NA,NA
"run02_uniform_k1",9203,"PTGER4",5.57531554357116e-06,NA,NA,NA
"run02_uniform_k1",9204,"P2RX7",5.59297818042426e-05,NA,NA,NA
"run02_uniform_k1",9205,"IRF1",0,NA,NA,NA
"run02_uniform_k1",9206,"MAPT",0.000248151462638568,NA,NA,NA
"run02_uniform_k1",9207,"ADRB2",0.000148693401879507,NA,NA,NA
"run02_uniform_k1",9208,"ITGA5",0.00127400659039045,NA,NA,NA
"run02_uniform_k1",9209,"GLDC",4.87735973941916e-06,NA,NA,NA
"run02_uniform_k1",9210,"GABRR1",0.000892072607181937,NA,NA,NA
"run02_uniform_k1",9211,"ADORA1",2.74909074123864e-05,NA,NA,NA
"run02_uniform_k1",9212,"IDE",1.32413576375834e-05,NA,NA,NA
"run02_uniform_k1",9213,"MLXIPL",0,NA,NA,NA
"run02_uniform_k1",9214,"PAPSS1",0,NA,NA,NA
"run02_uniform_k1",9215,"ESR2",7.37049367650622e-05,NA,NA,NA
"run02_uniform_k1",9216,"DKK1",0,NA,NA,NA
"run02_uniform_k1",9217,"SLC2A1",0.000140046836469954,NA,NA,NA
"run02_uniform_k1",9218,"P2RX4",0,NA,NA,NA
"run02_uniform_k1",9219,"IL10",0.000109475292591865,NA,NA,NA
"run02_uniform_k1",9220,"CES1",0.000115566529133249,NA,NA,NA
"run02_uniform_k1",9221,"MYC",0.000561856827766771,NA,NA,NA
"run02_uniform_k1",9222,"SERPINE1",0.000106720941403182,NA,NA,NA
"run02_uniform_k1",9223,"ABAT",2.2801866788047e-06,NA,NA,NA
"run02_uniform_k1",9224,"NPEPPS",0,NA,NA,NA
"run02_uniform_k1",9225,"HCAR2",0,NA,NA,NA
"run02_uniform_k1",9226,"RIPK1",9.50457768944535e-06,NA,NA,NA
"run02_uniform_k1",9227,"NR4A1",4.04919306976614e-05,NA,NA,NA
"run02_uniform_k1",9228,"AURKA",5.49029298524406e-05,NA,NA,NA
"run02_uniform_k1",9229,"DRD4",1.19735525129228e-05,NA,NA,NA
"run02_uniform_k1",9230,"MT2A",0.00087441544054756,NA,NA,NA
"run02_uniform_k1",9231,"CHRNB2",1.93198243616521e-05,NA,NA,NA
"run02_uniform_k1",9232,"CYP1B1",1.26701867375623e-06,NA,NA,NA
"run02_uniform_k1",9233,"CKB",5.32096942710281e-05,NA,NA,NA
"run02_uniform_k1",9234,"ATF3",8.55513091113647e-06,NA,NA,NA
"run02_uniform_k1",9235,"NFKBIE",0,NA,NA,NA
"run02_uniform_k1",9236,"RPS6KA3",0,NA,NA,NA
"run02_uniform_k1",9237,"HCAR2",0,NA,NA,NA
"run02_uniform_k1",9238,"PROM1",0.00127729251749653,NA,NA,NA
"run02_uniform_k1",9239,"KLF4",2.5346502531276e-06,NA,NA,NA
"run02_uniform_k1",9240,"CRTC1",0,NA,NA,NA
"run02_uniform_k1",9241,"PLA2G7",0.00013847975796788,NA,NA,NA
"run02_uniform_k1",9242,"FGF2",4.67782227966396e-05,NA,NA,NA
"run02_uniform_k1",9243,"DRD4",1.19735525129228e-05,NA,NA,NA
"run02_uniform_k1",9244,"BCL2",0.00028337947071766,NA,NA,NA
"run02_uniform_k1",9245,"OPA1",9.50142898359374e-07,NA,NA,NA
"run02_uniform_k1",9246,"TRPA1",6.7343185876978e-05,NA,NA,NA
"run02_uniform_k1",9247,"OPRM1",8.74989474437537e-05,NA,NA,NA
"run02_uniform_k1",9248,"HNF4G",0,NA,NA,NA
"run02_uniform_k1",9249,"EGFR",0.00376976574950694,NA,NA,NA
"run02_uniform_k1",9250,"AKT1",0.00346325271049452,NA,NA,NA
"run02_uniform_k1",9251,"GLYAT",0,NA,NA,NA
"run02_uniform_k1",9252,"PROC",3.8004925289048e-06,NA,NA,NA
"run02_uniform_k1",9253,"TBK1",8.23758983270473e-06,NA,NA,NA
"run02_uniform_k1",9254,"KCNE2",0,NA,NA,NA
"run02_uniform_k1",9255,"ACTR1B",0,NA,NA,NA
"run02_uniform_k1",9256,"NEDD4L",4.56173481240274e-05,NA,NA,NA
"run02_uniform_k1",9257,"ABCC9",1.45674367513227e-06,NA,NA,NA
"run02_uniform_k1",9258,"KCNE2",0,NA,NA,NA
"run02_uniform_k1",9259,"ATOX1",0,NA,NA,NA
"run02_uniform_k1",9260,"CACNG3",0,NA,NA,NA
"run02_uniform_k1",9261,"CHRNA3",2.85056538062989e-06,NA,NA,NA
"run02_uniform_k1",9262,"RRM1",0.000117817230330219,NA,NA,NA
"run02_uniform_k1",9263,"NR1H3",0,NA,NA,NA
"run02_uniform_k1",9264,"MAP1LC3B",8.68078161708752e-06,NA,NA,NA
"run02_uniform_k1",9265,"ERBB2",0.000157327965161547,NA,NA,NA
"run02_uniform_k1",9266,"MCU",0,NA,NA,NA
"run02_uniform_k1",9267,"CACNA2D3",0,NA,NA,NA
"run02_uniform_k1",9268,"F10",1.53928141654047e-05,NA,NA,NA
"run02_uniform_k1",9269,"KCNJ5",8.95444816781943e-05,NA,NA,NA
"run02_uniform_k1",9270,"PARK7",5.03123803161643e-05,NA,NA,NA
"run02_uniform_k1",9271,"ARF6",0,NA,NA,NA
"run02_uniform_k1",9272,"CAPN10",0.000977887184816284,NA,NA,NA
"run02_uniform_k1",9273,"EGF",0.000230000691015642,NA,NA,NA
"run02_uniform_k1",9274,"COX7B",0,NA,NA,NA
"run02_uniform_k1",9275,"GAA",0,NA,NA,NA
"run02_uniform_k1",9276,"SLC11A1",0,NA,NA,NA
"run02_uniform_k1",9277,"DGKA",5.13043205019326e-06,NA,NA,NA
"run02_uniform_k1",9278,"CSK",0,NA,NA,NA
"run02_uniform_k1",9279,"DDC",2.58462116191627e-05,NA,NA,NA
"run02_uniform_k1",9280,"NTRK2",0.000178668928783821,NA,NA,NA
"run02_uniform_k1",9281,"KCNN4",9.50269363275691e-06,NA,NA,NA
"run02_uniform_k1",9282,"CAMKK2",3.48444593978314e-06,NA,NA,NA
"run02_uniform_k1",9283,"FAS",6.33677821770817e-07,NA,NA,NA
"run02_uniform_k1",9284,"FADS2",4.0853135067076e-05,NA,NA,NA
"run02_uniform_k1",9285,"CYP21A2",0,NA,NA,NA
"run02_uniform_k1",9286,"MYC",0.000561856827766771,NA,NA,NA
"run02_uniform_k1",9287,"NOS3",0.000136759922833574,NA,NA,NA
"run02_uniform_k1",9288,"SCN5A",0.000167082927235662,NA,NA,NA
"run02_uniform_k1",9289,"SCN5A",0.000167082927235662,NA,NA,NA
"run02_uniform_k1",9290,"KCNH6",1.57066122082883e-05,NA,NA,NA
"run02_uniform_k1",9291,"VKORC1",4.64325427618206e-05,NA,NA,NA
"run02_uniform_k1",9292,"ELOVL5",0,NA,NA,NA
"run02_uniform_k1",9293,"NCF1",8.14327396577719e-05,NA,NA,NA
"run02_uniform_k1",9294,"IL5",0,NA,NA,NA
"run02_uniform_k1",9295,"CRH",2.05295196740174e-05,NA,NA,NA
"run02_uniform_k1",9296,"PTGS2",0.00143001964027745,NA,NA,NA
"run02_uniform_k1",9297,"LDLR",0,NA,NA,NA
"run02_uniform_k1",9298,"NDUFV2",0,NA,NA,NA
"run02_uniform_k1",9299,"SERPINE1",0.000106720941403182,NA,NA,NA
"run02_uniform_k1",9300,"RXRB",3.7531212242814e-05,NA,NA,NA
"run02_uniform_k1",9301,"ATG5",1.93264314094499e-05,NA,NA,NA
"run02_uniform_k1",9302,"SLC6A3",0.000164253248760127,NA,NA,NA
"run02_uniform_k1",9303,"DBH",9.818852931609e-06,NA,NA,NA
"run02_uniform_k1",9304,"PRKAB1",0,NA,NA,NA
"run02_uniform_k1",9305,"ATP2C2",0,NA,NA,NA
"run02_uniform_k1",9306,"S100A8",5.866975145008e-05,NA,NA,NA
"run02_uniform_k1",9307,"AMY1A",0,NA,NA,NA
"run02_uniform_k1",9308,"HTR2B",3.80070954153489e-06,NA,NA,NA
"run02_uniform_k1",9309,"KCNJ10",0,NA,NA,NA
"run02_uniform_k1",9310,"PPP2CB",0,NA,NA,NA
"run02_uniform_k1",9311,"HSP90AA1",0.000781176350650004,NA,NA,NA
"run02_uniform_k1",9312,"UQCRC1",5.15309632885819e-05,NA,NA,NA
"run02_uniform_k1",9313,"FADS1",9.28518306324566e-05,NA,NA,NA
"run02_uniform_k1",9314,"NFKBIA",5.47616073202084e-05,NA,NA,NA
"run02_uniform_k1",9315,"GSTA2",5.30422370040862e-05,NA,NA,NA
"run02_uniform_k1",9316,"DGKA",5.13043205019326e-06,NA,NA,NA
"run02_uniform_k1",9317,"ACADM",0.000194896326079275,NA,NA,NA
"run02_uniform_k1",9318,"CX3CR1",0,NA,NA,NA
"run02_uniform_k1",9319,"APOM",0,NA,NA,NA
"run02_uniform_k1",9320,"KCNA4",2.7111367415289e-05,NA,NA,NA
"run02_uniform_k1",9321,"UCP3",0,NA,NA,NA
"run02_uniform_k1",9322,"ALDH1A3",0,NA,NA,NA
"run02_uniform_k1",9323,"HRH3",0,NA,NA,NA
"run02_uniform_k1",9324,"EIF2S1",0.000110140192739028,NA,NA,NA
"run02_uniform_k1",9325,"GABRR3",0,NA,NA,NA
"run02_uniform_k1",9326,"HERC5",0,NA,NA,NA
"run02_uniform_k1",9327,"SLC16A1",1.22233950207162e-05,NA,NA,NA
"run02_uniform_k1",9328,"TOP2A",1.51432024206866e-05,NA,NA,NA
"run02_uniform_k1",9329,"PPIF",5.98208087934093e-05,NA,NA,NA
"run02_uniform_k1",9330,"ADRB3",5.25856990074569e-06,NA,NA,NA
"run02_uniform_k1",9331,"TIGAR",0,NA,NA,NA
"run02_uniform_k1",9332,"LTA4H",0,NA,NA,NA
"run02_uniform_k1",9333,"POMC",0.00149342435047795,NA,NA,NA
"run02_uniform_k1",9334,"FABP7",3.9904553374992e-06,NA,NA,NA
"run02_uniform_k1",9335,"GABRA1",0.000512519672648093,NA,NA,NA
"run02_uniform_k1",9336,"OLR1",0,NA,NA,NA
"run02_uniform_k1",9337,"PDXK",0.00104366135249789,NA,NA,NA
"run02_uniform_k1",9338,"PROC",3.8004925289048e-06,NA,NA,NA
"run02_uniform_k1",9339,"HSPA5",0.000228473516780459,NA,NA,NA
"run02_uniform_k1",9340,"CAMK4",1.22274351069818e-05,NA,NA,NA
"run02_uniform_k1",9341,"POLE4",6.33352637668949e-07,NA,NA,NA
"run02_uniform_k1",9342,"HTR1A",8.14355352558582e-05,NA,NA,NA
"run02_uniform_k1",9343,"ALDH1A1",0.000768800994206509,NA,NA,NA
"run02_uniform_k1",9344,"HPRT1",0.00041877379526456,NA,NA,NA
"run02_uniform_k1",9345,"KCNMA1",2.73028963679867e-05,NA,NA,NA
"run02_uniform_k1",9346,"ADORA2B",0,NA,NA,NA
"run02_uniform_k1",9347,"ADK",7.61409486743636e-05,NA,NA,NA
"run02_uniform_k1",9348,"APOD",0.00195383273850436,NA,NA,NA
"run02_uniform_k1",9349,"MMP1",6.13390297496963e-05,NA,NA,NA
"run02_uniform_k1",9350,"CD80",0,NA,NA,NA
"run02_uniform_k1",9351,"CXCL10",6.0199614313472e-06,NA,NA,NA
"run02_uniform_k1",9352,"GCG",0.000221045982158996,NA,NA,NA
"run02_uniform_k1",9353,"CLDN4",0,NA,NA,NA
"run02_uniform_k1",9354,"CYB5A",5.4039383747595e-05,NA,NA,NA
"run02_uniform_k1",9355,"MSI1",0,NA,NA,NA
"run02_uniform_k1",9356,"PRSS1",0.0011573163436972,NA,NA,NA
"run02_uniform_k1",9357,"FTCD",1.21257629834837e-05,NA,NA,NA
"run02_uniform_k1",9358,"F3",4.30244857466677e-05,NA,NA,NA
"run02_uniform_k1",9359,"DUOX2",0.00118948957190246,NA,NA,NA
"run02_uniform_k1",9360,"CRP",0.00025559836793676,NA,NA,NA
"run02_uniform_k1",9361,"VTN",6.33650236725458e-07,NA,NA,NA
"run02_uniform_k1",9362,"TFAM",0,NA,NA,NA
"run02_uniform_k1",9363,"PDE1B",3.71225818049936e-05,NA,NA,NA
"run02_uniform_k1",9364,"CYB5A",5.4039383747595e-05,NA,NA,NA
"run02_uniform_k1",9365,"AVPR1A",0,NA,NA,NA
"run02_uniform_k1",9366,"AKT1",0.00346325271049452,NA,NA,NA
"run02_uniform_k1",9367,"NR1I3",2.35048730797827e-05,NA,NA,NA
"run02_uniform_k1",9368,"ELOVL4",0,NA,NA,NA
"run02_uniform_k1",9369,"HMGCR",0.000154038156850445,NA,NA,NA
"run02_uniform_k1",9370,"PRKCA",0.000374278990026067,NA,NA,NA
"run02_uniform_k1",9371,"ACSS2",8.1011205171122e-05,NA,NA,NA
"run02_uniform_k1",9372,"GSTA2",5.30422370040862e-05,NA,NA,NA
"run02_uniform_k1",9373,"EGLN1",1.90063023630671e-06,NA,NA,NA
"run02_uniform_k1",9374,"APOM",0,NA,NA,NA
"run02_uniform_k1",9375,"CD14",0,NA,NA,NA
"run02_uniform_k1",9376,"GABRA4",0,NA,NA,NA
"run02_uniform_k1",9377,"PRSS1",0.0011573163436972,NA,NA,NA
"run02_uniform_k1",9378,"PIK3R1",5.3428249282339e-05,NA,NA,NA
"run02_uniform_k1",9379,"DBH",9.818852931609e-06,NA,NA,NA
"run02_uniform_k1",9380,"AASS",1.96337880520314e-06,NA,NA,NA
"run02_uniform_k1",9381,"MAP3K7",0.000279295362734966,NA,NA,NA
"run02_uniform_k1",9382,"GRIN3B",0,NA,NA,NA
"run02_uniform_k1",9383,"E2F2",0,NA,NA,NA
"run02_uniform_k1",9384,"RRM2B",0,NA,NA,NA
"run02_uniform_k1",9385,"ARF3",1.01355586621388e-05,NA,NA,NA
"run02_uniform_k1",9386,"MMP1",6.13390297496963e-05,NA,NA,NA
"run02_uniform_k1",9387,"FABP1",2.30624266933654e-05,NA,NA,NA
"run02_uniform_k1",9388,"PRKCA",0.000374278990026067,NA,NA,NA
"run02_uniform_k1",9389,"EIF2S1",0.000110140192739028,NA,NA,NA
"run02_uniform_k1",9390,"SMAD7",1.26728738392146e-06,NA,NA,NA
"run02_uniform_k1",9391,"GCLC",8.05799891081538e-05,NA,NA,NA
"run02_uniform_k1",9392,"MMP13",1.63470522265285e-05,NA,NA,NA
"run02_uniform_k1",9393,"PLD2",0.000135771725086054,NA,NA,NA
"run02_uniform_k1",9394,"ADAMTS5",0,NA,NA,NA
"run02_uniform_k1",9395,"KLF4",2.5346502531276e-06,NA,NA,NA
"run02_uniform_k1",9396,"PYGM",4.94772798226295e-05,NA,NA,NA
"run02_uniform_k1",9397,"MMP9",0.000204115785623737,NA,NA,NA
"run02_uniform_k1",9398,"MAPK9",3.16862262561557e-06,NA,NA,NA
"run02_uniform_k1",9399,"RRM1",0.000117817230330219,NA,NA,NA
"run02_uniform_k1",9400,"GAD1",0.000786829139807432,NA,NA,NA
"run02_uniform_k1",9401,"LIPG",0,NA,NA,NA
"run02_uniform_k1",9402,"HNF1A",0.00122815220873107,NA,NA,NA
"run02_uniform_k1",9403,"MRC1",0,NA,NA,NA
"run02_uniform_k1",9404,"F10",1.53928141654047e-05,NA,NA,NA
"run02_uniform_k1",9405,"CACNA2D3",0,NA,NA,NA
"run02_uniform_k1",9406,"CTRC",0,NA,NA,NA
"run02_uniform_k1",9407,"SLC2A1",0.000140046836469954,NA,NA,NA
"run02_uniform_k1",9408,"SNAI2",6.33686013218338e-07,NA,NA,NA
"run02_uniform_k1",9409,"VKORC1",4.64325427618206e-05,NA,NA,NA
"run02_uniform_k1",9410,"CDKN1C",1.58390438897982e-06,NA,NA,NA
"run02_uniform_k1",9411,"NCF4",0,NA,NA,NA
"run02_uniform_k1",9412,"AKR1C1",5.66614851992275e-05,NA,NA,NA
"run02_uniform_k1",9413,"KCNJ15",0,NA,NA,NA
"run02_uniform_k1",9414,"SLC6A3",0.000164253248760127,NA,NA,NA
"run02_uniform_k1",9415,"NR1I3",2.35048730797827e-05,NA,NA,NA
"run02_uniform_k1",9416,"GSTP1",0.0017997845794786,NA,NA,NA
"run02_uniform_k1",9417,"IL2",8.48661529537775e-05,NA,NA,NA
"run02_uniform_k1",9418,"BMPR2",8.59954951424324e-05,NA,NA,NA
"run02_uniform_k1",9419,"CD40LG",1.90089891605183e-06,NA,NA,NA
"run02_uniform_k1",9420,"DGAT1",0.000583801314570143,NA,NA,NA
"run02_uniform_k1",9421,"CXCL1",0,NA,NA,NA
"run02_uniform_k1",9422,"AKR1C1",5.66614851992275e-05,NA,NA,NA
"run02_uniform_k1",9423,"SULT1A1",8.93034087123823e-06,NA,NA,NA
"run02_uniform_k1",9424,"TRPM3",0,NA,NA,NA
"run02_uniform_k1",9425,"TRPM3",0,NA,NA,NA
"run02_uniform_k1",9426,"EIF2A",0,NA,NA,NA
"run02_uniform_k1",9427,"ACP1",0,NA,NA,NA
"run02_uniform_k1",9428,"COX6B1",0,NA,NA,NA
"run02_uniform_k1",9429,"MYH7",2.03333890326229e-05,NA,NA,NA
"run02_uniform_k1",9430,"ATG5",1.93264314094499e-05,NA,NA,NA
"run02_uniform_k1",9431,"IGF2",1.43217522315942e-05,NA,NA,NA
"run02_uniform_k1",9432,"CHEK1",1.20395101235182e-05,NA,NA,NA
"run02_uniform_k1",9433,"CD163",2.80685125135793e-05,NA,NA,NA
"run02_uniform_k1",9434,"ITPR2",6.33550958140106e-07,NA,NA,NA
"run02_uniform_k1",9435,"MYB",0,NA,NA,NA
"run02_uniform_k1",9436,"GABRD",9.49995296650741e-07,NA,NA,NA
"run02_uniform_k1",9437,"XPO1",1.66633213304346e-05,NA,NA,NA
"run02_uniform_k1",9438,"TRPM3",0,NA,NA,NA
"run02_uniform_k1",9439,"PTK2B",6.52603876749591e-06,NA,NA,NA
"run02_uniform_k1",9440,"ATF1",3.16751357498646e-06,NA,NA,NA
"run02_uniform_k1",9441,"CACNA1G",7.41987078123341e-05,NA,NA,NA
"run02_uniform_k1",9442,"EDN1",0.000187385953273167,NA,NA,NA
"run02_uniform_k1",9443,"PAPSS1",0,NA,NA,NA
"run02_uniform_k1",9444,"HDAC2",2.26872919905086e-05,NA,NA,NA
"run02_uniform_k1",9445,"PIK3R1",5.3428249282339e-05,NA,NA,NA
"run02_uniform_k1",9446,"GABRA3",0,NA,NA,NA
"run02_uniform_k1",9447,"SLC7A1",0,NA,NA,NA
"run02_uniform_k1",9448,"AIFM1",1.58347085155164e-06,NA,NA,NA
"run02_uniform_k1",9449,"CYBB",6.42615564472315e-05,NA,NA,NA
"run02_uniform_k1",9450,"DLG4",0.000800645688133095,NA,NA,NA
"run02_uniform_k1",9451,"ALDH3A1",7.8987277396747e-05,NA,NA,NA
"run02_uniform_k1",9452,"NTRK1",3.04810969022906e-05,NA,NA,NA
"run02_uniform_k1",9453,"KEAP1",8.90865911317151e-05,NA,NA,NA
"run02_uniform_k1",9454,"HNF1A",0.00122815220873107,NA,NA,NA
"run02_uniform_k1",9455,"UGT1A9",0,NA,NA,NA
"run02_uniform_k1",9456,"SCNN1A",5.25143809567696e-05,NA,NA,NA
"run02_uniform_k1",9457,"ELOVL5",0,NA,NA,NA
"run02_uniform_k1",9458,"SIRT1",0.000506319994551752,NA,NA,NA
"run02_uniform_k1",9459,"CSF1",1.07725687046312e-05,NA,NA,NA
"run02_uniform_k1",9460,"CCL8",0,NA,NA,NA
"run02_uniform_k1",9461,"ICAM1",0.000172524776509531,NA,NA,NA
"run02_uniform_k1",9462,"DDIT3",5.44896803789108e-06,NA,NA,NA
"run02_uniform_k1",9463,"KCND1",0,NA,NA,NA
"run02_uniform_k1",9464,"AHR",1.17841620478343e-05,NA,NA,NA
"run02_uniform_k1",9465,"LPCAT2",0,NA,NA,NA
"run02_uniform_k1",9466,"SOD2",0.000296172336680667,NA,NA,NA
"run02_uniform_k1",9467,"FTCD",1.21257629834837e-05,NA,NA,NA
"run02_uniform_k1",9468,"CRP",0.00025559836793676,NA,NA,NA
"run02_uniform_k1",9469,"OAZ1",0,NA,NA,NA
"run02_uniform_k1",9470,"IDO1",0.000463661718947295,NA,NA,NA
"run02_uniform_k1",9471,"TOP2A",1.51432024206866e-05,NA,NA,NA
"run02_uniform_k1",9472,"KCNN4",9.50269363275691e-06,NA,NA,NA
"run02_uniform_k1",9473,"BID",6.01936829902616e-06,NA,NA,NA
"run02_uniform_k1",9474,"CCNA2",1.83133006516067e-05,NA,NA,NA
"run02_uniform_k1",9475,"CTRC",0,NA,NA,NA
"run02_uniform_k1",9476,"ACADM",0.000194896326079275,NA,NA,NA
"run02_uniform_k1",9477,"GP1BA",3.18056444478243e-05,NA,NA,NA
"run02_uniform_k1",9478,"HPRT1",0.00041877379526456,NA,NA,NA
"run02_uniform_k1",9479,"BHLHE40",0,NA,NA,NA
"run02_uniform_k1",9480,"CXCL2",0,NA,NA,NA
"run02_uniform_k1",9481,"NOS3",0.000136759922833574,NA,NA,NA
"run02_uniform_k1",9482,"SSTR5",0,NA,NA,NA
"run02_uniform_k1",9483,"TRPM7",0,NA,NA,NA
"run02_uniform_k1",9484,"TNFRSF1A",1.26749186291075e-05,NA,NA,NA
"run02_uniform_k1",9485,"TUBG1",1.58373381198285e-06,NA,NA,NA
"run02_uniform_k1",9486,"PTK2",8.5307122116185e-05,NA,NA,NA
"run02_uniform_k1",9487,"DLG2",0,NA,NA,NA
"run02_uniform_k1",9488,"CPS1",1.2666988915111e-05,NA,NA,NA
"run02_uniform_k1",9489,"RPL17",9.4906952489815e-05,NA,NA,NA
"run02_uniform_k1",9490,"CD274",2.2623615720252e-05,NA,NA,NA
"run02_uniform_k1",9491,"SIGMAR1",0.000141138269685426,NA,NA,NA
"run02_uniform_k1",9492,"BECN1",8.42248076059482e-05,NA,NA,NA
"run02_uniform_k1",9493,"PNPLA2",2.72449938232278e-06,NA,NA,NA
"run02_uniform_k1",9494,"SHBG",3.16169811188649e-05,NA,NA,NA
"run02_uniform_k1",9495,"ADRB3",5.25856990074569e-06,NA,NA,NA
"run02_uniform_k1",9496,"MB",4.23248293774936e-05,NA,NA,NA
"run02_uniform_k1",9497,"ATP2B3",0,NA,NA,NA
"run02_uniform_k1",9498,"AXIN1",1.08355886352385e-05,NA,NA,NA
"run02_uniform_k1",9499,"UCP2",2.4330049283483e-05,NA,NA,NA
"run02_uniform_k1",9500,"ACTC1",1.57742735648059e-05,NA,NA,NA
"run02_uniform_k1",9501,"PRDX2",0,NA,NA,NA
"run02_uniform_k1",9502,"GPT2",8.61690501118284e-05,NA,NA,NA
"run02_uniform_k1",9503,"TRAF2",5.75385733394551e-05,NA,NA,NA
"run02_uniform_k1",9504,"BCHE",1.59661831168334e-05,NA,NA,NA
"run02_uniform_k1",9505,"CEBPB",0.000269764234292591,NA,NA,NA
"run02_uniform_k1",9506,"NOS3",0.000136759922833574,NA,NA,NA
"run02_uniform_k1",9507,"CHRM1",6.15364589550138e-05,NA,NA,NA
"run02_uniform_k1",9508,"PKD2",3.16666038624458e-06,NA,NA,NA
"run02_uniform_k1",9509,"MARK4",0,NA,NA,NA
"run02_uniform_k1",9510,"GABRA5",0,NA,NA,NA
"run02_uniform_k1",9511,"SLC16A1",1.22233950207162e-05,NA,NA,NA
"run02_uniform_k1",9512,"SOD1",0.00055040968937059,NA,NA,NA
"run02_uniform_k1",9513,"CNR2",0,NA,NA,NA
"run02_uniform_k1",9514,"FKBP1A",0.000367396925605612,NA,NA,NA
"run02_uniform_k1",9515,"LBP",1.90061939919772e-06,NA,NA,NA
"run02_uniform_k1",9516,"SLPI",0,NA,NA,NA
"run02_uniform_k1",9517,"CDKN2A",0.000523536323894791,NA,NA,NA
"run02_uniform_k1",9518,"SMAD3",0.000326994785442403,NA,NA,NA
"run02_uniform_k1",9519,"RELA",8.98188410365375e-05,NA,NA,NA
"run02_uniform_k1",9520,"POLB",0,NA,NA,NA
"run02_uniform_k1",9521,"KLK5",0,NA,NA,NA
"run02_uniform_k1",9522,"XDH",0.000207347108110545,NA,NA,NA
"run02_uniform_k1",9523,"FAS",6.33677821770817e-07,NA,NA,NA
"run02_uniform_k1",9524,"FOXM1",1.90088265561439e-06,NA,NA,NA
"run02_uniform_k1",9525,"OLR1",0,NA,NA,NA
"run02_uniform_k1",9526,"NANOG",9.82225146706206e-06,NA,NA,NA
"run02_uniform_k1",9527,"MAOA",0.000132428913549143,NA,NA,NA
"run02_uniform_k1",9528,"HSP90AB1",4.19011535922609e-05,NA,NA,NA
"run02_uniform_k1",9529,"CYP2C9",0.000117781048131316,NA,NA,NA
"run02_uniform_k1",9530,"PEMT",2.1976081664099e-05,NA,NA,NA
"run02_uniform_k1",9531,"NRXN1",6.46433704953875e-05,NA,NA,NA
"run02_uniform_k1",9532,"FTL",4.87730474807435e-06,NA,NA,NA
"run02_uniform_k1",9533,"ACTC1",1.57742735648059e-05,NA,NA,NA
"run02_uniform_k1",9534,"POLE4",6.33352637668949e-07,NA,NA,NA
"run02_uniform_k1",9535,"UQCRC1",5.15309632885819e-05,NA,NA,NA
"run02_uniform_k1",9536,"CYP27C1",0,NA,NA,NA
"run02_uniform_k1",9537,"BGLAP",0.000139973984731978,NA,NA,NA
"run02_uniform_k1",9538,"MMP10",1.00093054868911e-05,NA,NA,NA
"run02_uniform_k1",9539,"GRM5",0.000204723227971049,NA,NA,NA
"run02_uniform_k1",9540,"MAP2K5",0,NA,NA,NA
"run02_uniform_k1",9541,"NR4A1",4.04919306976614e-05,NA,NA,NA
"run02_uniform_k1",9542,"UGT2B28",0,NA,NA,NA
"run02_uniform_k1",9543,"IMPDH2",1.60872446202109e-05,NA,NA,NA
"run02_uniform_k1",9544,"NOS2",2.38274351227474e-05,NA,NA,NA
"run02_uniform_k1",9545,"C8G",8.92998568191583e-06,NA,NA,NA
"run02_uniform_k1",9546,"RETSAT",0,NA,NA,NA
"run02_uniform_k1",9547,"SCN4B",6.14500670026441e-06,NA,NA,NA
"run02_uniform_k1",9548,"COX6C",0,NA,NA,NA
"run02_uniform_k1",9549,"HSPB1",6.97066364507837e-06,NA,NA,NA
"run02_uniform_k1",9550,"CAMKK2",3.48444593978314e-06,NA,NA,NA
"run02_uniform_k1",9551,"IL10",0.000109475292591865,NA,NA,NA
"run02_uniform_k1",9552,"NCOA6",0,NA,NA,NA
"run02_uniform_k1",9553,"BCHE",1.59661831168334e-05,NA,NA,NA
"run02_uniform_k1",9554,"ABCA7",0,NA,NA,NA
"run02_uniform_k1",9555,"F2RL1",1.81154153372498e-05,NA,NA,NA
"run02_uniform_k1",9556,"FUS",6.90480253662251e-06,NA,NA,NA
"run02_uniform_k1",9557,"DBH",9.818852931609e-06,NA,NA,NA
"run02_uniform_k1",9558,"ADCY2",0,NA,NA,NA
"run02_uniform_k1",9559,"CACNG1",0,NA,NA,NA
"run02_uniform_k1",9560,"JUN",0.000712792808186147,NA,NA,NA
"run02_uniform_k1",9561,"CPT1A",1.49157660161992e-05,NA,NA,NA
"run02_uniform_k1",9562,"SULT1E1",0,NA,NA,NA
"run02_uniform_k1",9563,"CHRM1",6.15364589550138e-05,NA,NA,NA
"run02_uniform_k1",9564,"MDM2",4.86757533122439e-05,NA,NA,NA
"run02_uniform_k1",9565,"MAP2",5.57507217935349e-06,NA,NA,NA
"run02_uniform_k1",9566,"ATG12",0,NA,NA,NA
"run02_uniform_k1",9567,"DHCR7",7.41792346372616e-05,NA,NA,NA
"run02_uniform_k1",9568,"RETSAT",0,NA,NA,NA
"run02_uniform_k1",9569,"RHO",0.00017143146028642,NA,NA,NA
"run02_uniform_k1",9570,"CACNG6",0,NA,NA,NA
"run02_uniform_k1",9571,"ARF1",2.85051391907265e-05,NA,NA,NA
"run02_uniform_k1",9572,"SRPK2",0,NA,NA,NA
"run02_uniform_k1",9573,"CYP2C8",0,NA,NA,NA
"run02_uniform_k1",9574,"EIF4EBP1",0,NA,NA,NA
"run02_uniform_k1",9575,"ARF6",0,NA,NA,NA
"run02_uniform_k1",9576,"KCNQ2",0.000154321192943452,NA,NA,NA
"run02_uniform_k1",9577,"CYB5A",5.4039383747595e-05,NA,NA,NA
"run02_uniform_k1",9578,"IL33",0,NA,NA,NA
"run02_uniform_k1",9579,"ACTA1",3.96575036063496e-05,NA,NA,NA
"run02_uniform_k1",9580,"NPY",0.00200669165182288,NA,NA,NA
"run02_uniform_k1",9581,"CHRNB3",0,NA,NA,NA
"run02_uniform_k1",9582,"ITPR1",0.000202309527979283,NA,NA,NA
"run02_uniform_k1",9583,"CDK8",0,NA,NA,NA
"run02_uniform_k1",9584,"KCNJ11",0.00241899994818762,NA,NA,NA
"run02_uniform_k1",9585,"NTRK2",0.000178668928783821,NA,NA,NA
"run02_uniform_k1",9586,"RARG",0,NA,NA,NA
"run02_uniform_k1",9587,"AXIN1",1.08355886352385e-05,NA,NA,NA
"run02_uniform_k1",9588,"TYMS",0.000142484575824997,NA,NA,NA
"run02_uniform_k1",9589,"RAB5A",9.06001518752308e-06,NA,NA,NA
"run02_uniform_k1",9590,"RAC1",1.74887232585741e-05,NA,NA,NA
"run02_uniform_k1",9591,"PLA2G2D",0,NA,NA,NA
"run02_uniform_k1",9592,"KCNMA1",2.73028963679867e-05,NA,NA,NA
"run02_uniform_k1",9593,"TRPM4",3.67379046295468e-05,NA,NA,NA
"run02_uniform_k1",9594,"GFAP",0.000240332727610593,NA,NA,NA
"run02_uniform_k1",9595,"PRDX2",0,NA,NA,NA
"run02_uniform_k1",9596,"ADAMTS5",0,NA,NA,NA
"run02_uniform_k1",9597,"SERPINE1",0.000106720941403182,NA,NA,NA
"run02_uniform_k1",9598,"ADORA2B",0,NA,NA,NA
"run02_uniform_k1",9599,"RAF1",1.33718501759139e-05,NA,NA,NA
"run02_uniform_k1",9600,"PAEP",3.16647909515133e-06,NA,NA,NA
"run02_uniform_k1",9601,"PRKAA1",2.85143022038525e-06,NA,NA,NA
"run02_uniform_k1",9602,"HMOX1",0.000383241490365949,NA,NA,NA
"run02_uniform_k1",9603,"PDE4B",1.76110095406745e-05,NA,NA,NA
"run02_uniform_k1",9604,"GABRR3",0,NA,NA,NA
"run02_uniform_k1",9605,"ATF6",1.47631880090815e-05,NA,NA,NA
"run02_uniform_k1",9606,"PDE10A",6.52492584996001e-06,NA,NA,NA
"run02_uniform_k1",9607,"KCNJ6",2.88254911089414e-05,NA,NA,NA
"run02_uniform_k1",9608,"DNM1L",6.33522741710912e-07,NA,NA,NA
"run02_uniform_k1",9609,"SPP1",0.000133522093562433,NA,NA,NA
"run02_uniform_k1",9610,"FABP3",6.33463026478154e-07,NA,NA,NA
"run02_uniform_k1",9611,"COX5B",5.70133156496677e-06,NA,NA,NA
"run02_uniform_k1",9612,"OLR1",0,NA,NA,NA
"run02_uniform_k1",9613,"HNRNPA1",0.0011965986405017,NA,NA,NA
"run02_uniform_k1",9614,"NR3C2",1.6726748852447e-05,NA,NA,NA
"run02_uniform_k1",9615,"ACACB",1.55840957074549e-05,NA,NA,NA
"run02_uniform_k1",9616,"CASR",1.85576382838448e-05,NA,NA,NA
"run02_uniform_k1",9617,"HTR1D",0,NA,NA,NA
"run02_uniform_k1",9618,"SCNN1A",5.25143809567696e-05,NA,NA,NA
"run02_uniform_k1",9619,"PCNA",0.000281828068793732,NA,NA,NA
"run02_uniform_k1",9620,"MAOA",0.000132428913549143,NA,NA,NA
"run02_uniform_k1",9621,"SLC6A4",7.25412905625555e-05,NA,NA,NA
"run02_uniform_k1",9622,"SLC29A2",0,NA,NA,NA
"run02_uniform_k1",9623,"NQO1",0.000518240501310552,NA,NA,NA
"run02_uniform_k1",9624,"PDE4A",1.34575381137703e-05,NA,NA,NA
"run02_uniform_k1",9625,"HDAC5",0,NA,NA,NA
"run02_uniform_k1",9626,"FABP4",8.52242665472236e-05,NA,NA,NA
"run02_uniform_k1",9627,"LDLR",0,NA,NA,NA
"run02_uniform_k1",9628,"HAMP",0.000187982524293195,NA,NA,NA
"run02_uniform_k1",9629,"FOXM1",1.90088265561439e-06,NA,NA,NA
"run02_uniform_k1",9630,"HDAC10",0,NA,NA,NA
"run02_uniform_k1",9631,"PTK2",8.5307122116185e-05,NA,NA,NA
"run02_uniform_k1",9632,"IL36B",0,NA,NA,NA
"run02_uniform_k1",9633,"ODC1",0.00121583500905476,NA,NA,NA
"run02_uniform_k1",9634,"GABRA2",5.10094626082758e-05,NA,NA,NA
"run02_uniform_k1",9635,"RBP2",3.01152514644576e-05,NA,NA,NA
"run02_uniform_k1",9636,"NR1H2",0,NA,NA,NA
"run02_uniform_k1",9637,"AFM",0,NA,NA,NA
"run02_uniform_k1",9638,"CACNG3",0,NA,NA,NA
"run02_uniform_k1",9639,"HBB",6.40684097101829e-05,NA,NA,NA
"run02_uniform_k1",9640,"RASSF1",1.82470571705728e-05,NA,NA,NA
"run02_uniform_k1",9641,"CACNB4",5.59340801313812e-05,NA,NA,NA
"run02_uniform_k1",9642,"MYH6",5.61947915448391e-05,NA,NA,NA
"run02_uniform_k1",9643,"CXCL10",6.0199614313472e-06,NA,NA,NA
"run02_uniform_k1",9644,"PRKCZ",0.00127837750571802,NA,NA,NA
"run02_uniform_k1",9645,"SCD",0.000143791042404695,NA,NA,NA
"run02_uniform_k1",9646,"CEBPA",7.73820750388232e-05,NA,NA,NA
"run02_uniform_k1",9647,"AXIN1",1.08355886352385e-05,NA,NA,NA
"run02_uniform_k1",9648,"NCOA2",3.54820525111377e-05,NA,NA,NA
"run02_uniform_k1",9649,"GPER1",8.61720038791702e-06,NA,NA,NA
"run02_uniform_k1",9650,"EIF2AK2",0.000116554297583948,NA,NA,NA
"run02_uniform_k1",9651,"ATP1A1",1.2671361954153e-06,NA,NA,NA
"run02_uniform_k1",9652,"DRD5",0.00110886310796687,NA,NA,NA
"run02_uniform_k1",9653,"THBS1",7.4650161333345e-05,NA,NA,NA
"run02_uniform_k1",9654,"ACE",0.00145679149577593,NA,NA,NA
"run02_uniform_k1",9655,"PRKAG2",0.00023019859617357,NA,NA,NA
"run02_uniform_k1",9656,"CACNG3",0,NA,NA,NA
"run02_uniform_k1",9657,"AXIN2",0,NA,NA,NA
"run02_uniform_k1",9658,"CTTN",2.99716390974591e-05,NA,NA,NA
"run02_uniform_k1",9659,"MMP2",1.88862703024428e-05,NA,NA,NA
"run02_uniform_k1",9660,"APP",0.00112835552814228,NA,NA,NA
"run02_uniform_k1",9661,"CD80",0,NA,NA,NA
"run02_uniform_k1",9662,"CYP2D6",2.95879994604009e-05,NA,NA,NA
"run02_uniform_k1",9663,"PTPN1",3.86549374464806e-06,NA,NA,NA
"run02_uniform_k1",9664,"GK",0.000406543096133638,NA,NA,NA
"run02_uniform_k1",9665,"COMT",0.000258432034107248,NA,NA,NA
"run02_uniform_k1",9666,"NEU1",0,NA,NA,NA
"run02_uniform_k1",9667,"FAS",6.33677821770817e-07,NA,NA,NA
"run02_uniform_k1",9668,"ATP1A1",1.2671361954153e-06,NA,NA,NA
"run02_uniform_k1",9669,"KCNA4",2.7111367415289e-05,NA,NA,NA
"run02_uniform_k1",9670,"CXCL8",0.000252410434066541,NA,NA,NA
"run02_uniform_k1",9671,"HCN2",0,NA,NA,NA
"run02_uniform_k1",9672,"VKORC1L1",0,NA,NA,NA
"run02_uniform_k1",9673,"APLP1",0,NA,NA,NA
"run02_uniform_k1",9674,"MSI1",0,NA,NA,NA
"run02_uniform_k1",9675,"HBA1",2.89514794086232e-05,NA,NA,NA
"run02_uniform_k1",9676,"ATP5F1E",7.91669737976175e-06,NA,NA,NA
"run02_uniform_k1",9677,"ACP1",0,NA,NA,NA
"run02_uniform_k1",9678,"CD40LG",1.90089891605183e-06,NA,NA,NA
"run02_uniform_k1",9679,"NFE2L2",7.2947073822438e-05,NA,NA,NA
"run02_uniform_k1",9680,"CDC25A",1.90080256301517e-06,NA,NA,NA
"run02_uniform_k1",9681,"GATM",0.000449150320023683,NA,NA,NA
"run02_uniform_k1",9682,"CNR2",0,NA,NA,NA
"run02_uniform_k1",9683,"IL2",8.48661529537775e-05,NA,NA,NA
"run02_uniform_k1",9684,"TOMM70",0,NA,NA,NA
"run02_uniform_k1",9685,"IL18",2.23696138260676e-05,NA,NA,NA
"run02_uniform_k1",9686,"GCK",0.000213793988103061,NA,NA,NA
"run02_uniform_k1",9687,"TFEB",4.43464879762434e-06,NA,NA,NA
"run02_uniform_k1",9688,"CHEK1",1.20395101235182e-05,NA,NA,NA
"run02_uniform_k1",9689,"HSD3B2",2.44539251612608e-05,NA,NA,NA
"run02_uniform_k1",9690,"UGT2B28",0,NA,NA,NA
"run02_uniform_k1",9691,"MITF",2.87659544899732e-05,NA,NA,NA
"run02_uniform_k1",9692,"POMC",0.00149342435047795,NA,NA,NA
"run02_uniform_k1",9693,"FKRP",0,NA,NA,NA
"run02_uniform_k1",9694,"MGST1",0,NA,NA,NA
"run02_uniform_k1",9695,"AOX1",0.000679762836007236,NA,NA,NA
"run02_uniform_k1",9696,"ACE2",6.17806475236016e-05,NA,NA,NA
"run02_uniform_k1",9697,"SOAT1",2.72368448894778e-06,NA,NA,NA
"run02_uniform_k1",9698,"GLUD1",0.00010300883354164,NA,NA,NA
"run02_uniform_k1",9699,"FN1",0.00237698824343124,NA,NA,NA
"run02_uniform_k1",9700,"PDE7B",0,NA,NA,NA
"run02_uniform_k1",9701,"GABRA2",5.10094626082758e-05,NA,NA,NA
"run02_uniform_k1",9702,"NNMT",2.43922960370124e-05,NA,NA,NA
"run02_uniform_k1",9703,"USP10",4.9733160998211e-05,NA,NA,NA
"run02_uniform_k1",9704,"BMPR2",8.59954951424324e-05,NA,NA,NA
"run02_uniform_k1",9705,"HNF4A",0.000115908516808982,NA,NA,NA
"run02_uniform_k1",9706,"SLC7A2",0,NA,NA,NA
"run02_uniform_k1",9707,"FTH1",3.16391560746254e-05,NA,NA,NA
"run02_uniform_k1",9708,"ABCA7",0,NA,NA,NA
"run02_uniform_k1",9709,"PRKCB",0.000129467861105015,NA,NA,NA
"run02_uniform_k1",9710,"FGF1",4.22001056762378e-05,NA,NA,NA
"run02_uniform_k1",9711,"CD14",0,NA,NA,NA
"run02_uniform_k1",9712,"NPPB",3.61091583611639e-06,NA,NA,NA
"run02_uniform_k1",9713,"CACNG3",0,NA,NA,NA
"run02_uniform_k1",9714,"GPT2",8.61690501118284e-05,NA,NA,NA
"run02_uniform_k1",9715,"LPCAT1",1.456721531512e-06,NA,NA,NA
"run02_uniform_k1",9716,"SLC15A1",1.58338604960839e-06,NA,NA,NA
"run02_uniform_k1",9717,"SREBF1",0.000334685132546086,NA,NA,NA
"run02_uniform_k1",9718,"GJA1",0.000128446445619601,NA,NA,NA
"run02_uniform_k1",9719,"STAT1",0.000487010105838959,NA,NA,NA
"run02_uniform_k1",9720,"POLE",6.84091707048307e-06,NA,NA,NA
"run02_uniform_k1",9721,"VLDLR",0,NA,NA,NA
"run02_uniform_k1",9722,"SMAD2",3.42235274195524e-05,NA,NA,NA
"run02_uniform_k1",9723,"MDH2",0.000134051798597046,NA,NA,NA
"run02_uniform_k1",9724,"APAF1",0,NA,NA,NA
"run02_uniform_k1",9725,"ACTG2",0,NA,NA,NA
"run02_uniform_k1",9726,"CSF2",1.26743081751979e-06,NA,NA,NA
"run02_uniform_k1",9727,"EIF2AK2",0.000116554297583948,NA,NA,NA
"run02_uniform_k1",9728,"NEIL1",0,NA,NA,NA
"run02_uniform_k1",9729,"CES1",0.000115566529133249,NA,NA,NA
"run02_uniform_k1",9730,"CDK8",0,NA,NA,NA
"run02_uniform_k1",9731,"NOS2",2.38274351227474e-05,NA,NA,NA
"run02_uniform_k1",9732,"LGALS1",0,NA,NA,NA
"run02_uniform_k1",9733,"DNM1L",6.33522741710912e-07,NA,NA,NA
"run02_uniform_k1",9734,"TLR2",1.15981297473811e-05,NA,NA,NA
"run02_uniform_k1",9735,"KCNJ2",0.00119679281819129,NA,NA,NA
"run02_uniform_k1",9736,"MGLL",0.000230459075350131,NA,NA,NA
"run02_uniform_k1",9737,"S100A13",2.28031262317074e-06,NA,NA,NA
"run02_uniform_k1",9738,"AHCYL1",1.90022934498657e-06,NA,NA,NA
"run02_uniform_k1",9739,"GRIN2C",0,NA,NA,NA
"run02_uniform_k1",9740,"MYH6",5.61947915448391e-05,NA,NA,NA
"run02_uniform_k1",9741,"ANXA5",7.92192003495895e-06,NA,NA,NA
"run02_uniform_k1",9742,"PRKAB2",0,NA,NA,NA
"run02_uniform_k1",9743,"SLC11A2",1.77338485018996e-06,NA,NA,NA
"run02_uniform_k1",9744,"CDT1",1.38729255214631e-05,NA,NA,NA
"run02_uniform_k1",9745,"ASPA",0,NA,NA,NA
"run02_uniform_k1",9746,"CXCR4",0.000366755254582851,NA,NA,NA
"run02_uniform_k1",9747,"BAK1",0,NA,NA,NA
"run02_uniform_k1",9748,"NOS3",0.000136759922833574,NA,NA,NA
"run02_uniform_k1",9749,"NQO1",0.000518240501310552,NA,NA,NA
"run02_uniform_k1",9750,"ALAS1",5.9411598420489e-05,NA,NA,NA
"run02_uniform_k1",9751,"SMAD7",1.26728738392146e-06,NA,NA,NA
"run02_uniform_k1",9752,"CHRNB2",1.93198243616521e-05,NA,NA,NA
"run02_uniform_k1",9753,"CDC25A",1.90080256301517e-06,NA,NA,NA
"run02_uniform_k1",9754,"TLR4",0.000516160551537248,NA,NA,NA
"run02_uniform_k1",9755,"GABRA1",0.000512519672648093,NA,NA,NA
"run02_uniform_k1",9756,"SSTR5",0,NA,NA,NA
"run02_uniform_k1",9757,"PTPN6",0,NA,NA,NA
"run02_uniform_k1",9758,"THBD",8.99612495086632e-06,NA,NA,NA
"run02_uniform_k1",9759,"IL10",0.000109475292591865,NA,NA,NA
"run02_uniform_k1",9760,"SPP1",0.000133522093562433,NA,NA,NA
"run02_uniform_k1",9761,"AOX1",0.000679762836007236,NA,NA,NA
"run02_uniform_k1",9762,"CACNA2D3",0,NA,NA,NA
"run02_uniform_k1",9763,"ADH6",4.11775851749674e-06,NA,NA,NA
"run02_uniform_k1",9764,"TH",0.000370274680685401,NA,NA,NA
"run02_uniform_k1",9765,"HDAC6",0.00238463941154432,NA,NA,NA
"run02_uniform_k1",9766,"GABRA5",0,NA,NA,NA
"run02_uniform_k1",9767,"GSR",0.00032731672891706,NA,NA,NA
"run02_uniform_k1",9768,"CFTR",0.00160265872797649,NA,NA,NA
"run02_uniform_k1",9769,"VKORC1",4.64325427618206e-05,NA,NA,NA
"run02_uniform_k1",9770,"DLG1",6.50075176803488e-05,NA,NA,NA
"run02_uniform_k1",9771,"CRK",6.33660876869779e-06,NA,NA,NA
"run02_uniform_k1",9772,"HDAC7",6.01926074750292e-06,NA,NA,NA
"run02_uniform_k1",9773,"ADCY2",0,NA,NA,NA
"run02_uniform_k1",9774,"IL1A",0.00038306531858312,NA,NA,NA
"run02_uniform_k1",9775,"NANOG",9.82225146706206e-06,NA,NA,NA
"run02_uniform_k1",9776,"NISCH",0,NA,NA,NA
"run02_uniform_k1",9777,"RBP4",4.16853263397465e-05,NA,NA,NA
"run02_uniform_k1",9778,"FUS",6.90480253662251e-06,NA,NA,NA
"run02_uniform_k1",9779,"HTR6",2.29298407665723e-05,NA,NA,NA
"run02_uniform_k1",9780,"APOE",0.000621735352925756,NA,NA,NA
"run02_uniform_k1",9781,"CSF2",1.26743081751979e-06,NA,NA,NA
"run02_uniform_k1",9782,"DMP1",0,NA,NA,NA
"run02_uniform_k1",9783,"SOX2",0.00140571719586968,NA,NA,NA
"run02_uniform_k1",9784,"SLC11A2",1.77338485018996e-06,NA,NA,NA
"run02_uniform_k1",9785,"TACR3",0,NA,NA,NA
"run02_uniform_k1",9786,"HDAC7",6.01926074750292e-06,NA,NA,NA
"run02_uniform_k1",9787,"FTCD",1.21257629834837e-05,NA,NA,NA
"run02_uniform_k1",9788,"EDN1",0.000187385953273167,NA,NA,NA
"run02_uniform_k1",9789,"COL1A2",8.49027404237201e-06,NA,NA,NA
"run02_uniform_k1",9790,"SIGMAR1",0.000141138269685426,NA,NA,NA
"run02_uniform_k1",9791,"ATF2",1.14067009802099e-05,NA,NA,NA
"run02_uniform_k1",9792,"ELOVL2",0,NA,NA,NA
"run02_uniform_k1",9793,"ATP2B3",0,NA,NA,NA
"run02_uniform_k1",9794,"OPRD1",0,NA,NA,NA
"run02_uniform_k1",9795,"CAMK2G",0,NA,NA,NA
"run02_uniform_k1",9796,"ACADM",0.000194896326079275,NA,NA,NA
"run02_uniform_k1",9797,"ADH7",0,NA,NA,NA
"run02_uniform_k1",9798,"ICAM2",0,NA,NA,NA
"run02_uniform_k1",9799,"PIM1",0,NA,NA,NA
"run02_uniform_k1",9800,"HNF1A",0.00122815220873107,NA,NA,NA
"run02_uniform_k1",9801,"GOT1",5.88174838508371e-05,NA,NA,NA
"run02_uniform_k1",9802,"CACNA2D3",0,NA,NA,NA
"run02_uniform_k1",9803,"ESRRG",0.00109032893649263,NA,NA,NA
"run02_uniform_k1",9804,"CYP24A1",2.95788072831593e-05,NA,NA,NA
"run02_uniform_k1",9805,"CYP51A1",3.41436506348103e-05,NA,NA,NA
"run02_uniform_k1",9806,"ADAMTS4",0,NA,NA,NA
"run02_uniform_k1",9807,"BHLHE40",0,NA,NA,NA
"run02_uniform_k1",9808,"TUBG1",1.58373381198285e-06,NA,NA,NA
"run02_uniform_k1",9809,"CALCA",1.96344956293615e-06,NA,NA,NA
"run02_uniform_k1",9810,"COX5A",0,NA,NA,NA
"run02_uniform_k1",9811,"SOD2",0.000296172336680667,NA,NA,NA
"run02_uniform_k1",9812,"FOXO1",0.000280307095370635,NA,NA,NA
"run02_uniform_k1",9813,"CXCL1",0,NA,NA,NA
"run02_uniform_k1",9814,"GGCX",3.08495731728975e-05,NA,NA,NA
"run02_uniform_k1",9815,"RDH11",6.71381155781248e-06,NA,NA,NA
"run02_uniform_k1",9816,"TNFAIP6",4.94186435140431e-06,NA,NA,NA
"run02_uniform_k1",9817,"HSPA1B",2.53472574274216e-06,NA,NA,NA
"run02_uniform_k1",9818,"APRT",5.32709672381726e-05,NA,NA,NA
"run02_uniform_k1",9819,"PDE4A",1.34575381137703e-05,NA,NA,NA
"run02_uniform_k1",9820,"PTH",0.00019439506068486,NA,NA,NA
"run02_uniform_k1",9821,"HPRT1",0.00041877379526456,NA,NA,NA
"run02_uniform_k1",9822,"MARK4",0,NA,NA,NA
"run02_uniform_k1",9823,"CCN2",1.134369344169e-05,NA,NA,NA
"run02_uniform_k1",9824,"F3",4.30244857466677e-05,NA,NA,NA
"run02_uniform_k1",9825,"CRK",6.33660876869779e-06,NA,NA,NA
"run02_uniform_k1",9826,"ATP5F1E",7.91669737976175e-06,NA,NA,NA
"run02_uniform_k1",9827,"CAMK4",1.22274351069818e-05,NA,NA,NA
"run02_uniform_k1",9828,"PTAFR",0,NA,NA,NA
"run02_uniform_k1",9829,"LGALS3",1.90104129516033e-06,NA,NA,NA
"run02_uniform_k1",9830,"CACNA1C",0.000498320638157024,NA,NA,NA
"run02_uniform_k1",9831,"ITGB3",8.18152205451783e-05,NA,NA,NA
"run02_uniform_k1",9832,"TUBB4B",6.33455001119998e-07,NA,NA,NA
"run02_uniform_k1",9833,"VKORC1L1",0,NA,NA,NA
"run02_uniform_k1",9834,"HSPB1",6.97066364507837e-06,NA,NA,NA
"run02_uniform_k1",9835,"HBA1",2.89514794086232e-05,NA,NA,NA
"run02_uniform_k1",9836,"F12",0,NA,NA,NA
"run02_uniform_k1",9837,"FADS1",9.28518306324566e-05,NA,NA,NA
"run02_uniform_k1",9838,"KCND2",2.72386185307116e-06,NA,NA,NA
"run02_uniform_k1",9839,"CXCR4",0.000366755254582851,NA,NA,NA
"run02_uniform_k1",9840,"GPBAR1",0.00120167517532488,NA,NA,NA
"run02_uniform_k1",9841,"DGKA",5.13043205019326e-06,NA,NA,NA
"run02_uniform_k1",9842,"MYC",0.000561856827766771,NA,NA,NA
"run02_uniform_k1",9843,"PTGIS",1.23522684530863e-05,NA,NA,NA
"run02_uniform_k1",9844,"STAT3",0.000956982443180987,NA,NA,NA
"run02_uniform_k1",9845,"AURKB",0.000100012341094136,NA,NA,NA
"run02_uniform_k1",9846,"COX5B",5.70133156496677e-06,NA,NA,NA
"run02_uniform_k1",9847,"GOT2",0.00078289580737978,NA,NA,NA
"run02_uniform_k1",9848,"ELOVL4",0,NA,NA,NA
"run02_uniform_k1",9849,"MGLL",0.000230459075350131,NA,NA,NA
"run02_uniform_k1",9850,"SLC2A1",0.000140046836469954,NA,NA,NA
"run02_uniform_k1",9851,"PARK7",5.03123803161643e-05,NA,NA,NA
"run02_uniform_k1",9852,"SLC1A6",0,NA,NA,NA
"run02_uniform_k1",9853,"NFATC1",5.51292228962996e-05,NA,NA,NA
"run02_uniform_k1",9854,"LRP5",0,NA,NA,NA
"run02_uniform_k1",9855,"CXCL13",0,NA,NA,NA
"run02_uniform_k1",9856,"SLC2A1",0.000140046836469954,NA,NA,NA
"run02_uniform_k1",9857,"RUNX3",2.26216416990832e-05,NA,NA,NA
"run02_uniform_k1",9858,"MGAM",0.000137027144681112,NA,NA,NA
"run02_uniform_k1",9859,"ATP1A2",4.63378248599655e-05,NA,NA,NA
"run02_uniform_k1",9860,"ALDH1B1",0,NA,NA,NA
"run02_uniform_k1",9861,"PIK3R1",5.3428249282339e-05,NA,NA,NA
"run02_uniform_k1",9862,"BAD",6.33634698421481e-06,NA,NA,NA
"run02_uniform_k1",9863,"PPP3R1",0,NA,NA,NA
"run02_uniform_k1",9864,"NDUFS3",7.91874029407724e-05,NA,NA,NA
"run02_uniform_k1",9865,"GLDC",4.87735973941916e-06,NA,NA,NA
"run02_uniform_k1",9866,"AIMP2",0,NA,NA,NA
"run02_uniform_k1",9867,"REN",0.000113239453789604,NA,NA,NA
"run02_uniform_k1",9868,"PKD2",3.16666038624458e-06,NA,NA,NA
"run02_uniform_k1",9869,"PPARG",0.000681665233701723,NA,NA,NA
"run02_uniform_k1",9870,"CCL2",3.6509767629811e-05,NA,NA,NA
"run02_uniform_k1",9871,"CTSK",0.000205253306110875,NA,NA,NA
"run02_uniform_k1",9872,"GRIA4",0,NA,NA,NA
"run02_uniform_k1",9873,"HSPA5",0.000228473516780459,NA,NA,NA
"run02_uniform_k1",9874,"CTTN",2.99716390974591e-05,NA,NA,NA
"run02_uniform_k1",9875,"ABL1",0.000131212002905445,NA,NA,NA
"run02_uniform_k1",9876,"GABRG3",0,NA,NA,NA
"run02_uniform_k1",9877,"GABRQ",0,NA,NA,NA
"run02_uniform_k1",9878,"ACTB",0.0035966824210889,NA,NA,NA
"run02_uniform_k1",9879,"PTGER4",5.57531554357116e-06,NA,NA,NA
"run02_uniform_k1",9880,"PLK4",2.22339198402421e-05,NA,NA,NA
"run02_uniform_k1",9881,"NTRK1",3.04810969022906e-05,NA,NA,NA
"run02_uniform_k1",9882,"HNRNPA1",0.0011965986405017,NA,NA,NA
"run02_uniform_k1",9883,"FGFR2",9.18874357280774e-06,NA,NA,NA
"run02_uniform_k1",9884,"ALB",0.00274688176313465,NA,NA,NA
"run02_uniform_k1",9885,"CD274",2.2623615720252e-05,NA,NA,NA
"run02_uniform_k1",9886,"CMA1",0,NA,NA,NA
"run02_uniform_k1",9887,"KCNJ6",2.88254911089414e-05,NA,NA,NA
"run02_uniform_k1",9888,"DRD2",0.000217393825030943,NA,NA,NA
"run02_uniform_k1",9889,"PHOSPHO1",8.36011896465649e-06,NA,NA,NA
"run02_uniform_k1",9890,"KDR",2.14857653940692e-05,NA,NA,NA
"run02_uniform_k1",9891,"GCG",0.000221045982158996,NA,NA,NA
"run02_uniform_k1",9892,"ADIPOQ",2.77581439246388e-05,NA,NA,NA
"run02_uniform_k1",9893,"F2RL1",1.81154153372498e-05,NA,NA,NA
"run02_uniform_k1",9894,"MOCOS",1.83708339053235e-05,NA,NA,NA
"run02_uniform_k1",9895,"CALM2",0,NA,NA,NA
"run02_uniform_k1",9896,"DUSP1",0,NA,NA,NA
"run02_uniform_k1",9897,"CCND3",6.33604306909952e-07,NA,NA,NA
"run02_uniform_k1",9898,"MAP2",5.57507217935349e-06,NA,NA,NA
"run02_uniform_k1",9899,"NOD2",2.72727341009693e-05,NA,NA,NA
"run02_uniform_k1",9900,"CACNA1H",5.72384790692437e-05,NA,NA,NA
"run02_uniform_k1",9901,"GCK",0.000213793988103061,NA,NA,NA
"run02_uniform_k1",9902,"DUSP1",0,NA,NA,NA
"run02_uniform_k1",9903,"SRR",0,NA,NA,NA
"run02_uniform_k1",9904,"DDIT3",5.44896803789108e-06,NA,NA,NA
"run02_uniform_k1",9905,"ATP2B3",0,NA,NA,NA
"run02_uniform_k1",9906,"CD14",0,NA,NA,NA
"run02_uniform_k1",9907,"PTPN11",2.43987962315062e-05,NA,NA,NA
"run02_uniform_k1",9908,"BDNF",0.000792185293056469,NA,NA,NA
"run02_uniform_k1",9909,"CDK8",0,NA,NA,NA
"run02_uniform_k1",9910,"GABRB3",0.000120726283226125,NA,NA,NA
"run02_uniform_k1",9911,"GRIN2A",0.000361526992004202,NA,NA,NA
"run02_uniform_k1",9912,"ACSL4",0,NA,NA,NA
"run02_uniform_k1",9913,"OAZ1",0,NA,NA,NA
"run02_uniform_k1",9914,"ZEB1",0,NA,NA,NA
"run02_uniform_k1",9915,"ABCC1",0,NA,NA,NA
"run02_uniform_k1",9916,"PPP3R1",0,NA,NA,NA
"run02_uniform_k1",9917,"SPP1",0.000133522093562433,NA,NA,NA
"run02_uniform_k1",9918,"KLK5",0,NA,NA,NA
"run02_uniform_k1",9919,"NNMT",2.43922960370124e-05,NA,NA,NA
"run02_uniform_k1",9920,"AADAT",3.54591244267066e-06,NA,NA,NA
"run02_uniform_k1",9921,"ATP1A1",1.2671361954153e-06,NA,NA,NA
"run02_uniform_k1",9922,"SERPINB9",0,NA,NA,NA
"run02_uniform_k1",9923,"FN1",0.00237698824343124,NA,NA,NA
"run02_uniform_k1",9924,"FGF1",4.22001056762378e-05,NA,NA,NA
"run02_uniform_k1",9925,"ARF5",0,NA,NA,NA
"run02_uniform_k1",9926,"SLC47A1",0,NA,NA,NA
"run02_uniform_k1",9927,"CAPN10",0.000977887184816284,NA,NA,NA
"run02_uniform_k1",9928,"GPER1",8.61720038791702e-06,NA,NA,NA
"run02_uniform_k1",9929,"GPR35",0,NA,NA,NA
"run02_uniform_k1",9930,"ANXA5",7.92192003495895e-06,NA,NA,NA
"run02_uniform_k1",9931,"GLYAT",0,NA,NA,NA
"run02_uniform_k1",9932,"AADAT",3.54591244267066e-06,NA,NA,NA
"run02_uniform_k1",9933,"ORM2",0,NA,NA,NA
"run02_uniform_k1",9934,"AQP1",7.97847562783449e-06,NA,NA,NA
"run02_uniform_k1",9935,"SREBF2",1.69818952083789e-05,NA,NA,NA
"run02_uniform_k1",9936,"SLC8A2",0,NA,NA,NA
"run02_uniform_k1",9937,"GPR83",0,NA,NA,NA
"run02_uniform_k1",9938,"P2RX4",0,NA,NA,NA
"run02_uniform_k1",9939,"PRKACA",0.00408086083662407,NA,NA,NA
"run02_uniform_k1",9940,"TRPC5",4.86789497714524e-05,NA,NA,NA
"run02_uniform_k1",9941,"EBP",6.01605713679287e-06,NA,NA,NA
"run02_uniform_k1",9942,"FUS",6.90480253662251e-06,NA,NA,NA
"run02_uniform_k1",9943,"AFM",0,NA,NA,NA
"run02_uniform_k1",9944,"NFKBIE",0,NA,NA,NA
"run02_uniform_k1",9945,"ODC1",0.00121583500905476,NA,NA,NA
"run02_uniform_k1",9946,"KDM1A",0,NA,NA,NA
"run02_uniform_k1",9947,"APLP1",0,NA,NA,NA
"run02_uniform_k1",9948,"GGCX",3.08495731728975e-05,NA,NA,NA
"run02_uniform_k1",9949,"MMP2",1.88862703024428e-05,NA,NA,NA
"run02_uniform_k1",9950,"NR1I2",0.000123041356779652,NA,NA,NA
"run02_uniform_k1",9951,"CP",4.75143862451732e-05,NA,NA,NA
"run02_uniform_k1",9952,"XPO1",1.66633213304346e-05,NA,NA,NA
"run02_uniform_k1",9953,"PDE7B",0,NA,NA,NA
"run02_uniform_k1",9954,"FXN",3.98458264223578e-05,NA,NA,NA
"run02_uniform_k1",9955,"CYP3A4",0.000708964295377368,NA,NA,NA
"run02_uniform_k1",9956,"PDE6C",0,NA,NA,NA
"run02_uniform_k1",9957,"SCN5A",0.000167082927235662,NA,NA,NA
"run02_uniform_k1",9958,"LGALS3",1.90104129516033e-06,NA,NA,NA
"run02_uniform_k1",9959,"SIRT1",0.000506319994551752,NA,NA,NA
"run02_uniform_k1",9960,"SQLE",9.90930470378126e-05,NA,NA,NA
"run02_uniform_k1",9961,"PRDX2",0,NA,NA,NA
"run02_uniform_k1",9962,"GABRA3",0,NA,NA,NA
"run02_uniform_k1",9963,"MAP2",5.57507217935349e-06,NA,NA,NA
"run02_uniform_k1",9964,"SOX9",0.000102527928081186,NA,NA,NA
"run02_uniform_k1",9965,"ABCC1",0,NA,NA,NA
"run02_uniform_k1",9966,"PLA2G2D",0,NA,NA,NA
"run02_uniform_k1",9967,"PROM1",0.00127729251749653,NA,NA,NA
"run02_uniform_k1",9968,"BIRC3",6.3362084734564e-07,NA,NA,NA
"run02_uniform_k1",9969,"RBL1",0,NA,NA,NA
"run02_uniform_k1",9970,"ZEB2",0,NA,NA,NA
"run02_uniform_k1",9971,"ACTC1",1.57742735648059e-05,NA,NA,NA
"run02_uniform_k1",9972,"GABRG2",6.25131802217682e-05,NA,NA,NA
"run02_uniform_k1",9973,"IGF1",0.000380119663706879,NA,NA,NA
"run02_uniform_k1",9974,"MAPK8IP1",9.56119621767781e-05,NA,NA,NA
"run02_uniform_k1",9975,"PIM1",0,NA,NA,NA
"run02_uniform_k1",9976,"ACSL4",0,NA,NA,NA
"run02_uniform_k1",9977,"LRIG1",0,NA,NA,NA
"run02_uniform_k1",9978,"PDE7B",0,NA,NA,NA
"run02_uniform_k1",9979,"TUBG1",1.58373381198285e-06,NA,NA,NA
"run02_uniform_k1",9980,"PGR",2.93426634963012e-05,NA,NA,NA
"run02_uniform_k1",9981,"PLD2",0.000135771725086054,NA,NA,NA
"run02_uniform_k1",9982,"AKT2",0,NA,NA,NA
"run02_uniform_k1",9983,"ACP1",0,NA,NA,NA
"run02_uniform_k1",9984,"DHODH",1.42497466326663e-05,NA,NA,NA
"run02_uniform_k1",9985,"SDHA",0.000611111269984921,NA,NA,NA
"run02_uniform_k1",9986,"KRAS",0.00012277649828063,NA,NA,NA
"run02_uniform_k1",9987,"FXN",3.98458264223578e-05,NA,NA,NA
"run02_uniform_k1",9988,"UQCRC1",5.15309632885819e-05,NA,NA,NA
"run02_uniform_k1",9989,"TYR",3.79481492692735e-05,NA,NA,NA
"run02_uniform_k1",9990,"TH",0.000370274680685401,NA,NA,NA
"run02_uniform_k1",9991,"ACSL1",4.92269468655993e-05,NA,NA,NA
"run02_uniform_k1",9992,"COX6A2",0,NA,NA,NA
"run02_uniform_k1",9993,"SLC15A1",1.58338604960839e-06,NA,NA,NA
"run02_uniform_k1",9994,"VWF",5.62078033525815e-05,NA,NA,NA
"run02_uniform_k1",9995,"SOX9",0.000102527928081186,NA,NA,NA
"run02_uniform_k1",9996,"EIF2A",0,NA,NA,NA
"run02_uniform_k1",9997,"KCNN4",9.50269363275691e-06,NA,NA,NA
"run02_uniform_k1",9998,"NEDD4L",4.56173481240274e-05,NA,NA,NA
"run02_uniform_k1",9999,"CD83",0,NA,NA,NA
"run02_uniform_k1",10000,"HCN2",0,NA,NA,NA
