"null_label","iteration","sampled_set","D_E","bliss_expected","Syn_Bliss","Syn_add"
"run02_topology_LCN2",1,"GRIA1",1.90084712514693e-06,NA,NA,NA
"run02_topology_LCN2",2,"SCN1A",4.8526600018195e-05,NA,NA,NA
"run02_topology_LCN2",3,"EIF2AK2",0.000116554297583948,NA,NA,NA
"run02_topology_LCN2",4,"RYR2",4.78345186669671e-05,NA,NA,NA
"run02_topology_LCN2",5,"RYR2",4.78345186669671e-05,NA,NA,NA
"run02_topology_LCN2",6,"RYR2",4.78345186669671e-05,NA,NA,NA
"run02_topology_LCN2",7,"PPARD",4.39109792027548e-05,NA,NA,NA
"run02_topology_LCN2",8,"NFATC1",5.51292228962996e-05,NA,NA,NA
"run02_topology_LCN2",9,"ACTG1",2.72461711825489e-06,NA,NA,NA
"run02_topology_LCN2",10,"EIF2AK2",0.000116554297583948,NA,NA,NA
"run02_topology_LCN2",11,"ITGA5",0.00127400659039045,NA,NA,NA
"run02_topology_LCN2",12,"AKR1C1",5.66614851992275e-05,NA,NA,NA
"run02_topology_LCN2",13,"CPT1A",1.49157660161992e-05,NA,NA,NA
"run02_topology_LCN2",14,"CPT1A",1.49157660161992e-05,NA,NA,NA
"run02_topology_LCN2",15,"FURIN",9.05415850372959e-05,NA,NA,NA
"run02_topology_LCN2",16,"HSD3B2",2.44539251612608e-05,NA,NA,NA
"run02_topology_LCN2",17,"ADH5",7.50101523409041e-05,NA,NA,NA
"run02_topology_LCN2",18,"NFATC1",5.51292228962996e-05,NA,NA,NA
"run02_topology_LCN2",19,"PPIF",5.98208087934093e-05,NA,NA,NA
"run02_topology_LCN2",20,"GLUD1",0.00010300883354164,NA,NA,NA
"run02_topology_LCN2",21,"ALDH1B1",0,NA,NA,NA
"run02_topology_LCN2",22,"VIM",5.2598025607753e-05,NA,NA,NA
"run02_topology_LCN2",23,"CALR",4.38793673526172e-05,NA,NA,NA
"run02_topology_LCN2",24,"HSD3B2",2.44539251612608e-05,NA,NA,NA
"run02_topology_LCN2",25,"EIF2AK2",0.000116554297583948,NA,NA,NA
"run02_topology_LCN2",26,"EIF2AK2",0.000116554297583948,NA,NA,NA
"run02_topology_LCN2",27,"CPT1A",1.49157660161992e-05,NA,NA,NA
"run02_topology_LCN2",28,"GRIA2",6.42468498274207e-05,NA,NA,NA
"run02_topology_LCN2",29,"NOS2",2.38274351227474e-05,NA,NA,NA
"run02_topology_LCN2",30,"PARK7",5.03123803161643e-05,NA,NA,NA
"run02_topology_LCN2",31,"RYR2",4.78345186669671e-05,NA,NA,NA
"run02_topology_LCN2",32,"VIM",5.2598025607753e-05,NA,NA,NA
"run02_topology_LCN2",33,"CALR",4.38793673526172e-05,NA,NA,NA
"run02_topology_LCN2",34,"ITGA5",0.00127400659039045,NA,NA,NA
"run02_topology_LCN2",35,"CYP2C19",1.83094707274511e-05,NA,NA,NA
"run02_topology_LCN2",36,"RYR1",8.59077355945814e-05,NA,NA,NA
"run02_topology_LCN2",37,"BTK",0.000119272845312435,NA,NA,NA
"run02_topology_LCN2",38,"HSD3B2",2.44539251612608e-05,NA,NA,NA
"run02_topology_LCN2",39,"PPARD",4.39109792027548e-05,NA,NA,NA
"run02_topology_LCN2",40,"AGTR1",7.87895413547623e-05,NA,NA,NA
"run02_topology_LCN2",41,"AURKB",0.000100012341094136,NA,NA,NA
"run02_topology_LCN2",42,"AURKB",0.000100012341094136,NA,NA,NA
"run02_topology_LCN2",43,"KEAP1",8.90865911317151e-05,NA,NA,NA
"run02_topology_LCN2",44,"PRKCZ",0.00127837750571802,NA,NA,NA
"run02_topology_LCN2",45,"DLG1",6.50075176803488e-05,NA,NA,NA
"run02_topology_LCN2",46,"FURIN",9.05415850372959e-05,NA,NA,NA
"run02_topology_LCN2",47,"BTK",0.000119272845312435,NA,NA,NA
"run02_topology_LCN2",48,"SCN1A",4.8526600018195e-05,NA,NA,NA
"run02_topology_LCN2",49,"SLC6A4",7.25412905625555e-05,NA,NA,NA
"run02_topology_LCN2",50,"GRIA1",1.90084712514693e-06,NA,NA,NA
"run02_topology_LCN2",51,"PRKCZ",0.00127837750571802,NA,NA,NA
"run02_topology_LCN2",52,"CYP2C19",1.83094707274511e-05,NA,NA,NA
"run02_topology_LCN2",53,"ALDH1B1",0,NA,NA,NA
"run02_topology_LCN2",54,"CALR",4.38793673526172e-05,NA,NA,NA
"run02_topology_LCN2",55,"NFATC1",5.51292228962996e-05,NA,NA,NA
"run02_topology_LCN2",56,"ADH5",7.50101523409041e-05,NA,NA,NA
"run02_topology_LCN2",57,"AURKA",5.49029298524406e-05,NA,NA,NA
"run02_topology_LCN2",58,"ALDH3A1",7.8987277396747e-05,NA,NA,NA
"run02_topology_LCN2",59,"ADH5",7.50101523409041e-05,NA,NA,NA
"run02_topology_LCN2",60,"AKR1C1",5.66614851992275e-05,NA,NA,NA
"run02_topology_LCN2",61,"ACSL1",4.92269468655993e-05,NA,NA,NA
"run02_topology_LCN2",62,"CALR",4.38793673526172e-05,NA,NA,NA
"run02_topology_LCN2",63,"ACSL1",4.92269468655993e-05,NA,NA,NA
"run02_topology_LCN2",64,"ALDH3A1",7.8987277396747e-05,NA,NA,NA
"run02_topology_LCN2",65,"ACE2",6.17806475236016e-05,NA,NA,NA
"run02_topology_LCN2",66,"AKR1D1",0.0010662752740489,NA,NA,NA
"run02_topology_LCN2",67,"EIF2AK2",0.000116554297583948,NA,NA,NA
"run02_topology_LCN2",68,"AGTR1",7.87895413547623e-05,NA,NA,NA
"run02_topology_LCN2",69,"KEAP1",8.90865911317151e-05,NA,NA,NA
"run02_topology_LCN2",70,"ACTG1",2.72461711825489e-06,NA,NA,NA
"run02_topology_LCN2",71,"CALM2",0,NA,NA,NA
"run02_topology_LCN2",72,"VIM",5.2598025607753e-05,NA,NA,NA
"run02_topology_LCN2",73,"NDUFS3",7.91874029407724e-05,NA,NA,NA
"run02_topology_LCN2",74,"CACNA1B",0,NA,NA,NA
"run02_topology_LCN2",75,"CPT1A",1.49157660161992e-05,NA,NA,NA
"run02_topology_LCN2",76,"CYP17A1",3.31356115126358e-05,NA,NA,NA
"run02_topology_LCN2",77,"CPT1A",1.49157660161992e-05,NA,NA,NA
"run02_topology_LCN2",78,"CALM2",0,NA,NA,NA
"run02_topology_LCN2",79,"CTSD",0.000133066364187417,NA,NA,NA
"run02_topology_LCN2",80,"CTSD",0.000133066364187417,NA,NA,NA
"run02_topology_LCN2",81,"DLG1",6.50075176803488e-05,NA,NA,NA
"run02_topology_LCN2",82,"ITGA5",0.00127400659039045,NA,NA,NA
"run02_topology_LCN2",83,"RYR2",4.78345186669671e-05,NA,NA,NA
"run02_topology_LCN2",84,"CALM2",0,NA,NA,NA
"run02_topology_LCN2",85,"AKR1C1",5.66614851992275e-05,NA,NA,NA
"run02_topology_LCN2",86,"CACNA1B",0,NA,NA,NA
"run02_topology_LCN2",87,"HSD3B2",2.44539251612608e-05,NA,NA,NA
"run02_topology_LCN2",88,"CALR",4.38793673526172e-05,NA,NA,NA
"run02_topology_LCN2",89,"HSD3B2",2.44539251612608e-05,NA,NA,NA
"run02_topology_LCN2",90,"CTSD",0.000133066364187417,NA,NA,NA
"run02_topology_LCN2",91,"ADH5",7.50101523409041e-05,NA,NA,NA
"run02_topology_LCN2",92,"AURKB",0.000100012341094136,NA,NA,NA
"run02_topology_LCN2",93,"CACNA1B",0,NA,NA,NA
"run02_topology_LCN2",94,"DLG1",6.50075176803488e-05,NA,NA,NA
"run02_topology_LCN2",95,"DLG1",6.50075176803488e-05,NA,NA,NA
"run02_topology_LCN2",96,"AKR1C1",5.66614851992275e-05,NA,NA,NA
"run02_topology_LCN2",97,"FABP4",8.52242665472236e-05,NA,NA,NA
"run02_topology_LCN2",98,"BAX",8.97923976903581e-05,NA,NA,NA
"run02_topology_LCN2",99,"C3",4.60004945984638e-05,NA,NA,NA
"run02_topology_LCN2",100,"PARK7",5.03123803161643e-05,NA,NA,NA
"run02_topology_LCN2",101,"GRIA2",6.42468498274207e-05,NA,NA,NA
"run02_topology_LCN2",102,"SLC6A4",7.25412905625555e-05,NA,NA,NA
"run02_topology_LCN2",103,"ACACA",7.98311027262466e-05,NA,NA,NA
"run02_topology_LCN2",104,"BTK",0.000119272845312435,NA,NA,NA
"run02_topology_LCN2",105,"PRKCZ",0.00127837750571802,NA,NA,NA
"run02_topology_LCN2",106,"NPPA",7.28658572474172e-05,NA,NA,NA
"run02_topology_LCN2",107,"SCN1A",4.8526600018195e-05,NA,NA,NA
"run02_topology_LCN2",108,"SLC6A4",7.25412905625555e-05,NA,NA,NA
"run02_topology_LCN2",109,"C3",4.60004945984638e-05,NA,NA,NA
"run02_topology_LCN2",110,"AURKB",0.000100012341094136,NA,NA,NA
"run02_topology_LCN2",111,"RASA1",5.55702489675181e-05,NA,NA,NA
"run02_topology_LCN2",112,"SCN1A",4.8526600018195e-05,NA,NA,NA
"run02_topology_LCN2",113,"C3",4.60004945984638e-05,NA,NA,NA
"run02_topology_LCN2",114,"AURKA",5.49029298524406e-05,NA,NA,NA
"run02_topology_LCN2",115,"RYR1",8.59077355945814e-05,NA,NA,NA
"run02_topology_LCN2",116,"ALDH3A1",7.8987277396747e-05,NA,NA,NA
"run02_topology_LCN2",117,"C3",4.60004945984638e-05,NA,NA,NA
"run02_topology_LCN2",118,"CTSD",0.000133066364187417,NA,NA,NA
"run02_topology_LCN2",119,"CALR",4.38793673526172e-05,NA,NA,NA
"run02_topology_LCN2",120,"ALDH1B1",0,NA,NA,NA
"run02_topology_LCN2",121,"NFATC1",5.51292228962996e-05,NA,NA,NA
"run02_topology_LCN2",122,"PARK7",5.03123803161643e-05,NA,NA,NA
"run02_topology_LCN2",123,"ADH5",7.50101523409041e-05,NA,NA,NA
"run02_topology_LCN2",124,"RYR2",4.78345186669671e-05,NA,NA,NA
"run02_topology_LCN2",125,"ACACA",7.98311027262466e-05,NA,NA,NA
"run02_topology_LCN2",126,"CYP17A1",3.31356115126358e-05,NA,NA,NA
"run02_topology_LCN2",127,"FABP4",8.52242665472236e-05,NA,NA,NA
"run02_topology_LCN2",128,"GRIA2",6.42468498274207e-05,NA,NA,NA
"run02_topology_LCN2",129,"KEAP1",8.90865911317151e-05,NA,NA,NA
"run02_topology_LCN2",130,"AKR1C1",5.66614851992275e-05,NA,NA,NA
"run02_topology_LCN2",131,"RYR1",8.59077355945814e-05,NA,NA,NA
"run02_topology_LCN2",132,"PPIF",5.98208087934093e-05,NA,NA,NA
"run02_topology_LCN2",133,"ACE2",6.17806475236016e-05,NA,NA,NA
"run02_topology_LCN2",134,"BTK",0.000119272845312435,NA,NA,NA
"run02_topology_LCN2",135,"AKR1C1",5.66614851992275e-05,NA,NA,NA
"run02_topology_LCN2",136,"ADH5",7.50101523409041e-05,NA,NA,NA
"run02_topology_LCN2",137,"AKR1C1",5.66614851992275e-05,NA,NA,NA
"run02_topology_LCN2",138,"ACE2",6.17806475236016e-05,NA,NA,NA
"run02_topology_LCN2",139,"SLC6A4",7.25412905625555e-05,NA,NA,NA
"run02_topology_LCN2",140,"CYP17A1",3.31356115126358e-05,NA,NA,NA
"run02_topology_LCN2",141,"SLC6A4",7.25412905625555e-05,NA,NA,NA
"run02_topology_LCN2",142,"DLG1",6.50075176803488e-05,NA,NA,NA
"run02_topology_LCN2",143,"NOS2",2.38274351227474e-05,NA,NA,NA
"run02_topology_LCN2",144,"HSD3B2",2.44539251612608e-05,NA,NA,NA
"run02_topology_LCN2",145,"EIF2AK2",0.000116554297583948,NA,NA,NA
"run02_topology_LCN2",146,"CACNA1B",0,NA,NA,NA
"run02_topology_LCN2",147,"GOT1",5.88174838508371e-05,NA,NA,NA
"run02_topology_LCN2",148,"PPIF",5.98208087934093e-05,NA,NA,NA
"run02_topology_LCN2",149,"GRIA1",1.90084712514693e-06,NA,NA,NA
"run02_topology_LCN2",150,"GOT1",5.88174838508371e-05,NA,NA,NA
"run02_topology_LCN2",151,"ITGA5",0.00127400659039045,NA,NA,NA
"run02_topology_LCN2",152,"GOT1",5.88174838508371e-05,NA,NA,NA
"run02_topology_LCN2",153,"AGTR1",7.87895413547623e-05,NA,NA,NA
"run02_topology_LCN2",154,"AKR1D1",0.0010662752740489,NA,NA,NA
"run02_topology_LCN2",155,"PARK7",5.03123803161643e-05,NA,NA,NA
"run02_topology_LCN2",156,"PARK7",5.03123803161643e-05,NA,NA,NA
"run02_topology_LCN2",157,"KEAP1",8.90865911317151e-05,NA,NA,NA
"run02_topology_LCN2",158,"C3",4.60004945984638e-05,NA,NA,NA
"run02_topology_LCN2",159,"GRIA1",1.90084712514693e-06,NA,NA,NA
"run02_topology_LCN2",160,"RYR1",8.59077355945814e-05,NA,NA,NA
"run02_topology_LCN2",161,"ACTG1",2.72461711825489e-06,NA,NA,NA
"run02_topology_LCN2",162,"ACE2",6.17806475236016e-05,NA,NA,NA
"run02_topology_LCN2",163,"FABP4",8.52242665472236e-05,NA,NA,NA
"run02_topology_LCN2",164,"AKR1C1",5.66614851992275e-05,NA,NA,NA
"run02_topology_LCN2",165,"NOS2",2.38274351227474e-05,NA,NA,NA
"run02_topology_LCN2",166,"EIF2AK2",0.000116554297583948,NA,NA,NA
"run02_topology_LCN2",167,"C3",4.60004945984638e-05,NA,NA,NA
"run02_topology_LCN2",168,"PPIF",5.98208087934093e-05,NA,NA,NA
"run02_topology_LCN2",169,"C3",4.60004945984638e-05,NA,NA,NA
"run02_topology_LCN2",170,"ALDH1B1",0,NA,NA,NA
"run02_topology_LCN2",171,"FURIN",9.05415850372959e-05,NA,NA,NA
"run02_topology_LCN2",172,"CYP2D6",2.95879994604009e-05,NA,NA,NA
"run02_topology_LCN2",173,"PARK7",5.03123803161643e-05,NA,NA,NA
"run02_topology_LCN2",174,"VIM",5.2598025607753e-05,NA,NA,NA
"run02_topology_LCN2",175,"EIF2AK2",0.000116554297583948,NA,NA,NA
"run02_topology_LCN2",176,"CACNA1B",0,NA,NA,NA
"run02_topology_LCN2",177,"COL1A2",8.49027404237201e-06,NA,NA,NA
"run02_topology_LCN2",178,"ACTG1",2.72461711825489e-06,NA,NA,NA
"run02_topology_LCN2",179,"ACTG1",2.72461711825489e-06,NA,NA,NA
"run02_topology_LCN2",180,"VIM",5.2598025607753e-05,NA,NA,NA
"run02_topology_LCN2",181,"ACACA",7.98311027262466e-05,NA,NA,NA
"run02_topology_LCN2",182,"ITGA5",0.00127400659039045,NA,NA,NA
"run02_topology_LCN2",183,"ALDH3A1",7.8987277396747e-05,NA,NA,NA
"run02_topology_LCN2",184,"PARK7",5.03123803161643e-05,NA,NA,NA
"run02_topology_LCN2",185,"GRIA2",6.42468498274207e-05,NA,NA,NA
"run02_topology_LCN2",186,"AKR1D1",0.0010662752740489,NA,NA,NA
"run02_topology_LCN2",187,"GLUD1",0.00010300883354164,NA,NA,NA
"run02_topology_LCN2",188,"AKR1D1",0.0010662752740489,NA,NA,NA
"run02_topology_LCN2",189,"ACSL1",4.92269468655993e-05,NA,NA,NA
"run02_topology_LCN2",190,"GRIA1",1.90084712514693e-06,NA,NA,NA
"run02_topology_LCN2",191,"NPPA",7.28658572474172e-05,NA,NA,NA
"run02_topology_LCN2",192,"DLG1",6.50075176803488e-05,NA,NA,NA
"run02_topology_LCN2",193,"C3",4.60004945984638e-05,NA,NA,NA
"run02_topology_LCN2",194,"AURKA",5.49029298524406e-05,NA,NA,NA
"run02_topology_LCN2",195,"GLUD1",0.00010300883354164,NA,NA,NA
"run02_topology_LCN2",196,"CALM2",0,NA,NA,NA
"run02_topology_LCN2",197,"RASA1",5.55702489675181e-05,NA,NA,NA
"run02_topology_LCN2",198,"AURKA",5.49029298524406e-05,NA,NA,NA
"run02_topology_LCN2",199,"AKR1C1",5.66614851992275e-05,NA,NA,NA
"run02_topology_LCN2",200,"CALM2",0,NA,NA,NA
"run02_topology_LCN2",201,"C3",4.60004945984638e-05,NA,NA,NA
"run02_topology_LCN2",202,"ACE2",6.17806475236016e-05,NA,NA,NA
"run02_topology_LCN2",203,"COL1A2",8.49027404237201e-06,NA,NA,NA
"run02_topology_LCN2",204,"AKR1D1",0.0010662752740489,NA,NA,NA
"run02_topology_LCN2",205,"COL1A2",8.49027404237201e-06,NA,NA,NA
"run02_topology_LCN2",206,"ACSL1",4.92269468655993e-05,NA,NA,NA
"run02_topology_LCN2",207,"GRIA2",6.42468498274207e-05,NA,NA,NA
"run02_topology_LCN2",208,"CYP2D6",2.95879994604009e-05,NA,NA,NA
"run02_topology_LCN2",209,"GRIA2",6.42468498274207e-05,NA,NA,NA
"run02_topology_LCN2",210,"ACE2",6.17806475236016e-05,NA,NA,NA
"run02_topology_LCN2",211,"CTSD",0.000133066364187417,NA,NA,NA
"run02_topology_LCN2",212,"AKR1D1",0.0010662752740489,NA,NA,NA
"run02_topology_LCN2",213,"ITGA5",0.00127400659039045,NA,NA,NA
"run02_topology_LCN2",214,"NOS2",2.38274351227474e-05,NA,NA,NA
"run02_topology_LCN2",215,"AURKB",0.000100012341094136,NA,NA,NA
"run02_topology_LCN2",216,"CALR",4.38793673526172e-05,NA,NA,NA
"run02_topology_LCN2",217,"C3",4.60004945984638e-05,NA,NA,NA
"run02_topology_LCN2",218,"ALDH1B1",0,NA,NA,NA
"run02_topology_LCN2",219,"NPPA",7.28658572474172e-05,NA,NA,NA
"run02_topology_LCN2",220,"NDUFS3",7.91874029407724e-05,NA,NA,NA
"run02_topology_LCN2",221,"NPPA",7.28658572474172e-05,NA,NA,NA
"run02_topology_LCN2",222,"ACACA",7.98311027262466e-05,NA,NA,NA
"run02_topology_LCN2",223,"CACNA1B",0,NA,NA,NA
"run02_topology_LCN2",224,"ACSL1",4.92269468655993e-05,NA,NA,NA
"run02_topology_LCN2",225,"CACNA1B",0,NA,NA,NA
"run02_topology_LCN2",226,"CYP17A1",3.31356115126358e-05,NA,NA,NA
"run02_topology_LCN2",227,"RYR1",8.59077355945814e-05,NA,NA,NA
"run02_topology_LCN2",228,"NOS2",2.38274351227474e-05,NA,NA,NA
"run02_topology_LCN2",229,"NPPA",7.28658572474172e-05,NA,NA,NA
"run02_topology_LCN2",230,"ALDH3A1",7.8987277396747e-05,NA,NA,NA
"run02_topology_LCN2",231,"NDUFS3",7.91874029407724e-05,NA,NA,NA
"run02_topology_LCN2",232,"CTSD",0.000133066364187417,NA,NA,NA
"run02_topology_LCN2",233,"NFATC1",5.51292228962996e-05,NA,NA,NA
"run02_topology_LCN2",234,"EIF2AK2",0.000116554297583948,NA,NA,NA
"run02_topology_LCN2",235,"ACTG1",2.72461711825489e-06,NA,NA,NA
"run02_topology_LCN2",236,"NFATC1",5.51292228962996e-05,NA,NA,NA
"run02_topology_LCN2",237,"CYP17A1",3.31356115126358e-05,NA,NA,NA
"run02_topology_LCN2",238,"AURKB",0.000100012341094136,NA,NA,NA
"run02_topology_LCN2",239,"CYP17A1",3.31356115126358e-05,NA,NA,NA
"run02_topology_LCN2",240,"FABP4",8.52242665472236e-05,NA,NA,NA
"run02_topology_LCN2",241,"KEAP1",8.90865911317151e-05,NA,NA,NA
"run02_topology_LCN2",242,"AGTR1",7.87895413547623e-05,NA,NA,NA
"run02_topology_LCN2",243,"CYP2C19",1.83094707274511e-05,NA,NA,NA
"run02_topology_LCN2",244,"SLC6A4",7.25412905625555e-05,NA,NA,NA
"run02_topology_LCN2",245,"PPARD",4.39109792027548e-05,NA,NA,NA
"run02_topology_LCN2",246,"ACE2",6.17806475236016e-05,NA,NA,NA
"run02_topology_LCN2",247,"RYR1",8.59077355945814e-05,NA,NA,NA
"run02_topology_LCN2",248,"CTSD",0.000133066364187417,NA,NA,NA
"run02_topology_LCN2",249,"GRIA2",6.42468498274207e-05,NA,NA,NA
"run02_topology_LCN2",250,"ALDH3A1",7.8987277396747e-05,NA,NA,NA
"run02_topology_LCN2",251,"EIF2AK2",0.000116554297583948,NA,NA,NA
"run02_topology_LCN2",252,"GOT1",5.88174838508371e-05,NA,NA,NA
"run02_topology_LCN2",253,"AGTR1",7.87895413547623e-05,NA,NA,NA
"run02_topology_LCN2",254,"EIF2S1",0.000110140192739028,NA,NA,NA
"run02_topology_LCN2",255,"VIM",5.2598025607753e-05,NA,NA,NA
"run02_topology_LCN2",256,"PPIF",5.98208087934093e-05,NA,NA,NA
"run02_topology_LCN2",257,"NFATC1",5.51292228962996e-05,NA,NA,NA
"run02_topology_LCN2",258,"COL1A2",8.49027404237201e-06,NA,NA,NA
"run02_topology_LCN2",259,"CACNA1B",0,NA,NA,NA
"run02_topology_LCN2",260,"CTSD",0.000133066364187417,NA,NA,NA
"run02_topology_LCN2",261,"KEAP1",8.90865911317151e-05,NA,NA,NA
"run02_topology_LCN2",262,"C3",4.60004945984638e-05,NA,NA,NA
"run02_topology_LCN2",263,"ALDH3A1",7.8987277396747e-05,NA,NA,NA
"run02_topology_LCN2",264,"ALDH1B1",0,NA,NA,NA
"run02_topology_LCN2",265,"ACE2",6.17806475236016e-05,NA,NA,NA
"run02_topology_LCN2",266,"AKR1C1",5.66614851992275e-05,NA,NA,NA
"run02_topology_LCN2",267,"ACTG1",2.72461711825489e-06,NA,NA,NA
"run02_topology_LCN2",268,"GRIA1",1.90084712514693e-06,NA,NA,NA
"run02_topology_LCN2",269,"RYR1",8.59077355945814e-05,NA,NA,NA
"run02_topology_LCN2",270,"CYP2C19",1.83094707274511e-05,NA,NA,NA
"run02_topology_LCN2",271,"PRKCZ",0.00127837750571802,NA,NA,NA
"run02_topology_LCN2",272,"FABP4",8.52242665472236e-05,NA,NA,NA
"run02_topology_LCN2",273,"AURKA",5.49029298524406e-05,NA,NA,NA
"run02_topology_LCN2",274,"ACE2",6.17806475236016e-05,NA,NA,NA
"run02_topology_LCN2",275,"ACSL1",4.92269468655993e-05,NA,NA,NA
"run02_topology_LCN2",276,"C3",4.60004945984638e-05,NA,NA,NA
"run02_topology_LCN2",277,"BAX",8.97923976903581e-05,NA,NA,NA
"run02_topology_LCN2",278,"NDUFS3",7.91874029407724e-05,NA,NA,NA
"run02_topology_LCN2",279,"BAX",8.97923976903581e-05,NA,NA,NA
"run02_topology_LCN2",280,"PRKCZ",0.00127837750571802,NA,NA,NA
"run02_topology_LCN2",281,"SCN1A",4.8526600018195e-05,NA,NA,NA
"run02_topology_LCN2",282,"ALDH3A1",7.8987277396747e-05,NA,NA,NA
"run02_topology_LCN2",283,"ACSL1",4.92269468655993e-05,NA,NA,NA
"run02_topology_LCN2",284,"VIM",5.2598025607753e-05,NA,NA,NA
"run02_topology_LCN2",285,"GLUD1",0.00010300883354164,NA,NA,NA
"run02_topology_LCN2",286,"BTK",0.000119272845312435,NA,NA,NA
"run02_topology_LCN2",287,"ALDH1B1",0,NA,NA,NA
"run02_topology_LCN2",288,"COL1A2",8.49027404237201e-06,NA,NA,NA
"run02_topology_LCN2",289,"NOS2",2.38274351227474e-05,NA,NA,NA
"run02_topology_LCN2",290,"PARK7",5.03123803161643e-05,NA,NA,NA
"run02_topology_LCN2",291,"AKR1C1",5.66614851992275e-05,NA,NA,NA
"run02_topology_LCN2",292,"ACE2",6.17806475236016e-05,NA,NA,NA
"run02_topology_LCN2",293,"ITGA5",0.00127400659039045,NA,NA,NA
"run02_topology_LCN2",294,"AGTR1",7.87895413547623e-05,NA,NA,NA
"run02_topology_LCN2",295,"CYP2C19",1.83094707274511e-05,NA,NA,NA
"run02_topology_LCN2",296,"ACSL1",4.92269468655993e-05,NA,NA,NA
"run02_topology_LCN2",297,"CALM2",0,NA,NA,NA
"run02_topology_LCN2",298,"ACE2",6.17806475236016e-05,NA,NA,NA
"run02_topology_LCN2",299,"ALDH1B1",0,NA,NA,NA
"run02_topology_LCN2",300,"COL1A2",8.49027404237201e-06,NA,NA,NA
"run02_topology_LCN2",301,"RYR2",4.78345186669671e-05,NA,NA,NA
"run02_topology_LCN2",302,"HSD3B2",2.44539251612608e-05,NA,NA,NA
"run02_topology_LCN2",303,"COL1A2",8.49027404237201e-06,NA,NA,NA
"run02_topology_LCN2",304,"PRKCZ",0.00127837750571802,NA,NA,NA
"run02_topology_LCN2",305,"NPPA",7.28658572474172e-05,NA,NA,NA
"run02_topology_LCN2",306,"C3",4.60004945984638e-05,NA,NA,NA
"run02_topology_LCN2",307,"ITGA5",0.00127400659039045,NA,NA,NA
"run02_topology_LCN2",308,"AURKA",5.49029298524406e-05,NA,NA,NA
"run02_topology_LCN2",309,"RASA1",5.55702489675181e-05,NA,NA,NA
"run02_topology_LCN2",310,"RASA1",5.55702489675181e-05,NA,NA,NA
"run02_topology_LCN2",311,"AURKB",0.000100012341094136,NA,NA,NA
"run02_topology_LCN2",312,"KEAP1",8.90865911317151e-05,NA,NA,NA
"run02_topology_LCN2",313,"BTK",0.000119272845312435,NA,NA,NA
"run02_topology_LCN2",314,"BTK",0.000119272845312435,NA,NA,NA
"run02_topology_LCN2",315,"ADH5",7.50101523409041e-05,NA,NA,NA
"run02_topology_LCN2",316,"KEAP1",8.90865911317151e-05,NA,NA,NA
"run02_topology_LCN2",317,"ITGA5",0.00127400659039045,NA,NA,NA
"run02_topology_LCN2",318,"CYP2D6",2.95879994604009e-05,NA,NA,NA
"run02_topology_LCN2",319,"AGTR1",7.87895413547623e-05,NA,NA,NA
"run02_topology_LCN2",320,"GRIA2",6.42468498274207e-05,NA,NA,NA
"run02_topology_LCN2",321,"CALR",4.38793673526172e-05,NA,NA,NA
"run02_topology_LCN2",322,"ACTG1",2.72461711825489e-06,NA,NA,NA
"run02_topology_LCN2",323,"CPT1A",1.49157660161992e-05,NA,NA,NA
"run02_topology_LCN2",324,"GRIA1",1.90084712514693e-06,NA,NA,NA
"run02_topology_LCN2",325,"CYP2C19",1.83094707274511e-05,NA,NA,NA
"run02_topology_LCN2",326,"AURKA",5.49029298524406e-05,NA,NA,NA
"run02_topology_LCN2",327,"HSD3B2",2.44539251612608e-05,NA,NA,NA
"run02_topology_LCN2",328,"NPPA",7.28658572474172e-05,NA,NA,NA
"run02_topology_LCN2",329,"FURIN",9.05415850372959e-05,NA,NA,NA
"run02_topology_LCN2",330,"AURKB",0.000100012341094136,NA,NA,NA
"run02_topology_LCN2",331,"ADH5",7.50101523409041e-05,NA,NA,NA
"run02_topology_LCN2",332,"SLC6A4",7.25412905625555e-05,NA,NA,NA
"run02_topology_LCN2",333,"PRKCZ",0.00127837750571802,NA,NA,NA
"run02_topology_LCN2",334,"GLUD1",0.00010300883354164,NA,NA,NA
"run02_topology_LCN2",335,"ADH5",7.50101523409041e-05,NA,NA,NA
"run02_topology_LCN2",336,"GOT1",5.88174838508371e-05,NA,NA,NA
"run02_topology_LCN2",337,"KEAP1",8.90865911317151e-05,NA,NA,NA
"run02_topology_LCN2",338,"BTK",0.000119272845312435,NA,NA,NA
"run02_topology_LCN2",339,"KEAP1",8.90865911317151e-05,NA,NA,NA
"run02_topology_LCN2",340,"CYP2C19",1.83094707274511e-05,NA,NA,NA
"run02_topology_LCN2",341,"ACE2",6.17806475236016e-05,NA,NA,NA
"run02_topology_LCN2",342,"ACE2",6.17806475236016e-05,NA,NA,NA
"run02_topology_LCN2",343,"NPPA",7.28658572474172e-05,NA,NA,NA
"run02_topology_LCN2",344,"NOS2",2.38274351227474e-05,NA,NA,NA
"run02_topology_LCN2",345,"NFATC1",5.51292228962996e-05,NA,NA,NA
"run02_topology_LCN2",346,"NOS2",2.38274351227474e-05,NA,NA,NA
"run02_topology_LCN2",347,"CTSD",0.000133066364187417,NA,NA,NA
"run02_topology_LCN2",348,"CALR",4.38793673526172e-05,NA,NA,NA
"run02_topology_LCN2",349,"KEAP1",8.90865911317151e-05,NA,NA,NA
"run02_topology_LCN2",350,"GOT1",5.88174838508371e-05,NA,NA,NA
"run02_topology_LCN2",351,"ALDH1B1",0,NA,NA,NA
"run02_topology_LCN2",352,"ITGA5",0.00127400659039045,NA,NA,NA
"run02_topology_LCN2",353,"CTSD",0.000133066364187417,NA,NA,NA
"run02_topology_LCN2",354,"ALDH3A1",7.8987277396747e-05,NA,NA,NA
"run02_topology_LCN2",355,"CACNA1B",0,NA,NA,NA
"run02_topology_LCN2",356,"GRIA2",6.42468498274207e-05,NA,NA,NA
"run02_topology_LCN2",357,"GOT1",5.88174838508371e-05,NA,NA,NA
"run02_topology_LCN2",358,"SLC6A4",7.25412905625555e-05,NA,NA,NA
"run02_topology_LCN2",359,"ACE2",6.17806475236016e-05,NA,NA,NA
"run02_topology_LCN2",360,"CTSD",0.000133066364187417,NA,NA,NA
"run02_topology_LCN2",361,"ACTG1",2.72461711825489e-06,NA,NA,NA
"run02_topology_LCN2",362,"ALDH3A1",7.8987277396747e-05,NA,NA,NA
"run02_topology_LCN2",363,"RYR2",4.78345186669671e-05,NA,NA,NA
"run02_topology_LCN2",364,"AKR1C1",5.66614851992275e-05,NA,NA,NA
"run02_topology_LCN2",365,"AURKB",0.000100012341094136,NA,NA,NA
"run02_topology_LCN2",366,"PPARD",4.39109792027548e-05,NA,NA,NA
"run02_topology_LCN2",367,"ALDH3A1",7.8987277396747e-05,NA,NA,NA
"run02_topology_LCN2",368,"CYP2D6",2.95879994604009e-05,NA,NA,NA
"run02_topology_LCN2",369,"NPPA",7.28658572474172e-05,NA,NA,NA
"run02_topology_LCN2",370,"ACE2",6.17806475236016e-05,NA,NA,NA
"run02_topology_LCN2",371,"COL1A2",8.49027404237201e-06,NA,NA,NA
"run02_topology_LCN2",372,"RYR2",4.78345186669671e-05,NA,NA,NA
"run02_topology_LCN2",373,"FABP4",8.52242665472236e-05,NA,NA,NA
"run02_topology_LCN2",374,"RYR1",8.59077355945814e-05,NA,NA,NA
"run02_topology_LCN2",375,"HSD3B2",2.44539251612608e-05,NA,NA,NA
"run02_topology_LCN2",376,"CALM2",0,NA,NA,NA
"run02_topology_LCN2",377,"BAX",8.97923976903581e-05,NA,NA,NA
"run02_topology_LCN2",378,"ITGA5",0.00127400659039045,NA,NA,NA
"run02_topology_LCN2",379,"PPARD",4.39109792027548e-05,NA,NA,NA
"run02_topology_LCN2",380,"ACE2",6.17806475236016e-05,NA,NA,NA
"run02_topology_LCN2",381,"CTSD",0.000133066364187417,NA,NA,NA
"run02_topology_LCN2",382,"AGTR1",7.87895413547623e-05,NA,NA,NA
"run02_topology_LCN2",383,"ACTG1",2.72461711825489e-06,NA,NA,NA
"run02_topology_LCN2",384,"NPPA",7.28658572474172e-05,NA,NA,NA
"run02_topology_LCN2",385,"HSD3B2",2.44539251612608e-05,NA,NA,NA
"run02_topology_LCN2",386,"GRIA2",6.42468498274207e-05,NA,NA,NA
"run02_topology_LCN2",387,"BTK",0.000119272845312435,NA,NA,NA
"run02_topology_LCN2",388,"RASA1",5.55702489675181e-05,NA,NA,NA
"run02_topology_LCN2",389,"CTSD",0.000133066364187417,NA,NA,NA
"run02_topology_LCN2",390,"RYR2",4.78345186669671e-05,NA,NA,NA
"run02_topology_LCN2",391,"CALR",4.38793673526172e-05,NA,NA,NA
"run02_topology_LCN2",392,"GOT1",5.88174838508371e-05,NA,NA,NA
"run02_topology_LCN2",393,"CYP2C19",1.83094707274511e-05,NA,NA,NA
"run02_topology_LCN2",394,"GOT1",5.88174838508371e-05,NA,NA,NA
"run02_topology_LCN2",395,"SLC6A4",7.25412905625555e-05,NA,NA,NA
"run02_topology_LCN2",396,"ACE2",6.17806475236016e-05,NA,NA,NA
"run02_topology_LCN2",397,"PPIF",5.98208087934093e-05,NA,NA,NA
"run02_topology_LCN2",398,"CALM2",0,NA,NA,NA
"run02_topology_LCN2",399,"COL1A2",8.49027404237201e-06,NA,NA,NA
"run02_topology_LCN2",400,"AURKB",0.000100012341094136,NA,NA,NA
"run02_topology_LCN2",401,"KEAP1",8.90865911317151e-05,NA,NA,NA
"run02_topology_LCN2",402,"PARK7",5.03123803161643e-05,NA,NA,NA
"run02_topology_LCN2",403,"GLUD1",0.00010300883354164,NA,NA,NA
"run02_topology_LCN2",404,"GLUD1",0.00010300883354164,NA,NA,NA
"run02_topology_LCN2",405,"CYP2C19",1.83094707274511e-05,NA,NA,NA
"run02_topology_LCN2",406,"RYR1",8.59077355945814e-05,NA,NA,NA
"run02_topology_LCN2",407,"COL1A2",8.49027404237201e-06,NA,NA,NA
"run02_topology_LCN2",408,"AGTR1",7.87895413547623e-05,NA,NA,NA
"run02_topology_LCN2",409,"CYP17A1",3.31356115126358e-05,NA,NA,NA
"run02_topology_LCN2",410,"RYR2",4.78345186669671e-05,NA,NA,NA
"run02_topology_LCN2",411,"CYP2C19",1.83094707274511e-05,NA,NA,NA
"run02_topology_LCN2",412,"NFATC1",5.51292228962996e-05,NA,NA,NA
"run02_topology_LCN2",413,"EIF2S1",0.000110140192739028,NA,NA,NA
"run02_topology_LCN2",414,"HSD3B2",2.44539251612608e-05,NA,NA,NA
"run02_topology_LCN2",415,"CYP2C19",1.83094707274511e-05,NA,NA,NA
"run02_topology_LCN2",416,"PPARD",4.39109792027548e-05,NA,NA,NA
"run02_topology_LCN2",417,"CPT1A",1.49157660161992e-05,NA,NA,NA
"run02_topology_LCN2",418,"ACACA",7.98311027262466e-05,NA,NA,NA
"run02_topology_LCN2",419,"ALDH3A1",7.8987277396747e-05,NA,NA,NA
"run02_topology_LCN2",420,"PPIF",5.98208087934093e-05,NA,NA,NA
"run02_topology_LCN2",421,"AGTR1",7.87895413547623e-05,NA,NA,NA
"run02_topology_LCN2",422,"AURKA",5.49029298524406e-05,NA,NA,NA
"run02_topology_LCN2",423,"ADH5",7.50101523409041e-05,NA,NA,NA
"run02_topology_LCN2",424,"NFATC1",5.51292228962996e-05,NA,NA,NA
"run02_topology_LCN2",425,"ACACA",7.98311027262466e-05,NA,NA,NA
"run02_topology_LCN2",426,"ITGA5",0.00127400659039045,NA,NA,NA
"run02_topology_LCN2",427,"CYP2C19",1.83094707274511e-05,NA,NA,NA
"run02_topology_LCN2",428,"NDUFS3",7.91874029407724e-05,NA,NA,NA
"run02_topology_LCN2",429,"SLC6A4",7.25412905625555e-05,NA,NA,NA
"run02_topology_LCN2",430,"CTSD",0.000133066364187417,NA,NA,NA
"run02_topology_LCN2",431,"HSD3B2",2.44539251612608e-05,NA,NA,NA
"run02_topology_LCN2",432,"GRIA2",6.42468498274207e-05,NA,NA,NA
"run02_topology_LCN2",433,"EIF2AK2",0.000116554297583948,NA,NA,NA
"run02_topology_LCN2",434,"CTSD",0.000133066364187417,NA,NA,NA
"run02_topology_LCN2",435,"CYP2C19",1.83094707274511e-05,NA,NA,NA
"run02_topology_LCN2",436,"SCN1A",4.8526600018195e-05,NA,NA,NA
"run02_topology_LCN2",437,"RYR1",8.59077355945814e-05,NA,NA,NA
"run02_topology_LCN2",438,"AURKA",5.49029298524406e-05,NA,NA,NA
"run02_topology_LCN2",439,"DLG1",6.50075176803488e-05,NA,NA,NA
"run02_topology_LCN2",440,"RASA1",5.55702489675181e-05,NA,NA,NA
"run02_topology_LCN2",441,"CYP2C19",1.83094707274511e-05,NA,NA,NA
"run02_topology_LCN2",442,"VIM",5.2598025607753e-05,NA,NA,NA
"run02_topology_LCN2",443,"AKR1C1",5.66614851992275e-05,NA,NA,NA
"run02_topology_LCN2",444,"GLUD1",0.00010300883354164,NA,NA,NA
"run02_topology_LCN2",445,"DLG1",6.50075176803488e-05,NA,NA,NA
"run02_topology_LCN2",446,"ALDH3A1",7.8987277396747e-05,NA,NA,NA
"run02_topology_LCN2",447,"BAX",8.97923976903581e-05,NA,NA,NA
"run02_topology_LCN2",448,"CYP2C19",1.83094707274511e-05,NA,NA,NA
"run02_topology_LCN2",449,"BAX",8.97923976903581e-05,NA,NA,NA
"run02_topology_LCN2",450,"RYR1",8.59077355945814e-05,NA,NA,NA
"run02_topology_LCN2",451,"GOT1",5.88174838508371e-05,NA,NA,NA
"run02_topology_LCN2",452,"RYR1",8.59077355945814e-05,NA,NA,NA
"run02_topology_LCN2",453,"RYR1",8.59077355945814e-05,NA,NA,NA
"run02_topology_LCN2",454,"CYP17A1",3.31356115126358e-05,NA,NA,NA
"run02_topology_LCN2",455,"RYR2",4.78345186669671e-05,NA,NA,NA
"run02_topology_LCN2",456,"RASA1",5.55702489675181e-05,NA,NA,NA
"run02_topology_LCN2",457,"GRIA1",1.90084712514693e-06,NA,NA,NA
"run02_topology_LCN2",458,"BTK",0.000119272845312435,NA,NA,NA
"run02_topology_LCN2",459,"SLC6A4",7.25412905625555e-05,NA,NA,NA
"run02_topology_LCN2",460,"PPARD",4.39109792027548e-05,NA,NA,NA
"run02_topology_LCN2",461,"ACTG1",2.72461711825489e-06,NA,NA,NA
"run02_topology_LCN2",462,"ACACA",7.98311027262466e-05,NA,NA,NA
"run02_topology_LCN2",463,"DLG1",6.50075176803488e-05,NA,NA,NA
"run02_topology_LCN2",464,"AKR1C1",5.66614851992275e-05,NA,NA,NA
"run02_topology_LCN2",465,"GOT1",5.88174838508371e-05,NA,NA,NA
"run02_topology_LCN2",466,"ITGA5",0.00127400659039045,NA,NA,NA
"run02_topology_LCN2",467,"PRKCZ",0.00127837750571802,NA,NA,NA
"run02_topology_LCN2",468,"COL1A2",8.49027404237201e-06,NA,NA,NA
"run02_topology_LCN2",469,"NDUFS3",7.91874029407724e-05,NA,NA,NA
"run02_topology_LCN2",470,"RYR1",8.59077355945814e-05,NA,NA,NA
"run02_topology_LCN2",471,"AURKA",5.49029298524406e-05,NA,NA,NA
"run02_topology_LCN2",472,"CACNA1B",0,NA,NA,NA
"run02_topology_LCN2",473,"HSD3B2",2.44539251612608e-05,NA,NA,NA
"run02_topology_LCN2",474,"CTSD",0.000133066364187417,NA,NA,NA
"run02_topology_LCN2",475,"AURKA",5.49029298524406e-05,NA,NA,NA
"run02_topology_LCN2",476,"ALDH3A1",7.8987277396747e-05,NA,NA,NA
"run02_topology_LCN2",477,"NPPA",7.28658572474172e-05,NA,NA,NA
"run02_topology_LCN2",478,"RYR2",4.78345186669671e-05,NA,NA,NA
"run02_topology_LCN2",479,"AKR1C1",5.66614851992275e-05,NA,NA,NA
"run02_topology_LCN2",480,"ITGA5",0.00127400659039045,NA,NA,NA
"run02_topology_LCN2",481,"EIF2AK2",0.000116554297583948,NA,NA,NA
"run02_topology_LCN2",482,"PPIF",5.98208087934093e-05,NA,NA,NA
"run02_topology_LCN2",483,"HSD3B2",2.44539251612608e-05,NA,NA,NA
"run02_topology_LCN2",484,"GLUD1",0.00010300883354164,NA,NA,NA
"run02_topology_LCN2",485,"NPPA",7.28658572474172e-05,NA,NA,NA
"run02_topology_LCN2",486,"COL1A2",8.49027404237201e-06,NA,NA,NA
"run02_topology_LCN2",487,"RYR1",8.59077355945814e-05,NA,NA,NA
"run02_topology_LCN2",488,"RYR2",4.78345186669671e-05,NA,NA,NA
"run02_topology_LCN2",489,"GLUD1",0.00010300883354164,NA,NA,NA
"run02_topology_LCN2",490,"AURKA",5.49029298524406e-05,NA,NA,NA
"run02_topology_LCN2",491,"ACSL1",4.92269468655993e-05,NA,NA,NA
"run02_topology_LCN2",492,"GRIA1",1.90084712514693e-06,NA,NA,NA
"run02_topology_LCN2",493,"NFATC1",5.51292228962996e-05,NA,NA,NA
"run02_topology_LCN2",494,"CALR",4.38793673526172e-05,NA,NA,NA
"run02_topology_LCN2",495,"EIF2AK2",0.000116554297583948,NA,NA,NA
"run02_topology_LCN2",496,"SCN1A",4.8526600018195e-05,NA,NA,NA
"run02_topology_LCN2",497,"KEAP1",8.90865911317151e-05,NA,NA,NA
"run02_topology_LCN2",498,"ACSL1",4.92269468655993e-05,NA,NA,NA
"run02_topology_LCN2",499,"NPPA",7.28658572474172e-05,NA,NA,NA
"run02_topology_LCN2",500,"SCN1A",4.8526600018195e-05,NA,NA,NA
"run02_topology_LCN2",501,"NOS2",2.38274351227474e-05,NA,NA,NA
"run02_topology_LCN2",502,"CPT1A",1.49157660161992e-05,NA,NA,NA
"run02_topology_LCN2",503,"CALR",4.38793673526172e-05,NA,NA,NA
"run02_topology_LCN2",504,"SCN1A",4.8526600018195e-05,NA,NA,NA
"run02_topology_LCN2",505,"CALM2",0,NA,NA,NA
"run02_topology_LCN2",506,"ITGA5",0.00127400659039045,NA,NA,NA
"run02_topology_LCN2",507,"NPPA",7.28658572474172e-05,NA,NA,NA
"run02_topology_LCN2",508,"ACACA",7.98311027262466e-05,NA,NA,NA
"run02_topology_LCN2",509,"GLUD1",0.00010300883354164,NA,NA,NA
"run02_topology_LCN2",510,"NOS2",2.38274351227474e-05,NA,NA,NA
"run02_topology_LCN2",511,"CACNA1B",0,NA,NA,NA
"run02_topology_LCN2",512,"ADH5",7.50101523409041e-05,NA,NA,NA
"run02_topology_LCN2",513,"PPARD",4.39109792027548e-05,NA,NA,NA
"run02_topology_LCN2",514,"RYR1",8.59077355945814e-05,NA,NA,NA
"run02_topology_LCN2",515,"ITGA5",0.00127400659039045,NA,NA,NA
"run02_topology_LCN2",516,"AKR1D1",0.0010662752740489,NA,NA,NA
"run02_topology_LCN2",517,"NFATC1",5.51292228962996e-05,NA,NA,NA
"run02_topology_LCN2",518,"NPPA",7.28658572474172e-05,NA,NA,NA
"run02_topology_LCN2",519,"BAX",8.97923976903581e-05,NA,NA,NA
"run02_topology_LCN2",520,"ALDH1B1",0,NA,NA,NA
"run02_topology_LCN2",521,"SCN1A",4.8526600018195e-05,NA,NA,NA
"run02_topology_LCN2",522,"ACACA",7.98311027262466e-05,NA,NA,NA
"run02_topology_LCN2",523,"PPIF",5.98208087934093e-05,NA,NA,NA
"run02_topology_LCN2",524,"AURKB",0.000100012341094136,NA,NA,NA
"run02_topology_LCN2",525,"ACSL1",4.92269468655993e-05,NA,NA,NA
"run02_topology_LCN2",526,"AURKB",0.000100012341094136,NA,NA,NA
"run02_topology_LCN2",527,"EIF2S1",0.000110140192739028,NA,NA,NA
"run02_topology_LCN2",528,"PPIF",5.98208087934093e-05,NA,NA,NA
"run02_topology_LCN2",529,"AKR1D1",0.0010662752740489,NA,NA,NA
"run02_topology_LCN2",530,"C3",4.60004945984638e-05,NA,NA,NA
"run02_topology_LCN2",531,"FABP4",8.52242665472236e-05,NA,NA,NA
"run02_topology_LCN2",532,"RYR1",8.59077355945814e-05,NA,NA,NA
"run02_topology_LCN2",533,"AURKB",0.000100012341094136,NA,NA,NA
"run02_topology_LCN2",534,"BAX",8.97923976903581e-05,NA,NA,NA
"run02_topology_LCN2",535,"CTSD",0.000133066364187417,NA,NA,NA
"run02_topology_LCN2",536,"PRKCZ",0.00127837750571802,NA,NA,NA
"run02_topology_LCN2",537,"PPIF",5.98208087934093e-05,NA,NA,NA
"run02_topology_LCN2",538,"NFATC1",5.51292228962996e-05,NA,NA,NA
"run02_topology_LCN2",539,"NOS2",2.38274351227474e-05,NA,NA,NA
"run02_topology_LCN2",540,"CYP2C19",1.83094707274511e-05,NA,NA,NA
"run02_topology_LCN2",541,"AURKB",0.000100012341094136,NA,NA,NA
"run02_topology_LCN2",542,"VIM",5.2598025607753e-05,NA,NA,NA
"run02_topology_LCN2",543,"EIF2S1",0.000110140192739028,NA,NA,NA
"run02_topology_LCN2",544,"ALDH3A1",7.8987277396747e-05,NA,NA,NA
"run02_topology_LCN2",545,"GRIA2",6.42468498274207e-05,NA,NA,NA
"run02_topology_LCN2",546,"HSD3B2",2.44539251612608e-05,NA,NA,NA
"run02_topology_LCN2",547,"FURIN",9.05415850372959e-05,NA,NA,NA
"run02_topology_LCN2",548,"NFATC1",5.51292228962996e-05,NA,NA,NA
"run02_topology_LCN2",549,"SCN1A",4.8526600018195e-05,NA,NA,NA
"run02_topology_LCN2",550,"CALR",4.38793673526172e-05,NA,NA,NA
"run02_topology_LCN2",551,"GRIA1",1.90084712514693e-06,NA,NA,NA
"run02_topology_LCN2",552,"PPARD",4.39109792027548e-05,NA,NA,NA
"run02_topology_LCN2",553,"AURKA",5.49029298524406e-05,NA,NA,NA
"run02_topology_LCN2",554,"EIF2AK2",0.000116554297583948,NA,NA,NA
"run02_topology_LCN2",555,"AGTR1",7.87895413547623e-05,NA,NA,NA
"run02_topology_LCN2",556,"COL1A2",8.49027404237201e-06,NA,NA,NA
"run02_topology_LCN2",557,"ALDH3A1",7.8987277396747e-05,NA,NA,NA
"run02_topology_LCN2",558,"SCN1A",4.8526600018195e-05,NA,NA,NA
"run02_topology_LCN2",559,"ACSL1",4.92269468655993e-05,NA,NA,NA
"run02_topology_LCN2",560,"PPIF",5.98208087934093e-05,NA,NA,NA
"run02_topology_LCN2",561,"SLC6A4",7.25412905625555e-05,NA,NA,NA
"run02_topology_LCN2",562,"GOT1",5.88174838508371e-05,NA,NA,NA
"run02_topology_LCN2",563,"CYP17A1",3.31356115126358e-05,NA,NA,NA
"run02_topology_LCN2",564,"KEAP1",8.90865911317151e-05,NA,NA,NA
"run02_topology_LCN2",565,"C3",4.60004945984638e-05,NA,NA,NA
"run02_topology_LCN2",566,"VIM",5.2598025607753e-05,NA,NA,NA
"run02_topology_LCN2",567,"ALDH3A1",7.8987277396747e-05,NA,NA,NA
"run02_topology_LCN2",568,"CYP2D6",2.95879994604009e-05,NA,NA,NA
"run02_topology_LCN2",569,"ACE2",6.17806475236016e-05,NA,NA,NA
"run02_topology_LCN2",570,"DLG1",6.50075176803488e-05,NA,NA,NA
"run02_topology_LCN2",571,"ALDH3A1",7.8987277396747e-05,NA,NA,NA
"run02_topology_LCN2",572,"PARK7",5.03123803161643e-05,NA,NA,NA
"run02_topology_LCN2",573,"ACTG1",2.72461711825489e-06,NA,NA,NA
"run02_topology_LCN2",574,"CPT1A",1.49157660161992e-05,NA,NA,NA
"run02_topology_LCN2",575,"ALDH3A1",7.8987277396747e-05,NA,NA,NA
"run02_topology_LCN2",576,"RYR2",4.78345186669671e-05,NA,NA,NA
"run02_topology_LCN2",577,"GLUD1",0.00010300883354164,NA,NA,NA
"run02_topology_LCN2",578,"GRIA1",1.90084712514693e-06,NA,NA,NA
"run02_topology_LCN2",579,"ACTG1",2.72461711825489e-06,NA,NA,NA
"run02_topology_LCN2",580,"RYR1",8.59077355945814e-05,NA,NA,NA
"run02_topology_LCN2",581,"ACE2",6.17806475236016e-05,NA,NA,NA
"run02_topology_LCN2",582,"NPPA",7.28658572474172e-05,NA,NA,NA
"run02_topology_LCN2",583,"ACSL1",4.92269468655993e-05,NA,NA,NA
"run02_topology_LCN2",584,"PARK7",5.03123803161643e-05,NA,NA,NA
"run02_topology_LCN2",585,"BAX",8.97923976903581e-05,NA,NA,NA
"run02_topology_LCN2",586,"EIF2AK2",0.000116554297583948,NA,NA,NA
"run02_topology_LCN2",587,"PPIF",5.98208087934093e-05,NA,NA,NA
"run02_topology_LCN2",588,"COL1A2",8.49027404237201e-06,NA,NA,NA
"run02_topology_LCN2",589,"CYP17A1",3.31356115126358e-05,NA,NA,NA
"run02_topology_LCN2",590,"AKR1C1",5.66614851992275e-05,NA,NA,NA
"run02_topology_LCN2",591,"ACE2",6.17806475236016e-05,NA,NA,NA
"run02_topology_LCN2",592,"SCN1A",4.8526600018195e-05,NA,NA,NA
"run02_topology_LCN2",593,"NDUFS3",7.91874029407724e-05,NA,NA,NA
"run02_topology_LCN2",594,"SCN1A",4.8526600018195e-05,NA,NA,NA
"run02_topology_LCN2",595,"CTSD",0.000133066364187417,NA,NA,NA
"run02_topology_LCN2",596,"NPPA",7.28658572474172e-05,NA,NA,NA
"run02_topology_LCN2",597,"CYP2C19",1.83094707274511e-05,NA,NA,NA
"run02_topology_LCN2",598,"ALDH3A1",7.8987277396747e-05,NA,NA,NA
"run02_topology_LCN2",599,"CYP17A1",3.31356115126358e-05,NA,NA,NA
"run02_topology_LCN2",600,"ALDH1B1",0,NA,NA,NA
"run02_topology_LCN2",601,"ACTG1",2.72461711825489e-06,NA,NA,NA
"run02_topology_LCN2",602,"SLC6A4",7.25412905625555e-05,NA,NA,NA
"run02_topology_LCN2",603,"AGTR1",7.87895413547623e-05,NA,NA,NA
"run02_topology_LCN2",604,"AURKB",0.000100012341094136,NA,NA,NA
"run02_topology_LCN2",605,"NFATC1",5.51292228962996e-05,NA,NA,NA
"run02_topology_LCN2",606,"GOT1",5.88174838508371e-05,NA,NA,NA
"run02_topology_LCN2",607,"BTK",0.000119272845312435,NA,NA,NA
"run02_topology_LCN2",608,"AURKB",0.000100012341094136,NA,NA,NA
"run02_topology_LCN2",609,"ACE2",6.17806475236016e-05,NA,NA,NA
"run02_topology_LCN2",610,"FABP4",8.52242665472236e-05,NA,NA,NA
"run02_topology_LCN2",611,"AURKA",5.49029298524406e-05,NA,NA,NA
"run02_topology_LCN2",612,"AGTR1",7.87895413547623e-05,NA,NA,NA
"run02_topology_LCN2",613,"PRKCZ",0.00127837750571802,NA,NA,NA
"run02_topology_LCN2",614,"EIF2S1",0.000110140192739028,NA,NA,NA
"run02_topology_LCN2",615,"HSD3B2",2.44539251612608e-05,NA,NA,NA
"run02_topology_LCN2",616,"ACE2",6.17806475236016e-05,NA,NA,NA
"run02_topology_LCN2",617,"CALR",4.38793673526172e-05,NA,NA,NA
"run02_topology_LCN2",618,"PARK7",5.03123803161643e-05,NA,NA,NA
"run02_topology_LCN2",619,"PRKCZ",0.00127837750571802,NA,NA,NA
"run02_topology_LCN2",620,"NFATC1",5.51292228962996e-05,NA,NA,NA
"run02_topology_LCN2",621,"C3",4.60004945984638e-05,NA,NA,NA
"run02_topology_LCN2",622,"ALDH1B1",0,NA,NA,NA
"run02_topology_LCN2",623,"ACACA",7.98311027262466e-05,NA,NA,NA
"run02_topology_LCN2",624,"CYP17A1",3.31356115126358e-05,NA,NA,NA
"run02_topology_LCN2",625,"CALM2",0,NA,NA,NA
"run02_topology_LCN2",626,"CYP2C19",1.83094707274511e-05,NA,NA,NA
"run02_topology_LCN2",627,"ACTG1",2.72461711825489e-06,NA,NA,NA
"run02_topology_LCN2",628,"AKR1D1",0.0010662752740489,NA,NA,NA
"run02_topology_LCN2",629,"ADH5",7.50101523409041e-05,NA,NA,NA
"run02_topology_LCN2",630,"KEAP1",8.90865911317151e-05,NA,NA,NA
"run02_topology_LCN2",631,"FABP4",8.52242665472236e-05,NA,NA,NA
"run02_topology_LCN2",632,"CYP2C19",1.83094707274511e-05,NA,NA,NA
"run02_topology_LCN2",633,"FURIN",9.05415850372959e-05,NA,NA,NA
"run02_topology_LCN2",634,"VIM",5.2598025607753e-05,NA,NA,NA
"run02_topology_LCN2",635,"ACTG1",2.72461711825489e-06,NA,NA,NA
"run02_topology_LCN2",636,"ALDH1B1",0,NA,NA,NA
"run02_topology_LCN2",637,"ITGA5",0.00127400659039045,NA,NA,NA
"run02_topology_LCN2",638,"C3",4.60004945984638e-05,NA,NA,NA
"run02_topology_LCN2",639,"CACNA1B",0,NA,NA,NA
"run02_topology_LCN2",640,"EIF2AK2",0.000116554297583948,NA,NA,NA
"run02_topology_LCN2",641,"CALM2",0,NA,NA,NA
"run02_topology_LCN2",642,"DLG1",6.50075176803488e-05,NA,NA,NA
"run02_topology_LCN2",643,"GLUD1",0.00010300883354164,NA,NA,NA
"run02_topology_LCN2",644,"ACACA",7.98311027262466e-05,NA,NA,NA
"run02_topology_LCN2",645,"EIF2S1",0.000110140192739028,NA,NA,NA
"run02_topology_LCN2",646,"FURIN",9.05415850372959e-05,NA,NA,NA
"run02_topology_LCN2",647,"BTK",0.000119272845312435,NA,NA,NA
"run02_topology_LCN2",648,"NDUFS3",7.91874029407724e-05,NA,NA,NA
"run02_topology_LCN2",649,"CACNA1B",0,NA,NA,NA
"run02_topology_LCN2",650,"CPT1A",1.49157660161992e-05,NA,NA,NA
"run02_topology_LCN2",651,"CPT1A",1.49157660161992e-05,NA,NA,NA
"run02_topology_LCN2",652,"GOT1",5.88174838508371e-05,NA,NA,NA
"run02_topology_LCN2",653,"CYP2C19",1.83094707274511e-05,NA,NA,NA
"run02_topology_LCN2",654,"COL1A2",8.49027404237201e-06,NA,NA,NA
"run02_topology_LCN2",655,"SLC6A4",7.25412905625555e-05,NA,NA,NA
"run02_topology_LCN2",656,"PARK7",5.03123803161643e-05,NA,NA,NA
"run02_topology_LCN2",657,"ADH5",7.50101523409041e-05,NA,NA,NA
"run02_topology_LCN2",658,"PARK7",5.03123803161643e-05,NA,NA,NA
"run02_topology_LCN2",659,"BTK",0.000119272845312435,NA,NA,NA
"run02_topology_LCN2",660,"NDUFS3",7.91874029407724e-05,NA,NA,NA
"run02_topology_LCN2",661,"HSD3B2",2.44539251612608e-05,NA,NA,NA
"run02_topology_LCN2",662,"DLG1",6.50075176803488e-05,NA,NA,NA
"run02_topology_LCN2",663,"NFATC1",5.51292228962996e-05,NA,NA,NA
"run02_topology_LCN2",664,"CALR",4.38793673526172e-05,NA,NA,NA
"run02_topology_LCN2",665,"ACACA",7.98311027262466e-05,NA,NA,NA
"run02_topology_LCN2",666,"CALM2",0,NA,NA,NA
"run02_topology_LCN2",667,"ACTG1",2.72461711825489e-06,NA,NA,NA
"run02_topology_LCN2",668,"CYP2D6",2.95879994604009e-05,NA,NA,NA
"run02_topology_LCN2",669,"AURKA",5.49029298524406e-05,NA,NA,NA
"run02_topology_LCN2",670,"AKR1C1",5.66614851992275e-05,NA,NA,NA
"run02_topology_LCN2",671,"AKR1C1",5.66614851992275e-05,NA,NA,NA
"run02_topology_LCN2",672,"GOT1",5.88174838508371e-05,NA,NA,NA
"run02_topology_LCN2",673,"SCN1A",4.8526600018195e-05,NA,NA,NA
"run02_topology_LCN2",674,"ACSL1",4.92269468655993e-05,NA,NA,NA
"run02_topology_LCN2",675,"EIF2AK2",0.000116554297583948,NA,NA,NA
"run02_topology_LCN2",676,"AURKB",0.000100012341094136,NA,NA,NA
"run02_topology_LCN2",677,"AGTR1",7.87895413547623e-05,NA,NA,NA
"run02_topology_LCN2",678,"RYR2",4.78345186669671e-05,NA,NA,NA
"run02_topology_LCN2",679,"COL1A2",8.49027404237201e-06,NA,NA,NA
"run02_topology_LCN2",680,"RASA1",5.55702489675181e-05,NA,NA,NA
"run02_topology_LCN2",681,"FURIN",9.05415850372959e-05,NA,NA,NA
"run02_topology_LCN2",682,"ACACA",7.98311027262466e-05,NA,NA,NA
"run02_topology_LCN2",683,"GLUD1",0.00010300883354164,NA,NA,NA
"run02_topology_LCN2",684,"NPPA",7.28658572474172e-05,NA,NA,NA
"run02_topology_LCN2",685,"AGTR1",7.87895413547623e-05,NA,NA,NA
"run02_topology_LCN2",686,"ALDH3A1",7.8987277396747e-05,NA,NA,NA
"run02_topology_LCN2",687,"EIF2AK2",0.000116554297583948,NA,NA,NA
"run02_topology_LCN2",688,"ITGA5",0.00127400659039045,NA,NA,NA
"run02_topology_LCN2",689,"NOS2",2.38274351227474e-05,NA,NA,NA
"run02_topology_LCN2",690,"PPIF",5.98208087934093e-05,NA,NA,NA
"run02_topology_LCN2",691,"COL1A2",8.49027404237201e-06,NA,NA,NA
"run02_topology_LCN2",692,"AGTR1",7.87895413547623e-05,NA,NA,NA
"run02_topology_LCN2",693,"FABP4",8.52242665472236e-05,NA,NA,NA
"run02_topology_LCN2",694,"CACNA1B",0,NA,NA,NA
"run02_topology_LCN2",695,"SCN1A",4.8526600018195e-05,NA,NA,NA
"run02_topology_LCN2",696,"CYP17A1",3.31356115126358e-05,NA,NA,NA
"run02_topology_LCN2",697,"ACTG1",2.72461711825489e-06,NA,NA,NA
"run02_topology_LCN2",698,"COL1A2",8.49027404237201e-06,NA,NA,NA
"run02_topology_LCN2",699,"PRKCZ",0.00127837750571802,NA,NA,NA
"run02_topology_LCN2",700,"NOS2",2.38274351227474e-05,NA,NA,NA
"run02_topology_LCN2",701,"CALR",4.38793673526172e-05,NA,NA,NA
"run02_topology_LCN2",702,"KEAP1",8.90865911317151e-05,NA,NA,NA
"run02_topology_LCN2",703,"NFATC1",5.51292228962996e-05,NA,NA,NA
"run02_topology_LCN2",704,"AKR1D1",0.0010662752740489,NA,NA,NA
"run02_topology_LCN2",705,"DLG1",6.50075176803488e-05,NA,NA,NA
"run02_topology_LCN2",706,"ACE2",6.17806475236016e-05,NA,NA,NA
"run02_topology_LCN2",707,"RYR1",8.59077355945814e-05,NA,NA,NA
"run02_topology_LCN2",708,"CALR",4.38793673526172e-05,NA,NA,NA
"run02_topology_LCN2",709,"ADH5",7.50101523409041e-05,NA,NA,NA
"run02_topology_LCN2",710,"PARK7",5.03123803161643e-05,NA,NA,NA
"run02_topology_LCN2",711,"SLC6A4",7.25412905625555e-05,NA,NA,NA
"run02_topology_LCN2",712,"GRIA2",6.42468498274207e-05,NA,NA,NA
"run02_topology_LCN2",713,"GRIA2",6.42468498274207e-05,NA,NA,NA
"run02_topology_LCN2",714,"GOT1",5.88174838508371e-05,NA,NA,NA
"run02_topology_LCN2",715,"NOS2",2.38274351227474e-05,NA,NA,NA
"run02_topology_LCN2",716,"BTK",0.000119272845312435,NA,NA,NA
"run02_topology_LCN2",717,"BTK",0.000119272845312435,NA,NA,NA
"run02_topology_LCN2",718,"C3",4.60004945984638e-05,NA,NA,NA
"run02_topology_LCN2",719,"SLC6A4",7.25412905625555e-05,NA,NA,NA
"run02_topology_LCN2",720,"NDUFS3",7.91874029407724e-05,NA,NA,NA
"run02_topology_LCN2",721,"SCN1A",4.8526600018195e-05,NA,NA,NA
"run02_topology_LCN2",722,"SCN1A",4.8526600018195e-05,NA,NA,NA
"run02_topology_LCN2",723,"KEAP1",8.90865911317151e-05,NA,NA,NA
"run02_topology_LCN2",724,"BTK",0.000119272845312435,NA,NA,NA
"run02_topology_LCN2",725,"CALM2",0,NA,NA,NA
"run02_topology_LCN2",726,"AKR1D1",0.0010662752740489,NA,NA,NA
"run02_topology_LCN2",727,"BAX",8.97923976903581e-05,NA,NA,NA
"run02_topology_LCN2",728,"DLG1",6.50075176803488e-05,NA,NA,NA
"run02_topology_LCN2",729,"NOS2",2.38274351227474e-05,NA,NA,NA
"run02_topology_LCN2",730,"BAX",8.97923976903581e-05,NA,NA,NA
"run02_topology_LCN2",731,"ACTG1",2.72461711825489e-06,NA,NA,NA
"run02_topology_LCN2",732,"NOS2",2.38274351227474e-05,NA,NA,NA
"run02_topology_LCN2",733,"NOS2",2.38274351227474e-05,NA,NA,NA
"run02_topology_LCN2",734,"ALDH1B1",0,NA,NA,NA
"run02_topology_LCN2",735,"CALR",4.38793673526172e-05,NA,NA,NA
"run02_topology_LCN2",736,"PPARD",4.39109792027548e-05,NA,NA,NA
"run02_topology_LCN2",737,"GLUD1",0.00010300883354164,NA,NA,NA
"run02_topology_LCN2",738,"AKR1C1",5.66614851992275e-05,NA,NA,NA
"run02_topology_LCN2",739,"PPARD",4.39109792027548e-05,NA,NA,NA
"run02_topology_LCN2",740,"RYR1",8.59077355945814e-05,NA,NA,NA
"run02_topology_LCN2",741,"BTK",0.000119272845312435,NA,NA,NA
"run02_topology_LCN2",742,"VIM",5.2598025607753e-05,NA,NA,NA
"run02_topology_LCN2",743,"NFATC1",5.51292228962996e-05,NA,NA,NA
"run02_topology_LCN2",744,"ALDH3A1",7.8987277396747e-05,NA,NA,NA
"run02_topology_LCN2",745,"CPT1A",1.49157660161992e-05,NA,NA,NA
"run02_topology_LCN2",746,"DLG1",6.50075176803488e-05,NA,NA,NA
"run02_topology_LCN2",747,"PRKCZ",0.00127837750571802,NA,NA,NA
"run02_topology_LCN2",748,"COL1A2",8.49027404237201e-06,NA,NA,NA
"run02_topology_LCN2",749,"EIF2S1",0.000110140192739028,NA,NA,NA
"run02_topology_LCN2",750,"CYP17A1",3.31356115126358e-05,NA,NA,NA
"run02_topology_LCN2",751,"SCN1A",4.8526600018195e-05,NA,NA,NA
"run02_topology_LCN2",752,"CPT1A",1.49157660161992e-05,NA,NA,NA
"run02_topology_LCN2",753,"FABP4",8.52242665472236e-05,NA,NA,NA
"run02_topology_LCN2",754,"AKR1D1",0.0010662752740489,NA,NA,NA
"run02_topology_LCN2",755,"RYR2",4.78345186669671e-05,NA,NA,NA
"run02_topology_LCN2",756,"ACE2",6.17806475236016e-05,NA,NA,NA
"run02_topology_LCN2",757,"RYR2",4.78345186669671e-05,NA,NA,NA
"run02_topology_LCN2",758,"ACSL1",4.92269468655993e-05,NA,NA,NA
"run02_topology_LCN2",759,"PRKCZ",0.00127837750571802,NA,NA,NA
"run02_topology_LCN2",760,"FABP4",8.52242665472236e-05,NA,NA,NA
"run02_topology_LCN2",761,"ALDH1B1",0,NA,NA,NA
"run02_topology_LCN2",762,"EIF2S1",0.000110140192739028,NA,NA,NA
"run02_topology_LCN2",763,"HSD3B2",2.44539251612608e-05,NA,NA,NA
"run02_topology_LCN2",764,"ACTG1",2.72461711825489e-06,NA,NA,NA
"run02_topology_LCN2",765,"EIF2AK2",0.000116554297583948,NA,NA,NA
"run02_topology_LCN2",766,"NPPA",7.28658572474172e-05,NA,NA,NA
"run02_topology_LCN2",767,"NPPA",7.28658572474172e-05,NA,NA,NA
"run02_topology_LCN2",768,"RYR1",8.59077355945814e-05,NA,NA,NA
"run02_topology_LCN2",769,"ITGA5",0.00127400659039045,NA,NA,NA
"run02_topology_LCN2",770,"HSD3B2",2.44539251612608e-05,NA,NA,NA
"run02_topology_LCN2",771,"PARK7",5.03123803161643e-05,NA,NA,NA
"run02_topology_LCN2",772,"FURIN",9.05415850372959e-05,NA,NA,NA
"run02_topology_LCN2",773,"ALDH1B1",0,NA,NA,NA
"run02_topology_LCN2",774,"FURIN",9.05415850372959e-05,NA,NA,NA
"run02_topology_LCN2",775,"PPIF",5.98208087934093e-05,NA,NA,NA
"run02_topology_LCN2",776,"ACACA",7.98311027262466e-05,NA,NA,NA
"run02_topology_LCN2",777,"EIF2S1",0.000110140192739028,NA,NA,NA
"run02_topology_LCN2",778,"PRKCZ",0.00127837750571802,NA,NA,NA
"run02_topology_LCN2",779,"AGTR1",7.87895413547623e-05,NA,NA,NA
"run02_topology_LCN2",780,"SLC6A4",7.25412905625555e-05,NA,NA,NA
"run02_topology_LCN2",781,"EIF2AK2",0.000116554297583948,NA,NA,NA
"run02_topology_LCN2",782,"CYP2D6",2.95879994604009e-05,NA,NA,NA
"run02_topology_LCN2",783,"CYP2C19",1.83094707274511e-05,NA,NA,NA
"run02_topology_LCN2",784,"VIM",5.2598025607753e-05,NA,NA,NA
"run02_topology_LCN2",785,"RYR2",4.78345186669671e-05,NA,NA,NA
"run02_topology_LCN2",786,"GOT1",5.88174838508371e-05,NA,NA,NA
"run02_topology_LCN2",787,"CALM2",0,NA,NA,NA
"run02_topology_LCN2",788,"CALR",4.38793673526172e-05,NA,NA,NA
"run02_topology_LCN2",789,"CPT1A",1.49157660161992e-05,NA,NA,NA
"run02_topology_LCN2",790,"RASA1",5.55702489675181e-05,NA,NA,NA
"run02_topology_LCN2",791,"GRIA1",1.90084712514693e-06,NA,NA,NA
"run02_topology_LCN2",792,"ACSL1",4.92269468655993e-05,NA,NA,NA
"run02_topology_LCN2",793,"PARK7",5.03123803161643e-05,NA,NA,NA
"run02_topology_LCN2",794,"CYP2D6",2.95879994604009e-05,NA,NA,NA
"run02_topology_LCN2",795,"AGTR1",7.87895413547623e-05,NA,NA,NA
"run02_topology_LCN2",796,"GLUD1",0.00010300883354164,NA,NA,NA
"run02_topology_LCN2",797,"EIF2AK2",0.000116554297583948,NA,NA,NA
"run02_topology_LCN2",798,"GOT1",5.88174838508371e-05,NA,NA,NA
"run02_topology_LCN2",799,"HSD3B2",2.44539251612608e-05,NA,NA,NA
"run02_topology_LCN2",800,"ADH5",7.50101523409041e-05,NA,NA,NA
"run02_topology_LCN2",801,"ACSL1",4.92269468655993e-05,NA,NA,NA
"run02_topology_LCN2",802,"GOT1",5.88174838508371e-05,NA,NA,NA
"run02_topology_LCN2",803,"CALM2",0,NA,NA,NA
"run02_topology_LCN2",804,"BTK",0.000119272845312435,NA,NA,NA
"run02_topology_LCN2",805,"PPARD",4.39109792027548e-05,NA,NA,NA
"run02_topology_LCN2",806,"AKR1D1",0.0010662752740489,NA,NA,NA
"run02_topology_LCN2",807,"CYP2D6",2.95879994604009e-05,NA,NA,NA
"run02_topology_LCN2",808,"CACNA1B",0,NA,NA,NA
"run02_topology_LCN2",809,"ACTG1",2.72461711825489e-06,NA,NA,NA
"run02_topology_LCN2",810,"BTK",0.000119272845312435,NA,NA,NA
"run02_topology_LCN2",811,"CPT1A",1.49157660161992e-05,NA,NA,NA
"run02_topology_LCN2",812,"CPT1A",1.49157660161992e-05,NA,NA,NA
"run02_topology_LCN2",813,"ALDH3A1",7.8987277396747e-05,NA,NA,NA
"run02_topology_LCN2",814,"NOS2",2.38274351227474e-05,NA,NA,NA
"run02_topology_LCN2",815,"VIM",5.2598025607753e-05,NA,NA,NA
"run02_topology_LCN2",816,"ALDH1B1",0,NA,NA,NA
"run02_topology_LCN2",817,"PPARD",4.39109792027548e-05,NA,NA,NA
"run02_topology_LCN2",818,"NOS2",2.38274351227474e-05,NA,NA,NA
"run02_topology_LCN2",819,"CYP2C19",1.83094707274511e-05,NA,NA,NA
"run02_topology_LCN2",820,"AURKA",5.49029298524406e-05,NA,NA,NA
"run02_topology_LCN2",821,"CACNA1B",0,NA,NA,NA
"run02_topology_LCN2",822,"CALR",4.38793673526172e-05,NA,NA,NA
"run02_topology_LCN2",823,"DLG1",6.50075176803488e-05,NA,NA,NA
"run02_topology_LCN2",824,"GRIA2",6.42468498274207e-05,NA,NA,NA
"run02_topology_LCN2",825,"NPPA",7.28658572474172e-05,NA,NA,NA
"run02_topology_LCN2",826,"EIF2S1",0.000110140192739028,NA,NA,NA
"run02_topology_LCN2",827,"CPT1A",1.49157660161992e-05,NA,NA,NA
"run02_topology_LCN2",828,"SLC6A4",7.25412905625555e-05,NA,NA,NA
"run02_topology_LCN2",829,"PARK7",5.03123803161643e-05,NA,NA,NA
"run02_topology_LCN2",830,"AGTR1",7.87895413547623e-05,NA,NA,NA
"run02_topology_LCN2",831,"GOT1",5.88174838508371e-05,NA,NA,NA
"run02_topology_LCN2",832,"RYR2",4.78345186669671e-05,NA,NA,NA
"run02_topology_LCN2",833,"FABP4",8.52242665472236e-05,NA,NA,NA
"run02_topology_LCN2",834,"AURKA",5.49029298524406e-05,NA,NA,NA
"run02_topology_LCN2",835,"KEAP1",8.90865911317151e-05,NA,NA,NA
"run02_topology_LCN2",836,"CACNA1B",0,NA,NA,NA
"run02_topology_LCN2",837,"RYR1",8.59077355945814e-05,NA,NA,NA
"run02_topology_LCN2",838,"AGTR1",7.87895413547623e-05,NA,NA,NA
"run02_topology_LCN2",839,"ALDH1B1",0,NA,NA,NA
"run02_topology_LCN2",840,"CYP17A1",3.31356115126358e-05,NA,NA,NA
"run02_topology_LCN2",841,"CACNA1B",0,NA,NA,NA
"run02_topology_LCN2",842,"NOS2",2.38274351227474e-05,NA,NA,NA
"run02_topology_LCN2",843,"PARK7",5.03123803161643e-05,NA,NA,NA
"run02_topology_LCN2",844,"CACNA1B",0,NA,NA,NA
"run02_topology_LCN2",845,"CTSD",0.000133066364187417,NA,NA,NA
"run02_topology_LCN2",846,"GRIA2",6.42468498274207e-05,NA,NA,NA
"run02_topology_LCN2",847,"NOS2",2.38274351227474e-05,NA,NA,NA
"run02_topology_LCN2",848,"SCN1A",4.8526600018195e-05,NA,NA,NA
"run02_topology_LCN2",849,"ACSL1",4.92269468655993e-05,NA,NA,NA
"run02_topology_LCN2",850,"CACNA1B",0,NA,NA,NA
"run02_topology_LCN2",851,"SCN1A",4.8526600018195e-05,NA,NA,NA
"run02_topology_LCN2",852,"BTK",0.000119272845312435,NA,NA,NA
"run02_topology_LCN2",853,"DLG1",6.50075176803488e-05,NA,NA,NA
"run02_topology_LCN2",854,"FURIN",9.05415850372959e-05,NA,NA,NA
"run02_topology_LCN2",855,"BTK",0.000119272845312435,NA,NA,NA
"run02_topology_LCN2",856,"CPT1A",1.49157660161992e-05,NA,NA,NA
"run02_topology_LCN2",857,"PARK7",5.03123803161643e-05,NA,NA,NA
"run02_topology_LCN2",858,"COL1A2",8.49027404237201e-06,NA,NA,NA
"run02_topology_LCN2",859,"FABP4",8.52242665472236e-05,NA,NA,NA
"run02_topology_LCN2",860,"AURKA",5.49029298524406e-05,NA,NA,NA
"run02_topology_LCN2",861,"CPT1A",1.49157660161992e-05,NA,NA,NA
"run02_topology_LCN2",862,"GRIA1",1.90084712514693e-06,NA,NA,NA
"run02_topology_LCN2",863,"NOS2",2.38274351227474e-05,NA,NA,NA
"run02_topology_LCN2",864,"CALR",4.38793673526172e-05,NA,NA,NA
"run02_topology_LCN2",865,"RYR1",8.59077355945814e-05,NA,NA,NA
"run02_topology_LCN2",866,"NOS2",2.38274351227474e-05,NA,NA,NA
"run02_topology_LCN2",867,"AGTR1",7.87895413547623e-05,NA,NA,NA
"run02_topology_LCN2",868,"RASA1",5.55702489675181e-05,NA,NA,NA
"run02_topology_LCN2",869,"EIF2AK2",0.000116554297583948,NA,NA,NA
"run02_topology_LCN2",870,"NOS2",2.38274351227474e-05,NA,NA,NA
"run02_topology_LCN2",871,"C3",4.60004945984638e-05,NA,NA,NA
"run02_topology_LCN2",872,"AURKB",0.000100012341094136,NA,NA,NA
"run02_topology_LCN2",873,"SLC6A4",7.25412905625555e-05,NA,NA,NA
"run02_topology_LCN2",874,"EIF2AK2",0.000116554297583948,NA,NA,NA
"run02_topology_LCN2",875,"AURKB",0.000100012341094136,NA,NA,NA
"run02_topology_LCN2",876,"VIM",5.2598025607753e-05,NA,NA,NA
"run02_topology_LCN2",877,"RASA1",5.55702489675181e-05,NA,NA,NA
"run02_topology_LCN2",878,"NFATC1",5.51292228962996e-05,NA,NA,NA
"run02_topology_LCN2",879,"AGTR1",7.87895413547623e-05,NA,NA,NA
"run02_topology_LCN2",880,"AKR1C1",5.66614851992275e-05,NA,NA,NA
"run02_topology_LCN2",881,"GRIA1",1.90084712514693e-06,NA,NA,NA
"run02_topology_LCN2",882,"KEAP1",8.90865911317151e-05,NA,NA,NA
"run02_topology_LCN2",883,"CACNA1B",0,NA,NA,NA
"run02_topology_LCN2",884,"GRIA1",1.90084712514693e-06,NA,NA,NA
"run02_topology_LCN2",885,"EIF2S1",0.000110140192739028,NA,NA,NA
"run02_topology_LCN2",886,"PPIF",5.98208087934093e-05,NA,NA,NA
"run02_topology_LCN2",887,"EIF2AK2",0.000116554297583948,NA,NA,NA
"run02_topology_LCN2",888,"GOT1",5.88174838508371e-05,NA,NA,NA
"run02_topology_LCN2",889,"ALDH1B1",0,NA,NA,NA
"run02_topology_LCN2",890,"KEAP1",8.90865911317151e-05,NA,NA,NA
"run02_topology_LCN2",891,"GRIA1",1.90084712514693e-06,NA,NA,NA
"run02_topology_LCN2",892,"CTSD",0.000133066364187417,NA,NA,NA
"run02_topology_LCN2",893,"CTSD",0.000133066364187417,NA,NA,NA
"run02_topology_LCN2",894,"AGTR1",7.87895413547623e-05,NA,NA,NA
"run02_topology_LCN2",895,"ALDH3A1",7.8987277396747e-05,NA,NA,NA
"run02_topology_LCN2",896,"ITGA5",0.00127400659039045,NA,NA,NA
"run02_topology_LCN2",897,"NDUFS3",7.91874029407724e-05,NA,NA,NA
"run02_topology_LCN2",898,"GOT1",5.88174838508371e-05,NA,NA,NA
"run02_topology_LCN2",899,"COL1A2",8.49027404237201e-06,NA,NA,NA
"run02_topology_LCN2",900,"ALDH1B1",0,NA,NA,NA
"run02_topology_LCN2",901,"AURKB",0.000100012341094136,NA,NA,NA
"run02_topology_LCN2",902,"CYP17A1",3.31356115126358e-05,NA,NA,NA
"run02_topology_LCN2",903,"C3",4.60004945984638e-05,NA,NA,NA
"run02_topology_LCN2",904,"PPIF",5.98208087934093e-05,NA,NA,NA
"run02_topology_LCN2",905,"GLUD1",0.00010300883354164,NA,NA,NA
"run02_topology_LCN2",906,"CYP2C19",1.83094707274511e-05,NA,NA,NA
"run02_topology_LCN2",907,"BAX",8.97923976903581e-05,NA,NA,NA
"run02_topology_LCN2",908,"VIM",5.2598025607753e-05,NA,NA,NA
"run02_topology_LCN2",909,"FURIN",9.05415850372959e-05,NA,NA,NA
"run02_topology_LCN2",910,"COL1A2",8.49027404237201e-06,NA,NA,NA
"run02_topology_LCN2",911,"AKR1C1",5.66614851992275e-05,NA,NA,NA
"run02_topology_LCN2",912,"CACNA1B",0,NA,NA,NA
"run02_topology_LCN2",913,"CACNA1B",0,NA,NA,NA
"run02_topology_LCN2",914,"COL1A2",8.49027404237201e-06,NA,NA,NA
"run02_topology_LCN2",915,"SCN1A",4.8526600018195e-05,NA,NA,NA
"run02_topology_LCN2",916,"KEAP1",8.90865911317151e-05,NA,NA,NA
"run02_topology_LCN2",917,"PRKCZ",0.00127837750571802,NA,NA,NA
"run02_topology_LCN2",918,"CYP2D6",2.95879994604009e-05,NA,NA,NA
"run02_topology_LCN2",919,"BTK",0.000119272845312435,NA,NA,NA
"run02_topology_LCN2",920,"PRKCZ",0.00127837750571802,NA,NA,NA
"run02_topology_LCN2",921,"AGTR1",7.87895413547623e-05,NA,NA,NA
"run02_topology_LCN2",922,"ADH5",7.50101523409041e-05,NA,NA,NA
"run02_topology_LCN2",923,"CYP2C19",1.83094707274511e-05,NA,NA,NA
"run02_topology_LCN2",924,"PPIF",5.98208087934093e-05,NA,NA,NA
"run02_topology_LCN2",925,"RYR2",4.78345186669671e-05,NA,NA,NA
"run02_topology_LCN2",926,"DLG1",6.50075176803488e-05,NA,NA,NA
"run02_topology_LCN2",927,"CYP17A1",3.31356115126358e-05,NA,NA,NA
"run02_topology_LCN2",928,"CYP17A1",3.31356115126358e-05,NA,NA,NA
"run02_topology_LCN2",929,"CTSD",0.000133066364187417,NA,NA,NA
"run02_topology_LCN2",930,"CTSD",0.000133066364187417,NA,NA,NA
"run02_topology_LCN2",931,"ITGA5",0.00127400659039045,NA,NA,NA
"run02_topology_LCN2",932,"ACSL1",4.92269468655993e-05,NA,NA,NA
"run02_topology_LCN2",933,"PPIF",5.98208087934093e-05,NA,NA,NA
"run02_topology_LCN2",934,"PARK7",5.03123803161643e-05,NA,NA,NA
"run02_topology_LCN2",935,"ACE2",6.17806475236016e-05,NA,NA,NA
"run02_topology_LCN2",936,"ACTG1",2.72461711825489e-06,NA,NA,NA
"run02_topology_LCN2",937,"RASA1",5.55702489675181e-05,NA,NA,NA
"run02_topology_LCN2",938,"ACE2",6.17806475236016e-05,NA,NA,NA
"run02_topology_LCN2",939,"FABP4",8.52242665472236e-05,NA,NA,NA
"run02_topology_LCN2",940,"ACE2",6.17806475236016e-05,NA,NA,NA
"run02_topology_LCN2",941,"SCN1A",4.8526600018195e-05,NA,NA,NA
"run02_topology_LCN2",942,"BTK",0.000119272845312435,NA,NA,NA
"run02_topology_LCN2",943,"ADH5",7.50101523409041e-05,NA,NA,NA
"run02_topology_LCN2",944,"FABP4",8.52242665472236e-05,NA,NA,NA
"run02_topology_LCN2",945,"CYP2D6",2.95879994604009e-05,NA,NA,NA
"run02_topology_LCN2",946,"EIF2S1",0.000110140192739028,NA,NA,NA
"run02_topology_LCN2",947,"ALDH1B1",0,NA,NA,NA
"run02_topology_LCN2",948,"BTK",0.000119272845312435,NA,NA,NA
"run02_topology_LCN2",949,"EIF2S1",0.000110140192739028,NA,NA,NA
"run02_topology_LCN2",950,"GRIA2",6.42468498274207e-05,NA,NA,NA
"run02_topology_LCN2",951,"KEAP1",8.90865911317151e-05,NA,NA,NA
"run02_topology_LCN2",952,"NDUFS3",7.91874029407724e-05,NA,NA,NA
"run02_topology_LCN2",953,"SCN1A",4.8526600018195e-05,NA,NA,NA
"run02_topology_LCN2",954,"NOS2",2.38274351227474e-05,NA,NA,NA
"run02_topology_LCN2",955,"NDUFS3",7.91874029407724e-05,NA,NA,NA
"run02_topology_LCN2",956,"CYP2C19",1.83094707274511e-05,NA,NA,NA
"run02_topology_LCN2",957,"PARK7",5.03123803161643e-05,NA,NA,NA
"run02_topology_LCN2",958,"ALDH3A1",7.8987277396747e-05,NA,NA,NA
"run02_topology_LCN2",959,"AURKA",5.49029298524406e-05,NA,NA,NA
"run02_topology_LCN2",960,"CYP2D6",2.95879994604009e-05,NA,NA,NA
"run02_topology_LCN2",961,"CTSD",0.000133066364187417,NA,NA,NA
"run02_topology_LCN2",962,"GLUD1",0.00010300883354164,NA,NA,NA
"run02_topology_LCN2",963,"CPT1A",1.49157660161992e-05,NA,NA,NA
"run02_topology_LCN2",964,"AURKA",5.49029298524406e-05,NA,NA,NA
"run02_topology_LCN2",965,"GOT1",5.88174838508371e-05,NA,NA,NA
"run02_topology_LCN2",966,"KEAP1",8.90865911317151e-05,NA,NA,NA
"run02_topology_LCN2",967,"FABP4",8.52242665472236e-05,NA,NA,NA
"run02_topology_LCN2",968,"AKR1C1",5.66614851992275e-05,NA,NA,NA
"run02_topology_LCN2",969,"ITGA5",0.00127400659039045,NA,NA,NA
"run02_topology_LCN2",970,"ADH5",7.50101523409041e-05,NA,NA,NA
"run02_topology_LCN2",971,"ITGA5",0.00127400659039045,NA,NA,NA
"run02_topology_LCN2",972,"GRIA1",1.90084712514693e-06,NA,NA,NA
"run02_topology_LCN2",973,"GLUD1",0.00010300883354164,NA,NA,NA
"run02_topology_LCN2",974,"RYR2",4.78345186669671e-05,NA,NA,NA
"run02_topology_LCN2",975,"SLC6A4",7.25412905625555e-05,NA,NA,NA
"run02_topology_LCN2",976,"SLC6A4",7.25412905625555e-05,NA,NA,NA
"run02_topology_LCN2",977,"CACNA1B",0,NA,NA,NA
"run02_topology_LCN2",978,"RASA1",5.55702489675181e-05,NA,NA,NA
"run02_topology_LCN2",979,"ACTG1",2.72461711825489e-06,NA,NA,NA
"run02_topology_LCN2",980,"KEAP1",8.90865911317151e-05,NA,NA,NA
"run02_topology_LCN2",981,"CACNA1B",0,NA,NA,NA
"run02_topology_LCN2",982,"BAX",8.97923976903581e-05,NA,NA,NA
"run02_topology_LCN2",983,"ACE2",6.17806475236016e-05,NA,NA,NA
"run02_topology_LCN2",984,"HSD3B2",2.44539251612608e-05,NA,NA,NA
"run02_topology_LCN2",985,"BAX",8.97923976903581e-05,NA,NA,NA
"run02_topology_LCN2",986,"CYP2D6",2.95879994604009e-05,NA,NA,NA
"run02_topology_LCN2",987,"PARK7",5.03123803161643e-05,NA,NA,NA
"run02_topology_LCN2",988,"NFATC1",5.51292228962996e-05,NA,NA,NA
"run02_topology_LCN2",989,"PRKCZ",0.00127837750571802,NA,NA,NA
"run02_topology_LCN2",990,"RASA1",5.55702489675181e-05,NA,NA,NA
"run02_topology_LCN2",991,"CYP2D6",2.95879994604009e-05,NA,NA,NA
"run02_topology_LCN2",992,"CALR",4.38793673526172e-05,NA,NA,NA
"run02_topology_LCN2",993,"PRKCZ",0.00127837750571802,NA,NA,NA
"run02_topology_LCN2",994,"ACTG1",2.72461711825489e-06,NA,NA,NA
"run02_topology_LCN2",995,"BAX",8.97923976903581e-05,NA,NA,NA
"run02_topology_LCN2",996,"SCN1A",4.8526600018195e-05,NA,NA,NA
"run02_topology_LCN2",997,"ACTG1",2.72461711825489e-06,NA,NA,NA
"run02_topology_LCN2",998,"ACSL1",4.92269468655993e-05,NA,NA,NA
"run02_topology_LCN2",999,"PARK7",5.03123803161643e-05,NA,NA,NA
"run02_topology_LCN2",1000,"C3",4.60004945984638e-05,NA,NA,NA
"run02_topology_LCN2",1001,"ITGA5",0.00127400659039045,NA,NA,NA
"run02_topology_LCN2",1002,"PPIF",5.98208087934093e-05,NA,NA,NA
"run02_topology_LCN2",1003,"ITGA5",0.00127400659039045,NA,NA,NA
"run02_topology_LCN2",1004,"ACSL1",4.92269468655993e-05,NA,NA,NA
"run02_topology_LCN2",1005,"NDUFS3",7.91874029407724e-05,NA,NA,NA
"run02_topology_LCN2",1006,"AURKB",0.000100012341094136,NA,NA,NA
"run02_topology_LCN2",1007,"PPIF",5.98208087934093e-05,NA,NA,NA
"run02_topology_LCN2",1008,"AURKA",5.49029298524406e-05,NA,NA,NA
"run02_topology_LCN2",1009,"SLC6A4",7.25412905625555e-05,NA,NA,NA
"run02_topology_LCN2",1010,"HSD3B2",2.44539251612608e-05,NA,NA,NA
"run02_topology_LCN2",1011,"KEAP1",8.90865911317151e-05,NA,NA,NA
"run02_topology_LCN2",1012,"BAX",8.97923976903581e-05,NA,NA,NA
"run02_topology_LCN2",1013,"RASA1",5.55702489675181e-05,NA,NA,NA
"run02_topology_LCN2",1014,"EIF2AK2",0.000116554297583948,NA,NA,NA
"run02_topology_LCN2",1015,"CYP2D6",2.95879994604009e-05,NA,NA,NA
"run02_topology_LCN2",1016,"C3",4.60004945984638e-05,NA,NA,NA
"run02_topology_LCN2",1017,"VIM",5.2598025607753e-05,NA,NA,NA
"run02_topology_LCN2",1018,"AKR1D1",0.0010662752740489,NA,NA,NA
"run02_topology_LCN2",1019,"SCN1A",4.8526600018195e-05,NA,NA,NA
"run02_topology_LCN2",1020,"ALDH1B1",0,NA,NA,NA
"run02_topology_LCN2",1021,"CYP2D6",2.95879994604009e-05,NA,NA,NA
"run02_topology_LCN2",1022,"AKR1D1",0.0010662752740489,NA,NA,NA
"run02_topology_LCN2",1023,"NOS2",2.38274351227474e-05,NA,NA,NA
"run02_topology_LCN2",1024,"NDUFS3",7.91874029407724e-05,NA,NA,NA
"run02_topology_LCN2",1025,"COL1A2",8.49027404237201e-06,NA,NA,NA
"run02_topology_LCN2",1026,"ACTG1",2.72461711825489e-06,NA,NA,NA
"run02_topology_LCN2",1027,"NOS2",2.38274351227474e-05,NA,NA,NA
"run02_topology_LCN2",1028,"NOS2",2.38274351227474e-05,NA,NA,NA
"run02_topology_LCN2",1029,"AKR1C1",5.66614851992275e-05,NA,NA,NA
"run02_topology_LCN2",1030,"EIF2AK2",0.000116554297583948,NA,NA,NA
"run02_topology_LCN2",1031,"FURIN",9.05415850372959e-05,NA,NA,NA
"run02_topology_LCN2",1032,"CTSD",0.000133066364187417,NA,NA,NA
"run02_topology_LCN2",1033,"EIF2AK2",0.000116554297583948,NA,NA,NA
"run02_topology_LCN2",1034,"CYP2D6",2.95879994604009e-05,NA,NA,NA
"run02_topology_LCN2",1035,"CYP2D6",2.95879994604009e-05,NA,NA,NA
"run02_topology_LCN2",1036,"PPIF",5.98208087934093e-05,NA,NA,NA
"run02_topology_LCN2",1037,"KEAP1",8.90865911317151e-05,NA,NA,NA
"run02_topology_LCN2",1038,"CTSD",0.000133066364187417,NA,NA,NA
"run02_topology_LCN2",1039,"ACE2",6.17806475236016e-05,NA,NA,NA
"run02_topology_LCN2",1040,"EIF2S1",0.000110140192739028,NA,NA,NA
"run02_topology_LCN2",1041,"CALR",4.38793673526172e-05,NA,NA,NA
"run02_topology_LCN2",1042,"NFATC1",5.51292228962996e-05,NA,NA,NA
"run02_topology_LCN2",1043,"PRKCZ",0.00127837750571802,NA,NA,NA
"run02_topology_LCN2",1044,"ACACA",7.98311027262466e-05,NA,NA,NA
"run02_topology_LCN2",1045,"ACACA",7.98311027262466e-05,NA,NA,NA
"run02_topology_LCN2",1046,"CACNA1B",0,NA,NA,NA
"run02_topology_LCN2",1047,"PARK7",5.03123803161643e-05,NA,NA,NA
"run02_topology_LCN2",1048,"NPPA",7.28658572474172e-05,NA,NA,NA
"run02_topology_LCN2",1049,"RASA1",5.55702489675181e-05,NA,NA,NA
"run02_topology_LCN2",1050,"SLC6A4",7.25412905625555e-05,NA,NA,NA
"run02_topology_LCN2",1051,"AURKA",5.49029298524406e-05,NA,NA,NA
"run02_topology_LCN2",1052,"PPIF",5.98208087934093e-05,NA,NA,NA
"run02_topology_LCN2",1053,"VIM",5.2598025607753e-05,NA,NA,NA
"run02_topology_LCN2",1054,"ADH5",7.50101523409041e-05,NA,NA,NA
"run02_topology_LCN2",1055,"EIF2AK2",0.000116554297583948,NA,NA,NA
"run02_topology_LCN2",1056,"ACTG1",2.72461711825489e-06,NA,NA,NA
"run02_topology_LCN2",1057,"AGTR1",7.87895413547623e-05,NA,NA,NA
"run02_topology_LCN2",1058,"RYR1",8.59077355945814e-05,NA,NA,NA
"run02_topology_LCN2",1059,"AURKB",0.000100012341094136,NA,NA,NA
"run02_topology_LCN2",1060,"CPT1A",1.49157660161992e-05,NA,NA,NA
"run02_topology_LCN2",1061,"RASA1",5.55702489675181e-05,NA,NA,NA
"run02_topology_LCN2",1062,"DLG1",6.50075176803488e-05,NA,NA,NA
"run02_topology_LCN2",1063,"ACSL1",4.92269468655993e-05,NA,NA,NA
"run02_topology_LCN2",1064,"SCN1A",4.8526600018195e-05,NA,NA,NA
"run02_topology_LCN2",1065,"ACE2",6.17806475236016e-05,NA,NA,NA
"run02_topology_LCN2",1066,"FURIN",9.05415850372959e-05,NA,NA,NA
"run02_topology_LCN2",1067,"ADH5",7.50101523409041e-05,NA,NA,NA
"run02_topology_LCN2",1068,"PRKCZ",0.00127837750571802,NA,NA,NA
"run02_topology_LCN2",1069,"RASA1",5.55702489675181e-05,NA,NA,NA
"run02_topology_LCN2",1070,"NOS2",2.38274351227474e-05,NA,NA,NA
"run02_topology_LCN2",1071,"NFATC1",5.51292228962996e-05,NA,NA,NA
"run02_topology_LCN2",1072,"CYP17A1",3.31356115126358e-05,NA,NA,NA
"run02_topology_LCN2",1073,"SLC6A4",7.25412905625555e-05,NA,NA,NA
"run02_topology_LCN2",1074,"RYR1",8.59077355945814e-05,NA,NA,NA
"run02_topology_LCN2",1075,"GOT1",5.88174838508371e-05,NA,NA,NA
"run02_topology_LCN2",1076,"SCN1A",4.8526600018195e-05,NA,NA,NA
"run02_topology_LCN2",1077,"ALDH1B1",0,NA,NA,NA
"run02_topology_LCN2",1078,"ALDH3A1",7.8987277396747e-05,NA,NA,NA
"run02_topology_LCN2",1079,"GRIA1",1.90084712514693e-06,NA,NA,NA
"run02_topology_LCN2",1080,"CALM2",0,NA,NA,NA
"run02_topology_LCN2",1081,"GLUD1",0.00010300883354164,NA,NA,NA
"run02_topology_LCN2",1082,"SCN1A",4.8526600018195e-05,NA,NA,NA
"run02_topology_LCN2",1083,"ALDH3A1",7.8987277396747e-05,NA,NA,NA
"run02_topology_LCN2",1084,"CPT1A",1.49157660161992e-05,NA,NA,NA
"run02_topology_LCN2",1085,"ALDH3A1",7.8987277396747e-05,NA,NA,NA
"run02_topology_LCN2",1086,"ADH5",7.50101523409041e-05,NA,NA,NA
"run02_topology_LCN2",1087,"ALDH3A1",7.8987277396747e-05,NA,NA,NA
"run02_topology_LCN2",1088,"RYR2",4.78345186669671e-05,NA,NA,NA
"run02_topology_LCN2",1089,"PARK7",5.03123803161643e-05,NA,NA,NA
"run02_topology_LCN2",1090,"AKR1D1",0.0010662752740489,NA,NA,NA
"run02_topology_LCN2",1091,"ACTG1",2.72461711825489e-06,NA,NA,NA
"run02_topology_LCN2",1092,"NOS2",2.38274351227474e-05,NA,NA,NA
"run02_topology_LCN2",1093,"KEAP1",8.90865911317151e-05,NA,NA,NA
"run02_topology_LCN2",1094,"ACSL1",4.92269468655993e-05,NA,NA,NA
"run02_topology_LCN2",1095,"RYR2",4.78345186669671e-05,NA,NA,NA
"run02_topology_LCN2",1096,"PPIF",5.98208087934093e-05,NA,NA,NA
"run02_topology_LCN2",1097,"CYP2C19",1.83094707274511e-05,NA,NA,NA
"run02_topology_LCN2",1098,"PARK7",5.03123803161643e-05,NA,NA,NA
"run02_topology_LCN2",1099,"ALDH1B1",0,NA,NA,NA
"run02_topology_LCN2",1100,"CALM2",0,NA,NA,NA
"run02_topology_LCN2",1101,"GRIA2",6.42468498274207e-05,NA,NA,NA
"run02_topology_LCN2",1102,"FABP4",8.52242665472236e-05,NA,NA,NA
"run02_topology_LCN2",1103,"ACTG1",2.72461711825489e-06,NA,NA,NA
"run02_topology_LCN2",1104,"CYP2D6",2.95879994604009e-05,NA,NA,NA
"run02_topology_LCN2",1105,"CYP2D6",2.95879994604009e-05,NA,NA,NA
"run02_topology_LCN2",1106,"BTK",0.000119272845312435,NA,NA,NA
"run02_topology_LCN2",1107,"HSD3B2",2.44539251612608e-05,NA,NA,NA
"run02_topology_LCN2",1108,"ACTG1",2.72461711825489e-06,NA,NA,NA
"run02_topology_LCN2",1109,"FURIN",9.05415850372959e-05,NA,NA,NA
"run02_topology_LCN2",1110,"NDUFS3",7.91874029407724e-05,NA,NA,NA
"run02_topology_LCN2",1111,"DLG1",6.50075176803488e-05,NA,NA,NA
"run02_topology_LCN2",1112,"FABP4",8.52242665472236e-05,NA,NA,NA
"run02_topology_LCN2",1113,"NPPA",7.28658572474172e-05,NA,NA,NA
"run02_topology_LCN2",1114,"NFATC1",5.51292228962996e-05,NA,NA,NA
"run02_topology_LCN2",1115,"CALR",4.38793673526172e-05,NA,NA,NA
"run02_topology_LCN2",1116,"DLG1",6.50075176803488e-05,NA,NA,NA
"run02_topology_LCN2",1117,"GRIA1",1.90084712514693e-06,NA,NA,NA
"run02_topology_LCN2",1118,"ADH5",7.50101523409041e-05,NA,NA,NA
"run02_topology_LCN2",1119,"NFATC1",5.51292228962996e-05,NA,NA,NA
"run02_topology_LCN2",1120,"ALDH3A1",7.8987277396747e-05,NA,NA,NA
"run02_topology_LCN2",1121,"AGTR1",7.87895413547623e-05,NA,NA,NA
"run02_topology_LCN2",1122,"EIF2AK2",0.000116554297583948,NA,NA,NA
"run02_topology_LCN2",1123,"SCN1A",4.8526600018195e-05,NA,NA,NA
"run02_topology_LCN2",1124,"HSD3B2",2.44539251612608e-05,NA,NA,NA
"run02_topology_LCN2",1125,"BAX",8.97923976903581e-05,NA,NA,NA
"run02_topology_LCN2",1126,"AKR1C1",5.66614851992275e-05,NA,NA,NA
"run02_topology_LCN2",1127,"ALDH3A1",7.8987277396747e-05,NA,NA,NA
"run02_topology_LCN2",1128,"AKR1D1",0.0010662752740489,NA,NA,NA
"run02_topology_LCN2",1129,"VIM",5.2598025607753e-05,NA,NA,NA
"run02_topology_LCN2",1130,"ACSL1",4.92269468655993e-05,NA,NA,NA
"run02_topology_LCN2",1131,"GRIA2",6.42468498274207e-05,NA,NA,NA
"run02_topology_LCN2",1132,"CTSD",0.000133066364187417,NA,NA,NA
"run02_topology_LCN2",1133,"NPPA",7.28658572474172e-05,NA,NA,NA
"run02_topology_LCN2",1134,"NOS2",2.38274351227474e-05,NA,NA,NA
"run02_topology_LCN2",1135,"EIF2S1",0.000110140192739028,NA,NA,NA
"run02_topology_LCN2",1136,"GLUD1",0.00010300883354164,NA,NA,NA
"run02_topology_LCN2",1137,"C3",4.60004945984638e-05,NA,NA,NA
"run02_topology_LCN2",1138,"NDUFS3",7.91874029407724e-05,NA,NA,NA
"run02_topology_LCN2",1139,"CALM2",0,NA,NA,NA
"run02_topology_LCN2",1140,"ALDH3A1",7.8987277396747e-05,NA,NA,NA
"run02_topology_LCN2",1141,"KEAP1",8.90865911317151e-05,NA,NA,NA
"run02_topology_LCN2",1142,"CYP2C19",1.83094707274511e-05,NA,NA,NA
"run02_topology_LCN2",1143,"CYP2D6",2.95879994604009e-05,NA,NA,NA
"run02_topology_LCN2",1144,"KEAP1",8.90865911317151e-05,NA,NA,NA
"run02_topology_LCN2",1145,"SCN1A",4.8526600018195e-05,NA,NA,NA
"run02_topology_LCN2",1146,"HSD3B2",2.44539251612608e-05,NA,NA,NA
"run02_topology_LCN2",1147,"ITGA5",0.00127400659039045,NA,NA,NA
"run02_topology_LCN2",1148,"CYP2D6",2.95879994604009e-05,NA,NA,NA
"run02_topology_LCN2",1149,"AKR1C1",5.66614851992275e-05,NA,NA,NA
"run02_topology_LCN2",1150,"AURKB",0.000100012341094136,NA,NA,NA
"run02_topology_LCN2",1151,"BTK",0.000119272845312435,NA,NA,NA
"run02_topology_LCN2",1152,"NDUFS3",7.91874029407724e-05,NA,NA,NA
"run02_topology_LCN2",1153,"CALM2",0,NA,NA,NA
"run02_topology_LCN2",1154,"NPPA",7.28658572474172e-05,NA,NA,NA
"run02_topology_LCN2",1155,"PRKCZ",0.00127837750571802,NA,NA,NA
"run02_topology_LCN2",1156,"GOT1",5.88174838508371e-05,NA,NA,NA
"run02_topology_LCN2",1157,"ACSL1",4.92269468655993e-05,NA,NA,NA
"run02_topology_LCN2",1158,"CYP17A1",3.31356115126358e-05,NA,NA,NA
"run02_topology_LCN2",1159,"CTSD",0.000133066364187417,NA,NA,NA
"run02_topology_LCN2",1160,"BAX",8.97923976903581e-05,NA,NA,NA
"run02_topology_LCN2",1161,"EIF2S1",0.000110140192739028,NA,NA,NA
"run02_topology_LCN2",1162,"BAX",8.97923976903581e-05,NA,NA,NA
"run02_topology_LCN2",1163,"RYR1",8.59077355945814e-05,NA,NA,NA
"run02_topology_LCN2",1164,"AURKA",5.49029298524406e-05,NA,NA,NA
"run02_topology_LCN2",1165,"CALM2",0,NA,NA,NA
"run02_topology_LCN2",1166,"RASA1",5.55702489675181e-05,NA,NA,NA
"run02_topology_LCN2",1167,"ACACA",7.98311027262466e-05,NA,NA,NA
"run02_topology_LCN2",1168,"GRIA2",6.42468498274207e-05,NA,NA,NA
"run02_topology_LCN2",1169,"ITGA5",0.00127400659039045,NA,NA,NA
"run02_topology_LCN2",1170,"NOS2",2.38274351227474e-05,NA,NA,NA
"run02_topology_LCN2",1171,"ITGA5",0.00127400659039045,NA,NA,NA
"run02_topology_LCN2",1172,"CALR",4.38793673526172e-05,NA,NA,NA
"run02_topology_LCN2",1173,"GRIA1",1.90084712514693e-06,NA,NA,NA
"run02_topology_LCN2",1174,"CYP17A1",3.31356115126358e-05,NA,NA,NA
"run02_topology_LCN2",1175,"GRIA2",6.42468498274207e-05,NA,NA,NA
"run02_topology_LCN2",1176,"AURKB",0.000100012341094136,NA,NA,NA
"run02_topology_LCN2",1177,"GLUD1",0.00010300883354164,NA,NA,NA
"run02_topology_LCN2",1178,"KEAP1",8.90865911317151e-05,NA,NA,NA
"run02_topology_LCN2",1179,"NOS2",2.38274351227474e-05,NA,NA,NA
"run02_topology_LCN2",1180,"DLG1",6.50075176803488e-05,NA,NA,NA
"run02_topology_LCN2",1181,"SLC6A4",7.25412905625555e-05,NA,NA,NA
"run02_topology_LCN2",1182,"NFATC1",5.51292228962996e-05,NA,NA,NA
"run02_topology_LCN2",1183,"EIF2AK2",0.000116554297583948,NA,NA,NA
"run02_topology_LCN2",1184,"PRKCZ",0.00127837750571802,NA,NA,NA
"run02_topology_LCN2",1185,"AGTR1",7.87895413547623e-05,NA,NA,NA
"run02_topology_LCN2",1186,"CALR",4.38793673526172e-05,NA,NA,NA
"run02_topology_LCN2",1187,"PARK7",5.03123803161643e-05,NA,NA,NA
"run02_topology_LCN2",1188,"GRIA1",1.90084712514693e-06,NA,NA,NA
"run02_topology_LCN2",1189,"GRIA2",6.42468498274207e-05,NA,NA,NA
"run02_topology_LCN2",1190,"ALDH1B1",0,NA,NA,NA
"run02_topology_LCN2",1191,"DLG1",6.50075176803488e-05,NA,NA,NA
"run02_topology_LCN2",1192,"CYP17A1",3.31356115126358e-05,NA,NA,NA
"run02_topology_LCN2",1193,"AKR1C1",5.66614851992275e-05,NA,NA,NA
"run02_topology_LCN2",1194,"CYP2C19",1.83094707274511e-05,NA,NA,NA
"run02_topology_LCN2",1195,"GRIA1",1.90084712514693e-06,NA,NA,NA
"run02_topology_LCN2",1196,"GOT1",5.88174838508371e-05,NA,NA,NA
"run02_topology_LCN2",1197,"NDUFS3",7.91874029407724e-05,NA,NA,NA
"run02_topology_LCN2",1198,"EIF2S1",0.000110140192739028,NA,NA,NA
"run02_topology_LCN2",1199,"BTK",0.000119272845312435,NA,NA,NA
"run02_topology_LCN2",1200,"VIM",5.2598025607753e-05,NA,NA,NA
"run02_topology_LCN2",1201,"NPPA",7.28658572474172e-05,NA,NA,NA
"run02_topology_LCN2",1202,"CTSD",0.000133066364187417,NA,NA,NA
"run02_topology_LCN2",1203,"AGTR1",7.87895413547623e-05,NA,NA,NA
"run02_topology_LCN2",1204,"BTK",0.000119272845312435,NA,NA,NA
"run02_topology_LCN2",1205,"AURKB",0.000100012341094136,NA,NA,NA
"run02_topology_LCN2",1206,"EIF2AK2",0.000116554297583948,NA,NA,NA
"run02_topology_LCN2",1207,"PPIF",5.98208087934093e-05,NA,NA,NA
"run02_topology_LCN2",1208,"AURKA",5.49029298524406e-05,NA,NA,NA
"run02_topology_LCN2",1209,"CYP17A1",3.31356115126358e-05,NA,NA,NA
"run02_topology_LCN2",1210,"NPPA",7.28658572474172e-05,NA,NA,NA
"run02_topology_LCN2",1211,"EIF2S1",0.000110140192739028,NA,NA,NA
"run02_topology_LCN2",1212,"NPPA",7.28658572474172e-05,NA,NA,NA
"run02_topology_LCN2",1213,"GOT1",5.88174838508371e-05,NA,NA,NA
"run02_topology_LCN2",1214,"NOS2",2.38274351227474e-05,NA,NA,NA
"run02_topology_LCN2",1215,"RYR1",8.59077355945814e-05,NA,NA,NA
"run02_topology_LCN2",1216,"NPPA",7.28658572474172e-05,NA,NA,NA
"run02_topology_LCN2",1217,"VIM",5.2598025607753e-05,NA,NA,NA
"run02_topology_LCN2",1218,"NDUFS3",7.91874029407724e-05,NA,NA,NA
"run02_topology_LCN2",1219,"EIF2AK2",0.000116554297583948,NA,NA,NA
"run02_topology_LCN2",1220,"AKR1D1",0.0010662752740489,NA,NA,NA
"run02_topology_LCN2",1221,"ADH5",7.50101523409041e-05,NA,NA,NA
"run02_topology_LCN2",1222,"ADH5",7.50101523409041e-05,NA,NA,NA
"run02_topology_LCN2",1223,"PARK7",5.03123803161643e-05,NA,NA,NA
"run02_topology_LCN2",1224,"ACTG1",2.72461711825489e-06,NA,NA,NA
"run02_topology_LCN2",1225,"COL1A2",8.49027404237201e-06,NA,NA,NA
"run02_topology_LCN2",1226,"ITGA5",0.00127400659039045,NA,NA,NA
"run02_topology_LCN2",1227,"AKR1D1",0.0010662752740489,NA,NA,NA
"run02_topology_LCN2",1228,"SLC6A4",7.25412905625555e-05,NA,NA,NA
"run02_topology_LCN2",1229,"AURKB",0.000100012341094136,NA,NA,NA
"run02_topology_LCN2",1230,"GOT1",5.88174838508371e-05,NA,NA,NA
"run02_topology_LCN2",1231,"ACTG1",2.72461711825489e-06,NA,NA,NA
"run02_topology_LCN2",1232,"EIF2AK2",0.000116554297583948,NA,NA,NA
"run02_topology_LCN2",1233,"HSD3B2",2.44539251612608e-05,NA,NA,NA
"run02_topology_LCN2",1234,"AGTR1",7.87895413547623e-05,NA,NA,NA
"run02_topology_LCN2",1235,"GRIA1",1.90084712514693e-06,NA,NA,NA
"run02_topology_LCN2",1236,"GRIA2",6.42468498274207e-05,NA,NA,NA
"run02_topology_LCN2",1237,"FABP4",8.52242665472236e-05,NA,NA,NA
"run02_topology_LCN2",1238,"CALM2",0,NA,NA,NA
"run02_topology_LCN2",1239,"FABP4",8.52242665472236e-05,NA,NA,NA
"run02_topology_LCN2",1240,"KEAP1",8.90865911317151e-05,NA,NA,NA
"run02_topology_LCN2",1241,"ACSL1",4.92269468655993e-05,NA,NA,NA
"run02_topology_LCN2",1242,"ACSL1",4.92269468655993e-05,NA,NA,NA
"run02_topology_LCN2",1243,"AURKB",0.000100012341094136,NA,NA,NA
"run02_topology_LCN2",1244,"FURIN",9.05415850372959e-05,NA,NA,NA
"run02_topology_LCN2",1245,"FABP4",8.52242665472236e-05,NA,NA,NA
"run02_topology_LCN2",1246,"COL1A2",8.49027404237201e-06,NA,NA,NA
"run02_topology_LCN2",1247,"AKR1C1",5.66614851992275e-05,NA,NA,NA
"run02_topology_LCN2",1248,"NOS2",2.38274351227474e-05,NA,NA,NA
"run02_topology_LCN2",1249,"PPARD",4.39109792027548e-05,NA,NA,NA
"run02_topology_LCN2",1250,"CYP2D6",2.95879994604009e-05,NA,NA,NA
"run02_topology_LCN2",1251,"FURIN",9.05415850372959e-05,NA,NA,NA
"run02_topology_LCN2",1252,"NOS2",2.38274351227474e-05,NA,NA,NA
"run02_topology_LCN2",1253,"HSD3B2",2.44539251612608e-05,NA,NA,NA
"run02_topology_LCN2",1254,"CYP2C19",1.83094707274511e-05,NA,NA,NA
"run02_topology_LCN2",1255,"ACE2",6.17806475236016e-05,NA,NA,NA
"run02_topology_LCN2",1256,"NPPA",7.28658572474172e-05,NA,NA,NA
"run02_topology_LCN2",1257,"ITGA5",0.00127400659039045,NA,NA,NA
"run02_topology_LCN2",1258,"FURIN",9.05415850372959e-05,NA,NA,NA
"run02_topology_LCN2",1259,"RYR2",4.78345186669671e-05,NA,NA,NA
"run02_topology_LCN2",1260,"NOS2",2.38274351227474e-05,NA,NA,NA
"run02_topology_LCN2",1261,"ACTG1",2.72461711825489e-06,NA,NA,NA
"run02_topology_LCN2",1262,"ALDH3A1",7.8987277396747e-05,NA,NA,NA
"run02_topology_LCN2",1263,"CACNA1B",0,NA,NA,NA
"run02_topology_LCN2",1264,"AGTR1",7.87895413547623e-05,NA,NA,NA
"run02_topology_LCN2",1265,"CYP2D6",2.95879994604009e-05,NA,NA,NA
"run02_topology_LCN2",1266,"RYR2",4.78345186669671e-05,NA,NA,NA
"run02_topology_LCN2",1267,"CYP2C19",1.83094707274511e-05,NA,NA,NA
"run02_topology_LCN2",1268,"NFATC1",5.51292228962996e-05,NA,NA,NA
"run02_topology_LCN2",1269,"BTK",0.000119272845312435,NA,NA,NA
"run02_topology_LCN2",1270,"EIF2AK2",0.000116554297583948,NA,NA,NA
"run02_topology_LCN2",1271,"RYR2",4.78345186669671e-05,NA,NA,NA
"run02_topology_LCN2",1272,"AGTR1",7.87895413547623e-05,NA,NA,NA
"run02_topology_LCN2",1273,"NDUFS3",7.91874029407724e-05,NA,NA,NA
"run02_topology_LCN2",1274,"EIF2S1",0.000110140192739028,NA,NA,NA
"run02_topology_LCN2",1275,"CTSD",0.000133066364187417,NA,NA,NA
"run02_topology_LCN2",1276,"SCN1A",4.8526600018195e-05,NA,NA,NA
"run02_topology_LCN2",1277,"VIM",5.2598025607753e-05,NA,NA,NA
"run02_topology_LCN2",1278,"BAX",8.97923976903581e-05,NA,NA,NA
"run02_topology_LCN2",1279,"PPARD",4.39109792027548e-05,NA,NA,NA
"run02_topology_LCN2",1280,"RYR1",8.59077355945814e-05,NA,NA,NA
"run02_topology_LCN2",1281,"GOT1",5.88174838508371e-05,NA,NA,NA
"run02_topology_LCN2",1282,"CALM2",0,NA,NA,NA
"run02_topology_LCN2",1283,"KEAP1",8.90865911317151e-05,NA,NA,NA
"run02_topology_LCN2",1284,"RASA1",5.55702489675181e-05,NA,NA,NA
"run02_topology_LCN2",1285,"PPIF",5.98208087934093e-05,NA,NA,NA
"run02_topology_LCN2",1286,"EIF2S1",0.000110140192739028,NA,NA,NA
"run02_topology_LCN2",1287,"KEAP1",8.90865911317151e-05,NA,NA,NA
"run02_topology_LCN2",1288,"AURKB",0.000100012341094136,NA,NA,NA
"run02_topology_LCN2",1289,"PARK7",5.03123803161643e-05,NA,NA,NA
"run02_topology_LCN2",1290,"PPIF",5.98208087934093e-05,NA,NA,NA
"run02_topology_LCN2",1291,"FURIN",9.05415850372959e-05,NA,NA,NA
"run02_topology_LCN2",1292,"KEAP1",8.90865911317151e-05,NA,NA,NA
"run02_topology_LCN2",1293,"VIM",5.2598025607753e-05,NA,NA,NA
"run02_topology_LCN2",1294,"RYR1",8.59077355945814e-05,NA,NA,NA
"run02_topology_LCN2",1295,"BTK",0.000119272845312435,NA,NA,NA
"run02_topology_LCN2",1296,"EIF2AK2",0.000116554297583948,NA,NA,NA
"run02_topology_LCN2",1297,"GLUD1",0.00010300883354164,NA,NA,NA
"run02_topology_LCN2",1298,"CALR",4.38793673526172e-05,NA,NA,NA
"run02_topology_LCN2",1299,"COL1A2",8.49027404237201e-06,NA,NA,NA
"run02_topology_LCN2",1300,"ALDH1B1",0,NA,NA,NA
"run02_topology_LCN2",1301,"PARK7",5.03123803161643e-05,NA,NA,NA
"run02_topology_LCN2",1302,"HSD3B2",2.44539251612608e-05,NA,NA,NA
"run02_topology_LCN2",1303,"RYR2",4.78345186669671e-05,NA,NA,NA
"run02_topology_LCN2",1304,"AURKA",5.49029298524406e-05,NA,NA,NA
"run02_topology_LCN2",1305,"ITGA5",0.00127400659039045,NA,NA,NA
"run02_topology_LCN2",1306,"CALM2",0,NA,NA,NA
"run02_topology_LCN2",1307,"GRIA2",6.42468498274207e-05,NA,NA,NA
"run02_topology_LCN2",1308,"PRKCZ",0.00127837750571802,NA,NA,NA
"run02_topology_LCN2",1309,"NDUFS3",7.91874029407724e-05,NA,NA,NA
"run02_topology_LCN2",1310,"RYR2",4.78345186669671e-05,NA,NA,NA
"run02_topology_LCN2",1311,"HSD3B2",2.44539251612608e-05,NA,NA,NA
"run02_topology_LCN2",1312,"ADH5",7.50101523409041e-05,NA,NA,NA
"run02_topology_LCN2",1313,"CYP2D6",2.95879994604009e-05,NA,NA,NA
"run02_topology_LCN2",1314,"ACE2",6.17806475236016e-05,NA,NA,NA
"run02_topology_LCN2",1315,"BAX",8.97923976903581e-05,NA,NA,NA
"run02_topology_LCN2",1316,"BAX",8.97923976903581e-05,NA,NA,NA
"run02_topology_LCN2",1317,"GLUD1",0.00010300883354164,NA,NA,NA
"run02_topology_LCN2",1318,"CACNA1B",0,NA,NA,NA
"run02_topology_LCN2",1319,"HSD3B2",2.44539251612608e-05,NA,NA,NA
"run02_topology_LCN2",1320,"VIM",5.2598025607753e-05,NA,NA,NA
"run02_topology_LCN2",1321,"ADH5",7.50101523409041e-05,NA,NA,NA
"run02_topology_LCN2",1322,"RYR2",4.78345186669671e-05,NA,NA,NA
"run02_topology_LCN2",1323,"GRIA2",6.42468498274207e-05,NA,NA,NA
"run02_topology_LCN2",1324,"CPT1A",1.49157660161992e-05,NA,NA,NA
"run02_topology_LCN2",1325,"AKR1C1",5.66614851992275e-05,NA,NA,NA
"run02_topology_LCN2",1326,"NFATC1",5.51292228962996e-05,NA,NA,NA
"run02_topology_LCN2",1327,"CYP2D6",2.95879994604009e-05,NA,NA,NA
"run02_topology_LCN2",1328,"NFATC1",5.51292228962996e-05,NA,NA,NA
"run02_topology_LCN2",1329,"AGTR1",7.87895413547623e-05,NA,NA,NA
"run02_topology_LCN2",1330,"RYR1",8.59077355945814e-05,NA,NA,NA
"run02_topology_LCN2",1331,"GOT1",5.88174838508371e-05,NA,NA,NA
"run02_topology_LCN2",1332,"ACTG1",2.72461711825489e-06,NA,NA,NA
"run02_topology_LCN2",1333,"ACACA",7.98311027262466e-05,NA,NA,NA
"run02_topology_LCN2",1334,"PPIF",5.98208087934093e-05,NA,NA,NA
"run02_topology_LCN2",1335,"CALR",4.38793673526172e-05,NA,NA,NA
"run02_topology_LCN2",1336,"GOT1",5.88174838508371e-05,NA,NA,NA
"run02_topology_LCN2",1337,"ADH5",7.50101523409041e-05,NA,NA,NA
"run02_topology_LCN2",1338,"RYR2",4.78345186669671e-05,NA,NA,NA
"run02_topology_LCN2",1339,"AURKB",0.000100012341094136,NA,NA,NA
"run02_topology_LCN2",1340,"NFATC1",5.51292228962996e-05,NA,NA,NA
"run02_topology_LCN2",1341,"NFATC1",5.51292228962996e-05,NA,NA,NA
"run02_topology_LCN2",1342,"RYR2",4.78345186669671e-05,NA,NA,NA
"run02_topology_LCN2",1343,"PARK7",5.03123803161643e-05,NA,NA,NA
"run02_topology_LCN2",1344,"HSD3B2",2.44539251612608e-05,NA,NA,NA
"run02_topology_LCN2",1345,"CYP2C19",1.83094707274511e-05,NA,NA,NA
"run02_topology_LCN2",1346,"ACE2",6.17806475236016e-05,NA,NA,NA
"run02_topology_LCN2",1347,"CYP17A1",3.31356115126358e-05,NA,NA,NA
"run02_topology_LCN2",1348,"DLG1",6.50075176803488e-05,NA,NA,NA
"run02_topology_LCN2",1349,"VIM",5.2598025607753e-05,NA,NA,NA
"run02_topology_LCN2",1350,"ALDH3A1",7.8987277396747e-05,NA,NA,NA
"run02_topology_LCN2",1351,"SLC6A4",7.25412905625555e-05,NA,NA,NA
"run02_topology_LCN2",1352,"ACACA",7.98311027262466e-05,NA,NA,NA
"run02_topology_LCN2",1353,"GOT1",5.88174838508371e-05,NA,NA,NA
"run02_topology_LCN2",1354,"C3",4.60004945984638e-05,NA,NA,NA
"run02_topology_LCN2",1355,"RYR1",8.59077355945814e-05,NA,NA,NA
"run02_topology_LCN2",1356,"NDUFS3",7.91874029407724e-05,NA,NA,NA
"run02_topology_LCN2",1357,"AGTR1",7.87895413547623e-05,NA,NA,NA
"run02_topology_LCN2",1358,"ITGA5",0.00127400659039045,NA,NA,NA
"run02_topology_LCN2",1359,"CYP17A1",3.31356115126358e-05,NA,NA,NA
"run02_topology_LCN2",1360,"BTK",0.000119272845312435,NA,NA,NA
"run02_topology_LCN2",1361,"GLUD1",0.00010300883354164,NA,NA,NA
"run02_topology_LCN2",1362,"NFATC1",5.51292228962996e-05,NA,NA,NA
"run02_topology_LCN2",1363,"BAX",8.97923976903581e-05,NA,NA,NA
"run02_topology_LCN2",1364,"AGTR1",7.87895413547623e-05,NA,NA,NA
"run02_topology_LCN2",1365,"FABP4",8.52242665472236e-05,NA,NA,NA
"run02_topology_LCN2",1366,"NPPA",7.28658572474172e-05,NA,NA,NA
"run02_topology_LCN2",1367,"RASA1",5.55702489675181e-05,NA,NA,NA
"run02_topology_LCN2",1368,"BTK",0.000119272845312435,NA,NA,NA
"run02_topology_LCN2",1369,"CPT1A",1.49157660161992e-05,NA,NA,NA
"run02_topology_LCN2",1370,"AGTR1",7.87895413547623e-05,NA,NA,NA
"run02_topology_LCN2",1371,"RYR2",4.78345186669671e-05,NA,NA,NA
"run02_topology_LCN2",1372,"ADH5",7.50101523409041e-05,NA,NA,NA
"run02_topology_LCN2",1373,"KEAP1",8.90865911317151e-05,NA,NA,NA
"run02_topology_LCN2",1374,"NDUFS3",7.91874029407724e-05,NA,NA,NA
"run02_topology_LCN2",1375,"CPT1A",1.49157660161992e-05,NA,NA,NA
"run02_topology_LCN2",1376,"AURKA",5.49029298524406e-05,NA,NA,NA
"run02_topology_LCN2",1377,"SLC6A4",7.25412905625555e-05,NA,NA,NA
"run02_topology_LCN2",1378,"RASA1",5.55702489675181e-05,NA,NA,NA
"run02_topology_LCN2",1379,"CALR",4.38793673526172e-05,NA,NA,NA
"run02_topology_LCN2",1380,"ALDH1B1",0,NA,NA,NA
"run02_topology_LCN2",1381,"RYR1",8.59077355945814e-05,NA,NA,NA
"run02_topology_LCN2",1382,"NPPA",7.28658572474172e-05,NA,NA,NA
"run02_topology_LCN2",1383,"SCN1A",4.8526600018195e-05,NA,NA,NA
"run02_topology_LCN2",1384,"RASA1",5.55702489675181e-05,NA,NA,NA
"run02_topology_LCN2",1385,"ALDH1B1",0,NA,NA,NA
"run02_topology_LCN2",1386,"BAX",8.97923976903581e-05,NA,NA,NA
"run02_topology_LCN2",1387,"AGTR1",7.87895413547623e-05,NA,NA,NA
"run02_topology_LCN2",1388,"AKR1D1",0.0010662752740489,NA,NA,NA
"run02_topology_LCN2",1389,"GRIA1",1.90084712514693e-06,NA,NA,NA
"run02_topology_LCN2",1390,"AKR1D1",0.0010662752740489,NA,NA,NA
"run02_topology_LCN2",1391,"VIM",5.2598025607753e-05,NA,NA,NA
"run02_topology_LCN2",1392,"ADH5",7.50101523409041e-05,NA,NA,NA
"run02_topology_LCN2",1393,"PPIF",5.98208087934093e-05,NA,NA,NA
"run02_topology_LCN2",1394,"RYR2",4.78345186669671e-05,NA,NA,NA
"run02_topology_LCN2",1395,"EIF2S1",0.000110140192739028,NA,NA,NA
"run02_topology_LCN2",1396,"AURKB",0.000100012341094136,NA,NA,NA
"run02_topology_LCN2",1397,"NDUFS3",7.91874029407724e-05,NA,NA,NA
"run02_topology_LCN2",1398,"VIM",5.2598025607753e-05,NA,NA,NA
"run02_topology_LCN2",1399,"GRIA1",1.90084712514693e-06,NA,NA,NA
"run02_topology_LCN2",1400,"CYP2C19",1.83094707274511e-05,NA,NA,NA
"run02_topology_LCN2",1401,"FABP4",8.52242665472236e-05,NA,NA,NA
"run02_topology_LCN2",1402,"NDUFS3",7.91874029407724e-05,NA,NA,NA
"run02_topology_LCN2",1403,"CYP2C19",1.83094707274511e-05,NA,NA,NA
"run02_topology_LCN2",1404,"RYR1",8.59077355945814e-05,NA,NA,NA
"run02_topology_LCN2",1405,"GRIA1",1.90084712514693e-06,NA,NA,NA
"run02_topology_LCN2",1406,"CALM2",0,NA,NA,NA
"run02_topology_LCN2",1407,"ACACA",7.98311027262466e-05,NA,NA,NA
"run02_topology_LCN2",1408,"CYP2D6",2.95879994604009e-05,NA,NA,NA
"run02_topology_LCN2",1409,"SCN1A",4.8526600018195e-05,NA,NA,NA
"run02_topology_LCN2",1410,"GLUD1",0.00010300883354164,NA,NA,NA
"run02_topology_LCN2",1411,"ACSL1",4.92269468655993e-05,NA,NA,NA
"run02_topology_LCN2",1412,"CYP2D6",2.95879994604009e-05,NA,NA,NA
"run02_topology_LCN2",1413,"CTSD",0.000133066364187417,NA,NA,NA
"run02_topology_LCN2",1414,"GRIA2",6.42468498274207e-05,NA,NA,NA
"run02_topology_LCN2",1415,"AKR1D1",0.0010662752740489,NA,NA,NA
"run02_topology_LCN2",1416,"GOT1",5.88174838508371e-05,NA,NA,NA
"run02_topology_LCN2",1417,"AKR1D1",0.0010662752740489,NA,NA,NA
"run02_topology_LCN2",1418,"BTK",0.000119272845312435,NA,NA,NA
"run02_topology_LCN2",1419,"AURKB",0.000100012341094136,NA,NA,NA
"run02_topology_LCN2",1420,"VIM",5.2598025607753e-05,NA,NA,NA
"run02_topology_LCN2",1421,"ALDH3A1",7.8987277396747e-05,NA,NA,NA
"run02_topology_LCN2",1422,"CACNA1B",0,NA,NA,NA
"run02_topology_LCN2",1423,"GLUD1",0.00010300883354164,NA,NA,NA
"run02_topology_LCN2",1424,"NPPA",7.28658572474172e-05,NA,NA,NA
"run02_topology_LCN2",1425,"FURIN",9.05415850372959e-05,NA,NA,NA
"run02_topology_LCN2",1426,"AURKA",5.49029298524406e-05,NA,NA,NA
"run02_topology_LCN2",1427,"PPARD",4.39109792027548e-05,NA,NA,NA
"run02_topology_LCN2",1428,"HSD3B2",2.44539251612608e-05,NA,NA,NA
"run02_topology_LCN2",1429,"FURIN",9.05415850372959e-05,NA,NA,NA
"run02_topology_LCN2",1430,"NPPA",7.28658572474172e-05,NA,NA,NA
"run02_topology_LCN2",1431,"NPPA",7.28658572474172e-05,NA,NA,NA
"run02_topology_LCN2",1432,"GOT1",5.88174838508371e-05,NA,NA,NA
"run02_topology_LCN2",1433,"PARK7",5.03123803161643e-05,NA,NA,NA
"run02_topology_LCN2",1434,"NFATC1",5.51292228962996e-05,NA,NA,NA
"run02_topology_LCN2",1435,"ADH5",7.50101523409041e-05,NA,NA,NA
"run02_topology_LCN2",1436,"ACSL1",4.92269468655993e-05,NA,NA,NA
"run02_topology_LCN2",1437,"KEAP1",8.90865911317151e-05,NA,NA,NA
"run02_topology_LCN2",1438,"GRIA2",6.42468498274207e-05,NA,NA,NA
"run02_topology_LCN2",1439,"ADH5",7.50101523409041e-05,NA,NA,NA
"run02_topology_LCN2",1440,"CYP17A1",3.31356115126358e-05,NA,NA,NA
"run02_topology_LCN2",1441,"PPIF",5.98208087934093e-05,NA,NA,NA
"run02_topology_LCN2",1442,"ADH5",7.50101523409041e-05,NA,NA,NA
"run02_topology_LCN2",1443,"DLG1",6.50075176803488e-05,NA,NA,NA
"run02_topology_LCN2",1444,"EIF2AK2",0.000116554297583948,NA,NA,NA
"run02_topology_LCN2",1445,"NOS2",2.38274351227474e-05,NA,NA,NA
"run02_topology_LCN2",1446,"AGTR1",7.87895413547623e-05,NA,NA,NA
"run02_topology_LCN2",1447,"RASA1",5.55702489675181e-05,NA,NA,NA
"run02_topology_LCN2",1448,"GLUD1",0.00010300883354164,NA,NA,NA
"run02_topology_LCN2",1449,"CYP2C19",1.83094707274511e-05,NA,NA,NA
"run02_topology_LCN2",1450,"PARK7",5.03123803161643e-05,NA,NA,NA
"run02_topology_LCN2",1451,"NPPA",7.28658572474172e-05,NA,NA,NA
"run02_topology_LCN2",1452,"ACACA",7.98311027262466e-05,NA,NA,NA
"run02_topology_LCN2",1453,"FURIN",9.05415850372959e-05,NA,NA,NA
"run02_topology_LCN2",1454,"ADH5",7.50101523409041e-05,NA,NA,NA
"run02_topology_LCN2",1455,"ALDH1B1",0,NA,NA,NA
"run02_topology_LCN2",1456,"RYR2",4.78345186669671e-05,NA,NA,NA
"run02_topology_LCN2",1457,"NFATC1",5.51292228962996e-05,NA,NA,NA
"run02_topology_LCN2",1458,"CYP2C19",1.83094707274511e-05,NA,NA,NA
"run02_topology_LCN2",1459,"RYR1",8.59077355945814e-05,NA,NA,NA
"run02_topology_LCN2",1460,"KEAP1",8.90865911317151e-05,NA,NA,NA
"run02_topology_LCN2",1461,"CYP2C19",1.83094707274511e-05,NA,NA,NA
"run02_topology_LCN2",1462,"ALDH3A1",7.8987277396747e-05,NA,NA,NA
"run02_topology_LCN2",1463,"BAX",8.97923976903581e-05,NA,NA,NA
"run02_topology_LCN2",1464,"AGTR1",7.87895413547623e-05,NA,NA,NA
"run02_topology_LCN2",1465,"NOS2",2.38274351227474e-05,NA,NA,NA
"run02_topology_LCN2",1466,"ALDH3A1",7.8987277396747e-05,NA,NA,NA
"run02_topology_LCN2",1467,"GLUD1",0.00010300883354164,NA,NA,NA
"run02_topology_LCN2",1468,"BAX",8.97923976903581e-05,NA,NA,NA
"run02_topology_LCN2",1469,"ALDH1B1",0,NA,NA,NA
"run02_topology_LCN2",1470,"BTK",0.000119272845312435,NA,NA,NA
"run02_topology_LCN2",1471,"CPT1A",1.49157660161992e-05,NA,NA,NA
"run02_topology_LCN2",1472,"PARK7",5.03123803161643e-05,NA,NA,NA
"run02_topology_LCN2",1473,"CPT1A",1.49157660161992e-05,NA,NA,NA
"run02_topology_LCN2",1474,"AKR1C1",5.66614851992275e-05,NA,NA,NA
"run02_topology_LCN2",1475,"AURKB",0.000100012341094136,NA,NA,NA
"run02_topology_LCN2",1476,"PRKCZ",0.00127837750571802,NA,NA,NA
"run02_topology_LCN2",1477,"ACE2",6.17806475236016e-05,NA,NA,NA
"run02_topology_LCN2",1478,"HSD3B2",2.44539251612608e-05,NA,NA,NA
"run02_topology_LCN2",1479,"ADH5",7.50101523409041e-05,NA,NA,NA
"run02_topology_LCN2",1480,"GOT1",5.88174838508371e-05,NA,NA,NA
"run02_topology_LCN2",1481,"FABP4",8.52242665472236e-05,NA,NA,NA
"run02_topology_LCN2",1482,"NPPA",7.28658572474172e-05,NA,NA,NA
"run02_topology_LCN2",1483,"CYP2C19",1.83094707274511e-05,NA,NA,NA
"run02_topology_LCN2",1484,"CACNA1B",0,NA,NA,NA
"run02_topology_LCN2",1485,"ACSL1",4.92269468655993e-05,NA,NA,NA
"run02_topology_LCN2",1486,"AKR1C1",5.66614851992275e-05,NA,NA,NA
"run02_topology_LCN2",1487,"BAX",8.97923976903581e-05,NA,NA,NA
"run02_topology_LCN2",1488,"EIF2S1",0.000110140192739028,NA,NA,NA
"run02_topology_LCN2",1489,"ADH5",7.50101523409041e-05,NA,NA,NA
"run02_topology_LCN2",1490,"AKR1D1",0.0010662752740489,NA,NA,NA
"run02_topology_LCN2",1491,"AGTR1",7.87895413547623e-05,NA,NA,NA
"run02_topology_LCN2",1492,"GRIA1",1.90084712514693e-06,NA,NA,NA
"run02_topology_LCN2",1493,"ITGA5",0.00127400659039045,NA,NA,NA
"run02_topology_LCN2",1494,"AGTR1",7.87895413547623e-05,NA,NA,NA
"run02_topology_LCN2",1495,"ACE2",6.17806475236016e-05,NA,NA,NA
"run02_topology_LCN2",1496,"CPT1A",1.49157660161992e-05,NA,NA,NA
"run02_topology_LCN2",1497,"CPT1A",1.49157660161992e-05,NA,NA,NA
"run02_topology_LCN2",1498,"DLG1",6.50075176803488e-05,NA,NA,NA
"run02_topology_LCN2",1499,"SCN1A",4.8526600018195e-05,NA,NA,NA
"run02_topology_LCN2",1500,"CALR",4.38793673526172e-05,NA,NA,NA
"run02_topology_LCN2",1501,"HSD3B2",2.44539251612608e-05,NA,NA,NA
"run02_topology_LCN2",1502,"GLUD1",0.00010300883354164,NA,NA,NA
"run02_topology_LCN2",1503,"ACE2",6.17806475236016e-05,NA,NA,NA
"run02_topology_LCN2",1504,"GRIA2",6.42468498274207e-05,NA,NA,NA
"run02_topology_LCN2",1505,"GRIA1",1.90084712514693e-06,NA,NA,NA
"run02_topology_LCN2",1506,"NDUFS3",7.91874029407724e-05,NA,NA,NA
"run02_topology_LCN2",1507,"CTSD",0.000133066364187417,NA,NA,NA
"run02_topology_LCN2",1508,"RYR1",8.59077355945814e-05,NA,NA,NA
"run02_topology_LCN2",1509,"SLC6A4",7.25412905625555e-05,NA,NA,NA
"run02_topology_LCN2",1510,"SCN1A",4.8526600018195e-05,NA,NA,NA
"run02_topology_LCN2",1511,"SLC6A4",7.25412905625555e-05,NA,NA,NA
"run02_topology_LCN2",1512,"ACACA",7.98311027262466e-05,NA,NA,NA
"run02_topology_LCN2",1513,"FURIN",9.05415850372959e-05,NA,NA,NA
"run02_topology_LCN2",1514,"CACNA1B",0,NA,NA,NA
"run02_topology_LCN2",1515,"FABP4",8.52242665472236e-05,NA,NA,NA
"run02_topology_LCN2",1516,"CYP2D6",2.95879994604009e-05,NA,NA,NA
"run02_topology_LCN2",1517,"SCN1A",4.8526600018195e-05,NA,NA,NA
"run02_topology_LCN2",1518,"ACE2",6.17806475236016e-05,NA,NA,NA
"run02_topology_LCN2",1519,"GLUD1",0.00010300883354164,NA,NA,NA
"run02_topology_LCN2",1520,"ACE2",6.17806475236016e-05,NA,NA,NA
"run02_topology_LCN2",1521,"NOS2",2.38274351227474e-05,NA,NA,NA
"run02_topology_LCN2",1522,"CALM2",0,NA,NA,NA
"run02_topology_LCN2",1523,"CYP2C19",1.83094707274511e-05,NA,NA,NA
"run02_topology_LCN2",1524,"AKR1D1",0.0010662752740489,NA,NA,NA
"run02_topology_LCN2",1525,"NDUFS3",7.91874029407724e-05,NA,NA,NA
"run02_topology_LCN2",1526,"GOT1",5.88174838508371e-05,NA,NA,NA
"run02_topology_LCN2",1527,"CYP2D6",2.95879994604009e-05,NA,NA,NA
"run02_topology_LCN2",1528,"CYP2D6",2.95879994604009e-05,NA,NA,NA
"run02_topology_LCN2",1529,"EIF2S1",0.000110140192739028,NA,NA,NA
"run02_topology_LCN2",1530,"ACACA",7.98311027262466e-05,NA,NA,NA
"run02_topology_LCN2",1531,"DLG1",6.50075176803488e-05,NA,NA,NA
"run02_topology_LCN2",1532,"NOS2",2.38274351227474e-05,NA,NA,NA
"run02_topology_LCN2",1533,"KEAP1",8.90865911317151e-05,NA,NA,NA
"run02_topology_LCN2",1534,"AURKB",0.000100012341094136,NA,NA,NA
"run02_topology_LCN2",1535,"EIF2S1",0.000110140192739028,NA,NA,NA
"run02_topology_LCN2",1536,"ACACA",7.98311027262466e-05,NA,NA,NA
"run02_topology_LCN2",1537,"CYP2C19",1.83094707274511e-05,NA,NA,NA
"run02_topology_LCN2",1538,"BAX",8.97923976903581e-05,NA,NA,NA
"run02_topology_LCN2",1539,"GLUD1",0.00010300883354164,NA,NA,NA
"run02_topology_LCN2",1540,"CPT1A",1.49157660161992e-05,NA,NA,NA
"run02_topology_LCN2",1541,"CYP2C19",1.83094707274511e-05,NA,NA,NA
"run02_topology_LCN2",1542,"GRIA2",6.42468498274207e-05,NA,NA,NA
"run02_topology_LCN2",1543,"CYP2D6",2.95879994604009e-05,NA,NA,NA
"run02_topology_LCN2",1544,"PARK7",5.03123803161643e-05,NA,NA,NA
"run02_topology_LCN2",1545,"BTK",0.000119272845312435,NA,NA,NA
"run02_topology_LCN2",1546,"GLUD1",0.00010300883354164,NA,NA,NA
"run02_topology_LCN2",1547,"AKR1D1",0.0010662752740489,NA,NA,NA
"run02_topology_LCN2",1548,"AURKB",0.000100012341094136,NA,NA,NA
"run02_topology_LCN2",1549,"CALM2",0,NA,NA,NA
"run02_topology_LCN2",1550,"FABP4",8.52242665472236e-05,NA,NA,NA
"run02_topology_LCN2",1551,"GLUD1",0.00010300883354164,NA,NA,NA
"run02_topology_LCN2",1552,"GLUD1",0.00010300883354164,NA,NA,NA
"run02_topology_LCN2",1553,"GRIA1",1.90084712514693e-06,NA,NA,NA
"run02_topology_LCN2",1554,"CACNA1B",0,NA,NA,NA
"run02_topology_LCN2",1555,"ACSL1",4.92269468655993e-05,NA,NA,NA
"run02_topology_LCN2",1556,"EIF2AK2",0.000116554297583948,NA,NA,NA
"run02_topology_LCN2",1557,"EIF2AK2",0.000116554297583948,NA,NA,NA
"run02_topology_LCN2",1558,"GLUD1",0.00010300883354164,NA,NA,NA
"run02_topology_LCN2",1559,"GLUD1",0.00010300883354164,NA,NA,NA
"run02_topology_LCN2",1560,"CYP2C19",1.83094707274511e-05,NA,NA,NA
"run02_topology_LCN2",1561,"RYR2",4.78345186669671e-05,NA,NA,NA
"run02_topology_LCN2",1562,"EIF2S1",0.000110140192739028,NA,NA,NA
"run02_topology_LCN2",1563,"CALM2",0,NA,NA,NA
"run02_topology_LCN2",1564,"ACTG1",2.72461711825489e-06,NA,NA,NA
"run02_topology_LCN2",1565,"NPPA",7.28658572474172e-05,NA,NA,NA
"run02_topology_LCN2",1566,"AKR1C1",5.66614851992275e-05,NA,NA,NA
"run02_topology_LCN2",1567,"VIM",5.2598025607753e-05,NA,NA,NA
"run02_topology_LCN2",1568,"AGTR1",7.87895413547623e-05,NA,NA,NA
"run02_topology_LCN2",1569,"FABP4",8.52242665472236e-05,NA,NA,NA
"run02_topology_LCN2",1570,"BAX",8.97923976903581e-05,NA,NA,NA
"run02_topology_LCN2",1571,"CPT1A",1.49157660161992e-05,NA,NA,NA
"run02_topology_LCN2",1572,"AKR1D1",0.0010662752740489,NA,NA,NA
"run02_topology_LCN2",1573,"NPPA",7.28658572474172e-05,NA,NA,NA
"run02_topology_LCN2",1574,"NFATC1",5.51292228962996e-05,NA,NA,NA
"run02_topology_LCN2",1575,"ACACA",7.98311027262466e-05,NA,NA,NA
"run02_topology_LCN2",1576,"GLUD1",0.00010300883354164,NA,NA,NA
"run02_topology_LCN2",1577,"BAX",8.97923976903581e-05,NA,NA,NA
"run02_topology_LCN2",1578,"C3",4.60004945984638e-05,NA,NA,NA
"run02_topology_LCN2",1579,"CYP2D6",2.95879994604009e-05,NA,NA,NA
"run02_topology_LCN2",1580,"FURIN",9.05415850372959e-05,NA,NA,NA
"run02_topology_LCN2",1581,"COL1A2",8.49027404237201e-06,NA,NA,NA
"run02_topology_LCN2",1582,"CYP17A1",3.31356115126358e-05,NA,NA,NA
"run02_topology_LCN2",1583,"CYP2D6",2.95879994604009e-05,NA,NA,NA
"run02_topology_LCN2",1584,"SLC6A4",7.25412905625555e-05,NA,NA,NA
"run02_topology_LCN2",1585,"GRIA1",1.90084712514693e-06,NA,NA,NA
"run02_topology_LCN2",1586,"GLUD1",0.00010300883354164,NA,NA,NA
"run02_topology_LCN2",1587,"GRIA2",6.42468498274207e-05,NA,NA,NA
"run02_topology_LCN2",1588,"BTK",0.000119272845312435,NA,NA,NA
"run02_topology_LCN2",1589,"CYP2C19",1.83094707274511e-05,NA,NA,NA
"run02_topology_LCN2",1590,"PRKCZ",0.00127837750571802,NA,NA,NA
"run02_topology_LCN2",1591,"AURKA",5.49029298524406e-05,NA,NA,NA
"run02_topology_LCN2",1592,"BAX",8.97923976903581e-05,NA,NA,NA
"run02_topology_LCN2",1593,"CTSD",0.000133066364187417,NA,NA,NA
"run02_topology_LCN2",1594,"FABP4",8.52242665472236e-05,NA,NA,NA
"run02_topology_LCN2",1595,"PARK7",5.03123803161643e-05,NA,NA,NA
"run02_topology_LCN2",1596,"PPARD",4.39109792027548e-05,NA,NA,NA
"run02_topology_LCN2",1597,"NOS2",2.38274351227474e-05,NA,NA,NA
"run02_topology_LCN2",1598,"GLUD1",0.00010300883354164,NA,NA,NA
"run02_topology_LCN2",1599,"CALR",4.38793673526172e-05,NA,NA,NA
"run02_topology_LCN2",1600,"AGTR1",7.87895413547623e-05,NA,NA,NA
"run02_topology_LCN2",1601,"AKR1C1",5.66614851992275e-05,NA,NA,NA
"run02_topology_LCN2",1602,"CPT1A",1.49157660161992e-05,NA,NA,NA
"run02_topology_LCN2",1603,"PRKCZ",0.00127837750571802,NA,NA,NA
"run02_topology_LCN2",1604,"CALR",4.38793673526172e-05,NA,NA,NA
"run02_topology_LCN2",1605,"AURKB",0.000100012341094136,NA,NA,NA
"run02_topology_LCN2",1606,"CALR",4.38793673526172e-05,NA,NA,NA
"run02_topology_LCN2",1607,"RASA1",5.55702489675181e-05,NA,NA,NA
"run02_topology_LCN2",1608,"BTK",0.000119272845312435,NA,NA,NA
"run02_topology_LCN2",1609,"CALM2",0,NA,NA,NA
"run02_topology_LCN2",1610,"CALM2",0,NA,NA,NA
"run02_topology_LCN2",1611,"CTSD",0.000133066364187417,NA,NA,NA
"run02_topology_LCN2",1612,"CPT1A",1.49157660161992e-05,NA,NA,NA
"run02_topology_LCN2",1613,"NPPA",7.28658572474172e-05,NA,NA,NA
"run02_topology_LCN2",1614,"ITGA5",0.00127400659039045,NA,NA,NA
"run02_topology_LCN2",1615,"GOT1",5.88174838508371e-05,NA,NA,NA
"run02_topology_LCN2",1616,"AKR1C1",5.66614851992275e-05,NA,NA,NA
"run02_topology_LCN2",1617,"ALDH3A1",7.8987277396747e-05,NA,NA,NA
"run02_topology_LCN2",1618,"GOT1",5.88174838508371e-05,NA,NA,NA
"run02_topology_LCN2",1619,"CALM2",0,NA,NA,NA
"run02_topology_LCN2",1620,"NDUFS3",7.91874029407724e-05,NA,NA,NA
"run02_topology_LCN2",1621,"GRIA2",6.42468498274207e-05,NA,NA,NA
"run02_topology_LCN2",1622,"GRIA2",6.42468498274207e-05,NA,NA,NA
"run02_topology_LCN2",1623,"PPIF",5.98208087934093e-05,NA,NA,NA
"run02_topology_LCN2",1624,"PARK7",5.03123803161643e-05,NA,NA,NA
"run02_topology_LCN2",1625,"FABP4",8.52242665472236e-05,NA,NA,NA
"run02_topology_LCN2",1626,"FABP4",8.52242665472236e-05,NA,NA,NA
"run02_topology_LCN2",1627,"RYR2",4.78345186669671e-05,NA,NA,NA
"run02_topology_LCN2",1628,"GOT1",5.88174838508371e-05,NA,NA,NA
"run02_topology_LCN2",1629,"ALDH1B1",0,NA,NA,NA
"run02_topology_LCN2",1630,"ALDH3A1",7.8987277396747e-05,NA,NA,NA
"run02_topology_LCN2",1631,"GOT1",5.88174838508371e-05,NA,NA,NA
"run02_topology_LCN2",1632,"CALM2",0,NA,NA,NA
"run02_topology_LCN2",1633,"ITGA5",0.00127400659039045,NA,NA,NA
"run02_topology_LCN2",1634,"ACTG1",2.72461711825489e-06,NA,NA,NA
"run02_topology_LCN2",1635,"AGTR1",7.87895413547623e-05,NA,NA,NA
"run02_topology_LCN2",1636,"DLG1",6.50075176803488e-05,NA,NA,NA
"run02_topology_LCN2",1637,"AURKA",5.49029298524406e-05,NA,NA,NA
"run02_topology_LCN2",1638,"AKR1C1",5.66614851992275e-05,NA,NA,NA
"run02_topology_LCN2",1639,"PARK7",5.03123803161643e-05,NA,NA,NA
"run02_topology_LCN2",1640,"AURKA",5.49029298524406e-05,NA,NA,NA
"run02_topology_LCN2",1641,"GRIA2",6.42468498274207e-05,NA,NA,NA
"run02_topology_LCN2",1642,"HSD3B2",2.44539251612608e-05,NA,NA,NA
"run02_topology_LCN2",1643,"C3",4.60004945984638e-05,NA,NA,NA
"run02_topology_LCN2",1644,"CYP2C19",1.83094707274511e-05,NA,NA,NA
"run02_topology_LCN2",1645,"ALDH1B1",0,NA,NA,NA
"run02_topology_LCN2",1646,"CYP17A1",3.31356115126358e-05,NA,NA,NA
"run02_topology_LCN2",1647,"ITGA5",0.00127400659039045,NA,NA,NA
"run02_topology_LCN2",1648,"SCN1A",4.8526600018195e-05,NA,NA,NA
"run02_topology_LCN2",1649,"ITGA5",0.00127400659039045,NA,NA,NA
"run02_topology_LCN2",1650,"EIF2AK2",0.000116554297583948,NA,NA,NA
"run02_topology_LCN2",1651,"RYR2",4.78345186669671e-05,NA,NA,NA
"run02_topology_LCN2",1652,"CTSD",0.000133066364187417,NA,NA,NA
"run02_topology_LCN2",1653,"CALM2",0,NA,NA,NA
"run02_topology_LCN2",1654,"GLUD1",0.00010300883354164,NA,NA,NA
"run02_topology_LCN2",1655,"NOS2",2.38274351227474e-05,NA,NA,NA
"run02_topology_LCN2",1656,"ACE2",6.17806475236016e-05,NA,NA,NA
"run02_topology_LCN2",1657,"CALR",4.38793673526172e-05,NA,NA,NA
"run02_topology_LCN2",1658,"COL1A2",8.49027404237201e-06,NA,NA,NA
"run02_topology_LCN2",1659,"CYP17A1",3.31356115126358e-05,NA,NA,NA
"run02_topology_LCN2",1660,"GLUD1",0.00010300883354164,NA,NA,NA
"run02_topology_LCN2",1661,"COL1A2",8.49027404237201e-06,NA,NA,NA
"run02_topology_LCN2",1662,"PPARD",4.39109792027548e-05,NA,NA,NA
"run02_topology_LCN2",1663,"BAX",8.97923976903581e-05,NA,NA,NA
"run02_topology_LCN2",1664,"PPARD",4.39109792027548e-05,NA,NA,NA
"run02_topology_LCN2",1665,"KEAP1",8.90865911317151e-05,NA,NA,NA
"run02_topology_LCN2",1666,"COL1A2",8.49027404237201e-06,NA,NA,NA
"run02_topology_LCN2",1667,"ACSL1",4.92269468655993e-05,NA,NA,NA
"run02_topology_LCN2",1668,"CYP2C19",1.83094707274511e-05,NA,NA,NA
"run02_topology_LCN2",1669,"GOT1",5.88174838508371e-05,NA,NA,NA
"run02_topology_LCN2",1670,"RYR2",4.78345186669671e-05,NA,NA,NA
"run02_topology_LCN2",1671,"AURKB",0.000100012341094136,NA,NA,NA
"run02_topology_LCN2",1672,"NDUFS3",7.91874029407724e-05,NA,NA,NA
"run02_topology_LCN2",1673,"AGTR1",7.87895413547623e-05,NA,NA,NA
"run02_topology_LCN2",1674,"NDUFS3",7.91874029407724e-05,NA,NA,NA
"run02_topology_LCN2",1675,"ALDH3A1",7.8987277396747e-05,NA,NA,NA
"run02_topology_LCN2",1676,"NFATC1",5.51292228962996e-05,NA,NA,NA
"run02_topology_LCN2",1677,"CALM2",0,NA,NA,NA
"run02_topology_LCN2",1678,"SLC6A4",7.25412905625555e-05,NA,NA,NA
"run02_topology_LCN2",1679,"PRKCZ",0.00127837750571802,NA,NA,NA
"run02_topology_LCN2",1680,"AGTR1",7.87895413547623e-05,NA,NA,NA
"run02_topology_LCN2",1681,"GRIA2",6.42468498274207e-05,NA,NA,NA
"run02_topology_LCN2",1682,"CYP2D6",2.95879994604009e-05,NA,NA,NA
"run02_topology_LCN2",1683,"SCN1A",4.8526600018195e-05,NA,NA,NA
"run02_topology_LCN2",1684,"BAX",8.97923976903581e-05,NA,NA,NA
"run02_topology_LCN2",1685,"ACE2",6.17806475236016e-05,NA,NA,NA
"run02_topology_LCN2",1686,"CPT1A",1.49157660161992e-05,NA,NA,NA
"run02_topology_LCN2",1687,"NFATC1",5.51292228962996e-05,NA,NA,NA
"run02_topology_LCN2",1688,"BAX",8.97923976903581e-05,NA,NA,NA
"run02_topology_LCN2",1689,"COL1A2",8.49027404237201e-06,NA,NA,NA
"run02_topology_LCN2",1690,"PPIF",5.98208087934093e-05,NA,NA,NA
"run02_topology_LCN2",1691,"NOS2",2.38274351227474e-05,NA,NA,NA
"run02_topology_LCN2",1692,"ACSL1",4.92269468655993e-05,NA,NA,NA
"run02_topology_LCN2",1693,"AKR1D1",0.0010662752740489,NA,NA,NA
"run02_topology_LCN2",1694,"COL1A2",8.49027404237201e-06,NA,NA,NA
"run02_topology_LCN2",1695,"DLG1",6.50075176803488e-05,NA,NA,NA
"run02_topology_LCN2",1696,"CYP2D6",2.95879994604009e-05,NA,NA,NA
"run02_topology_LCN2",1697,"VIM",5.2598025607753e-05,NA,NA,NA
"run02_topology_LCN2",1698,"HSD3B2",2.44539251612608e-05,NA,NA,NA
"run02_topology_LCN2",1699,"AURKA",5.49029298524406e-05,NA,NA,NA
"run02_topology_LCN2",1700,"PPIF",5.98208087934093e-05,NA,NA,NA
"run02_topology_LCN2",1701,"BAX",8.97923976903581e-05,NA,NA,NA
"run02_topology_LCN2",1702,"CALM2",0,NA,NA,NA
"run02_topology_LCN2",1703,"BTK",0.000119272845312435,NA,NA,NA
"run02_topology_LCN2",1704,"VIM",5.2598025607753e-05,NA,NA,NA
"run02_topology_LCN2",1705,"RASA1",5.55702489675181e-05,NA,NA,NA
"run02_topology_LCN2",1706,"NDUFS3",7.91874029407724e-05,NA,NA,NA
"run02_topology_LCN2",1707,"EIF2S1",0.000110140192739028,NA,NA,NA
"run02_topology_LCN2",1708,"ALDH3A1",7.8987277396747e-05,NA,NA,NA
"run02_topology_LCN2",1709,"GOT1",5.88174838508371e-05,NA,NA,NA
"run02_topology_LCN2",1710,"RYR2",4.78345186669671e-05,NA,NA,NA
"run02_topology_LCN2",1711,"KEAP1",8.90865911317151e-05,NA,NA,NA
"run02_topology_LCN2",1712,"GLUD1",0.00010300883354164,NA,NA,NA
"run02_topology_LCN2",1713,"RYR2",4.78345186669671e-05,NA,NA,NA
"run02_topology_LCN2",1714,"NDUFS3",7.91874029407724e-05,NA,NA,NA
"run02_topology_LCN2",1715,"GOT1",5.88174838508371e-05,NA,NA,NA
"run02_topology_LCN2",1716,"ITGA5",0.00127400659039045,NA,NA,NA
"run02_topology_LCN2",1717,"EIF2AK2",0.000116554297583948,NA,NA,NA
"run02_topology_LCN2",1718,"CACNA1B",0,NA,NA,NA
"run02_topology_LCN2",1719,"AKR1C1",5.66614851992275e-05,NA,NA,NA
"run02_topology_LCN2",1720,"EIF2AK2",0.000116554297583948,NA,NA,NA
"run02_topology_LCN2",1721,"RYR2",4.78345186669671e-05,NA,NA,NA
"run02_topology_LCN2",1722,"EIF2AK2",0.000116554297583948,NA,NA,NA
"run02_topology_LCN2",1723,"ALDH1B1",0,NA,NA,NA
"run02_topology_LCN2",1724,"C3",4.60004945984638e-05,NA,NA,NA
"run02_topology_LCN2",1725,"NDUFS3",7.91874029407724e-05,NA,NA,NA
"run02_topology_LCN2",1726,"ACE2",6.17806475236016e-05,NA,NA,NA
"run02_topology_LCN2",1727,"SLC6A4",7.25412905625555e-05,NA,NA,NA
"run02_topology_LCN2",1728,"HSD3B2",2.44539251612608e-05,NA,NA,NA
"run02_topology_LCN2",1729,"GLUD1",0.00010300883354164,NA,NA,NA
"run02_topology_LCN2",1730,"PARK7",5.03123803161643e-05,NA,NA,NA
"run02_topology_LCN2",1731,"GRIA2",6.42468498274207e-05,NA,NA,NA
"run02_topology_LCN2",1732,"GRIA2",6.42468498274207e-05,NA,NA,NA
"run02_topology_LCN2",1733,"CPT1A",1.49157660161992e-05,NA,NA,NA
"run02_topology_LCN2",1734,"RYR2",4.78345186669671e-05,NA,NA,NA
"run02_topology_LCN2",1735,"NOS2",2.38274351227474e-05,NA,NA,NA
"run02_topology_LCN2",1736,"AURKB",0.000100012341094136,NA,NA,NA
"run02_topology_LCN2",1737,"ACE2",6.17806475236016e-05,NA,NA,NA
"run02_topology_LCN2",1738,"CPT1A",1.49157660161992e-05,NA,NA,NA
"run02_topology_LCN2",1739,"NOS2",2.38274351227474e-05,NA,NA,NA
"run02_topology_LCN2",1740,"AKR1D1",0.0010662752740489,NA,NA,NA
"run02_topology_LCN2",1741,"SCN1A",4.8526600018195e-05,NA,NA,NA
"run02_topology_LCN2",1742,"ALDH3A1",7.8987277396747e-05,NA,NA,NA
"run02_topology_LCN2",1743,"GRIA1",1.90084712514693e-06,NA,NA,NA
"run02_topology_LCN2",1744,"CACNA1B",0,NA,NA,NA
"run02_topology_LCN2",1745,"GRIA1",1.90084712514693e-06,NA,NA,NA
"run02_topology_LCN2",1746,"ALDH1B1",0,NA,NA,NA
"run02_topology_LCN2",1747,"CPT1A",1.49157660161992e-05,NA,NA,NA
"run02_topology_LCN2",1748,"NFATC1",5.51292228962996e-05,NA,NA,NA
"run02_topology_LCN2",1749,"RYR2",4.78345186669671e-05,NA,NA,NA
"run02_topology_LCN2",1750,"GLUD1",0.00010300883354164,NA,NA,NA
"run02_topology_LCN2",1751,"CYP2D6",2.95879994604009e-05,NA,NA,NA
"run02_topology_LCN2",1752,"CACNA1B",0,NA,NA,NA
"run02_topology_LCN2",1753,"EIF2S1",0.000110140192739028,NA,NA,NA
"run02_topology_LCN2",1754,"RASA1",5.55702489675181e-05,NA,NA,NA
"run02_topology_LCN2",1755,"ITGA5",0.00127400659039045,NA,NA,NA
"run02_topology_LCN2",1756,"CYP2C19",1.83094707274511e-05,NA,NA,NA
"run02_topology_LCN2",1757,"AKR1C1",5.66614851992275e-05,NA,NA,NA
"run02_topology_LCN2",1758,"SCN1A",4.8526600018195e-05,NA,NA,NA
"run02_topology_LCN2",1759,"ACTG1",2.72461711825489e-06,NA,NA,NA
"run02_topology_LCN2",1760,"AKR1C1",5.66614851992275e-05,NA,NA,NA
"run02_topology_LCN2",1761,"PRKCZ",0.00127837750571802,NA,NA,NA
"run02_topology_LCN2",1762,"GRIA2",6.42468498274207e-05,NA,NA,NA
"run02_topology_LCN2",1763,"EIF2AK2",0.000116554297583948,NA,NA,NA
"run02_topology_LCN2",1764,"ALDH3A1",7.8987277396747e-05,NA,NA,NA
"run02_topology_LCN2",1765,"ACTG1",2.72461711825489e-06,NA,NA,NA
"run02_topology_LCN2",1766,"NDUFS3",7.91874029407724e-05,NA,NA,NA
"run02_topology_LCN2",1767,"ACTG1",2.72461711825489e-06,NA,NA,NA
"run02_topology_LCN2",1768,"ACSL1",4.92269468655993e-05,NA,NA,NA
"run02_topology_LCN2",1769,"GLUD1",0.00010300883354164,NA,NA,NA
"run02_topology_LCN2",1770,"AURKB",0.000100012341094136,NA,NA,NA
"run02_topology_LCN2",1771,"AURKB",0.000100012341094136,NA,NA,NA
"run02_topology_LCN2",1772,"RYR2",4.78345186669671e-05,NA,NA,NA
"run02_topology_LCN2",1773,"PPARD",4.39109792027548e-05,NA,NA,NA
"run02_topology_LCN2",1774,"ACE2",6.17806475236016e-05,NA,NA,NA
"run02_topology_LCN2",1775,"DLG1",6.50075176803488e-05,NA,NA,NA
"run02_topology_LCN2",1776,"PARK7",5.03123803161643e-05,NA,NA,NA
"run02_topology_LCN2",1777,"ITGA5",0.00127400659039045,NA,NA,NA
"run02_topology_LCN2",1778,"RYR2",4.78345186669671e-05,NA,NA,NA
"run02_topology_LCN2",1779,"C3",4.60004945984638e-05,NA,NA,NA
"run02_topology_LCN2",1780,"GLUD1",0.00010300883354164,NA,NA,NA
"run02_topology_LCN2",1781,"NOS2",2.38274351227474e-05,NA,NA,NA
"run02_topology_LCN2",1782,"AURKA",5.49029298524406e-05,NA,NA,NA
"run02_topology_LCN2",1783,"ALDH1B1",0,NA,NA,NA
"run02_topology_LCN2",1784,"FURIN",9.05415850372959e-05,NA,NA,NA
"run02_topology_LCN2",1785,"CYP2D6",2.95879994604009e-05,NA,NA,NA
"run02_topology_LCN2",1786,"CYP2C19",1.83094707274511e-05,NA,NA,NA
"run02_topology_LCN2",1787,"GRIA1",1.90084712514693e-06,NA,NA,NA
"run02_topology_LCN2",1788,"ACSL1",4.92269468655993e-05,NA,NA,NA
"run02_topology_LCN2",1789,"GLUD1",0.00010300883354164,NA,NA,NA
"run02_topology_LCN2",1790,"CTSD",0.000133066364187417,NA,NA,NA
"run02_topology_LCN2",1791,"RYR1",8.59077355945814e-05,NA,NA,NA
"run02_topology_LCN2",1792,"RASA1",5.55702489675181e-05,NA,NA,NA
"run02_topology_LCN2",1793,"FURIN",9.05415850372959e-05,NA,NA,NA
"run02_topology_LCN2",1794,"CTSD",0.000133066364187417,NA,NA,NA
"run02_topology_LCN2",1795,"PRKCZ",0.00127837750571802,NA,NA,NA
"run02_topology_LCN2",1796,"ADH5",7.50101523409041e-05,NA,NA,NA
"run02_topology_LCN2",1797,"ACTG1",2.72461711825489e-06,NA,NA,NA
"run02_topology_LCN2",1798,"GOT1",5.88174838508371e-05,NA,NA,NA
"run02_topology_LCN2",1799,"AURKB",0.000100012341094136,NA,NA,NA
"run02_topology_LCN2",1800,"NFATC1",5.51292228962996e-05,NA,NA,NA
"run02_topology_LCN2",1801,"GOT1",5.88174838508371e-05,NA,NA,NA
"run02_topology_LCN2",1802,"CYP17A1",3.31356115126358e-05,NA,NA,NA
"run02_topology_LCN2",1803,"BAX",8.97923976903581e-05,NA,NA,NA
"run02_topology_LCN2",1804,"FABP4",8.52242665472236e-05,NA,NA,NA
"run02_topology_LCN2",1805,"CYP2C19",1.83094707274511e-05,NA,NA,NA
"run02_topology_LCN2",1806,"AKR1C1",5.66614851992275e-05,NA,NA,NA
"run02_topology_LCN2",1807,"FURIN",9.05415850372959e-05,NA,NA,NA
"run02_topology_LCN2",1808,"ALDH3A1",7.8987277396747e-05,NA,NA,NA
"run02_topology_LCN2",1809,"AURKB",0.000100012341094136,NA,NA,NA
"run02_topology_LCN2",1810,"FABP4",8.52242665472236e-05,NA,NA,NA
"run02_topology_LCN2",1811,"COL1A2",8.49027404237201e-06,NA,NA,NA
"run02_topology_LCN2",1812,"PRKCZ",0.00127837750571802,NA,NA,NA
"run02_topology_LCN2",1813,"GLUD1",0.00010300883354164,NA,NA,NA
"run02_topology_LCN2",1814,"AGTR1",7.87895413547623e-05,NA,NA,NA
"run02_topology_LCN2",1815,"SLC6A4",7.25412905625555e-05,NA,NA,NA
"run02_topology_LCN2",1816,"RYR1",8.59077355945814e-05,NA,NA,NA
"run02_topology_LCN2",1817,"PPIF",5.98208087934093e-05,NA,NA,NA
"run02_topology_LCN2",1818,"CPT1A",1.49157660161992e-05,NA,NA,NA
"run02_topology_LCN2",1819,"AURKB",0.000100012341094136,NA,NA,NA
"run02_topology_LCN2",1820,"ACE2",6.17806475236016e-05,NA,NA,NA
"run02_topology_LCN2",1821,"VIM",5.2598025607753e-05,NA,NA,NA
"run02_topology_LCN2",1822,"SLC6A4",7.25412905625555e-05,NA,NA,NA
"run02_topology_LCN2",1823,"PARK7",5.03123803161643e-05,NA,NA,NA
"run02_topology_LCN2",1824,"NFATC1",5.51292228962996e-05,NA,NA,NA
"run02_topology_LCN2",1825,"SCN1A",4.8526600018195e-05,NA,NA,NA
"run02_topology_LCN2",1826,"VIM",5.2598025607753e-05,NA,NA,NA
"run02_topology_LCN2",1827,"DLG1",6.50075176803488e-05,NA,NA,NA
"run02_topology_LCN2",1828,"ALDH3A1",7.8987277396747e-05,NA,NA,NA
"run02_topology_LCN2",1829,"ALDH3A1",7.8987277396747e-05,NA,NA,NA
"run02_topology_LCN2",1830,"BAX",8.97923976903581e-05,NA,NA,NA
"run02_topology_LCN2",1831,"NPPA",7.28658572474172e-05,NA,NA,NA
"run02_topology_LCN2",1832,"GRIA2",6.42468498274207e-05,NA,NA,NA
"run02_topology_LCN2",1833,"GRIA2",6.42468498274207e-05,NA,NA,NA
"run02_topology_LCN2",1834,"NOS2",2.38274351227474e-05,NA,NA,NA
"run02_topology_LCN2",1835,"CYP17A1",3.31356115126358e-05,NA,NA,NA
"run02_topology_LCN2",1836,"PARK7",5.03123803161643e-05,NA,NA,NA
"run02_topology_LCN2",1837,"PARK7",5.03123803161643e-05,NA,NA,NA
"run02_topology_LCN2",1838,"COL1A2",8.49027404237201e-06,NA,NA,NA
"run02_topology_LCN2",1839,"NOS2",2.38274351227474e-05,NA,NA,NA
"run02_topology_LCN2",1840,"CALM2",0,NA,NA,NA
"run02_topology_LCN2",1841,"SLC6A4",7.25412905625555e-05,NA,NA,NA
"run02_topology_LCN2",1842,"BTK",0.000119272845312435,NA,NA,NA
"run02_topology_LCN2",1843,"CYP2C19",1.83094707274511e-05,NA,NA,NA
"run02_topology_LCN2",1844,"AKR1D1",0.0010662752740489,NA,NA,NA
"run02_topology_LCN2",1845,"GRIA1",1.90084712514693e-06,NA,NA,NA
"run02_topology_LCN2",1846,"CPT1A",1.49157660161992e-05,NA,NA,NA
"run02_topology_LCN2",1847,"CACNA1B",0,NA,NA,NA
"run02_topology_LCN2",1848,"EIF2AK2",0.000116554297583948,NA,NA,NA
"run02_topology_LCN2",1849,"ACTG1",2.72461711825489e-06,NA,NA,NA
"run02_topology_LCN2",1850,"COL1A2",8.49027404237201e-06,NA,NA,NA
"run02_topology_LCN2",1851,"ACSL1",4.92269468655993e-05,NA,NA,NA
"run02_topology_LCN2",1852,"CACNA1B",0,NA,NA,NA
"run02_topology_LCN2",1853,"C3",4.60004945984638e-05,NA,NA,NA
"run02_topology_LCN2",1854,"C3",4.60004945984638e-05,NA,NA,NA
"run02_topology_LCN2",1855,"AURKB",0.000100012341094136,NA,NA,NA
"run02_topology_LCN2",1856,"KEAP1",8.90865911317151e-05,NA,NA,NA
"run02_topology_LCN2",1857,"VIM",5.2598025607753e-05,NA,NA,NA
"run02_topology_LCN2",1858,"PRKCZ",0.00127837750571802,NA,NA,NA
"run02_topology_LCN2",1859,"RYR1",8.59077355945814e-05,NA,NA,NA
"run02_topology_LCN2",1860,"NDUFS3",7.91874029407724e-05,NA,NA,NA
"run02_topology_LCN2",1861,"FURIN",9.05415850372959e-05,NA,NA,NA
"run02_topology_LCN2",1862,"FURIN",9.05415850372959e-05,NA,NA,NA
"run02_topology_LCN2",1863,"ADH5",7.50101523409041e-05,NA,NA,NA
"run02_topology_LCN2",1864,"ADH5",7.50101523409041e-05,NA,NA,NA
"run02_topology_LCN2",1865,"RYR2",4.78345186669671e-05,NA,NA,NA
"run02_topology_LCN2",1866,"RYR1",8.59077355945814e-05,NA,NA,NA
"run02_topology_LCN2",1867,"CALM2",0,NA,NA,NA
"run02_topology_LCN2",1868,"NOS2",2.38274351227474e-05,NA,NA,NA
"run02_topology_LCN2",1869,"GOT1",5.88174838508371e-05,NA,NA,NA
"run02_topology_LCN2",1870,"HSD3B2",2.44539251612608e-05,NA,NA,NA
"run02_topology_LCN2",1871,"NFATC1",5.51292228962996e-05,NA,NA,NA
"run02_topology_LCN2",1872,"ALDH1B1",0,NA,NA,NA
"run02_topology_LCN2",1873,"CPT1A",1.49157660161992e-05,NA,NA,NA
"run02_topology_LCN2",1874,"BAX",8.97923976903581e-05,NA,NA,NA
"run02_topology_LCN2",1875,"RYR1",8.59077355945814e-05,NA,NA,NA
"run02_topology_LCN2",1876,"CYP17A1",3.31356115126358e-05,NA,NA,NA
"run02_topology_LCN2",1877,"BTK",0.000119272845312435,NA,NA,NA
"run02_topology_LCN2",1878,"ALDH3A1",7.8987277396747e-05,NA,NA,NA
"run02_topology_LCN2",1879,"ACE2",6.17806475236016e-05,NA,NA,NA
"run02_topology_LCN2",1880,"ACE2",6.17806475236016e-05,NA,NA,NA
"run02_topology_LCN2",1881,"PPARD",4.39109792027548e-05,NA,NA,NA
"run02_topology_LCN2",1882,"CYP2D6",2.95879994604009e-05,NA,NA,NA
"run02_topology_LCN2",1883,"NFATC1",5.51292228962996e-05,NA,NA,NA
"run02_topology_LCN2",1884,"AURKA",5.49029298524406e-05,NA,NA,NA
"run02_topology_LCN2",1885,"PPARD",4.39109792027548e-05,NA,NA,NA
"run02_topology_LCN2",1886,"ITGA5",0.00127400659039045,NA,NA,NA
"run02_topology_LCN2",1887,"AKR1C1",5.66614851992275e-05,NA,NA,NA
"run02_topology_LCN2",1888,"ADH5",7.50101523409041e-05,NA,NA,NA
"run02_topology_LCN2",1889,"PARK7",5.03123803161643e-05,NA,NA,NA
"run02_topology_LCN2",1890,"CYP2C19",1.83094707274511e-05,NA,NA,NA
"run02_topology_LCN2",1891,"FURIN",9.05415850372959e-05,NA,NA,NA
"run02_topology_LCN2",1892,"ALDH3A1",7.8987277396747e-05,NA,NA,NA
"run02_topology_LCN2",1893,"VIM",5.2598025607753e-05,NA,NA,NA
"run02_topology_LCN2",1894,"GLUD1",0.00010300883354164,NA,NA,NA
"run02_topology_LCN2",1895,"KEAP1",8.90865911317151e-05,NA,NA,NA
"run02_topology_LCN2",1896,"NDUFS3",7.91874029407724e-05,NA,NA,NA
"run02_topology_LCN2",1897,"AURKA",5.49029298524406e-05,NA,NA,NA
"run02_topology_LCN2",1898,"GRIA2",6.42468498274207e-05,NA,NA,NA
"run02_topology_LCN2",1899,"SLC6A4",7.25412905625555e-05,NA,NA,NA
"run02_topology_LCN2",1900,"AKR1C1",5.66614851992275e-05,NA,NA,NA
"run02_topology_LCN2",1901,"ADH5",7.50101523409041e-05,NA,NA,NA
"run02_topology_LCN2",1902,"RYR2",4.78345186669671e-05,NA,NA,NA
"run02_topology_LCN2",1903,"ACACA",7.98311027262466e-05,NA,NA,NA
"run02_topology_LCN2",1904,"RYR2",4.78345186669671e-05,NA,NA,NA
"run02_topology_LCN2",1905,"CACNA1B",0,NA,NA,NA
"run02_topology_LCN2",1906,"SLC6A4",7.25412905625555e-05,NA,NA,NA
"run02_topology_LCN2",1907,"CPT1A",1.49157660161992e-05,NA,NA,NA
"run02_topology_LCN2",1908,"RYR1",8.59077355945814e-05,NA,NA,NA
"run02_topology_LCN2",1909,"AURKA",5.49029298524406e-05,NA,NA,NA
"run02_topology_LCN2",1910,"BTK",0.000119272845312435,NA,NA,NA
"run02_topology_LCN2",1911,"CTSD",0.000133066364187417,NA,NA,NA
"run02_topology_LCN2",1912,"CALR",4.38793673526172e-05,NA,NA,NA
"run02_topology_LCN2",1913,"NPPA",7.28658572474172e-05,NA,NA,NA
"run02_topology_LCN2",1914,"GRIA1",1.90084712514693e-06,NA,NA,NA
"run02_topology_LCN2",1915,"FABP4",8.52242665472236e-05,NA,NA,NA
"run02_topology_LCN2",1916,"GRIA2",6.42468498274207e-05,NA,NA,NA
"run02_topology_LCN2",1917,"VIM",5.2598025607753e-05,NA,NA,NA
"run02_topology_LCN2",1918,"CALM2",0,NA,NA,NA
"run02_topology_LCN2",1919,"NFATC1",5.51292228962996e-05,NA,NA,NA
"run02_topology_LCN2",1920,"ALDH3A1",7.8987277396747e-05,NA,NA,NA
"run02_topology_LCN2",1921,"FABP4",8.52242665472236e-05,NA,NA,NA
"run02_topology_LCN2",1922,"DLG1",6.50075176803488e-05,NA,NA,NA
"run02_topology_LCN2",1923,"CYP17A1",3.31356115126358e-05,NA,NA,NA
"run02_topology_LCN2",1924,"ACTG1",2.72461711825489e-06,NA,NA,NA
"run02_topology_LCN2",1925,"CTSD",0.000133066364187417,NA,NA,NA
"run02_topology_LCN2",1926,"PARK7",5.03123803161643e-05,NA,NA,NA
"run02_topology_LCN2",1927,"SLC6A4",7.25412905625555e-05,NA,NA,NA
"run02_topology_LCN2",1928,"AKR1C1",5.66614851992275e-05,NA,NA,NA
"run02_topology_LCN2",1929,"CYP17A1",3.31356115126358e-05,NA,NA,NA
"run02_topology_LCN2",1930,"CYP17A1",3.31356115126358e-05,NA,NA,NA
"run02_topology_LCN2",1931,"CYP2D6",2.95879994604009e-05,NA,NA,NA
"run02_topology_LCN2",1932,"ITGA5",0.00127400659039045,NA,NA,NA
"run02_topology_LCN2",1933,"GLUD1",0.00010300883354164,NA,NA,NA
"run02_topology_LCN2",1934,"GRIA2",6.42468498274207e-05,NA,NA,NA
"run02_topology_LCN2",1935,"NOS2",2.38274351227474e-05,NA,NA,NA
"run02_topology_LCN2",1936,"GRIA2",6.42468498274207e-05,NA,NA,NA
"run02_topology_LCN2",1937,"BAX",8.97923976903581e-05,NA,NA,NA
"run02_topology_LCN2",1938,"PPIF",5.98208087934093e-05,NA,NA,NA
"run02_topology_LCN2",1939,"FURIN",9.05415850372959e-05,NA,NA,NA
"run02_topology_LCN2",1940,"AURKA",5.49029298524406e-05,NA,NA,NA
"run02_topology_LCN2",1941,"NFATC1",5.51292228962996e-05,NA,NA,NA
"run02_topology_LCN2",1942,"FURIN",9.05415850372959e-05,NA,NA,NA
"run02_topology_LCN2",1943,"AKR1D1",0.0010662752740489,NA,NA,NA
"run02_topology_LCN2",1944,"SLC6A4",7.25412905625555e-05,NA,NA,NA
"run02_topology_LCN2",1945,"CPT1A",1.49157660161992e-05,NA,NA,NA
"run02_topology_LCN2",1946,"CYP17A1",3.31356115126358e-05,NA,NA,NA
"run02_topology_LCN2",1947,"PPARD",4.39109792027548e-05,NA,NA,NA
"run02_topology_LCN2",1948,"CYP2C19",1.83094707274511e-05,NA,NA,NA
"run02_topology_LCN2",1949,"PPARD",4.39109792027548e-05,NA,NA,NA
"run02_topology_LCN2",1950,"CYP17A1",3.31356115126358e-05,NA,NA,NA
"run02_topology_LCN2",1951,"CPT1A",1.49157660161992e-05,NA,NA,NA
"run02_topology_LCN2",1952,"ALDH1B1",0,NA,NA,NA
"run02_topology_LCN2",1953,"PRKCZ",0.00127837750571802,NA,NA,NA
"run02_topology_LCN2",1954,"AKR1C1",5.66614851992275e-05,NA,NA,NA
"run02_topology_LCN2",1955,"GRIA2",6.42468498274207e-05,NA,NA,NA
"run02_topology_LCN2",1956,"AKR1D1",0.0010662752740489,NA,NA,NA
"run02_topology_LCN2",1957,"PRKCZ",0.00127837750571802,NA,NA,NA
"run02_topology_LCN2",1958,"FURIN",9.05415850372959e-05,NA,NA,NA
"run02_topology_LCN2",1959,"SCN1A",4.8526600018195e-05,NA,NA,NA
"run02_topology_LCN2",1960,"GOT1",5.88174838508371e-05,NA,NA,NA
"run02_topology_LCN2",1961,"CALR",4.38793673526172e-05,NA,NA,NA
"run02_topology_LCN2",1962,"GRIA2",6.42468498274207e-05,NA,NA,NA
"run02_topology_LCN2",1963,"GOT1",5.88174838508371e-05,NA,NA,NA
"run02_topology_LCN2",1964,"EIF2S1",0.000110140192739028,NA,NA,NA
"run02_topology_LCN2",1965,"SCN1A",4.8526600018195e-05,NA,NA,NA
"run02_topology_LCN2",1966,"ALDH3A1",7.8987277396747e-05,NA,NA,NA
"run02_topology_LCN2",1967,"COL1A2",8.49027404237201e-06,NA,NA,NA
"run02_topology_LCN2",1968,"ACACA",7.98311027262466e-05,NA,NA,NA
"run02_topology_LCN2",1969,"CPT1A",1.49157660161992e-05,NA,NA,NA
"run02_topology_LCN2",1970,"KEAP1",8.90865911317151e-05,NA,NA,NA
"run02_topology_LCN2",1971,"CALR",4.38793673526172e-05,NA,NA,NA
"run02_topology_LCN2",1972,"PPARD",4.39109792027548e-05,NA,NA,NA
"run02_topology_LCN2",1973,"RYR2",4.78345186669671e-05,NA,NA,NA
"run02_topology_LCN2",1974,"ACACA",7.98311027262466e-05,NA,NA,NA
"run02_topology_LCN2",1975,"NFATC1",5.51292228962996e-05,NA,NA,NA
"run02_topology_LCN2",1976,"AURKA",5.49029298524406e-05,NA,NA,NA
"run02_topology_LCN2",1977,"ALDH1B1",0,NA,NA,NA
"run02_topology_LCN2",1978,"ACE2",6.17806475236016e-05,NA,NA,NA
"run02_topology_LCN2",1979,"ADH5",7.50101523409041e-05,NA,NA,NA
"run02_topology_LCN2",1980,"EIF2S1",0.000110140192739028,NA,NA,NA
"run02_topology_LCN2",1981,"AGTR1",7.87895413547623e-05,NA,NA,NA
"run02_topology_LCN2",1982,"NOS2",2.38274351227474e-05,NA,NA,NA
"run02_topology_LCN2",1983,"ACE2",6.17806475236016e-05,NA,NA,NA
"run02_topology_LCN2",1984,"CTSD",0.000133066364187417,NA,NA,NA
"run02_topology_LCN2",1985,"RYR1",8.59077355945814e-05,NA,NA,NA
"run02_topology_LCN2",1986,"GLUD1",0.00010300883354164,NA,NA,NA
"run02_topology_LCN2",1987,"ACE2",6.17806475236016e-05,NA,NA,NA
"run02_topology_LCN2",1988,"CACNA1B",0,NA,NA,NA
"run02_topology_LCN2",1989,"AGTR1",7.87895413547623e-05,NA,NA,NA
"run02_topology_LCN2",1990,"FURIN",9.05415850372959e-05,NA,NA,NA
"run02_topology_LCN2",1991,"ACACA",7.98311027262466e-05,NA,NA,NA
"run02_topology_LCN2",1992,"AKR1C1",5.66614851992275e-05,NA,NA,NA
"run02_topology_LCN2",1993,"PPIF",5.98208087934093e-05,NA,NA,NA
"run02_topology_LCN2",1994,"NDUFS3",7.91874029407724e-05,NA,NA,NA
"run02_topology_LCN2",1995,"CYP17A1",3.31356115126358e-05,NA,NA,NA
"run02_topology_LCN2",1996,"VIM",5.2598025607753e-05,NA,NA,NA
"run02_topology_LCN2",1997,"GRIA2",6.42468498274207e-05,NA,NA,NA
"run02_topology_LCN2",1998,"ALDH1B1",0,NA,NA,NA
"run02_topology_LCN2",1999,"CTSD",0.000133066364187417,NA,NA,NA
"run02_topology_LCN2",2000,"PPIF",5.98208087934093e-05,NA,NA,NA
"run02_topology_LCN2",2001,"CTSD",0.000133066364187417,NA,NA,NA
"run02_topology_LCN2",2002,"NPPA",7.28658572474172e-05,NA,NA,NA
"run02_topology_LCN2",2003,"GOT1",5.88174838508371e-05,NA,NA,NA
"run02_topology_LCN2",2004,"VIM",5.2598025607753e-05,NA,NA,NA
"run02_topology_LCN2",2005,"CALM2",0,NA,NA,NA
"run02_topology_LCN2",2006,"NOS2",2.38274351227474e-05,NA,NA,NA
"run02_topology_LCN2",2007,"CACNA1B",0,NA,NA,NA
"run02_topology_LCN2",2008,"ADH5",7.50101523409041e-05,NA,NA,NA
"run02_topology_LCN2",2009,"CTSD",0.000133066364187417,NA,NA,NA
"run02_topology_LCN2",2010,"KEAP1",8.90865911317151e-05,NA,NA,NA
"run02_topology_LCN2",2011,"CALM2",0,NA,NA,NA
"run02_topology_LCN2",2012,"CALM2",0,NA,NA,NA
"run02_topology_LCN2",2013,"CALM2",0,NA,NA,NA
"run02_topology_LCN2",2014,"COL1A2",8.49027404237201e-06,NA,NA,NA
"run02_topology_LCN2",2015,"ITGA5",0.00127400659039045,NA,NA,NA
"run02_topology_LCN2",2016,"PARK7",5.03123803161643e-05,NA,NA,NA
"run02_topology_LCN2",2017,"NPPA",7.28658572474172e-05,NA,NA,NA
"run02_topology_LCN2",2018,"RYR2",4.78345186669671e-05,NA,NA,NA
"run02_topology_LCN2",2019,"NDUFS3",7.91874029407724e-05,NA,NA,NA
"run02_topology_LCN2",2020,"BTK",0.000119272845312435,NA,NA,NA
"run02_topology_LCN2",2021,"PARK7",5.03123803161643e-05,NA,NA,NA
"run02_topology_LCN2",2022,"CYP2D6",2.95879994604009e-05,NA,NA,NA
"run02_topology_LCN2",2023,"NDUFS3",7.91874029407724e-05,NA,NA,NA
"run02_topology_LCN2",2024,"ITGA5",0.00127400659039045,NA,NA,NA
"run02_topology_LCN2",2025,"AURKB",0.000100012341094136,NA,NA,NA
"run02_topology_LCN2",2026,"ADH5",7.50101523409041e-05,NA,NA,NA
"run02_topology_LCN2",2027,"SLC6A4",7.25412905625555e-05,NA,NA,NA
"run02_topology_LCN2",2028,"DLG1",6.50075176803488e-05,NA,NA,NA
"run02_topology_LCN2",2029,"CALM2",0,NA,NA,NA
"run02_topology_LCN2",2030,"BTK",0.000119272845312435,NA,NA,NA
"run02_topology_LCN2",2031,"ITGA5",0.00127400659039045,NA,NA,NA
"run02_topology_LCN2",2032,"SLC6A4",7.25412905625555e-05,NA,NA,NA
"run02_topology_LCN2",2033,"FURIN",9.05415850372959e-05,NA,NA,NA
"run02_topology_LCN2",2034,"HSD3B2",2.44539251612608e-05,NA,NA,NA
"run02_topology_LCN2",2035,"ACE2",6.17806475236016e-05,NA,NA,NA
"run02_topology_LCN2",2036,"C3",4.60004945984638e-05,NA,NA,NA
"run02_topology_LCN2",2037,"ACE2",6.17806475236016e-05,NA,NA,NA
"run02_topology_LCN2",2038,"AKR1D1",0.0010662752740489,NA,NA,NA
"run02_topology_LCN2",2039,"RYR2",4.78345186669671e-05,NA,NA,NA
"run02_topology_LCN2",2040,"SCN1A",4.8526600018195e-05,NA,NA,NA
"run02_topology_LCN2",2041,"NDUFS3",7.91874029407724e-05,NA,NA,NA
"run02_topology_LCN2",2042,"EIF2AK2",0.000116554297583948,NA,NA,NA
"run02_topology_LCN2",2043,"ACSL1",4.92269468655993e-05,NA,NA,NA
"run02_topology_LCN2",2044,"GRIA1",1.90084712514693e-06,NA,NA,NA
"run02_topology_LCN2",2045,"NOS2",2.38274351227474e-05,NA,NA,NA
"run02_topology_LCN2",2046,"ACTG1",2.72461711825489e-06,NA,NA,NA
"run02_topology_LCN2",2047,"CTSD",0.000133066364187417,NA,NA,NA
"run02_topology_LCN2",2048,"ACACA",7.98311027262466e-05,NA,NA,NA
"run02_topology_LCN2",2049,"ALDH1B1",0,NA,NA,NA
"run02_topology_LCN2",2050,"CALM2",0,NA,NA,NA
"run02_topology_LCN2",2051,"PPARD",4.39109792027548e-05,NA,NA,NA
"run02_topology_LCN2",2052,"ACE2",6.17806475236016e-05,NA,NA,NA
"run02_topology_LCN2",2053,"CYP2C19",1.83094707274511e-05,NA,NA,NA
"run02_topology_LCN2",2054,"SLC6A4",7.25412905625555e-05,NA,NA,NA
"run02_topology_LCN2",2055,"DLG1",6.50075176803488e-05,NA,NA,NA
"run02_topology_LCN2",2056,"FURIN",9.05415850372959e-05,NA,NA,NA
"run02_topology_LCN2",2057,"CYP17A1",3.31356115126358e-05,NA,NA,NA
"run02_topology_LCN2",2058,"ACTG1",2.72461711825489e-06,NA,NA,NA
"run02_topology_LCN2",2059,"AKR1D1",0.0010662752740489,NA,NA,NA
"run02_topology_LCN2",2060,"KEAP1",8.90865911317151e-05,NA,NA,NA
"run02_topology_LCN2",2061,"ACE2",6.17806475236016e-05,NA,NA,NA
"run02_topology_LCN2",2062,"ITGA5",0.00127400659039045,NA,NA,NA
"run02_topology_LCN2",2063,"CPT1A",1.49157660161992e-05,NA,NA,NA
"run02_topology_LCN2",2064,"BTK",0.000119272845312435,NA,NA,NA
"run02_topology_LCN2",2065,"AURKA",5.49029298524406e-05,NA,NA,NA
"run02_topology_LCN2",2066,"PARK7",5.03123803161643e-05,NA,NA,NA
"run02_topology_LCN2",2067,"BTK",0.000119272845312435,NA,NA,NA
"run02_topology_LCN2",2068,"HSD3B2",2.44539251612608e-05,NA,NA,NA
"run02_topology_LCN2",2069,"SLC6A4",7.25412905625555e-05,NA,NA,NA
"run02_topology_LCN2",2070,"CYP2D6",2.95879994604009e-05,NA,NA,NA
"run02_topology_LCN2",2071,"CYP2D6",2.95879994604009e-05,NA,NA,NA
"run02_topology_LCN2",2072,"ADH5",7.50101523409041e-05,NA,NA,NA
"run02_topology_LCN2",2073,"C3",4.60004945984638e-05,NA,NA,NA
"run02_topology_LCN2",2074,"ACSL1",4.92269468655993e-05,NA,NA,NA
"run02_topology_LCN2",2075,"PPARD",4.39109792027548e-05,NA,NA,NA
"run02_topology_LCN2",2076,"COL1A2",8.49027404237201e-06,NA,NA,NA
"run02_topology_LCN2",2077,"ACSL1",4.92269468655993e-05,NA,NA,NA
"run02_topology_LCN2",2078,"C3",4.60004945984638e-05,NA,NA,NA
"run02_topology_LCN2",2079,"ALDH3A1",7.8987277396747e-05,NA,NA,NA
"run02_topology_LCN2",2080,"GLUD1",0.00010300883354164,NA,NA,NA
"run02_topology_LCN2",2081,"RYR1",8.59077355945814e-05,NA,NA,NA
"run02_topology_LCN2",2082,"SLC6A4",7.25412905625555e-05,NA,NA,NA
"run02_topology_LCN2",2083,"CYP2C19",1.83094707274511e-05,NA,NA,NA
"run02_topology_LCN2",2084,"BAX",8.97923976903581e-05,NA,NA,NA
"run02_topology_LCN2",2085,"EIF2S1",0.000110140192739028,NA,NA,NA
"run02_topology_LCN2",2086,"SCN1A",4.8526600018195e-05,NA,NA,NA
"run02_topology_LCN2",2087,"ALDH1B1",0,NA,NA,NA
"run02_topology_LCN2",2088,"EIF2S1",0.000110140192739028,NA,NA,NA
"run02_topology_LCN2",2089,"RYR2",4.78345186669671e-05,NA,NA,NA
"run02_topology_LCN2",2090,"GOT1",5.88174838508371e-05,NA,NA,NA
"run02_topology_LCN2",2091,"FABP4",8.52242665472236e-05,NA,NA,NA
"run02_topology_LCN2",2092,"EIF2S1",0.000110140192739028,NA,NA,NA
"run02_topology_LCN2",2093,"CYP2D6",2.95879994604009e-05,NA,NA,NA
"run02_topology_LCN2",2094,"KEAP1",8.90865911317151e-05,NA,NA,NA
"run02_topology_LCN2",2095,"NFATC1",5.51292228962996e-05,NA,NA,NA
"run02_topology_LCN2",2096,"PARK7",5.03123803161643e-05,NA,NA,NA
"run02_topology_LCN2",2097,"KEAP1",8.90865911317151e-05,NA,NA,NA
"run02_topology_LCN2",2098,"NOS2",2.38274351227474e-05,NA,NA,NA
"run02_topology_LCN2",2099,"EIF2AK2",0.000116554297583948,NA,NA,NA
"run02_topology_LCN2",2100,"NPPA",7.28658572474172e-05,NA,NA,NA
"run02_topology_LCN2",2101,"RASA1",5.55702489675181e-05,NA,NA,NA
"run02_topology_LCN2",2102,"PPIF",5.98208087934093e-05,NA,NA,NA
"run02_topology_LCN2",2103,"HSD3B2",2.44539251612608e-05,NA,NA,NA
"run02_topology_LCN2",2104,"PRKCZ",0.00127837750571802,NA,NA,NA
"run02_topology_LCN2",2105,"CYP2C19",1.83094707274511e-05,NA,NA,NA
"run02_topology_LCN2",2106,"ADH5",7.50101523409041e-05,NA,NA,NA
"run02_topology_LCN2",2107,"CACNA1B",0,NA,NA,NA
"run02_topology_LCN2",2108,"ACTG1",2.72461711825489e-06,NA,NA,NA
"run02_topology_LCN2",2109,"CACNA1B",0,NA,NA,NA
"run02_topology_LCN2",2110,"NDUFS3",7.91874029407724e-05,NA,NA,NA
"run02_topology_LCN2",2111,"NFATC1",5.51292228962996e-05,NA,NA,NA
"run02_topology_LCN2",2112,"VIM",5.2598025607753e-05,NA,NA,NA
"run02_topology_LCN2",2113,"CACNA1B",0,NA,NA,NA
"run02_topology_LCN2",2114,"C3",4.60004945984638e-05,NA,NA,NA
"run02_topology_LCN2",2115,"DLG1",6.50075176803488e-05,NA,NA,NA
"run02_topology_LCN2",2116,"RASA1",5.55702489675181e-05,NA,NA,NA
"run02_topology_LCN2",2117,"NPPA",7.28658572474172e-05,NA,NA,NA
"run02_topology_LCN2",2118,"EIF2AK2",0.000116554297583948,NA,NA,NA
"run02_topology_LCN2",2119,"CYP2C19",1.83094707274511e-05,NA,NA,NA
"run02_topology_LCN2",2120,"EIF2S1",0.000110140192739028,NA,NA,NA
"run02_topology_LCN2",2121,"C3",4.60004945984638e-05,NA,NA,NA
"run02_topology_LCN2",2122,"GOT1",5.88174838508371e-05,NA,NA,NA
"run02_topology_LCN2",2123,"PPIF",5.98208087934093e-05,NA,NA,NA
"run02_topology_LCN2",2124,"AKR1D1",0.0010662752740489,NA,NA,NA
"run02_topology_LCN2",2125,"RASA1",5.55702489675181e-05,NA,NA,NA
"run02_topology_LCN2",2126,"ALDH1B1",0,NA,NA,NA
"run02_topology_LCN2",2127,"PPIF",5.98208087934093e-05,NA,NA,NA
"run02_topology_LCN2",2128,"ACE2",6.17806475236016e-05,NA,NA,NA
"run02_topology_LCN2",2129,"ACE2",6.17806475236016e-05,NA,NA,NA
"run02_topology_LCN2",2130,"ALDH1B1",0,NA,NA,NA
"run02_topology_LCN2",2131,"CYP2D6",2.95879994604009e-05,NA,NA,NA
"run02_topology_LCN2",2132,"ACTG1",2.72461711825489e-06,NA,NA,NA
"run02_topology_LCN2",2133,"NOS2",2.38274351227474e-05,NA,NA,NA
"run02_topology_LCN2",2134,"C3",4.60004945984638e-05,NA,NA,NA
"run02_topology_LCN2",2135,"EIF2S1",0.000110140192739028,NA,NA,NA
"run02_topology_LCN2",2136,"RYR2",4.78345186669671e-05,NA,NA,NA
"run02_topology_LCN2",2137,"NDUFS3",7.91874029407724e-05,NA,NA,NA
"run02_topology_LCN2",2138,"RASA1",5.55702489675181e-05,NA,NA,NA
"run02_topology_LCN2",2139,"GLUD1",0.00010300883354164,NA,NA,NA
"run02_topology_LCN2",2140,"NFATC1",5.51292228962996e-05,NA,NA,NA
"run02_topology_LCN2",2141,"HSD3B2",2.44539251612608e-05,NA,NA,NA
"run02_topology_LCN2",2142,"GRIA1",1.90084712514693e-06,NA,NA,NA
"run02_topology_LCN2",2143,"SLC6A4",7.25412905625555e-05,NA,NA,NA
"run02_topology_LCN2",2144,"CYP17A1",3.31356115126358e-05,NA,NA,NA
"run02_topology_LCN2",2145,"SLC6A4",7.25412905625555e-05,NA,NA,NA
"run02_topology_LCN2",2146,"BAX",8.97923976903581e-05,NA,NA,NA
"run02_topology_LCN2",2147,"KEAP1",8.90865911317151e-05,NA,NA,NA
"run02_topology_LCN2",2148,"GRIA2",6.42468498274207e-05,NA,NA,NA
"run02_topology_LCN2",2149,"ACE2",6.17806475236016e-05,NA,NA,NA
"run02_topology_LCN2",2150,"CYP2C19",1.83094707274511e-05,NA,NA,NA
"run02_topology_LCN2",2151,"BAX",8.97923976903581e-05,NA,NA,NA
"run02_topology_LCN2",2152,"ACE2",6.17806475236016e-05,NA,NA,NA
"run02_topology_LCN2",2153,"DLG1",6.50075176803488e-05,NA,NA,NA
"run02_topology_LCN2",2154,"PRKCZ",0.00127837750571802,NA,NA,NA
"run02_topology_LCN2",2155,"ACTG1",2.72461711825489e-06,NA,NA,NA
"run02_topology_LCN2",2156,"ACTG1",2.72461711825489e-06,NA,NA,NA
"run02_topology_LCN2",2157,"ADH5",7.50101523409041e-05,NA,NA,NA
"run02_topology_LCN2",2158,"KEAP1",8.90865911317151e-05,NA,NA,NA
"run02_topology_LCN2",2159,"GRIA2",6.42468498274207e-05,NA,NA,NA
"run02_topology_LCN2",2160,"CALM2",0,NA,NA,NA
"run02_topology_LCN2",2161,"AGTR1",7.87895413547623e-05,NA,NA,NA
"run02_topology_LCN2",2162,"CALM2",0,NA,NA,NA
"run02_topology_LCN2",2163,"BAX",8.97923976903581e-05,NA,NA,NA
"run02_topology_LCN2",2164,"ACTG1",2.72461711825489e-06,NA,NA,NA
"run02_topology_LCN2",2165,"PARK7",5.03123803161643e-05,NA,NA,NA
"run02_topology_LCN2",2166,"ACTG1",2.72461711825489e-06,NA,NA,NA
"run02_topology_LCN2",2167,"AGTR1",7.87895413547623e-05,NA,NA,NA
"run02_topology_LCN2",2168,"DLG1",6.50075176803488e-05,NA,NA,NA
"run02_topology_LCN2",2169,"ACACA",7.98311027262466e-05,NA,NA,NA
"run02_topology_LCN2",2170,"AURKB",0.000100012341094136,NA,NA,NA
"run02_topology_LCN2",2171,"SLC6A4",7.25412905625555e-05,NA,NA,NA
"run02_topology_LCN2",2172,"NPPA",7.28658572474172e-05,NA,NA,NA
"run02_topology_LCN2",2173,"CYP17A1",3.31356115126358e-05,NA,NA,NA
"run02_topology_LCN2",2174,"ACTG1",2.72461711825489e-06,NA,NA,NA
"run02_topology_LCN2",2175,"AKR1D1",0.0010662752740489,NA,NA,NA
"run02_topology_LCN2",2176,"EIF2S1",0.000110140192739028,NA,NA,NA
"run02_topology_LCN2",2177,"CPT1A",1.49157660161992e-05,NA,NA,NA
"run02_topology_LCN2",2178,"NFATC1",5.51292228962996e-05,NA,NA,NA
"run02_topology_LCN2",2179,"PRKCZ",0.00127837750571802,NA,NA,NA
"run02_topology_LCN2",2180,"KEAP1",8.90865911317151e-05,NA,NA,NA
"run02_topology_LCN2",2181,"KEAP1",8.90865911317151e-05,NA,NA,NA
"run02_topology_LCN2",2182,"EIF2AK2",0.000116554297583948,NA,NA,NA
"run02_topology_LCN2",2183,"PPARD",4.39109792027548e-05,NA,NA,NA
"run02_topology_LCN2",2184,"EIF2AK2",0.000116554297583948,NA,NA,NA
"run02_topology_LCN2",2185,"C3",4.60004945984638e-05,NA,NA,NA
"run02_topology_LCN2",2186,"ALDH1B1",0,NA,NA,NA
"run02_topology_LCN2",2187,"EIF2AK2",0.000116554297583948,NA,NA,NA
"run02_topology_LCN2",2188,"VIM",5.2598025607753e-05,NA,NA,NA
"run02_topology_LCN2",2189,"SLC6A4",7.25412905625555e-05,NA,NA,NA
"run02_topology_LCN2",2190,"ACE2",6.17806475236016e-05,NA,NA,NA
"run02_topology_LCN2",2191,"GRIA2",6.42468498274207e-05,NA,NA,NA
"run02_topology_LCN2",2192,"AURKB",0.000100012341094136,NA,NA,NA
"run02_topology_LCN2",2193,"ACE2",6.17806475236016e-05,NA,NA,NA
"run02_topology_LCN2",2194,"CACNA1B",0,NA,NA,NA
"run02_topology_LCN2",2195,"HSD3B2",2.44539251612608e-05,NA,NA,NA
"run02_topology_LCN2",2196,"ADH5",7.50101523409041e-05,NA,NA,NA
"run02_topology_LCN2",2197,"DLG1",6.50075176803488e-05,NA,NA,NA
"run02_topology_LCN2",2198,"CYP17A1",3.31356115126358e-05,NA,NA,NA
"run02_topology_LCN2",2199,"FURIN",9.05415850372959e-05,NA,NA,NA
"run02_topology_LCN2",2200,"CYP2C19",1.83094707274511e-05,NA,NA,NA
"run02_topology_LCN2",2201,"ALDH1B1",0,NA,NA,NA
"run02_topology_LCN2",2202,"NOS2",2.38274351227474e-05,NA,NA,NA
"run02_topology_LCN2",2203,"CTSD",0.000133066364187417,NA,NA,NA
"run02_topology_LCN2",2204,"NPPA",7.28658572474172e-05,NA,NA,NA
"run02_topology_LCN2",2205,"NFATC1",5.51292228962996e-05,NA,NA,NA
"run02_topology_LCN2",2206,"CALR",4.38793673526172e-05,NA,NA,NA
"run02_topology_LCN2",2207,"CALM2",0,NA,NA,NA
"run02_topology_LCN2",2208,"PARK7",5.03123803161643e-05,NA,NA,NA
"run02_topology_LCN2",2209,"PARK7",5.03123803161643e-05,NA,NA,NA
"run02_topology_LCN2",2210,"GLUD1",0.00010300883354164,NA,NA,NA
"run02_topology_LCN2",2211,"ACSL1",4.92269468655993e-05,NA,NA,NA
"run02_topology_LCN2",2212,"ACE2",6.17806475236016e-05,NA,NA,NA
"run02_topology_LCN2",2213,"PPARD",4.39109792027548e-05,NA,NA,NA
"run02_topology_LCN2",2214,"FABP4",8.52242665472236e-05,NA,NA,NA
"run02_topology_LCN2",2215,"AGTR1",7.87895413547623e-05,NA,NA,NA
"run02_topology_LCN2",2216,"ALDH1B1",0,NA,NA,NA
"run02_topology_LCN2",2217,"BAX",8.97923976903581e-05,NA,NA,NA
"run02_topology_LCN2",2218,"NPPA",7.28658572474172e-05,NA,NA,NA
"run02_topology_LCN2",2219,"VIM",5.2598025607753e-05,NA,NA,NA
"run02_topology_LCN2",2220,"NPPA",7.28658572474172e-05,NA,NA,NA
"run02_topology_LCN2",2221,"PPIF",5.98208087934093e-05,NA,NA,NA
"run02_topology_LCN2",2222,"AURKB",0.000100012341094136,NA,NA,NA
"run02_topology_LCN2",2223,"ADH5",7.50101523409041e-05,NA,NA,NA
"run02_topology_LCN2",2224,"CALR",4.38793673526172e-05,NA,NA,NA
"run02_topology_LCN2",2225,"GOT1",5.88174838508371e-05,NA,NA,NA
"run02_topology_LCN2",2226,"VIM",5.2598025607753e-05,NA,NA,NA
"run02_topology_LCN2",2227,"CPT1A",1.49157660161992e-05,NA,NA,NA
"run02_topology_LCN2",2228,"ALDH1B1",0,NA,NA,NA
"run02_topology_LCN2",2229,"SLC6A4",7.25412905625555e-05,NA,NA,NA
"run02_topology_LCN2",2230,"ACACA",7.98311027262466e-05,NA,NA,NA
"run02_topology_LCN2",2231,"ADH5",7.50101523409041e-05,NA,NA,NA
"run02_topology_LCN2",2232,"NDUFS3",7.91874029407724e-05,NA,NA,NA
"run02_topology_LCN2",2233,"ALDH3A1",7.8987277396747e-05,NA,NA,NA
"run02_topology_LCN2",2234,"CACNA1B",0,NA,NA,NA
"run02_topology_LCN2",2235,"CYP2D6",2.95879994604009e-05,NA,NA,NA
"run02_topology_LCN2",2236,"PPARD",4.39109792027548e-05,NA,NA,NA
"run02_topology_LCN2",2237,"PPIF",5.98208087934093e-05,NA,NA,NA
"run02_topology_LCN2",2238,"RYR2",4.78345186669671e-05,NA,NA,NA
"run02_topology_LCN2",2239,"HSD3B2",2.44539251612608e-05,NA,NA,NA
"run02_topology_LCN2",2240,"HSD3B2",2.44539251612608e-05,NA,NA,NA
"run02_topology_LCN2",2241,"GRIA2",6.42468498274207e-05,NA,NA,NA
"run02_topology_LCN2",2242,"AGTR1",7.87895413547623e-05,NA,NA,NA
"run02_topology_LCN2",2243,"AKR1C1",5.66614851992275e-05,NA,NA,NA
"run02_topology_LCN2",2244,"CACNA1B",0,NA,NA,NA
"run02_topology_LCN2",2245,"CALR",4.38793673526172e-05,NA,NA,NA
"run02_topology_LCN2",2246,"VIM",5.2598025607753e-05,NA,NA,NA
"run02_topology_LCN2",2247,"HSD3B2",2.44539251612608e-05,NA,NA,NA
"run02_topology_LCN2",2248,"CALM2",0,NA,NA,NA
"run02_topology_LCN2",2249,"AURKA",5.49029298524406e-05,NA,NA,NA
"run02_topology_LCN2",2250,"BTK",0.000119272845312435,NA,NA,NA
"run02_topology_LCN2",2251,"CYP2D6",2.95879994604009e-05,NA,NA,NA
"run02_topology_LCN2",2252,"GOT1",5.88174838508371e-05,NA,NA,NA
"run02_topology_LCN2",2253,"ACSL1",4.92269468655993e-05,NA,NA,NA
"run02_topology_LCN2",2254,"AKR1D1",0.0010662752740489,NA,NA,NA
"run02_topology_LCN2",2255,"GOT1",5.88174838508371e-05,NA,NA,NA
"run02_topology_LCN2",2256,"CYP17A1",3.31356115126358e-05,NA,NA,NA
"run02_topology_LCN2",2257,"NDUFS3",7.91874029407724e-05,NA,NA,NA
"run02_topology_LCN2",2258,"GLUD1",0.00010300883354164,NA,NA,NA
"run02_topology_LCN2",2259,"CYP2D6",2.95879994604009e-05,NA,NA,NA
"run02_topology_LCN2",2260,"ITGA5",0.00127400659039045,NA,NA,NA
"run02_topology_LCN2",2261,"CALR",4.38793673526172e-05,NA,NA,NA
"run02_topology_LCN2",2262,"NFATC1",5.51292228962996e-05,NA,NA,NA
"run02_topology_LCN2",2263,"HSD3B2",2.44539251612608e-05,NA,NA,NA
"run02_topology_LCN2",2264,"PARK7",5.03123803161643e-05,NA,NA,NA
"run02_topology_LCN2",2265,"RYR2",4.78345186669671e-05,NA,NA,NA
"run02_topology_LCN2",2266,"NOS2",2.38274351227474e-05,NA,NA,NA
"run02_topology_LCN2",2267,"GLUD1",0.00010300883354164,NA,NA,NA
"run02_topology_LCN2",2268,"KEAP1",8.90865911317151e-05,NA,NA,NA
"run02_topology_LCN2",2269,"DLG1",6.50075176803488e-05,NA,NA,NA
"run02_topology_LCN2",2270,"BAX",8.97923976903581e-05,NA,NA,NA
"run02_topology_LCN2",2271,"VIM",5.2598025607753e-05,NA,NA,NA
"run02_topology_LCN2",2272,"VIM",5.2598025607753e-05,NA,NA,NA
"run02_topology_LCN2",2273,"PARK7",5.03123803161643e-05,NA,NA,NA
"run02_topology_LCN2",2274,"ALDH3A1",7.8987277396747e-05,NA,NA,NA
"run02_topology_LCN2",2275,"SCN1A",4.8526600018195e-05,NA,NA,NA
"run02_topology_LCN2",2276,"RYR1",8.59077355945814e-05,NA,NA,NA
"run02_topology_LCN2",2277,"AGTR1",7.87895413547623e-05,NA,NA,NA
"run02_topology_LCN2",2278,"BTK",0.000119272845312435,NA,NA,NA
"run02_topology_LCN2",2279,"EIF2AK2",0.000116554297583948,NA,NA,NA
"run02_topology_LCN2",2280,"DLG1",6.50075176803488e-05,NA,NA,NA
"run02_topology_LCN2",2281,"GLUD1",0.00010300883354164,NA,NA,NA
"run02_topology_LCN2",2282,"FURIN",9.05415850372959e-05,NA,NA,NA
"run02_topology_LCN2",2283,"CTSD",0.000133066364187417,NA,NA,NA
"run02_topology_LCN2",2284,"CYP17A1",3.31356115126358e-05,NA,NA,NA
"run02_topology_LCN2",2285,"EIF2S1",0.000110140192739028,NA,NA,NA
"run02_topology_LCN2",2286,"EIF2AK2",0.000116554297583948,NA,NA,NA
"run02_topology_LCN2",2287,"CACNA1B",0,NA,NA,NA
"run02_topology_LCN2",2288,"CPT1A",1.49157660161992e-05,NA,NA,NA
"run02_topology_LCN2",2289,"COL1A2",8.49027404237201e-06,NA,NA,NA
"run02_topology_LCN2",2290,"PARK7",5.03123803161643e-05,NA,NA,NA
"run02_topology_LCN2",2291,"CYP17A1",3.31356115126358e-05,NA,NA,NA
"run02_topology_LCN2",2292,"PRKCZ",0.00127837750571802,NA,NA,NA
"run02_topology_LCN2",2293,"NFATC1",5.51292228962996e-05,NA,NA,NA
"run02_topology_LCN2",2294,"GOT1",5.88174838508371e-05,NA,NA,NA
"run02_topology_LCN2",2295,"EIF2AK2",0.000116554297583948,NA,NA,NA
"run02_topology_LCN2",2296,"NPPA",7.28658572474172e-05,NA,NA,NA
"run02_topology_LCN2",2297,"AKR1D1",0.0010662752740489,NA,NA,NA
"run02_topology_LCN2",2298,"CYP17A1",3.31356115126358e-05,NA,NA,NA
"run02_topology_LCN2",2299,"NFATC1",5.51292228962996e-05,NA,NA,NA
"run02_topology_LCN2",2300,"PPIF",5.98208087934093e-05,NA,NA,NA
"run02_topology_LCN2",2301,"NOS2",2.38274351227474e-05,NA,NA,NA
"run02_topology_LCN2",2302,"CALM2",0,NA,NA,NA
"run02_topology_LCN2",2303,"VIM",5.2598025607753e-05,NA,NA,NA
"run02_topology_LCN2",2304,"PARK7",5.03123803161643e-05,NA,NA,NA
"run02_topology_LCN2",2305,"AURKB",0.000100012341094136,NA,NA,NA
"run02_topology_LCN2",2306,"CYP2C19",1.83094707274511e-05,NA,NA,NA
"run02_topology_LCN2",2307,"GOT1",5.88174838508371e-05,NA,NA,NA
"run02_topology_LCN2",2308,"AKR1D1",0.0010662752740489,NA,NA,NA
"run02_topology_LCN2",2309,"EIF2AK2",0.000116554297583948,NA,NA,NA
"run02_topology_LCN2",2310,"PRKCZ",0.00127837750571802,NA,NA,NA
"run02_topology_LCN2",2311,"COL1A2",8.49027404237201e-06,NA,NA,NA
"run02_topology_LCN2",2312,"AKR1D1",0.0010662752740489,NA,NA,NA
"run02_topology_LCN2",2313,"ALDH3A1",7.8987277396747e-05,NA,NA,NA
"run02_topology_LCN2",2314,"PPIF",5.98208087934093e-05,NA,NA,NA
"run02_topology_LCN2",2315,"ALDH3A1",7.8987277396747e-05,NA,NA,NA
"run02_topology_LCN2",2316,"GRIA1",1.90084712514693e-06,NA,NA,NA
"run02_topology_LCN2",2317,"PARK7",5.03123803161643e-05,NA,NA,NA
"run02_topology_LCN2",2318,"ACTG1",2.72461711825489e-06,NA,NA,NA
"run02_topology_LCN2",2319,"PRKCZ",0.00127837750571802,NA,NA,NA
"run02_topology_LCN2",2320,"RYR2",4.78345186669671e-05,NA,NA,NA
"run02_topology_LCN2",2321,"ITGA5",0.00127400659039045,NA,NA,NA
"run02_topology_LCN2",2322,"VIM",5.2598025607753e-05,NA,NA,NA
"run02_topology_LCN2",2323,"RASA1",5.55702489675181e-05,NA,NA,NA
"run02_topology_LCN2",2324,"NDUFS3",7.91874029407724e-05,NA,NA,NA
"run02_topology_LCN2",2325,"BTK",0.000119272845312435,NA,NA,NA
"run02_topology_LCN2",2326,"BAX",8.97923976903581e-05,NA,NA,NA
"run02_topology_LCN2",2327,"PPIF",5.98208087934093e-05,NA,NA,NA
"run02_topology_LCN2",2328,"CYP2D6",2.95879994604009e-05,NA,NA,NA
"run02_topology_LCN2",2329,"PARK7",5.03123803161643e-05,NA,NA,NA
"run02_topology_LCN2",2330,"NOS2",2.38274351227474e-05,NA,NA,NA
"run02_topology_LCN2",2331,"ALDH1B1",0,NA,NA,NA
"run02_topology_LCN2",2332,"CPT1A",1.49157660161992e-05,NA,NA,NA
"run02_topology_LCN2",2333,"RYR1",8.59077355945814e-05,NA,NA,NA
"run02_topology_LCN2",2334,"RASA1",5.55702489675181e-05,NA,NA,NA
"run02_topology_LCN2",2335,"CYP17A1",3.31356115126358e-05,NA,NA,NA
"run02_topology_LCN2",2336,"NDUFS3",7.91874029407724e-05,NA,NA,NA
"run02_topology_LCN2",2337,"AURKB",0.000100012341094136,NA,NA,NA
"run02_topology_LCN2",2338,"RASA1",5.55702489675181e-05,NA,NA,NA
"run02_topology_LCN2",2339,"AURKA",5.49029298524406e-05,NA,NA,NA
"run02_topology_LCN2",2340,"GRIA2",6.42468498274207e-05,NA,NA,NA
"run02_topology_LCN2",2341,"CALM2",0,NA,NA,NA
"run02_topology_LCN2",2342,"FABP4",8.52242665472236e-05,NA,NA,NA
"run02_topology_LCN2",2343,"GRIA1",1.90084712514693e-06,NA,NA,NA
"run02_topology_LCN2",2344,"CALR",4.38793673526172e-05,NA,NA,NA
"run02_topology_LCN2",2345,"COL1A2",8.49027404237201e-06,NA,NA,NA
"run02_topology_LCN2",2346,"BAX",8.97923976903581e-05,NA,NA,NA
"run02_topology_LCN2",2347,"KEAP1",8.90865911317151e-05,NA,NA,NA
"run02_topology_LCN2",2348,"GLUD1",0.00010300883354164,NA,NA,NA
"run02_topology_LCN2",2349,"GRIA1",1.90084712514693e-06,NA,NA,NA
"run02_topology_LCN2",2350,"AURKA",5.49029298524406e-05,NA,NA,NA
"run02_topology_LCN2",2351,"CACNA1B",0,NA,NA,NA
"run02_topology_LCN2",2352,"PARK7",5.03123803161643e-05,NA,NA,NA
"run02_topology_LCN2",2353,"CYP2D6",2.95879994604009e-05,NA,NA,NA
"run02_topology_LCN2",2354,"C3",4.60004945984638e-05,NA,NA,NA
"run02_topology_LCN2",2355,"GRIA1",1.90084712514693e-06,NA,NA,NA
"run02_topology_LCN2",2356,"NPPA",7.28658572474172e-05,NA,NA,NA
"run02_topology_LCN2",2357,"AGTR1",7.87895413547623e-05,NA,NA,NA
"run02_topology_LCN2",2358,"SCN1A",4.8526600018195e-05,NA,NA,NA
"run02_topology_LCN2",2359,"PPIF",5.98208087934093e-05,NA,NA,NA
"run02_topology_LCN2",2360,"DLG1",6.50075176803488e-05,NA,NA,NA
"run02_topology_LCN2",2361,"PPARD",4.39109792027548e-05,NA,NA,NA
"run02_topology_LCN2",2362,"EIF2AK2",0.000116554297583948,NA,NA,NA
"run02_topology_LCN2",2363,"EIF2S1",0.000110140192739028,NA,NA,NA
"run02_topology_LCN2",2364,"CYP2D6",2.95879994604009e-05,NA,NA,NA
"run02_topology_LCN2",2365,"CALM2",0,NA,NA,NA
"run02_topology_LCN2",2366,"ADH5",7.50101523409041e-05,NA,NA,NA
"run02_topology_LCN2",2367,"EIF2S1",0.000110140192739028,NA,NA,NA
"run02_topology_LCN2",2368,"NPPA",7.28658572474172e-05,NA,NA,NA
"run02_topology_LCN2",2369,"FURIN",9.05415850372959e-05,NA,NA,NA
"run02_topology_LCN2",2370,"CALR",4.38793673526172e-05,NA,NA,NA
"run02_topology_LCN2",2371,"CTSD",0.000133066364187417,NA,NA,NA
"run02_topology_LCN2",2372,"CYP2D6",2.95879994604009e-05,NA,NA,NA
"run02_topology_LCN2",2373,"ACACA",7.98311027262466e-05,NA,NA,NA
"run02_topology_LCN2",2374,"HSD3B2",2.44539251612608e-05,NA,NA,NA
"run02_topology_LCN2",2375,"BAX",8.97923976903581e-05,NA,NA,NA
"run02_topology_LCN2",2376,"ALDH1B1",0,NA,NA,NA
"run02_topology_LCN2",2377,"PPIF",5.98208087934093e-05,NA,NA,NA
"run02_topology_LCN2",2378,"NDUFS3",7.91874029407724e-05,NA,NA,NA
"run02_topology_LCN2",2379,"PPIF",5.98208087934093e-05,NA,NA,NA
"run02_topology_LCN2",2380,"GLUD1",0.00010300883354164,NA,NA,NA
"run02_topology_LCN2",2381,"KEAP1",8.90865911317151e-05,NA,NA,NA
"run02_topology_LCN2",2382,"NPPA",7.28658572474172e-05,NA,NA,NA
"run02_topology_LCN2",2383,"CPT1A",1.49157660161992e-05,NA,NA,NA
"run02_topology_LCN2",2384,"AURKB",0.000100012341094136,NA,NA,NA
"run02_topology_LCN2",2385,"PPIF",5.98208087934093e-05,NA,NA,NA
"run02_topology_LCN2",2386,"VIM",5.2598025607753e-05,NA,NA,NA
"run02_topology_LCN2",2387,"GRIA1",1.90084712514693e-06,NA,NA,NA
"run02_topology_LCN2",2388,"CYP17A1",3.31356115126358e-05,NA,NA,NA
"run02_topology_LCN2",2389,"CYP17A1",3.31356115126358e-05,NA,NA,NA
"run02_topology_LCN2",2390,"KEAP1",8.90865911317151e-05,NA,NA,NA
"run02_topology_LCN2",2391,"RYR1",8.59077355945814e-05,NA,NA,NA
"run02_topology_LCN2",2392,"ACE2",6.17806475236016e-05,NA,NA,NA
"run02_topology_LCN2",2393,"CALM2",0,NA,NA,NA
"run02_topology_LCN2",2394,"COL1A2",8.49027404237201e-06,NA,NA,NA
"run02_topology_LCN2",2395,"ADH5",7.50101523409041e-05,NA,NA,NA
"run02_topology_LCN2",2396,"NFATC1",5.51292228962996e-05,NA,NA,NA
"run02_topology_LCN2",2397,"SCN1A",4.8526600018195e-05,NA,NA,NA
"run02_topology_LCN2",2398,"GOT1",5.88174838508371e-05,NA,NA,NA
"run02_topology_LCN2",2399,"AGTR1",7.87895413547623e-05,NA,NA,NA
"run02_topology_LCN2",2400,"RYR1",8.59077355945814e-05,NA,NA,NA
"run02_topology_LCN2",2401,"KEAP1",8.90865911317151e-05,NA,NA,NA
"run02_topology_LCN2",2402,"VIM",5.2598025607753e-05,NA,NA,NA
"run02_topology_LCN2",2403,"DLG1",6.50075176803488e-05,NA,NA,NA
"run02_topology_LCN2",2404,"RYR1",8.59077355945814e-05,NA,NA,NA
"run02_topology_LCN2",2405,"PPIF",5.98208087934093e-05,NA,NA,NA
"run02_topology_LCN2",2406,"ADH5",7.50101523409041e-05,NA,NA,NA
"run02_topology_LCN2",2407,"FURIN",9.05415850372959e-05,NA,NA,NA
"run02_topology_LCN2",2408,"KEAP1",8.90865911317151e-05,NA,NA,NA
"run02_topology_LCN2",2409,"AURKA",5.49029298524406e-05,NA,NA,NA
"run02_topology_LCN2",2410,"HSD3B2",2.44539251612608e-05,NA,NA,NA
"run02_topology_LCN2",2411,"ALDH1B1",0,NA,NA,NA
"run02_topology_LCN2",2412,"GLUD1",0.00010300883354164,NA,NA,NA
"run02_topology_LCN2",2413,"PPIF",5.98208087934093e-05,NA,NA,NA
"run02_topology_LCN2",2414,"CYP17A1",3.31356115126358e-05,NA,NA,NA
"run02_topology_LCN2",2415,"RYR1",8.59077355945814e-05,NA,NA,NA
"run02_topology_LCN2",2416,"NDUFS3",7.91874029407724e-05,NA,NA,NA
"run02_topology_LCN2",2417,"GLUD1",0.00010300883354164,NA,NA,NA
"run02_topology_LCN2",2418,"ACACA",7.98311027262466e-05,NA,NA,NA
"run02_topology_LCN2",2419,"ALDH3A1",7.8987277396747e-05,NA,NA,NA
"run02_topology_LCN2",2420,"ALDH1B1",0,NA,NA,NA
"run02_topology_LCN2",2421,"NDUFS3",7.91874029407724e-05,NA,NA,NA
"run02_topology_LCN2",2422,"RASA1",5.55702489675181e-05,NA,NA,NA
"run02_topology_LCN2",2423,"DLG1",6.50075176803488e-05,NA,NA,NA
"run02_topology_LCN2",2424,"CALM2",0,NA,NA,NA
"run02_topology_LCN2",2425,"RYR1",8.59077355945814e-05,NA,NA,NA
"run02_topology_LCN2",2426,"CYP2C19",1.83094707274511e-05,NA,NA,NA
"run02_topology_LCN2",2427,"AKR1C1",5.66614851992275e-05,NA,NA,NA
"run02_topology_LCN2",2428,"EIF2S1",0.000110140192739028,NA,NA,NA
"run02_topology_LCN2",2429,"ACACA",7.98311027262466e-05,NA,NA,NA
"run02_topology_LCN2",2430,"AGTR1",7.87895413547623e-05,NA,NA,NA
"run02_topology_LCN2",2431,"CYP17A1",3.31356115126358e-05,NA,NA,NA
"run02_topology_LCN2",2432,"CTSD",0.000133066364187417,NA,NA,NA
"run02_topology_LCN2",2433,"GRIA2",6.42468498274207e-05,NA,NA,NA
"run02_topology_LCN2",2434,"CYP2C19",1.83094707274511e-05,NA,NA,NA
"run02_topology_LCN2",2435,"RASA1",5.55702489675181e-05,NA,NA,NA
"run02_topology_LCN2",2436,"CALR",4.38793673526172e-05,NA,NA,NA
"run02_topology_LCN2",2437,"CTSD",0.000133066364187417,NA,NA,NA
"run02_topology_LCN2",2438,"RYR1",8.59077355945814e-05,NA,NA,NA
"run02_topology_LCN2",2439,"GOT1",5.88174838508371e-05,NA,NA,NA
"run02_topology_LCN2",2440,"PARK7",5.03123803161643e-05,NA,NA,NA
"run02_topology_LCN2",2441,"CTSD",0.000133066364187417,NA,NA,NA
"run02_topology_LCN2",2442,"ACACA",7.98311027262466e-05,NA,NA,NA
"run02_topology_LCN2",2443,"ITGA5",0.00127400659039045,NA,NA,NA
"run02_topology_LCN2",2444,"AKR1D1",0.0010662752740489,NA,NA,NA
"run02_topology_LCN2",2445,"AKR1D1",0.0010662752740489,NA,NA,NA
"run02_topology_LCN2",2446,"ACE2",6.17806475236016e-05,NA,NA,NA
"run02_topology_LCN2",2447,"CYP2D6",2.95879994604009e-05,NA,NA,NA
"run02_topology_LCN2",2448,"AGTR1",7.87895413547623e-05,NA,NA,NA
"run02_topology_LCN2",2449,"RYR1",8.59077355945814e-05,NA,NA,NA
"run02_topology_LCN2",2450,"ACSL1",4.92269468655993e-05,NA,NA,NA
"run02_topology_LCN2",2451,"HSD3B2",2.44539251612608e-05,NA,NA,NA
"run02_topology_LCN2",2452,"KEAP1",8.90865911317151e-05,NA,NA,NA
"run02_topology_LCN2",2453,"CPT1A",1.49157660161992e-05,NA,NA,NA
"run02_topology_LCN2",2454,"CALR",4.38793673526172e-05,NA,NA,NA
"run02_topology_LCN2",2455,"DLG1",6.50075176803488e-05,NA,NA,NA
"run02_topology_LCN2",2456,"AURKB",0.000100012341094136,NA,NA,NA
"run02_topology_LCN2",2457,"GRIA1",1.90084712514693e-06,NA,NA,NA
"run02_topology_LCN2",2458,"GLUD1",0.00010300883354164,NA,NA,NA
"run02_topology_LCN2",2459,"ITGA5",0.00127400659039045,NA,NA,NA
"run02_topology_LCN2",2460,"PPARD",4.39109792027548e-05,NA,NA,NA
"run02_topology_LCN2",2461,"SCN1A",4.8526600018195e-05,NA,NA,NA
"run02_topology_LCN2",2462,"GOT1",5.88174838508371e-05,NA,NA,NA
"run02_topology_LCN2",2463,"PARK7",5.03123803161643e-05,NA,NA,NA
"run02_topology_LCN2",2464,"ACE2",6.17806475236016e-05,NA,NA,NA
"run02_topology_LCN2",2465,"CYP17A1",3.31356115126358e-05,NA,NA,NA
"run02_topology_LCN2",2466,"ITGA5",0.00127400659039045,NA,NA,NA
"run02_topology_LCN2",2467,"CACNA1B",0,NA,NA,NA
"run02_topology_LCN2",2468,"DLG1",6.50075176803488e-05,NA,NA,NA
"run02_topology_LCN2",2469,"PRKCZ",0.00127837750571802,NA,NA,NA
"run02_topology_LCN2",2470,"KEAP1",8.90865911317151e-05,NA,NA,NA
"run02_topology_LCN2",2471,"COL1A2",8.49027404237201e-06,NA,NA,NA
"run02_topology_LCN2",2472,"GLUD1",0.00010300883354164,NA,NA,NA
"run02_topology_LCN2",2473,"ITGA5",0.00127400659039045,NA,NA,NA
"run02_topology_LCN2",2474,"ACSL1",4.92269468655993e-05,NA,NA,NA
"run02_topology_LCN2",2475,"EIF2AK2",0.000116554297583948,NA,NA,NA
"run02_topology_LCN2",2476,"NPPA",7.28658572474172e-05,NA,NA,NA
"run02_topology_LCN2",2477,"VIM",5.2598025607753e-05,NA,NA,NA
"run02_topology_LCN2",2478,"GRIA1",1.90084712514693e-06,NA,NA,NA
"run02_topology_LCN2",2479,"AGTR1",7.87895413547623e-05,NA,NA,NA
"run02_topology_LCN2",2480,"CTSD",0.000133066364187417,NA,NA,NA
"run02_topology_LCN2",2481,"C3",4.60004945984638e-05,NA,NA,NA
"run02_topology_LCN2",2482,"AURKB",0.000100012341094136,NA,NA,NA
"run02_topology_LCN2",2483,"NOS2",2.38274351227474e-05,NA,NA,NA
"run02_topology_LCN2",2484,"GOT1",5.88174838508371e-05,NA,NA,NA
"run02_topology_LCN2",2485,"NFATC1",5.51292228962996e-05,NA,NA,NA
"run02_topology_LCN2",2486,"EIF2AK2",0.000116554297583948,NA,NA,NA
"run02_topology_LCN2",2487,"FABP4",8.52242665472236e-05,NA,NA,NA
"run02_topology_LCN2",2488,"CYP2C19",1.83094707274511e-05,NA,NA,NA
"run02_topology_LCN2",2489,"AKR1C1",5.66614851992275e-05,NA,NA,NA
"run02_topology_LCN2",2490,"FABP4",8.52242665472236e-05,NA,NA,NA
"run02_topology_LCN2",2491,"SLC6A4",7.25412905625555e-05,NA,NA,NA
"run02_topology_LCN2",2492,"AURKA",5.49029298524406e-05,NA,NA,NA
"run02_topology_LCN2",2493,"ACTG1",2.72461711825489e-06,NA,NA,NA
"run02_topology_LCN2",2494,"GLUD1",0.00010300883354164,NA,NA,NA
"run02_topology_LCN2",2495,"CYP2D6",2.95879994604009e-05,NA,NA,NA
"run02_topology_LCN2",2496,"FABP4",8.52242665472236e-05,NA,NA,NA
"run02_topology_LCN2",2497,"VIM",5.2598025607753e-05,NA,NA,NA
"run02_topology_LCN2",2498,"FABP4",8.52242665472236e-05,NA,NA,NA
"run02_topology_LCN2",2499,"C3",4.60004945984638e-05,NA,NA,NA
"run02_topology_LCN2",2500,"CYP2C19",1.83094707274511e-05,NA,NA,NA
"run02_topology_LCN2",2501,"PPIF",5.98208087934093e-05,NA,NA,NA
"run02_topology_LCN2",2502,"RASA1",5.55702489675181e-05,NA,NA,NA
"run02_topology_LCN2",2503,"GRIA1",1.90084712514693e-06,NA,NA,NA
"run02_topology_LCN2",2504,"DLG1",6.50075176803488e-05,NA,NA,NA
"run02_topology_LCN2",2505,"PPIF",5.98208087934093e-05,NA,NA,NA
"run02_topology_LCN2",2506,"ACE2",6.17806475236016e-05,NA,NA,NA
"run02_topology_LCN2",2507,"CYP2C19",1.83094707274511e-05,NA,NA,NA
"run02_topology_LCN2",2508,"RYR1",8.59077355945814e-05,NA,NA,NA
"run02_topology_LCN2",2509,"NFATC1",5.51292228962996e-05,NA,NA,NA
"run02_topology_LCN2",2510,"AGTR1",7.87895413547623e-05,NA,NA,NA
"run02_topology_LCN2",2511,"FURIN",9.05415850372959e-05,NA,NA,NA
"run02_topology_LCN2",2512,"SLC6A4",7.25412905625555e-05,NA,NA,NA
"run02_topology_LCN2",2513,"ADH5",7.50101523409041e-05,NA,NA,NA
"run02_topology_LCN2",2514,"SCN1A",4.8526600018195e-05,NA,NA,NA
"run02_topology_LCN2",2515,"SLC6A4",7.25412905625555e-05,NA,NA,NA
"run02_topology_LCN2",2516,"NOS2",2.38274351227474e-05,NA,NA,NA
"run02_topology_LCN2",2517,"PARK7",5.03123803161643e-05,NA,NA,NA
"run02_topology_LCN2",2518,"AGTR1",7.87895413547623e-05,NA,NA,NA
"run02_topology_LCN2",2519,"PRKCZ",0.00127837750571802,NA,NA,NA
"run02_topology_LCN2",2520,"AURKB",0.000100012341094136,NA,NA,NA
"run02_topology_LCN2",2521,"C3",4.60004945984638e-05,NA,NA,NA
"run02_topology_LCN2",2522,"RYR1",8.59077355945814e-05,NA,NA,NA
"run02_topology_LCN2",2523,"AURKB",0.000100012341094136,NA,NA,NA
"run02_topology_LCN2",2524,"CACNA1B",0,NA,NA,NA
"run02_topology_LCN2",2525,"CYP17A1",3.31356115126358e-05,NA,NA,NA
"run02_topology_LCN2",2526,"AURKA",5.49029298524406e-05,NA,NA,NA
"run02_topology_LCN2",2527,"NPPA",7.28658572474172e-05,NA,NA,NA
"run02_topology_LCN2",2528,"CYP2C19",1.83094707274511e-05,NA,NA,NA
"run02_topology_LCN2",2529,"EIF2S1",0.000110140192739028,NA,NA,NA
"run02_topology_LCN2",2530,"CTSD",0.000133066364187417,NA,NA,NA
"run02_topology_LCN2",2531,"ITGA5",0.00127400659039045,NA,NA,NA
"run02_topology_LCN2",2532,"ALDH3A1",7.8987277396747e-05,NA,NA,NA
"run02_topology_LCN2",2533,"AKR1D1",0.0010662752740489,NA,NA,NA
"run02_topology_LCN2",2534,"PPIF",5.98208087934093e-05,NA,NA,NA
"run02_topology_LCN2",2535,"CALM2",0,NA,NA,NA
"run02_topology_LCN2",2536,"PARK7",5.03123803161643e-05,NA,NA,NA
"run02_topology_LCN2",2537,"ACACA",7.98311027262466e-05,NA,NA,NA
"run02_topology_LCN2",2538,"PRKCZ",0.00127837750571802,NA,NA,NA
"run02_topology_LCN2",2539,"ADH5",7.50101523409041e-05,NA,NA,NA
"run02_topology_LCN2",2540,"CYP2C19",1.83094707274511e-05,NA,NA,NA
"run02_topology_LCN2",2541,"GRIA2",6.42468498274207e-05,NA,NA,NA
"run02_topology_LCN2",2542,"KEAP1",8.90865911317151e-05,NA,NA,NA
"run02_topology_LCN2",2543,"SCN1A",4.8526600018195e-05,NA,NA,NA
"run02_topology_LCN2",2544,"PPIF",5.98208087934093e-05,NA,NA,NA
"run02_topology_LCN2",2545,"BTK",0.000119272845312435,NA,NA,NA
"run02_topology_LCN2",2546,"FURIN",9.05415850372959e-05,NA,NA,NA
"run02_topology_LCN2",2547,"GOT1",5.88174838508371e-05,NA,NA,NA
"run02_topology_LCN2",2548,"AURKB",0.000100012341094136,NA,NA,NA
"run02_topology_LCN2",2549,"CALM2",0,NA,NA,NA
"run02_topology_LCN2",2550,"ACACA",7.98311027262466e-05,NA,NA,NA
"run02_topology_LCN2",2551,"RYR1",8.59077355945814e-05,NA,NA,NA
"run02_topology_LCN2",2552,"AURKB",0.000100012341094136,NA,NA,NA
"run02_topology_LCN2",2553,"FABP4",8.52242665472236e-05,NA,NA,NA
"run02_topology_LCN2",2554,"BAX",8.97923976903581e-05,NA,NA,NA
"run02_topology_LCN2",2555,"PPARD",4.39109792027548e-05,NA,NA,NA
"run02_topology_LCN2",2556,"GRIA2",6.42468498274207e-05,NA,NA,NA
"run02_topology_LCN2",2557,"ALDH1B1",0,NA,NA,NA
"run02_topology_LCN2",2558,"SCN1A",4.8526600018195e-05,NA,NA,NA
"run02_topology_LCN2",2559,"CYP2D6",2.95879994604009e-05,NA,NA,NA
"run02_topology_LCN2",2560,"GOT1",5.88174838508371e-05,NA,NA,NA
"run02_topology_LCN2",2561,"SCN1A",4.8526600018195e-05,NA,NA,NA
"run02_topology_LCN2",2562,"SCN1A",4.8526600018195e-05,NA,NA,NA
"run02_topology_LCN2",2563,"PRKCZ",0.00127837750571802,NA,NA,NA
"run02_topology_LCN2",2564,"CTSD",0.000133066364187417,NA,NA,NA
"run02_topology_LCN2",2565,"EIF2S1",0.000110140192739028,NA,NA,NA
"run02_topology_LCN2",2566,"NDUFS3",7.91874029407724e-05,NA,NA,NA
"run02_topology_LCN2",2567,"AGTR1",7.87895413547623e-05,NA,NA,NA
"run02_topology_LCN2",2568,"SLC6A4",7.25412905625555e-05,NA,NA,NA
"run02_topology_LCN2",2569,"NPPA",7.28658572474172e-05,NA,NA,NA
"run02_topology_LCN2",2570,"EIF2AK2",0.000116554297583948,NA,NA,NA
"run02_topology_LCN2",2571,"ITGA5",0.00127400659039045,NA,NA,NA
"run02_topology_LCN2",2572,"AURKA",5.49029298524406e-05,NA,NA,NA
"run02_topology_LCN2",2573,"C3",4.60004945984638e-05,NA,NA,NA
"run02_topology_LCN2",2574,"PPARD",4.39109792027548e-05,NA,NA,NA
"run02_topology_LCN2",2575,"CYP2C19",1.83094707274511e-05,NA,NA,NA
"run02_topology_LCN2",2576,"PPIF",5.98208087934093e-05,NA,NA,NA
"run02_topology_LCN2",2577,"AKR1C1",5.66614851992275e-05,NA,NA,NA
"run02_topology_LCN2",2578,"AKR1C1",5.66614851992275e-05,NA,NA,NA
"run02_topology_LCN2",2579,"CPT1A",1.49157660161992e-05,NA,NA,NA
"run02_topology_LCN2",2580,"GOT1",5.88174838508371e-05,NA,NA,NA
"run02_topology_LCN2",2581,"RYR2",4.78345186669671e-05,NA,NA,NA
"run02_topology_LCN2",2582,"CALM2",0,NA,NA,NA
"run02_topology_LCN2",2583,"GRIA2",6.42468498274207e-05,NA,NA,NA
"run02_topology_LCN2",2584,"RYR2",4.78345186669671e-05,NA,NA,NA
"run02_topology_LCN2",2585,"COL1A2",8.49027404237201e-06,NA,NA,NA
"run02_topology_LCN2",2586,"RASA1",5.55702489675181e-05,NA,NA,NA
"run02_topology_LCN2",2587,"CYP2C19",1.83094707274511e-05,NA,NA,NA
"run02_topology_LCN2",2588,"CACNA1B",0,NA,NA,NA
"run02_topology_LCN2",2589,"COL1A2",8.49027404237201e-06,NA,NA,NA
"run02_topology_LCN2",2590,"RYR2",4.78345186669671e-05,NA,NA,NA
"run02_topology_LCN2",2591,"FABP4",8.52242665472236e-05,NA,NA,NA
"run02_topology_LCN2",2592,"SLC6A4",7.25412905625555e-05,NA,NA,NA
"run02_topology_LCN2",2593,"BAX",8.97923976903581e-05,NA,NA,NA
"run02_topology_LCN2",2594,"FURIN",9.05415850372959e-05,NA,NA,NA
"run02_topology_LCN2",2595,"BTK",0.000119272845312435,NA,NA,NA
"run02_topology_LCN2",2596,"RYR2",4.78345186669671e-05,NA,NA,NA
"run02_topology_LCN2",2597,"NPPA",7.28658572474172e-05,NA,NA,NA
"run02_topology_LCN2",2598,"FABP4",8.52242665472236e-05,NA,NA,NA
"run02_topology_LCN2",2599,"NOS2",2.38274351227474e-05,NA,NA,NA
"run02_topology_LCN2",2600,"GRIA1",1.90084712514693e-06,NA,NA,NA
"run02_topology_LCN2",2601,"AKR1C1",5.66614851992275e-05,NA,NA,NA
"run02_topology_LCN2",2602,"ACACA",7.98311027262466e-05,NA,NA,NA
"run02_topology_LCN2",2603,"CYP17A1",3.31356115126358e-05,NA,NA,NA
"run02_topology_LCN2",2604,"AURKA",5.49029298524406e-05,NA,NA,NA
"run02_topology_LCN2",2605,"ALDH1B1",0,NA,NA,NA
"run02_topology_LCN2",2606,"ALDH3A1",7.8987277396747e-05,NA,NA,NA
"run02_topology_LCN2",2607,"NPPA",7.28658572474172e-05,NA,NA,NA
"run02_topology_LCN2",2608,"GLUD1",0.00010300883354164,NA,NA,NA
"run02_topology_LCN2",2609,"ADH5",7.50101523409041e-05,NA,NA,NA
"run02_topology_LCN2",2610,"CACNA1B",0,NA,NA,NA
"run02_topology_LCN2",2611,"BTK",0.000119272845312435,NA,NA,NA
"run02_topology_LCN2",2612,"AKR1D1",0.0010662752740489,NA,NA,NA
"run02_topology_LCN2",2613,"GRIA2",6.42468498274207e-05,NA,NA,NA
"run02_topology_LCN2",2614,"CALR",4.38793673526172e-05,NA,NA,NA
"run02_topology_LCN2",2615,"NFATC1",5.51292228962996e-05,NA,NA,NA
"run02_topology_LCN2",2616,"COL1A2",8.49027404237201e-06,NA,NA,NA
"run02_topology_LCN2",2617,"NDUFS3",7.91874029407724e-05,NA,NA,NA
"run02_topology_LCN2",2618,"RYR1",8.59077355945814e-05,NA,NA,NA
"run02_topology_LCN2",2619,"EIF2S1",0.000110140192739028,NA,NA,NA
"run02_topology_LCN2",2620,"EIF2AK2",0.000116554297583948,NA,NA,NA
"run02_topology_LCN2",2621,"CACNA1B",0,NA,NA,NA
"run02_topology_LCN2",2622,"GLUD1",0.00010300883354164,NA,NA,NA
"run02_topology_LCN2",2623,"CTSD",0.000133066364187417,NA,NA,NA
"run02_topology_LCN2",2624,"FABP4",8.52242665472236e-05,NA,NA,NA
"run02_topology_LCN2",2625,"PRKCZ",0.00127837750571802,NA,NA,NA
"run02_topology_LCN2",2626,"CTSD",0.000133066364187417,NA,NA,NA
"run02_topology_LCN2",2627,"ACACA",7.98311027262466e-05,NA,NA,NA
"run02_topology_LCN2",2628,"ALDH3A1",7.8987277396747e-05,NA,NA,NA
"run02_topology_LCN2",2629,"AKR1D1",0.0010662752740489,NA,NA,NA
"run02_topology_LCN2",2630,"ADH5",7.50101523409041e-05,NA,NA,NA
"run02_topology_LCN2",2631,"FURIN",9.05415850372959e-05,NA,NA,NA
"run02_topology_LCN2",2632,"RASA1",5.55702489675181e-05,NA,NA,NA
"run02_topology_LCN2",2633,"C3",4.60004945984638e-05,NA,NA,NA
"run02_topology_LCN2",2634,"GRIA1",1.90084712514693e-06,NA,NA,NA
"run02_topology_LCN2",2635,"SCN1A",4.8526600018195e-05,NA,NA,NA
"run02_topology_LCN2",2636,"BAX",8.97923976903581e-05,NA,NA,NA
"run02_topology_LCN2",2637,"PPARD",4.39109792027548e-05,NA,NA,NA
"run02_topology_LCN2",2638,"RYR1",8.59077355945814e-05,NA,NA,NA
"run02_topology_LCN2",2639,"PPARD",4.39109792027548e-05,NA,NA,NA
"run02_topology_LCN2",2640,"PPIF",5.98208087934093e-05,NA,NA,NA
"run02_topology_LCN2",2641,"CYP2C19",1.83094707274511e-05,NA,NA,NA
"run02_topology_LCN2",2642,"RASA1",5.55702489675181e-05,NA,NA,NA
"run02_topology_LCN2",2643,"PRKCZ",0.00127837750571802,NA,NA,NA
"run02_topology_LCN2",2644,"CYP2C19",1.83094707274511e-05,NA,NA,NA
"run02_topology_LCN2",2645,"ACTG1",2.72461711825489e-06,NA,NA,NA
"run02_topology_LCN2",2646,"CYP2C19",1.83094707274511e-05,NA,NA,NA
"run02_topology_LCN2",2647,"NPPA",7.28658572474172e-05,NA,NA,NA
"run02_topology_LCN2",2648,"RYR1",8.59077355945814e-05,NA,NA,NA
"run02_topology_LCN2",2649,"CALM2",0,NA,NA,NA
"run02_topology_LCN2",2650,"FURIN",9.05415850372959e-05,NA,NA,NA
"run02_topology_LCN2",2651,"ACE2",6.17806475236016e-05,NA,NA,NA
"run02_topology_LCN2",2652,"ALDH1B1",0,NA,NA,NA
"run02_topology_LCN2",2653,"C3",4.60004945984638e-05,NA,NA,NA
"run02_topology_LCN2",2654,"C3",4.60004945984638e-05,NA,NA,NA
"run02_topology_LCN2",2655,"C3",4.60004945984638e-05,NA,NA,NA
"run02_topology_LCN2",2656,"CTSD",0.000133066364187417,NA,NA,NA
"run02_topology_LCN2",2657,"RYR1",8.59077355945814e-05,NA,NA,NA
"run02_topology_LCN2",2658,"ITGA5",0.00127400659039045,NA,NA,NA
"run02_topology_LCN2",2659,"CALM2",0,NA,NA,NA
"run02_topology_LCN2",2660,"ACE2",6.17806475236016e-05,NA,NA,NA
"run02_topology_LCN2",2661,"AGTR1",7.87895413547623e-05,NA,NA,NA
"run02_topology_LCN2",2662,"NFATC1",5.51292228962996e-05,NA,NA,NA
"run02_topology_LCN2",2663,"CYP17A1",3.31356115126358e-05,NA,NA,NA
"run02_topology_LCN2",2664,"EIF2AK2",0.000116554297583948,NA,NA,NA
"run02_topology_LCN2",2665,"ACTG1",2.72461711825489e-06,NA,NA,NA
"run02_topology_LCN2",2666,"ACE2",6.17806475236016e-05,NA,NA,NA
"run02_topology_LCN2",2667,"ACSL1",4.92269468655993e-05,NA,NA,NA
"run02_topology_LCN2",2668,"ACACA",7.98311027262466e-05,NA,NA,NA
"run02_topology_LCN2",2669,"C3",4.60004945984638e-05,NA,NA,NA
"run02_topology_LCN2",2670,"GOT1",5.88174838508371e-05,NA,NA,NA
"run02_topology_LCN2",2671,"GLUD1",0.00010300883354164,NA,NA,NA
"run02_topology_LCN2",2672,"EIF2AK2",0.000116554297583948,NA,NA,NA
"run02_topology_LCN2",2673,"CYP17A1",3.31356115126358e-05,NA,NA,NA
"run02_topology_LCN2",2674,"DLG1",6.50075176803488e-05,NA,NA,NA
"run02_topology_LCN2",2675,"NFATC1",5.51292228962996e-05,NA,NA,NA
"run02_topology_LCN2",2676,"DLG1",6.50075176803488e-05,NA,NA,NA
"run02_topology_LCN2",2677,"RYR1",8.59077355945814e-05,NA,NA,NA
"run02_topology_LCN2",2678,"VIM",5.2598025607753e-05,NA,NA,NA
"run02_topology_LCN2",2679,"RASA1",5.55702489675181e-05,NA,NA,NA
"run02_topology_LCN2",2680,"C3",4.60004945984638e-05,NA,NA,NA
"run02_topology_LCN2",2681,"SLC6A4",7.25412905625555e-05,NA,NA,NA
"run02_topology_LCN2",2682,"RYR1",8.59077355945814e-05,NA,NA,NA
"run02_topology_LCN2",2683,"GRIA1",1.90084712514693e-06,NA,NA,NA
"run02_topology_LCN2",2684,"CACNA1B",0,NA,NA,NA
"run02_topology_LCN2",2685,"PARK7",5.03123803161643e-05,NA,NA,NA
"run02_topology_LCN2",2686,"KEAP1",8.90865911317151e-05,NA,NA,NA
"run02_topology_LCN2",2687,"ACE2",6.17806475236016e-05,NA,NA,NA
"run02_topology_LCN2",2688,"AKR1D1",0.0010662752740489,NA,NA,NA
"run02_topology_LCN2",2689,"AURKB",0.000100012341094136,NA,NA,NA
"run02_topology_LCN2",2690,"PRKCZ",0.00127837750571802,NA,NA,NA
"run02_topology_LCN2",2691,"FURIN",9.05415850372959e-05,NA,NA,NA
"run02_topology_LCN2",2692,"RYR2",4.78345186669671e-05,NA,NA,NA
"run02_topology_LCN2",2693,"EIF2AK2",0.000116554297583948,NA,NA,NA
"run02_topology_LCN2",2694,"EIF2AK2",0.000116554297583948,NA,NA,NA
"run02_topology_LCN2",2695,"ALDH3A1",7.8987277396747e-05,NA,NA,NA
"run02_topology_LCN2",2696,"ACSL1",4.92269468655993e-05,NA,NA,NA
"run02_topology_LCN2",2697,"GRIA1",1.90084712514693e-06,NA,NA,NA
"run02_topology_LCN2",2698,"ACSL1",4.92269468655993e-05,NA,NA,NA
"run02_topology_LCN2",2699,"NPPA",7.28658572474172e-05,NA,NA,NA
"run02_topology_LCN2",2700,"AGTR1",7.87895413547623e-05,NA,NA,NA
"run02_topology_LCN2",2701,"PPIF",5.98208087934093e-05,NA,NA,NA
"run02_topology_LCN2",2702,"HSD3B2",2.44539251612608e-05,NA,NA,NA
"run02_topology_LCN2",2703,"BAX",8.97923976903581e-05,NA,NA,NA
"run02_topology_LCN2",2704,"ALDH1B1",0,NA,NA,NA
"run02_topology_LCN2",2705,"PPIF",5.98208087934093e-05,NA,NA,NA
"run02_topology_LCN2",2706,"RASA1",5.55702489675181e-05,NA,NA,NA
"run02_topology_LCN2",2707,"COL1A2",8.49027404237201e-06,NA,NA,NA
"run02_topology_LCN2",2708,"BTK",0.000119272845312435,NA,NA,NA
"run02_topology_LCN2",2709,"AKR1D1",0.0010662752740489,NA,NA,NA
"run02_topology_LCN2",2710,"EIF2AK2",0.000116554297583948,NA,NA,NA
"run02_topology_LCN2",2711,"RASA1",5.55702489675181e-05,NA,NA,NA
"run02_topology_LCN2",2712,"CTSD",0.000133066364187417,NA,NA,NA
"run02_topology_LCN2",2713,"FURIN",9.05415850372959e-05,NA,NA,NA
"run02_topology_LCN2",2714,"SLC6A4",7.25412905625555e-05,NA,NA,NA
"run02_topology_LCN2",2715,"ALDH3A1",7.8987277396747e-05,NA,NA,NA
"run02_topology_LCN2",2716,"FABP4",8.52242665472236e-05,NA,NA,NA
"run02_topology_LCN2",2717,"BTK",0.000119272845312435,NA,NA,NA
"run02_topology_LCN2",2718,"CYP2C19",1.83094707274511e-05,NA,NA,NA
"run02_topology_LCN2",2719,"CALM2",0,NA,NA,NA
"run02_topology_LCN2",2720,"CALM2",0,NA,NA,NA
"run02_topology_LCN2",2721,"FURIN",9.05415850372959e-05,NA,NA,NA
"run02_topology_LCN2",2722,"PPARD",4.39109792027548e-05,NA,NA,NA
"run02_topology_LCN2",2723,"CTSD",0.000133066364187417,NA,NA,NA
"run02_topology_LCN2",2724,"AKR1D1",0.0010662752740489,NA,NA,NA
"run02_topology_LCN2",2725,"CACNA1B",0,NA,NA,NA
"run02_topology_LCN2",2726,"AGTR1",7.87895413547623e-05,NA,NA,NA
"run02_topology_LCN2",2727,"NDUFS3",7.91874029407724e-05,NA,NA,NA
"run02_topology_LCN2",2728,"CPT1A",1.49157660161992e-05,NA,NA,NA
"run02_topology_LCN2",2729,"PARK7",5.03123803161643e-05,NA,NA,NA
"run02_topology_LCN2",2730,"SCN1A",4.8526600018195e-05,NA,NA,NA
"run02_topology_LCN2",2731,"AURKB",0.000100012341094136,NA,NA,NA
"run02_topology_LCN2",2732,"KEAP1",8.90865911317151e-05,NA,NA,NA
"run02_topology_LCN2",2733,"GLUD1",0.00010300883354164,NA,NA,NA
"run02_topology_LCN2",2734,"ACSL1",4.92269468655993e-05,NA,NA,NA
"run02_topology_LCN2",2735,"EIF2S1",0.000110140192739028,NA,NA,NA
"run02_topology_LCN2",2736,"GRIA1",1.90084712514693e-06,NA,NA,NA
"run02_topology_LCN2",2737,"RYR1",8.59077355945814e-05,NA,NA,NA
"run02_topology_LCN2",2738,"HSD3B2",2.44539251612608e-05,NA,NA,NA
"run02_topology_LCN2",2739,"CACNA1B",0,NA,NA,NA
"run02_topology_LCN2",2740,"GRIA2",6.42468498274207e-05,NA,NA,NA
"run02_topology_LCN2",2741,"CYP2C19",1.83094707274511e-05,NA,NA,NA
"run02_topology_LCN2",2742,"NOS2",2.38274351227474e-05,NA,NA,NA
"run02_topology_LCN2",2743,"ACTG1",2.72461711825489e-06,NA,NA,NA
"run02_topology_LCN2",2744,"AURKB",0.000100012341094136,NA,NA,NA
"run02_topology_LCN2",2745,"ITGA5",0.00127400659039045,NA,NA,NA
"run02_topology_LCN2",2746,"ALDH3A1",7.8987277396747e-05,NA,NA,NA
"run02_topology_LCN2",2747,"NDUFS3",7.91874029407724e-05,NA,NA,NA
"run02_topology_LCN2",2748,"AKR1C1",5.66614851992275e-05,NA,NA,NA
"run02_topology_LCN2",2749,"CYP2D6",2.95879994604009e-05,NA,NA,NA
"run02_topology_LCN2",2750,"RYR1",8.59077355945814e-05,NA,NA,NA
"run02_topology_LCN2",2751,"AGTR1",7.87895413547623e-05,NA,NA,NA
"run02_topology_LCN2",2752,"GLUD1",0.00010300883354164,NA,NA,NA
"run02_topology_LCN2",2753,"CYP2C19",1.83094707274511e-05,NA,NA,NA
"run02_topology_LCN2",2754,"BAX",8.97923976903581e-05,NA,NA,NA
"run02_topology_LCN2",2755,"NOS2",2.38274351227474e-05,NA,NA,NA
"run02_topology_LCN2",2756,"VIM",5.2598025607753e-05,NA,NA,NA
"run02_topology_LCN2",2757,"RYR1",8.59077355945814e-05,NA,NA,NA
"run02_topology_LCN2",2758,"ALDH1B1",0,NA,NA,NA
"run02_topology_LCN2",2759,"GOT1",5.88174838508371e-05,NA,NA,NA
"run02_topology_LCN2",2760,"BTK",0.000119272845312435,NA,NA,NA
"run02_topology_LCN2",2761,"RYR1",8.59077355945814e-05,NA,NA,NA
"run02_topology_LCN2",2762,"CTSD",0.000133066364187417,NA,NA,NA
"run02_topology_LCN2",2763,"GRIA1",1.90084712514693e-06,NA,NA,NA
"run02_topology_LCN2",2764,"GLUD1",0.00010300883354164,NA,NA,NA
"run02_topology_LCN2",2765,"FURIN",9.05415850372959e-05,NA,NA,NA
"run02_topology_LCN2",2766,"RASA1",5.55702489675181e-05,NA,NA,NA
"run02_topology_LCN2",2767,"GRIA2",6.42468498274207e-05,NA,NA,NA
"run02_topology_LCN2",2768,"ALDH3A1",7.8987277396747e-05,NA,NA,NA
"run02_topology_LCN2",2769,"AURKA",5.49029298524406e-05,NA,NA,NA
"run02_topology_LCN2",2770,"CACNA1B",0,NA,NA,NA
"run02_topology_LCN2",2771,"EIF2S1",0.000110140192739028,NA,NA,NA
"run02_topology_LCN2",2772,"RYR1",8.59077355945814e-05,NA,NA,NA
"run02_topology_LCN2",2773,"SLC6A4",7.25412905625555e-05,NA,NA,NA
"run02_topology_LCN2",2774,"EIF2S1",0.000110140192739028,NA,NA,NA
"run02_topology_LCN2",2775,"ACE2",6.17806475236016e-05,NA,NA,NA
"run02_topology_LCN2",2776,"BTK",0.000119272845312435,NA,NA,NA
"run02_topology_LCN2",2777,"ACE2",6.17806475236016e-05,NA,NA,NA
"run02_topology_LCN2",2778,"CALR",4.38793673526172e-05,NA,NA,NA
"run02_topology_LCN2",2779,"NOS2",2.38274351227474e-05,NA,NA,NA
"run02_topology_LCN2",2780,"EIF2S1",0.000110140192739028,NA,NA,NA
"run02_topology_LCN2",2781,"ACSL1",4.92269468655993e-05,NA,NA,NA
"run02_topology_LCN2",2782,"PRKCZ",0.00127837750571802,NA,NA,NA
"run02_topology_LCN2",2783,"RYR2",4.78345186669671e-05,NA,NA,NA
"run02_topology_LCN2",2784,"CTSD",0.000133066364187417,NA,NA,NA
"run02_topology_LCN2",2785,"CALM2",0,NA,NA,NA
"run02_topology_LCN2",2786,"FABP4",8.52242665472236e-05,NA,NA,NA
"run02_topology_LCN2",2787,"BTK",0.000119272845312435,NA,NA,NA
"run02_topology_LCN2",2788,"ITGA5",0.00127400659039045,NA,NA,NA
"run02_topology_LCN2",2789,"CALR",4.38793673526172e-05,NA,NA,NA
"run02_topology_LCN2",2790,"NPPA",7.28658572474172e-05,NA,NA,NA
"run02_topology_LCN2",2791,"BAX",8.97923976903581e-05,NA,NA,NA
"run02_topology_LCN2",2792,"ALDH3A1",7.8987277396747e-05,NA,NA,NA
"run02_topology_LCN2",2793,"PPIF",5.98208087934093e-05,NA,NA,NA
"run02_topology_LCN2",2794,"FABP4",8.52242665472236e-05,NA,NA,NA
"run02_topology_LCN2",2795,"EIF2S1",0.000110140192739028,NA,NA,NA
"run02_topology_LCN2",2796,"NFATC1",5.51292228962996e-05,NA,NA,NA
"run02_topology_LCN2",2797,"PPIF",5.98208087934093e-05,NA,NA,NA
"run02_topology_LCN2",2798,"AKR1C1",5.66614851992275e-05,NA,NA,NA
"run02_topology_LCN2",2799,"RASA1",5.55702489675181e-05,NA,NA,NA
"run02_topology_LCN2",2800,"BTK",0.000119272845312435,NA,NA,NA
"run02_topology_LCN2",2801,"ACTG1",2.72461711825489e-06,NA,NA,NA
"run02_topology_LCN2",2802,"AKR1D1",0.0010662752740489,NA,NA,NA
"run02_topology_LCN2",2803,"ACACA",7.98311027262466e-05,NA,NA,NA
"run02_topology_LCN2",2804,"SLC6A4",7.25412905625555e-05,NA,NA,NA
"run02_topology_LCN2",2805,"ITGA5",0.00127400659039045,NA,NA,NA
"run02_topology_LCN2",2806,"ALDH1B1",0,NA,NA,NA
"run02_topology_LCN2",2807,"CACNA1B",0,NA,NA,NA
"run02_topology_LCN2",2808,"SCN1A",4.8526600018195e-05,NA,NA,NA
"run02_topology_LCN2",2809,"RYR1",8.59077355945814e-05,NA,NA,NA
"run02_topology_LCN2",2810,"VIM",5.2598025607753e-05,NA,NA,NA
"run02_topology_LCN2",2811,"GLUD1",0.00010300883354164,NA,NA,NA
"run02_topology_LCN2",2812,"GRIA1",1.90084712514693e-06,NA,NA,NA
"run02_topology_LCN2",2813,"PARK7",5.03123803161643e-05,NA,NA,NA
"run02_topology_LCN2",2814,"FURIN",9.05415850372959e-05,NA,NA,NA
"run02_topology_LCN2",2815,"CACNA1B",0,NA,NA,NA
"run02_topology_LCN2",2816,"PPARD",4.39109792027548e-05,NA,NA,NA
"run02_topology_LCN2",2817,"BAX",8.97923976903581e-05,NA,NA,NA
"run02_topology_LCN2",2818,"NPPA",7.28658572474172e-05,NA,NA,NA
"run02_topology_LCN2",2819,"PPARD",4.39109792027548e-05,NA,NA,NA
"run02_topology_LCN2",2820,"CYP2C19",1.83094707274511e-05,NA,NA,NA
"run02_topology_LCN2",2821,"SCN1A",4.8526600018195e-05,NA,NA,NA
"run02_topology_LCN2",2822,"NOS2",2.38274351227474e-05,NA,NA,NA
"run02_topology_LCN2",2823,"NPPA",7.28658572474172e-05,NA,NA,NA
"run02_topology_LCN2",2824,"ACTG1",2.72461711825489e-06,NA,NA,NA
"run02_topology_LCN2",2825,"SLC6A4",7.25412905625555e-05,NA,NA,NA
"run02_topology_LCN2",2826,"EIF2AK2",0.000116554297583948,NA,NA,NA
"run02_topology_LCN2",2827,"AKR1C1",5.66614851992275e-05,NA,NA,NA
"run02_topology_LCN2",2828,"CYP2C19",1.83094707274511e-05,NA,NA,NA
"run02_topology_LCN2",2829,"ACACA",7.98311027262466e-05,NA,NA,NA
"run02_topology_LCN2",2830,"AGTR1",7.87895413547623e-05,NA,NA,NA
"run02_topology_LCN2",2831,"AURKA",5.49029298524406e-05,NA,NA,NA
"run02_topology_LCN2",2832,"SLC6A4",7.25412905625555e-05,NA,NA,NA
"run02_topology_LCN2",2833,"KEAP1",8.90865911317151e-05,NA,NA,NA
"run02_topology_LCN2",2834,"HSD3B2",2.44539251612608e-05,NA,NA,NA
"run02_topology_LCN2",2835,"CTSD",0.000133066364187417,NA,NA,NA
"run02_topology_LCN2",2836,"ACE2",6.17806475236016e-05,NA,NA,NA
"run02_topology_LCN2",2837,"VIM",5.2598025607753e-05,NA,NA,NA
"run02_topology_LCN2",2838,"CYP2C19",1.83094707274511e-05,NA,NA,NA
"run02_topology_LCN2",2839,"CYP2D6",2.95879994604009e-05,NA,NA,NA
"run02_topology_LCN2",2840,"EIF2S1",0.000110140192739028,NA,NA,NA
"run02_topology_LCN2",2841,"SLC6A4",7.25412905625555e-05,NA,NA,NA
"run02_topology_LCN2",2842,"RASA1",5.55702489675181e-05,NA,NA,NA
"run02_topology_LCN2",2843,"CYP2D6",2.95879994604009e-05,NA,NA,NA
"run02_topology_LCN2",2844,"CYP2D6",2.95879994604009e-05,NA,NA,NA
"run02_topology_LCN2",2845,"AURKB",0.000100012341094136,NA,NA,NA
"run02_topology_LCN2",2846,"EIF2S1",0.000110140192739028,NA,NA,NA
"run02_topology_LCN2",2847,"ALDH3A1",7.8987277396747e-05,NA,NA,NA
"run02_topology_LCN2",2848,"COL1A2",8.49027404237201e-06,NA,NA,NA
"run02_topology_LCN2",2849,"SCN1A",4.8526600018195e-05,NA,NA,NA
"run02_topology_LCN2",2850,"PPIF",5.98208087934093e-05,NA,NA,NA
"run02_topology_LCN2",2851,"BAX",8.97923976903581e-05,NA,NA,NA
"run02_topology_LCN2",2852,"KEAP1",8.90865911317151e-05,NA,NA,NA
"run02_topology_LCN2",2853,"ALDH3A1",7.8987277396747e-05,NA,NA,NA
"run02_topology_LCN2",2854,"PARK7",5.03123803161643e-05,NA,NA,NA
"run02_topology_LCN2",2855,"SLC6A4",7.25412905625555e-05,NA,NA,NA
"run02_topology_LCN2",2856,"CALM2",0,NA,NA,NA
"run02_topology_LCN2",2857,"CALR",4.38793673526172e-05,NA,NA,NA
"run02_topology_LCN2",2858,"GOT1",5.88174838508371e-05,NA,NA,NA
"run02_topology_LCN2",2859,"AURKB",0.000100012341094136,NA,NA,NA
"run02_topology_LCN2",2860,"ADH5",7.50101523409041e-05,NA,NA,NA
"run02_topology_LCN2",2861,"CALR",4.38793673526172e-05,NA,NA,NA
"run02_topology_LCN2",2862,"SLC6A4",7.25412905625555e-05,NA,NA,NA
"run02_topology_LCN2",2863,"CTSD",0.000133066364187417,NA,NA,NA
"run02_topology_LCN2",2864,"AURKA",5.49029298524406e-05,NA,NA,NA
"run02_topology_LCN2",2865,"PRKCZ",0.00127837750571802,NA,NA,NA
"run02_topology_LCN2",2866,"ACSL1",4.92269468655993e-05,NA,NA,NA
"run02_topology_LCN2",2867,"ACACA",7.98311027262466e-05,NA,NA,NA
"run02_topology_LCN2",2868,"BTK",0.000119272845312435,NA,NA,NA
"run02_topology_LCN2",2869,"ALDH3A1",7.8987277396747e-05,NA,NA,NA
"run02_topology_LCN2",2870,"FURIN",9.05415850372959e-05,NA,NA,NA
"run02_topology_LCN2",2871,"ACE2",6.17806475236016e-05,NA,NA,NA
"run02_topology_LCN2",2872,"AKR1C1",5.66614851992275e-05,NA,NA,NA
"run02_topology_LCN2",2873,"CACNA1B",0,NA,NA,NA
"run02_topology_LCN2",2874,"GLUD1",0.00010300883354164,NA,NA,NA
"run02_topology_LCN2",2875,"CYP2C19",1.83094707274511e-05,NA,NA,NA
"run02_topology_LCN2",2876,"RASA1",5.55702489675181e-05,NA,NA,NA
"run02_topology_LCN2",2877,"NFATC1",5.51292228962996e-05,NA,NA,NA
"run02_topology_LCN2",2878,"AGTR1",7.87895413547623e-05,NA,NA,NA
"run02_topology_LCN2",2879,"BTK",0.000119272845312435,NA,NA,NA
"run02_topology_LCN2",2880,"GOT1",5.88174838508371e-05,NA,NA,NA
"run02_topology_LCN2",2881,"CYP2C19",1.83094707274511e-05,NA,NA,NA
"run02_topology_LCN2",2882,"ALDH1B1",0,NA,NA,NA
"run02_topology_LCN2",2883,"DLG1",6.50075176803488e-05,NA,NA,NA
"run02_topology_LCN2",2884,"SLC6A4",7.25412905625555e-05,NA,NA,NA
"run02_topology_LCN2",2885,"EIF2S1",0.000110140192739028,NA,NA,NA
"run02_topology_LCN2",2886,"GRIA1",1.90084712514693e-06,NA,NA,NA
"run02_topology_LCN2",2887,"CYP2C19",1.83094707274511e-05,NA,NA,NA
"run02_topology_LCN2",2888,"HSD3B2",2.44539251612608e-05,NA,NA,NA
"run02_topology_LCN2",2889,"GOT1",5.88174838508371e-05,NA,NA,NA
"run02_topology_LCN2",2890,"RYR1",8.59077355945814e-05,NA,NA,NA
"run02_topology_LCN2",2891,"ALDH3A1",7.8987277396747e-05,NA,NA,NA
"run02_topology_LCN2",2892,"PRKCZ",0.00127837750571802,NA,NA,NA
"run02_topology_LCN2",2893,"SCN1A",4.8526600018195e-05,NA,NA,NA
"run02_topology_LCN2",2894,"RYR2",4.78345186669671e-05,NA,NA,NA
"run02_topology_LCN2",2895,"BAX",8.97923976903581e-05,NA,NA,NA
"run02_topology_LCN2",2896,"NFATC1",5.51292228962996e-05,NA,NA,NA
"run02_topology_LCN2",2897,"COL1A2",8.49027404237201e-06,NA,NA,NA
"run02_topology_LCN2",2898,"SCN1A",4.8526600018195e-05,NA,NA,NA
"run02_topology_LCN2",2899,"CYP17A1",3.31356115126358e-05,NA,NA,NA
"run02_topology_LCN2",2900,"PARK7",5.03123803161643e-05,NA,NA,NA
"run02_topology_LCN2",2901,"ADH5",7.50101523409041e-05,NA,NA,NA
"run02_topology_LCN2",2902,"GRIA2",6.42468498274207e-05,NA,NA,NA
"run02_topology_LCN2",2903,"AGTR1",7.87895413547623e-05,NA,NA,NA
"run02_topology_LCN2",2904,"ACE2",6.17806475236016e-05,NA,NA,NA
"run02_topology_LCN2",2905,"CYP17A1",3.31356115126358e-05,NA,NA,NA
"run02_topology_LCN2",2906,"SCN1A",4.8526600018195e-05,NA,NA,NA
"run02_topology_LCN2",2907,"RASA1",5.55702489675181e-05,NA,NA,NA
"run02_topology_LCN2",2908,"ACSL1",4.92269468655993e-05,NA,NA,NA
"run02_topology_LCN2",2909,"ALDH3A1",7.8987277396747e-05,NA,NA,NA
"run02_topology_LCN2",2910,"FURIN",9.05415850372959e-05,NA,NA,NA
"run02_topology_LCN2",2911,"CACNA1B",0,NA,NA,NA
"run02_topology_LCN2",2912,"GRIA1",1.90084712514693e-06,NA,NA,NA
"run02_topology_LCN2",2913,"ADH5",7.50101523409041e-05,NA,NA,NA
"run02_topology_LCN2",2914,"ACE2",6.17806475236016e-05,NA,NA,NA
"run02_topology_LCN2",2915,"ACSL1",4.92269468655993e-05,NA,NA,NA
"run02_topology_LCN2",2916,"NOS2",2.38274351227474e-05,NA,NA,NA
"run02_topology_LCN2",2917,"ACE2",6.17806475236016e-05,NA,NA,NA
"run02_topology_LCN2",2918,"C3",4.60004945984638e-05,NA,NA,NA
"run02_topology_LCN2",2919,"AGTR1",7.87895413547623e-05,NA,NA,NA
"run02_topology_LCN2",2920,"NDUFS3",7.91874029407724e-05,NA,NA,NA
"run02_topology_LCN2",2921,"RYR1",8.59077355945814e-05,NA,NA,NA
"run02_topology_LCN2",2922,"AGTR1",7.87895413547623e-05,NA,NA,NA
"run02_topology_LCN2",2923,"C3",4.60004945984638e-05,NA,NA,NA
"run02_topology_LCN2",2924,"RYR2",4.78345186669671e-05,NA,NA,NA
"run02_topology_LCN2",2925,"AGTR1",7.87895413547623e-05,NA,NA,NA
"run02_topology_LCN2",2926,"ALDH1B1",0,NA,NA,NA
"run02_topology_LCN2",2927,"AKR1D1",0.0010662752740489,NA,NA,NA
"run02_topology_LCN2",2928,"C3",4.60004945984638e-05,NA,NA,NA
"run02_topology_LCN2",2929,"FURIN",9.05415850372959e-05,NA,NA,NA
"run02_topology_LCN2",2930,"AURKA",5.49029298524406e-05,NA,NA,NA
"run02_topology_LCN2",2931,"BAX",8.97923976903581e-05,NA,NA,NA
"run02_topology_LCN2",2932,"AURKA",5.49029298524406e-05,NA,NA,NA
"run02_topology_LCN2",2933,"AKR1C1",5.66614851992275e-05,NA,NA,NA
"run02_topology_LCN2",2934,"FABP4",8.52242665472236e-05,NA,NA,NA
"run02_topology_LCN2",2935,"CYP17A1",3.31356115126358e-05,NA,NA,NA
"run02_topology_LCN2",2936,"RASA1",5.55702489675181e-05,NA,NA,NA
"run02_topology_LCN2",2937,"PRKCZ",0.00127837750571802,NA,NA,NA
"run02_topology_LCN2",2938,"ALDH1B1",0,NA,NA,NA
"run02_topology_LCN2",2939,"EIF2S1",0.000110140192739028,NA,NA,NA
"run02_topology_LCN2",2940,"ADH5",7.50101523409041e-05,NA,NA,NA
"run02_topology_LCN2",2941,"ITGA5",0.00127400659039045,NA,NA,NA
"run02_topology_LCN2",2942,"AKR1C1",5.66614851992275e-05,NA,NA,NA
"run02_topology_LCN2",2943,"HSD3B2",2.44539251612608e-05,NA,NA,NA
"run02_topology_LCN2",2944,"NFATC1",5.51292228962996e-05,NA,NA,NA
"run02_topology_LCN2",2945,"PRKCZ",0.00127837750571802,NA,NA,NA
"run02_topology_LCN2",2946,"PARK7",5.03123803161643e-05,NA,NA,NA
"run02_topology_LCN2",2947,"ADH5",7.50101523409041e-05,NA,NA,NA
"run02_topology_LCN2",2948,"GLUD1",0.00010300883354164,NA,NA,NA
"run02_topology_LCN2",2949,"ADH5",7.50101523409041e-05,NA,NA,NA
"run02_topology_LCN2",2950,"BTK",0.000119272845312435,NA,NA,NA
"run02_topology_LCN2",2951,"CYP2D6",2.95879994604009e-05,NA,NA,NA
"run02_topology_LCN2",2952,"ACE2",6.17806475236016e-05,NA,NA,NA
"run02_topology_LCN2",2953,"NFATC1",5.51292228962996e-05,NA,NA,NA
"run02_topology_LCN2",2954,"ACE2",6.17806475236016e-05,NA,NA,NA
"run02_topology_LCN2",2955,"GRIA1",1.90084712514693e-06,NA,NA,NA
"run02_topology_LCN2",2956,"GLUD1",0.00010300883354164,NA,NA,NA
"run02_topology_LCN2",2957,"KEAP1",8.90865911317151e-05,NA,NA,NA
"run02_topology_LCN2",2958,"COL1A2",8.49027404237201e-06,NA,NA,NA
"run02_topology_LCN2",2959,"HSD3B2",2.44539251612608e-05,NA,NA,NA
"run02_topology_LCN2",2960,"PRKCZ",0.00127837750571802,NA,NA,NA
"run02_topology_LCN2",2961,"CTSD",0.000133066364187417,NA,NA,NA
"run02_topology_LCN2",2962,"NFATC1",5.51292228962996e-05,NA,NA,NA
"run02_topology_LCN2",2963,"CPT1A",1.49157660161992e-05,NA,NA,NA
"run02_topology_LCN2",2964,"COL1A2",8.49027404237201e-06,NA,NA,NA
"run02_topology_LCN2",2965,"RYR1",8.59077355945814e-05,NA,NA,NA
"run02_topology_LCN2",2966,"RYR1",8.59077355945814e-05,NA,NA,NA
"run02_topology_LCN2",2967,"FURIN",9.05415850372959e-05,NA,NA,NA
"run02_topology_LCN2",2968,"DLG1",6.50075176803488e-05,NA,NA,NA
"run02_topology_LCN2",2969,"AURKB",0.000100012341094136,NA,NA,NA
"run02_topology_LCN2",2970,"CALR",4.38793673526172e-05,NA,NA,NA
"run02_topology_LCN2",2971,"FURIN",9.05415850372959e-05,NA,NA,NA
"run02_topology_LCN2",2972,"ALDH3A1",7.8987277396747e-05,NA,NA,NA
"run02_topology_LCN2",2973,"PRKCZ",0.00127837750571802,NA,NA,NA
"run02_topology_LCN2",2974,"ACACA",7.98311027262466e-05,NA,NA,NA
"run02_topology_LCN2",2975,"FURIN",9.05415850372959e-05,NA,NA,NA
"run02_topology_LCN2",2976,"RASA1",5.55702489675181e-05,NA,NA,NA
"run02_topology_LCN2",2977,"NDUFS3",7.91874029407724e-05,NA,NA,NA
"run02_topology_LCN2",2978,"CPT1A",1.49157660161992e-05,NA,NA,NA
"run02_topology_LCN2",2979,"PARK7",5.03123803161643e-05,NA,NA,NA
"run02_topology_LCN2",2980,"PRKCZ",0.00127837750571802,NA,NA,NA
"run02_topology_LCN2",2981,"ACSL1",4.92269468655993e-05,NA,NA,NA
"run02_topology_LCN2",2982,"HSD3B2",2.44539251612608e-05,NA,NA,NA
"run02_topology_LCN2",2983,"NPPA",7.28658572474172e-05,NA,NA,NA
"run02_topology_LCN2",2984,"AGTR1",7.87895413547623e-05,NA,NA,NA
"run02_topology_LCN2",2985,"EIF2S1",0.000110140192739028,NA,NA,NA
"run02_topology_LCN2",2986,"PPIF",5.98208087934093e-05,NA,NA,NA
"run02_topology_LCN2",2987,"CALR",4.38793673526172e-05,NA,NA,NA
"run02_topology_LCN2",2988,"ALDH1B1",0,NA,NA,NA
"run02_topology_LCN2",2989,"CYP2C19",1.83094707274511e-05,NA,NA,NA
"run02_topology_LCN2",2990,"ACACA",7.98311027262466e-05,NA,NA,NA
"run02_topology_LCN2",2991,"PRKCZ",0.00127837750571802,NA,NA,NA
"run02_topology_LCN2",2992,"EIF2AK2",0.000116554297583948,NA,NA,NA
"run02_topology_LCN2",2993,"NFATC1",5.51292228962996e-05,NA,NA,NA
"run02_topology_LCN2",2994,"ALDH1B1",0,NA,NA,NA
"run02_topology_LCN2",2995,"CACNA1B",0,NA,NA,NA
"run02_topology_LCN2",2996,"PPARD",4.39109792027548e-05,NA,NA,NA
"run02_topology_LCN2",2997,"GOT1",5.88174838508371e-05,NA,NA,NA
"run02_topology_LCN2",2998,"NPPA",7.28658572474172e-05,NA,NA,NA
"run02_topology_LCN2",2999,"NDUFS3",7.91874029407724e-05,NA,NA,NA
"run02_topology_LCN2",3000,"GLUD1",0.00010300883354164,NA,NA,NA
"run02_topology_LCN2",3001,"SCN1A",4.8526600018195e-05,NA,NA,NA
"run02_topology_LCN2",3002,"PPARD",4.39109792027548e-05,NA,NA,NA
"run02_topology_LCN2",3003,"GRIA2",6.42468498274207e-05,NA,NA,NA
"run02_topology_LCN2",3004,"CTSD",0.000133066364187417,NA,NA,NA
"run02_topology_LCN2",3005,"RYR2",4.78345186669671e-05,NA,NA,NA
"run02_topology_LCN2",3006,"NOS2",2.38274351227474e-05,NA,NA,NA
"run02_topology_LCN2",3007,"CALR",4.38793673526172e-05,NA,NA,NA
"run02_topology_LCN2",3008,"ACSL1",4.92269468655993e-05,NA,NA,NA
"run02_topology_LCN2",3009,"BAX",8.97923976903581e-05,NA,NA,NA
"run02_topology_LCN2",3010,"COL1A2",8.49027404237201e-06,NA,NA,NA
"run02_topology_LCN2",3011,"ITGA5",0.00127400659039045,NA,NA,NA
"run02_topology_LCN2",3012,"AURKB",0.000100012341094136,NA,NA,NA
"run02_topology_LCN2",3013,"SCN1A",4.8526600018195e-05,NA,NA,NA
"run02_topology_LCN2",3014,"GOT1",5.88174838508371e-05,NA,NA,NA
"run02_topology_LCN2",3015,"SLC6A4",7.25412905625555e-05,NA,NA,NA
"run02_topology_LCN2",3016,"COL1A2",8.49027404237201e-06,NA,NA,NA
"run02_topology_LCN2",3017,"NPPA",7.28658572474172e-05,NA,NA,NA
"run02_topology_LCN2",3018,"PPARD",4.39109792027548e-05,NA,NA,NA
"run02_topology_LCN2",3019,"C3",4.60004945984638e-05,NA,NA,NA
"run02_topology_LCN2",3020,"ACACA",7.98311027262466e-05,NA,NA,NA
"run02_topology_LCN2",3021,"CALR",4.38793673526172e-05,NA,NA,NA
"run02_topology_LCN2",3022,"AURKA",5.49029298524406e-05,NA,NA,NA
"run02_topology_LCN2",3023,"AKR1C1",5.66614851992275e-05,NA,NA,NA
"run02_topology_LCN2",3024,"GLUD1",0.00010300883354164,NA,NA,NA
"run02_topology_LCN2",3025,"ACE2",6.17806475236016e-05,NA,NA,NA
"run02_topology_LCN2",3026,"AKR1C1",5.66614851992275e-05,NA,NA,NA
"run02_topology_LCN2",3027,"DLG1",6.50075176803488e-05,NA,NA,NA
"run02_topology_LCN2",3028,"DLG1",6.50075176803488e-05,NA,NA,NA
"run02_topology_LCN2",3029,"ACE2",6.17806475236016e-05,NA,NA,NA
"run02_topology_LCN2",3030,"HSD3B2",2.44539251612608e-05,NA,NA,NA
"run02_topology_LCN2",3031,"CACNA1B",0,NA,NA,NA
"run02_topology_LCN2",3032,"VIM",5.2598025607753e-05,NA,NA,NA
"run02_topology_LCN2",3033,"EIF2AK2",0.000116554297583948,NA,NA,NA
"run02_topology_LCN2",3034,"ALDH1B1",0,NA,NA,NA
"run02_topology_LCN2",3035,"C3",4.60004945984638e-05,NA,NA,NA
"run02_topology_LCN2",3036,"ADH5",7.50101523409041e-05,NA,NA,NA
"run02_topology_LCN2",3037,"EIF2S1",0.000110140192739028,NA,NA,NA
"run02_topology_LCN2",3038,"NDUFS3",7.91874029407724e-05,NA,NA,NA
"run02_topology_LCN2",3039,"PARK7",5.03123803161643e-05,NA,NA,NA
"run02_topology_LCN2",3040,"AKR1C1",5.66614851992275e-05,NA,NA,NA
"run02_topology_LCN2",3041,"HSD3B2",2.44539251612608e-05,NA,NA,NA
"run02_topology_LCN2",3042,"PARK7",5.03123803161643e-05,NA,NA,NA
"run02_topology_LCN2",3043,"GRIA1",1.90084712514693e-06,NA,NA,NA
"run02_topology_LCN2",3044,"ITGA5",0.00127400659039045,NA,NA,NA
"run02_topology_LCN2",3045,"GLUD1",0.00010300883354164,NA,NA,NA
"run02_topology_LCN2",3046,"DLG1",6.50075176803488e-05,NA,NA,NA
"run02_topology_LCN2",3047,"COL1A2",8.49027404237201e-06,NA,NA,NA
"run02_topology_LCN2",3048,"ACE2",6.17806475236016e-05,NA,NA,NA
"run02_topology_LCN2",3049,"AKR1C1",5.66614851992275e-05,NA,NA,NA
"run02_topology_LCN2",3050,"CALM2",0,NA,NA,NA
"run02_topology_LCN2",3051,"SLC6A4",7.25412905625555e-05,NA,NA,NA
"run02_topology_LCN2",3052,"FURIN",9.05415850372959e-05,NA,NA,NA
"run02_topology_LCN2",3053,"FURIN",9.05415850372959e-05,NA,NA,NA
"run02_topology_LCN2",3054,"BAX",8.97923976903581e-05,NA,NA,NA
"run02_topology_LCN2",3055,"ACE2",6.17806475236016e-05,NA,NA,NA
"run02_topology_LCN2",3056,"EIF2S1",0.000110140192739028,NA,NA,NA
"run02_topology_LCN2",3057,"GRIA1",1.90084712514693e-06,NA,NA,NA
"run02_topology_LCN2",3058,"PPIF",5.98208087934093e-05,NA,NA,NA
"run02_topology_LCN2",3059,"BAX",8.97923976903581e-05,NA,NA,NA
"run02_topology_LCN2",3060,"HSD3B2",2.44539251612608e-05,NA,NA,NA
"run02_topology_LCN2",3061,"COL1A2",8.49027404237201e-06,NA,NA,NA
"run02_topology_LCN2",3062,"AKR1D1",0.0010662752740489,NA,NA,NA
"run02_topology_LCN2",3063,"AURKB",0.000100012341094136,NA,NA,NA
"run02_topology_LCN2",3064,"RASA1",5.55702489675181e-05,NA,NA,NA
"run02_topology_LCN2",3065,"SLC6A4",7.25412905625555e-05,NA,NA,NA
"run02_topology_LCN2",3066,"NFATC1",5.51292228962996e-05,NA,NA,NA
"run02_topology_LCN2",3067,"EIF2S1",0.000110140192739028,NA,NA,NA
"run02_topology_LCN2",3068,"FURIN",9.05415850372959e-05,NA,NA,NA
"run02_topology_LCN2",3069,"CACNA1B",0,NA,NA,NA
"run02_topology_LCN2",3070,"CYP17A1",3.31356115126358e-05,NA,NA,NA
"run02_topology_LCN2",3071,"CYP2C19",1.83094707274511e-05,NA,NA,NA
"run02_topology_LCN2",3072,"GRIA2",6.42468498274207e-05,NA,NA,NA
"run02_topology_LCN2",3073,"BTK",0.000119272845312435,NA,NA,NA
"run02_topology_LCN2",3074,"ITGA5",0.00127400659039045,NA,NA,NA
"run02_topology_LCN2",3075,"PARK7",5.03123803161643e-05,NA,NA,NA
"run02_topology_LCN2",3076,"CACNA1B",0,NA,NA,NA
"run02_topology_LCN2",3077,"RASA1",5.55702489675181e-05,NA,NA,NA
"run02_topology_LCN2",3078,"SCN1A",4.8526600018195e-05,NA,NA,NA
"run02_topology_LCN2",3079,"BTK",0.000119272845312435,NA,NA,NA
"run02_topology_LCN2",3080,"AURKB",0.000100012341094136,NA,NA,NA
"run02_topology_LCN2",3081,"ACE2",6.17806475236016e-05,NA,NA,NA
"run02_topology_LCN2",3082,"AURKB",0.000100012341094136,NA,NA,NA
"run02_topology_LCN2",3083,"COL1A2",8.49027404237201e-06,NA,NA,NA
"run02_topology_LCN2",3084,"AGTR1",7.87895413547623e-05,NA,NA,NA
"run02_topology_LCN2",3085,"COL1A2",8.49027404237201e-06,NA,NA,NA
"run02_topology_LCN2",3086,"ACSL1",4.92269468655993e-05,NA,NA,NA
"run02_topology_LCN2",3087,"SCN1A",4.8526600018195e-05,NA,NA,NA
"run02_topology_LCN2",3088,"PRKCZ",0.00127837750571802,NA,NA,NA
"run02_topology_LCN2",3089,"NFATC1",5.51292228962996e-05,NA,NA,NA
"run02_topology_LCN2",3090,"GOT1",5.88174838508371e-05,NA,NA,NA
"run02_topology_LCN2",3091,"NDUFS3",7.91874029407724e-05,NA,NA,NA
"run02_topology_LCN2",3092,"EIF2S1",0.000110140192739028,NA,NA,NA
"run02_topology_LCN2",3093,"ALDH1B1",0,NA,NA,NA
"run02_topology_LCN2",3094,"PRKCZ",0.00127837750571802,NA,NA,NA
"run02_topology_LCN2",3095,"FURIN",9.05415850372959e-05,NA,NA,NA
"run02_topology_LCN2",3096,"AURKA",5.49029298524406e-05,NA,NA,NA
"run02_topology_LCN2",3097,"PPIF",5.98208087934093e-05,NA,NA,NA
"run02_topology_LCN2",3098,"BTK",0.000119272845312435,NA,NA,NA
"run02_topology_LCN2",3099,"PPIF",5.98208087934093e-05,NA,NA,NA
"run02_topology_LCN2",3100,"GOT1",5.88174838508371e-05,NA,NA,NA
"run02_topology_LCN2",3101,"CYP17A1",3.31356115126358e-05,NA,NA,NA
"run02_topology_LCN2",3102,"PPIF",5.98208087934093e-05,NA,NA,NA
"run02_topology_LCN2",3103,"RYR2",4.78345186669671e-05,NA,NA,NA
"run02_topology_LCN2",3104,"CYP2C19",1.83094707274511e-05,NA,NA,NA
"run02_topology_LCN2",3105,"AGTR1",7.87895413547623e-05,NA,NA,NA
"run02_topology_LCN2",3106,"AKR1C1",5.66614851992275e-05,NA,NA,NA
"run02_topology_LCN2",3107,"CACNA1B",0,NA,NA,NA
"run02_topology_LCN2",3108,"GOT1",5.88174838508371e-05,NA,NA,NA
"run02_topology_LCN2",3109,"PPARD",4.39109792027548e-05,NA,NA,NA
"run02_topology_LCN2",3110,"ACACA",7.98311027262466e-05,NA,NA,NA
"run02_topology_LCN2",3111,"FURIN",9.05415850372959e-05,NA,NA,NA
"run02_topology_LCN2",3112,"CYP17A1",3.31356115126358e-05,NA,NA,NA
"run02_topology_LCN2",3113,"CYP2D6",2.95879994604009e-05,NA,NA,NA
"run02_topology_LCN2",3114,"PRKCZ",0.00127837750571802,NA,NA,NA
"run02_topology_LCN2",3115,"ACSL1",4.92269468655993e-05,NA,NA,NA
"run02_topology_LCN2",3116,"BAX",8.97923976903581e-05,NA,NA,NA
"run02_topology_LCN2",3117,"GRIA2",6.42468498274207e-05,NA,NA,NA
"run02_topology_LCN2",3118,"NPPA",7.28658572474172e-05,NA,NA,NA
"run02_topology_LCN2",3119,"DLG1",6.50075176803488e-05,NA,NA,NA
"run02_topology_LCN2",3120,"RASA1",5.55702489675181e-05,NA,NA,NA
"run02_topology_LCN2",3121,"AURKA",5.49029298524406e-05,NA,NA,NA
"run02_topology_LCN2",3122,"BTK",0.000119272845312435,NA,NA,NA
"run02_topology_LCN2",3123,"NFATC1",5.51292228962996e-05,NA,NA,NA
"run02_topology_LCN2",3124,"ITGA5",0.00127400659039045,NA,NA,NA
"run02_topology_LCN2",3125,"AKR1D1",0.0010662752740489,NA,NA,NA
"run02_topology_LCN2",3126,"ACTG1",2.72461711825489e-06,NA,NA,NA
"run02_topology_LCN2",3127,"AURKB",0.000100012341094136,NA,NA,NA
"run02_topology_LCN2",3128,"GRIA1",1.90084712514693e-06,NA,NA,NA
"run02_topology_LCN2",3129,"AURKB",0.000100012341094136,NA,NA,NA
"run02_topology_LCN2",3130,"ACE2",6.17806475236016e-05,NA,NA,NA
"run02_topology_LCN2",3131,"BTK",0.000119272845312435,NA,NA,NA
"run02_topology_LCN2",3132,"CACNA1B",0,NA,NA,NA
"run02_topology_LCN2",3133,"PRKCZ",0.00127837750571802,NA,NA,NA
"run02_topology_LCN2",3134,"SLC6A4",7.25412905625555e-05,NA,NA,NA
"run02_topology_LCN2",3135,"CTSD",0.000133066364187417,NA,NA,NA
"run02_topology_LCN2",3136,"CYP17A1",3.31356115126358e-05,NA,NA,NA
"run02_topology_LCN2",3137,"FURIN",9.05415850372959e-05,NA,NA,NA
"run02_topology_LCN2",3138,"GOT1",5.88174838508371e-05,NA,NA,NA
"run02_topology_LCN2",3139,"GRIA1",1.90084712514693e-06,NA,NA,NA
"run02_topology_LCN2",3140,"GRIA2",6.42468498274207e-05,NA,NA,NA
"run02_topology_LCN2",3141,"VIM",5.2598025607753e-05,NA,NA,NA
"run02_topology_LCN2",3142,"BAX",8.97923976903581e-05,NA,NA,NA
"run02_topology_LCN2",3143,"PRKCZ",0.00127837750571802,NA,NA,NA
"run02_topology_LCN2",3144,"FABP4",8.52242665472236e-05,NA,NA,NA
"run02_topology_LCN2",3145,"ADH5",7.50101523409041e-05,NA,NA,NA
"run02_topology_LCN2",3146,"ACSL1",4.92269468655993e-05,NA,NA,NA
"run02_topology_LCN2",3147,"KEAP1",8.90865911317151e-05,NA,NA,NA
"run02_topology_LCN2",3148,"ALDH1B1",0,NA,NA,NA
"run02_topology_LCN2",3149,"COL1A2",8.49027404237201e-06,NA,NA,NA
"run02_topology_LCN2",3150,"VIM",5.2598025607753e-05,NA,NA,NA
"run02_topology_LCN2",3151,"NDUFS3",7.91874029407724e-05,NA,NA,NA
"run02_topology_LCN2",3152,"RASA1",5.55702489675181e-05,NA,NA,NA
"run02_topology_LCN2",3153,"RYR2",4.78345186669671e-05,NA,NA,NA
"run02_topology_LCN2",3154,"CYP17A1",3.31356115126358e-05,NA,NA,NA
"run02_topology_LCN2",3155,"RYR2",4.78345186669671e-05,NA,NA,NA
"run02_topology_LCN2",3156,"ITGA5",0.00127400659039045,NA,NA,NA
"run02_topology_LCN2",3157,"CALM2",0,NA,NA,NA
"run02_topology_LCN2",3158,"BTK",0.000119272845312435,NA,NA,NA
"run02_topology_LCN2",3159,"HSD3B2",2.44539251612608e-05,NA,NA,NA
"run02_topology_LCN2",3160,"BAX",8.97923976903581e-05,NA,NA,NA
"run02_topology_LCN2",3161,"ADH5",7.50101523409041e-05,NA,NA,NA
"run02_topology_LCN2",3162,"ACE2",6.17806475236016e-05,NA,NA,NA
"run02_topology_LCN2",3163,"CALM2",0,NA,NA,NA
"run02_topology_LCN2",3164,"CACNA1B",0,NA,NA,NA
"run02_topology_LCN2",3165,"PRKCZ",0.00127837750571802,NA,NA,NA
"run02_topology_LCN2",3166,"FABP4",8.52242665472236e-05,NA,NA,NA
"run02_topology_LCN2",3167,"PPARD",4.39109792027548e-05,NA,NA,NA
"run02_topology_LCN2",3168,"CALM2",0,NA,NA,NA
"run02_topology_LCN2",3169,"ACSL1",4.92269468655993e-05,NA,NA,NA
"run02_topology_LCN2",3170,"BAX",8.97923976903581e-05,NA,NA,NA
"run02_topology_LCN2",3171,"ALDH3A1",7.8987277396747e-05,NA,NA,NA
"run02_topology_LCN2",3172,"GOT1",5.88174838508371e-05,NA,NA,NA
"run02_topology_LCN2",3173,"C3",4.60004945984638e-05,NA,NA,NA
"run02_topology_LCN2",3174,"RYR1",8.59077355945814e-05,NA,NA,NA
"run02_topology_LCN2",3175,"ACACA",7.98311027262466e-05,NA,NA,NA
"run02_topology_LCN2",3176,"CYP2C19",1.83094707274511e-05,NA,NA,NA
"run02_topology_LCN2",3177,"EIF2S1",0.000110140192739028,NA,NA,NA
"run02_topology_LCN2",3178,"EIF2AK2",0.000116554297583948,NA,NA,NA
"run02_topology_LCN2",3179,"DLG1",6.50075176803488e-05,NA,NA,NA
"run02_topology_LCN2",3180,"ITGA5",0.00127400659039045,NA,NA,NA
"run02_topology_LCN2",3181,"PRKCZ",0.00127837750571802,NA,NA,NA
"run02_topology_LCN2",3182,"CPT1A",1.49157660161992e-05,NA,NA,NA
"run02_topology_LCN2",3183,"GRIA2",6.42468498274207e-05,NA,NA,NA
"run02_topology_LCN2",3184,"DLG1",6.50075176803488e-05,NA,NA,NA
"run02_topology_LCN2",3185,"FABP4",8.52242665472236e-05,NA,NA,NA
"run02_topology_LCN2",3186,"NOS2",2.38274351227474e-05,NA,NA,NA
"run02_topology_LCN2",3187,"ITGA5",0.00127400659039045,NA,NA,NA
"run02_topology_LCN2",3188,"ALDH3A1",7.8987277396747e-05,NA,NA,NA
"run02_topology_LCN2",3189,"NFATC1",5.51292228962996e-05,NA,NA,NA
"run02_topology_LCN2",3190,"BTK",0.000119272845312435,NA,NA,NA
"run02_topology_LCN2",3191,"SCN1A",4.8526600018195e-05,NA,NA,NA
"run02_topology_LCN2",3192,"NOS2",2.38274351227474e-05,NA,NA,NA
"run02_topology_LCN2",3193,"ACTG1",2.72461711825489e-06,NA,NA,NA
"run02_topology_LCN2",3194,"COL1A2",8.49027404237201e-06,NA,NA,NA
"run02_topology_LCN2",3195,"VIM",5.2598025607753e-05,NA,NA,NA
"run02_topology_LCN2",3196,"GRIA2",6.42468498274207e-05,NA,NA,NA
"run02_topology_LCN2",3197,"AURKB",0.000100012341094136,NA,NA,NA
"run02_topology_LCN2",3198,"ADH5",7.50101523409041e-05,NA,NA,NA
"run02_topology_LCN2",3199,"CALR",4.38793673526172e-05,NA,NA,NA
"run02_topology_LCN2",3200,"C3",4.60004945984638e-05,NA,NA,NA
"run02_topology_LCN2",3201,"CALR",4.38793673526172e-05,NA,NA,NA
"run02_topology_LCN2",3202,"COL1A2",8.49027404237201e-06,NA,NA,NA
"run02_topology_LCN2",3203,"RYR2",4.78345186669671e-05,NA,NA,NA
"run02_topology_LCN2",3204,"KEAP1",8.90865911317151e-05,NA,NA,NA
"run02_topology_LCN2",3205,"GRIA2",6.42468498274207e-05,NA,NA,NA
"run02_topology_LCN2",3206,"EIF2AK2",0.000116554297583948,NA,NA,NA
"run02_topology_LCN2",3207,"C3",4.60004945984638e-05,NA,NA,NA
"run02_topology_LCN2",3208,"PPIF",5.98208087934093e-05,NA,NA,NA
"run02_topology_LCN2",3209,"ALDH1B1",0,NA,NA,NA
"run02_topology_LCN2",3210,"SLC6A4",7.25412905625555e-05,NA,NA,NA
"run02_topology_LCN2",3211,"GRIA2",6.42468498274207e-05,NA,NA,NA
"run02_topology_LCN2",3212,"ITGA5",0.00127400659039045,NA,NA,NA
"run02_topology_LCN2",3213,"DLG1",6.50075176803488e-05,NA,NA,NA
"run02_topology_LCN2",3214,"CTSD",0.000133066364187417,NA,NA,NA
"run02_topology_LCN2",3215,"CALR",4.38793673526172e-05,NA,NA,NA
"run02_topology_LCN2",3216,"AURKA",5.49029298524406e-05,NA,NA,NA
"run02_topology_LCN2",3217,"AKR1C1",5.66614851992275e-05,NA,NA,NA
"run02_topology_LCN2",3218,"COL1A2",8.49027404237201e-06,NA,NA,NA
"run02_topology_LCN2",3219,"CACNA1B",0,NA,NA,NA
"run02_topology_LCN2",3220,"CYP2D6",2.95879994604009e-05,NA,NA,NA
"run02_topology_LCN2",3221,"PRKCZ",0.00127837750571802,NA,NA,NA
"run02_topology_LCN2",3222,"PPARD",4.39109792027548e-05,NA,NA,NA
"run02_topology_LCN2",3223,"NPPA",7.28658572474172e-05,NA,NA,NA
"run02_topology_LCN2",3224,"SLC6A4",7.25412905625555e-05,NA,NA,NA
"run02_topology_LCN2",3225,"RASA1",5.55702489675181e-05,NA,NA,NA
"run02_topology_LCN2",3226,"NPPA",7.28658572474172e-05,NA,NA,NA
"run02_topology_LCN2",3227,"PRKCZ",0.00127837750571802,NA,NA,NA
"run02_topology_LCN2",3228,"CYP2C19",1.83094707274511e-05,NA,NA,NA
"run02_topology_LCN2",3229,"RYR2",4.78345186669671e-05,NA,NA,NA
"run02_topology_LCN2",3230,"RASA1",5.55702489675181e-05,NA,NA,NA
"run02_topology_LCN2",3231,"CALM2",0,NA,NA,NA
"run02_topology_LCN2",3232,"AKR1C1",5.66614851992275e-05,NA,NA,NA
"run02_topology_LCN2",3233,"PPARD",4.39109792027548e-05,NA,NA,NA
"run02_topology_LCN2",3234,"PRKCZ",0.00127837750571802,NA,NA,NA
"run02_topology_LCN2",3235,"CTSD",0.000133066364187417,NA,NA,NA
"run02_topology_LCN2",3236,"ITGA5",0.00127400659039045,NA,NA,NA
"run02_topology_LCN2",3237,"FURIN",9.05415850372959e-05,NA,NA,NA
"run02_topology_LCN2",3238,"ACE2",6.17806475236016e-05,NA,NA,NA
"run02_topology_LCN2",3239,"ALDH1B1",0,NA,NA,NA
"run02_topology_LCN2",3240,"GOT1",5.88174838508371e-05,NA,NA,NA
"run02_topology_LCN2",3241,"AKR1D1",0.0010662752740489,NA,NA,NA
"run02_topology_LCN2",3242,"RYR2",4.78345186669671e-05,NA,NA,NA
"run02_topology_LCN2",3243,"DLG1",6.50075176803488e-05,NA,NA,NA
"run02_topology_LCN2",3244,"GRIA2",6.42468498274207e-05,NA,NA,NA
"run02_topology_LCN2",3245,"NDUFS3",7.91874029407724e-05,NA,NA,NA
"run02_topology_LCN2",3246,"BTK",0.000119272845312435,NA,NA,NA
"run02_topology_LCN2",3247,"ACSL1",4.92269468655993e-05,NA,NA,NA
"run02_topology_LCN2",3248,"EIF2AK2",0.000116554297583948,NA,NA,NA
"run02_topology_LCN2",3249,"GOT1",5.88174838508371e-05,NA,NA,NA
"run02_topology_LCN2",3250,"CALM2",0,NA,NA,NA
"run02_topology_LCN2",3251,"PPARD",4.39109792027548e-05,NA,NA,NA
"run02_topology_LCN2",3252,"BTK",0.000119272845312435,NA,NA,NA
"run02_topology_LCN2",3253,"EIF2S1",0.000110140192739028,NA,NA,NA
"run02_topology_LCN2",3254,"ACACA",7.98311027262466e-05,NA,NA,NA
"run02_topology_LCN2",3255,"PARK7",5.03123803161643e-05,NA,NA,NA
"run02_topology_LCN2",3256,"NOS2",2.38274351227474e-05,NA,NA,NA
"run02_topology_LCN2",3257,"FABP4",8.52242665472236e-05,NA,NA,NA
"run02_topology_LCN2",3258,"RYR1",8.59077355945814e-05,NA,NA,NA
"run02_topology_LCN2",3259,"NDUFS3",7.91874029407724e-05,NA,NA,NA
"run02_topology_LCN2",3260,"AURKA",5.49029298524406e-05,NA,NA,NA
"run02_topology_LCN2",3261,"SCN1A",4.8526600018195e-05,NA,NA,NA
"run02_topology_LCN2",3262,"ADH5",7.50101523409041e-05,NA,NA,NA
"run02_topology_LCN2",3263,"KEAP1",8.90865911317151e-05,NA,NA,NA
"run02_topology_LCN2",3264,"EIF2S1",0.000110140192739028,NA,NA,NA
"run02_topology_LCN2",3265,"NOS2",2.38274351227474e-05,NA,NA,NA
"run02_topology_LCN2",3266,"BAX",8.97923976903581e-05,NA,NA,NA
"run02_topology_LCN2",3267,"GRIA1",1.90084712514693e-06,NA,NA,NA
"run02_topology_LCN2",3268,"EIF2S1",0.000110140192739028,NA,NA,NA
"run02_topology_LCN2",3269,"ITGA5",0.00127400659039045,NA,NA,NA
"run02_topology_LCN2",3270,"C3",4.60004945984638e-05,NA,NA,NA
"run02_topology_LCN2",3271,"EIF2AK2",0.000116554297583948,NA,NA,NA
"run02_topology_LCN2",3272,"GLUD1",0.00010300883354164,NA,NA,NA
"run02_topology_LCN2",3273,"NDUFS3",7.91874029407724e-05,NA,NA,NA
"run02_topology_LCN2",3274,"DLG1",6.50075176803488e-05,NA,NA,NA
"run02_topology_LCN2",3275,"ALDH3A1",7.8987277396747e-05,NA,NA,NA
"run02_topology_LCN2",3276,"PPARD",4.39109792027548e-05,NA,NA,NA
"run02_topology_LCN2",3277,"FABP4",8.52242665472236e-05,NA,NA,NA
"run02_topology_LCN2",3278,"CALM2",0,NA,NA,NA
"run02_topology_LCN2",3279,"PPARD",4.39109792027548e-05,NA,NA,NA
"run02_topology_LCN2",3280,"PRKCZ",0.00127837750571802,NA,NA,NA
"run02_topology_LCN2",3281,"PARK7",5.03123803161643e-05,NA,NA,NA
"run02_topology_LCN2",3282,"NDUFS3",7.91874029407724e-05,NA,NA,NA
"run02_topology_LCN2",3283,"PRKCZ",0.00127837750571802,NA,NA,NA
"run02_topology_LCN2",3284,"EIF2AK2",0.000116554297583948,NA,NA,NA
"run02_topology_LCN2",3285,"AKR1C1",5.66614851992275e-05,NA,NA,NA
"run02_topology_LCN2",3286,"GRIA2",6.42468498274207e-05,NA,NA,NA
"run02_topology_LCN2",3287,"BAX",8.97923976903581e-05,NA,NA,NA
"run02_topology_LCN2",3288,"SLC6A4",7.25412905625555e-05,NA,NA,NA
"run02_topology_LCN2",3289,"RYR1",8.59077355945814e-05,NA,NA,NA
"run02_topology_LCN2",3290,"SCN1A",4.8526600018195e-05,NA,NA,NA
"run02_topology_LCN2",3291,"RYR1",8.59077355945814e-05,NA,NA,NA
"run02_topology_LCN2",3292,"GRIA2",6.42468498274207e-05,NA,NA,NA
"run02_topology_LCN2",3293,"CPT1A",1.49157660161992e-05,NA,NA,NA
"run02_topology_LCN2",3294,"CALR",4.38793673526172e-05,NA,NA,NA
"run02_topology_LCN2",3295,"CYP17A1",3.31356115126358e-05,NA,NA,NA
"run02_topology_LCN2",3296,"FABP4",8.52242665472236e-05,NA,NA,NA
"run02_topology_LCN2",3297,"ACACA",7.98311027262466e-05,NA,NA,NA
"run02_topology_LCN2",3298,"CPT1A",1.49157660161992e-05,NA,NA,NA
"run02_topology_LCN2",3299,"AKR1C1",5.66614851992275e-05,NA,NA,NA
"run02_topology_LCN2",3300,"ACSL1",4.92269468655993e-05,NA,NA,NA
"run02_topology_LCN2",3301,"GRIA1",1.90084712514693e-06,NA,NA,NA
"run02_topology_LCN2",3302,"NOS2",2.38274351227474e-05,NA,NA,NA
"run02_topology_LCN2",3303,"EIF2AK2",0.000116554297583948,NA,NA,NA
"run02_topology_LCN2",3304,"CALM2",0,NA,NA,NA
"run02_topology_LCN2",3305,"GOT1",5.88174838508371e-05,NA,NA,NA
"run02_topology_LCN2",3306,"CALR",4.38793673526172e-05,NA,NA,NA
"run02_topology_LCN2",3307,"NFATC1",5.51292228962996e-05,NA,NA,NA
"run02_topology_LCN2",3308,"AURKA",5.49029298524406e-05,NA,NA,NA
"run02_topology_LCN2",3309,"CYP2D6",2.95879994604009e-05,NA,NA,NA
"run02_topology_LCN2",3310,"PRKCZ",0.00127837750571802,NA,NA,NA
"run02_topology_LCN2",3311,"ACE2",6.17806475236016e-05,NA,NA,NA
"run02_topology_LCN2",3312,"GRIA1",1.90084712514693e-06,NA,NA,NA
"run02_topology_LCN2",3313,"C3",4.60004945984638e-05,NA,NA,NA
"run02_topology_LCN2",3314,"GRIA2",6.42468498274207e-05,NA,NA,NA
"run02_topology_LCN2",3315,"ACSL1",4.92269468655993e-05,NA,NA,NA
"run02_topology_LCN2",3316,"CALR",4.38793673526172e-05,NA,NA,NA
"run02_topology_LCN2",3317,"RYR2",4.78345186669671e-05,NA,NA,NA
"run02_topology_LCN2",3318,"VIM",5.2598025607753e-05,NA,NA,NA
"run02_topology_LCN2",3319,"GOT1",5.88174838508371e-05,NA,NA,NA
"run02_topology_LCN2",3320,"RASA1",5.55702489675181e-05,NA,NA,NA
"run02_topology_LCN2",3321,"BAX",8.97923976903581e-05,NA,NA,NA
"run02_topology_LCN2",3322,"BTK",0.000119272845312435,NA,NA,NA
"run02_topology_LCN2",3323,"C3",4.60004945984638e-05,NA,NA,NA
"run02_topology_LCN2",3324,"CALM2",0,NA,NA,NA
"run02_topology_LCN2",3325,"CYP2C19",1.83094707274511e-05,NA,NA,NA
"run02_topology_LCN2",3326,"NDUFS3",7.91874029407724e-05,NA,NA,NA
"run02_topology_LCN2",3327,"AURKA",5.49029298524406e-05,NA,NA,NA
"run02_topology_LCN2",3328,"SCN1A",4.8526600018195e-05,NA,NA,NA
"run02_topology_LCN2",3329,"VIM",5.2598025607753e-05,NA,NA,NA
"run02_topology_LCN2",3330,"HSD3B2",2.44539251612608e-05,NA,NA,NA
"run02_topology_LCN2",3331,"GLUD1",0.00010300883354164,NA,NA,NA
"run02_topology_LCN2",3332,"AURKB",0.000100012341094136,NA,NA,NA
"run02_topology_LCN2",3333,"HSD3B2",2.44539251612608e-05,NA,NA,NA
"run02_topology_LCN2",3334,"KEAP1",8.90865911317151e-05,NA,NA,NA
"run02_topology_LCN2",3335,"AKR1C1",5.66614851992275e-05,NA,NA,NA
"run02_topology_LCN2",3336,"FURIN",9.05415850372959e-05,NA,NA,NA
"run02_topology_LCN2",3337,"ACTG1",2.72461711825489e-06,NA,NA,NA
"run02_topology_LCN2",3338,"BTK",0.000119272845312435,NA,NA,NA
"run02_topology_LCN2",3339,"NFATC1",5.51292228962996e-05,NA,NA,NA
"run02_topology_LCN2",3340,"C3",4.60004945984638e-05,NA,NA,NA
"run02_topology_LCN2",3341,"CALR",4.38793673526172e-05,NA,NA,NA
"run02_topology_LCN2",3342,"FABP4",8.52242665472236e-05,NA,NA,NA
"run02_topology_LCN2",3343,"CYP17A1",3.31356115126358e-05,NA,NA,NA
"run02_topology_LCN2",3344,"RASA1",5.55702489675181e-05,NA,NA,NA
"run02_topology_LCN2",3345,"NFATC1",5.51292228962996e-05,NA,NA,NA
"run02_topology_LCN2",3346,"GLUD1",0.00010300883354164,NA,NA,NA
"run02_topology_LCN2",3347,"GRIA2",6.42468498274207e-05,NA,NA,NA
"run02_topology_LCN2",3348,"CTSD",0.000133066364187417,NA,NA,NA
"run02_topology_LCN2",3349,"PPARD",4.39109792027548e-05,NA,NA,NA
"run02_topology_LCN2",3350,"ALDH3A1",7.8987277396747e-05,NA,NA,NA
"run02_topology_LCN2",3351,"PARK7",5.03123803161643e-05,NA,NA,NA
"run02_topology_LCN2",3352,"ADH5",7.50101523409041e-05,NA,NA,NA
"run02_topology_LCN2",3353,"FURIN",9.05415850372959e-05,NA,NA,NA
"run02_topology_LCN2",3354,"AGTR1",7.87895413547623e-05,NA,NA,NA
"run02_topology_LCN2",3355,"PARK7",5.03123803161643e-05,NA,NA,NA
"run02_topology_LCN2",3356,"PPIF",5.98208087934093e-05,NA,NA,NA
"run02_topology_LCN2",3357,"AGTR1",7.87895413547623e-05,NA,NA,NA
"run02_topology_LCN2",3358,"PARK7",5.03123803161643e-05,NA,NA,NA
"run02_topology_LCN2",3359,"VIM",5.2598025607753e-05,NA,NA,NA
"run02_topology_LCN2",3360,"DLG1",6.50075176803488e-05,NA,NA,NA
"run02_topology_LCN2",3361,"BAX",8.97923976903581e-05,NA,NA,NA
"run02_topology_LCN2",3362,"ITGA5",0.00127400659039045,NA,NA,NA
"run02_topology_LCN2",3363,"RYR2",4.78345186669671e-05,NA,NA,NA
"run02_topology_LCN2",3364,"NDUFS3",7.91874029407724e-05,NA,NA,NA
"run02_topology_LCN2",3365,"ALDH1B1",0,NA,NA,NA
"run02_topology_LCN2",3366,"BTK",0.000119272845312435,NA,NA,NA
"run02_topology_LCN2",3367,"AGTR1",7.87895413547623e-05,NA,NA,NA
"run02_topology_LCN2",3368,"GLUD1",0.00010300883354164,NA,NA,NA
"run02_topology_LCN2",3369,"EIF2S1",0.000110140192739028,NA,NA,NA
"run02_topology_LCN2",3370,"NOS2",2.38274351227474e-05,NA,NA,NA
"run02_topology_LCN2",3371,"AURKA",5.49029298524406e-05,NA,NA,NA
"run02_topology_LCN2",3372,"KEAP1",8.90865911317151e-05,NA,NA,NA
"run02_topology_LCN2",3373,"COL1A2",8.49027404237201e-06,NA,NA,NA
"run02_topology_LCN2",3374,"GLUD1",0.00010300883354164,NA,NA,NA
"run02_topology_LCN2",3375,"ALDH1B1",0,NA,NA,NA
"run02_topology_LCN2",3376,"AURKB",0.000100012341094136,NA,NA,NA
"run02_topology_LCN2",3377,"FABP4",8.52242665472236e-05,NA,NA,NA
"run02_topology_LCN2",3378,"CALM2",0,NA,NA,NA
"run02_topology_LCN2",3379,"VIM",5.2598025607753e-05,NA,NA,NA
"run02_topology_LCN2",3380,"COL1A2",8.49027404237201e-06,NA,NA,NA
"run02_topology_LCN2",3381,"CYP17A1",3.31356115126358e-05,NA,NA,NA
"run02_topology_LCN2",3382,"PRKCZ",0.00127837750571802,NA,NA,NA
"run02_topology_LCN2",3383,"ACTG1",2.72461711825489e-06,NA,NA,NA
"run02_topology_LCN2",3384,"FABP4",8.52242665472236e-05,NA,NA,NA
"run02_topology_LCN2",3385,"ACACA",7.98311027262466e-05,NA,NA,NA
"run02_topology_LCN2",3386,"GRIA1",1.90084712514693e-06,NA,NA,NA
"run02_topology_LCN2",3387,"PPARD",4.39109792027548e-05,NA,NA,NA
"run02_topology_LCN2",3388,"PPIF",5.98208087934093e-05,NA,NA,NA
"run02_topology_LCN2",3389,"SCN1A",4.8526600018195e-05,NA,NA,NA
"run02_topology_LCN2",3390,"CTSD",0.000133066364187417,NA,NA,NA
"run02_topology_LCN2",3391,"BAX",8.97923976903581e-05,NA,NA,NA
"run02_topology_LCN2",3392,"ACE2",6.17806475236016e-05,NA,NA,NA
"run02_topology_LCN2",3393,"CACNA1B",0,NA,NA,NA
"run02_topology_LCN2",3394,"RYR1",8.59077355945814e-05,NA,NA,NA
"run02_topology_LCN2",3395,"AURKB",0.000100012341094136,NA,NA,NA
"run02_topology_LCN2",3396,"ALDH3A1",7.8987277396747e-05,NA,NA,NA
"run02_topology_LCN2",3397,"NPPA",7.28658572474172e-05,NA,NA,NA
"run02_topology_LCN2",3398,"CALR",4.38793673526172e-05,NA,NA,NA
"run02_topology_LCN2",3399,"ACTG1",2.72461711825489e-06,NA,NA,NA
"run02_topology_LCN2",3400,"ACE2",6.17806475236016e-05,NA,NA,NA
"run02_topology_LCN2",3401,"PARK7",5.03123803161643e-05,NA,NA,NA
"run02_topology_LCN2",3402,"NFATC1",5.51292228962996e-05,NA,NA,NA
"run02_topology_LCN2",3403,"CYP2D6",2.95879994604009e-05,NA,NA,NA
"run02_topology_LCN2",3404,"C3",4.60004945984638e-05,NA,NA,NA
"run02_topology_LCN2",3405,"CPT1A",1.49157660161992e-05,NA,NA,NA
"run02_topology_LCN2",3406,"AURKB",0.000100012341094136,NA,NA,NA
"run02_topology_LCN2",3407,"EIF2S1",0.000110140192739028,NA,NA,NA
"run02_topology_LCN2",3408,"C3",4.60004945984638e-05,NA,NA,NA
"run02_topology_LCN2",3409,"KEAP1",8.90865911317151e-05,NA,NA,NA
"run02_topology_LCN2",3410,"CYP2D6",2.95879994604009e-05,NA,NA,NA
"run02_topology_LCN2",3411,"BAX",8.97923976903581e-05,NA,NA,NA
"run02_topology_LCN2",3412,"NPPA",7.28658572474172e-05,NA,NA,NA
"run02_topology_LCN2",3413,"RASA1",5.55702489675181e-05,NA,NA,NA
"run02_topology_LCN2",3414,"HSD3B2",2.44539251612608e-05,NA,NA,NA
"run02_topology_LCN2",3415,"ACSL1",4.92269468655993e-05,NA,NA,NA
"run02_topology_LCN2",3416,"ITGA5",0.00127400659039045,NA,NA,NA
"run02_topology_LCN2",3417,"HSD3B2",2.44539251612608e-05,NA,NA,NA
"run02_topology_LCN2",3418,"BTK",0.000119272845312435,NA,NA,NA
"run02_topology_LCN2",3419,"NOS2",2.38274351227474e-05,NA,NA,NA
"run02_topology_LCN2",3420,"CTSD",0.000133066364187417,NA,NA,NA
"run02_topology_LCN2",3421,"AURKB",0.000100012341094136,NA,NA,NA
"run02_topology_LCN2",3422,"ADH5",7.50101523409041e-05,NA,NA,NA
"run02_topology_LCN2",3423,"ADH5",7.50101523409041e-05,NA,NA,NA
"run02_topology_LCN2",3424,"CYP2D6",2.95879994604009e-05,NA,NA,NA
"run02_topology_LCN2",3425,"NOS2",2.38274351227474e-05,NA,NA,NA
"run02_topology_LCN2",3426,"AKR1D1",0.0010662752740489,NA,NA,NA
"run02_topology_LCN2",3427,"CALM2",0,NA,NA,NA
"run02_topology_LCN2",3428,"NPPA",7.28658572474172e-05,NA,NA,NA
"run02_topology_LCN2",3429,"NFATC1",5.51292228962996e-05,NA,NA,NA
"run02_topology_LCN2",3430,"AKR1D1",0.0010662752740489,NA,NA,NA
"run02_topology_LCN2",3431,"CPT1A",1.49157660161992e-05,NA,NA,NA
"run02_topology_LCN2",3432,"PPARD",4.39109792027548e-05,NA,NA,NA
"run02_topology_LCN2",3433,"ACACA",7.98311027262466e-05,NA,NA,NA
"run02_topology_LCN2",3434,"AKR1D1",0.0010662752740489,NA,NA,NA
"run02_topology_LCN2",3435,"RASA1",5.55702489675181e-05,NA,NA,NA
"run02_topology_LCN2",3436,"PPIF",5.98208087934093e-05,NA,NA,NA
"run02_topology_LCN2",3437,"CPT1A",1.49157660161992e-05,NA,NA,NA
"run02_topology_LCN2",3438,"PARK7",5.03123803161643e-05,NA,NA,NA
"run02_topology_LCN2",3439,"ACACA",7.98311027262466e-05,NA,NA,NA
"run02_topology_LCN2",3440,"AURKA",5.49029298524406e-05,NA,NA,NA
"run02_topology_LCN2",3441,"COL1A2",8.49027404237201e-06,NA,NA,NA
"run02_topology_LCN2",3442,"NDUFS3",7.91874029407724e-05,NA,NA,NA
"run02_topology_LCN2",3443,"DLG1",6.50075176803488e-05,NA,NA,NA
"run02_topology_LCN2",3444,"PARK7",5.03123803161643e-05,NA,NA,NA
"run02_topology_LCN2",3445,"ACSL1",4.92269468655993e-05,NA,NA,NA
"run02_topology_LCN2",3446,"SLC6A4",7.25412905625555e-05,NA,NA,NA
"run02_topology_LCN2",3447,"AURKB",0.000100012341094136,NA,NA,NA
"run02_topology_LCN2",3448,"HSD3B2",2.44539251612608e-05,NA,NA,NA
"run02_topology_LCN2",3449,"AURKB",0.000100012341094136,NA,NA,NA
"run02_topology_LCN2",3450,"KEAP1",8.90865911317151e-05,NA,NA,NA
"run02_topology_LCN2",3451,"AURKB",0.000100012341094136,NA,NA,NA
"run02_topology_LCN2",3452,"EIF2S1",0.000110140192739028,NA,NA,NA
"run02_topology_LCN2",3453,"ACSL1",4.92269468655993e-05,NA,NA,NA
"run02_topology_LCN2",3454,"PPARD",4.39109792027548e-05,NA,NA,NA
"run02_topology_LCN2",3455,"NFATC1",5.51292228962996e-05,NA,NA,NA
"run02_topology_LCN2",3456,"FURIN",9.05415850372959e-05,NA,NA,NA
"run02_topology_LCN2",3457,"ADH5",7.50101523409041e-05,NA,NA,NA
"run02_topology_LCN2",3458,"ACE2",6.17806475236016e-05,NA,NA,NA
"run02_topology_LCN2",3459,"SLC6A4",7.25412905625555e-05,NA,NA,NA
"run02_topology_LCN2",3460,"ADH5",7.50101523409041e-05,NA,NA,NA
"run02_topology_LCN2",3461,"AKR1C1",5.66614851992275e-05,NA,NA,NA
"run02_topology_LCN2",3462,"CYP2D6",2.95879994604009e-05,NA,NA,NA
"run02_topology_LCN2",3463,"SLC6A4",7.25412905625555e-05,NA,NA,NA
"run02_topology_LCN2",3464,"EIF2AK2",0.000116554297583948,NA,NA,NA
"run02_topology_LCN2",3465,"GRIA1",1.90084712514693e-06,NA,NA,NA
"run02_topology_LCN2",3466,"CYP17A1",3.31356115126358e-05,NA,NA,NA
"run02_topology_LCN2",3467,"CPT1A",1.49157660161992e-05,NA,NA,NA
"run02_topology_LCN2",3468,"KEAP1",8.90865911317151e-05,NA,NA,NA
"run02_topology_LCN2",3469,"AURKA",5.49029298524406e-05,NA,NA,NA
"run02_topology_LCN2",3470,"KEAP1",8.90865911317151e-05,NA,NA,NA
"run02_topology_LCN2",3471,"BAX",8.97923976903581e-05,NA,NA,NA
"run02_topology_LCN2",3472,"VIM",5.2598025607753e-05,NA,NA,NA
"run02_topology_LCN2",3473,"C3",4.60004945984638e-05,NA,NA,NA
"run02_topology_LCN2",3474,"ADH5",7.50101523409041e-05,NA,NA,NA
"run02_topology_LCN2",3475,"NOS2",2.38274351227474e-05,NA,NA,NA
"run02_topology_LCN2",3476,"CYP2C19",1.83094707274511e-05,NA,NA,NA
"run02_topology_LCN2",3477,"GOT1",5.88174838508371e-05,NA,NA,NA
"run02_topology_LCN2",3478,"ITGA5",0.00127400659039045,NA,NA,NA
"run02_topology_LCN2",3479,"NDUFS3",7.91874029407724e-05,NA,NA,NA
"run02_topology_LCN2",3480,"CALM2",0,NA,NA,NA
"run02_topology_LCN2",3481,"HSD3B2",2.44539251612608e-05,NA,NA,NA
"run02_topology_LCN2",3482,"ADH5",7.50101523409041e-05,NA,NA,NA
"run02_topology_LCN2",3483,"GLUD1",0.00010300883354164,NA,NA,NA
"run02_topology_LCN2",3484,"SCN1A",4.8526600018195e-05,NA,NA,NA
"run02_topology_LCN2",3485,"CACNA1B",0,NA,NA,NA
"run02_topology_LCN2",3486,"COL1A2",8.49027404237201e-06,NA,NA,NA
"run02_topology_LCN2",3487,"SLC6A4",7.25412905625555e-05,NA,NA,NA
"run02_topology_LCN2",3488,"BAX",8.97923976903581e-05,NA,NA,NA
"run02_topology_LCN2",3489,"SLC6A4",7.25412905625555e-05,NA,NA,NA
"run02_topology_LCN2",3490,"ACSL1",4.92269468655993e-05,NA,NA,NA
"run02_topology_LCN2",3491,"HSD3B2",2.44539251612608e-05,NA,NA,NA
"run02_topology_LCN2",3492,"PARK7",5.03123803161643e-05,NA,NA,NA
"run02_topology_LCN2",3493,"ALDH1B1",0,NA,NA,NA
"run02_topology_LCN2",3494,"ADH5",7.50101523409041e-05,NA,NA,NA
"run02_topology_LCN2",3495,"C3",4.60004945984638e-05,NA,NA,NA
"run02_topology_LCN2",3496,"PARK7",5.03123803161643e-05,NA,NA,NA
"run02_topology_LCN2",3497,"NPPA",7.28658572474172e-05,NA,NA,NA
"run02_topology_LCN2",3498,"ALDH3A1",7.8987277396747e-05,NA,NA,NA
"run02_topology_LCN2",3499,"NOS2",2.38274351227474e-05,NA,NA,NA
"run02_topology_LCN2",3500,"AKR1C1",5.66614851992275e-05,NA,NA,NA
"run02_topology_LCN2",3501,"BTK",0.000119272845312435,NA,NA,NA
"run02_topology_LCN2",3502,"C3",4.60004945984638e-05,NA,NA,NA
"run02_topology_LCN2",3503,"FURIN",9.05415850372959e-05,NA,NA,NA
"run02_topology_LCN2",3504,"EIF2AK2",0.000116554297583948,NA,NA,NA
"run02_topology_LCN2",3505,"GOT1",5.88174838508371e-05,NA,NA,NA
"run02_topology_LCN2",3506,"GRIA2",6.42468498274207e-05,NA,NA,NA
"run02_topology_LCN2",3507,"DLG1",6.50075176803488e-05,NA,NA,NA
"run02_topology_LCN2",3508,"CTSD",0.000133066364187417,NA,NA,NA
"run02_topology_LCN2",3509,"PPIF",5.98208087934093e-05,NA,NA,NA
"run02_topology_LCN2",3510,"NOS2",2.38274351227474e-05,NA,NA,NA
"run02_topology_LCN2",3511,"EIF2S1",0.000110140192739028,NA,NA,NA
"run02_topology_LCN2",3512,"AURKB",0.000100012341094136,NA,NA,NA
"run02_topology_LCN2",3513,"DLG1",6.50075176803488e-05,NA,NA,NA
"run02_topology_LCN2",3514,"RASA1",5.55702489675181e-05,NA,NA,NA
"run02_topology_LCN2",3515,"AKR1D1",0.0010662752740489,NA,NA,NA
"run02_topology_LCN2",3516,"PRKCZ",0.00127837750571802,NA,NA,NA
"run02_topology_LCN2",3517,"PRKCZ",0.00127837750571802,NA,NA,NA
"run02_topology_LCN2",3518,"FURIN",9.05415850372959e-05,NA,NA,NA
"run02_topology_LCN2",3519,"EIF2AK2",0.000116554297583948,NA,NA,NA
"run02_topology_LCN2",3520,"AURKA",5.49029298524406e-05,NA,NA,NA
"run02_topology_LCN2",3521,"ALDH3A1",7.8987277396747e-05,NA,NA,NA
"run02_topology_LCN2",3522,"ACE2",6.17806475236016e-05,NA,NA,NA
"run02_topology_LCN2",3523,"EIF2AK2",0.000116554297583948,NA,NA,NA
"run02_topology_LCN2",3524,"NFATC1",5.51292228962996e-05,NA,NA,NA
"run02_topology_LCN2",3525,"RYR1",8.59077355945814e-05,NA,NA,NA
"run02_topology_LCN2",3526,"BAX",8.97923976903581e-05,NA,NA,NA
"run02_topology_LCN2",3527,"EIF2AK2",0.000116554297583948,NA,NA,NA
"run02_topology_LCN2",3528,"VIM",5.2598025607753e-05,NA,NA,NA
"run02_topology_LCN2",3529,"PPIF",5.98208087934093e-05,NA,NA,NA
"run02_topology_LCN2",3530,"EIF2AK2",0.000116554297583948,NA,NA,NA
"run02_topology_LCN2",3531,"CTSD",0.000133066364187417,NA,NA,NA
"run02_topology_LCN2",3532,"KEAP1",8.90865911317151e-05,NA,NA,NA
"run02_topology_LCN2",3533,"C3",4.60004945984638e-05,NA,NA,NA
"run02_topology_LCN2",3534,"BAX",8.97923976903581e-05,NA,NA,NA
"run02_topology_LCN2",3535,"AURKA",5.49029298524406e-05,NA,NA,NA
"run02_topology_LCN2",3536,"ACSL1",4.92269468655993e-05,NA,NA,NA
"run02_topology_LCN2",3537,"ACE2",6.17806475236016e-05,NA,NA,NA
"run02_topology_LCN2",3538,"AURKB",0.000100012341094136,NA,NA,NA
"run02_topology_LCN2",3539,"ALDH3A1",7.8987277396747e-05,NA,NA,NA
"run02_topology_LCN2",3540,"ACACA",7.98311027262466e-05,NA,NA,NA
"run02_topology_LCN2",3541,"PPIF",5.98208087934093e-05,NA,NA,NA
"run02_topology_LCN2",3542,"ALDH1B1",0,NA,NA,NA
"run02_topology_LCN2",3543,"NDUFS3",7.91874029407724e-05,NA,NA,NA
"run02_topology_LCN2",3544,"GRIA2",6.42468498274207e-05,NA,NA,NA
"run02_topology_LCN2",3545,"AGTR1",7.87895413547623e-05,NA,NA,NA
"run02_topology_LCN2",3546,"CALR",4.38793673526172e-05,NA,NA,NA
"run02_topology_LCN2",3547,"AGTR1",7.87895413547623e-05,NA,NA,NA
"run02_topology_LCN2",3548,"NOS2",2.38274351227474e-05,NA,NA,NA
"run02_topology_LCN2",3549,"PARK7",5.03123803161643e-05,NA,NA,NA
"run02_topology_LCN2",3550,"GOT1",5.88174838508371e-05,NA,NA,NA
"run02_topology_LCN2",3551,"DLG1",6.50075176803488e-05,NA,NA,NA
"run02_topology_LCN2",3552,"AKR1D1",0.0010662752740489,NA,NA,NA
"run02_topology_LCN2",3553,"FABP4",8.52242665472236e-05,NA,NA,NA
"run02_topology_LCN2",3554,"BAX",8.97923976903581e-05,NA,NA,NA
"run02_topology_LCN2",3555,"RYR1",8.59077355945814e-05,NA,NA,NA
"run02_topology_LCN2",3556,"C3",4.60004945984638e-05,NA,NA,NA
"run02_topology_LCN2",3557,"EIF2S1",0.000110140192739028,NA,NA,NA
"run02_topology_LCN2",3558,"ACACA",7.98311027262466e-05,NA,NA,NA
"run02_topology_LCN2",3559,"PPARD",4.39109792027548e-05,NA,NA,NA
"run02_topology_LCN2",3560,"CYP2C19",1.83094707274511e-05,NA,NA,NA
"run02_topology_LCN2",3561,"EIF2AK2",0.000116554297583948,NA,NA,NA
"run02_topology_LCN2",3562,"GRIA2",6.42468498274207e-05,NA,NA,NA
"run02_topology_LCN2",3563,"VIM",5.2598025607753e-05,NA,NA,NA
"run02_topology_LCN2",3564,"EIF2S1",0.000110140192739028,NA,NA,NA
"run02_topology_LCN2",3565,"CYP2C19",1.83094707274511e-05,NA,NA,NA
"run02_topology_LCN2",3566,"CYP2D6",2.95879994604009e-05,NA,NA,NA
"run02_topology_LCN2",3567,"BTK",0.000119272845312435,NA,NA,NA
"run02_topology_LCN2",3568,"VIM",5.2598025607753e-05,NA,NA,NA
"run02_topology_LCN2",3569,"EIF2AK2",0.000116554297583948,NA,NA,NA
"run02_topology_LCN2",3570,"NDUFS3",7.91874029407724e-05,NA,NA,NA
"run02_topology_LCN2",3571,"FURIN",9.05415850372959e-05,NA,NA,NA
"run02_topology_LCN2",3572,"PPARD",4.39109792027548e-05,NA,NA,NA
"run02_topology_LCN2",3573,"RYR2",4.78345186669671e-05,NA,NA,NA
"run02_topology_LCN2",3574,"PRKCZ",0.00127837750571802,NA,NA,NA
"run02_topology_LCN2",3575,"RASA1",5.55702489675181e-05,NA,NA,NA
"run02_topology_LCN2",3576,"CPT1A",1.49157660161992e-05,NA,NA,NA
"run02_topology_LCN2",3577,"ITGA5",0.00127400659039045,NA,NA,NA
"run02_topology_LCN2",3578,"NDUFS3",7.91874029407724e-05,NA,NA,NA
"run02_topology_LCN2",3579,"FABP4",8.52242665472236e-05,NA,NA,NA
"run02_topology_LCN2",3580,"RYR2",4.78345186669671e-05,NA,NA,NA
"run02_topology_LCN2",3581,"GLUD1",0.00010300883354164,NA,NA,NA
"run02_topology_LCN2",3582,"HSD3B2",2.44539251612608e-05,NA,NA,NA
"run02_topology_LCN2",3583,"BAX",8.97923976903581e-05,NA,NA,NA
"run02_topology_LCN2",3584,"ITGA5",0.00127400659039045,NA,NA,NA
"run02_topology_LCN2",3585,"COL1A2",8.49027404237201e-06,NA,NA,NA
"run02_topology_LCN2",3586,"ITGA5",0.00127400659039045,NA,NA,NA
"run02_topology_LCN2",3587,"AKR1D1",0.0010662752740489,NA,NA,NA
"run02_topology_LCN2",3588,"DLG1",6.50075176803488e-05,NA,NA,NA
"run02_topology_LCN2",3589,"AURKA",5.49029298524406e-05,NA,NA,NA
"run02_topology_LCN2",3590,"ACE2",6.17806475236016e-05,NA,NA,NA
"run02_topology_LCN2",3591,"PARK7",5.03123803161643e-05,NA,NA,NA
"run02_topology_LCN2",3592,"ACTG1",2.72461711825489e-06,NA,NA,NA
"run02_topology_LCN2",3593,"ACACA",7.98311027262466e-05,NA,NA,NA
"run02_topology_LCN2",3594,"AURKB",0.000100012341094136,NA,NA,NA
"run02_topology_LCN2",3595,"ALDH1B1",0,NA,NA,NA
"run02_topology_LCN2",3596,"COL1A2",8.49027404237201e-06,NA,NA,NA
"run02_topology_LCN2",3597,"ACACA",7.98311027262466e-05,NA,NA,NA
"run02_topology_LCN2",3598,"EIF2AK2",0.000116554297583948,NA,NA,NA
"run02_topology_LCN2",3599,"ACSL1",4.92269468655993e-05,NA,NA,NA
"run02_topology_LCN2",3600,"ALDH3A1",7.8987277396747e-05,NA,NA,NA
"run02_topology_LCN2",3601,"ACTG1",2.72461711825489e-06,NA,NA,NA
"run02_topology_LCN2",3602,"GRIA1",1.90084712514693e-06,NA,NA,NA
"run02_topology_LCN2",3603,"RASA1",5.55702489675181e-05,NA,NA,NA
"run02_topology_LCN2",3604,"PRKCZ",0.00127837750571802,NA,NA,NA
"run02_topology_LCN2",3605,"FURIN",9.05415850372959e-05,NA,NA,NA
"run02_topology_LCN2",3606,"CYP2C19",1.83094707274511e-05,NA,NA,NA
"run02_topology_LCN2",3607,"ALDH3A1",7.8987277396747e-05,NA,NA,NA
"run02_topology_LCN2",3608,"ALDH3A1",7.8987277396747e-05,NA,NA,NA
"run02_topology_LCN2",3609,"DLG1",6.50075176803488e-05,NA,NA,NA
"run02_topology_LCN2",3610,"KEAP1",8.90865911317151e-05,NA,NA,NA
"run02_topology_LCN2",3611,"EIF2S1",0.000110140192739028,NA,NA,NA
"run02_topology_LCN2",3612,"NOS2",2.38274351227474e-05,NA,NA,NA
"run02_topology_LCN2",3613,"PPIF",5.98208087934093e-05,NA,NA,NA
"run02_topology_LCN2",3614,"DLG1",6.50075176803488e-05,NA,NA,NA
"run02_topology_LCN2",3615,"KEAP1",8.90865911317151e-05,NA,NA,NA
"run02_topology_LCN2",3616,"ALDH3A1",7.8987277396747e-05,NA,NA,NA
"run02_topology_LCN2",3617,"NFATC1",5.51292228962996e-05,NA,NA,NA
"run02_topology_LCN2",3618,"GOT1",5.88174838508371e-05,NA,NA,NA
"run02_topology_LCN2",3619,"AGTR1",7.87895413547623e-05,NA,NA,NA
"run02_topology_LCN2",3620,"RASA1",5.55702489675181e-05,NA,NA,NA
"run02_topology_LCN2",3621,"ACTG1",2.72461711825489e-06,NA,NA,NA
"run02_topology_LCN2",3622,"DLG1",6.50075176803488e-05,NA,NA,NA
"run02_topology_LCN2",3623,"ITGA5",0.00127400659039045,NA,NA,NA
"run02_topology_LCN2",3624,"CYP2C19",1.83094707274511e-05,NA,NA,NA
"run02_topology_LCN2",3625,"CALM2",0,NA,NA,NA
"run02_topology_LCN2",3626,"VIM",5.2598025607753e-05,NA,NA,NA
"run02_topology_LCN2",3627,"ACE2",6.17806475236016e-05,NA,NA,NA
"run02_topology_LCN2",3628,"AURKB",0.000100012341094136,NA,NA,NA
"run02_topology_LCN2",3629,"RYR2",4.78345186669671e-05,NA,NA,NA
"run02_topology_LCN2",3630,"PPARD",4.39109792027548e-05,NA,NA,NA
"run02_topology_LCN2",3631,"CALM2",0,NA,NA,NA
"run02_topology_LCN2",3632,"NFATC1",5.51292228962996e-05,NA,NA,NA
"run02_topology_LCN2",3633,"AGTR1",7.87895413547623e-05,NA,NA,NA
"run02_topology_LCN2",3634,"AGTR1",7.87895413547623e-05,NA,NA,NA
"run02_topology_LCN2",3635,"NPPA",7.28658572474172e-05,NA,NA,NA
"run02_topology_LCN2",3636,"KEAP1",8.90865911317151e-05,NA,NA,NA
"run02_topology_LCN2",3637,"RYR2",4.78345186669671e-05,NA,NA,NA
"run02_topology_LCN2",3638,"HSD3B2",2.44539251612608e-05,NA,NA,NA
"run02_topology_LCN2",3639,"NDUFS3",7.91874029407724e-05,NA,NA,NA
"run02_topology_LCN2",3640,"NPPA",7.28658572474172e-05,NA,NA,NA
"run02_topology_LCN2",3641,"CYP2C19",1.83094707274511e-05,NA,NA,NA
"run02_topology_LCN2",3642,"NPPA",7.28658572474172e-05,NA,NA,NA
"run02_topology_LCN2",3643,"SLC6A4",7.25412905625555e-05,NA,NA,NA
"run02_topology_LCN2",3644,"EIF2S1",0.000110140192739028,NA,NA,NA
"run02_topology_LCN2",3645,"PPIF",5.98208087934093e-05,NA,NA,NA
"run02_topology_LCN2",3646,"EIF2AK2",0.000116554297583948,NA,NA,NA
"run02_topology_LCN2",3647,"CYP17A1",3.31356115126358e-05,NA,NA,NA
"run02_topology_LCN2",3648,"PPIF",5.98208087934093e-05,NA,NA,NA
"run02_topology_LCN2",3649,"SCN1A",4.8526600018195e-05,NA,NA,NA
"run02_topology_LCN2",3650,"GLUD1",0.00010300883354164,NA,NA,NA
"run02_topology_LCN2",3651,"SLC6A4",7.25412905625555e-05,NA,NA,NA
"run02_topology_LCN2",3652,"CALR",4.38793673526172e-05,NA,NA,NA
"run02_topology_LCN2",3653,"PRKCZ",0.00127837750571802,NA,NA,NA
"run02_topology_LCN2",3654,"CALR",4.38793673526172e-05,NA,NA,NA
"run02_topology_LCN2",3655,"AKR1C1",5.66614851992275e-05,NA,NA,NA
"run02_topology_LCN2",3656,"AKR1C1",5.66614851992275e-05,NA,NA,NA
"run02_topology_LCN2",3657,"PRKCZ",0.00127837750571802,NA,NA,NA
"run02_topology_LCN2",3658,"RASA1",5.55702489675181e-05,NA,NA,NA
"run02_topology_LCN2",3659,"KEAP1",8.90865911317151e-05,NA,NA,NA
"run02_topology_LCN2",3660,"PPIF",5.98208087934093e-05,NA,NA,NA
"run02_topology_LCN2",3661,"AURKB",0.000100012341094136,NA,NA,NA
"run02_topology_LCN2",3662,"DLG1",6.50075176803488e-05,NA,NA,NA
"run02_topology_LCN2",3663,"FABP4",8.52242665472236e-05,NA,NA,NA
"run02_topology_LCN2",3664,"CTSD",0.000133066364187417,NA,NA,NA
"run02_topology_LCN2",3665,"CPT1A",1.49157660161992e-05,NA,NA,NA
"run02_topology_LCN2",3666,"ACE2",6.17806475236016e-05,NA,NA,NA
"run02_topology_LCN2",3667,"ALDH1B1",0,NA,NA,NA
"run02_topology_LCN2",3668,"C3",4.60004945984638e-05,NA,NA,NA
"run02_topology_LCN2",3669,"CACNA1B",0,NA,NA,NA
"run02_topology_LCN2",3670,"AGTR1",7.87895413547623e-05,NA,NA,NA
"run02_topology_LCN2",3671,"C3",4.60004945984638e-05,NA,NA,NA
"run02_topology_LCN2",3672,"PARK7",5.03123803161643e-05,NA,NA,NA
"run02_topology_LCN2",3673,"PARK7",5.03123803161643e-05,NA,NA,NA
"run02_topology_LCN2",3674,"RYR2",4.78345186669671e-05,NA,NA,NA
"run02_topology_LCN2",3675,"AKR1C1",5.66614851992275e-05,NA,NA,NA
"run02_topology_LCN2",3676,"RYR2",4.78345186669671e-05,NA,NA,NA
"run02_topology_LCN2",3677,"GOT1",5.88174838508371e-05,NA,NA,NA
"run02_topology_LCN2",3678,"ALDH1B1",0,NA,NA,NA
"run02_topology_LCN2",3679,"ACTG1",2.72461711825489e-06,NA,NA,NA
"run02_topology_LCN2",3680,"CTSD",0.000133066364187417,NA,NA,NA
"run02_topology_LCN2",3681,"AKR1C1",5.66614851992275e-05,NA,NA,NA
"run02_topology_LCN2",3682,"AKR1D1",0.0010662752740489,NA,NA,NA
"run02_topology_LCN2",3683,"KEAP1",8.90865911317151e-05,NA,NA,NA
"run02_topology_LCN2",3684,"SLC6A4",7.25412905625555e-05,NA,NA,NA
"run02_topology_LCN2",3685,"FURIN",9.05415850372959e-05,NA,NA,NA
"run02_topology_LCN2",3686,"PPARD",4.39109792027548e-05,NA,NA,NA
"run02_topology_LCN2",3687,"CACNA1B",0,NA,NA,NA
"run02_topology_LCN2",3688,"RASA1",5.55702489675181e-05,NA,NA,NA
"run02_topology_LCN2",3689,"COL1A2",8.49027404237201e-06,NA,NA,NA
"run02_topology_LCN2",3690,"GRIA2",6.42468498274207e-05,NA,NA,NA
"run02_topology_LCN2",3691,"CYP2D6",2.95879994604009e-05,NA,NA,NA
"run02_topology_LCN2",3692,"ACACA",7.98311027262466e-05,NA,NA,NA
"run02_topology_LCN2",3693,"ACTG1",2.72461711825489e-06,NA,NA,NA
"run02_topology_LCN2",3694,"CACNA1B",0,NA,NA,NA
"run02_topology_LCN2",3695,"PARK7",5.03123803161643e-05,NA,NA,NA
"run02_topology_LCN2",3696,"BAX",8.97923976903581e-05,NA,NA,NA
"run02_topology_LCN2",3697,"ITGA5",0.00127400659039045,NA,NA,NA
"run02_topology_LCN2",3698,"BTK",0.000119272845312435,NA,NA,NA
"run02_topology_LCN2",3699,"GRIA2",6.42468498274207e-05,NA,NA,NA
"run02_topology_LCN2",3700,"NFATC1",5.51292228962996e-05,NA,NA,NA
"run02_topology_LCN2",3701,"ALDH1B1",0,NA,NA,NA
"run02_topology_LCN2",3702,"VIM",5.2598025607753e-05,NA,NA,NA
"run02_topology_LCN2",3703,"C3",4.60004945984638e-05,NA,NA,NA
"run02_topology_LCN2",3704,"ACSL1",4.92269468655993e-05,NA,NA,NA
"run02_topology_LCN2",3705,"C3",4.60004945984638e-05,NA,NA,NA
"run02_topology_LCN2",3706,"SLC6A4",7.25412905625555e-05,NA,NA,NA
"run02_topology_LCN2",3707,"RYR2",4.78345186669671e-05,NA,NA,NA
"run02_topology_LCN2",3708,"ALDH1B1",0,NA,NA,NA
"run02_topology_LCN2",3709,"COL1A2",8.49027404237201e-06,NA,NA,NA
"run02_topology_LCN2",3710,"CTSD",0.000133066364187417,NA,NA,NA
"run02_topology_LCN2",3711,"SCN1A",4.8526600018195e-05,NA,NA,NA
"run02_topology_LCN2",3712,"ITGA5",0.00127400659039045,NA,NA,NA
"run02_topology_LCN2",3713,"RYR1",8.59077355945814e-05,NA,NA,NA
"run02_topology_LCN2",3714,"PPARD",4.39109792027548e-05,NA,NA,NA
"run02_topology_LCN2",3715,"RYR1",8.59077355945814e-05,NA,NA,NA
"run02_topology_LCN2",3716,"AURKA",5.49029298524406e-05,NA,NA,NA
"run02_topology_LCN2",3717,"ACACA",7.98311027262466e-05,NA,NA,NA
"run02_topology_LCN2",3718,"CPT1A",1.49157660161992e-05,NA,NA,NA
"run02_topology_LCN2",3719,"CALR",4.38793673526172e-05,NA,NA,NA
"run02_topology_LCN2",3720,"RYR2",4.78345186669671e-05,NA,NA,NA
"run02_topology_LCN2",3721,"EIF2S1",0.000110140192739028,NA,NA,NA
"run02_topology_LCN2",3722,"CPT1A",1.49157660161992e-05,NA,NA,NA
"run02_topology_LCN2",3723,"COL1A2",8.49027404237201e-06,NA,NA,NA
"run02_topology_LCN2",3724,"DLG1",6.50075176803488e-05,NA,NA,NA
"run02_topology_LCN2",3725,"CYP2C19",1.83094707274511e-05,NA,NA,NA
"run02_topology_LCN2",3726,"ACTG1",2.72461711825489e-06,NA,NA,NA
"run02_topology_LCN2",3727,"ACACA",7.98311027262466e-05,NA,NA,NA
"run02_topology_LCN2",3728,"HSD3B2",2.44539251612608e-05,NA,NA,NA
"run02_topology_LCN2",3729,"ALDH3A1",7.8987277396747e-05,NA,NA,NA
"run02_topology_LCN2",3730,"PRKCZ",0.00127837750571802,NA,NA,NA
"run02_topology_LCN2",3731,"NFATC1",5.51292228962996e-05,NA,NA,NA
"run02_topology_LCN2",3732,"CPT1A",1.49157660161992e-05,NA,NA,NA
"run02_topology_LCN2",3733,"GOT1",5.88174838508371e-05,NA,NA,NA
"run02_topology_LCN2",3734,"RYR1",8.59077355945814e-05,NA,NA,NA
"run02_topology_LCN2",3735,"CACNA1B",0,NA,NA,NA
"run02_topology_LCN2",3736,"CPT1A",1.49157660161992e-05,NA,NA,NA
"run02_topology_LCN2",3737,"CALM2",0,NA,NA,NA
"run02_topology_LCN2",3738,"NFATC1",5.51292228962996e-05,NA,NA,NA
"run02_topology_LCN2",3739,"DLG1",6.50075176803488e-05,NA,NA,NA
"run02_topology_LCN2",3740,"AKR1D1",0.0010662752740489,NA,NA,NA
"run02_topology_LCN2",3741,"AGTR1",7.87895413547623e-05,NA,NA,NA
"run02_topology_LCN2",3742,"SCN1A",4.8526600018195e-05,NA,NA,NA
"run02_topology_LCN2",3743,"NDUFS3",7.91874029407724e-05,NA,NA,NA
"run02_topology_LCN2",3744,"AURKB",0.000100012341094136,NA,NA,NA
"run02_topology_LCN2",3745,"GRIA1",1.90084712514693e-06,NA,NA,NA
"run02_topology_LCN2",3746,"SLC6A4",7.25412905625555e-05,NA,NA,NA
"run02_topology_LCN2",3747,"ADH5",7.50101523409041e-05,NA,NA,NA
"run02_topology_LCN2",3748,"SCN1A",4.8526600018195e-05,NA,NA,NA
"run02_topology_LCN2",3749,"GRIA2",6.42468498274207e-05,NA,NA,NA
"run02_topology_LCN2",3750,"DLG1",6.50075176803488e-05,NA,NA,NA
"run02_topology_LCN2",3751,"ACACA",7.98311027262466e-05,NA,NA,NA
"run02_topology_LCN2",3752,"ACE2",6.17806475236016e-05,NA,NA,NA
"run02_topology_LCN2",3753,"CALM2",0,NA,NA,NA
"run02_topology_LCN2",3754,"ACE2",6.17806475236016e-05,NA,NA,NA
"run02_topology_LCN2",3755,"SCN1A",4.8526600018195e-05,NA,NA,NA
"run02_topology_LCN2",3756,"PARK7",5.03123803161643e-05,NA,NA,NA
"run02_topology_LCN2",3757,"RYR2",4.78345186669671e-05,NA,NA,NA
"run02_topology_LCN2",3758,"VIM",5.2598025607753e-05,NA,NA,NA
"run02_topology_LCN2",3759,"PRKCZ",0.00127837750571802,NA,NA,NA
"run02_topology_LCN2",3760,"KEAP1",8.90865911317151e-05,NA,NA,NA
"run02_topology_LCN2",3761,"ITGA5",0.00127400659039045,NA,NA,NA
"run02_topology_LCN2",3762,"CYP2C19",1.83094707274511e-05,NA,NA,NA
"run02_topology_LCN2",3763,"GLUD1",0.00010300883354164,NA,NA,NA
"run02_topology_LCN2",3764,"PPIF",5.98208087934093e-05,NA,NA,NA
"run02_topology_LCN2",3765,"NPPA",7.28658572474172e-05,NA,NA,NA
"run02_topology_LCN2",3766,"ADH5",7.50101523409041e-05,NA,NA,NA
"run02_topology_LCN2",3767,"VIM",5.2598025607753e-05,NA,NA,NA
"run02_topology_LCN2",3768,"GOT1",5.88174838508371e-05,NA,NA,NA
"run02_topology_LCN2",3769,"CALM2",0,NA,NA,NA
"run02_topology_LCN2",3770,"ITGA5",0.00127400659039045,NA,NA,NA
"run02_topology_LCN2",3771,"ACE2",6.17806475236016e-05,NA,NA,NA
"run02_topology_LCN2",3772,"PPARD",4.39109792027548e-05,NA,NA,NA
"run02_topology_LCN2",3773,"RYR1",8.59077355945814e-05,NA,NA,NA
"run02_topology_LCN2",3774,"DLG1",6.50075176803488e-05,NA,NA,NA
"run02_topology_LCN2",3775,"SLC6A4",7.25412905625555e-05,NA,NA,NA
"run02_topology_LCN2",3776,"ACACA",7.98311027262466e-05,NA,NA,NA
"run02_topology_LCN2",3777,"CALR",4.38793673526172e-05,NA,NA,NA
"run02_topology_LCN2",3778,"BTK",0.000119272845312435,NA,NA,NA
"run02_topology_LCN2",3779,"CACNA1B",0,NA,NA,NA
"run02_topology_LCN2",3780,"AURKA",5.49029298524406e-05,NA,NA,NA
"run02_topology_LCN2",3781,"ACACA",7.98311027262466e-05,NA,NA,NA
"run02_topology_LCN2",3782,"AURKA",5.49029298524406e-05,NA,NA,NA
"run02_topology_LCN2",3783,"HSD3B2",2.44539251612608e-05,NA,NA,NA
"run02_topology_LCN2",3784,"CYP2C19",1.83094707274511e-05,NA,NA,NA
"run02_topology_LCN2",3785,"GRIA2",6.42468498274207e-05,NA,NA,NA
"run02_topology_LCN2",3786,"COL1A2",8.49027404237201e-06,NA,NA,NA
"run02_topology_LCN2",3787,"GRIA1",1.90084712514693e-06,NA,NA,NA
"run02_topology_LCN2",3788,"AURKA",5.49029298524406e-05,NA,NA,NA
"run02_topology_LCN2",3789,"ACE2",6.17806475236016e-05,NA,NA,NA
"run02_topology_LCN2",3790,"ACSL1",4.92269468655993e-05,NA,NA,NA
"run02_topology_LCN2",3791,"C3",4.60004945984638e-05,NA,NA,NA
"run02_topology_LCN2",3792,"CYP2D6",2.95879994604009e-05,NA,NA,NA
"run02_topology_LCN2",3793,"BAX",8.97923976903581e-05,NA,NA,NA
"run02_topology_LCN2",3794,"ITGA5",0.00127400659039045,NA,NA,NA
"run02_topology_LCN2",3795,"CYP2D6",2.95879994604009e-05,NA,NA,NA
"run02_topology_LCN2",3796,"FABP4",8.52242665472236e-05,NA,NA,NA
"run02_topology_LCN2",3797,"CYP2C19",1.83094707274511e-05,NA,NA,NA
"run02_topology_LCN2",3798,"GOT1",5.88174838508371e-05,NA,NA,NA
"run02_topology_LCN2",3799,"NOS2",2.38274351227474e-05,NA,NA,NA
"run02_topology_LCN2",3800,"BTK",0.000119272845312435,NA,NA,NA
"run02_topology_LCN2",3801,"DLG1",6.50075176803488e-05,NA,NA,NA
"run02_topology_LCN2",3802,"PARK7",5.03123803161643e-05,NA,NA,NA
"run02_topology_LCN2",3803,"HSD3B2",2.44539251612608e-05,NA,NA,NA
"run02_topology_LCN2",3804,"ACTG1",2.72461711825489e-06,NA,NA,NA
"run02_topology_LCN2",3805,"AURKB",0.000100012341094136,NA,NA,NA
"run02_topology_LCN2",3806,"CACNA1B",0,NA,NA,NA
"run02_topology_LCN2",3807,"SCN1A",4.8526600018195e-05,NA,NA,NA
"run02_topology_LCN2",3808,"NDUFS3",7.91874029407724e-05,NA,NA,NA
"run02_topology_LCN2",3809,"EIF2AK2",0.000116554297583948,NA,NA,NA
"run02_topology_LCN2",3810,"NFATC1",5.51292228962996e-05,NA,NA,NA
"run02_topology_LCN2",3811,"PPARD",4.39109792027548e-05,NA,NA,NA
"run02_topology_LCN2",3812,"PPIF",5.98208087934093e-05,NA,NA,NA
"run02_topology_LCN2",3813,"NFATC1",5.51292228962996e-05,NA,NA,NA
"run02_topology_LCN2",3814,"PPIF",5.98208087934093e-05,NA,NA,NA
"run02_topology_LCN2",3815,"ACACA",7.98311027262466e-05,NA,NA,NA
"run02_topology_LCN2",3816,"PPARD",4.39109792027548e-05,NA,NA,NA
"run02_topology_LCN2",3817,"ACE2",6.17806475236016e-05,NA,NA,NA
"run02_topology_LCN2",3818,"RYR1",8.59077355945814e-05,NA,NA,NA
"run02_topology_LCN2",3819,"NOS2",2.38274351227474e-05,NA,NA,NA
"run02_topology_LCN2",3820,"VIM",5.2598025607753e-05,NA,NA,NA
"run02_topology_LCN2",3821,"SLC6A4",7.25412905625555e-05,NA,NA,NA
"run02_topology_LCN2",3822,"GRIA1",1.90084712514693e-06,NA,NA,NA
"run02_topology_LCN2",3823,"AKR1C1",5.66614851992275e-05,NA,NA,NA
"run02_topology_LCN2",3824,"SLC6A4",7.25412905625555e-05,NA,NA,NA
"run02_topology_LCN2",3825,"CPT1A",1.49157660161992e-05,NA,NA,NA
"run02_topology_LCN2",3826,"ADH5",7.50101523409041e-05,NA,NA,NA
"run02_topology_LCN2",3827,"AGTR1",7.87895413547623e-05,NA,NA,NA
"run02_topology_LCN2",3828,"ALDH3A1",7.8987277396747e-05,NA,NA,NA
"run02_topology_LCN2",3829,"CALM2",0,NA,NA,NA
"run02_topology_LCN2",3830,"C3",4.60004945984638e-05,NA,NA,NA
"run02_topology_LCN2",3831,"DLG1",6.50075176803488e-05,NA,NA,NA
"run02_topology_LCN2",3832,"PARK7",5.03123803161643e-05,NA,NA,NA
"run02_topology_LCN2",3833,"RASA1",5.55702489675181e-05,NA,NA,NA
"run02_topology_LCN2",3834,"GOT1",5.88174838508371e-05,NA,NA,NA
"run02_topology_LCN2",3835,"ALDH1B1",0,NA,NA,NA
"run02_topology_LCN2",3836,"HSD3B2",2.44539251612608e-05,NA,NA,NA
"run02_topology_LCN2",3837,"BAX",8.97923976903581e-05,NA,NA,NA
"run02_topology_LCN2",3838,"CYP2D6",2.95879994604009e-05,NA,NA,NA
"run02_topology_LCN2",3839,"GRIA1",1.90084712514693e-06,NA,NA,NA
"run02_topology_LCN2",3840,"NDUFS3",7.91874029407724e-05,NA,NA,NA
"run02_topology_LCN2",3841,"NFATC1",5.51292228962996e-05,NA,NA,NA
"run02_topology_LCN2",3842,"AGTR1",7.87895413547623e-05,NA,NA,NA
"run02_topology_LCN2",3843,"PARK7",5.03123803161643e-05,NA,NA,NA
"run02_topology_LCN2",3844,"RASA1",5.55702489675181e-05,NA,NA,NA
"run02_topology_LCN2",3845,"HSD3B2",2.44539251612608e-05,NA,NA,NA
"run02_topology_LCN2",3846,"SLC6A4",7.25412905625555e-05,NA,NA,NA
"run02_topology_LCN2",3847,"KEAP1",8.90865911317151e-05,NA,NA,NA
"run02_topology_LCN2",3848,"BAX",8.97923976903581e-05,NA,NA,NA
"run02_topology_LCN2",3849,"VIM",5.2598025607753e-05,NA,NA,NA
"run02_topology_LCN2",3850,"NDUFS3",7.91874029407724e-05,NA,NA,NA
"run02_topology_LCN2",3851,"FURIN",9.05415850372959e-05,NA,NA,NA
"run02_topology_LCN2",3852,"EIF2S1",0.000110140192739028,NA,NA,NA
"run02_topology_LCN2",3853,"EIF2AK2",0.000116554297583948,NA,NA,NA
"run02_topology_LCN2",3854,"AKR1D1",0.0010662752740489,NA,NA,NA
"run02_topology_LCN2",3855,"NFATC1",5.51292228962996e-05,NA,NA,NA
"run02_topology_LCN2",3856,"AURKA",5.49029298524406e-05,NA,NA,NA
"run02_topology_LCN2",3857,"AGTR1",7.87895413547623e-05,NA,NA,NA
"run02_topology_LCN2",3858,"CALR",4.38793673526172e-05,NA,NA,NA
"run02_topology_LCN2",3859,"CALM2",0,NA,NA,NA
"run02_topology_LCN2",3860,"ACACA",7.98311027262466e-05,NA,NA,NA
"run02_topology_LCN2",3861,"DLG1",6.50075176803488e-05,NA,NA,NA
"run02_topology_LCN2",3862,"AGTR1",7.87895413547623e-05,NA,NA,NA
"run02_topology_LCN2",3863,"NFATC1",5.51292228962996e-05,NA,NA,NA
"run02_topology_LCN2",3864,"GLUD1",0.00010300883354164,NA,NA,NA
"run02_topology_LCN2",3865,"GLUD1",0.00010300883354164,NA,NA,NA
"run02_topology_LCN2",3866,"RYR1",8.59077355945814e-05,NA,NA,NA
"run02_topology_LCN2",3867,"ALDH3A1",7.8987277396747e-05,NA,NA,NA
"run02_topology_LCN2",3868,"C3",4.60004945984638e-05,NA,NA,NA
"run02_topology_LCN2",3869,"CYP17A1",3.31356115126358e-05,NA,NA,NA
"run02_topology_LCN2",3870,"VIM",5.2598025607753e-05,NA,NA,NA
"run02_topology_LCN2",3871,"AGTR1",7.87895413547623e-05,NA,NA,NA
"run02_topology_LCN2",3872,"COL1A2",8.49027404237201e-06,NA,NA,NA
"run02_topology_LCN2",3873,"RYR2",4.78345186669671e-05,NA,NA,NA
"run02_topology_LCN2",3874,"NDUFS3",7.91874029407724e-05,NA,NA,NA
"run02_topology_LCN2",3875,"NFATC1",5.51292228962996e-05,NA,NA,NA
"run02_topology_LCN2",3876,"CACNA1B",0,NA,NA,NA
"run02_topology_LCN2",3877,"ACE2",6.17806475236016e-05,NA,NA,NA
"run02_topology_LCN2",3878,"AKR1C1",5.66614851992275e-05,NA,NA,NA
"run02_topology_LCN2",3879,"GRIA2",6.42468498274207e-05,NA,NA,NA
"run02_topology_LCN2",3880,"ALDH1B1",0,NA,NA,NA
"run02_topology_LCN2",3881,"GLUD1",0.00010300883354164,NA,NA,NA
"run02_topology_LCN2",3882,"DLG1",6.50075176803488e-05,NA,NA,NA
"run02_topology_LCN2",3883,"CYP2D6",2.95879994604009e-05,NA,NA,NA
"run02_topology_LCN2",3884,"NDUFS3",7.91874029407724e-05,NA,NA,NA
"run02_topology_LCN2",3885,"COL1A2",8.49027404237201e-06,NA,NA,NA
"run02_topology_LCN2",3886,"HSD3B2",2.44539251612608e-05,NA,NA,NA
"run02_topology_LCN2",3887,"EIF2AK2",0.000116554297583948,NA,NA,NA
"run02_topology_LCN2",3888,"AKR1C1",5.66614851992275e-05,NA,NA,NA
"run02_topology_LCN2",3889,"AGTR1",7.87895413547623e-05,NA,NA,NA
"run02_topology_LCN2",3890,"ADH5",7.50101523409041e-05,NA,NA,NA
"run02_topology_LCN2",3891,"CYP2C19",1.83094707274511e-05,NA,NA,NA
"run02_topology_LCN2",3892,"ACE2",6.17806475236016e-05,NA,NA,NA
"run02_topology_LCN2",3893,"C3",4.60004945984638e-05,NA,NA,NA
"run02_topology_LCN2",3894,"NDUFS3",7.91874029407724e-05,NA,NA,NA
"run02_topology_LCN2",3895,"RYR2",4.78345186669671e-05,NA,NA,NA
"run02_topology_LCN2",3896,"CALR",4.38793673526172e-05,NA,NA,NA
"run02_topology_LCN2",3897,"BTK",0.000119272845312435,NA,NA,NA
"run02_topology_LCN2",3898,"AGTR1",7.87895413547623e-05,NA,NA,NA
"run02_topology_LCN2",3899,"CYP17A1",3.31356115126358e-05,NA,NA,NA
"run02_topology_LCN2",3900,"KEAP1",8.90865911317151e-05,NA,NA,NA
"run02_topology_LCN2",3901,"AKR1C1",5.66614851992275e-05,NA,NA,NA
"run02_topology_LCN2",3902,"SLC6A4",7.25412905625555e-05,NA,NA,NA
"run02_topology_LCN2",3903,"C3",4.60004945984638e-05,NA,NA,NA
"run02_topology_LCN2",3904,"CYP2C19",1.83094707274511e-05,NA,NA,NA
"run02_topology_LCN2",3905,"AKR1C1",5.66614851992275e-05,NA,NA,NA
"run02_topology_LCN2",3906,"PRKCZ",0.00127837750571802,NA,NA,NA
"run02_topology_LCN2",3907,"DLG1",6.50075176803488e-05,NA,NA,NA
"run02_topology_LCN2",3908,"DLG1",6.50075176803488e-05,NA,NA,NA
"run02_topology_LCN2",3909,"CYP17A1",3.31356115126358e-05,NA,NA,NA
"run02_topology_LCN2",3910,"NOS2",2.38274351227474e-05,NA,NA,NA
"run02_topology_LCN2",3911,"PPIF",5.98208087934093e-05,NA,NA,NA
"run02_topology_LCN2",3912,"NDUFS3",7.91874029407724e-05,NA,NA,NA
"run02_topology_LCN2",3913,"GRIA2",6.42468498274207e-05,NA,NA,NA
"run02_topology_LCN2",3914,"ALDH3A1",7.8987277396747e-05,NA,NA,NA
"run02_topology_LCN2",3915,"PPIF",5.98208087934093e-05,NA,NA,NA
"run02_topology_LCN2",3916,"CTSD",0.000133066364187417,NA,NA,NA
"run02_topology_LCN2",3917,"PPARD",4.39109792027548e-05,NA,NA,NA
"run02_topology_LCN2",3918,"FURIN",9.05415850372959e-05,NA,NA,NA
"run02_topology_LCN2",3919,"ALDH3A1",7.8987277396747e-05,NA,NA,NA
"run02_topology_LCN2",3920,"ALDH1B1",0,NA,NA,NA
"run02_topology_LCN2",3921,"AURKA",5.49029298524406e-05,NA,NA,NA
"run02_topology_LCN2",3922,"AKR1C1",5.66614851992275e-05,NA,NA,NA
"run02_topology_LCN2",3923,"CYP2D6",2.95879994604009e-05,NA,NA,NA
"run02_topology_LCN2",3924,"NPPA",7.28658572474172e-05,NA,NA,NA
"run02_topology_LCN2",3925,"ACE2",6.17806475236016e-05,NA,NA,NA
"run02_topology_LCN2",3926,"AGTR1",7.87895413547623e-05,NA,NA,NA
"run02_topology_LCN2",3927,"GRIA1",1.90084712514693e-06,NA,NA,NA
"run02_topology_LCN2",3928,"FABP4",8.52242665472236e-05,NA,NA,NA
"run02_topology_LCN2",3929,"C3",4.60004945984638e-05,NA,NA,NA
"run02_topology_LCN2",3930,"COL1A2",8.49027404237201e-06,NA,NA,NA
"run02_topology_LCN2",3931,"KEAP1",8.90865911317151e-05,NA,NA,NA
"run02_topology_LCN2",3932,"EIF2AK2",0.000116554297583948,NA,NA,NA
"run02_topology_LCN2",3933,"BAX",8.97923976903581e-05,NA,NA,NA
"run02_topology_LCN2",3934,"NPPA",7.28658572474172e-05,NA,NA,NA
"run02_topology_LCN2",3935,"PPIF",5.98208087934093e-05,NA,NA,NA
"run02_topology_LCN2",3936,"AGTR1",7.87895413547623e-05,NA,NA,NA
"run02_topology_LCN2",3937,"HSD3B2",2.44539251612608e-05,NA,NA,NA
"run02_topology_LCN2",3938,"NOS2",2.38274351227474e-05,NA,NA,NA
"run02_topology_LCN2",3939,"RYR2",4.78345186669671e-05,NA,NA,NA
"run02_topology_LCN2",3940,"GRIA2",6.42468498274207e-05,NA,NA,NA
"run02_topology_LCN2",3941,"BAX",8.97923976903581e-05,NA,NA,NA
"run02_topology_LCN2",3942,"HSD3B2",2.44539251612608e-05,NA,NA,NA
"run02_topology_LCN2",3943,"DLG1",6.50075176803488e-05,NA,NA,NA
"run02_topology_LCN2",3944,"NOS2",2.38274351227474e-05,NA,NA,NA
"run02_topology_LCN2",3945,"FABP4",8.52242665472236e-05,NA,NA,NA
"run02_topology_LCN2",3946,"CYP2D6",2.95879994604009e-05,NA,NA,NA
"run02_topology_LCN2",3947,"CALR",4.38793673526172e-05,NA,NA,NA
"run02_topology_LCN2",3948,"ACE2",6.17806475236016e-05,NA,NA,NA
"run02_topology_LCN2",3949,"CYP2C19",1.83094707274511e-05,NA,NA,NA
"run02_topology_LCN2",3950,"CALM2",0,NA,NA,NA
"run02_topology_LCN2",3951,"AURKB",0.000100012341094136,NA,NA,NA
"run02_topology_LCN2",3952,"ADH5",7.50101523409041e-05,NA,NA,NA
"run02_topology_LCN2",3953,"RASA1",5.55702489675181e-05,NA,NA,NA
"run02_topology_LCN2",3954,"EIF2S1",0.000110140192739028,NA,NA,NA
"run02_topology_LCN2",3955,"CYP2C19",1.83094707274511e-05,NA,NA,NA
"run02_topology_LCN2",3956,"CTSD",0.000133066364187417,NA,NA,NA
"run02_topology_LCN2",3957,"ACSL1",4.92269468655993e-05,NA,NA,NA
"run02_topology_LCN2",3958,"C3",4.60004945984638e-05,NA,NA,NA
"run02_topology_LCN2",3959,"RASA1",5.55702489675181e-05,NA,NA,NA
"run02_topology_LCN2",3960,"ALDH1B1",0,NA,NA,NA
"run02_topology_LCN2",3961,"CACNA1B",0,NA,NA,NA
"run02_topology_LCN2",3962,"ALDH3A1",7.8987277396747e-05,NA,NA,NA
"run02_topology_LCN2",3963,"CALR",4.38793673526172e-05,NA,NA,NA
"run02_topology_LCN2",3964,"ALDH1B1",0,NA,NA,NA
"run02_topology_LCN2",3965,"NOS2",2.38274351227474e-05,NA,NA,NA
"run02_topology_LCN2",3966,"ACTG1",2.72461711825489e-06,NA,NA,NA
"run02_topology_LCN2",3967,"ACTG1",2.72461711825489e-06,NA,NA,NA
"run02_topology_LCN2",3968,"PPIF",5.98208087934093e-05,NA,NA,NA
"run02_topology_LCN2",3969,"ALDH1B1",0,NA,NA,NA
"run02_topology_LCN2",3970,"ADH5",7.50101523409041e-05,NA,NA,NA
"run02_topology_LCN2",3971,"GOT1",5.88174838508371e-05,NA,NA,NA
"run02_topology_LCN2",3972,"KEAP1",8.90865911317151e-05,NA,NA,NA
"run02_topology_LCN2",3973,"NPPA",7.28658572474172e-05,NA,NA,NA
"run02_topology_LCN2",3974,"AKR1C1",5.66614851992275e-05,NA,NA,NA
"run02_topology_LCN2",3975,"HSD3B2",2.44539251612608e-05,NA,NA,NA
"run02_topology_LCN2",3976,"AGTR1",7.87895413547623e-05,NA,NA,NA
"run02_topology_LCN2",3977,"CYP2D6",2.95879994604009e-05,NA,NA,NA
"run02_topology_LCN2",3978,"GOT1",5.88174838508371e-05,NA,NA,NA
"run02_topology_LCN2",3979,"GOT1",5.88174838508371e-05,NA,NA,NA
"run02_topology_LCN2",3980,"COL1A2",8.49027404237201e-06,NA,NA,NA
"run02_topology_LCN2",3981,"DLG1",6.50075176803488e-05,NA,NA,NA
"run02_topology_LCN2",3982,"ACACA",7.98311027262466e-05,NA,NA,NA
"run02_topology_LCN2",3983,"RASA1",5.55702489675181e-05,NA,NA,NA
"run02_topology_LCN2",3984,"RYR1",8.59077355945814e-05,NA,NA,NA
"run02_topology_LCN2",3985,"CYP2D6",2.95879994604009e-05,NA,NA,NA
"run02_topology_LCN2",3986,"ITGA5",0.00127400659039045,NA,NA,NA
"run02_topology_LCN2",3987,"ACSL1",4.92269468655993e-05,NA,NA,NA
"run02_topology_LCN2",3988,"NDUFS3",7.91874029407724e-05,NA,NA,NA
"run02_topology_LCN2",3989,"ACE2",6.17806475236016e-05,NA,NA,NA
"run02_topology_LCN2",3990,"EIF2S1",0.000110140192739028,NA,NA,NA
"run02_topology_LCN2",3991,"ALDH1B1",0,NA,NA,NA
"run02_topology_LCN2",3992,"AKR1D1",0.0010662752740489,NA,NA,NA
"run02_topology_LCN2",3993,"PRKCZ",0.00127837750571802,NA,NA,NA
"run02_topology_LCN2",3994,"RASA1",5.55702489675181e-05,NA,NA,NA
"run02_topology_LCN2",3995,"AGTR1",7.87895413547623e-05,NA,NA,NA
"run02_topology_LCN2",3996,"GOT1",5.88174838508371e-05,NA,NA,NA
"run02_topology_LCN2",3997,"GRIA1",1.90084712514693e-06,NA,NA,NA
"run02_topology_LCN2",3998,"EIF2AK2",0.000116554297583948,NA,NA,NA
"run02_topology_LCN2",3999,"GOT1",5.88174838508371e-05,NA,NA,NA
"run02_topology_LCN2",4000,"CPT1A",1.49157660161992e-05,NA,NA,NA
"run02_topology_LCN2",4001,"CPT1A",1.49157660161992e-05,NA,NA,NA
"run02_topology_LCN2",4002,"CTSD",0.000133066364187417,NA,NA,NA
"run02_topology_LCN2",4003,"PARK7",5.03123803161643e-05,NA,NA,NA
"run02_topology_LCN2",4004,"NDUFS3",7.91874029407724e-05,NA,NA,NA
"run02_topology_LCN2",4005,"GRIA2",6.42468498274207e-05,NA,NA,NA
"run02_topology_LCN2",4006,"ITGA5",0.00127400659039045,NA,NA,NA
"run02_topology_LCN2",4007,"VIM",5.2598025607753e-05,NA,NA,NA
"run02_topology_LCN2",4008,"SCN1A",4.8526600018195e-05,NA,NA,NA
"run02_topology_LCN2",4009,"EIF2S1",0.000110140192739028,NA,NA,NA
"run02_topology_LCN2",4010,"NDUFS3",7.91874029407724e-05,NA,NA,NA
"run02_topology_LCN2",4011,"ACSL1",4.92269468655993e-05,NA,NA,NA
"run02_topology_LCN2",4012,"GOT1",5.88174838508371e-05,NA,NA,NA
"run02_topology_LCN2",4013,"CTSD",0.000133066364187417,NA,NA,NA
"run02_topology_LCN2",4014,"NDUFS3",7.91874029407724e-05,NA,NA,NA
"run02_topology_LCN2",4015,"CALM2",0,NA,NA,NA
"run02_topology_LCN2",4016,"PPIF",5.98208087934093e-05,NA,NA,NA
"run02_topology_LCN2",4017,"EIF2S1",0.000110140192739028,NA,NA,NA
"run02_topology_LCN2",4018,"AURKB",0.000100012341094136,NA,NA,NA
"run02_topology_LCN2",4019,"PARK7",5.03123803161643e-05,NA,NA,NA
"run02_topology_LCN2",4020,"EIF2AK2",0.000116554297583948,NA,NA,NA
"run02_topology_LCN2",4021,"BAX",8.97923976903581e-05,NA,NA,NA
"run02_topology_LCN2",4022,"COL1A2",8.49027404237201e-06,NA,NA,NA
"run02_topology_LCN2",4023,"CYP2D6",2.95879994604009e-05,NA,NA,NA
"run02_topology_LCN2",4024,"NDUFS3",7.91874029407724e-05,NA,NA,NA
"run02_topology_LCN2",4025,"ITGA5",0.00127400659039045,NA,NA,NA
"run02_topology_LCN2",4026,"CALM2",0,NA,NA,NA
"run02_topology_LCN2",4027,"ALDH3A1",7.8987277396747e-05,NA,NA,NA
"run02_topology_LCN2",4028,"ACTG1",2.72461711825489e-06,NA,NA,NA
"run02_topology_LCN2",4029,"ACTG1",2.72461711825489e-06,NA,NA,NA
"run02_topology_LCN2",4030,"GRIA1",1.90084712514693e-06,NA,NA,NA
"run02_topology_LCN2",4031,"ACTG1",2.72461711825489e-06,NA,NA,NA
"run02_topology_LCN2",4032,"CYP17A1",3.31356115126358e-05,NA,NA,NA
"run02_topology_LCN2",4033,"CYP2D6",2.95879994604009e-05,NA,NA,NA
"run02_topology_LCN2",4034,"ADH5",7.50101523409041e-05,NA,NA,NA
"run02_topology_LCN2",4035,"ADH5",7.50101523409041e-05,NA,NA,NA
"run02_topology_LCN2",4036,"NFATC1",5.51292228962996e-05,NA,NA,NA
"run02_topology_LCN2",4037,"HSD3B2",2.44539251612608e-05,NA,NA,NA
"run02_topology_LCN2",4038,"CALR",4.38793673526172e-05,NA,NA,NA
"run02_topology_LCN2",4039,"AGTR1",7.87895413547623e-05,NA,NA,NA
"run02_topology_LCN2",4040,"PRKCZ",0.00127837750571802,NA,NA,NA
"run02_topology_LCN2",4041,"AKR1D1",0.0010662752740489,NA,NA,NA
"run02_topology_LCN2",4042,"GRIA2",6.42468498274207e-05,NA,NA,NA
"run02_topology_LCN2",4043,"RYR1",8.59077355945814e-05,NA,NA,NA
"run02_topology_LCN2",4044,"PPARD",4.39109792027548e-05,NA,NA,NA
"run02_topology_LCN2",4045,"BAX",8.97923976903581e-05,NA,NA,NA
"run02_topology_LCN2",4046,"CTSD",0.000133066364187417,NA,NA,NA
"run02_topology_LCN2",4047,"RYR1",8.59077355945814e-05,NA,NA,NA
"run02_topology_LCN2",4048,"PARK7",5.03123803161643e-05,NA,NA,NA
"run02_topology_LCN2",4049,"VIM",5.2598025607753e-05,NA,NA,NA
"run02_topology_LCN2",4050,"SLC6A4",7.25412905625555e-05,NA,NA,NA
"run02_topology_LCN2",4051,"DLG1",6.50075176803488e-05,NA,NA,NA
"run02_topology_LCN2",4052,"EIF2AK2",0.000116554297583948,NA,NA,NA
"run02_topology_LCN2",4053,"KEAP1",8.90865911317151e-05,NA,NA,NA
"run02_topology_LCN2",4054,"CACNA1B",0,NA,NA,NA
"run02_topology_LCN2",4055,"ACSL1",4.92269468655993e-05,NA,NA,NA
"run02_topology_LCN2",4056,"KEAP1",8.90865911317151e-05,NA,NA,NA
"run02_topology_LCN2",4057,"GRIA1",1.90084712514693e-06,NA,NA,NA
"run02_topology_LCN2",4058,"ACACA",7.98311027262466e-05,NA,NA,NA
"run02_topology_LCN2",4059,"C3",4.60004945984638e-05,NA,NA,NA
"run02_topology_LCN2",4060,"ALDH1B1",0,NA,NA,NA
"run02_topology_LCN2",4061,"SLC6A4",7.25412905625555e-05,NA,NA,NA
"run02_topology_LCN2",4062,"CPT1A",1.49157660161992e-05,NA,NA,NA
"run02_topology_LCN2",4063,"CALM2",0,NA,NA,NA
"run02_topology_LCN2",4064,"AURKB",0.000100012341094136,NA,NA,NA
"run02_topology_LCN2",4065,"ACTG1",2.72461711825489e-06,NA,NA,NA
"run02_topology_LCN2",4066,"ACE2",6.17806475236016e-05,NA,NA,NA
"run02_topology_LCN2",4067,"CALR",4.38793673526172e-05,NA,NA,NA
"run02_topology_LCN2",4068,"DLG1",6.50075176803488e-05,NA,NA,NA
"run02_topology_LCN2",4069,"CALM2",0,NA,NA,NA
"run02_topology_LCN2",4070,"AKR1D1",0.0010662752740489,NA,NA,NA
"run02_topology_LCN2",4071,"NFATC1",5.51292228962996e-05,NA,NA,NA
"run02_topology_LCN2",4072,"BTK",0.000119272845312435,NA,NA,NA
"run02_topology_LCN2",4073,"BAX",8.97923976903581e-05,NA,NA,NA
"run02_topology_LCN2",4074,"ITGA5",0.00127400659039045,NA,NA,NA
"run02_topology_LCN2",4075,"NDUFS3",7.91874029407724e-05,NA,NA,NA
"run02_topology_LCN2",4076,"AKR1D1",0.0010662752740489,NA,NA,NA
"run02_topology_LCN2",4077,"CALR",4.38793673526172e-05,NA,NA,NA
"run02_topology_LCN2",4078,"EIF2S1",0.000110140192739028,NA,NA,NA
"run02_topology_LCN2",4079,"SCN1A",4.8526600018195e-05,NA,NA,NA
"run02_topology_LCN2",4080,"VIM",5.2598025607753e-05,NA,NA,NA
"run02_topology_LCN2",4081,"ACTG1",2.72461711825489e-06,NA,NA,NA
"run02_topology_LCN2",4082,"CALR",4.38793673526172e-05,NA,NA,NA
"run02_topology_LCN2",4083,"COL1A2",8.49027404237201e-06,NA,NA,NA
"run02_topology_LCN2",4084,"PPIF",5.98208087934093e-05,NA,NA,NA
"run02_topology_LCN2",4085,"GRIA1",1.90084712514693e-06,NA,NA,NA
"run02_topology_LCN2",4086,"VIM",5.2598025607753e-05,NA,NA,NA
"run02_topology_LCN2",4087,"CALR",4.38793673526172e-05,NA,NA,NA
"run02_topology_LCN2",4088,"FABP4",8.52242665472236e-05,NA,NA,NA
"run02_topology_LCN2",4089,"DLG1",6.50075176803488e-05,NA,NA,NA
"run02_topology_LCN2",4090,"PPARD",4.39109792027548e-05,NA,NA,NA
"run02_topology_LCN2",4091,"AKR1C1",5.66614851992275e-05,NA,NA,NA
"run02_topology_LCN2",4092,"COL1A2",8.49027404237201e-06,NA,NA,NA
"run02_topology_LCN2",4093,"NPPA",7.28658572474172e-05,NA,NA,NA
"run02_topology_LCN2",4094,"C3",4.60004945984638e-05,NA,NA,NA
"run02_topology_LCN2",4095,"C3",4.60004945984638e-05,NA,NA,NA
"run02_topology_LCN2",4096,"ACACA",7.98311027262466e-05,NA,NA,NA
"run02_topology_LCN2",4097,"GRIA2",6.42468498274207e-05,NA,NA,NA
"run02_topology_LCN2",4098,"CYP2D6",2.95879994604009e-05,NA,NA,NA
"run02_topology_LCN2",4099,"FABP4",8.52242665472236e-05,NA,NA,NA
"run02_topology_LCN2",4100,"NOS2",2.38274351227474e-05,NA,NA,NA
"run02_topology_LCN2",4101,"PRKCZ",0.00127837750571802,NA,NA,NA
"run02_topology_LCN2",4102,"GLUD1",0.00010300883354164,NA,NA,NA
"run02_topology_LCN2",4103,"AURKA",5.49029298524406e-05,NA,NA,NA
"run02_topology_LCN2",4104,"BAX",8.97923976903581e-05,NA,NA,NA
"run02_topology_LCN2",4105,"PPARD",4.39109792027548e-05,NA,NA,NA
"run02_topology_LCN2",4106,"CALM2",0,NA,NA,NA
"run02_topology_LCN2",4107,"C3",4.60004945984638e-05,NA,NA,NA
"run02_topology_LCN2",4108,"FABP4",8.52242665472236e-05,NA,NA,NA
"run02_topology_LCN2",4109,"RYR1",8.59077355945814e-05,NA,NA,NA
"run02_topology_LCN2",4110,"CPT1A",1.49157660161992e-05,NA,NA,NA
"run02_topology_LCN2",4111,"COL1A2",8.49027404237201e-06,NA,NA,NA
"run02_topology_LCN2",4112,"AGTR1",7.87895413547623e-05,NA,NA,NA
"run02_topology_LCN2",4113,"CTSD",0.000133066364187417,NA,NA,NA
"run02_topology_LCN2",4114,"GRIA2",6.42468498274207e-05,NA,NA,NA
"run02_topology_LCN2",4115,"SLC6A4",7.25412905625555e-05,NA,NA,NA
"run02_topology_LCN2",4116,"PRKCZ",0.00127837750571802,NA,NA,NA
"run02_topology_LCN2",4117,"ALDH3A1",7.8987277396747e-05,NA,NA,NA
"run02_topology_LCN2",4118,"CALR",4.38793673526172e-05,NA,NA,NA
"run02_topology_LCN2",4119,"PPARD",4.39109792027548e-05,NA,NA,NA
"run02_topology_LCN2",4120,"NOS2",2.38274351227474e-05,NA,NA,NA
"run02_topology_LCN2",4121,"AKR1C1",5.66614851992275e-05,NA,NA,NA
"run02_topology_LCN2",4122,"KEAP1",8.90865911317151e-05,NA,NA,NA
"run02_topology_LCN2",4123,"PPIF",5.98208087934093e-05,NA,NA,NA
"run02_topology_LCN2",4124,"ACE2",6.17806475236016e-05,NA,NA,NA
"run02_topology_LCN2",4125,"KEAP1",8.90865911317151e-05,NA,NA,NA
"run02_topology_LCN2",4126,"GRIA1",1.90084712514693e-06,NA,NA,NA
"run02_topology_LCN2",4127,"NFATC1",5.51292228962996e-05,NA,NA,NA
"run02_topology_LCN2",4128,"NPPA",7.28658572474172e-05,NA,NA,NA
"run02_topology_LCN2",4129,"ADH5",7.50101523409041e-05,NA,NA,NA
"run02_topology_LCN2",4130,"FURIN",9.05415850372959e-05,NA,NA,NA
"run02_topology_LCN2",4131,"PPARD",4.39109792027548e-05,NA,NA,NA
"run02_topology_LCN2",4132,"ALDH1B1",0,NA,NA,NA
"run02_topology_LCN2",4133,"ACSL1",4.92269468655993e-05,NA,NA,NA
"run02_topology_LCN2",4134,"FURIN",9.05415850372959e-05,NA,NA,NA
"run02_topology_LCN2",4135,"ACSL1",4.92269468655993e-05,NA,NA,NA
"run02_topology_LCN2",4136,"GRIA2",6.42468498274207e-05,NA,NA,NA
"run02_topology_LCN2",4137,"PPARD",4.39109792027548e-05,NA,NA,NA
"run02_topology_LCN2",4138,"ACACA",7.98311027262466e-05,NA,NA,NA
"run02_topology_LCN2",4139,"RYR1",8.59077355945814e-05,NA,NA,NA
"run02_topology_LCN2",4140,"AKR1C1",5.66614851992275e-05,NA,NA,NA
"run02_topology_LCN2",4141,"NDUFS3",7.91874029407724e-05,NA,NA,NA
"run02_topology_LCN2",4142,"RASA1",5.55702489675181e-05,NA,NA,NA
"run02_topology_LCN2",4143,"BTK",0.000119272845312435,NA,NA,NA
"run02_topology_LCN2",4144,"GRIA1",1.90084712514693e-06,NA,NA,NA
"run02_topology_LCN2",4145,"ACE2",6.17806475236016e-05,NA,NA,NA
"run02_topology_LCN2",4146,"ALDH1B1",0,NA,NA,NA
"run02_topology_LCN2",4147,"DLG1",6.50075176803488e-05,NA,NA,NA
"run02_topology_LCN2",4148,"PRKCZ",0.00127837750571802,NA,NA,NA
"run02_topology_LCN2",4149,"PRKCZ",0.00127837750571802,NA,NA,NA
"run02_topology_LCN2",4150,"FABP4",8.52242665472236e-05,NA,NA,NA
"run02_topology_LCN2",4151,"FABP4",8.52242665472236e-05,NA,NA,NA
"run02_topology_LCN2",4152,"PARK7",5.03123803161643e-05,NA,NA,NA
"run02_topology_LCN2",4153,"ADH5",7.50101523409041e-05,NA,NA,NA
"run02_topology_LCN2",4154,"AKR1C1",5.66614851992275e-05,NA,NA,NA
"run02_topology_LCN2",4155,"GRIA1",1.90084712514693e-06,NA,NA,NA
"run02_topology_LCN2",4156,"ALDH3A1",7.8987277396747e-05,NA,NA,NA
"run02_topology_LCN2",4157,"PPIF",5.98208087934093e-05,NA,NA,NA
"run02_topology_LCN2",4158,"CALM2",0,NA,NA,NA
"run02_topology_LCN2",4159,"ADH5",7.50101523409041e-05,NA,NA,NA
"run02_topology_LCN2",4160,"FURIN",9.05415850372959e-05,NA,NA,NA
"run02_topology_LCN2",4161,"FURIN",9.05415850372959e-05,NA,NA,NA
"run02_topology_LCN2",4162,"DLG1",6.50075176803488e-05,NA,NA,NA
"run02_topology_LCN2",4163,"NPPA",7.28658572474172e-05,NA,NA,NA
"run02_topology_LCN2",4164,"PARK7",5.03123803161643e-05,NA,NA,NA
"run02_topology_LCN2",4165,"C3",4.60004945984638e-05,NA,NA,NA
"run02_topology_LCN2",4166,"PPARD",4.39109792027548e-05,NA,NA,NA
"run02_topology_LCN2",4167,"EIF2S1",0.000110140192739028,NA,NA,NA
"run02_topology_LCN2",4168,"ACSL1",4.92269468655993e-05,NA,NA,NA
"run02_topology_LCN2",4169,"AURKA",5.49029298524406e-05,NA,NA,NA
"run02_topology_LCN2",4170,"CTSD",0.000133066364187417,NA,NA,NA
"run02_topology_LCN2",4171,"NDUFS3",7.91874029407724e-05,NA,NA,NA
"run02_topology_LCN2",4172,"KEAP1",8.90865911317151e-05,NA,NA,NA
"run02_topology_LCN2",4173,"ADH5",7.50101523409041e-05,NA,NA,NA
"run02_topology_LCN2",4174,"SCN1A",4.8526600018195e-05,NA,NA,NA
"run02_topology_LCN2",4175,"GOT1",5.88174838508371e-05,NA,NA,NA
"run02_topology_LCN2",4176,"ACTG1",2.72461711825489e-06,NA,NA,NA
"run02_topology_LCN2",4177,"GRIA1",1.90084712514693e-06,NA,NA,NA
"run02_topology_LCN2",4178,"GOT1",5.88174838508371e-05,NA,NA,NA
"run02_topology_LCN2",4179,"GRIA2",6.42468498274207e-05,NA,NA,NA
"run02_topology_LCN2",4180,"NOS2",2.38274351227474e-05,NA,NA,NA
"run02_topology_LCN2",4181,"GRIA2",6.42468498274207e-05,NA,NA,NA
"run02_topology_LCN2",4182,"EIF2S1",0.000110140192739028,NA,NA,NA
"run02_topology_LCN2",4183,"AKR1C1",5.66614851992275e-05,NA,NA,NA
"run02_topology_LCN2",4184,"EIF2S1",0.000110140192739028,NA,NA,NA
"run02_topology_LCN2",4185,"BAX",8.97923976903581e-05,NA,NA,NA
"run02_topology_LCN2",4186,"HSD3B2",2.44539251612608e-05,NA,NA,NA
"run02_topology_LCN2",4187,"COL1A2",8.49027404237201e-06,NA,NA,NA
"run02_topology_LCN2",4188,"GRIA1",1.90084712514693e-06,NA,NA,NA
"run02_topology_LCN2",4189,"ADH5",7.50101523409041e-05,NA,NA,NA
"run02_topology_LCN2",4190,"HSD3B2",2.44539251612608e-05,NA,NA,NA
"run02_topology_LCN2",4191,"NOS2",2.38274351227474e-05,NA,NA,NA
"run02_topology_LCN2",4192,"RYR1",8.59077355945814e-05,NA,NA,NA
"run02_topology_LCN2",4193,"HSD3B2",2.44539251612608e-05,NA,NA,NA
"run02_topology_LCN2",4194,"BAX",8.97923976903581e-05,NA,NA,NA
"run02_topology_LCN2",4195,"AURKA",5.49029298524406e-05,NA,NA,NA
"run02_topology_LCN2",4196,"ACSL1",4.92269468655993e-05,NA,NA,NA
"run02_topology_LCN2",4197,"NDUFS3",7.91874029407724e-05,NA,NA,NA
"run02_topology_LCN2",4198,"CALM2",0,NA,NA,NA
"run02_topology_LCN2",4199,"EIF2S1",0.000110140192739028,NA,NA,NA
"run02_topology_LCN2",4200,"NDUFS3",7.91874029407724e-05,NA,NA,NA
"run02_topology_LCN2",4201,"FURIN",9.05415850372959e-05,NA,NA,NA
"run02_topology_LCN2",4202,"AURKA",5.49029298524406e-05,NA,NA,NA
"run02_topology_LCN2",4203,"GRIA2",6.42468498274207e-05,NA,NA,NA
"run02_topology_LCN2",4204,"AKR1C1",5.66614851992275e-05,NA,NA,NA
"run02_topology_LCN2",4205,"PPARD",4.39109792027548e-05,NA,NA,NA
"run02_topology_LCN2",4206,"BAX",8.97923976903581e-05,NA,NA,NA
"run02_topology_LCN2",4207,"CYP17A1",3.31356115126358e-05,NA,NA,NA
"run02_topology_LCN2",4208,"AGTR1",7.87895413547623e-05,NA,NA,NA
"run02_topology_LCN2",4209,"AURKA",5.49029298524406e-05,NA,NA,NA
"run02_topology_LCN2",4210,"GOT1",5.88174838508371e-05,NA,NA,NA
"run02_topology_LCN2",4211,"HSD3B2",2.44539251612608e-05,NA,NA,NA
"run02_topology_LCN2",4212,"AKR1C1",5.66614851992275e-05,NA,NA,NA
"run02_topology_LCN2",4213,"GRIA2",6.42468498274207e-05,NA,NA,NA
"run02_topology_LCN2",4214,"GRIA1",1.90084712514693e-06,NA,NA,NA
"run02_topology_LCN2",4215,"NDUFS3",7.91874029407724e-05,NA,NA,NA
"run02_topology_LCN2",4216,"GOT1",5.88174838508371e-05,NA,NA,NA
"run02_topology_LCN2",4217,"GRIA2",6.42468498274207e-05,NA,NA,NA
"run02_topology_LCN2",4218,"C3",4.60004945984638e-05,NA,NA,NA
"run02_topology_LCN2",4219,"AKR1C1",5.66614851992275e-05,NA,NA,NA
"run02_topology_LCN2",4220,"ACSL1",4.92269468655993e-05,NA,NA,NA
"run02_topology_LCN2",4221,"ACTG1",2.72461711825489e-06,NA,NA,NA
"run02_topology_LCN2",4222,"CACNA1B",0,NA,NA,NA
"run02_topology_LCN2",4223,"NOS2",2.38274351227474e-05,NA,NA,NA
"run02_topology_LCN2",4224,"NFATC1",5.51292228962996e-05,NA,NA,NA
"run02_topology_LCN2",4225,"VIM",5.2598025607753e-05,NA,NA,NA
"run02_topology_LCN2",4226,"EIF2AK2",0.000116554297583948,NA,NA,NA
"run02_topology_LCN2",4227,"CYP2C19",1.83094707274511e-05,NA,NA,NA
"run02_topology_LCN2",4228,"C3",4.60004945984638e-05,NA,NA,NA
"run02_topology_LCN2",4229,"CYP2D6",2.95879994604009e-05,NA,NA,NA
"run02_topology_LCN2",4230,"GLUD1",0.00010300883354164,NA,NA,NA
"run02_topology_LCN2",4231,"CYP2D6",2.95879994604009e-05,NA,NA,NA
"run02_topology_LCN2",4232,"EIF2AK2",0.000116554297583948,NA,NA,NA
"run02_topology_LCN2",4233,"BTK",0.000119272845312435,NA,NA,NA
"run02_topology_LCN2",4234,"NDUFS3",7.91874029407724e-05,NA,NA,NA
"run02_topology_LCN2",4235,"PRKCZ",0.00127837750571802,NA,NA,NA
"run02_topology_LCN2",4236,"FABP4",8.52242665472236e-05,NA,NA,NA
"run02_topology_LCN2",4237,"ALDH1B1",0,NA,NA,NA
"run02_topology_LCN2",4238,"CTSD",0.000133066364187417,NA,NA,NA
"run02_topology_LCN2",4239,"SLC6A4",7.25412905625555e-05,NA,NA,NA
"run02_topology_LCN2",4240,"KEAP1",8.90865911317151e-05,NA,NA,NA
"run02_topology_LCN2",4241,"RASA1",5.55702489675181e-05,NA,NA,NA
"run02_topology_LCN2",4242,"GLUD1",0.00010300883354164,NA,NA,NA
"run02_topology_LCN2",4243,"SLC6A4",7.25412905625555e-05,NA,NA,NA
"run02_topology_LCN2",4244,"AURKA",5.49029298524406e-05,NA,NA,NA
"run02_topology_LCN2",4245,"PRKCZ",0.00127837750571802,NA,NA,NA
"run02_topology_LCN2",4246,"VIM",5.2598025607753e-05,NA,NA,NA
"run02_topology_LCN2",4247,"CALM2",0,NA,NA,NA
"run02_topology_LCN2",4248,"PPIF",5.98208087934093e-05,NA,NA,NA
"run02_topology_LCN2",4249,"BTK",0.000119272845312435,NA,NA,NA
"run02_topology_LCN2",4250,"NPPA",7.28658572474172e-05,NA,NA,NA
"run02_topology_LCN2",4251,"SLC6A4",7.25412905625555e-05,NA,NA,NA
"run02_topology_LCN2",4252,"ACSL1",4.92269468655993e-05,NA,NA,NA
"run02_topology_LCN2",4253,"AURKB",0.000100012341094136,NA,NA,NA
"run02_topology_LCN2",4254,"CTSD",0.000133066364187417,NA,NA,NA
"run02_topology_LCN2",4255,"SLC6A4",7.25412905625555e-05,NA,NA,NA
"run02_topology_LCN2",4256,"GRIA2",6.42468498274207e-05,NA,NA,NA
"run02_topology_LCN2",4257,"RASA1",5.55702489675181e-05,NA,NA,NA
"run02_topology_LCN2",4258,"ALDH1B1",0,NA,NA,NA
"run02_topology_LCN2",4259,"ITGA5",0.00127400659039045,NA,NA,NA
"run02_topology_LCN2",4260,"PARK7",5.03123803161643e-05,NA,NA,NA
"run02_topology_LCN2",4261,"BAX",8.97923976903581e-05,NA,NA,NA
"run02_topology_LCN2",4262,"RASA1",5.55702489675181e-05,NA,NA,NA
"run02_topology_LCN2",4263,"ACACA",7.98311027262466e-05,NA,NA,NA
"run02_topology_LCN2",4264,"RYR1",8.59077355945814e-05,NA,NA,NA
"run02_topology_LCN2",4265,"EIF2AK2",0.000116554297583948,NA,NA,NA
"run02_topology_LCN2",4266,"VIM",5.2598025607753e-05,NA,NA,NA
"run02_topology_LCN2",4267,"ACTG1",2.72461711825489e-06,NA,NA,NA
"run02_topology_LCN2",4268,"PPIF",5.98208087934093e-05,NA,NA,NA
"run02_topology_LCN2",4269,"COL1A2",8.49027404237201e-06,NA,NA,NA
"run02_topology_LCN2",4270,"CYP2D6",2.95879994604009e-05,NA,NA,NA
"run02_topology_LCN2",4271,"NOS2",2.38274351227474e-05,NA,NA,NA
"run02_topology_LCN2",4272,"ALDH1B1",0,NA,NA,NA
"run02_topology_LCN2",4273,"FABP4",8.52242665472236e-05,NA,NA,NA
"run02_topology_LCN2",4274,"VIM",5.2598025607753e-05,NA,NA,NA
"run02_topology_LCN2",4275,"FABP4",8.52242665472236e-05,NA,NA,NA
"run02_topology_LCN2",4276,"NPPA",7.28658572474172e-05,NA,NA,NA
"run02_topology_LCN2",4277,"RASA1",5.55702489675181e-05,NA,NA,NA
"run02_topology_LCN2",4278,"ADH5",7.50101523409041e-05,NA,NA,NA
"run02_topology_LCN2",4279,"ADH5",7.50101523409041e-05,NA,NA,NA
"run02_topology_LCN2",4280,"HSD3B2",2.44539251612608e-05,NA,NA,NA
"run02_topology_LCN2",4281,"AGTR1",7.87895413547623e-05,NA,NA,NA
"run02_topology_LCN2",4282,"NOS2",2.38274351227474e-05,NA,NA,NA
"run02_topology_LCN2",4283,"SLC6A4",7.25412905625555e-05,NA,NA,NA
"run02_topology_LCN2",4284,"GRIA1",1.90084712514693e-06,NA,NA,NA
"run02_topology_LCN2",4285,"PPARD",4.39109792027548e-05,NA,NA,NA
"run02_topology_LCN2",4286,"PARK7",5.03123803161643e-05,NA,NA,NA
"run02_topology_LCN2",4287,"ITGA5",0.00127400659039045,NA,NA,NA
"run02_topology_LCN2",4288,"KEAP1",8.90865911317151e-05,NA,NA,NA
"run02_topology_LCN2",4289,"CTSD",0.000133066364187417,NA,NA,NA
"run02_topology_LCN2",4290,"CACNA1B",0,NA,NA,NA
"run02_topology_LCN2",4291,"COL1A2",8.49027404237201e-06,NA,NA,NA
"run02_topology_LCN2",4292,"COL1A2",8.49027404237201e-06,NA,NA,NA
"run02_topology_LCN2",4293,"CALR",4.38793673526172e-05,NA,NA,NA
"run02_topology_LCN2",4294,"HSD3B2",2.44539251612608e-05,NA,NA,NA
"run02_topology_LCN2",4295,"CPT1A",1.49157660161992e-05,NA,NA,NA
"run02_topology_LCN2",4296,"CTSD",0.000133066364187417,NA,NA,NA
"run02_topology_LCN2",4297,"GRIA2",6.42468498274207e-05,NA,NA,NA
"run02_topology_LCN2",4298,"CALM2",0,NA,NA,NA
"run02_topology_LCN2",4299,"SCN1A",4.8526600018195e-05,NA,NA,NA
"run02_topology_LCN2",4300,"GRIA1",1.90084712514693e-06,NA,NA,NA
"run02_topology_LCN2",4301,"KEAP1",8.90865911317151e-05,NA,NA,NA
"run02_topology_LCN2",4302,"CALR",4.38793673526172e-05,NA,NA,NA
"run02_topology_LCN2",4303,"PPIF",5.98208087934093e-05,NA,NA,NA
"run02_topology_LCN2",4304,"BAX",8.97923976903581e-05,NA,NA,NA
"run02_topology_LCN2",4305,"DLG1",6.50075176803488e-05,NA,NA,NA
"run02_topology_LCN2",4306,"KEAP1",8.90865911317151e-05,NA,NA,NA
"run02_topology_LCN2",4307,"EIF2S1",0.000110140192739028,NA,NA,NA
"run02_topology_LCN2",4308,"KEAP1",8.90865911317151e-05,NA,NA,NA
"run02_topology_LCN2",4309,"AKR1D1",0.0010662752740489,NA,NA,NA
"run02_topology_LCN2",4310,"RASA1",5.55702489675181e-05,NA,NA,NA
"run02_topology_LCN2",4311,"C3",4.60004945984638e-05,NA,NA,NA
"run02_topology_LCN2",4312,"ITGA5",0.00127400659039045,NA,NA,NA
"run02_topology_LCN2",4313,"PPARD",4.39109792027548e-05,NA,NA,NA
"run02_topology_LCN2",4314,"ADH5",7.50101523409041e-05,NA,NA,NA
"run02_topology_LCN2",4315,"CPT1A",1.49157660161992e-05,NA,NA,NA
"run02_topology_LCN2",4316,"VIM",5.2598025607753e-05,NA,NA,NA
"run02_topology_LCN2",4317,"FURIN",9.05415850372959e-05,NA,NA,NA
"run02_topology_LCN2",4318,"RYR1",8.59077355945814e-05,NA,NA,NA
"run02_topology_LCN2",4319,"GLUD1",0.00010300883354164,NA,NA,NA
"run02_topology_LCN2",4320,"BAX",8.97923976903581e-05,NA,NA,NA
"run02_topology_LCN2",4321,"GOT1",5.88174838508371e-05,NA,NA,NA
"run02_topology_LCN2",4322,"AKR1D1",0.0010662752740489,NA,NA,NA
"run02_topology_LCN2",4323,"FURIN",9.05415850372959e-05,NA,NA,NA
"run02_topology_LCN2",4324,"PRKCZ",0.00127837750571802,NA,NA,NA
"run02_topology_LCN2",4325,"GOT1",5.88174838508371e-05,NA,NA,NA
"run02_topology_LCN2",4326,"CYP17A1",3.31356115126358e-05,NA,NA,NA
"run02_topology_LCN2",4327,"PPARD",4.39109792027548e-05,NA,NA,NA
"run02_topology_LCN2",4328,"NDUFS3",7.91874029407724e-05,NA,NA,NA
"run02_topology_LCN2",4329,"EIF2AK2",0.000116554297583948,NA,NA,NA
"run02_topology_LCN2",4330,"AKR1D1",0.0010662752740489,NA,NA,NA
"run02_topology_LCN2",4331,"RASA1",5.55702489675181e-05,NA,NA,NA
"run02_topology_LCN2",4332,"ALDH1B1",0,NA,NA,NA
"run02_topology_LCN2",4333,"AURKB",0.000100012341094136,NA,NA,NA
"run02_topology_LCN2",4334,"CPT1A",1.49157660161992e-05,NA,NA,NA
"run02_topology_LCN2",4335,"BAX",8.97923976903581e-05,NA,NA,NA
"run02_topology_LCN2",4336,"ALDH1B1",0,NA,NA,NA
"run02_topology_LCN2",4337,"CYP17A1",3.31356115126358e-05,NA,NA,NA
"run02_topology_LCN2",4338,"ACACA",7.98311027262466e-05,NA,NA,NA
"run02_topology_LCN2",4339,"CACNA1B",0,NA,NA,NA
"run02_topology_LCN2",4340,"CALM2",0,NA,NA,NA
"run02_topology_LCN2",4341,"EIF2S1",0.000110140192739028,NA,NA,NA
"run02_topology_LCN2",4342,"CTSD",0.000133066364187417,NA,NA,NA
"run02_topology_LCN2",4343,"ACE2",6.17806475236016e-05,NA,NA,NA
"run02_topology_LCN2",4344,"NOS2",2.38274351227474e-05,NA,NA,NA
"run02_topology_LCN2",4345,"BAX",8.97923976903581e-05,NA,NA,NA
"run02_topology_LCN2",4346,"AKR1D1",0.0010662752740489,NA,NA,NA
"run02_topology_LCN2",4347,"ACACA",7.98311027262466e-05,NA,NA,NA
"run02_topology_LCN2",4348,"GLUD1",0.00010300883354164,NA,NA,NA
"run02_topology_LCN2",4349,"AKR1D1",0.0010662752740489,NA,NA,NA
"run02_topology_LCN2",4350,"GLUD1",0.00010300883354164,NA,NA,NA
"run02_topology_LCN2",4351,"FURIN",9.05415850372959e-05,NA,NA,NA
"run02_topology_LCN2",4352,"GRIA1",1.90084712514693e-06,NA,NA,NA
"run02_topology_LCN2",4353,"VIM",5.2598025607753e-05,NA,NA,NA
"run02_topology_LCN2",4354,"CALR",4.38793673526172e-05,NA,NA,NA
"run02_topology_LCN2",4355,"ACACA",7.98311027262466e-05,NA,NA,NA
"run02_topology_LCN2",4356,"CTSD",0.000133066364187417,NA,NA,NA
"run02_topology_LCN2",4357,"CACNA1B",0,NA,NA,NA
"run02_topology_LCN2",4358,"KEAP1",8.90865911317151e-05,NA,NA,NA
"run02_topology_LCN2",4359,"CALM2",0,NA,NA,NA
"run02_topology_LCN2",4360,"GRIA1",1.90084712514693e-06,NA,NA,NA
"run02_topology_LCN2",4361,"BTK",0.000119272845312435,NA,NA,NA
"run02_topology_LCN2",4362,"KEAP1",8.90865911317151e-05,NA,NA,NA
"run02_topology_LCN2",4363,"NFATC1",5.51292228962996e-05,NA,NA,NA
"run02_topology_LCN2",4364,"ACE2",6.17806475236016e-05,NA,NA,NA
"run02_topology_LCN2",4365,"BAX",8.97923976903581e-05,NA,NA,NA
"run02_topology_LCN2",4366,"NFATC1",5.51292228962996e-05,NA,NA,NA
"run02_topology_LCN2",4367,"AURKB",0.000100012341094136,NA,NA,NA
"run02_topology_LCN2",4368,"NPPA",7.28658572474172e-05,NA,NA,NA
"run02_topology_LCN2",4369,"COL1A2",8.49027404237201e-06,NA,NA,NA
"run02_topology_LCN2",4370,"ACSL1",4.92269468655993e-05,NA,NA,NA
"run02_topology_LCN2",4371,"SCN1A",4.8526600018195e-05,NA,NA,NA
"run02_topology_LCN2",4372,"SLC6A4",7.25412905625555e-05,NA,NA,NA
"run02_topology_LCN2",4373,"CACNA1B",0,NA,NA,NA
"run02_topology_LCN2",4374,"CTSD",0.000133066364187417,NA,NA,NA
"run02_topology_LCN2",4375,"GRIA1",1.90084712514693e-06,NA,NA,NA
"run02_topology_LCN2",4376,"PPARD",4.39109792027548e-05,NA,NA,NA
"run02_topology_LCN2",4377,"RYR2",4.78345186669671e-05,NA,NA,NA
"run02_topology_LCN2",4378,"GRIA2",6.42468498274207e-05,NA,NA,NA
"run02_topology_LCN2",4379,"RASA1",5.55702489675181e-05,NA,NA,NA
"run02_topology_LCN2",4380,"EIF2AK2",0.000116554297583948,NA,NA,NA
"run02_topology_LCN2",4381,"GRIA1",1.90084712514693e-06,NA,NA,NA
"run02_topology_LCN2",4382,"RASA1",5.55702489675181e-05,NA,NA,NA
"run02_topology_LCN2",4383,"HSD3B2",2.44539251612608e-05,NA,NA,NA
"run02_topology_LCN2",4384,"CYP17A1",3.31356115126358e-05,NA,NA,NA
"run02_topology_LCN2",4385,"NPPA",7.28658572474172e-05,NA,NA,NA
"run02_topology_LCN2",4386,"GRIA2",6.42468498274207e-05,NA,NA,NA
"run02_topology_LCN2",4387,"KEAP1",8.90865911317151e-05,NA,NA,NA
"run02_topology_LCN2",4388,"C3",4.60004945984638e-05,NA,NA,NA
"run02_topology_LCN2",4389,"CALR",4.38793673526172e-05,NA,NA,NA
"run02_topology_LCN2",4390,"ACE2",6.17806475236016e-05,NA,NA,NA
"run02_topology_LCN2",4391,"ACACA",7.98311027262466e-05,NA,NA,NA
"run02_topology_LCN2",4392,"ACACA",7.98311027262466e-05,NA,NA,NA
"run02_topology_LCN2",4393,"NFATC1",5.51292228962996e-05,NA,NA,NA
"run02_topology_LCN2",4394,"GLUD1",0.00010300883354164,NA,NA,NA
"run02_topology_LCN2",4395,"NFATC1",5.51292228962996e-05,NA,NA,NA
"run02_topology_LCN2",4396,"EIF2S1",0.000110140192739028,NA,NA,NA
"run02_topology_LCN2",4397,"CALM2",0,NA,NA,NA
"run02_topology_LCN2",4398,"GRIA2",6.42468498274207e-05,NA,NA,NA
"run02_topology_LCN2",4399,"DLG1",6.50075176803488e-05,NA,NA,NA
"run02_topology_LCN2",4400,"FABP4",8.52242665472236e-05,NA,NA,NA
"run02_topology_LCN2",4401,"NFATC1",5.51292228962996e-05,NA,NA,NA
"run02_topology_LCN2",4402,"CALM2",0,NA,NA,NA
"run02_topology_LCN2",4403,"CALM2",0,NA,NA,NA
"run02_topology_LCN2",4404,"AURKA",5.49029298524406e-05,NA,NA,NA
"run02_topology_LCN2",4405,"NFATC1",5.51292228962996e-05,NA,NA,NA
"run02_topology_LCN2",4406,"PPIF",5.98208087934093e-05,NA,NA,NA
"run02_topology_LCN2",4407,"ACSL1",4.92269468655993e-05,NA,NA,NA
"run02_topology_LCN2",4408,"GRIA2",6.42468498274207e-05,NA,NA,NA
"run02_topology_LCN2",4409,"NDUFS3",7.91874029407724e-05,NA,NA,NA
"run02_topology_LCN2",4410,"COL1A2",8.49027404237201e-06,NA,NA,NA
"run02_topology_LCN2",4411,"ADH5",7.50101523409041e-05,NA,NA,NA
"run02_topology_LCN2",4412,"SCN1A",4.8526600018195e-05,NA,NA,NA
"run02_topology_LCN2",4413,"EIF2AK2",0.000116554297583948,NA,NA,NA
"run02_topology_LCN2",4414,"NOS2",2.38274351227474e-05,NA,NA,NA
"run02_topology_LCN2",4415,"SLC6A4",7.25412905625555e-05,NA,NA,NA
"run02_topology_LCN2",4416,"GRIA2",6.42468498274207e-05,NA,NA,NA
"run02_topology_LCN2",4417,"GRIA2",6.42468498274207e-05,NA,NA,NA
"run02_topology_LCN2",4418,"ACTG1",2.72461711825489e-06,NA,NA,NA
"run02_topology_LCN2",4419,"RASA1",5.55702489675181e-05,NA,NA,NA
"run02_topology_LCN2",4420,"SCN1A",4.8526600018195e-05,NA,NA,NA
"run02_topology_LCN2",4421,"BAX",8.97923976903581e-05,NA,NA,NA
"run02_topology_LCN2",4422,"AGTR1",7.87895413547623e-05,NA,NA,NA
"run02_topology_LCN2",4423,"RASA1",5.55702489675181e-05,NA,NA,NA
"run02_topology_LCN2",4424,"NFATC1",5.51292228962996e-05,NA,NA,NA
"run02_topology_LCN2",4425,"CYP2C19",1.83094707274511e-05,NA,NA,NA
"run02_topology_LCN2",4426,"ACACA",7.98311027262466e-05,NA,NA,NA
"run02_topology_LCN2",4427,"GOT1",5.88174838508371e-05,NA,NA,NA
"run02_topology_LCN2",4428,"EIF2AK2",0.000116554297583948,NA,NA,NA
"run02_topology_LCN2",4429,"CTSD",0.000133066364187417,NA,NA,NA
"run02_topology_LCN2",4430,"AURKA",5.49029298524406e-05,NA,NA,NA
"run02_topology_LCN2",4431,"KEAP1",8.90865911317151e-05,NA,NA,NA
"run02_topology_LCN2",4432,"SCN1A",4.8526600018195e-05,NA,NA,NA
"run02_topology_LCN2",4433,"EIF2AK2",0.000116554297583948,NA,NA,NA
"run02_topology_LCN2",4434,"COL1A2",8.49027404237201e-06,NA,NA,NA
"run02_topology_LCN2",4435,"GLUD1",0.00010300883354164,NA,NA,NA
"run02_topology_LCN2",4436,"CTSD",0.000133066364187417,NA,NA,NA
"run02_topology_LCN2",4437,"BAX",8.97923976903581e-05,NA,NA,NA
"run02_topology_LCN2",4438,"GLUD1",0.00010300883354164,NA,NA,NA
"run02_topology_LCN2",4439,"ALDH1B1",0,NA,NA,NA
"run02_topology_LCN2",4440,"AKR1C1",5.66614851992275e-05,NA,NA,NA
"run02_topology_LCN2",4441,"CYP17A1",3.31356115126358e-05,NA,NA,NA
"run02_topology_LCN2",4442,"CYP17A1",3.31356115126358e-05,NA,NA,NA
"run02_topology_LCN2",4443,"CTSD",0.000133066364187417,NA,NA,NA
"run02_topology_LCN2",4444,"ACE2",6.17806475236016e-05,NA,NA,NA
"run02_topology_LCN2",4445,"PRKCZ",0.00127837750571802,NA,NA,NA
"run02_topology_LCN2",4446,"AURKB",0.000100012341094136,NA,NA,NA
"run02_topology_LCN2",4447,"VIM",5.2598025607753e-05,NA,NA,NA
"run02_topology_LCN2",4448,"RYR1",8.59077355945814e-05,NA,NA,NA
"run02_topology_LCN2",4449,"CTSD",0.000133066364187417,NA,NA,NA
"run02_topology_LCN2",4450,"HSD3B2",2.44539251612608e-05,NA,NA,NA
"run02_topology_LCN2",4451,"CYP17A1",3.31356115126358e-05,NA,NA,NA
"run02_topology_LCN2",4452,"CYP17A1",3.31356115126358e-05,NA,NA,NA
"run02_topology_LCN2",4453,"CTSD",0.000133066364187417,NA,NA,NA
"run02_topology_LCN2",4454,"ACTG1",2.72461711825489e-06,NA,NA,NA
"run02_topology_LCN2",4455,"FABP4",8.52242665472236e-05,NA,NA,NA
"run02_topology_LCN2",4456,"CYP2C19",1.83094707274511e-05,NA,NA,NA
"run02_topology_LCN2",4457,"ACE2",6.17806475236016e-05,NA,NA,NA
"run02_topology_LCN2",4458,"NOS2",2.38274351227474e-05,NA,NA,NA
"run02_topology_LCN2",4459,"PARK7",5.03123803161643e-05,NA,NA,NA
"run02_topology_LCN2",4460,"AGTR1",7.87895413547623e-05,NA,NA,NA
"run02_topology_LCN2",4461,"BAX",8.97923976903581e-05,NA,NA,NA
"run02_topology_LCN2",4462,"AKR1D1",0.0010662752740489,NA,NA,NA
"run02_topology_LCN2",4463,"ITGA5",0.00127400659039045,NA,NA,NA
"run02_topology_LCN2",4464,"CPT1A",1.49157660161992e-05,NA,NA,NA
"run02_topology_LCN2",4465,"NDUFS3",7.91874029407724e-05,NA,NA,NA
"run02_topology_LCN2",4466,"CTSD",0.000133066364187417,NA,NA,NA
"run02_topology_LCN2",4467,"SCN1A",4.8526600018195e-05,NA,NA,NA
"run02_topology_LCN2",4468,"CYP17A1",3.31356115126358e-05,NA,NA,NA
"run02_topology_LCN2",4469,"ACACA",7.98311027262466e-05,NA,NA,NA
"run02_topology_LCN2",4470,"CYP2D6",2.95879994604009e-05,NA,NA,NA
"run02_topology_LCN2",4471,"ITGA5",0.00127400659039045,NA,NA,NA
"run02_topology_LCN2",4472,"CYP2D6",2.95879994604009e-05,NA,NA,NA
"run02_topology_LCN2",4473,"ACACA",7.98311027262466e-05,NA,NA,NA
"run02_topology_LCN2",4474,"SLC6A4",7.25412905625555e-05,NA,NA,NA
"run02_topology_LCN2",4475,"DLG1",6.50075176803488e-05,NA,NA,NA
"run02_topology_LCN2",4476,"EIF2S1",0.000110140192739028,NA,NA,NA
"run02_topology_LCN2",4477,"BAX",8.97923976903581e-05,NA,NA,NA
"run02_topology_LCN2",4478,"CACNA1B",0,NA,NA,NA
"run02_topology_LCN2",4479,"AKR1D1",0.0010662752740489,NA,NA,NA
"run02_topology_LCN2",4480,"AKR1D1",0.0010662752740489,NA,NA,NA
"run02_topology_LCN2",4481,"NPPA",7.28658572474172e-05,NA,NA,NA
"run02_topology_LCN2",4482,"ALDH1B1",0,NA,NA,NA
"run02_topology_LCN2",4483,"BAX",8.97923976903581e-05,NA,NA,NA
"run02_topology_LCN2",4484,"ACTG1",2.72461711825489e-06,NA,NA,NA
"run02_topology_LCN2",4485,"AURKA",5.49029298524406e-05,NA,NA,NA
"run02_topology_LCN2",4486,"PARK7",5.03123803161643e-05,NA,NA,NA
"run02_topology_LCN2",4487,"AKR1D1",0.0010662752740489,NA,NA,NA
"run02_topology_LCN2",4488,"CYP2D6",2.95879994604009e-05,NA,NA,NA
"run02_topology_LCN2",4489,"ADH5",7.50101523409041e-05,NA,NA,NA
"run02_topology_LCN2",4490,"C3",4.60004945984638e-05,NA,NA,NA
"run02_topology_LCN2",4491,"ACSL1",4.92269468655993e-05,NA,NA,NA
"run02_topology_LCN2",4492,"NDUFS3",7.91874029407724e-05,NA,NA,NA
"run02_topology_LCN2",4493,"RYR1",8.59077355945814e-05,NA,NA,NA
"run02_topology_LCN2",4494,"CTSD",0.000133066364187417,NA,NA,NA
"run02_topology_LCN2",4495,"CACNA1B",0,NA,NA,NA
"run02_topology_LCN2",4496,"GOT1",5.88174838508371e-05,NA,NA,NA
"run02_topology_LCN2",4497,"GLUD1",0.00010300883354164,NA,NA,NA
"run02_topology_LCN2",4498,"CPT1A",1.49157660161992e-05,NA,NA,NA
"run02_topology_LCN2",4499,"CYP2D6",2.95879994604009e-05,NA,NA,NA
"run02_topology_LCN2",4500,"GOT1",5.88174838508371e-05,NA,NA,NA
"run02_topology_LCN2",4501,"ACACA",7.98311027262466e-05,NA,NA,NA
"run02_topology_LCN2",4502,"GLUD1",0.00010300883354164,NA,NA,NA
"run02_topology_LCN2",4503,"PARK7",5.03123803161643e-05,NA,NA,NA
"run02_topology_LCN2",4504,"BTK",0.000119272845312435,NA,NA,NA
"run02_topology_LCN2",4505,"PARK7",5.03123803161643e-05,NA,NA,NA
"run02_topology_LCN2",4506,"KEAP1",8.90865911317151e-05,NA,NA,NA
"run02_topology_LCN2",4507,"FURIN",9.05415850372959e-05,NA,NA,NA
"run02_topology_LCN2",4508,"ACTG1",2.72461711825489e-06,NA,NA,NA
"run02_topology_LCN2",4509,"RASA1",5.55702489675181e-05,NA,NA,NA
"run02_topology_LCN2",4510,"AURKB",0.000100012341094136,NA,NA,NA
"run02_topology_LCN2",4511,"GRIA1",1.90084712514693e-06,NA,NA,NA
"run02_topology_LCN2",4512,"ACSL1",4.92269468655993e-05,NA,NA,NA
"run02_topology_LCN2",4513,"HSD3B2",2.44539251612608e-05,NA,NA,NA
"run02_topology_LCN2",4514,"NFATC1",5.51292228962996e-05,NA,NA,NA
"run02_topology_LCN2",4515,"GRIA1",1.90084712514693e-06,NA,NA,NA
"run02_topology_LCN2",4516,"AURKB",0.000100012341094136,NA,NA,NA
"run02_topology_LCN2",4517,"CALR",4.38793673526172e-05,NA,NA,NA
"run02_topology_LCN2",4518,"KEAP1",8.90865911317151e-05,NA,NA,NA
"run02_topology_LCN2",4519,"ALDH1B1",0,NA,NA,NA
"run02_topology_LCN2",4520,"NFATC1",5.51292228962996e-05,NA,NA,NA
"run02_topology_LCN2",4521,"HSD3B2",2.44539251612608e-05,NA,NA,NA
"run02_topology_LCN2",4522,"BTK",0.000119272845312435,NA,NA,NA
"run02_topology_LCN2",4523,"AKR1D1",0.0010662752740489,NA,NA,NA
"run02_topology_LCN2",4524,"VIM",5.2598025607753e-05,NA,NA,NA
"run02_topology_LCN2",4525,"AKR1D1",0.0010662752740489,NA,NA,NA
"run02_topology_LCN2",4526,"BTK",0.000119272845312435,NA,NA,NA
"run02_topology_LCN2",4527,"ALDH3A1",7.8987277396747e-05,NA,NA,NA
"run02_topology_LCN2",4528,"SCN1A",4.8526600018195e-05,NA,NA,NA
"run02_topology_LCN2",4529,"GRIA1",1.90084712514693e-06,NA,NA,NA
"run02_topology_LCN2",4530,"BAX",8.97923976903581e-05,NA,NA,NA
"run02_topology_LCN2",4531,"ACACA",7.98311027262466e-05,NA,NA,NA
"run02_topology_LCN2",4532,"AGTR1",7.87895413547623e-05,NA,NA,NA
"run02_topology_LCN2",4533,"NPPA",7.28658572474172e-05,NA,NA,NA
"run02_topology_LCN2",4534,"GLUD1",0.00010300883354164,NA,NA,NA
"run02_topology_LCN2",4535,"BTK",0.000119272845312435,NA,NA,NA
"run02_topology_LCN2",4536,"BAX",8.97923976903581e-05,NA,NA,NA
"run02_topology_LCN2",4537,"NPPA",7.28658572474172e-05,NA,NA,NA
"run02_topology_LCN2",4538,"SLC6A4",7.25412905625555e-05,NA,NA,NA
"run02_topology_LCN2",4539,"AKR1C1",5.66614851992275e-05,NA,NA,NA
"run02_topology_LCN2",4540,"ACTG1",2.72461711825489e-06,NA,NA,NA
"run02_topology_LCN2",4541,"EIF2AK2",0.000116554297583948,NA,NA,NA
"run02_topology_LCN2",4542,"COL1A2",8.49027404237201e-06,NA,NA,NA
"run02_topology_LCN2",4543,"ACTG1",2.72461711825489e-06,NA,NA,NA
"run02_topology_LCN2",4544,"FURIN",9.05415850372959e-05,NA,NA,NA
"run02_topology_LCN2",4545,"RASA1",5.55702489675181e-05,NA,NA,NA
"run02_topology_LCN2",4546,"ACSL1",4.92269468655993e-05,NA,NA,NA
"run02_topology_LCN2",4547,"BAX",8.97923976903581e-05,NA,NA,NA
"run02_topology_LCN2",4548,"CALR",4.38793673526172e-05,NA,NA,NA
"run02_topology_LCN2",4549,"GOT1",5.88174838508371e-05,NA,NA,NA
"run02_topology_LCN2",4550,"FABP4",8.52242665472236e-05,NA,NA,NA
"run02_topology_LCN2",4551,"SCN1A",4.8526600018195e-05,NA,NA,NA
"run02_topology_LCN2",4552,"FABP4",8.52242665472236e-05,NA,NA,NA
"run02_topology_LCN2",4553,"CALM2",0,NA,NA,NA
"run02_topology_LCN2",4554,"BTK",0.000119272845312435,NA,NA,NA
"run02_topology_LCN2",4555,"ACE2",6.17806475236016e-05,NA,NA,NA
"run02_topology_LCN2",4556,"DLG1",6.50075176803488e-05,NA,NA,NA
"run02_topology_LCN2",4557,"BTK",0.000119272845312435,NA,NA,NA
"run02_topology_LCN2",4558,"NPPA",7.28658572474172e-05,NA,NA,NA
"run02_topology_LCN2",4559,"KEAP1",8.90865911317151e-05,NA,NA,NA
"run02_topology_LCN2",4560,"CYP2D6",2.95879994604009e-05,NA,NA,NA
"run02_topology_LCN2",4561,"CYP2D6",2.95879994604009e-05,NA,NA,NA
"run02_topology_LCN2",4562,"DLG1",6.50075176803488e-05,NA,NA,NA
"run02_topology_LCN2",4563,"NOS2",2.38274351227474e-05,NA,NA,NA
"run02_topology_LCN2",4564,"RASA1",5.55702489675181e-05,NA,NA,NA
"run02_topology_LCN2",4565,"PPIF",5.98208087934093e-05,NA,NA,NA
"run02_topology_LCN2",4566,"GLUD1",0.00010300883354164,NA,NA,NA
"run02_topology_LCN2",4567,"CALR",4.38793673526172e-05,NA,NA,NA
"run02_topology_LCN2",4568,"ADH5",7.50101523409041e-05,NA,NA,NA
"run02_topology_LCN2",4569,"CYP2D6",2.95879994604009e-05,NA,NA,NA
"run02_topology_LCN2",4570,"ACE2",6.17806475236016e-05,NA,NA,NA
"run02_topology_LCN2",4571,"BTK",0.000119272845312435,NA,NA,NA
"run02_topology_LCN2",4572,"ADH5",7.50101523409041e-05,NA,NA,NA
"run02_topology_LCN2",4573,"ACTG1",2.72461711825489e-06,NA,NA,NA
"run02_topology_LCN2",4574,"NDUFS3",7.91874029407724e-05,NA,NA,NA
"run02_topology_LCN2",4575,"RASA1",5.55702489675181e-05,NA,NA,NA
"run02_topology_LCN2",4576,"NOS2",2.38274351227474e-05,NA,NA,NA
"run02_topology_LCN2",4577,"FURIN",9.05415850372959e-05,NA,NA,NA
"run02_topology_LCN2",4578,"C3",4.60004945984638e-05,NA,NA,NA
"run02_topology_LCN2",4579,"PARK7",5.03123803161643e-05,NA,NA,NA
"run02_topology_LCN2",4580,"HSD3B2",2.44539251612608e-05,NA,NA,NA
"run02_topology_LCN2",4581,"NPPA",7.28658572474172e-05,NA,NA,NA
"run02_topology_LCN2",4582,"CYP2C19",1.83094707274511e-05,NA,NA,NA
"run02_topology_LCN2",4583,"GRIA2",6.42468498274207e-05,NA,NA,NA
"run02_topology_LCN2",4584,"GRIA1",1.90084712514693e-06,NA,NA,NA
"run02_topology_LCN2",4585,"CYP2C19",1.83094707274511e-05,NA,NA,NA
"run02_topology_LCN2",4586,"ACE2",6.17806475236016e-05,NA,NA,NA
"run02_topology_LCN2",4587,"NPPA",7.28658572474172e-05,NA,NA,NA
"run02_topology_LCN2",4588,"GRIA2",6.42468498274207e-05,NA,NA,NA
"run02_topology_LCN2",4589,"GLUD1",0.00010300883354164,NA,NA,NA
"run02_topology_LCN2",4590,"PARK7",5.03123803161643e-05,NA,NA,NA
"run02_topology_LCN2",4591,"CTSD",0.000133066364187417,NA,NA,NA
"run02_topology_LCN2",4592,"COL1A2",8.49027404237201e-06,NA,NA,NA
"run02_topology_LCN2",4593,"AKR1D1",0.0010662752740489,NA,NA,NA
"run02_topology_LCN2",4594,"ITGA5",0.00127400659039045,NA,NA,NA
"run02_topology_LCN2",4595,"ALDH1B1",0,NA,NA,NA
"run02_topology_LCN2",4596,"ALDH1B1",0,NA,NA,NA
"run02_topology_LCN2",4597,"KEAP1",8.90865911317151e-05,NA,NA,NA
"run02_topology_LCN2",4598,"EIF2S1",0.000110140192739028,NA,NA,NA
"run02_topology_LCN2",4599,"CYP2C19",1.83094707274511e-05,NA,NA,NA
"run02_topology_LCN2",4600,"FABP4",8.52242665472236e-05,NA,NA,NA
"run02_topology_LCN2",4601,"AKR1C1",5.66614851992275e-05,NA,NA,NA
"run02_topology_LCN2",4602,"CTSD",0.000133066364187417,NA,NA,NA
"run02_topology_LCN2",4603,"ACACA",7.98311027262466e-05,NA,NA,NA
"run02_topology_LCN2",4604,"SCN1A",4.8526600018195e-05,NA,NA,NA
"run02_topology_LCN2",4605,"KEAP1",8.90865911317151e-05,NA,NA,NA
"run02_topology_LCN2",4606,"ITGA5",0.00127400659039045,NA,NA,NA
"run02_topology_LCN2",4607,"NDUFS3",7.91874029407724e-05,NA,NA,NA
"run02_topology_LCN2",4608,"GOT1",5.88174838508371e-05,NA,NA,NA
"run02_topology_LCN2",4609,"CYP2C19",1.83094707274511e-05,NA,NA,NA
"run02_topology_LCN2",4610,"PPIF",5.98208087934093e-05,NA,NA,NA
"run02_topology_LCN2",4611,"AGTR1",7.87895413547623e-05,NA,NA,NA
"run02_topology_LCN2",4612,"RYR2",4.78345186669671e-05,NA,NA,NA
"run02_topology_LCN2",4613,"NPPA",7.28658572474172e-05,NA,NA,NA
"run02_topology_LCN2",4614,"FURIN",9.05415850372959e-05,NA,NA,NA
"run02_topology_LCN2",4615,"GOT1",5.88174838508371e-05,NA,NA,NA
"run02_topology_LCN2",4616,"CALR",4.38793673526172e-05,NA,NA,NA
"run02_topology_LCN2",4617,"CYP2C19",1.83094707274511e-05,NA,NA,NA
"run02_topology_LCN2",4618,"RYR1",8.59077355945814e-05,NA,NA,NA
"run02_topology_LCN2",4619,"ACE2",6.17806475236016e-05,NA,NA,NA
"run02_topology_LCN2",4620,"NOS2",2.38274351227474e-05,NA,NA,NA
"run02_topology_LCN2",4621,"PPIF",5.98208087934093e-05,NA,NA,NA
"run02_topology_LCN2",4622,"AURKA",5.49029298524406e-05,NA,NA,NA
"run02_topology_LCN2",4623,"EIF2AK2",0.000116554297583948,NA,NA,NA
"run02_topology_LCN2",4624,"GRIA2",6.42468498274207e-05,NA,NA,NA
"run02_topology_LCN2",4625,"CTSD",0.000133066364187417,NA,NA,NA
"run02_topology_LCN2",4626,"KEAP1",8.90865911317151e-05,NA,NA,NA
"run02_topology_LCN2",4627,"SLC6A4",7.25412905625555e-05,NA,NA,NA
"run02_topology_LCN2",4628,"PARK7",5.03123803161643e-05,NA,NA,NA
"run02_topology_LCN2",4629,"ALDH3A1",7.8987277396747e-05,NA,NA,NA
"run02_topology_LCN2",4630,"RASA1",5.55702489675181e-05,NA,NA,NA
"run02_topology_LCN2",4631,"BAX",8.97923976903581e-05,NA,NA,NA
"run02_topology_LCN2",4632,"CYP2C19",1.83094707274511e-05,NA,NA,NA
"run02_topology_LCN2",4633,"DLG1",6.50075176803488e-05,NA,NA,NA
"run02_topology_LCN2",4634,"ACACA",7.98311027262466e-05,NA,NA,NA
"run02_topology_LCN2",4635,"FURIN",9.05415850372959e-05,NA,NA,NA
"run02_topology_LCN2",4636,"SCN1A",4.8526600018195e-05,NA,NA,NA
"run02_topology_LCN2",4637,"PPARD",4.39109792027548e-05,NA,NA,NA
"run02_topology_LCN2",4638,"CYP2C19",1.83094707274511e-05,NA,NA,NA
"run02_topology_LCN2",4639,"ACTG1",2.72461711825489e-06,NA,NA,NA
"run02_topology_LCN2",4640,"CALM2",0,NA,NA,NA
"run02_topology_LCN2",4641,"RASA1",5.55702489675181e-05,NA,NA,NA
"run02_topology_LCN2",4642,"NFATC1",5.51292228962996e-05,NA,NA,NA
"run02_topology_LCN2",4643,"ACE2",6.17806475236016e-05,NA,NA,NA
"run02_topology_LCN2",4644,"VIM",5.2598025607753e-05,NA,NA,NA
"run02_topology_LCN2",4645,"EIF2S1",0.000110140192739028,NA,NA,NA
"run02_topology_LCN2",4646,"GRIA2",6.42468498274207e-05,NA,NA,NA
"run02_topology_LCN2",4647,"ACTG1",2.72461711825489e-06,NA,NA,NA
"run02_topology_LCN2",4648,"ACE2",6.17806475236016e-05,NA,NA,NA
"run02_topology_LCN2",4649,"CYP2C19",1.83094707274511e-05,NA,NA,NA
"run02_topology_LCN2",4650,"FURIN",9.05415850372959e-05,NA,NA,NA
"run02_topology_LCN2",4651,"CALM2",0,NA,NA,NA
"run02_topology_LCN2",4652,"PPIF",5.98208087934093e-05,NA,NA,NA
"run02_topology_LCN2",4653,"CYP17A1",3.31356115126358e-05,NA,NA,NA
"run02_topology_LCN2",4654,"CYP2C19",1.83094707274511e-05,NA,NA,NA
"run02_topology_LCN2",4655,"GOT1",5.88174838508371e-05,NA,NA,NA
"run02_topology_LCN2",4656,"RYR2",4.78345186669671e-05,NA,NA,NA
"run02_topology_LCN2",4657,"CYP2C19",1.83094707274511e-05,NA,NA,NA
"run02_topology_LCN2",4658,"PPIF",5.98208087934093e-05,NA,NA,NA
"run02_topology_LCN2",4659,"ITGA5",0.00127400659039045,NA,NA,NA
"run02_topology_LCN2",4660,"PRKCZ",0.00127837750571802,NA,NA,NA
"run02_topology_LCN2",4661,"PRKCZ",0.00127837750571802,NA,NA,NA
"run02_topology_LCN2",4662,"PPIF",5.98208087934093e-05,NA,NA,NA
"run02_topology_LCN2",4663,"ITGA5",0.00127400659039045,NA,NA,NA
"run02_topology_LCN2",4664,"C3",4.60004945984638e-05,NA,NA,NA
"run02_topology_LCN2",4665,"HSD3B2",2.44539251612608e-05,NA,NA,NA
"run02_topology_LCN2",4666,"NFATC1",5.51292228962996e-05,NA,NA,NA
"run02_topology_LCN2",4667,"ADH5",7.50101523409041e-05,NA,NA,NA
"run02_topology_LCN2",4668,"EIF2AK2",0.000116554297583948,NA,NA,NA
"run02_topology_LCN2",4669,"VIM",5.2598025607753e-05,NA,NA,NA
"run02_topology_LCN2",4670,"BTK",0.000119272845312435,NA,NA,NA
"run02_topology_LCN2",4671,"SCN1A",4.8526600018195e-05,NA,NA,NA
"run02_topology_LCN2",4672,"GLUD1",0.00010300883354164,NA,NA,NA
"run02_topology_LCN2",4673,"ITGA5",0.00127400659039045,NA,NA,NA
"run02_topology_LCN2",4674,"VIM",5.2598025607753e-05,NA,NA,NA
"run02_topology_LCN2",4675,"NPPA",7.28658572474172e-05,NA,NA,NA
"run02_topology_LCN2",4676,"AKR1C1",5.66614851992275e-05,NA,NA,NA
"run02_topology_LCN2",4677,"SCN1A",4.8526600018195e-05,NA,NA,NA
"run02_topology_LCN2",4678,"AURKB",0.000100012341094136,NA,NA,NA
"run02_topology_LCN2",4679,"ADH5",7.50101523409041e-05,NA,NA,NA
"run02_topology_LCN2",4680,"DLG1",6.50075176803488e-05,NA,NA,NA
"run02_topology_LCN2",4681,"ITGA5",0.00127400659039045,NA,NA,NA
"run02_topology_LCN2",4682,"ACACA",7.98311027262466e-05,NA,NA,NA
"run02_topology_LCN2",4683,"CALR",4.38793673526172e-05,NA,NA,NA
"run02_topology_LCN2",4684,"C3",4.60004945984638e-05,NA,NA,NA
"run02_topology_LCN2",4685,"SCN1A",4.8526600018195e-05,NA,NA,NA
"run02_topology_LCN2",4686,"NPPA",7.28658572474172e-05,NA,NA,NA
"run02_topology_LCN2",4687,"RYR1",8.59077355945814e-05,NA,NA,NA
"run02_topology_LCN2",4688,"EIF2S1",0.000110140192739028,NA,NA,NA
"run02_topology_LCN2",4689,"EIF2AK2",0.000116554297583948,NA,NA,NA
"run02_topology_LCN2",4690,"AGTR1",7.87895413547623e-05,NA,NA,NA
"run02_topology_LCN2",4691,"PPARD",4.39109792027548e-05,NA,NA,NA
"run02_topology_LCN2",4692,"FABP4",8.52242665472236e-05,NA,NA,NA
"run02_topology_LCN2",4693,"CYP2C19",1.83094707274511e-05,NA,NA,NA
"run02_topology_LCN2",4694,"ACACA",7.98311027262466e-05,NA,NA,NA
"run02_topology_LCN2",4695,"BAX",8.97923976903581e-05,NA,NA,NA
"run02_topology_LCN2",4696,"GRIA1",1.90084712514693e-06,NA,NA,NA
"run02_topology_LCN2",4697,"PRKCZ",0.00127837750571802,NA,NA,NA
"run02_topology_LCN2",4698,"CYP17A1",3.31356115126358e-05,NA,NA,NA
"run02_topology_LCN2",4699,"ITGA5",0.00127400659039045,NA,NA,NA
"run02_topology_LCN2",4700,"PARK7",5.03123803161643e-05,NA,NA,NA
"run02_topology_LCN2",4701,"CYP2C19",1.83094707274511e-05,NA,NA,NA
"run02_topology_LCN2",4702,"EIF2S1",0.000110140192739028,NA,NA,NA
"run02_topology_LCN2",4703,"NOS2",2.38274351227474e-05,NA,NA,NA
"run02_topology_LCN2",4704,"VIM",5.2598025607753e-05,NA,NA,NA
"run02_topology_LCN2",4705,"AKR1D1",0.0010662752740489,NA,NA,NA
"run02_topology_LCN2",4706,"CYP2D6",2.95879994604009e-05,NA,NA,NA
"run02_topology_LCN2",4707,"AURKA",5.49029298524406e-05,NA,NA,NA
"run02_topology_LCN2",4708,"CYP17A1",3.31356115126358e-05,NA,NA,NA
"run02_topology_LCN2",4709,"FABP4",8.52242665472236e-05,NA,NA,NA
"run02_topology_LCN2",4710,"GRIA1",1.90084712514693e-06,NA,NA,NA
"run02_topology_LCN2",4711,"ACACA",7.98311027262466e-05,NA,NA,NA
"run02_topology_LCN2",4712,"ACTG1",2.72461711825489e-06,NA,NA,NA
"run02_topology_LCN2",4713,"GOT1",5.88174838508371e-05,NA,NA,NA
"run02_topology_LCN2",4714,"ALDH1B1",0,NA,NA,NA
"run02_topology_LCN2",4715,"C3",4.60004945984638e-05,NA,NA,NA
"run02_topology_LCN2",4716,"ITGA5",0.00127400659039045,NA,NA,NA
"run02_topology_LCN2",4717,"VIM",5.2598025607753e-05,NA,NA,NA
"run02_topology_LCN2",4718,"COL1A2",8.49027404237201e-06,NA,NA,NA
"run02_topology_LCN2",4719,"CYP17A1",3.31356115126358e-05,NA,NA,NA
"run02_topology_LCN2",4720,"GOT1",5.88174838508371e-05,NA,NA,NA
"run02_topology_LCN2",4721,"GOT1",5.88174838508371e-05,NA,NA,NA
"run02_topology_LCN2",4722,"PRKCZ",0.00127837750571802,NA,NA,NA
"run02_topology_LCN2",4723,"COL1A2",8.49027404237201e-06,NA,NA,NA
"run02_topology_LCN2",4724,"AURKA",5.49029298524406e-05,NA,NA,NA
"run02_topology_LCN2",4725,"AGTR1",7.87895413547623e-05,NA,NA,NA
"run02_topology_LCN2",4726,"AKR1D1",0.0010662752740489,NA,NA,NA
"run02_topology_LCN2",4727,"CACNA1B",0,NA,NA,NA
"run02_topology_LCN2",4728,"VIM",5.2598025607753e-05,NA,NA,NA
"run02_topology_LCN2",4729,"NOS2",2.38274351227474e-05,NA,NA,NA
"run02_topology_LCN2",4730,"ACTG1",2.72461711825489e-06,NA,NA,NA
"run02_topology_LCN2",4731,"ACSL1",4.92269468655993e-05,NA,NA,NA
"run02_topology_LCN2",4732,"GOT1",5.88174838508371e-05,NA,NA,NA
"run02_topology_LCN2",4733,"AURKA",5.49029298524406e-05,NA,NA,NA
"run02_topology_LCN2",4734,"BAX",8.97923976903581e-05,NA,NA,NA
"run02_topology_LCN2",4735,"DLG1",6.50075176803488e-05,NA,NA,NA
"run02_topology_LCN2",4736,"ALDH3A1",7.8987277396747e-05,NA,NA,NA
"run02_topology_LCN2",4737,"NDUFS3",7.91874029407724e-05,NA,NA,NA
"run02_topology_LCN2",4738,"PPIF",5.98208087934093e-05,NA,NA,NA
"run02_topology_LCN2",4739,"HSD3B2",2.44539251612608e-05,NA,NA,NA
"run02_topology_LCN2",4740,"ALDH3A1",7.8987277396747e-05,NA,NA,NA
"run02_topology_LCN2",4741,"EIF2S1",0.000110140192739028,NA,NA,NA
"run02_topology_LCN2",4742,"CYP2C19",1.83094707274511e-05,NA,NA,NA
"run02_topology_LCN2",4743,"ITGA5",0.00127400659039045,NA,NA,NA
"run02_topology_LCN2",4744,"GRIA1",1.90084712514693e-06,NA,NA,NA
"run02_topology_LCN2",4745,"EIF2AK2",0.000116554297583948,NA,NA,NA
"run02_topology_LCN2",4746,"NOS2",2.38274351227474e-05,NA,NA,NA
"run02_topology_LCN2",4747,"SLC6A4",7.25412905625555e-05,NA,NA,NA
"run02_topology_LCN2",4748,"CALR",4.38793673526172e-05,NA,NA,NA
"run02_topology_LCN2",4749,"AKR1C1",5.66614851992275e-05,NA,NA,NA
"run02_topology_LCN2",4750,"ITGA5",0.00127400659039045,NA,NA,NA
"run02_topology_LCN2",4751,"AURKA",5.49029298524406e-05,NA,NA,NA
"run02_topology_LCN2",4752,"ACSL1",4.92269468655993e-05,NA,NA,NA
"run02_topology_LCN2",4753,"PPIF",5.98208087934093e-05,NA,NA,NA
"run02_topology_LCN2",4754,"CYP17A1",3.31356115126358e-05,NA,NA,NA
"run02_topology_LCN2",4755,"AURKB",0.000100012341094136,NA,NA,NA
"run02_topology_LCN2",4756,"CYP2D6",2.95879994604009e-05,NA,NA,NA
"run02_topology_LCN2",4757,"GLUD1",0.00010300883354164,NA,NA,NA
"run02_topology_LCN2",4758,"NOS2",2.38274351227474e-05,NA,NA,NA
"run02_topology_LCN2",4759,"SCN1A",4.8526600018195e-05,NA,NA,NA
"run02_topology_LCN2",4760,"SCN1A",4.8526600018195e-05,NA,NA,NA
"run02_topology_LCN2",4761,"PRKCZ",0.00127837750571802,NA,NA,NA
"run02_topology_LCN2",4762,"NOS2",2.38274351227474e-05,NA,NA,NA
"run02_topology_LCN2",4763,"GLUD1",0.00010300883354164,NA,NA,NA
"run02_topology_LCN2",4764,"ACACA",7.98311027262466e-05,NA,NA,NA
"run02_topology_LCN2",4765,"CPT1A",1.49157660161992e-05,NA,NA,NA
"run02_topology_LCN2",4766,"NFATC1",5.51292228962996e-05,NA,NA,NA
"run02_topology_LCN2",4767,"ACTG1",2.72461711825489e-06,NA,NA,NA
"run02_topology_LCN2",4768,"GRIA1",1.90084712514693e-06,NA,NA,NA
"run02_topology_LCN2",4769,"BTK",0.000119272845312435,NA,NA,NA
"run02_topology_LCN2",4770,"PPIF",5.98208087934093e-05,NA,NA,NA
"run02_topology_LCN2",4771,"GRIA2",6.42468498274207e-05,NA,NA,NA
"run02_topology_LCN2",4772,"SLC6A4",7.25412905625555e-05,NA,NA,NA
"run02_topology_LCN2",4773,"ADH5",7.50101523409041e-05,NA,NA,NA
"run02_topology_LCN2",4774,"FURIN",9.05415850372959e-05,NA,NA,NA
"run02_topology_LCN2",4775,"HSD3B2",2.44539251612608e-05,NA,NA,NA
"run02_topology_LCN2",4776,"NDUFS3",7.91874029407724e-05,NA,NA,NA
"run02_topology_LCN2",4777,"EIF2S1",0.000110140192739028,NA,NA,NA
"run02_topology_LCN2",4778,"BTK",0.000119272845312435,NA,NA,NA
"run02_topology_LCN2",4779,"ACSL1",4.92269468655993e-05,NA,NA,NA
"run02_topology_LCN2",4780,"GLUD1",0.00010300883354164,NA,NA,NA
"run02_topology_LCN2",4781,"GLUD1",0.00010300883354164,NA,NA,NA
"run02_topology_LCN2",4782,"RYR1",8.59077355945814e-05,NA,NA,NA
"run02_topology_LCN2",4783,"NPPA",7.28658572474172e-05,NA,NA,NA
"run02_topology_LCN2",4784,"NOS2",2.38274351227474e-05,NA,NA,NA
"run02_topology_LCN2",4785,"EIF2AK2",0.000116554297583948,NA,NA,NA
"run02_topology_LCN2",4786,"CALM2",0,NA,NA,NA
"run02_topology_LCN2",4787,"RYR1",8.59077355945814e-05,NA,NA,NA
"run02_topology_LCN2",4788,"ACTG1",2.72461711825489e-06,NA,NA,NA
"run02_topology_LCN2",4789,"CACNA1B",0,NA,NA,NA
"run02_topology_LCN2",4790,"PRKCZ",0.00127837750571802,NA,NA,NA
"run02_topology_LCN2",4791,"GRIA2",6.42468498274207e-05,NA,NA,NA
"run02_topology_LCN2",4792,"BAX",8.97923976903581e-05,NA,NA,NA
"run02_topology_LCN2",4793,"FURIN",9.05415850372959e-05,NA,NA,NA
"run02_topology_LCN2",4794,"CALR",4.38793673526172e-05,NA,NA,NA
"run02_topology_LCN2",4795,"NPPA",7.28658572474172e-05,NA,NA,NA
"run02_topology_LCN2",4796,"PARK7",5.03123803161643e-05,NA,NA,NA
"run02_topology_LCN2",4797,"CTSD",0.000133066364187417,NA,NA,NA
"run02_topology_LCN2",4798,"VIM",5.2598025607753e-05,NA,NA,NA
"run02_topology_LCN2",4799,"AGTR1",7.87895413547623e-05,NA,NA,NA
"run02_topology_LCN2",4800,"BTK",0.000119272845312435,NA,NA,NA
"run02_topology_LCN2",4801,"AGTR1",7.87895413547623e-05,NA,NA,NA
"run02_topology_LCN2",4802,"NOS2",2.38274351227474e-05,NA,NA,NA
"run02_topology_LCN2",4803,"CYP17A1",3.31356115126358e-05,NA,NA,NA
"run02_topology_LCN2",4804,"NFATC1",5.51292228962996e-05,NA,NA,NA
"run02_topology_LCN2",4805,"GLUD1",0.00010300883354164,NA,NA,NA
"run02_topology_LCN2",4806,"AURKB",0.000100012341094136,NA,NA,NA
"run02_topology_LCN2",4807,"ACSL1",4.92269468655993e-05,NA,NA,NA
"run02_topology_LCN2",4808,"NFATC1",5.51292228962996e-05,NA,NA,NA
"run02_topology_LCN2",4809,"PARK7",5.03123803161643e-05,NA,NA,NA
"run02_topology_LCN2",4810,"DLG1",6.50075176803488e-05,NA,NA,NA
"run02_topology_LCN2",4811,"PPARD",4.39109792027548e-05,NA,NA,NA
"run02_topology_LCN2",4812,"BTK",0.000119272845312435,NA,NA,NA
"run02_topology_LCN2",4813,"CYP2C19",1.83094707274511e-05,NA,NA,NA
"run02_topology_LCN2",4814,"DLG1",6.50075176803488e-05,NA,NA,NA
"run02_topology_LCN2",4815,"KEAP1",8.90865911317151e-05,NA,NA,NA
"run02_topology_LCN2",4816,"ACSL1",4.92269468655993e-05,NA,NA,NA
"run02_topology_LCN2",4817,"GRIA2",6.42468498274207e-05,NA,NA,NA
"run02_topology_LCN2",4818,"PPIF",5.98208087934093e-05,NA,NA,NA
"run02_topology_LCN2",4819,"ACE2",6.17806475236016e-05,NA,NA,NA
"run02_topology_LCN2",4820,"ALDH3A1",7.8987277396747e-05,NA,NA,NA
"run02_topology_LCN2",4821,"BTK",0.000119272845312435,NA,NA,NA
"run02_topology_LCN2",4822,"RYR2",4.78345186669671e-05,NA,NA,NA
"run02_topology_LCN2",4823,"BTK",0.000119272845312435,NA,NA,NA
"run02_topology_LCN2",4824,"AURKA",5.49029298524406e-05,NA,NA,NA
"run02_topology_LCN2",4825,"PPIF",5.98208087934093e-05,NA,NA,NA
"run02_topology_LCN2",4826,"EIF2AK2",0.000116554297583948,NA,NA,NA
"run02_topology_LCN2",4827,"ADH5",7.50101523409041e-05,NA,NA,NA
"run02_topology_LCN2",4828,"ACE2",6.17806475236016e-05,NA,NA,NA
"run02_topology_LCN2",4829,"PARK7",5.03123803161643e-05,NA,NA,NA
"run02_topology_LCN2",4830,"COL1A2",8.49027404237201e-06,NA,NA,NA
"run02_topology_LCN2",4831,"ACSL1",4.92269468655993e-05,NA,NA,NA
"run02_topology_LCN2",4832,"COL1A2",8.49027404237201e-06,NA,NA,NA
"run02_topology_LCN2",4833,"CYP2C19",1.83094707274511e-05,NA,NA,NA
"run02_topology_LCN2",4834,"EIF2AK2",0.000116554297583948,NA,NA,NA
"run02_topology_LCN2",4835,"GOT1",5.88174838508371e-05,NA,NA,NA
"run02_topology_LCN2",4836,"ACE2",6.17806475236016e-05,NA,NA,NA
"run02_topology_LCN2",4837,"ITGA5",0.00127400659039045,NA,NA,NA
"run02_topology_LCN2",4838,"EIF2AK2",0.000116554297583948,NA,NA,NA
"run02_topology_LCN2",4839,"ACTG1",2.72461711825489e-06,NA,NA,NA
"run02_topology_LCN2",4840,"ACACA",7.98311027262466e-05,NA,NA,NA
"run02_topology_LCN2",4841,"ITGA5",0.00127400659039045,NA,NA,NA
"run02_topology_LCN2",4842,"ITGA5",0.00127400659039045,NA,NA,NA
"run02_topology_LCN2",4843,"NDUFS3",7.91874029407724e-05,NA,NA,NA
"run02_topology_LCN2",4844,"KEAP1",8.90865911317151e-05,NA,NA,NA
"run02_topology_LCN2",4845,"FURIN",9.05415850372959e-05,NA,NA,NA
"run02_topology_LCN2",4846,"VIM",5.2598025607753e-05,NA,NA,NA
"run02_topology_LCN2",4847,"CALR",4.38793673526172e-05,NA,NA,NA
"run02_topology_LCN2",4848,"ADH5",7.50101523409041e-05,NA,NA,NA
"run02_topology_LCN2",4849,"COL1A2",8.49027404237201e-06,NA,NA,NA
"run02_topology_LCN2",4850,"NOS2",2.38274351227474e-05,NA,NA,NA
"run02_topology_LCN2",4851,"FURIN",9.05415850372959e-05,NA,NA,NA
"run02_topology_LCN2",4852,"VIM",5.2598025607753e-05,NA,NA,NA
"run02_topology_LCN2",4853,"RASA1",5.55702489675181e-05,NA,NA,NA
"run02_topology_LCN2",4854,"COL1A2",8.49027404237201e-06,NA,NA,NA
"run02_topology_LCN2",4855,"ACSL1",4.92269468655993e-05,NA,NA,NA
"run02_topology_LCN2",4856,"GRIA2",6.42468498274207e-05,NA,NA,NA
"run02_topology_LCN2",4857,"PRKCZ",0.00127837750571802,NA,NA,NA
"run02_topology_LCN2",4858,"KEAP1",8.90865911317151e-05,NA,NA,NA
"run02_topology_LCN2",4859,"AKR1C1",5.66614851992275e-05,NA,NA,NA
"run02_topology_LCN2",4860,"CYP17A1",3.31356115126358e-05,NA,NA,NA
"run02_topology_LCN2",4861,"SLC6A4",7.25412905625555e-05,NA,NA,NA
"run02_topology_LCN2",4862,"CPT1A",1.49157660161992e-05,NA,NA,NA
"run02_topology_LCN2",4863,"ITGA5",0.00127400659039045,NA,NA,NA
"run02_topology_LCN2",4864,"NPPA",7.28658572474172e-05,NA,NA,NA
"run02_topology_LCN2",4865,"GRIA2",6.42468498274207e-05,NA,NA,NA
"run02_topology_LCN2",4866,"ACACA",7.98311027262466e-05,NA,NA,NA
"run02_topology_LCN2",4867,"GOT1",5.88174838508371e-05,NA,NA,NA
"run02_topology_LCN2",4868,"NFATC1",5.51292228962996e-05,NA,NA,NA
"run02_topology_LCN2",4869,"GLUD1",0.00010300883354164,NA,NA,NA
"run02_topology_LCN2",4870,"DLG1",6.50075176803488e-05,NA,NA,NA
"run02_topology_LCN2",4871,"CPT1A",1.49157660161992e-05,NA,NA,NA
"run02_topology_LCN2",4872,"GOT1",5.88174838508371e-05,NA,NA,NA
"run02_topology_LCN2",4873,"NOS2",2.38274351227474e-05,NA,NA,NA
"run02_topology_LCN2",4874,"BAX",8.97923976903581e-05,NA,NA,NA
"run02_topology_LCN2",4875,"NFATC1",5.51292228962996e-05,NA,NA,NA
"run02_topology_LCN2",4876,"FABP4",8.52242665472236e-05,NA,NA,NA
"run02_topology_LCN2",4877,"RYR2",4.78345186669671e-05,NA,NA,NA
"run02_topology_LCN2",4878,"AKR1C1",5.66614851992275e-05,NA,NA,NA
"run02_topology_LCN2",4879,"CALR",4.38793673526172e-05,NA,NA,NA
"run02_topology_LCN2",4880,"ACACA",7.98311027262466e-05,NA,NA,NA
"run02_topology_LCN2",4881,"KEAP1",8.90865911317151e-05,NA,NA,NA
"run02_topology_LCN2",4882,"NOS2",2.38274351227474e-05,NA,NA,NA
"run02_topology_LCN2",4883,"NFATC1",5.51292228962996e-05,NA,NA,NA
"run02_topology_LCN2",4884,"GRIA2",6.42468498274207e-05,NA,NA,NA
"run02_topology_LCN2",4885,"PPARD",4.39109792027548e-05,NA,NA,NA
"run02_topology_LCN2",4886,"CACNA1B",0,NA,NA,NA
"run02_topology_LCN2",4887,"EIF2AK2",0.000116554297583948,NA,NA,NA
"run02_topology_LCN2",4888,"CPT1A",1.49157660161992e-05,NA,NA,NA
"run02_topology_LCN2",4889,"RYR1",8.59077355945814e-05,NA,NA,NA
"run02_topology_LCN2",4890,"GOT1",5.88174838508371e-05,NA,NA,NA
"run02_topology_LCN2",4891,"EIF2AK2",0.000116554297583948,NA,NA,NA
"run02_topology_LCN2",4892,"DLG1",6.50075176803488e-05,NA,NA,NA
"run02_topology_LCN2",4893,"NOS2",2.38274351227474e-05,NA,NA,NA
"run02_topology_LCN2",4894,"NFATC1",5.51292228962996e-05,NA,NA,NA
"run02_topology_LCN2",4895,"GOT1",5.88174838508371e-05,NA,NA,NA
"run02_topology_LCN2",4896,"CALM2",0,NA,NA,NA
"run02_topology_LCN2",4897,"FABP4",8.52242665472236e-05,NA,NA,NA
"run02_topology_LCN2",4898,"CYP17A1",3.31356115126358e-05,NA,NA,NA
"run02_topology_LCN2",4899,"NPPA",7.28658572474172e-05,NA,NA,NA
"run02_topology_LCN2",4900,"ACACA",7.98311027262466e-05,NA,NA,NA
"run02_topology_LCN2",4901,"CYP2D6",2.95879994604009e-05,NA,NA,NA
"run02_topology_LCN2",4902,"PPARD",4.39109792027548e-05,NA,NA,NA
"run02_topology_LCN2",4903,"CYP17A1",3.31356115126358e-05,NA,NA,NA
"run02_topology_LCN2",4904,"ACE2",6.17806475236016e-05,NA,NA,NA
"run02_topology_LCN2",4905,"DLG1",6.50075176803488e-05,NA,NA,NA
"run02_topology_LCN2",4906,"PARK7",5.03123803161643e-05,NA,NA,NA
"run02_topology_LCN2",4907,"GRIA2",6.42468498274207e-05,NA,NA,NA
"run02_topology_LCN2",4908,"AGTR1",7.87895413547623e-05,NA,NA,NA
"run02_topology_LCN2",4909,"COL1A2",8.49027404237201e-06,NA,NA,NA
"run02_topology_LCN2",4910,"SLC6A4",7.25412905625555e-05,NA,NA,NA
"run02_topology_LCN2",4911,"FABP4",8.52242665472236e-05,NA,NA,NA
"run02_topology_LCN2",4912,"ACACA",7.98311027262466e-05,NA,NA,NA
"run02_topology_LCN2",4913,"AURKB",0.000100012341094136,NA,NA,NA
"run02_topology_LCN2",4914,"FURIN",9.05415850372959e-05,NA,NA,NA
"run02_topology_LCN2",4915,"GLUD1",0.00010300883354164,NA,NA,NA
"run02_topology_LCN2",4916,"ACSL1",4.92269468655993e-05,NA,NA,NA
"run02_topology_LCN2",4917,"GLUD1",0.00010300883354164,NA,NA,NA
"run02_topology_LCN2",4918,"SLC6A4",7.25412905625555e-05,NA,NA,NA
"run02_topology_LCN2",4919,"CALM2",0,NA,NA,NA
"run02_topology_LCN2",4920,"NOS2",2.38274351227474e-05,NA,NA,NA
"run02_topology_LCN2",4921,"CYP2D6",2.95879994604009e-05,NA,NA,NA
"run02_topology_LCN2",4922,"BAX",8.97923976903581e-05,NA,NA,NA
"run02_topology_LCN2",4923,"NPPA",7.28658572474172e-05,NA,NA,NA
"run02_topology_LCN2",4924,"GRIA2",6.42468498274207e-05,NA,NA,NA
"run02_topology_LCN2",4925,"AKR1C1",5.66614851992275e-05,NA,NA,NA
"run02_topology_LCN2",4926,"EIF2S1",0.000110140192739028,NA,NA,NA
"run02_topology_LCN2",4927,"CACNA1B",0,NA,NA,NA
"run02_topology_LCN2",4928,"AURKA",5.49029298524406e-05,NA,NA,NA
"run02_topology_LCN2",4929,"NFATC1",5.51292228962996e-05,NA,NA,NA
"run02_topology_LCN2",4930,"NFATC1",5.51292228962996e-05,NA,NA,NA
"run02_topology_LCN2",4931,"AURKA",5.49029298524406e-05,NA,NA,NA
"run02_topology_LCN2",4932,"CPT1A",1.49157660161992e-05,NA,NA,NA
"run02_topology_LCN2",4933,"CACNA1B",0,NA,NA,NA
"run02_topology_LCN2",4934,"CACNA1B",0,NA,NA,NA
"run02_topology_LCN2",4935,"KEAP1",8.90865911317151e-05,NA,NA,NA
"run02_topology_LCN2",4936,"BTK",0.000119272845312435,NA,NA,NA
"run02_topology_LCN2",4937,"CYP2C19",1.83094707274511e-05,NA,NA,NA
"run02_topology_LCN2",4938,"EIF2S1",0.000110140192739028,NA,NA,NA
"run02_topology_LCN2",4939,"AGTR1",7.87895413547623e-05,NA,NA,NA
"run02_topology_LCN2",4940,"AGTR1",7.87895413547623e-05,NA,NA,NA
"run02_topology_LCN2",4941,"ACE2",6.17806475236016e-05,NA,NA,NA
"run02_topology_LCN2",4942,"NFATC1",5.51292228962996e-05,NA,NA,NA
"run02_topology_LCN2",4943,"ALDH3A1",7.8987277396747e-05,NA,NA,NA
"run02_topology_LCN2",4944,"EIF2S1",0.000110140192739028,NA,NA,NA
"run02_topology_LCN2",4945,"CYP2D6",2.95879994604009e-05,NA,NA,NA
"run02_topology_LCN2",4946,"FABP4",8.52242665472236e-05,NA,NA,NA
"run02_topology_LCN2",4947,"ACSL1",4.92269468655993e-05,NA,NA,NA
"run02_topology_LCN2",4948,"C3",4.60004945984638e-05,NA,NA,NA
"run02_topology_LCN2",4949,"PARK7",5.03123803161643e-05,NA,NA,NA
"run02_topology_LCN2",4950,"PRKCZ",0.00127837750571802,NA,NA,NA
"run02_topology_LCN2",4951,"CYP17A1",3.31356115126358e-05,NA,NA,NA
"run02_topology_LCN2",4952,"CYP2D6",2.95879994604009e-05,NA,NA,NA
"run02_topology_LCN2",4953,"AURKB",0.000100012341094136,NA,NA,NA
"run02_topology_LCN2",4954,"SLC6A4",7.25412905625555e-05,NA,NA,NA
"run02_topology_LCN2",4955,"FABP4",8.52242665472236e-05,NA,NA,NA
"run02_topology_LCN2",4956,"ALDH3A1",7.8987277396747e-05,NA,NA,NA
"run02_topology_LCN2",4957,"RASA1",5.55702489675181e-05,NA,NA,NA
"run02_topology_LCN2",4958,"FURIN",9.05415850372959e-05,NA,NA,NA
"run02_topology_LCN2",4959,"NFATC1",5.51292228962996e-05,NA,NA,NA
"run02_topology_LCN2",4960,"GRIA1",1.90084712514693e-06,NA,NA,NA
"run02_topology_LCN2",4961,"PARK7",5.03123803161643e-05,NA,NA,NA
"run02_topology_LCN2",4962,"CALR",4.38793673526172e-05,NA,NA,NA
"run02_topology_LCN2",4963,"CTSD",0.000133066364187417,NA,NA,NA
"run02_topology_LCN2",4964,"ACSL1",4.92269468655993e-05,NA,NA,NA
"run02_topology_LCN2",4965,"COL1A2",8.49027404237201e-06,NA,NA,NA
"run02_topology_LCN2",4966,"CYP2D6",2.95879994604009e-05,NA,NA,NA
"run02_topology_LCN2",4967,"CACNA1B",0,NA,NA,NA
"run02_topology_LCN2",4968,"DLG1",6.50075176803488e-05,NA,NA,NA
"run02_topology_LCN2",4969,"CPT1A",1.49157660161992e-05,NA,NA,NA
"run02_topology_LCN2",4970,"AKR1D1",0.0010662752740489,NA,NA,NA
"run02_topology_LCN2",4971,"PPARD",4.39109792027548e-05,NA,NA,NA
"run02_topology_LCN2",4972,"EIF2S1",0.000110140192739028,NA,NA,NA
"run02_topology_LCN2",4973,"BAX",8.97923976903581e-05,NA,NA,NA
"run02_topology_LCN2",4974,"KEAP1",8.90865911317151e-05,NA,NA,NA
"run02_topology_LCN2",4975,"HSD3B2",2.44539251612608e-05,NA,NA,NA
"run02_topology_LCN2",4976,"ALDH1B1",0,NA,NA,NA
"run02_topology_LCN2",4977,"CYP2D6",2.95879994604009e-05,NA,NA,NA
"run02_topology_LCN2",4978,"ACE2",6.17806475236016e-05,NA,NA,NA
"run02_topology_LCN2",4979,"CYP2D6",2.95879994604009e-05,NA,NA,NA
"run02_topology_LCN2",4980,"KEAP1",8.90865911317151e-05,NA,NA,NA
"run02_topology_LCN2",4981,"ALDH1B1",0,NA,NA,NA
"run02_topology_LCN2",4982,"ACSL1",4.92269468655993e-05,NA,NA,NA
"run02_topology_LCN2",4983,"ACACA",7.98311027262466e-05,NA,NA,NA
"run02_topology_LCN2",4984,"NDUFS3",7.91874029407724e-05,NA,NA,NA
"run02_topology_LCN2",4985,"HSD3B2",2.44539251612608e-05,NA,NA,NA
"run02_topology_LCN2",4986,"ADH5",7.50101523409041e-05,NA,NA,NA
"run02_topology_LCN2",4987,"CALR",4.38793673526172e-05,NA,NA,NA
"run02_topology_LCN2",4988,"EIF2S1",0.000110140192739028,NA,NA,NA
"run02_topology_LCN2",4989,"CALR",4.38793673526172e-05,NA,NA,NA
"run02_topology_LCN2",4990,"HSD3B2",2.44539251612608e-05,NA,NA,NA
"run02_topology_LCN2",4991,"COL1A2",8.49027404237201e-06,NA,NA,NA
"run02_topology_LCN2",4992,"ADH5",7.50101523409041e-05,NA,NA,NA
"run02_topology_LCN2",4993,"COL1A2",8.49027404237201e-06,NA,NA,NA
"run02_topology_LCN2",4994,"ACACA",7.98311027262466e-05,NA,NA,NA
"run02_topology_LCN2",4995,"GRIA2",6.42468498274207e-05,NA,NA,NA
"run02_topology_LCN2",4996,"CYP17A1",3.31356115126358e-05,NA,NA,NA
"run02_topology_LCN2",4997,"DLG1",6.50075176803488e-05,NA,NA,NA
"run02_topology_LCN2",4998,"ACSL1",4.92269468655993e-05,NA,NA,NA
"run02_topology_LCN2",4999,"PRKCZ",0.00127837750571802,NA,NA,NA
"run02_topology_LCN2",5000,"CYP2D6",2.95879994604009e-05,NA,NA,NA
"run02_topology_LCN2",5001,"GLUD1",0.00010300883354164,NA,NA,NA
"run02_topology_LCN2",5002,"BAX",8.97923976903581e-05,NA,NA,NA
"run02_topology_LCN2",5003,"BAX",8.97923976903581e-05,NA,NA,NA
"run02_topology_LCN2",5004,"VIM",5.2598025607753e-05,NA,NA,NA
"run02_topology_LCN2",5005,"ACE2",6.17806475236016e-05,NA,NA,NA
"run02_topology_LCN2",5006,"AKR1D1",0.0010662752740489,NA,NA,NA
"run02_topology_LCN2",5007,"PARK7",5.03123803161643e-05,NA,NA,NA
"run02_topology_LCN2",5008,"CACNA1B",0,NA,NA,NA
"run02_topology_LCN2",5009,"AKR1D1",0.0010662752740489,NA,NA,NA
"run02_topology_LCN2",5010,"SCN1A",4.8526600018195e-05,NA,NA,NA
"run02_topology_LCN2",5011,"ITGA5",0.00127400659039045,NA,NA,NA
"run02_topology_LCN2",5012,"FURIN",9.05415850372959e-05,NA,NA,NA
"run02_topology_LCN2",5013,"CALM2",0,NA,NA,NA
"run02_topology_LCN2",5014,"VIM",5.2598025607753e-05,NA,NA,NA
"run02_topology_LCN2",5015,"RYR2",4.78345186669671e-05,NA,NA,NA
"run02_topology_LCN2",5016,"COL1A2",8.49027404237201e-06,NA,NA,NA
"run02_topology_LCN2",5017,"CALR",4.38793673526172e-05,NA,NA,NA
"run02_topology_LCN2",5018,"PPARD",4.39109792027548e-05,NA,NA,NA
"run02_topology_LCN2",5019,"GRIA2",6.42468498274207e-05,NA,NA,NA
"run02_topology_LCN2",5020,"CALR",4.38793673526172e-05,NA,NA,NA
"run02_topology_LCN2",5021,"GLUD1",0.00010300883354164,NA,NA,NA
"run02_topology_LCN2",5022,"NOS2",2.38274351227474e-05,NA,NA,NA
"run02_topology_LCN2",5023,"SLC6A4",7.25412905625555e-05,NA,NA,NA
"run02_topology_LCN2",5024,"PARK7",5.03123803161643e-05,NA,NA,NA
"run02_topology_LCN2",5025,"ACE2",6.17806475236016e-05,NA,NA,NA
"run02_topology_LCN2",5026,"CYP17A1",3.31356115126358e-05,NA,NA,NA
"run02_topology_LCN2",5027,"ALDH3A1",7.8987277396747e-05,NA,NA,NA
"run02_topology_LCN2",5028,"NOS2",2.38274351227474e-05,NA,NA,NA
"run02_topology_LCN2",5029,"ITGA5",0.00127400659039045,NA,NA,NA
"run02_topology_LCN2",5030,"ITGA5",0.00127400659039045,NA,NA,NA
"run02_topology_LCN2",5031,"RYR2",4.78345186669671e-05,NA,NA,NA
"run02_topology_LCN2",5032,"PRKCZ",0.00127837750571802,NA,NA,NA
"run02_topology_LCN2",5033,"AKR1C1",5.66614851992275e-05,NA,NA,NA
"run02_topology_LCN2",5034,"GRIA2",6.42468498274207e-05,NA,NA,NA
"run02_topology_LCN2",5035,"BTK",0.000119272845312435,NA,NA,NA
"run02_topology_LCN2",5036,"AURKA",5.49029298524406e-05,NA,NA,NA
"run02_topology_LCN2",5037,"CALR",4.38793673526172e-05,NA,NA,NA
"run02_topology_LCN2",5038,"PPIF",5.98208087934093e-05,NA,NA,NA
"run02_topology_LCN2",5039,"NFATC1",5.51292228962996e-05,NA,NA,NA
"run02_topology_LCN2",5040,"ADH5",7.50101523409041e-05,NA,NA,NA
"run02_topology_LCN2",5041,"ACE2",6.17806475236016e-05,NA,NA,NA
"run02_topology_LCN2",5042,"HSD3B2",2.44539251612608e-05,NA,NA,NA
"run02_topology_LCN2",5043,"CYP2C19",1.83094707274511e-05,NA,NA,NA
"run02_topology_LCN2",5044,"COL1A2",8.49027404237201e-06,NA,NA,NA
"run02_topology_LCN2",5045,"AGTR1",7.87895413547623e-05,NA,NA,NA
"run02_topology_LCN2",5046,"AGTR1",7.87895413547623e-05,NA,NA,NA
"run02_topology_LCN2",5047,"CALM2",0,NA,NA,NA
"run02_topology_LCN2",5048,"SCN1A",4.8526600018195e-05,NA,NA,NA
"run02_topology_LCN2",5049,"ALDH1B1",0,NA,NA,NA
"run02_topology_LCN2",5050,"HSD3B2",2.44539251612608e-05,NA,NA,NA
"run02_topology_LCN2",5051,"FABP4",8.52242665472236e-05,NA,NA,NA
"run02_topology_LCN2",5052,"ACACA",7.98311027262466e-05,NA,NA,NA
"run02_topology_LCN2",5053,"CPT1A",1.49157660161992e-05,NA,NA,NA
"run02_topology_LCN2",5054,"AURKA",5.49029298524406e-05,NA,NA,NA
"run02_topology_LCN2",5055,"CACNA1B",0,NA,NA,NA
"run02_topology_LCN2",5056,"NOS2",2.38274351227474e-05,NA,NA,NA
"run02_topology_LCN2",5057,"FABP4",8.52242665472236e-05,NA,NA,NA
"run02_topology_LCN2",5058,"DLG1",6.50075176803488e-05,NA,NA,NA
"run02_topology_LCN2",5059,"GLUD1",0.00010300883354164,NA,NA,NA
"run02_topology_LCN2",5060,"AURKA",5.49029298524406e-05,NA,NA,NA
"run02_topology_LCN2",5061,"CALR",4.38793673526172e-05,NA,NA,NA
"run02_topology_LCN2",5062,"NDUFS3",7.91874029407724e-05,NA,NA,NA
"run02_topology_LCN2",5063,"PPIF",5.98208087934093e-05,NA,NA,NA
"run02_topology_LCN2",5064,"DLG1",6.50075176803488e-05,NA,NA,NA
"run02_topology_LCN2",5065,"PRKCZ",0.00127837750571802,NA,NA,NA
"run02_topology_LCN2",5066,"COL1A2",8.49027404237201e-06,NA,NA,NA
"run02_topology_LCN2",5067,"ITGA5",0.00127400659039045,NA,NA,NA
"run02_topology_LCN2",5068,"CPT1A",1.49157660161992e-05,NA,NA,NA
"run02_topology_LCN2",5069,"CYP2C19",1.83094707274511e-05,NA,NA,NA
"run02_topology_LCN2",5070,"KEAP1",8.90865911317151e-05,NA,NA,NA
"run02_topology_LCN2",5071,"CACNA1B",0,NA,NA,NA
"run02_topology_LCN2",5072,"CPT1A",1.49157660161992e-05,NA,NA,NA
"run02_topology_LCN2",5073,"ITGA5",0.00127400659039045,NA,NA,NA
"run02_topology_LCN2",5074,"SLC6A4",7.25412905625555e-05,NA,NA,NA
"run02_topology_LCN2",5075,"GRIA1",1.90084712514693e-06,NA,NA,NA
"run02_topology_LCN2",5076,"BAX",8.97923976903581e-05,NA,NA,NA
"run02_topology_LCN2",5077,"VIM",5.2598025607753e-05,NA,NA,NA
"run02_topology_LCN2",5078,"C3",4.60004945984638e-05,NA,NA,NA
"run02_topology_LCN2",5079,"RYR1",8.59077355945814e-05,NA,NA,NA
"run02_topology_LCN2",5080,"CTSD",0.000133066364187417,NA,NA,NA
"run02_topology_LCN2",5081,"C3",4.60004945984638e-05,NA,NA,NA
"run02_topology_LCN2",5082,"AURKB",0.000100012341094136,NA,NA,NA
"run02_topology_LCN2",5083,"PPARD",4.39109792027548e-05,NA,NA,NA
"run02_topology_LCN2",5084,"ALDH1B1",0,NA,NA,NA
"run02_topology_LCN2",5085,"NFATC1",5.51292228962996e-05,NA,NA,NA
"run02_topology_LCN2",5086,"RYR2",4.78345186669671e-05,NA,NA,NA
"run02_topology_LCN2",5087,"ACACA",7.98311027262466e-05,NA,NA,NA
"run02_topology_LCN2",5088,"VIM",5.2598025607753e-05,NA,NA,NA
"run02_topology_LCN2",5089,"ALDH1B1",0,NA,NA,NA
"run02_topology_LCN2",5090,"RYR1",8.59077355945814e-05,NA,NA,NA
"run02_topology_LCN2",5091,"ITGA5",0.00127400659039045,NA,NA,NA
"run02_topology_LCN2",5092,"ALDH3A1",7.8987277396747e-05,NA,NA,NA
"run02_topology_LCN2",5093,"BTK",0.000119272845312435,NA,NA,NA
"run02_topology_LCN2",5094,"AURKA",5.49029298524406e-05,NA,NA,NA
"run02_topology_LCN2",5095,"FABP4",8.52242665472236e-05,NA,NA,NA
"run02_topology_LCN2",5096,"GRIA2",6.42468498274207e-05,NA,NA,NA
"run02_topology_LCN2",5097,"FURIN",9.05415850372959e-05,NA,NA,NA
"run02_topology_LCN2",5098,"GRIA1",1.90084712514693e-06,NA,NA,NA
"run02_topology_LCN2",5099,"GLUD1",0.00010300883354164,NA,NA,NA
"run02_topology_LCN2",5100,"PARK7",5.03123803161643e-05,NA,NA,NA
"run02_topology_LCN2",5101,"RASA1",5.55702489675181e-05,NA,NA,NA
"run02_topology_LCN2",5102,"FABP4",8.52242665472236e-05,NA,NA,NA
"run02_topology_LCN2",5103,"COL1A2",8.49027404237201e-06,NA,NA,NA
"run02_topology_LCN2",5104,"CPT1A",1.49157660161992e-05,NA,NA,NA
"run02_topology_LCN2",5105,"AKR1C1",5.66614851992275e-05,NA,NA,NA
"run02_topology_LCN2",5106,"CYP2C19",1.83094707274511e-05,NA,NA,NA
"run02_topology_LCN2",5107,"PPIF",5.98208087934093e-05,NA,NA,NA
"run02_topology_LCN2",5108,"PPIF",5.98208087934093e-05,NA,NA,NA
"run02_topology_LCN2",5109,"PPIF",5.98208087934093e-05,NA,NA,NA
"run02_topology_LCN2",5110,"CACNA1B",0,NA,NA,NA
"run02_topology_LCN2",5111,"FURIN",9.05415850372959e-05,NA,NA,NA
"run02_topology_LCN2",5112,"NFATC1",5.51292228962996e-05,NA,NA,NA
"run02_topology_LCN2",5113,"RYR1",8.59077355945814e-05,NA,NA,NA
"run02_topology_LCN2",5114,"CPT1A",1.49157660161992e-05,NA,NA,NA
"run02_topology_LCN2",5115,"BAX",8.97923976903581e-05,NA,NA,NA
"run02_topology_LCN2",5116,"ITGA5",0.00127400659039045,NA,NA,NA
"run02_topology_LCN2",5117,"NPPA",7.28658572474172e-05,NA,NA,NA
"run02_topology_LCN2",5118,"ACACA",7.98311027262466e-05,NA,NA,NA
"run02_topology_LCN2",5119,"AURKA",5.49029298524406e-05,NA,NA,NA
"run02_topology_LCN2",5120,"CALM2",0,NA,NA,NA
"run02_topology_LCN2",5121,"GRIA1",1.90084712514693e-06,NA,NA,NA
"run02_topology_LCN2",5122,"HSD3B2",2.44539251612608e-05,NA,NA,NA
"run02_topology_LCN2",5123,"FURIN",9.05415850372959e-05,NA,NA,NA
"run02_topology_LCN2",5124,"CACNA1B",0,NA,NA,NA
"run02_topology_LCN2",5125,"SLC6A4",7.25412905625555e-05,NA,NA,NA
"run02_topology_LCN2",5126,"CPT1A",1.49157660161992e-05,NA,NA,NA
"run02_topology_LCN2",5127,"ITGA5",0.00127400659039045,NA,NA,NA
"run02_topology_LCN2",5128,"FURIN",9.05415850372959e-05,NA,NA,NA
"run02_topology_LCN2",5129,"AKR1C1",5.66614851992275e-05,NA,NA,NA
"run02_topology_LCN2",5130,"RASA1",5.55702489675181e-05,NA,NA,NA
"run02_topology_LCN2",5131,"NPPA",7.28658572474172e-05,NA,NA,NA
"run02_topology_LCN2",5132,"AURKB",0.000100012341094136,NA,NA,NA
"run02_topology_LCN2",5133,"RASA1",5.55702489675181e-05,NA,NA,NA
"run02_topology_LCN2",5134,"GOT1",5.88174838508371e-05,NA,NA,NA
"run02_topology_LCN2",5135,"AGTR1",7.87895413547623e-05,NA,NA,NA
"run02_topology_LCN2",5136,"AKR1D1",0.0010662752740489,NA,NA,NA
"run02_topology_LCN2",5137,"CALM2",0,NA,NA,NA
"run02_topology_LCN2",5138,"GOT1",5.88174838508371e-05,NA,NA,NA
"run02_topology_LCN2",5139,"CALM2",0,NA,NA,NA
"run02_topology_LCN2",5140,"GOT1",5.88174838508371e-05,NA,NA,NA
"run02_topology_LCN2",5141,"CACNA1B",0,NA,NA,NA
"run02_topology_LCN2",5142,"ACE2",6.17806475236016e-05,NA,NA,NA
"run02_topology_LCN2",5143,"FABP4",8.52242665472236e-05,NA,NA,NA
"run02_topology_LCN2",5144,"GRIA2",6.42468498274207e-05,NA,NA,NA
"run02_topology_LCN2",5145,"CTSD",0.000133066364187417,NA,NA,NA
"run02_topology_LCN2",5146,"AKR1C1",5.66614851992275e-05,NA,NA,NA
"run02_topology_LCN2",5147,"GOT1",5.88174838508371e-05,NA,NA,NA
"run02_topology_LCN2",5148,"AKR1C1",5.66614851992275e-05,NA,NA,NA
"run02_topology_LCN2",5149,"ACE2",6.17806475236016e-05,NA,NA,NA
"run02_topology_LCN2",5150,"CYP2C19",1.83094707274511e-05,NA,NA,NA
"run02_topology_LCN2",5151,"GRIA2",6.42468498274207e-05,NA,NA,NA
"run02_topology_LCN2",5152,"AKR1C1",5.66614851992275e-05,NA,NA,NA
"run02_topology_LCN2",5153,"SCN1A",4.8526600018195e-05,NA,NA,NA
"run02_topology_LCN2",5154,"AKR1C1",5.66614851992275e-05,NA,NA,NA
"run02_topology_LCN2",5155,"CYP2D6",2.95879994604009e-05,NA,NA,NA
"run02_topology_LCN2",5156,"GRIA1",1.90084712514693e-06,NA,NA,NA
"run02_topology_LCN2",5157,"DLG1",6.50075176803488e-05,NA,NA,NA
"run02_topology_LCN2",5158,"AURKB",0.000100012341094136,NA,NA,NA
"run02_topology_LCN2",5159,"KEAP1",8.90865911317151e-05,NA,NA,NA
"run02_topology_LCN2",5160,"ALDH1B1",0,NA,NA,NA
"run02_topology_LCN2",5161,"GRIA2",6.42468498274207e-05,NA,NA,NA
"run02_topology_LCN2",5162,"ACACA",7.98311027262466e-05,NA,NA,NA
"run02_topology_LCN2",5163,"AURKB",0.000100012341094136,NA,NA,NA
"run02_topology_LCN2",5164,"GOT1",5.88174838508371e-05,NA,NA,NA
"run02_topology_LCN2",5165,"KEAP1",8.90865911317151e-05,NA,NA,NA
"run02_topology_LCN2",5166,"PRKCZ",0.00127837750571802,NA,NA,NA
"run02_topology_LCN2",5167,"VIM",5.2598025607753e-05,NA,NA,NA
"run02_topology_LCN2",5168,"KEAP1",8.90865911317151e-05,NA,NA,NA
"run02_topology_LCN2",5169,"PPIF",5.98208087934093e-05,NA,NA,NA
"run02_topology_LCN2",5170,"ADH5",7.50101523409041e-05,NA,NA,NA
"run02_topology_LCN2",5171,"GOT1",5.88174838508371e-05,NA,NA,NA
"run02_topology_LCN2",5172,"RYR1",8.59077355945814e-05,NA,NA,NA
"run02_topology_LCN2",5173,"BAX",8.97923976903581e-05,NA,NA,NA
"run02_topology_LCN2",5174,"ADH5",7.50101523409041e-05,NA,NA,NA
"run02_topology_LCN2",5175,"AKR1C1",5.66614851992275e-05,NA,NA,NA
"run02_topology_LCN2",5176,"GLUD1",0.00010300883354164,NA,NA,NA
"run02_topology_LCN2",5177,"ALDH1B1",0,NA,NA,NA
"run02_topology_LCN2",5178,"SLC6A4",7.25412905625555e-05,NA,NA,NA
"run02_topology_LCN2",5179,"CYP17A1",3.31356115126358e-05,NA,NA,NA
"run02_topology_LCN2",5180,"NPPA",7.28658572474172e-05,NA,NA,NA
"run02_topology_LCN2",5181,"CTSD",0.000133066364187417,NA,NA,NA
"run02_topology_LCN2",5182,"PPIF",5.98208087934093e-05,NA,NA,NA
"run02_topology_LCN2",5183,"PPARD",4.39109792027548e-05,NA,NA,NA
"run02_topology_LCN2",5184,"CACNA1B",0,NA,NA,NA
"run02_topology_LCN2",5185,"FABP4",8.52242665472236e-05,NA,NA,NA
"run02_topology_LCN2",5186,"PPARD",4.39109792027548e-05,NA,NA,NA
"run02_topology_LCN2",5187,"PPARD",4.39109792027548e-05,NA,NA,NA
"run02_topology_LCN2",5188,"PPIF",5.98208087934093e-05,NA,NA,NA
"run02_topology_LCN2",5189,"AKR1C1",5.66614851992275e-05,NA,NA,NA
"run02_topology_LCN2",5190,"CALM2",0,NA,NA,NA
"run02_topology_LCN2",5191,"BTK",0.000119272845312435,NA,NA,NA
"run02_topology_LCN2",5192,"FURIN",9.05415850372959e-05,NA,NA,NA
"run02_topology_LCN2",5193,"CYP17A1",3.31356115126358e-05,NA,NA,NA
"run02_topology_LCN2",5194,"FABP4",8.52242665472236e-05,NA,NA,NA
"run02_topology_LCN2",5195,"CALM2",0,NA,NA,NA
"run02_topology_LCN2",5196,"PPARD",4.39109792027548e-05,NA,NA,NA
"run02_topology_LCN2",5197,"BAX",8.97923976903581e-05,NA,NA,NA
"run02_topology_LCN2",5198,"COL1A2",8.49027404237201e-06,NA,NA,NA
"run02_topology_LCN2",5199,"PARK7",5.03123803161643e-05,NA,NA,NA
"run02_topology_LCN2",5200,"AGTR1",7.87895413547623e-05,NA,NA,NA
"run02_topology_LCN2",5201,"GRIA1",1.90084712514693e-06,NA,NA,NA
"run02_topology_LCN2",5202,"KEAP1",8.90865911317151e-05,NA,NA,NA
"run02_topology_LCN2",5203,"AURKB",0.000100012341094136,NA,NA,NA
"run02_topology_LCN2",5204,"CALR",4.38793673526172e-05,NA,NA,NA
"run02_topology_LCN2",5205,"ACACA",7.98311027262466e-05,NA,NA,NA
"run02_topology_LCN2",5206,"ACE2",6.17806475236016e-05,NA,NA,NA
"run02_topology_LCN2",5207,"GLUD1",0.00010300883354164,NA,NA,NA
"run02_topology_LCN2",5208,"RYR1",8.59077355945814e-05,NA,NA,NA
"run02_topology_LCN2",5209,"KEAP1",8.90865911317151e-05,NA,NA,NA
"run02_topology_LCN2",5210,"CYP2C19",1.83094707274511e-05,NA,NA,NA
"run02_topology_LCN2",5211,"NDUFS3",7.91874029407724e-05,NA,NA,NA
"run02_topology_LCN2",5212,"CALM2",0,NA,NA,NA
"run02_topology_LCN2",5213,"FABP4",8.52242665472236e-05,NA,NA,NA
"run02_topology_LCN2",5214,"ITGA5",0.00127400659039045,NA,NA,NA
"run02_topology_LCN2",5215,"RYR2",4.78345186669671e-05,NA,NA,NA
"run02_topology_LCN2",5216,"KEAP1",8.90865911317151e-05,NA,NA,NA
"run02_topology_LCN2",5217,"NOS2",2.38274351227474e-05,NA,NA,NA
"run02_topology_LCN2",5218,"AGTR1",7.87895413547623e-05,NA,NA,NA
"run02_topology_LCN2",5219,"PPIF",5.98208087934093e-05,NA,NA,NA
"run02_topology_LCN2",5220,"AURKB",0.000100012341094136,NA,NA,NA
"run02_topology_LCN2",5221,"KEAP1",8.90865911317151e-05,NA,NA,NA
"run02_topology_LCN2",5222,"HSD3B2",2.44539251612608e-05,NA,NA,NA
"run02_topology_LCN2",5223,"ALDH3A1",7.8987277396747e-05,NA,NA,NA
"run02_topology_LCN2",5224,"ALDH1B1",0,NA,NA,NA
"run02_topology_LCN2",5225,"EIF2S1",0.000110140192739028,NA,NA,NA
"run02_topology_LCN2",5226,"CYP17A1",3.31356115126358e-05,NA,NA,NA
"run02_topology_LCN2",5227,"RYR1",8.59077355945814e-05,NA,NA,NA
"run02_topology_LCN2",5228,"PRKCZ",0.00127837750571802,NA,NA,NA
"run02_topology_LCN2",5229,"CYP17A1",3.31356115126358e-05,NA,NA,NA
"run02_topology_LCN2",5230,"CYP17A1",3.31356115126358e-05,NA,NA,NA
"run02_topology_LCN2",5231,"AKR1D1",0.0010662752740489,NA,NA,NA
"run02_topology_LCN2",5232,"CALM2",0,NA,NA,NA
"run02_topology_LCN2",5233,"KEAP1",8.90865911317151e-05,NA,NA,NA
"run02_topology_LCN2",5234,"GRIA1",1.90084712514693e-06,NA,NA,NA
"run02_topology_LCN2",5235,"AURKA",5.49029298524406e-05,NA,NA,NA
"run02_topology_LCN2",5236,"RYR2",4.78345186669671e-05,NA,NA,NA
"run02_topology_LCN2",5237,"GOT1",5.88174838508371e-05,NA,NA,NA
"run02_topology_LCN2",5238,"DLG1",6.50075176803488e-05,NA,NA,NA
"run02_topology_LCN2",5239,"COL1A2",8.49027404237201e-06,NA,NA,NA
"run02_topology_LCN2",5240,"AURKA",5.49029298524406e-05,NA,NA,NA
"run02_topology_LCN2",5241,"PPIF",5.98208087934093e-05,NA,NA,NA
"run02_topology_LCN2",5242,"AURKB",0.000100012341094136,NA,NA,NA
"run02_topology_LCN2",5243,"EIF2AK2",0.000116554297583948,NA,NA,NA
"run02_topology_LCN2",5244,"RYR2",4.78345186669671e-05,NA,NA,NA
"run02_topology_LCN2",5245,"C3",4.60004945984638e-05,NA,NA,NA
"run02_topology_LCN2",5246,"CTSD",0.000133066364187417,NA,NA,NA
"run02_topology_LCN2",5247,"NOS2",2.38274351227474e-05,NA,NA,NA
"run02_topology_LCN2",5248,"ACE2",6.17806475236016e-05,NA,NA,NA
"run02_topology_LCN2",5249,"ACTG1",2.72461711825489e-06,NA,NA,NA
"run02_topology_LCN2",5250,"AKR1D1",0.0010662752740489,NA,NA,NA
"run02_topology_LCN2",5251,"AURKA",5.49029298524406e-05,NA,NA,NA
"run02_topology_LCN2",5252,"AURKA",5.49029298524406e-05,NA,NA,NA
"run02_topology_LCN2",5253,"ALDH3A1",7.8987277396747e-05,NA,NA,NA
"run02_topology_LCN2",5254,"KEAP1",8.90865911317151e-05,NA,NA,NA
"run02_topology_LCN2",5255,"ACACA",7.98311027262466e-05,NA,NA,NA
"run02_topology_LCN2",5256,"CPT1A",1.49157660161992e-05,NA,NA,NA
"run02_topology_LCN2",5257,"PARK7",5.03123803161643e-05,NA,NA,NA
"run02_topology_LCN2",5258,"ITGA5",0.00127400659039045,NA,NA,NA
"run02_topology_LCN2",5259,"SLC6A4",7.25412905625555e-05,NA,NA,NA
"run02_topology_LCN2",5260,"C3",4.60004945984638e-05,NA,NA,NA
"run02_topology_LCN2",5261,"CPT1A",1.49157660161992e-05,NA,NA,NA
"run02_topology_LCN2",5262,"CALR",4.38793673526172e-05,NA,NA,NA
"run02_topology_LCN2",5263,"GRIA1",1.90084712514693e-06,NA,NA,NA
"run02_topology_LCN2",5264,"ALDH3A1",7.8987277396747e-05,NA,NA,NA
"run02_topology_LCN2",5265,"ACACA",7.98311027262466e-05,NA,NA,NA
"run02_topology_LCN2",5266,"SLC6A4",7.25412905625555e-05,NA,NA,NA
"run02_topology_LCN2",5267,"PARK7",5.03123803161643e-05,NA,NA,NA
"run02_topology_LCN2",5268,"RASA1",5.55702489675181e-05,NA,NA,NA
"run02_topology_LCN2",5269,"ITGA5",0.00127400659039045,NA,NA,NA
"run02_topology_LCN2",5270,"BTK",0.000119272845312435,NA,NA,NA
"run02_topology_LCN2",5271,"CALR",4.38793673526172e-05,NA,NA,NA
"run02_topology_LCN2",5272,"SLC6A4",7.25412905625555e-05,NA,NA,NA
"run02_topology_LCN2",5273,"BAX",8.97923976903581e-05,NA,NA,NA
"run02_topology_LCN2",5274,"CYP2D6",2.95879994604009e-05,NA,NA,NA
"run02_topology_LCN2",5275,"GRIA1",1.90084712514693e-06,NA,NA,NA
"run02_topology_LCN2",5276,"CYP2C19",1.83094707274511e-05,NA,NA,NA
"run02_topology_LCN2",5277,"SCN1A",4.8526600018195e-05,NA,NA,NA
"run02_topology_LCN2",5278,"PPIF",5.98208087934093e-05,NA,NA,NA
"run02_topology_LCN2",5279,"CACNA1B",0,NA,NA,NA
"run02_topology_LCN2",5280,"GRIA1",1.90084712514693e-06,NA,NA,NA
"run02_topology_LCN2",5281,"NFATC1",5.51292228962996e-05,NA,NA,NA
"run02_topology_LCN2",5282,"CPT1A",1.49157660161992e-05,NA,NA,NA
"run02_topology_LCN2",5283,"KEAP1",8.90865911317151e-05,NA,NA,NA
"run02_topology_LCN2",5284,"EIF2S1",0.000110140192739028,NA,NA,NA
"run02_topology_LCN2",5285,"PARK7",5.03123803161643e-05,NA,NA,NA
"run02_topology_LCN2",5286,"RASA1",5.55702489675181e-05,NA,NA,NA
"run02_topology_LCN2",5287,"GLUD1",0.00010300883354164,NA,NA,NA
"run02_topology_LCN2",5288,"HSD3B2",2.44539251612608e-05,NA,NA,NA
"run02_topology_LCN2",5289,"AURKA",5.49029298524406e-05,NA,NA,NA
"run02_topology_LCN2",5290,"AURKA",5.49029298524406e-05,NA,NA,NA
"run02_topology_LCN2",5291,"KEAP1",8.90865911317151e-05,NA,NA,NA
"run02_topology_LCN2",5292,"COL1A2",8.49027404237201e-06,NA,NA,NA
"run02_topology_LCN2",5293,"RYR1",8.59077355945814e-05,NA,NA,NA
"run02_topology_LCN2",5294,"ACTG1",2.72461711825489e-06,NA,NA,NA
"run02_topology_LCN2",5295,"SCN1A",4.8526600018195e-05,NA,NA,NA
"run02_topology_LCN2",5296,"NOS2",2.38274351227474e-05,NA,NA,NA
"run02_topology_LCN2",5297,"GLUD1",0.00010300883354164,NA,NA,NA
"run02_topology_LCN2",5298,"SLC6A4",7.25412905625555e-05,NA,NA,NA
"run02_topology_LCN2",5299,"PPARD",4.39109792027548e-05,NA,NA,NA
"run02_topology_LCN2",5300,"ACACA",7.98311027262466e-05,NA,NA,NA
"run02_topology_LCN2",5301,"AKR1C1",5.66614851992275e-05,NA,NA,NA
"run02_topology_LCN2",5302,"BTK",0.000119272845312435,NA,NA,NA
"run02_topology_LCN2",5303,"EIF2S1",0.000110140192739028,NA,NA,NA
"run02_topology_LCN2",5304,"GRIA1",1.90084712514693e-06,NA,NA,NA
"run02_topology_LCN2",5305,"GRIA2",6.42468498274207e-05,NA,NA,NA
"run02_topology_LCN2",5306,"GLUD1",0.00010300883354164,NA,NA,NA
"run02_topology_LCN2",5307,"GLUD1",0.00010300883354164,NA,NA,NA
"run02_topology_LCN2",5308,"AGTR1",7.87895413547623e-05,NA,NA,NA
"run02_topology_LCN2",5309,"BTK",0.000119272845312435,NA,NA,NA
"run02_topology_LCN2",5310,"CACNA1B",0,NA,NA,NA
"run02_topology_LCN2",5311,"NPPA",7.28658572474172e-05,NA,NA,NA
"run02_topology_LCN2",5312,"AKR1D1",0.0010662752740489,NA,NA,NA
"run02_topology_LCN2",5313,"ACE2",6.17806475236016e-05,NA,NA,NA
"run02_topology_LCN2",5314,"NFATC1",5.51292228962996e-05,NA,NA,NA
"run02_topology_LCN2",5315,"GLUD1",0.00010300883354164,NA,NA,NA
"run02_topology_LCN2",5316,"COL1A2",8.49027404237201e-06,NA,NA,NA
"run02_topology_LCN2",5317,"EIF2S1",0.000110140192739028,NA,NA,NA
"run02_topology_LCN2",5318,"RYR1",8.59077355945814e-05,NA,NA,NA
"run02_topology_LCN2",5319,"RYR1",8.59077355945814e-05,NA,NA,NA
"run02_topology_LCN2",5320,"PRKCZ",0.00127837750571802,NA,NA,NA
"run02_topology_LCN2",5321,"PPIF",5.98208087934093e-05,NA,NA,NA
"run02_topology_LCN2",5322,"PARK7",5.03123803161643e-05,NA,NA,NA
"run02_topology_LCN2",5323,"CALM2",0,NA,NA,NA
"run02_topology_LCN2",5324,"FURIN",9.05415850372959e-05,NA,NA,NA
"run02_topology_LCN2",5325,"GLUD1",0.00010300883354164,NA,NA,NA
"run02_topology_LCN2",5326,"DLG1",6.50075176803488e-05,NA,NA,NA
"run02_topology_LCN2",5327,"FABP4",8.52242665472236e-05,NA,NA,NA
"run02_topology_LCN2",5328,"AKR1C1",5.66614851992275e-05,NA,NA,NA
"run02_topology_LCN2",5329,"RASA1",5.55702489675181e-05,NA,NA,NA
"run02_topology_LCN2",5330,"NDUFS3",7.91874029407724e-05,NA,NA,NA
"run02_topology_LCN2",5331,"AGTR1",7.87895413547623e-05,NA,NA,NA
"run02_topology_LCN2",5332,"VIM",5.2598025607753e-05,NA,NA,NA
"run02_topology_LCN2",5333,"BAX",8.97923976903581e-05,NA,NA,NA
"run02_topology_LCN2",5334,"CACNA1B",0,NA,NA,NA
"run02_topology_LCN2",5335,"EIF2S1",0.000110140192739028,NA,NA,NA
"run02_topology_LCN2",5336,"CPT1A",1.49157660161992e-05,NA,NA,NA
"run02_topology_LCN2",5337,"ACACA",7.98311027262466e-05,NA,NA,NA
"run02_topology_LCN2",5338,"NDUFS3",7.91874029407724e-05,NA,NA,NA
"run02_topology_LCN2",5339,"HSD3B2",2.44539251612608e-05,NA,NA,NA
"run02_topology_LCN2",5340,"C3",4.60004945984638e-05,NA,NA,NA
"run02_topology_LCN2",5341,"ITGA5",0.00127400659039045,NA,NA,NA
"run02_topology_LCN2",5342,"CYP2C19",1.83094707274511e-05,NA,NA,NA
"run02_topology_LCN2",5343,"BAX",8.97923976903581e-05,NA,NA,NA
"run02_topology_LCN2",5344,"NDUFS3",7.91874029407724e-05,NA,NA,NA
"run02_topology_LCN2",5345,"ALDH3A1",7.8987277396747e-05,NA,NA,NA
"run02_topology_LCN2",5346,"ITGA5",0.00127400659039045,NA,NA,NA
"run02_topology_LCN2",5347,"CPT1A",1.49157660161992e-05,NA,NA,NA
"run02_topology_LCN2",5348,"AURKA",5.49029298524406e-05,NA,NA,NA
"run02_topology_LCN2",5349,"BTK",0.000119272845312435,NA,NA,NA
"run02_topology_LCN2",5350,"PPIF",5.98208087934093e-05,NA,NA,NA
"run02_topology_LCN2",5351,"CYP17A1",3.31356115126358e-05,NA,NA,NA
"run02_topology_LCN2",5352,"CALM2",0,NA,NA,NA
"run02_topology_LCN2",5353,"AKR1C1",5.66614851992275e-05,NA,NA,NA
"run02_topology_LCN2",5354,"PARK7",5.03123803161643e-05,NA,NA,NA
"run02_topology_LCN2",5355,"ALDH3A1",7.8987277396747e-05,NA,NA,NA
"run02_topology_LCN2",5356,"CALM2",0,NA,NA,NA
"run02_topology_LCN2",5357,"RASA1",5.55702489675181e-05,NA,NA,NA
"run02_topology_LCN2",5358,"CYP2C19",1.83094707274511e-05,NA,NA,NA
"run02_topology_LCN2",5359,"EIF2AK2",0.000116554297583948,NA,NA,NA
"run02_topology_LCN2",5360,"VIM",5.2598025607753e-05,NA,NA,NA
"run02_topology_LCN2",5361,"ALDH1B1",0,NA,NA,NA
"run02_topology_LCN2",5362,"RASA1",5.55702489675181e-05,NA,NA,NA
"run02_topology_LCN2",5363,"ALDH1B1",0,NA,NA,NA
"run02_topology_LCN2",5364,"AGTR1",7.87895413547623e-05,NA,NA,NA
"run02_topology_LCN2",5365,"PPARD",4.39109792027548e-05,NA,NA,NA
"run02_topology_LCN2",5366,"PRKCZ",0.00127837750571802,NA,NA,NA
"run02_topology_LCN2",5367,"NPPA",7.28658572474172e-05,NA,NA,NA
"run02_topology_LCN2",5368,"CYP17A1",3.31356115126358e-05,NA,NA,NA
"run02_topology_LCN2",5369,"HSD3B2",2.44539251612608e-05,NA,NA,NA
"run02_topology_LCN2",5370,"ACACA",7.98311027262466e-05,NA,NA,NA
"run02_topology_LCN2",5371,"CYP17A1",3.31356115126358e-05,NA,NA,NA
"run02_topology_LCN2",5372,"RYR2",4.78345186669671e-05,NA,NA,NA
"run02_topology_LCN2",5373,"BTK",0.000119272845312435,NA,NA,NA
"run02_topology_LCN2",5374,"DLG1",6.50075176803488e-05,NA,NA,NA
"run02_topology_LCN2",5375,"COL1A2",8.49027404237201e-06,NA,NA,NA
"run02_topology_LCN2",5376,"FURIN",9.05415850372959e-05,NA,NA,NA
"run02_topology_LCN2",5377,"CYP2C19",1.83094707274511e-05,NA,NA,NA
"run02_topology_LCN2",5378,"NPPA",7.28658572474172e-05,NA,NA,NA
"run02_topology_LCN2",5379,"HSD3B2",2.44539251612608e-05,NA,NA,NA
"run02_topology_LCN2",5380,"HSD3B2",2.44539251612608e-05,NA,NA,NA
"run02_topology_LCN2",5381,"SLC6A4",7.25412905625555e-05,NA,NA,NA
"run02_topology_LCN2",5382,"PPARD",4.39109792027548e-05,NA,NA,NA
"run02_topology_LCN2",5383,"GRIA2",6.42468498274207e-05,NA,NA,NA
"run02_topology_LCN2",5384,"HSD3B2",2.44539251612608e-05,NA,NA,NA
"run02_topology_LCN2",5385,"COL1A2",8.49027404237201e-06,NA,NA,NA
"run02_topology_LCN2",5386,"AKR1C1",5.66614851992275e-05,NA,NA,NA
"run02_topology_LCN2",5387,"KEAP1",8.90865911317151e-05,NA,NA,NA
"run02_topology_LCN2",5388,"CACNA1B",0,NA,NA,NA
"run02_topology_LCN2",5389,"BAX",8.97923976903581e-05,NA,NA,NA
"run02_topology_LCN2",5390,"ACACA",7.98311027262466e-05,NA,NA,NA
"run02_topology_LCN2",5391,"CALR",4.38793673526172e-05,NA,NA,NA
"run02_topology_LCN2",5392,"NFATC1",5.51292228962996e-05,NA,NA,NA
"run02_topology_LCN2",5393,"VIM",5.2598025607753e-05,NA,NA,NA
"run02_topology_LCN2",5394,"ACE2",6.17806475236016e-05,NA,NA,NA
"run02_topology_LCN2",5395,"EIF2S1",0.000110140192739028,NA,NA,NA
"run02_topology_LCN2",5396,"NFATC1",5.51292228962996e-05,NA,NA,NA
"run02_topology_LCN2",5397,"EIF2S1",0.000110140192739028,NA,NA,NA
"run02_topology_LCN2",5398,"AGTR1",7.87895413547623e-05,NA,NA,NA
"run02_topology_LCN2",5399,"ACTG1",2.72461711825489e-06,NA,NA,NA
"run02_topology_LCN2",5400,"CYP17A1",3.31356115126358e-05,NA,NA,NA
"run02_topology_LCN2",5401,"NDUFS3",7.91874029407724e-05,NA,NA,NA
"run02_topology_LCN2",5402,"FABP4",8.52242665472236e-05,NA,NA,NA
"run02_topology_LCN2",5403,"SCN1A",4.8526600018195e-05,NA,NA,NA
"run02_topology_LCN2",5404,"PARK7",5.03123803161643e-05,NA,NA,NA
"run02_topology_LCN2",5405,"PRKCZ",0.00127837750571802,NA,NA,NA
"run02_topology_LCN2",5406,"FABP4",8.52242665472236e-05,NA,NA,NA
"run02_topology_LCN2",5407,"COL1A2",8.49027404237201e-06,NA,NA,NA
"run02_topology_LCN2",5408,"EIF2AK2",0.000116554297583948,NA,NA,NA
"run02_topology_LCN2",5409,"NDUFS3",7.91874029407724e-05,NA,NA,NA
"run02_topology_LCN2",5410,"EIF2AK2",0.000116554297583948,NA,NA,NA
"run02_topology_LCN2",5411,"AKR1C1",5.66614851992275e-05,NA,NA,NA
"run02_topology_LCN2",5412,"RASA1",5.55702489675181e-05,NA,NA,NA
"run02_topology_LCN2",5413,"CPT1A",1.49157660161992e-05,NA,NA,NA
"run02_topology_LCN2",5414,"ACACA",7.98311027262466e-05,NA,NA,NA
"run02_topology_LCN2",5415,"BAX",8.97923976903581e-05,NA,NA,NA
"run02_topology_LCN2",5416,"FURIN",9.05415850372959e-05,NA,NA,NA
"run02_topology_LCN2",5417,"NDUFS3",7.91874029407724e-05,NA,NA,NA
"run02_topology_LCN2",5418,"NOS2",2.38274351227474e-05,NA,NA,NA
"run02_topology_LCN2",5419,"BAX",8.97923976903581e-05,NA,NA,NA
"run02_topology_LCN2",5420,"CALM2",0,NA,NA,NA
"run02_topology_LCN2",5421,"NDUFS3",7.91874029407724e-05,NA,NA,NA
"run02_topology_LCN2",5422,"CPT1A",1.49157660161992e-05,NA,NA,NA
"run02_topology_LCN2",5423,"ACTG1",2.72461711825489e-06,NA,NA,NA
"run02_topology_LCN2",5424,"EIF2AK2",0.000116554297583948,NA,NA,NA
"run02_topology_LCN2",5425,"VIM",5.2598025607753e-05,NA,NA,NA
"run02_topology_LCN2",5426,"ALDH1B1",0,NA,NA,NA
"run02_topology_LCN2",5427,"PPIF",5.98208087934093e-05,NA,NA,NA
"run02_topology_LCN2",5428,"ALDH1B1",0,NA,NA,NA
"run02_topology_LCN2",5429,"FURIN",9.05415850372959e-05,NA,NA,NA
"run02_topology_LCN2",5430,"ALDH1B1",0,NA,NA,NA
"run02_topology_LCN2",5431,"FURIN",9.05415850372959e-05,NA,NA,NA
"run02_topology_LCN2",5432,"CYP2C19",1.83094707274511e-05,NA,NA,NA
"run02_topology_LCN2",5433,"CYP2C19",1.83094707274511e-05,NA,NA,NA
"run02_topology_LCN2",5434,"GLUD1",0.00010300883354164,NA,NA,NA
"run02_topology_LCN2",5435,"AGTR1",7.87895413547623e-05,NA,NA,NA
"run02_topology_LCN2",5436,"ITGA5",0.00127400659039045,NA,NA,NA
"run02_topology_LCN2",5437,"BAX",8.97923976903581e-05,NA,NA,NA
"run02_topology_LCN2",5438,"GLUD1",0.00010300883354164,NA,NA,NA
"run02_topology_LCN2",5439,"BTK",0.000119272845312435,NA,NA,NA
"run02_topology_LCN2",5440,"RYR2",4.78345186669671e-05,NA,NA,NA
"run02_topology_LCN2",5441,"PPIF",5.98208087934093e-05,NA,NA,NA
"run02_topology_LCN2",5442,"NPPA",7.28658572474172e-05,NA,NA,NA
"run02_topology_LCN2",5443,"NPPA",7.28658572474172e-05,NA,NA,NA
"run02_topology_LCN2",5444,"NOS2",2.38274351227474e-05,NA,NA,NA
"run02_topology_LCN2",5445,"BTK",0.000119272845312435,NA,NA,NA
"run02_topology_LCN2",5446,"ALDH1B1",0,NA,NA,NA
"run02_topology_LCN2",5447,"CYP2C19",1.83094707274511e-05,NA,NA,NA
"run02_topology_LCN2",5448,"PARK7",5.03123803161643e-05,NA,NA,NA
"run02_topology_LCN2",5449,"AURKB",0.000100012341094136,NA,NA,NA
"run02_topology_LCN2",5450,"NOS2",2.38274351227474e-05,NA,NA,NA
"run02_topology_LCN2",5451,"NDUFS3",7.91874029407724e-05,NA,NA,NA
"run02_topology_LCN2",5452,"ACTG1",2.72461711825489e-06,NA,NA,NA
"run02_topology_LCN2",5453,"VIM",5.2598025607753e-05,NA,NA,NA
"run02_topology_LCN2",5454,"SLC6A4",7.25412905625555e-05,NA,NA,NA
"run02_topology_LCN2",5455,"CPT1A",1.49157660161992e-05,NA,NA,NA
"run02_topology_LCN2",5456,"AURKB",0.000100012341094136,NA,NA,NA
"run02_topology_LCN2",5457,"EIF2S1",0.000110140192739028,NA,NA,NA
"run02_topology_LCN2",5458,"NOS2",2.38274351227474e-05,NA,NA,NA
"run02_topology_LCN2",5459,"VIM",5.2598025607753e-05,NA,NA,NA
"run02_topology_LCN2",5460,"RYR1",8.59077355945814e-05,NA,NA,NA
"run02_topology_LCN2",5461,"PRKCZ",0.00127837750571802,NA,NA,NA
"run02_topology_LCN2",5462,"AGTR1",7.87895413547623e-05,NA,NA,NA
"run02_topology_LCN2",5463,"C3",4.60004945984638e-05,NA,NA,NA
"run02_topology_LCN2",5464,"CTSD",0.000133066364187417,NA,NA,NA
"run02_topology_LCN2",5465,"SCN1A",4.8526600018195e-05,NA,NA,NA
"run02_topology_LCN2",5466,"PRKCZ",0.00127837750571802,NA,NA,NA
"run02_topology_LCN2",5467,"ADH5",7.50101523409041e-05,NA,NA,NA
"run02_topology_LCN2",5468,"CALM2",0,NA,NA,NA
"run02_topology_LCN2",5469,"BTK",0.000119272845312435,NA,NA,NA
"run02_topology_LCN2",5470,"AURKA",5.49029298524406e-05,NA,NA,NA
"run02_topology_LCN2",5471,"PPARD",4.39109792027548e-05,NA,NA,NA
"run02_topology_LCN2",5472,"C3",4.60004945984638e-05,NA,NA,NA
"run02_topology_LCN2",5473,"ALDH1B1",0,NA,NA,NA
"run02_topology_LCN2",5474,"AURKB",0.000100012341094136,NA,NA,NA
"run02_topology_LCN2",5475,"NFATC1",5.51292228962996e-05,NA,NA,NA
"run02_topology_LCN2",5476,"DLG1",6.50075176803488e-05,NA,NA,NA
"run02_topology_LCN2",5477,"SLC6A4",7.25412905625555e-05,NA,NA,NA
"run02_topology_LCN2",5478,"CALM2",0,NA,NA,NA
"run02_topology_LCN2",5479,"CACNA1B",0,NA,NA,NA
"run02_topology_LCN2",5480,"CYP2D6",2.95879994604009e-05,NA,NA,NA
"run02_topology_LCN2",5481,"ITGA5",0.00127400659039045,NA,NA,NA
"run02_topology_LCN2",5482,"ITGA5",0.00127400659039045,NA,NA,NA
"run02_topology_LCN2",5483,"PPARD",4.39109792027548e-05,NA,NA,NA
"run02_topology_LCN2",5484,"SCN1A",4.8526600018195e-05,NA,NA,NA
"run02_topology_LCN2",5485,"ITGA5",0.00127400659039045,NA,NA,NA
"run02_topology_LCN2",5486,"PRKCZ",0.00127837750571802,NA,NA,NA
"run02_topology_LCN2",5487,"GRIA1",1.90084712514693e-06,NA,NA,NA
"run02_topology_LCN2",5488,"RYR2",4.78345186669671e-05,NA,NA,NA
"run02_topology_LCN2",5489,"ACSL1",4.92269468655993e-05,NA,NA,NA
"run02_topology_LCN2",5490,"CYP17A1",3.31356115126358e-05,NA,NA,NA
"run02_topology_LCN2",5491,"C3",4.60004945984638e-05,NA,NA,NA
"run02_topology_LCN2",5492,"CYP17A1",3.31356115126358e-05,NA,NA,NA
"run02_topology_LCN2",5493,"C3",4.60004945984638e-05,NA,NA,NA
"run02_topology_LCN2",5494,"ALDH3A1",7.8987277396747e-05,NA,NA,NA
"run02_topology_LCN2",5495,"HSD3B2",2.44539251612608e-05,NA,NA,NA
"run02_topology_LCN2",5496,"AKR1C1",5.66614851992275e-05,NA,NA,NA
"run02_topology_LCN2",5497,"CALM2",0,NA,NA,NA
"run02_topology_LCN2",5498,"BAX",8.97923976903581e-05,NA,NA,NA
"run02_topology_LCN2",5499,"CALM2",0,NA,NA,NA
"run02_topology_LCN2",5500,"GLUD1",0.00010300883354164,NA,NA,NA
"run02_topology_LCN2",5501,"AURKB",0.000100012341094136,NA,NA,NA
"run02_topology_LCN2",5502,"CALR",4.38793673526172e-05,NA,NA,NA
"run02_topology_LCN2",5503,"PPARD",4.39109792027548e-05,NA,NA,NA
"run02_topology_LCN2",5504,"CYP2C19",1.83094707274511e-05,NA,NA,NA
"run02_topology_LCN2",5505,"CPT1A",1.49157660161992e-05,NA,NA,NA
"run02_topology_LCN2",5506,"ADH5",7.50101523409041e-05,NA,NA,NA
"run02_topology_LCN2",5507,"FABP4",8.52242665472236e-05,NA,NA,NA
"run02_topology_LCN2",5508,"EIF2S1",0.000110140192739028,NA,NA,NA
"run02_topology_LCN2",5509,"RYR1",8.59077355945814e-05,NA,NA,NA
"run02_topology_LCN2",5510,"NFATC1",5.51292228962996e-05,NA,NA,NA
"run02_topology_LCN2",5511,"FURIN",9.05415850372959e-05,NA,NA,NA
"run02_topology_LCN2",5512,"PARK7",5.03123803161643e-05,NA,NA,NA
"run02_topology_LCN2",5513,"CACNA1B",0,NA,NA,NA
"run02_topology_LCN2",5514,"PARK7",5.03123803161643e-05,NA,NA,NA
"run02_topology_LCN2",5515,"RASA1",5.55702489675181e-05,NA,NA,NA
"run02_topology_LCN2",5516,"PRKCZ",0.00127837750571802,NA,NA,NA
"run02_topology_LCN2",5517,"ACTG1",2.72461711825489e-06,NA,NA,NA
"run02_topology_LCN2",5518,"AURKA",5.49029298524406e-05,NA,NA,NA
"run02_topology_LCN2",5519,"ALDH3A1",7.8987277396747e-05,NA,NA,NA
"run02_topology_LCN2",5520,"GLUD1",0.00010300883354164,NA,NA,NA
"run02_topology_LCN2",5521,"ITGA5",0.00127400659039045,NA,NA,NA
"run02_topology_LCN2",5522,"AKR1C1",5.66614851992275e-05,NA,NA,NA
"run02_topology_LCN2",5523,"PARK7",5.03123803161643e-05,NA,NA,NA
"run02_topology_LCN2",5524,"BAX",8.97923976903581e-05,NA,NA,NA
"run02_topology_LCN2",5525,"EIF2S1",0.000110140192739028,NA,NA,NA
"run02_topology_LCN2",5526,"GRIA1",1.90084712514693e-06,NA,NA,NA
"run02_topology_LCN2",5527,"CPT1A",1.49157660161992e-05,NA,NA,NA
"run02_topology_LCN2",5528,"NOS2",2.38274351227474e-05,NA,NA,NA
"run02_topology_LCN2",5529,"ACACA",7.98311027262466e-05,NA,NA,NA
"run02_topology_LCN2",5530,"RYR2",4.78345186669671e-05,NA,NA,NA
"run02_topology_LCN2",5531,"ACSL1",4.92269468655993e-05,NA,NA,NA
"run02_topology_LCN2",5532,"RASA1",5.55702489675181e-05,NA,NA,NA
"run02_topology_LCN2",5533,"FABP4",8.52242665472236e-05,NA,NA,NA
"run02_topology_LCN2",5534,"ITGA5",0.00127400659039045,NA,NA,NA
"run02_topology_LCN2",5535,"C3",4.60004945984638e-05,NA,NA,NA
"run02_topology_LCN2",5536,"BAX",8.97923976903581e-05,NA,NA,NA
"run02_topology_LCN2",5537,"ALDH3A1",7.8987277396747e-05,NA,NA,NA
"run02_topology_LCN2",5538,"AGTR1",7.87895413547623e-05,NA,NA,NA
"run02_topology_LCN2",5539,"EIF2S1",0.000110140192739028,NA,NA,NA
"run02_topology_LCN2",5540,"RYR1",8.59077355945814e-05,NA,NA,NA
"run02_topology_LCN2",5541,"BTK",0.000119272845312435,NA,NA,NA
"run02_topology_LCN2",5542,"PRKCZ",0.00127837750571802,NA,NA,NA
"run02_topology_LCN2",5543,"CYP2C19",1.83094707274511e-05,NA,NA,NA
"run02_topology_LCN2",5544,"BAX",8.97923976903581e-05,NA,NA,NA
"run02_topology_LCN2",5545,"CYP17A1",3.31356115126358e-05,NA,NA,NA
"run02_topology_LCN2",5546,"KEAP1",8.90865911317151e-05,NA,NA,NA
"run02_topology_LCN2",5547,"BAX",8.97923976903581e-05,NA,NA,NA
"run02_topology_LCN2",5548,"KEAP1",8.90865911317151e-05,NA,NA,NA
"run02_topology_LCN2",5549,"HSD3B2",2.44539251612608e-05,NA,NA,NA
"run02_topology_LCN2",5550,"SLC6A4",7.25412905625555e-05,NA,NA,NA
"run02_topology_LCN2",5551,"PRKCZ",0.00127837750571802,NA,NA,NA
"run02_topology_LCN2",5552,"ALDH3A1",7.8987277396747e-05,NA,NA,NA
"run02_topology_LCN2",5553,"SLC6A4",7.25412905625555e-05,NA,NA,NA
"run02_topology_LCN2",5554,"C3",4.60004945984638e-05,NA,NA,NA
"run02_topology_LCN2",5555,"PARK7",5.03123803161643e-05,NA,NA,NA
"run02_topology_LCN2",5556,"CALM2",0,NA,NA,NA
"run02_topology_LCN2",5557,"CALR",4.38793673526172e-05,NA,NA,NA
"run02_topology_LCN2",5558,"SCN1A",4.8526600018195e-05,NA,NA,NA
"run02_topology_LCN2",5559,"AGTR1",7.87895413547623e-05,NA,NA,NA
"run02_topology_LCN2",5560,"ADH5",7.50101523409041e-05,NA,NA,NA
"run02_topology_LCN2",5561,"NOS2",2.38274351227474e-05,NA,NA,NA
"run02_topology_LCN2",5562,"EIF2S1",0.000110140192739028,NA,NA,NA
"run02_topology_LCN2",5563,"SLC6A4",7.25412905625555e-05,NA,NA,NA
"run02_topology_LCN2",5564,"DLG1",6.50075176803488e-05,NA,NA,NA
"run02_topology_LCN2",5565,"C3",4.60004945984638e-05,NA,NA,NA
"run02_topology_LCN2",5566,"PARK7",5.03123803161643e-05,NA,NA,NA
"run02_topology_LCN2",5567,"ACACA",7.98311027262466e-05,NA,NA,NA
"run02_topology_LCN2",5568,"SCN1A",4.8526600018195e-05,NA,NA,NA
"run02_topology_LCN2",5569,"ITGA5",0.00127400659039045,NA,NA,NA
"run02_topology_LCN2",5570,"SCN1A",4.8526600018195e-05,NA,NA,NA
"run02_topology_LCN2",5571,"RASA1",5.55702489675181e-05,NA,NA,NA
"run02_topology_LCN2",5572,"AGTR1",7.87895413547623e-05,NA,NA,NA
"run02_topology_LCN2",5573,"ACTG1",2.72461711825489e-06,NA,NA,NA
"run02_topology_LCN2",5574,"KEAP1",8.90865911317151e-05,NA,NA,NA
"run02_topology_LCN2",5575,"GRIA2",6.42468498274207e-05,NA,NA,NA
"run02_topology_LCN2",5576,"ACSL1",4.92269468655993e-05,NA,NA,NA
"run02_topology_LCN2",5577,"KEAP1",8.90865911317151e-05,NA,NA,NA
"run02_topology_LCN2",5578,"GLUD1",0.00010300883354164,NA,NA,NA
"run02_topology_LCN2",5579,"HSD3B2",2.44539251612608e-05,NA,NA,NA
"run02_topology_LCN2",5580,"CPT1A",1.49157660161992e-05,NA,NA,NA
"run02_topology_LCN2",5581,"RYR2",4.78345186669671e-05,NA,NA,NA
"run02_topology_LCN2",5582,"PARK7",5.03123803161643e-05,NA,NA,NA
"run02_topology_LCN2",5583,"ACE2",6.17806475236016e-05,NA,NA,NA
"run02_topology_LCN2",5584,"ACE2",6.17806475236016e-05,NA,NA,NA
"run02_topology_LCN2",5585,"GRIA1",1.90084712514693e-06,NA,NA,NA
"run02_topology_LCN2",5586,"ALDH1B1",0,NA,NA,NA
"run02_topology_LCN2",5587,"AGTR1",7.87895413547623e-05,NA,NA,NA
"run02_topology_LCN2",5588,"RYR2",4.78345186669671e-05,NA,NA,NA
"run02_topology_LCN2",5589,"ACACA",7.98311027262466e-05,NA,NA,NA
"run02_topology_LCN2",5590,"ACTG1",2.72461711825489e-06,NA,NA,NA
"run02_topology_LCN2",5591,"NOS2",2.38274351227474e-05,NA,NA,NA
"run02_topology_LCN2",5592,"DLG1",6.50075176803488e-05,NA,NA,NA
"run02_topology_LCN2",5593,"NDUFS3",7.91874029407724e-05,NA,NA,NA
"run02_topology_LCN2",5594,"COL1A2",8.49027404237201e-06,NA,NA,NA
"run02_topology_LCN2",5595,"EIF2S1",0.000110140192739028,NA,NA,NA
"run02_topology_LCN2",5596,"CTSD",0.000133066364187417,NA,NA,NA
"run02_topology_LCN2",5597,"PARK7",5.03123803161643e-05,NA,NA,NA
"run02_topology_LCN2",5598,"RYR1",8.59077355945814e-05,NA,NA,NA
"run02_topology_LCN2",5599,"RASA1",5.55702489675181e-05,NA,NA,NA
"run02_topology_LCN2",5600,"ITGA5",0.00127400659039045,NA,NA,NA
"run02_topology_LCN2",5601,"NFATC1",5.51292228962996e-05,NA,NA,NA
"run02_topology_LCN2",5602,"ACE2",6.17806475236016e-05,NA,NA,NA
"run02_topology_LCN2",5603,"ITGA5",0.00127400659039045,NA,NA,NA
"run02_topology_LCN2",5604,"PARK7",5.03123803161643e-05,NA,NA,NA
"run02_topology_LCN2",5605,"CALM2",0,NA,NA,NA
"run02_topology_LCN2",5606,"PPIF",5.98208087934093e-05,NA,NA,NA
"run02_topology_LCN2",5607,"EIF2AK2",0.000116554297583948,NA,NA,NA
"run02_topology_LCN2",5608,"NPPA",7.28658572474172e-05,NA,NA,NA
"run02_topology_LCN2",5609,"NDUFS3",7.91874029407724e-05,NA,NA,NA
"run02_topology_LCN2",5610,"ALDH3A1",7.8987277396747e-05,NA,NA,NA
"run02_topology_LCN2",5611,"ITGA5",0.00127400659039045,NA,NA,NA
"run02_topology_LCN2",5612,"CYP17A1",3.31356115126358e-05,NA,NA,NA
"run02_topology_LCN2",5613,"ALDH1B1",0,NA,NA,NA
"run02_topology_LCN2",5614,"GRIA1",1.90084712514693e-06,NA,NA,NA
"run02_topology_LCN2",5615,"CYP17A1",3.31356115126358e-05,NA,NA,NA
"run02_topology_LCN2",5616,"EIF2AK2",0.000116554297583948,NA,NA,NA
"run02_topology_LCN2",5617,"CYP17A1",3.31356115126358e-05,NA,NA,NA
"run02_topology_LCN2",5618,"COL1A2",8.49027404237201e-06,NA,NA,NA
"run02_topology_LCN2",5619,"DLG1",6.50075176803488e-05,NA,NA,NA
"run02_topology_LCN2",5620,"HSD3B2",2.44539251612608e-05,NA,NA,NA
"run02_topology_LCN2",5621,"NPPA",7.28658572474172e-05,NA,NA,NA
"run02_topology_LCN2",5622,"COL1A2",8.49027404237201e-06,NA,NA,NA
"run02_topology_LCN2",5623,"CALM2",0,NA,NA,NA
"run02_topology_LCN2",5624,"NDUFS3",7.91874029407724e-05,NA,NA,NA
"run02_topology_LCN2",5625,"ACE2",6.17806475236016e-05,NA,NA,NA
"run02_topology_LCN2",5626,"EIF2S1",0.000110140192739028,NA,NA,NA
"run02_topology_LCN2",5627,"CYP2D6",2.95879994604009e-05,NA,NA,NA
"run02_topology_LCN2",5628,"NOS2",2.38274351227474e-05,NA,NA,NA
"run02_topology_LCN2",5629,"GLUD1",0.00010300883354164,NA,NA,NA
"run02_topology_LCN2",5630,"CALM2",0,NA,NA,NA
"run02_topology_LCN2",5631,"ITGA5",0.00127400659039045,NA,NA,NA
"run02_topology_LCN2",5632,"BAX",8.97923976903581e-05,NA,NA,NA
"run02_topology_LCN2",5633,"PPARD",4.39109792027548e-05,NA,NA,NA
"run02_topology_LCN2",5634,"ALDH3A1",7.8987277396747e-05,NA,NA,NA
"run02_topology_LCN2",5635,"CYP2C19",1.83094707274511e-05,NA,NA,NA
"run02_topology_LCN2",5636,"AKR1D1",0.0010662752740489,NA,NA,NA
"run02_topology_LCN2",5637,"SLC6A4",7.25412905625555e-05,NA,NA,NA
"run02_topology_LCN2",5638,"RYR1",8.59077355945814e-05,NA,NA,NA
"run02_topology_LCN2",5639,"BAX",8.97923976903581e-05,NA,NA,NA
"run02_topology_LCN2",5640,"AKR1C1",5.66614851992275e-05,NA,NA,NA
"run02_topology_LCN2",5641,"ACACA",7.98311027262466e-05,NA,NA,NA
"run02_topology_LCN2",5642,"ALDH1B1",0,NA,NA,NA
"run02_topology_LCN2",5643,"BAX",8.97923976903581e-05,NA,NA,NA
"run02_topology_LCN2",5644,"AKR1C1",5.66614851992275e-05,NA,NA,NA
"run02_topology_LCN2",5645,"AURKA",5.49029298524406e-05,NA,NA,NA
"run02_topology_LCN2",5646,"HSD3B2",2.44539251612608e-05,NA,NA,NA
"run02_topology_LCN2",5647,"AURKA",5.49029298524406e-05,NA,NA,NA
"run02_topology_LCN2",5648,"ACTG1",2.72461711825489e-06,NA,NA,NA
"run02_topology_LCN2",5649,"AKR1C1",5.66614851992275e-05,NA,NA,NA
"run02_topology_LCN2",5650,"NFATC1",5.51292228962996e-05,NA,NA,NA
"run02_topology_LCN2",5651,"ADH5",7.50101523409041e-05,NA,NA,NA
"run02_topology_LCN2",5652,"PPIF",5.98208087934093e-05,NA,NA,NA
"run02_topology_LCN2",5653,"KEAP1",8.90865911317151e-05,NA,NA,NA
"run02_topology_LCN2",5654,"ADH5",7.50101523409041e-05,NA,NA,NA
"run02_topology_LCN2",5655,"AURKA",5.49029298524406e-05,NA,NA,NA
"run02_topology_LCN2",5656,"SLC6A4",7.25412905625555e-05,NA,NA,NA
"run02_topology_LCN2",5657,"CTSD",0.000133066364187417,NA,NA,NA
"run02_topology_LCN2",5658,"AKR1C1",5.66614851992275e-05,NA,NA,NA
"run02_topology_LCN2",5659,"AKR1D1",0.0010662752740489,NA,NA,NA
"run02_topology_LCN2",5660,"ACTG1",2.72461711825489e-06,NA,NA,NA
"run02_topology_LCN2",5661,"ACE2",6.17806475236016e-05,NA,NA,NA
"run02_topology_LCN2",5662,"RYR2",4.78345186669671e-05,NA,NA,NA
"run02_topology_LCN2",5663,"ITGA5",0.00127400659039045,NA,NA,NA
"run02_topology_LCN2",5664,"ITGA5",0.00127400659039045,NA,NA,NA
"run02_topology_LCN2",5665,"C3",4.60004945984638e-05,NA,NA,NA
"run02_topology_LCN2",5666,"ITGA5",0.00127400659039045,NA,NA,NA
"run02_topology_LCN2",5667,"HSD3B2",2.44539251612608e-05,NA,NA,NA
"run02_topology_LCN2",5668,"ACE2",6.17806475236016e-05,NA,NA,NA
"run02_topology_LCN2",5669,"RASA1",5.55702489675181e-05,NA,NA,NA
"run02_topology_LCN2",5670,"CACNA1B",0,NA,NA,NA
"run02_topology_LCN2",5671,"CPT1A",1.49157660161992e-05,NA,NA,NA
"run02_topology_LCN2",5672,"PPIF",5.98208087934093e-05,NA,NA,NA
"run02_topology_LCN2",5673,"ALDH1B1",0,NA,NA,NA
"run02_topology_LCN2",5674,"EIF2S1",0.000110140192739028,NA,NA,NA
"run02_topology_LCN2",5675,"CALM2",0,NA,NA,NA
"run02_topology_LCN2",5676,"BAX",8.97923976903581e-05,NA,NA,NA
"run02_topology_LCN2",5677,"C3",4.60004945984638e-05,NA,NA,NA
"run02_topology_LCN2",5678,"GRIA1",1.90084712514693e-06,NA,NA,NA
"run02_topology_LCN2",5679,"GLUD1",0.00010300883354164,NA,NA,NA
"run02_topology_LCN2",5680,"KEAP1",8.90865911317151e-05,NA,NA,NA
"run02_topology_LCN2",5681,"GRIA2",6.42468498274207e-05,NA,NA,NA
"run02_topology_LCN2",5682,"KEAP1",8.90865911317151e-05,NA,NA,NA
"run02_topology_LCN2",5683,"BAX",8.97923976903581e-05,NA,NA,NA
"run02_topology_LCN2",5684,"CYP2D6",2.95879994604009e-05,NA,NA,NA
"run02_topology_LCN2",5685,"CPT1A",1.49157660161992e-05,NA,NA,NA
"run02_topology_LCN2",5686,"ACTG1",2.72461711825489e-06,NA,NA,NA
"run02_topology_LCN2",5687,"RYR2",4.78345186669671e-05,NA,NA,NA
"run02_topology_LCN2",5688,"NOS2",2.38274351227474e-05,NA,NA,NA
"run02_topology_LCN2",5689,"ALDH1B1",0,NA,NA,NA
"run02_topology_LCN2",5690,"GOT1",5.88174838508371e-05,NA,NA,NA
"run02_topology_LCN2",5691,"PPIF",5.98208087934093e-05,NA,NA,NA
"run02_topology_LCN2",5692,"DLG1",6.50075176803488e-05,NA,NA,NA
"run02_topology_LCN2",5693,"FURIN",9.05415850372959e-05,NA,NA,NA
"run02_topology_LCN2",5694,"CYP17A1",3.31356115126358e-05,NA,NA,NA
"run02_topology_LCN2",5695,"NOS2",2.38274351227474e-05,NA,NA,NA
"run02_topology_LCN2",5696,"CTSD",0.000133066364187417,NA,NA,NA
"run02_topology_LCN2",5697,"C3",4.60004945984638e-05,NA,NA,NA
"run02_topology_LCN2",5698,"BTK",0.000119272845312435,NA,NA,NA
"run02_topology_LCN2",5699,"C3",4.60004945984638e-05,NA,NA,NA
"run02_topology_LCN2",5700,"SLC6A4",7.25412905625555e-05,NA,NA,NA
"run02_topology_LCN2",5701,"GRIA2",6.42468498274207e-05,NA,NA,NA
"run02_topology_LCN2",5702,"EIF2S1",0.000110140192739028,NA,NA,NA
"run02_topology_LCN2",5703,"PRKCZ",0.00127837750571802,NA,NA,NA
"run02_topology_LCN2",5704,"BAX",8.97923976903581e-05,NA,NA,NA
"run02_topology_LCN2",5705,"RYR2",4.78345186669671e-05,NA,NA,NA
"run02_topology_LCN2",5706,"CYP2C19",1.83094707274511e-05,NA,NA,NA
"run02_topology_LCN2",5707,"AURKB",0.000100012341094136,NA,NA,NA
"run02_topology_LCN2",5708,"ADH5",7.50101523409041e-05,NA,NA,NA
"run02_topology_LCN2",5709,"BTK",0.000119272845312435,NA,NA,NA
"run02_topology_LCN2",5710,"ACACA",7.98311027262466e-05,NA,NA,NA
"run02_topology_LCN2",5711,"RYR1",8.59077355945814e-05,NA,NA,NA
"run02_topology_LCN2",5712,"ACTG1",2.72461711825489e-06,NA,NA,NA
"run02_topology_LCN2",5713,"CPT1A",1.49157660161992e-05,NA,NA,NA
"run02_topology_LCN2",5714,"SCN1A",4.8526600018195e-05,NA,NA,NA
"run02_topology_LCN2",5715,"GRIA1",1.90084712514693e-06,NA,NA,NA
"run02_topology_LCN2",5716,"CYP2C19",1.83094707274511e-05,NA,NA,NA
"run02_topology_LCN2",5717,"COL1A2",8.49027404237201e-06,NA,NA,NA
"run02_topology_LCN2",5718,"ACACA",7.98311027262466e-05,NA,NA,NA
"run02_topology_LCN2",5719,"CPT1A",1.49157660161992e-05,NA,NA,NA
"run02_topology_LCN2",5720,"KEAP1",8.90865911317151e-05,NA,NA,NA
"run02_topology_LCN2",5721,"VIM",5.2598025607753e-05,NA,NA,NA
"run02_topology_LCN2",5722,"RASA1",5.55702489675181e-05,NA,NA,NA
"run02_topology_LCN2",5723,"CYP2C19",1.83094707274511e-05,NA,NA,NA
"run02_topology_LCN2",5724,"CYP17A1",3.31356115126358e-05,NA,NA,NA
"run02_topology_LCN2",5725,"ACACA",7.98311027262466e-05,NA,NA,NA
"run02_topology_LCN2",5726,"AGTR1",7.87895413547623e-05,NA,NA,NA
"run02_topology_LCN2",5727,"PPARD",4.39109792027548e-05,NA,NA,NA
"run02_topology_LCN2",5728,"PPIF",5.98208087934093e-05,NA,NA,NA
"run02_topology_LCN2",5729,"ACACA",7.98311027262466e-05,NA,NA,NA
"run02_topology_LCN2",5730,"VIM",5.2598025607753e-05,NA,NA,NA
"run02_topology_LCN2",5731,"PRKCZ",0.00127837750571802,NA,NA,NA
"run02_topology_LCN2",5732,"AURKB",0.000100012341094136,NA,NA,NA
"run02_topology_LCN2",5733,"CACNA1B",0,NA,NA,NA
"run02_topology_LCN2",5734,"CACNA1B",0,NA,NA,NA
"run02_topology_LCN2",5735,"PRKCZ",0.00127837750571802,NA,NA,NA
"run02_topology_LCN2",5736,"NPPA",7.28658572474172e-05,NA,NA,NA
"run02_topology_LCN2",5737,"SLC6A4",7.25412905625555e-05,NA,NA,NA
"run02_topology_LCN2",5738,"COL1A2",8.49027404237201e-06,NA,NA,NA
"run02_topology_LCN2",5739,"NDUFS3",7.91874029407724e-05,NA,NA,NA
"run02_topology_LCN2",5740,"SCN1A",4.8526600018195e-05,NA,NA,NA
"run02_topology_LCN2",5741,"COL1A2",8.49027404237201e-06,NA,NA,NA
"run02_topology_LCN2",5742,"PPARD",4.39109792027548e-05,NA,NA,NA
"run02_topology_LCN2",5743,"RYR1",8.59077355945814e-05,NA,NA,NA
"run02_topology_LCN2",5744,"CYP2D6",2.95879994604009e-05,NA,NA,NA
"run02_topology_LCN2",5745,"RYR2",4.78345186669671e-05,NA,NA,NA
"run02_topology_LCN2",5746,"GRIA1",1.90084712514693e-06,NA,NA,NA
"run02_topology_LCN2",5747,"DLG1",6.50075176803488e-05,NA,NA,NA
"run02_topology_LCN2",5748,"ALDH3A1",7.8987277396747e-05,NA,NA,NA
"run02_topology_LCN2",5749,"GLUD1",0.00010300883354164,NA,NA,NA
"run02_topology_LCN2",5750,"CYP2D6",2.95879994604009e-05,NA,NA,NA
"run02_topology_LCN2",5751,"ACSL1",4.92269468655993e-05,NA,NA,NA
"run02_topology_LCN2",5752,"KEAP1",8.90865911317151e-05,NA,NA,NA
"run02_topology_LCN2",5753,"VIM",5.2598025607753e-05,NA,NA,NA
"run02_topology_LCN2",5754,"EIF2S1",0.000110140192739028,NA,NA,NA
"run02_topology_LCN2",5755,"ACTG1",2.72461711825489e-06,NA,NA,NA
"run02_topology_LCN2",5756,"ACE2",6.17806475236016e-05,NA,NA,NA
"run02_topology_LCN2",5757,"COL1A2",8.49027404237201e-06,NA,NA,NA
"run02_topology_LCN2",5758,"AURKA",5.49029298524406e-05,NA,NA,NA
"run02_topology_LCN2",5759,"GLUD1",0.00010300883354164,NA,NA,NA
"run02_topology_LCN2",5760,"CACNA1B",0,NA,NA,NA
"run02_topology_LCN2",5761,"CPT1A",1.49157660161992e-05,NA,NA,NA
"run02_topology_LCN2",5762,"CTSD",0.000133066364187417,NA,NA,NA
"run02_topology_LCN2",5763,"ACE2",6.17806475236016e-05,NA,NA,NA
"run02_topology_LCN2",5764,"NOS2",2.38274351227474e-05,NA,NA,NA
"run02_topology_LCN2",5765,"ACACA",7.98311027262466e-05,NA,NA,NA
"run02_topology_LCN2",5766,"GRIA1",1.90084712514693e-06,NA,NA,NA
"run02_topology_LCN2",5767,"RYR1",8.59077355945814e-05,NA,NA,NA
"run02_topology_LCN2",5768,"GRIA1",1.90084712514693e-06,NA,NA,NA
"run02_topology_LCN2",5769,"CYP2C19",1.83094707274511e-05,NA,NA,NA
"run02_topology_LCN2",5770,"SLC6A4",7.25412905625555e-05,NA,NA,NA
"run02_topology_LCN2",5771,"COL1A2",8.49027404237201e-06,NA,NA,NA
"run02_topology_LCN2",5772,"ALDH3A1",7.8987277396747e-05,NA,NA,NA
"run02_topology_LCN2",5773,"KEAP1",8.90865911317151e-05,NA,NA,NA
"run02_topology_LCN2",5774,"PARK7",5.03123803161643e-05,NA,NA,NA
"run02_topology_LCN2",5775,"CYP17A1",3.31356115126358e-05,NA,NA,NA
"run02_topology_LCN2",5776,"ACACA",7.98311027262466e-05,NA,NA,NA
"run02_topology_LCN2",5777,"BTK",0.000119272845312435,NA,NA,NA
"run02_topology_LCN2",5778,"PARK7",5.03123803161643e-05,NA,NA,NA
"run02_topology_LCN2",5779,"ALDH3A1",7.8987277396747e-05,NA,NA,NA
"run02_topology_LCN2",5780,"RYR2",4.78345186669671e-05,NA,NA,NA
"run02_topology_LCN2",5781,"GLUD1",0.00010300883354164,NA,NA,NA
"run02_topology_LCN2",5782,"CYP2C19",1.83094707274511e-05,NA,NA,NA
"run02_topology_LCN2",5783,"AURKB",0.000100012341094136,NA,NA,NA
"run02_topology_LCN2",5784,"ALDH1B1",0,NA,NA,NA
"run02_topology_LCN2",5785,"CPT1A",1.49157660161992e-05,NA,NA,NA
"run02_topology_LCN2",5786,"ALDH1B1",0,NA,NA,NA
"run02_topology_LCN2",5787,"ITGA5",0.00127400659039045,NA,NA,NA
"run02_topology_LCN2",5788,"SLC6A4",7.25412905625555e-05,NA,NA,NA
"run02_topology_LCN2",5789,"GLUD1",0.00010300883354164,NA,NA,NA
"run02_topology_LCN2",5790,"FURIN",9.05415850372959e-05,NA,NA,NA
"run02_topology_LCN2",5791,"HSD3B2",2.44539251612608e-05,NA,NA,NA
"run02_topology_LCN2",5792,"AKR1C1",5.66614851992275e-05,NA,NA,NA
"run02_topology_LCN2",5793,"CYP2C19",1.83094707274511e-05,NA,NA,NA
"run02_topology_LCN2",5794,"PPARD",4.39109792027548e-05,NA,NA,NA
"run02_topology_LCN2",5795,"RYR1",8.59077355945814e-05,NA,NA,NA
"run02_topology_LCN2",5796,"NDUFS3",7.91874029407724e-05,NA,NA,NA
"run02_topology_LCN2",5797,"ALDH1B1",0,NA,NA,NA
"run02_topology_LCN2",5798,"HSD3B2",2.44539251612608e-05,NA,NA,NA
"run02_topology_LCN2",5799,"BTK",0.000119272845312435,NA,NA,NA
"run02_topology_LCN2",5800,"EIF2S1",0.000110140192739028,NA,NA,NA
"run02_topology_LCN2",5801,"SLC6A4",7.25412905625555e-05,NA,NA,NA
"run02_topology_LCN2",5802,"C3",4.60004945984638e-05,NA,NA,NA
"run02_topology_LCN2",5803,"ACE2",6.17806475236016e-05,NA,NA,NA
"run02_topology_LCN2",5804,"ACTG1",2.72461711825489e-06,NA,NA,NA
"run02_topology_LCN2",5805,"FURIN",9.05415850372959e-05,NA,NA,NA
"run02_topology_LCN2",5806,"HSD3B2",2.44539251612608e-05,NA,NA,NA
"run02_topology_LCN2",5807,"CACNA1B",0,NA,NA,NA
"run02_topology_LCN2",5808,"C3",4.60004945984638e-05,NA,NA,NA
"run02_topology_LCN2",5809,"RYR2",4.78345186669671e-05,NA,NA,NA
"run02_topology_LCN2",5810,"CPT1A",1.49157660161992e-05,NA,NA,NA
"run02_topology_LCN2",5811,"ITGA5",0.00127400659039045,NA,NA,NA
"run02_topology_LCN2",5812,"CYP17A1",3.31356115126358e-05,NA,NA,NA
"run02_topology_LCN2",5813,"AGTR1",7.87895413547623e-05,NA,NA,NA
"run02_topology_LCN2",5814,"FABP4",8.52242665472236e-05,NA,NA,NA
"run02_topology_LCN2",5815,"CTSD",0.000133066364187417,NA,NA,NA
"run02_topology_LCN2",5816,"EIF2S1",0.000110140192739028,NA,NA,NA
"run02_topology_LCN2",5817,"AKR1C1",5.66614851992275e-05,NA,NA,NA
"run02_topology_LCN2",5818,"ADH5",7.50101523409041e-05,NA,NA,NA
"run02_topology_LCN2",5819,"GRIA2",6.42468498274207e-05,NA,NA,NA
"run02_topology_LCN2",5820,"GOT1",5.88174838508371e-05,NA,NA,NA
"run02_topology_LCN2",5821,"KEAP1",8.90865911317151e-05,NA,NA,NA
"run02_topology_LCN2",5822,"CTSD",0.000133066364187417,NA,NA,NA
"run02_topology_LCN2",5823,"BAX",8.97923976903581e-05,NA,NA,NA
"run02_topology_LCN2",5824,"NOS2",2.38274351227474e-05,NA,NA,NA
"run02_topology_LCN2",5825,"RYR1",8.59077355945814e-05,NA,NA,NA
"run02_topology_LCN2",5826,"EIF2AK2",0.000116554297583948,NA,NA,NA
"run02_topology_LCN2",5827,"DLG1",6.50075176803488e-05,NA,NA,NA
"run02_topology_LCN2",5828,"AGTR1",7.87895413547623e-05,NA,NA,NA
"run02_topology_LCN2",5829,"FURIN",9.05415850372959e-05,NA,NA,NA
"run02_topology_LCN2",5830,"CYP2C19",1.83094707274511e-05,NA,NA,NA
"run02_topology_LCN2",5831,"CACNA1B",0,NA,NA,NA
"run02_topology_LCN2",5832,"CYP2D6",2.95879994604009e-05,NA,NA,NA
"run02_topology_LCN2",5833,"AURKA",5.49029298524406e-05,NA,NA,NA
"run02_topology_LCN2",5834,"GOT1",5.88174838508371e-05,NA,NA,NA
"run02_topology_LCN2",5835,"NDUFS3",7.91874029407724e-05,NA,NA,NA
"run02_topology_LCN2",5836,"COL1A2",8.49027404237201e-06,NA,NA,NA
"run02_topology_LCN2",5837,"ACTG1",2.72461711825489e-06,NA,NA,NA
"run02_topology_LCN2",5838,"ALDH1B1",0,NA,NA,NA
"run02_topology_LCN2",5839,"KEAP1",8.90865911317151e-05,NA,NA,NA
"run02_topology_LCN2",5840,"KEAP1",8.90865911317151e-05,NA,NA,NA
"run02_topology_LCN2",5841,"CALR",4.38793673526172e-05,NA,NA,NA
"run02_topology_LCN2",5842,"SCN1A",4.8526600018195e-05,NA,NA,NA
"run02_topology_LCN2",5843,"ACSL1",4.92269468655993e-05,NA,NA,NA
"run02_topology_LCN2",5844,"NOS2",2.38274351227474e-05,NA,NA,NA
"run02_topology_LCN2",5845,"BAX",8.97923976903581e-05,NA,NA,NA
"run02_topology_LCN2",5846,"C3",4.60004945984638e-05,NA,NA,NA
"run02_topology_LCN2",5847,"GLUD1",0.00010300883354164,NA,NA,NA
"run02_topology_LCN2",5848,"PARK7",5.03123803161643e-05,NA,NA,NA
"run02_topology_LCN2",5849,"EIF2AK2",0.000116554297583948,NA,NA,NA
"run02_topology_LCN2",5850,"CYP2D6",2.95879994604009e-05,NA,NA,NA
"run02_topology_LCN2",5851,"RYR1",8.59077355945814e-05,NA,NA,NA
"run02_topology_LCN2",5852,"PARK7",5.03123803161643e-05,NA,NA,NA
"run02_topology_LCN2",5853,"FABP4",8.52242665472236e-05,NA,NA,NA
"run02_topology_LCN2",5854,"SCN1A",4.8526600018195e-05,NA,NA,NA
"run02_topology_LCN2",5855,"PARK7",5.03123803161643e-05,NA,NA,NA
"run02_topology_LCN2",5856,"FURIN",9.05415850372959e-05,NA,NA,NA
"run02_topology_LCN2",5857,"CYP2C19",1.83094707274511e-05,NA,NA,NA
"run02_topology_LCN2",5858,"CALM2",0,NA,NA,NA
"run02_topology_LCN2",5859,"GRIA1",1.90084712514693e-06,NA,NA,NA
"run02_topology_LCN2",5860,"CYP2D6",2.95879994604009e-05,NA,NA,NA
"run02_topology_LCN2",5861,"AURKA",5.49029298524406e-05,NA,NA,NA
"run02_topology_LCN2",5862,"AKR1C1",5.66614851992275e-05,NA,NA,NA
"run02_topology_LCN2",5863,"FURIN",9.05415850372959e-05,NA,NA,NA
"run02_topology_LCN2",5864,"NDUFS3",7.91874029407724e-05,NA,NA,NA
"run02_topology_LCN2",5865,"GOT1",5.88174838508371e-05,NA,NA,NA
"run02_topology_LCN2",5866,"ACE2",6.17806475236016e-05,NA,NA,NA
"run02_topology_LCN2",5867,"NDUFS3",7.91874029407724e-05,NA,NA,NA
"run02_topology_LCN2",5868,"AKR1D1",0.0010662752740489,NA,NA,NA
"run02_topology_LCN2",5869,"CYP2D6",2.95879994604009e-05,NA,NA,NA
"run02_topology_LCN2",5870,"SLC6A4",7.25412905625555e-05,NA,NA,NA
"run02_topology_LCN2",5871,"AGTR1",7.87895413547623e-05,NA,NA,NA
"run02_topology_LCN2",5872,"KEAP1",8.90865911317151e-05,NA,NA,NA
"run02_topology_LCN2",5873,"BTK",0.000119272845312435,NA,NA,NA
"run02_topology_LCN2",5874,"NDUFS3",7.91874029407724e-05,NA,NA,NA
"run02_topology_LCN2",5875,"SCN1A",4.8526600018195e-05,NA,NA,NA
"run02_topology_LCN2",5876,"ITGA5",0.00127400659039045,NA,NA,NA
"run02_topology_LCN2",5877,"VIM",5.2598025607753e-05,NA,NA,NA
"run02_topology_LCN2",5878,"ALDH1B1",0,NA,NA,NA
"run02_topology_LCN2",5879,"ALDH1B1",0,NA,NA,NA
"run02_topology_LCN2",5880,"PARK7",5.03123803161643e-05,NA,NA,NA
"run02_topology_LCN2",5881,"FABP4",8.52242665472236e-05,NA,NA,NA
"run02_topology_LCN2",5882,"NFATC1",5.51292228962996e-05,NA,NA,NA
"run02_topology_LCN2",5883,"FURIN",9.05415850372959e-05,NA,NA,NA
"run02_topology_LCN2",5884,"CYP2C19",1.83094707274511e-05,NA,NA,NA
"run02_topology_LCN2",5885,"C3",4.60004945984638e-05,NA,NA,NA
"run02_topology_LCN2",5886,"PPIF",5.98208087934093e-05,NA,NA,NA
"run02_topology_LCN2",5887,"RYR2",4.78345186669671e-05,NA,NA,NA
"run02_topology_LCN2",5888,"C3",4.60004945984638e-05,NA,NA,NA
"run02_topology_LCN2",5889,"AURKB",0.000100012341094136,NA,NA,NA
"run02_topology_LCN2",5890,"EIF2AK2",0.000116554297583948,NA,NA,NA
"run02_topology_LCN2",5891,"DLG1",6.50075176803488e-05,NA,NA,NA
"run02_topology_LCN2",5892,"HSD3B2",2.44539251612608e-05,NA,NA,NA
"run02_topology_LCN2",5893,"EIF2AK2",0.000116554297583948,NA,NA,NA
"run02_topology_LCN2",5894,"AGTR1",7.87895413547623e-05,NA,NA,NA
"run02_topology_LCN2",5895,"DLG1",6.50075176803488e-05,NA,NA,NA
"run02_topology_LCN2",5896,"ALDH1B1",0,NA,NA,NA
"run02_topology_LCN2",5897,"ADH5",7.50101523409041e-05,NA,NA,NA
"run02_topology_LCN2",5898,"RYR2",4.78345186669671e-05,NA,NA,NA
"run02_topology_LCN2",5899,"ALDH1B1",0,NA,NA,NA
"run02_topology_LCN2",5900,"GRIA2",6.42468498274207e-05,NA,NA,NA
"run02_topology_LCN2",5901,"ITGA5",0.00127400659039045,NA,NA,NA
"run02_topology_LCN2",5902,"BTK",0.000119272845312435,NA,NA,NA
"run02_topology_LCN2",5903,"FABP4",8.52242665472236e-05,NA,NA,NA
"run02_topology_LCN2",5904,"NPPA",7.28658572474172e-05,NA,NA,NA
"run02_topology_LCN2",5905,"PRKCZ",0.00127837750571802,NA,NA,NA
"run02_topology_LCN2",5906,"ADH5",7.50101523409041e-05,NA,NA,NA
"run02_topology_LCN2",5907,"EIF2S1",0.000110140192739028,NA,NA,NA
"run02_topology_LCN2",5908,"PARK7",5.03123803161643e-05,NA,NA,NA
"run02_topology_LCN2",5909,"AGTR1",7.87895413547623e-05,NA,NA,NA
"run02_topology_LCN2",5910,"CYP2D6",2.95879994604009e-05,NA,NA,NA
"run02_topology_LCN2",5911,"DLG1",6.50075176803488e-05,NA,NA,NA
"run02_topology_LCN2",5912,"EIF2S1",0.000110140192739028,NA,NA,NA
"run02_topology_LCN2",5913,"ACE2",6.17806475236016e-05,NA,NA,NA
"run02_topology_LCN2",5914,"NOS2",2.38274351227474e-05,NA,NA,NA
"run02_topology_LCN2",5915,"EIF2AK2",0.000116554297583948,NA,NA,NA
"run02_topology_LCN2",5916,"NDUFS3",7.91874029407724e-05,NA,NA,NA
"run02_topology_LCN2",5917,"NOS2",2.38274351227474e-05,NA,NA,NA
"run02_topology_LCN2",5918,"CYP2C19",1.83094707274511e-05,NA,NA,NA
"run02_topology_LCN2",5919,"RYR1",8.59077355945814e-05,NA,NA,NA
"run02_topology_LCN2",5920,"ADH5",7.50101523409041e-05,NA,NA,NA
"run02_topology_LCN2",5921,"AURKA",5.49029298524406e-05,NA,NA,NA
"run02_topology_LCN2",5922,"FABP4",8.52242665472236e-05,NA,NA,NA
"run02_topology_LCN2",5923,"NFATC1",5.51292228962996e-05,NA,NA,NA
"run02_topology_LCN2",5924,"CYP2D6",2.95879994604009e-05,NA,NA,NA
"run02_topology_LCN2",5925,"AGTR1",7.87895413547623e-05,NA,NA,NA
"run02_topology_LCN2",5926,"CYP2D6",2.95879994604009e-05,NA,NA,NA
"run02_topology_LCN2",5927,"AKR1C1",5.66614851992275e-05,NA,NA,NA
"run02_topology_LCN2",5928,"AURKA",5.49029298524406e-05,NA,NA,NA
"run02_topology_LCN2",5929,"ITGA5",0.00127400659039045,NA,NA,NA
"run02_topology_LCN2",5930,"RYR2",4.78345186669671e-05,NA,NA,NA
"run02_topology_LCN2",5931,"NFATC1",5.51292228962996e-05,NA,NA,NA
"run02_topology_LCN2",5932,"AKR1C1",5.66614851992275e-05,NA,NA,NA
"run02_topology_LCN2",5933,"ALDH3A1",7.8987277396747e-05,NA,NA,NA
"run02_topology_LCN2",5934,"PRKCZ",0.00127837750571802,NA,NA,NA
"run02_topology_LCN2",5935,"BTK",0.000119272845312435,NA,NA,NA
"run02_topology_LCN2",5936,"NPPA",7.28658572474172e-05,NA,NA,NA
"run02_topology_LCN2",5937,"CYP2C19",1.83094707274511e-05,NA,NA,NA
"run02_topology_LCN2",5938,"HSD3B2",2.44539251612608e-05,NA,NA,NA
"run02_topology_LCN2",5939,"BTK",0.000119272845312435,NA,NA,NA
"run02_topology_LCN2",5940,"CALR",4.38793673526172e-05,NA,NA,NA
"run02_topology_LCN2",5941,"FURIN",9.05415850372959e-05,NA,NA,NA
"run02_topology_LCN2",5942,"CYP2D6",2.95879994604009e-05,NA,NA,NA
"run02_topology_LCN2",5943,"ALDH3A1",7.8987277396747e-05,NA,NA,NA
"run02_topology_LCN2",5944,"FURIN",9.05415850372959e-05,NA,NA,NA
"run02_topology_LCN2",5945,"SLC6A4",7.25412905625555e-05,NA,NA,NA
"run02_topology_LCN2",5946,"PPIF",5.98208087934093e-05,NA,NA,NA
"run02_topology_LCN2",5947,"AGTR1",7.87895413547623e-05,NA,NA,NA
"run02_topology_LCN2",5948,"RYR2",4.78345186669671e-05,NA,NA,NA
"run02_topology_LCN2",5949,"AKR1D1",0.0010662752740489,NA,NA,NA
"run02_topology_LCN2",5950,"ACE2",6.17806475236016e-05,NA,NA,NA
"run02_topology_LCN2",5951,"AKR1C1",5.66614851992275e-05,NA,NA,NA
"run02_topology_LCN2",5952,"AURKB",0.000100012341094136,NA,NA,NA
"run02_topology_LCN2",5953,"ACACA",7.98311027262466e-05,NA,NA,NA
"run02_topology_LCN2",5954,"CYP17A1",3.31356115126358e-05,NA,NA,NA
"run02_topology_LCN2",5955,"NOS2",2.38274351227474e-05,NA,NA,NA
"run02_topology_LCN2",5956,"AGTR1",7.87895413547623e-05,NA,NA,NA
"run02_topology_LCN2",5957,"ALDH3A1",7.8987277396747e-05,NA,NA,NA
"run02_topology_LCN2",5958,"NPPA",7.28658572474172e-05,NA,NA,NA
"run02_topology_LCN2",5959,"COL1A2",8.49027404237201e-06,NA,NA,NA
"run02_topology_LCN2",5960,"CALM2",0,NA,NA,NA
"run02_topology_LCN2",5961,"VIM",5.2598025607753e-05,NA,NA,NA
"run02_topology_LCN2",5962,"EIF2AK2",0.000116554297583948,NA,NA,NA
"run02_topology_LCN2",5963,"PARK7",5.03123803161643e-05,NA,NA,NA
"run02_topology_LCN2",5964,"FABP4",8.52242665472236e-05,NA,NA,NA
"run02_topology_LCN2",5965,"DLG1",6.50075176803488e-05,NA,NA,NA
"run02_topology_LCN2",5966,"AKR1C1",5.66614851992275e-05,NA,NA,NA
"run02_topology_LCN2",5967,"PPIF",5.98208087934093e-05,NA,NA,NA
"run02_topology_LCN2",5968,"AKR1C1",5.66614851992275e-05,NA,NA,NA
"run02_topology_LCN2",5969,"RASA1",5.55702489675181e-05,NA,NA,NA
"run02_topology_LCN2",5970,"AKR1D1",0.0010662752740489,NA,NA,NA
"run02_topology_LCN2",5971,"CYP17A1",3.31356115126358e-05,NA,NA,NA
"run02_topology_LCN2",5972,"FURIN",9.05415850372959e-05,NA,NA,NA
"run02_topology_LCN2",5973,"ITGA5",0.00127400659039045,NA,NA,NA
"run02_topology_LCN2",5974,"COL1A2",8.49027404237201e-06,NA,NA,NA
"run02_topology_LCN2",5975,"NFATC1",5.51292228962996e-05,NA,NA,NA
"run02_topology_LCN2",5976,"ALDH3A1",7.8987277396747e-05,NA,NA,NA
"run02_topology_LCN2",5977,"PARK7",5.03123803161643e-05,NA,NA,NA
"run02_topology_LCN2",5978,"PPIF",5.98208087934093e-05,NA,NA,NA
"run02_topology_LCN2",5979,"ACSL1",4.92269468655993e-05,NA,NA,NA
"run02_topology_LCN2",5980,"COL1A2",8.49027404237201e-06,NA,NA,NA
"run02_topology_LCN2",5981,"PARK7",5.03123803161643e-05,NA,NA,NA
"run02_topology_LCN2",5982,"ACACA",7.98311027262466e-05,NA,NA,NA
"run02_topology_LCN2",5983,"EIF2S1",0.000110140192739028,NA,NA,NA
"run02_topology_LCN2",5984,"AURKA",5.49029298524406e-05,NA,NA,NA
"run02_topology_LCN2",5985,"ACTG1",2.72461711825489e-06,NA,NA,NA
"run02_topology_LCN2",5986,"SCN1A",4.8526600018195e-05,NA,NA,NA
"run02_topology_LCN2",5987,"PPARD",4.39109792027548e-05,NA,NA,NA
"run02_topology_LCN2",5988,"AKR1C1",5.66614851992275e-05,NA,NA,NA
"run02_topology_LCN2",5989,"ALDH1B1",0,NA,NA,NA
"run02_topology_LCN2",5990,"GRIA2",6.42468498274207e-05,NA,NA,NA
"run02_topology_LCN2",5991,"PPARD",4.39109792027548e-05,NA,NA,NA
"run02_topology_LCN2",5992,"ACSL1",4.92269468655993e-05,NA,NA,NA
"run02_topology_LCN2",5993,"CACNA1B",0,NA,NA,NA
"run02_topology_LCN2",5994,"SCN1A",4.8526600018195e-05,NA,NA,NA
"run02_topology_LCN2",5995,"COL1A2",8.49027404237201e-06,NA,NA,NA
"run02_topology_LCN2",5996,"NPPA",7.28658572474172e-05,NA,NA,NA
"run02_topology_LCN2",5997,"RYR2",4.78345186669671e-05,NA,NA,NA
"run02_topology_LCN2",5998,"ITGA5",0.00127400659039045,NA,NA,NA
"run02_topology_LCN2",5999,"RYR1",8.59077355945814e-05,NA,NA,NA
"run02_topology_LCN2",6000,"EIF2AK2",0.000116554297583948,NA,NA,NA
"run02_topology_LCN2",6001,"PPARD",4.39109792027548e-05,NA,NA,NA
"run02_topology_LCN2",6002,"CYP2D6",2.95879994604009e-05,NA,NA,NA
"run02_topology_LCN2",6003,"EIF2S1",0.000110140192739028,NA,NA,NA
"run02_topology_LCN2",6004,"EIF2S1",0.000110140192739028,NA,NA,NA
"run02_topology_LCN2",6005,"ALDH3A1",7.8987277396747e-05,NA,NA,NA
"run02_topology_LCN2",6006,"RYR1",8.59077355945814e-05,NA,NA,NA
"run02_topology_LCN2",6007,"CTSD",0.000133066364187417,NA,NA,NA
"run02_topology_LCN2",6008,"VIM",5.2598025607753e-05,NA,NA,NA
"run02_topology_LCN2",6009,"SCN1A",4.8526600018195e-05,NA,NA,NA
"run02_topology_LCN2",6010,"AGTR1",7.87895413547623e-05,NA,NA,NA
"run02_topology_LCN2",6011,"PPARD",4.39109792027548e-05,NA,NA,NA
"run02_topology_LCN2",6012,"AGTR1",7.87895413547623e-05,NA,NA,NA
"run02_topology_LCN2",6013,"PPARD",4.39109792027548e-05,NA,NA,NA
"run02_topology_LCN2",6014,"EIF2S1",0.000110140192739028,NA,NA,NA
"run02_topology_LCN2",6015,"GRIA2",6.42468498274207e-05,NA,NA,NA
"run02_topology_LCN2",6016,"CACNA1B",0,NA,NA,NA
"run02_topology_LCN2",6017,"ITGA5",0.00127400659039045,NA,NA,NA
"run02_topology_LCN2",6018,"DLG1",6.50075176803488e-05,NA,NA,NA
"run02_topology_LCN2",6019,"RYR1",8.59077355945814e-05,NA,NA,NA
"run02_topology_LCN2",6020,"AURKB",0.000100012341094136,NA,NA,NA
"run02_topology_LCN2",6021,"ITGA5",0.00127400659039045,NA,NA,NA
"run02_topology_LCN2",6022,"NFATC1",5.51292228962996e-05,NA,NA,NA
"run02_topology_LCN2",6023,"PPARD",4.39109792027548e-05,NA,NA,NA
"run02_topology_LCN2",6024,"NOS2",2.38274351227474e-05,NA,NA,NA
"run02_topology_LCN2",6025,"CTSD",0.000133066364187417,NA,NA,NA
"run02_topology_LCN2",6026,"FURIN",9.05415850372959e-05,NA,NA,NA
"run02_topology_LCN2",6027,"ACSL1",4.92269468655993e-05,NA,NA,NA
"run02_topology_LCN2",6028,"PRKCZ",0.00127837750571802,NA,NA,NA
"run02_topology_LCN2",6029,"AKR1C1",5.66614851992275e-05,NA,NA,NA
"run02_topology_LCN2",6030,"CACNA1B",0,NA,NA,NA
"run02_topology_LCN2",6031,"PPARD",4.39109792027548e-05,NA,NA,NA
"run02_topology_LCN2",6032,"AURKA",5.49029298524406e-05,NA,NA,NA
"run02_topology_LCN2",6033,"CALM2",0,NA,NA,NA
"run02_topology_LCN2",6034,"PPIF",5.98208087934093e-05,NA,NA,NA
"run02_topology_LCN2",6035,"ITGA5",0.00127400659039045,NA,NA,NA
"run02_topology_LCN2",6036,"CYP2D6",2.95879994604009e-05,NA,NA,NA
"run02_topology_LCN2",6037,"GRIA2",6.42468498274207e-05,NA,NA,NA
"run02_topology_LCN2",6038,"EIF2S1",0.000110140192739028,NA,NA,NA
"run02_topology_LCN2",6039,"PARK7",5.03123803161643e-05,NA,NA,NA
"run02_topology_LCN2",6040,"ALDH3A1",7.8987277396747e-05,NA,NA,NA
"run02_topology_LCN2",6041,"ALDH1B1",0,NA,NA,NA
"run02_topology_LCN2",6042,"NPPA",7.28658572474172e-05,NA,NA,NA
"run02_topology_LCN2",6043,"AGTR1",7.87895413547623e-05,NA,NA,NA
"run02_topology_LCN2",6044,"ALDH1B1",0,NA,NA,NA
"run02_topology_LCN2",6045,"AKR1D1",0.0010662752740489,NA,NA,NA
"run02_topology_LCN2",6046,"KEAP1",8.90865911317151e-05,NA,NA,NA
"run02_topology_LCN2",6047,"AGTR1",7.87895413547623e-05,NA,NA,NA
"run02_topology_LCN2",6048,"RYR1",8.59077355945814e-05,NA,NA,NA
"run02_topology_LCN2",6049,"PARK7",5.03123803161643e-05,NA,NA,NA
"run02_topology_LCN2",6050,"ALDH3A1",7.8987277396747e-05,NA,NA,NA
"run02_topology_LCN2",6051,"KEAP1",8.90865911317151e-05,NA,NA,NA
"run02_topology_LCN2",6052,"CACNA1B",0,NA,NA,NA
"run02_topology_LCN2",6053,"AGTR1",7.87895413547623e-05,NA,NA,NA
"run02_topology_LCN2",6054,"GRIA1",1.90084712514693e-06,NA,NA,NA
"run02_topology_LCN2",6055,"GLUD1",0.00010300883354164,NA,NA,NA
"run02_topology_LCN2",6056,"ACE2",6.17806475236016e-05,NA,NA,NA
"run02_topology_LCN2",6057,"ACACA",7.98311027262466e-05,NA,NA,NA
"run02_topology_LCN2",6058,"GRIA2",6.42468498274207e-05,NA,NA,NA
"run02_topology_LCN2",6059,"GRIA1",1.90084712514693e-06,NA,NA,NA
"run02_topology_LCN2",6060,"AGTR1",7.87895413547623e-05,NA,NA,NA
"run02_topology_LCN2",6061,"AURKA",5.49029298524406e-05,NA,NA,NA
"run02_topology_LCN2",6062,"CPT1A",1.49157660161992e-05,NA,NA,NA
"run02_topology_LCN2",6063,"PPARD",4.39109792027548e-05,NA,NA,NA
"run02_topology_LCN2",6064,"AKR1C1",5.66614851992275e-05,NA,NA,NA
"run02_topology_LCN2",6065,"CTSD",0.000133066364187417,NA,NA,NA
"run02_topology_LCN2",6066,"SCN1A",4.8526600018195e-05,NA,NA,NA
"run02_topology_LCN2",6067,"EIF2S1",0.000110140192739028,NA,NA,NA
"run02_topology_LCN2",6068,"FURIN",9.05415850372959e-05,NA,NA,NA
"run02_topology_LCN2",6069,"CYP2D6",2.95879994604009e-05,NA,NA,NA
"run02_topology_LCN2",6070,"ITGA5",0.00127400659039045,NA,NA,NA
"run02_topology_LCN2",6071,"ALDH1B1",0,NA,NA,NA
"run02_topology_LCN2",6072,"PPARD",4.39109792027548e-05,NA,NA,NA
"run02_topology_LCN2",6073,"GOT1",5.88174838508371e-05,NA,NA,NA
"run02_topology_LCN2",6074,"HSD3B2",2.44539251612608e-05,NA,NA,NA
"run02_topology_LCN2",6075,"EIF2AK2",0.000116554297583948,NA,NA,NA
"run02_topology_LCN2",6076,"NDUFS3",7.91874029407724e-05,NA,NA,NA
"run02_topology_LCN2",6077,"ACACA",7.98311027262466e-05,NA,NA,NA
"run02_topology_LCN2",6078,"GOT1",5.88174838508371e-05,NA,NA,NA
"run02_topology_LCN2",6079,"ACSL1",4.92269468655993e-05,NA,NA,NA
"run02_topology_LCN2",6080,"GRIA2",6.42468498274207e-05,NA,NA,NA
"run02_topology_LCN2",6081,"CALR",4.38793673526172e-05,NA,NA,NA
"run02_topology_LCN2",6082,"CTSD",0.000133066364187417,NA,NA,NA
"run02_topology_LCN2",6083,"ACSL1",4.92269468655993e-05,NA,NA,NA
"run02_topology_LCN2",6084,"CALM2",0,NA,NA,NA
"run02_topology_LCN2",6085,"FURIN",9.05415850372959e-05,NA,NA,NA
"run02_topology_LCN2",6086,"SCN1A",4.8526600018195e-05,NA,NA,NA
"run02_topology_LCN2",6087,"GRIA2",6.42468498274207e-05,NA,NA,NA
"run02_topology_LCN2",6088,"CTSD",0.000133066364187417,NA,NA,NA
"run02_topology_LCN2",6089,"BTK",0.000119272845312435,NA,NA,NA
"run02_topology_LCN2",6090,"ITGA5",0.00127400659039045,NA,NA,NA
"run02_topology_LCN2",6091,"RYR1",8.59077355945814e-05,NA,NA,NA
"run02_topology_LCN2",6092,"RYR1",8.59077355945814e-05,NA,NA,NA
"run02_topology_LCN2",6093,"AURKA",5.49029298524406e-05,NA,NA,NA
"run02_topology_LCN2",6094,"EIF2AK2",0.000116554297583948,NA,NA,NA
"run02_topology_LCN2",6095,"GRIA2",6.42468498274207e-05,NA,NA,NA
"run02_topology_LCN2",6096,"PPARD",4.39109792027548e-05,NA,NA,NA
"run02_topology_LCN2",6097,"C3",4.60004945984638e-05,NA,NA,NA
"run02_topology_LCN2",6098,"BAX",8.97923976903581e-05,NA,NA,NA
"run02_topology_LCN2",6099,"ACE2",6.17806475236016e-05,NA,NA,NA
"run02_topology_LCN2",6100,"CALM2",0,NA,NA,NA
"run02_topology_LCN2",6101,"AURKB",0.000100012341094136,NA,NA,NA
"run02_topology_LCN2",6102,"HSD3B2",2.44539251612608e-05,NA,NA,NA
"run02_topology_LCN2",6103,"PARK7",5.03123803161643e-05,NA,NA,NA
"run02_topology_LCN2",6104,"DLG1",6.50075176803488e-05,NA,NA,NA
"run02_topology_LCN2",6105,"AGTR1",7.87895413547623e-05,NA,NA,NA
"run02_topology_LCN2",6106,"FURIN",9.05415850372959e-05,NA,NA,NA
"run02_topology_LCN2",6107,"ACACA",7.98311027262466e-05,NA,NA,NA
"run02_topology_LCN2",6108,"CALM2",0,NA,NA,NA
"run02_topology_LCN2",6109,"NPPA",7.28658572474172e-05,NA,NA,NA
"run02_topology_LCN2",6110,"CYP2C19",1.83094707274511e-05,NA,NA,NA
"run02_topology_LCN2",6111,"NPPA",7.28658572474172e-05,NA,NA,NA
"run02_topology_LCN2",6112,"NFATC1",5.51292228962996e-05,NA,NA,NA
"run02_topology_LCN2",6113,"CYP2C19",1.83094707274511e-05,NA,NA,NA
"run02_topology_LCN2",6114,"ACACA",7.98311027262466e-05,NA,NA,NA
"run02_topology_LCN2",6115,"GLUD1",0.00010300883354164,NA,NA,NA
"run02_topology_LCN2",6116,"RYR1",8.59077355945814e-05,NA,NA,NA
"run02_topology_LCN2",6117,"SCN1A",4.8526600018195e-05,NA,NA,NA
"run02_topology_LCN2",6118,"GRIA1",1.90084712514693e-06,NA,NA,NA
"run02_topology_LCN2",6119,"CALR",4.38793673526172e-05,NA,NA,NA
"run02_topology_LCN2",6120,"PPIF",5.98208087934093e-05,NA,NA,NA
"run02_topology_LCN2",6121,"CYP2C19",1.83094707274511e-05,NA,NA,NA
"run02_topology_LCN2",6122,"CYP17A1",3.31356115126358e-05,NA,NA,NA
"run02_topology_LCN2",6123,"GLUD1",0.00010300883354164,NA,NA,NA
"run02_topology_LCN2",6124,"CYP17A1",3.31356115126358e-05,NA,NA,NA
"run02_topology_LCN2",6125,"COL1A2",8.49027404237201e-06,NA,NA,NA
"run02_topology_LCN2",6126,"ADH5",7.50101523409041e-05,NA,NA,NA
"run02_topology_LCN2",6127,"DLG1",6.50075176803488e-05,NA,NA,NA
"run02_topology_LCN2",6128,"NPPA",7.28658572474172e-05,NA,NA,NA
"run02_topology_LCN2",6129,"PARK7",5.03123803161643e-05,NA,NA,NA
"run02_topology_LCN2",6130,"CACNA1B",0,NA,NA,NA
"run02_topology_LCN2",6131,"AURKA",5.49029298524406e-05,NA,NA,NA
"run02_topology_LCN2",6132,"ALDH1B1",0,NA,NA,NA
"run02_topology_LCN2",6133,"FABP4",8.52242665472236e-05,NA,NA,NA
"run02_topology_LCN2",6134,"CYP17A1",3.31356115126358e-05,NA,NA,NA
"run02_topology_LCN2",6135,"PARK7",5.03123803161643e-05,NA,NA,NA
"run02_topology_LCN2",6136,"NPPA",7.28658572474172e-05,NA,NA,NA
"run02_topology_LCN2",6137,"PPIF",5.98208087934093e-05,NA,NA,NA
"run02_topology_LCN2",6138,"GLUD1",0.00010300883354164,NA,NA,NA
"run02_topology_LCN2",6139,"AKR1D1",0.0010662752740489,NA,NA,NA
"run02_topology_LCN2",6140,"ALDH3A1",7.8987277396747e-05,NA,NA,NA
"run02_topology_LCN2",6141,"CTSD",0.000133066364187417,NA,NA,NA
"run02_topology_LCN2",6142,"ACTG1",2.72461711825489e-06,NA,NA,NA
"run02_topology_LCN2",6143,"CYP2D6",2.95879994604009e-05,NA,NA,NA
"run02_topology_LCN2",6144,"GLUD1",0.00010300883354164,NA,NA,NA
"run02_topology_LCN2",6145,"PPARD",4.39109792027548e-05,NA,NA,NA
"run02_topology_LCN2",6146,"PARK7",5.03123803161643e-05,NA,NA,NA
"run02_topology_LCN2",6147,"CYP17A1",3.31356115126358e-05,NA,NA,NA
"run02_topology_LCN2",6148,"GRIA1",1.90084712514693e-06,NA,NA,NA
"run02_topology_LCN2",6149,"GOT1",5.88174838508371e-05,NA,NA,NA
"run02_topology_LCN2",6150,"AKR1C1",5.66614851992275e-05,NA,NA,NA
"run02_topology_LCN2",6151,"ACTG1",2.72461711825489e-06,NA,NA,NA
"run02_topology_LCN2",6152,"EIF2S1",0.000110140192739028,NA,NA,NA
"run02_topology_LCN2",6153,"ACSL1",4.92269468655993e-05,NA,NA,NA
"run02_topology_LCN2",6154,"PPIF",5.98208087934093e-05,NA,NA,NA
"run02_topology_LCN2",6155,"AKR1C1",5.66614851992275e-05,NA,NA,NA
"run02_topology_LCN2",6156,"SCN1A",4.8526600018195e-05,NA,NA,NA
"run02_topology_LCN2",6157,"NDUFS3",7.91874029407724e-05,NA,NA,NA
"run02_topology_LCN2",6158,"DLG1",6.50075176803488e-05,NA,NA,NA
"run02_topology_LCN2",6159,"ACTG1",2.72461711825489e-06,NA,NA,NA
"run02_topology_LCN2",6160,"ALDH3A1",7.8987277396747e-05,NA,NA,NA
"run02_topology_LCN2",6161,"FABP4",8.52242665472236e-05,NA,NA,NA
"run02_topology_LCN2",6162,"CPT1A",1.49157660161992e-05,NA,NA,NA
"run02_topology_LCN2",6163,"AURKB",0.000100012341094136,NA,NA,NA
"run02_topology_LCN2",6164,"DLG1",6.50075176803488e-05,NA,NA,NA
"run02_topology_LCN2",6165,"ALDH3A1",7.8987277396747e-05,NA,NA,NA
"run02_topology_LCN2",6166,"SCN1A",4.8526600018195e-05,NA,NA,NA
"run02_topology_LCN2",6167,"NDUFS3",7.91874029407724e-05,NA,NA,NA
"run02_topology_LCN2",6168,"GOT1",5.88174838508371e-05,NA,NA,NA
"run02_topology_LCN2",6169,"PARK7",5.03123803161643e-05,NA,NA,NA
"run02_topology_LCN2",6170,"ACACA",7.98311027262466e-05,NA,NA,NA
"run02_topology_LCN2",6171,"C3",4.60004945984638e-05,NA,NA,NA
"run02_topology_LCN2",6172,"COL1A2",8.49027404237201e-06,NA,NA,NA
"run02_topology_LCN2",6173,"ACTG1",2.72461711825489e-06,NA,NA,NA
"run02_topology_LCN2",6174,"CPT1A",1.49157660161992e-05,NA,NA,NA
"run02_topology_LCN2",6175,"COL1A2",8.49027404237201e-06,NA,NA,NA
"run02_topology_LCN2",6176,"SLC6A4",7.25412905625555e-05,NA,NA,NA
"run02_topology_LCN2",6177,"AURKA",5.49029298524406e-05,NA,NA,NA
"run02_topology_LCN2",6178,"EIF2AK2",0.000116554297583948,NA,NA,NA
"run02_topology_LCN2",6179,"NPPA",7.28658572474172e-05,NA,NA,NA
"run02_topology_LCN2",6180,"RASA1",5.55702489675181e-05,NA,NA,NA
"run02_topology_LCN2",6181,"AKR1D1",0.0010662752740489,NA,NA,NA
"run02_topology_LCN2",6182,"AURKA",5.49029298524406e-05,NA,NA,NA
"run02_topology_LCN2",6183,"PARK7",5.03123803161643e-05,NA,NA,NA
"run02_topology_LCN2",6184,"PPIF",5.98208087934093e-05,NA,NA,NA
"run02_topology_LCN2",6185,"PRKCZ",0.00127837750571802,NA,NA,NA
"run02_topology_LCN2",6186,"CALM2",0,NA,NA,NA
"run02_topology_LCN2",6187,"ITGA5",0.00127400659039045,NA,NA,NA
"run02_topology_LCN2",6188,"ALDH3A1",7.8987277396747e-05,NA,NA,NA
"run02_topology_LCN2",6189,"AGTR1",7.87895413547623e-05,NA,NA,NA
"run02_topology_LCN2",6190,"AURKA",5.49029298524406e-05,NA,NA,NA
"run02_topology_LCN2",6191,"EIF2AK2",0.000116554297583948,NA,NA,NA
"run02_topology_LCN2",6192,"KEAP1",8.90865911317151e-05,NA,NA,NA
"run02_topology_LCN2",6193,"GRIA2",6.42468498274207e-05,NA,NA,NA
"run02_topology_LCN2",6194,"HSD3B2",2.44539251612608e-05,NA,NA,NA
"run02_topology_LCN2",6195,"RYR2",4.78345186669671e-05,NA,NA,NA
"run02_topology_LCN2",6196,"ALDH3A1",7.8987277396747e-05,NA,NA,NA
"run02_topology_LCN2",6197,"BAX",8.97923976903581e-05,NA,NA,NA
"run02_topology_LCN2",6198,"RYR1",8.59077355945814e-05,NA,NA,NA
"run02_topology_LCN2",6199,"FABP4",8.52242665472236e-05,NA,NA,NA
"run02_topology_LCN2",6200,"PRKCZ",0.00127837750571802,NA,NA,NA
"run02_topology_LCN2",6201,"ACE2",6.17806475236016e-05,NA,NA,NA
"run02_topology_LCN2",6202,"DLG1",6.50075176803488e-05,NA,NA,NA
"run02_topology_LCN2",6203,"ACACA",7.98311027262466e-05,NA,NA,NA
"run02_topology_LCN2",6204,"GRIA1",1.90084712514693e-06,NA,NA,NA
"run02_topology_LCN2",6205,"CALR",4.38793673526172e-05,NA,NA,NA
"run02_topology_LCN2",6206,"AKR1C1",5.66614851992275e-05,NA,NA,NA
"run02_topology_LCN2",6207,"COL1A2",8.49027404237201e-06,NA,NA,NA
"run02_topology_LCN2",6208,"CALR",4.38793673526172e-05,NA,NA,NA
"run02_topology_LCN2",6209,"GLUD1",0.00010300883354164,NA,NA,NA
"run02_topology_LCN2",6210,"ACTG1",2.72461711825489e-06,NA,NA,NA
"run02_topology_LCN2",6211,"NDUFS3",7.91874029407724e-05,NA,NA,NA
"run02_topology_LCN2",6212,"CACNA1B",0,NA,NA,NA
"run02_topology_LCN2",6213,"CALR",4.38793673526172e-05,NA,NA,NA
"run02_topology_LCN2",6214,"NPPA",7.28658572474172e-05,NA,NA,NA
"run02_topology_LCN2",6215,"FURIN",9.05415850372959e-05,NA,NA,NA
"run02_topology_LCN2",6216,"FURIN",9.05415850372959e-05,NA,NA,NA
"run02_topology_LCN2",6217,"GRIA2",6.42468498274207e-05,NA,NA,NA
"run02_topology_LCN2",6218,"AURKA",5.49029298524406e-05,NA,NA,NA
"run02_topology_LCN2",6219,"ALDH3A1",7.8987277396747e-05,NA,NA,NA
"run02_topology_LCN2",6220,"GRIA2",6.42468498274207e-05,NA,NA,NA
"run02_topology_LCN2",6221,"AGTR1",7.87895413547623e-05,NA,NA,NA
"run02_topology_LCN2",6222,"PPIF",5.98208087934093e-05,NA,NA,NA
"run02_topology_LCN2",6223,"GRIA2",6.42468498274207e-05,NA,NA,NA
"run02_topology_LCN2",6224,"AGTR1",7.87895413547623e-05,NA,NA,NA
"run02_topology_LCN2",6225,"NFATC1",5.51292228962996e-05,NA,NA,NA
"run02_topology_LCN2",6226,"AKR1C1",5.66614851992275e-05,NA,NA,NA
"run02_topology_LCN2",6227,"GRIA1",1.90084712514693e-06,NA,NA,NA
"run02_topology_LCN2",6228,"SLC6A4",7.25412905625555e-05,NA,NA,NA
"run02_topology_LCN2",6229,"COL1A2",8.49027404237201e-06,NA,NA,NA
"run02_topology_LCN2",6230,"RYR2",4.78345186669671e-05,NA,NA,NA
"run02_topology_LCN2",6231,"VIM",5.2598025607753e-05,NA,NA,NA
"run02_topology_LCN2",6232,"NOS2",2.38274351227474e-05,NA,NA,NA
"run02_topology_LCN2",6233,"NPPA",7.28658572474172e-05,NA,NA,NA
"run02_topology_LCN2",6234,"SCN1A",4.8526600018195e-05,NA,NA,NA
"run02_topology_LCN2",6235,"SCN1A",4.8526600018195e-05,NA,NA,NA
"run02_topology_LCN2",6236,"ALDH1B1",0,NA,NA,NA
"run02_topology_LCN2",6237,"NFATC1",5.51292228962996e-05,NA,NA,NA
"run02_topology_LCN2",6238,"ADH5",7.50101523409041e-05,NA,NA,NA
"run02_topology_LCN2",6239,"CTSD",0.000133066364187417,NA,NA,NA
"run02_topology_LCN2",6240,"RYR2",4.78345186669671e-05,NA,NA,NA
"run02_topology_LCN2",6241,"AKR1C1",5.66614851992275e-05,NA,NA,NA
"run02_topology_LCN2",6242,"FURIN",9.05415850372959e-05,NA,NA,NA
"run02_topology_LCN2",6243,"SLC6A4",7.25412905625555e-05,NA,NA,NA
"run02_topology_LCN2",6244,"CACNA1B",0,NA,NA,NA
"run02_topology_LCN2",6245,"PRKCZ",0.00127837750571802,NA,NA,NA
"run02_topology_LCN2",6246,"CTSD",0.000133066364187417,NA,NA,NA
"run02_topology_LCN2",6247,"HSD3B2",2.44539251612608e-05,NA,NA,NA
"run02_topology_LCN2",6248,"EIF2S1",0.000110140192739028,NA,NA,NA
"run02_topology_LCN2",6249,"ACSL1",4.92269468655993e-05,NA,NA,NA
"run02_topology_LCN2",6250,"ACE2",6.17806475236016e-05,NA,NA,NA
"run02_topology_LCN2",6251,"CALR",4.38793673526172e-05,NA,NA,NA
"run02_topology_LCN2",6252,"CPT1A",1.49157660161992e-05,NA,NA,NA
"run02_topology_LCN2",6253,"CYP2C19",1.83094707274511e-05,NA,NA,NA
"run02_topology_LCN2",6254,"EIF2S1",0.000110140192739028,NA,NA,NA
"run02_topology_LCN2",6255,"EIF2AK2",0.000116554297583948,NA,NA,NA
"run02_topology_LCN2",6256,"ITGA5",0.00127400659039045,NA,NA,NA
"run02_topology_LCN2",6257,"CPT1A",1.49157660161992e-05,NA,NA,NA
"run02_topology_LCN2",6258,"RYR1",8.59077355945814e-05,NA,NA,NA
"run02_topology_LCN2",6259,"EIF2S1",0.000110140192739028,NA,NA,NA
"run02_topology_LCN2",6260,"AURKA",5.49029298524406e-05,NA,NA,NA
"run02_topology_LCN2",6261,"PRKCZ",0.00127837750571802,NA,NA,NA
"run02_topology_LCN2",6262,"RASA1",5.55702489675181e-05,NA,NA,NA
"run02_topology_LCN2",6263,"RYR2",4.78345186669671e-05,NA,NA,NA
"run02_topology_LCN2",6264,"PPIF",5.98208087934093e-05,NA,NA,NA
"run02_topology_LCN2",6265,"COL1A2",8.49027404237201e-06,NA,NA,NA
"run02_topology_LCN2",6266,"AKR1C1",5.66614851992275e-05,NA,NA,NA
"run02_topology_LCN2",6267,"CTSD",0.000133066364187417,NA,NA,NA
"run02_topology_LCN2",6268,"AKR1D1",0.0010662752740489,NA,NA,NA
"run02_topology_LCN2",6269,"PARK7",5.03123803161643e-05,NA,NA,NA
"run02_topology_LCN2",6270,"KEAP1",8.90865911317151e-05,NA,NA,NA
"run02_topology_LCN2",6271,"CYP17A1",3.31356115126358e-05,NA,NA,NA
"run02_topology_LCN2",6272,"CYP17A1",3.31356115126358e-05,NA,NA,NA
"run02_topology_LCN2",6273,"AKR1C1",5.66614851992275e-05,NA,NA,NA
"run02_topology_LCN2",6274,"FABP4",8.52242665472236e-05,NA,NA,NA
"run02_topology_LCN2",6275,"AURKB",0.000100012341094136,NA,NA,NA
"run02_topology_LCN2",6276,"ADH5",7.50101523409041e-05,NA,NA,NA
"run02_topology_LCN2",6277,"GLUD1",0.00010300883354164,NA,NA,NA
"run02_topology_LCN2",6278,"FURIN",9.05415850372959e-05,NA,NA,NA
"run02_topology_LCN2",6279,"AURKB",0.000100012341094136,NA,NA,NA
"run02_topology_LCN2",6280,"FURIN",9.05415850372959e-05,NA,NA,NA
"run02_topology_LCN2",6281,"GRIA2",6.42468498274207e-05,NA,NA,NA
"run02_topology_LCN2",6282,"SLC6A4",7.25412905625555e-05,NA,NA,NA
"run02_topology_LCN2",6283,"CALM2",0,NA,NA,NA
"run02_topology_LCN2",6284,"CACNA1B",0,NA,NA,NA
"run02_topology_LCN2",6285,"ALDH1B1",0,NA,NA,NA
"run02_topology_LCN2",6286,"CYP2C19",1.83094707274511e-05,NA,NA,NA
"run02_topology_LCN2",6287,"CTSD",0.000133066364187417,NA,NA,NA
"run02_topology_LCN2",6288,"GLUD1",0.00010300883354164,NA,NA,NA
"run02_topology_LCN2",6289,"SLC6A4",7.25412905625555e-05,NA,NA,NA
"run02_topology_LCN2",6290,"AKR1C1",5.66614851992275e-05,NA,NA,NA
"run02_topology_LCN2",6291,"GLUD1",0.00010300883354164,NA,NA,NA
"run02_topology_LCN2",6292,"CALR",4.38793673526172e-05,NA,NA,NA
"run02_topology_LCN2",6293,"RYR2",4.78345186669671e-05,NA,NA,NA
"run02_topology_LCN2",6294,"CYP2D6",2.95879994604009e-05,NA,NA,NA
"run02_topology_LCN2",6295,"ITGA5",0.00127400659039045,NA,NA,NA
"run02_topology_LCN2",6296,"AURKA",5.49029298524406e-05,NA,NA,NA
"run02_topology_LCN2",6297,"EIF2AK2",0.000116554297583948,NA,NA,NA
"run02_topology_LCN2",6298,"AURKB",0.000100012341094136,NA,NA,NA
"run02_topology_LCN2",6299,"COL1A2",8.49027404237201e-06,NA,NA,NA
"run02_topology_LCN2",6300,"NOS2",2.38274351227474e-05,NA,NA,NA
"run02_topology_LCN2",6301,"SCN1A",4.8526600018195e-05,NA,NA,NA
"run02_topology_LCN2",6302,"NFATC1",5.51292228962996e-05,NA,NA,NA
"run02_topology_LCN2",6303,"GRIA1",1.90084712514693e-06,NA,NA,NA
"run02_topology_LCN2",6304,"AKR1D1",0.0010662752740489,NA,NA,NA
"run02_topology_LCN2",6305,"GOT1",5.88174838508371e-05,NA,NA,NA
"run02_topology_LCN2",6306,"VIM",5.2598025607753e-05,NA,NA,NA
"run02_topology_LCN2",6307,"ADH5",7.50101523409041e-05,NA,NA,NA
"run02_topology_LCN2",6308,"ACSL1",4.92269468655993e-05,NA,NA,NA
"run02_topology_LCN2",6309,"CALR",4.38793673526172e-05,NA,NA,NA
"run02_topology_LCN2",6310,"AURKB",0.000100012341094136,NA,NA,NA
"run02_topology_LCN2",6311,"BAX",8.97923976903581e-05,NA,NA,NA
"run02_topology_LCN2",6312,"CALM2",0,NA,NA,NA
"run02_topology_LCN2",6313,"EIF2AK2",0.000116554297583948,NA,NA,NA
"run02_topology_LCN2",6314,"CPT1A",1.49157660161992e-05,NA,NA,NA
"run02_topology_LCN2",6315,"PARK7",5.03123803161643e-05,NA,NA,NA
"run02_topology_LCN2",6316,"EIF2AK2",0.000116554297583948,NA,NA,NA
"run02_topology_LCN2",6317,"HSD3B2",2.44539251612608e-05,NA,NA,NA
"run02_topology_LCN2",6318,"NPPA",7.28658572474172e-05,NA,NA,NA
"run02_topology_LCN2",6319,"KEAP1",8.90865911317151e-05,NA,NA,NA
"run02_topology_LCN2",6320,"CALM2",0,NA,NA,NA
"run02_topology_LCN2",6321,"CTSD",0.000133066364187417,NA,NA,NA
"run02_topology_LCN2",6322,"AKR1C1",5.66614851992275e-05,NA,NA,NA
"run02_topology_LCN2",6323,"COL1A2",8.49027404237201e-06,NA,NA,NA
"run02_topology_LCN2",6324,"CYP2C19",1.83094707274511e-05,NA,NA,NA
"run02_topology_LCN2",6325,"GLUD1",0.00010300883354164,NA,NA,NA
"run02_topology_LCN2",6326,"SLC6A4",7.25412905625555e-05,NA,NA,NA
"run02_topology_LCN2",6327,"COL1A2",8.49027404237201e-06,NA,NA,NA
"run02_topology_LCN2",6328,"EIF2AK2",0.000116554297583948,NA,NA,NA
"run02_topology_LCN2",6329,"AURKB",0.000100012341094136,NA,NA,NA
"run02_topology_LCN2",6330,"GRIA1",1.90084712514693e-06,NA,NA,NA
"run02_topology_LCN2",6331,"CPT1A",1.49157660161992e-05,NA,NA,NA
"run02_topology_LCN2",6332,"FURIN",9.05415850372959e-05,NA,NA,NA
"run02_topology_LCN2",6333,"CALM2",0,NA,NA,NA
"run02_topology_LCN2",6334,"NPPA",7.28658572474172e-05,NA,NA,NA
"run02_topology_LCN2",6335,"NFATC1",5.51292228962996e-05,NA,NA,NA
"run02_topology_LCN2",6336,"GLUD1",0.00010300883354164,NA,NA,NA
"run02_topology_LCN2",6337,"VIM",5.2598025607753e-05,NA,NA,NA
"run02_topology_LCN2",6338,"EIF2S1",0.000110140192739028,NA,NA,NA
"run02_topology_LCN2",6339,"NFATC1",5.51292228962996e-05,NA,NA,NA
"run02_topology_LCN2",6340,"NOS2",2.38274351227474e-05,NA,NA,NA
"run02_topology_LCN2",6341,"ACSL1",4.92269468655993e-05,NA,NA,NA
"run02_topology_LCN2",6342,"SCN1A",4.8526600018195e-05,NA,NA,NA
"run02_topology_LCN2",6343,"AGTR1",7.87895413547623e-05,NA,NA,NA
"run02_topology_LCN2",6344,"AGTR1",7.87895413547623e-05,NA,NA,NA
"run02_topology_LCN2",6345,"ACACA",7.98311027262466e-05,NA,NA,NA
"run02_topology_LCN2",6346,"CALR",4.38793673526172e-05,NA,NA,NA
"run02_topology_LCN2",6347,"RASA1",5.55702489675181e-05,NA,NA,NA
"run02_topology_LCN2",6348,"NPPA",7.28658572474172e-05,NA,NA,NA
"run02_topology_LCN2",6349,"AURKB",0.000100012341094136,NA,NA,NA
"run02_topology_LCN2",6350,"CACNA1B",0,NA,NA,NA
"run02_topology_LCN2",6351,"COL1A2",8.49027404237201e-06,NA,NA,NA
"run02_topology_LCN2",6352,"RASA1",5.55702489675181e-05,NA,NA,NA
"run02_topology_LCN2",6353,"ADH5",7.50101523409041e-05,NA,NA,NA
"run02_topology_LCN2",6354,"GRIA2",6.42468498274207e-05,NA,NA,NA
"run02_topology_LCN2",6355,"GRIA1",1.90084712514693e-06,NA,NA,NA
"run02_topology_LCN2",6356,"FURIN",9.05415850372959e-05,NA,NA,NA
"run02_topology_LCN2",6357,"RASA1",5.55702489675181e-05,NA,NA,NA
"run02_topology_LCN2",6358,"CYP2D6",2.95879994604009e-05,NA,NA,NA
"run02_topology_LCN2",6359,"CYP2C19",1.83094707274511e-05,NA,NA,NA
"run02_topology_LCN2",6360,"NDUFS3",7.91874029407724e-05,NA,NA,NA
"run02_topology_LCN2",6361,"CACNA1B",0,NA,NA,NA
"run02_topology_LCN2",6362,"PRKCZ",0.00127837750571802,NA,NA,NA
"run02_topology_LCN2",6363,"GRIA1",1.90084712514693e-06,NA,NA,NA
"run02_topology_LCN2",6364,"RYR2",4.78345186669671e-05,NA,NA,NA
"run02_topology_LCN2",6365,"BAX",8.97923976903581e-05,NA,NA,NA
"run02_topology_LCN2",6366,"EIF2AK2",0.000116554297583948,NA,NA,NA
"run02_topology_LCN2",6367,"ALDH1B1",0,NA,NA,NA
"run02_topology_LCN2",6368,"CYP2D6",2.95879994604009e-05,NA,NA,NA
"run02_topology_LCN2",6369,"AKR1C1",5.66614851992275e-05,NA,NA,NA
"run02_topology_LCN2",6370,"GLUD1",0.00010300883354164,NA,NA,NA
"run02_topology_LCN2",6371,"BTK",0.000119272845312435,NA,NA,NA
"run02_topology_LCN2",6372,"PPARD",4.39109792027548e-05,NA,NA,NA
"run02_topology_LCN2",6373,"ACACA",7.98311027262466e-05,NA,NA,NA
"run02_topology_LCN2",6374,"GRIA1",1.90084712514693e-06,NA,NA,NA
"run02_topology_LCN2",6375,"RASA1",5.55702489675181e-05,NA,NA,NA
"run02_topology_LCN2",6376,"ACTG1",2.72461711825489e-06,NA,NA,NA
"run02_topology_LCN2",6377,"C3",4.60004945984638e-05,NA,NA,NA
"run02_topology_LCN2",6378,"RYR1",8.59077355945814e-05,NA,NA,NA
"run02_topology_LCN2",6379,"C3",4.60004945984638e-05,NA,NA,NA
"run02_topology_LCN2",6380,"AURKA",5.49029298524406e-05,NA,NA,NA
"run02_topology_LCN2",6381,"GLUD1",0.00010300883354164,NA,NA,NA
"run02_topology_LCN2",6382,"HSD3B2",2.44539251612608e-05,NA,NA,NA
"run02_topology_LCN2",6383,"ACTG1",2.72461711825489e-06,NA,NA,NA
"run02_topology_LCN2",6384,"GLUD1",0.00010300883354164,NA,NA,NA
"run02_topology_LCN2",6385,"CALR",4.38793673526172e-05,NA,NA,NA
"run02_topology_LCN2",6386,"AURKA",5.49029298524406e-05,NA,NA,NA
"run02_topology_LCN2",6387,"GLUD1",0.00010300883354164,NA,NA,NA
"run02_topology_LCN2",6388,"AKR1C1",5.66614851992275e-05,NA,NA,NA
"run02_topology_LCN2",6389,"ALDH1B1",0,NA,NA,NA
"run02_topology_LCN2",6390,"GRIA1",1.90084712514693e-06,NA,NA,NA
"run02_topology_LCN2",6391,"SCN1A",4.8526600018195e-05,NA,NA,NA
"run02_topology_LCN2",6392,"PRKCZ",0.00127837750571802,NA,NA,NA
"run02_topology_LCN2",6393,"FABP4",8.52242665472236e-05,NA,NA,NA
"run02_topology_LCN2",6394,"CYP2C19",1.83094707274511e-05,NA,NA,NA
"run02_topology_LCN2",6395,"RASA1",5.55702489675181e-05,NA,NA,NA
"run02_topology_LCN2",6396,"ALDH3A1",7.8987277396747e-05,NA,NA,NA
"run02_topology_LCN2",6397,"NFATC1",5.51292228962996e-05,NA,NA,NA
"run02_topology_LCN2",6398,"VIM",5.2598025607753e-05,NA,NA,NA
"run02_topology_LCN2",6399,"GRIA2",6.42468498274207e-05,NA,NA,NA
"run02_topology_LCN2",6400,"GLUD1",0.00010300883354164,NA,NA,NA
"run02_topology_LCN2",6401,"COL1A2",8.49027404237201e-06,NA,NA,NA
"run02_topology_LCN2",6402,"CYP2C19",1.83094707274511e-05,NA,NA,NA
"run02_topology_LCN2",6403,"CYP17A1",3.31356115126358e-05,NA,NA,NA
"run02_topology_LCN2",6404,"ADH5",7.50101523409041e-05,NA,NA,NA
"run02_topology_LCN2",6405,"NFATC1",5.51292228962996e-05,NA,NA,NA
"run02_topology_LCN2",6406,"NOS2",2.38274351227474e-05,NA,NA,NA
"run02_topology_LCN2",6407,"SLC6A4",7.25412905625555e-05,NA,NA,NA
"run02_topology_LCN2",6408,"ACACA",7.98311027262466e-05,NA,NA,NA
"run02_topology_LCN2",6409,"PRKCZ",0.00127837750571802,NA,NA,NA
"run02_topology_LCN2",6410,"RASA1",5.55702489675181e-05,NA,NA,NA
"run02_topology_LCN2",6411,"AURKB",0.000100012341094136,NA,NA,NA
"run02_topology_LCN2",6412,"NFATC1",5.51292228962996e-05,NA,NA,NA
"run02_topology_LCN2",6413,"EIF2AK2",0.000116554297583948,NA,NA,NA
"run02_topology_LCN2",6414,"RASA1",5.55702489675181e-05,NA,NA,NA
"run02_topology_LCN2",6415,"HSD3B2",2.44539251612608e-05,NA,NA,NA
"run02_topology_LCN2",6416,"AURKA",5.49029298524406e-05,NA,NA,NA
"run02_topology_LCN2",6417,"NDUFS3",7.91874029407724e-05,NA,NA,NA
"run02_topology_LCN2",6418,"EIF2S1",0.000110140192739028,NA,NA,NA
"run02_topology_LCN2",6419,"CALM2",0,NA,NA,NA
"run02_topology_LCN2",6420,"GRIA1",1.90084712514693e-06,NA,NA,NA
"run02_topology_LCN2",6421,"ITGA5",0.00127400659039045,NA,NA,NA
"run02_topology_LCN2",6422,"SCN1A",4.8526600018195e-05,NA,NA,NA
"run02_topology_LCN2",6423,"NOS2",2.38274351227474e-05,NA,NA,NA
"run02_topology_LCN2",6424,"EIF2S1",0.000110140192739028,NA,NA,NA
"run02_topology_LCN2",6425,"KEAP1",8.90865911317151e-05,NA,NA,NA
"run02_topology_LCN2",6426,"DLG1",6.50075176803488e-05,NA,NA,NA
"run02_topology_LCN2",6427,"VIM",5.2598025607753e-05,NA,NA,NA
"run02_topology_LCN2",6428,"GRIA2",6.42468498274207e-05,NA,NA,NA
"run02_topology_LCN2",6429,"ACE2",6.17806475236016e-05,NA,NA,NA
"run02_topology_LCN2",6430,"CYP17A1",3.31356115126358e-05,NA,NA,NA
"run02_topology_LCN2",6431,"ACACA",7.98311027262466e-05,NA,NA,NA
"run02_topology_LCN2",6432,"ITGA5",0.00127400659039045,NA,NA,NA
"run02_topology_LCN2",6433,"CALR",4.38793673526172e-05,NA,NA,NA
"run02_topology_LCN2",6434,"CALM2",0,NA,NA,NA
"run02_topology_LCN2",6435,"SCN1A",4.8526600018195e-05,NA,NA,NA
"run02_topology_LCN2",6436,"AURKB",0.000100012341094136,NA,NA,NA
"run02_topology_LCN2",6437,"EIF2S1",0.000110140192739028,NA,NA,NA
"run02_topology_LCN2",6438,"ALDH3A1",7.8987277396747e-05,NA,NA,NA
"run02_topology_LCN2",6439,"CALM2",0,NA,NA,NA
"run02_topology_LCN2",6440,"CYP2C19",1.83094707274511e-05,NA,NA,NA
"run02_topology_LCN2",6441,"CYP2D6",2.95879994604009e-05,NA,NA,NA
"run02_topology_LCN2",6442,"PARK7",5.03123803161643e-05,NA,NA,NA
"run02_topology_LCN2",6443,"EIF2AK2",0.000116554297583948,NA,NA,NA
"run02_topology_LCN2",6444,"HSD3B2",2.44539251612608e-05,NA,NA,NA
"run02_topology_LCN2",6445,"CACNA1B",0,NA,NA,NA
"run02_topology_LCN2",6446,"ACACA",7.98311027262466e-05,NA,NA,NA
"run02_topology_LCN2",6447,"VIM",5.2598025607753e-05,NA,NA,NA
"run02_topology_LCN2",6448,"NDUFS3",7.91874029407724e-05,NA,NA,NA
"run02_topology_LCN2",6449,"CYP2D6",2.95879994604009e-05,NA,NA,NA
"run02_topology_LCN2",6450,"BAX",8.97923976903581e-05,NA,NA,NA
"run02_topology_LCN2",6451,"CACNA1B",0,NA,NA,NA
"run02_topology_LCN2",6452,"ACSL1",4.92269468655993e-05,NA,NA,NA
"run02_topology_LCN2",6453,"ACSL1",4.92269468655993e-05,NA,NA,NA
"run02_topology_LCN2",6454,"SLC6A4",7.25412905625555e-05,NA,NA,NA
"run02_topology_LCN2",6455,"CTSD",0.000133066364187417,NA,NA,NA
"run02_topology_LCN2",6456,"PRKCZ",0.00127837750571802,NA,NA,NA
"run02_topology_LCN2",6457,"GRIA1",1.90084712514693e-06,NA,NA,NA
"run02_topology_LCN2",6458,"AKR1D1",0.0010662752740489,NA,NA,NA
"run02_topology_LCN2",6459,"FURIN",9.05415850372959e-05,NA,NA,NA
"run02_topology_LCN2",6460,"EIF2AK2",0.000116554297583948,NA,NA,NA
"run02_topology_LCN2",6461,"ACTG1",2.72461711825489e-06,NA,NA,NA
"run02_topology_LCN2",6462,"NOS2",2.38274351227474e-05,NA,NA,NA
"run02_topology_LCN2",6463,"PPIF",5.98208087934093e-05,NA,NA,NA
"run02_topology_LCN2",6464,"CYP2C19",1.83094707274511e-05,NA,NA,NA
"run02_topology_LCN2",6465,"AURKB",0.000100012341094136,NA,NA,NA
"run02_topology_LCN2",6466,"CYP2C19",1.83094707274511e-05,NA,NA,NA
"run02_topology_LCN2",6467,"AKR1C1",5.66614851992275e-05,NA,NA,NA
"run02_topology_LCN2",6468,"AURKA",5.49029298524406e-05,NA,NA,NA
"run02_topology_LCN2",6469,"ITGA5",0.00127400659039045,NA,NA,NA
"run02_topology_LCN2",6470,"RASA1",5.55702489675181e-05,NA,NA,NA
"run02_topology_LCN2",6471,"NPPA",7.28658572474172e-05,NA,NA,NA
"run02_topology_LCN2",6472,"ACTG1",2.72461711825489e-06,NA,NA,NA
"run02_topology_LCN2",6473,"ACACA",7.98311027262466e-05,NA,NA,NA
"run02_topology_LCN2",6474,"PPIF",5.98208087934093e-05,NA,NA,NA
"run02_topology_LCN2",6475,"NPPA",7.28658572474172e-05,NA,NA,NA
"run02_topology_LCN2",6476,"GOT1",5.88174838508371e-05,NA,NA,NA
"run02_topology_LCN2",6477,"AKR1C1",5.66614851992275e-05,NA,NA,NA
"run02_topology_LCN2",6478,"NDUFS3",7.91874029407724e-05,NA,NA,NA
"run02_topology_LCN2",6479,"RYR2",4.78345186669671e-05,NA,NA,NA
"run02_topology_LCN2",6480,"FURIN",9.05415850372959e-05,NA,NA,NA
"run02_topology_LCN2",6481,"GRIA1",1.90084712514693e-06,NA,NA,NA
"run02_topology_LCN2",6482,"NOS2",2.38274351227474e-05,NA,NA,NA
"run02_topology_LCN2",6483,"RASA1",5.55702489675181e-05,NA,NA,NA
"run02_topology_LCN2",6484,"ALDH3A1",7.8987277396747e-05,NA,NA,NA
"run02_topology_LCN2",6485,"AURKA",5.49029298524406e-05,NA,NA,NA
"run02_topology_LCN2",6486,"AURKB",0.000100012341094136,NA,NA,NA
"run02_topology_LCN2",6487,"PPARD",4.39109792027548e-05,NA,NA,NA
"run02_topology_LCN2",6488,"CACNA1B",0,NA,NA,NA
"run02_topology_LCN2",6489,"ITGA5",0.00127400659039045,NA,NA,NA
"run02_topology_LCN2",6490,"NOS2",2.38274351227474e-05,NA,NA,NA
"run02_topology_LCN2",6491,"GRIA1",1.90084712514693e-06,NA,NA,NA
"run02_topology_LCN2",6492,"VIM",5.2598025607753e-05,NA,NA,NA
"run02_topology_LCN2",6493,"NOS2",2.38274351227474e-05,NA,NA,NA
"run02_topology_LCN2",6494,"PPARD",4.39109792027548e-05,NA,NA,NA
"run02_topology_LCN2",6495,"C3",4.60004945984638e-05,NA,NA,NA
"run02_topology_LCN2",6496,"ACTG1",2.72461711825489e-06,NA,NA,NA
"run02_topology_LCN2",6497,"SLC6A4",7.25412905625555e-05,NA,NA,NA
"run02_topology_LCN2",6498,"ACE2",6.17806475236016e-05,NA,NA,NA
"run02_topology_LCN2",6499,"NFATC1",5.51292228962996e-05,NA,NA,NA
"run02_topology_LCN2",6500,"RASA1",5.55702489675181e-05,NA,NA,NA
"run02_topology_LCN2",6501,"ACSL1",4.92269468655993e-05,NA,NA,NA
"run02_topology_LCN2",6502,"NPPA",7.28658572474172e-05,NA,NA,NA
"run02_topology_LCN2",6503,"CTSD",0.000133066364187417,NA,NA,NA
"run02_topology_LCN2",6504,"ADH5",7.50101523409041e-05,NA,NA,NA
"run02_topology_LCN2",6505,"ACACA",7.98311027262466e-05,NA,NA,NA
"run02_topology_LCN2",6506,"NPPA",7.28658572474172e-05,NA,NA,NA
"run02_topology_LCN2",6507,"FABP4",8.52242665472236e-05,NA,NA,NA
"run02_topology_LCN2",6508,"BTK",0.000119272845312435,NA,NA,NA
"run02_topology_LCN2",6509,"RYR1",8.59077355945814e-05,NA,NA,NA
"run02_topology_LCN2",6510,"NPPA",7.28658572474172e-05,NA,NA,NA
"run02_topology_LCN2",6511,"PPIF",5.98208087934093e-05,NA,NA,NA
"run02_topology_LCN2",6512,"SCN1A",4.8526600018195e-05,NA,NA,NA
"run02_topology_LCN2",6513,"PARK7",5.03123803161643e-05,NA,NA,NA
"run02_topology_LCN2",6514,"AGTR1",7.87895413547623e-05,NA,NA,NA
"run02_topology_LCN2",6515,"ALDH1B1",0,NA,NA,NA
"run02_topology_LCN2",6516,"CYP2C19",1.83094707274511e-05,NA,NA,NA
"run02_topology_LCN2",6517,"RYR2",4.78345186669671e-05,NA,NA,NA
"run02_topology_LCN2",6518,"KEAP1",8.90865911317151e-05,NA,NA,NA
"run02_topology_LCN2",6519,"NOS2",2.38274351227474e-05,NA,NA,NA
"run02_topology_LCN2",6520,"EIF2AK2",0.000116554297583948,NA,NA,NA
"run02_topology_LCN2",6521,"AURKB",0.000100012341094136,NA,NA,NA
"run02_topology_LCN2",6522,"CALM2",0,NA,NA,NA
"run02_topology_LCN2",6523,"PARK7",5.03123803161643e-05,NA,NA,NA
"run02_topology_LCN2",6524,"RYR1",8.59077355945814e-05,NA,NA,NA
"run02_topology_LCN2",6525,"GOT1",5.88174838508371e-05,NA,NA,NA
"run02_topology_LCN2",6526,"VIM",5.2598025607753e-05,NA,NA,NA
"run02_topology_LCN2",6527,"NDUFS3",7.91874029407724e-05,NA,NA,NA
"run02_topology_LCN2",6528,"HSD3B2",2.44539251612608e-05,NA,NA,NA
"run02_topology_LCN2",6529,"AKR1D1",0.0010662752740489,NA,NA,NA
"run02_topology_LCN2",6530,"CYP17A1",3.31356115126358e-05,NA,NA,NA
"run02_topology_LCN2",6531,"NDUFS3",7.91874029407724e-05,NA,NA,NA
"run02_topology_LCN2",6532,"NPPA",7.28658572474172e-05,NA,NA,NA
"run02_topology_LCN2",6533,"ACACA",7.98311027262466e-05,NA,NA,NA
"run02_topology_LCN2",6534,"RYR2",4.78345186669671e-05,NA,NA,NA
"run02_topology_LCN2",6535,"ACTG1",2.72461711825489e-06,NA,NA,NA
"run02_topology_LCN2",6536,"ADH5",7.50101523409041e-05,NA,NA,NA
"run02_topology_LCN2",6537,"RYR2",4.78345186669671e-05,NA,NA,NA
"run02_topology_LCN2",6538,"SCN1A",4.8526600018195e-05,NA,NA,NA
"run02_topology_LCN2",6539,"ALDH3A1",7.8987277396747e-05,NA,NA,NA
"run02_topology_LCN2",6540,"KEAP1",8.90865911317151e-05,NA,NA,NA
"run02_topology_LCN2",6541,"CYP2D6",2.95879994604009e-05,NA,NA,NA
"run02_topology_LCN2",6542,"ACACA",7.98311027262466e-05,NA,NA,NA
"run02_topology_LCN2",6543,"ITGA5",0.00127400659039045,NA,NA,NA
"run02_topology_LCN2",6544,"RASA1",5.55702489675181e-05,NA,NA,NA
"run02_topology_LCN2",6545,"ACE2",6.17806475236016e-05,NA,NA,NA
"run02_topology_LCN2",6546,"GRIA2",6.42468498274207e-05,NA,NA,NA
"run02_topology_LCN2",6547,"COL1A2",8.49027404237201e-06,NA,NA,NA
"run02_topology_LCN2",6548,"ACSL1",4.92269468655993e-05,NA,NA,NA
"run02_topology_LCN2",6549,"NPPA",7.28658572474172e-05,NA,NA,NA
"run02_topology_LCN2",6550,"CYP2D6",2.95879994604009e-05,NA,NA,NA
"run02_topology_LCN2",6551,"ALDH3A1",7.8987277396747e-05,NA,NA,NA
"run02_topology_LCN2",6552,"CALR",4.38793673526172e-05,NA,NA,NA
"run02_topology_LCN2",6553,"GRIA2",6.42468498274207e-05,NA,NA,NA
"run02_topology_LCN2",6554,"C3",4.60004945984638e-05,NA,NA,NA
"run02_topology_LCN2",6555,"ACTG1",2.72461711825489e-06,NA,NA,NA
"run02_topology_LCN2",6556,"NDUFS3",7.91874029407724e-05,NA,NA,NA
"run02_topology_LCN2",6557,"CYP2C19",1.83094707274511e-05,NA,NA,NA
"run02_topology_LCN2",6558,"EIF2S1",0.000110140192739028,NA,NA,NA
"run02_topology_LCN2",6559,"COL1A2",8.49027404237201e-06,NA,NA,NA
"run02_topology_LCN2",6560,"NDUFS3",7.91874029407724e-05,NA,NA,NA
"run02_topology_LCN2",6561,"ACACA",7.98311027262466e-05,NA,NA,NA
"run02_topology_LCN2",6562,"ALDH3A1",7.8987277396747e-05,NA,NA,NA
"run02_topology_LCN2",6563,"ACTG1",2.72461711825489e-06,NA,NA,NA
"run02_topology_LCN2",6564,"RYR2",4.78345186669671e-05,NA,NA,NA
"run02_topology_LCN2",6565,"ACTG1",2.72461711825489e-06,NA,NA,NA
"run02_topology_LCN2",6566,"KEAP1",8.90865911317151e-05,NA,NA,NA
"run02_topology_LCN2",6567,"EIF2S1",0.000110140192739028,NA,NA,NA
"run02_topology_LCN2",6568,"COL1A2",8.49027404237201e-06,NA,NA,NA
"run02_topology_LCN2",6569,"CYP2D6",2.95879994604009e-05,NA,NA,NA
"run02_topology_LCN2",6570,"CTSD",0.000133066364187417,NA,NA,NA
"run02_topology_LCN2",6571,"HSD3B2",2.44539251612608e-05,NA,NA,NA
"run02_topology_LCN2",6572,"BAX",8.97923976903581e-05,NA,NA,NA
"run02_topology_LCN2",6573,"GOT1",5.88174838508371e-05,NA,NA,NA
"run02_topology_LCN2",6574,"ADH5",7.50101523409041e-05,NA,NA,NA
"run02_topology_LCN2",6575,"ACACA",7.98311027262466e-05,NA,NA,NA
"run02_topology_LCN2",6576,"CYP17A1",3.31356115126358e-05,NA,NA,NA
"run02_topology_LCN2",6577,"SCN1A",4.8526600018195e-05,NA,NA,NA
"run02_topology_LCN2",6578,"EIF2S1",0.000110140192739028,NA,NA,NA
"run02_topology_LCN2",6579,"RASA1",5.55702489675181e-05,NA,NA,NA
"run02_topology_LCN2",6580,"ACTG1",2.72461711825489e-06,NA,NA,NA
"run02_topology_LCN2",6581,"RASA1",5.55702489675181e-05,NA,NA,NA
"run02_topology_LCN2",6582,"ACE2",6.17806475236016e-05,NA,NA,NA
"run02_topology_LCN2",6583,"NDUFS3",7.91874029407724e-05,NA,NA,NA
"run02_topology_LCN2",6584,"C3",4.60004945984638e-05,NA,NA,NA
"run02_topology_LCN2",6585,"FABP4",8.52242665472236e-05,NA,NA,NA
"run02_topology_LCN2",6586,"ACE2",6.17806475236016e-05,NA,NA,NA
"run02_topology_LCN2",6587,"FURIN",9.05415850372959e-05,NA,NA,NA
"run02_topology_LCN2",6588,"DLG1",6.50075176803488e-05,NA,NA,NA
"run02_topology_LCN2",6589,"ACE2",6.17806475236016e-05,NA,NA,NA
"run02_topology_LCN2",6590,"CYP2C19",1.83094707274511e-05,NA,NA,NA
"run02_topology_LCN2",6591,"CALR",4.38793673526172e-05,NA,NA,NA
"run02_topology_LCN2",6592,"ADH5",7.50101523409041e-05,NA,NA,NA
"run02_topology_LCN2",6593,"AKR1C1",5.66614851992275e-05,NA,NA,NA
"run02_topology_LCN2",6594,"ACTG1",2.72461711825489e-06,NA,NA,NA
"run02_topology_LCN2",6595,"CALR",4.38793673526172e-05,NA,NA,NA
"run02_topology_LCN2",6596,"ACSL1",4.92269468655993e-05,NA,NA,NA
"run02_topology_LCN2",6597,"RYR1",8.59077355945814e-05,NA,NA,NA
"run02_topology_LCN2",6598,"NOS2",2.38274351227474e-05,NA,NA,NA
"run02_topology_LCN2",6599,"C3",4.60004945984638e-05,NA,NA,NA
"run02_topology_LCN2",6600,"SLC6A4",7.25412905625555e-05,NA,NA,NA
"run02_topology_LCN2",6601,"CYP2C19",1.83094707274511e-05,NA,NA,NA
"run02_topology_LCN2",6602,"EIF2AK2",0.000116554297583948,NA,NA,NA
"run02_topology_LCN2",6603,"AGTR1",7.87895413547623e-05,NA,NA,NA
"run02_topology_LCN2",6604,"CPT1A",1.49157660161992e-05,NA,NA,NA
"run02_topology_LCN2",6605,"ALDH3A1",7.8987277396747e-05,NA,NA,NA
"run02_topology_LCN2",6606,"ALDH3A1",7.8987277396747e-05,NA,NA,NA
"run02_topology_LCN2",6607,"HSD3B2",2.44539251612608e-05,NA,NA,NA
"run02_topology_LCN2",6608,"GOT1",5.88174838508371e-05,NA,NA,NA
"run02_topology_LCN2",6609,"CTSD",0.000133066364187417,NA,NA,NA
"run02_topology_LCN2",6610,"PRKCZ",0.00127837750571802,NA,NA,NA
"run02_topology_LCN2",6611,"KEAP1",8.90865911317151e-05,NA,NA,NA
"run02_topology_LCN2",6612,"SLC6A4",7.25412905625555e-05,NA,NA,NA
"run02_topology_LCN2",6613,"CALM2",0,NA,NA,NA
"run02_topology_LCN2",6614,"HSD3B2",2.44539251612608e-05,NA,NA,NA
"run02_topology_LCN2",6615,"PPARD",4.39109792027548e-05,NA,NA,NA
"run02_topology_LCN2",6616,"ALDH3A1",7.8987277396747e-05,NA,NA,NA
"run02_topology_LCN2",6617,"COL1A2",8.49027404237201e-06,NA,NA,NA
"run02_topology_LCN2",6618,"ADH5",7.50101523409041e-05,NA,NA,NA
"run02_topology_LCN2",6619,"FABP4",8.52242665472236e-05,NA,NA,NA
"run02_topology_LCN2",6620,"HSD3B2",2.44539251612608e-05,NA,NA,NA
"run02_topology_LCN2",6621,"ACE2",6.17806475236016e-05,NA,NA,NA
"run02_topology_LCN2",6622,"GOT1",5.88174838508371e-05,NA,NA,NA
"run02_topology_LCN2",6623,"ADH5",7.50101523409041e-05,NA,NA,NA
"run02_topology_LCN2",6624,"PRKCZ",0.00127837750571802,NA,NA,NA
"run02_topology_LCN2",6625,"RYR1",8.59077355945814e-05,NA,NA,NA
"run02_topology_LCN2",6626,"EIF2S1",0.000110140192739028,NA,NA,NA
"run02_topology_LCN2",6627,"NOS2",2.38274351227474e-05,NA,NA,NA
"run02_topology_LCN2",6628,"AURKA",5.49029298524406e-05,NA,NA,NA
"run02_topology_LCN2",6629,"GLUD1",0.00010300883354164,NA,NA,NA
"run02_topology_LCN2",6630,"C3",4.60004945984638e-05,NA,NA,NA
"run02_topology_LCN2",6631,"ACTG1",2.72461711825489e-06,NA,NA,NA
"run02_topology_LCN2",6632,"NDUFS3",7.91874029407724e-05,NA,NA,NA
"run02_topology_LCN2",6633,"GLUD1",0.00010300883354164,NA,NA,NA
"run02_topology_LCN2",6634,"AKR1D1",0.0010662752740489,NA,NA,NA
"run02_topology_LCN2",6635,"AKR1C1",5.66614851992275e-05,NA,NA,NA
"run02_topology_LCN2",6636,"CACNA1B",0,NA,NA,NA
"run02_topology_LCN2",6637,"GLUD1",0.00010300883354164,NA,NA,NA
"run02_topology_LCN2",6638,"NDUFS3",7.91874029407724e-05,NA,NA,NA
"run02_topology_LCN2",6639,"CPT1A",1.49157660161992e-05,NA,NA,NA
"run02_topology_LCN2",6640,"CTSD",0.000133066364187417,NA,NA,NA
"run02_topology_LCN2",6641,"ACSL1",4.92269468655993e-05,NA,NA,NA
"run02_topology_LCN2",6642,"CTSD",0.000133066364187417,NA,NA,NA
"run02_topology_LCN2",6643,"KEAP1",8.90865911317151e-05,NA,NA,NA
"run02_topology_LCN2",6644,"EIF2AK2",0.000116554297583948,NA,NA,NA
"run02_topology_LCN2",6645,"BAX",8.97923976903581e-05,NA,NA,NA
"run02_topology_LCN2",6646,"CALR",4.38793673526172e-05,NA,NA,NA
"run02_topology_LCN2",6647,"CALR",4.38793673526172e-05,NA,NA,NA
"run02_topology_LCN2",6648,"GLUD1",0.00010300883354164,NA,NA,NA
"run02_topology_LCN2",6649,"GRIA1",1.90084712514693e-06,NA,NA,NA
"run02_topology_LCN2",6650,"ACACA",7.98311027262466e-05,NA,NA,NA
"run02_topology_LCN2",6651,"FABP4",8.52242665472236e-05,NA,NA,NA
"run02_topology_LCN2",6652,"EIF2AK2",0.000116554297583948,NA,NA,NA
"run02_topology_LCN2",6653,"ALDH1B1",0,NA,NA,NA
"run02_topology_LCN2",6654,"BTK",0.000119272845312435,NA,NA,NA
"run02_topology_LCN2",6655,"ACSL1",4.92269468655993e-05,NA,NA,NA
"run02_topology_LCN2",6656,"NOS2",2.38274351227474e-05,NA,NA,NA
"run02_topology_LCN2",6657,"CACNA1B",0,NA,NA,NA
"run02_topology_LCN2",6658,"CACNA1B",0,NA,NA,NA
"run02_topology_LCN2",6659,"CYP2D6",2.95879994604009e-05,NA,NA,NA
"run02_topology_LCN2",6660,"PARK7",5.03123803161643e-05,NA,NA,NA
"run02_topology_LCN2",6661,"BAX",8.97923976903581e-05,NA,NA,NA
"run02_topology_LCN2",6662,"FURIN",9.05415850372959e-05,NA,NA,NA
"run02_topology_LCN2",6663,"ACSL1",4.92269468655993e-05,NA,NA,NA
"run02_topology_LCN2",6664,"CALM2",0,NA,NA,NA
"run02_topology_LCN2",6665,"NDUFS3",7.91874029407724e-05,NA,NA,NA
"run02_topology_LCN2",6666,"RYR2",4.78345186669671e-05,NA,NA,NA
"run02_topology_LCN2",6667,"GRIA2",6.42468498274207e-05,NA,NA,NA
"run02_topology_LCN2",6668,"AURKB",0.000100012341094136,NA,NA,NA
"run02_topology_LCN2",6669,"CYP17A1",3.31356115126358e-05,NA,NA,NA
"run02_topology_LCN2",6670,"PARK7",5.03123803161643e-05,NA,NA,NA
"run02_topology_LCN2",6671,"AURKB",0.000100012341094136,NA,NA,NA
"run02_topology_LCN2",6672,"DLG1",6.50075176803488e-05,NA,NA,NA
"run02_topology_LCN2",6673,"EIF2AK2",0.000116554297583948,NA,NA,NA
"run02_topology_LCN2",6674,"HSD3B2",2.44539251612608e-05,NA,NA,NA
"run02_topology_LCN2",6675,"AKR1D1",0.0010662752740489,NA,NA,NA
"run02_topology_LCN2",6676,"SCN1A",4.8526600018195e-05,NA,NA,NA
"run02_topology_LCN2",6677,"NOS2",2.38274351227474e-05,NA,NA,NA
"run02_topology_LCN2",6678,"FURIN",9.05415850372959e-05,NA,NA,NA
"run02_topology_LCN2",6679,"KEAP1",8.90865911317151e-05,NA,NA,NA
"run02_topology_LCN2",6680,"CTSD",0.000133066364187417,NA,NA,NA
"run02_topology_LCN2",6681,"GRIA1",1.90084712514693e-06,NA,NA,NA
"run02_topology_LCN2",6682,"ACTG1",2.72461711825489e-06,NA,NA,NA
"run02_topology_LCN2",6683,"FURIN",9.05415850372959e-05,NA,NA,NA
"run02_topology_LCN2",6684,"PARK7",5.03123803161643e-05,NA,NA,NA
"run02_topology_LCN2",6685,"RASA1",5.55702489675181e-05,NA,NA,NA
"run02_topology_LCN2",6686,"NDUFS3",7.91874029407724e-05,NA,NA,NA
"run02_topology_LCN2",6687,"RYR2",4.78345186669671e-05,NA,NA,NA
"run02_topology_LCN2",6688,"EIF2AK2",0.000116554297583948,NA,NA,NA
"run02_topology_LCN2",6689,"COL1A2",8.49027404237201e-06,NA,NA,NA
"run02_topology_LCN2",6690,"CTSD",0.000133066364187417,NA,NA,NA
"run02_topology_LCN2",6691,"GRIA2",6.42468498274207e-05,NA,NA,NA
"run02_topology_LCN2",6692,"GOT1",5.88174838508371e-05,NA,NA,NA
"run02_topology_LCN2",6693,"VIM",5.2598025607753e-05,NA,NA,NA
"run02_topology_LCN2",6694,"CYP2C19",1.83094707274511e-05,NA,NA,NA
"run02_topology_LCN2",6695,"KEAP1",8.90865911317151e-05,NA,NA,NA
"run02_topology_LCN2",6696,"RASA1",5.55702489675181e-05,NA,NA,NA
"run02_topology_LCN2",6697,"DLG1",6.50075176803488e-05,NA,NA,NA
"run02_topology_LCN2",6698,"CPT1A",1.49157660161992e-05,NA,NA,NA
"run02_topology_LCN2",6699,"CYP17A1",3.31356115126358e-05,NA,NA,NA
"run02_topology_LCN2",6700,"PARK7",5.03123803161643e-05,NA,NA,NA
"run02_topology_LCN2",6701,"DLG1",6.50075176803488e-05,NA,NA,NA
"run02_topology_LCN2",6702,"PPARD",4.39109792027548e-05,NA,NA,NA
"run02_topology_LCN2",6703,"RASA1",5.55702489675181e-05,NA,NA,NA
"run02_topology_LCN2",6704,"BAX",8.97923976903581e-05,NA,NA,NA
"run02_topology_LCN2",6705,"SLC6A4",7.25412905625555e-05,NA,NA,NA
"run02_topology_LCN2",6706,"AGTR1",7.87895413547623e-05,NA,NA,NA
"run02_topology_LCN2",6707,"COL1A2",8.49027404237201e-06,NA,NA,NA
"run02_topology_LCN2",6708,"AKR1C1",5.66614851992275e-05,NA,NA,NA
"run02_topology_LCN2",6709,"KEAP1",8.90865911317151e-05,NA,NA,NA
"run02_topology_LCN2",6710,"NFATC1",5.51292228962996e-05,NA,NA,NA
"run02_topology_LCN2",6711,"SCN1A",4.8526600018195e-05,NA,NA,NA
"run02_topology_LCN2",6712,"RYR2",4.78345186669671e-05,NA,NA,NA
"run02_topology_LCN2",6713,"KEAP1",8.90865911317151e-05,NA,NA,NA
"run02_topology_LCN2",6714,"ACE2",6.17806475236016e-05,NA,NA,NA
"run02_topology_LCN2",6715,"CTSD",0.000133066364187417,NA,NA,NA
"run02_topology_LCN2",6716,"AKR1C1",5.66614851992275e-05,NA,NA,NA
"run02_topology_LCN2",6717,"ALDH1B1",0,NA,NA,NA
"run02_topology_LCN2",6718,"C3",4.60004945984638e-05,NA,NA,NA
"run02_topology_LCN2",6719,"RYR1",8.59077355945814e-05,NA,NA,NA
"run02_topology_LCN2",6720,"NOS2",2.38274351227474e-05,NA,NA,NA
"run02_topology_LCN2",6721,"C3",4.60004945984638e-05,NA,NA,NA
"run02_topology_LCN2",6722,"ACSL1",4.92269468655993e-05,NA,NA,NA
"run02_topology_LCN2",6723,"DLG1",6.50075176803488e-05,NA,NA,NA
"run02_topology_LCN2",6724,"RYR1",8.59077355945814e-05,NA,NA,NA
"run02_topology_LCN2",6725,"GRIA2",6.42468498274207e-05,NA,NA,NA
"run02_topology_LCN2",6726,"ITGA5",0.00127400659039045,NA,NA,NA
"run02_topology_LCN2",6727,"ALDH3A1",7.8987277396747e-05,NA,NA,NA
"run02_topology_LCN2",6728,"BAX",8.97923976903581e-05,NA,NA,NA
"run02_topology_LCN2",6729,"SCN1A",4.8526600018195e-05,NA,NA,NA
"run02_topology_LCN2",6730,"RYR1",8.59077355945814e-05,NA,NA,NA
"run02_topology_LCN2",6731,"RYR2",4.78345186669671e-05,NA,NA,NA
"run02_topology_LCN2",6732,"SCN1A",4.8526600018195e-05,NA,NA,NA
"run02_topology_LCN2",6733,"EIF2S1",0.000110140192739028,NA,NA,NA
"run02_topology_LCN2",6734,"RYR1",8.59077355945814e-05,NA,NA,NA
"run02_topology_LCN2",6735,"ITGA5",0.00127400659039045,NA,NA,NA
"run02_topology_LCN2",6736,"NDUFS3",7.91874029407724e-05,NA,NA,NA
"run02_topology_LCN2",6737,"CYP17A1",3.31356115126358e-05,NA,NA,NA
"run02_topology_LCN2",6738,"BAX",8.97923976903581e-05,NA,NA,NA
"run02_topology_LCN2",6739,"ACSL1",4.92269468655993e-05,NA,NA,NA
"run02_topology_LCN2",6740,"GRIA2",6.42468498274207e-05,NA,NA,NA
"run02_topology_LCN2",6741,"AGTR1",7.87895413547623e-05,NA,NA,NA
"run02_topology_LCN2",6742,"GLUD1",0.00010300883354164,NA,NA,NA
"run02_topology_LCN2",6743,"EIF2S1",0.000110140192739028,NA,NA,NA
"run02_topology_LCN2",6744,"FABP4",8.52242665472236e-05,NA,NA,NA
"run02_topology_LCN2",6745,"PARK7",5.03123803161643e-05,NA,NA,NA
"run02_topology_LCN2",6746,"NFATC1",5.51292228962996e-05,NA,NA,NA
"run02_topology_LCN2",6747,"ACACA",7.98311027262466e-05,NA,NA,NA
"run02_topology_LCN2",6748,"ACSL1",4.92269468655993e-05,NA,NA,NA
"run02_topology_LCN2",6749,"VIM",5.2598025607753e-05,NA,NA,NA
"run02_topology_LCN2",6750,"SCN1A",4.8526600018195e-05,NA,NA,NA
"run02_topology_LCN2",6751,"HSD3B2",2.44539251612608e-05,NA,NA,NA
"run02_topology_LCN2",6752,"PARK7",5.03123803161643e-05,NA,NA,NA
"run02_topology_LCN2",6753,"SCN1A",4.8526600018195e-05,NA,NA,NA
"run02_topology_LCN2",6754,"AURKA",5.49029298524406e-05,NA,NA,NA
"run02_topology_LCN2",6755,"GRIA1",1.90084712514693e-06,NA,NA,NA
"run02_topology_LCN2",6756,"SCN1A",4.8526600018195e-05,NA,NA,NA
"run02_topology_LCN2",6757,"CALR",4.38793673526172e-05,NA,NA,NA
"run02_topology_LCN2",6758,"AKR1D1",0.0010662752740489,NA,NA,NA
"run02_topology_LCN2",6759,"AKR1D1",0.0010662752740489,NA,NA,NA
"run02_topology_LCN2",6760,"GRIA1",1.90084712514693e-06,NA,NA,NA
"run02_topology_LCN2",6761,"PPIF",5.98208087934093e-05,NA,NA,NA
"run02_topology_LCN2",6762,"AGTR1",7.87895413547623e-05,NA,NA,NA
"run02_topology_LCN2",6763,"VIM",5.2598025607753e-05,NA,NA,NA
"run02_topology_LCN2",6764,"AURKB",0.000100012341094136,NA,NA,NA
"run02_topology_LCN2",6765,"ITGA5",0.00127400659039045,NA,NA,NA
"run02_topology_LCN2",6766,"DLG1",6.50075176803488e-05,NA,NA,NA
"run02_topology_LCN2",6767,"KEAP1",8.90865911317151e-05,NA,NA,NA
"run02_topology_LCN2",6768,"COL1A2",8.49027404237201e-06,NA,NA,NA
"run02_topology_LCN2",6769,"FURIN",9.05415850372959e-05,NA,NA,NA
"run02_topology_LCN2",6770,"CPT1A",1.49157660161992e-05,NA,NA,NA
"run02_topology_LCN2",6771,"AURKA",5.49029298524406e-05,NA,NA,NA
"run02_topology_LCN2",6772,"CTSD",0.000133066364187417,NA,NA,NA
"run02_topology_LCN2",6773,"RYR2",4.78345186669671e-05,NA,NA,NA
"run02_topology_LCN2",6774,"SCN1A",4.8526600018195e-05,NA,NA,NA
"run02_topology_LCN2",6775,"GLUD1",0.00010300883354164,NA,NA,NA
"run02_topology_LCN2",6776,"ALDH1B1",0,NA,NA,NA
"run02_topology_LCN2",6777,"FURIN",9.05415850372959e-05,NA,NA,NA
"run02_topology_LCN2",6778,"ACTG1",2.72461711825489e-06,NA,NA,NA
"run02_topology_LCN2",6779,"CYP17A1",3.31356115126358e-05,NA,NA,NA
"run02_topology_LCN2",6780,"DLG1",6.50075176803488e-05,NA,NA,NA
"run02_topology_LCN2",6781,"CPT1A",1.49157660161992e-05,NA,NA,NA
"run02_topology_LCN2",6782,"RYR1",8.59077355945814e-05,NA,NA,NA
"run02_topology_LCN2",6783,"ACACA",7.98311027262466e-05,NA,NA,NA
"run02_topology_LCN2",6784,"FURIN",9.05415850372959e-05,NA,NA,NA
"run02_topology_LCN2",6785,"SLC6A4",7.25412905625555e-05,NA,NA,NA
"run02_topology_LCN2",6786,"GLUD1",0.00010300883354164,NA,NA,NA
"run02_topology_LCN2",6787,"RASA1",5.55702489675181e-05,NA,NA,NA
"run02_topology_LCN2",6788,"ITGA5",0.00127400659039045,NA,NA,NA
"run02_topology_LCN2",6789,"AURKA",5.49029298524406e-05,NA,NA,NA
"run02_topology_LCN2",6790,"CYP17A1",3.31356115126358e-05,NA,NA,NA
"run02_topology_LCN2",6791,"EIF2S1",0.000110140192739028,NA,NA,NA
"run02_topology_LCN2",6792,"CYP2D6",2.95879994604009e-05,NA,NA,NA
"run02_topology_LCN2",6793,"ADH5",7.50101523409041e-05,NA,NA,NA
"run02_topology_LCN2",6794,"RASA1",5.55702489675181e-05,NA,NA,NA
"run02_topology_LCN2",6795,"ALDH1B1",0,NA,NA,NA
"run02_topology_LCN2",6796,"RYR2",4.78345186669671e-05,NA,NA,NA
"run02_topology_LCN2",6797,"GRIA2",6.42468498274207e-05,NA,NA,NA
"run02_topology_LCN2",6798,"ACACA",7.98311027262466e-05,NA,NA,NA
"run02_topology_LCN2",6799,"CTSD",0.000133066364187417,NA,NA,NA
"run02_topology_LCN2",6800,"BTK",0.000119272845312435,NA,NA,NA
"run02_topology_LCN2",6801,"CPT1A",1.49157660161992e-05,NA,NA,NA
"run02_topology_LCN2",6802,"NPPA",7.28658572474172e-05,NA,NA,NA
"run02_topology_LCN2",6803,"ADH5",7.50101523409041e-05,NA,NA,NA
"run02_topology_LCN2",6804,"ALDH1B1",0,NA,NA,NA
"run02_topology_LCN2",6805,"CYP17A1",3.31356115126358e-05,NA,NA,NA
"run02_topology_LCN2",6806,"GRIA2",6.42468498274207e-05,NA,NA,NA
"run02_topology_LCN2",6807,"ACTG1",2.72461711825489e-06,NA,NA,NA
"run02_topology_LCN2",6808,"PPIF",5.98208087934093e-05,NA,NA,NA
"run02_topology_LCN2",6809,"AURKB",0.000100012341094136,NA,NA,NA
"run02_topology_LCN2",6810,"COL1A2",8.49027404237201e-06,NA,NA,NA
"run02_topology_LCN2",6811,"CTSD",0.000133066364187417,NA,NA,NA
"run02_topology_LCN2",6812,"CACNA1B",0,NA,NA,NA
"run02_topology_LCN2",6813,"HSD3B2",2.44539251612608e-05,NA,NA,NA
"run02_topology_LCN2",6814,"ALDH3A1",7.8987277396747e-05,NA,NA,NA
"run02_topology_LCN2",6815,"CPT1A",1.49157660161992e-05,NA,NA,NA
"run02_topology_LCN2",6816,"NFATC1",5.51292228962996e-05,NA,NA,NA
"run02_topology_LCN2",6817,"ACACA",7.98311027262466e-05,NA,NA,NA
"run02_topology_LCN2",6818,"RYR2",4.78345186669671e-05,NA,NA,NA
"run02_topology_LCN2",6819,"HSD3B2",2.44539251612608e-05,NA,NA,NA
"run02_topology_LCN2",6820,"GLUD1",0.00010300883354164,NA,NA,NA
"run02_topology_LCN2",6821,"SCN1A",4.8526600018195e-05,NA,NA,NA
"run02_topology_LCN2",6822,"FURIN",9.05415850372959e-05,NA,NA,NA
"run02_topology_LCN2",6823,"GOT1",5.88174838508371e-05,NA,NA,NA
"run02_topology_LCN2",6824,"RYR2",4.78345186669671e-05,NA,NA,NA
"run02_topology_LCN2",6825,"CYP17A1",3.31356115126358e-05,NA,NA,NA
"run02_topology_LCN2",6826,"FURIN",9.05415850372959e-05,NA,NA,NA
"run02_topology_LCN2",6827,"ACE2",6.17806475236016e-05,NA,NA,NA
"run02_topology_LCN2",6828,"VIM",5.2598025607753e-05,NA,NA,NA
"run02_topology_LCN2",6829,"DLG1",6.50075176803488e-05,NA,NA,NA
"run02_topology_LCN2",6830,"FABP4",8.52242665472236e-05,NA,NA,NA
"run02_topology_LCN2",6831,"CYP2D6",2.95879994604009e-05,NA,NA,NA
"run02_topology_LCN2",6832,"CTSD",0.000133066364187417,NA,NA,NA
"run02_topology_LCN2",6833,"SLC6A4",7.25412905625555e-05,NA,NA,NA
"run02_topology_LCN2",6834,"EIF2S1",0.000110140192739028,NA,NA,NA
"run02_topology_LCN2",6835,"AGTR1",7.87895413547623e-05,NA,NA,NA
"run02_topology_LCN2",6836,"ALDH1B1",0,NA,NA,NA
"run02_topology_LCN2",6837,"NDUFS3",7.91874029407724e-05,NA,NA,NA
"run02_topology_LCN2",6838,"ALDH3A1",7.8987277396747e-05,NA,NA,NA
"run02_topology_LCN2",6839,"KEAP1",8.90865911317151e-05,NA,NA,NA
"run02_topology_LCN2",6840,"VIM",5.2598025607753e-05,NA,NA,NA
"run02_topology_LCN2",6841,"SCN1A",4.8526600018195e-05,NA,NA,NA
"run02_topology_LCN2",6842,"ACTG1",2.72461711825489e-06,NA,NA,NA
"run02_topology_LCN2",6843,"ITGA5",0.00127400659039045,NA,NA,NA
"run02_topology_LCN2",6844,"ACACA",7.98311027262466e-05,NA,NA,NA
"run02_topology_LCN2",6845,"NOS2",2.38274351227474e-05,NA,NA,NA
"run02_topology_LCN2",6846,"C3",4.60004945984638e-05,NA,NA,NA
"run02_topology_LCN2",6847,"GRIA2",6.42468498274207e-05,NA,NA,NA
"run02_topology_LCN2",6848,"VIM",5.2598025607753e-05,NA,NA,NA
"run02_topology_LCN2",6849,"CPT1A",1.49157660161992e-05,NA,NA,NA
"run02_topology_LCN2",6850,"RYR1",8.59077355945814e-05,NA,NA,NA
"run02_topology_LCN2",6851,"COL1A2",8.49027404237201e-06,NA,NA,NA
"run02_topology_LCN2",6852,"GRIA1",1.90084712514693e-06,NA,NA,NA
"run02_topology_LCN2",6853,"NOS2",2.38274351227474e-05,NA,NA,NA
"run02_topology_LCN2",6854,"CTSD",0.000133066364187417,NA,NA,NA
"run02_topology_LCN2",6855,"SCN1A",4.8526600018195e-05,NA,NA,NA
"run02_topology_LCN2",6856,"GRIA1",1.90084712514693e-06,NA,NA,NA
"run02_topology_LCN2",6857,"AURKB",0.000100012341094136,NA,NA,NA
"run02_topology_LCN2",6858,"ITGA5",0.00127400659039045,NA,NA,NA
"run02_topology_LCN2",6859,"AURKB",0.000100012341094136,NA,NA,NA
"run02_topology_LCN2",6860,"ITGA5",0.00127400659039045,NA,NA,NA
"run02_topology_LCN2",6861,"CYP17A1",3.31356115126358e-05,NA,NA,NA
"run02_topology_LCN2",6862,"ADH5",7.50101523409041e-05,NA,NA,NA
"run02_topology_LCN2",6863,"DLG1",6.50075176803488e-05,NA,NA,NA
"run02_topology_LCN2",6864,"ACTG1",2.72461711825489e-06,NA,NA,NA
"run02_topology_LCN2",6865,"NOS2",2.38274351227474e-05,NA,NA,NA
"run02_topology_LCN2",6866,"ACSL1",4.92269468655993e-05,NA,NA,NA
"run02_topology_LCN2",6867,"EIF2S1",0.000110140192739028,NA,NA,NA
"run02_topology_LCN2",6868,"RASA1",5.55702489675181e-05,NA,NA,NA
"run02_topology_LCN2",6869,"CTSD",0.000133066364187417,NA,NA,NA
"run02_topology_LCN2",6870,"FABP4",8.52242665472236e-05,NA,NA,NA
"run02_topology_LCN2",6871,"GRIA1",1.90084712514693e-06,NA,NA,NA
"run02_topology_LCN2",6872,"CYP2D6",2.95879994604009e-05,NA,NA,NA
"run02_topology_LCN2",6873,"ALDH3A1",7.8987277396747e-05,NA,NA,NA
"run02_topology_LCN2",6874,"CYP17A1",3.31356115126358e-05,NA,NA,NA
"run02_topology_LCN2",6875,"NDUFS3",7.91874029407724e-05,NA,NA,NA
"run02_topology_LCN2",6876,"ACACA",7.98311027262466e-05,NA,NA,NA
"run02_topology_LCN2",6877,"FABP4",8.52242665472236e-05,NA,NA,NA
"run02_topology_LCN2",6878,"PARK7",5.03123803161643e-05,NA,NA,NA
"run02_topology_LCN2",6879,"C3",4.60004945984638e-05,NA,NA,NA
"run02_topology_LCN2",6880,"GLUD1",0.00010300883354164,NA,NA,NA
"run02_topology_LCN2",6881,"EIF2AK2",0.000116554297583948,NA,NA,NA
"run02_topology_LCN2",6882,"ALDH3A1",7.8987277396747e-05,NA,NA,NA
"run02_topology_LCN2",6883,"CALR",4.38793673526172e-05,NA,NA,NA
"run02_topology_LCN2",6884,"PRKCZ",0.00127837750571802,NA,NA,NA
"run02_topology_LCN2",6885,"SCN1A",4.8526600018195e-05,NA,NA,NA
"run02_topology_LCN2",6886,"CACNA1B",0,NA,NA,NA
"run02_topology_LCN2",6887,"RASA1",5.55702489675181e-05,NA,NA,NA
"run02_topology_LCN2",6888,"C3",4.60004945984638e-05,NA,NA,NA
"run02_topology_LCN2",6889,"AKR1D1",0.0010662752740489,NA,NA,NA
"run02_topology_LCN2",6890,"RASA1",5.55702489675181e-05,NA,NA,NA
"run02_topology_LCN2",6891,"CPT1A",1.49157660161992e-05,NA,NA,NA
"run02_topology_LCN2",6892,"NPPA",7.28658572474172e-05,NA,NA,NA
"run02_topology_LCN2",6893,"ACACA",7.98311027262466e-05,NA,NA,NA
"run02_topology_LCN2",6894,"CALR",4.38793673526172e-05,NA,NA,NA
"run02_topology_LCN2",6895,"EIF2S1",0.000110140192739028,NA,NA,NA
"run02_topology_LCN2",6896,"COL1A2",8.49027404237201e-06,NA,NA,NA
"run02_topology_LCN2",6897,"ACACA",7.98311027262466e-05,NA,NA,NA
"run02_topology_LCN2",6898,"NFATC1",5.51292228962996e-05,NA,NA,NA
"run02_topology_LCN2",6899,"COL1A2",8.49027404237201e-06,NA,NA,NA
"run02_topology_LCN2",6900,"NOS2",2.38274351227474e-05,NA,NA,NA
"run02_topology_LCN2",6901,"ALDH3A1",7.8987277396747e-05,NA,NA,NA
"run02_topology_LCN2",6902,"GOT1",5.88174838508371e-05,NA,NA,NA
"run02_topology_LCN2",6903,"NFATC1",5.51292228962996e-05,NA,NA,NA
"run02_topology_LCN2",6904,"CTSD",0.000133066364187417,NA,NA,NA
"run02_topology_LCN2",6905,"BTK",0.000119272845312435,NA,NA,NA
"run02_topology_LCN2",6906,"COL1A2",8.49027404237201e-06,NA,NA,NA
"run02_topology_LCN2",6907,"CYP2D6",2.95879994604009e-05,NA,NA,NA
"run02_topology_LCN2",6908,"AKR1C1",5.66614851992275e-05,NA,NA,NA
"run02_topology_LCN2",6909,"EIF2AK2",0.000116554297583948,NA,NA,NA
"run02_topology_LCN2",6910,"RYR2",4.78345186669671e-05,NA,NA,NA
"run02_topology_LCN2",6911,"AURKB",0.000100012341094136,NA,NA,NA
"run02_topology_LCN2",6912,"RYR2",4.78345186669671e-05,NA,NA,NA
"run02_topology_LCN2",6913,"CPT1A",1.49157660161992e-05,NA,NA,NA
"run02_topology_LCN2",6914,"RYR2",4.78345186669671e-05,NA,NA,NA
"run02_topology_LCN2",6915,"PARK7",5.03123803161643e-05,NA,NA,NA
"run02_topology_LCN2",6916,"EIF2S1",0.000110140192739028,NA,NA,NA
"run02_topology_LCN2",6917,"CTSD",0.000133066364187417,NA,NA,NA
"run02_topology_LCN2",6918,"CALM2",0,NA,NA,NA
"run02_topology_LCN2",6919,"SCN1A",4.8526600018195e-05,NA,NA,NA
"run02_topology_LCN2",6920,"ACE2",6.17806475236016e-05,NA,NA,NA
"run02_topology_LCN2",6921,"NOS2",2.38274351227474e-05,NA,NA,NA
"run02_topology_LCN2",6922,"AURKB",0.000100012341094136,NA,NA,NA
"run02_topology_LCN2",6923,"GOT1",5.88174838508371e-05,NA,NA,NA
"run02_topology_LCN2",6924,"AGTR1",7.87895413547623e-05,NA,NA,NA
"run02_topology_LCN2",6925,"AURKB",0.000100012341094136,NA,NA,NA
"run02_topology_LCN2",6926,"ALDH3A1",7.8987277396747e-05,NA,NA,NA
"run02_topology_LCN2",6927,"ALDH3A1",7.8987277396747e-05,NA,NA,NA
"run02_topology_LCN2",6928,"RASA1",5.55702489675181e-05,NA,NA,NA
"run02_topology_LCN2",6929,"CPT1A",1.49157660161992e-05,NA,NA,NA
"run02_topology_LCN2",6930,"FURIN",9.05415850372959e-05,NA,NA,NA
"run02_topology_LCN2",6931,"FURIN",9.05415850372959e-05,NA,NA,NA
"run02_topology_LCN2",6932,"CTSD",0.000133066364187417,NA,NA,NA
"run02_topology_LCN2",6933,"GOT1",5.88174838508371e-05,NA,NA,NA
"run02_topology_LCN2",6934,"GOT1",5.88174838508371e-05,NA,NA,NA
"run02_topology_LCN2",6935,"SCN1A",4.8526600018195e-05,NA,NA,NA
"run02_topology_LCN2",6936,"NOS2",2.38274351227474e-05,NA,NA,NA
"run02_topology_LCN2",6937,"SCN1A",4.8526600018195e-05,NA,NA,NA
"run02_topology_LCN2",6938,"FABP4",8.52242665472236e-05,NA,NA,NA
"run02_topology_LCN2",6939,"AGTR1",7.87895413547623e-05,NA,NA,NA
"run02_topology_LCN2",6940,"BTK",0.000119272845312435,NA,NA,NA
"run02_topology_LCN2",6941,"NPPA",7.28658572474172e-05,NA,NA,NA
"run02_topology_LCN2",6942,"COL1A2",8.49027404237201e-06,NA,NA,NA
"run02_topology_LCN2",6943,"CYP17A1",3.31356115126358e-05,NA,NA,NA
"run02_topology_LCN2",6944,"HSD3B2",2.44539251612608e-05,NA,NA,NA
"run02_topology_LCN2",6945,"ACSL1",4.92269468655993e-05,NA,NA,NA
"run02_topology_LCN2",6946,"GLUD1",0.00010300883354164,NA,NA,NA
"run02_topology_LCN2",6947,"ACACA",7.98311027262466e-05,NA,NA,NA
"run02_topology_LCN2",6948,"AKR1C1",5.66614851992275e-05,NA,NA,NA
"run02_topology_LCN2",6949,"EIF2AK2",0.000116554297583948,NA,NA,NA
"run02_topology_LCN2",6950,"PPARD",4.39109792027548e-05,NA,NA,NA
"run02_topology_LCN2",6951,"GRIA1",1.90084712514693e-06,NA,NA,NA
"run02_topology_LCN2",6952,"BTK",0.000119272845312435,NA,NA,NA
"run02_topology_LCN2",6953,"NFATC1",5.51292228962996e-05,NA,NA,NA
"run02_topology_LCN2",6954,"EIF2AK2",0.000116554297583948,NA,NA,NA
"run02_topology_LCN2",6955,"PRKCZ",0.00127837750571802,NA,NA,NA
"run02_topology_LCN2",6956,"RASA1",5.55702489675181e-05,NA,NA,NA
"run02_topology_LCN2",6957,"PARK7",5.03123803161643e-05,NA,NA,NA
"run02_topology_LCN2",6958,"CALR",4.38793673526172e-05,NA,NA,NA
"run02_topology_LCN2",6959,"PPARD",4.39109792027548e-05,NA,NA,NA
"run02_topology_LCN2",6960,"GRIA2",6.42468498274207e-05,NA,NA,NA
"run02_topology_LCN2",6961,"CALR",4.38793673526172e-05,NA,NA,NA
"run02_topology_LCN2",6962,"RYR1",8.59077355945814e-05,NA,NA,NA
"run02_topology_LCN2",6963,"GLUD1",0.00010300883354164,NA,NA,NA
"run02_topology_LCN2",6964,"AGTR1",7.87895413547623e-05,NA,NA,NA
"run02_topology_LCN2",6965,"ADH5",7.50101523409041e-05,NA,NA,NA
"run02_topology_LCN2",6966,"ACTG1",2.72461711825489e-06,NA,NA,NA
"run02_topology_LCN2",6967,"CTSD",0.000133066364187417,NA,NA,NA
"run02_topology_LCN2",6968,"AURKB",0.000100012341094136,NA,NA,NA
"run02_topology_LCN2",6969,"CPT1A",1.49157660161992e-05,NA,NA,NA
"run02_topology_LCN2",6970,"FABP4",8.52242665472236e-05,NA,NA,NA
"run02_topology_LCN2",6971,"AKR1C1",5.66614851992275e-05,NA,NA,NA
"run02_topology_LCN2",6972,"CYP17A1",3.31356115126358e-05,NA,NA,NA
"run02_topology_LCN2",6973,"DLG1",6.50075176803488e-05,NA,NA,NA
"run02_topology_LCN2",6974,"ITGA5",0.00127400659039045,NA,NA,NA
"run02_topology_LCN2",6975,"C3",4.60004945984638e-05,NA,NA,NA
"run02_topology_LCN2",6976,"NDUFS3",7.91874029407724e-05,NA,NA,NA
"run02_topology_LCN2",6977,"RYR1",8.59077355945814e-05,NA,NA,NA
"run02_topology_LCN2",6978,"NFATC1",5.51292228962996e-05,NA,NA,NA
"run02_topology_LCN2",6979,"DLG1",6.50075176803488e-05,NA,NA,NA
"run02_topology_LCN2",6980,"AKR1D1",0.0010662752740489,NA,NA,NA
"run02_topology_LCN2",6981,"PPIF",5.98208087934093e-05,NA,NA,NA
"run02_topology_LCN2",6982,"BAX",8.97923976903581e-05,NA,NA,NA
"run02_topology_LCN2",6983,"NDUFS3",7.91874029407724e-05,NA,NA,NA
"run02_topology_LCN2",6984,"CALM2",0,NA,NA,NA
"run02_topology_LCN2",6985,"KEAP1",8.90865911317151e-05,NA,NA,NA
"run02_topology_LCN2",6986,"ACSL1",4.92269468655993e-05,NA,NA,NA
"run02_topology_LCN2",6987,"FABP4",8.52242665472236e-05,NA,NA,NA
"run02_topology_LCN2",6988,"GLUD1",0.00010300883354164,NA,NA,NA
"run02_topology_LCN2",6989,"PARK7",5.03123803161643e-05,NA,NA,NA
"run02_topology_LCN2",6990,"ACACA",7.98311027262466e-05,NA,NA,NA
"run02_topology_LCN2",6991,"HSD3B2",2.44539251612608e-05,NA,NA,NA
"run02_topology_LCN2",6992,"RASA1",5.55702489675181e-05,NA,NA,NA
"run02_topology_LCN2",6993,"ACSL1",4.92269468655993e-05,NA,NA,NA
"run02_topology_LCN2",6994,"NDUFS3",7.91874029407724e-05,NA,NA,NA
"run02_topology_LCN2",6995,"PPARD",4.39109792027548e-05,NA,NA,NA
"run02_topology_LCN2",6996,"CALR",4.38793673526172e-05,NA,NA,NA
"run02_topology_LCN2",6997,"BTK",0.000119272845312435,NA,NA,NA
"run02_topology_LCN2",6998,"NPPA",7.28658572474172e-05,NA,NA,NA
"run02_topology_LCN2",6999,"GRIA2",6.42468498274207e-05,NA,NA,NA
"run02_topology_LCN2",7000,"FURIN",9.05415850372959e-05,NA,NA,NA
"run02_topology_LCN2",7001,"AKR1C1",5.66614851992275e-05,NA,NA,NA
"run02_topology_LCN2",7002,"HSD3B2",2.44539251612608e-05,NA,NA,NA
"run02_topology_LCN2",7003,"AGTR1",7.87895413547623e-05,NA,NA,NA
"run02_topology_LCN2",7004,"ACE2",6.17806475236016e-05,NA,NA,NA
"run02_topology_LCN2",7005,"AURKB",0.000100012341094136,NA,NA,NA
"run02_topology_LCN2",7006,"FABP4",8.52242665472236e-05,NA,NA,NA
"run02_topology_LCN2",7007,"GRIA2",6.42468498274207e-05,NA,NA,NA
"run02_topology_LCN2",7008,"BAX",8.97923976903581e-05,NA,NA,NA
"run02_topology_LCN2",7009,"ACACA",7.98311027262466e-05,NA,NA,NA
"run02_topology_LCN2",7010,"FURIN",9.05415850372959e-05,NA,NA,NA
"run02_topology_LCN2",7011,"ALDH3A1",7.8987277396747e-05,NA,NA,NA
"run02_topology_LCN2",7012,"ACSL1",4.92269468655993e-05,NA,NA,NA
"run02_topology_LCN2",7013,"SCN1A",4.8526600018195e-05,NA,NA,NA
"run02_topology_LCN2",7014,"SLC6A4",7.25412905625555e-05,NA,NA,NA
"run02_topology_LCN2",7015,"CYP2C19",1.83094707274511e-05,NA,NA,NA
"run02_topology_LCN2",7016,"BAX",8.97923976903581e-05,NA,NA,NA
"run02_topology_LCN2",7017,"CYP17A1",3.31356115126358e-05,NA,NA,NA
"run02_topology_LCN2",7018,"AURKA",5.49029298524406e-05,NA,NA,NA
"run02_topology_LCN2",7019,"PPIF",5.98208087934093e-05,NA,NA,NA
"run02_topology_LCN2",7020,"EIF2S1",0.000110140192739028,NA,NA,NA
"run02_topology_LCN2",7021,"AGTR1",7.87895413547623e-05,NA,NA,NA
"run02_topology_LCN2",7022,"EIF2AK2",0.000116554297583948,NA,NA,NA
"run02_topology_LCN2",7023,"AKR1C1",5.66614851992275e-05,NA,NA,NA
"run02_topology_LCN2",7024,"NDUFS3",7.91874029407724e-05,NA,NA,NA
"run02_topology_LCN2",7025,"ALDH1B1",0,NA,NA,NA
"run02_topology_LCN2",7026,"CYP17A1",3.31356115126358e-05,NA,NA,NA
"run02_topology_LCN2",7027,"EIF2AK2",0.000116554297583948,NA,NA,NA
"run02_topology_LCN2",7028,"COL1A2",8.49027404237201e-06,NA,NA,NA
"run02_topology_LCN2",7029,"RYR2",4.78345186669671e-05,NA,NA,NA
"run02_topology_LCN2",7030,"RYR1",8.59077355945814e-05,NA,NA,NA
"run02_topology_LCN2",7031,"AKR1C1",5.66614851992275e-05,NA,NA,NA
"run02_topology_LCN2",7032,"CALM2",0,NA,NA,NA
"run02_topology_LCN2",7033,"FURIN",9.05415850372959e-05,NA,NA,NA
"run02_topology_LCN2",7034,"ACE2",6.17806475236016e-05,NA,NA,NA
"run02_topology_LCN2",7035,"NDUFS3",7.91874029407724e-05,NA,NA,NA
"run02_topology_LCN2",7036,"CALM2",0,NA,NA,NA
"run02_topology_LCN2",7037,"COL1A2",8.49027404237201e-06,NA,NA,NA
"run02_topology_LCN2",7038,"GRIA2",6.42468498274207e-05,NA,NA,NA
"run02_topology_LCN2",7039,"ACTG1",2.72461711825489e-06,NA,NA,NA
"run02_topology_LCN2",7040,"DLG1",6.50075176803488e-05,NA,NA,NA
"run02_topology_LCN2",7041,"GRIA1",1.90084712514693e-06,NA,NA,NA
"run02_topology_LCN2",7042,"HSD3B2",2.44539251612608e-05,NA,NA,NA
"run02_topology_LCN2",7043,"AKR1C1",5.66614851992275e-05,NA,NA,NA
"run02_topology_LCN2",7044,"ADH5",7.50101523409041e-05,NA,NA,NA
"run02_topology_LCN2",7045,"CPT1A",1.49157660161992e-05,NA,NA,NA
"run02_topology_LCN2",7046,"CACNA1B",0,NA,NA,NA
"run02_topology_LCN2",7047,"AKR1C1",5.66614851992275e-05,NA,NA,NA
"run02_topology_LCN2",7048,"AURKB",0.000100012341094136,NA,NA,NA
"run02_topology_LCN2",7049,"AKR1C1",5.66614851992275e-05,NA,NA,NA
"run02_topology_LCN2",7050,"GRIA1",1.90084712514693e-06,NA,NA,NA
"run02_topology_LCN2",7051,"NDUFS3",7.91874029407724e-05,NA,NA,NA
"run02_topology_LCN2",7052,"ACTG1",2.72461711825489e-06,NA,NA,NA
"run02_topology_LCN2",7053,"EIF2AK2",0.000116554297583948,NA,NA,NA
"run02_topology_LCN2",7054,"BAX",8.97923976903581e-05,NA,NA,NA
"run02_topology_LCN2",7055,"AURKB",0.000100012341094136,NA,NA,NA
"run02_topology_LCN2",7056,"C3",4.60004945984638e-05,NA,NA,NA
"run02_topology_LCN2",7057,"NOS2",2.38274351227474e-05,NA,NA,NA
"run02_topology_LCN2",7058,"VIM",5.2598025607753e-05,NA,NA,NA
"run02_topology_LCN2",7059,"AKR1D1",0.0010662752740489,NA,NA,NA
"run02_topology_LCN2",7060,"EIF2S1",0.000110140192739028,NA,NA,NA
"run02_topology_LCN2",7061,"CYP2D6",2.95879994604009e-05,NA,NA,NA
"run02_topology_LCN2",7062,"CYP2D6",2.95879994604009e-05,NA,NA,NA
"run02_topology_LCN2",7063,"VIM",5.2598025607753e-05,NA,NA,NA
"run02_topology_LCN2",7064,"RASA1",5.55702489675181e-05,NA,NA,NA
"run02_topology_LCN2",7065,"GLUD1",0.00010300883354164,NA,NA,NA
"run02_topology_LCN2",7066,"COL1A2",8.49027404237201e-06,NA,NA,NA
"run02_topology_LCN2",7067,"PPARD",4.39109792027548e-05,NA,NA,NA
"run02_topology_LCN2",7068,"EIF2AK2",0.000116554297583948,NA,NA,NA
"run02_topology_LCN2",7069,"BTK",0.000119272845312435,NA,NA,NA
"run02_topology_LCN2",7070,"ACTG1",2.72461711825489e-06,NA,NA,NA
"run02_topology_LCN2",7071,"AGTR1",7.87895413547623e-05,NA,NA,NA
"run02_topology_LCN2",7072,"AURKB",0.000100012341094136,NA,NA,NA
"run02_topology_LCN2",7073,"ACSL1",4.92269468655993e-05,NA,NA,NA
"run02_topology_LCN2",7074,"GRIA1",1.90084712514693e-06,NA,NA,NA
"run02_topology_LCN2",7075,"CTSD",0.000133066364187417,NA,NA,NA
"run02_topology_LCN2",7076,"ACE2",6.17806475236016e-05,NA,NA,NA
"run02_topology_LCN2",7077,"ACE2",6.17806475236016e-05,NA,NA,NA
"run02_topology_LCN2",7078,"CYP17A1",3.31356115126358e-05,NA,NA,NA
"run02_topology_LCN2",7079,"ACACA",7.98311027262466e-05,NA,NA,NA
"run02_topology_LCN2",7080,"EIF2AK2",0.000116554297583948,NA,NA,NA
"run02_topology_LCN2",7081,"CYP17A1",3.31356115126358e-05,NA,NA,NA
"run02_topology_LCN2",7082,"CYP17A1",3.31356115126358e-05,NA,NA,NA
"run02_topology_LCN2",7083,"GOT1",5.88174838508371e-05,NA,NA,NA
"run02_topology_LCN2",7084,"GRIA1",1.90084712514693e-06,NA,NA,NA
"run02_topology_LCN2",7085,"PRKCZ",0.00127837750571802,NA,NA,NA
"run02_topology_LCN2",7086,"DLG1",6.50075176803488e-05,NA,NA,NA
"run02_topology_LCN2",7087,"CYP2C19",1.83094707274511e-05,NA,NA,NA
"run02_topology_LCN2",7088,"FURIN",9.05415850372959e-05,NA,NA,NA
"run02_topology_LCN2",7089,"GOT1",5.88174838508371e-05,NA,NA,NA
"run02_topology_LCN2",7090,"AGTR1",7.87895413547623e-05,NA,NA,NA
"run02_topology_LCN2",7091,"CYP2C19",1.83094707274511e-05,NA,NA,NA
"run02_topology_LCN2",7092,"BAX",8.97923976903581e-05,NA,NA,NA
"run02_topology_LCN2",7093,"NOS2",2.38274351227474e-05,NA,NA,NA
"run02_topology_LCN2",7094,"FURIN",9.05415850372959e-05,NA,NA,NA
"run02_topology_LCN2",7095,"SLC6A4",7.25412905625555e-05,NA,NA,NA
"run02_topology_LCN2",7096,"CYP17A1",3.31356115126358e-05,NA,NA,NA
"run02_topology_LCN2",7097,"HSD3B2",2.44539251612608e-05,NA,NA,NA
"run02_topology_LCN2",7098,"NPPA",7.28658572474172e-05,NA,NA,NA
"run02_topology_LCN2",7099,"AURKA",5.49029298524406e-05,NA,NA,NA
"run02_topology_LCN2",7100,"HSD3B2",2.44539251612608e-05,NA,NA,NA
"run02_topology_LCN2",7101,"SLC6A4",7.25412905625555e-05,NA,NA,NA
"run02_topology_LCN2",7102,"NFATC1",5.51292228962996e-05,NA,NA,NA
"run02_topology_LCN2",7103,"PRKCZ",0.00127837750571802,NA,NA,NA
"run02_topology_LCN2",7104,"GOT1",5.88174838508371e-05,NA,NA,NA
"run02_topology_LCN2",7105,"PPIF",5.98208087934093e-05,NA,NA,NA
"run02_topology_LCN2",7106,"GLUD1",0.00010300883354164,NA,NA,NA
"run02_topology_LCN2",7107,"GLUD1",0.00010300883354164,NA,NA,NA
"run02_topology_LCN2",7108,"CYP2D6",2.95879994604009e-05,NA,NA,NA
"run02_topology_LCN2",7109,"EIF2S1",0.000110140192739028,NA,NA,NA
"run02_topology_LCN2",7110,"FURIN",9.05415850372959e-05,NA,NA,NA
"run02_topology_LCN2",7111,"AGTR1",7.87895413547623e-05,NA,NA,NA
"run02_topology_LCN2",7112,"RASA1",5.55702489675181e-05,NA,NA,NA
"run02_topology_LCN2",7113,"BTK",0.000119272845312435,NA,NA,NA
"run02_topology_LCN2",7114,"CYP2C19",1.83094707274511e-05,NA,NA,NA
"run02_topology_LCN2",7115,"AURKB",0.000100012341094136,NA,NA,NA
"run02_topology_LCN2",7116,"AURKA",5.49029298524406e-05,NA,NA,NA
"run02_topology_LCN2",7117,"RASA1",5.55702489675181e-05,NA,NA,NA
"run02_topology_LCN2",7118,"EIF2S1",0.000110140192739028,NA,NA,NA
"run02_topology_LCN2",7119,"PPIF",5.98208087934093e-05,NA,NA,NA
"run02_topology_LCN2",7120,"GOT1",5.88174838508371e-05,NA,NA,NA
"run02_topology_LCN2",7121,"PARK7",5.03123803161643e-05,NA,NA,NA
"run02_topology_LCN2",7122,"CYP2C19",1.83094707274511e-05,NA,NA,NA
"run02_topology_LCN2",7123,"RASA1",5.55702489675181e-05,NA,NA,NA
"run02_topology_LCN2",7124,"ADH5",7.50101523409041e-05,NA,NA,NA
"run02_topology_LCN2",7125,"PRKCZ",0.00127837750571802,NA,NA,NA
"run02_topology_LCN2",7126,"DLG1",6.50075176803488e-05,NA,NA,NA
"run02_topology_LCN2",7127,"C3",4.60004945984638e-05,NA,NA,NA
"run02_topology_LCN2",7128,"ALDH3A1",7.8987277396747e-05,NA,NA,NA
"run02_topology_LCN2",7129,"C3",4.60004945984638e-05,NA,NA,NA
"run02_topology_LCN2",7130,"FABP4",8.52242665472236e-05,NA,NA,NA
"run02_topology_LCN2",7131,"GOT1",5.88174838508371e-05,NA,NA,NA
"run02_topology_LCN2",7132,"PRKCZ",0.00127837750571802,NA,NA,NA
"run02_topology_LCN2",7133,"DLG1",6.50075176803488e-05,NA,NA,NA
"run02_topology_LCN2",7134,"GLUD1",0.00010300883354164,NA,NA,NA
"run02_topology_LCN2",7135,"CYP2D6",2.95879994604009e-05,NA,NA,NA
"run02_topology_LCN2",7136,"CYP17A1",3.31356115126358e-05,NA,NA,NA
"run02_topology_LCN2",7137,"PPIF",5.98208087934093e-05,NA,NA,NA
"run02_topology_LCN2",7138,"CYP2C19",1.83094707274511e-05,NA,NA,NA
"run02_topology_LCN2",7139,"AKR1D1",0.0010662752740489,NA,NA,NA
"run02_topology_LCN2",7140,"AURKB",0.000100012341094136,NA,NA,NA
"run02_topology_LCN2",7141,"BAX",8.97923976903581e-05,NA,NA,NA
"run02_topology_LCN2",7142,"AURKA",5.49029298524406e-05,NA,NA,NA
"run02_topology_LCN2",7143,"SLC6A4",7.25412905625555e-05,NA,NA,NA
"run02_topology_LCN2",7144,"GRIA1",1.90084712514693e-06,NA,NA,NA
"run02_topology_LCN2",7145,"NFATC1",5.51292228962996e-05,NA,NA,NA
"run02_topology_LCN2",7146,"ALDH1B1",0,NA,NA,NA
"run02_topology_LCN2",7147,"CALR",4.38793673526172e-05,NA,NA,NA
"run02_topology_LCN2",7148,"CACNA1B",0,NA,NA,NA
"run02_topology_LCN2",7149,"RASA1",5.55702489675181e-05,NA,NA,NA
"run02_topology_LCN2",7150,"NFATC1",5.51292228962996e-05,NA,NA,NA
"run02_topology_LCN2",7151,"ACE2",6.17806475236016e-05,NA,NA,NA
"run02_topology_LCN2",7152,"NDUFS3",7.91874029407724e-05,NA,NA,NA
"run02_topology_LCN2",7153,"EIF2S1",0.000110140192739028,NA,NA,NA
"run02_topology_LCN2",7154,"PPARD",4.39109792027548e-05,NA,NA,NA
"run02_topology_LCN2",7155,"CALR",4.38793673526172e-05,NA,NA,NA
"run02_topology_LCN2",7156,"NPPA",7.28658572474172e-05,NA,NA,NA
"run02_topology_LCN2",7157,"AURKA",5.49029298524406e-05,NA,NA,NA
"run02_topology_LCN2",7158,"NFATC1",5.51292228962996e-05,NA,NA,NA
"run02_topology_LCN2",7159,"CPT1A",1.49157660161992e-05,NA,NA,NA
"run02_topology_LCN2",7160,"AURKB",0.000100012341094136,NA,NA,NA
"run02_topology_LCN2",7161,"FABP4",8.52242665472236e-05,NA,NA,NA
"run02_topology_LCN2",7162,"PRKCZ",0.00127837750571802,NA,NA,NA
"run02_topology_LCN2",7163,"NOS2",2.38274351227474e-05,NA,NA,NA
"run02_topology_LCN2",7164,"PPARD",4.39109792027548e-05,NA,NA,NA
"run02_topology_LCN2",7165,"GLUD1",0.00010300883354164,NA,NA,NA
"run02_topology_LCN2",7166,"ADH5",7.50101523409041e-05,NA,NA,NA
"run02_topology_LCN2",7167,"KEAP1",8.90865911317151e-05,NA,NA,NA
"run02_topology_LCN2",7168,"VIM",5.2598025607753e-05,NA,NA,NA
"run02_topology_LCN2",7169,"ACSL1",4.92269468655993e-05,NA,NA,NA
"run02_topology_LCN2",7170,"ACE2",6.17806475236016e-05,NA,NA,NA
"run02_topology_LCN2",7171,"NDUFS3",7.91874029407724e-05,NA,NA,NA
"run02_topology_LCN2",7172,"VIM",5.2598025607753e-05,NA,NA,NA
"run02_topology_LCN2",7173,"NPPA",7.28658572474172e-05,NA,NA,NA
"run02_topology_LCN2",7174,"CPT1A",1.49157660161992e-05,NA,NA,NA
"run02_topology_LCN2",7175,"CYP2C19",1.83094707274511e-05,NA,NA,NA
"run02_topology_LCN2",7176,"VIM",5.2598025607753e-05,NA,NA,NA
"run02_topology_LCN2",7177,"FURIN",9.05415850372959e-05,NA,NA,NA
"run02_topology_LCN2",7178,"BAX",8.97923976903581e-05,NA,NA,NA
"run02_topology_LCN2",7179,"PRKCZ",0.00127837750571802,NA,NA,NA
"run02_topology_LCN2",7180,"VIM",5.2598025607753e-05,NA,NA,NA
"run02_topology_LCN2",7181,"EIF2S1",0.000110140192739028,NA,NA,NA
"run02_topology_LCN2",7182,"GRIA2",6.42468498274207e-05,NA,NA,NA
"run02_topology_LCN2",7183,"ITGA5",0.00127400659039045,NA,NA,NA
"run02_topology_LCN2",7184,"CTSD",0.000133066364187417,NA,NA,NA
"run02_topology_LCN2",7185,"ITGA5",0.00127400659039045,NA,NA,NA
"run02_topology_LCN2",7186,"GRIA1",1.90084712514693e-06,NA,NA,NA
"run02_topology_LCN2",7187,"NPPA",7.28658572474172e-05,NA,NA,NA
"run02_topology_LCN2",7188,"FURIN",9.05415850372959e-05,NA,NA,NA
"run02_topology_LCN2",7189,"EIF2AK2",0.000116554297583948,NA,NA,NA
"run02_topology_LCN2",7190,"NOS2",2.38274351227474e-05,NA,NA,NA
"run02_topology_LCN2",7191,"PRKCZ",0.00127837750571802,NA,NA,NA
"run02_topology_LCN2",7192,"CTSD",0.000133066364187417,NA,NA,NA
"run02_topology_LCN2",7193,"COL1A2",8.49027404237201e-06,NA,NA,NA
"run02_topology_LCN2",7194,"NDUFS3",7.91874029407724e-05,NA,NA,NA
"run02_topology_LCN2",7195,"PARK7",5.03123803161643e-05,NA,NA,NA
"run02_topology_LCN2",7196,"ALDH1B1",0,NA,NA,NA
"run02_topology_LCN2",7197,"GLUD1",0.00010300883354164,NA,NA,NA
"run02_topology_LCN2",7198,"PRKCZ",0.00127837750571802,NA,NA,NA
"run02_topology_LCN2",7199,"CPT1A",1.49157660161992e-05,NA,NA,NA
"run02_topology_LCN2",7200,"PPARD",4.39109792027548e-05,NA,NA,NA
"run02_topology_LCN2",7201,"VIM",5.2598025607753e-05,NA,NA,NA
"run02_topology_LCN2",7202,"PPARD",4.39109792027548e-05,NA,NA,NA
"run02_topology_LCN2",7203,"RASA1",5.55702489675181e-05,NA,NA,NA
"run02_topology_LCN2",7204,"DLG1",6.50075176803488e-05,NA,NA,NA
"run02_topology_LCN2",7205,"AURKB",0.000100012341094136,NA,NA,NA
"run02_topology_LCN2",7206,"CYP2D6",2.95879994604009e-05,NA,NA,NA
"run02_topology_LCN2",7207,"SLC6A4",7.25412905625555e-05,NA,NA,NA
"run02_topology_LCN2",7208,"NPPA",7.28658572474172e-05,NA,NA,NA
"run02_topology_LCN2",7209,"GOT1",5.88174838508371e-05,NA,NA,NA
"run02_topology_LCN2",7210,"ALDH3A1",7.8987277396747e-05,NA,NA,NA
"run02_topology_LCN2",7211,"KEAP1",8.90865911317151e-05,NA,NA,NA
"run02_topology_LCN2",7212,"RYR1",8.59077355945814e-05,NA,NA,NA
"run02_topology_LCN2",7213,"HSD3B2",2.44539251612608e-05,NA,NA,NA
"run02_topology_LCN2",7214,"RYR1",8.59077355945814e-05,NA,NA,NA
"run02_topology_LCN2",7215,"ACTG1",2.72461711825489e-06,NA,NA,NA
"run02_topology_LCN2",7216,"ALDH3A1",7.8987277396747e-05,NA,NA,NA
"run02_topology_LCN2",7217,"SCN1A",4.8526600018195e-05,NA,NA,NA
"run02_topology_LCN2",7218,"GRIA1",1.90084712514693e-06,NA,NA,NA
"run02_topology_LCN2",7219,"GLUD1",0.00010300883354164,NA,NA,NA
"run02_topology_LCN2",7220,"PARK7",5.03123803161643e-05,NA,NA,NA
"run02_topology_LCN2",7221,"GLUD1",0.00010300883354164,NA,NA,NA
"run02_topology_LCN2",7222,"CALR",4.38793673526172e-05,NA,NA,NA
"run02_topology_LCN2",7223,"CALM2",0,NA,NA,NA
"run02_topology_LCN2",7224,"VIM",5.2598025607753e-05,NA,NA,NA
"run02_topology_LCN2",7225,"CACNA1B",0,NA,NA,NA
"run02_topology_LCN2",7226,"EIF2S1",0.000110140192739028,NA,NA,NA
"run02_topology_LCN2",7227,"AURKA",5.49029298524406e-05,NA,NA,NA
"run02_topology_LCN2",7228,"NFATC1",5.51292228962996e-05,NA,NA,NA
"run02_topology_LCN2",7229,"AKR1D1",0.0010662752740489,NA,NA,NA
"run02_topology_LCN2",7230,"ITGA5",0.00127400659039045,NA,NA,NA
"run02_topology_LCN2",7231,"CALR",4.38793673526172e-05,NA,NA,NA
"run02_topology_LCN2",7232,"CTSD",0.000133066364187417,NA,NA,NA
"run02_topology_LCN2",7233,"ALDH3A1",7.8987277396747e-05,NA,NA,NA
"run02_topology_LCN2",7234,"PARK7",5.03123803161643e-05,NA,NA,NA
"run02_topology_LCN2",7235,"SCN1A",4.8526600018195e-05,NA,NA,NA
"run02_topology_LCN2",7236,"GRIA1",1.90084712514693e-06,NA,NA,NA
"run02_topology_LCN2",7237,"ACSL1",4.92269468655993e-05,NA,NA,NA
"run02_topology_LCN2",7238,"ITGA5",0.00127400659039045,NA,NA,NA
"run02_topology_LCN2",7239,"BTK",0.000119272845312435,NA,NA,NA
"run02_topology_LCN2",7240,"FURIN",9.05415850372959e-05,NA,NA,NA
"run02_topology_LCN2",7241,"AKR1C1",5.66614851992275e-05,NA,NA,NA
"run02_topology_LCN2",7242,"PPARD",4.39109792027548e-05,NA,NA,NA
"run02_topology_LCN2",7243,"ALDH1B1",0,NA,NA,NA
"run02_topology_LCN2",7244,"AKR1C1",5.66614851992275e-05,NA,NA,NA
"run02_topology_LCN2",7245,"CYP2C19",1.83094707274511e-05,NA,NA,NA
"run02_topology_LCN2",7246,"AKR1C1",5.66614851992275e-05,NA,NA,NA
"run02_topology_LCN2",7247,"CALR",4.38793673526172e-05,NA,NA,NA
"run02_topology_LCN2",7248,"PRKCZ",0.00127837750571802,NA,NA,NA
"run02_topology_LCN2",7249,"ALDH1B1",0,NA,NA,NA
"run02_topology_LCN2",7250,"AURKA",5.49029298524406e-05,NA,NA,NA
"run02_topology_LCN2",7251,"CYP17A1",3.31356115126358e-05,NA,NA,NA
"run02_topology_LCN2",7252,"AURKA",5.49029298524406e-05,NA,NA,NA
"run02_topology_LCN2",7253,"PPARD",4.39109792027548e-05,NA,NA,NA
"run02_topology_LCN2",7254,"PPARD",4.39109792027548e-05,NA,NA,NA
"run02_topology_LCN2",7255,"PPARD",4.39109792027548e-05,NA,NA,NA
"run02_topology_LCN2",7256,"ADH5",7.50101523409041e-05,NA,NA,NA
"run02_topology_LCN2",7257,"PPIF",5.98208087934093e-05,NA,NA,NA
"run02_topology_LCN2",7258,"BTK",0.000119272845312435,NA,NA,NA
"run02_topology_LCN2",7259,"AKR1D1",0.0010662752740489,NA,NA,NA
"run02_topology_LCN2",7260,"CYP2D6",2.95879994604009e-05,NA,NA,NA
"run02_topology_LCN2",7261,"PRKCZ",0.00127837750571802,NA,NA,NA
"run02_topology_LCN2",7262,"CYP2C19",1.83094707274511e-05,NA,NA,NA
"run02_topology_LCN2",7263,"ACE2",6.17806475236016e-05,NA,NA,NA
"run02_topology_LCN2",7264,"ITGA5",0.00127400659039045,NA,NA,NA
"run02_topology_LCN2",7265,"CYP17A1",3.31356115126358e-05,NA,NA,NA
"run02_topology_LCN2",7266,"CYP17A1",3.31356115126358e-05,NA,NA,NA
"run02_topology_LCN2",7267,"EIF2S1",0.000110140192739028,NA,NA,NA
"run02_topology_LCN2",7268,"ACACA",7.98311027262466e-05,NA,NA,NA
"run02_topology_LCN2",7269,"EIF2AK2",0.000116554297583948,NA,NA,NA
"run02_topology_LCN2",7270,"KEAP1",8.90865911317151e-05,NA,NA,NA
"run02_topology_LCN2",7271,"RASA1",5.55702489675181e-05,NA,NA,NA
"run02_topology_LCN2",7272,"ITGA5",0.00127400659039045,NA,NA,NA
"run02_topology_LCN2",7273,"ACSL1",4.92269468655993e-05,NA,NA,NA
"run02_topology_LCN2",7274,"AKR1C1",5.66614851992275e-05,NA,NA,NA
"run02_topology_LCN2",7275,"CACNA1B",0,NA,NA,NA
"run02_topology_LCN2",7276,"ACE2",6.17806475236016e-05,NA,NA,NA
"run02_topology_LCN2",7277,"FABP4",8.52242665472236e-05,NA,NA,NA
"run02_topology_LCN2",7278,"RYR2",4.78345186669671e-05,NA,NA,NA
"run02_topology_LCN2",7279,"AKR1D1",0.0010662752740489,NA,NA,NA
"run02_topology_LCN2",7280,"ACE2",6.17806475236016e-05,NA,NA,NA
"run02_topology_LCN2",7281,"ITGA5",0.00127400659039045,NA,NA,NA
"run02_topology_LCN2",7282,"DLG1",6.50075176803488e-05,NA,NA,NA
"run02_topology_LCN2",7283,"PARK7",5.03123803161643e-05,NA,NA,NA
"run02_topology_LCN2",7284,"FABP4",8.52242665472236e-05,NA,NA,NA
"run02_topology_LCN2",7285,"ITGA5",0.00127400659039045,NA,NA,NA
"run02_topology_LCN2",7286,"RASA1",5.55702489675181e-05,NA,NA,NA
"run02_topology_LCN2",7287,"AKR1D1",0.0010662752740489,NA,NA,NA
"run02_topology_LCN2",7288,"ADH5",7.50101523409041e-05,NA,NA,NA
"run02_topology_LCN2",7289,"FABP4",8.52242665472236e-05,NA,NA,NA
"run02_topology_LCN2",7290,"ALDH3A1",7.8987277396747e-05,NA,NA,NA
"run02_topology_LCN2",7291,"RYR1",8.59077355945814e-05,NA,NA,NA
"run02_topology_LCN2",7292,"BAX",8.97923976903581e-05,NA,NA,NA
"run02_topology_LCN2",7293,"NOS2",2.38274351227474e-05,NA,NA,NA
"run02_topology_LCN2",7294,"RASA1",5.55702489675181e-05,NA,NA,NA
"run02_topology_LCN2",7295,"GRIA2",6.42468498274207e-05,NA,NA,NA
"run02_topology_LCN2",7296,"PARK7",5.03123803161643e-05,NA,NA,NA
"run02_topology_LCN2",7297,"ADH5",7.50101523409041e-05,NA,NA,NA
"run02_topology_LCN2",7298,"ACTG1",2.72461711825489e-06,NA,NA,NA
"run02_topology_LCN2",7299,"CYP17A1",3.31356115126358e-05,NA,NA,NA
"run02_topology_LCN2",7300,"HSD3B2",2.44539251612608e-05,NA,NA,NA
"run02_topology_LCN2",7301,"GOT1",5.88174838508371e-05,NA,NA,NA
"run02_topology_LCN2",7302,"FURIN",9.05415850372959e-05,NA,NA,NA
"run02_topology_LCN2",7303,"PPIF",5.98208087934093e-05,NA,NA,NA
"run02_topology_LCN2",7304,"BTK",0.000119272845312435,NA,NA,NA
"run02_topology_LCN2",7305,"ALDH1B1",0,NA,NA,NA
"run02_topology_LCN2",7306,"DLG1",6.50075176803488e-05,NA,NA,NA
"run02_topology_LCN2",7307,"GRIA2",6.42468498274207e-05,NA,NA,NA
"run02_topology_LCN2",7308,"PRKCZ",0.00127837750571802,NA,NA,NA
"run02_topology_LCN2",7309,"ACSL1",4.92269468655993e-05,NA,NA,NA
"run02_topology_LCN2",7310,"HSD3B2",2.44539251612608e-05,NA,NA,NA
"run02_topology_LCN2",7311,"ACACA",7.98311027262466e-05,NA,NA,NA
"run02_topology_LCN2",7312,"NDUFS3",7.91874029407724e-05,NA,NA,NA
"run02_topology_LCN2",7313,"PRKCZ",0.00127837750571802,NA,NA,NA
"run02_topology_LCN2",7314,"RYR2",4.78345186669671e-05,NA,NA,NA
"run02_topology_LCN2",7315,"SLC6A4",7.25412905625555e-05,NA,NA,NA
"run02_topology_LCN2",7316,"SCN1A",4.8526600018195e-05,NA,NA,NA
"run02_topology_LCN2",7317,"BTK",0.000119272845312435,NA,NA,NA
"run02_topology_LCN2",7318,"HSD3B2",2.44539251612608e-05,NA,NA,NA
"run02_topology_LCN2",7319,"VIM",5.2598025607753e-05,NA,NA,NA
"run02_topology_LCN2",7320,"PPARD",4.39109792027548e-05,NA,NA,NA
"run02_topology_LCN2",7321,"NOS2",2.38274351227474e-05,NA,NA,NA
"run02_topology_LCN2",7322,"ACTG1",2.72461711825489e-06,NA,NA,NA
"run02_topology_LCN2",7323,"ADH5",7.50101523409041e-05,NA,NA,NA
"run02_topology_LCN2",7324,"CYP2D6",2.95879994604009e-05,NA,NA,NA
"run02_topology_LCN2",7325,"CALR",4.38793673526172e-05,NA,NA,NA
"run02_topology_LCN2",7326,"AURKA",5.49029298524406e-05,NA,NA,NA
"run02_topology_LCN2",7327,"ACTG1",2.72461711825489e-06,NA,NA,NA
"run02_topology_LCN2",7328,"ACACA",7.98311027262466e-05,NA,NA,NA
"run02_topology_LCN2",7329,"ALDH1B1",0,NA,NA,NA
"run02_topology_LCN2",7330,"HSD3B2",2.44539251612608e-05,NA,NA,NA
"run02_topology_LCN2",7331,"COL1A2",8.49027404237201e-06,NA,NA,NA
"run02_topology_LCN2",7332,"HSD3B2",2.44539251612608e-05,NA,NA,NA
"run02_topology_LCN2",7333,"EIF2S1",0.000110140192739028,NA,NA,NA
"run02_topology_LCN2",7334,"NPPA",7.28658572474172e-05,NA,NA,NA
"run02_topology_LCN2",7335,"CYP17A1",3.31356115126358e-05,NA,NA,NA
"run02_topology_LCN2",7336,"NDUFS3",7.91874029407724e-05,NA,NA,NA
"run02_topology_LCN2",7337,"COL1A2",8.49027404237201e-06,NA,NA,NA
"run02_topology_LCN2",7338,"NPPA",7.28658572474172e-05,NA,NA,NA
"run02_topology_LCN2",7339,"RASA1",5.55702489675181e-05,NA,NA,NA
"run02_topology_LCN2",7340,"RASA1",5.55702489675181e-05,NA,NA,NA
"run02_topology_LCN2",7341,"BAX",8.97923976903581e-05,NA,NA,NA
"run02_topology_LCN2",7342,"RASA1",5.55702489675181e-05,NA,NA,NA
"run02_topology_LCN2",7343,"RYR1",8.59077355945814e-05,NA,NA,NA
"run02_topology_LCN2",7344,"CALR",4.38793673526172e-05,NA,NA,NA
"run02_topology_LCN2",7345,"ACE2",6.17806475236016e-05,NA,NA,NA
"run02_topology_LCN2",7346,"PARK7",5.03123803161643e-05,NA,NA,NA
"run02_topology_LCN2",7347,"GLUD1",0.00010300883354164,NA,NA,NA
"run02_topology_LCN2",7348,"NOS2",2.38274351227474e-05,NA,NA,NA
"run02_topology_LCN2",7349,"NOS2",2.38274351227474e-05,NA,NA,NA
"run02_topology_LCN2",7350,"NOS2",2.38274351227474e-05,NA,NA,NA
"run02_topology_LCN2",7351,"NPPA",7.28658572474172e-05,NA,NA,NA
"run02_topology_LCN2",7352,"GOT1",5.88174838508371e-05,NA,NA,NA
"run02_topology_LCN2",7353,"AKR1C1",5.66614851992275e-05,NA,NA,NA
"run02_topology_LCN2",7354,"SCN1A",4.8526600018195e-05,NA,NA,NA
"run02_topology_LCN2",7355,"CYP2C19",1.83094707274511e-05,NA,NA,NA
"run02_topology_LCN2",7356,"COL1A2",8.49027404237201e-06,NA,NA,NA
"run02_topology_LCN2",7357,"NOS2",2.38274351227474e-05,NA,NA,NA
"run02_topology_LCN2",7358,"CACNA1B",0,NA,NA,NA
"run02_topology_LCN2",7359,"NDUFS3",7.91874029407724e-05,NA,NA,NA
"run02_topology_LCN2",7360,"AGTR1",7.87895413547623e-05,NA,NA,NA
"run02_topology_LCN2",7361,"NDUFS3",7.91874029407724e-05,NA,NA,NA
"run02_topology_LCN2",7362,"NDUFS3",7.91874029407724e-05,NA,NA,NA
"run02_topology_LCN2",7363,"CYP2D6",2.95879994604009e-05,NA,NA,NA
"run02_topology_LCN2",7364,"AURKB",0.000100012341094136,NA,NA,NA
"run02_topology_LCN2",7365,"RYR2",4.78345186669671e-05,NA,NA,NA
"run02_topology_LCN2",7366,"AGTR1",7.87895413547623e-05,NA,NA,NA
"run02_topology_LCN2",7367,"NOS2",2.38274351227474e-05,NA,NA,NA
"run02_topology_LCN2",7368,"SCN1A",4.8526600018195e-05,NA,NA,NA
"run02_topology_LCN2",7369,"NOS2",2.38274351227474e-05,NA,NA,NA
"run02_topology_LCN2",7370,"CTSD",0.000133066364187417,NA,NA,NA
"run02_topology_LCN2",7371,"RASA1",5.55702489675181e-05,NA,NA,NA
"run02_topology_LCN2",7372,"NPPA",7.28658572474172e-05,NA,NA,NA
"run02_topology_LCN2",7373,"ACTG1",2.72461711825489e-06,NA,NA,NA
"run02_topology_LCN2",7374,"ACTG1",2.72461711825489e-06,NA,NA,NA
"run02_topology_LCN2",7375,"NPPA",7.28658572474172e-05,NA,NA,NA
"run02_topology_LCN2",7376,"RASA1",5.55702489675181e-05,NA,NA,NA
"run02_topology_LCN2",7377,"ACACA",7.98311027262466e-05,NA,NA,NA
"run02_topology_LCN2",7378,"ADH5",7.50101523409041e-05,NA,NA,NA
"run02_topology_LCN2",7379,"CYP2D6",2.95879994604009e-05,NA,NA,NA
"run02_topology_LCN2",7380,"PARK7",5.03123803161643e-05,NA,NA,NA
"run02_topology_LCN2",7381,"SCN1A",4.8526600018195e-05,NA,NA,NA
"run02_topology_LCN2",7382,"EIF2S1",0.000110140192739028,NA,NA,NA
"run02_topology_LCN2",7383,"PARK7",5.03123803161643e-05,NA,NA,NA
"run02_topology_LCN2",7384,"CYP2C19",1.83094707274511e-05,NA,NA,NA
"run02_topology_LCN2",7385,"GOT1",5.88174838508371e-05,NA,NA,NA
"run02_topology_LCN2",7386,"AGTR1",7.87895413547623e-05,NA,NA,NA
"run02_topology_LCN2",7387,"BTK",0.000119272845312435,NA,NA,NA
"run02_topology_LCN2",7388,"AURKA",5.49029298524406e-05,NA,NA,NA
"run02_topology_LCN2",7389,"DLG1",6.50075176803488e-05,NA,NA,NA
"run02_topology_LCN2",7390,"ALDH3A1",7.8987277396747e-05,NA,NA,NA
"run02_topology_LCN2",7391,"RYR1",8.59077355945814e-05,NA,NA,NA
"run02_topology_LCN2",7392,"VIM",5.2598025607753e-05,NA,NA,NA
"run02_topology_LCN2",7393,"GOT1",5.88174838508371e-05,NA,NA,NA
"run02_topology_LCN2",7394,"GLUD1",0.00010300883354164,NA,NA,NA
"run02_topology_LCN2",7395,"CACNA1B",0,NA,NA,NA
"run02_topology_LCN2",7396,"AKR1D1",0.0010662752740489,NA,NA,NA
"run02_topology_LCN2",7397,"NOS2",2.38274351227474e-05,NA,NA,NA
"run02_topology_LCN2",7398,"AURKB",0.000100012341094136,NA,NA,NA
"run02_topology_LCN2",7399,"CYP2D6",2.95879994604009e-05,NA,NA,NA
"run02_topology_LCN2",7400,"NFATC1",5.51292228962996e-05,NA,NA,NA
"run02_topology_LCN2",7401,"ACACA",7.98311027262466e-05,NA,NA,NA
"run02_topology_LCN2",7402,"AURKA",5.49029298524406e-05,NA,NA,NA
"run02_topology_LCN2",7403,"BAX",8.97923976903581e-05,NA,NA,NA
"run02_topology_LCN2",7404,"BAX",8.97923976903581e-05,NA,NA,NA
"run02_topology_LCN2",7405,"CPT1A",1.49157660161992e-05,NA,NA,NA
"run02_topology_LCN2",7406,"NOS2",2.38274351227474e-05,NA,NA,NA
"run02_topology_LCN2",7407,"BTK",0.000119272845312435,NA,NA,NA
"run02_topology_LCN2",7408,"FABP4",8.52242665472236e-05,NA,NA,NA
"run02_topology_LCN2",7409,"AGTR1",7.87895413547623e-05,NA,NA,NA
"run02_topology_LCN2",7410,"PPARD",4.39109792027548e-05,NA,NA,NA
"run02_topology_LCN2",7411,"ALDH3A1",7.8987277396747e-05,NA,NA,NA
"run02_topology_LCN2",7412,"BTK",0.000119272845312435,NA,NA,NA
"run02_topology_LCN2",7413,"GOT1",5.88174838508371e-05,NA,NA,NA
"run02_topology_LCN2",7414,"CYP2D6",2.95879994604009e-05,NA,NA,NA
"run02_topology_LCN2",7415,"ACACA",7.98311027262466e-05,NA,NA,NA
"run02_topology_LCN2",7416,"FABP4",8.52242665472236e-05,NA,NA,NA
"run02_topology_LCN2",7417,"ACSL1",4.92269468655993e-05,NA,NA,NA
"run02_topology_LCN2",7418,"C3",4.60004945984638e-05,NA,NA,NA
"run02_topology_LCN2",7419,"RYR2",4.78345186669671e-05,NA,NA,NA
"run02_topology_LCN2",7420,"PPIF",5.98208087934093e-05,NA,NA,NA
"run02_topology_LCN2",7421,"RYR2",4.78345186669671e-05,NA,NA,NA
"run02_topology_LCN2",7422,"BAX",8.97923976903581e-05,NA,NA,NA
"run02_topology_LCN2",7423,"SLC6A4",7.25412905625555e-05,NA,NA,NA
"run02_topology_LCN2",7424,"PRKCZ",0.00127837750571802,NA,NA,NA
"run02_topology_LCN2",7425,"SLC6A4",7.25412905625555e-05,NA,NA,NA
"run02_topology_LCN2",7426,"BAX",8.97923976903581e-05,NA,NA,NA
"run02_topology_LCN2",7427,"ACTG1",2.72461711825489e-06,NA,NA,NA
"run02_topology_LCN2",7428,"COL1A2",8.49027404237201e-06,NA,NA,NA
"run02_topology_LCN2",7429,"ACE2",6.17806475236016e-05,NA,NA,NA
"run02_topology_LCN2",7430,"CALM2",0,NA,NA,NA
"run02_topology_LCN2",7431,"GRIA1",1.90084712514693e-06,NA,NA,NA
"run02_topology_LCN2",7432,"CACNA1B",0,NA,NA,NA
"run02_topology_LCN2",7433,"EIF2AK2",0.000116554297583948,NA,NA,NA
"run02_topology_LCN2",7434,"AURKA",5.49029298524406e-05,NA,NA,NA
"run02_topology_LCN2",7435,"BTK",0.000119272845312435,NA,NA,NA
"run02_topology_LCN2",7436,"AKR1D1",0.0010662752740489,NA,NA,NA
"run02_topology_LCN2",7437,"RYR2",4.78345186669671e-05,NA,NA,NA
"run02_topology_LCN2",7438,"HSD3B2",2.44539251612608e-05,NA,NA,NA
"run02_topology_LCN2",7439,"ALDH3A1",7.8987277396747e-05,NA,NA,NA
"run02_topology_LCN2",7440,"PARK7",5.03123803161643e-05,NA,NA,NA
"run02_topology_LCN2",7441,"NFATC1",5.51292228962996e-05,NA,NA,NA
"run02_topology_LCN2",7442,"DLG1",6.50075176803488e-05,NA,NA,NA
"run02_topology_LCN2",7443,"BAX",8.97923976903581e-05,NA,NA,NA
"run02_topology_LCN2",7444,"ALDH1B1",0,NA,NA,NA
"run02_topology_LCN2",7445,"CYP2C19",1.83094707274511e-05,NA,NA,NA
"run02_topology_LCN2",7446,"FABP4",8.52242665472236e-05,NA,NA,NA
"run02_topology_LCN2",7447,"DLG1",6.50075176803488e-05,NA,NA,NA
"run02_topology_LCN2",7448,"PRKCZ",0.00127837750571802,NA,NA,NA
"run02_topology_LCN2",7449,"AKR1D1",0.0010662752740489,NA,NA,NA
"run02_topology_LCN2",7450,"HSD3B2",2.44539251612608e-05,NA,NA,NA
"run02_topology_LCN2",7451,"PARK7",5.03123803161643e-05,NA,NA,NA
"run02_topology_LCN2",7452,"CTSD",0.000133066364187417,NA,NA,NA
"run02_topology_LCN2",7453,"NOS2",2.38274351227474e-05,NA,NA,NA
"run02_topology_LCN2",7454,"AURKB",0.000100012341094136,NA,NA,NA
"run02_topology_LCN2",7455,"NFATC1",5.51292228962996e-05,NA,NA,NA
"run02_topology_LCN2",7456,"RYR2",4.78345186669671e-05,NA,NA,NA
"run02_topology_LCN2",7457,"HSD3B2",2.44539251612608e-05,NA,NA,NA
"run02_topology_LCN2",7458,"NPPA",7.28658572474172e-05,NA,NA,NA
"run02_topology_LCN2",7459,"RYR2",4.78345186669671e-05,NA,NA,NA
"run02_topology_LCN2",7460,"EIF2AK2",0.000116554297583948,NA,NA,NA
"run02_topology_LCN2",7461,"CTSD",0.000133066364187417,NA,NA,NA
"run02_topology_LCN2",7462,"FABP4",8.52242665472236e-05,NA,NA,NA
"run02_topology_LCN2",7463,"RYR2",4.78345186669671e-05,NA,NA,NA
"run02_topology_LCN2",7464,"NFATC1",5.51292228962996e-05,NA,NA,NA
"run02_topology_LCN2",7465,"PARK7",5.03123803161643e-05,NA,NA,NA
"run02_topology_LCN2",7466,"EIF2AK2",0.000116554297583948,NA,NA,NA
"run02_topology_LCN2",7467,"RYR2",4.78345186669671e-05,NA,NA,NA
"run02_topology_LCN2",7468,"COL1A2",8.49027404237201e-06,NA,NA,NA
"run02_topology_LCN2",7469,"SLC6A4",7.25412905625555e-05,NA,NA,NA
"run02_topology_LCN2",7470,"NOS2",2.38274351227474e-05,NA,NA,NA
"run02_topology_LCN2",7471,"EIF2S1",0.000110140192739028,NA,NA,NA
"run02_topology_LCN2",7472,"AGTR1",7.87895413547623e-05,NA,NA,NA
"run02_topology_LCN2",7473,"RYR2",4.78345186669671e-05,NA,NA,NA
"run02_topology_LCN2",7474,"AKR1C1",5.66614851992275e-05,NA,NA,NA
"run02_topology_LCN2",7475,"NDUFS3",7.91874029407724e-05,NA,NA,NA
"run02_topology_LCN2",7476,"KEAP1",8.90865911317151e-05,NA,NA,NA
"run02_topology_LCN2",7477,"GRIA2",6.42468498274207e-05,NA,NA,NA
"run02_topology_LCN2",7478,"ACSL1",4.92269468655993e-05,NA,NA,NA
"run02_topology_LCN2",7479,"GOT1",5.88174838508371e-05,NA,NA,NA
"run02_topology_LCN2",7480,"PPARD",4.39109792027548e-05,NA,NA,NA
"run02_topology_LCN2",7481,"HSD3B2",2.44539251612608e-05,NA,NA,NA
"run02_topology_LCN2",7482,"C3",4.60004945984638e-05,NA,NA,NA
"run02_topology_LCN2",7483,"FURIN",9.05415850372959e-05,NA,NA,NA
"run02_topology_LCN2",7484,"RASA1",5.55702489675181e-05,NA,NA,NA
"run02_topology_LCN2",7485,"SCN1A",4.8526600018195e-05,NA,NA,NA
"run02_topology_LCN2",7486,"AGTR1",7.87895413547623e-05,NA,NA,NA
"run02_topology_LCN2",7487,"ITGA5",0.00127400659039045,NA,NA,NA
"run02_topology_LCN2",7488,"PRKCZ",0.00127837750571802,NA,NA,NA
"run02_topology_LCN2",7489,"ADH5",7.50101523409041e-05,NA,NA,NA
"run02_topology_LCN2",7490,"KEAP1",8.90865911317151e-05,NA,NA,NA
"run02_topology_LCN2",7491,"PARK7",5.03123803161643e-05,NA,NA,NA
"run02_topology_LCN2",7492,"PARK7",5.03123803161643e-05,NA,NA,NA
"run02_topology_LCN2",7493,"HSD3B2",2.44539251612608e-05,NA,NA,NA
"run02_topology_LCN2",7494,"COL1A2",8.49027404237201e-06,NA,NA,NA
"run02_topology_LCN2",7495,"PPIF",5.98208087934093e-05,NA,NA,NA
"run02_topology_LCN2",7496,"PRKCZ",0.00127837750571802,NA,NA,NA
"run02_topology_LCN2",7497,"VIM",5.2598025607753e-05,NA,NA,NA
"run02_topology_LCN2",7498,"DLG1",6.50075176803488e-05,NA,NA,NA
"run02_topology_LCN2",7499,"VIM",5.2598025607753e-05,NA,NA,NA
"run02_topology_LCN2",7500,"PPIF",5.98208087934093e-05,NA,NA,NA
"run02_topology_LCN2",7501,"CYP17A1",3.31356115126358e-05,NA,NA,NA
"run02_topology_LCN2",7502,"BTK",0.000119272845312435,NA,NA,NA
"run02_topology_LCN2",7503,"GRIA2",6.42468498274207e-05,NA,NA,NA
"run02_topology_LCN2",7504,"CALM2",0,NA,NA,NA
"run02_topology_LCN2",7505,"DLG1",6.50075176803488e-05,NA,NA,NA
"run02_topology_LCN2",7506,"ACTG1",2.72461711825489e-06,NA,NA,NA
"run02_topology_LCN2",7507,"PPARD",4.39109792027548e-05,NA,NA,NA
"run02_topology_LCN2",7508,"ACTG1",2.72461711825489e-06,NA,NA,NA
"run02_topology_LCN2",7509,"DLG1",6.50075176803488e-05,NA,NA,NA
"run02_topology_LCN2",7510,"COL1A2",8.49027404237201e-06,NA,NA,NA
"run02_topology_LCN2",7511,"ALDH3A1",7.8987277396747e-05,NA,NA,NA
"run02_topology_LCN2",7512,"PARK7",5.03123803161643e-05,NA,NA,NA
"run02_topology_LCN2",7513,"NOS2",2.38274351227474e-05,NA,NA,NA
"run02_topology_LCN2",7514,"NDUFS3",7.91874029407724e-05,NA,NA,NA
"run02_topology_LCN2",7515,"KEAP1",8.90865911317151e-05,NA,NA,NA
"run02_topology_LCN2",7516,"ITGA5",0.00127400659039045,NA,NA,NA
"run02_topology_LCN2",7517,"ACSL1",4.92269468655993e-05,NA,NA,NA
"run02_topology_LCN2",7518,"CALM2",0,NA,NA,NA
"run02_topology_LCN2",7519,"FURIN",9.05415850372959e-05,NA,NA,NA
"run02_topology_LCN2",7520,"ACTG1",2.72461711825489e-06,NA,NA,NA
"run02_topology_LCN2",7521,"CPT1A",1.49157660161992e-05,NA,NA,NA
"run02_topology_LCN2",7522,"ALDH3A1",7.8987277396747e-05,NA,NA,NA
"run02_topology_LCN2",7523,"AKR1D1",0.0010662752740489,NA,NA,NA
"run02_topology_LCN2",7524,"AURKB",0.000100012341094136,NA,NA,NA
"run02_topology_LCN2",7525,"NDUFS3",7.91874029407724e-05,NA,NA,NA
"run02_topology_LCN2",7526,"RYR2",4.78345186669671e-05,NA,NA,NA
"run02_topology_LCN2",7527,"AKR1C1",5.66614851992275e-05,NA,NA,NA
"run02_topology_LCN2",7528,"CACNA1B",0,NA,NA,NA
"run02_topology_LCN2",7529,"RYR2",4.78345186669671e-05,NA,NA,NA
"run02_topology_LCN2",7530,"COL1A2",8.49027404237201e-06,NA,NA,NA
"run02_topology_LCN2",7531,"FURIN",9.05415850372959e-05,NA,NA,NA
"run02_topology_LCN2",7532,"ALDH3A1",7.8987277396747e-05,NA,NA,NA
"run02_topology_LCN2",7533,"HSD3B2",2.44539251612608e-05,NA,NA,NA
"run02_topology_LCN2",7534,"PRKCZ",0.00127837750571802,NA,NA,NA
"run02_topology_LCN2",7535,"SCN1A",4.8526600018195e-05,NA,NA,NA
"run02_topology_LCN2",7536,"FABP4",8.52242665472236e-05,NA,NA,NA
"run02_topology_LCN2",7537,"CALM2",0,NA,NA,NA
"run02_topology_LCN2",7538,"CYP17A1",3.31356115126358e-05,NA,NA,NA
"run02_topology_LCN2",7539,"ADH5",7.50101523409041e-05,NA,NA,NA
"run02_topology_LCN2",7540,"HSD3B2",2.44539251612608e-05,NA,NA,NA
"run02_topology_LCN2",7541,"COL1A2",8.49027404237201e-06,NA,NA,NA
"run02_topology_LCN2",7542,"SLC6A4",7.25412905625555e-05,NA,NA,NA
"run02_topology_LCN2",7543,"ADH5",7.50101523409041e-05,NA,NA,NA
"run02_topology_LCN2",7544,"CALM2",0,NA,NA,NA
"run02_topology_LCN2",7545,"ADH5",7.50101523409041e-05,NA,NA,NA
"run02_topology_LCN2",7546,"C3",4.60004945984638e-05,NA,NA,NA
"run02_topology_LCN2",7547,"ACE2",6.17806475236016e-05,NA,NA,NA
"run02_topology_LCN2",7548,"ADH5",7.50101523409041e-05,NA,NA,NA
"run02_topology_LCN2",7549,"DLG1",6.50075176803488e-05,NA,NA,NA
"run02_topology_LCN2",7550,"HSD3B2",2.44539251612608e-05,NA,NA,NA
"run02_topology_LCN2",7551,"AGTR1",7.87895413547623e-05,NA,NA,NA
"run02_topology_LCN2",7552,"EIF2S1",0.000110140192739028,NA,NA,NA
"run02_topology_LCN2",7553,"COL1A2",8.49027404237201e-06,NA,NA,NA
"run02_topology_LCN2",7554,"ACSL1",4.92269468655993e-05,NA,NA,NA
"run02_topology_LCN2",7555,"CACNA1B",0,NA,NA,NA
"run02_topology_LCN2",7556,"ACACA",7.98311027262466e-05,NA,NA,NA
"run02_topology_LCN2",7557,"SLC6A4",7.25412905625555e-05,NA,NA,NA
"run02_topology_LCN2",7558,"GRIA2",6.42468498274207e-05,NA,NA,NA
"run02_topology_LCN2",7559,"NDUFS3",7.91874029407724e-05,NA,NA,NA
"run02_topology_LCN2",7560,"HSD3B2",2.44539251612608e-05,NA,NA,NA
"run02_topology_LCN2",7561,"CALM2",0,NA,NA,NA
"run02_topology_LCN2",7562,"COL1A2",8.49027404237201e-06,NA,NA,NA
"run02_topology_LCN2",7563,"HSD3B2",2.44539251612608e-05,NA,NA,NA
"run02_topology_LCN2",7564,"GRIA2",6.42468498274207e-05,NA,NA,NA
"run02_topology_LCN2",7565,"GLUD1",0.00010300883354164,NA,NA,NA
"run02_topology_LCN2",7566,"BTK",0.000119272845312435,NA,NA,NA
"run02_topology_LCN2",7567,"FURIN",9.05415850372959e-05,NA,NA,NA
"run02_topology_LCN2",7568,"SLC6A4",7.25412905625555e-05,NA,NA,NA
"run02_topology_LCN2",7569,"CYP2C19",1.83094707274511e-05,NA,NA,NA
"run02_topology_LCN2",7570,"RYR2",4.78345186669671e-05,NA,NA,NA
"run02_topology_LCN2",7571,"KEAP1",8.90865911317151e-05,NA,NA,NA
"run02_topology_LCN2",7572,"CYP17A1",3.31356115126358e-05,NA,NA,NA
"run02_topology_LCN2",7573,"AURKA",5.49029298524406e-05,NA,NA,NA
"run02_topology_LCN2",7574,"AURKB",0.000100012341094136,NA,NA,NA
"run02_topology_LCN2",7575,"CPT1A",1.49157660161992e-05,NA,NA,NA
"run02_topology_LCN2",7576,"ADH5",7.50101523409041e-05,NA,NA,NA
"run02_topology_LCN2",7577,"ACSL1",4.92269468655993e-05,NA,NA,NA
"run02_topology_LCN2",7578,"DLG1",6.50075176803488e-05,NA,NA,NA
"run02_topology_LCN2",7579,"ACE2",6.17806475236016e-05,NA,NA,NA
"run02_topology_LCN2",7580,"PPARD",4.39109792027548e-05,NA,NA,NA
"run02_topology_LCN2",7581,"AKR1D1",0.0010662752740489,NA,NA,NA
"run02_topology_LCN2",7582,"EIF2AK2",0.000116554297583948,NA,NA,NA
"run02_topology_LCN2",7583,"SCN1A",4.8526600018195e-05,NA,NA,NA
"run02_topology_LCN2",7584,"ITGA5",0.00127400659039045,NA,NA,NA
"run02_topology_LCN2",7585,"CYP2D6",2.95879994604009e-05,NA,NA,NA
"run02_topology_LCN2",7586,"HSD3B2",2.44539251612608e-05,NA,NA,NA
"run02_topology_LCN2",7587,"AKR1D1",0.0010662752740489,NA,NA,NA
"run02_topology_LCN2",7588,"PRKCZ",0.00127837750571802,NA,NA,NA
"run02_topology_LCN2",7589,"ACTG1",2.72461711825489e-06,NA,NA,NA
"run02_topology_LCN2",7590,"PPARD",4.39109792027548e-05,NA,NA,NA
"run02_topology_LCN2",7591,"CPT1A",1.49157660161992e-05,NA,NA,NA
"run02_topology_LCN2",7592,"CTSD",0.000133066364187417,NA,NA,NA
"run02_topology_LCN2",7593,"C3",4.60004945984638e-05,NA,NA,NA
"run02_topology_LCN2",7594,"CYP2C19",1.83094707274511e-05,NA,NA,NA
"run02_topology_LCN2",7595,"CALM2",0,NA,NA,NA
"run02_topology_LCN2",7596,"COL1A2",8.49027404237201e-06,NA,NA,NA
"run02_topology_LCN2",7597,"VIM",5.2598025607753e-05,NA,NA,NA
"run02_topology_LCN2",7598,"PPIF",5.98208087934093e-05,NA,NA,NA
"run02_topology_LCN2",7599,"BAX",8.97923976903581e-05,NA,NA,NA
"run02_topology_LCN2",7600,"CTSD",0.000133066364187417,NA,NA,NA
"run02_topology_LCN2",7601,"PPARD",4.39109792027548e-05,NA,NA,NA
"run02_topology_LCN2",7602,"RYR1",8.59077355945814e-05,NA,NA,NA
"run02_topology_LCN2",7603,"EIF2S1",0.000110140192739028,NA,NA,NA
"run02_topology_LCN2",7604,"RASA1",5.55702489675181e-05,NA,NA,NA
"run02_topology_LCN2",7605,"EIF2AK2",0.000116554297583948,NA,NA,NA
"run02_topology_LCN2",7606,"EIF2AK2",0.000116554297583948,NA,NA,NA
"run02_topology_LCN2",7607,"AKR1C1",5.66614851992275e-05,NA,NA,NA
"run02_topology_LCN2",7608,"PRKCZ",0.00127837750571802,NA,NA,NA
"run02_topology_LCN2",7609,"NFATC1",5.51292228962996e-05,NA,NA,NA
"run02_topology_LCN2",7610,"FABP4",8.52242665472236e-05,NA,NA,NA
"run02_topology_LCN2",7611,"NPPA",7.28658572474172e-05,NA,NA,NA
"run02_topology_LCN2",7612,"PPIF",5.98208087934093e-05,NA,NA,NA
"run02_topology_LCN2",7613,"GRIA2",6.42468498274207e-05,NA,NA,NA
"run02_topology_LCN2",7614,"AURKA",5.49029298524406e-05,NA,NA,NA
"run02_topology_LCN2",7615,"HSD3B2",2.44539251612608e-05,NA,NA,NA
"run02_topology_LCN2",7616,"AURKB",0.000100012341094136,NA,NA,NA
"run02_topology_LCN2",7617,"ADH5",7.50101523409041e-05,NA,NA,NA
"run02_topology_LCN2",7618,"CYP17A1",3.31356115126358e-05,NA,NA,NA
"run02_topology_LCN2",7619,"PRKCZ",0.00127837750571802,NA,NA,NA
"run02_topology_LCN2",7620,"SCN1A",4.8526600018195e-05,NA,NA,NA
"run02_topology_LCN2",7621,"AURKB",0.000100012341094136,NA,NA,NA
"run02_topology_LCN2",7622,"GRIA2",6.42468498274207e-05,NA,NA,NA
"run02_topology_LCN2",7623,"ADH5",7.50101523409041e-05,NA,NA,NA
"run02_topology_LCN2",7624,"PRKCZ",0.00127837750571802,NA,NA,NA
"run02_topology_LCN2",7625,"ALDH1B1",0,NA,NA,NA
"run02_topology_LCN2",7626,"FURIN",9.05415850372959e-05,NA,NA,NA
"run02_topology_LCN2",7627,"HSD3B2",2.44539251612608e-05,NA,NA,NA
"run02_topology_LCN2",7628,"ITGA5",0.00127400659039045,NA,NA,NA
"run02_topology_LCN2",7629,"EIF2S1",0.000110140192739028,NA,NA,NA
"run02_topology_LCN2",7630,"NOS2",2.38274351227474e-05,NA,NA,NA
"run02_topology_LCN2",7631,"ACE2",6.17806475236016e-05,NA,NA,NA
"run02_topology_LCN2",7632,"EIF2AK2",0.000116554297583948,NA,NA,NA
"run02_topology_LCN2",7633,"CTSD",0.000133066364187417,NA,NA,NA
"run02_topology_LCN2",7634,"RYR1",8.59077355945814e-05,NA,NA,NA
"run02_topology_LCN2",7635,"ACACA",7.98311027262466e-05,NA,NA,NA
"run02_topology_LCN2",7636,"GRIA1",1.90084712514693e-06,NA,NA,NA
"run02_topology_LCN2",7637,"BAX",8.97923976903581e-05,NA,NA,NA
"run02_topology_LCN2",7638,"AKR1C1",5.66614851992275e-05,NA,NA,NA
"run02_topology_LCN2",7639,"CTSD",0.000133066364187417,NA,NA,NA
"run02_topology_LCN2",7640,"PARK7",5.03123803161643e-05,NA,NA,NA
"run02_topology_LCN2",7641,"BAX",8.97923976903581e-05,NA,NA,NA
"run02_topology_LCN2",7642,"PPIF",5.98208087934093e-05,NA,NA,NA
"run02_topology_LCN2",7643,"SCN1A",4.8526600018195e-05,NA,NA,NA
"run02_topology_LCN2",7644,"COL1A2",8.49027404237201e-06,NA,NA,NA
"run02_topology_LCN2",7645,"ITGA5",0.00127400659039045,NA,NA,NA
"run02_topology_LCN2",7646,"COL1A2",8.49027404237201e-06,NA,NA,NA
"run02_topology_LCN2",7647,"GRIA1",1.90084712514693e-06,NA,NA,NA
"run02_topology_LCN2",7648,"NPPA",7.28658572474172e-05,NA,NA,NA
"run02_topology_LCN2",7649,"CPT1A",1.49157660161992e-05,NA,NA,NA
"run02_topology_LCN2",7650,"PPIF",5.98208087934093e-05,NA,NA,NA
"run02_topology_LCN2",7651,"CPT1A",1.49157660161992e-05,NA,NA,NA
"run02_topology_LCN2",7652,"CYP2D6",2.95879994604009e-05,NA,NA,NA
"run02_topology_LCN2",7653,"CALR",4.38793673526172e-05,NA,NA,NA
"run02_topology_LCN2",7654,"SLC6A4",7.25412905625555e-05,NA,NA,NA
"run02_topology_LCN2",7655,"VIM",5.2598025607753e-05,NA,NA,NA
"run02_topology_LCN2",7656,"CTSD",0.000133066364187417,NA,NA,NA
"run02_topology_LCN2",7657,"AGTR1",7.87895413547623e-05,NA,NA,NA
"run02_topology_LCN2",7658,"ACE2",6.17806475236016e-05,NA,NA,NA
"run02_topology_LCN2",7659,"ALDH1B1",0,NA,NA,NA
"run02_topology_LCN2",7660,"FABP4",8.52242665472236e-05,NA,NA,NA
"run02_topology_LCN2",7661,"PPIF",5.98208087934093e-05,NA,NA,NA
"run02_topology_LCN2",7662,"DLG1",6.50075176803488e-05,NA,NA,NA
"run02_topology_LCN2",7663,"PRKCZ",0.00127837750571802,NA,NA,NA
"run02_topology_LCN2",7664,"GLUD1",0.00010300883354164,NA,NA,NA
"run02_topology_LCN2",7665,"NOS2",2.38274351227474e-05,NA,NA,NA
"run02_topology_LCN2",7666,"ALDH1B1",0,NA,NA,NA
"run02_topology_LCN2",7667,"CALR",4.38793673526172e-05,NA,NA,NA
"run02_topology_LCN2",7668,"AURKA",5.49029298524406e-05,NA,NA,NA
"run02_topology_LCN2",7669,"PARK7",5.03123803161643e-05,NA,NA,NA
"run02_topology_LCN2",7670,"BTK",0.000119272845312435,NA,NA,NA
"run02_topology_LCN2",7671,"PPARD",4.39109792027548e-05,NA,NA,NA
"run02_topology_LCN2",7672,"GOT1",5.88174838508371e-05,NA,NA,NA
"run02_topology_LCN2",7673,"EIF2AK2",0.000116554297583948,NA,NA,NA
"run02_topology_LCN2",7674,"CALR",4.38793673526172e-05,NA,NA,NA
"run02_topology_LCN2",7675,"RYR2",4.78345186669671e-05,NA,NA,NA
"run02_topology_LCN2",7676,"PARK7",5.03123803161643e-05,NA,NA,NA
"run02_topology_LCN2",7677,"CYP17A1",3.31356115126358e-05,NA,NA,NA
"run02_topology_LCN2",7678,"CACNA1B",0,NA,NA,NA
"run02_topology_LCN2",7679,"AGTR1",7.87895413547623e-05,NA,NA,NA
"run02_topology_LCN2",7680,"AGTR1",7.87895413547623e-05,NA,NA,NA
"run02_topology_LCN2",7681,"SLC6A4",7.25412905625555e-05,NA,NA,NA
"run02_topology_LCN2",7682,"GLUD1",0.00010300883354164,NA,NA,NA
"run02_topology_LCN2",7683,"CTSD",0.000133066364187417,NA,NA,NA
"run02_topology_LCN2",7684,"NOS2",2.38274351227474e-05,NA,NA,NA
"run02_topology_LCN2",7685,"AGTR1",7.87895413547623e-05,NA,NA,NA
"run02_topology_LCN2",7686,"RYR2",4.78345186669671e-05,NA,NA,NA
"run02_topology_LCN2",7687,"FURIN",9.05415850372959e-05,NA,NA,NA
"run02_topology_LCN2",7688,"GRIA2",6.42468498274207e-05,NA,NA,NA
"run02_topology_LCN2",7689,"EIF2S1",0.000110140192739028,NA,NA,NA
"run02_topology_LCN2",7690,"PPIF",5.98208087934093e-05,NA,NA,NA
"run02_topology_LCN2",7691,"SCN1A",4.8526600018195e-05,NA,NA,NA
"run02_topology_LCN2",7692,"ADH5",7.50101523409041e-05,NA,NA,NA
"run02_topology_LCN2",7693,"CYP17A1",3.31356115126358e-05,NA,NA,NA
"run02_topology_LCN2",7694,"ITGA5",0.00127400659039045,NA,NA,NA
"run02_topology_LCN2",7695,"HSD3B2",2.44539251612608e-05,NA,NA,NA
"run02_topology_LCN2",7696,"HSD3B2",2.44539251612608e-05,NA,NA,NA
"run02_topology_LCN2",7697,"ACE2",6.17806475236016e-05,NA,NA,NA
"run02_topology_LCN2",7698,"CALM2",0,NA,NA,NA
"run02_topology_LCN2",7699,"AGTR1",7.87895413547623e-05,NA,NA,NA
"run02_topology_LCN2",7700,"ADH5",7.50101523409041e-05,NA,NA,NA
"run02_topology_LCN2",7701,"AURKB",0.000100012341094136,NA,NA,NA
"run02_topology_LCN2",7702,"GLUD1",0.00010300883354164,NA,NA,NA
"run02_topology_LCN2",7703,"FABP4",8.52242665472236e-05,NA,NA,NA
"run02_topology_LCN2",7704,"NFATC1",5.51292228962996e-05,NA,NA,NA
"run02_topology_LCN2",7705,"BTK",0.000119272845312435,NA,NA,NA
"run02_topology_LCN2",7706,"SLC6A4",7.25412905625555e-05,NA,NA,NA
"run02_topology_LCN2",7707,"KEAP1",8.90865911317151e-05,NA,NA,NA
"run02_topology_LCN2",7708,"ALDH1B1",0,NA,NA,NA
"run02_topology_LCN2",7709,"PRKCZ",0.00127837750571802,NA,NA,NA
"run02_topology_LCN2",7710,"SLC6A4",7.25412905625555e-05,NA,NA,NA
"run02_topology_LCN2",7711,"CYP17A1",3.31356115126358e-05,NA,NA,NA
"run02_topology_LCN2",7712,"ACSL1",4.92269468655993e-05,NA,NA,NA
"run02_topology_LCN2",7713,"CTSD",0.000133066364187417,NA,NA,NA
"run02_topology_LCN2",7714,"NOS2",2.38274351227474e-05,NA,NA,NA
"run02_topology_LCN2",7715,"AGTR1",7.87895413547623e-05,NA,NA,NA
"run02_topology_LCN2",7716,"CPT1A",1.49157660161992e-05,NA,NA,NA
"run02_topology_LCN2",7717,"ITGA5",0.00127400659039045,NA,NA,NA
"run02_topology_LCN2",7718,"NOS2",2.38274351227474e-05,NA,NA,NA
"run02_topology_LCN2",7719,"GLUD1",0.00010300883354164,NA,NA,NA
"run02_topology_LCN2",7720,"BTK",0.000119272845312435,NA,NA,NA
"run02_topology_LCN2",7721,"KEAP1",8.90865911317151e-05,NA,NA,NA
"run02_topology_LCN2",7722,"ACACA",7.98311027262466e-05,NA,NA,NA
"run02_topology_LCN2",7723,"ACTG1",2.72461711825489e-06,NA,NA,NA
"run02_topology_LCN2",7724,"EIF2AK2",0.000116554297583948,NA,NA,NA
"run02_topology_LCN2",7725,"CALM2",0,NA,NA,NA
"run02_topology_LCN2",7726,"ACSL1",4.92269468655993e-05,NA,NA,NA
"run02_topology_LCN2",7727,"CALR",4.38793673526172e-05,NA,NA,NA
"run02_topology_LCN2",7728,"CYP17A1",3.31356115126358e-05,NA,NA,NA
"run02_topology_LCN2",7729,"ITGA5",0.00127400659039045,NA,NA,NA
"run02_topology_LCN2",7730,"ACE2",6.17806475236016e-05,NA,NA,NA
"run02_topology_LCN2",7731,"CTSD",0.000133066364187417,NA,NA,NA
"run02_topology_LCN2",7732,"ALDH1B1",0,NA,NA,NA
"run02_topology_LCN2",7733,"PPARD",4.39109792027548e-05,NA,NA,NA
"run02_topology_LCN2",7734,"NDUFS3",7.91874029407724e-05,NA,NA,NA
"run02_topology_LCN2",7735,"PPIF",5.98208087934093e-05,NA,NA,NA
"run02_topology_LCN2",7736,"RASA1",5.55702489675181e-05,NA,NA,NA
"run02_topology_LCN2",7737,"EIF2S1",0.000110140192739028,NA,NA,NA
"run02_topology_LCN2",7738,"RYR2",4.78345186669671e-05,NA,NA,NA
"run02_topology_LCN2",7739,"PPARD",4.39109792027548e-05,NA,NA,NA
"run02_topology_LCN2",7740,"NPPA",7.28658572474172e-05,NA,NA,NA
"run02_topology_LCN2",7741,"HSD3B2",2.44539251612608e-05,NA,NA,NA
"run02_topology_LCN2",7742,"CACNA1B",0,NA,NA,NA
"run02_topology_LCN2",7743,"PARK7",5.03123803161643e-05,NA,NA,NA
"run02_topology_LCN2",7744,"ACACA",7.98311027262466e-05,NA,NA,NA
"run02_topology_LCN2",7745,"CYP17A1",3.31356115126358e-05,NA,NA,NA
"run02_topology_LCN2",7746,"ADH5",7.50101523409041e-05,NA,NA,NA
"run02_topology_LCN2",7747,"ACE2",6.17806475236016e-05,NA,NA,NA
"run02_topology_LCN2",7748,"PPIF",5.98208087934093e-05,NA,NA,NA
"run02_topology_LCN2",7749,"FURIN",9.05415850372959e-05,NA,NA,NA
"run02_topology_LCN2",7750,"ACTG1",2.72461711825489e-06,NA,NA,NA
"run02_topology_LCN2",7751,"CYP2C19",1.83094707274511e-05,NA,NA,NA
"run02_topology_LCN2",7752,"NOS2",2.38274351227474e-05,NA,NA,NA
"run02_topology_LCN2",7753,"AGTR1",7.87895413547623e-05,NA,NA,NA
"run02_topology_LCN2",7754,"FABP4",8.52242665472236e-05,NA,NA,NA
"run02_topology_LCN2",7755,"AGTR1",7.87895413547623e-05,NA,NA,NA
"run02_topology_LCN2",7756,"KEAP1",8.90865911317151e-05,NA,NA,NA
"run02_topology_LCN2",7757,"AGTR1",7.87895413547623e-05,NA,NA,NA
"run02_topology_LCN2",7758,"PRKCZ",0.00127837750571802,NA,NA,NA
"run02_topology_LCN2",7759,"ITGA5",0.00127400659039045,NA,NA,NA
"run02_topology_LCN2",7760,"FABP4",8.52242665472236e-05,NA,NA,NA
"run02_topology_LCN2",7761,"ALDH3A1",7.8987277396747e-05,NA,NA,NA
"run02_topology_LCN2",7762,"AKR1D1",0.0010662752740489,NA,NA,NA
"run02_topology_LCN2",7763,"AGTR1",7.87895413547623e-05,NA,NA,NA
"run02_topology_LCN2",7764,"CYP17A1",3.31356115126358e-05,NA,NA,NA
"run02_topology_LCN2",7765,"CYP2C19",1.83094707274511e-05,NA,NA,NA
"run02_topology_LCN2",7766,"BAX",8.97923976903581e-05,NA,NA,NA
"run02_topology_LCN2",7767,"CACNA1B",0,NA,NA,NA
"run02_topology_LCN2",7768,"CYP17A1",3.31356115126358e-05,NA,NA,NA
"run02_topology_LCN2",7769,"VIM",5.2598025607753e-05,NA,NA,NA
"run02_topology_LCN2",7770,"ITGA5",0.00127400659039045,NA,NA,NA
"run02_topology_LCN2",7771,"AGTR1",7.87895413547623e-05,NA,NA,NA
"run02_topology_LCN2",7772,"AKR1D1",0.0010662752740489,NA,NA,NA
"run02_topology_LCN2",7773,"ACTG1",2.72461711825489e-06,NA,NA,NA
"run02_topology_LCN2",7774,"NPPA",7.28658572474172e-05,NA,NA,NA
"run02_topology_LCN2",7775,"ALDH3A1",7.8987277396747e-05,NA,NA,NA
"run02_topology_LCN2",7776,"PPIF",5.98208087934093e-05,NA,NA,NA
"run02_topology_LCN2",7777,"CACNA1B",0,NA,NA,NA
"run02_topology_LCN2",7778,"AURKA",5.49029298524406e-05,NA,NA,NA
"run02_topology_LCN2",7779,"SCN1A",4.8526600018195e-05,NA,NA,NA
"run02_topology_LCN2",7780,"CYP2D6",2.95879994604009e-05,NA,NA,NA
"run02_topology_LCN2",7781,"PPIF",5.98208087934093e-05,NA,NA,NA
"run02_topology_LCN2",7782,"SCN1A",4.8526600018195e-05,NA,NA,NA
"run02_topology_LCN2",7783,"CYP17A1",3.31356115126358e-05,NA,NA,NA
"run02_topology_LCN2",7784,"PPIF",5.98208087934093e-05,NA,NA,NA
"run02_topology_LCN2",7785,"ACSL1",4.92269468655993e-05,NA,NA,NA
"run02_topology_LCN2",7786,"NPPA",7.28658572474172e-05,NA,NA,NA
"run02_topology_LCN2",7787,"CPT1A",1.49157660161992e-05,NA,NA,NA
"run02_topology_LCN2",7788,"GOT1",5.88174838508371e-05,NA,NA,NA
"run02_topology_LCN2",7789,"RYR2",4.78345186669671e-05,NA,NA,NA
"run02_topology_LCN2",7790,"FURIN",9.05415850372959e-05,NA,NA,NA
"run02_topology_LCN2",7791,"CYP2D6",2.95879994604009e-05,NA,NA,NA
"run02_topology_LCN2",7792,"EIF2S1",0.000110140192739028,NA,NA,NA
"run02_topology_LCN2",7793,"CYP2D6",2.95879994604009e-05,NA,NA,NA
"run02_topology_LCN2",7794,"ITGA5",0.00127400659039045,NA,NA,NA
"run02_topology_LCN2",7795,"CYP2D6",2.95879994604009e-05,NA,NA,NA
"run02_topology_LCN2",7796,"KEAP1",8.90865911317151e-05,NA,NA,NA
"run02_topology_LCN2",7797,"BTK",0.000119272845312435,NA,NA,NA
"run02_topology_LCN2",7798,"RASA1",5.55702489675181e-05,NA,NA,NA
"run02_topology_LCN2",7799,"AGTR1",7.87895413547623e-05,NA,NA,NA
"run02_topology_LCN2",7800,"GLUD1",0.00010300883354164,NA,NA,NA
"run02_topology_LCN2",7801,"ACE2",6.17806475236016e-05,NA,NA,NA
"run02_topology_LCN2",7802,"CYP2C19",1.83094707274511e-05,NA,NA,NA
"run02_topology_LCN2",7803,"GRIA1",1.90084712514693e-06,NA,NA,NA
"run02_topology_LCN2",7804,"AKR1C1",5.66614851992275e-05,NA,NA,NA
"run02_topology_LCN2",7805,"CALR",4.38793673526172e-05,NA,NA,NA
"run02_topology_LCN2",7806,"EIF2S1",0.000110140192739028,NA,NA,NA
"run02_topology_LCN2",7807,"PPARD",4.39109792027548e-05,NA,NA,NA
"run02_topology_LCN2",7808,"C3",4.60004945984638e-05,NA,NA,NA
"run02_topology_LCN2",7809,"ADH5",7.50101523409041e-05,NA,NA,NA
"run02_topology_LCN2",7810,"PARK7",5.03123803161643e-05,NA,NA,NA
"run02_topology_LCN2",7811,"AKR1C1",5.66614851992275e-05,NA,NA,NA
"run02_topology_LCN2",7812,"ALDH1B1",0,NA,NA,NA
"run02_topology_LCN2",7813,"ITGA5",0.00127400659039045,NA,NA,NA
"run02_topology_LCN2",7814,"AKR1C1",5.66614851992275e-05,NA,NA,NA
"run02_topology_LCN2",7815,"AURKA",5.49029298524406e-05,NA,NA,NA
"run02_topology_LCN2",7816,"AKR1D1",0.0010662752740489,NA,NA,NA
"run02_topology_LCN2",7817,"NOS2",2.38274351227474e-05,NA,NA,NA
"run02_topology_LCN2",7818,"FABP4",8.52242665472236e-05,NA,NA,NA
"run02_topology_LCN2",7819,"CYP2D6",2.95879994604009e-05,NA,NA,NA
"run02_topology_LCN2",7820,"CALM2",0,NA,NA,NA
"run02_topology_LCN2",7821,"SLC6A4",7.25412905625555e-05,NA,NA,NA
"run02_topology_LCN2",7822,"ADH5",7.50101523409041e-05,NA,NA,NA
"run02_topology_LCN2",7823,"COL1A2",8.49027404237201e-06,NA,NA,NA
"run02_topology_LCN2",7824,"ACE2",6.17806475236016e-05,NA,NA,NA
"run02_topology_LCN2",7825,"BAX",8.97923976903581e-05,NA,NA,NA
"run02_topology_LCN2",7826,"ACSL1",4.92269468655993e-05,NA,NA,NA
"run02_topology_LCN2",7827,"KEAP1",8.90865911317151e-05,NA,NA,NA
"run02_topology_LCN2",7828,"ACE2",6.17806475236016e-05,NA,NA,NA
"run02_topology_LCN2",7829,"CACNA1B",0,NA,NA,NA
"run02_topology_LCN2",7830,"CPT1A",1.49157660161992e-05,NA,NA,NA
"run02_topology_LCN2",7831,"PARK7",5.03123803161643e-05,NA,NA,NA
"run02_topology_LCN2",7832,"PPARD",4.39109792027548e-05,NA,NA,NA
"run02_topology_LCN2",7833,"GRIA1",1.90084712514693e-06,NA,NA,NA
"run02_topology_LCN2",7834,"FABP4",8.52242665472236e-05,NA,NA,NA
"run02_topology_LCN2",7835,"AGTR1",7.87895413547623e-05,NA,NA,NA
"run02_topology_LCN2",7836,"ACTG1",2.72461711825489e-06,NA,NA,NA
"run02_topology_LCN2",7837,"C3",4.60004945984638e-05,NA,NA,NA
"run02_topology_LCN2",7838,"FURIN",9.05415850372959e-05,NA,NA,NA
"run02_topology_LCN2",7839,"ACE2",6.17806475236016e-05,NA,NA,NA
"run02_topology_LCN2",7840,"NOS2",2.38274351227474e-05,NA,NA,NA
"run02_topology_LCN2",7841,"GOT1",5.88174838508371e-05,NA,NA,NA
"run02_topology_LCN2",7842,"DLG1",6.50075176803488e-05,NA,NA,NA
"run02_topology_LCN2",7843,"FURIN",9.05415850372959e-05,NA,NA,NA
"run02_topology_LCN2",7844,"CYP17A1",3.31356115126358e-05,NA,NA,NA
"run02_topology_LCN2",7845,"BTK",0.000119272845312435,NA,NA,NA
"run02_topology_LCN2",7846,"AKR1D1",0.0010662752740489,NA,NA,NA
"run02_topology_LCN2",7847,"AURKA",5.49029298524406e-05,NA,NA,NA
"run02_topology_LCN2",7848,"ITGA5",0.00127400659039045,NA,NA,NA
"run02_topology_LCN2",7849,"NDUFS3",7.91874029407724e-05,NA,NA,NA
"run02_topology_LCN2",7850,"C3",4.60004945984638e-05,NA,NA,NA
"run02_topology_LCN2",7851,"RYR2",4.78345186669671e-05,NA,NA,NA
"run02_topology_LCN2",7852,"GRIA1",1.90084712514693e-06,NA,NA,NA
"run02_topology_LCN2",7853,"AGTR1",7.87895413547623e-05,NA,NA,NA
"run02_topology_LCN2",7854,"PPARD",4.39109792027548e-05,NA,NA,NA
"run02_topology_LCN2",7855,"ACTG1",2.72461711825489e-06,NA,NA,NA
"run02_topology_LCN2",7856,"CTSD",0.000133066364187417,NA,NA,NA
"run02_topology_LCN2",7857,"AGTR1",7.87895413547623e-05,NA,NA,NA
"run02_topology_LCN2",7858,"AKR1D1",0.0010662752740489,NA,NA,NA
"run02_topology_LCN2",7859,"PPARD",4.39109792027548e-05,NA,NA,NA
"run02_topology_LCN2",7860,"RYR2",4.78345186669671e-05,NA,NA,NA
"run02_topology_LCN2",7861,"CYP17A1",3.31356115126358e-05,NA,NA,NA
"run02_topology_LCN2",7862,"COL1A2",8.49027404237201e-06,NA,NA,NA
"run02_topology_LCN2",7863,"ALDH1B1",0,NA,NA,NA
"run02_topology_LCN2",7864,"ALDH1B1",0,NA,NA,NA
"run02_topology_LCN2",7865,"PPARD",4.39109792027548e-05,NA,NA,NA
"run02_topology_LCN2",7866,"PARK7",5.03123803161643e-05,NA,NA,NA
"run02_topology_LCN2",7867,"PARK7",5.03123803161643e-05,NA,NA,NA
"run02_topology_LCN2",7868,"COL1A2",8.49027404237201e-06,NA,NA,NA
"run02_topology_LCN2",7869,"NOS2",2.38274351227474e-05,NA,NA,NA
"run02_topology_LCN2",7870,"ITGA5",0.00127400659039045,NA,NA,NA
"run02_topology_LCN2",7871,"PRKCZ",0.00127837750571802,NA,NA,NA
"run02_topology_LCN2",7872,"NDUFS3",7.91874029407724e-05,NA,NA,NA
"run02_topology_LCN2",7873,"AKR1C1",5.66614851992275e-05,NA,NA,NA
"run02_topology_LCN2",7874,"C3",4.60004945984638e-05,NA,NA,NA
"run02_topology_LCN2",7875,"NFATC1",5.51292228962996e-05,NA,NA,NA
"run02_topology_LCN2",7876,"CALR",4.38793673526172e-05,NA,NA,NA
"run02_topology_LCN2",7877,"COL1A2",8.49027404237201e-06,NA,NA,NA
"run02_topology_LCN2",7878,"ACSL1",4.92269468655993e-05,NA,NA,NA
"run02_topology_LCN2",7879,"CPT1A",1.49157660161992e-05,NA,NA,NA
"run02_topology_LCN2",7880,"GOT1",5.88174838508371e-05,NA,NA,NA
"run02_topology_LCN2",7881,"NPPA",7.28658572474172e-05,NA,NA,NA
"run02_topology_LCN2",7882,"PRKCZ",0.00127837750571802,NA,NA,NA
"run02_topology_LCN2",7883,"NOS2",2.38274351227474e-05,NA,NA,NA
"run02_topology_LCN2",7884,"ADH5",7.50101523409041e-05,NA,NA,NA
"run02_topology_LCN2",7885,"NDUFS3",7.91874029407724e-05,NA,NA,NA
"run02_topology_LCN2",7886,"PARK7",5.03123803161643e-05,NA,NA,NA
"run02_topology_LCN2",7887,"VIM",5.2598025607753e-05,NA,NA,NA
"run02_topology_LCN2",7888,"AGTR1",7.87895413547623e-05,NA,NA,NA
"run02_topology_LCN2",7889,"GRIA1",1.90084712514693e-06,NA,NA,NA
"run02_topology_LCN2",7890,"EIF2AK2",0.000116554297583948,NA,NA,NA
"run02_topology_LCN2",7891,"NFATC1",5.51292228962996e-05,NA,NA,NA
"run02_topology_LCN2",7892,"CACNA1B",0,NA,NA,NA
"run02_topology_LCN2",7893,"EIF2AK2",0.000116554297583948,NA,NA,NA
"run02_topology_LCN2",7894,"PARK7",5.03123803161643e-05,NA,NA,NA
"run02_topology_LCN2",7895,"CYP2C19",1.83094707274511e-05,NA,NA,NA
"run02_topology_LCN2",7896,"BTK",0.000119272845312435,NA,NA,NA
"run02_topology_LCN2",7897,"GLUD1",0.00010300883354164,NA,NA,NA
"run02_topology_LCN2",7898,"NOS2",2.38274351227474e-05,NA,NA,NA
"run02_topology_LCN2",7899,"NDUFS3",7.91874029407724e-05,NA,NA,NA
"run02_topology_LCN2",7900,"DLG1",6.50075176803488e-05,NA,NA,NA
"run02_topology_LCN2",7901,"RYR1",8.59077355945814e-05,NA,NA,NA
"run02_topology_LCN2",7902,"RASA1",5.55702489675181e-05,NA,NA,NA
"run02_topology_LCN2",7903,"SCN1A",4.8526600018195e-05,NA,NA,NA
"run02_topology_LCN2",7904,"BTK",0.000119272845312435,NA,NA,NA
"run02_topology_LCN2",7905,"GLUD1",0.00010300883354164,NA,NA,NA
"run02_topology_LCN2",7906,"AGTR1",7.87895413547623e-05,NA,NA,NA
"run02_topology_LCN2",7907,"BTK",0.000119272845312435,NA,NA,NA
"run02_topology_LCN2",7908,"C3",4.60004945984638e-05,NA,NA,NA
"run02_topology_LCN2",7909,"KEAP1",8.90865911317151e-05,NA,NA,NA
"run02_topology_LCN2",7910,"AKR1D1",0.0010662752740489,NA,NA,NA
"run02_topology_LCN2",7911,"CALM2",0,NA,NA,NA
"run02_topology_LCN2",7912,"CYP2D6",2.95879994604009e-05,NA,NA,NA
"run02_topology_LCN2",7913,"NPPA",7.28658572474172e-05,NA,NA,NA
"run02_topology_LCN2",7914,"GRIA1",1.90084712514693e-06,NA,NA,NA
"run02_topology_LCN2",7915,"ACACA",7.98311027262466e-05,NA,NA,NA
"run02_topology_LCN2",7916,"RASA1",5.55702489675181e-05,NA,NA,NA
"run02_topology_LCN2",7917,"NDUFS3",7.91874029407724e-05,NA,NA,NA
"run02_topology_LCN2",7918,"FURIN",9.05415850372959e-05,NA,NA,NA
"run02_topology_LCN2",7919,"EIF2AK2",0.000116554297583948,NA,NA,NA
"run02_topology_LCN2",7920,"CTSD",0.000133066364187417,NA,NA,NA
"run02_topology_LCN2",7921,"KEAP1",8.90865911317151e-05,NA,NA,NA
"run02_topology_LCN2",7922,"ITGA5",0.00127400659039045,NA,NA,NA
"run02_topology_LCN2",7923,"FURIN",9.05415850372959e-05,NA,NA,NA
"run02_topology_LCN2",7924,"AKR1D1",0.0010662752740489,NA,NA,NA
"run02_topology_LCN2",7925,"PARK7",5.03123803161643e-05,NA,NA,NA
"run02_topology_LCN2",7926,"ACSL1",4.92269468655993e-05,NA,NA,NA
"run02_topology_LCN2",7927,"NPPA",7.28658572474172e-05,NA,NA,NA
"run02_topology_LCN2",7928,"DLG1",6.50075176803488e-05,NA,NA,NA
"run02_topology_LCN2",7929,"PPIF",5.98208087934093e-05,NA,NA,NA
"run02_topology_LCN2",7930,"SLC6A4",7.25412905625555e-05,NA,NA,NA
"run02_topology_LCN2",7931,"NDUFS3",7.91874029407724e-05,NA,NA,NA
"run02_topology_LCN2",7932,"GLUD1",0.00010300883354164,NA,NA,NA
"run02_topology_LCN2",7933,"DLG1",6.50075176803488e-05,NA,NA,NA
"run02_topology_LCN2",7934,"RYR2",4.78345186669671e-05,NA,NA,NA
"run02_topology_LCN2",7935,"NOS2",2.38274351227474e-05,NA,NA,NA
"run02_topology_LCN2",7936,"NPPA",7.28658572474172e-05,NA,NA,NA
"run02_topology_LCN2",7937,"FURIN",9.05415850372959e-05,NA,NA,NA
"run02_topology_LCN2",7938,"AGTR1",7.87895413547623e-05,NA,NA,NA
"run02_topology_LCN2",7939,"EIF2AK2",0.000116554297583948,NA,NA,NA
"run02_topology_LCN2",7940,"CALM2",0,NA,NA,NA
"run02_topology_LCN2",7941,"AURKA",5.49029298524406e-05,NA,NA,NA
"run02_topology_LCN2",7942,"ACE2",6.17806475236016e-05,NA,NA,NA
"run02_topology_LCN2",7943,"GLUD1",0.00010300883354164,NA,NA,NA
"run02_topology_LCN2",7944,"CYP17A1",3.31356115126358e-05,NA,NA,NA
"run02_topology_LCN2",7945,"ALDH1B1",0,NA,NA,NA
"run02_topology_LCN2",7946,"GLUD1",0.00010300883354164,NA,NA,NA
"run02_topology_LCN2",7947,"CYP2D6",2.95879994604009e-05,NA,NA,NA
"run02_topology_LCN2",7948,"NDUFS3",7.91874029407724e-05,NA,NA,NA
"run02_topology_LCN2",7949,"EIF2AK2",0.000116554297583948,NA,NA,NA
"run02_topology_LCN2",7950,"RYR2",4.78345186669671e-05,NA,NA,NA
"run02_topology_LCN2",7951,"PARK7",5.03123803161643e-05,NA,NA,NA
"run02_topology_LCN2",7952,"ACSL1",4.92269468655993e-05,NA,NA,NA
"run02_topology_LCN2",7953,"GRIA1",1.90084712514693e-06,NA,NA,NA
"run02_topology_LCN2",7954,"RYR2",4.78345186669671e-05,NA,NA,NA
"run02_topology_LCN2",7955,"FABP4",8.52242665472236e-05,NA,NA,NA
"run02_topology_LCN2",7956,"PPARD",4.39109792027548e-05,NA,NA,NA
"run02_topology_LCN2",7957,"NPPA",7.28658572474172e-05,NA,NA,NA
"run02_topology_LCN2",7958,"PRKCZ",0.00127837750571802,NA,NA,NA
"run02_topology_LCN2",7959,"DLG1",6.50075176803488e-05,NA,NA,NA
"run02_topology_LCN2",7960,"BTK",0.000119272845312435,NA,NA,NA
"run02_topology_LCN2",7961,"GRIA2",6.42468498274207e-05,NA,NA,NA
"run02_topology_LCN2",7962,"PPIF",5.98208087934093e-05,NA,NA,NA
"run02_topology_LCN2",7963,"DLG1",6.50075176803488e-05,NA,NA,NA
"run02_topology_LCN2",7964,"CPT1A",1.49157660161992e-05,NA,NA,NA
"run02_topology_LCN2",7965,"VIM",5.2598025607753e-05,NA,NA,NA
"run02_topology_LCN2",7966,"SLC6A4",7.25412905625555e-05,NA,NA,NA
"run02_topology_LCN2",7967,"CALM2",0,NA,NA,NA
"run02_topology_LCN2",7968,"C3",4.60004945984638e-05,NA,NA,NA
"run02_topology_LCN2",7969,"DLG1",6.50075176803488e-05,NA,NA,NA
"run02_topology_LCN2",7970,"CACNA1B",0,NA,NA,NA
"run02_topology_LCN2",7971,"ACACA",7.98311027262466e-05,NA,NA,NA
"run02_topology_LCN2",7972,"ACACA",7.98311027262466e-05,NA,NA,NA
"run02_topology_LCN2",7973,"BAX",8.97923976903581e-05,NA,NA,NA
"run02_topology_LCN2",7974,"CYP2C19",1.83094707274511e-05,NA,NA,NA
"run02_topology_LCN2",7975,"FABP4",8.52242665472236e-05,NA,NA,NA
"run02_topology_LCN2",7976,"CACNA1B",0,NA,NA,NA
"run02_topology_LCN2",7977,"EIF2AK2",0.000116554297583948,NA,NA,NA
"run02_topology_LCN2",7978,"SCN1A",4.8526600018195e-05,NA,NA,NA
"run02_topology_LCN2",7979,"HSD3B2",2.44539251612608e-05,NA,NA,NA
"run02_topology_LCN2",7980,"PARK7",5.03123803161643e-05,NA,NA,NA
"run02_topology_LCN2",7981,"KEAP1",8.90865911317151e-05,NA,NA,NA
"run02_topology_LCN2",7982,"NFATC1",5.51292228962996e-05,NA,NA,NA
"run02_topology_LCN2",7983,"PARK7",5.03123803161643e-05,NA,NA,NA
"run02_topology_LCN2",7984,"NPPA",7.28658572474172e-05,NA,NA,NA
"run02_topology_LCN2",7985,"C3",4.60004945984638e-05,NA,NA,NA
"run02_topology_LCN2",7986,"AKR1D1",0.0010662752740489,NA,NA,NA
"run02_topology_LCN2",7987,"COL1A2",8.49027404237201e-06,NA,NA,NA
"run02_topology_LCN2",7988,"CYP2D6",2.95879994604009e-05,NA,NA,NA
"run02_topology_LCN2",7989,"RASA1",5.55702489675181e-05,NA,NA,NA
"run02_topology_LCN2",7990,"PARK7",5.03123803161643e-05,NA,NA,NA
"run02_topology_LCN2",7991,"CPT1A",1.49157660161992e-05,NA,NA,NA
"run02_topology_LCN2",7992,"VIM",5.2598025607753e-05,NA,NA,NA
"run02_topology_LCN2",7993,"AURKB",0.000100012341094136,NA,NA,NA
"run02_topology_LCN2",7994,"CTSD",0.000133066364187417,NA,NA,NA
"run02_topology_LCN2",7995,"ACSL1",4.92269468655993e-05,NA,NA,NA
"run02_topology_LCN2",7996,"RYR2",4.78345186669671e-05,NA,NA,NA
"run02_topology_LCN2",7997,"COL1A2",8.49027404237201e-06,NA,NA,NA
"run02_topology_LCN2",7998,"BAX",8.97923976903581e-05,NA,NA,NA
"run02_topology_LCN2",7999,"NFATC1",5.51292228962996e-05,NA,NA,NA
"run02_topology_LCN2",8000,"CACNA1B",0,NA,NA,NA
"run02_topology_LCN2",8001,"NOS2",2.38274351227474e-05,NA,NA,NA
"run02_topology_LCN2",8002,"ITGA5",0.00127400659039045,NA,NA,NA
"run02_topology_LCN2",8003,"EIF2S1",0.000110140192739028,NA,NA,NA
"run02_topology_LCN2",8004,"PARK7",5.03123803161643e-05,NA,NA,NA
"run02_topology_LCN2",8005,"ACE2",6.17806475236016e-05,NA,NA,NA
"run02_topology_LCN2",8006,"RASA1",5.55702489675181e-05,NA,NA,NA
"run02_topology_LCN2",8007,"GOT1",5.88174838508371e-05,NA,NA,NA
"run02_topology_LCN2",8008,"RYR1",8.59077355945814e-05,NA,NA,NA
"run02_topology_LCN2",8009,"CTSD",0.000133066364187417,NA,NA,NA
"run02_topology_LCN2",8010,"CTSD",0.000133066364187417,NA,NA,NA
"run02_topology_LCN2",8011,"CPT1A",1.49157660161992e-05,NA,NA,NA
"run02_topology_LCN2",8012,"DLG1",6.50075176803488e-05,NA,NA,NA
"run02_topology_LCN2",8013,"ACACA",7.98311027262466e-05,NA,NA,NA
"run02_topology_LCN2",8014,"AKR1C1",5.66614851992275e-05,NA,NA,NA
"run02_topology_LCN2",8015,"CALR",4.38793673526172e-05,NA,NA,NA
"run02_topology_LCN2",8016,"AGTR1",7.87895413547623e-05,NA,NA,NA
"run02_topology_LCN2",8017,"ALDH1B1",0,NA,NA,NA
"run02_topology_LCN2",8018,"FURIN",9.05415850372959e-05,NA,NA,NA
"run02_topology_LCN2",8019,"ACE2",6.17806475236016e-05,NA,NA,NA
"run02_topology_LCN2",8020,"ACE2",6.17806475236016e-05,NA,NA,NA
"run02_topology_LCN2",8021,"AKR1C1",5.66614851992275e-05,NA,NA,NA
"run02_topology_LCN2",8022,"PARK7",5.03123803161643e-05,NA,NA,NA
"run02_topology_LCN2",8023,"ACACA",7.98311027262466e-05,NA,NA,NA
"run02_topology_LCN2",8024,"CALM2",0,NA,NA,NA
"run02_topology_LCN2",8025,"AKR1C1",5.66614851992275e-05,NA,NA,NA
"run02_topology_LCN2",8026,"AURKB",0.000100012341094136,NA,NA,NA
"run02_topology_LCN2",8027,"COL1A2",8.49027404237201e-06,NA,NA,NA
"run02_topology_LCN2",8028,"PPARD",4.39109792027548e-05,NA,NA,NA
"run02_topology_LCN2",8029,"NFATC1",5.51292228962996e-05,NA,NA,NA
"run02_topology_LCN2",8030,"AGTR1",7.87895413547623e-05,NA,NA,NA
"run02_topology_LCN2",8031,"RASA1",5.55702489675181e-05,NA,NA,NA
"run02_topology_LCN2",8032,"COL1A2",8.49027404237201e-06,NA,NA,NA
"run02_topology_LCN2",8033,"ACACA",7.98311027262466e-05,NA,NA,NA
"run02_topology_LCN2",8034,"HSD3B2",2.44539251612608e-05,NA,NA,NA
"run02_topology_LCN2",8035,"PPARD",4.39109792027548e-05,NA,NA,NA
"run02_topology_LCN2",8036,"ACE2",6.17806475236016e-05,NA,NA,NA
"run02_topology_LCN2",8037,"NOS2",2.38274351227474e-05,NA,NA,NA
"run02_topology_LCN2",8038,"CYP2C19",1.83094707274511e-05,NA,NA,NA
"run02_topology_LCN2",8039,"CALM2",0,NA,NA,NA
"run02_topology_LCN2",8040,"FABP4",8.52242665472236e-05,NA,NA,NA
"run02_topology_LCN2",8041,"RYR2",4.78345186669671e-05,NA,NA,NA
"run02_topology_LCN2",8042,"EIF2S1",0.000110140192739028,NA,NA,NA
"run02_topology_LCN2",8043,"ACTG1",2.72461711825489e-06,NA,NA,NA
"run02_topology_LCN2",8044,"C3",4.60004945984638e-05,NA,NA,NA
"run02_topology_LCN2",8045,"FABP4",8.52242665472236e-05,NA,NA,NA
"run02_topology_LCN2",8046,"SCN1A",4.8526600018195e-05,NA,NA,NA
"run02_topology_LCN2",8047,"ALDH3A1",7.8987277396747e-05,NA,NA,NA
"run02_topology_LCN2",8048,"ACTG1",2.72461711825489e-06,NA,NA,NA
"run02_topology_LCN2",8049,"CYP17A1",3.31356115126358e-05,NA,NA,NA
"run02_topology_LCN2",8050,"PPARD",4.39109792027548e-05,NA,NA,NA
"run02_topology_LCN2",8051,"RASA1",5.55702489675181e-05,NA,NA,NA
"run02_topology_LCN2",8052,"ACACA",7.98311027262466e-05,NA,NA,NA
"run02_topology_LCN2",8053,"PPIF",5.98208087934093e-05,NA,NA,NA
"run02_topology_LCN2",8054,"PPARD",4.39109792027548e-05,NA,NA,NA
"run02_topology_LCN2",8055,"SCN1A",4.8526600018195e-05,NA,NA,NA
"run02_topology_LCN2",8056,"GRIA1",1.90084712514693e-06,NA,NA,NA
"run02_topology_LCN2",8057,"CPT1A",1.49157660161992e-05,NA,NA,NA
"run02_topology_LCN2",8058,"EIF2AK2",0.000116554297583948,NA,NA,NA
"run02_topology_LCN2",8059,"NFATC1",5.51292228962996e-05,NA,NA,NA
"run02_topology_LCN2",8060,"PPIF",5.98208087934093e-05,NA,NA,NA
"run02_topology_LCN2",8061,"ACSL1",4.92269468655993e-05,NA,NA,NA
"run02_topology_LCN2",8062,"NOS2",2.38274351227474e-05,NA,NA,NA
"run02_topology_LCN2",8063,"CYP2D6",2.95879994604009e-05,NA,NA,NA
"run02_topology_LCN2",8064,"NPPA",7.28658572474172e-05,NA,NA,NA
"run02_topology_LCN2",8065,"NOS2",2.38274351227474e-05,NA,NA,NA
"run02_topology_LCN2",8066,"ALDH1B1",0,NA,NA,NA
"run02_topology_LCN2",8067,"CYP17A1",3.31356115126358e-05,NA,NA,NA
"run02_topology_LCN2",8068,"SCN1A",4.8526600018195e-05,NA,NA,NA
"run02_topology_LCN2",8069,"C3",4.60004945984638e-05,NA,NA,NA
"run02_topology_LCN2",8070,"AGTR1",7.87895413547623e-05,NA,NA,NA
"run02_topology_LCN2",8071,"PRKCZ",0.00127837750571802,NA,NA,NA
"run02_topology_LCN2",8072,"ALDH1B1",0,NA,NA,NA
"run02_topology_LCN2",8073,"EIF2AK2",0.000116554297583948,NA,NA,NA
"run02_topology_LCN2",8074,"EIF2AK2",0.000116554297583948,NA,NA,NA
"run02_topology_LCN2",8075,"NOS2",2.38274351227474e-05,NA,NA,NA
"run02_topology_LCN2",8076,"NFATC1",5.51292228962996e-05,NA,NA,NA
"run02_topology_LCN2",8077,"FABP4",8.52242665472236e-05,NA,NA,NA
"run02_topology_LCN2",8078,"RASA1",5.55702489675181e-05,NA,NA,NA
"run02_topology_LCN2",8079,"GRIA1",1.90084712514693e-06,NA,NA,NA
"run02_topology_LCN2",8080,"AURKA",5.49029298524406e-05,NA,NA,NA
"run02_topology_LCN2",8081,"AURKB",0.000100012341094136,NA,NA,NA
"run02_topology_LCN2",8082,"CACNA1B",0,NA,NA,NA
"run02_topology_LCN2",8083,"PPARD",4.39109792027548e-05,NA,NA,NA
"run02_topology_LCN2",8084,"ACTG1",2.72461711825489e-06,NA,NA,NA
"run02_topology_LCN2",8085,"GOT1",5.88174838508371e-05,NA,NA,NA
"run02_topology_LCN2",8086,"FABP4",8.52242665472236e-05,NA,NA,NA
"run02_topology_LCN2",8087,"CTSD",0.000133066364187417,NA,NA,NA
"run02_topology_LCN2",8088,"GRIA1",1.90084712514693e-06,NA,NA,NA
"run02_topology_LCN2",8089,"ACE2",6.17806475236016e-05,NA,NA,NA
"run02_topology_LCN2",8090,"FURIN",9.05415850372959e-05,NA,NA,NA
"run02_topology_LCN2",8091,"AKR1C1",5.66614851992275e-05,NA,NA,NA
"run02_topology_LCN2",8092,"CYP17A1",3.31356115126358e-05,NA,NA,NA
"run02_topology_LCN2",8093,"ITGA5",0.00127400659039045,NA,NA,NA
"run02_topology_LCN2",8094,"NFATC1",5.51292228962996e-05,NA,NA,NA
"run02_topology_LCN2",8095,"SCN1A",4.8526600018195e-05,NA,NA,NA
"run02_topology_LCN2",8096,"GOT1",5.88174838508371e-05,NA,NA,NA
"run02_topology_LCN2",8097,"RASA1",5.55702489675181e-05,NA,NA,NA
"run02_topology_LCN2",8098,"NPPA",7.28658572474172e-05,NA,NA,NA
"run02_topology_LCN2",8099,"BTK",0.000119272845312435,NA,NA,NA
"run02_topology_LCN2",8100,"VIM",5.2598025607753e-05,NA,NA,NA
"run02_topology_LCN2",8101,"FURIN",9.05415850372959e-05,NA,NA,NA
"run02_topology_LCN2",8102,"AURKB",0.000100012341094136,NA,NA,NA
"run02_topology_LCN2",8103,"GRIA1",1.90084712514693e-06,NA,NA,NA
"run02_topology_LCN2",8104,"GOT1",5.88174838508371e-05,NA,NA,NA
"run02_topology_LCN2",8105,"AKR1C1",5.66614851992275e-05,NA,NA,NA
"run02_topology_LCN2",8106,"BAX",8.97923976903581e-05,NA,NA,NA
"run02_topology_LCN2",8107,"RYR1",8.59077355945814e-05,NA,NA,NA
"run02_topology_LCN2",8108,"ADH5",7.50101523409041e-05,NA,NA,NA
"run02_topology_LCN2",8109,"ALDH1B1",0,NA,NA,NA
"run02_topology_LCN2",8110,"EIF2AK2",0.000116554297583948,NA,NA,NA
"run02_topology_LCN2",8111,"NFATC1",5.51292228962996e-05,NA,NA,NA
"run02_topology_LCN2",8112,"ITGA5",0.00127400659039045,NA,NA,NA
"run02_topology_LCN2",8113,"CACNA1B",0,NA,NA,NA
"run02_topology_LCN2",8114,"NFATC1",5.51292228962996e-05,NA,NA,NA
"run02_topology_LCN2",8115,"GRIA1",1.90084712514693e-06,NA,NA,NA
"run02_topology_LCN2",8116,"ADH5",7.50101523409041e-05,NA,NA,NA
"run02_topology_LCN2",8117,"VIM",5.2598025607753e-05,NA,NA,NA
"run02_topology_LCN2",8118,"ADH5",7.50101523409041e-05,NA,NA,NA
"run02_topology_LCN2",8119,"AKR1C1",5.66614851992275e-05,NA,NA,NA
"run02_topology_LCN2",8120,"BTK",0.000119272845312435,NA,NA,NA
"run02_topology_LCN2",8121,"SCN1A",4.8526600018195e-05,NA,NA,NA
"run02_topology_LCN2",8122,"GRIA2",6.42468498274207e-05,NA,NA,NA
"run02_topology_LCN2",8123,"ADH5",7.50101523409041e-05,NA,NA,NA
"run02_topology_LCN2",8124,"ITGA5",0.00127400659039045,NA,NA,NA
"run02_topology_LCN2",8125,"AKR1C1",5.66614851992275e-05,NA,NA,NA
"run02_topology_LCN2",8126,"RASA1",5.55702489675181e-05,NA,NA,NA
"run02_topology_LCN2",8127,"KEAP1",8.90865911317151e-05,NA,NA,NA
"run02_topology_LCN2",8128,"RYR1",8.59077355945814e-05,NA,NA,NA
"run02_topology_LCN2",8129,"AURKB",0.000100012341094136,NA,NA,NA
"run02_topology_LCN2",8130,"SCN1A",4.8526600018195e-05,NA,NA,NA
"run02_topology_LCN2",8131,"BAX",8.97923976903581e-05,NA,NA,NA
"run02_topology_LCN2",8132,"NFATC1",5.51292228962996e-05,NA,NA,NA
"run02_topology_LCN2",8133,"BTK",0.000119272845312435,NA,NA,NA
"run02_topology_LCN2",8134,"BTK",0.000119272845312435,NA,NA,NA
"run02_topology_LCN2",8135,"ITGA5",0.00127400659039045,NA,NA,NA
"run02_topology_LCN2",8136,"ACSL1",4.92269468655993e-05,NA,NA,NA
"run02_topology_LCN2",8137,"ADH5",7.50101523409041e-05,NA,NA,NA
"run02_topology_LCN2",8138,"DLG1",6.50075176803488e-05,NA,NA,NA
"run02_topology_LCN2",8139,"RYR1",8.59077355945814e-05,NA,NA,NA
"run02_topology_LCN2",8140,"C3",4.60004945984638e-05,NA,NA,NA
"run02_topology_LCN2",8141,"AURKA",5.49029298524406e-05,NA,NA,NA
"run02_topology_LCN2",8142,"GRIA2",6.42468498274207e-05,NA,NA,NA
"run02_topology_LCN2",8143,"DLG1",6.50075176803488e-05,NA,NA,NA
"run02_topology_LCN2",8144,"ADH5",7.50101523409041e-05,NA,NA,NA
"run02_topology_LCN2",8145,"AURKA",5.49029298524406e-05,NA,NA,NA
"run02_topology_LCN2",8146,"FURIN",9.05415850372959e-05,NA,NA,NA
"run02_topology_LCN2",8147,"ALDH1B1",0,NA,NA,NA
"run02_topology_LCN2",8148,"PPIF",5.98208087934093e-05,NA,NA,NA
"run02_topology_LCN2",8149,"AKR1C1",5.66614851992275e-05,NA,NA,NA
"run02_topology_LCN2",8150,"PPARD",4.39109792027548e-05,NA,NA,NA
"run02_topology_LCN2",8151,"EIF2AK2",0.000116554297583948,NA,NA,NA
"run02_topology_LCN2",8152,"SCN1A",4.8526600018195e-05,NA,NA,NA
"run02_topology_LCN2",8153,"ITGA5",0.00127400659039045,NA,NA,NA
"run02_topology_LCN2",8154,"EIF2AK2",0.000116554297583948,NA,NA,NA
"run02_topology_LCN2",8155,"FABP4",8.52242665472236e-05,NA,NA,NA
"run02_topology_LCN2",8156,"ACSL1",4.92269468655993e-05,NA,NA,NA
"run02_topology_LCN2",8157,"RASA1",5.55702489675181e-05,NA,NA,NA
"run02_topology_LCN2",8158,"CACNA1B",0,NA,NA,NA
"run02_topology_LCN2",8159,"PPARD",4.39109792027548e-05,NA,NA,NA
"run02_topology_LCN2",8160,"ACACA",7.98311027262466e-05,NA,NA,NA
"run02_topology_LCN2",8161,"NOS2",2.38274351227474e-05,NA,NA,NA
"run02_topology_LCN2",8162,"PARK7",5.03123803161643e-05,NA,NA,NA
"run02_topology_LCN2",8163,"FABP4",8.52242665472236e-05,NA,NA,NA
"run02_topology_LCN2",8164,"SCN1A",4.8526600018195e-05,NA,NA,NA
"run02_topology_LCN2",8165,"FURIN",9.05415850372959e-05,NA,NA,NA
"run02_topology_LCN2",8166,"VIM",5.2598025607753e-05,NA,NA,NA
"run02_topology_LCN2",8167,"ALDH1B1",0,NA,NA,NA
"run02_topology_LCN2",8168,"ACE2",6.17806475236016e-05,NA,NA,NA
"run02_topology_LCN2",8169,"ITGA5",0.00127400659039045,NA,NA,NA
"run02_topology_LCN2",8170,"KEAP1",8.90865911317151e-05,NA,NA,NA
"run02_topology_LCN2",8171,"AGTR1",7.87895413547623e-05,NA,NA,NA
"run02_topology_LCN2",8172,"PPIF",5.98208087934093e-05,NA,NA,NA
"run02_topology_LCN2",8173,"PRKCZ",0.00127837750571802,NA,NA,NA
"run02_topology_LCN2",8174,"ADH5",7.50101523409041e-05,NA,NA,NA
"run02_topology_LCN2",8175,"DLG1",6.50075176803488e-05,NA,NA,NA
"run02_topology_LCN2",8176,"FURIN",9.05415850372959e-05,NA,NA,NA
"run02_topology_LCN2",8177,"CYP17A1",3.31356115126358e-05,NA,NA,NA
"run02_topology_LCN2",8178,"ALDH3A1",7.8987277396747e-05,NA,NA,NA
"run02_topology_LCN2",8179,"CACNA1B",0,NA,NA,NA
"run02_topology_LCN2",8180,"AURKB",0.000100012341094136,NA,NA,NA
"run02_topology_LCN2",8181,"GRIA2",6.42468498274207e-05,NA,NA,NA
"run02_topology_LCN2",8182,"C3",4.60004945984638e-05,NA,NA,NA
"run02_topology_LCN2",8183,"CALR",4.38793673526172e-05,NA,NA,NA
"run02_topology_LCN2",8184,"RYR2",4.78345186669671e-05,NA,NA,NA
"run02_topology_LCN2",8185,"NDUFS3",7.91874029407724e-05,NA,NA,NA
"run02_topology_LCN2",8186,"CYP2C19",1.83094707274511e-05,NA,NA,NA
"run02_topology_LCN2",8187,"CACNA1B",0,NA,NA,NA
"run02_topology_LCN2",8188,"NPPA",7.28658572474172e-05,NA,NA,NA
"run02_topology_LCN2",8189,"C3",4.60004945984638e-05,NA,NA,NA
"run02_topology_LCN2",8190,"ALDH3A1",7.8987277396747e-05,NA,NA,NA
"run02_topology_LCN2",8191,"AGTR1",7.87895413547623e-05,NA,NA,NA
"run02_topology_LCN2",8192,"CYP2D6",2.95879994604009e-05,NA,NA,NA
"run02_topology_LCN2",8193,"BTK",0.000119272845312435,NA,NA,NA
"run02_topology_LCN2",8194,"PPIF",5.98208087934093e-05,NA,NA,NA
"run02_topology_LCN2",8195,"CALM2",0,NA,NA,NA
"run02_topology_LCN2",8196,"RYR1",8.59077355945814e-05,NA,NA,NA
"run02_topology_LCN2",8197,"EIF2AK2",0.000116554297583948,NA,NA,NA
"run02_topology_LCN2",8198,"RYR1",8.59077355945814e-05,NA,NA,NA
"run02_topology_LCN2",8199,"NOS2",2.38274351227474e-05,NA,NA,NA
"run02_topology_LCN2",8200,"EIF2S1",0.000110140192739028,NA,NA,NA
"run02_topology_LCN2",8201,"CYP2D6",2.95879994604009e-05,NA,NA,NA
"run02_topology_LCN2",8202,"KEAP1",8.90865911317151e-05,NA,NA,NA
"run02_topology_LCN2",8203,"VIM",5.2598025607753e-05,NA,NA,NA
"run02_topology_LCN2",8204,"CYP17A1",3.31356115126358e-05,NA,NA,NA
"run02_topology_LCN2",8205,"SLC6A4",7.25412905625555e-05,NA,NA,NA
"run02_topology_LCN2",8206,"NDUFS3",7.91874029407724e-05,NA,NA,NA
"run02_topology_LCN2",8207,"CYP17A1",3.31356115126358e-05,NA,NA,NA
"run02_topology_LCN2",8208,"BTK",0.000119272845312435,NA,NA,NA
"run02_topology_LCN2",8209,"C3",4.60004945984638e-05,NA,NA,NA
"run02_topology_LCN2",8210,"GRIA1",1.90084712514693e-06,NA,NA,NA
"run02_topology_LCN2",8211,"VIM",5.2598025607753e-05,NA,NA,NA
"run02_topology_LCN2",8212,"AGTR1",7.87895413547623e-05,NA,NA,NA
"run02_topology_LCN2",8213,"EIF2AK2",0.000116554297583948,NA,NA,NA
"run02_topology_LCN2",8214,"AKR1C1",5.66614851992275e-05,NA,NA,NA
"run02_topology_LCN2",8215,"CALM2",0,NA,NA,NA
"run02_topology_LCN2",8216,"CYP17A1",3.31356115126358e-05,NA,NA,NA
"run02_topology_LCN2",8217,"CACNA1B",0,NA,NA,NA
"run02_topology_LCN2",8218,"NOS2",2.38274351227474e-05,NA,NA,NA
"run02_topology_LCN2",8219,"FURIN",9.05415850372959e-05,NA,NA,NA
"run02_topology_LCN2",8220,"SLC6A4",7.25412905625555e-05,NA,NA,NA
"run02_topology_LCN2",8221,"PPIF",5.98208087934093e-05,NA,NA,NA
"run02_topology_LCN2",8222,"CALR",4.38793673526172e-05,NA,NA,NA
"run02_topology_LCN2",8223,"CYP2D6",2.95879994604009e-05,NA,NA,NA
"run02_topology_LCN2",8224,"AKR1C1",5.66614851992275e-05,NA,NA,NA
"run02_topology_LCN2",8225,"EIF2AK2",0.000116554297583948,NA,NA,NA
"run02_topology_LCN2",8226,"CACNA1B",0,NA,NA,NA
"run02_topology_LCN2",8227,"AGTR1",7.87895413547623e-05,NA,NA,NA
"run02_topology_LCN2",8228,"ACACA",7.98311027262466e-05,NA,NA,NA
"run02_topology_LCN2",8229,"PARK7",5.03123803161643e-05,NA,NA,NA
"run02_topology_LCN2",8230,"EIF2S1",0.000110140192739028,NA,NA,NA
"run02_topology_LCN2",8231,"CACNA1B",0,NA,NA,NA
"run02_topology_LCN2",8232,"ADH5",7.50101523409041e-05,NA,NA,NA
"run02_topology_LCN2",8233,"VIM",5.2598025607753e-05,NA,NA,NA
"run02_topology_LCN2",8234,"AKR1D1",0.0010662752740489,NA,NA,NA
"run02_topology_LCN2",8235,"C3",4.60004945984638e-05,NA,NA,NA
"run02_topology_LCN2",8236,"ALDH3A1",7.8987277396747e-05,NA,NA,NA
"run02_topology_LCN2",8237,"ADH5",7.50101523409041e-05,NA,NA,NA
"run02_topology_LCN2",8238,"NFATC1",5.51292228962996e-05,NA,NA,NA
"run02_topology_LCN2",8239,"AKR1C1",5.66614851992275e-05,NA,NA,NA
"run02_topology_LCN2",8240,"AGTR1",7.87895413547623e-05,NA,NA,NA
"run02_topology_LCN2",8241,"CPT1A",1.49157660161992e-05,NA,NA,NA
"run02_topology_LCN2",8242,"SLC6A4",7.25412905625555e-05,NA,NA,NA
"run02_topology_LCN2",8243,"NOS2",2.38274351227474e-05,NA,NA,NA
"run02_topology_LCN2",8244,"GRIA1",1.90084712514693e-06,NA,NA,NA
"run02_topology_LCN2",8245,"HSD3B2",2.44539251612608e-05,NA,NA,NA
"run02_topology_LCN2",8246,"CALR",4.38793673526172e-05,NA,NA,NA
"run02_topology_LCN2",8247,"AURKB",0.000100012341094136,NA,NA,NA
"run02_topology_LCN2",8248,"GLUD1",0.00010300883354164,NA,NA,NA
"run02_topology_LCN2",8249,"CALR",4.38793673526172e-05,NA,NA,NA
"run02_topology_LCN2",8250,"NOS2",2.38274351227474e-05,NA,NA,NA
"run02_topology_LCN2",8251,"SCN1A",4.8526600018195e-05,NA,NA,NA
"run02_topology_LCN2",8252,"CACNA1B",0,NA,NA,NA
"run02_topology_LCN2",8253,"COL1A2",8.49027404237201e-06,NA,NA,NA
"run02_topology_LCN2",8254,"NFATC1",5.51292228962996e-05,NA,NA,NA
"run02_topology_LCN2",8255,"CALR",4.38793673526172e-05,NA,NA,NA
"run02_topology_LCN2",8256,"VIM",5.2598025607753e-05,NA,NA,NA
"run02_topology_LCN2",8257,"SCN1A",4.8526600018195e-05,NA,NA,NA
"run02_topology_LCN2",8258,"CALR",4.38793673526172e-05,NA,NA,NA
"run02_topology_LCN2",8259,"ALDH1B1",0,NA,NA,NA
"run02_topology_LCN2",8260,"PPARD",4.39109792027548e-05,NA,NA,NA
"run02_topology_LCN2",8261,"AURKA",5.49029298524406e-05,NA,NA,NA
"run02_topology_LCN2",8262,"HSD3B2",2.44539251612608e-05,NA,NA,NA
"run02_topology_LCN2",8263,"NPPA",7.28658572474172e-05,NA,NA,NA
"run02_topology_LCN2",8264,"CYP2D6",2.95879994604009e-05,NA,NA,NA
"run02_topology_LCN2",8265,"AURKA",5.49029298524406e-05,NA,NA,NA
"run02_topology_LCN2",8266,"CALM2",0,NA,NA,NA
"run02_topology_LCN2",8267,"CPT1A",1.49157660161992e-05,NA,NA,NA
"run02_topology_LCN2",8268,"COL1A2",8.49027404237201e-06,NA,NA,NA
"run02_topology_LCN2",8269,"GRIA2",6.42468498274207e-05,NA,NA,NA
"run02_topology_LCN2",8270,"AKR1C1",5.66614851992275e-05,NA,NA,NA
"run02_topology_LCN2",8271,"ADH5",7.50101523409041e-05,NA,NA,NA
"run02_topology_LCN2",8272,"GRIA1",1.90084712514693e-06,NA,NA,NA
"run02_topology_LCN2",8273,"NPPA",7.28658572474172e-05,NA,NA,NA
"run02_topology_LCN2",8274,"CALR",4.38793673526172e-05,NA,NA,NA
"run02_topology_LCN2",8275,"PPARD",4.39109792027548e-05,NA,NA,NA
"run02_topology_LCN2",8276,"NOS2",2.38274351227474e-05,NA,NA,NA
"run02_topology_LCN2",8277,"AKR1C1",5.66614851992275e-05,NA,NA,NA
"run02_topology_LCN2",8278,"NPPA",7.28658572474172e-05,NA,NA,NA
"run02_topology_LCN2",8279,"KEAP1",8.90865911317151e-05,NA,NA,NA
"run02_topology_LCN2",8280,"HSD3B2",2.44539251612608e-05,NA,NA,NA
"run02_topology_LCN2",8281,"AKR1D1",0.0010662752740489,NA,NA,NA
"run02_topology_LCN2",8282,"DLG1",6.50075176803488e-05,NA,NA,NA
"run02_topology_LCN2",8283,"PPIF",5.98208087934093e-05,NA,NA,NA
"run02_topology_LCN2",8284,"ACSL1",4.92269468655993e-05,NA,NA,NA
"run02_topology_LCN2",8285,"CTSD",0.000133066364187417,NA,NA,NA
"run02_topology_LCN2",8286,"COL1A2",8.49027404237201e-06,NA,NA,NA
"run02_topology_LCN2",8287,"HSD3B2",2.44539251612608e-05,NA,NA,NA
"run02_topology_LCN2",8288,"CYP17A1",3.31356115126358e-05,NA,NA,NA
"run02_topology_LCN2",8289,"ACE2",6.17806475236016e-05,NA,NA,NA
"run02_topology_LCN2",8290,"DLG1",6.50075176803488e-05,NA,NA,NA
"run02_topology_LCN2",8291,"RYR1",8.59077355945814e-05,NA,NA,NA
"run02_topology_LCN2",8292,"SCN1A",4.8526600018195e-05,NA,NA,NA
"run02_topology_LCN2",8293,"PPARD",4.39109792027548e-05,NA,NA,NA
"run02_topology_LCN2",8294,"RYR1",8.59077355945814e-05,NA,NA,NA
"run02_topology_LCN2",8295,"ADH5",7.50101523409041e-05,NA,NA,NA
"run02_topology_LCN2",8296,"COL1A2",8.49027404237201e-06,NA,NA,NA
"run02_topology_LCN2",8297,"SCN1A",4.8526600018195e-05,NA,NA,NA
"run02_topology_LCN2",8298,"NDUFS3",7.91874029407724e-05,NA,NA,NA
"run02_topology_LCN2",8299,"GLUD1",0.00010300883354164,NA,NA,NA
"run02_topology_LCN2",8300,"RYR1",8.59077355945814e-05,NA,NA,NA
"run02_topology_LCN2",8301,"ACTG1",2.72461711825489e-06,NA,NA,NA
"run02_topology_LCN2",8302,"CACNA1B",0,NA,NA,NA
"run02_topology_LCN2",8303,"HSD3B2",2.44539251612608e-05,NA,NA,NA
"run02_topology_LCN2",8304,"PPARD",4.39109792027548e-05,NA,NA,NA
"run02_topology_LCN2",8305,"EIF2AK2",0.000116554297583948,NA,NA,NA
"run02_topology_LCN2",8306,"GOT1",5.88174838508371e-05,NA,NA,NA
"run02_topology_LCN2",8307,"AKR1C1",5.66614851992275e-05,NA,NA,NA
"run02_topology_LCN2",8308,"ACTG1",2.72461711825489e-06,NA,NA,NA
"run02_topology_LCN2",8309,"EIF2S1",0.000110140192739028,NA,NA,NA
"run02_topology_LCN2",8310,"ALDH3A1",7.8987277396747e-05,NA,NA,NA
"run02_topology_LCN2",8311,"AKR1C1",5.66614851992275e-05,NA,NA,NA
"run02_topology_LCN2",8312,"EIF2S1",0.000110140192739028,NA,NA,NA
"run02_topology_LCN2",8313,"RYR2",4.78345186669671e-05,NA,NA,NA
"run02_topology_LCN2",8314,"RYR2",4.78345186669671e-05,NA,NA,NA
"run02_topology_LCN2",8315,"GRIA2",6.42468498274207e-05,NA,NA,NA
"run02_topology_LCN2",8316,"PRKCZ",0.00127837750571802,NA,NA,NA
"run02_topology_LCN2",8317,"CACNA1B",0,NA,NA,NA
"run02_topology_LCN2",8318,"COL1A2",8.49027404237201e-06,NA,NA,NA
"run02_topology_LCN2",8319,"CTSD",0.000133066364187417,NA,NA,NA
"run02_topology_LCN2",8320,"GOT1",5.88174838508371e-05,NA,NA,NA
"run02_topology_LCN2",8321,"PPARD",4.39109792027548e-05,NA,NA,NA
"run02_topology_LCN2",8322,"COL1A2",8.49027404237201e-06,NA,NA,NA
"run02_topology_LCN2",8323,"RASA1",5.55702489675181e-05,NA,NA,NA
"run02_topology_LCN2",8324,"BAX",8.97923976903581e-05,NA,NA,NA
"run02_topology_LCN2",8325,"PARK7",5.03123803161643e-05,NA,NA,NA
"run02_topology_LCN2",8326,"GOT1",5.88174838508371e-05,NA,NA,NA
"run02_topology_LCN2",8327,"ACE2",6.17806475236016e-05,NA,NA,NA
"run02_topology_LCN2",8328,"AURKA",5.49029298524406e-05,NA,NA,NA
"run02_topology_LCN2",8329,"AKR1D1",0.0010662752740489,NA,NA,NA
"run02_topology_LCN2",8330,"NDUFS3",7.91874029407724e-05,NA,NA,NA
"run02_topology_LCN2",8331,"RYR2",4.78345186669671e-05,NA,NA,NA
"run02_topology_LCN2",8332,"AURKA",5.49029298524406e-05,NA,NA,NA
"run02_topology_LCN2",8333,"ALDH1B1",0,NA,NA,NA
"run02_topology_LCN2",8334,"COL1A2",8.49027404237201e-06,NA,NA,NA
"run02_topology_LCN2",8335,"HSD3B2",2.44539251612608e-05,NA,NA,NA
"run02_topology_LCN2",8336,"NFATC1",5.51292228962996e-05,NA,NA,NA
"run02_topology_LCN2",8337,"ADH5",7.50101523409041e-05,NA,NA,NA
"run02_topology_LCN2",8338,"C3",4.60004945984638e-05,NA,NA,NA
"run02_topology_LCN2",8339,"ACACA",7.98311027262466e-05,NA,NA,NA
"run02_topology_LCN2",8340,"AURKA",5.49029298524406e-05,NA,NA,NA
"run02_topology_LCN2",8341,"FURIN",9.05415850372959e-05,NA,NA,NA
"run02_topology_LCN2",8342,"CALR",4.38793673526172e-05,NA,NA,NA
"run02_topology_LCN2",8343,"RASA1",5.55702489675181e-05,NA,NA,NA
"run02_topology_LCN2",8344,"SCN1A",4.8526600018195e-05,NA,NA,NA
"run02_topology_LCN2",8345,"BTK",0.000119272845312435,NA,NA,NA
"run02_topology_LCN2",8346,"AURKB",0.000100012341094136,NA,NA,NA
"run02_topology_LCN2",8347,"VIM",5.2598025607753e-05,NA,NA,NA
"run02_topology_LCN2",8348,"AKR1D1",0.0010662752740489,NA,NA,NA
"run02_topology_LCN2",8349,"PPARD",4.39109792027548e-05,NA,NA,NA
"run02_topology_LCN2",8350,"SCN1A",4.8526600018195e-05,NA,NA,NA
"run02_topology_LCN2",8351,"ACE2",6.17806475236016e-05,NA,NA,NA
"run02_topology_LCN2",8352,"GOT1",5.88174838508371e-05,NA,NA,NA
"run02_topology_LCN2",8353,"ACTG1",2.72461711825489e-06,NA,NA,NA
"run02_topology_LCN2",8354,"CPT1A",1.49157660161992e-05,NA,NA,NA
"run02_topology_LCN2",8355,"NDUFS3",7.91874029407724e-05,NA,NA,NA
"run02_topology_LCN2",8356,"CYP2D6",2.95879994604009e-05,NA,NA,NA
"run02_topology_LCN2",8357,"EIF2S1",0.000110140192739028,NA,NA,NA
"run02_topology_LCN2",8358,"NDUFS3",7.91874029407724e-05,NA,NA,NA
"run02_topology_LCN2",8359,"EIF2AK2",0.000116554297583948,NA,NA,NA
"run02_topology_LCN2",8360,"PRKCZ",0.00127837750571802,NA,NA,NA
"run02_topology_LCN2",8361,"CALR",4.38793673526172e-05,NA,NA,NA
"run02_topology_LCN2",8362,"BTK",0.000119272845312435,NA,NA,NA
"run02_topology_LCN2",8363,"AURKA",5.49029298524406e-05,NA,NA,NA
"run02_topology_LCN2",8364,"PPIF",5.98208087934093e-05,NA,NA,NA
"run02_topology_LCN2",8365,"GRIA2",6.42468498274207e-05,NA,NA,NA
"run02_topology_LCN2",8366,"AURKA",5.49029298524406e-05,NA,NA,NA
"run02_topology_LCN2",8367,"ITGA5",0.00127400659039045,NA,NA,NA
"run02_topology_LCN2",8368,"ALDH3A1",7.8987277396747e-05,NA,NA,NA
"run02_topology_LCN2",8369,"BAX",8.97923976903581e-05,NA,NA,NA
"run02_topology_LCN2",8370,"ACSL1",4.92269468655993e-05,NA,NA,NA
"run02_topology_LCN2",8371,"AKR1C1",5.66614851992275e-05,NA,NA,NA
"run02_topology_LCN2",8372,"AURKB",0.000100012341094136,NA,NA,NA
"run02_topology_LCN2",8373,"PARK7",5.03123803161643e-05,NA,NA,NA
"run02_topology_LCN2",8374,"ALDH1B1",0,NA,NA,NA
"run02_topology_LCN2",8375,"AKR1C1",5.66614851992275e-05,NA,NA,NA
"run02_topology_LCN2",8376,"GOT1",5.88174838508371e-05,NA,NA,NA
"run02_topology_LCN2",8377,"PPIF",5.98208087934093e-05,NA,NA,NA
"run02_topology_LCN2",8378,"SLC6A4",7.25412905625555e-05,NA,NA,NA
"run02_topology_LCN2",8379,"ALDH1B1",0,NA,NA,NA
"run02_topology_LCN2",8380,"C3",4.60004945984638e-05,NA,NA,NA
"run02_topology_LCN2",8381,"PRKCZ",0.00127837750571802,NA,NA,NA
"run02_topology_LCN2",8382,"CALM2",0,NA,NA,NA
"run02_topology_LCN2",8383,"CYP2D6",2.95879994604009e-05,NA,NA,NA
"run02_topology_LCN2",8384,"ALDH1B1",0,NA,NA,NA
"run02_topology_LCN2",8385,"BTK",0.000119272845312435,NA,NA,NA
"run02_topology_LCN2",8386,"AKR1C1",5.66614851992275e-05,NA,NA,NA
"run02_topology_LCN2",8387,"AKR1C1",5.66614851992275e-05,NA,NA,NA
"run02_topology_LCN2",8388,"PPARD",4.39109792027548e-05,NA,NA,NA
"run02_topology_LCN2",8389,"NDUFS3",7.91874029407724e-05,NA,NA,NA
"run02_topology_LCN2",8390,"BTK",0.000119272845312435,NA,NA,NA
"run02_topology_LCN2",8391,"ALDH1B1",0,NA,NA,NA
"run02_topology_LCN2",8392,"ACSL1",4.92269468655993e-05,NA,NA,NA
"run02_topology_LCN2",8393,"PARK7",5.03123803161643e-05,NA,NA,NA
"run02_topology_LCN2",8394,"ALDH1B1",0,NA,NA,NA
"run02_topology_LCN2",8395,"CYP2D6",2.95879994604009e-05,NA,NA,NA
"run02_topology_LCN2",8396,"CYP2D6",2.95879994604009e-05,NA,NA,NA
"run02_topology_LCN2",8397,"ACE2",6.17806475236016e-05,NA,NA,NA
"run02_topology_LCN2",8398,"RASA1",5.55702489675181e-05,NA,NA,NA
"run02_topology_LCN2",8399,"EIF2AK2",0.000116554297583948,NA,NA,NA
"run02_topology_LCN2",8400,"CACNA1B",0,NA,NA,NA
"run02_topology_LCN2",8401,"NOS2",2.38274351227474e-05,NA,NA,NA
"run02_topology_LCN2",8402,"AGTR1",7.87895413547623e-05,NA,NA,NA
"run02_topology_LCN2",8403,"RYR1",8.59077355945814e-05,NA,NA,NA
"run02_topology_LCN2",8404,"PARK7",5.03123803161643e-05,NA,NA,NA
"run02_topology_LCN2",8405,"PPIF",5.98208087934093e-05,NA,NA,NA
"run02_topology_LCN2",8406,"ALDH1B1",0,NA,NA,NA
"run02_topology_LCN2",8407,"DLG1",6.50075176803488e-05,NA,NA,NA
"run02_topology_LCN2",8408,"CTSD",0.000133066364187417,NA,NA,NA
"run02_topology_LCN2",8409,"FABP4",8.52242665472236e-05,NA,NA,NA
"run02_topology_LCN2",8410,"BAX",8.97923976903581e-05,NA,NA,NA
"run02_topology_LCN2",8411,"AURKB",0.000100012341094136,NA,NA,NA
"run02_topology_LCN2",8412,"ACSL1",4.92269468655993e-05,NA,NA,NA
"run02_topology_LCN2",8413,"CALR",4.38793673526172e-05,NA,NA,NA
"run02_topology_LCN2",8414,"DLG1",6.50075176803488e-05,NA,NA,NA
"run02_topology_LCN2",8415,"BTK",0.000119272845312435,NA,NA,NA
"run02_topology_LCN2",8416,"ALDH1B1",0,NA,NA,NA
"run02_topology_LCN2",8417,"PPARD",4.39109792027548e-05,NA,NA,NA
"run02_topology_LCN2",8418,"RASA1",5.55702489675181e-05,NA,NA,NA
"run02_topology_LCN2",8419,"EIF2AK2",0.000116554297583948,NA,NA,NA
"run02_topology_LCN2",8420,"NFATC1",5.51292228962996e-05,NA,NA,NA
"run02_topology_LCN2",8421,"CYP17A1",3.31356115126358e-05,NA,NA,NA
"run02_topology_LCN2",8422,"BTK",0.000119272845312435,NA,NA,NA
"run02_topology_LCN2",8423,"AGTR1",7.87895413547623e-05,NA,NA,NA
"run02_topology_LCN2",8424,"PPARD",4.39109792027548e-05,NA,NA,NA
"run02_topology_LCN2",8425,"AURKA",5.49029298524406e-05,NA,NA,NA
"run02_topology_LCN2",8426,"CYP2C19",1.83094707274511e-05,NA,NA,NA
"run02_topology_LCN2",8427,"KEAP1",8.90865911317151e-05,NA,NA,NA
"run02_topology_LCN2",8428,"ADH5",7.50101523409041e-05,NA,NA,NA
"run02_topology_LCN2",8429,"EIF2AK2",0.000116554297583948,NA,NA,NA
"run02_topology_LCN2",8430,"AURKA",5.49029298524406e-05,NA,NA,NA
"run02_topology_LCN2",8431,"RYR1",8.59077355945814e-05,NA,NA,NA
"run02_topology_LCN2",8432,"NOS2",2.38274351227474e-05,NA,NA,NA
"run02_topology_LCN2",8433,"GOT1",5.88174838508371e-05,NA,NA,NA
"run02_topology_LCN2",8434,"ACTG1",2.72461711825489e-06,NA,NA,NA
"run02_topology_LCN2",8435,"DLG1",6.50075176803488e-05,NA,NA,NA
"run02_topology_LCN2",8436,"CTSD",0.000133066364187417,NA,NA,NA
"run02_topology_LCN2",8437,"AURKB",0.000100012341094136,NA,NA,NA
"run02_topology_LCN2",8438,"HSD3B2",2.44539251612608e-05,NA,NA,NA
"run02_topology_LCN2",8439,"AURKB",0.000100012341094136,NA,NA,NA
"run02_topology_LCN2",8440,"ADH5",7.50101523409041e-05,NA,NA,NA
"run02_topology_LCN2",8441,"SLC6A4",7.25412905625555e-05,NA,NA,NA
"run02_topology_LCN2",8442,"ACACA",7.98311027262466e-05,NA,NA,NA
"run02_topology_LCN2",8443,"AURKA",5.49029298524406e-05,NA,NA,NA
"run02_topology_LCN2",8444,"FURIN",9.05415850372959e-05,NA,NA,NA
"run02_topology_LCN2",8445,"CYP2D6",2.95879994604009e-05,NA,NA,NA
"run02_topology_LCN2",8446,"FURIN",9.05415850372959e-05,NA,NA,NA
"run02_topology_LCN2",8447,"CYP2C19",1.83094707274511e-05,NA,NA,NA
"run02_topology_LCN2",8448,"RYR1",8.59077355945814e-05,NA,NA,NA
"run02_topology_LCN2",8449,"PRKCZ",0.00127837750571802,NA,NA,NA
"run02_topology_LCN2",8450,"SLC6A4",7.25412905625555e-05,NA,NA,NA
"run02_topology_LCN2",8451,"AKR1D1",0.0010662752740489,NA,NA,NA
"run02_topology_LCN2",8452,"CALR",4.38793673526172e-05,NA,NA,NA
"run02_topology_LCN2",8453,"ACE2",6.17806475236016e-05,NA,NA,NA
"run02_topology_LCN2",8454,"ALDH1B1",0,NA,NA,NA
"run02_topology_LCN2",8455,"ACE2",6.17806475236016e-05,NA,NA,NA
"run02_topology_LCN2",8456,"VIM",5.2598025607753e-05,NA,NA,NA
"run02_topology_LCN2",8457,"HSD3B2",2.44539251612608e-05,NA,NA,NA
"run02_topology_LCN2",8458,"COL1A2",8.49027404237201e-06,NA,NA,NA
"run02_topology_LCN2",8459,"HSD3B2",2.44539251612608e-05,NA,NA,NA
"run02_topology_LCN2",8460,"ACE2",6.17806475236016e-05,NA,NA,NA
"run02_topology_LCN2",8461,"CTSD",0.000133066364187417,NA,NA,NA
"run02_topology_LCN2",8462,"GLUD1",0.00010300883354164,NA,NA,NA
"run02_topology_LCN2",8463,"VIM",5.2598025607753e-05,NA,NA,NA
"run02_topology_LCN2",8464,"PRKCZ",0.00127837750571802,NA,NA,NA
"run02_topology_LCN2",8465,"FURIN",9.05415850372959e-05,NA,NA,NA
"run02_topology_LCN2",8466,"GRIA1",1.90084712514693e-06,NA,NA,NA
"run02_topology_LCN2",8467,"CYP17A1",3.31356115126358e-05,NA,NA,NA
"run02_topology_LCN2",8468,"ACACA",7.98311027262466e-05,NA,NA,NA
"run02_topology_LCN2",8469,"GRIA1",1.90084712514693e-06,NA,NA,NA
"run02_topology_LCN2",8470,"BAX",8.97923976903581e-05,NA,NA,NA
"run02_topology_LCN2",8471,"GLUD1",0.00010300883354164,NA,NA,NA
"run02_topology_LCN2",8472,"FABP4",8.52242665472236e-05,NA,NA,NA
"run02_topology_LCN2",8473,"SCN1A",4.8526600018195e-05,NA,NA,NA
"run02_topology_LCN2",8474,"COL1A2",8.49027404237201e-06,NA,NA,NA
"run02_topology_LCN2",8475,"VIM",5.2598025607753e-05,NA,NA,NA
"run02_topology_LCN2",8476,"SCN1A",4.8526600018195e-05,NA,NA,NA
"run02_topology_LCN2",8477,"CALR",4.38793673526172e-05,NA,NA,NA
"run02_topology_LCN2",8478,"PARK7",5.03123803161643e-05,NA,NA,NA
"run02_topology_LCN2",8479,"EIF2S1",0.000110140192739028,NA,NA,NA
"run02_topology_LCN2",8480,"SLC6A4",7.25412905625555e-05,NA,NA,NA
"run02_topology_LCN2",8481,"VIM",5.2598025607753e-05,NA,NA,NA
"run02_topology_LCN2",8482,"GRIA2",6.42468498274207e-05,NA,NA,NA
"run02_topology_LCN2",8483,"GLUD1",0.00010300883354164,NA,NA,NA
"run02_topology_LCN2",8484,"HSD3B2",2.44539251612608e-05,NA,NA,NA
"run02_topology_LCN2",8485,"HSD3B2",2.44539251612608e-05,NA,NA,NA
"run02_topology_LCN2",8486,"FURIN",9.05415850372959e-05,NA,NA,NA
"run02_topology_LCN2",8487,"NPPA",7.28658572474172e-05,NA,NA,NA
"run02_topology_LCN2",8488,"GRIA2",6.42468498274207e-05,NA,NA,NA
"run02_topology_LCN2",8489,"ALDH3A1",7.8987277396747e-05,NA,NA,NA
"run02_topology_LCN2",8490,"NPPA",7.28658572474172e-05,NA,NA,NA
"run02_topology_LCN2",8491,"EIF2AK2",0.000116554297583948,NA,NA,NA
"run02_topology_LCN2",8492,"PARK7",5.03123803161643e-05,NA,NA,NA
"run02_topology_LCN2",8493,"GLUD1",0.00010300883354164,NA,NA,NA
"run02_topology_LCN2",8494,"AURKA",5.49029298524406e-05,NA,NA,NA
"run02_topology_LCN2",8495,"AGTR1",7.87895413547623e-05,NA,NA,NA
"run02_topology_LCN2",8496,"NDUFS3",7.91874029407724e-05,NA,NA,NA
"run02_topology_LCN2",8497,"ADH5",7.50101523409041e-05,NA,NA,NA
"run02_topology_LCN2",8498,"ALDH1B1",0,NA,NA,NA
"run02_topology_LCN2",8499,"CALR",4.38793673526172e-05,NA,NA,NA
"run02_topology_LCN2",8500,"SCN1A",4.8526600018195e-05,NA,NA,NA
"run02_topology_LCN2",8501,"ACSL1",4.92269468655993e-05,NA,NA,NA
"run02_topology_LCN2",8502,"CALR",4.38793673526172e-05,NA,NA,NA
"run02_topology_LCN2",8503,"BAX",8.97923976903581e-05,NA,NA,NA
"run02_topology_LCN2",8504,"AKR1D1",0.0010662752740489,NA,NA,NA
"run02_topology_LCN2",8505,"GRIA1",1.90084712514693e-06,NA,NA,NA
"run02_topology_LCN2",8506,"HSD3B2",2.44539251612608e-05,NA,NA,NA
"run02_topology_LCN2",8507,"CTSD",0.000133066364187417,NA,NA,NA
"run02_topology_LCN2",8508,"ACTG1",2.72461711825489e-06,NA,NA,NA
"run02_topology_LCN2",8509,"PPIF",5.98208087934093e-05,NA,NA,NA
"run02_topology_LCN2",8510,"CTSD",0.000133066364187417,NA,NA,NA
"run02_topology_LCN2",8511,"BTK",0.000119272845312435,NA,NA,NA
"run02_topology_LCN2",8512,"SCN1A",4.8526600018195e-05,NA,NA,NA
"run02_topology_LCN2",8513,"NDUFS3",7.91874029407724e-05,NA,NA,NA
"run02_topology_LCN2",8514,"KEAP1",8.90865911317151e-05,NA,NA,NA
"run02_topology_LCN2",8515,"VIM",5.2598025607753e-05,NA,NA,NA
"run02_topology_LCN2",8516,"SLC6A4",7.25412905625555e-05,NA,NA,NA
"run02_topology_LCN2",8517,"CPT1A",1.49157660161992e-05,NA,NA,NA
"run02_topology_LCN2",8518,"ACACA",7.98311027262466e-05,NA,NA,NA
"run02_topology_LCN2",8519,"PPIF",5.98208087934093e-05,NA,NA,NA
"run02_topology_LCN2",8520,"PARK7",5.03123803161643e-05,NA,NA,NA
"run02_topology_LCN2",8521,"ACE2",6.17806475236016e-05,NA,NA,NA
"run02_topology_LCN2",8522,"ITGA5",0.00127400659039045,NA,NA,NA
"run02_topology_LCN2",8523,"ITGA5",0.00127400659039045,NA,NA,NA
"run02_topology_LCN2",8524,"GRIA2",6.42468498274207e-05,NA,NA,NA
"run02_topology_LCN2",8525,"RYR2",4.78345186669671e-05,NA,NA,NA
"run02_topology_LCN2",8526,"BTK",0.000119272845312435,NA,NA,NA
"run02_topology_LCN2",8527,"AKR1C1",5.66614851992275e-05,NA,NA,NA
"run02_topology_LCN2",8528,"ADH5",7.50101523409041e-05,NA,NA,NA
"run02_topology_LCN2",8529,"EIF2AK2",0.000116554297583948,NA,NA,NA
"run02_topology_LCN2",8530,"RYR2",4.78345186669671e-05,NA,NA,NA
"run02_topology_LCN2",8531,"C3",4.60004945984638e-05,NA,NA,NA
"run02_topology_LCN2",8532,"C3",4.60004945984638e-05,NA,NA,NA
"run02_topology_LCN2",8533,"PPIF",5.98208087934093e-05,NA,NA,NA
"run02_topology_LCN2",8534,"NPPA",7.28658572474172e-05,NA,NA,NA
"run02_topology_LCN2",8535,"KEAP1",8.90865911317151e-05,NA,NA,NA
"run02_topology_LCN2",8536,"GOT1",5.88174838508371e-05,NA,NA,NA
"run02_topology_LCN2",8537,"KEAP1",8.90865911317151e-05,NA,NA,NA
"run02_topology_LCN2",8538,"ACE2",6.17806475236016e-05,NA,NA,NA
"run02_topology_LCN2",8539,"AGTR1",7.87895413547623e-05,NA,NA,NA
"run02_topology_LCN2",8540,"DLG1",6.50075176803488e-05,NA,NA,NA
"run02_topology_LCN2",8541,"AGTR1",7.87895413547623e-05,NA,NA,NA
"run02_topology_LCN2",8542,"AGTR1",7.87895413547623e-05,NA,NA,NA
"run02_topology_LCN2",8543,"RYR2",4.78345186669671e-05,NA,NA,NA
"run02_topology_LCN2",8544,"CALM2",0,NA,NA,NA
"run02_topology_LCN2",8545,"RYR2",4.78345186669671e-05,NA,NA,NA
"run02_topology_LCN2",8546,"ALDH3A1",7.8987277396747e-05,NA,NA,NA
"run02_topology_LCN2",8547,"ACACA",7.98311027262466e-05,NA,NA,NA
"run02_topology_LCN2",8548,"PRKCZ",0.00127837750571802,NA,NA,NA
"run02_topology_LCN2",8549,"KEAP1",8.90865911317151e-05,NA,NA,NA
"run02_topology_LCN2",8550,"RASA1",5.55702489675181e-05,NA,NA,NA
"run02_topology_LCN2",8551,"C3",4.60004945984638e-05,NA,NA,NA
"run02_topology_LCN2",8552,"KEAP1",8.90865911317151e-05,NA,NA,NA
"run02_topology_LCN2",8553,"BTK",0.000119272845312435,NA,NA,NA
"run02_topology_LCN2",8554,"GLUD1",0.00010300883354164,NA,NA,NA
"run02_topology_LCN2",8555,"ITGA5",0.00127400659039045,NA,NA,NA
"run02_topology_LCN2",8556,"CACNA1B",0,NA,NA,NA
"run02_topology_LCN2",8557,"AURKA",5.49029298524406e-05,NA,NA,NA
"run02_topology_LCN2",8558,"KEAP1",8.90865911317151e-05,NA,NA,NA
"run02_topology_LCN2",8559,"BAX",8.97923976903581e-05,NA,NA,NA
"run02_topology_LCN2",8560,"NOS2",2.38274351227474e-05,NA,NA,NA
"run02_topology_LCN2",8561,"AURKA",5.49029298524406e-05,NA,NA,NA
"run02_topology_LCN2",8562,"RYR1",8.59077355945814e-05,NA,NA,NA
"run02_topology_LCN2",8563,"CTSD",0.000133066364187417,NA,NA,NA
"run02_topology_LCN2",8564,"GLUD1",0.00010300883354164,NA,NA,NA
"run02_topology_LCN2",8565,"NDUFS3",7.91874029407724e-05,NA,NA,NA
"run02_topology_LCN2",8566,"NFATC1",5.51292228962996e-05,NA,NA,NA
"run02_topology_LCN2",8567,"BAX",8.97923976903581e-05,NA,NA,NA
"run02_topology_LCN2",8568,"ALDH1B1",0,NA,NA,NA
"run02_topology_LCN2",8569,"ACACA",7.98311027262466e-05,NA,NA,NA
"run02_topology_LCN2",8570,"NFATC1",5.51292228962996e-05,NA,NA,NA
"run02_topology_LCN2",8571,"NFATC1",5.51292228962996e-05,NA,NA,NA
"run02_topology_LCN2",8572,"AKR1D1",0.0010662752740489,NA,NA,NA
"run02_topology_LCN2",8573,"RASA1",5.55702489675181e-05,NA,NA,NA
"run02_topology_LCN2",8574,"AKR1C1",5.66614851992275e-05,NA,NA,NA
"run02_topology_LCN2",8575,"NDUFS3",7.91874029407724e-05,NA,NA,NA
"run02_topology_LCN2",8576,"CYP2D6",2.95879994604009e-05,NA,NA,NA
"run02_topology_LCN2",8577,"NDUFS3",7.91874029407724e-05,NA,NA,NA
"run02_topology_LCN2",8578,"PRKCZ",0.00127837750571802,NA,NA,NA
"run02_topology_LCN2",8579,"ALDH1B1",0,NA,NA,NA
"run02_topology_LCN2",8580,"GOT1",5.88174838508371e-05,NA,NA,NA
"run02_topology_LCN2",8581,"EIF2AK2",0.000116554297583948,NA,NA,NA
"run02_topology_LCN2",8582,"ALDH3A1",7.8987277396747e-05,NA,NA,NA
"run02_topology_LCN2",8583,"COL1A2",8.49027404237201e-06,NA,NA,NA
"run02_topology_LCN2",8584,"EIF2S1",0.000110140192739028,NA,NA,NA
"run02_topology_LCN2",8585,"C3",4.60004945984638e-05,NA,NA,NA
"run02_topology_LCN2",8586,"RASA1",5.55702489675181e-05,NA,NA,NA
"run02_topology_LCN2",8587,"CTSD",0.000133066364187417,NA,NA,NA
"run02_topology_LCN2",8588,"ALDH3A1",7.8987277396747e-05,NA,NA,NA
"run02_topology_LCN2",8589,"DLG1",6.50075176803488e-05,NA,NA,NA
"run02_topology_LCN2",8590,"KEAP1",8.90865911317151e-05,NA,NA,NA
"run02_topology_LCN2",8591,"RYR2",4.78345186669671e-05,NA,NA,NA
"run02_topology_LCN2",8592,"PPIF",5.98208087934093e-05,NA,NA,NA
"run02_topology_LCN2",8593,"ACTG1",2.72461711825489e-06,NA,NA,NA
"run02_topology_LCN2",8594,"ALDH1B1",0,NA,NA,NA
"run02_topology_LCN2",8595,"KEAP1",8.90865911317151e-05,NA,NA,NA
"run02_topology_LCN2",8596,"GOT1",5.88174838508371e-05,NA,NA,NA
"run02_topology_LCN2",8597,"CACNA1B",0,NA,NA,NA
"run02_topology_LCN2",8598,"GRIA2",6.42468498274207e-05,NA,NA,NA
"run02_topology_LCN2",8599,"COL1A2",8.49027404237201e-06,NA,NA,NA
"run02_topology_LCN2",8600,"NFATC1",5.51292228962996e-05,NA,NA,NA
"run02_topology_LCN2",8601,"ACE2",6.17806475236016e-05,NA,NA,NA
"run02_topology_LCN2",8602,"AURKB",0.000100012341094136,NA,NA,NA
"run02_topology_LCN2",8603,"PPARD",4.39109792027548e-05,NA,NA,NA
"run02_topology_LCN2",8604,"NDUFS3",7.91874029407724e-05,NA,NA,NA
"run02_topology_LCN2",8605,"RYR1",8.59077355945814e-05,NA,NA,NA
"run02_topology_LCN2",8606,"AKR1C1",5.66614851992275e-05,NA,NA,NA
"run02_topology_LCN2",8607,"ACE2",6.17806475236016e-05,NA,NA,NA
"run02_topology_LCN2",8608,"CALR",4.38793673526172e-05,NA,NA,NA
"run02_topology_LCN2",8609,"CYP2D6",2.95879994604009e-05,NA,NA,NA
"run02_topology_LCN2",8610,"NFATC1",5.51292228962996e-05,NA,NA,NA
"run02_topology_LCN2",8611,"NFATC1",5.51292228962996e-05,NA,NA,NA
"run02_topology_LCN2",8612,"AKR1C1",5.66614851992275e-05,NA,NA,NA
"run02_topology_LCN2",8613,"BTK",0.000119272845312435,NA,NA,NA
"run02_topology_LCN2",8614,"GOT1",5.88174838508371e-05,NA,NA,NA
"run02_topology_LCN2",8615,"PPARD",4.39109792027548e-05,NA,NA,NA
"run02_topology_LCN2",8616,"AKR1D1",0.0010662752740489,NA,NA,NA
"run02_topology_LCN2",8617,"CALR",4.38793673526172e-05,NA,NA,NA
"run02_topology_LCN2",8618,"FURIN",9.05415850372959e-05,NA,NA,NA
"run02_topology_LCN2",8619,"ITGA5",0.00127400659039045,NA,NA,NA
"run02_topology_LCN2",8620,"PARK7",5.03123803161643e-05,NA,NA,NA
"run02_topology_LCN2",8621,"PPIF",5.98208087934093e-05,NA,NA,NA
"run02_topology_LCN2",8622,"ACTG1",2.72461711825489e-06,NA,NA,NA
"run02_topology_LCN2",8623,"EIF2S1",0.000110140192739028,NA,NA,NA
"run02_topology_LCN2",8624,"ALDH1B1",0,NA,NA,NA
"run02_topology_LCN2",8625,"EIF2AK2",0.000116554297583948,NA,NA,NA
"run02_topology_LCN2",8626,"AKR1C1",5.66614851992275e-05,NA,NA,NA
"run02_topology_LCN2",8627,"ALDH3A1",7.8987277396747e-05,NA,NA,NA
"run02_topology_LCN2",8628,"EIF2AK2",0.000116554297583948,NA,NA,NA
"run02_topology_LCN2",8629,"GRIA2",6.42468498274207e-05,NA,NA,NA
"run02_topology_LCN2",8630,"FURIN",9.05415850372959e-05,NA,NA,NA
"run02_topology_LCN2",8631,"C3",4.60004945984638e-05,NA,NA,NA
"run02_topology_LCN2",8632,"VIM",5.2598025607753e-05,NA,NA,NA
"run02_topology_LCN2",8633,"NFATC1",5.51292228962996e-05,NA,NA,NA
"run02_topology_LCN2",8634,"EIF2AK2",0.000116554297583948,NA,NA,NA
"run02_topology_LCN2",8635,"C3",4.60004945984638e-05,NA,NA,NA
"run02_topology_LCN2",8636,"NOS2",2.38274351227474e-05,NA,NA,NA
"run02_topology_LCN2",8637,"GRIA2",6.42468498274207e-05,NA,NA,NA
"run02_topology_LCN2",8638,"AURKA",5.49029298524406e-05,NA,NA,NA
"run02_topology_LCN2",8639,"RYR1",8.59077355945814e-05,NA,NA,NA
"run02_topology_LCN2",8640,"FABP4",8.52242665472236e-05,NA,NA,NA
"run02_topology_LCN2",8641,"NOS2",2.38274351227474e-05,NA,NA,NA
"run02_topology_LCN2",8642,"CYP17A1",3.31356115126358e-05,NA,NA,NA
"run02_topology_LCN2",8643,"ACSL1",4.92269468655993e-05,NA,NA,NA
"run02_topology_LCN2",8644,"CYP17A1",3.31356115126358e-05,NA,NA,NA
"run02_topology_LCN2",8645,"NPPA",7.28658572474172e-05,NA,NA,NA
"run02_topology_LCN2",8646,"EIF2AK2",0.000116554297583948,NA,NA,NA
"run02_topology_LCN2",8647,"BTK",0.000119272845312435,NA,NA,NA
"run02_topology_LCN2",8648,"GRIA2",6.42468498274207e-05,NA,NA,NA
"run02_topology_LCN2",8649,"RYR1",8.59077355945814e-05,NA,NA,NA
"run02_topology_LCN2",8650,"CTSD",0.000133066364187417,NA,NA,NA
"run02_topology_LCN2",8651,"CYP17A1",3.31356115126358e-05,NA,NA,NA
"run02_topology_LCN2",8652,"CYP2C19",1.83094707274511e-05,NA,NA,NA
"run02_topology_LCN2",8653,"ALDH1B1",0,NA,NA,NA
"run02_topology_LCN2",8654,"ACE2",6.17806475236016e-05,NA,NA,NA
"run02_topology_LCN2",8655,"ALDH3A1",7.8987277396747e-05,NA,NA,NA
"run02_topology_LCN2",8656,"NOS2",2.38274351227474e-05,NA,NA,NA
"run02_topology_LCN2",8657,"AURKB",0.000100012341094136,NA,NA,NA
"run02_topology_LCN2",8658,"AGTR1",7.87895413547623e-05,NA,NA,NA
"run02_topology_LCN2",8659,"EIF2S1",0.000110140192739028,NA,NA,NA
"run02_topology_LCN2",8660,"CALR",4.38793673526172e-05,NA,NA,NA
"run02_topology_LCN2",8661,"FABP4",8.52242665472236e-05,NA,NA,NA
"run02_topology_LCN2",8662,"RASA1",5.55702489675181e-05,NA,NA,NA
"run02_topology_LCN2",8663,"GRIA2",6.42468498274207e-05,NA,NA,NA
"run02_topology_LCN2",8664,"AURKA",5.49029298524406e-05,NA,NA,NA
"run02_topology_LCN2",8665,"CYP17A1",3.31356115126358e-05,NA,NA,NA
"run02_topology_LCN2",8666,"GRIA2",6.42468498274207e-05,NA,NA,NA
"run02_topology_LCN2",8667,"EIF2AK2",0.000116554297583948,NA,NA,NA
"run02_topology_LCN2",8668,"PPIF",5.98208087934093e-05,NA,NA,NA
"run02_topology_LCN2",8669,"CYP17A1",3.31356115126358e-05,NA,NA,NA
"run02_topology_LCN2",8670,"ACSL1",4.92269468655993e-05,NA,NA,NA
"run02_topology_LCN2",8671,"RYR1",8.59077355945814e-05,NA,NA,NA
"run02_topology_LCN2",8672,"ACSL1",4.92269468655993e-05,NA,NA,NA
"run02_topology_LCN2",8673,"RYR2",4.78345186669671e-05,NA,NA,NA
"run02_topology_LCN2",8674,"GRIA1",1.90084712514693e-06,NA,NA,NA
"run02_topology_LCN2",8675,"GRIA2",6.42468498274207e-05,NA,NA,NA
"run02_topology_LCN2",8676,"ACE2",6.17806475236016e-05,NA,NA,NA
"run02_topology_LCN2",8677,"ITGA5",0.00127400659039045,NA,NA,NA
"run02_topology_LCN2",8678,"CYP2D6",2.95879994604009e-05,NA,NA,NA
"run02_topology_LCN2",8679,"AURKB",0.000100012341094136,NA,NA,NA
"run02_topology_LCN2",8680,"AKR1C1",5.66614851992275e-05,NA,NA,NA
"run02_topology_LCN2",8681,"GRIA2",6.42468498274207e-05,NA,NA,NA
"run02_topology_LCN2",8682,"ADH5",7.50101523409041e-05,NA,NA,NA
"run02_topology_LCN2",8683,"CYP2D6",2.95879994604009e-05,NA,NA,NA
"run02_topology_LCN2",8684,"GOT1",5.88174838508371e-05,NA,NA,NA
"run02_topology_LCN2",8685,"CALR",4.38793673526172e-05,NA,NA,NA
"run02_topology_LCN2",8686,"BAX",8.97923976903581e-05,NA,NA,NA
"run02_topology_LCN2",8687,"CACNA1B",0,NA,NA,NA
"run02_topology_LCN2",8688,"AURKB",0.000100012341094136,NA,NA,NA
"run02_topology_LCN2",8689,"DLG1",6.50075176803488e-05,NA,NA,NA
"run02_topology_LCN2",8690,"PARK7",5.03123803161643e-05,NA,NA,NA
"run02_topology_LCN2",8691,"RYR1",8.59077355945814e-05,NA,NA,NA
"run02_topology_LCN2",8692,"C3",4.60004945984638e-05,NA,NA,NA
"run02_topology_LCN2",8693,"C3",4.60004945984638e-05,NA,NA,NA
"run02_topology_LCN2",8694,"VIM",5.2598025607753e-05,NA,NA,NA
"run02_topology_LCN2",8695,"DLG1",6.50075176803488e-05,NA,NA,NA
"run02_topology_LCN2",8696,"AKR1D1",0.0010662752740489,NA,NA,NA
"run02_topology_LCN2",8697,"SCN1A",4.8526600018195e-05,NA,NA,NA
"run02_topology_LCN2",8698,"EIF2AK2",0.000116554297583948,NA,NA,NA
"run02_topology_LCN2",8699,"BAX",8.97923976903581e-05,NA,NA,NA
"run02_topology_LCN2",8700,"RYR1",8.59077355945814e-05,NA,NA,NA
"run02_topology_LCN2",8701,"ACTG1",2.72461711825489e-06,NA,NA,NA
"run02_topology_LCN2",8702,"PPIF",5.98208087934093e-05,NA,NA,NA
"run02_topology_LCN2",8703,"CPT1A",1.49157660161992e-05,NA,NA,NA
"run02_topology_LCN2",8704,"DLG1",6.50075176803488e-05,NA,NA,NA
"run02_topology_LCN2",8705,"VIM",5.2598025607753e-05,NA,NA,NA
"run02_topology_LCN2",8706,"BAX",8.97923976903581e-05,NA,NA,NA
"run02_topology_LCN2",8707,"FURIN",9.05415850372959e-05,NA,NA,NA
"run02_topology_LCN2",8708,"SCN1A",4.8526600018195e-05,NA,NA,NA
"run02_topology_LCN2",8709,"CYP2C19",1.83094707274511e-05,NA,NA,NA
"run02_topology_LCN2",8710,"CYP2D6",2.95879994604009e-05,NA,NA,NA
"run02_topology_LCN2",8711,"EIF2AK2",0.000116554297583948,NA,NA,NA
"run02_topology_LCN2",8712,"RASA1",5.55702489675181e-05,NA,NA,NA
"run02_topology_LCN2",8713,"BAX",8.97923976903581e-05,NA,NA,NA
"run02_topology_LCN2",8714,"AURKA",5.49029298524406e-05,NA,NA,NA
"run02_topology_LCN2",8715,"CYP2D6",2.95879994604009e-05,NA,NA,NA
"run02_topology_LCN2",8716,"NPPA",7.28658572474172e-05,NA,NA,NA
"run02_topology_LCN2",8717,"CPT1A",1.49157660161992e-05,NA,NA,NA
"run02_topology_LCN2",8718,"RYR1",8.59077355945814e-05,NA,NA,NA
"run02_topology_LCN2",8719,"NFATC1",5.51292228962996e-05,NA,NA,NA
"run02_topology_LCN2",8720,"AURKA",5.49029298524406e-05,NA,NA,NA
"run02_topology_LCN2",8721,"KEAP1",8.90865911317151e-05,NA,NA,NA
"run02_topology_LCN2",8722,"AGTR1",7.87895413547623e-05,NA,NA,NA
"run02_topology_LCN2",8723,"DLG1",6.50075176803488e-05,NA,NA,NA
"run02_topology_LCN2",8724,"AKR1D1",0.0010662752740489,NA,NA,NA
"run02_topology_LCN2",8725,"PARK7",5.03123803161643e-05,NA,NA,NA
"run02_topology_LCN2",8726,"DLG1",6.50075176803488e-05,NA,NA,NA
"run02_topology_LCN2",8727,"PPIF",5.98208087934093e-05,NA,NA,NA
"run02_topology_LCN2",8728,"CTSD",0.000133066364187417,NA,NA,NA
"run02_topology_LCN2",8729,"BAX",8.97923976903581e-05,NA,NA,NA
"run02_topology_LCN2",8730,"ACSL1",4.92269468655993e-05,NA,NA,NA
"run02_topology_LCN2",8731,"BAX",8.97923976903581e-05,NA,NA,NA
"run02_topology_LCN2",8732,"EIF2S1",0.000110140192739028,NA,NA,NA
"run02_topology_LCN2",8733,"EIF2S1",0.000110140192739028,NA,NA,NA
"run02_topology_LCN2",8734,"VIM",5.2598025607753e-05,NA,NA,NA
"run02_topology_LCN2",8735,"AGTR1",7.87895413547623e-05,NA,NA,NA
"run02_topology_LCN2",8736,"DLG1",6.50075176803488e-05,NA,NA,NA
"run02_topology_LCN2",8737,"DLG1",6.50075176803488e-05,NA,NA,NA
"run02_topology_LCN2",8738,"AKR1D1",0.0010662752740489,NA,NA,NA
"run02_topology_LCN2",8739,"GRIA2",6.42468498274207e-05,NA,NA,NA
"run02_topology_LCN2",8740,"NDUFS3",7.91874029407724e-05,NA,NA,NA
"run02_topology_LCN2",8741,"FABP4",8.52242665472236e-05,NA,NA,NA
"run02_topology_LCN2",8742,"FURIN",9.05415850372959e-05,NA,NA,NA
"run02_topology_LCN2",8743,"KEAP1",8.90865911317151e-05,NA,NA,NA
"run02_topology_LCN2",8744,"NFATC1",5.51292228962996e-05,NA,NA,NA
"run02_topology_LCN2",8745,"ACTG1",2.72461711825489e-06,NA,NA,NA
"run02_topology_LCN2",8746,"FABP4",8.52242665472236e-05,NA,NA,NA
"run02_topology_LCN2",8747,"NPPA",7.28658572474172e-05,NA,NA,NA
"run02_topology_LCN2",8748,"SLC6A4",7.25412905625555e-05,NA,NA,NA
"run02_topology_LCN2",8749,"AURKA",5.49029298524406e-05,NA,NA,NA
"run02_topology_LCN2",8750,"FABP4",8.52242665472236e-05,NA,NA,NA
"run02_topology_LCN2",8751,"BAX",8.97923976903581e-05,NA,NA,NA
"run02_topology_LCN2",8752,"GLUD1",0.00010300883354164,NA,NA,NA
"run02_topology_LCN2",8753,"CYP2C19",1.83094707274511e-05,NA,NA,NA
"run02_topology_LCN2",8754,"CALR",4.38793673526172e-05,NA,NA,NA
"run02_topology_LCN2",8755,"FABP4",8.52242665472236e-05,NA,NA,NA
"run02_topology_LCN2",8756,"FURIN",9.05415850372959e-05,NA,NA,NA
"run02_topology_LCN2",8757,"CYP2D6",2.95879994604009e-05,NA,NA,NA
"run02_topology_LCN2",8758,"AURKA",5.49029298524406e-05,NA,NA,NA
"run02_topology_LCN2",8759,"ALDH3A1",7.8987277396747e-05,NA,NA,NA
"run02_topology_LCN2",8760,"HSD3B2",2.44539251612608e-05,NA,NA,NA
"run02_topology_LCN2",8761,"BAX",8.97923976903581e-05,NA,NA,NA
"run02_topology_LCN2",8762,"BAX",8.97923976903581e-05,NA,NA,NA
"run02_topology_LCN2",8763,"AURKB",0.000100012341094136,NA,NA,NA
"run02_topology_LCN2",8764,"EIF2S1",0.000110140192739028,NA,NA,NA
"run02_topology_LCN2",8765,"ALDH3A1",7.8987277396747e-05,NA,NA,NA
"run02_topology_LCN2",8766,"AKR1D1",0.0010662752740489,NA,NA,NA
"run02_topology_LCN2",8767,"ADH5",7.50101523409041e-05,NA,NA,NA
"run02_topology_LCN2",8768,"NFATC1",5.51292228962996e-05,NA,NA,NA
"run02_topology_LCN2",8769,"AKR1C1",5.66614851992275e-05,NA,NA,NA
"run02_topology_LCN2",8770,"KEAP1",8.90865911317151e-05,NA,NA,NA
"run02_topology_LCN2",8771,"BTK",0.000119272845312435,NA,NA,NA
"run02_topology_LCN2",8772,"CYP2D6",2.95879994604009e-05,NA,NA,NA
"run02_topology_LCN2",8773,"FURIN",9.05415850372959e-05,NA,NA,NA
"run02_topology_LCN2",8774,"SCN1A",4.8526600018195e-05,NA,NA,NA
"run02_topology_LCN2",8775,"FABP4",8.52242665472236e-05,NA,NA,NA
"run02_topology_LCN2",8776,"CYP17A1",3.31356115126358e-05,NA,NA,NA
"run02_topology_LCN2",8777,"KEAP1",8.90865911317151e-05,NA,NA,NA
"run02_topology_LCN2",8778,"AURKB",0.000100012341094136,NA,NA,NA
"run02_topology_LCN2",8779,"PPARD",4.39109792027548e-05,NA,NA,NA
"run02_topology_LCN2",8780,"DLG1",6.50075176803488e-05,NA,NA,NA
"run02_topology_LCN2",8781,"ITGA5",0.00127400659039045,NA,NA,NA
"run02_topology_LCN2",8782,"PARK7",5.03123803161643e-05,NA,NA,NA
"run02_topology_LCN2",8783,"NDUFS3",7.91874029407724e-05,NA,NA,NA
"run02_topology_LCN2",8784,"AGTR1",7.87895413547623e-05,NA,NA,NA
"run02_topology_LCN2",8785,"CTSD",0.000133066364187417,NA,NA,NA
"run02_topology_LCN2",8786,"AGTR1",7.87895413547623e-05,NA,NA,NA
"run02_topology_LCN2",8787,"C3",4.60004945984638e-05,NA,NA,NA
"run02_topology_LCN2",8788,"RASA1",5.55702489675181e-05,NA,NA,NA
"run02_topology_LCN2",8789,"ACE2",6.17806475236016e-05,NA,NA,NA
"run02_topology_LCN2",8790,"BAX",8.97923976903581e-05,NA,NA,NA
"run02_topology_LCN2",8791,"PPIF",5.98208087934093e-05,NA,NA,NA
"run02_topology_LCN2",8792,"PARK7",5.03123803161643e-05,NA,NA,NA
"run02_topology_LCN2",8793,"ACACA",7.98311027262466e-05,NA,NA,NA
"run02_topology_LCN2",8794,"CPT1A",1.49157660161992e-05,NA,NA,NA
"run02_topology_LCN2",8795,"ACACA",7.98311027262466e-05,NA,NA,NA
"run02_topology_LCN2",8796,"HSD3B2",2.44539251612608e-05,NA,NA,NA
"run02_topology_LCN2",8797,"CYP2C19",1.83094707274511e-05,NA,NA,NA
"run02_topology_LCN2",8798,"NFATC1",5.51292228962996e-05,NA,NA,NA
"run02_topology_LCN2",8799,"CYP2D6",2.95879994604009e-05,NA,NA,NA
"run02_topology_LCN2",8800,"C3",4.60004945984638e-05,NA,NA,NA
"run02_topology_LCN2",8801,"CTSD",0.000133066364187417,NA,NA,NA
"run02_topology_LCN2",8802,"ACTG1",2.72461711825489e-06,NA,NA,NA
"run02_topology_LCN2",8803,"CALR",4.38793673526172e-05,NA,NA,NA
"run02_topology_LCN2",8804,"ADH5",7.50101523409041e-05,NA,NA,NA
"run02_topology_LCN2",8805,"ADH5",7.50101523409041e-05,NA,NA,NA
"run02_topology_LCN2",8806,"GRIA1",1.90084712514693e-06,NA,NA,NA
"run02_topology_LCN2",8807,"ALDH3A1",7.8987277396747e-05,NA,NA,NA
"run02_topology_LCN2",8808,"BTK",0.000119272845312435,NA,NA,NA
"run02_topology_LCN2",8809,"CPT1A",1.49157660161992e-05,NA,NA,NA
"run02_topology_LCN2",8810,"PRKCZ",0.00127837750571802,NA,NA,NA
"run02_topology_LCN2",8811,"PRKCZ",0.00127837750571802,NA,NA,NA
"run02_topology_LCN2",8812,"FURIN",9.05415850372959e-05,NA,NA,NA
"run02_topology_LCN2",8813,"ADH5",7.50101523409041e-05,NA,NA,NA
"run02_topology_LCN2",8814,"RYR2",4.78345186669671e-05,NA,NA,NA
"run02_topology_LCN2",8815,"CTSD",0.000133066364187417,NA,NA,NA
"run02_topology_LCN2",8816,"RASA1",5.55702489675181e-05,NA,NA,NA
"run02_topology_LCN2",8817,"GOT1",5.88174838508371e-05,NA,NA,NA
"run02_topology_LCN2",8818,"EIF2AK2",0.000116554297583948,NA,NA,NA
"run02_topology_LCN2",8819,"NFATC1",5.51292228962996e-05,NA,NA,NA
"run02_topology_LCN2",8820,"ACTG1",2.72461711825489e-06,NA,NA,NA
"run02_topology_LCN2",8821,"SCN1A",4.8526600018195e-05,NA,NA,NA
"run02_topology_LCN2",8822,"PARK7",5.03123803161643e-05,NA,NA,NA
"run02_topology_LCN2",8823,"NDUFS3",7.91874029407724e-05,NA,NA,NA
"run02_topology_LCN2",8824,"PRKCZ",0.00127837750571802,NA,NA,NA
"run02_topology_LCN2",8825,"GOT1",5.88174838508371e-05,NA,NA,NA
"run02_topology_LCN2",8826,"ITGA5",0.00127400659039045,NA,NA,NA
"run02_topology_LCN2",8827,"BAX",8.97923976903581e-05,NA,NA,NA
"run02_topology_LCN2",8828,"CTSD",0.000133066364187417,NA,NA,NA
"run02_topology_LCN2",8829,"PARK7",5.03123803161643e-05,NA,NA,NA
"run02_topology_LCN2",8830,"ACTG1",2.72461711825489e-06,NA,NA,NA
"run02_topology_LCN2",8831,"FABP4",8.52242665472236e-05,NA,NA,NA
"run02_topology_LCN2",8832,"ALDH1B1",0,NA,NA,NA
"run02_topology_LCN2",8833,"FABP4",8.52242665472236e-05,NA,NA,NA
"run02_topology_LCN2",8834,"CPT1A",1.49157660161992e-05,NA,NA,NA
"run02_topology_LCN2",8835,"AURKA",5.49029298524406e-05,NA,NA,NA
"run02_topology_LCN2",8836,"ALDH1B1",0,NA,NA,NA
"run02_topology_LCN2",8837,"AURKA",5.49029298524406e-05,NA,NA,NA
"run02_topology_LCN2",8838,"C3",4.60004945984638e-05,NA,NA,NA
"run02_topology_LCN2",8839,"SLC6A4",7.25412905625555e-05,NA,NA,NA
"run02_topology_LCN2",8840,"GRIA1",1.90084712514693e-06,NA,NA,NA
"run02_topology_LCN2",8841,"CPT1A",1.49157660161992e-05,NA,NA,NA
"run02_topology_LCN2",8842,"CPT1A",1.49157660161992e-05,NA,NA,NA
"run02_topology_LCN2",8843,"AKR1C1",5.66614851992275e-05,NA,NA,NA
"run02_topology_LCN2",8844,"BTK",0.000119272845312435,NA,NA,NA
"run02_topology_LCN2",8845,"PPARD",4.39109792027548e-05,NA,NA,NA
"run02_topology_LCN2",8846,"NOS2",2.38274351227474e-05,NA,NA,NA
"run02_topology_LCN2",8847,"CYP2C19",1.83094707274511e-05,NA,NA,NA
"run02_topology_LCN2",8848,"HSD3B2",2.44539251612608e-05,NA,NA,NA
"run02_topology_LCN2",8849,"PPARD",4.39109792027548e-05,NA,NA,NA
"run02_topology_LCN2",8850,"GRIA1",1.90084712514693e-06,NA,NA,NA
"run02_topology_LCN2",8851,"HSD3B2",2.44539251612608e-05,NA,NA,NA
"run02_topology_LCN2",8852,"SLC6A4",7.25412905625555e-05,NA,NA,NA
"run02_topology_LCN2",8853,"BTK",0.000119272845312435,NA,NA,NA
"run02_topology_LCN2",8854,"GLUD1",0.00010300883354164,NA,NA,NA
"run02_topology_LCN2",8855,"PRKCZ",0.00127837750571802,NA,NA,NA
"run02_topology_LCN2",8856,"AURKB",0.000100012341094136,NA,NA,NA
"run02_topology_LCN2",8857,"GRIA2",6.42468498274207e-05,NA,NA,NA
"run02_topology_LCN2",8858,"DLG1",6.50075176803488e-05,NA,NA,NA
"run02_topology_LCN2",8859,"EIF2S1",0.000110140192739028,NA,NA,NA
"run02_topology_LCN2",8860,"PRKCZ",0.00127837750571802,NA,NA,NA
"run02_topology_LCN2",8861,"AKR1C1",5.66614851992275e-05,NA,NA,NA
"run02_topology_LCN2",8862,"NOS2",2.38274351227474e-05,NA,NA,NA
"run02_topology_LCN2",8863,"AURKA",5.49029298524406e-05,NA,NA,NA
"run02_topology_LCN2",8864,"CALR",4.38793673526172e-05,NA,NA,NA
"run02_topology_LCN2",8865,"RASA1",5.55702489675181e-05,NA,NA,NA
"run02_topology_LCN2",8866,"ACSL1",4.92269468655993e-05,NA,NA,NA
"run02_topology_LCN2",8867,"ITGA5",0.00127400659039045,NA,NA,NA
"run02_topology_LCN2",8868,"AURKA",5.49029298524406e-05,NA,NA,NA
"run02_topology_LCN2",8869,"AURKB",0.000100012341094136,NA,NA,NA
"run02_topology_LCN2",8870,"CTSD",0.000133066364187417,NA,NA,NA
"run02_topology_LCN2",8871,"ACSL1",4.92269468655993e-05,NA,NA,NA
"run02_topology_LCN2",8872,"CTSD",0.000133066364187417,NA,NA,NA
"run02_topology_LCN2",8873,"FURIN",9.05415850372959e-05,NA,NA,NA
"run02_topology_LCN2",8874,"CACNA1B",0,NA,NA,NA
"run02_topology_LCN2",8875,"PPIF",5.98208087934093e-05,NA,NA,NA
"run02_topology_LCN2",8876,"PARK7",5.03123803161643e-05,NA,NA,NA
"run02_topology_LCN2",8877,"AURKB",0.000100012341094136,NA,NA,NA
"run02_topology_LCN2",8878,"CALR",4.38793673526172e-05,NA,NA,NA
"run02_topology_LCN2",8879,"EIF2AK2",0.000116554297583948,NA,NA,NA
"run02_topology_LCN2",8880,"AGTR1",7.87895413547623e-05,NA,NA,NA
"run02_topology_LCN2",8881,"SCN1A",4.8526600018195e-05,NA,NA,NA
"run02_topology_LCN2",8882,"NOS2",2.38274351227474e-05,NA,NA,NA
"run02_topology_LCN2",8883,"AURKB",0.000100012341094136,NA,NA,NA
"run02_topology_LCN2",8884,"EIF2AK2",0.000116554297583948,NA,NA,NA
"run02_topology_LCN2",8885,"AKR1C1",5.66614851992275e-05,NA,NA,NA
"run02_topology_LCN2",8886,"NPPA",7.28658572474172e-05,NA,NA,NA
"run02_topology_LCN2",8887,"AURKA",5.49029298524406e-05,NA,NA,NA
"run02_topology_LCN2",8888,"PARK7",5.03123803161643e-05,NA,NA,NA
"run02_topology_LCN2",8889,"HSD3B2",2.44539251612608e-05,NA,NA,NA
"run02_topology_LCN2",8890,"VIM",5.2598025607753e-05,NA,NA,NA
"run02_topology_LCN2",8891,"SLC6A4",7.25412905625555e-05,NA,NA,NA
"run02_topology_LCN2",8892,"AURKB",0.000100012341094136,NA,NA,NA
"run02_topology_LCN2",8893,"FURIN",9.05415850372959e-05,NA,NA,NA
"run02_topology_LCN2",8894,"EIF2AK2",0.000116554297583948,NA,NA,NA
"run02_topology_LCN2",8895,"C3",4.60004945984638e-05,NA,NA,NA
"run02_topology_LCN2",8896,"BAX",8.97923976903581e-05,NA,NA,NA
"run02_topology_LCN2",8897,"FURIN",9.05415850372959e-05,NA,NA,NA
"run02_topology_LCN2",8898,"AKR1D1",0.0010662752740489,NA,NA,NA
"run02_topology_LCN2",8899,"GRIA2",6.42468498274207e-05,NA,NA,NA
"run02_topology_LCN2",8900,"AURKA",5.49029298524406e-05,NA,NA,NA
"run02_topology_LCN2",8901,"ACE2",6.17806475236016e-05,NA,NA,NA
"run02_topology_LCN2",8902,"PPARD",4.39109792027548e-05,NA,NA,NA
"run02_topology_LCN2",8903,"SLC6A4",7.25412905625555e-05,NA,NA,NA
"run02_topology_LCN2",8904,"CALR",4.38793673526172e-05,NA,NA,NA
"run02_topology_LCN2",8905,"NDUFS3",7.91874029407724e-05,NA,NA,NA
"run02_topology_LCN2",8906,"C3",4.60004945984638e-05,NA,NA,NA
"run02_topology_LCN2",8907,"CACNA1B",0,NA,NA,NA
"run02_topology_LCN2",8908,"CALM2",0,NA,NA,NA
"run02_topology_LCN2",8909,"VIM",5.2598025607753e-05,NA,NA,NA
"run02_topology_LCN2",8910,"CTSD",0.000133066364187417,NA,NA,NA
"run02_topology_LCN2",8911,"PRKCZ",0.00127837750571802,NA,NA,NA
"run02_topology_LCN2",8912,"ACSL1",4.92269468655993e-05,NA,NA,NA
"run02_topology_LCN2",8913,"RYR2",4.78345186669671e-05,NA,NA,NA
"run02_topology_LCN2",8914,"CACNA1B",0,NA,NA,NA
"run02_topology_LCN2",8915,"AURKB",0.000100012341094136,NA,NA,NA
"run02_topology_LCN2",8916,"ALDH1B1",0,NA,NA,NA
"run02_topology_LCN2",8917,"DLG1",6.50075176803488e-05,NA,NA,NA
"run02_topology_LCN2",8918,"C3",4.60004945984638e-05,NA,NA,NA
"run02_topology_LCN2",8919,"RASA1",5.55702489675181e-05,NA,NA,NA
"run02_topology_LCN2",8920,"GLUD1",0.00010300883354164,NA,NA,NA
"run02_topology_LCN2",8921,"CYP2C19",1.83094707274511e-05,NA,NA,NA
"run02_topology_LCN2",8922,"CALR",4.38793673526172e-05,NA,NA,NA
"run02_topology_LCN2",8923,"GRIA2",6.42468498274207e-05,NA,NA,NA
"run02_topology_LCN2",8924,"CPT1A",1.49157660161992e-05,NA,NA,NA
"run02_topology_LCN2",8925,"NOS2",2.38274351227474e-05,NA,NA,NA
"run02_topology_LCN2",8926,"FURIN",9.05415850372959e-05,NA,NA,NA
"run02_topology_LCN2",8927,"EIF2AK2",0.000116554297583948,NA,NA,NA
"run02_topology_LCN2",8928,"ADH5",7.50101523409041e-05,NA,NA,NA
"run02_topology_LCN2",8929,"FABP4",8.52242665472236e-05,NA,NA,NA
"run02_topology_LCN2",8930,"GLUD1",0.00010300883354164,NA,NA,NA
"run02_topology_LCN2",8931,"FURIN",9.05415850372959e-05,NA,NA,NA
"run02_topology_LCN2",8932,"EIF2AK2",0.000116554297583948,NA,NA,NA
"run02_topology_LCN2",8933,"DLG1",6.50075176803488e-05,NA,NA,NA
"run02_topology_LCN2",8934,"BTK",0.000119272845312435,NA,NA,NA
"run02_topology_LCN2",8935,"CPT1A",1.49157660161992e-05,NA,NA,NA
"run02_topology_LCN2",8936,"ACSL1",4.92269468655993e-05,NA,NA,NA
"run02_topology_LCN2",8937,"SCN1A",4.8526600018195e-05,NA,NA,NA
"run02_topology_LCN2",8938,"NDUFS3",7.91874029407724e-05,NA,NA,NA
"run02_topology_LCN2",8939,"C3",4.60004945984638e-05,NA,NA,NA
"run02_topology_LCN2",8940,"CYP17A1",3.31356115126358e-05,NA,NA,NA
"run02_topology_LCN2",8941,"RYR2",4.78345186669671e-05,NA,NA,NA
"run02_topology_LCN2",8942,"NPPA",7.28658572474172e-05,NA,NA,NA
"run02_topology_LCN2",8943,"KEAP1",8.90865911317151e-05,NA,NA,NA
"run02_topology_LCN2",8944,"COL1A2",8.49027404237201e-06,NA,NA,NA
"run02_topology_LCN2",8945,"COL1A2",8.49027404237201e-06,NA,NA,NA
"run02_topology_LCN2",8946,"ITGA5",0.00127400659039045,NA,NA,NA
"run02_topology_LCN2",8947,"CPT1A",1.49157660161992e-05,NA,NA,NA
"run02_topology_LCN2",8948,"AGTR1",7.87895413547623e-05,NA,NA,NA
"run02_topology_LCN2",8949,"PRKCZ",0.00127837750571802,NA,NA,NA
"run02_topology_LCN2",8950,"RASA1",5.55702489675181e-05,NA,NA,NA
"run02_topology_LCN2",8951,"EIF2AK2",0.000116554297583948,NA,NA,NA
"run02_topology_LCN2",8952,"RYR2",4.78345186669671e-05,NA,NA,NA
"run02_topology_LCN2",8953,"PPARD",4.39109792027548e-05,NA,NA,NA
"run02_topology_LCN2",8954,"BAX",8.97923976903581e-05,NA,NA,NA
"run02_topology_LCN2",8955,"FURIN",9.05415850372959e-05,NA,NA,NA
"run02_topology_LCN2",8956,"EIF2AK2",0.000116554297583948,NA,NA,NA
"run02_topology_LCN2",8957,"RYR1",8.59077355945814e-05,NA,NA,NA
"run02_topology_LCN2",8958,"DLG1",6.50075176803488e-05,NA,NA,NA
"run02_topology_LCN2",8959,"PRKCZ",0.00127837750571802,NA,NA,NA
"run02_topology_LCN2",8960,"GRIA1",1.90084712514693e-06,NA,NA,NA
"run02_topology_LCN2",8961,"CACNA1B",0,NA,NA,NA
"run02_topology_LCN2",8962,"GRIA1",1.90084712514693e-06,NA,NA,NA
"run02_topology_LCN2",8963,"ADH5",7.50101523409041e-05,NA,NA,NA
"run02_topology_LCN2",8964,"NDUFS3",7.91874029407724e-05,NA,NA,NA
"run02_topology_LCN2",8965,"CPT1A",1.49157660161992e-05,NA,NA,NA
"run02_topology_LCN2",8966,"ACSL1",4.92269468655993e-05,NA,NA,NA
"run02_topology_LCN2",8967,"NOS2",2.38274351227474e-05,NA,NA,NA
"run02_topology_LCN2",8968,"AGTR1",7.87895413547623e-05,NA,NA,NA
"run02_topology_LCN2",8969,"ALDH3A1",7.8987277396747e-05,NA,NA,NA
"run02_topology_LCN2",8970,"CTSD",0.000133066364187417,NA,NA,NA
"run02_topology_LCN2",8971,"RYR2",4.78345186669671e-05,NA,NA,NA
"run02_topology_LCN2",8972,"PPIF",5.98208087934093e-05,NA,NA,NA
"run02_topology_LCN2",8973,"AURKB",0.000100012341094136,NA,NA,NA
"run02_topology_LCN2",8974,"AURKA",5.49029298524406e-05,NA,NA,NA
"run02_topology_LCN2",8975,"NPPA",7.28658572474172e-05,NA,NA,NA
"run02_topology_LCN2",8976,"PARK7",5.03123803161643e-05,NA,NA,NA
"run02_topology_LCN2",8977,"CALM2",0,NA,NA,NA
"run02_topology_LCN2",8978,"SLC6A4",7.25412905625555e-05,NA,NA,NA
"run02_topology_LCN2",8979,"GRIA2",6.42468498274207e-05,NA,NA,NA
"run02_topology_LCN2",8980,"NPPA",7.28658572474172e-05,NA,NA,NA
"run02_topology_LCN2",8981,"RYR1",8.59077355945814e-05,NA,NA,NA
"run02_topology_LCN2",8982,"CYP2D6",2.95879994604009e-05,NA,NA,NA
"run02_topology_LCN2",8983,"AKR1D1",0.0010662752740489,NA,NA,NA
"run02_topology_LCN2",8984,"ITGA5",0.00127400659039045,NA,NA,NA
"run02_topology_LCN2",8985,"GOT1",5.88174838508371e-05,NA,NA,NA
"run02_topology_LCN2",8986,"HSD3B2",2.44539251612608e-05,NA,NA,NA
"run02_topology_LCN2",8987,"PPARD",4.39109792027548e-05,NA,NA,NA
"run02_topology_LCN2",8988,"RYR2",4.78345186669671e-05,NA,NA,NA
"run02_topology_LCN2",8989,"ACE2",6.17806475236016e-05,NA,NA,NA
"run02_topology_LCN2",8990,"PRKCZ",0.00127837750571802,NA,NA,NA
"run02_topology_LCN2",8991,"ADH5",7.50101523409041e-05,NA,NA,NA
"run02_topology_LCN2",8992,"GLUD1",0.00010300883354164,NA,NA,NA
"run02_topology_LCN2",8993,"ACSL1",4.92269468655993e-05,NA,NA,NA
"run02_topology_LCN2",8994,"C3",4.60004945984638e-05,NA,NA,NA
"run02_topology_LCN2",8995,"FURIN",9.05415850372959e-05,NA,NA,NA
"run02_topology_LCN2",8996,"RYR2",4.78345186669671e-05,NA,NA,NA
"run02_topology_LCN2",8997,"VIM",5.2598025607753e-05,NA,NA,NA
"run02_topology_LCN2",8998,"CALM2",0,NA,NA,NA
"run02_topology_LCN2",8999,"CTSD",0.000133066364187417,NA,NA,NA
"run02_topology_LCN2",9000,"VIM",5.2598025607753e-05,NA,NA,NA
"run02_topology_LCN2",9001,"EIF2AK2",0.000116554297583948,NA,NA,NA
"run02_topology_LCN2",9002,"C3",4.60004945984638e-05,NA,NA,NA
"run02_topology_LCN2",9003,"CPT1A",1.49157660161992e-05,NA,NA,NA
"run02_topology_LCN2",9004,"ADH5",7.50101523409041e-05,NA,NA,NA
"run02_topology_LCN2",9005,"CYP2D6",2.95879994604009e-05,NA,NA,NA
"run02_topology_LCN2",9006,"GRIA1",1.90084712514693e-06,NA,NA,NA
"run02_topology_LCN2",9007,"EIF2AK2",0.000116554297583948,NA,NA,NA
"run02_topology_LCN2",9008,"AKR1C1",5.66614851992275e-05,NA,NA,NA
"run02_topology_LCN2",9009,"ADH5",7.50101523409041e-05,NA,NA,NA
"run02_topology_LCN2",9010,"VIM",5.2598025607753e-05,NA,NA,NA
"run02_topology_LCN2",9011,"PPIF",5.98208087934093e-05,NA,NA,NA
"run02_topology_LCN2",9012,"CPT1A",1.49157660161992e-05,NA,NA,NA
"run02_topology_LCN2",9013,"SLC6A4",7.25412905625555e-05,NA,NA,NA
"run02_topology_LCN2",9014,"SLC6A4",7.25412905625555e-05,NA,NA,NA
"run02_topology_LCN2",9015,"CPT1A",1.49157660161992e-05,NA,NA,NA
"run02_topology_LCN2",9016,"NOS2",2.38274351227474e-05,NA,NA,NA
"run02_topology_LCN2",9017,"PRKCZ",0.00127837750571802,NA,NA,NA
"run02_topology_LCN2",9018,"C3",4.60004945984638e-05,NA,NA,NA
"run02_topology_LCN2",9019,"EIF2S1",0.000110140192739028,NA,NA,NA
"run02_topology_LCN2",9020,"ACACA",7.98311027262466e-05,NA,NA,NA
"run02_topology_LCN2",9021,"GLUD1",0.00010300883354164,NA,NA,NA
"run02_topology_LCN2",9022,"CPT1A",1.49157660161992e-05,NA,NA,NA
"run02_topology_LCN2",9023,"ACTG1",2.72461711825489e-06,NA,NA,NA
"run02_topology_LCN2",9024,"COL1A2",8.49027404237201e-06,NA,NA,NA
"run02_topology_LCN2",9025,"KEAP1",8.90865911317151e-05,NA,NA,NA
"run02_topology_LCN2",9026,"GLUD1",0.00010300883354164,NA,NA,NA
"run02_topology_LCN2",9027,"BTK",0.000119272845312435,NA,NA,NA
"run02_topology_LCN2",9028,"GOT1",5.88174838508371e-05,NA,NA,NA
"run02_topology_LCN2",9029,"FURIN",9.05415850372959e-05,NA,NA,NA
"run02_topology_LCN2",9030,"GOT1",5.88174838508371e-05,NA,NA,NA
"run02_topology_LCN2",9031,"GLUD1",0.00010300883354164,NA,NA,NA
"run02_topology_LCN2",9032,"RYR1",8.59077355945814e-05,NA,NA,NA
"run02_topology_LCN2",9033,"C3",4.60004945984638e-05,NA,NA,NA
"run02_topology_LCN2",9034,"CACNA1B",0,NA,NA,NA
"run02_topology_LCN2",9035,"BAX",8.97923976903581e-05,NA,NA,NA
"run02_topology_LCN2",9036,"ACTG1",2.72461711825489e-06,NA,NA,NA
"run02_topology_LCN2",9037,"NOS2",2.38274351227474e-05,NA,NA,NA
"run02_topology_LCN2",9038,"AURKB",0.000100012341094136,NA,NA,NA
"run02_topology_LCN2",9039,"GRIA1",1.90084712514693e-06,NA,NA,NA
"run02_topology_LCN2",9040,"CPT1A",1.49157660161992e-05,NA,NA,NA
"run02_topology_LCN2",9041,"NFATC1",5.51292228962996e-05,NA,NA,NA
"run02_topology_LCN2",9042,"SLC6A4",7.25412905625555e-05,NA,NA,NA
"run02_topology_LCN2",9043,"CYP17A1",3.31356115126358e-05,NA,NA,NA
"run02_topology_LCN2",9044,"FURIN",9.05415850372959e-05,NA,NA,NA
"run02_topology_LCN2",9045,"ACTG1",2.72461711825489e-06,NA,NA,NA
"run02_topology_LCN2",9046,"AGTR1",7.87895413547623e-05,NA,NA,NA
"run02_topology_LCN2",9047,"EIF2AK2",0.000116554297583948,NA,NA,NA
"run02_topology_LCN2",9048,"GRIA2",6.42468498274207e-05,NA,NA,NA
"run02_topology_LCN2",9049,"CYP2D6",2.95879994604009e-05,NA,NA,NA
"run02_topology_LCN2",9050,"ACACA",7.98311027262466e-05,NA,NA,NA
"run02_topology_LCN2",9051,"HSD3B2",2.44539251612608e-05,NA,NA,NA
"run02_topology_LCN2",9052,"PRKCZ",0.00127837750571802,NA,NA,NA
"run02_topology_LCN2",9053,"PARK7",5.03123803161643e-05,NA,NA,NA
"run02_topology_LCN2",9054,"C3",4.60004945984638e-05,NA,NA,NA
"run02_topology_LCN2",9055,"ALDH3A1",7.8987277396747e-05,NA,NA,NA
"run02_topology_LCN2",9056,"CTSD",0.000133066364187417,NA,NA,NA
"run02_topology_LCN2",9057,"NFATC1",5.51292228962996e-05,NA,NA,NA
"run02_topology_LCN2",9058,"ACACA",7.98311027262466e-05,NA,NA,NA
"run02_topology_LCN2",9059,"COL1A2",8.49027404237201e-06,NA,NA,NA
"run02_topology_LCN2",9060,"DLG1",6.50075176803488e-05,NA,NA,NA
"run02_topology_LCN2",9061,"NFATC1",5.51292228962996e-05,NA,NA,NA
"run02_topology_LCN2",9062,"SLC6A4",7.25412905625555e-05,NA,NA,NA
"run02_topology_LCN2",9063,"ACACA",7.98311027262466e-05,NA,NA,NA
"run02_topology_LCN2",9064,"ACTG1",2.72461711825489e-06,NA,NA,NA
"run02_topology_LCN2",9065,"GRIA1",1.90084712514693e-06,NA,NA,NA
"run02_topology_LCN2",9066,"SLC6A4",7.25412905625555e-05,NA,NA,NA
"run02_topology_LCN2",9067,"CYP2D6",2.95879994604009e-05,NA,NA,NA
"run02_topology_LCN2",9068,"DLG1",6.50075176803488e-05,NA,NA,NA
"run02_topology_LCN2",9069,"BAX",8.97923976903581e-05,NA,NA,NA
"run02_topology_LCN2",9070,"NOS2",2.38274351227474e-05,NA,NA,NA
"run02_topology_LCN2",9071,"AGTR1",7.87895413547623e-05,NA,NA,NA
"run02_topology_LCN2",9072,"EIF2S1",0.000110140192739028,NA,NA,NA
"run02_topology_LCN2",9073,"SCN1A",4.8526600018195e-05,NA,NA,NA
"run02_topology_LCN2",9074,"GRIA1",1.90084712514693e-06,NA,NA,NA
"run02_topology_LCN2",9075,"NOS2",2.38274351227474e-05,NA,NA,NA
"run02_topology_LCN2",9076,"CALM2",0,NA,NA,NA
"run02_topology_LCN2",9077,"AKR1D1",0.0010662752740489,NA,NA,NA
"run02_topology_LCN2",9078,"AGTR1",7.87895413547623e-05,NA,NA,NA
"run02_topology_LCN2",9079,"ADH5",7.50101523409041e-05,NA,NA,NA
"run02_topology_LCN2",9080,"CYP17A1",3.31356115126358e-05,NA,NA,NA
"run02_topology_LCN2",9081,"GRIA2",6.42468498274207e-05,NA,NA,NA
"run02_topology_LCN2",9082,"ACE2",6.17806475236016e-05,NA,NA,NA
"run02_topology_LCN2",9083,"NFATC1",5.51292228962996e-05,NA,NA,NA
"run02_topology_LCN2",9084,"ACTG1",2.72461711825489e-06,NA,NA,NA
"run02_topology_LCN2",9085,"PARK7",5.03123803161643e-05,NA,NA,NA
"run02_topology_LCN2",9086,"GOT1",5.88174838508371e-05,NA,NA,NA
"run02_topology_LCN2",9087,"BAX",8.97923976903581e-05,NA,NA,NA
"run02_topology_LCN2",9088,"FABP4",8.52242665472236e-05,NA,NA,NA
"run02_topology_LCN2",9089,"AGTR1",7.87895413547623e-05,NA,NA,NA
"run02_topology_LCN2",9090,"FURIN",9.05415850372959e-05,NA,NA,NA
"run02_topology_LCN2",9091,"NDUFS3",7.91874029407724e-05,NA,NA,NA
"run02_topology_LCN2",9092,"CYP2C19",1.83094707274511e-05,NA,NA,NA
"run02_topology_LCN2",9093,"BTK",0.000119272845312435,NA,NA,NA
"run02_topology_LCN2",9094,"ALDH1B1",0,NA,NA,NA
"run02_topology_LCN2",9095,"RASA1",5.55702489675181e-05,NA,NA,NA
"run02_topology_LCN2",9096,"AURKB",0.000100012341094136,NA,NA,NA
"run02_topology_LCN2",9097,"CTSD",0.000133066364187417,NA,NA,NA
"run02_topology_LCN2",9098,"PRKCZ",0.00127837750571802,NA,NA,NA
"run02_topology_LCN2",9099,"AGTR1",7.87895413547623e-05,NA,NA,NA
"run02_topology_LCN2",9100,"CYP17A1",3.31356115126358e-05,NA,NA,NA
"run02_topology_LCN2",9101,"NDUFS3",7.91874029407724e-05,NA,NA,NA
"run02_topology_LCN2",9102,"BAX",8.97923976903581e-05,NA,NA,NA
"run02_topology_LCN2",9103,"PPIF",5.98208087934093e-05,NA,NA,NA
"run02_topology_LCN2",9104,"ACACA",7.98311027262466e-05,NA,NA,NA
"run02_topology_LCN2",9105,"CALR",4.38793673526172e-05,NA,NA,NA
"run02_topology_LCN2",9106,"AKR1C1",5.66614851992275e-05,NA,NA,NA
"run02_topology_LCN2",9107,"FABP4",8.52242665472236e-05,NA,NA,NA
"run02_topology_LCN2",9108,"GLUD1",0.00010300883354164,NA,NA,NA
"run02_topology_LCN2",9109,"RYR1",8.59077355945814e-05,NA,NA,NA
"run02_topology_LCN2",9110,"ITGA5",0.00127400659039045,NA,NA,NA
"run02_topology_LCN2",9111,"AKR1D1",0.0010662752740489,NA,NA,NA
"run02_topology_LCN2",9112,"ACE2",6.17806475236016e-05,NA,NA,NA
"run02_topology_LCN2",9113,"C3",4.60004945984638e-05,NA,NA,NA
"run02_topology_LCN2",9114,"GRIA2",6.42468498274207e-05,NA,NA,NA
"run02_topology_LCN2",9115,"ALDH3A1",7.8987277396747e-05,NA,NA,NA
"run02_topology_LCN2",9116,"CALM2",0,NA,NA,NA
"run02_topology_LCN2",9117,"RYR1",8.59077355945814e-05,NA,NA,NA
"run02_topology_LCN2",9118,"CALR",4.38793673526172e-05,NA,NA,NA
"run02_topology_LCN2",9119,"NPPA",7.28658572474172e-05,NA,NA,NA
"run02_topology_LCN2",9120,"CYP2D6",2.95879994604009e-05,NA,NA,NA
"run02_topology_LCN2",9121,"PARK7",5.03123803161643e-05,NA,NA,NA
"run02_topology_LCN2",9122,"BTK",0.000119272845312435,NA,NA,NA
"run02_topology_LCN2",9123,"VIM",5.2598025607753e-05,NA,NA,NA
"run02_topology_LCN2",9124,"CALR",4.38793673526172e-05,NA,NA,NA
"run02_topology_LCN2",9125,"NOS2",2.38274351227474e-05,NA,NA,NA
"run02_topology_LCN2",9126,"ALDH1B1",0,NA,NA,NA
"run02_topology_LCN2",9127,"BAX",8.97923976903581e-05,NA,NA,NA
"run02_topology_LCN2",9128,"CALM2",0,NA,NA,NA
"run02_topology_LCN2",9129,"CYP2D6",2.95879994604009e-05,NA,NA,NA
"run02_topology_LCN2",9130,"NOS2",2.38274351227474e-05,NA,NA,NA
"run02_topology_LCN2",9131,"GRIA1",1.90084712514693e-06,NA,NA,NA
"run02_topology_LCN2",9132,"ACTG1",2.72461711825489e-06,NA,NA,NA
"run02_topology_LCN2",9133,"CALR",4.38793673526172e-05,NA,NA,NA
"run02_topology_LCN2",9134,"COL1A2",8.49027404237201e-06,NA,NA,NA
"run02_topology_LCN2",9135,"EIF2AK2",0.000116554297583948,NA,NA,NA
"run02_topology_LCN2",9136,"ACTG1",2.72461711825489e-06,NA,NA,NA
"run02_topology_LCN2",9137,"AURKB",0.000100012341094136,NA,NA,NA
"run02_topology_LCN2",9138,"CYP2D6",2.95879994604009e-05,NA,NA,NA
"run02_topology_LCN2",9139,"AGTR1",7.87895413547623e-05,NA,NA,NA
"run02_topology_LCN2",9140,"PPIF",5.98208087934093e-05,NA,NA,NA
"run02_topology_LCN2",9141,"COL1A2",8.49027404237201e-06,NA,NA,NA
"run02_topology_LCN2",9142,"NFATC1",5.51292228962996e-05,NA,NA,NA
"run02_topology_LCN2",9143,"EIF2S1",0.000110140192739028,NA,NA,NA
"run02_topology_LCN2",9144,"CACNA1B",0,NA,NA,NA
"run02_topology_LCN2",9145,"C3",4.60004945984638e-05,NA,NA,NA
"run02_topology_LCN2",9146,"BAX",8.97923976903581e-05,NA,NA,NA
"run02_topology_LCN2",9147,"CALM2",0,NA,NA,NA
"run02_topology_LCN2",9148,"GRIA2",6.42468498274207e-05,NA,NA,NA
"run02_topology_LCN2",9149,"CYP17A1",3.31356115126358e-05,NA,NA,NA
"run02_topology_LCN2",9150,"BTK",0.000119272845312435,NA,NA,NA
"run02_topology_LCN2",9151,"PPARD",4.39109792027548e-05,NA,NA,NA
"run02_topology_LCN2",9152,"CACNA1B",0,NA,NA,NA
"run02_topology_LCN2",9153,"AURKA",5.49029298524406e-05,NA,NA,NA
"run02_topology_LCN2",9154,"ACSL1",4.92269468655993e-05,NA,NA,NA
"run02_topology_LCN2",9155,"NOS2",2.38274351227474e-05,NA,NA,NA
"run02_topology_LCN2",9156,"GLUD1",0.00010300883354164,NA,NA,NA
"run02_topology_LCN2",9157,"ITGA5",0.00127400659039045,NA,NA,NA
"run02_topology_LCN2",9158,"EIF2S1",0.000110140192739028,NA,NA,NA
"run02_topology_LCN2",9159,"BTK",0.000119272845312435,NA,NA,NA
"run02_topology_LCN2",9160,"SLC6A4",7.25412905625555e-05,NA,NA,NA
"run02_topology_LCN2",9161,"PARK7",5.03123803161643e-05,NA,NA,NA
"run02_topology_LCN2",9162,"GLUD1",0.00010300883354164,NA,NA,NA
"run02_topology_LCN2",9163,"GRIA1",1.90084712514693e-06,NA,NA,NA
"run02_topology_LCN2",9164,"SCN1A",4.8526600018195e-05,NA,NA,NA
"run02_topology_LCN2",9165,"DLG1",6.50075176803488e-05,NA,NA,NA
"run02_topology_LCN2",9166,"AGTR1",7.87895413547623e-05,NA,NA,NA
"run02_topology_LCN2",9167,"CALM2",0,NA,NA,NA
"run02_topology_LCN2",9168,"CPT1A",1.49157660161992e-05,NA,NA,NA
"run02_topology_LCN2",9169,"VIM",5.2598025607753e-05,NA,NA,NA
"run02_topology_LCN2",9170,"PRKCZ",0.00127837750571802,NA,NA,NA
"run02_topology_LCN2",9171,"ACACA",7.98311027262466e-05,NA,NA,NA
"run02_topology_LCN2",9172,"CYP2C19",1.83094707274511e-05,NA,NA,NA
"run02_topology_LCN2",9173,"RYR1",8.59077355945814e-05,NA,NA,NA
"run02_topology_LCN2",9174,"AKR1D1",0.0010662752740489,NA,NA,NA
"run02_topology_LCN2",9175,"FURIN",9.05415850372959e-05,NA,NA,NA
"run02_topology_LCN2",9176,"ACE2",6.17806475236016e-05,NA,NA,NA
"run02_topology_LCN2",9177,"GLUD1",0.00010300883354164,NA,NA,NA
"run02_topology_LCN2",9178,"VIM",5.2598025607753e-05,NA,NA,NA
"run02_topology_LCN2",9179,"AKR1C1",5.66614851992275e-05,NA,NA,NA
"run02_topology_LCN2",9180,"SCN1A",4.8526600018195e-05,NA,NA,NA
"run02_topology_LCN2",9181,"RASA1",5.55702489675181e-05,NA,NA,NA
"run02_topology_LCN2",9182,"RYR1",8.59077355945814e-05,NA,NA,NA
"run02_topology_LCN2",9183,"CYP2D6",2.95879994604009e-05,NA,NA,NA
"run02_topology_LCN2",9184,"CYP2C19",1.83094707274511e-05,NA,NA,NA
"run02_topology_LCN2",9185,"EIF2S1",0.000110140192739028,NA,NA,NA
"run02_topology_LCN2",9186,"CALM2",0,NA,NA,NA
"run02_topology_LCN2",9187,"PRKCZ",0.00127837750571802,NA,NA,NA
"run02_topology_LCN2",9188,"HSD3B2",2.44539251612608e-05,NA,NA,NA
"run02_topology_LCN2",9189,"CYP2D6",2.95879994604009e-05,NA,NA,NA
"run02_topology_LCN2",9190,"CACNA1B",0,NA,NA,NA
"run02_topology_LCN2",9191,"CALR",4.38793673526172e-05,NA,NA,NA
"run02_topology_LCN2",9192,"NDUFS3",7.91874029407724e-05,NA,NA,NA
"run02_topology_LCN2",9193,"RASA1",5.55702489675181e-05,NA,NA,NA
"run02_topology_LCN2",9194,"SCN1A",4.8526600018195e-05,NA,NA,NA
"run02_topology_LCN2",9195,"RASA1",5.55702489675181e-05,NA,NA,NA
"run02_topology_LCN2",9196,"PPIF",5.98208087934093e-05,NA,NA,NA
"run02_topology_LCN2",9197,"KEAP1",8.90865911317151e-05,NA,NA,NA
"run02_topology_LCN2",9198,"CACNA1B",0,NA,NA,NA
"run02_topology_LCN2",9199,"VIM",5.2598025607753e-05,NA,NA,NA
"run02_topology_LCN2",9200,"FURIN",9.05415850372959e-05,NA,NA,NA
"run02_topology_LCN2",9201,"NOS2",2.38274351227474e-05,NA,NA,NA
"run02_topology_LCN2",9202,"CTSD",0.000133066364187417,NA,NA,NA
"run02_topology_LCN2",9203,"BAX",8.97923976903581e-05,NA,NA,NA
"run02_topology_LCN2",9204,"NOS2",2.38274351227474e-05,NA,NA,NA
"run02_topology_LCN2",9205,"AURKA",5.49029298524406e-05,NA,NA,NA
"run02_topology_LCN2",9206,"ALDH1B1",0,NA,NA,NA
"run02_topology_LCN2",9207,"GLUD1",0.00010300883354164,NA,NA,NA
"run02_topology_LCN2",9208,"DLG1",6.50075176803488e-05,NA,NA,NA
"run02_topology_LCN2",9209,"PARK7",5.03123803161643e-05,NA,NA,NA
"run02_topology_LCN2",9210,"CPT1A",1.49157660161992e-05,NA,NA,NA
"run02_topology_LCN2",9211,"BAX",8.97923976903581e-05,NA,NA,NA
"run02_topology_LCN2",9212,"KEAP1",8.90865911317151e-05,NA,NA,NA
"run02_topology_LCN2",9213,"GOT1",5.88174838508371e-05,NA,NA,NA
"run02_topology_LCN2",9214,"ADH5",7.50101523409041e-05,NA,NA,NA
"run02_topology_LCN2",9215,"COL1A2",8.49027404237201e-06,NA,NA,NA
"run02_topology_LCN2",9216,"PARK7",5.03123803161643e-05,NA,NA,NA
"run02_topology_LCN2",9217,"GLUD1",0.00010300883354164,NA,NA,NA
"run02_topology_LCN2",9218,"COL1A2",8.49027404237201e-06,NA,NA,NA
"run02_topology_LCN2",9219,"GOT1",5.88174838508371e-05,NA,NA,NA
"run02_topology_LCN2",9220,"ACACA",7.98311027262466e-05,NA,NA,NA
"run02_topology_LCN2",9221,"NFATC1",5.51292228962996e-05,NA,NA,NA
"run02_topology_LCN2",9222,"NOS2",2.38274351227474e-05,NA,NA,NA
"run02_topology_LCN2",9223,"AKR1D1",0.0010662752740489,NA,NA,NA
"run02_topology_LCN2",9224,"GRIA2",6.42468498274207e-05,NA,NA,NA
"run02_topology_LCN2",9225,"PPARD",4.39109792027548e-05,NA,NA,NA
"run02_topology_LCN2",9226,"KEAP1",8.90865911317151e-05,NA,NA,NA
"run02_topology_LCN2",9227,"CPT1A",1.49157660161992e-05,NA,NA,NA
"run02_topology_LCN2",9228,"CYP17A1",3.31356115126358e-05,NA,NA,NA
"run02_topology_LCN2",9229,"AURKA",5.49029298524406e-05,NA,NA,NA
"run02_topology_LCN2",9230,"COL1A2",8.49027404237201e-06,NA,NA,NA
"run02_topology_LCN2",9231,"AURKA",5.49029298524406e-05,NA,NA,NA
"run02_topology_LCN2",9232,"CALM2",0,NA,NA,NA
"run02_topology_LCN2",9233,"PPIF",5.98208087934093e-05,NA,NA,NA
"run02_topology_LCN2",9234,"ADH5",7.50101523409041e-05,NA,NA,NA
"run02_topology_LCN2",9235,"FABP4",8.52242665472236e-05,NA,NA,NA
"run02_topology_LCN2",9236,"RASA1",5.55702489675181e-05,NA,NA,NA
"run02_topology_LCN2",9237,"AKR1D1",0.0010662752740489,NA,NA,NA
"run02_topology_LCN2",9238,"CALR",4.38793673526172e-05,NA,NA,NA
"run02_topology_LCN2",9239,"GOT1",5.88174838508371e-05,NA,NA,NA
"run02_topology_LCN2",9240,"CPT1A",1.49157660161992e-05,NA,NA,NA
"run02_topology_LCN2",9241,"CPT1A",1.49157660161992e-05,NA,NA,NA
"run02_topology_LCN2",9242,"NOS2",2.38274351227474e-05,NA,NA,NA
"run02_topology_LCN2",9243,"GRIA2",6.42468498274207e-05,NA,NA,NA
"run02_topology_LCN2",9244,"ACSL1",4.92269468655993e-05,NA,NA,NA
"run02_topology_LCN2",9245,"ACE2",6.17806475236016e-05,NA,NA,NA
"run02_topology_LCN2",9246,"CTSD",0.000133066364187417,NA,NA,NA
"run02_topology_LCN2",9247,"CYP17A1",3.31356115126358e-05,NA,NA,NA
"run02_topology_LCN2",9248,"GRIA1",1.90084712514693e-06,NA,NA,NA
"run02_topology_LCN2",9249,"NDUFS3",7.91874029407724e-05,NA,NA,NA
"run02_topology_LCN2",9250,"PARK7",5.03123803161643e-05,NA,NA,NA
"run02_topology_LCN2",9251,"CACNA1B",0,NA,NA,NA
"run02_topology_LCN2",9252,"ACE2",6.17806475236016e-05,NA,NA,NA
"run02_topology_LCN2",9253,"PARK7",5.03123803161643e-05,NA,NA,NA
"run02_topology_LCN2",9254,"AGTR1",7.87895413547623e-05,NA,NA,NA
"run02_topology_LCN2",9255,"RASA1",5.55702489675181e-05,NA,NA,NA
"run02_topology_LCN2",9256,"RYR2",4.78345186669671e-05,NA,NA,NA
"run02_topology_LCN2",9257,"CYP17A1",3.31356115126358e-05,NA,NA,NA
"run02_topology_LCN2",9258,"AKR1D1",0.0010662752740489,NA,NA,NA
"run02_topology_LCN2",9259,"CYP2C19",1.83094707274511e-05,NA,NA,NA
"run02_topology_LCN2",9260,"GRIA1",1.90084712514693e-06,NA,NA,NA
"run02_topology_LCN2",9261,"KEAP1",8.90865911317151e-05,NA,NA,NA
"run02_topology_LCN2",9262,"PRKCZ",0.00127837750571802,NA,NA,NA
"run02_topology_LCN2",9263,"AKR1C1",5.66614851992275e-05,NA,NA,NA
"run02_topology_LCN2",9264,"BAX",8.97923976903581e-05,NA,NA,NA
"run02_topology_LCN2",9265,"ADH5",7.50101523409041e-05,NA,NA,NA
"run02_topology_LCN2",9266,"ITGA5",0.00127400659039045,NA,NA,NA
"run02_topology_LCN2",9267,"ALDH1B1",0,NA,NA,NA
"run02_topology_LCN2",9268,"GOT1",5.88174838508371e-05,NA,NA,NA
"run02_topology_LCN2",9269,"PPARD",4.39109792027548e-05,NA,NA,NA
"run02_topology_LCN2",9270,"SLC6A4",7.25412905625555e-05,NA,NA,NA
"run02_topology_LCN2",9271,"EIF2S1",0.000110140192739028,NA,NA,NA
"run02_topology_LCN2",9272,"NPPA",7.28658572474172e-05,NA,NA,NA
"run02_topology_LCN2",9273,"FABP4",8.52242665472236e-05,NA,NA,NA
"run02_topology_LCN2",9274,"AURKB",0.000100012341094136,NA,NA,NA
"run02_topology_LCN2",9275,"CPT1A",1.49157660161992e-05,NA,NA,NA
"run02_topology_LCN2",9276,"CALM2",0,NA,NA,NA
"run02_topology_LCN2",9277,"RYR2",4.78345186669671e-05,NA,NA,NA
"run02_topology_LCN2",9278,"PARK7",5.03123803161643e-05,NA,NA,NA
"run02_topology_LCN2",9279,"RYR1",8.59077355945814e-05,NA,NA,NA
"run02_topology_LCN2",9280,"PPARD",4.39109792027548e-05,NA,NA,NA
"run02_topology_LCN2",9281,"GLUD1",0.00010300883354164,NA,NA,NA
"run02_topology_LCN2",9282,"HSD3B2",2.44539251612608e-05,NA,NA,NA
"run02_topology_LCN2",9283,"SCN1A",4.8526600018195e-05,NA,NA,NA
"run02_topology_LCN2",9284,"GOT1",5.88174838508371e-05,NA,NA,NA
"run02_topology_LCN2",9285,"ACTG1",2.72461711825489e-06,NA,NA,NA
"run02_topology_LCN2",9286,"EIF2AK2",0.000116554297583948,NA,NA,NA
"run02_topology_LCN2",9287,"SCN1A",4.8526600018195e-05,NA,NA,NA
"run02_topology_LCN2",9288,"NOS2",2.38274351227474e-05,NA,NA,NA
"run02_topology_LCN2",9289,"ACSL1",4.92269468655993e-05,NA,NA,NA
"run02_topology_LCN2",9290,"ACE2",6.17806475236016e-05,NA,NA,NA
"run02_topology_LCN2",9291,"ADH5",7.50101523409041e-05,NA,NA,NA
"run02_topology_LCN2",9292,"CTSD",0.000133066364187417,NA,NA,NA
"run02_topology_LCN2",9293,"COL1A2",8.49027404237201e-06,NA,NA,NA
"run02_topology_LCN2",9294,"VIM",5.2598025607753e-05,NA,NA,NA
"run02_topology_LCN2",9295,"FURIN",9.05415850372959e-05,NA,NA,NA
"run02_topology_LCN2",9296,"ACTG1",2.72461711825489e-06,NA,NA,NA
"run02_topology_LCN2",9297,"EIF2S1",0.000110140192739028,NA,NA,NA
"run02_topology_LCN2",9298,"CYP2D6",2.95879994604009e-05,NA,NA,NA
"run02_topology_LCN2",9299,"FABP4",8.52242665472236e-05,NA,NA,NA
"run02_topology_LCN2",9300,"FABP4",8.52242665472236e-05,NA,NA,NA
"run02_topology_LCN2",9301,"ACSL1",4.92269468655993e-05,NA,NA,NA
"run02_topology_LCN2",9302,"AKR1C1",5.66614851992275e-05,NA,NA,NA
"run02_topology_LCN2",9303,"GLUD1",0.00010300883354164,NA,NA,NA
"run02_topology_LCN2",9304,"RASA1",5.55702489675181e-05,NA,NA,NA
"run02_topology_LCN2",9305,"SLC6A4",7.25412905625555e-05,NA,NA,NA
"run02_topology_LCN2",9306,"C3",4.60004945984638e-05,NA,NA,NA
"run02_topology_LCN2",9307,"ACACA",7.98311027262466e-05,NA,NA,NA
"run02_topology_LCN2",9308,"C3",4.60004945984638e-05,NA,NA,NA
"run02_topology_LCN2",9309,"PPIF",5.98208087934093e-05,NA,NA,NA
"run02_topology_LCN2",9310,"FURIN",9.05415850372959e-05,NA,NA,NA
"run02_topology_LCN2",9311,"EIF2AK2",0.000116554297583948,NA,NA,NA
"run02_topology_LCN2",9312,"CPT1A",1.49157660161992e-05,NA,NA,NA
"run02_topology_LCN2",9313,"CPT1A",1.49157660161992e-05,NA,NA,NA
"run02_topology_LCN2",9314,"SLC6A4",7.25412905625555e-05,NA,NA,NA
"run02_topology_LCN2",9315,"PPARD",4.39109792027548e-05,NA,NA,NA
"run02_topology_LCN2",9316,"CYP2D6",2.95879994604009e-05,NA,NA,NA
"run02_topology_LCN2",9317,"HSD3B2",2.44539251612608e-05,NA,NA,NA
"run02_topology_LCN2",9318,"AKR1D1",0.0010662752740489,NA,NA,NA
"run02_topology_LCN2",9319,"ACACA",7.98311027262466e-05,NA,NA,NA
"run02_topology_LCN2",9320,"BTK",0.000119272845312435,NA,NA,NA
"run02_topology_LCN2",9321,"CYP2D6",2.95879994604009e-05,NA,NA,NA
"run02_topology_LCN2",9322,"ACTG1",2.72461711825489e-06,NA,NA,NA
"run02_topology_LCN2",9323,"CYP2D6",2.95879994604009e-05,NA,NA,NA
"run02_topology_LCN2",9324,"CPT1A",1.49157660161992e-05,NA,NA,NA
"run02_topology_LCN2",9325,"SCN1A",4.8526600018195e-05,NA,NA,NA
"run02_topology_LCN2",9326,"ALDH3A1",7.8987277396747e-05,NA,NA,NA
"run02_topology_LCN2",9327,"AGTR1",7.87895413547623e-05,NA,NA,NA
"run02_topology_LCN2",9328,"PARK7",5.03123803161643e-05,NA,NA,NA
"run02_topology_LCN2",9329,"AKR1C1",5.66614851992275e-05,NA,NA,NA
"run02_topology_LCN2",9330,"AKR1C1",5.66614851992275e-05,NA,NA,NA
"run02_topology_LCN2",9331,"CACNA1B",0,NA,NA,NA
"run02_topology_LCN2",9332,"AKR1C1",5.66614851992275e-05,NA,NA,NA
"run02_topology_LCN2",9333,"C3",4.60004945984638e-05,NA,NA,NA
"run02_topology_LCN2",9334,"CTSD",0.000133066364187417,NA,NA,NA
"run02_topology_LCN2",9335,"NOS2",2.38274351227474e-05,NA,NA,NA
"run02_topology_LCN2",9336,"NFATC1",5.51292228962996e-05,NA,NA,NA
"run02_topology_LCN2",9337,"ITGA5",0.00127400659039045,NA,NA,NA
"run02_topology_LCN2",9338,"CACNA1B",0,NA,NA,NA
"run02_topology_LCN2",9339,"C3",4.60004945984638e-05,NA,NA,NA
"run02_topology_LCN2",9340,"GOT1",5.88174838508371e-05,NA,NA,NA
"run02_topology_LCN2",9341,"BAX",8.97923976903581e-05,NA,NA,NA
"run02_topology_LCN2",9342,"CPT1A",1.49157660161992e-05,NA,NA,NA
"run02_topology_LCN2",9343,"FURIN",9.05415850372959e-05,NA,NA,NA
"run02_topology_LCN2",9344,"ACTG1",2.72461711825489e-06,NA,NA,NA
"run02_topology_LCN2",9345,"BAX",8.97923976903581e-05,NA,NA,NA
"run02_topology_LCN2",9346,"DLG1",6.50075176803488e-05,NA,NA,NA
"run02_topology_LCN2",9347,"GRIA1",1.90084712514693e-06,NA,NA,NA
"run02_topology_LCN2",9348,"CALR",4.38793673526172e-05,NA,NA,NA
"run02_topology_LCN2",9349,"GRIA2",6.42468498274207e-05,NA,NA,NA
"run02_topology_LCN2",9350,"GOT1",5.88174838508371e-05,NA,NA,NA
"run02_topology_LCN2",9351,"EIF2S1",0.000110140192739028,NA,NA,NA
"run02_topology_LCN2",9352,"SLC6A4",7.25412905625555e-05,NA,NA,NA
"run02_topology_LCN2",9353,"CYP2D6",2.95879994604009e-05,NA,NA,NA
"run02_topology_LCN2",9354,"GLUD1",0.00010300883354164,NA,NA,NA
"run02_topology_LCN2",9355,"ACSL1",4.92269468655993e-05,NA,NA,NA
"run02_topology_LCN2",9356,"SLC6A4",7.25412905625555e-05,NA,NA,NA
"run02_topology_LCN2",9357,"COL1A2",8.49027404237201e-06,NA,NA,NA
"run02_topology_LCN2",9358,"FABP4",8.52242665472236e-05,NA,NA,NA
"run02_topology_LCN2",9359,"PPIF",5.98208087934093e-05,NA,NA,NA
"run02_topology_LCN2",9360,"AURKA",5.49029298524406e-05,NA,NA,NA
"run02_topology_LCN2",9361,"RASA1",5.55702489675181e-05,NA,NA,NA
"run02_topology_LCN2",9362,"AGTR1",7.87895413547623e-05,NA,NA,NA
"run02_topology_LCN2",9363,"AGTR1",7.87895413547623e-05,NA,NA,NA
"run02_topology_LCN2",9364,"GOT1",5.88174838508371e-05,NA,NA,NA
"run02_topology_LCN2",9365,"ACE2",6.17806475236016e-05,NA,NA,NA
"run02_topology_LCN2",9366,"FABP4",8.52242665472236e-05,NA,NA,NA
"run02_topology_LCN2",9367,"AURKA",5.49029298524406e-05,NA,NA,NA
"run02_topology_LCN2",9368,"AGTR1",7.87895413547623e-05,NA,NA,NA
"run02_topology_LCN2",9369,"EIF2AK2",0.000116554297583948,NA,NA,NA
"run02_topology_LCN2",9370,"EIF2S1",0.000110140192739028,NA,NA,NA
"run02_topology_LCN2",9371,"HSD3B2",2.44539251612608e-05,NA,NA,NA
"run02_topology_LCN2",9372,"ITGA5",0.00127400659039045,NA,NA,NA
"run02_topology_LCN2",9373,"NFATC1",5.51292228962996e-05,NA,NA,NA
"run02_topology_LCN2",9374,"AGTR1",7.87895413547623e-05,NA,NA,NA
"run02_topology_LCN2",9375,"EIF2S1",0.000110140192739028,NA,NA,NA
"run02_topology_LCN2",9376,"CALM2",0,NA,NA,NA
"run02_topology_LCN2",9377,"SLC6A4",7.25412905625555e-05,NA,NA,NA
"run02_topology_LCN2",9378,"SCN1A",4.8526600018195e-05,NA,NA,NA
"run02_topology_LCN2",9379,"SCN1A",4.8526600018195e-05,NA,NA,NA
"run02_topology_LCN2",9380,"CYP17A1",3.31356115126358e-05,NA,NA,NA
"run02_topology_LCN2",9381,"VIM",5.2598025607753e-05,NA,NA,NA
"run02_topology_LCN2",9382,"NFATC1",5.51292228962996e-05,NA,NA,NA
"run02_topology_LCN2",9383,"RASA1",5.55702489675181e-05,NA,NA,NA
"run02_topology_LCN2",9384,"ACSL1",4.92269468655993e-05,NA,NA,NA
"run02_topology_LCN2",9385,"CYP17A1",3.31356115126358e-05,NA,NA,NA
"run02_topology_LCN2",9386,"AKR1D1",0.0010662752740489,NA,NA,NA
"run02_topology_LCN2",9387,"CYP17A1",3.31356115126358e-05,NA,NA,NA
"run02_topology_LCN2",9388,"ACSL1",4.92269468655993e-05,NA,NA,NA
"run02_topology_LCN2",9389,"FABP4",8.52242665472236e-05,NA,NA,NA
"run02_topology_LCN2",9390,"CALM2",0,NA,NA,NA
"run02_topology_LCN2",9391,"CACNA1B",0,NA,NA,NA
"run02_topology_LCN2",9392,"NOS2",2.38274351227474e-05,NA,NA,NA
"run02_topology_LCN2",9393,"HSD3B2",2.44539251612608e-05,NA,NA,NA
"run02_topology_LCN2",9394,"CALM2",0,NA,NA,NA
"run02_topology_LCN2",9395,"NPPA",7.28658572474172e-05,NA,NA,NA
"run02_topology_LCN2",9396,"RYR1",8.59077355945814e-05,NA,NA,NA
"run02_topology_LCN2",9397,"FABP4",8.52242665472236e-05,NA,NA,NA
"run02_topology_LCN2",9398,"PPARD",4.39109792027548e-05,NA,NA,NA
"run02_topology_LCN2",9399,"ADH5",7.50101523409041e-05,NA,NA,NA
"run02_topology_LCN2",9400,"NFATC1",5.51292228962996e-05,NA,NA,NA
"run02_topology_LCN2",9401,"COL1A2",8.49027404237201e-06,NA,NA,NA
"run02_topology_LCN2",9402,"NOS2",2.38274351227474e-05,NA,NA,NA
"run02_topology_LCN2",9403,"AKR1C1",5.66614851992275e-05,NA,NA,NA
"run02_topology_LCN2",9404,"RYR2",4.78345186669671e-05,NA,NA,NA
"run02_topology_LCN2",9405,"NDUFS3",7.91874029407724e-05,NA,NA,NA
"run02_topology_LCN2",9406,"RASA1",5.55702489675181e-05,NA,NA,NA
"run02_topology_LCN2",9407,"CPT1A",1.49157660161992e-05,NA,NA,NA
"run02_topology_LCN2",9408,"ACE2",6.17806475236016e-05,NA,NA,NA
"run02_topology_LCN2",9409,"ALDH3A1",7.8987277396747e-05,NA,NA,NA
"run02_topology_LCN2",9410,"FURIN",9.05415850372959e-05,NA,NA,NA
"run02_topology_LCN2",9411,"NPPA",7.28658572474172e-05,NA,NA,NA
"run02_topology_LCN2",9412,"ALDH1B1",0,NA,NA,NA
"run02_topology_LCN2",9413,"ACSL1",4.92269468655993e-05,NA,NA,NA
"run02_topology_LCN2",9414,"GLUD1",0.00010300883354164,NA,NA,NA
"run02_topology_LCN2",9415,"SLC6A4",7.25412905625555e-05,NA,NA,NA
"run02_topology_LCN2",9416,"CALM2",0,NA,NA,NA
"run02_topology_LCN2",9417,"BAX",8.97923976903581e-05,NA,NA,NA
"run02_topology_LCN2",9418,"CACNA1B",0,NA,NA,NA
"run02_topology_LCN2",9419,"PRKCZ",0.00127837750571802,NA,NA,NA
"run02_topology_LCN2",9420,"GOT1",5.88174838508371e-05,NA,NA,NA
"run02_topology_LCN2",9421,"VIM",5.2598025607753e-05,NA,NA,NA
"run02_topology_LCN2",9422,"PPARD",4.39109792027548e-05,NA,NA,NA
"run02_topology_LCN2",9423,"NDUFS3",7.91874029407724e-05,NA,NA,NA
"run02_topology_LCN2",9424,"CYP17A1",3.31356115126358e-05,NA,NA,NA
"run02_topology_LCN2",9425,"GOT1",5.88174838508371e-05,NA,NA,NA
"run02_topology_LCN2",9426,"NDUFS3",7.91874029407724e-05,NA,NA,NA
"run02_topology_LCN2",9427,"ITGA5",0.00127400659039045,NA,NA,NA
"run02_topology_LCN2",9428,"AGTR1",7.87895413547623e-05,NA,NA,NA
"run02_topology_LCN2",9429,"EIF2S1",0.000110140192739028,NA,NA,NA
"run02_topology_LCN2",9430,"CPT1A",1.49157660161992e-05,NA,NA,NA
"run02_topology_LCN2",9431,"ACE2",6.17806475236016e-05,NA,NA,NA
"run02_topology_LCN2",9432,"CYP17A1",3.31356115126358e-05,NA,NA,NA
"run02_topology_LCN2",9433,"CTSD",0.000133066364187417,NA,NA,NA
"run02_topology_LCN2",9434,"NDUFS3",7.91874029407724e-05,NA,NA,NA
"run02_topology_LCN2",9435,"ACTG1",2.72461711825489e-06,NA,NA,NA
"run02_topology_LCN2",9436,"AURKB",0.000100012341094136,NA,NA,NA
"run02_topology_LCN2",9437,"KEAP1",8.90865911317151e-05,NA,NA,NA
"run02_topology_LCN2",9438,"VIM",5.2598025607753e-05,NA,NA,NA
"run02_topology_LCN2",9439,"SLC6A4",7.25412905625555e-05,NA,NA,NA
"run02_topology_LCN2",9440,"CPT1A",1.49157660161992e-05,NA,NA,NA
"run02_topology_LCN2",9441,"SCN1A",4.8526600018195e-05,NA,NA,NA
"run02_topology_LCN2",9442,"CALR",4.38793673526172e-05,NA,NA,NA
"run02_topology_LCN2",9443,"AGTR1",7.87895413547623e-05,NA,NA,NA
"run02_topology_LCN2",9444,"ACSL1",4.92269468655993e-05,NA,NA,NA
"run02_topology_LCN2",9445,"CYP17A1",3.31356115126358e-05,NA,NA,NA
"run02_topology_LCN2",9446,"PARK7",5.03123803161643e-05,NA,NA,NA
"run02_topology_LCN2",9447,"DLG1",6.50075176803488e-05,NA,NA,NA
"run02_topology_LCN2",9448,"ACTG1",2.72461711825489e-06,NA,NA,NA
"run02_topology_LCN2",9449,"AKR1C1",5.66614851992275e-05,NA,NA,NA
"run02_topology_LCN2",9450,"FURIN",9.05415850372959e-05,NA,NA,NA
"run02_topology_LCN2",9451,"KEAP1",8.90865911317151e-05,NA,NA,NA
"run02_topology_LCN2",9452,"AURKB",0.000100012341094136,NA,NA,NA
"run02_topology_LCN2",9453,"CYP17A1",3.31356115126358e-05,NA,NA,NA
"run02_topology_LCN2",9454,"KEAP1",8.90865911317151e-05,NA,NA,NA
"run02_topology_LCN2",9455,"SCN1A",4.8526600018195e-05,NA,NA,NA
"run02_topology_LCN2",9456,"AKR1C1",5.66614851992275e-05,NA,NA,NA
"run02_topology_LCN2",9457,"KEAP1",8.90865911317151e-05,NA,NA,NA
"run02_topology_LCN2",9458,"ACACA",7.98311027262466e-05,NA,NA,NA
"run02_topology_LCN2",9459,"NDUFS3",7.91874029407724e-05,NA,NA,NA
"run02_topology_LCN2",9460,"ALDH3A1",7.8987277396747e-05,NA,NA,NA
"run02_topology_LCN2",9461,"RYR1",8.59077355945814e-05,NA,NA,NA
"run02_topology_LCN2",9462,"EIF2AK2",0.000116554297583948,NA,NA,NA
"run02_topology_LCN2",9463,"EIF2S1",0.000110140192739028,NA,NA,NA
"run02_topology_LCN2",9464,"RASA1",5.55702489675181e-05,NA,NA,NA
"run02_topology_LCN2",9465,"ACSL1",4.92269468655993e-05,NA,NA,NA
"run02_topology_LCN2",9466,"CYP2D6",2.95879994604009e-05,NA,NA,NA
"run02_topology_LCN2",9467,"C3",4.60004945984638e-05,NA,NA,NA
"run02_topology_LCN2",9468,"SCN1A",4.8526600018195e-05,NA,NA,NA
"run02_topology_LCN2",9469,"CALR",4.38793673526172e-05,NA,NA,NA
"run02_topology_LCN2",9470,"NPPA",7.28658572474172e-05,NA,NA,NA
"run02_topology_LCN2",9471,"RYR1",8.59077355945814e-05,NA,NA,NA
"run02_topology_LCN2",9472,"BAX",8.97923976903581e-05,NA,NA,NA
"run02_topology_LCN2",9473,"C3",4.60004945984638e-05,NA,NA,NA
"run02_topology_LCN2",9474,"ADH5",7.50101523409041e-05,NA,NA,NA
"run02_topology_LCN2",9475,"COL1A2",8.49027404237201e-06,NA,NA,NA
"run02_topology_LCN2",9476,"ADH5",7.50101523409041e-05,NA,NA,NA
"run02_topology_LCN2",9477,"CYP2C19",1.83094707274511e-05,NA,NA,NA
"run02_topology_LCN2",9478,"AURKA",5.49029298524406e-05,NA,NA,NA
"run02_topology_LCN2",9479,"FABP4",8.52242665472236e-05,NA,NA,NA
"run02_topology_LCN2",9480,"AURKB",0.000100012341094136,NA,NA,NA
"run02_topology_LCN2",9481,"BTK",0.000119272845312435,NA,NA,NA
"run02_topology_LCN2",9482,"RYR2",4.78345186669671e-05,NA,NA,NA
"run02_topology_LCN2",9483,"AURKB",0.000100012341094136,NA,NA,NA
"run02_topology_LCN2",9484,"GOT1",5.88174838508371e-05,NA,NA,NA
"run02_topology_LCN2",9485,"FABP4",8.52242665472236e-05,NA,NA,NA
"run02_topology_LCN2",9486,"VIM",5.2598025607753e-05,NA,NA,NA
"run02_topology_LCN2",9487,"PARK7",5.03123803161643e-05,NA,NA,NA
"run02_topology_LCN2",9488,"CALR",4.38793673526172e-05,NA,NA,NA
"run02_topology_LCN2",9489,"GOT1",5.88174838508371e-05,NA,NA,NA
"run02_topology_LCN2",9490,"ACACA",7.98311027262466e-05,NA,NA,NA
"run02_topology_LCN2",9491,"CYP17A1",3.31356115126358e-05,NA,NA,NA
"run02_topology_LCN2",9492,"NFATC1",5.51292228962996e-05,NA,NA,NA
"run02_topology_LCN2",9493,"ALDH3A1",7.8987277396747e-05,NA,NA,NA
"run02_topology_LCN2",9494,"AURKA",5.49029298524406e-05,NA,NA,NA
"run02_topology_LCN2",9495,"EIF2AK2",0.000116554297583948,NA,NA,NA
"run02_topology_LCN2",9496,"ACACA",7.98311027262466e-05,NA,NA,NA
"run02_topology_LCN2",9497,"NFATC1",5.51292228962996e-05,NA,NA,NA
"run02_topology_LCN2",9498,"BAX",8.97923976903581e-05,NA,NA,NA
"run02_topology_LCN2",9499,"RYR1",8.59077355945814e-05,NA,NA,NA
"run02_topology_LCN2",9500,"GRIA1",1.90084712514693e-06,NA,NA,NA
"run02_topology_LCN2",9501,"NDUFS3",7.91874029407724e-05,NA,NA,NA
"run02_topology_LCN2",9502,"COL1A2",8.49027404237201e-06,NA,NA,NA
"run02_topology_LCN2",9503,"NDUFS3",7.91874029407724e-05,NA,NA,NA
"run02_topology_LCN2",9504,"VIM",5.2598025607753e-05,NA,NA,NA
"run02_topology_LCN2",9505,"CTSD",0.000133066364187417,NA,NA,NA
"run02_topology_LCN2",9506,"ALDH1B1",0,NA,NA,NA
"run02_topology_LCN2",9507,"RYR2",4.78345186669671e-05,NA,NA,NA
"run02_topology_LCN2",9508,"CYP2D6",2.95879994604009e-05,NA,NA,NA
"run02_topology_LCN2",9509,"CACNA1B",0,NA,NA,NA
"run02_topology_LCN2",9510,"VIM",5.2598025607753e-05,NA,NA,NA
"run02_topology_LCN2",9511,"PARK7",5.03123803161643e-05,NA,NA,NA
"run02_topology_LCN2",9512,"ACE2",6.17806475236016e-05,NA,NA,NA
"run02_topology_LCN2",9513,"NFATC1",5.51292228962996e-05,NA,NA,NA
"run02_topology_LCN2",9514,"BAX",8.97923976903581e-05,NA,NA,NA
"run02_topology_LCN2",9515,"ALDH3A1",7.8987277396747e-05,NA,NA,NA
"run02_topology_LCN2",9516,"FABP4",8.52242665472236e-05,NA,NA,NA
"run02_topology_LCN2",9517,"NFATC1",5.51292228962996e-05,NA,NA,NA
"run02_topology_LCN2",9518,"VIM",5.2598025607753e-05,NA,NA,NA
"run02_topology_LCN2",9519,"VIM",5.2598025607753e-05,NA,NA,NA
"run02_topology_LCN2",9520,"CALR",4.38793673526172e-05,NA,NA,NA
"run02_topology_LCN2",9521,"EIF2AK2",0.000116554297583948,NA,NA,NA
"run02_topology_LCN2",9522,"COL1A2",8.49027404237201e-06,NA,NA,NA
"run02_topology_LCN2",9523,"AURKA",5.49029298524406e-05,NA,NA,NA
"run02_topology_LCN2",9524,"FABP4",8.52242665472236e-05,NA,NA,NA
"run02_topology_LCN2",9525,"PRKCZ",0.00127837750571802,NA,NA,NA
"run02_topology_LCN2",9526,"NPPA",7.28658572474172e-05,NA,NA,NA
"run02_topology_LCN2",9527,"PPIF",5.98208087934093e-05,NA,NA,NA
"run02_topology_LCN2",9528,"ACSL1",4.92269468655993e-05,NA,NA,NA
"run02_topology_LCN2",9529,"CYP17A1",3.31356115126358e-05,NA,NA,NA
"run02_topology_LCN2",9530,"ALDH3A1",7.8987277396747e-05,NA,NA,NA
"run02_topology_LCN2",9531,"AKR1D1",0.0010662752740489,NA,NA,NA
"run02_topology_LCN2",9532,"PPARD",4.39109792027548e-05,NA,NA,NA
"run02_topology_LCN2",9533,"FURIN",9.05415850372959e-05,NA,NA,NA
"run02_topology_LCN2",9534,"BTK",0.000119272845312435,NA,NA,NA
"run02_topology_LCN2",9535,"AURKB",0.000100012341094136,NA,NA,NA
"run02_topology_LCN2",9536,"PARK7",5.03123803161643e-05,NA,NA,NA
"run02_topology_LCN2",9537,"ACSL1",4.92269468655993e-05,NA,NA,NA
"run02_topology_LCN2",9538,"AKR1D1",0.0010662752740489,NA,NA,NA
"run02_topology_LCN2",9539,"CACNA1B",0,NA,NA,NA
"run02_topology_LCN2",9540,"EIF2S1",0.000110140192739028,NA,NA,NA
"run02_topology_LCN2",9541,"NDUFS3",7.91874029407724e-05,NA,NA,NA
"run02_topology_LCN2",9542,"AURKB",0.000100012341094136,NA,NA,NA
"run02_topology_LCN2",9543,"CYP2C19",1.83094707274511e-05,NA,NA,NA
"run02_topology_LCN2",9544,"GRIA1",1.90084712514693e-06,NA,NA,NA
"run02_topology_LCN2",9545,"PPIF",5.98208087934093e-05,NA,NA,NA
"run02_topology_LCN2",9546,"CTSD",0.000133066364187417,NA,NA,NA
"run02_topology_LCN2",9547,"GRIA1",1.90084712514693e-06,NA,NA,NA
"run02_topology_LCN2",9548,"AKR1C1",5.66614851992275e-05,NA,NA,NA
"run02_topology_LCN2",9549,"GLUD1",0.00010300883354164,NA,NA,NA
"run02_topology_LCN2",9550,"AKR1D1",0.0010662752740489,NA,NA,NA
"run02_topology_LCN2",9551,"VIM",5.2598025607753e-05,NA,NA,NA
"run02_topology_LCN2",9552,"AURKB",0.000100012341094136,NA,NA,NA
"run02_topology_LCN2",9553,"ACSL1",4.92269468655993e-05,NA,NA,NA
"run02_topology_LCN2",9554,"CYP17A1",3.31356115126358e-05,NA,NA,NA
"run02_topology_LCN2",9555,"PPARD",4.39109792027548e-05,NA,NA,NA
"run02_topology_LCN2",9556,"VIM",5.2598025607753e-05,NA,NA,NA
"run02_topology_LCN2",9557,"GRIA2",6.42468498274207e-05,NA,NA,NA
"run02_topology_LCN2",9558,"PARK7",5.03123803161643e-05,NA,NA,NA
"run02_topology_LCN2",9559,"AURKA",5.49029298524406e-05,NA,NA,NA
"run02_topology_LCN2",9560,"AKR1D1",0.0010662752740489,NA,NA,NA
"run02_topology_LCN2",9561,"ACTG1",2.72461711825489e-06,NA,NA,NA
"run02_topology_LCN2",9562,"EIF2AK2",0.000116554297583948,NA,NA,NA
"run02_topology_LCN2",9563,"AURKA",5.49029298524406e-05,NA,NA,NA
"run02_topology_LCN2",9564,"PPIF",5.98208087934093e-05,NA,NA,NA
"run02_topology_LCN2",9565,"ALDH3A1",7.8987277396747e-05,NA,NA,NA
"run02_topology_LCN2",9566,"CYP2D6",2.95879994604009e-05,NA,NA,NA
"run02_topology_LCN2",9567,"GLUD1",0.00010300883354164,NA,NA,NA
"run02_topology_LCN2",9568,"ADH5",7.50101523409041e-05,NA,NA,NA
"run02_topology_LCN2",9569,"CALM2",0,NA,NA,NA
"run02_topology_LCN2",9570,"CPT1A",1.49157660161992e-05,NA,NA,NA
"run02_topology_LCN2",9571,"FABP4",8.52242665472236e-05,NA,NA,NA
"run02_topology_LCN2",9572,"ACE2",6.17806475236016e-05,NA,NA,NA
"run02_topology_LCN2",9573,"ACACA",7.98311027262466e-05,NA,NA,NA
"run02_topology_LCN2",9574,"CYP2D6",2.95879994604009e-05,NA,NA,NA
"run02_topology_LCN2",9575,"AGTR1",7.87895413547623e-05,NA,NA,NA
"run02_topology_LCN2",9576,"ACTG1",2.72461711825489e-06,NA,NA,NA
"run02_topology_LCN2",9577,"PARK7",5.03123803161643e-05,NA,NA,NA
"run02_topology_LCN2",9578,"SLC6A4",7.25412905625555e-05,NA,NA,NA
"run02_topology_LCN2",9579,"AKR1D1",0.0010662752740489,NA,NA,NA
"run02_topology_LCN2",9580,"CYP17A1",3.31356115126358e-05,NA,NA,NA
"run02_topology_LCN2",9581,"ACTG1",2.72461711825489e-06,NA,NA,NA
"run02_topology_LCN2",9582,"VIM",5.2598025607753e-05,NA,NA,NA
"run02_topology_LCN2",9583,"ACTG1",2.72461711825489e-06,NA,NA,NA
"run02_topology_LCN2",9584,"ADH5",7.50101523409041e-05,NA,NA,NA
"run02_topology_LCN2",9585,"ALDH3A1",7.8987277396747e-05,NA,NA,NA
"run02_topology_LCN2",9586,"PRKCZ",0.00127837750571802,NA,NA,NA
"run02_topology_LCN2",9587,"CALM2",0,NA,NA,NA
"run02_topology_LCN2",9588,"NPPA",7.28658572474172e-05,NA,NA,NA
"run02_topology_LCN2",9589,"GLUD1",0.00010300883354164,NA,NA,NA
"run02_topology_LCN2",9590,"CALR",4.38793673526172e-05,NA,NA,NA
"run02_topology_LCN2",9591,"CALR",4.38793673526172e-05,NA,NA,NA
"run02_topology_LCN2",9592,"ALDH1B1",0,NA,NA,NA
"run02_topology_LCN2",9593,"ADH5",7.50101523409041e-05,NA,NA,NA
"run02_topology_LCN2",9594,"CTSD",0.000133066364187417,NA,NA,NA
"run02_topology_LCN2",9595,"RYR1",8.59077355945814e-05,NA,NA,NA
"run02_topology_LCN2",9596,"CYP2D6",2.95879994604009e-05,NA,NA,NA
"run02_topology_LCN2",9597,"RYR1",8.59077355945814e-05,NA,NA,NA
"run02_topology_LCN2",9598,"SCN1A",4.8526600018195e-05,NA,NA,NA
"run02_topology_LCN2",9599,"EIF2AK2",0.000116554297583948,NA,NA,NA
"run02_topology_LCN2",9600,"FURIN",9.05415850372959e-05,NA,NA,NA
"run02_topology_LCN2",9601,"COL1A2",8.49027404237201e-06,NA,NA,NA
"run02_topology_LCN2",9602,"COL1A2",8.49027404237201e-06,NA,NA,NA
"run02_topology_LCN2",9603,"PPARD",4.39109792027548e-05,NA,NA,NA
"run02_topology_LCN2",9604,"AURKB",0.000100012341094136,NA,NA,NA
"run02_topology_LCN2",9605,"NFATC1",5.51292228962996e-05,NA,NA,NA
"run02_topology_LCN2",9606,"NDUFS3",7.91874029407724e-05,NA,NA,NA
"run02_topology_LCN2",9607,"EIF2AK2",0.000116554297583948,NA,NA,NA
"run02_topology_LCN2",9608,"SLC6A4",7.25412905625555e-05,NA,NA,NA
"run02_topology_LCN2",9609,"ACTG1",2.72461711825489e-06,NA,NA,NA
"run02_topology_LCN2",9610,"CYP2D6",2.95879994604009e-05,NA,NA,NA
"run02_topology_LCN2",9611,"GLUD1",0.00010300883354164,NA,NA,NA
"run02_topology_LCN2",9612,"ACACA",7.98311027262466e-05,NA,NA,NA
"run02_topology_LCN2",9613,"RYR2",4.78345186669671e-05,NA,NA,NA
"run02_topology_LCN2",9614,"AKR1C1",5.66614851992275e-05,NA,NA,NA
"run02_topology_LCN2",9615,"PRKCZ",0.00127837750571802,NA,NA,NA
"run02_topology_LCN2",9616,"AURKA",5.49029298524406e-05,NA,NA,NA
"run02_topology_LCN2",9617,"NPPA",7.28658572474172e-05,NA,NA,NA
"run02_topology_LCN2",9618,"KEAP1",8.90865911317151e-05,NA,NA,NA
"run02_topology_LCN2",9619,"C3",4.60004945984638e-05,NA,NA,NA
"run02_topology_LCN2",9620,"NOS2",2.38274351227474e-05,NA,NA,NA
"run02_topology_LCN2",9621,"BAX",8.97923976903581e-05,NA,NA,NA
"run02_topology_LCN2",9622,"CALR",4.38793673526172e-05,NA,NA,NA
"run02_topology_LCN2",9623,"GRIA1",1.90084712514693e-06,NA,NA,NA
"run02_topology_LCN2",9624,"RASA1",5.55702489675181e-05,NA,NA,NA
"run02_topology_LCN2",9625,"AURKA",5.49029298524406e-05,NA,NA,NA
"run02_topology_LCN2",9626,"GRIA1",1.90084712514693e-06,NA,NA,NA
"run02_topology_LCN2",9627,"ACE2",6.17806475236016e-05,NA,NA,NA
"run02_topology_LCN2",9628,"CYP17A1",3.31356115126358e-05,NA,NA,NA
"run02_topology_LCN2",9629,"RASA1",5.55702489675181e-05,NA,NA,NA
"run02_topology_LCN2",9630,"NDUFS3",7.91874029407724e-05,NA,NA,NA
"run02_topology_LCN2",9631,"PRKCZ",0.00127837750571802,NA,NA,NA
"run02_topology_LCN2",9632,"CALR",4.38793673526172e-05,NA,NA,NA
"run02_topology_LCN2",9633,"ACE2",6.17806475236016e-05,NA,NA,NA
"run02_topology_LCN2",9634,"AKR1D1",0.0010662752740489,NA,NA,NA
"run02_topology_LCN2",9635,"RYR1",8.59077355945814e-05,NA,NA,NA
"run02_topology_LCN2",9636,"FABP4",8.52242665472236e-05,NA,NA,NA
"run02_topology_LCN2",9637,"ALDH1B1",0,NA,NA,NA
"run02_topology_LCN2",9638,"CACNA1B",0,NA,NA,NA
"run02_topology_LCN2",9639,"AKR1D1",0.0010662752740489,NA,NA,NA
"run02_topology_LCN2",9640,"PPARD",4.39109792027548e-05,NA,NA,NA
"run02_topology_LCN2",9641,"PARK7",5.03123803161643e-05,NA,NA,NA
"run02_topology_LCN2",9642,"GRIA2",6.42468498274207e-05,NA,NA,NA
"run02_topology_LCN2",9643,"KEAP1",8.90865911317151e-05,NA,NA,NA
"run02_topology_LCN2",9644,"FABP4",8.52242665472236e-05,NA,NA,NA
"run02_topology_LCN2",9645,"PARK7",5.03123803161643e-05,NA,NA,NA
"run02_topology_LCN2",9646,"EIF2AK2",0.000116554297583948,NA,NA,NA
"run02_topology_LCN2",9647,"BTK",0.000119272845312435,NA,NA,NA
"run02_topology_LCN2",9648,"GLUD1",0.00010300883354164,NA,NA,NA
"run02_topology_LCN2",9649,"CPT1A",1.49157660161992e-05,NA,NA,NA
"run02_topology_LCN2",9650,"HSD3B2",2.44539251612608e-05,NA,NA,NA
"run02_topology_LCN2",9651,"NFATC1",5.51292228962996e-05,NA,NA,NA
"run02_topology_LCN2",9652,"ADH5",7.50101523409041e-05,NA,NA,NA
"run02_topology_LCN2",9653,"PRKCZ",0.00127837750571802,NA,NA,NA
"run02_topology_LCN2",9654,"ALDH1B1",0,NA,NA,NA
"run02_topology_LCN2",9655,"PRKCZ",0.00127837750571802,NA,NA,NA
"run02_topology_LCN2",9656,"GRIA2",6.42468498274207e-05,NA,NA,NA
"run02_topology_LCN2",9657,"RASA1",5.55702489675181e-05,NA,NA,NA
"run02_topology_LCN2",9658,"NFATC1",5.51292228962996e-05,NA,NA,NA
"run02_topology_LCN2",9659,"GLUD1",0.00010300883354164,NA,NA,NA
"run02_topology_LCN2",9660,"AKR1D1",0.0010662752740489,NA,NA,NA
"run02_topology_LCN2",9661,"PPIF",5.98208087934093e-05,NA,NA,NA
"run02_topology_LCN2",9662,"NPPA",7.28658572474172e-05,NA,NA,NA
"run02_topology_LCN2",9663,"GRIA1",1.90084712514693e-06,NA,NA,NA
"run02_topology_LCN2",9664,"PPARD",4.39109792027548e-05,NA,NA,NA
"run02_topology_LCN2",9665,"RASA1",5.55702489675181e-05,NA,NA,NA
"run02_topology_LCN2",9666,"ACACA",7.98311027262466e-05,NA,NA,NA
"run02_topology_LCN2",9667,"AGTR1",7.87895413547623e-05,NA,NA,NA
"run02_topology_LCN2",9668,"GRIA2",6.42468498274207e-05,NA,NA,NA
"run02_topology_LCN2",9669,"RASA1",5.55702489675181e-05,NA,NA,NA
"run02_topology_LCN2",9670,"ACSL1",4.92269468655993e-05,NA,NA,NA
"run02_topology_LCN2",9671,"NFATC1",5.51292228962996e-05,NA,NA,NA
"run02_topology_LCN2",9672,"CACNA1B",0,NA,NA,NA
"run02_topology_LCN2",9673,"PPARD",4.39109792027548e-05,NA,NA,NA
"run02_topology_LCN2",9674,"GRIA2",6.42468498274207e-05,NA,NA,NA
"run02_topology_LCN2",9675,"GLUD1",0.00010300883354164,NA,NA,NA
"run02_topology_LCN2",9676,"CALR",4.38793673526172e-05,NA,NA,NA
"run02_topology_LCN2",9677,"VIM",5.2598025607753e-05,NA,NA,NA
"run02_topology_LCN2",9678,"GLUD1",0.00010300883354164,NA,NA,NA
"run02_topology_LCN2",9679,"AKR1D1",0.0010662752740489,NA,NA,NA
"run02_topology_LCN2",9680,"ITGA5",0.00127400659039045,NA,NA,NA
"run02_topology_LCN2",9681,"EIF2AK2",0.000116554297583948,NA,NA,NA
"run02_topology_LCN2",9682,"GRIA1",1.90084712514693e-06,NA,NA,NA
"run02_topology_LCN2",9683,"CALM2",0,NA,NA,NA
"run02_topology_LCN2",9684,"CTSD",0.000133066364187417,NA,NA,NA
"run02_topology_LCN2",9685,"CACNA1B",0,NA,NA,NA
"run02_topology_LCN2",9686,"EIF2S1",0.000110140192739028,NA,NA,NA
"run02_topology_LCN2",9687,"BAX",8.97923976903581e-05,NA,NA,NA
"run02_topology_LCN2",9688,"ACE2",6.17806475236016e-05,NA,NA,NA
"run02_topology_LCN2",9689,"ALDH3A1",7.8987277396747e-05,NA,NA,NA
"run02_topology_LCN2",9690,"BTK",0.000119272845312435,NA,NA,NA
"run02_topology_LCN2",9691,"RASA1",5.55702489675181e-05,NA,NA,NA
"run02_topology_LCN2",9692,"AURKA",5.49029298524406e-05,NA,NA,NA
"run02_topology_LCN2",9693,"CYP17A1",3.31356115126358e-05,NA,NA,NA
"run02_topology_LCN2",9694,"NDUFS3",7.91874029407724e-05,NA,NA,NA
"run02_topology_LCN2",9695,"ACE2",6.17806475236016e-05,NA,NA,NA
"run02_topology_LCN2",9696,"CYP2C19",1.83094707274511e-05,NA,NA,NA
"run02_topology_LCN2",9697,"CACNA1B",0,NA,NA,NA
"run02_topology_LCN2",9698,"CPT1A",1.49157660161992e-05,NA,NA,NA
"run02_topology_LCN2",9699,"KEAP1",8.90865911317151e-05,NA,NA,NA
"run02_topology_LCN2",9700,"NOS2",2.38274351227474e-05,NA,NA,NA
"run02_topology_LCN2",9701,"EIF2S1",0.000110140192739028,NA,NA,NA
"run02_topology_LCN2",9702,"NFATC1",5.51292228962996e-05,NA,NA,NA
"run02_topology_LCN2",9703,"FURIN",9.05415850372959e-05,NA,NA,NA
"run02_topology_LCN2",9704,"NDUFS3",7.91874029407724e-05,NA,NA,NA
"run02_topology_LCN2",9705,"NFATC1",5.51292228962996e-05,NA,NA,NA
"run02_topology_LCN2",9706,"GOT1",5.88174838508371e-05,NA,NA,NA
"run02_topology_LCN2",9707,"ALDH3A1",7.8987277396747e-05,NA,NA,NA
"run02_topology_LCN2",9708,"NFATC1",5.51292228962996e-05,NA,NA,NA
"run02_topology_LCN2",9709,"BTK",0.000119272845312435,NA,NA,NA
"run02_topology_LCN2",9710,"CACNA1B",0,NA,NA,NA
"run02_topology_LCN2",9711,"RASA1",5.55702489675181e-05,NA,NA,NA
"run02_topology_LCN2",9712,"GOT1",5.88174838508371e-05,NA,NA,NA
"run02_topology_LCN2",9713,"GLUD1",0.00010300883354164,NA,NA,NA
"run02_topology_LCN2",9714,"GRIA2",6.42468498274207e-05,NA,NA,NA
"run02_topology_LCN2",9715,"SLC6A4",7.25412905625555e-05,NA,NA,NA
"run02_topology_LCN2",9716,"COL1A2",8.49027404237201e-06,NA,NA,NA
"run02_topology_LCN2",9717,"EIF2S1",0.000110140192739028,NA,NA,NA
"run02_topology_LCN2",9718,"AKR1D1",0.0010662752740489,NA,NA,NA
"run02_topology_LCN2",9719,"ADH5",7.50101523409041e-05,NA,NA,NA
"run02_topology_LCN2",9720,"CTSD",0.000133066364187417,NA,NA,NA
"run02_topology_LCN2",9721,"CYP17A1",3.31356115126358e-05,NA,NA,NA
"run02_topology_LCN2",9722,"FURIN",9.05415850372959e-05,NA,NA,NA
"run02_topology_LCN2",9723,"NPPA",7.28658572474172e-05,NA,NA,NA
"run02_topology_LCN2",9724,"ACE2",6.17806475236016e-05,NA,NA,NA
"run02_topology_LCN2",9725,"AKR1D1",0.0010662752740489,NA,NA,NA
"run02_topology_LCN2",9726,"GLUD1",0.00010300883354164,NA,NA,NA
"run02_topology_LCN2",9727,"BTK",0.000119272845312435,NA,NA,NA
"run02_topology_LCN2",9728,"ADH5",7.50101523409041e-05,NA,NA,NA
"run02_topology_LCN2",9729,"RYR1",8.59077355945814e-05,NA,NA,NA
"run02_topology_LCN2",9730,"SCN1A",4.8526600018195e-05,NA,NA,NA
"run02_topology_LCN2",9731,"CALR",4.38793673526172e-05,NA,NA,NA
"run02_topology_LCN2",9732,"DLG1",6.50075176803488e-05,NA,NA,NA
"run02_topology_LCN2",9733,"VIM",5.2598025607753e-05,NA,NA,NA
"run02_topology_LCN2",9734,"GOT1",5.88174838508371e-05,NA,NA,NA
"run02_topology_LCN2",9735,"CACNA1B",0,NA,NA,NA
"run02_topology_LCN2",9736,"AKR1C1",5.66614851992275e-05,NA,NA,NA
"run02_topology_LCN2",9737,"CALM2",0,NA,NA,NA
"run02_topology_LCN2",9738,"CALM2",0,NA,NA,NA
"run02_topology_LCN2",9739,"ITGA5",0.00127400659039045,NA,NA,NA
"run02_topology_LCN2",9740,"COL1A2",8.49027404237201e-06,NA,NA,NA
"run02_topology_LCN2",9741,"CYP2C19",1.83094707274511e-05,NA,NA,NA
"run02_topology_LCN2",9742,"AKR1D1",0.0010662752740489,NA,NA,NA
"run02_topology_LCN2",9743,"DLG1",6.50075176803488e-05,NA,NA,NA
"run02_topology_LCN2",9744,"RYR2",4.78345186669671e-05,NA,NA,NA
"run02_topology_LCN2",9745,"CTSD",0.000133066364187417,NA,NA,NA
"run02_topology_LCN2",9746,"ACACA",7.98311027262466e-05,NA,NA,NA
"run02_topology_LCN2",9747,"RYR1",8.59077355945814e-05,NA,NA,NA
"run02_topology_LCN2",9748,"FURIN",9.05415850372959e-05,NA,NA,NA
"run02_topology_LCN2",9749,"RYR2",4.78345186669671e-05,NA,NA,NA
"run02_topology_LCN2",9750,"NFATC1",5.51292228962996e-05,NA,NA,NA
"run02_topology_LCN2",9751,"GRIA1",1.90084712514693e-06,NA,NA,NA
"run02_topology_LCN2",9752,"CPT1A",1.49157660161992e-05,NA,NA,NA
"run02_topology_LCN2",9753,"COL1A2",8.49027404237201e-06,NA,NA,NA
"run02_topology_LCN2",9754,"KEAP1",8.90865911317151e-05,NA,NA,NA
"run02_topology_LCN2",9755,"CYP17A1",3.31356115126358e-05,NA,NA,NA
"run02_topology_LCN2",9756,"ADH5",7.50101523409041e-05,NA,NA,NA
"run02_topology_LCN2",9757,"NPPA",7.28658572474172e-05,NA,NA,NA
"run02_topology_LCN2",9758,"FURIN",9.05415850372959e-05,NA,NA,NA
"run02_topology_LCN2",9759,"GLUD1",0.00010300883354164,NA,NA,NA
"run02_topology_LCN2",9760,"RYR1",8.59077355945814e-05,NA,NA,NA
"run02_topology_LCN2",9761,"CALR",4.38793673526172e-05,NA,NA,NA
"run02_topology_LCN2",9762,"ADH5",7.50101523409041e-05,NA,NA,NA
"run02_topology_LCN2",9763,"PRKCZ",0.00127837750571802,NA,NA,NA
"run02_topology_LCN2",9764,"ADH5",7.50101523409041e-05,NA,NA,NA
"run02_topology_LCN2",9765,"CYP2D6",2.95879994604009e-05,NA,NA,NA
"run02_topology_LCN2",9766,"VIM",5.2598025607753e-05,NA,NA,NA
"run02_topology_LCN2",9767,"GOT1",5.88174838508371e-05,NA,NA,NA
"run02_topology_LCN2",9768,"NPPA",7.28658572474172e-05,NA,NA,NA
"run02_topology_LCN2",9769,"AGTR1",7.87895413547623e-05,NA,NA,NA
"run02_topology_LCN2",9770,"KEAP1",8.90865911317151e-05,NA,NA,NA
"run02_topology_LCN2",9771,"CYP2C19",1.83094707274511e-05,NA,NA,NA
"run02_topology_LCN2",9772,"C3",4.60004945984638e-05,NA,NA,NA
"run02_topology_LCN2",9773,"ITGA5",0.00127400659039045,NA,NA,NA
"run02_topology_LCN2",9774,"FURIN",9.05415850372959e-05,NA,NA,NA
"run02_topology_LCN2",9775,"GRIA1",1.90084712514693e-06,NA,NA,NA
"run02_topology_LCN2",9776,"VIM",5.2598025607753e-05,NA,NA,NA
"run02_topology_LCN2",9777,"AURKB",0.000100012341094136,NA,NA,NA
"run02_topology_LCN2",9778,"ADH5",7.50101523409041e-05,NA,NA,NA
"run02_topology_LCN2",9779,"SCN1A",4.8526600018195e-05,NA,NA,NA
"run02_topology_LCN2",9780,"PPIF",5.98208087934093e-05,NA,NA,NA
"run02_topology_LCN2",9781,"GRIA2",6.42468498274207e-05,NA,NA,NA
"run02_topology_LCN2",9782,"KEAP1",8.90865911317151e-05,NA,NA,NA
"run02_topology_LCN2",9783,"ACACA",7.98311027262466e-05,NA,NA,NA
"run02_topology_LCN2",9784,"ACACA",7.98311027262466e-05,NA,NA,NA
"run02_topology_LCN2",9785,"C3",4.60004945984638e-05,NA,NA,NA
"run02_topology_LCN2",9786,"RYR1",8.59077355945814e-05,NA,NA,NA
"run02_topology_LCN2",9787,"FABP4",8.52242665472236e-05,NA,NA,NA
"run02_topology_LCN2",9788,"CYP2C19",1.83094707274511e-05,NA,NA,NA
"run02_topology_LCN2",9789,"CACNA1B",0,NA,NA,NA
"run02_topology_LCN2",9790,"COL1A2",8.49027404237201e-06,NA,NA,NA
"run02_topology_LCN2",9791,"FABP4",8.52242665472236e-05,NA,NA,NA
"run02_topology_LCN2",9792,"ACE2",6.17806475236016e-05,NA,NA,NA
"run02_topology_LCN2",9793,"ACTG1",2.72461711825489e-06,NA,NA,NA
"run02_topology_LCN2",9794,"PRKCZ",0.00127837750571802,NA,NA,NA
"run02_topology_LCN2",9795,"ITGA5",0.00127400659039045,NA,NA,NA
"run02_topology_LCN2",9796,"KEAP1",8.90865911317151e-05,NA,NA,NA
"run02_topology_LCN2",9797,"RYR1",8.59077355945814e-05,NA,NA,NA
"run02_topology_LCN2",9798,"DLG1",6.50075176803488e-05,NA,NA,NA
"run02_topology_LCN2",9799,"VIM",5.2598025607753e-05,NA,NA,NA
"run02_topology_LCN2",9800,"RYR1",8.59077355945814e-05,NA,NA,NA
"run02_topology_LCN2",9801,"ACTG1",2.72461711825489e-06,NA,NA,NA
"run02_topology_LCN2",9802,"CALM2",0,NA,NA,NA
"run02_topology_LCN2",9803,"KEAP1",8.90865911317151e-05,NA,NA,NA
"run02_topology_LCN2",9804,"CACNA1B",0,NA,NA,NA
"run02_topology_LCN2",9805,"AURKB",0.000100012341094136,NA,NA,NA
"run02_topology_LCN2",9806,"FABP4",8.52242665472236e-05,NA,NA,NA
"run02_topology_LCN2",9807,"RASA1",5.55702489675181e-05,NA,NA,NA
"run02_topology_LCN2",9808,"ALDH1B1",0,NA,NA,NA
"run02_topology_LCN2",9809,"BTK",0.000119272845312435,NA,NA,NA
"run02_topology_LCN2",9810,"ALDH3A1",7.8987277396747e-05,NA,NA,NA
"run02_topology_LCN2",9811,"EIF2AK2",0.000116554297583948,NA,NA,NA
"run02_topology_LCN2",9812,"GLUD1",0.00010300883354164,NA,NA,NA
"run02_topology_LCN2",9813,"C3",4.60004945984638e-05,NA,NA,NA
"run02_topology_LCN2",9814,"AGTR1",7.87895413547623e-05,NA,NA,NA
"run02_topology_LCN2",9815,"VIM",5.2598025607753e-05,NA,NA,NA
"run02_topology_LCN2",9816,"DLG1",6.50075176803488e-05,NA,NA,NA
"run02_topology_LCN2",9817,"CYP2C19",1.83094707274511e-05,NA,NA,NA
"run02_topology_LCN2",9818,"CPT1A",1.49157660161992e-05,NA,NA,NA
"run02_topology_LCN2",9819,"CALR",4.38793673526172e-05,NA,NA,NA
"run02_topology_LCN2",9820,"GOT1",5.88174838508371e-05,NA,NA,NA
"run02_topology_LCN2",9821,"BAX",8.97923976903581e-05,NA,NA,NA
"run02_topology_LCN2",9822,"HSD3B2",2.44539251612608e-05,NA,NA,NA
"run02_topology_LCN2",9823,"AKR1D1",0.0010662752740489,NA,NA,NA
"run02_topology_LCN2",9824,"ACTG1",2.72461711825489e-06,NA,NA,NA
"run02_topology_LCN2",9825,"SCN1A",4.8526600018195e-05,NA,NA,NA
"run02_topology_LCN2",9826,"SLC6A4",7.25412905625555e-05,NA,NA,NA
"run02_topology_LCN2",9827,"ITGA5",0.00127400659039045,NA,NA,NA
"run02_topology_LCN2",9828,"ACACA",7.98311027262466e-05,NA,NA,NA
"run02_topology_LCN2",9829,"FURIN",9.05415850372959e-05,NA,NA,NA
"run02_topology_LCN2",9830,"PRKCZ",0.00127837750571802,NA,NA,NA
"run02_topology_LCN2",9831,"CYP2D6",2.95879994604009e-05,NA,NA,NA
"run02_topology_LCN2",9832,"ACSL1",4.92269468655993e-05,NA,NA,NA
"run02_topology_LCN2",9833,"ACE2",6.17806475236016e-05,NA,NA,NA
"run02_topology_LCN2",9834,"ADH5",7.50101523409041e-05,NA,NA,NA
"run02_topology_LCN2",9835,"PPARD",4.39109792027548e-05,NA,NA,NA
"run02_topology_LCN2",9836,"AKR1D1",0.0010662752740489,NA,NA,NA
"run02_topology_LCN2",9837,"RASA1",5.55702489675181e-05,NA,NA,NA
"run02_topology_LCN2",9838,"ALDH3A1",7.8987277396747e-05,NA,NA,NA
"run02_topology_LCN2",9839,"CYP17A1",3.31356115126358e-05,NA,NA,NA
"run02_topology_LCN2",9840,"PRKCZ",0.00127837750571802,NA,NA,NA
"run02_topology_LCN2",9841,"NDUFS3",7.91874029407724e-05,NA,NA,NA
"run02_topology_LCN2",9842,"RYR1",8.59077355945814e-05,NA,NA,NA
"run02_topology_LCN2",9843,"FURIN",9.05415850372959e-05,NA,NA,NA
"run02_topology_LCN2",9844,"ALDH1B1",0,NA,NA,NA
"run02_topology_LCN2",9845,"CALM2",0,NA,NA,NA
"run02_topology_LCN2",9846,"GOT1",5.88174838508371e-05,NA,NA,NA
"run02_topology_LCN2",9847,"CALR",4.38793673526172e-05,NA,NA,NA
"run02_topology_LCN2",9848,"AURKB",0.000100012341094136,NA,NA,NA
"run02_topology_LCN2",9849,"ALDH3A1",7.8987277396747e-05,NA,NA,NA
"run02_topology_LCN2",9850,"RASA1",5.55702489675181e-05,NA,NA,NA
"run02_topology_LCN2",9851,"SLC6A4",7.25412905625555e-05,NA,NA,NA
"run02_topology_LCN2",9852,"CYP17A1",3.31356115126358e-05,NA,NA,NA
"run02_topology_LCN2",9853,"VIM",5.2598025607753e-05,NA,NA,NA
"run02_topology_LCN2",9854,"AKR1D1",0.0010662752740489,NA,NA,NA
"run02_topology_LCN2",9855,"KEAP1",8.90865911317151e-05,NA,NA,NA
"run02_topology_LCN2",9856,"GOT1",5.88174838508371e-05,NA,NA,NA
"run02_topology_LCN2",9857,"GRIA1",1.90084712514693e-06,NA,NA,NA
"run02_topology_LCN2",9858,"NDUFS3",7.91874029407724e-05,NA,NA,NA
"run02_topology_LCN2",9859,"ACTG1",2.72461711825489e-06,NA,NA,NA
"run02_topology_LCN2",9860,"ACTG1",2.72461711825489e-06,NA,NA,NA
"run02_topology_LCN2",9861,"BAX",8.97923976903581e-05,NA,NA,NA
"run02_topology_LCN2",9862,"RASA1",5.55702489675181e-05,NA,NA,NA
"run02_topology_LCN2",9863,"CPT1A",1.49157660161992e-05,NA,NA,NA
"run02_topology_LCN2",9864,"ACTG1",2.72461711825489e-06,NA,NA,NA
"run02_topology_LCN2",9865,"RYR2",4.78345186669671e-05,NA,NA,NA
"run02_topology_LCN2",9866,"VIM",5.2598025607753e-05,NA,NA,NA
"run02_topology_LCN2",9867,"CALM2",0,NA,NA,NA
"run02_topology_LCN2",9868,"GLUD1",0.00010300883354164,NA,NA,NA
"run02_topology_LCN2",9869,"GRIA1",1.90084712514693e-06,NA,NA,NA
"run02_topology_LCN2",9870,"ACE2",6.17806475236016e-05,NA,NA,NA
"run02_topology_LCN2",9871,"ALDH3A1",7.8987277396747e-05,NA,NA,NA
"run02_topology_LCN2",9872,"ADH5",7.50101523409041e-05,NA,NA,NA
"run02_topology_LCN2",9873,"COL1A2",8.49027404237201e-06,NA,NA,NA
"run02_topology_LCN2",9874,"EIF2AK2",0.000116554297583948,NA,NA,NA
"run02_topology_LCN2",9875,"PRKCZ",0.00127837750571802,NA,NA,NA
"run02_topology_LCN2",9876,"VIM",5.2598025607753e-05,NA,NA,NA
"run02_topology_LCN2",9877,"HSD3B2",2.44539251612608e-05,NA,NA,NA
"run02_topology_LCN2",9878,"AURKB",0.000100012341094136,NA,NA,NA
"run02_topology_LCN2",9879,"RASA1",5.55702489675181e-05,NA,NA,NA
"run02_topology_LCN2",9880,"FURIN",9.05415850372959e-05,NA,NA,NA
"run02_topology_LCN2",9881,"EIF2S1",0.000110140192739028,NA,NA,NA
"run02_topology_LCN2",9882,"BTK",0.000119272845312435,NA,NA,NA
"run02_topology_LCN2",9883,"ITGA5",0.00127400659039045,NA,NA,NA
"run02_topology_LCN2",9884,"AURKB",0.000100012341094136,NA,NA,NA
"run02_topology_LCN2",9885,"AURKA",5.49029298524406e-05,NA,NA,NA
"run02_topology_LCN2",9886,"ACACA",7.98311027262466e-05,NA,NA,NA
"run02_topology_LCN2",9887,"GLUD1",0.00010300883354164,NA,NA,NA
"run02_topology_LCN2",9888,"GRIA2",6.42468498274207e-05,NA,NA,NA
"run02_topology_LCN2",9889,"COL1A2",8.49027404237201e-06,NA,NA,NA
"run02_topology_LCN2",9890,"ADH5",7.50101523409041e-05,NA,NA,NA
"run02_topology_LCN2",9891,"ALDH3A1",7.8987277396747e-05,NA,NA,NA
"run02_topology_LCN2",9892,"NOS2",2.38274351227474e-05,NA,NA,NA
"run02_topology_LCN2",9893,"NPPA",7.28658572474172e-05,NA,NA,NA
"run02_topology_LCN2",9894,"CALR",4.38793673526172e-05,NA,NA,NA
"run02_topology_LCN2",9895,"C3",4.60004945984638e-05,NA,NA,NA
"run02_topology_LCN2",9896,"FURIN",9.05415850372959e-05,NA,NA,NA
"run02_topology_LCN2",9897,"AURKA",5.49029298524406e-05,NA,NA,NA
"run02_topology_LCN2",9898,"ITGA5",0.00127400659039045,NA,NA,NA
"run02_topology_LCN2",9899,"NFATC1",5.51292228962996e-05,NA,NA,NA
"run02_topology_LCN2",9900,"DLG1",6.50075176803488e-05,NA,NA,NA
"run02_topology_LCN2",9901,"BTK",0.000119272845312435,NA,NA,NA
"run02_topology_LCN2",9902,"AGTR1",7.87895413547623e-05,NA,NA,NA
"run02_topology_LCN2",9903,"EIF2S1",0.000110140192739028,NA,NA,NA
"run02_topology_LCN2",9904,"ACTG1",2.72461711825489e-06,NA,NA,NA
"run02_topology_LCN2",9905,"C3",4.60004945984638e-05,NA,NA,NA
"run02_topology_LCN2",9906,"NFATC1",5.51292228962996e-05,NA,NA,NA
"run02_topology_LCN2",9907,"ACACA",7.98311027262466e-05,NA,NA,NA
"run02_topology_LCN2",9908,"ACSL1",4.92269468655993e-05,NA,NA,NA
"run02_topology_LCN2",9909,"EIF2AK2",0.000116554297583948,NA,NA,NA
"run02_topology_LCN2",9910,"BAX",8.97923976903581e-05,NA,NA,NA
"run02_topology_LCN2",9911,"CPT1A",1.49157660161992e-05,NA,NA,NA
"run02_topology_LCN2",9912,"ACSL1",4.92269468655993e-05,NA,NA,NA
"run02_topology_LCN2",9913,"AURKB",0.000100012341094136,NA,NA,NA
"run02_topology_LCN2",9914,"COL1A2",8.49027404237201e-06,NA,NA,NA
"run02_topology_LCN2",9915,"SCN1A",4.8526600018195e-05,NA,NA,NA
"run02_topology_LCN2",9916,"RASA1",5.55702489675181e-05,NA,NA,NA
"run02_topology_LCN2",9917,"ADH5",7.50101523409041e-05,NA,NA,NA
"run02_topology_LCN2",9918,"KEAP1",8.90865911317151e-05,NA,NA,NA
"run02_topology_LCN2",9919,"PPIF",5.98208087934093e-05,NA,NA,NA
"run02_topology_LCN2",9920,"AKR1D1",0.0010662752740489,NA,NA,NA
"run02_topology_LCN2",9921,"ADH5",7.50101523409041e-05,NA,NA,NA
"run02_topology_LCN2",9922,"EIF2S1",0.000110140192739028,NA,NA,NA
"run02_topology_LCN2",9923,"FABP4",8.52242665472236e-05,NA,NA,NA
"run02_topology_LCN2",9924,"ITGA5",0.00127400659039045,NA,NA,NA
"run02_topology_LCN2",9925,"FURIN",9.05415850372959e-05,NA,NA,NA
"run02_topology_LCN2",9926,"VIM",5.2598025607753e-05,NA,NA,NA
"run02_topology_LCN2",9927,"CALR",4.38793673526172e-05,NA,NA,NA
"run02_topology_LCN2",9928,"CACNA1B",0,NA,NA,NA
"run02_topology_LCN2",9929,"GLUD1",0.00010300883354164,NA,NA,NA
"run02_topology_LCN2",9930,"ALDH3A1",7.8987277396747e-05,NA,NA,NA
"run02_topology_LCN2",9931,"KEAP1",8.90865911317151e-05,NA,NA,NA
"run02_topology_LCN2",9932,"AURKB",0.000100012341094136,NA,NA,NA
"run02_topology_LCN2",9933,"ITGA5",0.00127400659039045,NA,NA,NA
"run02_topology_LCN2",9934,"AKR1C1",5.66614851992275e-05,NA,NA,NA
"run02_topology_LCN2",9935,"PRKCZ",0.00127837750571802,NA,NA,NA
"run02_topology_LCN2",9936,"NPPA",7.28658572474172e-05,NA,NA,NA
"run02_topology_LCN2",9937,"ADH5",7.50101523409041e-05,NA,NA,NA
"run02_topology_LCN2",9938,"EIF2S1",0.000110140192739028,NA,NA,NA
"run02_topology_LCN2",9939,"COL1A2",8.49027404237201e-06,NA,NA,NA
"run02_topology_LCN2",9940,"ITGA5",0.00127400659039045,NA,NA,NA
"run02_topology_LCN2",9941,"FABP4",8.52242665472236e-05,NA,NA,NA
"run02_topology_LCN2",9942,"ACACA",7.98311027262466e-05,NA,NA,NA
"run02_topology_LCN2",9943,"ALDH1B1",0,NA,NA,NA
"run02_topology_LCN2",9944,"ACSL1",4.92269468655993e-05,NA,NA,NA
"run02_topology_LCN2",9945,"SLC6A4",7.25412905625555e-05,NA,NA,NA
"run02_topology_LCN2",9946,"AKR1D1",0.0010662752740489,NA,NA,NA
"run02_topology_LCN2",9947,"DLG1",6.50075176803488e-05,NA,NA,NA
"run02_topology_LCN2",9948,"AKR1C1",5.66614851992275e-05,NA,NA,NA
"run02_topology_LCN2",9949,"AKR1D1",0.0010662752740489,NA,NA,NA
"run02_topology_LCN2",9950,"AKR1D1",0.0010662752740489,NA,NA,NA
"run02_topology_LCN2",9951,"SLC6A4",7.25412905625555e-05,NA,NA,NA
"run02_topology_LCN2",9952,"ACSL1",4.92269468655993e-05,NA,NA,NA
"run02_topology_LCN2",9953,"PRKCZ",0.00127837750571802,NA,NA,NA
"run02_topology_LCN2",9954,"SCN1A",4.8526600018195e-05,NA,NA,NA
"run02_topology_LCN2",9955,"CPT1A",1.49157660161992e-05,NA,NA,NA
"run02_topology_LCN2",9956,"CALR",4.38793673526172e-05,NA,NA,NA
"run02_topology_LCN2",9957,"GRIA2",6.42468498274207e-05,NA,NA,NA
"run02_topology_LCN2",9958,"AGTR1",7.87895413547623e-05,NA,NA,NA
"run02_topology_LCN2",9959,"HSD3B2",2.44539251612608e-05,NA,NA,NA
"run02_topology_LCN2",9960,"CACNA1B",0,NA,NA,NA
"run02_topology_LCN2",9961,"NFATC1",5.51292228962996e-05,NA,NA,NA
"run02_topology_LCN2",9962,"HSD3B2",2.44539251612608e-05,NA,NA,NA
"run02_topology_LCN2",9963,"ADH5",7.50101523409041e-05,NA,NA,NA
"run02_topology_LCN2",9964,"CALM2",0,NA,NA,NA
"run02_topology_LCN2",9965,"FABP4",8.52242665472236e-05,NA,NA,NA
"run02_topology_LCN2",9966,"PPARD",4.39109792027548e-05,NA,NA,NA
"run02_topology_LCN2",9967,"PARK7",5.03123803161643e-05,NA,NA,NA
"run02_topology_LCN2",9968,"ACACA",7.98311027262466e-05,NA,NA,NA
"run02_topology_LCN2",9969,"FURIN",9.05415850372959e-05,NA,NA,NA
"run02_topology_LCN2",9970,"ALDH1B1",0,NA,NA,NA
"run02_topology_LCN2",9971,"COL1A2",8.49027404237201e-06,NA,NA,NA
"run02_topology_LCN2",9972,"CALM2",0,NA,NA,NA
"run02_topology_LCN2",9973,"BTK",0.000119272845312435,NA,NA,NA
"run02_topology_LCN2",9974,"CALR",4.38793673526172e-05,NA,NA,NA
"run02_topology_LCN2",9975,"GLUD1",0.00010300883354164,NA,NA,NA
"run02_topology_LCN2",9976,"AURKA",5.49029298524406e-05,NA,NA,NA
"run02_topology_LCN2",9977,"GRIA1",1.90084712514693e-06,NA,NA,NA
"run02_topology_LCN2",9978,"CPT1A",1.49157660161992e-05,NA,NA,NA
"run02_topology_LCN2",9979,"ACACA",7.98311027262466e-05,NA,NA,NA
"run02_topology_LCN2",9980,"C3",4.60004945984638e-05,NA,NA,NA
"run02_topology_LCN2",9981,"ADH5",7.50101523409041e-05,NA,NA,NA
"run02_topology_LCN2",9982,"ACACA",7.98311027262466e-05,NA,NA,NA
"run02_topology_LCN2",9983,"AGTR1",7.87895413547623e-05,NA,NA,NA
"run02_topology_LCN2",9984,"ACTG1",2.72461711825489e-06,NA,NA,NA
"run02_topology_LCN2",9985,"NOS2",2.38274351227474e-05,NA,NA,NA
"run02_topology_LCN2",9986,"ADH5",7.50101523409041e-05,NA,NA,NA
"run02_topology_LCN2",9987,"EIF2AK2",0.000116554297583948,NA,NA,NA
"run02_topology_LCN2",9988,"RYR2",4.78345186669671e-05,NA,NA,NA
"run02_topology_LCN2",9989,"ADH5",7.50101523409041e-05,NA,NA,NA
"run02_topology_LCN2",9990,"DLG1",6.50075176803488e-05,NA,NA,NA
"run02_topology_LCN2",9991,"BAX",8.97923976903581e-05,NA,NA,NA
"run02_topology_LCN2",9992,"VIM",5.2598025607753e-05,NA,NA,NA
"run02_topology_LCN2",9993,"RASA1",5.55702489675181e-05,NA,NA,NA
"run02_topology_LCN2",9994,"NDUFS3",7.91874029407724e-05,NA,NA,NA
"run02_topology_LCN2",9995,"CALR",4.38793673526172e-05,NA,NA,NA
"run02_topology_LCN2",9996,"RASA1",5.55702489675181e-05,NA,NA,NA
"run02_topology_LCN2",9997,"AURKA",5.49029298524406e-05,NA,NA,NA
"run02_topology_LCN2",9998,"CPT1A",1.49157660161992e-05,NA,NA,NA
"run02_topology_LCN2",9999,"CYP2D6",2.95879994604009e-05,NA,NA,NA
"run02_topology_LCN2",10000,"CYP2C19",1.83094707274511e-05,NA,NA,NA
